ts_code,trade_date,close,open,high,low,vol,amount,vwap
000001.SZ,20260923,11.69,11.68,11.69,11.68,222610.0,2600331.68,11.68
000002.SZ,20260923,3.8,3.81,3.82,3.8,11594200.32,44173521.92,3.81
000006.SZ,20260923,7.22,7.22,7.24,7.22,132600.0,957888.96,7.22
000007.SZ,20260923,11.68,11.7,11.7,11.68,5200.0,60831.0,11.7
000008.SZ,20260923,2.41,2.42,2.42,2.41,227100.0,549581.0,2.42
000009.SZ,20260923,7.01,7.01,7.01,7.01,120100.0,841900.96,7.01
000010.SZ,20260923,1.55,1.56,1.56,1.55,25600.0,39933.0,1.56
000011.SZ,20260923,9.52,9.59,9.6,9.52,23900.0,229082.0,9.59
000012.SZ,20260923,3.75,3.75,3.75,3.74,53500.0,200595.0,3.75
000014.SZ,20260923,10.93,10.95,10.95,10.93,10500.0,114963.0,10.95
000016.SZ,20260923,2.46,2.46,2.46,2.46,0.0,0.0,2.46
000017.SZ,20260923,7.99,8.0,8.0,7.96,980400.0,7841168.0,8.0
000019.SZ,20260923,7.06,7.09,7.1,7.01,240300.0,1701921.92,7.08
000020.SZ,20260923,14.2,14.27,14.3,14.17,354900.0,5062186.88,14.26
000021.SZ,20260923,37.19,37.2,37.2,37.14,412700.0,15350085.12,37.19
000025.SZ,20260923,15.06,15.07,15.07,15.06,28100.0,423444.0,15.07
000026.SZ,20260923,20.0,20.0,20.0,19.9,23900.0,477979.0,20.0
000027.SZ,20260923,6.28,6.29,6.29,6.28,106700.0,670838.0,6.29
000028.SZ,20260923,19.88,19.9,19.9,19.88,5900.0,117400.0,19.9
000029.SZ,20260923,22.05,22.04,22.18,22.04,87800.0,1935348.96,22.04
000030.SZ,20260923,3.96,3.95,3.96,3.95,16600.0,65574.0,3.95
000031.SZ,20260923,2.36,2.37,2.37,2.36,206100.0,488424.0,2.37
000032.SZ,20260923,14.45,14.45,14.48,14.45,34900.0,504316.0,14.45
000034.SZ,20260923,23.56,23.51,23.58,23.51,123800.0,2911434.88,23.52
000035.SZ,20260923,4.95,4.96,4.96,4.94,37100.0,183917.0,4.96
000036.SZ,20260923,4.02,4.03,4.03,4.02,131400.0,529330.0,4.03
000037.SZ,20260923,9.39,9.41,9.41,9.38,34600.0,325414.0,9.41
000039.SZ,20260923,9.03,9.05,9.05,9.03,47200.0,427140.0,9.05
000042.SZ,20260923,8.39,8.4,8.4,8.39,28100.0,235986.0,8.4
000045.SZ,20260923,11.15,11.12,11.15,11.12,15800.0,175712.0,11.12
000048.SZ,20260923,19.45,19.47,19.53,19.45,424300.0,8262586.24,19.47
000049.SZ,20260923,22.42,22.43,22.47,22.38,15200.0,340866.0,22.43
000050.SZ,20260923,6.66,6.65,6.66,6.65,82600.0,549302.0,6.65
000055.SZ,20260923,3.75,3.76,3.77,3.75,166400.0,625722.0,3.76
000056.SZ,20260923,2.7,2.72,2.72,2.7,545100.0,1481817.92,2.72
000058.SZ,20260923,7.3,7.31,7.31,7.3,35300.0,257996.0,7.31
000059.SZ,20260923,5.65,5.64,5.65,5.64,230100.0,1297987.04,5.64
000060.SZ,20260923,6.23,6.23,6.23,6.22,294000.0,1831556.96,6.23
000061.SZ,20260923,6.05,6.05,6.07,6.03,25200.0,152454.0,6.05
000062.SZ,20260923,23.63,23.6,23.67,23.59,314700.0,7427985.28,23.6
000063.SZ,20260923,32.81,32.81,32.82,32.8,319600.0,10485941.12,32.81
000065.SZ,20260923,10.19,10.2,10.2,10.14,584700.0,5961336.32,10.2
000066.SZ,20260923,15.58,15.61,15.66,15.55,14402499.84,224678522.88,15.6
000068.SZ,20260923,3.31,3.32,3.32,3.31,55500.0,184224.0,3.32
000069.SZ,20260923,1.9,1.9,1.91,1.9,343701.0,653131.88,1.9
000070.SZ,20260923,18.63,18.57,18.7,18.57,818443.04,15209780.48,18.58
000078.SZ,20260923,1.55,1.54,1.55,1.54,1345000.0,2077132.96,1.54
000088.SZ,20260923,4.53,4.53,4.53,4.53,15000.0,67950.0,4.53
000089.SZ,20260923,6.59,6.58,6.59,6.58,40700.0,267808.0,6.58
000090.SZ,20260923,3.58,3.57,3.6,3.57,224300.0,801176.96,3.57
000096.SZ,20260923,7.98,7.97,7.98,7.97,29400.0,234330.0,7.97
000099.SZ,20260923,13.07,13.08,13.13,13.05,28400.0,371630.0,13.09
000100.SZ,20260923,5.04,5.04,5.07,5.04,2641643.04,13323582.72,5.04
000151.SZ,20260923,10.17,10.17,10.17,10.17,13700.0,139329.0,10.17
000153.SZ,20260923,6.2,6.2,6.2,6.2,28600.0,177320.0,6.2
000155.SZ,20260923,11.61,11.59,11.61,11.59,55000.0,637583.0,11.59
000156.SZ,20260923,7.25,7.26,7.26,7.24,323900.0,2351020.96,7.26
000157.SZ,20260923,6.17,6.16,6.17,6.16,118500.0,730199.04,6.16
000158.SZ,20260923,13.08,13.1,13.13,13.08,171900.0,2251707.04,13.1
000159.SZ,20260923,5.5,5.5,5.5,5.5,16700.0,91850.0,5.5
000166.SZ,20260923,4.48,4.49,4.49,4.48,118000.0,529731.0,4.49
000301.SZ,20260923,13.63,13.65,13.66,13.63,79000.0,1078512.0,13.65
000333.SZ,20260923,82.39,82.51,82.57,82.39,206900.0,17071472.64,82.51
000338.SZ,20260923,27.08,26.98,27.1,26.98,334500.0,9026872.32,26.99
000400.SZ,20260923,20.38,20.38,20.39,20.37,23600.0,480965.0,20.38
000401.SZ,20260923,3.55,3.55,3.55,3.55,62000.0,220100.0,3.55
000402.SZ,20260923,2.77,2.76,2.78,2.76,1669900.0,4612272.0,2.76
000403.SZ,20260923,10.0,10.0,10.01,10.0,30200.0,302010.0,10.0
000404.SZ,20260923,6.94,6.94,6.94,6.93,78400.0,544093.0,6.94
000407.SZ,20260923,4.18,4.19,4.19,4.18,8300.0,34776.0,4.19
000408.SZ,20260923,74.4,74.44,74.45,74.29,158500.0,11798238.72,74.44
000409.SZ,20260923,9.1,9.08,9.1,9.07,31000.0,281500.0,9.08
000410.SZ,20260923,5.32,5.33,5.34,5.31,340100.0,1812273.92,5.33
000411.SZ,20260923,9.98,10.01,10.01,9.98,12500.0,125098.0,10.01
000415.SZ,20260923,4.17,4.18,4.18,4.17,238300.0,995458.0,4.18
000417.SZ,20260923,5.76,5.76,5.76,5.75,149500.0,861059.04,5.76
000419.SZ,20260923,5.05,5.05,5.05,5.05,26600.0,134330.0,5.05
000420.SZ,20260923,3.56,3.56,3.57,3.56,186200.0,662882.0,3.56
000421.SZ,20260923,5.79,5.76,5.79,5.76,94500.0,545059.0,5.77
000422.SZ,20260923,12.07,12.1,12.1,12.05,239400.0,2894202.88,12.09
000423.SZ,20260923,45.68,45.7,45.75,45.68,27800.0,1271323.04,45.73
000425.SZ,20260923,7.27,7.27,7.27,7.25,1314500.0,9550286.72,7.27
000426.SZ,20260923,34.9,34.9,34.96,34.86,470500.0,16421856.0,34.9
000428.SZ,20260923,4.45,4.43,4.46,4.41,893600.0,3957710.08,4.43
000429.SZ,20260923,12.53,12.53,12.53,12.52,26000.0,325751.0,12.53
000430.SZ,20260923,6.89,6.89,6.94,6.89,69900.0,482327.0,6.9
000488.SZ,20260923,2.1,2.09,2.1,2.09,111700.0,233532.0,2.09
000498.SZ,20260923,5.1,5.1,5.1,5.1,30800.0,157080.0,5.1
000501.SZ,20260923,7.2,7.2,7.2,7.19,30300.0,218144.0,7.2
000503.SZ,20260923,7.09,7.09,7.09,7.06,204200.0,1447516.0,7.09
000504.SZ,20260923,12.33,12.11,12.36,12.0,13076999.68,158620272.64,12.13
000505.SZ,20260923,6.74,6.74,6.75,6.72,150100.0,1011538.0,6.74
000506.SZ,20260923,18.68,18.61,18.69,18.6,214200.0,3987008.0,18.61
000507.SZ,20260923,5.0,5.0,5.0,5.0,21600.0,108000.0,5.0
000509.SZ,20260923,3.88,3.88,3.9,3.88,2201000.0,8542067.2,3.88
000510.SZ,20260923,19.03,19.04,19.04,19.0,115600.0,2200465.92,19.04
000513.SZ,20260923,26.75,26.75,26.75,26.71,10000.0,267476.0,26.75
000514.SZ,20260923,4.41,4.42,4.42,4.41,63900.0,282372.0,4.42
000516.SZ,20260923,4.32,4.32,4.33,4.31,14500.0,62639.0,4.32
000517.SZ,20260923,2.04,2.04,2.04,2.03,193000.0,393686.0,2.04
000518.SZ,20260923,3.78,3.78,3.78,3.77,69400.0,262237.0,3.78
000519.SZ,20260923,15.22,15.25,15.26,15.21,132700.0,2023417.92,15.25
000520.SZ,20260923,4.12,4.12,4.13,4.12,156100.0,643154.0,4.12
000521.SZ,20260923,4.42,4.43,4.43,4.42,19900.0,88151.0,4.43
000523.SZ,20260923,3.46,3.45,3.47,3.45,658400.0,2272416.0,3.45
000524.SZ,20260923,9.0,9.01,9.02,9.0,22200.0,200011.0,9.01
000525.SZ,20260923,4.66,4.66,4.66,4.66,14500.0,67570.0,4.66
000526.SZ,20260923,36.09,36.12,36.24,36.08,18600.0,672159.04,36.14
000528.SZ,20260923,7.66,7.66,7.66,7.66,62400.0,477984.0,7.66
000529.SZ,20260923,5.04,5.03,5.04,5.03,50200.0,252614.0,5.03
000530.SZ,20260923,5.23,5.23,5.24,5.22,28900.0,151155.0,5.23
000531.SZ,20260923,5.65,5.65,5.65,5.65,29100.0,164415.0,5.65
000532.SZ,20260923,13.21,13.34,13.47,13.21,2587900.0,34496314.88,13.33
000533.SZ,20260923,10.91,10.9,10.93,10.88,165100.0,1799840.0,10.9
000534.SZ,20260923,23.09,23.08,23.19,23.08,103300.0,2384414.08,23.08
000536.SZ,20260923,3.63,3.6,3.63,3.6,468300.0,1688401.92,3.61
000537.SZ,20260923,7.48,7.48,7.49,7.48,75500.0,564741.0,7.48
000538.SZ,20260923,51.22,51.25,51.28,51.15,39100.0,2003615.68,51.24
000539.SZ,20260923,5.16,5.17,5.17,5.16,50500.0,261040.0,5.17
000541.SZ,20260923,4.93,4.93,4.93,4.93,14400.0,70992.0,4.93
000543.SZ,20260923,7.23,7.23,7.23,7.22,86200.0,623213.0,7.23
000544.SZ,20260923,7.26,7.26,7.26,7.26,5800.0,42108.0,7.26
000545.SZ,20260923,2.22,2.22,2.23,2.22,63200.0,140312.0,2.22
000546.SZ,20260923,4.45,4.44,4.45,4.43,31400.0,139367.0,4.44
000547.SZ,20260923,14.68,14.66,14.69,14.66,133200.0,1952926.08,14.66
000548.SZ,20260923,4.63,4.64,4.64,4.63,21500.0,99759.0,4.64
000550.SZ,20260923,16.44,16.44,16.47,16.44,21900.0,360080.0,16.44
000551.SZ,20260923,12.32,12.32,12.32,12.31,21600.0,266107.0,12.32
000552.SZ,20260923,2.5,2.5,2.51,2.5,259100.0,647854.0,2.5
000553.SZ,20260923,5.61,5.61,5.61,5.61,55700.0,312477.0,5.61
000554.SZ,20260923,6.35,6.35,6.36,6.35,68000.0,431829.0,6.35
000555.SZ,20260923,10.73,10.72,10.84,10.72,818600.0,8808384.0,10.76
000557.SZ,20260923,3.68,3.68,3.68,3.68,11600.0,42688.0,3.68
000558.SZ,20260923,3.63,3.62,3.63,3.62,151100.0,547051.0,3.62
000559.SZ,20260923,11.35,11.33,11.4,11.33,298600.0,3383763.84,11.33
000560.SZ,20260923,3.76,3.74,3.83,3.74,25077050.88,94064435.2,3.75
000561.SZ,20260923,7.79,7.8,7.8,7.78,41200.0,321210.0,7.8
000563.SZ,20260923,2.94,2.94,2.94,2.94,34600.0,101724.0,2.94
000564.SZ,20260923,1.52,1.52,1.53,1.52,1170100.0,1778584.0,1.52
000565.SZ,20260923,6.77,6.77,6.78,6.77,45900.0,310811.0,6.77
000566.SZ,20260923,4.92,4.95,4.97,4.92,1069700.0,5295256.96,4.95
000567.SZ,20260923,6.12,6.11,6.13,6.11,57800.0,353312.0,6.11
000568.SZ,20260923,71.67,71.61,71.71,71.61,169900.0,12168039.68,71.62
000570.SZ,20260923,5.29,5.31,5.31,5.29,14900.0,79115.0,5.31
000571.SZ,20260923,6.59,6.6,6.6,6.56,12400.0,81816.0,6.6
000572.SZ,20260923,4.19,4.19,4.24,4.18,1103400.0,4631766.08,4.2
000573.SZ,20260923,3.83,3.84,3.84,3.83,78700.0,302206.0,3.84
000576.SZ,20260923,8.42,8.42,8.42,8.41,18100.0,152374.0,8.42
000581.SZ,20260923,17.94,17.93,17.94,17.93,8300.0,148821.0,17.93
000582.SZ,20260923,9.74,9.71,9.74,9.71,205200.0,1992572.0,9.71
000586.SZ,20260923,13.92,13.93,13.93,13.88,8900.0,123932.0,13.93
000589.SZ,20260923,4.25,4.25,4.25,4.25,63600.0,270300.0,4.25
000590.SZ,20260923,9.16,9.16,9.16,9.03,5600.0,50917.0,9.09
000591.SZ,20260923,4.26,4.25,4.26,4.25,143900.0,611702.0,4.25
000592.SZ,20260923,8.48,8.49,8.5,8.46,1934700.0,16419568.64,8.49
000593.SZ,20260923,23.4,23.48,23.58,23.17,594100.0,13942684.16,23.47
000595.SZ,20260923,5.76,5.84,5.84,5.75,2196300.0,12808001.28,5.83
000596.SZ,20260923,95.23,95.21,95.23,95.2,6835.0,650782.0,95.21
000597.SZ,20260923,4.85,4.85,4.85,4.84,45000.0,218245.0,4.85
000598.SZ,20260923,7.05,7.05,7.05,7.05,25800.0,181890.0,7.05
000599.SZ,20260923,4.52,4.53,4.53,4.51,17400.0,78789.0,4.53
000600.SZ,20260923,7.32,7.3,7.32,7.3,32800.0,239497.0,7.3
000601.SZ,20260923,6.15,6.15,6.16,6.15,91600.0,563396.0,6.15
000603.SZ,20260923,33.86,33.8,33.93,33.8,449600.0,15204002.56,33.82
000605.SZ,20260923,5.91,5.91,5.91,5.9,50700.0,299581.0,5.91
000607.SZ,20260923,4.83,4.98,4.98,4.81,13445099.52,66936309.76,4.98
000608.SZ,20260923,7.16,7.1,7.19,7.1,141700.0,1006496.0,7.1
000609.SZ,20260923,9.75,9.75,9.75,9.75,58200.0,567450.0,9.75
000610.SZ,20260923,7.42,7.31,7.43,7.31,489200.0,3580734.08,7.32
000612.SZ,20260923,11.18,11.18,11.19,11.18,105700.0,1181732.96,11.18
000615.SZ,20260923,3.25,3.25,3.25,3.25,100.0,325.0,3.25
000617.SZ,20260923,6.88,6.89,6.89,6.88,160900.0,1108532.0,6.89
000619.SZ,20260923,5.22,5.27,5.27,5.22,42000.0,221214.0,5.27
000620.SZ,20260923,3.38,3.37,3.38,3.36,6993400.32,23568596.48,3.37
000623.SZ,20260923,17.75,17.71,17.75,17.71,13000.0,230289.0,17.72
000625.SZ,20260923,7.17,7.16,7.17,7.16,186500.0,1335435.04,7.16
000626.SZ,20260923,9.14,9.19,9.19,9.13,22000.0,201972.0,9.18
000628.SZ,20260923,59.6,59.6,60.0,59.58,47800.0,2851457.92,59.65
000629.SZ,20260923,2.9,2.89,2.9,2.89,85800.0,248215.0,2.89
000630.SZ,20260923,6.2,6.2,6.21,6.19,2380000.0,14755404.8,6.2
000631.SZ,20260923,3.09,3.09,3.1,3.09,437000.0,1350332.96,3.09
000632.SZ,20260923,3.69,3.7,3.7,3.68,246200.0,910072.96,3.7
000633.SZ,20260923,5.28,5.27,5.28,5.27,71700.0,378017.0,5.27
000635.SZ,20260923,7.42,7.43,7.44,7.42,118600.0,881198.0,7.43
000636.SZ,20260923,58.33,58.43,58.58,58.03,1078600.0,62999808.0,58.41
000637.SZ,20260923,4.22,4.22,4.23,4.21,38200.0,161210.0,4.22
000639.SZ,20260923,1.59,1.58,1.59,1.58,258800.0,408905.0,1.58
000650.SZ,20260923,5.25,5.25,5.26,5.25,44300.0,232584.0,5.25
000651.SZ,20260923,38.18,38.2,38.22,38.16,104500.0,3992204.16,38.2
000652.SZ,20260923,3.39,3.4,3.4,3.39,30500.0,103591.0,3.4
000655.SZ,20260923,7.23,7.23,7.23,7.23,10200.0,73746.0,7.23
000656.SZ,20260923,1.25,1.25,1.25,1.24,1893200.0,2366449.92,1.25
000657.SZ,20260923,60.2,60.26,60.26,60.14,188800.0,11375276.8,60.25
000659.SZ,20260923,2.82,2.81,2.82,2.81,188300.0,529158.0,2.81
000661.SZ,20260923,73.5,73.5,73.5,73.38,34700.0,2550384.96,73.5
000663.SZ,20260923,6.08,6.07,6.08,6.07,23500.0,142675.0,6.07
000665.SZ,20260923,4.18,4.18,4.18,4.15,161600.0,675350.0,4.18
000668.SZ,20260923,17.1,17.1,17.38,17.05,268000.0,4585910.08,17.11
000669.SZ,20260923,4.15,4.15,4.15,4.15,11000.0,45650.0,4.15
000670.SZ,20260923,7.71,7.67,7.71,7.67,390000.0,2993885.12,7.68
000672.SZ,20260923,15.46,15.44,15.49,15.44,105900.0,1635633.92,15.45
000676.SZ,20260923,7.89,7.75,7.9,7.75,15767380.48,122517954.56,7.77
000677.SZ,20260923,1.83,1.82,1.83,1.82,137100.0,249575.0,1.82
000678.SZ,20260923,8.88,8.89,8.89,8.82,37100.0,329553.0,8.88
000679.SZ,20260923,6.57,6.63,6.63,6.57,36600.0,242610.0,6.63
000680.SZ,20260923,9.2,9.2,9.21,9.2,118800.0,1093050.0,9.2
000681.SZ,20260923,16.61,16.59,16.61,16.55,237100.0,3933000.96,16.59
000682.SZ,20260923,10.79,10.8,10.8,10.76,14700.0,158670.0,10.79
000683.SZ,20260923,5.7,5.69,5.7,5.69,92300.0,525467.0,5.69
000685.SZ,20260923,10.94,10.95,10.96,10.94,14300.0,156599.0,10.95
000686.SZ,20260923,7.79,7.79,7.79,7.78,61300.0,477451.0,7.79
000688.SZ,20260923,26.7,26.68,26.74,26.68,83800.0,2236024.96,26.68
000690.SZ,20260923,5.11,5.11,5.12,5.11,94500.0,483034.0,5.11
000691.SZ,20260923,9.24,9.24,9.24,9.24,12300.0,113652.0,9.24
000692.SZ,20260923,4.19,4.19,4.19,4.17,54600.0,228730.0,4.19
000695.SZ,20260923,13.1,13.1,13.16,13.1,17100.0,224206.0,13.11
000697.SZ,20260923,9.13,9.13,9.13,9.13,15600.0,142428.0,9.13
000698.SZ,20260923,3.66,3.66,3.66,3.66,3800.0,13908.0,3.66
000700.SZ,20260923,12.3,12.32,12.32,12.19,186700.0,2298040.0,12.31
000701.SZ,20260923,5.28,5.25,5.28,5.25,14300.0,75112.0,5.25
000702.SZ,20260923,5.81,5.83,5.83,5.8,43000.0,250514.0,5.83
000703.SZ,20260923,16.83,16.9,16.92,16.81,600000.0,10137511.68,16.9
000705.SZ,20260923,7.13,7.13,7.13,7.12,52200.0,372162.0,7.13
000707.SZ,20260923,4.51,4.51,4.51,4.51,32200.0,145222.0,4.51
000708.SZ,20260923,12.91,12.87,12.91,12.86,56600.0,729676.96,12.89
000709.SZ,20260923,2.05,2.04,2.05,2.04,140100.0,285853.0,2.04
000710.SZ,20260923,9.5,9.52,9.52,9.49,203800.0,1939926.08,9.52
000711.SZ,20260923,4.94,4.95,4.95,4.92,1308600.0,6469004.8,4.94
000712.SZ,20260923,10.31,10.3,10.32,10.3,302594.0,3117419.2,10.3
000713.SZ,20260923,6.74,6.73,6.75,6.71,217800.0,1465902.08,6.73
000715.SZ,20260923,5.4,5.42,5.42,5.4,8700.0,47152.0,5.42
000716.SZ,20260923,5.16,5.16,5.17,5.16,85900.0,443266.0,5.16
000717.SZ,20260923,2.16,2.17,2.17,2.16,96400.0,209124.0,2.17
000718.SZ,20260923,2.08,2.07,2.08,2.07,433400.0,898212.0,2.07
000719.SZ,20260923,12.25,12.25,12.29,12.25,40700.0,498708.0,12.25
000720.SZ,20260923,3.89,3.91,3.91,3.89,175900.0,687043.04,3.91
000721.SZ,20260923,6.31,6.28,6.31,6.28,85900.0,540174.0,6.29
000722.SZ,20260923,14.12,14.12,14.15,14.11,122100.0,1724156.96,14.12
000723.SZ,20260923,3.65,3.65,3.66,3.64,427300.0,1559520.0,3.65
000725.SZ,20260923,6.09,6.09,6.11,6.08,26120647.68,159139307.52,6.09
000726.SZ,20260923,6.08,6.09,6.09,6.08,39000.0,237272.0,6.08
000727.SZ,20260923,2.25,2.25,2.25,2.25,246000.0,553500.0,2.25
000728.SZ,20260923,7.49,7.48,7.49,7.48,103300.0,772695.04,7.48
000729.SZ,20260923,11.02,11.02,11.02,11.02,52000.0,573040.0,11.02
000731.SZ,20260923,8.2,8.21,8.21,8.2,57800.0,474469.0,8.21
000733.SZ,20260923,41.24,41.24,41.3,41.23,44300.0,1827104.0,41.24
000735.SZ,20260923,5.97,5.97,5.99,5.97,280800.0,1676792.96,5.97
000736.SZ,20260923,4.7,4.73,4.73,4.7,63100.0,298263.0,4.73
000737.SZ,20260923,15.4,15.4,15.48,15.4,2450300.0,37756485.12,15.41
000738.SZ,20260923,19.16,19.16,19.17,19.16,18200.0,348713.0,19.16
000739.SZ,20260923,24.21,24.14,24.26,24.08,187800.0,4537731.84,24.16
000750.SZ,20260923,3.69,3.69,3.69,3.69,71600.0,264204.0,3.69
000751.SZ,20260923,4.67,4.66,4.67,4.66,105100.0,489934.0,4.66
000752.SZ,20260923,8.64,8.64,8.64,8.64,3000.0,25920.0,8.64
000753.SZ,20260923,5.14,5.13,5.15,5.12,231300.0,1186800.0,5.13
000755.SZ,20260923,4.66,4.67,4.67,4.66,10700.0,49917.0,4.67
000756.SZ,20260923,15.82,15.74,15.9,15.74,5233952.0,82496138.24,15.76
000757.SZ,20260923,4.41,4.38,4.41,4.37,59000.0,258687.0,4.39
000758.SZ,20260923,6.1,6.09,6.1,6.08,207300.0,1262448.0,6.09
000759.SZ,20260923,6.75,6.73,6.75,6.73,676400.0,4554344.0,6.73
000761.SZ,20260923,2.25,2.26,2.26,2.25,45100.0,101914.0,2.26
000762.SZ,20260923,22.05,22.01,22.05,22.01,23800.0,523898.0,22.01
000766.SZ,20260923,15.93,15.9,15.97,15.9,47900.0,761688.96,15.9
000767.SZ,20260923,3.39,3.39,3.39,3.38,127900.0,433514.0,3.39
000768.SZ,20260923,22.83,22.9,22.9,22.79,55800.0,1277408.0,22.89
000776.SZ,20260923,20.97,20.96,20.98,20.95,148600.0,3115177.92,20.96
000777.SZ,20260923,16.65,16.65,16.65,16.62,13800.0,229716.0,16.65
000778.SZ,20260923,3.6,3.61,3.61,3.6,125800.0,453997.0,3.61
000779.SZ,20260923,9.03,9.05,9.06,9.03,224600.0,2032215.04,9.05
000782.SZ,20260923,8.3,8.3,8.3,8.29,19300.0,160189.0,8.3
000783.SZ,20260923,8.5,8.49,8.5,8.49,170000.0,1443344.0,8.49
000785.SZ,20260923,2.29,2.29,2.29,2.28,290100.0,664327.0,2.29
000786.SZ,20260923,16.01,16.01,16.02,16.0,52700.0,843738.0,16.01
000788.SZ,20260923,5.58,5.56,5.58,5.55,42100.0,234159.0,5.56
000789.SZ,20260923,4.12,4.13,4.13,4.11,61800.0,255203.0,4.13
000790.SZ,20260923,4.37,4.37,4.39,4.37,571800.0,2499264.0,4.37
000791.SZ,20260923,7.2,7.21,7.21,7.2,23800.0,171563.0,7.21
000792.SZ,20260923,24.85,24.88,24.88,24.85,201600.0,5015522.88,24.88
000793.SZ,20260923,2.07,2.07,2.07,2.07,71600.0,148212.0,2.07
000795.SZ,20260923,8.35,8.35,8.36,8.34,563929.0,4708776.0,8.35
000796.SZ,20260923,3.76,3.75,3.76,3.75,188700.0,707796.96,3.75
000797.SZ,20260923,2.68,2.69,2.69,2.68,199000.0,535077.0,2.69
000798.SZ,20260923,10.38,10.38,10.39,10.35,62600.0,649794.0,10.38
000799.SZ,20260923,37.69,37.71,37.71,37.67,12600.0,475100.0,37.71
000800.SZ,20260923,5.93,5.92,5.94,5.92,42400.0,251035.0,5.92
000801.SZ,20260923,12.07,12.09,12.1,12.07,71600.0,865328.96,12.09
000802.SZ,20260923,4.05,4.06,4.06,4.05,259700.0,1053988.96,4.06
000803.SZ,20260923,7.1,7.1,7.11,7.09,14700.0,104380.0,7.1
000807.SZ,20260923,27.07,27.09,27.12,27.02,286500.0,7760201.6,27.09
000809.SZ,20260923,3.44,3.43,3.44,3.43,78700.0,269953.0,3.43
000810.SZ,20260923,9.69,9.69,9.72,9.65,76800.0,744214.0,9.69
000811.SZ,20260923,39.97,39.98,40.05,39.96,193800.0,7747651.84,39.98
000812.SZ,20260923,3.88,3.89,3.89,3.87,285200.0,1108632.96,3.89
000813.SZ,20260923,3.3,3.3,3.3,3.29,120500.0,397623.0,3.3
000815.SZ,20260923,15.98,16.0,16.0,15.95,360300.0,5762885.76,16.0
000816.SZ,20260923,2.97,2.98,2.99,2.97,775200.0,2309812.0,2.98
000818.SZ,20260923,12.24,12.17,12.24,12.17,45800.0,557501.0,12.17
000819.SZ,20260923,12.34,12.34,12.34,12.34,1500.0,18510.0,12.34
000820.SZ,20260923,3.52,3.52,3.52,3.52,59000.0,207680.0,3.52
000821.SZ,20260923,7.47,7.47,7.47,7.47,17700.0,132219.0,7.47
000822.SZ,20260923,4.27,4.26,4.27,4.26,45000.0,191703.0,4.26
000823.SZ,20260923,25.13,25.15,25.25,25.02,2102800.0,52886364.16,25.15
000825.SZ,20260923,3.4,3.4,3.4,3.4,50100.0,170340.0,3.4
000826.SZ,20260923,1.85,1.85,1.85,1.85,95400.0,176490.0,1.85
000828.SZ,20260923,10.09,10.09,10.09,10.09,49600.0,500464.0,10.09
000829.SZ,20260923,9.38,9.38,9.38,9.36,352700.0,3307984.96,9.38
000830.SZ,20260923,11.87,11.86,11.88,11.86,43600.0,517114.0,11.86
000831.SZ,20260923,54.3,54.4,54.4,54.28,46400.0,2523710.08,54.39
000833.SZ,20260923,19.79,19.71,19.79,19.71,146500.0,2887862.08,19.71
000837.SZ,20260923,9.75,9.75,9.75,9.75,36100.0,351975.0,9.75
000838.SZ,20260923,2.29,2.28,2.29,2.28,451600.0,1029743.04,2.28
000839.SZ,20260923,2.92,2.92,2.92,2.91,860700.0,2512841.92,2.92
000848.SZ,20260923,8.1,8.09,8.1,8.09,35700.0,288824.0,8.09
000850.SZ,20260923,4.23,4.21,4.23,4.2,232000.0,977908.96,4.22
000852.SZ,20260923,5.52,5.51,5.52,5.51,54200.0,298644.0,5.51
000856.SZ,20260923,8.78,8.79,8.79,8.78,57100.0,501899.0,8.79
000858.SZ,20260923,70.32,70.31,70.37,70.3,78700.0,5533642.88,70.31
000859.SZ,20260923,9.48,9.53,9.54,9.48,796100.0,7582928.0,9.52
000860.SZ,20260923,10.57,10.6,10.6,10.56,15400.0,163151.0,10.59
000862.SZ,20260923,5.46,5.47,5.47,5.45,31200.0,170648.0,5.47
000863.SZ,20260923,4.67,4.68,4.68,4.67,134900.0,630908.0,4.68
000868.SZ,20260923,3.93,3.93,3.94,3.92,779152.0,3062116.8,3.93
000869.SZ,20260923,16.95,16.95,16.95,16.95,7500.0,127125.0,16.95
000875.SZ,20260923,4.8,4.81,4.81,4.8,32000.0,153886.0,4.81
000876.SZ,20260923,7.2,7.2,7.2,7.19,91100.0,655904.0,7.2
000877.SZ,20260923,3.68,3.68,3.7,3.68,90300.0,332750.0,3.69
000878.SZ,20260923,17.55,17.56,17.58,17.53,452200.0,7939779.2,17.56
000880.SZ,20260923,25.9,25.88,25.96,25.87,54000.0,1397572.96,25.88
000881.SZ,20260923,6.66,6.67,6.67,6.66,25700.0,171409.0,6.67
000882.SZ,20260923,1.56,1.56,1.57,1.56,463701.0,723620.56,1.56
000883.SZ,20260923,4.4,4.4,4.4,4.4,67500.0,297000.0,4.4
000885.SZ,20260923,11.73,11.73,11.73,11.73,2900.0,34017.0,11.73
000886.SZ,20260923,4.69,4.69,4.7,4.69,22700.0,106526.0,4.69
000887.SZ,20260923,19.78,19.83,19.86,19.78,237300.0,4706576.0,19.83
000888.SZ,20260923,9.39,9.4,9.4,9.39,24200.0,227428.0,9.4
000889.SZ,20260923,3.94,3.94,3.94,3.91,157700.0,620776.0,3.94
000890.SZ,20260923,7.8,7.8,7.8,7.79,102800.0,801804.0,7.8
000892.SZ,20260923,4.72,4.74,4.74,4.7,1281400.0,6066746.24,4.73
000893.SZ,20260923,39.74,39.74,39.75,39.71,31384.0,1247227.12,39.74
000895.SZ,20260923,23.38,23.38,23.43,23.38,54100.0,1265548.0,23.39
000897.SZ,20260923,1.91,1.91,1.92,1.91,91400.0,174623.0,1.91
000898.SZ,20260923,2.03,2.03,2.03,2.03,189000.0,383670.0,2.03
000899.SZ,20260923,9.32,9.32,9.32,9.3,15500.0,144377.0,9.31
000900.SZ,20260923,3.57,3.57,3.57,3.57,36800.0,131376.0,3.57
000901.SZ,20260923,14.36,14.36,14.38,14.35,27200.0,390584.0,14.36
000902.SZ,20260923,13.78,13.79,13.79,13.78,20900.0,288190.0,13.79
000903.SZ,20260923,2.03,2.03,2.03,2.03,40800.0,82824.0,2.03
000905.SZ,20260923,9.27,9.27,9.3,9.27,117700.0,1091279.04,9.27
000906.SZ,20260923,6.19,6.21,6.21,6.19,13800.0,85688.0,6.21
000908.SZ,20260923,6.08,6.08,6.08,6.07,24900.0,151391.0,6.08
000909.SZ,20260923,5.68,5.69,5.69,5.68,21200.0,120558.0,5.69
000910.SZ,20260923,7.2,7.3,7.31,7.18,7416000.0,54085831.68,7.29
000911.SZ,20260923,5.29,5.27,5.29,5.27,30900.0,163044.0,5.28
000912.SZ,20260923,4.17,4.18,4.18,4.15,560500.0,2340402.72,4.18
000913.SZ,20260923,10.79,10.8,10.8,10.79,10400.0,112318.0,10.8
000915.SZ,20260923,24.25,24.25,24.26,24.25,6500.0,157626.0,24.25
000917.SZ,20260923,7.1,7.09,7.1,7.08,86800.0,615476.0,7.09
000919.SZ,20260923,6.63,6.64,6.64,6.63,21500.0,142685.0,6.64
000920.SZ,20260923,12.7,12.65,12.72,12.64,334300.0,4230776.0,12.66
000921.SZ,20260923,26.6,26.61,26.61,26.6,24800.0,659902.0,26.61
000922.SZ,20260923,12.28,12.22,12.28,12.22,15200.0,185750.0,12.22
000923.SZ,20260923,16.83,16.82,16.86,16.82,97100.0,1633760.96,16.83
000925.SZ,20260923,8.13,8.14,8.14,8.13,23800.0,193716.0,8.14
000926.SZ,20260923,2.14,2.14,2.15,2.14,309500.0,662344.0,2.14
000927.SZ,20260923,2.48,2.48,2.48,2.47,17000.0,42130.0,2.48
000928.SZ,20260923,5.43,5.41,5.44,5.41,153900.0,835003.04,5.43
000929.SZ,20260923,9.31,9.35,9.35,9.31,16000.0,149596.0,9.35
000930.SZ,20260923,5.38,5.36,5.39,5.36,228500.0,1225084.96,5.36
000931.SZ,20260923,4.67,4.65,4.67,4.65,117300.0,545852.0,4.65
000932.SZ,20260923,3.55,3.56,3.56,3.55,175800.0,625711.0,3.56
000933.SZ,20260923,26.39,26.39,26.41,26.38,140300.0,3702648.96,26.39
000935.SZ,20260923,20.41,20.4,20.41,20.3,15200.0,310052.0,20.4
000936.SZ,20260923,5.56,5.55,5.59,5.55,177900.0,988051.04,5.55
000937.SZ,20260923,4.47,4.47,4.47,4.46,127300.0,568479.0,4.47
000938.SZ,20260923,33.58,33.58,33.66,33.52,733799.04,24638433.28,33.58
000948.SZ,20260923,13.73,13.73,13.76,13.71,182200.0,2501760.0,13.73
000949.SZ,20260923,6.9,6.9,6.9,6.9,5400.0,37260.0,6.9
000950.SZ,20260923,5.27,5.27,5.27,5.26,86900.0,457584.0,5.27
000951.SZ,20260923,20.22,20.25,20.25,20.21,30100.0,609300.0,20.24
000952.SZ,20260923,6.77,6.77,6.77,6.7,53600.0,362777.0,6.77
000953.SZ,20260923,6.2,6.2,6.2,6.18,50700.0,314338.0,6.2
000955.SZ,20260923,4.1,4.1,4.1,4.1,89500.0,366950.0,4.1
000957.SZ,20260923,10.0,10.0,10.0,10.0,9800.0,98000.0,10.0
000958.SZ,20260923,5.09,5.08,5.09,5.08,14000.0,71125.0,5.08
000959.SZ,20260923,3.52,3.51,3.52,3.51,28100.0,98668.0,3.51
000960.SZ,20260923,33.88,33.85,33.9,33.85,132800.0,4495564.16,33.85
000962.SZ,20260923,60.54,60.94,60.94,60.54,97700.0,5951082.88,60.91
000963.SZ,20260923,26.52,26.52,26.58,26.52,71600.0,1899089.92,26.52
000965.SZ,20260923,3.38,3.37,3.39,3.37,234100.0,789234.0,3.37
000966.SZ,20260923,4.01,4.01,4.02,4.01,70800.0,283990.0,4.01
000967.SZ,20260923,8.12,8.12,8.14,8.12,131500.0,1067831.04,8.12
000968.SZ,20260923,7.05,7.05,7.06,7.03,105800.0,745776.64,7.05
000969.SZ,20260923,17.3,17.3,17.33,17.3,55300.0,956786.0,17.3
000970.SZ,20260923,11.7,11.71,11.71,11.7,83400.0,976514.0,11.71
000972.SZ,20260923,4.13,4.13,4.13,4.11,142900.0,590114.0,4.13
000973.SZ,20260923,11.91,11.91,11.92,11.88,147900.0,1760864.96,11.91
000975.SZ,20260923,24.34,24.32,24.36,24.32,189100.0,4599679.04,24.32
000977.SZ,20260923,71.83,71.86,71.94,71.83,254200.0,18269891.84,71.87
000978.SZ,20260923,8.42,8.42,8.45,8.4,2090800.0,17607203.84,8.42
000980.SZ,20260923,2.18,2.17,2.18,2.16,8537100.16,18526095.36,2.17
000981.SZ,20260923,2.87,2.86,2.87,2.86,2781400.0,7958942.72,2.86
000983.SZ,20260923,6.58,6.58,6.59,6.58,295000.0,1941206.08,6.58
000985.SZ,20260923,17.6,17.65,17.65,17.6,36100.0,636986.0,17.65
000987.SZ,20260923,7.47,7.48,7.48,7.47,132700.0,992452.0,7.48
000988.SZ,20260923,107.2,107.14,107.5,107.13,342200.0,36668119.04,107.15
000989.SZ,20260923,8.84,8.85,8.85,8.84,30700.0,271522.0,8.84
000990.SZ,20260923,6.58,6.59,6.59,6.58,25100.0,165310.0,6.59
000993.SZ,20260923,18.82,18.82,18.82,18.82,2010200.0,37831964.16,18.82
000995.SZ,20260923,11.71,11.7,11.74,11.7,191400.0,2239880.0,11.7
000997.SZ,20260923,19.77,19.78,19.78,19.71,47600.0,941246.0,19.77
000998.SZ,20260923,8.95,8.95,8.96,8.91,61200.0,547688.0,8.95
000999.SZ,20260923,23.72,23.7,23.72,23.7,116125.0,2752325.44,23.7
001201.SZ,20260923,16.4,16.36,16.46,16.32,249300.0,4084040.0,16.38
001202.SZ,20260923,15.06,15.1,15.1,15.06,1000.0,15092.0,15.09
001203.SZ,20260923,24.54,24.55,24.55,24.54,30600.0,751176.96,24.55
001205.SZ,20260923,14.6,14.6,14.6,14.59,13300.0,194174.0,14.6
001206.SZ,20260923,17.32,17.32,17.32,17.29,10896.0,188709.84,17.32
001207.SZ,20260923,18.5,18.51,18.51,18.49,36700.0,679288.96,18.51
001208.SZ,20260923,14.03,14.02,14.04,13.97,282000.0,3953967.04,14.02
001209.SZ,20260923,19.01,19.0,19.05,18.93,29501.0,560354.92,18.99
001210.SZ,20260923,29.78,29.72,29.78,29.71,8000.0,237771.0,29.72
001211.SZ,20260923,25.64,25.63,25.64,25.63,36400.0,932956.96,25.63
001212.SZ,20260923,38.46,38.55,38.56,38.4,51700.0,1992398.08,38.54
001213.SZ,20260923,3.51,3.51,3.51,3.51,31600.0,110916.0,3.51
001215.SZ,20260923,33.67,33.67,33.84,33.67,5000.0,168658.0,33.73
001216.SZ,20260923,28.0,27.66,28.35,27.66,7021845.12,194456023.04,27.69
001217.SZ,20260923,10.93,10.97,10.97,10.93,16800.0,184101.0,10.96
001218.SZ,20260923,24.23,24.16,24.23,24.16,4200.0,101570.0,24.18
001219.SZ,20260923,12.71,12.76,12.76,12.71,3700.0,47162.0,12.75
001220.SZ,20260923,31.97,31.97,31.97,31.97,3700.0,118289.0,31.97
001221.SZ,20260923,35.65,35.66,35.66,35.65,5100.0,181864.0,35.66
001222.SZ,20260923,16.03,16.03,16.03,16.03,16900.0,270907.0,16.03
001223.SZ,20260923,44.89,44.93,44.93,44.58,14700.0,659770.0,44.88
001225.SZ,20260923,36.57,36.37,36.57,36.37,2820.0,102936.2,36.5
001226.SZ,20260923,46.27,46.15,46.27,46.15,1800.0,83129.0,46.18
001227.SZ,20260923,2.11,2.11,2.11,2.1,498300.0,1051400.0,2.11
001228.SZ,20260923,34.96,34.97,35.0,34.9,17100.0,597910.0,34.97
001229.SZ,20260923,39.64,39.64,39.69,39.6,57500.0,2279310.08,39.64
001230.SZ,20260923,19.55,19.6,19.6,19.34,12100.0,236975.0,19.58
001231.SZ,20260923,22.55,22.55,22.55,22.55,1300.0,29315.0,22.55
001232.SZ,20260923,197.0,196.63,197.41,196.63,23700.0,4664243.84,196.8
001233.SZ,20260923,46.69,46.87,47.0,46.58,44500.0,2085475.04,46.87
001234.SZ,20260923,32.18,32.18,32.18,32.18,1449329.92,46639441.92,32.18
001236.SZ,20260923,8.08,8.05,8.08,8.05,14100.0,113519.0,8.05
001237.SZ,20260923,51.15,51.18,51.18,51.15,2900.0,148411.0,51.18
001238.SZ,20260923,26.28,26.28,26.29,26.15,36000.0,946044.0,26.28
001239.SZ,20260923,12.15,12.15,12.15,12.13,14300.0,173739.0,12.15
001248.SZ,20260923,11.93,11.94,11.95,11.93,113300.0,1352740.96,11.94
001255.SZ,20260923,27.25,27.24,27.25,27.24,3800.0,103520.0,27.24
001256.SZ,20260923,21.96,21.94,21.96,21.85,4700.0,103126.0,21.94
001257.SZ,20260923,23.21,23.21,23.32,23.21,30900.0,717536.96,23.22
001258.SZ,20260923,11.41,11.4,11.5,11.38,1719300.0,19610414.08,11.41
001259.SZ,20260923,48.86,48.05,48.88,48.05,46500.0,2236928.96,48.11
001260.SZ,20260923,20.21,20.28,20.28,20.21,209600.0,4249820.16,20.28
001266.SZ,20260923,37.4,37.35,37.74,37.06,349000.0,13047961.6,37.39
001267.SZ,20260923,38.52,38.64,38.66,38.44,374200.0,14450205.44,38.62
001268.SZ,20260923,26.86,27.0,27.09,26.7,231200.0,6239022.08,26.99
001269.SZ,20260923,19.21,19.21,19.21,19.21,3200.0,61472.0,19.21
001270.SZ,20260923,100.0,100.0,100.0,99.58,20300.0,2029865.92,99.99
001277.SZ,20260923,30.96,30.99,30.99,30.85,6700.0,207616.0,30.99
001278.SZ,20260923,16.63,16.63,16.63,16.53,18000.0,299295.0,16.63
001279.SZ,20260923,26.63,26.89,26.89,26.63,3200.0,85398.0,26.69
001280.SZ,20260923,63.34,63.2,63.34,63.19,7900.0,499610.0,63.24
001282.SZ,20260923,16.4,16.44,16.44,16.4,11700.0,192219.0,16.43
001283.SZ,20260923,48.56,48.5,48.56,48.33,55350.0,2683281.92,48.48
001285.SZ,20260923,42.7,42.7,42.7,42.7,700.0,29890.0,42.7
001286.SZ,20260923,9.55,9.58,9.58,9.55,124200.0,1187715.04,9.56
001287.SZ,20260923,24.95,24.97,25.01,24.95,150500.0,3758466.88,24.97
001288.SZ,20260923,31.75,31.79,31.85,31.58,45800.0,1455088.96,31.77
001289.SZ,20260923,15.08,15.14,15.14,15.08,38200.0,578013.0,15.13
001296.SZ,20260923,20.02,20.3,20.3,20.02,3000.0,60809.0,20.27
001298.SZ,20260923,17.1,17.1,17.1,17.09,29300.0,500950.0,17.1
001299.SZ,20260923,10.43,10.45,10.45,10.4,72600.0,758604.0,10.45
001300.SZ,20260923,12.78,12.75,12.85,12.69,84000.0,1072090.0,12.76
001301.SZ,20260923,49.95,49.83,49.95,49.8,13700.0,682904.0,49.85
001306.SZ,20260923,56.73,57.0,57.0,56.73,1400.0,79746.0,56.96
001308.SZ,20260923,18.07,18.06,18.07,18.06,6400.0,115589.0,18.06
001309.SZ,20260923,418.11,419.01,419.8,417.0,143800.0,60235560.96,418.88
001311.SZ,20260923,17.22,17.22,17.22,17.22,2600.0,44772.0,17.22
001312.SZ,20260923,18.12,18.05,18.12,18.04,8400.0,151707.0,18.06
001313.SZ,20260923,7.42,7.44,7.44,7.42,21500.0,159938.0,7.44
001314.SZ,20260923,54.81,54.74,54.91,54.74,15800.0,864964.0,54.75
001316.SZ,20260923,28.69,28.69,28.84,28.69,9000.0,258277.0,28.7
001317.SZ,20260923,63.5,63.98,64.12,62.5,457500.0,29225681.92,63.88
001318.SZ,20260923,11.81,11.77,11.81,11.77,3500.0,41245.0,11.78
001319.SZ,20260923,22.35,22.44,22.44,22.35,9800.0,219479.0,22.4
001322.SZ,20260923,7.16,7.1,7.16,7.02,1160400.0,8237310.08,7.1
001323.SZ,20260923,17.82,17.82,17.82,17.77,3000.0,53443.0,17.81
001324.SZ,20260923,21.35,21.6,21.6,21.35,8400.0,181307.0,21.58
001325.SZ,20260923,37.0,37.13,37.13,37.0,7200.0,266950.0,37.08
001326.SZ,20260923,100.19,100.32,100.76,100.0,32000.0,3211299.84,100.35
001328.SZ,20260923,30.43,30.33,30.43,30.33,1100.0,33453.0,30.41
001330.SZ,20260923,5.48,5.48,5.5,5.47,724700.0,3972272.96,5.48
001331.SZ,20260923,45.35,45.55,45.55,45.35,13900.0,633041.0,45.54
001332.SZ,20260923,27.92,27.9,28.1,27.9,15000.0,418836.0,27.92
001333.SZ,20260923,20.13,20.05,20.13,20.05,5100.0,102319.0,20.06
001335.SZ,20260923,33.68,33.79,33.79,33.68,3600.0,121585.0,33.77
001336.SZ,20260923,19.74,19.74,19.74,19.74,10550.0,208257.0,19.74
001337.SZ,20260923,49.6,49.58,49.7,49.56,24400.0,1209892.96,49.59
001338.SZ,20260923,9.1,9.1,9.11,9.1,79000.0,718932.96,9.1
001339.SZ,20260923,81.19,81.36,81.36,81.0,28600.0,2325908.0,81.32
001356.SZ,20260923,9.62,9.6,9.65,9.6,18300.0,175840.0,9.61
001358.SZ,20260923,24.94,24.89,25.24,24.89,5700.0,142022.0,24.92
001359.SZ,20260923,89.93,90.1,90.1,89.65,9000.0,810815.04,90.09
001360.SZ,20260923,21.02,21.04,21.04,21.02,14400.0,302964.0,21.04
001365.SZ,20260923,36.61,36.59,36.65,36.59,20000.0,732016.0,36.6
001366.SZ,20260923,13.48,13.31,13.48,13.3,36600.0,488351.0,13.34
001367.SZ,20260923,21.74,21.74,21.74,21.74,37400.0,813076.0,21.74
001368.SZ,20260923,34.65,34.48,34.85,34.44,115100.0,3971084.16,34.5
001369.SZ,20260923,12.51,12.52,12.52,12.51,22000.0,275404.0,12.52
001373.SZ,20260923,31.3,31.12,31.32,31.12,90300.0,2812764.16,31.15
001376.SZ,20260923,12.83,12.8,13.0,12.8,747800.0,9592069.12,12.83
001378.SZ,20260923,23.5,23.6,23.63,23.5,144900.0,3419200.64,23.6
001379.SZ,20260923,15.9,15.95,15.95,15.89,10200.0,162645.0,15.95
001380.SZ,20260923,18.74,18.62,18.74,18.61,18900.0,352436.0,18.65
001382.SZ,20260923,16.58,16.58,16.58,16.58,2500.0,41450.0,16.58
001386.SZ,20260923,16.35,16.27,16.36,16.27,21300.0,347027.0,16.29
001387.SZ,20260923,12.0,12.0,12.04,11.95,81700.0,980192.96,12.0
001388.SZ,20260923,21.1,20.98,21.1,20.98,22500.0,472333.0,20.99
001389.SZ,20260923,197.0,196.2,197.29,195.49,592700.0,116366028.8,196.33
001390.SZ,20260923,17.53,17.49,17.53,17.49,2200.0,38482.0,17.49
001391.SZ,20260923,3.92,3.92,3.92,3.91,249200.0,976859.04,3.92
001393.SZ,20260923,42.5,42.3,42.5,42.3,7700.0,325902.0,42.33
001395.SZ,20260923,30.12,30.12,30.36,30.08,11600.0,349420.0,30.12
001396.SZ,20260923,32.56,32.56,32.56,32.56,1100.0,35816.0,32.56
001399.SZ,20260923,23.68,23.63,23.8,23.63,316900.0,7497445.76,23.66
001400.SZ,20260923,76.8,76.95,76.95,76.8,2400.0,184660.0,76.94
001696.SZ,20260923,15.86,15.85,15.87,15.85,274000.0,4343324.16,15.85
001872.SZ,20260923,22.8,22.78,22.8,22.73,5000.0,113921.0,22.78
001896.SZ,20260923,12.08,12.13,12.13,12.04,391700.0,4743704.96,12.11
001914.SZ,20260923,9.1,9.1,9.1,9.08,31700.0,288454.0,9.1
001965.SZ,20260923,9.77,9.78,9.78,9.77,55100.0,538877.0,9.78
001979.SZ,20260923,7.25,7.22,7.25,7.22,391965.0,2832934.4,7.23
002001.SZ,20260923,26.58,26.56,26.58,26.56,37069.0,984642.64,26.56
002003.SZ,20260923,11.38,11.26,11.38,11.26,35630.0,404105.8,11.34
002004.SZ,20260923,4.42,4.41,4.42,4.41,156600.0,690712.96,4.41
002005.SZ,20260923,2.66,2.69,2.69,2.66,648500.0,1735241.92,2.68
002006.SZ,20260923,13.49,13.49,13.51,13.48,6300.0,84974.0,13.49
002007.SZ,20260923,13.33,13.3,13.33,13.28,54900.0,730216.0,13.3
002008.SZ,20260923,94.77,94.73,95.0,94.5,242400.0,22967846.4,94.75
002009.SZ,20260923,15.66,15.63,15.67,15.63,31300.0,489377.0,15.64
002010.SZ,20260923,4.57,4.58,4.58,4.57,14200.0,65006.0,4.58
002011.SZ,20260923,14.7,14.64,14.7,14.64,93900.0,1374984.0,14.64
002012.SZ,20260923,7.2,7.16,7.21,7.16,34300.0,245878.0,7.17
002014.SZ,20260923,10.91,10.91,10.91,10.91,2900.0,31639.0,10.91
002015.SZ,20260923,15.95,15.98,15.98,15.93,241300.0,3854368.0,15.97
002016.SZ,20260923,4.76,4.77,4.77,4.76,24900.0,118728.0,4.77
002017.SZ,20260923,14.85,14.88,14.89,14.82,79000.0,1175124.96,14.88
002019.SZ,20260923,9.6,9.56,9.6,9.56,15400.0,147228.0,9.56
002020.SZ,20260923,11.64,11.63,11.65,11.63,54800.0,637447.0,11.63
002021.SZ,20260923,2.61,2.61,2.61,2.61,41000.0,107010.0,2.61
002022.SZ,20260923,6.12,6.17,6.19,6.12,573000.0,3535233.92,6.17
002023.SZ,20260923,10.05,10.03,10.06,10.03,73410.0,736372.32,10.03
002024.SZ,20260923,1.16,1.17,1.17,1.16,363200.0,424850.0,1.17
002025.SZ,20260923,73.23,73.37,73.38,72.92,61700.0,4524230.08,73.33
002026.SZ,20260923,11.18,11.2,11.24,11.11,286600.0,3209142.08,11.2
002027.SZ,20260923,4.73,4.73,4.75,4.73,493215.0,2334440.0,4.73
002028.SZ,20260923,129.32,129.68,129.68,128.43,268900.0,34848005.12,129.6
002029.SZ,20260923,9.07,9.09,9.09,9.03,319400.0,2900248.96,9.08
002030.SZ,20260923,5.58,5.6,5.6,5.58,103100.0,577324.0,5.6
002031.SZ,20260923,5.25,5.25,5.25,5.24,417200.0,2190120.96,5.25
002032.SZ,20260923,39.3,39.3,39.45,39.3,14900.0,587075.0,39.4
002033.SZ,20260923,8.42,8.41,8.42,8.41,139100.0,1170040.0,8.41
002034.SZ,20260923,14.46,14.47,14.47,14.46,3500.0,50643.0,14.47
002035.SZ,20260923,4.61,4.61,4.61,4.61,37200.0,171492.0,4.61
002036.SZ,20260923,6.36,6.36,6.37,6.36,97100.0,617591.0,6.36
002037.SZ,20260923,7.0,7.02,7.03,7.0,80200.0,562698.0,7.02
002038.SZ,20260923,5.86,5.86,5.86,5.85,52500.0,307621.0,5.86
002039.SZ,20260923,19.16,19.18,19.18,19.16,5000.0,95890.0,19.18
002040.SZ,20260923,9.23,9.23,9.25,9.21,90800.0,837964.96,9.23
002041.SZ,20260923,10.4,10.41,10.44,10.39,63600.0,661958.0,10.41
002042.SZ,20260923,4.01,4.0,4.02,4.0,1356300.0,5427610.24,4.0
002043.SZ,20260923,11.29,11.27,11.31,11.27,33200.0,374397.0,11.28
002044.SZ,20260923,4.57,4.57,4.57,4.56,328800.0,1502497.92,4.57
002045.SZ,20260923,9.35,9.37,9.38,9.3,588800.0,5511198.72,9.36
002046.SZ,20260923,64.32,64.34,64.34,64.29,65200.0,4194688.96,64.34
002047.SZ,20260923,3.39,3.39,3.39,3.38,50500.0,171133.0,3.39
002048.SZ,20260923,18.51,18.55,18.55,18.5,34500.0,639755.0,18.54
002049.SZ,20260923,61.8,61.86,61.86,61.8,90000.0,5567064.96,61.86
002050.SZ,20260923,36.39,36.3,36.39,36.28,322700.0,11719296.0,36.32
002051.SZ,20260923,9.5,9.42,9.56,9.39,2739879.04,25852480.0,9.44
002052.SZ,20260923,8.47,8.47,8.47,8.47,1100.0,9317.0,8.47
002053.SZ,20260923,9.52,9.53,9.53,9.52,6600.0,62893.0,9.53
002054.SZ,20260923,7.17,7.17,7.18,7.16,38100.0,273215.0,7.17
002055.SZ,20260923,7.02,7.0,7.03,7.0,591400.0,4140809.92,7.0
002056.SZ,20260923,20.4,20.39,20.49,20.39,69400.0,1418204.0,20.44
002057.SZ,20260923,9.14,9.1,9.14,9.09,38700.0,352490.0,9.11
002058.SZ,20260923,17.91,17.79,17.91,17.77,25400.0,452025.0,17.8
002059.SZ,20260923,4.62,4.62,4.63,4.61,545600.0,2520456.0,4.62
002060.SZ,20260923,3.04,3.04,3.04,3.04,65900.0,200336.0,3.04
002061.SZ,20260923,3.34,3.34,3.35,3.34,65100.0,217466.0,3.34
002062.SZ,20260923,9.59,9.61,9.61,9.59,86100.0,827352.96,9.61
002063.SZ,20260923,5.39,5.4,5.4,5.39,42600.0,230030.0,5.4
002064.SZ,20260923,9.97,9.95,9.99,9.95,33900.0,337643.0,9.96
002065.SZ,20260923,6.76,6.76,6.76,6.75,257900.0,1743384.0,6.76
002066.SZ,20260923,20.35,20.33,20.35,20.33,3800.0,77277.0,20.34
002067.SZ,20260923,4.13,4.13,4.13,4.12,161700.0,667781.0,4.13
002068.SZ,20260923,9.95,9.98,9.99,9.91,1662700.0,16574432.0,9.97
002069.SZ,20260923,3.72,3.72,3.74,3.72,92000.0,342299.0,3.72
002072.SZ,20260923,7.33,7.33,7.36,7.33,69000.0,505842.0,7.33
002073.SZ,20260923,5.77,5.77,5.78,5.75,103600.0,597817.0,5.77
002074.SZ,20260923,27.62,27.62,27.72,27.57,488200.0,13484998.4,27.62
002075.SZ,20260923,3.56,3.56,3.57,3.56,46298.0,164830.88,3.56
002076.SZ,20260923,2.16,2.16,2.16,2.16,174200.0,376272.0,2.16
002077.SZ,20260923,13.97,14.0,14.06,13.94,397100.0,5558250.88,14.0
002078.SZ,20260923,13.71,13.72,13.72,13.7,53400.0,732520.0,13.72
002079.SZ,20260923,9.05,9.06,9.06,9.03,140700.0,1274415.04,9.06
002080.SZ,20260923,61.2,61.41,61.56,61.2,1347000.0,82750039.04,61.43
002081.SZ,20260923,5.27,5.25,5.28,5.23,2950307.84,15492648.96,5.25
002082.SZ,20260923,11.37,11.28,11.37,11.21,866000.0,9774048.0,11.29
002083.SZ,20260923,9.78,9.81,9.81,9.78,123200.0,1207402.0,9.8
002084.SZ,20260923,6.29,6.3,6.35,6.28,3010300.16,18969024.0,6.3
002085.SZ,20260923,9.62,9.61,9.62,9.61,43900.0,421932.0,9.61
002086.SZ,20260923,2.08,2.08,2.08,2.07,350000.0,727756.0,2.08
002088.SZ,20260923,8.15,8.15,8.15,8.13,11400.0,92885.0,8.15
002090.SZ,20260923,9.15,9.15,9.15,9.15,3600.0,32940.0,9.15
002091.SZ,20260923,7.55,7.57,7.57,7.55,39000.0,295002.0,7.56
002092.SZ,20260923,4.51,4.5,4.51,4.5,87700.0,394691.0,4.5
002093.SZ,20260923,7.65,7.68,7.71,7.63,964600.0,7406782.08,7.68
002094.SZ,20260923,5.36,5.38,5.42,5.35,225200.0,1211538.0,5.38
002095.SZ,20260923,16.1,16.06,16.11,16.03,107200.0,1721848.0,16.06
002096.SZ,20260923,9.38,9.38,9.38,9.38,14800.0,138824.0,9.38
002097.SZ,20260923,7.11,7.13,7.13,7.1,34500.0,245872.0,7.13
002098.SZ,20260923,8.2,8.2,8.2,8.2,18500.0,151700.0,8.2
002099.SZ,20260923,5.64,5.6,5.64,5.6,86000.0,481822.0,5.6
002100.SZ,20260923,7.84,7.85,7.88,7.82,11000.0,86316.0,7.85
002101.SZ,20260923,8.72,8.73,8.73,8.72,14000.0,122214.0,8.73
002102.SZ,20260923,2.76,2.76,2.77,2.76,64600.0,178315.0,2.76
002103.SZ,20260923,6.85,6.84,6.88,6.83,381700.0,2611104.96,6.84
002104.SZ,20260923,11.63,11.63,11.68,11.63,1026372.0,11947586.56,11.64
002105.SZ,20260923,6.08,6.05,6.08,6.04,19900.0,120394.0,6.05
002106.SZ,20260923,12.94,13.0,13.01,12.91,649300.0,8426698.24,12.98
002107.SZ,20260923,7.27,7.29,7.29,7.24,115500.0,841136.96,7.28
002108.SZ,20260923,4.39,4.38,4.39,4.38,126600.0,555269.0,4.39
002109.SZ,20260923,2.8,2.8,2.8,2.8,10500.0,29400.0,2.8
002110.SZ,20260923,2.9,2.9,2.91,2.9,29600.0,85841.0,2.9
002111.SZ,20260923,9.45,9.45,9.5,9.44,38900.0,367771.0,9.45
002112.SZ,20260923,14.64,14.66,14.66,14.6,24200.0,354615.0,14.65
002114.SZ,20260923,7.4,7.33,7.4,7.33,7800.0,57228.0,7.34
002115.SZ,20260923,10.18,10.19,10.19,10.18,118400.0,1206372.0,10.19
002116.SZ,20260923,7.22,7.22,7.23,7.22,4500.0,32500.0,7.22
002117.SZ,20260923,8.01,8.0,8.01,7.99,37100.0,296787.0,8.0
002119.SZ,20260923,24.76,24.87,24.87,24.68,345600.0,8585128.96,24.84
002120.SZ,20260923,6.85,6.86,6.87,6.85,283500.0,1943360.96,6.86
002121.SZ,20260923,4.51,4.49,4.54,4.49,2758200.0,12416412.16,4.5
002122.SZ,20260923,2.79,2.79,2.79,2.79,11200.0,31248.0,2.79
002123.SZ,20260923,8.26,8.26,8.29,8.26,295300.0,2439915.04,8.26
002124.SZ,20260923,2.14,2.14,2.15,2.13,3090200.0,6611057.28,2.14
002125.SZ,20260923,12.23,12.23,12.23,12.22,39200.0,479405.0,12.23
002126.SZ,20260923,38.37,38.3,38.53,38.3,54000.0,2069332.96,38.32
002127.SZ,20260923,3.04,3.03,3.06,3.03,173800.0,527360.0,3.03
002128.SZ,20260923,28.16,28.14,28.16,28.13,60000.0,1688444.96,28.14
002129.SZ,20260923,9.56,9.6,9.61,9.56,1116600.0,10714872.32,9.6
002130.SZ,20260923,16.76,16.76,16.78,16.75,125700.0,2106715.04,16.76
002131.SZ,20260923,4.6,4.62,4.62,4.6,3039100.16,14028665.6,4.62
002132.SZ,20260923,4.2,4.2,4.21,4.19,143400.0,602213.0,4.2
002133.SZ,20260923,2.89,2.9,2.9,2.89,60500.0,175244.0,2.9
002134.SZ,20260923,26.99,26.78,26.99,26.78,86900.0,2331668.0,26.83
002135.SZ,20260923,6.16,6.15,6.16,6.15,19900.0,122407.0,6.15
002136.SZ,20260923,11.87,11.87,11.92,11.87,21600.0,256445.0,11.87
002137.SZ,20260923,8.45,8.43,8.48,8.43,507100.0,4276320.0,8.43
002138.SZ,20260923,54.01,54.26,54.49,54.01,200300.0,10870903.04,54.27
002139.SZ,20260923,9.61,9.6,9.64,9.6,74800.0,718192.96,9.6
002140.SZ,20260923,9.46,9.41,9.46,9.41,26600.0,250635.0,9.42
002141.SZ,20260923,7.31,7.39,7.43,7.3,15416399.36,114008023.04,7.4
002142.SZ,20260923,34.66,34.69,34.69,34.61,121300.0,4207648.96,34.69
002144.SZ,20260923,10.93,10.95,10.95,10.93,13200.0,144510.0,10.95
002145.SZ,20260923,4.76,4.77,4.8,4.75,978300.0,4668624.96,4.77
002146.SZ,20260923,1.24,1.25,1.25,1.24,2073000.0,2589928.96,1.25
002148.SZ,20260923,6.63,6.7,6.7,6.63,380400.0,2545548.96,6.69
002149.SZ,20260923,33.57,33.59,33.59,33.56,36400.0,1222536.96,33.59
002150.SZ,20260923,21.73,21.71,21.8,21.71,61100.0,1327779.04,21.73
002151.SZ,20260923,30.39,30.3,30.39,30.29,1135024.96,34399685.12,30.31
002152.SZ,20260923,9.31,9.31,9.33,9.31,169400.0,1577284.0,9.31
002153.SZ,20260923,7.86,7.83,7.9,7.83,489600.0,3834160.96,7.83
002154.SZ,20260923,3.85,3.84,3.85,3.84,53200.0,204371.0,3.84
002155.SZ,20260923,25.15,25.12,25.15,25.1,481000.0,12082974.72,25.12
002156.SZ,20260923,63.75,63.56,63.86,63.56,976034.0,62070681.6,63.6
002157.SZ,20260923,3.01,3.01,3.02,3.01,272800.0,821179.04,3.01
002158.SZ,20260923,27.99,28.0,28.0,27.93,13700.0,383532.0,28.0
002159.SZ,20260923,13.49,13.45,13.52,13.45,8800.0,118443.0,13.46
002160.SZ,20260923,3.94,3.93,3.94,3.93,59800.0,235020.0,3.93
002161.SZ,20260923,6.9,6.88,6.91,6.88,949000.0,6535434.24,6.89
002162.SZ,20260923,4.22,4.22,4.26,4.21,187900.0,795352.0,4.23
002163.SZ,20260923,7.88,7.88,7.88,7.87,76800.0,605141.0,7.88
002164.SZ,20260923,11.62,11.63,11.69,11.57,1448300.0,16841859.84,11.63
002165.SZ,20260923,7.28,7.27,7.3,7.26,775400.0,5638008.96,7.27
002166.SZ,20260923,6.78,6.77,6.78,6.77,14200.0,96171.0,6.77
002167.SZ,20260923,16.6,16.67,16.68,16.6,455600.0,7592638.72,16.67
002168.SZ,20260923,3.69,3.69,3.69,3.69,9200.0,33948.0,3.69
002169.SZ,20260923,14.53,14.52,14.58,14.51,406428.0,5904945.28,14.53
002170.SZ,20260923,10.8,10.8,10.81,10.79,77200.0,833746.0,10.8
002171.SZ,20260923,10.65,10.63,10.66,10.63,157280.0,1672713.44,10.64
002172.SZ,20260923,5.62,5.58,5.63,5.58,8999800.32,50302033.92,5.59
002173.SZ,20260923,18.48,18.45,18.5,18.43,167700.0,3095196.16,18.46
002174.SZ,20260923,14.29,14.31,14.32,14.27,182800.0,2615072.96,14.31
002175.SZ,20260923,2.55,2.55,2.55,2.55,50000.0,127500.0,2.55
002176.SZ,20260923,8.55,8.55,8.58,8.54,129000.0,1103304.96,8.55
002177.SZ,20260923,5.74,5.72,5.74,5.72,118700.0,679108.0,5.72
002178.SZ,20260923,5.32,5.21,5.35,5.21,7037900.16,36763031.04,5.22
002179.SZ,20260923,35.19,35.18,35.2,35.1,68900.0,2423363.04,35.17
002180.SZ,20260923,17.58,17.6,17.6,17.52,225400.0,3966357.12,17.6
002181.SZ,20260923,9.65,9.67,9.69,9.64,1000600.0,9676065.28,9.67
002182.SZ,20260923,11.6,11.61,11.61,11.6,45300.0,525892.0,11.61
002183.SZ,20260923,4.39,4.39,4.41,4.39,197600.0,867662.0,4.39
002184.SZ,20260923,10.0,10.01,10.01,10.0,30000.0,300299.0,10.01
002185.SZ,20260923,18.29,18.28,18.39,18.27,3511299.84,64216258.56,18.29
002186.SZ,20260923,9.58,9.58,9.58,9.58,10499.0,100580.42,9.58
002187.SZ,20260923,5.61,5.58,5.61,5.58,20900.0,116625.0,5.58
002188.SZ,20260923,5.59,5.57,5.59,5.57,95300.0,531030.0,5.57
002189.SZ,20260923,19.44,19.48,19.48,19.41,19800.0,385613.0,19.48
002190.SZ,20260923,24.27,24.29,24.29,24.27,10900.0,264735.0,24.29
002191.SZ,20260923,3.65,3.65,3.65,3.65,105800.0,386170.0,3.65
002192.SZ,20260923,62.7,62.7,62.75,62.6,62200.0,3899857.92,62.7
002193.SZ,20260923,4.62,4.65,4.65,4.62,9700.0,45051.0,4.64
002194.SZ,20260923,10.94,10.95,10.96,10.92,218600.0,2392063.04,10.94
002195.SZ,20260923,6.2,6.2,6.21,6.19,291000.0,1804176.0,6.2
002196.SZ,20260923,10.25,10.26,10.26,10.22,52200.0,535441.0,10.26
002197.SZ,20260923,6.7,6.73,6.73,6.7,37500.0,252145.0,6.72
002198.SZ,20260923,3.67,3.67,3.67,3.67,4600.0,16882.0,3.67
002199.SZ,20260923,12.76,12.75,12.77,12.66,91200.0,1162334.0,12.75
002200.SZ,20260923,6.61,6.61,6.61,6.6,8900.0,58821.0,6.61
002201.SZ,20260923,10.4,10.37,10.42,10.34,362600.0,3761968.0,10.38
002202.SZ,20260923,17.92,17.91,17.92,17.91,214800.0,3847605.12,17.91
002203.SZ,20260923,18.15,18.2,18.2,18.11,52900.0,961252.0,18.17
002204.SZ,20260923,5.45,5.45,5.45,5.43,158100.0,861316.0,5.45
002205.SZ,20260923,10.81,10.83,10.83,10.81,19000.0,205760.0,10.83
002206.SZ,20260923,4.98,4.97,4.98,4.97,74300.0,369870.0,4.98
002207.SZ,20260923,5.53,5.53,5.54,5.53,32400.0,179272.0,5.53
002208.SZ,20260923,10.38,10.38,10.38,10.35,69200.0,718238.0,10.38
002209.SZ,20260923,13.46,13.46,13.49,13.46,11600.0,156157.0,13.46
002210.SZ,20260923,2.16,2.16,2.16,2.15,43200.0,93231.0,2.16
002211.SZ,20260923,3.81,3.81,3.81,3.81,34100.0,129921.0,3.81
002212.SZ,20260923,7.25,7.25,7.26,7.23,1332900.0,9659870.72,7.25
002213.SZ,20260923,29.2,29.17,29.26,29.17,74800.0,2182664.0,29.18
002214.SZ,20260923,18.63,18.63,18.66,18.63,31400.0,585017.0,18.63
002215.SZ,20260923,9.77,9.8,9.8,9.77,27900.0,273357.0,9.8
002216.SZ,20260923,11.72,11.72,11.72,11.72,7800.0,91416.0,11.72
002217.SZ,20260923,1.61,1.61,1.62,1.61,1766500.0,2844078.08,1.61
002218.SZ,20260923,4.13,4.13,4.14,4.11,557900.0,2302887.04,4.13
002219.SZ,20260923,2.16,2.15,2.16,2.15,158400.0,340591.0,2.15
002221.SZ,20260923,5.73,5.73,5.73,5.73,17200.0,98556.0,5.73
002222.SZ,20260923,71.39,71.43,71.5,71.2,185900.0,13277949.44,71.43
002223.SZ,20260923,26.5,26.55,26.55,26.45,21700.0,575857.0,26.54
002224.SZ,20260923,3.76,3.76,3.76,3.76,29200.0,109792.0,3.76
002225.SZ,20260923,3.55,3.54,3.55,3.54,33100.0,117274.0,3.54
002226.SZ,20260923,5.4,5.44,5.44,5.4,152100.0,826322.0,5.43
002227.SZ,20260923,6.48,6.48,6.48,6.48,1500.0,9720.0,6.48
002228.SZ,20260923,3.22,3.21,3.22,3.21,102500.0,329032.0,3.21
002229.SZ,20260923,11.12,11.15,11.15,11.08,198700.0,2213260.96,11.14
002230.SZ,20260923,39.14,39.13,39.14,39.06,169200.0,6620492.8,39.13
002232.SZ,20260923,15.66,15.6,15.67,15.6,165800.0,2587920.32,15.61
002233.SZ,20260923,7.15,7.14,7.15,7.14,65200.0,465631.0,7.14
002234.SZ,20260923,7.93,7.92,7.93,7.92,18500.0,146529.0,7.92
002235.SZ,20260923,8.05,8.03,8.06,8.03,41900.0,336594.0,8.03
002236.SZ,20260923,15.87,15.86,15.87,15.85,92000.0,1459031.04,15.86
002237.SZ,20260923,13.57,13.56,13.6,13.55,347600.0,4713400.0,13.56
002238.SZ,20260923,7.66,7.66,7.66,7.66,6320712.96,48416660.48,7.66
002239.SZ,20260923,2.5,2.5,2.51,2.5,113800.0,284582.0,2.5
002240.SZ,20260923,27.44,27.45,27.46,27.39,120700.0,3313001.92,27.45
002241.SZ,20260923,24.8,24.84,24.9,24.55,2032100.0,50444272.64,24.82
002242.SZ,20260923,9.54,9.53,9.55,9.5,291500.0,2778407.04,9.53
002243.SZ,20260923,7.18,7.15,7.18,7.15,54880.0,392398.0,7.15
002244.SZ,20260923,8.67,8.68,8.71,8.67,186800.0,1623273.92,8.69
002245.SZ,20260923,16.9,16.88,16.93,16.88,176748.0,2984429.12,16.89
002246.SZ,20260923,27.34,27.33,27.47,27.33,759900.96,20797108.48,27.37
002247.SZ,20260923,2.45,2.45,2.46,2.45,80500.0,197237.0,2.45
002248.SZ,20260923,9.56,9.59,9.59,9.52,46600.0,446118.0,9.57
002249.SZ,20260923,6.5,6.5,6.5,6.49,116100.0,754546.0,6.5
002250.SZ,20260923,14.41,14.45,14.45,14.41,11800.0,170506.0,14.45
002251.SZ,20260923,3.54,3.55,3.55,3.54,388800.0,1379318.08,3.55
002252.SZ,20260923,4.98,4.97,4.98,4.97,114900.0,571064.0,4.97
002253.SZ,20260923,9.24,9.24,9.24,9.24,383700.0,3545388.16,9.24
002254.SZ,20260923,12.52,12.52,12.59,12.51,37500.0,469766.0,12.53
002255.SZ,20260923,7.69,7.65,7.69,7.65,20600.0,157594.0,7.65
002256.SZ,20260923,3.23,3.23,3.24,3.23,34100.0,110144.0,3.23
002258.SZ,20260923,14.88,14.86,14.88,14.86,139000.0,2066384.96,14.87
002259.SZ,20260923,4.92,4.91,5.0,4.9,2495600.0,12274928.64,4.92
002261.SZ,20260923,25.76,25.73,25.77,25.71,188700.0,4854947.84,25.73
002262.SZ,20260923,21.73,21.72,21.86,21.72,10400.0,226156.0,21.75
002263.SZ,20260923,3.19,3.19,3.19,3.18,188600.0,601489.0,3.19
002264.SZ,20260923,7.69,7.6,7.71,7.6,3548200.0,26988538.88,7.61
002265.SZ,20260923,19.61,19.6,19.65,19.58,131800.0,2583310.08,19.6
002266.SZ,20260923,5.0,4.99,5.0,4.99,114600.0,571894.0,4.99
002267.SZ,20260923,7.19,7.17,7.19,7.16,12300.0,88210.0,7.17
002268.SZ,20260923,15.03,15.05,15.07,15.02,78802.0,1185736.0,15.05
002269.SZ,20260923,1.41,1.41,1.41,1.41,356900.0,503229.0,1.41
002270.SZ,20260923,18.24,18.24,18.45,18.24,63400.0,1158488.96,18.27
002271.SZ,20260923,10.74,10.72,10.74,10.72,65600.0,703308.0,10.72
002272.SZ,20260923,16.4,16.41,16.42,16.36,66500.0,1091144.0,16.41
002273.SZ,20260923,25.9,25.86,25.97,25.86,153900.0,3981182.08,25.87
002274.SZ,20260923,6.14,6.14,6.15,6.14,90700.0,556952.0,6.14
002275.SZ,20260923,12.28,12.28,12.29,12.28,11900.0,146135.0,12.28
002276.SZ,20260923,10.03,10.03,10.04,10.03,19000.0,190625.0,10.03
002277.SZ,20260923,5.43,5.43,5.45,5.43,158700.0,861794.0,5.43
002278.SZ,20260923,8.08,8.09,8.1,8.08,179300.0,1450808.96,8.09
002279.SZ,20260923,6.94,6.94,6.96,6.93,1472227.04,10217393.92,6.94
002281.SZ,20260923,191.85,192.75,192.75,191.1,140300.0,27009786.88,192.52
002282.SZ,20260923,6.1,6.09,6.1,6.09,4700.0,28626.0,6.09
002283.SZ,20260923,8.15,8.14,8.16,8.12,35100.0,285774.0,8.14
002284.SZ,20260923,9.85,9.86,9.86,9.84,101400.0,999264.96,9.85
002285.SZ,20260923,3.27,3.21,3.28,3.21,15300999.68,49290311.68,3.22
002286.SZ,20260923,7.91,7.91,7.92,7.9,66900.0,529206.0,7.91
002287.SZ,20260923,19.78,19.78,19.78,19.75,4200.0,83062.0,19.78
002289.SZ,20260923,36.55,36.55,36.55,36.5,11800.0,431255.0,36.55
002290.SZ,20260923,75.13,74.8,75.66,74.67,500800.0,37502750.72,74.89
002291.SZ,20260923,5.7,5.7,5.7,5.68,229900.0,1309332.0,5.7
002292.SZ,20260923,9.06,9.06,9.07,9.0,606100.0,5475946.24,9.04
002293.SZ,20260923,10.77,10.77,10.77,10.75,10300.0,110925.0,10.77
002294.SZ,20260923,31.19,31.21,31.25,31.18,34500.0,1076546.0,31.2
002295.SZ,20260923,10.66,10.65,10.8,10.62,350600.0,3737833.92,10.66
002296.SZ,20260923,9.53,9.52,9.53,9.5,74300.0,707144.96,9.52
002297.SZ,20260923,22.09,22.2,22.2,22.03,503300.0,11161649.92,22.18
002298.SZ,20260923,8.96,8.96,8.97,8.94,272600.0,2442468.0,8.96
002299.SZ,20260923,16.14,16.14,16.15,16.14,8600.0,138817.0,16.14
002300.SZ,20260923,8.14,8.14,8.2,8.14,1230400.0,10021418.88,8.15
002301.SZ,20260923,9.43,9.45,9.45,9.3,2489000.0,23485043.2,9.44
002302.SZ,20260923,4.72,4.72,4.73,4.72,60000.0,283220.0,4.72
002303.SZ,20260923,6.58,6.56,6.7,6.55,4871114.88,31995156.48,6.57
002304.SZ,20260923,38.3,38.35,38.35,38.3,13600.0,521529.0,38.35
002305.SZ,20260923,2.03,2.03,2.03,2.03,150400.0,305312.0,2.03
002306.SZ,20260923,2.22,2.22,2.22,2.22,115500.0,256410.0,2.22
002307.SZ,20260923,3.02,3.02,3.04,3.02,178800.0,540869.0,3.03
002309.SZ,20260923,2.95,2.94,2.95,2.94,113400.0,333545.0,2.94
002310.SZ,20260923,2.27,2.27,2.28,2.27,234300.0,532165.0,2.27
002311.SZ,20260923,41.99,42.09,42.09,41.99,5000.0,210367.0,42.07
002312.SZ,20260923,8.66,8.66,8.67,8.64,278800.0,2413564.96,8.66
002313.SZ,20260923,9.8,9.67,9.81,9.58,2159700.0,20925984.0,9.69
002314.SZ,20260923,2.31,2.31,2.32,2.31,67800.0,156718.0,2.31
002315.SZ,20260923,25.6,25.73,25.73,25.55,146900.0,3776901.12,25.71
002316.SZ,20260923,4.4,4.4,4.41,4.39,147500.0,648944.0,4.4
002317.SZ,20260923,25.73,25.76,25.77,25.68,95700.0,2464620.96,25.75
002318.SZ,20260923,18.23,18.23,18.27,18.23,23600.0,430295.0,18.23
002319.SZ,20260923,10.19,10.07,10.19,10.07,198700.0,2001895.04,10.08
002320.SZ,20260923,6.65,6.66,6.66,6.64,104600.0,696188.0,6.66
002321.SZ,20260923,2.18,2.17,2.19,2.16,4303400.0,9344485.76,2.17
002322.SZ,20260923,12.12,12.12,12.12,12.11,15000.0,181771.0,12.12
002323.SZ,20260923,1.26,1.26,1.26,1.26,2957200.0,3726072.0,1.26
002324.SZ,20260923,9.17,9.18,9.18,9.16,24200.0,222055.0,9.18
002326.SZ,20260923,17.16,17.17,17.18,17.16,25300.0,434340.0,17.17
002327.SZ,20260923,6.11,6.11,6.12,6.11,8100.0,49511.0,6.11
002328.SZ,20260923,8.83,8.8,8.85,8.8,844500.0,7441457.28,8.81
002329.SZ,20260923,3.7,3.69,3.71,3.67,210599.0,777506.32,3.69
002330.SZ,20260923,4.11,4.09,4.11,4.09,46900.0,192055.0,4.09
002331.SZ,20260923,6.9,6.9,6.9,6.9,31300.0,215970.0,6.9
002332.SZ,20260923,8.75,8.75,8.77,8.74,55600.0,486540.0,8.75
002333.SZ,20260923,5.62,5.63,5.63,5.62,52400.0,294937.0,5.63
002334.SZ,20260923,6.58,6.59,6.59,6.58,33700.0,222022.0,6.59
002335.SZ,20260923,30.3,30.27,30.39,30.27,129489.0,3921266.88,30.28
002337.SZ,20260923,4.76,4.76,4.76,4.76,47500.0,226100.0,4.76
002338.SZ,20260923,44.9,44.71,44.9,44.71,37600.0,1682835.04,44.76
002339.SZ,20260923,7.77,7.77,7.8,7.75,259200.0,2014027.04,7.77
002340.SZ,20260923,6.27,6.27,6.28,6.26,587000.0,3680489.92,6.27
002342.SZ,20260923,7.81,7.81,7.84,7.8,143500.0,1120679.04,7.81
002343.SZ,20260923,5.8,5.78,5.84,5.78,149500.0,864508.96,5.78
002344.SZ,20260923,4.01,4.01,4.01,4.0,11600.0,46513.0,4.01
002345.SZ,20260923,8.74,8.78,8.78,8.71,323600.0,2838881.92,8.77
002346.SZ,20260923,18.92,18.98,18.99,18.92,149800.0,2841384.0,18.97
002347.SZ,20260923,5.93,5.9,5.93,5.89,19900.0,117463.0,5.9
002348.SZ,20260923,10.96,11.0,11.0,10.95,21300.0,234151.0,10.99
002349.SZ,20260923,8.75,8.78,8.8,8.74,2475100.0,21724503.04,8.78
002350.SZ,20260923,14.2,14.21,14.23,14.2,40900.0,581069.0,14.21
002351.SZ,20260923,10.18,10.15,10.18,10.15,24600.0,249937.0,10.16
002352.SZ,20260923,30.91,30.94,30.94,30.9,57400.0,1775670.08,30.94
002353.SZ,20260923,118.92,118.95,118.95,118.0,52800.0,6274476.16,118.84
002354.SZ,20260923,8.0,8.01,8.01,7.96,2372700.0,18985717.76,8.0
002355.SZ,20260923,4.74,4.74,4.74,4.72,25900.0,122644.0,4.74
002356.SZ,20260923,2.73,2.72,2.73,2.72,124300.0,338235.0,2.72
002357.SZ,20260923,12.15,12.15,12.15,12.1,21900.0,265949.0,12.14
002358.SZ,20260923,5.33,5.33,5.33,5.32,5300.0,28236.0,5.33
002360.SZ,20260923,5.39,5.3,5.39,5.3,9000.0,47808.0,5.31
002361.SZ,20260923,10.33,10.34,10.36,10.33,320100.0,3309455.04,10.34
002362.SZ,20260923,16.49,16.46,16.49,16.46,39600.0,651872.0,16.46
002363.SZ,20260923,6.86,6.86,6.86,6.86,20600.0,141316.0,6.86
002364.SZ,20260923,36.64,36.59,36.64,36.49,155700.0,5696675.2,36.59
002365.SZ,20260923,14.27,14.31,14.35,14.2,240200.0,3435500.16,14.3
002366.SZ,20260923,5.77,5.77,5.77,5.75,90600.0,522432.0,5.77
002367.SZ,20260923,6.09,6.06,6.1,6.03,1490900.0,9035372.8,6.06
002368.SZ,20260923,13.39,13.41,13.41,13.39,47400.0,635579.0,13.41
002369.SZ,20260923,5.77,5.77,5.78,5.77,20900.0,120606.0,5.77
002370.SZ,20260923,5.38,5.39,5.39,5.37,25400.0,136675.0,5.38
002371.SZ,20260923,674.0,675.01,675.01,674.0,40600.0,27398087.68,674.83
002372.SZ,20260923,8.19,8.18,8.19,8.18,22000.0,179973.0,8.18
002373.SZ,20260923,7.45,7.47,7.49,7.45,95100.0,709158.0,7.46
002374.SZ,20260923,3.19,3.19,3.19,3.19,61000.0,194590.0,3.19
002375.SZ,20260923,3.82,3.81,3.82,3.81,20600.0,78508.0,3.81
002376.SZ,20260923,6.78,6.79,6.79,6.78,19300.0,130985.0,6.79
002377.SZ,20260923,3.07,3.07,3.07,3.05,526300.0,1614350.08,3.07
002378.SZ,20260923,23.6,23.62,23.62,23.6,95200.0,2248132.96,23.62
002379.SZ,20260923,17.07,17.06,17.08,17.06,97800.0,1668828.96,17.06
002380.SZ,20260923,27.47,27.51,27.51,27.47,19900.0,547429.0,27.51
002381.SZ,20260923,5.6,5.62,5.62,5.6,35900.0,201689.0,5.62
002382.SZ,20260923,5.96,5.96,5.96,5.93,13400.0,79726.0,5.95
002383.SZ,20260923,8.16,8.2,8.21,8.15,574300.0,4705328.96,8.19
002384.SZ,20260923,197.5,197.01,198.12,196.71,531500.0,104774082.56,197.13
002385.SZ,20260923,3.2,3.2,3.2,3.19,166100.0,531263.0,3.2
002386.SZ,20260923,6.07,6.06,6.12,6.06,66800.0,405784.0,6.08
002387.SZ,20260923,7.01,7.01,7.02,7.01,17900.0,125579.0,7.02
002388.SZ,20260923,7.92,7.93,7.98,7.9,1588400.0,12610496.0,7.94
002389.SZ,20260923,18.86,18.87,18.88,18.85,99300.0,1873559.04,18.87
002390.SZ,20260923,3.02,3.02,3.03,3.02,56800.0,171586.0,3.02
002391.SZ,20260923,5.22,5.22,5.23,5.22,54900.0,286647.0,5.22
002392.SZ,20260923,7.72,7.72,7.72,7.7,24800.0,191436.0,7.72
002393.SZ,20260923,14.02,14.02,14.07,14.02,8400.0,117778.0,14.02
002394.SZ,20260923,10.4,10.35,10.44,10.34,6000.0,62246.0,10.37
002395.SZ,20260923,12.61,12.64,12.64,12.61,14100.0,178170.0,12.64
002396.SZ,20260923,37.92,37.98,37.99,37.73,733900.0,27855411.2,37.96
002397.SZ,20260923,3.63,3.63,3.63,3.62,66100.0,239779.0,3.63
002398.SZ,20260923,4.21,4.21,4.24,4.21,45900.0,193472.0,4.22
002399.SZ,20260923,9.71,9.73,9.73,9.71,7900.0,76849.0,9.73
002400.SZ,20260923,6.74,6.75,6.76,6.73,1188800.0,8023212.8,6.75
002401.SZ,20260923,12.22,12.2,12.22,12.2,14700.0,179420.0,12.21
002402.SZ,20260923,18.94,18.95,18.95,18.92,26000.0,492640.0,18.95
002403.SZ,20260923,10.4,10.38,10.4,10.37,119900.0,1245235.04,10.39
002404.SZ,20260923,5.88,5.88,5.91,5.88,14800.0,87075.0,5.88
002405.SZ,20260923,6.13,6.12,6.14,6.12,143800.0,880236.96,6.12
002406.SZ,20260923,6.45,6.45,6.46,6.45,26800.0,172861.0,6.45
002407.SZ,20260923,32.71,32.7,32.73,32.68,243800.0,7972515.2,32.7
002408.SZ,20260923,5.37,5.37,5.38,5.36,59200.0,317973.0,5.37
002409.SZ,20260923,136.9,137.0,137.64,136.5,97100.0,13299435.52,136.97
002410.SZ,20260923,8.59,8.6,8.61,8.59,41000.0,352572.0,8.6
002412.SZ,20260923,9.55,9.55,9.59,9.54,680700.0,6503656.96,9.55
002413.SZ,20260923,8.26,8.26,8.27,8.24,114400.0,944716.0,8.26
002414.SZ,20260923,12.22,12.21,12.23,12.21,105900.0,1293236.0,12.21
002415.SZ,20260923,33.19,33.19,33.2,33.15,169100.0,5612142.08,33.19
002416.SZ,20260923,9.19,9.2,9.21,9.19,35300.0,324771.0,9.2
002418.SZ,20260923,4.69,4.69,4.69,4.67,366600.0,1718240.96,4.69
002419.SZ,20260923,4.66,4.65,4.66,4.65,21400.0,99512.0,4.65
002420.SZ,20260923,6.17,6.17,6.17,6.14,16600.0,102408.0,6.17
002421.SZ,20260923,3.25,3.25,3.26,3.25,625500.0,2033108.0,3.25
002422.SZ,20260923,42.0,41.88,42.0,41.79,59800.0,2507548.96,41.93
002423.SZ,20260923,9.31,9.3,9.31,9.3,48700.0,453016.0,9.3
002424.SZ,20260923,4.52,4.52,4.52,4.52,5500.0,24860.0,4.52
002425.SZ,20260923,3.18,3.17,3.19,3.14,984300.0,3117157.12,3.17
002426.SZ,20260923,2.66,2.65,2.68,2.65,2443200.0,6481415.68,2.65
002427.SZ,20260923,4.64,4.64,4.67,4.64,18800.0,87235.0,4.64
002428.SZ,20260923,93.52,93.5,93.59,93.23,464000.0,43370987.52,93.47
002429.SZ,20260923,8.25,8.22,8.25,8.22,113500.0,933280.0,8.22
002430.SZ,20260923,25.6,25.6,25.74,25.6,24700.0,632634.0,25.61
002431.SZ,20260923,1.34,1.34,1.34,1.34,155700.0,208638.0,1.34
002432.SZ,20260923,64.38,64.36,64.66,64.36,108500.0,6985354.24,64.38
002434.SZ,20260923,6.23,6.23,6.24,6.22,128200.0,798759.04,6.23
002436.SZ,20260923,44.6,44.47,45.05,44.47,1663616.0,74135782.4,44.56
002437.SZ,20260923,3.73,3.73,3.74,3.72,3070499.84,11450137.6,3.73
002438.SZ,20260923,13.61,13.61,13.62,13.61,37000.0,503591.0,13.61
002439.SZ,20260923,14.56,14.64,14.66,14.56,791200.0,11580023.04,14.64
002440.SZ,20260923,13.06,13.07,13.08,13.0,354400.0,4629552.0,13.06
002441.SZ,20260923,8.19,8.19,8.19,8.19,6200.0,50778.0,8.19
002442.SZ,20260923,5.7,5.7,5.72,5.68,923300.0,5261930.88,5.7
002443.SZ,20260923,14.05,14.03,14.12,14.03,463700.0,6516970.24,14.05
002444.SZ,20260923,28.1,28.1,28.11,28.1,18700.0,525486.0,28.1
002445.SZ,20260923,3.16,3.16,3.17,3.15,336600.0,1064187.04,3.16
002446.SZ,20260923,8.3,8.26,8.3,8.26,58600.0,484224.0,8.26
002448.SZ,20260923,11.23,11.24,11.24,11.23,27800.0,312468.0,11.24
002449.SZ,20260923,6.65,6.64,6.66,6.64,112200.0,745215.04,6.64
002451.SZ,20260923,7.68,7.7,7.7,7.66,17200.0,132322.0,7.69
002452.SZ,20260923,12.15,12.14,12.15,12.14,8100.0,98365.0,12.14
002453.SZ,20260923,5.37,5.32,5.39,5.32,4704460.16,25058867.2,5.33
002454.SZ,20260923,5.08,5.08,5.09,5.08,19100.0,97114.0,5.09
002455.SZ,20260923,7.01,7.02,7.02,7.01,55800.0,391428.0,7.02
002456.SZ,20260923,6.95,6.96,6.98,6.95,430800.0,2998480.96,6.96
002457.SZ,20260923,11.5,11.42,11.51,11.42,77900.0,890535.04,11.43
002458.SZ,20260923,8.33,8.33,8.33,8.32,82300.0,685507.04,8.33
002459.SZ,20260923,6.88,6.89,6.9,6.88,104300.0,718539.04,6.89
002460.SZ,20260923,46.5,46.4,46.5,46.4,124200.0,5764241.92,46.41
002461.SZ,20260923,8.42,8.42,8.42,8.41,12000.0,101039.0,8.42
002462.SZ,20260923,12.36,12.41,12.41,12.36,12700.0,157562.0,12.41
002463.SZ,20260923,124.71,124.66,124.8,124.5,144361.0,17994513.92,124.65
002465.SZ,20260923,10.34,10.34,10.35,10.33,197700.0,2044257.92,10.34
002466.SZ,20260923,43.12,43.14,43.15,43.1,167000.0,7201715.84,43.12
002467.SZ,20260923,5.03,5.01,5.07,5.01,9220248.96,46255600.64,5.02
002468.SZ,20260923,14.82,14.81,14.84,14.81,78900.0,1168654.0,14.81
002469.SZ,20260923,6.26,6.26,6.28,6.26,283900.0,1777563.04,6.26
002470.SZ,20260923,2.12,2.13,2.13,2.11,1496200.0,3183865.92,2.13
002471.SZ,20260923,5.73,5.75,5.75,5.73,341400.0,1962148.96,5.75
002472.SZ,20260923,37.69,37.74,37.74,37.6,21900.0,826019.04,37.72
002474.SZ,20260923,6.61,6.64,6.65,6.57,730100.0,4845647.04,6.64
002475.SZ,20260923,54.94,54.9,55.0,54.9,274937.0,15096387.84,54.91
002476.SZ,20260923,5.0,5.0,5.0,5.0,26500.0,132500.0,5.0
002478.SZ,20260923,6.47,6.46,6.47,6.46,53500.0,345702.0,6.46
002479.SZ,20260923,5.95,5.95,5.95,5.93,86400.0,514040.0,5.95
002480.SZ,20260923,5.26,5.27,5.27,5.26,12200.0,64292.0,5.27
002481.SZ,20260923,4.26,4.27,4.27,4.26,55800.0,238256.0,4.27
002482.SZ,20260923,1.37,1.37,1.38,1.37,732700.0,1003976.0,1.37
002483.SZ,20260923,6.34,6.34,6.34,6.31,42100.0,266859.0,6.34
002484.SZ,20260923,60.85,60.85,60.89,60.63,203900.0,12405943.04,60.84
002485.SZ,20260923,5.98,5.98,5.98,5.98,5500.0,32890.0,5.98
002486.SZ,20260923,2.77,2.77,2.78,2.77,62700.0,173690.0,2.77
002487.SZ,20260923,37.85,37.9,37.96,37.82,387200.0,14673457.92,37.9
002488.SZ,20260923,7.61,7.62,7.62,7.6,48700.0,370974.0,7.62
002489.SZ,20260923,3.08,3.09,3.09,3.08,344500.0,1063371.04,3.09
002490.SZ,20260923,7.27,7.28,7.3,7.27,229600.0,1671684.96,7.28
002491.SZ,20260923,24.42,24.45,24.52,24.3,3652300.16,89251983.36,24.44
002492.SZ,20260923,6.39,6.39,6.39,6.37,61100.0,390416.0,6.39
002493.SZ,20260923,13.2,13.2,13.24,13.19,457700.0,6042675.2,13.2
002494.SZ,20260923,4.91,4.9,4.92,4.87,507600.0,2486559.04,4.9
002495.SZ,20260923,2.44,2.43,2.44,2.43,53500.0,130053.0,2.43
002496.SZ,20260923,2.14,2.14,2.15,2.14,157500.0,337091.0,2.14
002497.SZ,20260923,16.71,16.7,16.75,16.69,91900.0,1534860.0,16.7
002498.SZ,20260923,6.47,6.48,6.49,6.47,290400.0,1881649.92,6.48
002500.SZ,20260923,5.28,5.28,5.29,5.28,51300.0,270869.0,5.28
002501.SZ,20260923,1.31,1.32,1.32,1.31,375400.0,494763.0,1.32
002506.SZ,20260923,2.48,2.48,2.49,2.47,567200.0,1406718.08,2.48
002507.SZ,20260923,11.13,11.13,11.13,11.13,7400.0,82362.0,11.13
002508.SZ,20260923,16.67,16.56,16.67,16.52,49595.0,822847.36,16.59
002510.SZ,20260923,5.77,5.77,5.8,5.77,219100.0,1264664.96,5.77
002511.SZ,20260923,7.05,7.05,7.07,7.05,58600.0,413229.0,7.05
002512.SZ,20260923,4.01,3.99,4.01,3.99,261500.0,1043536.0,3.99
002513.SZ,20260923,5.38,5.37,5.38,5.34,29800.0,159920.0,5.37
002514.SZ,20260923,2.62,2.61,2.62,2.61,197200.0,514935.0,2.61
002515.SZ,20260923,7.74,7.7,7.75,7.7,151700.0,1169316.96,7.71
002516.SZ,20260923,5.69,5.69,5.69,5.69,88000.0,500720.0,5.69
002517.SZ,20260923,16.79,16.79,16.81,16.76,163800.0,2749794.88,16.79
002518.SZ,20260923,39.16,39.11,39.29,39.11,68500.0,2680367.04,39.13
002519.SZ,20260923,5.92,5.94,5.94,5.92,249000.0,1477963.04,5.94
002520.SZ,20260923,6.37,6.39,6.39,6.34,142100.0,907176.96,6.38
002521.SZ,20260923,6.36,6.37,6.37,6.35,6000.0,38196.0,6.37
002522.SZ,20260923,5.95,5.94,5.95,5.92,1112200.0,6606240.0,5.94
002523.SZ,20260923,3.38,3.37,3.38,3.37,27000.0,90991.0,3.37
002524.SZ,20260923,4.12,4.11,4.12,4.1,51300.0,210845.0,4.11
002526.SZ,20260923,2.63,2.63,2.63,2.63,62700.0,164901.0,2.63
002527.SZ,20260923,10.73,10.73,10.73,10.7,10300.0,110493.0,10.73
002528.SZ,20260923,6.07,6.05,6.07,6.05,1059500.0,6413287.04,6.05
002529.SZ,20260923,6.74,6.73,6.74,6.73,36400.0,245000.0,6.73
002530.SZ,20260923,7.28,7.32,7.32,7.28,53500.0,391434.0,7.32
002531.SZ,20260923,7.24,7.26,7.27,7.22,2126400.0,15432689.92,7.26
002532.SZ,20260923,12.65,12.66,12.68,12.64,142700.0,1806188.0,12.66
002533.SZ,20260923,10.9,10.9,10.9,10.9,22500.0,245250.0,10.9
002534.SZ,20260923,17.51,17.59,17.64,17.51,41700.0,733627.04,17.59
002535.SZ,20260923,2.44,2.44,2.44,2.44,64000.0,156160.0,2.44
002536.SZ,20260923,52.49,52.55,52.55,52.44,250100.0,13138306.56,52.53
002537.SZ,20260923,5.94,5.92,5.95,5.91,389300.0,2307457.92,5.93
002538.SZ,20260923,6.7,6.72,6.72,6.7,8300.0,55744.0,6.72
002539.SZ,20260923,12.25,12.28,12.28,12.23,24200.0,297049.0,12.28
002540.SZ,20260923,5.03,5.03,5.03,5.02,51100.0,257032.0,5.03
002541.SZ,20260923,17.88,17.92,17.95,17.87,45400.0,813487.04,17.92
002542.SZ,20260923,1.65,1.66,1.66,1.65,53100.0,87844.0,1.65
002543.SZ,20260923,7.24,7.21,7.24,7.2,46000.0,332036.0,7.22
002544.SZ,20260923,16.11,16.1,16.11,16.1,14600.0,235067.0,16.1
002545.SZ,20260923,15.78,15.78,15.79,15.76,80700.0,1273166.0,15.78
002546.SZ,20260923,7.59,7.58,7.59,7.58,82800.0,627789.0,7.58
002547.SZ,20260923,2.36,2.36,2.36,2.36,162500.0,383500.0,2.36
002548.SZ,20260923,4.03,4.03,4.03,4.03,74800.0,301444.0,4.03
002549.SZ,20260923,13.42,13.44,13.44,13.41,65200.0,875920.96,13.43
002550.SZ,20260923,6.55,6.55,6.56,6.51,115500.0,756408.0,6.55
002551.SZ,20260923,3.4,3.38,3.4,3.38,144700.0,490340.0,3.39
002552.SZ,20260923,53.27,53.02,53.33,53.02,105600.0,5603313.28,53.06
002553.SZ,20260923,15.83,15.83,15.83,15.8,23900.0,378240.0,15.83
002554.SZ,20260923,2.8,2.8,2.8,2.8,27900.0,78120.0,2.8
002555.SZ,20260923,17.74,17.76,17.78,17.74,75800.0,1346120.96,17.76
002556.SZ,20260923,5.15,5.18,5.19,5.15,56500.0,292688.0,5.18
002557.SZ,20260923,18.15,18.18,18.18,18.12,13500.0,245378.0,18.18
002558.SZ,20260923,24.15,24.18,24.2,24.1,845600.0,20438616.32,24.17
002559.SZ,20260923,9.12,9.13,9.13,9.12,52100.0,475599.0,9.13
002560.SZ,20260923,7.34,7.35,7.37,7.32,511300.0,3757016.64,7.35
002561.SZ,20260923,7.5,7.5,7.52,7.49,24400.0,183001.0,7.5
002562.SZ,20260923,4.9,4.92,4.94,4.9,85700.0,420836.0,4.91
002563.SZ,20260923,5.46,5.48,5.48,5.45,27300.0,149520.0,5.48
002564.SZ,20260923,5.59,5.54,5.65,5.51,4883299.84,27093685.76,5.55
002565.SZ,20260923,9.01,9.01,9.04,8.99,352400.0,3175226.88,9.01
002566.SZ,20260923,7.08,7.12,7.12,7.08,27200.0,193628.0,7.12
002567.SZ,20260923,3.76,3.76,3.76,3.75,44400.0,166886.0,3.76
002568.SZ,20260923,18.96,19.19,19.19,18.88,1013700.0,19419343.36,19.16
002569.SZ,20260923,11.47,11.5,11.5,11.47,14900.0,171305.0,11.5
002570.SZ,20260923,4.46,4.46,4.46,4.45,35200.0,156857.0,4.46
002571.SZ,20260923,11.2,11.15,11.2,11.15,3400.0,37990.0,11.17
002572.SZ,20260923,7.5,7.51,7.51,7.5,51400.0,385997.0,7.51
002573.SZ,20260923,3.14,3.14,3.14,3.13,22900.0,71904.0,3.14
002574.SZ,20260923,5.1,5.1,5.12,5.1,54000.0,275500.0,5.1
002575.SZ,20260923,5.33,5.3,5.35,5.27,1368700.0,7254209.92,5.3
002576.SZ,20260923,14.44,14.44,14.44,14.44,16800.0,242592.0,14.44
002577.SZ,20260923,22.45,22.5,22.5,22.45,15700.0,353206.0,22.5
002578.SZ,20260923,4.18,4.18,4.19,4.18,41500.0,173471.0,4.18
002579.SZ,20260923,18.84,18.87,18.97,18.82,1264200.0,23850570.24,18.87
002580.SZ,20260923,19.26,19.24,19.3,19.2,356800.0,6864400.0,19.24
002581.SZ,20260923,5.3,5.33,5.33,5.29,134200.0,714947.04,5.33
002582.SZ,20260923,9.84,9.85,9.86,9.82,69000.0,679676.0,9.85
002583.SZ,20260923,8.14,8.13,8.18,8.13,121800.0,990651.04,8.13
002584.SZ,20260923,9.27,9.23,9.27,9.21,1340500.0,12374114.56,9.23
002585.SZ,20260923,11.89,11.9,11.93,11.84,3665600.0,43609134.08,11.9
002586.SZ,20260923,3.75,3.75,3.75,3.75,19400.0,72750.0,3.75
002587.SZ,20260923,5.34,5.34,5.34,5.34,20400.0,108936.0,5.34
002588.SZ,20260923,7.73,7.74,7.74,7.73,26000.0,201179.0,7.74
002589.SZ,20260923,3.53,3.51,3.55,3.51,13560299.52,47683102.72,3.52
002590.SZ,20260923,9.68,9.68,9.68,9.67,10200.0,98735.0,9.68
002591.SZ,20260923,6.36,6.37,6.38,6.36,39300.0,250323.0,6.37
002592.SZ,20260923,6.45,6.45,6.45,6.45,5100.0,32895.0,6.45
002593.SZ,20260923,4.57,4.58,4.58,4.57,25100.0,114957.0,4.58
002594.SZ,20260923,85.98,86.0,86.05,85.88,296300.0,25478996.48,85.99
002595.SZ,20260923,39.8,39.97,39.98,39.8,11500.0,459639.0,39.97
002596.SZ,20260923,3.27,3.27,3.3,3.27,604400.0,1977395.04,3.27
002597.SZ,20260923,22.13,22.18,22.18,22.13,7404.0,164177.52,22.17
002598.SZ,20260923,7.1,7.1,7.1,7.1,59000.0,418900.0,7.1
002599.SZ,20260923,5.59,5.6,5.6,5.58,22600.0,126463.0,5.6
002600.SZ,20260923,12.58,12.55,12.59,12.55,689300.0,8652289.92,12.55
002601.SZ,20260923,15.25,15.25,15.25,15.23,16800.0,256138.0,15.25
002602.SZ,20260923,14.57,14.58,14.58,14.51,543600.0,7919505.28,14.57
002603.SZ,20260923,15.52,15.52,15.54,15.51,29800.0,462449.0,15.52
002605.SZ,20260923,16.83,16.82,16.88,16.82,36200.0,609096.0,16.83
002606.SZ,20260923,12.62,12.64,12.64,12.61,35400.0,447208.0,12.63
002607.SZ,20260923,1.94,1.95,1.95,1.94,2205700.0,4299728.0,1.95
002608.SZ,20260923,7.31,7.32,7.32,7.29,60500.0,442407.0,7.31
002609.SZ,20260923,7.81,7.82,7.82,7.81,46400.0,362775.0,7.82
002611.SZ,20260923,13.86,13.88,13.89,13.86,48100.0,667384.0,13.88
002612.SZ,20260923,17.22,17.22,17.22,17.16,14600.0,251175.0,17.2
002613.SZ,20260923,3.54,3.53,3.55,3.53,410600.0,1450724.96,3.53
002614.SZ,20260923,7.39,7.57,7.57,7.28,14262200.32,107919923.2,7.57
002615.SZ,20260923,6.41,6.42,6.42,6.38,90599.0,581628.64,6.42
002616.SZ,20260923,4.89,4.9,4.9,4.89,26100.0,127733.0,4.89
002617.SZ,20260923,6.87,6.88,6.89,6.86,1016900.0,6993262.08,6.88
002620.SZ,20260923,5.69,5.69,5.71,5.69,18200.0,103644.0,5.7
002622.SZ,20260923,2.71,2.69,2.75,2.69,2145500.0,5800270.72,2.7
002623.SZ,20260923,19.81,19.68,19.87,19.68,311000.0,6143020.16,19.75
002624.SZ,20260923,9.96,9.97,9.98,9.96,175800.0,1752867.04,9.97
002625.SZ,20260923,27.47,27.6,27.6,27.45,599800.0,16537085.44,27.57
002626.SZ,20260923,16.77,16.77,16.77,16.73,4600.0,77121.0,16.77
002627.SZ,20260923,6.76,6.76,6.76,6.75,67800.0,458286.0,6.76
002628.SZ,20260923,5.19,5.18,5.19,5.18,14100.0,73110.0,5.19
002629.SZ,20260923,4.35,4.36,4.36,4.33,75300.0,327995.0,4.36
002630.SZ,20260923,1.64,1.64,1.64,1.64,97700.0,160228.0,1.64
002631.SZ,20260923,14.23,14.2,14.3,14.2,958450.0,13618698.24,14.21
002632.SZ,20260923,9.8,9.81,9.81,9.78,53800.0,527712.0,9.81
002633.SZ,20260923,15.11,15.11,15.15,15.01,161500.0,2440676.96,15.11
002634.SZ,20260923,4.08,4.09,4.09,4.08,145540.0,595016.2,4.09
002635.SZ,20260923,15.31,15.29,15.34,15.27,110000.0,1681728.96,15.29
002636.SZ,20260923,83.7,83.8,83.8,83.21,989700.0,82783861.76,83.65
002637.SZ,20260923,11.12,11.1,11.16,11.1,80400.0,892980.96,11.11
002638.SZ,20260923,4.33,4.31,4.33,4.31,39400.0,170003.0,4.32
002639.SZ,20260923,14.01,14.02,14.02,13.98,343100.0,4808429.12,14.02
002640.SZ,20260923,3.71,3.71,3.73,3.7,1770100.0,6567043.84,3.71
002641.SZ,20260923,3.85,3.85,3.85,3.83,11300.0,43398.0,3.84
002642.SZ,20260923,7.15,7.14,7.16,7.13,49000.0,349892.0,7.14
002643.SZ,20260923,13.22,13.21,13.26,13.21,38900.0,514007.0,13.21
002644.SZ,20260923,8.38,8.45,8.45,8.38,29500.0,249075.0,8.44
002645.SZ,20260923,18.42,18.42,18.46,18.41,98400.0,1812889.92,18.42
002646.SZ,20260923,7.06,7.03,7.06,7.03,45399.0,319409.96,7.04
002647.SZ,20260923,11.72,11.78,11.8,11.72,433500.0,5106371.84,11.78
002648.SZ,20260923,26.83,26.78,26.83,26.78,80700.0,2161392.96,26.78
002649.SZ,20260923,9.47,9.46,9.47,9.46,28300.0,267787.0,9.46
002650.SZ,20260923,6.82,6.82,6.82,6.77,70100.0,477164.0,6.81
002651.SZ,20260923,8.26,8.29,8.29,8.26,55500.0,459929.0,8.29
002652.SZ,20260923,4.82,4.82,4.82,4.82,57800.0,278596.0,4.82
002653.SZ,20260923,66.01,66.02,66.3,66.0,12300.0,812038.0,66.02
002654.SZ,20260923,14.02,14.01,14.07,14.0,157300.0,2204819.04,14.02
002655.SZ,20260923,39.29,39.36,39.6,39.25,139600.0,5494695.68,39.36
002656.SZ,20260923,2.81,2.8,2.81,2.8,46200.0,129385.0,2.8
002657.SZ,20260923,15.72,15.69,15.79,15.69,27100.0,425292.0,15.69
002658.SZ,20260923,7.37,7.37,7.37,7.37,2000.0,14740.0,7.37
002659.SZ,20260923,4.69,4.68,4.7,4.68,77100.0,360956.0,4.68
002660.SZ,20260923,8.05,8.05,8.1,8.05,32200.0,259295.0,8.05
002661.SZ,20260923,7.7,7.7,7.7,7.69,26800.0,206348.0,7.7
002662.SZ,20260923,3.17,3.17,3.18,3.17,66600.0,211212.0,3.17
002663.SZ,20260923,1.73,1.73,1.73,1.73,62800.0,108644.0,1.73
002664.SZ,20260923,15.0,15.03,15.03,15.0,3900.0,58614.0,15.03
002666.SZ,20260923,4.22,4.22,4.22,4.22,37100.0,156562.0,4.22
002667.SZ,20260923,20.99,20.86,21.09,20.84,508000.0,10602291.84,20.87
002668.SZ,20260923,9.02,9.01,9.02,9.0,43800.0,394541.0,9.01
002669.SZ,20260923,14.03,14.02,14.09,13.95,270400.0,3792921.92,14.03
002670.SZ,20260923,11.81,11.81,11.83,11.8,95500.0,1127948.96,11.81
002671.SZ,20260923,4.04,4.04,4.04,4.03,34900.0,140935.0,4.04
002672.SZ,20260923,4.3,4.19,4.32,4.19,3071849.92,12952199.68,4.22
002673.SZ,20260923,6.8,6.79,6.81,6.78,137400.0,933125.52,6.79
002674.SZ,20260923,20.56,20.6,20.65,20.56,107100.0,2207758.08,20.61
002675.SZ,20260923,12.76,12.76,12.76,12.76,4600.0,58696.0,12.76
002676.SZ,20260923,5.35,5.35,5.35,5.34,18900.0,101105.0,5.35
002677.SZ,20260923,6.18,6.17,6.18,6.16,25400.0,156811.0,6.17
002678.SZ,20260923,4.5,4.49,4.5,4.48,15400.0,69192.0,4.49
002679.SZ,20260923,10.97,10.98,11.0,10.96,102900.0,1129796.96,10.98
002681.SZ,20260923,4.71,4.7,4.71,4.67,421000.0,1977804.0,4.7
002682.SZ,20260923,5.01,5.03,5.03,5.01,121100.0,608528.0,5.03
002683.SZ,20260923,28.55,28.5,28.55,28.41,23600.0,672176.0,28.48
002685.SZ,20260923,5.62,5.61,5.64,5.61,421700.0,2366044.0,5.61
002686.SZ,20260923,6.28,6.28,6.28,6.28,5600.0,35168.0,6.28
002687.SZ,20260923,6.07,6.11,6.11,6.04,590200.0,3602984.0,6.11
002688.SZ,20260923,5.25,5.27,5.27,5.23,12700.0,66905.0,5.27
002689.SZ,20260923,2.97,2.96,2.97,2.96,22700.0,67195.0,2.96
002690.SZ,20260923,15.62,15.6,15.62,15.6,700.0,10928.0,15.61
002691.SZ,20260923,4.18,4.18,4.18,4.18,100.0,418.0,4.18
002692.SZ,20260923,4.4,4.38,4.4,4.38,66600.0,292090.0,4.39
002693.SZ,20260923,9.33,9.35,9.41,9.31,121400.0,1135191.04,9.35
002694.SZ,20260923,2.45,2.45,2.45,2.45,14500.0,35525.0,2.45
002695.SZ,20260923,10.58,10.58,10.58,10.55,11500.0,121589.0,10.57
002696.SZ,20260923,6.94,6.94,6.98,6.9,136800.0,948320.96,6.93
002697.SZ,20260923,4.7,4.71,4.71,4.68,430800.0,2018740.96,4.69
002698.SZ,20260923,11.49,11.48,11.49,11.48,42400.0,486773.0,11.48
002700.SZ,20260923,6.44,6.43,6.44,6.43,10400.0,66885.0,6.43
002701.SZ,20260923,4.4,4.4,4.4,4.4,21500.0,94600.0,4.4
002702.SZ,20260923,5.65,5.65,5.66,5.63,183099.0,1034086.4,5.65
002703.SZ,20260923,16.02,16.1,16.11,16.01,1052700.0,16920788.48,16.07
002705.SZ,20260923,11.81,11.8,11.84,11.8,32400.0,382711.0,11.81
002706.SZ,20260923,8.83,8.78,8.83,8.78,62200.0,546344.0,8.78
002707.SZ,20260923,5.2,5.21,5.21,5.19,87500.0,455639.0,5.21
002708.SZ,20260923,16.8,16.82,16.85,16.8,132200.0,2223440.96,16.82
002709.SZ,20260923,33.17,33.13,33.2,33.13,98000.0,3247662.08,33.14
002712.SZ,20260923,5.16,5.19,5.19,5.15,202900.0,1052015.04,5.19
002713.SZ,20260923,11.02,11.0,11.05,11.0,312466.0,3439960.96,11.01
002714.SZ,20260923,41.77,41.81,41.86,41.75,203877.0,8525297.92,41.82
002715.SZ,20260923,13.3,13.34,13.34,13.3,31100.0,414772.0,13.34
002716.SZ,20260923,9.71,9.7,9.74,9.7,2041600.0,19814435.84,9.71
002717.SZ,20260923,0.92,0.91,0.92,0.91,1256500.0,1143598.0,0.91
002718.SZ,20260923,83.88,83.88,83.88,83.88,1100.0,92268.0,83.88
002719.SZ,20260923,6.28,6.28,6.28,6.28,4800.0,30144.0,6.28
002721.SZ,20260923,2.73,2.73,2.73,2.72,1044300.0,2850775.04,2.73
002722.SZ,20260923,13.23,13.2,13.23,13.2,10500.0,138748.0,13.21
002723.SZ,20260923,7.44,7.45,7.45,7.43,12500.0,93098.0,7.45
002724.SZ,20260923,7.59,7.59,7.63,7.51,780000.0,5916760.32,7.59
002725.SZ,20260923,11.24,11.24,11.24,11.24,4400.0,49456.0,11.24
002726.SZ,20260923,2.52,2.53,2.53,2.52,169400.0,428231.0,2.53
002727.SZ,20260923,10.98,10.91,11.05,10.91,27000.0,294735.0,10.92
002728.SZ,20260923,9.92,9.9,9.92,9.89,96700.0,957402.0,9.9
002729.SZ,20260923,14.0,14.02,14.02,14.0,44600.0,625032.0,14.01
002730.SZ,20260923,22.86,22.92,22.92,22.7,61500.0,1408828.0,22.91
002731.SZ,20260923,0.77,0.77,0.77,0.77,0.0,0.0,0.77
002732.SZ,20260923,14.22,14.24,14.26,14.21,33400.0,475572.0,14.24
002733.SZ,20260923,18.24,18.21,18.24,18.2,47300.0,861375.04,18.21
002734.SZ,20260923,19.21,19.2,19.3,19.16,39000.0,749880.96,19.23
002735.SZ,20260923,12.45,12.48,12.48,12.43,216600.0,2700467.84,12.47
002736.SZ,20260923,9.96,9.97,9.98,9.96,35700.0,355933.0,9.97
002737.SZ,20260923,11.44,11.45,11.45,11.44,18100.0,207222.0,11.45
002738.SZ,20260923,45.84,45.89,46.0,45.82,164100.0,7529320.96,45.88
002739.SZ,20260923,8.58,8.58,8.6,8.58,218900.0,1878558.08,8.58
002741.SZ,20260923,26.7,26.7,26.77,26.7,161200.0,4304522.88,26.7
002742.SZ,20260923,4.37,4.37,4.38,4.36,279500.0,1221350.0,4.37
002743.SZ,20260923,4.68,4.7,4.71,4.66,659200.0,3096349.12,4.7
002745.SZ,20260923,12.56,12.59,12.59,12.54,332900.0,4187967.04,12.58
002746.SZ,20260923,6.29,6.29,6.29,6.28,62600.0,393687.0,6.29
002747.SZ,20260923,29.68,29.68,29.74,29.67,99100.0,2941545.92,29.68
002748.SZ,20260923,12.29,12.29,12.3,12.29,31100.0,382227.0,12.29
002749.SZ,20260923,8.47,8.5,8.5,8.47,22000.0,186682.0,8.49
002752.SZ,20260923,6.13,6.14,6.16,6.13,87500.0,537403.0,6.14
002753.SZ,20260923,6.77,6.78,6.78,6.77,14900.0,100990.0,6.78
002755.SZ,20260923,13.34,13.37,13.37,13.3,463200.0,6189292.16,13.36
002756.SZ,20260923,40.78,40.73,40.79,40.72,17300.0,704651.04,40.73
002757.SZ,20260923,19.98,19.9,20.06,19.86,2716300.16,54108928.0,19.92
002758.SZ,20260923,8.59,8.6,8.61,8.59,37600.0,323378.0,8.6
002759.SZ,20260923,14.78,14.8,14.82,14.76,162900.0,2411251.04,14.8
002760.SZ,20260923,17.65,17.69,17.69,17.65,18500.0,327231.0,17.69
002761.SZ,20260923,7.32,7.31,7.32,7.31,6900.0,50442.0,7.31
002762.SZ,20260923,10.41,10.33,10.41,10.33,38300.0,396870.0,10.36
002763.SZ,20260923,7.33,7.33,7.33,7.33,10200.0,74766.0,7.33
002765.SZ,20260923,6.99,6.95,6.99,6.95,15100.0,105145.0,6.96
002766.SZ,20260923,4.09,4.09,4.09,4.08,57900.0,236806.0,4.09
002767.SZ,20260923,18.79,18.8,18.98,18.72,20300.0,381777.0,18.81
002768.SZ,20260923,75.99,76.0,76.5,75.23,321753.0,24459468.8,76.02
002769.SZ,20260923,6.91,6.91,6.92,6.89,66100.0,456688.0,6.91
002771.SZ,20260923,13.73,13.71,13.83,13.71,35200.0,483290.0,13.73
002772.SZ,20260923,11.07,11.09,11.09,11.07,50000.0,554222.0,11.08
002773.SZ,20260923,20.31,20.32,20.35,20.31,32200.0,654048.0,20.31
002774.SZ,20260923,17.2,17.46,17.46,17.2,140200.0,2442776.96,17.42
002775.SZ,20260923,3.32,3.35,3.35,3.32,139400.0,465940.0,3.34
002777.SZ,20260923,12.84,12.8,12.84,12.79,17800.0,227842.0,12.8
002778.SZ,20260923,16.02,16.02,16.02,16.02,8700.0,139374.0,16.02
002779.SZ,20260923,82.79,82.4,82.79,82.0,18500.0,1525185.92,82.44
002780.SZ,20260923,14.73,14.79,14.79,14.68,28500.0,421330.0,14.78
002782.SZ,20260923,15.3,15.3,15.3,15.24,14100.0,215559.0,15.29
002783.SZ,20260923,8.09,8.09,8.09,8.09,21500.0,173935.0,8.09
002785.SZ,20260923,41.48,41.54,41.54,41.3,12900.0,535436.0,41.51
002786.SZ,20260923,7.89,7.89,7.9,7.88,126700.0,999722.0,7.89
002787.SZ,20260923,26.64,26.66,26.66,26.48,162100.0,4319338.88,26.65
002788.SZ,20260923,11.21,11.25,11.29,11.21,53000.0,596218.0,11.25
002789.SZ,20260923,12.93,12.93,12.99,12.93,49200.0,636290.0,12.93
002790.SZ,20260923,6.68,6.69,6.69,6.66,358900.0,2400272.96,6.69
002791.SZ,20260923,15.35,15.35,15.35,15.35,11700.0,179595.0,15.35
002792.SZ,20260923,35.29,35.38,35.38,35.12,521200.0,18426511.36,35.35
002793.SZ,20260923,4.88,4.89,4.89,4.88,24600.0,120252.0,4.89
002795.SZ,20260923,8.06,8.06,8.1,8.01,313900.0,2531150.08,8.06
002796.SZ,20260923,31.28,31.34,31.45,31.28,64500.0,2020519.04,31.33
002797.SZ,20260923,6.35,6.35,6.36,6.34,170600.0,1083446.0,6.35
002798.SZ,20260923,6.65,6.68,6.68,6.65,42400.0,283226.0,6.68
002799.SZ,20260923,6.99,6.99,6.99,6.96,19100.0,133404.0,6.99
002800.SZ,20260923,15.03,15.07,15.07,15.03,8100.0,122009.0,15.06
002801.SZ,20260923,26.8,26.8,26.8,26.8,500.0,13400.0,26.8
002802.SZ,20260923,12.4,12.36,12.4,12.36,6800.0,84128.0,12.37
002803.SZ,20260923,21.02,21.08,21.08,21.01,57300.0,1206666.0,21.06
002805.SZ,20260923,16.74,16.72,16.74,16.72,19500.0,326158.0,16.73
002806.SZ,20260923,15.2,15.37,15.38,15.2,56300.0,862408.96,15.32
002807.SZ,20260923,4.14,4.14,4.14,4.14,360300.0,1491641.92,4.14
002809.SZ,20260923,8.47,8.48,8.48,8.44,8700.0,73752.0,8.48
002810.SZ,20260923,21.6,21.55,21.61,21.55,9500.0,204781.0,21.56
002811.SZ,20260923,17.52,17.44,17.54,17.44,132400.0,2311894.08,17.46
002812.SZ,20260923,47.5,47.5,47.6,47.5,57000.0,2708653.12,47.52
002813.SZ,20260923,22.42,22.49,22.49,22.42,6600.0,148371.0,22.48
002815.SZ,20260923,25.06,25.15,25.25,25.0,1274100.0,32051320.32,25.16
002816.SZ,20260923,22.04,22.1,22.1,22.04,47200.0,1042984.0,22.1
002817.SZ,20260923,6.78,6.8,6.8,6.77,73900.0,502336.0,6.8
002818.SZ,20260923,11.22,11.24,11.25,11.22,13900.0,156211.0,11.24
002819.SZ,20260923,22.06,22.04,22.06,22.02,11300.0,249030.0,22.04
002820.SZ,20260923,10.02,10.03,10.03,10.01,50700.0,508486.0,10.03
002821.SZ,20260923,188.22,188.0,188.5,187.66,43599.0,8198403.2,188.04
002822.SZ,20260923,2.94,2.94,2.95,2.94,9800.0,28822.0,2.94
002823.SZ,20260923,12.93,12.93,12.93,12.93,9100.0,117663.0,12.93
002824.SZ,20260923,28.54,28.5,28.8,28.5,83900.0,2392923.04,28.52
002825.SZ,20260923,9.64,9.66,9.66,9.51,34600.0,333618.0,9.64
002826.SZ,20260923,17.3,17.3,17.31,17.3,10900.0,188601.0,17.3
002827.SZ,20260923,75.5,76.0,76.3,75.0,583400.0,44330736.64,75.99
002828.SZ,20260923,11.02,11.0,11.02,10.96,110800.0,1218767.04,11.0
002829.SZ,20260923,20.4,20.33,20.43,20.33,23300.0,473753.0,20.33
002830.SZ,20260923,15.1,15.09,15.1,15.09,5900.0,89048.0,15.09
002831.SZ,20260923,29.06,28.61,29.06,28.61,26900.0,775488.96,28.83
002832.SZ,20260923,25.61,25.61,25.65,25.61,7800.0,199806.0,25.62
002833.SZ,20260923,18.5,18.44,18.5,18.44,8600.0,158711.0,18.46
002835.SZ,20260923,13.2,13.2,13.22,13.17,36600.0,482905.0,13.19
002836.SZ,20260923,11.17,11.17,11.2,11.13,669700.0,7480076.8,11.17
002837.SZ,20260923,61.7,61.51,61.88,61.5,255900.0,15749707.52,61.55
002838.SZ,20260923,25.4,25.36,25.45,25.36,7200.0,182754.0,25.38
002839.SZ,20260923,4.28,4.28,4.29,4.27,193800.0,829343.04,4.28
002840.SZ,20260923,8.38,8.42,8.42,8.38,83200.0,700500.0,8.42
002841.SZ,20260923,48.06,48.1,48.1,48.04,40000.0,1923158.08,48.08
002842.SZ,20260923,34.26,34.26,34.34,34.25,186155.0,6378294.4,34.26
002843.SZ,20260923,16.28,16.28,16.3,16.28,44800.0,729375.04,16.28
002845.SZ,20260923,14.65,14.63,14.65,14.63,50100.0,733208.96,14.64
002846.SZ,20260923,11.53,11.58,11.61,11.53,180600.0,2090878.08,11.58
002847.SZ,20260923,43.48,43.5,43.56,43.48,7200.0,313202.0,43.5
002848.SZ,20260923,15.4,15.5,15.54,15.4,86000.0,1332479.04,15.49
002849.SZ,20260923,21.76,21.46,21.88,20.89,1022000.0,21912112.64,21.44
002850.SZ,20260923,171.0,172.0,172.0,171.0,8900.0,1530264.96,171.94
002851.SZ,20260923,124.38,124.38,124.69,124.08,135000.0,16791476.48,124.38
002852.SZ,20260923,8.26,8.29,8.3,8.25,416000.0,3448262.08,8.29
002853.SZ,20260923,22.48,22.28,22.48,22.28,600.0,13448.0,22.41
002855.SZ,20260923,13.5,13.53,13.53,13.46,194500.0,2630337.92,13.52
002856.SZ,20260923,19.77,19.77,19.77,19.77,167800.0,3317406.08,19.77
002857.SZ,20260923,17.92,17.93,18.07,17.92,6300.0,112969.0,17.93
002858.SZ,20260923,11.64,11.65,11.65,11.64,5400.0,62900.0,11.65
002859.SZ,20260923,67.3,67.15,67.72,67.15,87900.0,5909816.96,67.23
002860.SZ,20260923,18.39,18.39,18.39,18.39,0.0,0.0,18.39
002861.SZ,20260923,14.92,15.0,15.05,14.92,18500.0,277461.0,15.0
002862.SZ,20260923,15.88,16.0,16.0,15.88,47400.0,757342.0,15.98
002863.SZ,20260923,4.76,4.77,4.77,4.75,22600.0,107731.0,4.77
002864.SZ,20260923,21.39,21.53,21.53,21.39,4500.0,96775.0,21.51
002865.SZ,20260923,38.33,38.33,38.58,38.33,21200.0,813124.96,38.36
002866.SZ,20260923,14.56,14.56,14.56,14.53,23500.0,342154.0,14.56
002867.SZ,20260923,10.25,10.26,10.26,10.25,20700.0,212362.0,10.26
002868.SZ,20260923,23.55,23.54,23.57,23.53,8900.0,209505.0,23.54
002869.SZ,20260923,17.3,17.32,17.4,17.15,337700.0,5848154.24,17.32
002870.SZ,20260923,49.99,49.85,50.0,49.7,9300.0,463781.0,49.87
002871.SZ,20260923,18.6,18.67,18.7,18.6,45400.0,847651.04,18.67
002872.SZ,20260923,6.01,6.02,6.02,6.01,26000.0,156440.0,6.02
002873.SZ,20260923,8.55,8.56,8.56,8.55,56200.0,481005.0,8.56
002875.SZ,20260923,13.25,13.23,13.25,13.18,24700.0,327069.0,13.24
002876.SZ,20260923,32.62,32.66,32.66,32.3,5900.0,192608.0,32.65
002877.SZ,20260923,7.56,7.56,7.6,7.56,7600.0,57556.0,7.57
002878.SZ,20260923,12.81,12.8,12.86,12.8,45200.0,579064.0,12.81
002879.SZ,20260923,16.83,16.84,16.85,16.81,23900.0,402526.0,16.84
002880.SZ,20260923,21.64,21.7,21.8,21.64,5600.0,121452.0,21.69
002881.SZ,20260923,47.73,47.51,47.73,47.51,56800.0,2699872.0,47.53
002882.SZ,20260923,22.54,22.5,22.54,22.46,111300.0,2504215.04,22.5
002883.SZ,20260923,9.21,9.21,9.21,9.21,0.0,0.0,9.21
002884.SZ,20260923,15.54,15.54,15.54,15.54,2700.0,41958.0,15.54
002885.SZ,20260923,28.51,28.4,28.51,28.4,70500.0,2006584.0,28.46
002886.SZ,20260923,26.63,26.69,26.7,26.36,420500.0,11206361.6,26.65
002887.SZ,20260923,9.06,9.02,9.06,9.02,26100.0,235513.0,9.02
002888.SZ,20260923,19.16,18.91,19.16,18.91,7700.0,145694.0,18.92
002889.SZ,20260923,12.1,12.1,12.1,12.06,2500.0,30242.0,12.1
002890.SZ,20260923,15.62,15.53,15.62,15.53,30300.0,471016.0,15.55
002891.SZ,20260923,29.61,29.62,29.62,29.52,29900.0,885451.04,29.61
002892.SZ,20260923,8.7,8.69,8.7,8.69,27900.0,242454.0,8.69
002893.SZ,20260923,10.25,10.25,10.25,10.23,20200.0,206998.0,10.25
002895.SZ,20260923,30.79,30.75,30.79,30.75,6600.0,202994.0,30.76
002896.SZ,20260923,61.25,61.25,61.3,61.25,29300.0,1794771.04,61.26
002897.SZ,20260923,69.28,69.32,69.69,69.1,65500.0,4541843.84,69.34
002899.SZ,20260923,21.33,21.24,21.33,21.24,5100.0,108372.0,21.25
002900.SZ,20260923,12.9,12.97,13.0,12.9,527000.0,6835358.08,12.97
002901.SZ,20260923,40.31,40.4,40.4,40.31,9500.0,383781.0,40.4
002902.SZ,20260923,29.04,29.01,29.18,29.0,232241.0,6741966.72,29.03
002903.SZ,20260923,31.21,31.26,31.26,31.1,24000.0,749955.04,31.25
002905.SZ,20260923,8.96,8.92,8.96,8.92,96200.0,859032.0,8.93
002906.SZ,20260923,28.02,27.96,28.02,27.96,65300.0,1825958.08,27.96
002907.SZ,20260923,15.03,14.98,15.09,14.9,388600.0,5823914.24,14.99
002908.SZ,20260923,7.12,7.12,7.12,7.11,25200.0,179416.0,7.12
002909.SZ,20260923,6.82,6.85,6.85,6.82,528000.0,3615004.16,6.85
002910.SZ,20260923,10.17,10.18,10.3,10.16,47600.0,485960.0,10.21
002911.SZ,20260923,11.24,11.25,11.26,11.24,24200.0,272231.0,11.25
002912.SZ,20260923,26.14,26.25,26.45,26.05,1797832.0,47162849.28,26.23
002913.SZ,20260923,88.16,88.32,88.47,88.12,192200.0,16966339.84,88.27
002915.SZ,20260923,17.29,17.28,17.29,17.28,26700.0,461404.0,17.28
002916.SZ,20260923,399.02,399.02,400.0,398.03,62300.0,24864890.88,399.12
002917.SZ,20260923,10.3,10.38,10.38,10.3,5700.0,59030.0,10.36
002918.SZ,20260923,11.34,11.35,11.35,11.3,158400.0,1797168.0,11.35
002919.SZ,20260923,17.0,17.07,17.07,16.97,7899.0,134801.0,17.07
002920.SZ,20260923,84.39,84.5,84.5,84.21,15900.0,1343171.04,84.48
002921.SZ,20260923,20.79,20.77,20.81,20.77,8200.0,170407.0,20.78
002922.SZ,20260923,23.76,23.75,23.97,23.75,126500.0,3005311.04,23.76
002923.SZ,20260923,11.27,11.28,11.28,11.24,8000.0,90170.0,11.27
002925.SZ,20260923,24.86,24.83,24.99,24.83,61600.0,1530471.04,24.85
002926.SZ,20260923,8.43,8.43,8.45,8.43,71000.0,598558.0,8.43
002927.SZ,20260923,20.06,19.97,20.1,19.95,263200.0,5259938.88,19.99
002928.SZ,20260923,6.53,6.53,6.55,6.53,1558000.0,10185208.96,6.54
002929.SZ,20260923,52.93,52.93,53.02,52.81,123700.0,6548152.96,52.94
002930.SZ,20260923,9.18,9.18,9.19,9.18,14000.0,128522.0,9.18
002931.SZ,20260923,41.44,41.4,41.44,41.4,4100.0,169750.0,41.4
002932.SZ,20260923,15.35,15.35,15.35,15.35,3000.0,46050.0,15.35
002933.SZ,20260923,27.8,27.68,27.8,27.68,1800.0,49836.0,27.69
002935.SZ,20260923,15.95,16.0,16.0,15.95,24800.0,396693.0,16.0
002936.SZ,20260923,1.74,1.74,1.75,1.74,363000.0,631650.0,1.74
002937.SZ,20260923,27.19,27.28,27.28,27.09,30800.0,838363.04,27.22
002938.SZ,20260923,88.56,88.56,88.98,88.5,93800.0,8307726.08,88.57
002939.SZ,20260923,7.9,7.91,7.91,7.9,80500.0,636584.0,7.91
002940.SZ,20260923,23.53,23.6,23.62,23.53,25700.0,606450.0,23.6
002941.SZ,20260923,10.55,10.57,10.58,10.55,13300.0,140566.0,10.57
002942.SZ,20260923,16.98,17.0,17.0,16.98,27900.0,474165.0,17.0
002943.SZ,20260923,31.28,31.22,31.28,31.22,15800.0,493587.0,31.24
002945.SZ,20260923,15.02,14.99,15.06,14.95,283400.0,4251986.88,15.0
002946.SZ,20260923,14.48,14.51,14.51,14.48,32000.0,463917.0,14.5
002947.SZ,20260923,66.48,66.48,66.8,66.11,35300.0,2349545.92,66.56
002948.SZ,20260923,6.03,6.03,6.04,6.03,387500.0,2336827.04,6.03
002949.SZ,20260923,13.05,13.12,13.12,13.03,22600.0,296313.0,13.11
002950.SZ,20260923,8.62,8.62,8.63,8.62,8000.0,68978.0,8.62
002951.SZ,20260923,16.28,16.24,16.29,16.24,25400.0,413091.0,16.26
002952.SZ,20260923,19.83,19.76,19.83,19.74,7700.0,152150.0,19.76
002953.SZ,20260923,10.6,10.73,10.73,10.56,26700.0,285559.0,10.7
002955.SZ,20260923,38.45,38.38,38.48,38.38,20600.0,790786.0,38.39
002956.SZ,20260923,17.9,18.02,18.02,17.77,70800.0,1274684.0,18.0
002957.SZ,20260923,44.65,44.3,44.65,44.29,922900.0,40909480.96,44.33
002958.SZ,20260923,2.93,2.93,2.94,2.93,331100.0,970266.0,2.93
002959.SZ,20260923,32.08,32.18,32.18,32.08,900.0,28952.0,32.17
002960.SZ,20260923,8.81,8.82,8.82,8.8,23000.0,202752.0,8.81
002961.SZ,20260923,13.99,14.0,14.07,13.94,116600.0,1633538.4,14.01
002962.SZ,20260923,13.59,13.59,13.62,13.59,32100.0,436256.0,13.59
002963.SZ,20260923,23.81,23.71,23.9,23.71,192900.0,4579791.04,23.74
002965.SZ,20260923,32.82,32.89,32.97,32.82,126800.0,4169895.04,32.89
002966.SZ,20260923,9.1,9.08,9.1,9.07,58800.0,533998.0,9.08
002967.SZ,20260923,17.07,17.07,17.08,17.07,8200.0,139975.0,17.07
002968.SZ,20260923,9.74,9.7,9.74,9.7,38500.0,373960.0,9.71
002969.SZ,20260923,11.28,11.28,11.29,11.25,101000.0,1139292.96,11.28
002970.SZ,20260923,44.9,44.98,44.99,44.9,27900.0,1254215.04,44.95
002971.SZ,20260923,42.68,42.56,43.39,42.52,2144200.0,91447234.56,42.65
002972.SZ,20260923,13.66,13.49,13.66,13.36,79700.0,1077972.96,13.53
002973.SZ,20260923,12.55,12.5,12.55,12.5,29600.0,370233.0,12.51
002975.SZ,20260923,108.23,108.38,109.0,107.55,98500.0,10672179.84,108.35
002976.SZ,20260923,26.6,26.53,26.6,26.3,34000.0,901282.8,26.51
002977.SZ,20260923,19.13,18.88,19.27,18.88,504900.0,9537358.72,18.89
002978.SZ,20260923,25.27,25.27,25.4,25.27,11900.0,301373.0,25.33
002979.SZ,20260923,53.88,54.55,54.55,53.88,118700.0,6471548.16,54.52
002980.SZ,20260923,115.0,115.36,115.36,114.53,194300.0,22400611.84,115.29
002981.SZ,20260923,25.01,25.0,25.15,25.0,64300.0,1609372.96,25.03
002982.SZ,20260923,12.8,13.0,13.12,12.8,315300.0,4092632.96,12.98
002983.SZ,20260923,22.94,23.01,23.01,22.9,16800.0,386020.0,22.98
002984.SZ,20260923,13.15,13.16,13.17,13.14,13400.0,176338.0,13.16
002985.SZ,20260923,28.01,28.02,28.02,27.96,20500.0,574179.0,28.01
002986.SZ,20260923,13.19,13.2,13.2,13.16,18900.0,249475.0,13.2
002987.SZ,20260923,11.15,11.16,11.16,11.13,96800.0,1079564.96,11.15
002988.SZ,20260923,31.21,31.63,31.66,31.21,11500.0,363599.0,31.62
002989.SZ,20260923,25.6,25.51,25.89,25.51,410200.0,10472728.96,25.53
002990.SZ,20260923,52.99,52.99,53.12,52.7,47700.0,2527139.04,52.98
002991.SZ,20260923,37.5,37.6,37.6,37.49,20200.0,759068.96,37.58
002992.SZ,20260923,34.22,34.22,34.22,34.2,8900.0,304546.0,34.22
002993.SZ,20260923,36.04,36.0,36.04,36.0,25100.0,903680.0,36.0
002995.SZ,20260923,17.9,17.93,17.96,17.74,86100.0,1542272.96,17.91
002996.SZ,20260923,5.99,5.98,6.0,5.98,14300.0,85609.0,5.99
002997.SZ,20260923,26.72,26.72,26.72,26.71,11600.0,309944.0,26.72
002998.SZ,20260923,8.08,8.08,8.08,8.06,17700.0,142995.0,8.08
002999.SZ,20260923,6.55,6.54,6.55,6.52,62800.0,410769.0,6.54
003000.SZ,20260923,9.52,9.52,9.52,9.51,50700.0,482613.0,9.52
003001.SZ,20260923,21.35,21.37,21.42,21.29,250800.0,5359008.96,21.37
003002.SZ,20260923,16.57,16.59,16.59,16.57,8300.0,137633.0,16.58
003003.SZ,20260923,10.97,11.01,11.01,10.97,27700.0,304958.0,11.01
003004.SZ,20260923,59.4,59.39,60.5,59.39,10500.0,624636.0,59.49
003005.SZ,20260923,15.4,15.5,15.5,15.36,319600.0,4949687.04,15.49
003006.SZ,20260923,22.18,22.13,22.37,22.1,417200.0,9241212.16,22.15
003007.SZ,20260923,41.14,41.31,41.31,41.02,5300.0,218440.0,41.22
003008.SZ,20260923,19.7,19.68,19.7,19.68,11900.0,234220.0,19.68
003009.SZ,20260923,47.55,47.52,47.76,47.52,18400.0,874656.0,47.54
003010.SZ,20260923,28.28,28.3,28.35,28.2,17000.0,480961.0,28.29
003011.SZ,20260923,19.79,19.82,19.82,19.79,18700.0,370620.0,19.82
003012.SZ,20260923,4.65,4.66,4.66,4.64,29400.0,136868.0,4.66
003013.SZ,20260923,16.49,16.48,16.55,16.46,73800.0,1216448.0,16.48
003015.SZ,20260923,12.55,12.57,12.57,12.55,9400.0,118077.0,12.56
003016.SZ,20260923,7.5,7.5,7.5,7.5,6800.0,51000.0,7.5
003017.SZ,20260923,23.01,23.06,23.06,23.01,2200.0,50685.0,23.04
003018.SZ,20260923,48.1,48.0,49.0,48.0,269800.0,12975302.4,48.09
003019.SZ,20260923,28.24,28.1,28.24,28.1,6000.0,168633.0,28.11
003020.SZ,20260923,17.43,17.49,17.5,17.4,6700.0,117034.0,17.47
003021.SZ,20260923,71.6,71.51,71.82,71.3,21800.0,1559318.08,71.53
003022.SZ,20260923,19.37,19.41,19.41,19.37,10700.0,207650.0,19.41
003023.SZ,20260923,25.97,25.8,25.97,25.8,14900.0,384453.0,25.8
003025.SZ,20260923,12.26,12.28,12.28,12.26,24200.0,297099.0,12.28
003026.SZ,20260923,35.69,35.82,35.88,35.62,822800.0,29447928.32,35.79
003027.SZ,20260923,16.49,16.5,16.5,16.49,15900.0,262338.0,16.5
003028.SZ,20260923,24.05,23.86,24.05,23.85,1500.0,35851.0,23.9
003029.SZ,20260923,18.2,18.11,18.28,18.11,267700.0,4852545.92,18.13
003030.SZ,20260923,27.43,27.33,27.43,27.33,30900.0,845114.0,27.35
003031.SZ,20260923,133.18,133.59,134.0,132.9,56700.0,7572734.72,133.56
003032.SZ,20260923,10.55,10.45,10.68,10.45,4875100.16,51175470.08,10.5
003033.SZ,20260923,89.47,89.32,89.87,89.32,21700.0,1938926.08,89.35
003035.SZ,20260923,5.46,5.48,5.48,5.46,164800.0,902535.04,5.48
003036.SZ,20260923,55.0,55.24,55.31,55.0,125300.0,6920261.12,55.23
003037.SZ,20260923,5.78,5.78,5.78,5.78,7300.0,42194.0,5.78
003038.SZ,20260923,10.92,10.9,10.92,10.89,16100.0,175465.0,10.9
003039.SZ,20260923,12.85,12.81,12.85,12.81,20700.0,265283.0,12.82
003040.SZ,20260923,17.02,17.1,17.11,17.0,1973531.04,33664143.36,17.06
003041.SZ,20260923,43.9,43.6,43.9,43.6,21800.0,951612.0,43.65
003042.SZ,20260923,14.44,14.44,14.47,14.44,34700.0,501115.0,14.44
003043.SZ,20260923,63.97,64.4,64.41,63.65,33965.0,2182468.32,64.26
003816.SZ,20260923,4.19,4.19,4.2,4.18,180700.0,757080.96,4.19
300001.SZ,20260923,34.58,34.58,34.66,34.58,326900.0,11307589.12,34.59
300002.SZ,20260923,8.23,8.23,8.26,8.23,161200.0,1327223.04,8.23
300003.SZ,20260923,11.61,11.63,11.63,11.61,95500.0,1109670.0,11.62
300004.SZ,20260923,8.08,8.1,8.1,8.08,12900.0,104426.0,8.1
300005.SZ,20260923,11.07,11.1,11.12,11.07,144700.0,1605737.92,11.1
300006.SZ,20260923,5.51,5.52,5.52,5.5,133700.0,737184.96,5.51
300007.SZ,20260923,32.31,32.59,32.59,32.31,47700.0,1551504.96,32.53
300008.SZ,20260923,6.48,6.47,6.48,6.45,172200.0,1114274.0,6.47
300009.SZ,20260923,8.54,8.54,8.55,8.5,306100.0,2612843.04,8.54
300010.SZ,20260923,5.32,5.28,5.33,5.27,1313700.0,6948055.04,5.29
300011.SZ,20260923,5.91,5.91,5.91,5.91,9200.0,54372.0,5.91
300012.SZ,20260923,14.7,14.71,14.71,14.65,36800.0,540699.0,14.69
300013.SZ,20260923,4.38,4.38,4.39,4.36,30500.0,133415.0,4.37
300014.SZ,20260923,50.36,50.32,50.46,50.32,220600.0,11102373.12,50.33
300015.SZ,20260923,8.06,8.07,8.07,8.05,276100.0,2226260.96,8.06
300016.SZ,20260923,9.46,9.46,9.5,9.36,864900.0,8171354.24,9.45
300017.SZ,20260923,15.88,15.91,15.93,15.83,1975300.0,31410547.2,15.9
300018.SZ,20260923,12.01,12.01,12.04,12.01,54500.0,654554.0,12.01
300019.SZ,20260923,14.23,14.22,14.23,14.22,9300.0,132248.0,14.22
300020.SZ,20260923,3.85,3.84,3.85,3.84,95300.0,366193.0,3.84
300021.SZ,20260923,3.93,3.91,3.93,3.91,13700.0,53601.0,3.91
300022.SZ,20260923,7.93,7.94,7.95,7.93,13500.0,107294.0,7.95
300024.SZ,20260923,13.24,13.25,13.28,13.24,132800.0,1759808.0,13.25
300025.SZ,20260923,5.96,5.97,5.97,5.96,29600.0,176677.0,5.97
300026.SZ,20260923,3.33,3.33,3.34,3.32,122200.0,406837.0,3.33
300027.SZ,20260923,1.71,1.71,1.72,1.71,1073900.0,1838003.04,1.71
300030.SZ,20260923,6.95,6.94,6.95,6.92,32000.0,222127.0,6.94
300031.SZ,20260923,21.32,21.31,21.33,21.3,36700.0,782128.0,21.31
300032.SZ,20260923,3.92,3.91,3.92,3.91,49000.0,191650.0,3.91
300033.SZ,20260923,210.0,211.0,211.63,209.88,73100.0,15412883.2,210.85
300034.SZ,20260923,16.04,16.02,16.07,16.01,31300.0,501871.0,16.03
300035.SZ,20260923,12.6,12.55,12.6,12.55,31500.0,395403.0,12.55
300036.SZ,20260923,10.36,10.35,10.39,10.35,73100.0,756604.96,10.35
300037.SZ,20260923,70.73,70.73,70.88,70.5,37500.0,2652025.92,70.72
300039.SZ,20260923,5.31,5.29,5.32,5.29,92700.0,490673.0,5.29
300040.SZ,20260923,5.8,5.83,5.83,5.8,120900.0,704262.0,5.83
300041.SZ,20260923,11.13,11.13,11.13,11.12,27800.0,309393.0,11.13
300042.SZ,20260923,40.47,40.44,40.55,40.43,68900.0,2788689.92,40.47
300043.SZ,20260923,4.5,4.5,4.51,4.5,208699.0,939292.48,4.5
300044.SZ,20260923,6.17,6.2,6.2,6.17,262700.0,1626732.96,6.19
300045.SZ,20260923,11.97,12.0,12.02,11.95,95000.0,1139438.0,11.99
300046.SZ,20260923,24.98,25.0,25.02,24.96,29100.0,727383.04,25.0
300047.SZ,20260923,9.39,9.39,9.4,9.37,475000.0,4457690.88,9.39
300048.SZ,20260923,4.87,4.87,4.87,4.87,89200.0,434404.0,4.87
300049.SZ,20260923,48.26,48.22,48.88,48.22,41300.0,1994006.08,48.28
300050.SZ,20260923,7.5,7.5,7.5,7.46,153600.0,1151891.04,7.5
300051.SZ,20260923,8.36,8.37,8.42,8.35,34300.0,286915.0,8.37
300052.SZ,20260923,10.55,10.57,10.59,10.54,76000.0,802472.0,10.56
300053.SZ,20260923,12.33,12.32,12.38,12.32,41500.0,511713.0,12.33
300054.SZ,20260923,71.7,71.8,71.9,71.43,172900.0,12409600.0,71.77
300055.SZ,20260923,5.93,5.93,5.93,5.91,91800.0,544249.0,5.93
300056.SZ,20260923,7.75,7.68,7.76,7.68,20900.0,160965.0,7.7
300057.SZ,20260923,6.6,6.6,6.6,6.58,46900.0,309534.0,6.6
300058.SZ,20260923,13.86,13.81,13.88,13.81,6634800.0,91734394.88,13.83
300059.SZ,20260923,18.75,18.69,18.76,18.69,1344950.08,25144192.0,18.7
300061.SZ,20260923,7.03,7.02,7.05,7.0,837800.0,5881680.0,7.02
300062.SZ,20260923,6.36,6.38,6.38,6.35,103800.0,661784.0,6.38
300063.SZ,20260923,8.94,8.93,8.94,8.9,591700.0,5280749.12,8.93
300065.SZ,20260923,15.85,15.84,15.88,15.83,135700.0,2149721.92,15.84
300066.SZ,20260923,4.75,4.76,4.76,4.75,54300.0,258243.0,4.76
300067.SZ,20260923,5.47,5.48,5.5,5.47,424300.0,2325875.04,5.48
300068.SZ,20260923,4.27,4.27,4.28,4.27,439600.0,1877439.04,4.27
300069.SZ,20260923,25.47,25.54,25.54,25.46,12700.0,324264.0,25.53
300070.SZ,20260923,3.4,3.4,3.41,3.4,107800.0,366523.0,3.4
300071.SZ,20260923,4.26,4.27,4.27,4.25,1160900.0,4947315.84,4.26
300072.SZ,20260923,3.58,3.58,3.6,3.58,75500.0,270329.0,3.58
300073.SZ,20260923,38.29,38.27,38.42,38.22,36900.0,1411657.92,38.26
300074.SZ,20260923,3.95,3.93,3.96,3.92,363200.0,1428320.96,3.93
300075.SZ,20260923,10.54,10.56,10.56,10.52,32100.0,338594.0,10.55
300076.SZ,20260923,4.31,4.31,4.32,4.31,60500.0,260906.0,4.31
300077.SZ,20260923,22.6,22.59,22.76,22.59,397600.0,8992056.32,22.62
300078.SZ,20260923,2.81,2.81,2.82,2.8,147200.0,413765.0,2.81
300079.SZ,20260923,4.88,4.89,4.9,4.88,155900.0,761968.0,4.89
300080.SZ,20260923,3.7,3.7,3.71,3.69,178100.0,658914.0,3.7
300081.SZ,20260923,3.46,3.46,3.46,3.46,4400.0,15224.0,3.46
300082.SZ,20260923,8.58,8.58,8.58,8.58,0.0,0.0,8.58
300083.SZ,20260923,12.44,12.47,12.48,12.39,492900.0,6140165.12,12.46
300084.SZ,20260923,10.5,10.5,10.5,10.5,13700.0,143850.0,10.5
300085.SZ,20260923,31.7,31.73,31.79,31.4,255100.0,8082828.16,31.69
300086.SZ,20260923,5.7,5.75,5.76,5.69,599000.0,3438956.16,5.74
300087.SZ,20260923,5.69,5.7,5.7,5.69,57600.0,328212.0,5.7
300088.SZ,20260923,7.29,7.28,7.31,7.28,1124784.0,8194105.6,7.29
300091.SZ,20260923,2.45,2.44,2.45,2.44,66800.0,163045.0,2.44
300092.SZ,20260923,11.31,11.31,11.31,11.3,10600.0,119882.0,11.31
300093.SZ,20260923,21.65,21.65,21.66,21.65,29800.0,645174.0,21.65
300094.SZ,20260923,3.02,3.02,3.03,3.01,169000.0,510322.0,3.02
300095.SZ,20260923,9.0,9.09,9.09,9.0,183300.0,1664041.92,9.08
300096.SZ,20260923,9.24,9.26,9.26,9.24,10900.0,100912.0,9.26
300097.SZ,20260923,11.11,11.11,11.13,11.1,58000.0,644628.92,11.11
300098.SZ,20260923,4.41,4.4,4.41,4.4,97100.0,427388.0,4.4
300099.SZ,20260923,6.32,6.29,6.32,6.29,48300.0,304862.0,6.31
300100.SZ,20260923,20.72,20.71,20.72,20.66,26600.0,550814.0,20.71
300101.SZ,20260923,14.15,14.19,14.19,14.15,21500.0,304923.0,14.18
300102.SZ,20260923,16.97,16.96,17.02,16.96,40300.0,683790.0,16.97
300103.SZ,20260923,7.98,7.92,7.98,7.92,38700.0,306663.0,7.92
300105.SZ,20260923,7.33,7.35,7.35,7.33,16800.0,123452.0,7.35
300106.SZ,20260923,10.91,10.9,10.91,10.9,177700.0,1937884.96,10.91
300107.SZ,20260923,6.69,6.68,6.7,6.68,16600.0,110897.0,6.68
300109.SZ,20260923,13.33,13.38,13.38,13.32,54500.0,727687.04,13.35
300110.SZ,20260923,3.8,3.89,3.91,3.79,15459399.68,59949429.76,3.88
300111.SZ,20260923,3.11,3.11,3.11,3.1,217000.0,674800.96,3.11
300112.SZ,20260923,11.45,11.42,11.55,11.42,571195.0,6533450.24,11.44
300113.SZ,20260923,17.05,17.09,17.2,17.03,901400.0,15400751.36,17.08
300115.SZ,20260923,24.28,24.28,24.3,24.24,78600.0,1907712.16,24.27
300118.SZ,20260923,9.24,9.25,9.25,9.23,45100.0,416798.0,9.24
300119.SZ,20260923,17.15,17.19,17.19,17.15,4300.0,73863.0,17.18
300120.SZ,20260923,7.59,7.6,7.6,7.53,466500.0,3542023.04,7.59
300121.SZ,20260923,9.75,9.73,9.8,9.73,59700.0,581290.0,9.74
300122.SZ,20260923,13.34,13.34,13.35,13.3,252851.0,3372004.16,13.34
300123.SZ,20260923,4.49,4.5,4.51,4.49,290900.0,1308766.0,4.5
300124.SZ,20260923,53.83,53.8,53.87,53.8,244299.0,13149497.6,53.83
300125.SZ,20260923,9.0,8.96,9.0,8.92,25700.0,230249.0,8.96
300126.SZ,20260923,6.64,6.63,6.64,6.63,42900.0,284682.0,6.64
300127.SZ,20260923,24.56,24.58,24.58,24.46,28500.0,700136.0,24.57
300128.SZ,20260923,5.05,5.03,5.05,5.03,86000.0,432778.0,5.03
300129.SZ,20260923,7.51,7.53,7.53,7.49,181600.0,1364265.92,7.51
300130.SZ,20260923,18.31,18.31,18.35,18.3,53700.0,983206.0,18.31
300131.SZ,20260923,15.51,15.5,15.68,15.5,345500.0,5358198.08,15.51
300132.SZ,20260923,6.31,6.28,6.32,6.28,19415.0,122405.36,6.31
300133.SZ,20260923,7.49,7.48,7.5,7.46,758200.0,5670885.12,7.48
300134.SZ,20260923,8.55,8.54,8.59,8.54,13000.0,111330.0,8.56
300135.SZ,20260923,3.5,3.51,3.51,3.5,106100.0,372348.0,3.51
300136.SZ,20260923,58.98,59.0,59.06,58.83,110800.0,6535566.08,58.99
300137.SZ,20260923,11.28,11.33,11.36,11.15,647900.0,7309571.84,11.28
300138.SZ,20260923,11.5,11.49,11.5,11.49,33500.0,385015.0,11.49
300139.SZ,20260923,47.79,47.8,47.95,47.5,395100.0,18874062.08,47.77
300140.SZ,20260923,5.39,5.38,5.39,5.38,87900.0,472943.0,5.38
300141.SZ,20260923,10.1,10.12,10.12,10.03,22100.0,223398.0,10.11
300142.SZ,20260923,13.99,14.0,14.02,13.94,1471700.0,20594780.16,13.99
300143.SZ,20260923,7.81,7.78,7.82,7.78,159230.0,1242298.4,7.8
300144.SZ,20260923,5.82,5.81,5.82,5.81,116200.0,675211.04,5.81
300145.SZ,20260923,5.25,5.22,5.26,5.21,1119800.0,5851685.76,5.23
300146.SZ,20260923,9.4,9.41,9.41,9.4,51300.0,482592.0,9.41
300147.SZ,20260923,6.55,6.55,6.55,6.55,17300.0,113315.0,6.55
300148.SZ,20260923,3.63,3.65,3.65,3.63,461500.0,1683087.04,3.65
300149.SZ,20260923,9.95,9.97,9.99,9.94,538700.0,5370657.28,9.97
300150.SZ,20260923,4.24,4.25,4.25,4.22,45800.0,194337.0,4.24
300151.SZ,20260923,20.97,20.97,21.04,20.92,78800.0,1652600.96,20.97
300152.SZ,20260923,1.69,1.69,1.69,1.69,25700.0,43433.0,1.69
300153.SZ,20260923,27.72,27.59,27.86,27.59,119700.0,3315138.88,27.7
300154.SZ,20260923,13.73,13.72,13.74,13.72,87800.0,1204904.0,13.72
300155.SZ,20260923,4.49,4.48,4.5,4.47,113900.0,511111.0,4.49
300157.SZ,20260923,3.81,3.81,3.82,3.81,87000.0,331549.0,3.81
300158.SZ,20260923,5.38,5.39,5.4,5.36,348508.0,1876586.88,5.39
300159.SZ,20260923,2.93,2.92,2.93,2.92,73700.0,215260.0,2.92
300160.SZ,20260923,4.43,4.43,4.43,4.43,74500.0,330035.0,4.43
300161.SZ,20260923,27.41,27.6,27.6,27.3,35000.0,963952.0,27.54
300162.SZ,20260923,7.92,7.89,7.92,7.86,120500.0,952040.96,7.9
300163.SZ,20260923,8.06,8.09,8.09,8.0,179600.0,1451720.96,8.08
300164.SZ,20260923,9.35,9.38,9.38,9.32,906100.0,8492074.24,9.37
300165.SZ,20260923,5.08,5.05,5.09,5.05,47800.0,242190.0,5.07
300166.SZ,20260923,12.64,12.56,12.64,12.54,1509300.0,18969675.52,12.57
300167.SZ,20260923,4.07,4.08,4.1,4.06,304300.0,1241312.0,4.08
300168.SZ,20260923,4.85,4.87,4.87,4.85,35000.0,170097.0,4.86
300169.SZ,20260923,5.58,5.58,5.59,5.58,42100.0,234920.0,5.58
300170.SZ,20260923,16.04,16.03,16.1,16.01,1191400.0,19099755.52,16.03
300171.SZ,20260923,15.75,15.78,15.83,15.73,185300.0,2924134.08,15.78
300172.SZ,20260923,4.53,4.53,4.53,4.52,68600.0,310756.0,4.53
300173.SZ,20260923,3.36,3.36,3.36,3.36,79000.0,265440.0,3.36
300174.SZ,20260923,18.73,18.7,18.74,18.7,71329.0,1334500.16,18.71
300175.SZ,20260923,5.51,5.51,5.54,5.51,11500.0,63419.0,5.52
300176.SZ,20260923,4.44,4.44,4.44,4.43,37700.0,167338.0,4.44
300177.SZ,20260923,6.2,6.23,6.23,6.2,25700.0,159594.0,6.21
300179.SZ,20260923,42.83,42.98,42.98,42.7,738000.0,31686799.36,42.94
300180.SZ,20260923,4.55,4.55,4.55,4.54,276800.0,1258927.04,4.55
300181.SZ,20260923,13.09,13.1,13.13,13.08,164500.0,2155614.08,13.1
300182.SZ,20260923,5.1,5.11,5.12,5.09,1323200.0,6759301.12,5.11
300183.SZ,20260923,11.03,11.01,11.06,11.01,18700.0,206013.0,11.02
300184.SZ,20260923,12.12,12.14,12.17,12.1,299000.0,3629113.92,12.14
300185.SZ,20260923,2.76,2.75,2.76,2.75,379300.0,1043107.04,2.75
300187.SZ,20260923,4.62,4.62,4.62,4.62,52000.0,240240.0,4.62
300188.SZ,20260923,10.81,10.79,10.82,10.78,413600.0,4462911.04,10.79
300189.SZ,20260923,6.6,6.6,6.65,6.57,1829200.0,12073030.4,6.6
300190.SZ,20260923,3.85,3.86,3.86,3.85,92500.0,356951.0,3.86
300191.SZ,20260923,31.77,31.68,31.77,31.68,70900.0,2247040.0,31.69
300192.SZ,20260923,20.07,20.1,20.3,19.97,390900.0,7863754.88,20.12
300193.SZ,20260923,7.95,7.95,7.96,7.95,7600.0,60425.0,7.95
300194.SZ,20260923,3.96,3.96,3.98,3.96,103500.0,409930.0,3.96
300195.SZ,20260923,6.24,6.25,6.25,6.23,6400.0,39968.0,6.25
300196.SZ,20260923,19.44,19.43,19.54,19.41,287200.0,5581400.32,19.43
300197.SZ,20260923,1.96,1.96,1.97,1.96,215500.0,422429.0,1.96
300198.SZ,20260923,2.31,2.31,2.31,2.31,108300.0,250173.0,2.31
300199.SZ,20260923,24.12,24.1,24.16,24.04,759400.0,18306649.6,24.11
300200.SZ,20260923,8.51,8.51,8.51,8.51,35700.0,303807.0,8.51
300201.SZ,20260923,13.77,13.83,13.83,13.61,106900.0,1469039.04,13.74
300203.SZ,20260923,13.7,13.7,13.73,13.65,102500.0,1404432.0,13.7
300204.SZ,20260923,20.48,20.48,20.62,20.46,94100.0,1927214.08,20.48
300205.SZ,20260923,5.04,5.03,5.04,5.03,17800.0,89536.0,5.03
300206.SZ,20260923,11.73,11.66,11.75,11.66,5900.0,68813.0,11.66
300207.SZ,20260923,19.31,19.3,19.38,19.25,825200.0,15932587.52,19.31
300209.SZ,20260923,37.99,38.02,38.23,37.84,770200.0,29296046.08,38.04
300210.SZ,20260923,7.37,7.37,7.4,7.37,24200.0,178572.0,7.38
300211.SZ,20260923,7.11,7.11,7.11,7.11,700.0,4977.0,7.11
300212.SZ,20260923,8.04,8.05,8.07,8.04,164400.0,1322934.0,8.05
300213.SZ,20260923,6.63,6.66,6.66,6.63,15900.0,105830.0,6.66
300214.SZ,20260923,10.19,10.2,10.26,10.19,244600.0,2495331.04,10.2
300215.SZ,20260923,6.57,6.58,6.59,6.54,1231400.0,8099875.84,6.58
300217.SZ,20260923,4.09,4.08,4.09,4.08,27100.0,110578.0,4.08
300218.SZ,20260923,12.58,12.57,12.58,12.57,14700.0,184782.0,12.57
300219.SZ,20260923,6.9,6.92,6.92,6.9,53700.0,371455.0,6.92
300220.SZ,20260923,11.28,11.24,11.28,11.24,11000.0,123756.0,11.25
300221.SZ,20260923,14.25,14.28,14.28,14.15,168600.0,2405911.04,14.27
300222.SZ,20260923,10.26,10.29,10.29,10.25,204900.0,2107585.92,10.29
300223.SZ,20260923,148.7,148.79,149.0,148.45,319300.0,47500288.0,148.76
300224.SZ,20260923,12.18,12.21,12.21,12.15,66600.0,812368.0,12.2
300225.SZ,20260923,8.34,8.34,8.35,8.32,16100.0,134284.0,8.34
300226.SZ,20260923,17.67,17.61,17.7,17.61,201400.0,3548570.88,17.62
300227.SZ,20260923,10.82,10.88,10.88,10.81,90000.0,977551.04,10.86
300228.SZ,20260923,6.8,6.8,6.8,6.8,27900.0,189720.0,6.8
300229.SZ,20260923,13.66,13.71,13.71,13.63,363700.0,4983200.0,13.7
300230.SZ,20260923,4.33,4.34,4.36,4.33,47600.0,206505.0,4.34
300231.SZ,20260923,8.3,8.29,8.31,8.29,19700.0,163509.0,8.3
300232.SZ,20260923,5.47,5.47,5.47,5.46,86800.0,474641.0,5.47
300233.SZ,20260923,13.73,13.75,13.77,13.7,36000.0,495011.0,13.75
300234.SZ,20260923,12.13,12.08,12.17,12.07,77500.0,936330.0,12.08
300235.SZ,20260923,12.52,12.53,12.53,12.5,18500.0,231681.0,12.52
300236.SZ,20260923,90.1,90.35,90.35,89.6,27800.0,2507995.04,90.22
300237.SZ,20260923,2.31,2.29,2.31,2.29,258800.0,592882.0,2.29
300238.SZ,20260923,12.13,12.11,12.15,12.1,34700.0,420407.0,12.12
300239.SZ,20260923,5.25,5.28,5.28,5.23,37400.0,196656.0,5.26
300240.SZ,20260923,6.17,6.19,6.19,6.16,19000.0,117452.0,6.18
300241.SZ,20260923,5.92,5.92,5.93,5.92,54000.0,319705.0,5.92
300242.SZ,20260923,4.0,3.98,4.0,3.98,123700.0,492923.0,3.99
300243.SZ,20260923,22.55,22.59,22.74,22.5,305700.0,6902848.0,22.58
300244.SZ,20260923,21.02,21.0,21.1,20.96,270300.0,5678823.68,21.01
300245.SZ,20260923,6.32,6.29,6.33,6.27,463700.0,2922864.0,6.3
300246.SZ,20260923,16.15,16.1,16.15,16.1,10400.0,167613.0,16.12
300247.SZ,20260923,3.79,3.77,3.79,3.75,86700.0,327455.0,3.78
300248.SZ,20260923,8.37,8.35,8.37,8.35,24800.0,207317.0,8.36
300249.SZ,20260923,13.5,13.5,13.5,13.49,23800.0,321294.0,13.5
300250.SZ,20260923,15.71,15.64,15.71,15.6,266200.0,4165306.88,15.65
300251.SZ,20260923,11.17,11.18,11.2,11.16,208800.0,2334292.0,11.18
300252.SZ,20260923,12.68,12.68,12.72,12.65,149200.0,1891220.96,12.68
300253.SZ,20260923,7.14,7.12,7.15,7.12,341700.0,2434383.04,7.12
300254.SZ,20260923,9.07,9.06,9.09,9.05,75000.0,680142.0,9.07
300255.SZ,20260923,23.88,23.91,23.92,23.81,74400.0,1777942.08,23.9
300256.SZ,20260923,2.74,2.74,2.75,2.74,194500.0,533003.0,2.74
300257.SZ,20260923,19.47,19.31,19.47,19.31,84500.0,1639201.92,19.4
300258.SZ,20260923,8.9,8.9,8.9,8.83,28300.0,251177.0,8.88
300259.SZ,20260923,4.14,4.14,4.15,4.12,138900.0,574462.0,4.14
300260.SZ,20260923,63.63,63.72,63.84,63.46,143000.0,9105852.8,63.68
300261.SZ,20260923,4.94,4.94,4.96,4.93,181200.0,895131.04,4.94
300263.SZ,20260923,10.59,10.58,10.65,10.58,207600.0,2202179.52,10.61
300264.SZ,20260923,6.2,6.18,6.23,6.18,142000.0,878152.0,6.18
300265.SZ,20260923,13.8,13.82,13.83,13.79,93500.0,1291427.04,13.81
300266.SZ,20260923,1.89,1.89,1.9,1.89,311900.0,589541.0,1.89
300267.SZ,20260923,3.39,3.38,3.4,3.37,167300.0,566582.0,3.39
300268.SZ,20260923,12.04,12.04,12.12,12.04,14400.0,173384.0,12.04
300269.SZ,20260923,4.68,4.68,4.7,4.68,56100.0,262734.0,4.68
300270.SZ,20260923,10.57,10.57,10.58,10.53,39300.0,415354.0,10.57
300271.SZ,20260923,5.95,5.94,5.96,5.93,94000.0,558536.0,5.94
300272.SZ,20260923,5.86,5.84,5.86,5.84,8500.0,49701.0,5.85
300274.SZ,20260923,88.0,88.0,88.13,87.88,321800.0,28320473.6,88.01
300275.SZ,20260923,9.18,9.18,9.18,9.13,42400.0,389184.0,9.18
300276.SZ,20260923,6.03,6.03,6.04,6.01,71000.0,428028.0,6.03
300277.SZ,20260923,13.19,13.19,13.19,13.13,52900.0,697548.96,13.19
300278.SZ,20260923,3.63,3.63,3.65,3.63,67200.0,243969.0,3.63
300279.SZ,20260923,5.97,5.98,5.98,5.97,19100.0,114217.0,5.98
300281.SZ,20260923,7.12,7.11,7.13,7.1,128200.0,911543.04,7.11
300283.SZ,20260923,14.27,14.25,14.3,14.22,191300.0,2726903.04,14.26
300284.SZ,20260923,5.15,5.16,5.16,5.15,12300.0,63467.0,5.16
300285.SZ,20260923,66.79,66.8,66.89,66.61,672800.0,44936719.36,66.79
300286.SZ,20260923,19.48,19.48,19.5,19.45,8800.0,171414.0,19.48
300287.SZ,20260923,3.68,3.68,3.71,3.68,319300.0,1177043.04,3.69
300288.SZ,20260923,9.95,9.98,10.0,9.94,43500.0,434107.0,9.98
300289.SZ,20260923,6.01,5.98,6.02,5.95,41000.0,245119.0,5.98
300290.SZ,20260923,7.7,7.68,7.73,7.65,822000.0,6315920.0,7.68
300291.SZ,20260923,5.87,5.9,5.91,5.82,1760200.0,10361269.12,5.89
300292.SZ,20260923,4.59,4.6,4.61,4.59,1384500.0,6368003.84,4.6
300293.SZ,20260923,14.72,14.75,14.75,14.72,14600.0,215186.0,14.74
300294.SZ,20260923,14.85,14.86,14.87,14.85,15900.0,236279.0,14.86
300295.SZ,20260923,12.28,12.28,12.28,12.26,8400.0,103102.0,12.27
300296.SZ,20260923,4.94,4.94,4.94,4.92,602500.0,2975304.96,4.94
300298.SZ,20260923,16.31,16.33,16.4,16.31,12700.0,207448.0,16.33
300299.SZ,20260923,5.57,5.57,5.6,5.55,58300.0,325586.0,5.59
300300.SZ,20260923,9.29,9.29,9.31,9.25,1202000.0,11158507.52,9.28
300301.SZ,20260923,3.46,3.45,3.46,3.45,35800.0,123710.0,3.46
300302.SZ,20260923,29.26,29.2,29.29,29.15,193300.0,5646034.56,29.21
300303.SZ,20260923,6.95,6.95,6.97,6.94,315600.0,2192980.96,6.95
300304.SZ,20260923,11.85,11.88,11.88,11.85,16400.0,194664.0,11.87
300305.SZ,20260923,6.47,6.46,6.49,6.44,65400.0,422415.0,6.46
300306.SZ,20260923,10.47,10.49,10.52,10.47,33300.0,349357.0,10.49
300307.SZ,20260923,7.36,7.36,7.37,7.36,171000.0,1258620.0,7.36
300308.SZ,20260923,936.88,936.01,939.0,936.01,302928.0,283789127.68,936.82
300310.SZ,20260923,4.41,4.41,4.41,4.4,160800.0,709067.04,4.41
300311.SZ,20260923,6.01,6.05,6.05,6.01,460400.0,2781443.84,6.04
300313.SZ,20260923,13.93,13.9,14.01,13.88,387600.0,5393964.8,13.92
300314.SZ,20260923,12.88,12.89,12.95,12.8,215700.0,2778975.04,12.88
300315.SZ,20260923,4.08,4.08,4.08,4.07,763400.0,3113088.0,4.08
300316.SZ,20260923,41.61,41.5,41.62,41.5,22200.0,921830.0,41.52
300317.SZ,20260923,4.15,4.16,4.16,4.14,68300.0,283404.0,4.15
300318.SZ,20260923,5.2,5.19,5.22,5.19,35800.0,186058.0,5.2
300319.SZ,20260923,21.31,21.28,21.36,21.28,1262384.96,26873533.44,21.29
300320.SZ,20260923,8.49,8.45,8.49,8.45,10300.0,87294.0,8.48
300321.SZ,20260923,34.5,34.5,34.6,34.5,37400.0,1291228.0,34.53
300322.SZ,20260923,18.87,18.83,18.95,18.82,94700.0,1785649.92,18.86
300323.SZ,20260923,11.96,11.98,11.98,11.9,542800.0,6496257.28,11.97
300324.SZ,20260923,4.0,4.01,4.04,3.98,15488899.84,62132213.76,4.01
300326.SZ,20260923,6.28,6.28,6.28,6.28,3200.0,20096.0,6.28
300327.SZ,20260923,26.08,26.05,26.2,26.04,97500.0,2542936.0,26.08
300328.SZ,20260923,13.23,13.27,13.27,13.21,198700.0,2633304.96,13.25
300329.SZ,20260923,12.3,12.35,12.35,12.29,16000.0,197339.0,12.33
300331.SZ,20260923,49.8,49.77,49.99,49.76,19200.0,956358.0,49.81
300332.SZ,20260923,4.97,4.96,4.97,4.96,72400.0,359211.0,4.96
300333.SZ,20260923,11.6,11.63,11.63,11.59,197500.0,2294364.0,11.62
300334.SZ,20260923,8.49,8.48,8.49,8.47,19100.0,161967.0,8.48
300335.SZ,20260923,5.56,5.52,5.57,5.52,64300.0,355035.0,5.52
300337.SZ,20260923,9.32,9.32,9.37,9.32,11400.0,106435.0,9.34
300338.SZ,20260923,3.04,3.02,3.04,3.02,45000.0,135902.0,3.02
300339.SZ,20260923,35.0,35.0,35.1,34.91,96000.0,3358968.96,34.99
300340.SZ,20260923,8.77,8.82,8.82,8.77,18800.0,165491.0,8.8
300341.SZ,20260923,13.16,13.12,13.16,13.12,5400.0,70940.0,13.14
300342.SZ,20260923,32.0,31.99,32.0,31.94,25600.0,818836.0,31.99
300343.SZ,20260923,5.46,5.46,5.46,5.46,22100.0,120666.0,5.46
300345.SZ,20260923,7.77,7.76,7.8,7.76,241000.0,1871017.92,7.76
300346.SZ,20260923,55.21,55.21,55.22,55.05,196300.0,10835403.52,55.2
300347.SZ,20260923,57.77,57.76,57.79,57.59,42000.0,2425784.0,57.76
300348.SZ,20260923,9.68,9.72,9.74,9.68,116400.0,1130276.96,9.71
300349.SZ,20260923,10.3,10.27,10.3,10.27,17500.0,179812.0,10.28
300350.SZ,20260923,4.75,4.78,4.78,4.72,662000.0,3159833.92,4.77
300351.SZ,20260923,14.22,14.2,14.27,14.2,7500.0,106595.0,14.21
300352.SZ,20260923,2.98,2.96,2.98,2.96,153800.0,455723.0,2.96
300353.SZ,20260923,16.47,16.43,16.49,16.43,23500.0,386253.0,16.44
300354.SZ,20260923,27.58,27.55,27.58,27.55,1200.0,33068.0,27.56
300355.SZ,20260923,2.82,2.81,2.82,2.81,61200.0,172002.0,2.81
300357.SZ,20260923,20.1,20.1,20.11,20.1,36800.0,739695.04,20.1
300358.SZ,20260923,9.26,9.29,9.29,9.21,269300.0,2500756.96,9.29
300359.SZ,20260923,4.24,4.22,4.25,4.22,161800.0,683780.96,4.23
300360.SZ,20260923,11.24,11.27,11.27,11.24,19600.0,220854.0,11.27
300363.SZ,20260923,24.09,24.03,24.12,24.01,128821.0,3097654.4,24.05
300364.SZ,20260923,25.36,25.4,25.41,25.3,710200.0,18029031.68,25.39
300365.SZ,20260923,4.61,4.61,4.61,4.6,70400.0,324336.0,4.61
300366.SZ,20260923,5.52,5.53,5.53,5.52,76400.0,422426.0,5.53
300368.SZ,20260923,9.57,9.56,9.57,9.5,169000.0,1613508.96,9.55
300369.SZ,20260923,9.8,9.83,9.83,9.73,725600.0,7123802.24,9.82
300370.SZ,20260923,2.22,2.22,2.23,2.22,106800.0,237403.0,2.22
300371.SZ,20260923,10.12,10.12,10.12,10.12,3500.0,35420.0,10.12
300373.SZ,20260923,92.18,92.3,92.3,92.0,92500.0,8529464.96,92.21
300374.SZ,20260923,10.13,10.1,10.15,10.1,34700.0,351254.0,10.12
300375.SZ,20260923,4.12,4.1,4.12,4.1,27500.0,113054.0,4.11
300376.SZ,20260923,4.26,4.25,4.26,4.25,182000.0,773587.04,4.25
300377.SZ,20260923,14.3,14.32,14.32,14.26,87500.0,1252347.04,14.31
300378.SZ,20260923,39.5,39.72,39.79,39.5,756800.0,30036564.48,39.69
300380.SZ,20260923,28.89,28.89,28.89,28.76,2700.0,77929.0,28.86
300381.SZ,20260923,5.76,5.77,5.77,5.75,27300.0,157272.0,5.76
300382.SZ,20260923,16.11,16.12,16.2,16.11,88100.0,1420745.92,16.13
300383.SZ,20260923,11.41,11.41,11.44,11.39,363000.0,4141608.0,11.41
300384.SZ,20260923,11.88,11.88,11.88,11.88,11900.0,141372.0,11.88
300385.SZ,20260923,13.39,13.39,13.4,13.3,42500.0,568394.0,13.37
300386.SZ,20260923,11.29,11.29,11.3,11.29,25200.0,284510.0,11.29
300387.SZ,20260923,7.45,7.44,7.45,7.44,15000.0,111619.0,7.44
300388.SZ,20260923,6.75,6.75,6.75,6.75,5500.0,37125.0,6.75
300389.SZ,20260923,13.24,13.24,13.27,13.24,58200.0,771396.0,13.25
300390.SZ,20260923,54.48,54.68,54.68,54.18,138200.0,7538769.28,54.55
300393.SZ,20260923,6.23,6.25,6.25,6.23,99200.0,619705.0,6.25
300394.SZ,20260923,277.0,277.0,278.0,276.5,243766.0,67528985.6,277.02
300395.SZ,20260923,96.25,96.08,96.59,96.08,87100.0,8371322.88,96.11
300396.SZ,20260923,7.21,7.2,7.21,7.2,25800.0,185761.0,7.2
300397.SZ,20260923,11.39,11.43,11.48,11.36,384100.0,4387560.96,11.42
300398.SZ,20260923,37.86,37.89,37.89,37.72,122600.0,4639934.08,37.85
300399.SZ,20260923,19.8,19.83,19.88,19.73,51300.0,1017732.0,19.84
300400.SZ,20260923,35.65,35.65,35.69,35.61,41800.0,1490120.0,35.65
300401.SZ,20260923,16.38,16.32,16.39,16.32,104000.0,1698192.96,16.33
300402.SZ,20260923,14.99,14.99,14.99,14.98,15400.0,230812.0,14.99
300403.SZ,20260923,8.76,8.73,8.79,8.73,47200.0,412209.0,8.73
300404.SZ,20260923,14.55,14.6,14.69,14.23,725500.0,10565752.32,14.56
300405.SZ,20260923,5.78,5.77,5.8,5.77,110700.0,638906.0,5.77
300406.SZ,20260923,11.79,11.79,11.79,11.79,8200.0,96678.0,11.79
300407.SZ,20260923,10.8,10.8,10.8,10.78,18500.0,199783.0,10.8
300408.SZ,20260923,131.13,131.62,131.86,130.08,321700.0,42276431.36,131.42
300409.SZ,20260923,17.28,17.17,17.32,17.15,120900.0,2081347.04,17.22
300410.SZ,20260923,8.76,8.75,8.8,8.75,132400.0,1158832.96,8.75
300411.SZ,20260923,8.23,8.23,8.26,8.23,11600.0,95602.0,8.24
300412.SZ,20260923,4.58,4.63,4.63,4.58,75300.0,348168.0,4.62
300413.SZ,20260923,19.07,19.04,19.11,19.04,1079522.0,20578560.0,19.06
300414.SZ,20260923,11.56,11.56,11.6,11.55,12500.0,144660.0,11.57
300415.SZ,20260923,18.9,18.95,18.95,18.9,18200.0,344829.0,18.95
300416.SZ,20260923,14.23,14.24,14.24,14.22,26600.0,378683.0,14.24
300417.SZ,20260923,11.85,11.86,11.88,11.85,19100.0,226534.0,11.86
300418.SZ,20260923,44.1,44.0,44.2,44.0,1049243.04,46195430.4,44.03
300419.SZ,20260923,7.66,7.57,7.66,7.57,31900.0,243295.0,7.63
300420.SZ,20260923,7.92,7.95,7.95,7.9,321500.0,2552920.96,7.94
300421.SZ,20260923,17.41,17.41,17.41,17.41,10600.0,184546.0,17.41
300422.SZ,20260923,4.1,4.1,4.12,4.08,77900.0,319445.0,4.1
300423.SZ,20260923,5.55,5.52,5.57,5.52,105400.0,582327.0,5.53
300424.SZ,20260923,13.99,14.05,14.05,13.93,255800.0,3588000.96,14.03
300425.SZ,20260923,4.04,4.04,4.04,4.03,14000.0,56553.0,4.04
300426.SZ,20260923,8.36,8.4,8.44,8.36,1008100.0,8469619.84,8.4
300427.SZ,20260923,6.88,6.88,6.91,6.88,169600.0,1167444.0,6.88
300428.SZ,20260923,19.62,19.62,19.69,19.62,15500.0,304167.0,19.62
300429.SZ,20260923,11.61,11.54,11.63,11.54,99700.0,1153411.04,11.57
300430.SZ,20260923,4.78,4.78,4.78,4.78,103700.0,495686.0,4.78
300432.SZ,20260923,13.42,13.43,13.43,13.4,93100.0,1249762.0,13.42
300433.SZ,20260923,34.42,34.45,34.45,34.32,916660.96,31539310.08,34.41
300434.SZ,20260923,12.6,12.65,12.67,12.59,423500.0,5354632.0,12.64
300435.SZ,20260923,16.7,16.72,16.76,16.7,44700.0,747495.04,16.72
300436.SZ,20260923,87.22,87.1,87.3,87.1,8200.0,714396.0,87.12
300437.SZ,20260923,11.11,11.11,11.14,11.1,33100.0,367767.0,11.11
300438.SZ,20260923,51.68,51.73,51.88,51.65,107200.0,5544336.0,51.72
300439.SZ,20260923,10.02,10.08,10.09,10.02,37500.0,377998.0,10.08
300440.SZ,20260923,17.8,17.83,17.83,17.65,24100.0,428096.0,17.76
300441.SZ,20260923,7.06,7.06,7.06,7.04,5800.0,40908.0,7.05
300442.SZ,20260923,66.06,66.01,66.3,66.01,358100.0,23648235.52,66.04
300443.SZ,20260923,19.62,19.65,19.65,19.6,39600.0,777484.96,19.63
300444.SZ,20260923,9.01,9.02,9.05,8.99,100300.0,904258.0,9.02
300445.SZ,20260923,18.9,18.9,18.9,18.82,2700.0,51019.0,18.9
300446.SZ,20260923,12.97,12.97,13.0,12.96,42200.0,547398.0,12.97
300447.SZ,20260923,14.26,14.25,14.3,14.25,16100.0,229529.0,14.26
300448.SZ,20260923,5.67,5.67,5.69,5.65,60699.0,344193.36,5.67
300449.SZ,20260923,6.71,6.7,6.74,6.7,26700.0,179106.0,6.71
300450.SZ,20260923,32.29,32.27,32.3,32.25,156184.0,5041375.36,32.28
300451.SZ,20260923,3.59,3.6,3.6,3.56,520900.0,1871857.92,3.59
300452.SZ,20260923,13.2,13.21,13.21,13.2,12100.0,159836.0,13.21
300453.SZ,20260923,9.06,9.06,9.07,9.06,42800.0,387785.0,9.06
300454.SZ,20260923,151.99,152.18,152.65,151.93,144800.0,22032619.52,152.16
300455.SZ,20260923,17.22,17.22,17.25,17.2,26800.0,461553.0,17.22
300456.SZ,20260923,38.76,38.78,38.85,38.6,446800.0,17320334.08,38.77
300457.SZ,20260923,21.18,21.11,21.18,21.1,51300.0,1083472.96,21.12
300458.SZ,20260923,33.6,33.65,33.7,33.5,623300.0,20969411.84,33.64
300459.SZ,20260923,3.65,3.65,3.66,3.64,518100.0,1890870.08,3.65
300460.SZ,20260923,8.97,8.96,8.97,8.96,8580.0,76908.8,8.96
300461.SZ,20260923,35.12,35.0,35.18,35.0,16000.0,561110.0,35.07
300462.SZ,20260923,11.27,11.32,11.32,11.27,4700.0,53189.0,11.32
300463.SZ,20260923,9.41,9.41,9.41,9.4,17300.0,162792.0,9.41
300464.SZ,20260923,12.1,12.36,12.49,12.08,484000.0,5974801.28,12.35
300465.SZ,20260923,11.62,11.62,11.62,11.6,23200.0,269318.0,11.61
300466.SZ,20260923,7.16,7.16,7.2,7.13,27200.0,194800.0,7.16
300467.SZ,20260923,33.14,33.35,33.35,33.14,300.0,9984.0,33.28
300468.SZ,20260923,22.63,22.54,22.67,22.52,376900.0,8504904.96,22.57
300469.SZ,20260923,51.35,51.3,51.5,51.3,6500.0,333631.0,51.33
300470.SZ,20260923,27.73,27.74,27.75,27.73,3300.0,91540.0,27.74
300471.SZ,20260923,10.06,10.02,10.07,10.02,17500.0,175691.0,10.04
300472.SZ,20260923,6.76,6.76,6.76,6.76,3700.0,25012.0,6.76
300473.SZ,20260923,35.1,35.1,35.27,34.99,75300.0,2642924.0,35.1
300474.SZ,20260923,52.67,52.64,52.73,52.64,71500.0,3764607.04,52.65
300475.SZ,20260923,183.89,183.8,184.36,183.5,392800.0,72208414.72,183.83
300476.SZ,20260923,244.54,244.77,244.77,242.94,525700.0,128533186.56,244.5
300477.SZ,20260923,2.62,2.62,2.62,2.62,36500.0,95630.0,2.62
300478.SZ,20260923,36.26,36.3,36.3,36.11,11200.0,405840.0,36.24
300479.SZ,20260923,15.06,15.06,15.06,15.05,22600.0,340336.0,15.06
300480.SZ,20260923,32.5,32.38,32.52,32.38,119900.0,3884199.04,32.4
300481.SZ,20260923,14.2,14.17,14.23,14.14,75800.0,1074159.04,14.17
300482.SZ,20260923,16.58,16.48,16.58,16.48,9500.0,156691.0,16.49
300483.SZ,20260923,23.6,23.65,23.68,23.53,54200.0,1280834.0,23.63
300484.SZ,20260923,13.02,13.02,13.02,13.0,20800.0,270744.0,13.02
300485.SZ,20260923,8.77,8.78,8.78,8.75,27900.0,244855.0,8.78
300486.SZ,20260923,18.02,18.1,18.1,18.02,21800.0,393350.0,18.04
300487.SZ,20260923,69.3,69.26,69.3,69.19,14900.0,1031963.04,69.26
300488.SZ,20260923,38.19,38.19,38.2,38.18,41400.0,1581147.04,38.19
300489.SZ,20260923,252.4,253.42,254.5,249.99,183700.0,46505472.0,253.16
300490.SZ,20260923,10.94,10.98,10.98,10.93,40200.0,441015.0,10.97
300491.SZ,20260923,36.6,36.59,36.77,36.59,44200.0,1617723.04,36.6
300492.SZ,20260923,22.8,22.85,22.93,22.7,38400.0,878059.04,22.87
300493.SZ,20260923,13.33,13.31,13.39,13.31,28600.0,381008.0,13.32
300494.SZ,20260923,8.15,8.18,8.18,8.15,48000.0,392238.0,8.17
300496.SZ,20260923,56.38,56.38,56.44,56.28,45700.0,2576071.04,56.37
300497.SZ,20260923,20.52,20.52,20.62,20.48,374200.0,7677511.04,20.52
300498.SZ,20260923,14.85,14.85,14.89,14.85,70724.0,1050409.36,14.85
300499.SZ,20260923,36.55,36.42,36.57,36.42,165200.0,6026588.8,36.48
300500.SZ,20260923,9.5,9.48,9.5,9.47,33400.0,317123.0,9.5
300501.SZ,20260923,9.49,9.32,9.49,9.32,27300.0,255359.0,9.35
300502.SZ,20260923,460.39,460.13,462.0,459.0,382265.0,176044584.96,460.53
300503.SZ,20260923,65.36,65.35,65.6,65.32,33500.0,2189875.04,65.37
300504.SZ,20260923,19.34,19.41,19.46,19.34,221100.0,4290815.04,19.41
300505.SZ,20260923,19.54,19.49,19.54,19.49,35100.0,684248.0,19.49
300506.SZ,20260923,4.69,4.72,4.72,4.69,19600.0,92432.0,4.72
300507.SZ,20260923,6.5,6.47,6.5,6.47,38900.0,251841.0,6.47
300508.SZ,20260923,38.72,39.2,39.2,38.72,14500.0,564473.0,38.93
300509.SZ,20260923,8.9,8.91,8.93,8.9,22900.0,204042.0,8.91
300510.SZ,20260923,3.46,3.46,3.46,3.45,35600.0,122940.0,3.45
300511.SZ,20260923,5.06,5.08,5.08,5.06,130000.0,659560.0,5.07
300512.SZ,20260923,7.48,7.45,7.48,7.45,32000.0,238828.0,7.46
300513.SZ,20260923,7.5,7.53,7.54,7.47,176900.0,1330962.0,7.52
300514.SZ,20260923,10.4,10.38,10.4,10.38,13500.0,140162.0,10.38
300515.SZ,20260923,16.42,16.42,16.47,16.42,15400.0,252921.0,16.42
300516.SZ,20260923,36.52,36.66,36.66,36.51,27100.0,991615.04,36.59
300517.SZ,20260923,12.21,12.27,12.27,12.21,27900.0,342270.0,12.27
300518.SZ,20260923,26.99,26.9,26.99,26.9,25200.0,678651.04,26.93
300519.SZ,20260923,14.73,14.71,14.75,14.71,13700.0,201614.0,14.72
300520.SZ,20260923,23.85,23.61,23.85,23.61,477300.0,11305213.44,23.69
300521.SZ,20260923,25.5,25.49,25.56,25.49,4400.0,112216.0,25.5
300522.SZ,20260923,15.2,15.25,15.25,15.19,140300.0,2136764.0,15.23
300523.SZ,20260923,22.43,22.4,22.59,22.2,395300.0,8853146.88,22.4
300525.SZ,20260923,8.04,8.08,8.08,8.04,110300.0,891022.0,8.08
300527.SZ,20260923,8.17,8.18,8.18,8.17,12500.0,102244.0,8.18
300528.SZ,20260923,13.93,13.91,13.95,13.89,123400.0,1717521.92,13.92
300529.SZ,20260923,15.23,15.23,15.24,15.21,6000.0,91372.0,15.23
300530.SZ,20260923,19.69,19.58,19.78,19.57,61000.0,1195022.0,19.59
300531.SZ,20260923,15.51,15.51,15.53,15.5,27100.0,420326.0,15.51
300532.SZ,20260923,7.42,7.4,7.46,7.4,17700.0,131468.0,7.43
300533.SZ,20260923,14.52,14.5,14.55,14.47,46300.0,671376.96,14.5
300534.SZ,20260923,14.2,14.15,14.32,14.15,601900.0,8532051.2,14.18
300535.SZ,20260923,15.8,15.86,15.86,15.8,6400.0,101454.0,15.85
300536.SZ,20260923,8.53,8.51,8.54,8.51,22300.0,189989.0,8.52
300537.SZ,20260923,21.4,21.38,21.47,21.38,35800.0,765880.0,21.39
300538.SZ,20260923,15.14,15.38,15.38,15.14,38000.0,578263.0,15.22
300539.SZ,20260923,17.63,17.64,17.66,17.63,26900.0,474475.0,17.64
300540.SZ,20260923,27.05,26.99,27.05,26.9,51000.0,1376380.0,26.99
300541.SZ,20260923,9.68,9.68,9.68,9.67,23000.0,222575.0,9.68
300542.SZ,20260923,12.75,12.8,12.8,12.58,31100.0,396201.0,12.74
300543.SZ,20260923,7.78,7.81,7.81,7.78,4900.0,38262.0,7.81
300545.SZ,20260923,28.01,28.01,28.2,27.78,73000.0,2044147.04,28.0
300546.SZ,20260923,17.2,17.2,17.22,17.2,45900.0,789503.04,17.2
300547.SZ,20260923,25.75,25.75,25.78,25.61,73000.0,1878608.0,25.73
300548.SZ,20260923,239.6,239.53,241.0,238.21,202700.0,48577346.56,239.65
300549.SZ,20260923,14.7,14.67,14.76,14.67,13200.0,193778.0,14.68
300550.SZ,20260923,13.89,13.93,13.93,13.86,19600.0,272337.0,13.9
300551.SZ,20260923,11.83,11.79,11.83,11.71,30400.0,358151.0,11.78
300552.SZ,20260923,20.7,20.7,20.83,20.7,17900.0,370757.0,20.71
300553.SZ,20260923,66.15,66.0,66.3,65.97,12900.0,852299.04,66.07
300554.SZ,20260923,22.89,22.91,23.09,22.79,52800.0,1210072.0,22.92
300555.SZ,20260923,12.58,12.58,12.58,12.58,400.0,5032.0,12.58
300556.SZ,20260923,16.16,16.25,16.25,16.16,43000.0,697688.0,16.23
300557.SZ,20260923,26.1,26.1,26.2,26.1,4500.0,117510.0,26.11
300558.SZ,20260923,50.52,50.57,50.72,50.25,154000.0,7780929.28,50.53
300559.SZ,20260923,13.19,13.11,13.21,13.11,33000.0,435110.0,13.19
300560.SZ,20260923,18.98,18.95,19.0,18.72,193900.0,3671974.08,18.94
300561.SZ,20260923,15.71,15.75,15.75,15.7,72500.0,1140968.0,15.74
300562.SZ,20260923,17.7,17.66,17.72,17.66,100600.0,1777832.0,17.67
300563.SZ,20260923,27.34,27.26,27.5,27.26,63500.0,1734192.96,27.31
300564.SZ,20260923,12.27,12.26,12.27,12.25,19200.0,235399.0,12.26
300565.SZ,20260923,10.05,10.05,10.05,10.03,17300.0,173831.0,10.05
300566.SZ,20260923,26.36,26.34,26.51,26.32,333100.0,8783233.92,26.37
300567.SZ,20260923,214.04,214.51,214.51,212.9,25000.0,5355383.04,214.22
300568.SZ,20260923,15.94,15.93,15.98,15.9,154200.0,2457756.0,15.94
300569.SZ,20260923,4.93,4.92,4.95,4.92,134500.0,662099.0,4.92
300570.SZ,20260923,227.9,227.05,228.5,227.05,99100.0,22531258.88,227.36
300571.SZ,20260923,29.63,29.67,29.68,29.63,33200.0,984879.04,29.67
300572.SZ,20260923,24.11,24.5,24.5,24.05,10600.0,258001.0,24.34
300573.SZ,20260923,37.0,37.17,37.17,37.0,57200.0,2124176.96,37.14
300575.SZ,20260923,6.35,6.38,6.38,6.33,309200.0,1971764.96,6.38
300576.SZ,20260923,29.56,29.56,29.69,29.5,70000.0,2069121.92,29.56
300577.SZ,20260923,19.9,19.99,19.99,19.9,15100.0,301598.0,19.97
300578.SZ,20260923,15.7,15.77,15.77,15.7,6500.0,102435.0,15.76
300579.SZ,20260923,24.02,24.02,24.05,24.0,35300.0,847884.0,24.02
300580.SZ,20260923,18.5,18.53,18.53,18.48,14500.0,268562.0,18.52
300581.SZ,20260923,10.37,10.37,10.38,10.36,19400.0,201161.0,10.37
300582.SZ,20260923,10.87,10.83,10.9,10.83,7000.0,75886.0,10.84
300583.SZ,20260923,13.93,13.95,13.95,13.82,7600.0,105600.0,13.9
300584.SZ,20260923,31.22,31.21,31.36,31.21,5200.0,162322.0,31.22
300585.SZ,20260923,16.04,16.04,16.04,16.04,0.0,0.0,16.04
300586.SZ,20260923,9.36,9.36,9.38,9.35,71800.0,672244.96,9.36
300587.SZ,20260923,4.97,4.98,4.99,4.96,251200.0,1250448.0,4.98
300588.SZ,20260923,22.06,21.98,22.06,21.98,14400.0,316528.0,21.98
300589.SZ,20260923,14.0,13.97,14.02,13.97,68600.0,959056.0,13.98
300590.SZ,20260923,11.55,11.55,11.57,11.53,26200.0,302580.0,11.55
300591.SZ,20260923,6.69,6.66,6.69,6.65,126700.0,843984.96,6.66
300592.SZ,20260923,20.13,20.22,20.22,20.01,34800.0,701764.0,20.17
300593.SZ,20260923,34.25,34.2,34.45,33.99,395700.0,13576657.92,34.31
300594.SZ,20260923,14.92,14.92,15.05,14.92,22000.0,328578.0,14.94
300595.SZ,20260923,10.22,10.2,10.25,10.2,46200.0,472663.0,10.23
300596.SZ,20260923,41.06,40.98,41.06,40.98,2700.0,110714.0,41.01
300597.SZ,20260923,7.97,7.99,7.99,7.97,9900.0,79090.0,7.99
300598.SZ,20260923,31.02,31.2,31.2,31.01,12900.0,401797.0,31.15
300599.SZ,20260923,12.7,12.69,12.71,12.65,59600.0,756498.0,12.69
300600.SZ,20260923,10.68,10.62,10.68,10.56,59800.0,635802.0,10.63
300601.SZ,20260923,13.03,13.05,13.15,13.03,106000.0,1383283.04,13.05
300602.SZ,20260923,39.0,38.88,39.15,38.6,80100.0,3114220.16,38.88
300603.SZ,20260923,8.22,8.22,8.28,8.21,75300.0,620505.0,8.24
300604.SZ,20260923,276.0,277.0,277.05,275.05,204100.0,56446095.36,276.56
300605.SZ,20260923,10.29,10.29,10.29,10.27,21600.0,222225.0,10.29
300606.SZ,20260923,37.5,37.25,37.6,37.25,34400.0,1284500.0,37.34
300607.SZ,20260923,32.87,32.83,32.9,32.83,59600.0,1957742.08,32.85
300608.SZ,20260923,10.1,10.1,10.11,10.08,51900.0,524149.0,10.1
300609.SZ,20260923,24.66,24.68,24.68,24.66,8500.0,209760.0,24.68
300610.SZ,20260923,10.42,10.4,10.43,10.4,12900.0,134173.0,10.4
300611.SZ,20260923,27.96,28.04,28.04,27.88,6900.0,193092.0,27.98
300612.SZ,20260923,12.69,12.7,12.7,12.61,43000.0,545386.0,12.68
300613.SZ,20260923,83.49,83.49,83.9,83.23,207400.0,17317981.44,83.5
300614.SZ,20260923,10.42,10.42,10.42,10.41,15300.0,159425.0,10.42
300615.SZ,20260923,14.95,14.86,14.96,14.86,105200.0,1566052.0,14.89
300616.SZ,20260923,11.15,11.17,11.17,11.14,58800.0,656618.0,11.17
300617.SZ,20260923,36.35,36.33,36.41,36.27,8300.0,301552.0,36.33
300618.SZ,20260923,32.5,32.5,32.54,32.48,38400.0,1248220.0,32.51
300619.SZ,20260923,26.29,26.29,26.49,26.29,51700.0,1362972.0,26.36
300620.SZ,20260923,292.02,291.01,292.1,291.01,114400.0,33340019.2,291.43
300621.SZ,20260923,7.13,7.15,7.15,7.09,11800.0,84078.0,7.13
300622.SZ,20260923,15.6,15.65,15.69,15.51,146900.0,2296684.0,15.63
300623.SZ,20260923,34.68,34.53,34.69,34.52,155800.0,5381809.28,34.54
300624.SZ,20260923,52.37,52.5,52.71,52.37,114300.0,6002560.0,52.52
300625.SZ,20260923,10.11,10.04,10.17,10.04,45000.0,452483.0,10.06
300626.SZ,20260923,29.45,29.6,29.6,29.23,18600.0,548633.0,29.5
300627.SZ,20260923,26.93,26.9,26.95,26.88,50500.0,1358636.0,26.9
300628.SZ,20260923,41.72,41.55,41.93,41.53,40679.0,1696070.88,41.69
300629.SZ,20260923,18.06,18.06,18.07,18.06,19100.0,344951.0,18.06
300631.SZ,20260923,21.47,21.47,21.47,21.46,1600.0,34350.0,21.47
300632.SZ,20260923,19.26,19.24,19.31,19.24,63500.0,1222122.0,19.25
300633.SZ,20260923,19.92,19.94,19.95,19.9,8100.0,161481.0,19.94
300634.SZ,20260923,22.08,22.09,22.18,22.02,614300.0,13565255.68,22.08
300635.SZ,20260923,11.9,11.91,11.91,11.9,8800.0,104774.0,11.91
300636.SZ,20260923,7.04,7.06,7.06,7.04,11100.0,78348.0,7.06
300637.SZ,20260923,9.45,9.42,9.46,9.42,15400.0,145287.0,9.43
300638.SZ,20260923,20.54,20.54,20.61,20.54,105400.0,2166230.08,20.55
300639.SZ,20260923,6.15,6.14,6.16,6.14,62800.0,385772.0,6.14
300640.SZ,20260923,6.66,6.67,6.67,6.65,73600.0,490881.0,6.67
300641.SZ,20260923,13.69,13.67,13.69,13.67,29700.0,406088.0,13.67
300642.SZ,20260923,20.4,20.5,20.8,20.35,815000.0,16706708.48,20.5
300643.SZ,20260923,18.27,18.28,18.28,18.21,9200.0,168056.0,18.27
300644.SZ,20260923,20.9,20.98,20.98,20.9,11600.0,243038.0,20.95
300645.SZ,20260923,14.31,14.29,14.31,14.29,95100.0,1359380.0,14.29
300647.SZ,20260923,8.5,8.47,8.5,8.46,80500.0,682672.96,8.48
300648.SZ,20260923,41.21,41.2,41.24,41.08,15300.0,630339.0,41.2
300649.SZ,20260923,28.85,28.99,28.99,28.71,4300.0,124153.0,28.87
300650.SZ,20260923,12.53,12.51,12.55,12.43,11600.0,144911.0,12.49
300651.SZ,20260923,16.58,16.53,16.59,16.42,41400.0,684527.04,16.53
300652.SZ,20260923,27.84,27.84,27.99,27.84,27800.0,774676.96,27.87
300653.SZ,20260923,15.55,15.59,15.63,15.52,6100.0,95054.0,15.58
300654.SZ,20260923,9.83,9.81,9.85,9.81,43500.0,426833.0,9.81
300655.SZ,20260923,13.3,13.31,13.32,13.28,308700.0,4107544.64,13.31
300656.SZ,20260923,29.8,29.9,30.18,29.8,113100.0,3384840.0,29.93
300657.SZ,20260923,37.83,37.81,37.95,37.78,154500.0,5842611.2,37.82
300658.SZ,20260923,10.83,10.81,10.88,10.81,8600.0,93058.0,10.82
300659.SZ,20260923,11.15,11.17,11.18,11.1,82300.0,918894.0,11.17
300660.SZ,20260923,23.8,23.79,23.81,23.78,10400.0,247385.0,23.79
300661.SZ,20260923,121.68,121.67,122.0,121.58,93300.0,11351765.76,121.67
300662.SZ,20260923,21.19,21.17,21.19,21.17,1900.0,40251.0,21.19
300663.SZ,20260923,7.95,7.99,7.99,7.93,88600.0,706448.96,7.97
300664.SZ,20260923,4.67,4.66,4.67,4.65,61300.0,285706.0,4.66
300665.SZ,20260923,8.92,8.92,8.95,8.92,35600.0,317581.0,8.92
300666.SZ,20260923,252.5,252.69,253.0,251.59,70200.0,17736888.32,252.66
300667.SZ,20260923,15.06,15.05,15.12,15.05,15600.0,234823.0,15.05
300668.SZ,20260923,32.98,32.8,33.0,32.8,26300.0,863104.0,32.82
300669.SZ,20260923,24.53,24.51,24.53,24.5,39600.0,970615.04,24.51
300670.SZ,20260923,7.68,7.63,7.73,7.63,373200.0,2854429.12,7.65
300671.SZ,20260923,60.0,59.96,60.16,59.96,176575.0,10594016.0,60.0
300672.SZ,20260923,206.28,207.2,207.2,206.0,92800.0,19192889.6,206.82
300673.SZ,20260923,15.2,15.2,15.2,15.16,3200.0,48612.0,15.19
300674.SZ,20260923,16.73,16.79,16.8,16.73,94200.0,1580744.96,16.78
300675.SZ,20260923,12.8,13.05,13.05,12.8,34300.0,442650.0,12.91
300676.SZ,20260923,43.72,43.71,43.86,43.68,106000.0,4633954.88,43.72
300677.SZ,20260923,50.81,50.7,50.87,50.7,31100.0,1577744.0,50.73
300678.SZ,20260923,21.92,21.92,21.96,21.89,24600.0,539209.0,21.92
300679.SZ,20260923,45.46,45.33,45.47,45.32,179600.0,8143904.0,45.35
300680.SZ,20260923,20.72,20.71,20.75,20.71,5200.0,107728.0,20.72
300681.SZ,20260923,22.51,22.6,22.6,22.45,169200.0,3816906.88,22.56
300682.SZ,20260923,9.11,9.11,9.12,9.1,65900.0,600333.0,9.11
300683.SZ,20260923,26.16,26.26,26.26,26.01,31700.0,830936.96,26.21
300684.SZ,20260923,115.0,114.91,115.88,114.5,653656.0,75207966.72,115.06
300685.SZ,20260923,20.0,19.93,20.0,19.92,216000.0,4306182.08,19.94
300686.SZ,20260923,14.82,14.86,14.86,14.81,7300.0,108418.0,14.85
300687.SZ,20260923,30.58,30.63,30.63,30.55,149400.0,4574276.48,30.62
300688.SZ,20260923,37.44,37.47,37.6,37.19,142400.0,5332883.84,37.45
300689.SZ,20260923,66.2,66.03,66.2,66.03,11000.0,726492.96,66.05
300690.SZ,20260923,23.88,23.88,23.96,23.86,39700.0,948068.0,23.88
300691.SZ,20260923,19.4,19.49,19.7,19.31,1002300.0,19544217.6,19.5
300692.SZ,20260923,9.5,9.5,9.6,9.5,155200.0,1485351.04,9.57
300693.SZ,20260923,38.2,38.11,38.2,38.11,49800.0,1898726.08,38.13
300694.SZ,20260923,10.61,10.61,10.61,10.6,5600.0,59411.0,10.61
300695.SZ,20260923,52.9,52.72,52.98,52.72,1700.0,89705.0,52.77
300696.SZ,20260923,21.34,21.34,21.34,21.32,9200.0,196317.0,21.34
300697.SZ,20260923,15.77,15.61,15.77,15.61,95400.0,1495699.04,15.68
300698.SZ,20260923,28.56,28.7,28.7,28.55,10600.0,303758.0,28.66
300699.SZ,20260923,23.65,23.65,23.66,23.62,31800.0,752068.0,23.65
300700.SZ,20260923,17.08,17.06,17.1,17.06,33400.0,570230.0,17.07
300701.SZ,20260923,9.99,9.95,9.99,9.94,23600.0,234828.0,9.95
300702.SZ,20260923,21.71,21.74,21.74,21.65,17900.0,389118.0,21.74
300703.SZ,20260923,14.21,14.28,14.28,14.2,20100.0,286820.0,14.27
300705.SZ,20260923,11.04,11.06,11.06,11.03,12800.0,141443.0,11.05
300706.SZ,20260923,50.43,50.42,50.89,50.42,29600.0,1494280.0,50.48
300707.SZ,20260923,12.13,12.12,12.13,12.12,3000.0,36361.0,12.12
300708.SZ,20260923,9.46,9.46,9.49,9.4,460300.0,4353290.88,9.46
300709.SZ,20260923,39.24,39.24,39.24,39.02,25500.0,1000124.0,39.22
300710.SZ,20260923,31.42,31.5,31.5,31.39,11200.0,352645.0,31.49
300711.SZ,20260923,18.7,18.68,18.74,18.68,16200.0,302691.0,18.69
300712.SZ,20260923,20.86,20.86,20.86,20.86,0.0,0.0,20.86
300713.SZ,20260923,14.08,14.01,14.08,13.98,20400.0,285809.0,14.01
300715.SZ,20260923,14.57,14.63,14.63,14.57,7300.0,106643.0,14.61
300716.SZ,20260923,18.16,18.16,18.16,18.16,0.0,0.0,18.16
300717.SZ,20260923,18.94,18.95,19.05,18.91,23100.0,437854.0,18.96
300718.SZ,20260923,53.48,53.34,53.48,53.34,34300.0,1830326.08,53.36
300719.SZ,20260923,12.11,12.16,12.16,12.1,11300.0,137340.0,12.15
300720.SZ,20260923,63.99,63.99,64.2,63.76,87500.0,5600840.96,64.01
300721.SZ,20260923,22.43,22.55,22.55,22.43,23600.0,532012.0,22.54
300722.SZ,20260923,21.84,21.82,21.84,21.82,7700.0,168076.0,21.83
300723.SZ,20260923,34.47,34.47,34.52,34.47,15200.0,523999.0,34.47
300724.SZ,20260923,54.4,54.4,54.45,54.2,22900.0,1245127.04,54.37
300725.SZ,20260923,53.36,53.5,53.52,53.2,307100.0,16421582.08,53.47
300726.SZ,20260923,58.72,58.72,58.79,58.7,96500.0,5667386.88,58.73
300727.SZ,20260923,34.97,34.81,34.98,34.8,4700.0,164224.0,34.94
300729.SZ,20260923,11.49,11.49,11.54,11.46,40000.0,459706.0,11.49
300730.SZ,20260923,11.72,11.68,11.79,11.68,219100.0,2563432.0,11.7
300731.SZ,20260923,51.38,51.58,51.58,51.0,65700.0,3385916.16,51.54
300732.SZ,20260923,5.82,5.83,5.83,5.8,15000.0,87307.0,5.82
300733.SZ,20260923,14.23,14.25,14.28,14.18,25300.0,360510.0,14.25
300735.SZ,20260923,18.9,18.9,18.94,18.88,47500.0,897655.04,18.9
300736.SZ,20260923,34.12,34.25,34.25,33.86,13500.0,461181.0,34.16
300737.SZ,20260923,4.88,4.86,4.89,4.86,224300.0,1091372.0,4.87
300738.SZ,20260923,19.89,19.89,19.91,19.86,396600.0,7886796.16,19.89
300739.SZ,20260923,31.23,31.04,31.34,31.01,82700.0,2569652.96,31.07
300740.SZ,20260923,23.16,23.24,23.26,23.1,652200.0,15146553.6,23.22
300741.SZ,20260923,28.48,28.4,28.81,28.4,659900.0,18825273.6,28.53
300743.SZ,20260923,14.52,14.53,14.53,14.45,11700.0,169948.0,14.53
300745.SZ,20260923,28.16,28.19,28.19,28.15,50700.0,1429065.92,28.19
300746.SZ,20260923,14.83,14.82,14.83,14.82,2000.0,29645.0,14.82
300747.SZ,20260923,40.55,40.5,40.75,40.5,56700.0,2297500.0,40.52
300748.SZ,20260923,25.75,25.75,25.76,25.71,71800.0,1848832.96,25.75
300749.SZ,20260923,25.39,25.13,25.39,25.13,10300.0,259099.0,25.16
300750.SZ,20260923,304.67,304.5,304.8,304.26,437463.0,133215027.2,304.52
300751.SZ,20260923,203.96,203.52,205.19,203.52,42200.0,8603765.76,203.88
300752.SZ,20260923,13.49,13.46,13.49,13.2,143500.0,1913263.04,13.33
300753.SZ,20260923,21.53,21.51,21.7,21.51,39600.0,854308.96,21.57
300755.SZ,20260923,11.55,11.6,11.61,11.55,25900.0,300358.0,11.6
300756.SZ,20260923,34.8,34.88,34.93,34.8,288800.0,10071872.0,34.88
300757.SZ,20260923,610.0,611.0,611.68,609.15,60400.0,36887608.32,610.72
300758.SZ,20260923,11.54,11.54,11.57,11.54,22300.0,257539.0,11.55
300759.SZ,20260923,44.43,44.46,44.66,44.32,329300.0,14640171.52,44.46
300760.SZ,20260923,156.51,156.5,156.65,156.47,19560.0,3061789.12,156.53
300761.SZ,20260923,20.86,20.82,21.27,20.82,15400.0,321965.0,20.91
300762.SZ,20260923,27.2,27.17,27.22,27.13,45200.0,1227958.0,27.17
300763.SZ,20260923,56.01,56.18,56.18,56.01,56700.0,3184592.96,56.17
300765.SZ,20260923,47.55,47.55,47.8,47.55,148600.0,7069957.12,47.58
300766.SZ,20260923,22.55,22.54,22.66,22.51,111400.0,2511376.96,22.54
300767.SZ,20260923,21.4,21.6,21.6,21.39,25700.0,554102.0,21.56
300768.SZ,20260923,15.26,15.25,15.27,15.25,26100.0,398222.0,15.26
300769.SZ,20260923,41.51,41.52,41.52,41.47,28200.0,1170676.96,41.51
300770.SZ,20260923,35.13,35.15,35.2,34.95,113700.0,3993209.92,35.12
300771.SZ,20260923,11.52,11.48,11.52,11.48,7200.0,82664.0,11.48
300772.SZ,20260923,9.36,9.38,9.38,9.36,45000.0,421838.0,9.37
300773.SZ,20260923,15.25,15.27,15.27,15.2,226900.0,3460924.16,15.25
300774.SZ,20260923,10.23,10.25,10.27,10.18,100100.0,1026158.0,10.25
300775.SZ,20260923,21.26,21.28,21.28,21.25,25200.0,536075.0,21.27
300776.SZ,20260923,130.62,129.11,131.88,129.11,288300.0,37385592.32,129.68
300777.SZ,20260923,21.37,21.35,21.37,21.34,33500.0,715452.96,21.36
300778.SZ,20260923,10.85,10.85,10.85,10.84,25200.0,273409.0,10.85
300779.SZ,20260923,53.97,53.88,54.07,53.86,30200.0,1628601.92,53.93
300780.SZ,20260923,20.48,20.17,20.48,20.17,19400.0,391962.0,20.2
300781.SZ,20260923,28.27,28.3,28.33,28.2,58000.0,1641153.92,28.3
300782.SZ,20260923,74.76,74.75,75.3,74.7,39000.0,2915949.12,74.77
300783.SZ,20260923,17.05,16.97,17.05,16.97,12400.0,210530.0,16.98
300784.SZ,20260923,42.67,42.46,42.67,42.43,9600.0,407834.0,42.48
300785.SZ,20260923,38.5,38.88,39.2,38.43,822400.0,31968473.6,38.87
300786.SZ,20260923,15.18,15.15,15.2,15.15,99300.0,1504911.04,15.16
300787.SZ,20260923,11.87,11.95,11.95,11.8,92700.0,1104322.0,11.91
300788.SZ,20260923,33.59,33.6,33.99,33.49,668600.0,22472988.16,33.61
300789.SZ,20260923,16.42,16.42,16.44,16.39,17100.0,280798.0,16.42
300790.SZ,20260923,20.03,19.95,20.08,19.95,109500.0,2186105.92,19.96
300791.SZ,20260923,17.8,17.78,17.8,17.78,11700.0,208082.0,17.79
300792.SZ,20260923,25.65,25.6,25.82,25.56,209900.0,5378024.96,25.62
300793.SZ,20260923,12.12,12.15,12.18,12.11,59900.0,727659.04,12.15
300795.SZ,20260923,14.0,14.04,14.04,13.85,875500.0,12277392.64,14.02
300796.SZ,20260923,6.89,6.91,6.91,6.8,43400.0,297951.0,6.87
300797.SZ,20260923,13.35,13.37,13.37,13.33,8600.0,114951.0,13.37
300798.SZ,20260923,8.98,8.98,9.03,8.98,256300.0,2304243.04,8.99
300800.SZ,20260923,10.51,10.51,10.51,10.51,7600.0,79876.0,10.51
300801.SZ,20260923,21.92,22.0,22.0,21.92,22000.0,483492.0,21.98
300802.SZ,20260923,27.42,27.41,27.58,27.41,48600.0,1332719.04,27.42
300803.SZ,20260923,58.18,58.18,58.43,58.0,258300.0,15028550.4,58.18
300804.SZ,20260923,44.32,44.81,45.14,44.32,3800.0,170502.0,44.87
300805.SZ,20260923,8.65,8.67,8.67,8.62,29000.0,251193.0,8.66
300806.SZ,20260923,55.94,55.58,55.94,55.58,151800.0,8438512.0,55.59
300807.SZ,20260923,37.0,37.1,37.1,37.0,3100.0,114974.0,37.09
300808.SZ,20260923,21.5,21.4,21.57,21.35,43400.0,928896.0,21.4
300809.SZ,20260923,24.7,24.74,24.74,24.66,11200.0,276793.0,24.71
300810.SZ,20260923,25.67,25.75,25.75,25.62,12800.0,329341.0,25.73
300811.SZ,20260923,87.27,87.5,87.6,87.27,112300.0,9827096.32,87.51
300812.SZ,20260923,20.12,20.2,20.23,20.12,31800.0,641162.0,20.16
300813.SZ,20260923,23.23,23.26,23.26,23.08,28200.0,655265.0,23.24
300814.SZ,20260923,150.9,153.92,154.51,150.38,293600.0,45030195.2,153.37
300815.SZ,20260923,15.89,15.9,15.9,15.81,10100.0,160447.0,15.89
300816.SZ,20260923,66.33,66.1,66.33,66.1,22000.0,1457115.04,66.23
300817.SZ,20260923,16.58,16.63,16.63,16.58,10200.0,169511.0,16.62
300818.SZ,20260923,16.69,16.68,16.69,16.68,20900.0,348699.0,16.68
300819.SZ,20260923,49.35,49.35,49.49,49.34,11300.0,557742.0,49.36
300820.SZ,20260923,73.3,73.09,74.68,72.22,76400.0,5586826.88,73.13
300821.SZ,20260923,15.5,15.5,15.53,15.45,162300.0,2514295.04,15.49
300822.SZ,20260923,11.76,11.79,11.79,11.76,16700.0,196680.0,11.78
300823.SZ,20260923,14.57,14.57,14.61,14.57,10900.0,158829.0,14.57
300824.SZ,20260923,7.86,7.86,7.89,7.86,34700.0,272941.0,7.87
300825.SZ,20260923,12.81,12.7,12.82,12.7,56800.0,723487.04,12.74
300826.SZ,20260923,15.8,15.8,15.89,15.8,8200.0,129578.0,15.8
300827.SZ,20260923,25.57,25.64,25.64,25.56,16100.0,412229.0,25.6
300828.SZ,20260923,17.31,17.31,17.31,17.19,11100.0,192078.0,17.3
300829.SZ,20260923,27.81,27.88,27.97,27.6,804700.0,22435100.16,27.88
300830.SZ,20260923,8.25,8.25,8.27,8.21,114100.0,940612.96,8.24
300831.SZ,20260923,14.25,14.15,14.25,14.15,24500.0,347017.0,14.16
300832.SZ,20260923,49.45,49.18,49.62,49.18,5700.0,280738.0,49.25
300833.SZ,20260923,41.06,41.05,41.1,41.05,8400.0,344832.0,41.05
300834.SZ,20260923,40.25,40.25,40.25,40.25,9100.0,366275.0,40.25
300835.SZ,20260923,194.3,193.23,194.6,193.23,17300.0,3350063.04,193.65
300836.SZ,20260923,60.58,60.91,60.91,60.58,37900.0,2305774.08,60.84
300837.SZ,20260923,22.8,22.96,22.96,22.8,7400.0,169530.0,22.91
300838.SZ,20260923,14.31,14.31,14.39,14.31,8800.0,126099.0,14.33
300839.SZ,20260923,13.3,13.31,13.31,13.29,102900.0,1368944.0,13.3
300840.SZ,20260923,19.87,19.81,19.94,19.81,112400.0,2227952.0,19.82
300841.SZ,20260923,54.39,54.39,54.5,54.39,18000.0,979582.0,54.42
300842.SZ,20260923,64.0,64.2,64.2,64.0,9400.0,603056.0,64.16
300843.SZ,20260923,137.12,137.08,137.36,136.71,24900.0,3412022.72,137.03
300844.SZ,20260923,24.53,24.65,24.65,24.53,26500.0,653029.0,24.64
300845.SZ,20260923,14.27,14.26,14.4,14.25,57100.0,816472.0,14.3
300846.SZ,20260923,20.3,20.46,20.46,20.3,94500.0,1930152.0,20.42
300847.SZ,20260923,14.2,14.23,14.23,14.15,54200.0,769694.0,14.2
300848.SZ,20260923,11.35,11.23,11.35,11.23,16000.0,181424.0,11.34
300849.SZ,20260923,22.77,22.89,22.89,22.36,20500.0,467754.0,22.82
300850.SZ,20260923,28.36,28.4,28.5,28.36,94500.0,2685055.04,28.41
300851.SZ,20260923,24.39,24.35,24.39,24.3,16500.0,401776.0,24.35
300852.SZ,20260923,74.04,73.52,74.28,73.52,105400.0,7773459.2,73.75
300853.SZ,20260923,31.57,31.7,31.72,31.28,28700.0,909436.0,31.69
300854.SZ,20260923,15.66,15.66,15.81,15.66,17600.0,275862.0,15.67
300855.SZ,20260923,34.9,34.86,34.94,34.81,34500.0,1202884.96,34.87
300856.SZ,20260923,10.49,10.49,10.49,10.49,1000.0,10490.0,10.49
300857.SZ,20260923,274.55,275.0,276.0,273.02,125600.0,34518819.84,274.83
300858.SZ,20260923,15.47,15.62,15.66,15.46,245600.0,3833048.0,15.61
300859.SZ,20260923,24.53,24.46,24.56,24.45,25800.0,631268.0,24.47
300860.SZ,20260923,30.5,30.5,30.73,30.4,39100.0,1193108.0,30.51
300861.SZ,20260923,16.1,16.1,16.12,16.0,56400.0,906890.0,16.08
300862.SZ,20260923,58.05,58.01,58.62,57.77,998379.04,57960857.6,58.06
300863.SZ,20260923,42.89,42.89,42.91,42.89,15800.0,677790.0,42.9
300864.SZ,20260923,26.31,26.31,26.35,26.22,27300.0,718039.04,26.3
300865.SZ,20260923,34.1,34.11,34.11,33.83,12100.0,412220.0,34.07
300866.SZ,20260923,123.81,123.9,123.9,123.41,22300.0,2761970.88,123.86
300867.SZ,20260923,17.88,17.9,17.9,17.86,12500.0,223705.0,17.9
300868.SZ,20260923,89.05,88.99,89.88,88.99,11700.0,1042683.04,89.12
300869.SZ,20260923,11.46,11.44,11.46,11.44,31400.0,359514.0,11.45
300870.SZ,20260923,214.88,214.51,214.88,213.0,52700.0,11303070.72,214.48
300871.SZ,20260923,21.69,21.71,21.71,21.69,15300.0,332155.0,21.71
300872.SZ,20260923,15.95,15.83,15.95,15.83,99100.0,1573703.04,15.88
300873.SZ,20260923,16.24,16.3,16.38,16.23,463700.0,7552851.84,16.29
300875.SZ,20260923,32.8,32.95,32.95,32.8,20900.0,687891.04,32.91
300876.SZ,20260923,15.09,15.11,15.11,14.97,20300.0,306604.0,15.1
300877.SZ,20260923,27.88,27.89,27.89,27.79,8300.0,231445.0,27.89
300878.SZ,20260923,31.39,31.0,31.39,31.0,7700.0,240912.0,31.29
300879.SZ,20260923,18.16,18.18,18.26,18.1,51300.0,932742.0,18.18
300880.SZ,20260923,19.89,19.89,20.02,19.86,99500.0,1979972.0,19.9
300881.SZ,20260923,30.5,30.56,30.56,30.5,8000.0,244474.0,30.56
300882.SZ,20260923,13.53,13.57,13.57,13.52,5900.0,80027.0,13.56
300883.SZ,20260923,6.48,6.47,6.48,6.45,15500.0,100374.0,6.48
300884.SZ,20260923,12.25,12.26,12.26,12.16,2300.0,28177.0,12.25
300885.SZ,20260923,19.0,19.02,19.02,18.97,9400.0,178675.0,19.01
300886.SZ,20260923,24.38,24.41,24.5,24.34,49500.0,1208572.0,24.42
300887.SZ,20260923,7.05,7.04,7.05,7.0,13700.0,96453.0,7.04
300888.SZ,20260923,29.49,29.52,29.52,29.41,3200.0,94299.0,29.47
300889.SZ,20260923,22.81,22.8,22.81,22.8,15400.0,351125.0,22.8
300890.SZ,20260923,26.65,26.65,26.69,26.49,42900.0,1143172.96,26.65
300891.SZ,20260923,7.71,7.7,7.75,7.7,44600.0,343513.0,7.7
300892.SZ,20260923,22.94,22.94,23.0,22.94,27400.0,628738.0,22.95
300893.SZ,20260923,14.11,14.11,14.13,14.11,39400.0,556415.0,14.12
300894.SZ,20260923,10.3,10.3,10.34,10.3,12400.0,127748.0,10.3
300895.SZ,20260923,58.8,59.0,59.0,58.5,78800.0,4643046.08,58.92
300896.SZ,20260923,93.22,93.1,93.39,93.1,31286.0,2914386.88,93.15
300897.SZ,20260923,16.57,16.42,16.57,16.41,3600.0,59415.0,16.5
300898.SZ,20260923,20.28,20.14,20.28,20.14,16300.0,328389.0,20.15
300899.SZ,20260923,30.06,30.18,30.29,30.06,20300.0,612751.0,30.19
300900.SZ,20260923,23.14,23.12,23.17,23.12,48700.0,1126483.04,23.13
300901.SZ,20260923,18.56,18.45,18.56,18.43,28200.0,520423.0,18.46
300902.SZ,20260923,18.03,18.02,18.06,18.02,1900.0,34253.0,18.03
300903.SZ,20260923,109.67,109.33,109.98,109.32,267000.0,29234583.04,109.49
300904.SZ,20260923,43.25,43.26,43.5,43.1,8900.0,385365.0,43.3
300905.SZ,20260923,38.93,39.0,39.0,38.8,68700.0,2676894.08,38.97
300906.SZ,20260923,28.98,29.0,29.0,28.98,5300.0,153604.0,28.98
300907.SZ,20260923,58.2,58.88,58.88,58.2,46200.0,2717529.92,58.82
300908.SZ,20260923,17.19,17.11,17.19,17.05,8079.0,138245.82,17.11
300909.SZ,20260923,65.72,65.6,66.19,65.5,31700.0,2084492.96,65.76
300910.SZ,20260923,28.23,28.2,28.23,28.19,28700.0,809454.0,28.2
300911.SZ,20260923,32.66,32.49,32.75,32.47,101900.0,3316784.96,32.55
300912.SZ,20260923,20.21,20.33,20.33,20.21,29500.0,599281.0,20.32
300913.SZ,20260923,41.48,41.51,41.65,41.41,114300.0,4743311.04,41.5
300915.SZ,20260923,22.3,22.29,22.3,22.29,15900.0,354412.0,22.29
300916.SZ,20260923,27.78,27.78,27.9,27.72,36400.0,1011270.0,27.78
300917.SZ,20260923,31.42,31.43,31.59,31.39,173100.0,5442524.16,31.44
300918.SZ,20260923,10.96,10.99,10.99,10.96,41800.0,459144.0,10.98
300919.SZ,20260923,38.66,38.6,38.7,38.6,115200.0,4448537.92,38.62
300920.SZ,20260923,34.2,34.58,34.58,34.2,2900.0,100130.0,34.53
300921.SZ,20260923,16.54,16.6,16.63,16.47,173800.0,2882585.28,16.59
300922.SZ,20260923,17.8,17.92,17.92,17.8,22500.0,401735.0,17.86
300923.SZ,20260923,24.08,24.09,24.09,24.08,14600.0,351607.0,24.08
300925.SZ,20260923,14.26,14.32,14.32,14.26,7600.0,108686.0,14.3
300926.SZ,20260923,16.7,16.64,16.7,16.64,15500.0,258087.0,16.65
300927.SZ,20260923,28.01,28.1,28.14,28.0,84800.0,2381481.92,28.08
300928.SZ,20260923,25.1,25.14,25.15,25.09,26600.0,668624.0,25.14
300929.SZ,20260923,16.24,16.3,16.3,16.24,15400.0,250837.0,16.29
300930.SZ,20260923,26.39,26.12,26.39,26.12,12000.0,314288.0,26.19
300931.SZ,20260923,16.12,16.03,16.12,16.02,53400.0,856656.0,16.04
300932.SZ,20260923,11.17,11.24,11.25,11.17,137300.0,1543127.04,11.24
300933.SZ,20260923,6.73,6.73,6.73,6.72,28700.0,193125.0,6.73
300935.SZ,20260923,29.14,29.15,29.15,28.91,22500.0,655581.0,29.14
300936.SZ,20260923,81.69,81.27,81.69,81.27,14200.0,1155932.96,81.4
300937.SZ,20260923,24.93,24.87,25.0,24.87,24700.0,614586.0,24.88
300938.SZ,20260923,32.29,32.5,32.5,32.14,41900.0,1359438.08,32.45
300939.SZ,20260923,98.64,99.0,100.9,98.62,196700.0,19478656.0,99.03
300940.SZ,20260923,14.06,14.08,14.08,14.05,10100.0,142155.0,14.08
300941.SZ,20260923,15.48,15.47,15.48,15.41,22800.0,352661.0,15.47
300942.SZ,20260923,6.68,6.69,6.69,6.67,15000.0,100306.0,6.69
300943.SZ,20260923,34.8,34.82,34.88,34.65,179400.0,6242108.16,34.79
300945.SZ,20260923,11.97,11.98,11.98,11.93,54900.0,657108.0,11.97
300946.SZ,20260923,37.1,37.11,37.11,37.08,1500.0,55659.0,37.11
300947.SZ,20260923,15.5,15.44,15.5,15.41,54500.0,841484.0,15.44
300948.SZ,20260923,19.74,19.74,19.83,19.74,14200.0,280374.0,19.75
300949.SZ,20260923,23.63,23.63,23.63,23.61,12500.0,295360.0,23.63
300950.SZ,20260923,21.32,21.31,21.35,21.31,41200.0,878039.04,21.31
300951.SZ,20260923,93.61,93.85,94.5,93.3,28800.0,2703808.96,93.88
300952.SZ,20260923,17.07,17.1,17.12,17.06,20200.0,345364.0,17.1
300953.SZ,20260923,95.0,95.0,95.17,94.56,14158.0,1344681.28,94.98
300955.SZ,20260923,31.3,31.47,31.47,31.0,24200.0,757756.0,31.31
300956.SZ,20260923,11.42,11.42,11.42,11.42,48400.0,552728.0,11.42
300957.SZ,20260923,32.41,32.53,32.53,32.4,5000.0,162475.0,32.5
300958.SZ,20260923,12.29,12.27,12.29,12.27,16200.0,198780.0,12.27
300959.SZ,20260923,99.5,99.96,99.96,99.5,9700.0,969272.96,99.93
300960.SZ,20260923,17.88,17.85,17.9,17.84,64100.0,1144687.04,17.86
300961.SZ,20260923,12.19,12.17,12.27,12.16,21200.0,258133.0,12.18
300962.SZ,20260923,13.14,13.14,13.14,13.13,5300.0,69608.0,13.13
300963.SZ,20260923,11.28,11.25,11.28,11.25,11200.0,126050.0,11.25
300964.SZ,20260923,78.72,79.1,79.2,78.6,155100.0,12242544.64,78.93
300965.SZ,20260923,43.2,43.18,43.2,43.02,4000.0,172744.0,43.19
300966.SZ,20260923,25.9,25.92,25.92,25.9,15900.0,412121.0,25.92
300967.SZ,20260923,16.76,16.77,16.77,16.71,31000.0,519740.0,16.77
300968.SZ,20260923,10.07,10.08,10.08,10.06,4600.0,46353.0,10.08
300969.SZ,20260923,81.11,80.02,81.11,79.88,8780.0,706848.0,80.51
300970.SZ,20260923,18.6,18.61,18.68,18.59,47600.0,885650.0,18.61
300971.SZ,20260923,17.79,17.79,17.79,17.79,6600.0,117414.0,17.79
300972.SZ,20260923,163.8,163.9,163.9,163.0,7100.0,1163252.96,163.84
300973.SZ,20260923,25.64,25.64,25.68,25.64,13400.0,343588.0,25.64
300975.SZ,20260923,26.76,26.63,26.8,26.63,239500.0,6389278.72,26.68
300976.SZ,20260923,63.93,63.88,64.0,63.88,7500.0,479306.0,63.91
300977.SZ,20260923,18.7,18.61,18.76,18.61,28300.0,527565.0,18.64
300978.SZ,20260923,8.77,8.77,8.77,8.76,3700.0,32445.0,8.77
300979.SZ,20260923,33.42,33.58,33.59,33.36,14400.0,483145.0,33.55
300980.SZ,20260923,23.99,24.05,24.05,23.95,25100.0,602894.0,24.02
300981.SZ,20260923,18.56,18.57,18.6,18.5,238800.0,4433353.92,18.57
300982.SZ,20260923,14.4,14.33,14.44,14.33,15700.0,225123.0,14.34
300983.SZ,20260923,38.62,38.62,38.7,38.62,4400.0,170061.0,38.65
300984.SZ,20260923,31.86,31.72,31.86,31.72,2800.0,88939.0,31.76
300985.SZ,20260923,40.39,40.39,40.5,40.01,27900.0,1128120.96,40.43
300986.SZ,20260923,11.76,11.74,11.88,11.74,242100.0,2849082.88,11.77
300987.SZ,20260923,15.05,15.14,15.25,15.05,298300.0,4515754.88,15.14
300988.SZ,20260923,16.38,16.36,16.5,16.36,17600.0,288685.0,16.4
300989.SZ,20260923,15.57,15.49,15.68,15.49,22455.0,348886.36,15.54
300990.SZ,20260923,110.41,111.0,111.0,110.0,139900.0,15497090.56,110.77
300991.SZ,20260923,30.9,30.88,30.95,30.88,18600.0,574686.0,30.9
300992.SZ,20260923,28.44,28.44,28.79,28.44,27200.0,773986.0,28.46
300993.SZ,20260923,10.0,9.99,10.0,9.91,121500.0,1213891.04,9.99
300994.SZ,20260923,11.5,11.55,11.55,11.41,35000.0,403298.0,11.52
300995.SZ,20260923,26.28,26.28,26.39,26.28,8900.0,233942.0,26.29
300996.SZ,20260923,13.16,13.25,13.25,13.07,621500.0,8214398.08,13.22
300997.SZ,20260923,16.05,16.05,16.08,16.0,272200.0,4366464.96,16.04
300998.SZ,20260923,32.8,32.8,32.8,32.67,26100.0,856036.0,32.8
300999.SZ,20260923,25.04,25.01,25.12,25.01,56800.0,1422310.08,25.04
301000.SZ,20260923,24.66,24.66,24.68,24.66,15900.0,392124.0,24.66
301001.SZ,20260923,25.93,26.0,26.0,25.9,11500.0,298823.0,25.99
301002.SZ,20260923,27.76,27.99,28.06,27.76,11000.0,307891.0,27.99
301003.SZ,20260923,58.77,58.69,58.81,58.69,8400.0,493377.0,58.74
301004.SZ,20260923,33.4,33.39,33.56,33.18,28200.0,941564.0,33.39
301005.SZ,20260923,62.17,62.3,62.3,61.95,17600.0,1095193.28,62.23
301006.SZ,20260923,13.84,13.94,13.94,13.79,58800.0,815804.0,13.87
301007.SZ,20260923,32.8,32.87,32.87,32.58,4100.0,134496.0,32.8
301008.SZ,20260923,53.3,53.67,53.98,53.18,180100.0,9669612.8,53.69
301009.SZ,20260923,9.26,9.23,9.27,9.23,81600.0,753407.04,9.23
301010.SZ,20260923,18.88,18.91,18.91,18.88,27600.0,521743.0,18.9
301011.SZ,20260923,16.13,16.2,16.24,16.1,52800.0,854688.0,16.19
301012.SZ,20260923,23.69,23.68,23.77,23.66,49500.0,1172512.0,23.69
301013.SZ,20260923,38.68,38.57,38.97,38.56,119500.0,4616264.96,38.63
301015.SZ,20260923,26.28,26.3,26.3,26.2,71400.0,1877411.04,26.29
301016.SZ,20260923,15.79,15.54,15.79,15.54,17600.0,275241.0,15.64
301017.SZ,20260923,13.01,13.05,13.05,13.0,20200.0,263467.0,13.04
301018.SZ,20260923,103.0,103.5,103.5,103.0,105700.0,10929213.44,103.4
301019.SZ,20260923,15.73,15.74,15.74,15.73,3600.0,56651.0,15.74
301020.SZ,20260923,22.25,22.25,22.3,22.25,9700.0,215846.0,22.25
301021.SZ,20260923,89.09,89.09,89.4,88.0,118009.0,10514583.04,89.1
301022.SZ,20260923,22.7,22.7,22.7,22.7,1000.0,22700.0,22.7
301023.SZ,20260923,28.76,28.76,28.77,28.76,6500.0,186950.0,28.76
301024.SZ,20260923,34.19,34.26,34.26,34.19,11300.0,386956.0,34.24
301025.SZ,20260923,10.38,10.43,10.43,10.37,168300.0,1753412.96,10.42
301026.SZ,20260923,19.7,19.67,19.83,19.67,18000.0,354739.0,19.71
301027.SZ,20260923,19.58,19.58,19.7,19.51,82800.0,1620508.0,19.57
301028.SZ,20260923,13.47,13.47,13.53,13.47,43700.0,588688.0,13.47
301029.SZ,20260923,25.0,25.0,25.04,24.91,47300.0,1182352.96,25.0
301030.SZ,20260923,5.67,5.69,5.69,5.66,220900.0,1254466.0,5.68
301031.SZ,20260923,96.28,96.51,97.4,96.28,1200.0,115875.0,96.56
301032.SZ,20260923,10.23,10.23,10.23,10.2,45600.0,466431.0,10.23
301033.SZ,20260923,56.02,55.86,56.04,55.8,4700.0,262773.0,55.91
301035.SZ,20260923,49.87,49.84,50.0,49.78,11800.0,588301.0,49.86
301036.SZ,20260923,22.33,22.33,22.34,22.21,17800.0,397355.8,22.32
301037.SZ,20260923,12.85,12.8,12.87,12.8,14200.0,182062.0,12.82
301038.SZ,20260923,16.95,16.94,16.95,16.94,5600.0,94876.0,16.94
301039.SZ,20260923,7.34,7.36,7.36,7.34,75200.0,553337.0,7.36
301040.SZ,20260923,26.54,26.54,26.54,26.54,300.0,7962.0,26.54
301041.SZ,20260923,37.13,36.92,37.21,36.92,174700.0,6464103.04,37.0
301042.SZ,20260923,31.39,31.42,31.42,31.27,5600.0,175807.0,31.39
301043.SZ,20260923,50.31,50.36,50.36,49.58,7000.0,351214.0,50.17
301045.SZ,20260923,70.15,70.09,70.33,70.02,17300.0,1213008.0,70.12
301046.SZ,20260923,34.57,34.63,34.63,34.56,18000.0,623053.0,34.61
301047.SZ,20260923,141.91,142.49,143.55,141.27,745900.0,106244300.8,142.44
301048.SZ,20260923,9.07,9.01,9.07,9.01,1400.0,12625.0,9.02
301049.SZ,20260923,20.84,20.8,20.95,20.68,5800.0,120644.0,20.8
301050.SZ,20260923,28.1,28.09,28.1,28.09,20400.0,573045.0,28.09
301051.SZ,20260923,19.17,19.17,19.24,18.98,54800.0,1049896.96,19.16
301052.SZ,20260923,24.98,24.92,24.98,24.92,36800.0,917070.0,24.92
301053.SZ,20260923,35.37,35.39,35.39,35.37,11500.0,406983.0,35.39
301055.SZ,20260923,32.94,33.11,33.23,32.8,16400.0,541502.0,33.02
301056.SZ,20260923,13.89,14.05,14.11,13.84,9300.0,130062.0,13.99
301057.SZ,20260923,25.45,25.49,25.6,25.44,67800.0,1727907.04,25.49
301058.SZ,20260923,9.17,9.15,9.2,9.02,2169700.0,19846759.68,9.15
301059.SZ,20260923,12.96,12.97,12.97,12.94,12400.0,160718.0,12.96
301060.SZ,20260923,11.88,11.88,11.94,11.86,351100.0,4175341.12,11.89
301061.SZ,20260923,43.96,44.0,44.0,43.71,32200.0,1416155.04,43.98
301062.SZ,20260923,7.04,7.02,7.07,7.02,28100.0,197381.0,7.02
301063.SZ,20260923,17.86,17.87,17.87,17.84,10500.0,187588.0,17.87
301065.SZ,20260923,19.91,19.91,19.91,19.9,13300.0,264799.0,19.91
301066.SZ,20260923,12.64,12.64,12.71,12.64,33700.0,426270.0,12.65
301067.SZ,20260923,33.5,33.5,33.57,33.47,5400.0,180853.0,33.49
301068.SZ,20260923,26.62,26.72,26.74,26.06,8300.0,220693.0,26.59
301069.SZ,20260923,16.08,16.1,16.1,16.08,14300.0,230172.0,16.1
301070.SZ,20260923,67.8,68.37,68.5,67.5,22400.0,1530923.04,68.35
301071.SZ,20260923,68.95,69.02,69.19,68.79,197683.0,13638090.24,68.99
301072.SZ,20260923,50.48,50.48,50.48,50.48,13300.0,671384.0,50.48
301073.SZ,20260923,18.12,18.05,18.17,18.05,17800.0,321933.0,18.09
301075.SZ,20260923,67.87,67.5,67.87,66.98,6800.0,458827.0,67.48
301076.SZ,20260923,21.58,21.59,21.61,21.58,10300.0,222321.0,21.59
301077.SZ,20260923,22.08,22.04,22.25,22.0,5200.0,114649.0,22.05
301078.SZ,20260923,7.08,7.08,7.09,7.07,89700.0,634987.0,7.08
301079.SZ,20260923,27.23,27.22,27.28,27.22,3600.0,97999.0,27.22
301080.SZ,20260923,122.89,122.9,124.0,122.0,522700.0,64243343.36,122.91
301081.SZ,20260923,16.76,16.9,16.9,16.76,18800.0,317384.0,16.88
301082.SZ,20260923,9.92,9.92,9.92,9.92,6300.0,62496.0,9.92
301083.SZ,20260923,14.21,14.41,14.41,14.21,17000.0,243106.0,14.3
301085.SZ,20260923,85.62,85.63,86.0,84.98,117863.0,10095616.0,85.66
301086.SZ,20260923,174.69,174.68,174.88,174.35,10700.0,1869120.0,174.68
301087.SZ,20260923,55.82,56.1,56.38,55.38,14000.0,783448.96,55.96
301088.SZ,20260923,13.58,13.59,13.59,13.5,22000.0,298831.0,13.58
301089.SZ,20260923,24.0,24.15,24.16,24.0,31200.0,753275.04,24.14
301090.SZ,20260923,7.17,7.18,7.18,7.15,26300.0,188776.0,7.18
301091.SZ,20260923,20.26,20.15,20.28,20.15,33700.0,681068.96,20.21
301092.SZ,20260923,45.43,45.42,45.65,45.42,2000.0,90891.0,45.45
301093.SZ,20260923,72.58,72.7,72.71,72.01,39900.0,2899407.04,72.67
301095.SZ,20260923,77.61,77.51,77.61,77.5,13100.0,1015518.0,77.52
301096.SZ,20260923,49.62,49.6,49.84,49.6,101100.0,5015852.16,49.61
301097.SZ,20260923,34.87,34.88,35.0,34.86,1700.0,59313.0,34.89
301098.SZ,20260923,8.87,8.88,8.88,8.87,12900.0,114545.0,8.88
301099.SZ,20260923,53.43,53.11,53.5,53.11,158700.0,8453105.92,53.27
301100.SZ,20260923,15.47,15.47,15.5,15.47,14200.0,219854.0,15.48
301101.SZ,20260923,30.73,30.75,30.83,30.73,14600.0,449107.0,30.76
301102.SZ,20260923,9.63,9.63,9.67,9.56,52500.0,505575.0,9.63
301103.SZ,20260923,16.64,16.69,16.69,16.61,2900.0,48383.0,16.68
301105.SZ,20260923,51.32,51.54,51.54,51.15,39100.0,2012087.04,51.46
301106.SZ,20260923,19.9,19.91,19.95,19.78,36800.0,731252.0,19.87
301107.SZ,20260923,25.11,25.11,25.2,25.11,42300.0,1062891.04,25.13
301108.SZ,20260923,48.93,48.7,48.96,48.7,30400.0,1483688.96,48.81
301109.SZ,20260923,12.88,12.88,12.94,12.88,5500.0,70960.0,12.9
301110.SZ,20260923,37.87,38.0,38.0,37.8,50200.0,1905483.04,37.96
301111.SZ,20260923,23.27,23.34,23.49,23.05,17200.0,400765.0,23.3
301112.SZ,20260923,30.79,30.79,30.79,30.41,9800.0,301519.0,30.77
301113.SZ,20260923,18.04,18.06,18.13,18.0,18700.0,337784.0,18.06
301115.SZ,20260923,35.62,36.0,36.0,35.24,121800.0,4362039.04,35.81
301116.SZ,20260923,9.2,9.21,9.21,9.17,12200.0,112315.0,9.21
301117.SZ,20260923,13.4,13.4,13.4,13.37,35500.0,475670.0,13.4
301118.SZ,20260923,24.05,24.05,24.05,24.0,4700.0,112988.0,24.04
301119.SZ,20260923,26.16,26.01,26.22,26.0,7400.0,192960.0,26.08
301120.SZ,20260923,15.08,15.1,15.12,15.08,28700.0,433318.0,15.1
301121.SZ,20260923,35.89,35.98,35.98,35.89,1600.0,57550.0,35.97
301122.SZ,20260923,63.3,63.29,64.89,63.0,287800.0,18271892.48,63.49
301123.SZ,20260923,79.91,79.0,80.0,79.0,43600.0,3456977.92,79.29
301125.SZ,20260923,14.03,13.97,14.03,13.97,18900.0,264180.0,13.98
301126.SZ,20260923,10.47,10.47,10.55,10.46,34400.0,360560.0,10.48
301127.SZ,20260923,17.88,17.89,17.91,17.88,92200.0,1649163.04,17.89
301128.SZ,20260923,122.36,122.03,122.5,122.0,46100.0,5627635.84,122.08
301129.SZ,20260923,24.1,24.49,24.49,24.1,13900.0,336417.0,24.2
301130.SZ,20260923,29.14,29.08,29.22,29.07,79600.0,2317412.96,29.11
301131.SZ,20260923,33.23,33.23,33.23,33.23,4300.0,142889.0,33.23
301132.SZ,20260923,69.03,69.68,69.9,69.02,582100.0,40444272.64,69.48
301133.SZ,20260923,27.63,27.63,27.63,27.63,0.0,0.0,27.63
301135.SZ,20260923,18.1,18.1,18.15,18.09,48500.0,877832.0,18.1
301136.SZ,20260923,11.99,12.0,12.08,11.99,27700.0,332411.0,12.0
301137.SZ,20260923,31.61,31.6,31.87,31.6,6000.0,189710.0,31.62
301138.SZ,20260923,30.08,30.1,30.1,29.94,2000.0,60101.0,30.05
301139.SZ,20260923,3.31,3.31,3.31,3.31,0.0,0.0,3.31
301141.SZ,20260923,38.88,38.61,38.88,38.44,24600.0,951198.0,38.67
301148.SZ,20260923,58.4,58.54,58.54,58.4,1100.0,64376.0,58.52
301149.SZ,20260923,9.03,9.03,9.04,9.03,84400.0,762379.04,9.03
301150.SZ,20260923,41.34,41.3,41.53,41.29,277300.0,11459343.36,41.33
301151.SZ,20260923,22.75,22.71,22.8,22.71,13000.0,295309.0,22.72
301152.SZ,20260923,21.51,21.62,21.62,21.51,16800.0,362870.0,21.6
301153.SZ,20260923,17.55,17.58,17.58,17.5,10800.0,189565.0,17.55
301155.SZ,20260923,43.11,43.14,43.21,42.92,43600.0,1879527.04,43.11
301156.SZ,20260923,11.8,11.85,11.85,11.8,4300.0,50891.0,11.84
301157.SZ,20260923,66.67,66.63,66.67,66.57,4800.0,319770.0,66.62
301158.SZ,20260923,14.63,14.69,14.69,14.63,22000.0,322655.0,14.67
301159.SZ,20260923,33.2,33.25,33.25,33.19,18300.0,608284.0,33.24
301160.SZ,20260923,40.91,40.9,41.0,40.9,13000.0,532116.0,40.93
301161.SZ,20260923,31.1,31.1,31.11,30.9,47800.0,1484772.0,31.06
301162.SZ,20260923,38.48,38.5,38.5,38.14,9500.0,365154.0,38.44
301163.SZ,20260923,23.12,23.27,23.39,23.12,22500.0,523591.0,23.27
301165.SZ,20260923,113.35,113.54,113.69,113.0,68500.0,7773662.72,113.48
301166.SZ,20260923,32.15,32.4,32.4,32.09,24300.0,786280.0,32.36
301167.SZ,20260923,13.37,13.39,13.4,13.37,23500.0,314515.0,13.38
301168.SZ,20260923,40.0,40.0,40.0,40.0,700.0,28000.0,40.0
301169.SZ,20260923,55.18,55.3,55.3,55.0,13600.0,751714.0,55.27
301170.SZ,20260923,22.95,22.99,23.0,22.91,17400.0,400054.0,22.99
301171.SZ,20260923,35.81,35.9,35.96,35.68,1475600.0,52941199.36,35.88
301172.SZ,20260923,18.85,18.82,18.86,18.82,8800.0,165644.0,18.82
301173.SZ,20260923,32.9,32.9,32.9,32.9,1800.0,59220.0,32.9
301175.SZ,20260923,5.62,5.61,5.63,5.61,78300.0,439378.0,5.61
301176.SZ,20260923,61.48,61.2,61.95,61.2,682200.0,41837050.88,61.33
301177.SZ,20260923,23.31,23.35,23.35,23.31,4800.0,112076.0,23.35
301178.SZ,20260923,37.24,37.6,37.6,37.0,160500.0,6012720.0,37.46
301179.SZ,20260923,20.61,20.61,20.61,20.51,4700.0,96787.0,20.59
301180.SZ,20260923,11.95,11.95,11.97,11.85,22600.0,269459.0,11.92
301181.SZ,20260923,26.35,26.32,26.47,26.32,7800.0,205340.0,26.33
301182.SZ,20260923,73.5,73.01,73.5,73.01,17300.0,1265208.0,73.13
301183.SZ,20260923,309.77,311.47,312.0,308.23,38300.0,11900783.36,310.73
301185.SZ,20260923,17.3,17.31,17.31,17.26,4000.0,69217.0,17.3
301186.SZ,20260923,38.1,38.14,38.14,38.1,2800.0,106778.0,38.13
301187.SZ,20260923,15.55,15.58,15.75,15.51,77000.0,1201582.0,15.61
301188.SZ,20260923,36.92,36.93,37.5,36.89,904800.0,33483171.84,37.01
301189.SZ,20260923,73.68,74.0,74.55,73.1,338100.0,24993510.4,73.92
301190.SZ,20260923,20.38,20.46,20.46,20.38,28800.0,588830.0,20.45
301191.SZ,20260923,86.2,86.61,86.61,86.2,7600.0,657840.0,86.56
301192.SZ,20260923,19.73,19.73,19.73,19.73,3200.0,63136.0,19.73
301193.SZ,20260923,22.95,22.92,22.95,22.9,52350.0,1199878.48,22.92
301195.SZ,20260923,27.26,27.26,27.43,27.26,500.0,13677.0,27.35
301196.SZ,20260923,90.69,90.84,91.2,90.69,12900.0,1171582.0,90.82
301197.SZ,20260923,28.98,29.11,29.23,28.87,99500.0,2893443.84,29.08
301198.SZ,20260923,14.94,14.85,15.0,14.85,168500.0,2509844.96,14.9
301199.SZ,20260923,18.1,18.19,18.19,18.1,2700.0,48956.0,18.13
301200.SZ,20260923,259.2,259.2,259.83,259.18,10300.0,2670836.96,259.31
301201.SZ,20260923,37.57,37.71,37.71,37.4,48900.0,1841940.32,37.67
301202.SZ,20260923,39.78,39.78,39.8,39.78,1400.0,55694.0,39.78
301203.SZ,20260923,34.48,34.48,34.48,34.48,4100.0,141368.0,34.48
301205.SZ,20260923,328.0,328.98,330.88,327.5,61700.0,20303897.6,329.08
301206.SZ,20260923,23.76,23.8,23.8,23.69,38900.0,923783.04,23.75
301207.SZ,20260923,19.25,19.24,19.35,19.23,304200.0,5856353.28,19.25
301208.SZ,20260923,30.98,31.13,31.13,30.98,2600.0,80803.0,31.08
301209.SZ,20260923,63.39,63.39,63.5,63.32,3200.0,202809.0,63.38
301210.SZ,20260923,30.76,30.95,30.95,30.76,9800.0,302794.0,30.9
301211.SZ,20260923,12.57,12.55,12.75,12.55,123600.0,1553307.04,12.57
301212.SZ,20260923,26.88,26.83,27.02,26.83,12800.0,343545.0,26.84
301213.SZ,20260923,47.64,47.8,48.88,47.32,187600.0,8964460.16,47.79
301215.SZ,20260923,5.33,5.33,5.34,5.33,65800.0,350754.0,5.33
301216.SZ,20260923,17.58,17.61,17.61,17.57,89000.0,1566604.96,17.6
301217.SZ,20260923,113.1,112.88,113.65,112.81,245706.0,27758464.0,112.97
301218.SZ,20260923,47.4,47.51,47.51,47.09,56400.0,2674310.08,47.42
301219.SZ,20260923,41.7,41.63,41.72,41.63,34300.0,1429516.96,41.68
301220.SZ,20260923,33.38,33.3,33.42,33.22,10600.0,353688.0,33.37
301221.SZ,20260923,27.68,27.66,27.71,27.54,35540.0,983441.2,27.67
301222.SZ,20260923,26.93,26.94,26.99,26.92,36200.0,975292.0,26.94
301223.SZ,20260923,18.14,18.11,18.14,18.11,5000.0,90562.0,18.11
301225.SZ,20260923,61.26,61.57,61.57,61.26,10900.0,670184.0,61.49
301226.SZ,20260923,33.9,34.14,34.14,33.9,27100.0,924214.0,34.1
301227.SZ,20260923,34.8,34.09,34.8,34.09,41200.0,1407766.08,34.17
301228.SZ,20260923,57.3,57.57,57.57,57.29,4700.0,270382.0,57.53
301229.SZ,20260923,11.94,11.9,11.94,11.9,6200.0,73824.0,11.91
301230.SZ,20260923,40.0,40.31,40.31,39.6,378800.0,15229122.56,40.2
301231.SZ,20260923,30.35,30.63,30.82,30.16,154500.0,4729868.16,30.61
301232.SZ,20260923,91.91,91.91,92.2,91.9,6800.0,625031.0,91.92
301233.SZ,20260923,34.6,34.67,34.7,34.35,26440.0,916253.28,34.65
301234.SZ,20260923,134.0,133.0,135.99,133.0,343148.0,45769589.76,133.38
301235.SZ,20260923,47.95,48.0,48.0,47.8,25600.0,1227771.04,47.96
301236.SZ,20260923,37.98,37.98,38.07,37.93,72700.0,2761712.96,37.99
301237.SZ,20260923,39.71,39.71,39.73,39.71,8200.0,325701.0,39.72
301238.SZ,20260923,16.16,16.17,16.17,16.12,28000.0,452602.0,16.16
301239.SZ,20260923,31.88,31.98,31.98,31.81,8200.0,262008.0,31.95
301246.SZ,20260923,18.05,18.04,18.05,18.01,17200.0,310342.0,18.04
301248.SZ,20260923,58.98,59.0,59.0,58.66,15100.0,890807.04,58.99
301251.SZ,20260923,86.0,87.3,87.98,85.89,337800.0,29490408.96,87.3
301252.SZ,20260923,40.5,40.4,40.5,40.4,14000.0,565921.0,40.42
301255.SZ,20260923,19.33,19.31,19.37,19.31,15600.0,301270.0,19.31
301256.SZ,20260923,10.16,10.18,10.18,10.13,31100.0,316382.0,10.17
301257.SZ,20260923,41.65,41.74,41.79,41.64,13600.0,567586.0,41.73
301258.SZ,20260923,27.53,27.66,27.66,27.39,13900.0,383799.0,27.61
301259.SZ,20260923,20.3,20.29,20.36,20.29,29700.0,602856.0,20.3
301260.SZ,20260923,11.94,11.94,11.94,11.94,6000.0,71640.0,11.94
301261.SZ,20260923,55.93,55.93,56.19,55.93,4100.0,229392.0,55.95
301262.SZ,20260923,20.52,20.52,20.57,20.42,144900.0,2970673.92,20.5
301263.SZ,20260923,21.22,21.25,21.4,21.13,20600.0,437552.0,21.24
301265.SZ,20260923,21.9,21.91,21.91,21.83,26800.0,587062.0,21.91
301266.SZ,20260923,25.95,25.7,25.95,25.7,29250.0,754192.96,25.78
301267.SZ,20260923,15.09,15.09,15.09,15.01,22500.0,338764.0,15.06
301268.SZ,20260923,12.18,12.25,12.25,12.18,46100.0,564631.0,12.25
301269.SZ,20260923,89.07,88.99,89.95,88.99,25900.0,2307520.0,89.09
301270.SZ,20260923,33.11,33.04,33.2,33.04,8300.0,274281.0,33.05
301272.SZ,20260923,35.43,35.65,35.65,35.43,13100.0,466992.0,35.65
301273.SZ,20260923,36.75,36.7,36.75,36.68,5300.0,194546.0,36.71
301275.SZ,20260923,40.62,40.63,40.7,40.6,27000.0,1096940.96,40.63
301276.SZ,20260923,17.64,17.65,17.65,17.54,8400.0,148220.0,17.65
301277.SZ,20260923,10.35,10.38,10.38,10.35,7100.0,73621.0,10.37
301278.SZ,20260923,29.41,29.49,29.49,29.41,11600.0,342044.0,29.49
301279.SZ,20260923,24.19,24.19,24.19,24.19,100.0,2419.0,24.19
301280.SZ,20260923,42.34,42.28,43.0,42.2,23200.0,983763.04,42.4
301281.SZ,20260923,50.55,50.8,51.0,50.22,5200.0,263911.0,50.75
301282.SZ,20260923,46.05,46.05,46.15,45.88,139200.0,6408124.8,46.04
301283.SZ,20260923,26.13,26.2,26.2,26.11,8700.0,227465.0,26.15
301285.SZ,20260923,104.08,105.01,105.83,104.08,64800.0,6803150.72,104.99
301286.SZ,20260923,48.05,48.06,48.06,47.53,2200.0,105256.0,47.84
301287.SZ,20260923,40.92,40.94,40.94,40.92,1600.0,65502.0,40.94
301288.SZ,20260923,17.25,17.0,17.32,17.0,41900.0,713456.96,17.03
301289.SZ,20260923,44.42,44.42,44.42,44.36,2900.0,128752.0,44.4
301290.SZ,20260923,29.32,29.33,29.39,29.13,27500.0,805352.0,29.29
301291.SZ,20260923,34.59,34.59,34.8,34.55,23800.0,823327.04,34.59
301292.SZ,20260923,60.03,60.0,60.28,60.0,19700.0,1182534.0,60.03
301293.SZ,20260923,50.9,50.93,50.93,50.85,44700.0,2275968.96,50.92
301295.SZ,20260923,37.71,37.53,37.93,37.53,7900.0,296747.0,37.56
301296.SZ,20260923,6.42,6.43,6.43,6.42,33000.0,212170.0,6.43
301297.SZ,20260923,46.87,46.46,46.99,46.46,104008.0,4841762.56,46.55
301298.SZ,20260923,12.67,12.69,12.72,12.67,9900.0,125665.0,12.69
301299.SZ,20260923,48.0,47.91,48.0,47.91,30100.0,1442352.96,47.92
301300.SZ,20260923,34.51,34.57,34.59,34.34,88600.0,3056670.08,34.5
301301.SZ,20260923,8.22,8.22,8.25,8.22,32500.0,267569.0,8.23
301302.SZ,20260923,22.07,21.97,22.2,21.97,110200.0,2425612.96,22.01
301303.SZ,20260923,13.89,13.91,13.92,13.87,7100.0,98717.0,13.9
301305.SZ,20260923,27.4,27.4,27.5,27.3,33600.0,920666.0,27.4
301306.SZ,20260923,96.38,96.37,96.38,96.12,8500.0,818580.0,96.3
301307.SZ,20260923,59.59,59.74,59.74,58.67,29500.0,1759804.96,59.65
301308.SZ,20260923,353.01,353.0,353.98,352.22,172200.0,60805222.4,353.11
301309.SZ,20260923,30.68,30.67,30.75,30.67,5100.0,156450.0,30.68
301310.SZ,20260923,55.6,55.25,55.88,55.21,44100.0,2439651.04,55.32
301311.SZ,20260923,15.11,15.35,15.35,15.1,587100.0,8989084.8,15.31
301312.SZ,20260923,86.55,86.54,86.9,86.42,38300.0,3315176.0,86.56
301313.SZ,20260923,31.31,31.36,31.36,31.06,31300.0,981103.04,31.35
301314.SZ,20260923,47.94,48.33,48.33,47.63,6100.0,293175.0,48.06
301315.SZ,20260923,43.97,43.71,43.97,43.71,30000.0,1313863.04,43.8
301316.SZ,20260923,40.21,40.4,40.4,40.18,100600.0,4060162.88,40.36
301317.SZ,20260923,50.56,50.56,50.56,50.22,3100.0,156702.0,50.55
301318.SZ,20260923,21.5,21.5,21.5,21.5,3200.0,68800.0,21.5
301319.SZ,20260923,98.63,98.51,99.0,98.51,33600.0,3313281.92,98.61
301320.SZ,20260923,14.14,14.14,14.16,14.14,35500.0,501978.0,14.14
301321.SZ,20260923,52.7,52.01,52.7,51.74,68100.0,3559240.96,52.27
301322.SZ,20260923,44.11,44.1,44.34,44.1,12600.0,555973.0,44.13
301323.SZ,20260923,78.34,78.0,78.5,78.0,15800.0,1235819.04,78.22
301325.SZ,20260923,31.68,31.71,31.71,31.51,6800.0,215573.0,31.7
301326.SZ,20260923,109.38,109.99,109.99,108.2,3800.0,416404.0,109.58
301327.SZ,20260923,42.22,42.29,42.29,42.22,4800.0,202971.0,42.29
301328.SZ,20260923,51.66,51.8,51.8,51.66,5000.0,258968.0,51.79
301329.SZ,20260923,20.81,20.89,20.89,20.81,7500.0,156339.0,20.85
301330.SZ,20260923,25.99,25.9,26.05,25.9,4600.0,119245.0,25.92
301331.SZ,20260923,21.95,22.23,22.23,21.95,12600.0,279470.0,22.18
301332.SZ,20260923,7.67,7.67,7.67,7.67,11200.0,85904.0,7.67
301333.SZ,20260923,65.47,65.8,66.37,65.47,16400.0,1079412.0,65.82
301335.SZ,20260923,25.56,25.69,26.0,25.51,23100.0,592978.0,25.67
301336.SZ,20260923,43.91,43.91,43.91,43.91,6500.0,285415.0,43.91
301337.SZ,20260923,29.61,29.51,29.7,29.51,26400.0,780239.04,29.56
301338.SZ,20260923,103.6,103.7,104.0,103.17,35800.0,3710815.04,103.65
301339.SZ,20260923,11.87,11.87,11.87,11.8,32080.0,380455.0,11.86
301345.SZ,20260923,240.01,240.01,240.01,240.01,500.0,120005.0,240.01
301348.SZ,20260923,22.4,22.35,22.45,22.35,33500.0,749095.12,22.36
301349.SZ,20260923,47.69,47.71,47.8,47.68,32600.0,1555887.04,47.73
301353.SZ,20260923,20.06,20.07,20.07,20.01,21800.0,437369.0,20.06
301355.SZ,20260923,12.04,12.06,12.06,12.0,8100.0,97661.0,12.06
301356.SZ,20260923,20.58,20.66,20.66,20.55,17200.0,355207.0,20.65
301357.SZ,20260923,98.6,98.89,98.9,98.6,44400.0,4389730.88,98.87
301358.SZ,20260923,53.06,53.18,53.18,53.06,56400.0,2997100.16,53.14
301359.SZ,20260923,19.42,19.31,19.42,19.31,14800.0,286030.0,19.33
301360.SZ,20260923,69.3,69.5,70.0,69.0,57700.0,4014512.96,69.58
301361.SZ,20260923,27.16,27.3,27.3,27.16,6000.0,163716.0,27.29
301362.SZ,20260923,117.67,117.68,117.9,117.67,6800.0,800443.04,117.71
301363.SZ,20260923,17.19,17.25,17.3,17.08,586300.0,10105761.92,17.24
301365.SZ,20260923,36.28,36.47,36.47,36.28,11000.0,400859.0,36.44
301366.SZ,20260923,72.2,72.16,72.49,72.0,203500.0,14683269.12,72.15
301367.SZ,20260923,46.1,46.19,46.2,46.1,3500.0,161649.0,46.19
301368.SZ,20260923,38.7,38.71,38.98,38.7,2500.0,96907.0,38.76
301369.SZ,20260923,138.0,137.23,138.3,137.23,12800.0,1758620.96,137.39
301370.SZ,20260923,8.64,8.65,8.65,8.64,7000.0,60545.0,8.65
301371.SZ,20260923,21.25,21.25,21.25,21.25,7600.0,161500.0,21.25
301372.SZ,20260923,33.88,33.96,33.96,33.88,19600.0,665574.0,33.96
301373.SZ,20260923,122.0,122.55,122.7,121.73,156900.0,19203591.68,122.39
301376.SZ,20260923,22.67,22.67,22.76,22.66,9300.0,210767.0,22.66
301377.SZ,20260923,400.2,400.89,400.99,400.0,15300.0,6132446.08,400.81
301378.SZ,20260923,25.93,26.02,26.3,25.93,12800.0,333230.0,26.03
301379.SZ,20260923,21.94,21.91,21.94,21.85,57300.0,1254792.96,21.9
301380.SZ,20260923,34.19,34.29,34.29,34.19,15900.0,545201.0,34.29
301381.SZ,20260923,24.94,24.98,24.99,24.88,45200.0,1128716.96,24.97
301382.SZ,20260923,38.0,38.0,38.15,37.98,169100.0,6428149.12,38.01
301383.SZ,20260923,24.88,24.97,24.99,24.66,10700.0,266389.0,24.9
301386.SZ,20260923,21.01,20.96,21.05,20.96,15350.0,321991.0,20.98
301387.SZ,20260923,56.23,56.64,56.75,56.23,10300.0,582909.0,56.59
301388.SZ,20260923,25.22,25.1,25.22,25.1,6400.0,160825.0,25.13
301389.SZ,20260923,59.84,59.8,60.22,59.8,50300.0,3011736.96,59.88
301390.SZ,20260923,46.59,46.82,46.89,46.21,210000.0,9812456.96,46.73
301391.SZ,20260923,46.02,46.02,46.21,46.02,9200.0,423609.0,46.04
301392.SZ,20260923,170.8,170.6,172.06,170.58,20900.0,3575511.04,171.08
301393.SZ,20260923,65.0,65.0,65.6,64.92,43500.0,2834496.0,65.16
301395.SZ,20260923,12.49,12.47,12.51,12.47,7200.0,89844.0,12.48
301396.SZ,20260923,193.64,194.1,194.66,192.98,361400.0,70107146.24,193.99
301397.SZ,20260923,23.2,23.29,23.32,23.2,1300.0,30253.0,23.27
301398.SZ,20260923,40.3,40.3,40.39,40.19,6000.0,241805.0,40.3
301399.SZ,20260923,22.62,22.28,22.62,22.28,49800.0,1111402.0,22.32
301408.SZ,20260923,15.66,15.66,15.72,15.57,419800.0,6575758.08,15.66
301413.SZ,20260923,56.74,57.01,57.01,56.74,5500.0,313166.0,56.94
301418.SZ,20260923,35.18,35.17,35.18,35.16,2300.0,80886.0,35.17
301419.SZ,20260923,48.05,48.02,48.54,48.02,66300.0,3190495.04,48.12
301421.SZ,20260923,80.69,80.89,80.89,80.4,26800.0,2165817.92,80.81
301428.SZ,20260923,28.18,28.29,28.43,28.12,130800.0,3697216.96,28.27
301429.SZ,20260923,17.49,17.41,17.49,17.41,24700.0,430152.0,17.42
301439.SZ,20260923,14.37,14.39,14.39,14.37,6800.0,97835.0,14.39
301446.SZ,20260923,41.7,40.85,41.95,40.85,13600.0,559246.0,41.12
301448.SZ,20260923,51.3,51.98,52.23,51.3,37400.0,1940320.96,51.88
301449.SZ,20260923,40.81,40.6,40.85,40.6,6800.0,276936.0,40.73
301456.SZ,20260923,24.52,24.4,24.61,24.4,15500.0,379321.16,24.47
301458.SZ,20260923,39.18,39.02,39.29,39.02,36200.0,1414928.0,39.09
301459.SZ,20260923,32.18,32.18,32.2,32.15,23100.0,743283.04,32.18
301468.SZ,20260923,32.79,32.79,32.94,32.79,15400.0,505089.0,32.8
301469.SZ,20260923,28.83,28.83,29.21,28.83,3200.0,92370.0,28.87
301479.SZ,20260923,53.84,53.97,53.97,53.81,32300.0,1741709.44,53.92
301486.SZ,20260923,221.78,221.8,222.22,220.01,76600.0,16969332.48,221.53
301487.SZ,20260923,15.99,15.97,16.0,15.93,30500.0,487199.0,15.97
301488.SZ,20260923,93.47,92.99,93.64,92.99,7700.0,716659.04,93.07
301489.SZ,20260923,130.0,131.37,131.5,129.98,84200.0,11036664.32,131.08
301491.SZ,20260923,37.96,37.99,37.99,37.67,3900.0,147953.0,37.94
301498.SZ,20260923,41.4,41.19,41.41,41.19,59600.0,2460390.08,41.28
301499.SZ,20260923,25.95,26.08,26.08,25.94,23100.0,601594.0,26.04
301500.SZ,20260923,28.9,29.0,29.09,28.85,275600.0,7981788.8,28.96
301501.SZ,20260923,27.89,27.91,27.91,27.85,9700.0,270687.0,27.91
301502.SZ,20260923,52.94,52.94,52.94,52.93,4300.0,227632.0,52.94
301503.SZ,20260923,22.24,22.24,22.24,22.24,5000.0,111200.0,22.24
301505.SZ,20260923,18.5,18.5,18.66,18.5,12400.0,229708.0,18.53
301507.SZ,20260923,13.14,13.33,13.33,13.1,71300.0,945791.04,13.27
301508.SZ,20260923,24.12,24.1,24.12,24.1,3200.0,77122.0,24.1
301509.SZ,20260923,31.26,31.0,31.26,31.0,7500.0,232692.0,31.03
301510.SZ,20260923,28.47,28.46,28.48,28.46,32400.0,922138.0,28.46
301511.SZ,20260923,112.6,113.31,113.32,112.0,352100.0,39815070.72,113.08
301512.SZ,20260923,32.01,32.01,32.01,32.01,5600.0,179256.0,32.01
301513.SZ,20260923,45.29,45.4,45.4,45.29,2300.0,104398.0,45.39
301515.SZ,20260923,20.4,20.28,20.41,20.28,27700.0,562146.0,20.29
301516.SZ,20260923,19.69,19.66,19.69,19.66,59900.0,1178636.0,19.68
301517.SZ,20260923,38.45,38.4,38.6,38.4,46000.0,1768004.0,38.44
301518.SZ,20260923,25.65,25.47,25.65,25.47,42800.0,1092212.96,25.52
301519.SZ,20260923,11.98,11.98,11.98,11.98,6900.0,82662.0,11.98
301520.SZ,20260923,80.28,82.0,82.36,80.0,333800.0,27344514.56,81.92
301522.SZ,20260923,23.56,23.55,23.62,23.55,6400.0,150814.0,23.57
301525.SZ,20260923,39.99,39.6,39.99,39.6,6800.0,269553.0,39.64
301526.SZ,20260923,30.7,30.68,30.96,30.63,1162098.0,35664099.84,30.69
301528.SZ,20260923,74.88,75.1,75.1,74.83,2000.0,149983.0,74.99
301529.SZ,20260923,136.97,138.11,138.17,134.39,32800.0,4510909.12,137.53
301531.SZ,20260923,53.05,53.18,53.18,53.05,21100.0,1121696.96,53.16
301533.SZ,20260923,29.19,29.2,29.2,29.18,7700.0,224816.0,29.2
301535.SZ,20260923,13.91,13.91,13.91,13.91,1100.0,15301.0,13.91
301536.SZ,20260923,133.01,133.08,133.5,132.5,236800.0,31505907.2,133.05
301538.SZ,20260923,41.21,41.21,41.5,41.17,3920.0,161592.2,41.22
301539.SZ,20260923,15.25,15.31,15.31,15.25,3800.0,58121.0,15.3
301548.SZ,20260923,57.8,58.29,58.29,57.51,14000.0,813408.0,58.1
301550.SZ,20260923,96.0,96.01,96.75,95.53,41900.0,4023050.88,96.02
301551.SZ,20260923,23.06,23.09,23.18,23.02,187000.0,4317148.16,23.09
301552.SZ,20260923,24.5,24.53,24.53,24.5,600.0,14710.0,24.52
301555.SZ,20260923,36.71,36.7,36.74,36.7,7600.0,278930.0,36.7
301556.SZ,20260923,63.38,63.19,63.39,63.0,16200.0,1024220.0,63.22
301557.SZ,20260923,85.66,85.5,85.68,85.5,3800.0,325342.0,85.62
301558.SZ,20260923,6.79,6.8,6.8,6.78,29300.0,199213.0,6.8
301559.SZ,20260923,12.87,12.87,12.87,12.86,10700.0,137696.0,12.87
301560.SZ,20260923,24.96,24.96,25.12,24.95,65800.0,1643855.04,24.98
301563.SZ,20260923,114.41,114.4,114.68,114.38,18800.0,2151022.08,114.42
301565.SZ,20260923,19.81,19.8,19.92,19.8,5100.0,101192.0,19.84
301566.SZ,20260923,27.0,26.93,27.16,26.93,217500.0,5864286.72,26.96
301567.SZ,20260923,38.12,38.05,38.5,38.05,16300.0,621374.0,38.12
301568.SZ,20260923,74.2,73.9,74.61,73.9,13400.0,991952.96,74.03
301571.SZ,20260923,72.8,73.0,73.24,72.66,257226.0,18775068.16,72.99
301575.SZ,20260923,26.0,26.29,26.3,26.0,51200.0,1342512.96,26.22
301577.SZ,20260923,60.2,59.78,60.2,59.78,6800.0,407183.0,59.88
301578.SZ,20260923,23.51,23.47,23.58,23.47,19800.0,465099.0,23.49
301580.SZ,20260923,56.1,56.37,56.37,56.1,9900.0,557333.0,56.3
301581.SZ,20260923,37.44,37.29,37.44,37.11,24900.0,929042.0,37.31
301583.SZ,20260923,136.5,136.0,137.0,135.97,157800.0,21485460.48,136.16
301584.SZ,20260923,20.14,20.13,20.14,20.11,10600.0,213370.0,20.13
301585.SZ,20260923,28.69,28.69,28.69,28.69,800.0,22952.0,28.69
301586.SZ,20260923,29.85,29.85,29.85,29.85,5600.0,167160.0,29.85
301587.SZ,20260923,21.47,21.46,21.47,21.46,1600.0,34339.0,21.46
301588.SZ,20260923,27.84,27.88,27.88,27.84,10500.0,292540.0,27.86
301589.SZ,20260923,158.89,158.89,159.85,158.88,5700.0,906815.04,159.09
301590.SZ,20260923,69.16,69.25,69.25,69.16,300.0,20766.0,69.22
301591.SZ,20260923,44.9,44.56,45.3,44.56,80600.0,3598954.88,44.65
301592.SZ,20260923,117.49,117.2,117.49,117.2,2100.0,246269.0,117.27
301595.SZ,20260923,45.18,45.18,45.18,45.18,2800.0,126504.0,45.18
301596.SZ,20260923,47.06,46.99,47.08,46.99,7000.0,328993.0,47.0
301598.SZ,20260923,51.23,51.25,51.25,51.1,1800.0,92073.0,51.15
301599.SZ,20260923,33.19,33.14,33.39,33.14,68900.0,2284217.92,33.15
301600.SZ,20260923,76.31,76.28,77.18,76.26,5600.0,428932.0,76.6
301601.SZ,20260923,15.93,16.09,16.19,15.93,98200.0,1575923.04,16.05
301602.SZ,20260923,16.3,16.33,16.33,16.3,23600.0,385332.0,16.33
301603.SZ,20260923,125.82,126.24,126.24,125.62,5300.0,668019.0,126.04
301606.SZ,20260923,56.66,56.97,56.97,56.5,13700.0,778576.0,56.83
301607.SZ,20260923,43.89,43.95,43.99,43.76,41200.0,1810825.92,43.95
301608.SZ,20260923,49.98,50.51,50.51,49.88,143000.0,7219146.88,50.48
301609.SZ,20260923,32.02,32.02,32.02,32.0,3100.0,99241.0,32.01
301611.SZ,20260923,96.76,96.69,96.89,96.69,25800.0,2496692.0,96.77
301613.SZ,20260923,35.98,36.02,36.02,35.75,17100.0,615683.0,36.01
301616.SZ,20260923,35.16,35.15,35.16,35.15,1400.0,49211.0,35.15
301617.SZ,20260923,52.64,52.64,52.73,52.37,5600.0,294736.0,52.63
301618.SZ,20260923,31.5,31.27,31.5,31.27,3500.0,109826.0,31.38
301622.SZ,20260923,37.85,37.85,37.85,37.85,2600.0,98410.0,37.85
301626.SZ,20260923,339.0,336.0,340.0,334.0,23000.0,7747729.92,336.86
301628.SZ,20260923,120.4,119.79,121.0,119.79,39677.0,4762344.0,120.03
301629.SZ,20260923,282.01,282.0,282.43,282.0,5198.0,1466314.88,282.09
301630.SZ,20260923,202.88,202.88,203.0,202.87,10500.0,2130575.04,202.91
301631.SZ,20260923,63.06,63.1,63.18,63.06,4100.0,258746.0,63.11
301632.SZ,20260923,13.3,13.35,13.35,13.3,18000.0,240105.0,13.34
301633.SZ,20260923,59.64,59.63,60.14,59.63,6100.0,363968.0,59.67
301636.SZ,20260923,41.7,42.0,42.0,41.7,17800.0,747004.0,41.97
301638.SZ,20260923,21.76,21.76,21.76,21.66,37300.0,811351.04,21.75
301655.SZ,20260923,23.23,23.19,23.32,23.18,246063.0,5712635.52,23.22
301656.SZ,20260923,14.81,14.8,14.9,14.79,249600.0,3698598.08,14.82
301658.SZ,20260923,22.6,22.58,22.8,22.56,5100.0,115237.0,22.6
301662.SZ,20260923,67.0,66.85,67.3,66.85,8400.0,561957.0,66.9
301665.SZ,20260923,22.45,22.45,22.45,22.45,6300.0,141435.0,22.45
301666.SZ,20260923,412.9,412.95,420.41,411.02,139300.0,57750041.6,414.57
301667.SZ,20260923,57.92,57.73,58.18,57.61,18700.0,1081194.0,57.82
301668.SZ,20260923,32.29,32.28,32.33,32.27,12600.0,406738.0,32.28
301669.SZ,20260923,26.14,26.13,26.18,26.13,31400.0,820944.96,26.15
301677.SZ,20260923,51.14,51.13,51.14,51.1,6400.0,327212.0,51.13
301678.SZ,20260923,52.05,51.8,52.32,51.73,250433.0,12991479.04,51.88
301680.SZ,20260923,105.06,105.0,105.06,105.0,3500.0,367513.0,105.0
301682.SZ,20260923,116.38,115.78,116.38,115.78,29000.0,3360301.12,115.87
301683.SZ,20260923,99.5,99.5,99.63,99.1,2700.0,268568.0,99.47
301686.SZ,20260923,340.0,340.0,341.88,335.0,348135.0,118317250.56,339.86
301687.SZ,20260923,54.43,54.7,54.7,53.97,30600.0,1662808.96,54.34
301688.SZ,20260923,39.28,39.2,39.36,39.2,50167.0,1968355.36,39.24
301689.SZ,20260923,60.45,60.0,60.98,60.0,1154783.04,69399070.72,60.1
301696.SZ,20260923,94.6,94.6,94.61,94.03,6200.0,584967.0,94.35
301697.SZ,20260923,27.97,27.9,28.05,27.9,146100.0,4082208.96,27.94
301699.SZ,20260923,30.09,29.98,30.38,29.98,814850.0,24468080.64,30.03
301707.SZ,20260923,73.43,73.01,73.46,73.01,38300.0,2799393.92,73.09
301717.SZ,20260923,364.1,363.02,364.82,363.02,18500.0,6722129.92,363.36
302132.SZ,20260923,59.9,59.88,59.9,59.8,27100.0,1622564.96,59.87
600000.SH,20260923,9.03,9.02,9.03,9.02,139200.0,1255584.96,9.02
600004.SH,20260923,7.64,7.64,7.64,7.64,6400.0,48896.0,7.64
600006.SH,20260923,5.31,5.3,5.31,5.3,63300.0,335579.0,5.3
600007.SH,20260923,19.71,19.71,19.71,19.71,12300.0,242433.0,19.71
600008.SH,20260923,2.74,2.74,2.74,2.74,126500.0,346610.0,2.74
600009.SH,20260923,22.81,22.81,22.81,22.81,17300.0,394613.0,22.81
600010.SH,20260923,2.12,2.12,2.12,2.12,586660.0,1243719.04,2.12
600011.SH,20260923,6.78,6.78,6.78,6.78,183000.0,1240740.0,6.78
600012.SH,20260923,15.38,15.38,15.38,15.38,22500.0,346050.0,15.38
600015.SH,20260923,6.24,6.24,6.24,6.24,192200.0,1199328.0,6.24
600016.SH,20260923,3.49,3.49,3.5,3.49,842754.0,2941297.92,3.49
600017.SH,20260923,2.81,2.81,2.81,2.81,43500.0,122235.0,2.81
600018.SH,20260923,5.37,5.35,5.37,5.35,65400.0,349907.0,5.35
600019.SH,20260923,5.73,5.73,5.73,5.73,67800.0,388494.0,5.73
600020.SH,20260923,3.82,3.82,3.82,3.82,49450.0,188899.0,3.82
600021.SH,20260923,13.44,13.44,13.44,13.44,74900.0,1006656.0,13.44
600022.SH,20260923,1.31,1.31,1.31,1.31,189400.0,248114.0,1.31
600023.SH,20260923,4.99,4.99,4.99,4.99,105400.0,525946.0,4.99
600025.SH,20260923,9.59,9.6,9.6,9.59,83600.0,802536.0,9.6
600026.SH,20260923,21.56,21.55,21.58,21.55,1323736.96,28526947.84,21.55
600027.SH,20260923,4.8,4.79,4.8,4.79,193800.0,928311.04,4.79
600028.SH,20260923,5.29,5.29,5.29,5.29,1467209.92,7761541.12,5.29
600029.SH,20260923,4.97,4.97,4.97,4.97,425700.0,2115728.96,4.97
600030.SH,20260923,26.9,26.9,26.9,26.9,278800.0,7499719.68,26.9
600031.SH,20260923,17.72,17.72,17.73,17.72,216124.0,3829814.08,17.72
600032.SH,20260923,6.94,6.94,6.94,6.94,34500.0,239430.0,6.94
600033.SH,20260923,3.61,3.61,3.62,3.61,137400.0,496031.0,3.61
600035.SH,20260923,3.64,3.64,3.64,3.64,47100.0,171444.0,3.64
600036.SH,20260923,40.84,40.83,40.88,40.83,317934.0,12981696.0,40.83
600037.SH,20260923,7.16,7.16,7.16,7.16,60000.0,429600.0,7.16
600038.SH,20260923,27.43,27.43,27.43,27.43,23700.0,650091.0,27.43
600039.SH,20260923,8.75,8.75,8.75,8.75,10900.0,95375.0,8.75
600048.SH,20260923,5.66,5.66,5.67,5.65,1352600.0,7654892.16,5.66
600050.SH,20260923,4.21,4.21,4.21,4.21,217500.0,915675.04,4.21
600051.SH,20260923,6.29,6.29,6.29,6.28,37300.0,234616.0,6.29
600052.SH,20260923,3.72,3.72,3.72,3.72,7300.0,27156.0,3.72
600053.SH,20260923,7.71,7.72,7.72,7.71,9000.0,69457.0,7.72
600054.SH,20260923,10.77,10.77,10.77,10.77,29100.0,313407.0,10.77
600055.SH,20260923,10.33,10.33,10.33,10.33,6800.0,70244.0,10.33
600056.SH,20260923,9.04,9.04,9.04,9.04,16800.0,151872.0,9.04
600057.SH,20260923,6.18,6.17,6.18,6.17,69300.0,427582.0,6.17
600058.SH,20260923,9.0,9.0,9.0,9.0,25400.0,228600.0,9.0
600059.SH,20260923,10.79,10.76,10.82,10.76,1161800.0,12506347.52,10.77
600060.SH,20260923,27.68,27.68,27.68,27.68,50500.0,1397840.0,27.68
600061.SH,20260923,6.33,6.34,6.34,6.32,111200.0,704982.0,6.34
600062.SH,20260923,16.11,16.11,16.11,16.11,6900.0,111159.0,16.11
600063.SH,20260923,5.62,5.62,5.62,5.62,86500.0,486130.0,5.62
600064.SH,20260923,7.73,7.73,7.73,7.73,29700.0,229581.0,7.73
600066.SH,20260923,26.09,26.11,26.14,26.09,56600.0,1477902.08,26.11
600067.SH,20260923,2.69,2.69,2.69,2.69,42700.0,114863.0,2.69
600071.SH,20260923,16.8,16.8,16.8,16.8,1300.0,21840.0,16.8
600072.SH,20260923,8.91,8.91,8.91,8.91,27700.0,246807.0,8.91
600073.SH,20260923,5.52,5.52,5.52,5.52,13600.0,75072.0,5.52
600075.SH,20260923,4.63,4.63,4.63,4.63,21100.0,97693.0,4.63
600076.SH,20260923,2.25,2.25,2.25,2.25,326200.0,733950.0,2.25
600078.SH,20260923,10.3,10.3,10.3,10.3,7300.0,75190.0,10.3
600079.SH,20260923,18.69,18.69,18.69,18.69,15800.0,295302.0,18.69
600080.SH,20260923,4.83,4.83,4.83,4.83,2300.0,11109.0,4.83
600081.SH,20260923,10.4,10.42,10.42,10.4,3600.0,37486.0,10.41
600082.SH,20260923,3.16,3.16,3.16,3.16,500.0,1580.0,3.16
600084.SH,20260923,4.45,4.45,4.45,4.45,89300.0,397385.0,4.45
600085.SH,20260923,23.58,23.58,23.58,23.58,15900.0,374922.0,23.58
600088.SH,20260923,14.55,14.55,14.55,14.55,766100.0,11146754.56,14.55
600089.SH,20260923,18.21,18.21,18.21,18.21,71400.0,1300194.0,18.21
600094.SH,20260923,4.13,4.13,4.14,4.13,36300.0,149920.0,4.13
600095.SH,20260923,8.99,8.97,9.0,8.97,436000.0,3912279.04,8.97
600096.SH,20260923,28.18,28.17,28.24,28.17,84390.0,2378825.92,28.19
600097.SH,20260923,9.38,9.38,9.38,9.38,11600.0,108808.0,9.38
600098.SH,20260923,6.19,6.19,6.19,6.19,22000.0,136180.0,6.19
600099.SH,20260923,9.33,9.33,9.33,9.33,10800.0,100764.0,9.33
600100.SH,20260923,6.9,6.9,6.9,6.9,21500.0,148350.0,6.9
600101.SH,20260923,7.96,7.96,7.96,7.96,11300.0,89948.0,7.96
600103.SH,20260923,3.8,3.78,3.81,3.78,1074400.0,4064359.04,3.78
600104.SH,20260923,11.04,11.05,11.05,11.04,153200.0,1692859.04,11.05
600105.SH,20260923,45.9,46.0,46.15,45.89,938100.0,43153966.08,46.0
600106.SH,20260923,4.46,4.47,4.47,4.46,4000.0,17874.0,4.47
600107.SH,20260923,5.85,5.85,5.85,5.85,23000.0,134550.0,5.85
600108.SH,20260923,4.39,4.39,4.39,4.39,1307100.0,5738168.96,4.39
600109.SH,20260923,8.35,8.35,8.35,8.35,41800.0,349030.0,8.35
600110.SH,20260923,12.16,12.16,12.16,12.16,1029400.0,12517504.0,12.16
600111.SH,20260923,37.9,37.9,37.9,37.9,103000.0,3903699.84,37.9
600113.SH,20260923,29.97,29.97,29.97,29.97,15500.0,464535.0,29.97
600114.SH,20260923,27.71,27.71,27.75,27.71,15900.0,440672.0,27.72
600115.SH,20260923,3.46,3.46,3.47,3.46,965500.0,3340633.92,3.46
600116.SH,20260923,6.11,6.11,6.11,6.11,17900.0,109369.0,6.11
600117.SH,20260923,2.18,2.18,2.18,2.18,90400.0,197072.0,2.18
600118.SH,20260923,58.89,58.89,58.89,58.89,56200.0,3309617.92,58.89
600119.SH,20260923,5.01,5.01,5.01,5.01,5200.0,26052.0,5.01
600120.SH,20260923,4.73,4.73,4.73,4.73,93900.0,444147.0,4.73
600121.SH,20260923,5.15,5.15,5.17,5.15,1055600.0,5436881.92,5.15
600123.SH,20260923,7.12,7.12,7.12,7.12,80600.0,573872.0,7.12
600125.SH,20260923,5.3,5.3,5.3,5.3,24500.0,129850.0,5.3
600126.SH,20260923,6.3,6.3,6.3,6.3,481900.0,3035969.92,6.3
600127.SH,20260923,16.41,16.41,16.41,16.41,4094800.0,67195663.36,16.41
600128.SH,20260923,8.59,8.59,8.59,8.59,3700.0,31783.0,8.59
600129.SH,20260923,13.86,13.86,13.86,13.86,34300.0,475398.0,13.86
600130.SH,20260923,4.71,4.71,4.71,4.71,218000.0,1026780.0,4.71
600131.SH,20260923,14.45,14.46,14.46,14.45,9100.0,131582.0,14.46
600132.SH,20260923,38.24,38.24,38.24,38.24,16600.0,634784.0,38.24
600133.SH,20260923,7.96,7.98,7.98,7.96,12400.0,98933.0,7.98
600135.SH,20260923,7.76,7.76,7.76,7.76,82000.0,636320.0,7.76
600136.SH,20260923,1.5,1.5,1.5,1.5,365400.0,548100.0,1.5
600137.SH,20260923,17.9,17.9,17.9,17.9,30000.0,537000.0,17.9
600138.SH,20260923,7.08,7.08,7.08,7.08,8600.0,60888.0,7.08
600141.SH,20260923,29.09,29.09,29.09,29.09,59300.0,1725036.96,29.09
600143.SH,20260923,13.37,13.36,13.38,13.36,97700.0,1305364.0,13.36
600148.SH,20260923,15.96,15.96,15.96,15.96,3100.0,49476.0,15.96
600149.SH,20260923,5.08,5.07,5.08,5.06,31800.0,161252.0,5.07
600150.SH,20260923,40.04,40.04,40.04,40.04,271700.0,10878868.48,40.04
600151.SH,20260923,9.47,9.47,9.47,9.47,34700.0,328609.0,9.47
600152.SH,20260923,7.85,7.85,7.85,7.85,45200.0,354820.0,7.85
600153.SH,20260923,8.57,8.57,8.57,8.57,16300.0,139691.0,8.57
600155.SH,20260923,6.2,6.2,6.2,6.2,175600.0,1088720.0,6.2
600156.SH,20260923,9.02,8.98,9.02,8.97,389700.0,3500729.92,8.98
600157.SH,20260923,1.52,1.52,1.52,1.52,1449400.0,2203088.0,1.52
600158.SH,20260923,7.14,7.14,7.14,7.14,14200.0,101388.0,7.14
600159.SH,20260923,2.77,2.77,2.77,2.77,59200.0,163984.0,2.77
600160.SH,20260923,34.61,34.61,34.61,34.61,33000.0,1142130.0,34.61
600161.SH,20260923,12.38,12.38,12.38,12.38,17500.0,216650.0,12.38
600162.SH,20260923,4.91,4.91,4.91,4.91,830800.0,4079228.16,4.91
600163.SH,20260923,5.59,5.59,5.59,5.59,986800.0,5516211.84,5.59
600165.SH,20260923,3.27,3.28,3.28,3.25,59800.0,196029.0,3.28
600166.SH,20260923,2.78,2.78,2.78,2.78,185800.0,516524.0,2.78
600167.SH,20260923,5.63,5.63,5.63,5.63,7500.0,42225.0,5.63
600168.SH,20260923,4.35,4.35,4.35,4.35,32900.0,143115.0,4.35
600169.SH,20260923,2.16,2.16,2.16,2.16,33000.0,71280.0,2.16
600170.SH,20260923,2.22,2.22,2.22,2.22,382300.0,848706.0,2.22
600171.SH,20260923,23.1,23.1,23.1,23.1,48100.0,1111110.0,23.1
600172.SH,20260923,15.91,15.91,15.91,15.91,1070000.0,17023700.48,15.91
600173.SH,20260923,5.95,5.95,5.95,5.95,4900.0,29155.0,5.95
600176.SH,20260923,45.11,45.11,45.11,45.11,755384.0,34075371.52,45.11
600177.SH,20260923,8.1,8.1,8.1,8.1,47700.0,386370.0,8.1
600178.SH,20260923,9.54,9.54,9.54,9.54,3100.0,29574.0,9.54
600179.SH,20260923,4.58,4.58,4.58,4.58,93600.0,428688.0,4.58
600180.SH,20260923,1.6,1.6,1.6,1.6,557500.0,892000.0,1.6
600182.SH,20260923,12.76,12.76,12.76,12.76,300.0,3828.0,12.76
600183.SH,20260923,143.0,143.0,143.0,143.0,254763.0,36431109.12,143.0
600184.SH,20260923,20.17,20.17,20.23,20.16,262800.0,5301454.08,20.17
600185.SH,20260923,4.86,4.86,4.86,4.86,70100.0,340686.0,4.86
600186.SH,20260923,12.89,12.89,12.89,12.89,1409900.0,18173611.52,12.89
600187.SH,20260923,1.3,1.3,1.3,1.3,67300.0,87490.0,1.3
600188.SH,20260923,20.18,20.18,20.18,20.18,49500.0,998910.0,20.18
600189.SH,20260923,8.39,8.39,8.39,8.39,446000.0,3741939.84,8.39
600191.SH,20260923,9.4,9.4,9.4,9.4,30300.0,284820.0,9.4
600192.SH,20260923,7.69,7.69,7.69,7.69,42400.0,326056.0,7.69
600195.SH,20260923,6.74,6.74,6.74,6.74,11000.0,74140.0,6.74
600196.SH,20260923,23.13,23.13,23.13,23.13,68800.0,1591344.0,23.13
600197.SH,20260923,9.38,9.38,9.38,9.38,8900.0,83482.0,9.38
600198.SH,20260923,7.69,7.69,7.69,7.69,28000.0,215320.0,7.69
600199.SH,20260923,7.3,7.3,7.3,7.3,67500.0,492750.0,7.3
600201.SH,20260923,11.68,11.68,11.68,11.68,20200.0,235936.0,11.68
600202.SH,20260923,5.16,5.16,5.16,5.16,17500.0,90300.0,5.16
600203.SH,20260923,10.26,10.26,10.26,10.26,38500.0,395010.0,10.26
600206.SH,20260923,49.36,49.36,49.36,49.36,484500.0,23914920.96,49.36
600207.SH,20260923,4.82,4.82,4.82,4.82,97800.0,471396.0,4.82
600208.SH,20260923,2.89,2.89,2.89,2.89,249100.0,719899.04,2.89
600210.SH,20260923,6.25,6.25,6.25,6.25,4400.0,27500.0,6.25
600211.SH,20260923,36.45,36.45,36.45,36.45,8100.0,295245.0,36.45
600212.SH,20260923,5.88,5.88,5.88,5.88,1400.0,8232.0,5.88
600215.SH,20260923,6.24,6.24,6.24,6.24,2600.0,16224.0,6.24
600216.SH,20260923,12.7,12.7,12.7,12.7,26700.0,339090.0,12.7
600217.SH,20260923,3.25,3.25,3.25,3.25,29200.0,94900.0,3.25
600218.SH,20260923,8.0,8.0,8.0,8.0,392300.0,3138400.0,8.0
600219.SH,20260923,4.76,4.76,4.76,4.76,297300.0,1415148.0,4.76
600221.SH,20260923,1.24,1.24,1.24,1.24,1681700.0,2085308.0,1.24
600222.SH,20260923,8.12,8.12,8.12,8.12,70500.0,572460.0,8.12
600223.SH,20260923,5.67,5.67,5.67,5.67,18000.0,102060.0,5.67
600226.SH,20260923,5.97,5.97,5.97,5.97,202400.0,1208328.0,5.97
600227.SH,20260923,4.27,4.27,4.27,4.27,2157300.0,9211671.04,4.27
600228.SH,20260923,11.91,11.91,11.91,11.91,123400.0,1469694.08,11.91
600229.SH,20260923,5.87,5.87,5.87,5.87,102700.0,602849.0,5.87
600230.SH,20260923,13.49,13.49,13.49,13.49,4600.0,62054.0,13.49
600231.SH,20260923,1.68,1.68,1.68,1.68,69300.0,116424.0,1.68
600232.SH,20260923,6.58,6.58,6.58,6.58,8500.0,55930.0,6.58
600233.SH,20260923,17.63,17.63,17.63,17.63,55400.0,976702.0,17.63
600234.SH,20260923,22.55,22.55,22.55,22.55,1200.0,27060.0,22.55
600235.SH,20260923,5.84,5.84,5.84,5.84,37100.0,216664.0,5.84
600236.SH,20260923,9.45,9.45,9.45,9.45,19100.0,180495.0,9.45
600237.SH,20260923,9.9,9.9,9.9,9.9,576900.0,5711310.08,9.9
600238.SH,20260923,4.26,4.26,4.26,4.26,149600.0,637296.0,4.26
600239.SH,20260923,1.43,1.43,1.43,1.43,69312.0,99116.0,1.43
600241.SH,20260923,7.4,7.4,7.4,7.4,6700.0,49580.0,7.4
600243.SH,20260923,3.44,3.44,3.44,3.44,1600.0,5504.0,3.44
600246.SH,20260923,14.75,14.75,14.75,14.75,2174900.0,32079774.72,14.75
600248.SH,20260923,2.86,2.86,2.86,2.86,21800.0,62348.0,2.86
600249.SH,20260923,5.52,5.52,5.52,5.52,27300.0,150696.0,5.52
600250.SH,20260923,9.12,9.12,9.12,9.12,22500.0,205200.0,9.12
600251.SH,20260923,10.28,10.28,10.28,10.28,13500.0,138780.0,10.28
600252.SH,20260923,2.21,2.21,2.21,2.21,80300.0,177463.0,2.21
600255.SH,20260923,3.63,3.63,3.63,3.63,280800.0,1019304.0,3.63
600256.SH,20260923,6.96,6.95,6.96,6.95,672500.0,4673975.04,6.95
600257.SH,20260923,5.67,5.67,5.67,5.67,8300.0,47061.0,5.67
600258.SH,20260923,11.33,11.33,11.33,11.33,19139.0,216845.0,11.33
600259.SH,20260923,83.0,83.0,83.0,83.0,16200.0,1344600.0,83.0
600261.SH,20260923,3.44,3.44,3.44,3.44,187200.0,643968.0,3.44
600262.SH,20260923,15.02,15.02,15.02,15.02,141000.0,2117820.0,15.02
600265.SH,20260923,22.69,22.69,22.69,22.69,1000.0,22690.0,22.69
600266.SH,20260923,4.47,4.47,4.47,4.47,194100.0,867627.04,4.47
600267.SH,20260923,11.78,11.77,11.78,11.77,50000.0,588513.0,11.77
600268.SH,20260923,10.4,10.4,10.4,10.4,4400.0,45760.0,10.4
600269.SH,20260923,3.81,3.81,3.81,3.81,21700.0,82677.0,3.81
600271.SH,20260923,6.79,6.79,6.79,6.79,17600.0,119504.0,6.79
600272.SH,20260923,16.78,16.78,16.78,16.78,262200.0,4399715.84,16.78
600273.SH,20260923,6.36,6.36,6.36,6.36,20700.0,131652.0,6.36
600276.SH,20260923,45.59,45.59,45.59,45.59,127400.0,5808165.76,45.59
600278.SH,20260923,6.61,6.61,6.61,6.61,4100.0,27101.0,6.61
600279.SH,20260923,4.34,4.34,4.34,4.34,7000.0,30380.0,4.34
600280.SH,20260923,3.13,3.13,3.13,3.13,98300.0,307679.0,3.13
600281.SH,20260923,4.87,4.87,4.87,4.87,2120200.0,10325374.08,4.87
600282.SH,20260923,4.38,4.38,4.38,4.38,115000.0,503700.0,4.38
600283.SH,20260923,8.06,8.06,8.06,8.06,5000.0,40300.0,8.06
600284.SH,20260923,5.17,5.17,5.17,5.17,13400.0,69278.0,5.17
600285.SH,20260923,19.11,19.11,19.11,19.11,11600.0,221676.0,19.11
600287.SH,20260923,5.03,5.03,5.03,5.03,8600.0,43258.0,5.03
600288.SH,20260923,11.02,11.08,11.08,11.02,35100.0,388871.0,11.08
600289.SH,20260923,4.42,4.42,4.42,4.42,0.0,0.0,4.42
600292.SH,20260923,11.62,11.62,11.62,11.62,5200.0,60424.0,11.62
600293.SH,20260923,3.31,3.31,3.31,3.31,421700.0,1395827.04,3.31
600295.SH,20260923,13.02,13.02,13.02,13.02,9800.0,127596.0,13.02
600298.SH,20260923,39.4,39.4,39.4,39.4,6972.0,274697.0,39.4
600299.SH,20260923,8.4,8.4,8.4,8.4,43800.0,367920.0,8.4
600300.SH,20260923,3.11,3.11,3.11,3.11,48900.0,152079.0,3.11
600301.SH,20260923,48.8,48.52,48.8,48.52,221700.0,10758748.16,48.53
600302.SH,20260923,6.85,6.85,6.85,6.85,6200.0,42470.0,6.85
600303.SH,20260923,3.12,3.12,3.12,3.12,492300.0,1535976.0,3.12
600305.SH,20260923,6.72,6.72,6.72,6.72,33500.0,225120.0,6.72
600307.SH,20260923,1.47,1.47,1.47,1.47,96300.0,141561.0,1.47
600308.SH,20260923,3.32,3.32,3.32,3.32,150800.0,500656.0,3.32
600309.SH,20260923,70.66,70.66,70.66,70.66,74000.0,5228840.0,70.66
600310.SH,20260923,4.63,4.63,4.63,4.63,76600.0,354658.0,4.63
600312.SH,20260923,19.25,19.25,19.25,19.25,11400.0,219450.0,19.25
600313.SH,20260923,7.12,7.12,7.12,7.12,41900.0,298328.0,7.12
600315.SH,20260923,18.43,18.43,18.43,18.43,3600.0,66348.0,18.43
600316.SH,20260923,34.11,34.11,34.11,34.11,25800.0,880038.0,34.11
600318.SH,20260923,7.07,7.07,7.07,7.07,32700.0,231189.0,7.07
600319.SH,20260923,6.25,6.25,6.25,6.25,9000.0,56250.0,6.25
600320.SH,20260923,4.12,4.12,4.12,4.12,46100.0,189932.0,4.12
600322.SH,20260923,2.79,2.79,2.79,2.79,56500.0,157635.0,2.79
600323.SH,20260923,28.71,28.71,28.71,28.71,4800.0,137808.0,28.71
600325.SH,20260923,2.81,2.81,2.81,2.81,3422499.84,9617224.96,2.81
600326.SH,20260923,6.87,6.87,6.87,6.87,33500.0,230145.0,6.87
600327.SH,20260923,3.91,3.91,3.91,3.91,9500.0,37145.0,3.91
600328.SH,20260923,5.77,5.77,5.77,5.77,44200.0,255034.0,5.77
600329.SH,20260923,35.11,35.11,35.11,35.11,1500.0,52665.0,35.11
600330.SH,20260923,29.5,29.5,29.5,29.5,278400.0,8212800.0,29.5
600331.SH,20260923,11.92,11.92,11.92,11.92,66500.0,792680.0,11.92
600332.SH,20260923,19.65,19.66,19.67,19.65,15000.0,294891.0,19.66
600333.SH,20260923,6.85,6.85,6.85,6.85,16900.0,115765.0,6.85
600335.SH,20260923,5.19,5.19,5.19,5.19,21300.0,110547.0,5.19
600336.SH,20260923,6.45,6.45,6.45,6.45,22300.0,143835.0,6.45
600337.SH,20260923,3.39,3.39,3.39,3.39,170900.0,579351.0,3.39
600338.SH,20260923,12.79,12.79,12.79,12.79,44300.0,566597.0,12.79
600339.SH,20260923,3.33,3.33,3.33,3.33,94700.0,315351.0,3.33
600340.SH,20260923,1.12,1.12,1.12,1.12,1996800.0,2236416.0,1.12
600343.SH,20260923,20.23,20.22,20.26,20.19,388100.0,7848078.72,20.22
600345.SH,20260923,54.45,54.45,54.45,54.45,62500.0,3403125.12,54.45
600346.SH,20260923,16.48,16.48,16.48,16.48,72400.0,1193152.0,16.48
600348.SH,20260923,9.19,9.19,9.19,9.19,86100.0,791259.04,9.19
600350.SH,20260923,10.05,10.05,10.05,10.05,32400.0,325620.0,10.05
600351.SH,20260923,6.83,6.83,6.83,6.83,40800.0,278664.0,6.83
600352.SH,20260923,12.63,12.63,12.63,12.63,157100.0,1984172.96,12.63
600353.SH,20260923,33.2,33.2,33.2,33.2,263200.0,8738240.0,33.2
600354.SH,20260923,10.11,10.12,10.13,10.11,775800.0,7850259.2,10.12
600356.SH,20260923,11.1,11.1,11.1,11.1,549100.0,6095009.92,11.1
600358.SH,20260923,5.16,5.16,5.16,5.16,3100.0,15996.0,5.16
600359.SH,20260923,7.96,7.96,7.96,7.96,146000.0,1162160.0,7.96
600360.SH,20260923,11.35,11.35,11.35,11.35,410500.0,4659175.04,11.35
600361.SH,20260923,3.53,3.53,3.53,3.53,81200.0,286636.0,3.53
600362.SH,20260923,45.48,45.48,45.48,45.48,512600.0,23313047.04,45.48
600363.SH,20260923,15.8,15.8,15.8,15.8,217700.0,3439660.16,15.8
600365.SH,20260923,2.85,2.86,2.86,2.85,10500.0,29949.0,2.85
600366.SH,20260923,11.4,11.4,11.4,11.4,69600.0,793440.0,11.4
600367.SH,20260923,37.65,37.65,37.65,37.65,340300.0,12812294.4,37.65
600368.SH,20260923,4.06,4.06,4.06,4.06,186500.0,757190.0,4.06
600369.SH,20260923,3.99,3.99,3.99,3.99,42900.0,171171.0,3.99
600370.SH,20260923,1.5,1.5,1.5,1.5,10300.0,15450.0,1.5
600371.SH,20260923,15.39,15.39,15.39,15.39,967000.0,14882129.92,15.39
600372.SH,20260923,11.52,11.52,11.52,11.52,48800.0,562176.0,11.52
600373.SH,20260923,7.68,7.68,7.68,7.68,557300.0,4280064.0,7.68
600375.SH,20260923,3.71,3.71,3.71,3.71,36700.0,136157.0,3.71
600376.SH,20260923,3.36,3.36,3.36,3.36,367800.0,1235808.0,3.36
600377.SH,20260923,12.54,12.54,12.54,12.54,114300.0,1433321.92,12.54
600378.SH,20260923,46.91,46.91,46.91,46.91,109700.0,5146026.88,46.91
600379.SH,20260923,14.89,14.89,14.89,14.89,151000.0,2248390.08,14.89
600380.SH,20260923,9.36,9.36,9.36,9.36,8000.0,74880.0,9.36
600381.SH,20260923,4.25,4.25,4.25,4.25,32200.0,136850.0,4.25
600382.SH,20260923,6.02,6.02,6.02,6.02,85900.0,517118.0,6.02
600383.SH,20260923,2.48,2.48,2.48,2.48,2229232.0,5528494.72,2.48
600386.SH,20260923,3.58,3.58,3.58,3.58,40600.0,145348.0,3.58
600388.SH,20260923,17.18,17.18,17.18,17.18,13900.0,238802.0,17.18
600389.SH,20260923,18.78,18.78,18.78,18.78,15700.0,294846.0,18.78
600390.SH,20260923,4.91,4.91,4.91,4.91,38200.0,187562.0,4.91
600391.SH,20260923,42.4,42.4,42.4,42.4,21100.0,894640.0,42.4
600392.SH,20260923,22.15,22.15,22.15,22.13,116700.0,2584887.04,22.15
600395.SH,20260923,5.15,5.15,5.15,5.15,64600.0,332690.0,5.15
600396.SH,20260923,13.7,13.7,13.7,13.7,722400.0,9896880.0,13.7
600397.SH,20260923,17.35,17.35,17.35,17.35,239600.0,4157059.84,17.35
600398.SH,20260923,5.71,5.71,5.71,5.71,97600.0,557296.0,5.71
600399.SH,20260923,4.37,4.37,4.37,4.37,138000.0,603060.0,4.37
600400.SH,20260923,3.44,3.44,3.44,3.44,149500.0,514280.0,3.44
600403.SH,20260923,7.53,7.53,7.53,7.53,2599000.0,19570470.4,7.53
600405.SH,20260923,5.05,5.02,5.05,5.02,38600.0,193802.0,5.02
600406.SH,20260923,22.25,22.25,22.25,22.25,112294.0,2498542.08,22.25
600408.SH,20260923,3.13,3.13,3.13,3.13,179200.0,560896.0,3.13
600409.SH,20260923,6.34,6.34,6.34,6.34,22500.0,142650.0,6.34
600410.SH,20260923,16.15,16.15,16.15,16.15,1111700.0,17953955.84,16.15
600415.SH,20260923,11.82,11.82,11.82,11.82,46900.0,554358.0,11.82
600416.SH,20260923,8.57,8.57,8.57,8.57,27000.0,231390.0,8.57
600418.SH,20260923,21.97,21.97,21.97,21.97,5033500.16,110585989.12,21.97
600419.SH,20260923,8.75,8.75,8.75,8.75,31400.0,274750.0,8.75
600420.SH,20260923,8.37,8.37,8.37,8.37,15400.0,128898.0,8.37
600422.SH,20260923,8.25,8.25,8.25,8.25,1800.0,14850.0,8.25
600423.SH,20260923,2.73,2.73,2.73,2.73,500.0,1365.0,2.73
600425.SH,20260923,3.63,3.63,3.63,3.63,6000.0,21780.0,3.63
600426.SH,20260923,20.25,20.25,20.25,20.25,32030.0,648608.0,20.25
600428.SH,20260923,11.3,11.3,11.3,11.3,40200.0,454260.0,11.3
600429.SH,20260923,4.55,4.55,4.55,4.55,20100.0,91455.0,4.55
600433.SH,20260923,3.36,3.37,3.37,3.36,44500.0,149964.0,3.37
600435.SH,20260923,11.69,11.69,11.69,11.69,39400.0,460586.0,11.69
600436.SH,20260923,120.2,120.2,120.2,120.2,10900.0,1310180.0,120.2
600438.SH,20260923,11.72,11.72,11.72,11.72,163100.0,1911532.0,11.72
600439.SH,20260923,1.88,1.88,1.88,1.88,2500.0,4700.0,1.88
600444.SH,20260923,14.36,14.36,14.36,14.36,18700.0,268532.0,14.36
600446.SH,20260923,10.9,10.9,10.9,10.9,49800.0,542820.0,10.9
600448.SH,20260923,3.47,3.47,3.47,3.47,11618813.44,40317281.28,3.47
600449.SH,20260923,13.12,13.1,13.12,13.1,20600.0,269882.0,13.1
600452.SH,20260923,9.03,9.03,9.03,9.03,40100.0,362103.0,9.03
600455.SH,20260923,24.4,24.4,24.4,24.4,15400.0,375760.0,24.4
600456.SH,20260923,25.64,25.64,25.64,25.64,4600.0,117944.0,25.64
600458.SH,20260923,11.23,11.23,11.23,11.23,34800.0,390804.0,11.23
600459.SH,20260923,19.29,19.29,19.29,19.29,58000.0,1118820.0,19.29
600460.SH,20260923,33.53,33.53,33.53,33.53,440900.0,14783376.64,33.53
600461.SH,20260923,8.82,8.82,8.82,8.82,101439.0,894692.0,8.82
600463.SH,20260923,8.23,8.36,8.36,8.23,13900.0,116018.0,8.35
600467.SH,20260923,2.43,2.43,2.43,2.43,112700.0,273861.0,2.43
600468.SH,20260923,6.3,6.3,6.3,6.28,63800.0,401920.0,6.3
600469.SH,20260923,5.04,5.04,5.04,5.04,5900.0,29736.0,5.04
600470.SH,20260923,5.8,5.8,5.8,5.8,26800.0,155440.0,5.8
600475.SH,20260923,14.92,14.92,14.92,14.92,14900.0,222308.0,14.92
600476.SH,20260923,10.62,10.62,10.62,10.62,7800.0,82836.0,10.62
600477.SH,20260923,2.43,2.43,2.43,2.43,21900.0,53217.0,2.43
600478.SH,20260923,4.58,4.58,4.58,4.58,78300.0,358614.0,4.58
600479.SH,20260923,13.09,13.09,13.09,13.09,1579400.0,20674346.24,13.09
600480.SH,20260923,7.71,7.71,7.71,7.71,18500.0,142635.0,7.71
600481.SH,20260923,4.08,4.08,4.08,4.08,97200.0,396576.0,4.08
600482.SH,20260923,35.64,35.64,35.64,35.64,18000.0,641520.0,35.64
600483.SH,20260923,10.7,10.7,10.7,10.7,41700.0,446190.0,10.7
600486.SH,20260923,53.1,53.1,53.1,53.1,2600.0,138060.0,53.1
600487.SH,20260923,73.07,73.07,73.07,73.07,1152900.0,84242401.28,73.07
600488.SH,20260923,6.11,6.06,6.15,6.05,709400.0,4305001.92,6.07
600489.SH,20260923,23.6,23.6,23.6,23.6,326900.0,7714840.32,23.6
600490.SH,20260923,7.21,7.2,7.21,7.2,107300.0,772660.0,7.2
600491.SH,20260923,1.63,1.63,1.63,1.63,583200.0,950616.0,1.63
600493.SH,20260923,6.43,6.43,6.43,6.43,48900.0,314427.0,6.43
600495.SH,20260923,4.11,4.11,4.11,4.11,10200.0,41922.0,4.11
600496.SH,20260923,3.3,3.3,3.3,3.3,48800.0,161040.0,3.3
600497.SH,20260923,9.81,9.81,9.81,9.81,334300.0,3279482.88,9.81
600498.SH,20260923,43.55,43.45,43.56,43.43,345800.0,15031951.36,43.47
600499.SH,20260923,11.85,11.85,11.85,11.85,990700.0,11739795.2,11.85
600500.SH,20260923,5.75,5.75,5.75,5.75,477800.0,2747350.08,5.75
600501.SH,20260923,14.85,14.85,14.85,14.85,3600.0,53460.0,14.85
600502.SH,20260923,4.13,4.13,4.13,4.13,100000.0,413000.0,4.13
600503.SH,20260923,2.67,2.67,2.67,2.67,6416499.84,17132056.32,2.67
600505.SH,20260923,10.56,10.56,10.56,10.56,7500.0,79200.0,10.56
600506.SH,20260923,17.5,17.5,17.5,17.5,151000.0,2642500.0,17.5
600507.SH,20260923,4.07,4.07,4.07,4.07,20100.0,81807.0,4.07
600508.SH,20260923,10.92,10.92,10.92,10.92,43020.0,469778.0,10.92
600509.SH,20260923,7.36,7.32,7.36,7.32,61200.0,448232.0,7.32
600510.SH,20260923,6.76,6.76,6.76,6.76,31700.0,214292.0,6.76
600511.SH,20260923,26.13,26.13,26.13,26.13,2800.0,73164.0,26.13
600512.SH,20260923,2.08,2.08,2.08,2.08,76600.0,159328.0,2.08
600513.SH,20260923,15.38,15.38,15.38,15.38,15400.0,236852.0,15.38
600515.SH,20260923,2.75,2.75,2.75,2.75,330000.0,907500.0,2.75
600516.SH,20260923,5.46,5.46,5.46,5.46,297800.0,1625988.0,5.46
600517.SH,20260923,4.98,4.98,4.98,4.98,43100.0,214638.0,4.98
600518.SH,20260923,1.36,1.36,1.37,1.36,564839.0,768332.0,1.36
600519.SH,20260923,1255.03,1255.03,1255.03,1255.03,6310.0,7919239.04,1255.03
600520.SH,20260923,25.79,25.79,25.79,25.79,11200.0,288848.0,25.79
600521.SH,20260923,16.5,16.5,16.5,16.5,61800.0,1019700.0,16.5
600522.SH,20260923,36.6,36.6,36.6,36.6,1012500.0,37057500.16,36.6
600523.SH,20260923,12.06,12.06,12.06,12.06,6800.0,82008.0,12.06
600525.SH,20260923,4.98,4.98,4.98,4.98,28000.0,139440.0,4.98
600526.SH,20260923,4.53,4.53,4.53,4.53,43900.0,198867.0,4.53
600527.SH,20260923,2.2,2.2,2.2,2.2,55000.0,121000.0,2.2
600528.SH,20260923,6.84,6.84,6.84,6.84,11400.0,77976.0,6.84
600529.SH,20260923,18.46,18.46,18.46,18.46,34000.0,627640.0,18.46
600530.SH,20260923,4.03,4.03,4.03,4.03,6200.0,24986.0,4.03
600531.SH,20260923,12.25,12.25,12.25,12.25,82400.0,1009400.0,12.25
600533.SH,20260923,2.26,2.26,2.26,2.26,47800.0,108028.0,2.26
600535.SH,20260923,13.94,13.94,13.94,13.94,27400.0,381956.0,13.94
600536.SH,20260923,31.96,31.96,31.96,31.96,62500.0,1997500.0,31.96
600537.SH,20260923,2.23,2.22,2.23,2.21,1713900.0,3801616.96,2.22
600538.SH,20260923,4.9,4.9,4.9,4.9,15700.0,76930.0,4.9
600539.SH,20260923,13.77,13.77,13.77,13.77,35100.0,483327.0,13.77
600540.SH,20260923,5.9,5.9,5.9,5.9,2524800.0,14896320.0,5.9
600543.SH,20260923,4.08,4.08,4.08,4.08,36900.0,150552.0,4.08
600545.SH,20260923,4.55,4.55,4.55,4.55,355800.0,1618889.92,4.55
600546.SH,20260923,13.51,13.51,13.51,13.51,101600.0,1372616.0,13.51
600547.SH,20260923,31.5,31.5,31.5,31.5,194100.0,6114149.76,31.5
600548.SH,20260923,8.11,8.1,8.11,8.1,17000.0,137717.0,8.1
600549.SH,20260923,49.33,49.33,49.33,49.33,130600.0,6442497.92,49.33
600550.SH,20260923,10.7,10.7,10.7,10.7,73200.0,783240.0,10.7
600551.SH,20260923,7.82,7.82,7.82,7.82,167800.0,1312196.0,7.82
600552.SH,20260923,17.89,17.89,17.89,17.89,165200.0,2955427.84,17.89
600556.SH,20260923,4.81,4.81,4.81,4.81,275000.0,1322750.0,4.81
600557.SH,20260923,12.42,12.42,12.42,12.42,45300.0,562626.0,12.42
600558.SH,20260923,4.82,4.82,4.82,4.82,46500.0,224130.0,4.82
600559.SH,20260923,11.22,11.22,11.24,11.22,37600.0,421912.0,11.22
600560.SH,20260923,11.38,11.38,11.38,11.38,8200.0,93316.0,11.38
600561.SH,20260923,5.93,5.93,5.93,5.93,58400.0,346312.0,5.93
600562.SH,20260923,28.55,28.55,28.55,28.55,22400.0,639520.0,28.55
600563.SH,20260923,124.0,124.0,124.0,124.0,31500.0,3906000.0,124.0
600566.SH,20260923,24.78,24.78,24.78,24.78,1700.0,42126.0,24.78
600567.SH,20260923,1.33,1.33,1.33,1.33,284800.0,378784.0,1.33
600568.SH,20260923,2.36,2.36,2.36,2.36,40100.0,94636.0,2.36
600569.SH,20260923,1.77,1.77,1.77,1.77,52300.0,92571.0,1.77
600570.SH,20260923,20.45,20.45,20.45,20.45,56729.0,1160108.0,20.45
600571.SH,20260923,10.58,10.58,10.58,10.58,17800.0,188324.0,10.58
600572.SH,20260923,4.3,4.3,4.3,4.3,380600.0,1636580.0,4.3
600573.SH,20260923,9.96,9.96,9.96,9.96,9800.0,97608.0,9.96
600575.SH,20260923,3.19,3.19,3.19,3.19,71700.0,228723.0,3.19
600576.SH,20260923,5.45,5.45,5.45,5.45,7300.0,39785.0,5.45
600577.SH,20260923,8.9,8.9,8.9,8.9,179400.0,1596660.0,8.9
600578.SH,20260923,5.34,5.34,5.34,5.34,226900.0,1211646.0,5.34
600579.SH,20260923,7.24,7.24,7.24,7.24,5800.0,41992.0,7.24
600580.SH,20260923,27.41,27.41,27.41,27.41,28600.0,783926.0,27.41
600581.SH,20260923,2.44,2.44,2.44,2.44,40500.0,98820.0,2.44
600582.SH,20260923,4.85,4.85,4.85,4.85,17600.0,85360.0,4.85
600583.SH,20260923,6.43,6.43,6.43,6.43,61900.0,398017.0,6.43
600584.SH,20260923,72.4,72.4,72.4,72.4,357500.0,25883000.32,72.4
600585.SH,20260923,17.09,17.09,17.09,17.09,12955.0,221401.0,17.09
600586.SH,20260923,4.06,4.06,4.06,4.06,34500.0,140070.0,4.06
600587.SH,20260923,13.43,13.43,13.43,13.43,1339396.96,17988102.4,13.43
600588.SH,20260923,9.82,9.82,9.82,9.82,328400.0,3224888.0,9.82
600589.SH,20260923,8.19,8.19,8.19,8.19,1065500.0,8726444.8,8.19
600590.SH,20260923,8.62,8.62,8.62,8.62,24700.0,212914.0,8.62
600592.SH,20260923,14.5,14.5,14.5,14.5,5600.0,81200.0,14.5
600593.SH,20260923,47.98,47.98,47.98,47.98,158300.0,7595233.92,47.98
600594.SH,20260923,3.75,3.75,3.75,3.75,69400.0,260250.0,3.75
600595.SH,20260923,6.04,6.04,6.04,6.04,74500.0,449980.0,6.04
600596.SH,20260923,11.77,11.77,11.77,11.77,220307.0,2593012.96,11.77
600597.SH,20260923,6.73,6.73,6.73,6.73,23600.0,158828.0,6.73
600598.SH,20260923,13.05,13.05,13.05,13.05,71100.0,927855.04,13.05
600600.SH,20260923,50.12,50.12,50.12,50.12,4600.0,230552.0,50.12
600601.SH,20260923,15.36,15.36,15.38,15.36,976340.0,14996696.32,15.36
600602.SH,20260923,17.21,17.21,17.21,17.21,58400.0,1005064.0,17.21
600603.SH,20260923,4.83,4.83,4.83,4.83,3600.0,17388.0,4.83
600604.SH,20260923,4.89,4.89,4.89,4.89,144500.0,706604.96,4.89
600605.SH,20260923,28.93,28.93,28.93,28.93,15300.0,442629.0,28.93
600606.SH,20260923,1.52,1.52,1.52,1.52,8510700.8,12936266.24,1.52
600609.SH,20260923,3.62,3.62,3.62,3.62,296800.0,1074416.0,3.62
600610.SH,20260923,8.06,8.06,8.06,8.06,284300.0,2291457.92,8.06
600611.SH,20260923,4.63,4.65,4.65,4.63,1434000.0,6662741.76,4.65
600612.SH,20260923,31.75,31.75,31.75,31.75,5200.0,165100.0,31.75
600613.SH,20260923,9.1,9.1,9.1,9.1,1497100.0,13623609.6,9.1
600615.SH,20260923,9.5,9.5,9.5,9.5,4100.0,38950.0,9.5
600616.SH,20260923,5.18,5.18,5.18,5.18,1244200.0,6444956.16,5.18
600617.SH,20260923,3.35,3.35,3.35,3.35,42600.0,142710.0,3.35
600618.SH,20260923,9.88,9.88,9.88,9.88,1300.0,12844.0,9.88
600619.SH,20260923,13.51,13.51,13.51,13.51,165600.0,2237256.0,13.51
600620.SH,20260923,4.38,4.38,4.38,4.38,16900.0,74022.0,4.38
600621.SH,20260923,14.01,14.01,14.01,14.01,134200.0,1880142.08,14.01
600622.SH,20260923,2.49,2.49,2.49,2.49,254400.0,633456.0,2.49
600623.SH,20260923,8.45,8.45,8.45,8.45,32800.0,277160.0,8.45
600624.SH,20260923,4.8,4.8,4.8,4.8,7300.0,35040.0,4.8
600626.SH,20260923,3.83,3.83,3.83,3.83,46900.0,179627.0,3.83
600628.SH,20260923,6.36,6.36,6.36,6.36,9900.0,62964.0,6.36
600629.SH,20260923,16.79,16.79,16.79,16.79,67600.0,1135004.0,16.79
600630.SH,20260923,8.93,8.94,9.0,8.91,3729600.0,33346398.72,8.94
600633.SH,20260923,10.45,10.45,10.45,10.45,64300.0,671935.04,10.45
600635.SH,20260923,4.56,4.56,4.56,4.56,63900.0,291384.0,4.56
600637.SH,20260923,8.95,8.95,8.95,8.95,302800.0,2710060.16,8.95
600638.SH,20260923,5.08,5.08,5.08,5.08,133400.0,677672.0,5.08
600639.SH,20260923,9.63,9.63,9.63,9.63,12700.0,122301.0,9.63
600640.SH,20260923,13.1,13.1,13.1,13.1,1027800.0,13464180.48,13.1
600641.SH,20260923,44.5,44.5,44.5,44.5,1775681.92,79017845.76,44.5
600642.SH,20260923,8.7,8.7,8.7,8.7,70999.0,617691.0,8.7
600643.SH,20260923,4.11,4.11,4.11,4.11,25600.0,105216.0,4.11
600644.SH,20260923,9.66,9.66,9.66,9.66,394700.0,3812801.92,9.66
600645.SH,20260923,19.2,19.2,19.2,19.2,29000.0,556800.0,19.2
600648.SH,20260923,9.43,9.43,9.43,9.43,38700.0,364941.0,9.43
600649.SH,20260923,4.07,4.07,4.07,4.07,51000.0,207570.0,4.07
600650.SH,20260923,10.43,10.43,10.43,10.43,21500.0,224245.0,10.43
600651.SH,20260923,5.2,5.2,5.2,5.2,70000.0,364000.0,5.2
600653.SH,20260923,1.7,1.7,1.7,1.7,160800.0,273360.0,1.7
600654.SH,20260923,3.08,3.08,3.08,3.08,119000.0,366520.0,3.08
600655.SH,20260923,4.62,4.62,4.62,4.62,12200.0,56364.0,4.62
600657.SH,20260923,3.22,3.22,3.22,3.22,392300.0,1263206.0,3.22
600658.SH,20260923,4.14,4.16,4.16,4.14,60200.0,249977.0,4.15
600660.SH,20260923,53.83,53.83,53.83,53.83,20900.0,1125047.04,53.83
600661.SH,20260923,8.99,8.95,8.99,8.95,59700.0,534369.0,8.95
600662.SH,20260923,4.27,4.27,4.27,4.27,6900.0,29463.0,4.27
600663.SH,20260923,8.82,8.8,8.82,8.8,64000.0,563370.0,8.8
600664.SH,20260923,9.42,9.42,9.42,9.42,19125424.64,180161495.04,9.42
600665.SH,20260923,3.48,3.48,3.48,3.48,101100.0,351828.0,3.48
600666.SH,20260923,3.48,3.48,3.48,3.48,458200.0,1594536.0,3.48
600667.SH,20260923,20.1,20.1,20.14,20.09,974050.0,19580248.32,20.1
600668.SH,20260923,7.38,7.38,7.38,7.38,10300.0,76014.0,7.38
600671.SH,20260923,23.76,23.76,23.76,23.76,10800.0,256608.0,23.76
600673.SH,20260923,32.29,32.3,32.3,32.29,74500.0,2406344.96,32.3
600674.SH,20260923,15.9,15.93,15.93,15.9,50700.0,807603.04,15.93
600675.SH,20260923,2.41,2.41,2.41,2.41,230200.0,554782.0,2.41
600676.SH,20260923,6.78,6.78,6.78,6.78,4100.0,27798.0,6.78
600678.SH,20260923,5.75,5.75,5.75,5.75,17700.0,101775.0,5.75
600679.SH,20260923,10.87,10.88,10.88,10.86,234000.0,2545838.08,10.88
600681.SH,20260923,3.44,3.44,3.44,3.44,28000.0,96320.0,3.44
600682.SH,20260923,5.89,5.89,5.89,5.89,49800.0,293322.0,5.89
600683.SH,20260923,9.88,9.88,9.88,9.86,56300.0,556220.0,9.88
600684.SH,20260923,3.61,3.62,3.62,3.61,27700.0,100273.0,3.62
600685.SH,20260923,29.86,29.86,29.86,29.86,45000.0,1343700.0,29.86
600686.SH,20260923,11.14,11.14,11.14,11.14,21100.0,235054.0,11.14
600688.SH,20260923,2.79,2.79,2.79,2.79,359100.0,1001888.96,2.79
600689.SH,20260923,12.0,12.0,12.0,12.0,15700.0,188400.0,12.0
600690.SH,20260923,20.17,20.17,20.17,20.17,84754.0,1709488.0,20.17
600691.SH,20260923,2.88,2.89,2.89,2.88,142700.0,412329.0,2.89
600692.SH,20260923,6.59,6.59,6.59,6.59,24900.0,164091.0,6.59
600693.SH,20260923,9.74,9.71,9.77,9.7,264200.0,2566468.0,9.71
600694.SH,20260923,14.49,14.49,14.49,14.49,3200.0,46368.0,14.49
600697.SH,20260923,11.62,11.62,11.62,11.62,32300.0,375326.0,11.62
600698.SH,20260923,7.07,7.07,7.07,7.07,80700.0,570549.0,7.07
600699.SH,20260923,20.9,20.88,20.93,20.88,324300.0,6772110.08,20.88
600702.SH,20260923,33.52,33.52,33.52,33.52,15200.0,509504.0,33.52
600703.SH,20260923,12.82,12.82,12.85,12.82,363300.0,4657779.84,12.82
600704.SH,20260923,4.88,4.88,4.88,4.88,51400.0,250832.0,4.88
600706.SH,20260923,8.51,8.5,8.54,8.5,105200.0,894968.96,8.51
600707.SH,20260923,9.6,9.6,9.6,9.6,623500.0,5985600.0,9.6
600708.SH,20260923,3.14,3.14,3.14,3.14,51200.0,160768.0,3.14
600710.SH,20260923,11.26,11.26,11.26,11.26,9500.0,106970.0,11.26
600711.SH,20260923,11.12,11.13,11.13,11.09,381700.0,4247388.16,11.13
600712.SH,20260923,5.77,5.77,5.77,5.77,631300.0,3642600.96,5.77
600713.SH,20260923,5.02,5.02,5.02,5.02,20300.0,101906.0,5.02
600714.SH,20260923,19.08,19.07,19.12,19.05,250000.0,4767504.0,19.07
600715.SH,20260923,1.68,1.68,1.68,1.68,589100.0,989688.0,1.68
600716.SH,20260923,3.75,3.75,3.75,3.75,65300.0,244875.0,3.75
600717.SH,20260923,4.23,4.23,4.23,4.23,18755.0,79334.0,4.23
600718.SH,20260923,8.15,8.15,8.15,8.15,20800.0,169520.0,8.15
600719.SH,20260923,8.02,8.03,8.03,8.02,107700.0,864804.0,8.03
600720.SH,20260923,5.16,5.16,5.16,5.16,16700.0,86172.0,5.16
600721.SH,20260923,14.08,13.94,14.09,13.94,3677200.0,51301872.64,13.95
600722.SH,20260923,17.38,17.48,17.49,17.37,1269800.0,22188323.84,17.47
600724.SH,20260923,4.99,4.99,4.99,4.99,12500.0,62375.0,4.99
600725.SH,20260923,3.31,3.31,3.31,3.31,6500.0,21515.0,3.31
600726.SH,20260923,5.27,5.27,5.27,5.27,88700.0,467449.0,5.27
600727.SH,20260923,7.57,7.57,7.57,7.57,22100.0,167297.0,7.57
600728.SH,20260923,4.56,4.56,4.56,4.56,19200.0,87552.0,4.56
600729.SH,20260923,18.52,18.52,18.52,18.52,10000.0,185200.0,18.52
600730.SH,20260923,9.04,9.02,9.2,9.02,276900.0,2498428.0,9.02
600731.SH,20260923,5.88,5.88,5.88,5.88,26200.0,154056.0,5.88
600732.SH,20260923,10.96,10.96,10.96,10.96,19800.0,217008.0,10.96
600733.SH,20260923,4.76,4.76,4.76,4.76,834700.0,3973171.84,4.76
600734.SH,20260923,1.96,1.96,1.96,1.96,523500.0,1026060.0,1.96
600735.SH,20260923,6.7,6.7,6.7,6.7,29900.0,200330.0,6.7
600736.SH,20260923,6.64,6.63,6.65,6.63,97000.0,643301.0,6.63
600737.SH,20260923,14.98,14.98,15.01,14.97,329700.0,4939459.84,14.98
600738.SH,20260923,4.27,4.27,4.27,4.27,25700.0,109739.0,4.27
600739.SH,20260923,10.48,10.49,10.49,10.48,15800.0,165741.0,10.49
600740.SH,20260923,3.83,3.83,3.83,3.83,20400.0,78132.0,3.83
600741.SH,20260923,14.91,14.91,14.91,14.91,20778.0,309800.0,14.91
600742.SH,20260923,7.72,7.72,7.72,7.72,18000.0,138960.0,7.72
600743.SH,20260923,2.8,2.8,2.8,2.8,34363100.16,96216678.4,2.8
600744.SH,20260923,6.46,6.46,6.46,6.46,746300.0,4821097.92,6.46
600745.SH,20260923,17.42,17.42,17.42,17.41,183600.0,3198181.12,17.42
600746.SH,20260923,7.12,7.12,7.12,7.12,32400.0,230688.0,7.12
600748.SH,20260923,3.97,3.97,3.97,3.97,21300.0,84561.0,3.97
600749.SH,20260923,13.66,13.66,13.66,13.66,9100.0,124306.0,13.66
600750.SH,20260923,22.29,22.29,22.29,22.29,6700.0,149343.0,22.29
600751.SH,20260923,2.92,2.92,2.92,2.92,92800.0,270976.0,2.92
600753.SH,20260923,12.36,12.36,12.36,12.36,0.0,0.0,12.36
600754.SH,20260923,18.56,18.56,18.56,18.56,35900.0,666304.0,18.56
600755.SH,20260923,5.81,5.81,5.81,5.81,61900.0,359639.0,5.81
600756.SH,20260923,14.06,14.06,14.06,14.06,17300.0,243238.0,14.06
600757.SH,20260923,7.47,7.44,7.47,7.43,82700.0,616213.0,7.45
600758.SH,20260923,3.7,3.7,3.7,3.7,164900.0,610130.0,3.7
600759.SH,20260923,2.35,2.35,2.35,2.35,1394907.04,3278031.04,2.35
600760.SH,20260923,44.71,44.71,44.71,44.71,102600.0,4587246.08,44.71
600761.SH,20260923,15.37,15.37,15.37,15.37,9500.0,146015.0,15.37
600763.SH,20260923,33.63,33.63,33.63,33.63,15600.0,524628.0,33.63
600764.SH,20260923,18.6,18.63,18.63,18.6,16500.0,307336.0,18.63
600765.SH,20260923,13.48,13.48,13.48,13.48,26800.0,361264.0,13.48
600768.SH,20260923,14.9,14.9,14.9,14.9,20200.0,300980.0,14.9
600769.SH,20260923,16.1,16.1,16.1,16.1,21200.0,341320.0,16.1
600770.SH,20260923,6.97,6.97,6.97,6.97,9185500.16,64022937.6,6.97
600771.SH,20260923,14.04,14.04,14.04,14.04,7698.0,108080.0,14.04
600773.SH,20260923,10.34,10.34,10.34,10.34,17400.0,179916.0,10.34
600774.SH,20260923,7.92,7.92,7.92,7.92,17500.0,138600.0,7.92
600775.SH,20260923,9.93,9.93,9.93,9.91,35900.0,356455.0,9.93
600776.SH,20260923,13.58,13.58,13.58,13.58,35000.0,475300.0,13.58
600777.SH,20260923,4.04,4.04,4.04,4.04,166200.0,671448.0,4.04
600778.SH,20260923,5.84,5.84,5.84,5.84,31500.0,183960.0,5.84
600779.SH,20260923,26.72,26.72,26.72,26.72,16900.0,451568.0,26.72
600780.SH,20260923,6.18,6.18,6.18,6.18,29800.0,184164.0,6.18
600782.SH,20260923,2.68,2.68,2.68,2.68,70800.0,189744.0,2.68
600783.SH,20260923,15.5,15.5,15.5,15.5,26900.0,416950.0,15.5
600784.SH,20260923,7.1,7.1,7.1,7.1,5900.0,41890.0,7.1
600785.SH,20260923,11.19,11.19,11.19,11.19,516900.0,5784110.72,11.19
600787.SH,20260923,4.6,4.6,4.6,4.6,16401.0,75445.0,4.6
600789.SH,20260923,7.89,7.89,7.89,7.89,150200.0,1185078.0,7.89
600790.SH,20260923,3.55,3.55,3.55,3.55,206400.0,732720.0,3.55
600791.SH,20260923,7.23,7.23,7.23,7.23,38000.0,274740.0,7.23
600792.SH,20260923,5.58,5.58,5.58,5.58,1746100.0,9743237.76,5.58
600793.SH,20260923,17.36,17.36,17.36,17.36,13500.0,234360.0,17.36
600794.SH,20260923,3.19,3.19,3.19,3.19,36500.0,116435.0,3.19
600795.SH,20260923,5.18,5.18,5.18,5.18,166900.0,864542.0,5.18
600796.SH,20260923,5.09,5.09,5.09,5.09,5800.0,29522.0,5.09
600797.SH,20260923,6.78,6.78,6.78,6.78,65200.0,442056.0,6.78
600798.SH,20260923,3.42,3.42,3.42,3.42,96600.0,330372.0,3.42
600800.SH,20260923,3.3,3.3,3.3,3.3,83800.0,276540.0,3.3
600801.SH,20260923,23.72,23.72,23.72,23.72,8000.0,189760.0,23.72
600802.SH,20260923,5.45,5.45,5.45,5.45,264300.0,1440435.04,5.45
600803.SH,20260923,18.6,18.53,18.6,18.53,33800.0,626321.0,18.53
600805.SH,20260923,4.57,4.57,4.57,4.57,41100.0,187827.0,4.57
600807.SH,20260923,2.67,2.67,2.67,2.67,26700.0,71289.0,2.67
600808.SH,20260923,2.51,2.51,2.51,2.51,113000.0,283630.0,2.51
600809.SH,20260923,112.97,112.97,112.97,112.97,12105.0,1367502.08,112.97
600810.SH,20260923,6.36,6.36,6.36,6.36,9300.0,59148.0,6.36
600812.SH,20260923,5.13,5.13,5.13,5.13,1366700.0,7011171.2,5.13
600814.SH,20260923,6.99,6.99,6.99,6.99,37000.0,258630.0,6.99
600815.SH,20260923,4.29,4.2,4.3,4.2,2723100.16,11462489.6,4.21
600816.SH,20260923,2.4,2.4,2.4,2.4,930700.0,2233680.0,2.4
600817.SH,20260923,9.57,9.57,9.57,9.57,5200.0,49764.0,9.57
600818.SH,20260923,8.77,8.77,8.77,8.77,68400.0,599868.0,8.77
600819.SH,20260923,5.62,5.62,5.62,5.62,21100.0,118582.0,5.62
600820.SH,20260923,5.28,5.28,5.28,5.28,14500.0,76560.0,5.28
600821.SH,20260923,6.07,6.07,6.07,6.07,87700.0,532339.0,6.07
600822.SH,20260923,9.4,9.4,9.4,9.4,183000.0,1720200.0,9.4
600824.SH,20260923,3.67,3.68,3.68,3.67,25900.0,95261.0,3.68
600825.SH,20260923,7.06,7.06,7.06,7.06,1302100.0,9192826.24,7.06
600826.SH,20260923,7.84,7.84,7.84,7.84,38100.0,298704.0,7.84
600827.SH,20260923,7.8,7.8,7.8,7.8,26300.0,205140.0,7.8
600828.SH,20260923,4.56,4.56,4.56,4.56,462000.0,2106720.0,4.56
600829.SH,20260923,10.04,10.04,10.04,10.04,36300.0,364452.0,10.04
600830.SH,20260923,8.65,8.65,8.65,8.65,37300.0,322645.0,8.65
600831.SH,20260923,3.42,3.42,3.42,3.42,22500.0,76950.0,3.42
600833.SH,20260923,10.84,10.84,10.84,10.84,9700.0,105148.0,10.84
600834.SH,20260923,7.68,7.68,7.68,7.68,4200.0,32256.0,7.68
600835.SH,20260923,18.27,18.27,18.27,18.27,17700.0,323379.0,18.27
600838.SH,20260923,8.57,8.57,8.57,8.57,122300.0,1048111.04,8.57
600839.SH,20260923,6.7,6.7,6.7,6.7,113999.0,763792.96,6.7
600841.SH,20260923,5.84,5.84,5.84,5.84,20300.0,118552.0,5.84
600843.SH,20260923,7.25,7.25,7.25,7.25,221800.0,1608049.92,7.25
600844.SH,20260923,3.39,3.39,3.39,3.39,234600.0,795294.0,3.39
600845.SH,20260923,18.45,18.45,18.45,18.45,53900.0,994455.04,18.45
600846.SH,20260923,10.92,10.92,10.92,10.92,2700.0,29484.0,10.92
600847.SH,20260923,13.34,13.34,13.34,13.34,58100.0,775054.0,13.34
600848.SH,20260923,8.68,8.68,8.68,8.68,18200.0,157976.0,8.68
600850.SH,20260923,14.23,14.23,14.23,14.23,29500.0,419785.0,14.23
600851.SH,20260923,8.47,8.47,8.47,8.47,26700.0,226149.0,8.47
600853.SH,20260923,3.27,3.27,3.27,3.27,16000.0,52320.0,3.27
600854.SH,20260923,4.71,4.71,4.71,4.71,24400.0,114924.0,4.71
600855.SH,20260923,13.1,13.1,13.1,13.1,11500.0,150650.0,13.1
600857.SH,20260923,24.12,24.12,24.12,24.12,118000.0,2846160.0,24.12
600858.SH,20260923,5.0,5.0,5.0,5.0,7100.0,35500.0,5.0
600859.SH,20260923,9.88,9.88,9.88,9.88,22809.0,225353.0,9.88
600860.SH,20260923,7.64,7.64,7.64,7.64,112700.0,861028.0,7.64
600861.SH,20260923,12.81,12.81,12.81,12.81,800.0,10248.0,12.81
600862.SH,20260923,18.15,18.15,18.15,18.15,18700.0,339405.0,18.15
600863.SH,20260923,4.73,4.73,4.73,4.73,158600.0,750178.0,4.73
600864.SH,20260923,5.86,5.86,5.86,5.86,249300.0,1460897.92,5.86
600865.SH,20260923,11.48,11.48,11.48,11.48,322100.0,3697708.16,11.48
600866.SH,20260923,4.2,4.2,4.2,4.2,9100.0,38220.0,4.2
600867.SH,20260923,7.91,7.91,7.91,7.91,74600.0,590086.0,7.91
600868.SH,20260923,2.78,2.78,2.78,2.78,45200.0,125656.0,2.78
600869.SH,20260923,21.96,21.96,21.96,21.96,716200.0,15727751.68,21.96
600871.SH,20260923,2.17,2.17,2.17,2.17,540100.0,1172016.96,2.17
600872.SH,20260923,17.31,17.31,17.31,17.31,20600.0,356586.0,17.31
600873.SH,20260923,7.51,7.51,7.51,7.51,7800.0,58578.0,7.51
600874.SH,20260923,5.52,5.52,5.52,5.52,51200.0,282624.0,5.52
600875.SH,20260923,24.34,24.34,24.34,24.34,26900.0,654746.0,24.34
600876.SH,20260923,8.03,8.03,8.03,8.03,119900.0,962796.96,8.03
600877.SH,20260923,12.11,12.11,12.11,12.11,28100.0,340291.0,12.11
600879.SH,20260923,14.63,14.63,14.64,14.63,137900.0,2017481.92,14.63
600880.SH,20260923,4.78,4.78,4.78,4.78,1714200.0,8193875.84,4.78
600881.SH,20260923,1.9,1.9,1.9,1.9,363400.0,690460.0,1.9
600882.SH,20260923,19.56,19.56,19.56,19.56,2400.0,46944.0,19.56
600883.SH,20260923,8.15,8.15,8.15,8.15,20000.0,163000.0,8.15
600884.SH,20260923,11.45,11.45,11.45,11.45,466700.0,5343714.88,11.45
600885.SH,20260923,33.83,33.83,33.83,33.83,11900.0,402577.0,33.83
600886.SH,20260923,14.25,14.25,14.25,14.25,35900.0,511575.0,14.25
600887.SH,20260923,26.77,26.77,26.77,26.77,153400.0,4106518.08,26.77
600888.SH,20260923,10.23,10.23,10.23,10.23,66400.0,679272.0,10.23
600889.SH,20260923,13.48,13.48,13.48,13.48,200.0,2696.0,13.48
600892.SH,20260923,4.25,4.25,4.25,4.25,779100.0,3311175.04,4.25
600893.SH,20260923,39.65,39.65,39.65,39.65,69200.0,2743779.84,39.65
600894.SH,20260923,7.65,7.65,7.65,7.65,198500.0,1518524.96,7.65
600895.SH,20260923,29.01,29.01,29.01,29.01,129900.0,3768399.04,29.01
600897.SH,20260923,15.1,15.1,15.1,15.1,21000.0,317100.0,15.1
600900.SH,20260923,28.01,28.01,28.01,28.0,286400.0,8022044.8,28.01
600901.SH,20260923,6.75,6.75,6.75,6.75,29300.0,197775.0,6.75
600903.SH,20260923,6.99,6.99,6.99,6.99,408200.0,2853318.08,6.99
600905.SH,20260923,3.64,3.64,3.64,3.64,193000.0,702520.0,3.64
600906.SH,20260923,6.46,6.46,6.46,6.46,124600.0,804916.0,6.46
600908.SH,20260923,5.74,5.74,5.74,5.74,97000.0,556780.0,5.74
600909.SH,20260923,8.18,8.18,8.18,8.18,160600.0,1313708.0,8.18
600916.SH,20260923,7.45,7.45,7.45,7.45,31900.0,237655.0,7.45
600917.SH,20260923,4.89,4.89,4.89,4.89,13600.0,66504.0,4.89
600918.SH,20260923,5.56,5.56,5.56,5.56,55800.0,310248.0,5.56
600919.SH,20260923,12.08,12.08,12.08,12.08,377400.0,4558992.0,12.08
600925.SH,20260923,4.12,4.12,4.12,4.12,22900.0,94348.0,4.12
600926.SH,20260923,17.08,17.08,17.08,17.08,79000.0,1349320.0,17.08
600927.SH,20260923,12.43,12.43,12.43,12.43,10400.0,129272.0,12.43
600928.SH,20260923,3.51,3.51,3.51,3.51,107300.0,376623.0,3.51
600929.SH,20260923,6.3,6.3,6.3,6.3,184600.0,1162980.0,6.3
600930.SH,20260923,3.95,3.94,3.95,3.94,319800.0,1260179.04,3.94
600933.SH,20260923,13.96,13.96,13.96,13.96,55900.0,780364.0,13.96
600935.SH,20260923,2.34,2.34,2.34,2.34,656800.0,1536912.0,2.34
600936.SH,20260923,4.5,4.5,4.5,4.5,98500.0,443250.0,4.5
600938.SH,20260923,32.8,32.8,32.8,32.8,148102.0,4857745.92,32.8
600939.SH,20260923,2.64,2.64,2.64,2.64,43600.0,115104.0,2.64
600941.SH,20260923,96.4,96.4,96.4,96.4,9000.0,867600.0,96.4
600955.SH,20260923,12.53,12.53,12.53,12.53,6100.0,76433.0,12.53
600956.SH,20260923,7.14,7.15,7.15,7.14,20500.0,146569.0,7.15
600958.SH,20260923,8.97,8.97,8.97,8.97,74500.0,668265.0,8.97
600959.SH,20260923,3.14,3.14,3.14,3.14,67800.0,212892.0,3.14
600960.SH,20260923,3.93,3.93,3.93,3.93,600.0,2358.0,3.93
600961.SH,20260923,25.0,25.0,25.0,25.0,140600.0,3515000.0,25.0
600962.SH,20260923,27.3,27.3,27.3,27.3,75700.0,2066609.92,27.3
600963.SH,20260923,3.53,3.53,3.53,3.53,165800.0,585274.0,3.53
600965.SH,20260923,2.75,2.75,2.75,2.75,6600.0,18150.0,2.75
600966.SH,20260923,4.97,4.97,4.97,4.97,6400.0,31808.0,4.97
600967.SH,20260923,13.41,13.41,13.41,13.41,231900.0,3109778.88,13.41
600968.SH,20260923,3.91,3.91,3.91,3.91,100400.0,392564.0,3.91
600969.SH,20260923,10.13,10.13,10.13,10.13,35000.0,354550.0,10.13
600970.SH,20260923,7.62,7.62,7.62,7.62,14200.0,108204.0,7.62
600971.SH,20260923,8.43,8.43,8.43,8.43,35900.0,302637.0,8.43
600973.SH,20260923,6.04,6.04,6.04,6.04,12700.0,76708.0,6.04
600975.SH,20260923,5.26,5.26,5.26,5.26,43000.0,226180.0,5.26
600976.SH,20260923,27.37,27.37,27.39,27.37,2300.0,62973.0,27.38
600977.SH,20260923,13.5,13.5,13.5,13.5,78800.0,1063800.0,13.5
600979.SH,20260923,3.94,3.94,3.94,3.94,96200.0,379028.0,3.94
600980.SH,20260923,19.98,19.98,19.98,19.98,21800.0,435564.0,19.98
600981.SH,20260923,2.43,2.43,2.43,2.43,82600.0,200718.0,2.43
600982.SH,20260923,5.02,5.02,5.02,5.02,64400.0,323288.0,5.02
600983.SH,20260923,7.64,7.64,7.64,7.64,97100.0,741844.0,7.64
600984.SH,20260923,3.52,3.52,3.52,3.52,49100.0,172832.0,3.52
600985.SH,20260923,16.68,16.68,16.69,16.68,39400.0,657193.0,16.68
600986.SH,20260923,7.45,7.45,7.45,7.45,832500.0,6202124.8,7.45
600987.SH,20260923,6.35,6.35,6.35,6.35,1300.0,8255.0,6.35
600988.SH,20260923,42.7,42.7,42.7,42.7,85400.0,3646579.84,42.7
600989.SH,20260923,23.01,23.01,23.01,23.01,222200.0,5112822.08,23.01
600990.SH,20260923,18.1,18.1,18.1,18.1,1600.0,28960.0,18.1
600992.SH,20260923,10.28,10.28,10.28,10.28,198300.0,2038524.0,10.28
600993.SH,20260923,22.61,22.61,22.61,22.61,4300.0,97223.0,22.61
600995.SH,20260923,12.08,12.11,12.11,12.06,55100.0,666156.0,12.09
600996.SH,20260923,7.06,7.06,7.06,7.06,134000.0,946040.0,7.06
600997.SH,20260923,5.25,5.25,5.25,5.25,11500.0,60375.0,5.25
600998.SH,20260923,4.87,4.87,4.87,4.87,173800.0,846406.0,4.87
600999.SH,20260923,18.0,18.0,18.0,18.0,68900.0,1240200.0,18.0
601000.SH,20260923,4.35,4.35,4.35,4.35,77600.0,337560.0,4.35
601001.SH,20260923,18.16,18.16,18.16,18.16,60100.0,1091416.0,18.16
601002.SH,20260923,5.2,5.2,5.2,5.2,9900.0,51480.0,5.2
601003.SH,20260923,3.61,3.6,3.61,3.6,100300.0,361091.0,3.6
601005.SH,20260923,1.21,1.21,1.21,1.21,357000.0,431970.0,1.21
601006.SH,20260923,4.71,4.71,4.71,4.71,275700.0,1298547.04,4.71
601007.SH,20260923,6.81,6.81,6.81,6.81,16000.0,108960.0,6.81
601008.SH,20260923,4.43,4.43,4.43,4.43,5700.0,25251.0,4.43
601009.SH,20260923,11.76,11.76,11.76,11.76,86200.0,1013712.0,11.76
601010.SH,20260923,1.47,1.47,1.47,1.47,10300.0,15141.0,1.47
601011.SH,20260923,3.01,3.01,3.01,3.01,348700.0,1049587.04,3.01
601012.SH,20260923,11.38,11.38,11.38,11.38,162800.0,1852664.0,11.38
601015.SH,20260923,3.74,3.74,3.74,3.74,667800.0,2497572.0,3.74
601016.SH,20260923,3.34,3.34,3.34,3.34,241800.0,807612.0,3.34
601018.SH,20260923,3.41,3.41,3.41,3.41,140600.0,479446.0,3.41
601019.SH,20260923,6.99,6.99,6.99,6.99,22100.0,154479.0,6.99
601020.SH,20260923,21.18,21.18,21.18,21.18,29500.0,624810.0,21.18
601021.SH,20260923,42.0,42.0,42.0,42.0,33300.0,1398600.0,42.0
601022.SH,20260923,8.56,8.56,8.56,8.56,101200.0,866272.0,8.56
601026.SH,20260923,15.4,15.4,15.4,15.4,16100.0,247940.0,15.4
601033.SH,20260923,14.26,14.26,14.26,14.26,12400.0,176824.0,14.26
601038.SH,20260923,13.73,13.73,13.73,13.73,16300.0,223799.0,13.73
601058.SH,20260923,13.85,13.85,13.85,13.85,53800.0,745130.0,13.85
601059.SH,20260923,15.56,15.56,15.56,15.56,0.0,0.0,15.56
601061.SH,20260923,11.7,11.7,11.7,11.7,37700.0,441090.0,11.7
601065.SH,20260923,6.75,6.75,6.75,6.75,1200.0,8100.0,6.75
601066.SH,20260923,23.71,23.77,23.77,23.71,39900.0,948271.04,23.77
601068.SH,20260923,4.42,4.42,4.42,4.42,62300.0,275366.0,4.42
601069.SH,20260923,26.98,26.98,26.98,26.98,46300.0,1249174.0,26.98
601077.SH,20260923,6.56,6.56,6.56,6.56,516500.0,3388240.0,6.56
601083.SH,20260923,12.7,12.7,12.7,12.7,20100.0,255270.0,12.7
601086.SH,20260923,18.16,18.16,18.16,18.16,2497100.0,45347338.24,18.16
601088.SH,20260923,47.51,47.51,47.51,47.51,87300.0,4147623.04,47.51
601089.SH,20260923,16.48,16.48,16.48,16.48,2500.0,41200.0,16.48
601091.SH,20260923,35.99,36.0,36.0,35.5,1231300.0,44314777.6,35.99
601096.SH,20260923,4.12,4.12,4.12,4.12,24600.0,101352.0,4.12
601098.SH,20260923,10.55,10.55,10.55,10.55,46100.0,486355.0,10.55
601099.SH,20260923,3.58,3.58,3.58,3.58,1979800.0,7087683.84,3.58
601100.SH,20260923,92.39,92.39,92.39,92.39,9200.0,849988.0,92.39
601101.SH,20260923,13.4,13.4,13.4,13.4,62600.0,838840.0,13.4
601106.SH,20260923,3.01,3.01,3.01,3.01,135700.0,408457.0,3.01
601107.SH,20260923,5.95,5.95,5.95,5.95,43200.0,257040.0,5.95
601108.SH,20260923,8.62,8.64,8.64,8.62,120500.0,1041071.04,8.64
601111.SH,20260923,5.93,5.93,5.93,5.93,365100.0,2165043.04,5.93
601112.SH,20260923,16.7,16.7,16.7,16.7,16200.0,270540.0,16.7
601113.SH,20260923,3.5,3.5,3.5,3.5,42600.0,149100.0,3.5
601116.SH,20260923,10.46,10.46,10.46,10.46,93200.0,974872.0,10.46
601117.SH,20260923,7.21,7.21,7.21,7.21,438997.0,3165168.0,7.21
601118.SH,20260923,6.54,6.54,6.54,6.54,562100.0,3676134.08,6.54
601121.SH,20260923,7.28,7.28,7.28,7.28,12000.0,87360.0,7.28
601123.SH,20260923,18.32,18.1,18.37,18.09,1383547.04,25058460.16,18.11
601126.SH,20260923,40.15,40.15,40.15,40.15,50400.0,2023560.0,40.15
601127.SH,20260923,47.8,47.8,47.85,47.8,136800.0,6539166.72,47.8
601128.SH,20260923,6.23,6.23,6.23,6.23,116587.0,726336.96,6.23
601133.SH,20260923,25.25,25.25,25.25,25.25,156200.0,3944049.92,25.25
601136.SH,20260923,14.62,14.62,14.62,14.62,100400.0,1467848.0,14.62
601137.SH,20260923,20.42,20.42,20.42,20.42,10300.0,210326.0,20.42
601138.SH,20260923,63.49,63.49,63.49,63.49,209414.0,13295695.36,63.49
601139.SH,20260923,6.29,6.28,6.29,6.28,4800.0,30145.0,6.28
601155.SH,20260923,12.8,12.8,12.8,12.8,76200.0,975360.0,12.8
601156.SH,20260923,18.13,18.13,18.13,18.13,75800.0,1374254.08,18.13
601158.SH,20260923,4.01,4.01,4.01,4.01,16070.0,64441.0,4.01
601162.SH,20260923,3.72,3.72,3.72,3.72,760800.0,2830176.0,3.72
601163.SH,20260923,12.48,12.48,12.48,12.48,6400.0,79872.0,12.48
601166.SH,20260923,17.85,17.85,17.85,17.85,453600.0,8096760.32,17.85
601168.SH,20260923,37.26,37.26,37.26,37.26,343600.0,12802535.68,37.26
601169.SH,20260923,5.5,5.5,5.51,5.5,500700.0,2753888.96,5.5
601177.SH,20260923,13.69,13.69,13.69,13.69,7000.0,95830.0,13.69
601179.SH,20260923,12.17,12.17,12.17,12.16,224900.0,2737022.08,12.17
601186.SH,20260923,6.03,6.03,6.03,6.03,23300.0,140499.0,6.03
601187.SH,20260923,6.97,6.97,6.97,6.97,141500.0,986255.04,6.97
601188.SH,20260923,2.87,2.87,2.87,2.87,75100.0,215537.0,2.87
601198.SH,20260923,13.06,13.06,13.06,13.06,0.0,0.0,13.06
601199.SH,20260923,6.64,6.64,6.64,6.64,65600.0,435584.0,6.64
601200.SH,20260923,6.84,6.84,6.86,6.84,21400.0,146431.0,6.84
601208.SH,20260923,52.78,52.78,52.78,52.78,278100.0,14678118.4,52.78
601211.SH,20260923,17.68,17.68,17.68,17.68,93700.0,1656616.0,17.68
601212.SH,20260923,6.19,6.19,6.19,6.19,4425251.84,27392309.76,6.19
601216.SH,20260923,4.53,4.53,4.53,4.53,111400.0,504642.0,4.53
601218.SH,20260923,5.22,5.22,5.22,5.22,598900.0,3126257.92,5.22
601222.SH,20260923,5.95,5.95,5.95,5.95,46000.0,273700.0,5.95
601225.SH,20260923,25.89,25.89,25.89,25.89,107400.0,2780585.92,25.89
601226.SH,20260923,6.71,6.72,6.72,6.71,64400.0,432696.0,6.72
601228.SH,20260923,3.05,3.05,3.05,3.05,71700.0,218685.0,3.05
601229.SH,20260923,9.52,9.52,9.52,9.52,75500.0,718760.0,9.52
601231.SH,20260923,27.06,27.06,27.06,27.06,91400.0,2473284.0,27.06
601233.SH,20260923,23.8,23.8,23.8,23.8,41200.0,980560.0,23.8
601236.SH,20260923,7.08,7.08,7.08,7.08,1221300.0,8646803.84,7.08
601238.SH,20260923,5.09,5.09,5.09,5.09,0.0,0.0,5.09
601279.SH,20260923,3.48,3.48,3.48,3.48,7600.0,26448.0,3.48
601288.SH,20260923,6.86,6.87,6.88,6.86,1473700.0,10126062.72,6.87
601298.SH,20260923,9.76,9.76,9.76,9.76,22700.0,221552.0,9.76
601311.SH,20260923,7.44,7.44,7.44,7.44,9100.0,67704.0,7.44
601318.SH,20260923,54.35,54.35,54.35,54.35,322300.0,17517003.52,54.35
601319.SH,20260923,8.13,8.13,8.13,8.13,336500.0,2735744.96,8.13
601326.SH,20260923,3.49,3.49,3.49,3.49,41600.0,145184.0,3.49
601328.SH,20260923,7.55,7.55,7.55,7.55,644200.0,4863710.08,7.55
601330.SH,20260923,8.15,8.15,8.15,8.15,8300.0,67645.0,8.15
601333.SH,20260923,3.03,3.03,3.03,3.03,74600.0,226038.0,3.03
601336.SH,20260923,58.5,58.5,58.5,58.5,36200.0,2117700.0,58.5
601339.SH,20260923,7.18,7.18,7.18,7.18,16000.0,114880.0,7.18
601360.SH,20260923,9.13,9.13,9.13,9.13,462200.0,4219886.08,9.13
601366.SH,20260923,3.63,3.63,3.63,3.63,9100.0,33033.0,3.63
601368.SH,20260923,4.51,4.51,4.51,4.51,16000.0,72160.0,4.51
601369.SH,20260923,8.91,8.91,8.91,8.91,76800.0,684288.0,8.91
601375.SH,20260923,4.05,4.05,4.05,4.05,999500.0,4047975.04,4.05
601377.SH,20260923,5.97,5.97,5.97,5.97,133700.0,798188.96,5.97
601388.SH,20260923,3.24,3.24,3.24,3.24,106000.0,343440.0,3.24
601390.SH,20260923,4.32,4.31,4.32,4.31,147200.0,634443.0,4.31
601398.SH,20260923,8.09,8.09,8.09,8.09,1012200.0,8188698.24,8.09
601399.SH,20260923,3.15,3.15,3.15,3.15,170500.0,537075.0,3.15
601456.SH,20260923,8.68,8.68,8.68,8.68,9300.0,80724.0,8.68
601500.SH,20260923,3.89,3.89,3.89,3.89,41200.0,160268.0,3.89
601512.SH,20260923,8.45,8.45,8.45,8.45,6600.0,55770.0,8.45
601515.SH,20260923,3.29,3.29,3.29,3.29,19200.0,63168.0,3.29
601518.SH,20260923,2.77,2.77,2.77,2.77,17800.0,49306.0,2.77
601519.SH,20260923,9.01,9.0,9.06,9.0,354100.0,3188598.08,9.01
601528.SH,20260923,4.96,4.96,4.96,4.96,14600.0,72416.0,4.96
601555.SH,20260923,8.36,8.36,8.36,8.36,97100.0,811756.0,8.36
601566.SH,20260923,9.37,9.37,9.37,9.37,108000.0,1011960.0,9.37
601567.SH,20260923,14.6,14.6,14.6,14.6,50700.0,740220.0,14.6
601568.SH,20260923,3.66,3.66,3.66,3.66,16400.0,60024.0,3.66
601577.SH,20260923,9.71,9.71,9.71,9.71,26300.0,255373.0,9.71
601579.SH,20260923,37.83,37.83,37.83,37.83,1236496.96,46776678.4,37.83
601588.SH,20260923,1.78,1.78,1.79,1.77,259700.0,462201.0,1.78
601595.SH,20260923,24.23,24.23,24.23,24.23,100000.0,2423000.0,24.23
601598.SH,20260923,6.42,6.42,6.42,6.42,23400.0,150228.0,6.42
601599.SH,20260923,3.27,3.27,3.27,3.27,17000.0,55590.0,3.27
601600.SH,20260923,9.27,9.27,9.27,9.27,422000.0,3911939.84,9.27
601601.SH,20260923,32.08,32.08,32.08,32.08,228300.0,7323864.32,32.08
601606.SH,20260923,33.11,33.11,33.11,33.11,61200.0,2026332.0,33.11
601607.SH,20260923,16.05,16.05,16.05,16.05,16600.0,266430.0,16.05
601608.SH,20260923,4.68,4.68,4.68,4.67,65900.0,308307.0,4.68
601609.SH,20260923,12.9,12.9,12.9,12.9,384515.0,4960243.84,12.9
601611.SH,20260923,10.4,10.4,10.4,10.4,40400.0,420160.0,10.4
601615.SH,20260923,9.7,9.7,9.7,9.7,92300.0,895310.0,9.7
601616.SH,20260923,3.87,3.87,3.87,3.87,6700.0,25929.0,3.87
601618.SH,20260923,2.56,2.56,2.56,2.56,56000.0,143360.0,2.56
601619.SH,20260923,4.04,4.04,4.04,4.04,49400.0,199576.0,4.04
601628.SH,20260923,38.64,38.64,38.64,38.64,77900.0,3010056.0,38.64
601633.SH,20260923,14.07,14.08,14.09,14.06,52700.0,741907.04,14.08
601636.SH,20260923,5.66,5.66,5.66,5.66,88700.0,502042.0,5.66
601658.SH,20260923,5.32,5.32,5.32,5.32,397500.0,2114700.0,5.32
601665.SH,20260923,6.83,6.83,6.83,6.83,121700.0,831211.04,6.83
601666.SH,20260923,9.03,9.03,9.03,9.03,24000.0,216720.0,9.03
601668.SH,20260923,4.3,4.3,4.3,4.3,202900.0,872470.0,4.3
601669.SH,20260923,4.61,4.61,4.61,4.61,183700.0,846856.96,4.61
601677.SH,20260923,17.05,17.05,17.05,17.05,52900.0,901944.96,17.05
601678.SH,20260923,6.02,6.02,6.02,6.02,114100.0,686882.0,6.02
601686.SH,20260923,5.05,5.05,5.05,5.05,9400.0,47470.0,5.05
601688.SH,20260923,18.48,18.48,18.48,18.48,141100.0,2607528.0,18.48
601689.SH,20260923,45.71,45.71,45.71,45.71,146400.0,6691943.68,45.71
601696.SH,20260923,11.4,11.4,11.4,11.4,30800.0,351120.0,11.4
601698.SH,20260923,24.0,24.0,24.0,24.0,76196.0,1828704.0,24.0
601699.SH,20260923,15.62,15.62,15.62,15.62,56743.0,886326.0,15.62
601700.SH,20260923,6.64,6.64,6.64,6.64,581900.0,3863816.0,6.64
601702.SH,20260923,15.62,15.62,15.62,15.62,2700.0,42174.0,15.62
601717.SH,20260923,13.66,13.66,13.66,13.66,16800.0,229488.0,13.66
601718.SH,20260923,1.97,1.97,1.97,1.97,38600.0,76042.0,1.97
601727.SH,20260923,6.69,6.69,6.69,6.69,609531.0,4077761.92,6.69
601728.SH,20260923,6.12,6.12,6.12,6.12,132100.0,808452.0,6.12
601766.SH,20260923,5.98,5.98,5.98,5.98,189300.0,1132014.0,5.98
601777.SH,20260923,7.77,7.77,7.77,7.77,15100.0,117327.0,7.77
601778.SH,20260923,3.51,3.51,3.51,3.51,297800.0,1045278.0,3.51
601788.SH,20260923,14.08,14.08,14.08,14.08,54900.0,772992.0,14.08
601789.SH,20260923,4.23,4.23,4.23,4.23,858800.0,3632723.84,4.23
601798.SH,20260923,7.55,7.55,7.55,7.55,19200.0,144960.0,7.55
601799.SH,20260923,71.12,71.12,71.12,71.12,5500.0,391160.0,71.12
601800.SH,20260923,5.86,5.86,5.86,5.86,78700.0,461182.0,5.86
601801.SH,20260923,5.75,5.75,5.75,5.75,1584700.0,9112024.96,5.75
601808.SH,20260923,12.17,12.17,12.17,12.17,42000.0,511140.0,12.17
601811.SH,20260923,18.46,18.46,18.46,18.46,7161100.16,132193904.64,18.46
601816.SH,20260923,4.74,4.74,4.74,4.74,166100.0,787314.0,4.74
601818.SH,20260923,3.01,3.01,3.01,3.01,416000.0,1252160.0,3.01
601825.SH,20260923,8.85,8.85,8.85,8.85,37000.0,327450.0,8.85
601827.SH,20260923,7.85,7.85,7.85,7.85,300.0,2355.0,7.85
601828.SH,20260923,2.2,2.2,2.2,2.2,74800.0,164560.0,2.2
601838.SH,20260923,18.92,18.95,18.95,18.9,91200.0,1728115.04,18.95
601857.SH,20260923,10.8,10.8,10.8,10.8,1390094.08,15013015.04,10.8
601858.SH,20260923,21.61,21.61,21.61,21.61,63600.0,1374396.0,21.61
601860.SH,20260923,2.55,2.55,2.55,2.55,227400.0,579870.0,2.55
601865.SH,20260923,9.38,9.38,9.38,9.38,42200.0,395836.0,9.38
601866.SH,20260923,2.45,2.45,2.45,2.45,213200.0,522340.0,2.45
601868.SH,20260923,2.43,2.43,2.43,2.43,1236554.0,3004825.92,2.43
601869.SH,20260923,450.8,450.8,450.8,450.8,107700.0,48551157.76,450.8
601872.SH,20260923,20.95,20.8,20.98,20.8,2831987.84,58913326.08,20.8
601877.SH,20260923,25.39,25.39,25.39,25.39,29900.0,759160.96,25.39
601878.SH,20260923,9.15,9.15,9.15,9.15,51500.0,471225.0,9.15
601880.SH,20260923,1.46,1.46,1.46,1.46,492200.0,718612.0,1.46
601881.SH,20260923,12.18,12.18,12.18,12.18,116100.0,1414097.92,12.18
601882.SH,20260923,23.34,23.34,23.34,23.34,5100.0,119034.0,23.34
601886.SH,20260923,13.43,13.43,13.43,13.43,32900.0,441847.0,13.43
601888.SH,20260923,52.12,52.12,52.12,52.12,60000.0,3127200.0,52.12
601890.SH,20260923,9.73,9.73,9.73,9.71,489000.0,4757912.96,9.73
601898.SH,20260923,14.15,14.15,14.15,14.15,50500.0,714575.04,14.15
601899.SH,20260923,31.65,31.65,31.65,31.65,1528168.96,48366545.92,31.65
601900.SH,20260923,12.58,12.58,12.58,12.58,152200.0,1914676.0,12.58
601901.SH,20260923,6.89,6.89,6.89,6.89,214500.0,1477904.96,6.89
601908.SH,20260923,2.97,2.97,2.97,2.97,17100.0,50787.0,2.97
601916.SH,20260923,2.88,2.88,2.88,2.88,175174.0,504501.0,2.88
601918.SH,20260923,10.88,10.88,10.88,10.88,73100.0,795328.0,10.88
601919.SH,20260923,16.5,16.5,16.55,16.5,275400.0,4544453.12,16.5
601921.SH,20260923,7.67,7.67,7.67,7.67,47900.0,367393.0,7.67
601928.SH,20260923,8.41,8.41,8.41,8.41,104600.0,879686.0,8.41
601929.SH,20260923,2.52,2.52,2.52,2.52,1916600.0,4829832.0,2.52
601933.SH,20260923,3.05,3.05,3.05,3.05,205500.0,626775.0,3.05
601939.SH,20260923,10.89,10.89,10.89,10.89,418518.0,4557661.12,10.89
601949.SH,20260923,6.51,6.51,6.51,6.51,3141400.0,20450513.92,6.51
601952.SH,20260923,9.52,9.52,9.52,9.52,53500.0,509320.0,9.52
601956.SH,20260923,4.95,4.95,4.95,4.94,72600.0,359358.0,4.95
601958.SH,20260923,21.08,21.08,21.08,21.08,46694.0,984310.0,21.08
601963.SH,20260923,10.89,10.89,10.89,10.89,41300.0,449757.0,10.89
601965.SH,20260923,12.96,12.96,12.96,12.96,36300.0,470448.0,12.96
601966.SH,20260923,10.52,10.52,10.52,10.52,14700.0,154644.0,10.52
601968.SH,20260923,4.5,4.5,4.5,4.5,65100.0,292950.0,4.5
601969.SH,20260923,9.34,9.34,9.34,9.34,18500.0,172790.0,9.34
601975.SH,20260923,4.54,4.54,4.54,4.54,1688400.0,7665336.32,4.54
601985.SH,20260923,8.86,8.85,8.86,8.85,681800.0,6035569.92,8.85
601988.SH,20260923,6.62,6.62,6.62,6.62,1574400.0,10422528.0,6.62
601990.SH,20260923,6.72,6.72,6.72,6.72,33800.0,227136.0,6.72
601991.SH,20260923,5.56,5.56,5.56,5.56,275400.0,1531224.0,5.56
601992.SH,20260923,1.41,1.41,1.41,1.41,1112700.0,1568907.04,1.41
601995.SH,20260923,32.18,32.18,32.18,32.18,2219100.0,71410641.92,32.18
601996.SH,20260923,3.0,3.0,3.0,3.0,113900.0,341700.0,3.0
601997.SH,20260923,5.54,5.54,5.54,5.54,33000.0,182820.0,5.54
601998.SH,20260923,9.05,9.04,9.05,9.04,202400.0,1829759.04,9.04
601999.SH,20260923,7.19,7.19,7.19,7.19,861100.0,6191308.8,7.19
603000.SH,20260923,17.3,17.3,17.3,17.3,181600.0,3141680.0,17.3
603001.SH,20260923,11.62,11.62,11.62,11.62,408200.0,4743283.84,11.62
603002.SH,20260923,19.89,19.86,19.89,19.8,337500.0,6702826.24,19.86
603004.SH,20260923,19.0,19.0,19.0,19.0,7500.0,142500.0,19.0
603005.SH,20260923,30.35,30.33,30.36,30.33,109300.0,3315135.04,30.33
603006.SH,20260923,10.86,10.86,10.86,10.86,5100.0,55386.0,10.86
603007.SH,20260923,4.71,4.71,4.72,4.71,47400.0,223264.0,4.71
603008.SH,20260923,10.1,10.1,10.1,10.1,26900.0,271690.0,10.1
603009.SH,20260923,48.67,48.67,48.67,48.67,22100.0,1075607.04,48.67
603010.SH,20260923,12.5,12.5,12.5,12.5,18400.0,230000.0,12.5
603011.SH,20260923,27.05,27.0,27.05,26.96,210500.0,5683756.16,27.0
603012.SH,20260923,9.18,9.18,9.18,9.18,2700.0,24786.0,9.18
603013.SH,20260923,14.38,14.38,14.38,14.38,2700.0,38826.0,14.38
603014.SH,20260923,31.48,31.48,31.48,31.48,800.0,25184.0,31.48
603015.SH,20260923,10.6,10.62,10.62,10.6,8900.0,94458.0,10.61
603016.SH,20260923,32.0,32.0,32.0,32.0,27100.0,867200.0,32.0
603017.SH,20260923,10.09,10.09,10.09,10.09,8900.0,89801.0,10.09
603018.SH,20260923,5.24,5.24,5.24,5.24,15200.0,79648.0,5.24
603019.SH,20260923,84.35,84.36,84.39,84.35,108300.0,9136225.28,84.36
603020.SH,20260923,13.83,13.83,13.83,13.83,1002500.0,13864574.72,13.83
603021.SH,20260923,5.37,5.38,5.38,5.37,104300.0,561117.0,5.38
603022.SH,20260923,8.99,8.99,8.99,8.99,49700.0,446803.0,8.99
603023.SH,20260923,4.13,4.13,4.13,4.12,32800.0,135463.0,4.13
603025.SH,20260923,13.46,13.46,13.46,13.46,11800.0,158828.0,13.46
603026.SH,20260923,59.7,59.7,59.7,59.7,6100.0,364170.0,59.7
603027.SH,20260923,7.33,7.33,7.33,7.33,1400.0,10262.0,7.33
603028.SH,20260923,7.12,7.1,7.12,7.1,8300.0,58955.0,7.1
603029.SH,20260923,16.9,16.9,16.9,16.9,8300.0,140270.0,16.9
603030.SH,20260923,2.11,2.1,2.11,2.1,101400.0,212941.0,2.1
603031.SH,20260923,41.3,41.3,41.3,41.3,29000.0,1197700.0,41.3
603032.SH,20260923,18.6,18.6,18.6,18.56,18900.0,351428.0,18.59
603033.SH,20260923,7.83,7.83,7.83,7.83,13400.0,104922.0,7.83
603035.SH,20260923,10.39,10.39,10.39,10.39,22600.0,234814.0,10.39
603036.SH,20260923,13.83,13.83,13.83,13.83,7800.0,107874.0,13.83
603037.SH,20260923,10.06,10.08,10.08,10.06,7700.0,77606.0,10.08
603038.SH,20260923,17.54,17.54,17.54,17.54,51600.0,905064.0,17.54
603039.SH,20260923,39.81,39.7,39.98,39.65,927239.04,36824506.88,39.71
603040.SH,20260923,46.96,46.96,46.96,46.96,800.0,37568.0,46.96
603041.SH,20260923,11.35,11.35,11.35,11.35,27000.0,306450.0,11.35
603042.SH,20260923,17.44,17.44,17.44,17.44,1059300.0,18474191.36,17.44
603043.SH,20260923,13.08,13.08,13.08,13.08,4100.0,53628.0,13.08
603045.SH,20260923,50.38,50.38,50.38,50.38,17600.0,886688.0,50.38
603048.SH,20260923,25.72,25.81,25.93,25.71,11600.0,299392.0,25.81
603049.SH,20260923,45.1,45.1,45.1,45.1,1000.0,45100.0,45.1
603050.SH,20260923,17.28,17.28,17.35,17.28,13400.0,231659.0,17.29
603051.SH,20260923,25.16,25.13,25.16,25.11,32500.0,816864.96,25.13
603052.SH,20260923,59.0,59.0,59.0,59.0,13800.0,814200.0,59.0
603053.SH,20260923,8.74,8.74,8.74,8.74,5900.0,51566.0,8.74
603055.SH,20260923,9.29,9.29,9.29,9.29,5900.0,54811.0,9.29
603057.SH,20260923,18.67,18.67,18.67,18.67,12200.0,227774.0,18.67
603058.SH,20260923,9.03,9.01,9.03,9.01,14100.0,127091.0,9.01
603059.SH,20260923,25.77,25.77,25.77,25.77,6500.0,167505.0,25.77
603060.SH,20260923,5.46,5.5,5.5,5.46,67500.0,371150.0,5.5
603061.SH,20260923,345.97,346.34,346.34,345.3,11500.0,3982061.12,346.27
603062.SH,20260923,38.73,38.73,38.73,38.73,600.0,23238.0,38.73
603063.SH,20260923,30.2,30.2,30.2,30.2,29400.0,887880.0,30.2
603065.SH,20260923,14.8,14.8,14.8,14.8,257900.0,3816920.0,14.8
603066.SH,20260923,9.45,9.45,9.45,9.45,40600.0,383670.0,9.45
603067.SH,20260923,36.41,36.3,36.41,36.3,36800.0,1336883.04,36.33
603068.SH,20260923,47.61,47.48,47.61,47.01,620100.0,29439080.96,47.48
603069.SH,20260923,14.02,14.09,14.09,14.02,6600.0,92784.0,14.06
603070.SH,20260923,11.57,11.57,11.57,11.57,5200.0,60164.0,11.57
603071.SH,20260923,12.51,12.51,12.51,12.51,2600.0,32526.0,12.51
603072.SH,20260923,31.0,31.0,31.0,31.0,9900.0,306900.0,31.0
603073.SH,20260923,17.4,17.4,17.4,17.4,20100.0,349740.0,17.4
603075.SH,20260923,19.83,19.83,19.83,19.83,11000.0,218130.0,19.83
603076.SH,20260923,20.25,20.25,20.25,20.25,4400.0,89100.0,20.25
603077.SH,20260923,2.27,2.27,2.27,2.27,360400.0,818108.0,2.27
603078.SH,20260923,32.67,32.51,32.8,32.5,109100.0,3549704.96,32.54
603079.SH,20260923,13.43,13.43,13.43,13.43,8700.0,116841.0,13.43
603080.SH,20260923,19.99,19.99,19.99,19.99,14400.0,287856.0,19.99
603081.SH,20260923,9.57,9.57,9.57,9.57,18700.0,178959.0,9.57
603082.SH,20260923,51.84,51.84,51.84,51.84,188300.0,9761472.0,51.84
603083.SH,20260923,221.0,221.0,221.0,221.0,111300.0,24597299.2,221.0
603085.SH,20260923,9.83,9.83,9.83,9.83,2500.0,24575.0,9.83
603086.SH,20260923,5.91,5.9,5.91,5.9,37000.0,218301.0,5.9
603087.SH,20260923,70.97,70.97,70.97,70.97,20700.0,1469079.04,70.97
603088.SH,20260923,10.46,10.46,10.46,10.46,2100.0,21966.0,10.46
603089.SH,20260923,9.69,9.69,9.69,9.69,7400.0,71706.0,9.69
603090.SH,20260923,39.97,39.97,39.97,39.97,19900.0,795403.04,39.97
603091.SH,20260923,48.14,48.14,48.14,48.14,2100.0,101094.0,48.14
603092.SH,20260923,43.68,43.68,43.68,43.68,5300.0,231504.0,43.68
603093.SH,20260923,13.88,13.88,13.88,13.88,373145.0,5179253.12,13.88
603095.SH,20260923,14.6,14.6,14.6,14.6,15200.0,221920.0,14.6
603096.SH,20260923,16.08,16.08,16.08,16.08,16000.0,257280.0,16.08
603097.SH,20260923,18.43,18.43,18.5,18.43,1100.0,20294.0,18.45
603098.SH,20260923,10.78,10.78,10.78,10.78,8800.0,94864.0,10.78
603099.SH,20260923,39.98,39.98,39.98,39.98,46700.0,1867065.92,39.98
603100.SH,20260923,18.38,18.38,18.38,18.38,10000.0,183800.0,18.38
603101.SH,20260923,7.5,7.5,7.5,7.5,19400.0,145500.0,7.5
603102.SH,20260923,37.26,37.26,37.26,37.26,7600.0,283176.0,37.26
603103.SH,20260923,16.43,16.45,16.45,16.43,54200.0,891562.0,16.45
603105.SH,20260923,8.45,8.45,8.45,8.45,176000.0,1487200.0,8.45
603106.SH,20260923,7.62,7.63,7.65,7.62,121700.0,928336.96,7.63
603107.SH,20260923,12.2,12.2,12.2,12.2,3400.0,41480.0,12.2
603108.SH,20260923,10.16,10.16,10.16,10.16,52000.0,528320.0,10.16
603109.SH,20260923,17.22,17.22,17.22,17.22,18900.0,325458.0,17.22
603110.SH,20260923,25.44,25.44,25.44,25.44,11000.0,279840.0,25.44
603111.SH,20260923,6.14,6.14,6.14,6.14,8600.0,52804.0,6.14
603112.SH,20260923,17.68,17.68,17.68,17.64,37200.0,657688.0,17.68
603113.SH,20260923,4.98,4.98,4.98,4.98,22100.0,110058.0,4.98
603115.SH,20260923,84.17,84.17,84.17,84.17,45000.0,3787649.92,84.17
603116.SH,20260923,6.7,6.7,6.7,6.7,13900.0,93130.0,6.7
603117.SH,20260923,3.97,3.97,3.97,3.97,16700.0,66299.0,3.97
603118.SH,20260923,18.2,18.2,18.2,18.2,348200.0,6337240.32,18.2
603119.SH,20260923,56.28,56.28,56.28,56.28,17430.0,980960.0,56.28
603120.SH,20260923,61.29,61.29,61.29,61.29,19900.0,1219671.04,61.29
603121.SH,20260923,12.51,12.39,12.51,12.39,40700.0,504431.0,12.39
603122.SH,20260923,13.9,13.9,13.9,13.9,364900.0,5072110.08,13.9
603123.SH,20260923,10.03,10.03,10.03,10.03,229700.0,2303891.04,10.03
603124.SH,20260923,131.91,131.91,131.91,131.91,30900.0,4076018.88,131.91
603125.SH,20260923,24.5,24.5,24.5,24.5,489198.0,11985350.4,24.5
603126.SH,20260923,6.36,6.36,6.36,6.36,12600.0,80136.0,6.36
603127.SH,20260923,46.15,46.15,46.15,46.15,118000.0,5445699.84,46.15
603128.SH,20260923,5.31,5.31,5.31,5.31,33700.0,178947.0,5.31
603129.SH,20260923,309.0,307.94,309.0,307.94,3200.0,985514.0,307.97
603130.SH,20260923,38.56,38.56,38.56,38.56,1000.0,38560.0,38.56
603131.SH,20260923,13.99,13.99,13.99,13.99,5000.0,69950.0,13.99
603132.SH,20260923,18.81,18.81,18.81,18.81,9000.0,169290.0,18.81
603135.SH,20260923,8.83,8.83,8.83,8.83,30200.0,266666.0,8.83
603136.SH,20260923,9.33,9.33,9.33,9.33,46300.0,431979.0,9.33
603137.SH,20260923,20.78,20.78,20.78,20.78,269400.0,5598131.84,20.78
603138.SH,20260923,15.4,15.4,15.4,15.4,102300.0,1575420.0,15.4
603139.SH,20260923,36.85,36.83,36.94,36.83,48200.0,1775512.96,36.84
603150.SH,20260923,73.9,73.9,73.9,73.9,29200.0,2157880.0,73.9
603151.SH,20260923,18.16,18.16,18.16,18.16,58000.0,1053280.0,18.16
603153.SH,20260923,13.39,13.39,13.39,13.39,900.0,12051.0,13.39
603155.SH,20260923,15.23,15.23,15.23,15.23,134800.0,2053004.0,15.23
603156.SH,20260923,45.05,45.05,45.05,45.05,70800.0,3189539.84,45.05
603158.SH,20260923,10.82,10.82,10.82,10.82,15600.0,168792.0,10.82
603159.SH,20260923,22.82,22.82,22.82,22.82,77100.0,1759422.08,22.82
603160.SH,20260923,55.42,55.42,55.5,55.42,53900.0,2988361.92,55.44
603161.SH,20260923,15.22,15.22,15.22,15.22,9800.0,149156.0,15.22
603162.SH,20260923,14.01,14.01,14.01,14.01,176800.0,2476968.0,14.01
603163.SH,20260923,83.6,83.6,83.6,83.6,10700.0,894520.0,83.6
603165.SH,20260923,13.69,13.69,13.69,13.69,4100.0,56129.0,13.69
603166.SH,20260923,11.04,11.04,11.04,11.04,3200.0,35328.0,11.04
603167.SH,20260923,8.08,8.08,8.08,8.08,8800.0,71104.0,8.08
603168.SH,20260923,5.97,5.97,5.97,5.97,32600.0,194622.0,5.97
603169.SH,20260923,6.13,6.13,6.13,6.13,35700.0,218841.0,6.13
603170.SH,20260923,12.11,12.11,12.11,12.11,2100.0,25431.0,12.11
603171.SH,20260923,41.16,41.16,41.16,41.16,63500.0,2613660.0,41.16
603172.SH,20260923,19.83,19.83,19.83,19.83,18800.0,372804.0,19.83
603173.SH,20260923,29.84,29.84,29.84,29.84,700.0,20888.0,29.84
603175.SH,20260923,111.88,111.88,111.88,111.88,48700.0,5448556.16,111.88
603176.SH,20260923,5.28,5.28,5.28,5.28,4400.0,23232.0,5.28
603177.SH,20260923,11.34,11.34,11.34,11.34,12200.0,138348.0,11.34
603178.SH,20260923,16.21,16.21,16.21,16.21,24400.0,395524.0,16.21
603179.SH,20260923,40.5,40.5,40.5,40.5,14500.0,587250.0,40.5
603180.SH,20260923,15.74,15.74,15.74,15.74,4500.0,70830.0,15.74
603181.SH,20260923,12.71,12.71,12.71,12.71,2000.0,25420.0,12.71
603182.SH,20260923,13.55,13.55,13.55,13.55,8200.0,111110.0,13.55
603183.SH,20260923,5.04,5.04,5.04,5.04,76100.0,383544.0,5.04
603185.SH,20260923,14.38,14.38,14.38,14.38,13000.0,186940.0,14.38
603186.SH,20260923,229.78,229.78,229.78,229.78,78800.0,18106663.68,229.78
603187.SH,20260923,10.82,10.82,10.82,10.82,400.0,4328.0,10.82
603188.SH,20260923,4.61,4.61,4.61,4.61,15300.0,70533.0,4.61
603189.SH,20260923,10.02,10.02,10.02,10.02,8600.0,86172.0,10.02
603190.SH,20260923,16.47,16.47,16.47,16.47,14000.0,230580.0,16.47
603191.SH,20260923,13.6,13.6,13.6,13.6,20200.0,274720.0,13.6
603192.SH,20260923,21.02,21.02,21.02,21.02,7400.0,155548.0,21.02
603193.SH,20260923,20.65,20.65,20.65,20.65,400.0,8260.0,20.65
603194.SH,20260923,33.99,33.99,33.99,33.99,3400.0,115566.0,33.99
603195.SH,20260923,38.0,38.0,38.0,38.0,1559.0,59242.0,38.0
603196.SH,20260923,19.1,19.1,19.1,19.1,1600.0,30560.0,19.1
603197.SH,20260923,29.11,29.11,29.11,29.11,9300.0,270723.0,29.11
603198.SH,20260923,38.79,38.79,38.79,38.79,2500.0,96975.0,38.79
603199.SH,20260923,33.0,33.0,33.0,33.0,5400.0,178200.0,33.0
603200.SH,20260923,39.18,39.18,39.18,39.18,16100.0,630798.0,39.18
603201.SH,20260923,15.68,15.68,15.68,15.68,6400.0,100352.0,15.68
603202.SH,20260923,52.2,52.2,52.2,52.2,7100.0,370620.0,52.2
603203.SH,20260923,46.82,46.82,46.82,46.82,35700.0,1671473.92,46.82
603205.SH,20260923,21.81,21.81,21.81,21.81,3600.0,78516.0,21.81
603206.SH,20260923,13.99,13.99,13.99,13.99,64900.0,907951.04,13.99
603207.SH,20260923,25.1,25.1,25.1,25.1,34300.0,860930.0,25.1
603208.SH,20260923,11.3,11.3,11.3,11.3,11500.0,129950.0,11.3
603209.SH,20260923,14.6,14.6,14.6,14.6,5600.0,81760.0,14.6
603210.SH,20260923,13.48,13.48,13.48,13.48,1600.0,21568.0,13.48
603211.SH,20260923,20.19,20.19,20.19,20.19,23100.0,466389.0,20.19
603212.SH,20260923,11.89,11.89,11.89,11.89,20600.0,244934.0,11.89
603213.SH,20260923,13.71,13.71,13.71,13.71,4900.0,67179.0,13.71
603214.SH,20260923,13.57,13.57,13.57,13.57,15900.0,215763.0,13.57
603215.SH,20260923,15.25,15.25,15.25,15.25,117000.0,1784249.92,15.25
603216.SH,20260923,23.5,23.5,23.5,23.5,481100.0,11305849.6,23.5
603217.SH,20260923,28.3,28.3,28.3,28.3,3000.0,84900.0,28.3
603218.SH,20260923,9.33,9.33,9.33,9.33,6800.0,63444.0,9.33
603219.SH,20260923,12.88,12.88,12.88,12.88,10300.0,132664.0,12.88
603220.SH,20260923,18.66,18.66,18.66,18.66,19600.0,365736.0,18.66
603221.SH,20260923,33.57,33.57,33.57,33.57,477100.0,16016247.04,33.57
603222.SH,20260923,8.08,8.08,8.08,8.08,43500.0,351480.0,8.08
603223.SH,20260923,10.06,10.06,10.06,10.06,6000.0,60360.0,10.06
603225.SH,20260923,17.7,17.7,17.7,17.7,8000.0,141600.0,17.7
603226.SH,20260923,30.7,30.6,31.0,30.6,330300.0,10109923.84,30.61
603227.SH,20260923,7.55,7.55,7.55,7.55,8100.0,61155.0,7.55
603228.SH,20260923,106.12,106.12,106.12,106.12,90300.0,9582636.16,106.12
603229.SH,20260923,8.07,8.07,8.07,8.07,26600.0,214662.0,8.07
603230.SH,20260923,15.51,15.51,15.51,15.51,5116501.12,79356928.0,15.51
603231.SH,20260923,17.1,17.1,17.1,17.1,3100.0,53010.0,17.1
603232.SH,20260923,16.42,16.42,16.42,16.42,320200.0,5257683.84,16.42
603233.SH,20260923,17.74,17.74,17.74,17.74,8200.0,145468.0,17.74
603235.SH,20260923,25.25,25.25,25.25,25.25,3000.0,75750.0,25.25
603236.SH,20260923,76.0,76.0,76.0,76.0,75800.0,5760800.0,76.0
603237.SH,20260923,15.3,15.3,15.3,15.3,4100.0,62730.0,15.3
603238.SH,20260923,12.42,12.42,12.42,12.42,7700.0,95634.0,12.42
603239.SH,20260923,14.03,14.03,14.03,14.03,4700.0,65941.0,14.03
603248.SH,20260923,22.62,22.62,22.62,22.62,410537.0,9286346.88,22.62
603255.SH,20260923,33.37,33.37,33.37,33.37,1200.0,40044.0,33.37
603256.SH,20260923,160.02,160.02,160.02,160.02,612800.0,98060257.28,160.02
603257.SH,20260923,68.86,68.86,68.86,68.86,3200.0,220352.0,68.86
603258.SH,20260923,14.6,14.6,14.6,14.6,331700.0,4842819.84,14.6
603259.SH,20260923,167.18,167.18,167.18,167.18,133425.0,22305991.68,167.18
603260.SH,20260923,32.78,32.78,32.78,32.78,16300.0,534314.0,32.78
603261.SH,20260923,54.35,54.35,54.35,54.35,2400.0,130440.0,54.35
603262.SH,20260923,18.2,18.2,18.2,18.2,5700.0,103740.0,18.2
603266.SH,20260923,18.31,18.31,18.31,18.31,168400.0,3083404.16,18.31
603267.SH,20260923,51.22,51.22,51.22,51.22,18700.0,957814.0,51.22
603268.SH,20260923,220.23,219.6,220.23,219.01,49900.0,10961954.56,219.68
603269.SH,20260923,27.35,27.35,27.35,27.35,100100.0,2737735.04,27.35
603270.SH,20260923,37.05,37.05,37.05,37.05,8000.0,296400.0,37.05
603271.SH,20260923,40.3,40.3,40.3,40.3,3300.0,132990.0,40.3
603272.SH,20260923,16.46,16.46,16.46,16.46,24200.0,398332.0,16.46
603273.SH,20260923,14.8,14.8,14.8,14.8,13800.0,204240.0,14.8
603275.SH,20260923,36.99,36.99,36.99,36.99,2800.0,103572.0,36.99
603276.SH,20260923,18.16,18.16,18.16,18.16,16800.0,305088.0,18.16
603277.SH,20260923,11.41,11.41,11.41,11.41,200.0,2282.0,11.41
603278.SH,20260923,9.07,9.07,9.07,9.07,12400.0,112468.0,9.07
603279.SH,20260923,11.18,11.18,11.18,11.18,6300.0,70434.0,11.18
603280.SH,20260923,25.83,25.83,25.83,25.83,3300.0,85239.0,25.83
603281.SH,20260923,18.91,18.91,18.91,18.91,12200.0,230702.0,18.91
603282.SH,20260923,17.0,17.0,17.0,17.0,13200.0,224400.0,17.0
603283.SH,20260923,45.96,45.96,45.96,45.96,43960.0,2020401.92,45.96
603284.SH,20260923,41.2,41.2,41.2,41.2,1500.0,61800.0,41.2
603285.SH,20260923,38.25,38.25,38.4,38.25,33200.0,1269995.04,38.25
603286.SH,20260923,43.61,43.61,43.61,43.61,0.0,0.0,43.61
603288.SH,20260923,34.22,34.22,34.22,34.22,23400.0,800748.0,34.22
603289.SH,20260923,10.99,10.99,10.99,10.99,507600.0,5578524.16,10.99
603290.SH,20260923,87.01,87.01,87.01,87.01,12500.0,1087624.96,87.01
603291.SH,20260923,8.92,8.92,8.92,8.92,400.0,3568.0,8.92
603293.SH,20260923,37.46,37.46,37.46,37.46,2600.0,97396.0,37.46
603296.SH,20260923,79.67,79.67,79.67,79.67,45800.0,3648886.08,79.67
603297.SH,20260923,115.25,115.25,115.25,115.25,1400.0,161350.0,115.25
603298.SH,20260923,23.55,23.55,23.55,23.55,4400.0,103620.0,23.55
603299.SH,20260923,8.75,8.75,8.75,8.75,4300.0,37625.0,8.75
603300.SH,20260923,4.67,4.67,4.67,4.67,84600.0,395082.0,4.67
603301.SH,20260923,80.05,80.05,80.05,80.05,4800.0,384240.0,80.05
603303.SH,20260923,29.44,29.44,29.44,29.44,5000.0,147200.0,29.44
603305.SH,20260923,11.3,11.3,11.3,11.3,16700.0,188710.0,11.3
603306.SH,20260923,83.5,83.5,83.5,83.5,21100.0,1761849.92,83.5
603307.SH,20260923,25.61,25.48,25.61,25.48,3800.0,96860.0,25.49
603308.SH,20260923,41.03,41.03,41.03,41.03,45300.0,1858659.04,41.03
603309.SH,20260923,11.09,11.09,11.09,11.09,2000.0,22180.0,11.09
603310.SH,20260923,14.79,14.79,14.79,14.79,500.0,7395.0,14.79
603311.SH,20260923,25.75,25.75,25.75,25.75,6200.0,159650.0,25.75
603312.SH,20260923,32.0,32.0,32.0,32.0,1600.0,51200.0,32.0
603313.SH,20260923,7.01,7.01,7.01,7.01,71000.0,497710.0,7.01
603315.SH,20260923,11.0,11.0,11.0,11.0,9300.0,102300.0,11.0
603316.SH,20260923,17.64,17.27,17.65,17.27,1385100.0,23937159.68,17.28
603317.SH,20260923,12.86,12.86,12.86,12.86,15200.0,195472.0,12.86
603318.SH,20260923,9.36,9.36,9.36,9.36,201500.0,1886040.0,9.36
603319.SH,20260923,31.76,31.76,31.76,31.76,83200.0,2642432.0,31.76
603320.SH,20260923,18.66,18.66,18.66,18.66,12600.0,235116.0,18.66
603321.SH,20260923,7.27,7.27,7.27,7.27,60700.0,441289.0,7.27
603322.SH,20260923,32.98,32.98,32.98,32.98,13800.0,455124.0,32.98
603323.SH,20260923,4.39,4.39,4.39,4.39,372500.0,1635275.04,4.39
603324.SH,20260923,26.72,26.72,26.72,26.72,6500.0,173680.0,26.72
603325.SH,20260923,52.74,52.74,52.74,52.74,1500.0,79110.0,52.74
603326.SH,20260923,7.53,7.53,7.53,7.53,17700.0,133281.0,7.53
603327.SH,20260923,8.47,8.47,8.47,8.47,46600.0,394702.0,8.47
603328.SH,20260923,13.82,13.82,13.82,13.82,292800.0,4046496.0,13.82
603329.SH,20260923,10.18,10.18,10.18,10.18,11500.0,117070.0,10.18
603330.SH,20260923,10.05,10.05,10.05,10.05,243900.0,2451195.04,10.05
603331.SH,20260923,12.98,12.98,12.98,12.98,10200.0,132396.0,12.98
603332.SH,20260923,11.84,11.84,11.84,11.84,27800.0,329152.0,11.84
603333.SH,20260923,9.41,9.41,9.41,9.41,9900.0,93159.0,9.41
603334.SH,20260923,32.16,32.16,32.16,32.16,300.0,9648.0,32.16
603335.SH,20260923,6.29,6.29,6.29,6.29,49900.0,313871.0,6.29
603336.SH,20260923,10.88,10.88,10.88,10.88,69600.0,757248.0,10.88
603337.SH,20260923,37.41,37.41,37.41,37.41,5300.0,198273.0,37.41
603338.SH,20260923,53.55,53.55,53.55,53.55,3900.0,208845.0,53.55
603339.SH,20260923,12.92,12.91,12.92,12.91,15600.0,201410.0,12.91
603341.SH,20260923,39.29,39.29,39.29,39.29,123900.0,4868031.04,39.29
603344.SH,20260923,23.81,23.81,23.81,23.81,1400.0,33334.0,23.81
603345.SH,20260923,79.89,79.89,79.89,79.89,7900.0,631131.0,79.89
603348.SH,20260923,14.81,14.81,14.81,14.81,80400.0,1190724.0,14.81
603350.SH,20260923,28.38,28.38,28.38,28.38,3100.0,87978.0,28.38
603351.SH,20260923,27.86,27.86,27.86,27.86,12200.0,339892.0,27.86
603352.SH,20260923,25.75,25.75,25.75,25.75,200.0,5150.0,25.75
603353.SH,20260923,49.19,49.0,49.19,48.6,208000.0,10191560.96,49.0
603355.SH,20260923,32.0,32.0,32.0,32.0,95700.0,3062400.0,32.0
603356.SH,20260923,17.05,17.05,17.05,17.05,6200.0,105710.0,17.05
603357.SH,20260923,5.96,5.96,5.96,5.96,11800.0,70328.0,5.96
603358.SH,20260923,46.26,46.26,46.26,46.26,5500.0,254430.0,46.26
603359.SH,20260923,2.24,2.24,2.24,2.24,16500.0,36960.0,2.24
603360.SH,20260923,13.01,13.01,13.01,13.01,11900.0,154819.0,13.01
603363.SH,20260923,2.93,2.93,2.93,2.93,101900.0,298567.0,2.93
603365.SH,20260923,16.21,16.21,16.21,16.21,2800.0,45388.0,16.21
603366.SH,20260923,7.34,7.34,7.34,7.34,85100.0,624634.0,7.34
603367.SH,20260923,14.52,14.52,14.52,14.52,20400.0,296208.0,14.52
603368.SH,20260923,15.41,15.41,15.41,15.41,3100.0,47771.0,15.41
603369.SH,20260923,28.29,28.29,28.29,28.29,8700.0,246123.0,28.29
603370.SH,20260923,27.51,27.51,27.51,27.51,7700.0,211827.0,27.51
603373.SH,20260923,43.77,43.77,43.77,43.77,6100.0,266997.0,43.77
603375.SH,20260923,47.94,47.94,47.94,47.94,133500.0,6399989.76,47.94
603376.SH,20260923,27.41,27.41,27.42,27.41,11800.0,323441.0,27.41
603377.SH,20260923,3.23,3.23,3.23,3.23,2700.0,8721.0,3.23
603378.SH,20260923,5.06,5.0,5.06,5.0,3987299.84,19936782.08,5.0
603379.SH,20260923,51.99,51.99,51.99,51.99,31500.0,1637684.96,51.99
603380.SH,20260923,35.5,35.5,35.5,35.5,5700.0,202350.0,35.5
603381.SH,20260923,15.01,15.01,15.01,15.01,3100.0,46531.0,15.01
603382.SH,20260923,18.94,18.94,18.94,18.94,800.0,15152.0,18.94
603383.SH,20260923,27.68,27.68,27.68,27.68,6500.0,179920.0,27.68
603385.SH,20260923,5.68,5.68,5.68,5.68,36600.0,207888.0,5.68
603386.SH,20260923,18.93,18.93,18.93,18.93,97900.0,1853247.04,18.93
603387.SH,20260923,10.01,10.0,10.01,10.0,66400.0,664010.0,10.0
603389.SH,20260923,44.98,44.98,44.98,44.98,6800.0,305864.0,44.98
603390.SH,20260923,10.9,10.9,10.9,10.9,20400.0,222360.0,10.9
603391.SH,20260923,66.98,66.98,66.98,66.98,5100.0,341598.0,66.98
603392.SH,20260923,26.19,26.19,26.19,26.19,10700.0,280233.0,26.19
603393.SH,20260923,25.4,25.4,25.4,25.4,18700.0,474980.0,25.4
603395.SH,20260923,27.6,27.58,27.6,27.58,93300.0,2573299.04,27.58
603396.SH,20260923,29.45,29.45,29.45,29.45,15800.0,465310.0,29.45
603398.SH,20260923,8.62,8.66,8.66,8.62,15900.0,137611.0,8.66
603399.SH,20260923,14.02,14.02,14.02,14.02,153600.0,2153472.0,14.02
603400.SH,20260923,54.67,54.67,54.67,54.67,0.0,0.0,54.67
603402.SH,20260923,62.66,62.66,62.66,62.66,15790.0,989400.96,62.66
603406.SH,20260923,28.48,28.48,28.48,28.48,8700.0,247776.0,28.48
603407.SH,20260923,60.76,60.76,60.76,60.76,26000.0,1579760.0,60.76
603408.SH,20260923,11.77,11.77,11.77,11.77,15000.0,176550.0,11.77
603409.SH,20260923,18.0,18.0,18.0,18.0,12100.0,217800.0,18.0
603416.SH,20260923,46.87,46.81,46.87,46.81,1300.0,60859.0,46.82
603418.SH,20260923,44.88,44.88,44.88,44.88,4300.0,192984.0,44.88
603421.SH,20260923,6.81,6.81,6.81,6.81,350700.0,2388267.04,6.81
603429.SH,20260923,8.7,8.7,8.7,8.7,100.0,870.0,8.7
603435.SH,20260923,49.03,49.03,49.03,49.03,3900.0,191217.0,49.03
603439.SH,20260923,14.38,14.38,14.38,14.38,112300.0,1614873.92,14.38
603444.SH,20260923,352.0,352.0,352.0,351.9,5400.0,1900759.04,351.99
603448.SH,20260923,61.46,61.46,61.46,61.46,27500.0,1690150.08,61.46
603456.SH,20260923,16.18,16.18,16.19,16.18,45800.0,741044.96,16.18
603458.SH,20260923,10.96,10.96,10.96,10.96,11500.0,126040.0,10.96
603459.SH,20260923,89.0,89.0,89.0,89.0,42500.0,3782499.84,89.0
603466.SH,20260923,13.08,13.08,13.08,13.08,541300.0,7080204.16,13.08
603468.SH,20260923,22.6,22.6,22.6,22.6,25200.0,569520.0,22.6
603477.SH,20260923,14.56,14.56,14.56,14.56,21900.0,318864.0,14.56
603486.SH,20260923,50.94,51.05,51.05,50.94,19400.0,989923.04,51.03
603488.SH,20260923,8.1,8.1,8.1,8.1,11300.0,91530.0,8.1
603489.SH,20260923,29.54,29.54,29.54,29.54,1500.0,44310.0,29.54
603496.SH,20260923,23.24,23.24,23.24,23.24,16800.0,390432.0,23.24
603499.SH,20260923,13.48,13.48,13.48,13.48,1100.0,14828.0,13.48
603500.SH,20260923,9.41,9.41,9.41,9.41,37100.0,349111.0,9.41
603501.SH,20260923,82.89,82.89,82.89,82.89,35200.0,2917728.0,82.89
603505.SH,20260923,15.4,15.4,15.4,15.4,19200.0,295680.0,15.4
603506.SH,20260923,12.14,12.14,12.14,12.14,9600.0,116544.0,12.14
603507.SH,20260923,27.09,27.09,27.09,27.09,60400.0,1636236.0,27.09
603508.SH,20260923,20.98,21.0,21.0,20.98,3300.0,69298.0,21.0
603511.SH,20260923,12.55,12.55,12.55,12.55,43300.0,543415.0,12.55
603515.SH,20260923,14.95,14.95,14.95,14.95,23000.0,343850.0,14.95
603516.SH,20260923,85.85,85.85,85.85,85.85,39700.0,3408245.12,85.85
603517.SH,20260923,11.59,11.59,11.59,11.59,1300.0,15067.0,11.59
603518.SH,20260923,7.77,7.77,7.77,7.77,7100.0,55167.0,7.77
603519.SH,20260923,16.3,16.3,16.3,16.3,18700.0,304810.0,16.3
603520.SH,20260923,8.64,8.64,8.64,8.64,5700.0,49248.0,8.64
603527.SH,20260923,10.05,10.06,10.06,10.05,25200.0,253413.0,10.06
603528.SH,20260923,6.6,6.6,6.6,6.6,39300.0,259380.0,6.6
603529.SH,20260923,21.42,21.42,21.42,21.42,4400.0,94248.0,21.42
603530.SH,20260923,46.71,46.71,46.71,46.71,7900.0,369009.0,46.71
603533.SH,20260923,23.67,23.67,23.67,23.67,173100.0,4097277.12,23.67
603535.SH,20260923,6.31,6.31,6.31,6.31,33300.0,210123.0,6.31
603536.SH,20260923,9.99,9.99,9.99,9.99,8800.0,87912.0,9.99
603538.SH,20260923,28.3,28.3,28.3,28.3,330000.0,9339000.32,28.3
603551.SH,20260923,9.33,9.33,9.33,9.33,16900.0,157677.0,9.33
603556.SH,20260923,23.37,23.37,23.37,23.37,6500.0,151905.0,23.37
603557.SH,20260923,3.35,3.35,3.35,3.35,0.0,0.0,3.35
603558.SH,20260923,12.78,12.78,12.78,12.78,15800.0,201924.0,12.78
603559.SH,20260923,9.72,9.72,9.72,9.72,57600.0,559872.0,9.72
603565.SH,20260923,11.76,11.76,11.76,11.76,74500.0,876120.0,11.76
603566.SH,20260923,10.31,10.31,10.31,10.31,3100.0,31961.0,10.31
603567.SH,20260923,5.5,5.5,5.5,5.5,32000.0,176000.0,5.5
603568.SH,20260923,13.65,13.65,13.69,13.65,25200.0,344023.0,13.65
603569.SH,20260923,5.82,5.82,5.82,5.82,8900.0,51798.0,5.82
603577.SH,20260923,9.66,9.66,9.66,9.66,1400.0,13524.0,9.66
603578.SH,20260923,14.0,14.0,14.0,14.0,7400.0,103600.0,14.0
603579.SH,20260923,18.2,18.2,18.2,18.2,11200.0,203840.0,18.2
603580.SH,20260923,81.0,81.0,81.0,81.0,327100.0,26495098.88,81.0
603583.SH,20260923,27.98,27.98,27.98,27.98,17600.0,492448.0,27.98
603585.SH,20260923,10.46,10.46,10.46,10.46,5800.0,60668.0,10.46
603586.SH,20260923,13.85,13.85,13.85,13.85,3000.0,41550.0,13.85
603587.SH,20260923,12.13,12.13,12.13,12.13,1300.0,15769.0,12.13
603588.SH,20260923,16.82,16.82,16.82,16.82,308900.0,5195697.92,16.82
603589.SH,20260923,17.9,17.9,17.9,17.9,27400.0,490460.0,17.9
603590.SH,20260923,29.96,29.96,29.96,29.96,8200.0,245672.0,29.96
603595.SH,20260923,33.41,33.41,33.41,33.41,3400.0,113594.0,33.41
603596.SH,20260923,29.01,29.01,29.01,29.01,21700.0,629517.0,29.01
603598.SH,20260923,19.8,19.8,19.8,19.8,2377700.0,47078461.44,19.8
603599.SH,20260923,10.71,10.69,10.71,10.69,23300.0,249141.0,10.69
603600.SH,20260923,10.25,10.25,10.25,10.25,15600.0,159900.0,10.25
603601.SH,20260923,10.39,10.39,10.39,10.39,473400.0,4918625.92,10.39
603602.SH,20260923,11.63,11.63,11.63,11.63,8500.0,98855.0,11.63
603605.SH,20260923,56.5,56.5,56.5,56.5,12800.0,723200.0,56.5
603606.SH,20260923,35.81,35.81,35.81,35.81,102140.0,3657632.96,35.81
603607.SH,20260923,24.04,24.04,24.04,24.04,17800.0,427912.0,24.04
603608.SH,20260923,21.57,21.57,21.57,21.57,51700.0,1115168.96,21.57
603609.SH,20260923,6.39,6.39,6.39,6.39,2000.0,12780.0,6.39
603610.SH,20260923,13.91,13.91,13.91,13.91,6000.0,83460.0,13.91
603611.SH,20260923,15.84,15.84,15.84,15.84,6300.0,99792.0,15.84
603612.SH,20260923,16.68,16.68,16.68,16.68,7900.0,131772.0,16.68
603613.SH,20260923,21.0,21.0,21.0,21.0,32100.0,674100.0,21.0
603615.SH,20260923,19.11,19.11,19.11,19.11,34200.0,653562.0,19.11
603616.SH,20260923,5.61,5.61,5.61,5.61,75600.0,424116.0,5.61
603617.SH,20260923,6.86,6.86,6.86,6.86,24900.0,170814.0,6.86
603618.SH,20260923,38.55,38.55,38.55,38.55,391199.0,15080720.64,38.55
603619.SH,20260923,22.02,22.02,22.02,22.02,248900.0,5480778.24,22.02
603626.SH,20260923,23.15,23.15,23.15,23.15,369300.0,8549294.72,23.15
603628.SH,20260923,10.39,10.39,10.39,10.39,15700.0,163123.0,10.39
603629.SH,20260923,114.0,114.0,114.0,114.0,249300.0,28420200.96,114.0
603630.SH,20260923,14.19,14.19,14.19,14.19,1600.0,22704.0,14.19
603633.SH,20260923,6.45,6.45,6.45,6.45,12900.0,83205.0,6.45
603636.SH,20260923,8.81,8.81,8.81,8.81,3295137.92,29030167.04,8.81
603637.SH,20260923,14.55,14.55,14.55,14.55,28700.0,417585.0,14.55
603638.SH,20260923,18.43,18.43,18.43,18.43,14300.0,263549.0,18.43
603639.SH,20260923,10.45,10.45,10.45,10.45,8300.0,86735.0,10.45
603648.SH,20260923,9.61,9.61,9.61,9.61,13300.0,127813.0,9.61
603650.SH,20260923,69.61,69.61,69.61,69.61,169400.0,11791933.44,69.61
603655.SH,20260923,34.66,34.66,34.66,34.66,21700.0,752122.0,34.66
603656.SH,20260923,17.36,17.36,17.36,17.36,2800.0,48608.0,17.36
603657.SH,20260923,38.0,38.0,38.0,38.0,42500.0,1615000.0,38.0
603658.SH,20260923,34.84,34.84,34.84,34.84,37200.0,1296048.0,34.84
603659.SH,20260923,22.2,22.2,22.2,22.2,27070.0,600954.0,22.2
603660.SH,20260923,9.87,9.87,9.87,9.87,27200.0,268464.0,9.87
603661.SH,20260923,33.89,33.89,33.89,33.89,10000.0,338900.0,33.89
603662.SH,20260923,49.82,49.82,49.82,49.82,4000.0,199280.0,49.82
603663.SH,20260923,47.92,48.0,48.0,47.92,99600.0,4780653.12,48.0
603665.SH,20260923,21.7,21.7,21.7,21.7,2200.0,47740.0,21.7
603666.SH,20260923,27.5,27.5,27.5,27.5,20700.0,569250.0,27.5
603667.SH,20260923,50.1,50.1,50.1,50.1,11200.0,561120.0,50.1
603668.SH,20260923,12.54,12.54,12.54,12.54,8800.0,110352.0,12.54
603669.SH,20260923,5.93,5.93,5.93,5.93,62500.0,370625.0,5.93
603676.SH,20260923,9.08,9.08,9.08,9.08,7000.0,63560.0,9.08
603677.SH,20260923,14.4,14.4,14.4,14.4,5500.0,79200.0,14.4
603678.SH,20260923,49.64,49.68,49.69,49.64,64100.0,3184417.92,49.68
603679.SH,20260923,26.08,26.08,26.08,26.08,58400.0,1523072.0,26.08
603680.SH,20260923,10.49,10.49,10.49,10.49,10500.0,110145.0,10.49
603681.SH,20260923,19.22,19.22,19.22,19.22,17100.0,328662.0,19.22
603682.SH,20260923,10.1,10.1,10.1,10.1,147800.0,1492780.0,10.1
603683.SH,20260923,16.32,16.32,16.32,16.32,29300.0,478176.0,16.32
603685.SH,20260923,26.68,26.68,26.68,26.68,17900.0,477572.0,26.68
603686.SH,20260923,14.6,14.6,14.6,14.6,569000.0,8307399.68,14.6
603687.SH,20260923,15.42,15.39,15.5,15.39,45000.0,692696.0,15.39
603688.SH,20260923,49.31,49.31,49.31,49.31,24100.0,1188371.04,49.31
603689.SH,20260923,7.67,7.67,7.67,7.67,10600.0,81302.0,7.67
603690.SH,20260923,24.07,24.07,24.07,24.07,64000.0,1540480.0,24.07
603693.SH,20260923,12.0,12.0,12.0,12.0,56900.0,682800.0,12.0
603696.SH,20260923,14.42,14.42,14.42,14.42,52600.0,758492.0,14.42
603697.SH,20260923,9.11,9.11,9.11,9.11,9700.0,88367.0,9.11
603698.SH,20260923,21.65,21.65,21.65,21.65,33900.0,733935.04,21.65
603699.SH,20260923,44.63,44.63,44.63,44.63,16500.0,736395.04,44.63
603700.SH,20260923,11.74,11.74,11.74,11.74,11400.0,133836.0,11.74
603701.SH,20260923,19.66,19.66,19.66,19.66,2000.0,39320.0,19.66
603703.SH,20260923,10.59,10.59,10.59,10.59,80500.0,852495.04,10.59
603706.SH,20260923,17.21,17.21,17.21,17.21,2100.0,36141.0,17.21
603707.SH,20260923,7.95,7.95,7.95,7.95,30600.0,243270.0,7.95
603708.SH,20260923,8.99,8.99,8.99,8.99,5600.0,50344.0,8.99
603709.SH,20260923,12.62,12.62,12.62,12.62,32200.0,406364.0,12.62
603711.SH,20260923,12.0,12.06,12.06,12.0,7500.0,90350.0,12.05
603712.SH,20260923,11.8,11.8,11.8,11.8,23200.0,273760.0,11.8
603713.SH,20260923,67.8,67.8,67.8,67.8,3100.0,210180.0,67.8
603716.SH,20260923,17.52,17.52,17.52,17.52,136600.0,2393232.0,17.52
603717.SH,20260923,5.92,5.92,5.92,5.92,32300.0,191216.0,5.92
603718.SH,20260923,3.09,3.09,3.09,3.09,6500.0,20085.0,3.09
603719.SH,20260923,9.22,9.23,9.23,9.22,8300.0,76604.0,9.23
603721.SH,20260923,18.96,18.96,18.96,18.96,51100.0,968856.0,18.96
603722.SH,20260923,29.81,29.81,29.81,29.81,4200.0,125202.0,29.81
603725.SH,20260923,11.8,11.8,11.8,11.8,24600.0,290280.0,11.8
603726.SH,20260923,24.11,24.11,24.11,24.11,1400.0,33754.0,24.11
603727.SH,20260923,18.73,18.73,18.73,18.73,23500.0,440155.0,18.73
603728.SH,20260923,50.54,50.54,50.54,50.54,7100.0,358834.0,50.54
603729.SH,20260923,12.72,12.72,12.72,12.72,900.0,11448.0,12.72
603730.SH,20260923,9.67,9.67,9.67,9.67,21500.0,207905.0,9.67
603733.SH,20260923,19.19,19.19,19.19,19.19,22400.0,429856.0,19.19
603737.SH,20260923,22.07,22.09,22.09,22.03,30400.0,671163.04,22.08
603738.SH,20260923,37.97,37.97,37.97,37.97,46300.0,1758011.04,37.97
603739.SH,20260923,13.1,13.1,13.1,13.1,30900.0,404790.0,13.1
603755.SH,20260923,24.44,24.44,24.44,24.44,1200.0,29328.0,24.44
603757.SH,20260923,70.32,70.11,70.49,70.11,88900.0,6234467.84,70.13
603758.SH,20260923,10.96,10.96,10.96,10.96,9300.0,101928.0,10.96
603759.SH,20260923,7.77,7.77,7.77,7.77,5400.0,41958.0,7.77
603766.SH,20260923,14.35,14.35,14.35,14.35,56100.0,805035.04,14.35
603767.SH,20260923,13.5,13.51,13.51,13.5,6300.0,85112.0,13.51
603768.SH,20260923,11.63,11.63,11.63,11.63,19400.0,225622.0,11.63
603773.SH,20260923,96.0,96.0,96.0,96.0,323721.0,31077217.28,96.0
603776.SH,20260923,20.56,20.56,20.56,20.56,6700.0,137752.0,20.56
603777.SH,20260923,14.12,14.12,14.12,14.12,6000.0,84720.0,14.12
603778.SH,20260923,9.37,9.37,9.37,9.37,1371700.0,12852829.44,9.37
603779.SH,20260923,8.27,8.27,8.28,8.27,34300.0,283667.0,8.27
603786.SH,20260923,37.8,37.8,37.8,37.8,4400.0,166320.0,37.8
603787.SH,20260923,10.39,10.39,10.39,10.37,17900.0,185945.0,10.39
603788.SH,20260923,13.8,13.8,13.8,13.8,9100.0,125580.0,13.8
603789.SH,20260923,6.02,6.02,6.02,6.02,6400.0,38528.0,6.02
603790.SH,20260923,24.93,24.93,24.93,24.93,9300.0,231849.0,24.93
603797.SH,20260923,4.97,4.97,4.97,4.97,51900.0,257943.0,4.97
603798.SH,20260923,13.7,13.7,13.7,13.7,99400.0,1361780.0,13.7
603799.SH,20260923,37.06,37.0,37.08,37.0,461600.0,17081557.76,37.01
603800.SH,20260923,58.23,58.03,58.28,58.03,7500.0,435271.0,58.04
603801.SH,20260923,6.21,6.21,6.21,6.21,21200.0,131652.0,6.21
603803.SH,20260923,11.67,11.67,11.67,11.67,54200.0,632514.0,11.67
603806.SH,20260923,14.38,14.38,14.38,14.38,23600.0,339368.0,14.38
603808.SH,20260923,8.73,8.73,8.73,8.73,1200.0,10476.0,8.73
603809.SH,20260923,8.67,8.67,8.67,8.67,6100.0,52887.0,8.67
603810.SH,20260923,12.01,12.01,12.01,12.01,5500.0,66055.0,12.01
603811.SH,20260923,7.03,7.01,7.03,7.01,9100.0,63831.0,7.01
603813.SH,20260923,26.96,26.96,26.96,26.96,4500.0,121320.0,26.96
603815.SH,20260923,5.23,5.23,5.23,5.22,19900.0,104063.0,5.23
603816.SH,20260923,22.42,22.42,22.42,22.42,13000.0,291460.0,22.42
603817.SH,20260923,5.87,5.87,5.87,5.87,51900.0,304653.0,5.87
603818.SH,20260923,3.96,3.96,3.96,3.96,160000.0,633600.0,3.96
603819.SH,20260923,16.59,16.6,16.6,16.59,110700.0,1837535.04,16.6
603822.SH,20260923,64.01,64.01,64.01,64.01,400.0,25604.0,64.01
603823.SH,20260923,54.56,55.05,55.05,54.54,154000.0,8458567.68,54.93
603825.SH,20260923,7.87,7.87,7.87,7.87,0.0,0.0,7.87
603826.SH,20260923,16.66,16.66,16.66,16.66,150600.0,2508996.0,16.66
603828.SH,20260923,6.11,6.11,6.11,6.11,13100.0,80041.0,6.11
603829.SH,20260923,15.91,15.91,15.91,15.91,1400.0,22274.0,15.91
603833.SH,20260923,29.45,29.45,29.45,29.45,9700.0,285665.0,29.45
603836.SH,20260923,9.6,9.6,9.6,9.6,25700.0,246720.0,9.6
603838.SH,20260923,13.93,13.93,13.93,13.93,5900.0,82187.0,13.93
603839.SH,20260923,7.03,7.03,7.03,7.03,13000.0,91390.0,7.03
603843.SH,20260923,6.34,6.33,6.34,6.33,195700.0,1238983.04,6.33
603848.SH,20260923,13.45,13.45,13.45,13.45,3900.0,52455.0,13.45
603855.SH,20260923,16.83,16.83,16.83,16.83,3300.0,55539.0,16.83
603856.SH,20260923,11.62,11.62,11.62,11.62,11700.0,135954.0,11.62
603858.SH,20260923,14.73,14.73,14.73,14.73,9400.0,138462.0,14.73
603859.SH,20260923,40.42,40.4,40.5,40.37,39600.0,1600382.08,40.41
603860.SH,20260923,26.04,26.04,26.04,26.04,11700.0,304668.0,26.04
603861.SH,20260923,11.14,11.18,11.18,11.14,10500.0,117350.0,11.18
603863.SH,20260923,12.75,12.75,12.75,12.75,4000.0,51000.0,12.75
603866.SH,20260923,4.2,4.2,4.2,4.2,36200.0,152040.0,4.2
603867.SH,20260923,33.4,33.4,33.4,33.4,5600.0,187040.0,33.4
603868.SH,20260923,31.31,31.31,31.31,31.31,8600.0,269266.0,31.31
603869.SH,20260923,8.58,8.58,8.58,8.58,0.0,0.0,8.58
603871.SH,20260923,12.17,12.15,12.17,12.15,15500.0,188366.0,12.15
603876.SH,20260923,18.52,18.5,18.52,18.5,7400.0,136902.0,18.5
603877.SH,20260923,11.92,11.92,11.92,11.92,3300.0,39336.0,11.92
603878.SH,20260923,4.93,4.93,4.93,4.93,12200.0,60146.0,4.93
603879.SH,20260923,4.95,4.95,4.95,4.95,39600.0,196020.0,4.95
603880.SH,20260923,9.25,9.25,9.25,9.25,12100.0,111925.0,9.25
603881.SH,20260923,24.75,24.75,24.75,24.75,359700.0,8902574.72,24.75
603882.SH,20260923,29.06,29.06,29.06,29.06,29500.0,857270.0,29.06
603883.SH,20260923,12.91,12.91,12.91,12.91,6100.0,78751.0,12.91
603885.SH,20260923,10.14,10.14,10.14,10.14,30800.0,312312.0,10.14
603886.SH,20260923,12.61,12.6,12.7,12.6,22800.0,287445.0,12.61
603887.SH,20260923,9.05,9.05,9.08,9.04,40400.0,365737.0,9.05
603888.SH,20260923,18.18,18.18,18.18,18.18,523420.0,9515776.0,18.18
603889.SH,20260923,6.06,6.06,6.06,6.06,200.0,1212.0,6.06
603890.SH,20260923,17.2,17.2,17.2,17.2,77600.0,1334720.0,17.2
603893.SH,20260923,218.79,218.79,218.79,218.79,460492.0,100751052.8,218.79
603895.SH,20260923,26.23,26.23,26.23,26.23,5500.0,144265.0,26.23
603896.SH,20260923,14.95,14.95,14.95,14.95,13800.0,206310.0,14.95
603897.SH,20260923,30.68,30.68,30.68,30.68,27000.0,828360.0,30.68
603898.SH,20260923,11.38,11.38,11.38,11.37,8400.0,95591.0,11.38
603899.SH,20260923,22.12,22.12,22.12,22.12,8600.0,190232.0,22.12
603900.SH,20260923,6.77,6.77,6.77,6.77,67800.0,459006.0,6.77
603901.SH,20260923,9.31,9.31,9.31,9.31,6100.0,56791.0,9.31
603903.SH,20260923,15.71,15.71,15.71,15.71,678500.0,10659235.2,15.71
603906.SH,20260923,18.17,18.17,18.17,18.17,15200.0,276184.0,18.17
603908.SH,20260923,19.46,19.46,19.46,19.46,21600.0,420336.0,19.46
603909.SH,20260923,9.79,9.79,9.79,9.79,6600.0,64614.0,9.79
603912.SH,20260923,8.86,8.87,8.87,8.86,54900.0,486917.0,8.87
603915.SH,20260923,13.29,13.29,13.29,13.29,14600.0,194034.0,13.29
603916.SH,20260923,10.72,10.72,10.72,10.72,4700.0,50384.0,10.72
603917.SH,20260923,14.38,14.38,14.38,14.38,15900.0,228642.0,14.38
603918.SH,20260923,10.9,10.9,10.9,10.9,33700.0,367330.0,10.9
603919.SH,20260923,16.7,16.7,16.7,16.7,16500.0,275550.0,16.7
603920.SH,20260923,46.02,45.99,46.05,45.99,40200.0,1849044.96,46.0
603922.SH,20260923,12.63,12.63,12.63,12.63,2600.0,32838.0,12.63
603926.SH,20260923,17.54,17.58,17.6,17.54,4400.0,77316.0,17.57
603927.SH,20260923,13.96,13.96,13.96,13.96,8100.0,113076.0,13.96
603928.SH,20260923,11.97,11.97,11.97,11.97,31500.0,377055.0,11.97
603929.SH,20260923,161.04,161.04,161.04,161.04,5400.0,869616.0,161.04
603931.SH,20260923,35.91,35.91,35.91,35.91,5400.0,193914.0,35.91
603933.SH,20260923,19.4,19.4,19.4,19.4,13500.0,261900.0,19.4
603936.SH,20260923,22.59,22.62,22.69,22.57,531200.0,12015773.44,22.62
603937.SH,20260923,11.83,11.83,11.83,11.83,24900.0,294567.0,11.83
603938.SH,20260923,49.88,49.88,49.88,49.88,311600.0,15542607.36,49.88
603939.SH,20260923,22.21,22.21,22.21,22.21,18800.0,417548.0,22.21
603948.SH,20260923,19.68,19.68,19.68,19.68,2700.0,53136.0,19.68
603949.SH,20260923,13.91,13.91,13.91,13.91,8500.0,118235.0,13.91
603950.SH,20260923,59.7,59.7,59.7,59.7,15800.0,943260.0,59.7
603955.SH,20260923,25.35,25.35,25.35,25.35,6000.0,152100.0,25.35
603956.SH,20260923,7.24,7.24,7.25,7.24,222000.0,1607796.0,7.24
603958.SH,20260923,18.57,18.57,18.57,18.57,112800.0,2094696.0,18.57
603959.SH,20260923,4.45,4.45,4.45,4.45,19300.0,85885.0,4.45
603960.SH,20260923,19.29,19.29,19.29,19.29,154900.0,2988021.12,19.29
603966.SH,20260923,7.55,7.55,7.55,7.55,0.0,0.0,7.55
603967.SH,20260923,11.67,11.67,11.67,11.67,2600.0,30342.0,11.67
603968.SH,20260923,10.91,10.91,10.91,10.91,83800.0,914258.0,10.91
603969.SH,20260923,7.53,7.53,7.53,7.53,24400.0,183732.0,7.53
603970.SH,20260923,11.11,11.1,11.11,11.1,11100.0,123211.0,11.1
603976.SH,20260923,31.94,31.94,31.94,31.94,9700.0,309818.0,31.94
603977.SH,20260923,11.4,11.4,11.4,11.4,6700.0,76380.0,11.4
603978.SH,20260923,26.21,26.21,26.21,26.21,128100.0,3357501.12,26.21
603979.SH,20260923,75.65,75.65,75.65,75.65,19200.0,1452480.0,75.65
603980.SH,20260923,8.95,8.95,8.95,8.95,267300.0,2392335.04,8.95
603982.SH,20260923,6.26,6.26,6.26,6.26,21500.0,134590.0,6.26
603983.SH,20260923,32.03,32.03,32.03,32.03,11200.0,358736.0,32.03
603985.SH,20260923,17.18,17.18,17.23,17.18,63600.0,1092828.0,17.18
603986.SH,20260923,406.3,406.3,406.3,406.3,295900.0,120224163.84,406.3
603987.SH,20260923,7.64,7.64,7.64,7.64,1800.0,13752.0,7.64
603988.SH,20260923,18.28,18.28,18.28,18.28,4100.0,74948.0,18.28
603989.SH,20260923,33.7,33.7,33.7,33.7,124700.0,4202390.08,33.7
603990.SH,20260923,20.0,20.0,20.0,20.0,171500.0,3430000.0,20.0
603991.SH,20260923,169.51,169.51,169.51,169.51,17500.0,2966424.96,169.51
603992.SH,20260923,20.38,20.38,20.38,20.38,7400.0,150812.0,20.38
603993.SH,20260923,17.93,18.0,18.0,17.81,2884300.16,51841638.4,17.97
603995.SH,20260923,25.95,25.95,25.95,25.95,7300.0,189435.0,25.95
603997.SH,20260923,14.29,14.29,14.29,14.29,127700.0,1824832.96,14.29
603998.SH,20260923,10.46,10.46,10.46,10.46,19400.0,202924.0,10.46
603999.SH,20260923,6.7,6.7,6.7,6.7,311600.0,2087720.0,6.7
605001.SH,20260923,5.88,5.88,5.88,5.88,41800.0,245784.0,5.88
605003.SH,20260923,24.8,24.8,24.8,24.8,7700.0,190960.0,24.8
605005.SH,20260923,16.26,16.26,16.26,16.26,400.0,6504.0,16.26
605006.SH,20260923,17.15,17.15,17.15,17.15,275200.0,4719680.0,17.15
605007.SH,20260923,15.22,15.22,15.22,15.22,8200.0,124804.0,15.22
605008.SH,20260923,14.28,14.28,14.28,14.28,3100.0,44268.0,14.28
605009.SH,20260923,24.82,24.82,24.82,24.82,700.0,17374.0,24.82
605011.SH,20260923,18.2,18.2,18.2,18.2,29100.0,529620.0,18.2
605016.SH,20260923,20.53,20.53,20.53,20.53,3200.0,65696.0,20.53
605018.SH,20260923,11.86,11.86,11.86,11.86,40200.0,476772.0,11.86
605020.SH,20260923,31.39,31.39,31.39,31.39,14800.0,464572.0,31.39
605028.SH,20260923,23.4,23.4,23.4,23.4,2300.0,53820.0,23.4
605033.SH,20260923,19.94,19.94,19.94,19.94,4400.0,87736.0,19.94
605050.SH,20260923,10.18,10.18,10.18,10.18,3100.0,31558.0,10.18
605055.SH,20260923,9.07,9.07,9.07,9.07,5600.0,50792.0,9.07
605056.SH,20260923,14.35,14.35,14.35,14.35,193300.0,2773855.04,14.35
605058.SH,20260923,52.63,52.63,52.63,52.63,607500.0,31972723.2,52.63
605060.SH,20260923,39.87,39.87,39.87,39.87,4100.0,163467.0,39.87
605066.SH,20260923,6.83,6.83,6.83,6.83,12700.0,86741.0,6.83
605068.SH,20260923,20.52,20.52,20.52,20.52,91600.0,1879632.0,20.52
605069.SH,20260923,11.81,11.81,11.81,11.81,246000.0,2905260.16,11.81
605077.SH,20260923,11.73,11.73,11.73,11.73,48900.0,573597.0,11.73
605080.SH,20260923,22.8,22.8,22.8,22.8,2700.0,61560.0,22.8
605086.SH,20260923,23.64,23.64,23.64,23.64,12400.0,293136.0,23.64
605088.SH,20260923,24.85,24.85,24.85,24.85,108500.0,2696224.96,24.85
605089.SH,20260923,21.01,21.01,21.01,21.01,5400.0,113454.0,21.01
605090.SH,20260923,32.49,32.49,32.49,32.49,12400.0,402876.0,32.49
605098.SH,20260923,53.22,53.22,53.22,53.22,100.0,5322.0,53.22
605099.SH,20260923,29.32,29.32,29.32,29.32,5500.0,161260.0,29.32
605100.SH,20260923,34.05,34.05,34.05,34.05,2700.0,91935.0,34.05
605108.SH,20260923,12.25,12.25,12.25,12.25,16400.0,200900.0,12.25
605111.SH,20260923,60.62,60.62,60.62,60.62,60900.0,3691758.08,60.62
605116.SH,20260923,20.03,20.03,20.03,20.03,4100.0,82123.0,20.03
605117.SH,20260923,82.35,82.35,82.35,82.35,11600.0,955260.0,82.35
605118.SH,20260923,34.15,34.15,34.15,34.15,13500.0,461025.0,34.15
605122.SH,20260923,11.88,11.88,11.88,11.88,6900.0,81972.0,11.88
605123.SH,20260923,80.95,80.95,80.95,80.95,1100.0,89045.0,80.95
605128.SH,20260923,23.0,23.0,23.0,23.0,2300.0,52900.0,23.0
605133.SH,20260923,24.69,24.69,24.69,24.69,3500.0,86415.0,24.69
605136.SH,20260923,8.58,8.58,8.58,8.58,19100.0,163878.0,8.58
605138.SH,20260923,6.17,6.14,6.17,6.14,20500.0,125908.0,6.14
605151.SH,20260923,18.44,18.44,18.44,18.44,1800.0,33192.0,18.44
605155.SH,20260923,14.6,14.6,14.6,14.6,11100.0,162060.0,14.6
605158.SH,20260923,7.72,7.72,7.72,7.72,10100.0,77972.0,7.72
605162.SH,20260923,11.8,11.8,11.8,11.8,133000.0,1569400.0,11.8
605166.SH,20260923,8.72,8.72,8.72,8.72,8000.0,69760.0,8.72
605167.SH,20260923,16.46,16.46,16.46,16.46,1000.0,16460.0,16.46
605168.SH,20260923,56.43,56.43,56.43,56.43,60700.0,3425301.12,56.43
605169.SH,20260923,12.95,12.95,12.95,12.95,5400.0,69930.0,12.95
605177.SH,20260923,24.68,24.68,24.68,24.68,21600.0,533088.0,24.68
605178.SH,20260923,76.8,76.8,76.8,76.8,98000.0,7526400.0,76.8
605179.SH,20260923,29.3,29.3,29.3,29.3,523400.0,15335619.84,29.3
605180.SH,20260923,13.87,13.87,13.87,13.87,36700.0,509029.0,13.87
605183.SH,20260923,16.26,16.26,16.26,16.26,2800.0,45528.0,16.26
605186.SH,20260923,27.11,27.11,27.11,27.11,12500.0,338875.0,27.11
605188.SH,20260923,13.23,13.23,13.23,13.23,80500.0,1065015.04,13.23
605189.SH,20260923,13.95,13.96,13.96,13.95,65600.0,915758.0,13.96
605196.SH,20260923,35.5,35.5,35.5,35.5,42600.0,1512300.0,35.5
605198.SH,20260923,71.8,71.8,71.8,71.8,104300.0,7488739.84,71.8
605199.SH,20260923,5.82,5.82,5.82,5.82,0.0,0.0,5.82
605208.SH,20260923,14.89,14.89,14.89,14.89,57900.0,862131.04,14.89
605218.SH,20260923,15.46,15.46,15.46,15.46,331700.0,5128081.92,15.46
605222.SH,20260923,22.68,22.68,22.68,22.68,600.0,13608.0,22.68
605228.SH,20260923,11.18,11.18,11.18,11.18,6500.0,72670.0,11.18
605255.SH,20260923,61.55,61.55,61.55,61.5,6100.0,375445.0,61.55
605258.SH,20260923,43.02,43.02,43.02,43.02,210500.0,9055710.08,43.02
605259.SH,20260923,17.62,17.62,17.62,17.62,7700.0,135674.0,17.62
605266.SH,20260923,15.82,15.82,15.82,15.82,2100.0,33222.0,15.82
605268.SH,20260923,9.87,9.87,9.87,9.87,19700.0,194439.0,9.87
605277.SH,20260923,17.64,17.64,17.64,17.64,29680.0,523555.0,17.64
605286.SH,20260923,25.8,25.8,25.8,25.8,12500.0,322500.0,25.8
605287.SH,20260923,36.53,36.53,36.53,36.53,4000.0,146120.0,36.53
605288.SH,20260923,68.29,68.1,68.36,68.1,6300.0,429218.0,68.13
605289.SH,20260923,102.58,102.58,102.58,102.58,3100.0,317998.0,102.58
605296.SH,20260923,33.9,33.9,33.9,33.9,3800.0,128820.0,33.9
605298.SH,20260923,43.68,43.68,43.68,43.68,300.0,13104.0,43.68
605299.SH,20260923,12.55,12.55,12.55,12.55,8500.0,106675.0,12.55
605300.SH,20260923,10.56,10.56,10.56,10.56,80500.0,850080.0,10.56
605303.SH,20260923,23.68,23.68,23.68,23.68,0.0,0.0,23.68
605305.SH,20260923,31.16,31.16,31.16,31.16,27200.0,847552.0,31.16
605318.SH,20260923,77.76,77.76,77.76,77.76,1400.0,108864.0,77.76
605319.SH,20260923,23.5,23.5,23.5,23.5,10300.0,242050.0,23.5
605333.SH,20260923,16.66,16.66,16.66,16.66,4700.0,78302.0,16.66
605336.SH,20260923,11.62,11.62,11.62,11.62,800.0,9296.0,11.62
605337.SH,20260923,9.13,9.13,9.13,9.13,3400.0,31042.0,9.13
605338.SH,20260923,17.9,17.9,17.9,17.9,9700.0,173630.0,17.9
605339.SH,20260923,13.18,13.18,13.18,13.18,4100.0,54038.0,13.18
605358.SH,20260923,47.28,47.28,47.28,47.28,214400.0,10136832.0,47.28
605365.SH,20260923,14.56,14.58,14.58,14.56,11600.0,169120.0,14.58
605366.SH,20260923,8.59,8.59,8.59,8.59,185400.0,1592585.92,8.59
605368.SH,20260923,6.69,6.69,6.69,6.69,15600.0,104364.0,6.69
605369.SH,20260923,17.57,17.57,17.57,17.57,3400.0,59738.0,17.57
605376.SH,20260923,140.76,140.76,140.76,140.76,62500.0,8797500.16,140.76
605377.SH,20260923,8.17,8.17,8.17,8.17,67700.0,553109.0,8.17
605378.SH,20260923,15.21,15.21,15.21,15.21,23500.0,357435.0,15.21
605388.SH,20260923,6.21,6.21,6.21,6.21,294000.0,1825740.0,6.21
605389.SH,20260923,66.76,66.76,66.76,66.76,0.0,0.0,66.76
605398.SH,20260923,23.6,23.6,23.6,23.6,386000.0,9109600.0,23.6
605399.SH,20260923,11.45,11.45,11.45,11.45,1000.0,11450.0,11.45
605488.SH,20260923,29.93,29.93,29.93,29.93,3100.0,92783.0,29.93
605499.SH,20260923,115.45,115.45,115.45,115.45,27613.0,3187920.96,115.45
605500.SH,20260923,7.49,7.49,7.49,7.49,12200.0,91378.0,7.49
605507.SH,20260923,18.29,18.29,18.29,18.29,177200.0,3240988.16,18.29
605555.SH,20260923,12.77,12.77,12.77,12.77,5400.0,68958.0,12.77
605566.SH,20260923,31.64,31.52,31.64,31.51,108500.0,3421461.12,31.53
605567.SH,20260923,9.43,9.43,9.43,9.43,27700.0,261211.0,9.43
605577.SH,20260923,17.01,17.01,17.01,17.01,982558.0,16713312.0,17.01
605580.SH,20260923,22.5,22.5,22.5,22.5,108800.0,2448000.0,22.5
605588.SH,20260923,47.03,47.03,47.03,47.03,6600.0,310398.0,47.03
605589.SH,20260923,40.34,40.34,40.34,40.34,98843.0,3987327.04,40.34
605598.SH,20260923,25.3,25.3,25.3,25.3,32900.0,832370.0,25.3
605599.SH,20260923,14.0,14.0,14.0,14.0,21700.0,303800.0,14.0
688001.SH,20260923,72.52,73.14,73.3,72.52,37350.0,2726915.84,73.01
688002.SH,20260923,186.88,186.88,186.88,186.88,38697.0,7231694.72,186.88
688003.SH,20260923,82.3,82.3,82.3,82.3,5465.0,449770.0,82.3
688004.SH,20260923,34.7,34.7,34.7,34.7,211269.0,7331034.24,34.7
688005.SH,20260923,23.89,23.89,23.89,23.89,8898.0,212573.0,23.89
688006.SH,20260923,21.1,21.1,21.1,21.1,5379.0,113497.0,21.1
688007.SH,20260923,11.2,11.2,11.2,11.2,16818.0,188362.0,11.2
688008.SH,20260923,225.5,225.5,225.5,225.5,504361.0,113733406.72,225.5
688009.SH,20260923,4.69,4.69,4.69,4.68,33877.0,158880.0,4.69
688010.SH,20260923,28.08,28.08,28.08,28.08,2354.0,66100.0,28.08
688011.SH,20260923,75.29,75.29,75.29,75.29,2441.0,183783.0,75.29
688012.SH,20260923,350.23,350.23,350.23,350.23,64254.0,22503677.44,350.23
688013.SH,20260923,24.6,24.6,24.6,24.6,6400.0,157440.0,24.6
688015.SH,20260923,16.59,16.59,16.59,16.59,16700.0,277053.0,16.59
688016.SH,20260923,85.98,85.98,85.98,85.98,1100.0,94578.0,85.98
688017.SH,20260923,290.0,290.0,290.0,290.0,7446.0,2159340.0,290.0
688018.SH,20260923,123.95,123.95,123.95,123.95,36274.0,4496161.92,123.95
688019.SH,20260923,233.33,233.33,233.33,233.33,6408.0,1495179.04,233.33
688020.SH,20260923,157.52,157.52,157.52,157.52,7914.0,1246612.96,157.52
688021.SH,20260923,20.08,20.08,20.08,20.08,3072.0,61686.0,20.08
688022.SH,20260923,8.85,8.85,8.85,8.85,5000.0,44250.0,8.85
688023.SH,20260923,48.02,48.02,48.02,48.02,18841.0,904744.96,48.02
688025.SH,20260923,440.0,440.0,440.0,440.0,8758.0,3853520.0,440.0
688026.SH,20260923,27.66,27.3,27.66,27.3,180002.0,4915329.92,27.31
688027.SH,20260923,363.6,363.6,363.6,363.6,23661.0,8603139.84,363.6
688028.SH,20260923,124.13,124.13,124.13,124.13,37751.0,4686032.0,124.13
688029.SH,20260923,84.89,84.89,84.89,84.89,2752.0,233617.0,84.89
688030.SH,20260923,19.32,19.32,19.32,19.32,11692.0,225889.0,19.32
688031.SH,20260923,110.53,110.53,110.53,110.53,16062.0,1775332.96,110.53
688032.SH,20260923,69.92,69.92,69.92,69.92,200.0,13984.0,69.92
688033.SH,20260923,7.33,7.33,7.33,7.33,800.0,5864.0,7.33
688035.SH,20260923,83.18,83.0,83.18,83.0,29299.0,2431875.04,83.0
688036.SH,20260923,56.6,56.6,56.6,56.6,14676.0,830662.0,56.6
688037.SH,20260923,366.03,366.03,366.03,366.03,3795.0,1389084.0,366.03
688038.SH,20260923,19.65,19.65,19.65,19.65,13087.0,257160.0,19.65
688039.SH,20260923,34.12,34.12,34.12,34.12,13257.0,452329.0,34.12
688041.SH,20260923,258.5,258.5,258.5,258.5,133158.0,34421345.28,258.5
688045.SH,20260923,60.44,60.44,60.44,60.44,3403.0,205677.0,60.44
688046.SH,20260923,37.72,37.72,37.72,37.72,23241.0,876651.04,37.72
688047.SH,20260923,107.25,107.61,107.61,107.25,148161.0,15931123.2,107.53
688048.SH,20260923,357.0,357.0,357.0,357.0,36069.0,12876633.6,357.0
688049.SH,20260923,45.25,45.25,45.25,45.25,140371.0,6351788.16,45.25
688050.SH,20260923,38.86,38.86,38.86,38.86,400.0,15544.0,38.86
688051.SH,20260923,26.44,26.44,26.44,26.44,16812.0,444509.0,26.44
688052.SH,20260923,258.44,258.44,258.44,258.44,3556.0,919012.96,258.44
688053.SH,20260923,40.05,40.05,40.05,40.05,0.0,0.0,40.05
688055.SH,20260923,3.78,3.78,3.78,3.78,14733.0,55691.0,3.78
688056.SH,20260923,44.09,44.09,44.09,44.09,13896.0,612675.0,44.09
688057.SH,20260923,18.16,18.16,18.16,18.16,25151.0,456742.0,18.16
688058.SH,20260923,25.84,25.84,25.84,25.84,28306.0,731427.04,25.84
688059.SH,20260923,91.61,91.61,91.61,91.61,27770.0,2544009.92,91.61
688060.SH,20260923,38.27,38.27,38.27,38.27,4710.0,180252.0,38.27
688061.SH,20260923,46.2,46.2,46.2,46.2,18959.0,875906.0,46.2
688062.SH,20260923,28.26,28.26,28.26,28.26,12664.0,357885.0,28.26
688063.SH,20260923,41.59,41.59,41.59,41.59,9687.0,402882.0,41.59
688065.SH,20260923,38.7,38.7,38.7,38.7,5357.0,207316.0,38.7
688066.SH,20260923,8.0,8.0,8.0,8.0,457932.0,3663456.0,8.0
688067.SH,20260923,23.57,23.57,23.57,23.57,4890.0,115257.0,23.57
688068.SH,20260923,97.23,97.23,97.23,97.23,14850.0,1443865.92,97.23
688069.SH,20260923,38.88,38.88,38.88,38.88,7618.0,296188.0,38.88
688070.SH,20260923,35.9,35.9,35.9,35.9,6554.0,235289.0,35.9
688071.SH,20260923,36.05,36.05,36.05,36.05,9596.0,345936.0,36.05
688072.SH,20260923,726.66,726.66,726.66,726.66,7257.0,5273372.16,726.66
688073.SH,20260923,75.01,74.85,75.01,74.85,23781.0,1780275.04,74.86
688075.SH,20260923,30.3,30.3,30.3,30.3,5600.0,169680.0,30.3
688076.SH,20260923,28.54,28.5,28.54,28.5,8400.0,239416.0,28.5
688077.SH,20260923,29.67,29.67,29.67,29.67,31051.0,921283.04,29.67
688078.SH,20260923,31.69,31.69,31.69,31.69,30824.0,976812.96,31.69
688079.SH,20260923,17.3,17.3,17.3,17.3,165699.0,2866592.96,17.3
688080.SH,20260923,39.0,39.0,39.0,39.0,4189.0,163371.0,39.0
688081.SH,20260923,26.65,26.65,26.65,26.65,23086.0,615242.0,26.65
688082.SH,20260923,289.0,289.0,289.5,289.0,8885.0,2567867.04,289.01
688083.SH,20260923,52.31,52.31,52.31,52.31,3160.0,165300.0,52.31
688084.SH,20260923,44.98,44.98,44.98,44.98,6000.0,269880.0,44.98
688085.SH,20260923,13.13,13.13,13.13,13.13,923.0,12119.0,13.13
688087.SH,20260923,34.31,34.31,34.31,34.31,600.0,20586.0,34.31
688088.SH,20260923,30.3,30.3,30.3,30.3,15429.0,467499.0,30.3
688089.SH,20260923,8.65,8.65,8.65,8.65,257.0,2223.0,8.65
688090.SH,20260923,86.26,86.26,86.26,86.26,28420.0,2451508.96,86.26
688091.SH,20260923,41.36,41.36,41.36,41.36,989.0,40905.0,41.36
688092.SH,20260923,21.88,21.88,21.88,21.88,640.0,14003.0,21.88
688093.SH,20260923,23.26,23.19,23.26,23.02,16737.0,387952.0,23.18
688095.SH,20260923,59.62,59.62,59.62,59.62,24929.0,1486267.04,59.62
688096.SH,20260923,7.61,7.61,7.61,7.61,21456.0,163280.0,7.61
688097.SH,20260923,45.66,45.66,45.66,45.66,2534.0,115702.0,45.66
688098.SH,20260923,8.7,8.7,8.7,8.7,59932.0,521408.0,8.7
688099.SH,20260923,94.65,94.65,94.65,94.65,58132.0,5502193.92,94.65
688100.SH,20260923,25.13,25.13,25.13,25.13,8001.0,201065.0,25.13
688101.SH,20260923,14.7,14.7,14.7,14.7,13433.0,197465.0,14.7
688102.SH,20260923,32.25,32.27,32.27,32.25,46010.0,1484652.96,32.27
688103.SH,20260923,82.66,82.66,82.66,82.66,0.0,0.0,82.66
688105.SH,20260923,26.93,26.93,26.93,26.93,377113.0,10155653.12,26.93
688106.SH,20260923,27.14,27.14,27.14,27.14,15964.0,433263.0,27.14
688107.SH,20260923,30.69,30.69,30.69,30.69,22544.0,691875.04,30.69
688108.SH,20260923,16.09,16.09,16.09,16.09,9663.0,155478.0,16.09
688109.SH,20260923,73.51,73.51,73.51,73.51,491.0,36093.0,73.51
688110.SH,20260923,124.12,124.12,124.12,124.12,125790.0,15613054.72,124.12
688111.SH,20260923,229.1,229.01,229.1,229.0,54757.0,12540139.52,229.01
688112.SH,20260923,105.0,105.0,105.0,105.0,154637.0,16236884.48,105.0
688113.SH,20260923,36.5,36.5,36.5,36.5,1560.0,56940.0,36.5
688114.SH,20260923,73.9,73.9,73.9,73.9,38081.0,2814185.92,73.9
688115.SH,20260923,62.96,62.96,62.96,62.96,0.0,0.0,62.96
688116.SH,20260923,33.85,33.85,33.85,33.85,8247.0,279161.0,33.85
688117.SH,20260923,19.06,19.06,19.06,19.06,625992.0,11931407.36,19.06
688118.SH,20260923,20.46,20.46,20.46,20.46,6731.0,137716.0,20.46
688119.SH,20260923,3.87,3.88,3.88,3.87,3475.0,13463.0,3.87
688120.SH,20260923,256.08,256.08,256.08,256.08,8900.0,2279112.0,256.08
688121.SH,20260923,1.23,1.23,1.23,1.23,1620534.08,1993256.96,1.23
688122.SH,20260923,50.6,50.6,50.6,50.6,31194.0,1578416.0,50.6
688123.SH,20260923,171.41,171.41,171.41,171.41,117142.0,20079310.08,171.41
688125.SH,20260923,129.13,129.13,129.13,129.13,4141.0,534727.0,129.13
688126.SH,20260923,24.8,24.8,24.8,24.8,325667.0,8076542.08,24.8
688127.SH,20260923,68.92,68.92,68.92,68.92,35470.0,2444592.0,68.92
688128.SH,20260923,22.14,22.14,22.14,22.14,3200.0,70848.0,22.14
688129.SH,20260923,24.43,24.43,24.43,24.43,25569.0,624651.0,24.43
688130.SH,20260923,27.14,27.14,27.14,27.14,17246.0,468056.0,27.14
688131.SH,20260923,102.3,102.3,102.3,102.3,46220.0,4728305.92,102.3
688132.SH,20260923,16.31,16.31,16.31,16.31,7137.0,116404.0,16.31
688133.SH,20260923,22.0,22.0,22.0,22.0,9736.0,214192.0,22.0
688135.SH,20260923,38.78,38.78,38.78,38.78,123433.0,4786732.16,38.78
688136.SH,20260923,25.0,25.0,25.0,25.0,58408.0,1460200.0,25.0
688137.SH,20260923,119.55,119.01,120.0,119.01,160919.0,19162306.56,119.08
688138.SH,20260923,39.5,39.5,39.5,39.5,20361.0,804260.0,39.5
688139.SH,20260923,35.0,35.0,35.0,35.0,11700.0,409500.0,35.0
688141.SH,20260923,116.46,116.46,116.46,116.46,41269.0,4806188.16,116.46
688143.SH,20260923,195.05,195.05,195.05,195.05,44108.0,8603265.28,195.05
688146.SH,20260923,216.24,216.24,216.24,216.24,141858.0,30675374.08,216.24
688147.SH,20260923,117.01,117.01,117.01,117.01,16428.0,1922240.0,117.01
688148.SH,20260923,6.14,6.14,6.14,6.14,294161.0,1806148.96,6.14
688150.SH,20260923,44.72,44.79,44.79,44.72,22494.0,1007492.0,44.79
688151.SH,20260923,17.26,17.26,17.26,17.26,2053.0,35435.0,17.26
688152.SH,20260923,37.02,37.02,37.02,37.02,4448.0,164665.0,37.02
688153.SH,20260923,26.62,26.62,26.62,26.62,3066.0,81617.0,26.62
688155.SH,20260923,53.51,53.51,53.51,53.51,589.0,31517.0,53.51
688156.SH,20260923,23.68,23.68,23.68,23.68,6520.0,154394.0,23.68
688157.SH,20260923,19.74,19.74,19.74,19.74,6348.0,125310.0,19.74
688158.SH,20260923,30.83,30.83,30.83,30.83,75884.0,2339504.0,30.83
688159.SH,20260923,37.7,37.61,37.8,37.61,19648.0,739794.0,37.65
688160.SH,20260923,97.48,97.48,97.48,97.48,2408.0,234732.0,97.48
688161.SH,20260923,21.98,21.98,21.98,21.98,0.0,0.0,21.98
688162.SH,20260923,25.03,25.03,25.03,25.03,1000.0,25030.0,25.03
688163.SH,20260923,38.99,38.99,38.99,38.99,3905.0,152256.0,38.99
688165.SH,20260923,15.13,15.13,15.13,15.13,5203.0,78721.0,15.13
688166.SH,20260923,37.16,37.16,37.16,37.16,198663.0,7382316.8,37.16
688167.SH,20260923,296.05,296.05,296.05,296.05,42060.0,12451863.04,296.05
688168.SH,20260923,45.73,45.71,45.92,45.57,63914.0,2921725.12,45.71
688169.SH,20260923,117.34,117.34,117.34,117.34,7788.0,913844.0,117.34
688170.SH,20260923,68.6,68.6,68.6,68.6,26617.0,1825926.08,68.6
688171.SH,20260923,22.63,22.63,22.63,22.63,10800.0,244404.0,22.63
688172.SH,20260923,47.3,47.3,47.3,47.3,17860.0,844778.0,47.3
688173.SH,20260923,13.43,13.43,13.43,13.43,28790.0,386650.0,13.43
688175.SH,20260923,23.24,23.24,23.24,23.24,22339.0,519158.0,23.24
688176.SH,20260923,14.92,14.92,14.92,14.92,72493.0,1081596.0,14.92
688177.SH,20260923,21.0,21.0,21.0,21.0,94227.0,1978767.04,21.0
688178.SH,20260923,29.79,29.79,29.79,29.79,2098.0,62499.0,29.79
688179.SH,20260923,23.0,23.0,23.0,23.0,324413.0,7461498.88,23.0
688180.SH,20260923,35.58,35.58,35.58,35.58,37763.0,1343608.0,35.58
688181.SH,20260923,44.88,44.88,44.88,44.88,44101.0,1979252.96,44.88
688182.SH,20260923,29.19,29.19,29.19,29.19,3636.0,106135.0,29.19
688183.SH,20260923,118.18,118.18,118.18,118.18,36949.0,4366632.96,118.18
688184.SH,20260923,10.65,10.65,10.65,10.65,6175.0,65764.0,10.65
688185.SH,20260923,79.99,79.99,79.99,79.99,84194.0,6734677.76,79.99
688186.SH,20260923,14.28,14.28,14.28,14.28,6100.0,87108.0,14.28
688187.SH,20260923,46.0,46.0,46.0,46.0,5746.0,264316.0,46.0
688188.SH,20260923,96.97,96.97,96.97,96.97,1970.0,191031.0,96.97
688189.SH,20260923,6.58,6.58,6.58,6.58,9000.0,59220.0,6.58
688190.SH,20260923,73.87,73.87,73.87,73.87,2800.0,206836.0,73.87
688191.SH,20260923,23.35,23.35,23.35,23.35,32607.0,761372.96,23.35
688192.SH,20260923,61.28,61.28,61.28,61.28,3494.0,214112.0,61.28
688193.SH,20260923,48.62,48.62,48.62,48.62,1872.0,91017.0,48.62
688195.SH,20260923,195.49,195.49,195.49,195.49,27429.0,5362095.04,195.49
688196.SH,20260923,35.5,35.5,35.5,35.5,10953.0,388832.0,35.5
688197.SH,20260923,38.89,38.89,38.89,38.89,6039.0,234857.0,38.89
688198.SH,20260923,72.43,72.43,72.43,72.43,300.0,21729.0,72.43
688199.SH,20260923,25.29,25.29,25.29,25.29,1433.0,36241.0,25.29
688200.SH,20260923,392.99,392.99,392.99,392.99,15473.0,6080734.08,392.99
688201.SH,20260923,7.9,7.9,7.9,7.9,4000.0,31600.0,7.9
688202.SH,20260923,109.86,109.86,109.86,109.86,14860.0,1632520.0,109.86
688203.SH,20260923,21.24,21.24,21.24,21.24,106336.0,2258576.96,21.24
688205.SH,20260923,224.0,224.0,224.0,224.0,41543.0,9305632.0,224.0
688206.SH,20260923,38.22,38.22,38.22,38.22,6522.0,249271.0,38.22
688207.SH,20260923,20.4,20.4,20.4,20.4,94975.0,1937489.92,20.4
688208.SH,20260923,25.93,25.93,25.93,25.93,12206.0,316502.0,25.93
688209.SH,20260923,36.15,36.15,36.15,36.15,24206.0,875047.04,36.15
688210.SH,20260923,30.2,30.2,30.2,30.2,7415.0,223933.0,30.2
688211.SH,20260923,32.54,32.54,32.54,32.54,700.0,22778.0,32.54
688212.SH,20260923,29.49,29.49,29.49,29.49,623.0,18372.0,29.49
688213.SH,20260923,98.11,98.11,98.11,98.11,45275.0,4441929.92,98.11
688215.SH,20260923,47.87,47.87,47.87,47.87,1300.0,62231.0,47.87
688216.SH,20260923,40.6,40.6,40.6,40.6,14547.0,590608.0,40.6
688217.SH,20260923,25.51,25.51,25.51,25.51,3611.0,92117.0,25.51
688218.SH,20260923,40.8,40.8,40.8,40.8,3650.0,148920.0,40.8
688219.SH,20260923,10.35,10.35,10.35,10.35,9900.0,102465.0,10.35
688220.SH,20260923,102.72,102.72,102.72,102.72,24943.0,2562144.96,102.72
688221.SH,20260923,17.47,17.47,17.47,17.47,20800.0,363376.0,17.47
688222.SH,20260923,44.48,44.48,44.48,44.48,101011.0,4492968.96,44.48
688223.SH,20260923,3.88,3.88,3.88,3.88,104800.0,406624.0,3.88
688225.SH,20260923,14.63,14.63,14.63,14.63,30097.0,440319.0,14.63
688226.SH,20260923,29.72,29.68,29.72,29.68,20316.0,603040.0,29.68
688227.SH,20260923,77.82,77.82,77.82,77.82,1900.0,147858.0,77.82
688228.SH,20260923,85.27,85.27,85.27,85.27,8866.0,756004.0,85.27
688229.SH,20260923,62.78,62.78,62.78,62.78,3700.0,232286.0,62.78
688230.SH,20260923,61.8,61.8,61.8,61.8,1400.0,86520.0,61.8
688231.SH,20260923,34.48,34.48,34.48,34.48,35323.0,1217936.96,34.48
688232.SH,20260923,17.88,17.88,17.88,17.88,17019.0,304300.0,17.88
688233.SH,20260923,102.2,102.2,102.2,102.2,10844.0,1108256.96,102.2
688234.SH,20260923,109.71,109.41,109.71,109.41,19527.0,2136568.96,109.42
688235.SH,20260923,267.9,267.9,267.9,267.9,6613.0,1771623.04,267.9
688236.SH,20260923,14.21,14.21,14.21,14.21,10220.0,145226.0,14.21
688237.SH,20260923,59.7,59.7,59.7,59.7,4155.0,248054.0,59.7
688238.SH,20260923,7.84,7.83,7.84,7.83,186920.0,1463585.92,7.83
688239.SH,20260923,57.54,57.54,57.54,57.54,4243.0,244142.0,57.54
688244.SH,20260923,17.28,17.28,17.28,17.28,102296.0,1767675.04,17.28
688246.SH,20260923,18.3,18.3,18.3,18.3,11063.0,202453.0,18.3
688247.SH,20260923,10.02,10.02,10.02,10.02,7657.0,76723.0,10.02
688248.SH,20260923,50.71,50.71,50.71,50.71,27339.0,1386360.96,50.71
688249.SH,20260923,36.62,36.62,36.62,36.62,49395.0,1808844.96,36.62
688251.SH,20260923,19.1,19.1,19.1,19.1,4950.0,94545.0,19.1
688252.SH,20260923,21.66,21.66,21.66,21.66,16991.0,368025.0,21.66
688253.SH,20260923,58.85,58.85,58.85,58.85,4055.0,238637.0,58.85
688255.SH,20260923,26.64,26.64,26.64,26.64,18492.0,492627.0,26.64
688256.SH,20260923,1121.0,1121.0,1121.0,1121.0,16792.0,18823832.32,1121.0
688257.SH,20260923,59.03,59.03,59.03,59.01,35629.0,2103156.0,59.03
688258.SH,20260923,93.43,93.43,93.43,93.43,45652.0,4265265.92,93.43
688259.SH,20260923,32.4,32.4,32.4,32.4,5036.0,163166.0,32.4
688260.SH,20260923,114.01,114.01,114.01,114.01,56943.0,6492071.04,114.01
688261.SH,20260923,78.73,78.73,78.73,78.73,26542.0,2089652.0,78.73
688262.SH,20260923,28.6,28.6,28.6,28.6,113195.0,3237376.96,28.6
688265.SH,20260923,51.16,51.12,51.16,51.12,39609.0,2024825.92,51.12
688266.SH,20260923,118.58,118.58,118.58,118.58,7802.0,925160.96,118.58
688267.SH,20260923,23.13,23.13,23.13,23.13,94454.0,2184720.96,23.13
688268.SH,20260923,135.01,135.01,135.01,135.01,3854.0,520329.0,135.01
688269.SH,20260923,27.99,27.99,27.99,27.99,4465.0,124975.0,27.99
688270.SH,20260923,57.49,57.49,57.49,57.49,11647.0,669586.0,57.49
688271.SH,20260923,102.11,102.01,102.11,102.01,8819.0,899646.0,102.01
688272.SH,20260923,29.55,29.55,29.55,29.55,10800.0,319140.0,29.55
688273.SH,20260923,30.7,31.01,31.01,30.7,11245.0,348363.0,30.98
688275.SH,20260923,69.97,69.97,69.97,69.97,3066.0,214528.0,69.97
688276.SH,20260923,18.31,18.3,18.31,18.25,65354.0,1196026.0,18.3
688277.SH,20260923,15.72,15.72,15.72,15.72,9814.0,154276.0,15.72
688278.SH,20260923,52.01,52.01,52.01,52.01,3189.0,165860.0,52.01
688279.SH,20260923,217.0,217.0,217.0,217.0,5503.0,1194151.04,217.0
688280.SH,20260923,5.03,5.03,5.03,5.03,50441.0,253718.0,5.03
688281.SH,20260923,51.8,51.8,51.8,51.8,3263.0,169023.0,51.8
688282.SH,20260923,53.85,53.85,53.85,53.85,900.0,48465.0,53.85
688283.SH,20260923,30.39,30.39,30.39,30.39,45842.0,1393137.92,30.39
688285.SH,20260923,7.63,7.63,7.63,7.63,21672.0,165357.0,7.63
688286.SH,20260923,49.72,49.72,49.72,49.72,5101.0,253622.0,49.72
688288.SH,20260923,19.66,19.66,19.66,19.66,20784.0,408613.0,19.66
688289.SH,20260923,16.64,16.64,16.64,16.64,5842.0,97211.0,16.64
688290.SH,20260923,64.3,63.66,64.5,63.66,4500.0,289120.0,64.25
688291.SH,20260923,41.88,41.88,41.88,41.88,4150.0,173802.0,41.88
688292.SH,20260923,22.39,22.39,22.39,22.39,71293.0,1596249.92,22.39
688293.SH,20260923,75.7,75.55,75.7,75.38,56938.0,4302909.12,75.57
688295.SH,20260923,37.9,37.97,37.97,37.86,43450.0,1647704.0,37.92
688296.SH,20260923,28.3,28.3,28.3,28.3,10350.0,292905.0,28.3
688297.SH,20260923,43.43,43.43,43.43,43.43,8064.0,350220.0,43.43
688298.SH,20260923,19.1,19.1,19.1,19.1,15393.0,294006.0,19.1
688299.SH,20260923,13.8,13.8,13.8,13.8,43621.0,601970.0,13.8
688300.SH,20260923,177.0,177.0,177.0,177.0,35122.0,6216593.92,177.0
688301.SH,20260923,95.74,95.74,95.93,95.74,30222.0,2893666.88,95.75
688302.SH,20260923,33.45,33.45,33.45,33.45,4200.0,140490.0,33.45
688303.SH,20260923,16.4,16.43,16.43,16.4,19137.0,314388.0,16.43
688305.SH,20260923,57.64,57.64,57.64,57.64,3911.0,225430.0,57.64
688306.SH,20260923,9.75,9.75,9.75,9.75,21992.0,214422.0,9.75
688307.SH,20260923,48.33,48.33,48.33,48.33,4700.0,227151.0,48.33
688308.SH,20260923,87.53,87.25,87.95,87.25,16031.0,1400638.08,87.37
688309.SH,20260923,77.4,77.4,77.4,77.4,1594.0,123376.0,77.4
688310.SH,20260923,15.78,15.88,15.88,15.78,6668.0,105748.0,15.86
688311.SH,20260923,24.62,24.62,24.62,24.62,4496.0,110692.0,24.62
688312.SH,20260923,57.09,57.09,57.09,57.09,69613.0,3974206.08,57.09
688313.SH,20260923,165.89,165.89,165.89,165.89,149863.0,24860771.84,165.89
688314.SH,20260923,31.18,31.18,31.18,31.18,3514.0,109567.0,31.18
688315.SH,20260923,18.98,18.98,18.98,18.98,419300.0,7958314.24,18.98
688316.SH,20260923,47.0,47.27,47.3,47.0,28227.0,1333108.0,47.23
688317.SH,20260923,18.3,18.3,18.3,18.3,49832.0,911926.0,18.3
688318.SH,20260923,81.66,82.0,82.0,81.66,19792.0,1622851.04,82.0
688319.SH,20260923,29.87,30.0,30.0,29.87,16863.0,505253.0,29.96
688320.SH,20260923,36.67,36.67,36.67,36.67,3714.0,136192.0,36.67
688321.SH,20260923,26.54,26.54,26.54,26.54,25613.0,679768.96,26.54
688322.SH,20260923,90.6,90.6,90.6,90.6,8647.0,783418.0,90.6
688323.SH,20260923,26.46,26.46,26.46,26.46,34546.0,914087.04,26.46
688325.SH,20260923,106.62,106.62,106.62,106.62,4543.0,484375.0,106.62
688326.SH,20260923,59.65,59.65,59.65,59.65,900.0,53685.0,59.65
688327.SH,20260923,10.21,10.21,10.21,10.2,46934.0,479145.0,10.21
688328.SH,20260923,83.96,83.9,83.96,83.9,8010.0,672067.04,83.9
688329.SH,20260923,23.18,23.18,23.18,23.18,10173.0,235810.0,23.18
688330.SH,20260923,38.18,38.18,38.18,38.18,39341.0,1502039.04,38.18
688331.SH,20260923,125.67,125.67,125.67,125.67,12070.0,1516836.96,125.67
688332.SH,20260923,97.39,97.39,97.39,97.39,12994.0,1265486.0,97.39
688333.SH,20260923,105.76,105.77,105.99,105.38,27527.0,2910899.84,105.75
688334.SH,20260923,18.12,18.12,18.12,18.12,1693.0,30677.0,18.12
688335.SH,20260923,18.18,18.18,18.18,18.18,5454.0,99154.0,18.18
688336.SH,20260923,41.41,41.41,41.6,41.41,23858.0,988207.04,41.42
688337.SH,20260923,47.67,47.67,47.67,47.67,34994.0,1668164.0,47.67
688338.SH,20260923,32.36,32.36,32.36,32.36,3700.0,119732.0,32.36
688339.SH,20260923,18.85,18.85,18.85,18.85,66102.0,1246023.04,18.85
688343.SH,20260923,66.92,66.92,66.92,66.92,47203.0,3158824.96,66.92
688345.SH,20260923,48.58,48.58,48.58,48.58,0.0,0.0,48.58
688347.SH,20260923,232.05,232.0,232.05,231.6,38233.0,8869507.2,231.99
688348.SH,20260923,30.46,30.46,30.46,30.46,4200.0,127932.0,30.46
688349.SH,20260923,13.17,13.19,13.19,13.17,61031.0,804828.96,13.19
688350.SH,20260923,29.36,29.36,29.36,29.36,17392.0,510629.0,29.36
688351.SH,20260923,17.75,17.75,17.75,17.75,6146.0,109092.0,17.75
688352.SH,20260923,19.89,19.89,19.89,19.89,37349.0,742872.0,19.89
688353.SH,20260923,82.01,82.01,82.01,82.01,8296.0,680355.04,82.01
688355.SH,20260923,16.97,16.97,16.97,16.97,3588.0,60888.0,16.97
688356.SH,20260923,98.32,99.39,99.39,98.01,56699.0,5634138.24,99.37
688357.SH,20260923,26.5,26.5,26.5,26.5,700.0,18550.0,26.5
688358.SH,20260923,29.22,29.29,29.29,29.22,6799.0,199120.0,29.29
688359.SH,20260923,111.92,111.92,111.92,111.92,7287.0,815560.96,111.92
688360.SH,20260923,16.0,16.0,16.0,16.0,46714.0,747424.0,16.0
688361.SH,20260923,382.0,382.0,382.0,382.0,21996.0,8402471.68,382.0
688362.SH,20260923,63.36,63.36,63.36,63.36,57902.0,3668671.04,63.36
688363.SH,20260923,35.0,35.0,35.0,35.0,13841.0,484435.0,35.0
688365.SH,20260923,16.88,16.87,16.95,16.84,1222114.0,20616000.0,16.87
688366.SH,20260923,30.4,30.4,30.4,30.4,2000.0,60800.0,30.4
688367.SH,20260923,30.2,30.2,30.2,30.2,0.0,0.0,30.2
688368.SH,20260923,146.98,146.98,146.98,146.98,28454.0,4182168.96,146.98
688369.SH,20260923,20.33,20.33,20.33,20.33,16037.0,326032.0,20.33
688370.SH,20260923,26.72,26.72,26.72,26.72,10680.0,285370.0,26.72
688371.SH,20260923,25.25,25.25,25.25,25.25,14536.0,367034.0,25.25
688372.SH,20260923,115.8,115.8,115.8,115.8,11412.0,1321510.0,115.8
688373.SH,20260923,6.05,6.03,6.05,6.02,914696.96,5521994.88,6.04
688375.SH,20260923,70.4,70.4,70.4,70.4,5497.0,386989.0,70.4
688376.SH,20260923,64.46,64.45,64.46,64.45,2600.0,167575.0,64.45
688377.SH,20260923,17.66,17.66,17.66,17.66,10712.0,189174.0,17.66
688378.SH,20260923,52.4,52.4,52.4,52.4,28824.0,1510377.92,52.4
688379.SH,20260923,56.68,56.68,56.68,56.68,6456.0,365926.0,56.68
688380.SH,20260923,42.92,42.92,42.92,42.92,33398.0,1433441.92,42.92
688381.SH,20260923,44.24,44.24,44.24,44.24,36945.0,1634447.04,44.24
688382.SH,20260923,20.24,20.03,20.24,20.03,35367.0,709712.96,20.07
688383.SH,20260923,141.01,141.01,141.01,141.01,3110.0,438541.0,141.01
688385.SH,20260923,60.13,60.13,60.13,60.13,35799.0,2152593.92,60.13
688386.SH,20260923,47.51,47.51,47.51,47.51,3100.0,147281.0,47.51
688387.SH,20260923,12.65,12.65,12.65,12.65,51786.0,655093.0,12.65
688388.SH,20260923,29.87,29.87,29.87,29.87,117841.0,3519911.04,29.87
688389.SH,20260923,11.16,11.16,11.16,11.16,6247.0,69717.0,11.16
688390.SH,20260923,60.23,60.23,60.23,60.23,27128.0,1633919.04,60.23
688391.SH,20260923,26.89,26.89,26.89,26.89,910.0,24470.0,26.89
688392.SH,20260923,182.89,182.89,182.89,182.89,9762.0,1785372.0,182.89
688393.SH,20260923,22.38,22.38,22.38,22.38,44003.0,984787.04,22.38
688395.SH,20260923,25.55,25.55,25.55,25.55,1435.0,36664.0,25.55
688396.SH,20260923,61.46,61.46,61.46,61.46,58544.0,3598113.92,61.46
688398.SH,20260923,23.2,23.2,23.2,23.2,7400.0,171680.0,23.2
688399.SH,20260923,27.88,27.88,27.88,27.88,9180.0,255938.0,27.88
688400.SH,20260923,46.9,46.9,46.9,46.9,15313.0,718180.0,46.9
688401.SH,20260923,70.28,70.09,70.44,70.09,17248.0,1209296.0,70.11
688403.SH,20260923,26.0,26.0,26.0,26.0,69813.0,1815137.92,26.0
688408.SH,20260923,22.98,22.98,22.98,22.98,11200.0,257376.0,22.98
688409.SH,20260923,192.74,192.74,192.74,192.74,6539.0,1260327.04,192.74
688410.SH,20260923,10.01,10.01,10.01,10.01,1758.0,17598.0,10.01
688411.SH,20260923,165.11,165.11,165.11,165.11,7328.0,1209926.0,165.11
688416.SH,20260923,82.51,82.51,82.51,82.51,57211.0,4720480.0,82.51
688418.SH,20260923,32.09,32.09,32.09,32.09,3208.0,102945.0,32.09
688419.SH,20260923,52.98,52.98,52.98,52.93,15921.0,843480.96,52.98
688420.SH,20260923,23.09,23.09,23.09,23.09,5826.0,134522.0,23.09
688425.SH,20260923,3.98,3.98,3.98,3.98,173681.0,691250.0,3.98
688426.SH,20260923,22.03,22.03,22.03,22.03,4700.0,103541.0,22.03
688428.SH,20260923,31.94,31.94,31.94,31.94,31548.0,1007643.04,31.94
688429.SH,20260923,9.5,9.5,9.5,9.5,7410.0,70395.0,9.5
688432.SH,20260923,52.71,52.71,52.71,52.71,218093.0,11495682.56,52.71
688433.SH,20260923,89.99,89.99,89.99,89.99,19820.0,1783601.92,89.99
688435.SH,20260923,31.0,31.04,31.04,31.0,10581.0,328402.0,31.04
688439.SH,20260923,38.18,38.18,38.18,38.18,4440.0,169519.0,38.18
688443.SH,20260923,25.1,25.1,25.1,25.1,2850.0,71535.0,25.1
688448.SH,20260923,69.78,69.78,69.78,69.78,1693.0,118138.0,69.78
688449.SH,20260923,64.8,64.8,64.8,64.8,30660.0,1986768.0,64.8
688450.SH,20260923,33.33,33.33,33.33,33.33,6081.0,202680.0,33.33
688455.SH,20260923,17.85,17.85,17.85,17.85,6600.0,117810.0,17.85
688456.SH,20260923,76.28,76.28,76.28,76.28,23961.0,1827744.96,76.28
688458.SH,20260923,38.55,38.55,38.55,38.55,2611.0,100654.0,38.55
688459.SH,20260923,8.21,8.21,8.21,8.21,0.0,0.0,8.21
688466.SH,20260923,14.03,14.03,14.03,14.03,3343.0,46902.0,14.03
688468.SH,20260923,6.58,6.58,6.58,6.58,33599.0,221081.0,6.58
688469.SH,20260923,8.79,8.79,8.79,8.79,157605.0,1385348.0,8.79
688472.SH,20260923,8.6,8.6,8.6,8.6,46857.0,402970.0,8.6
688475.SH,20260923,27.82,27.82,27.82,27.82,3700.0,102934.0,27.82
688478.SH,20260923,48.4,48.4,48.4,48.4,14571.0,705236.0,48.4
688479.SH,20260923,36.33,36.33,36.33,36.33,5700.0,207081.0,36.33
688480.SH,20260923,71.5,71.5,71.5,71.5,5955.0,425783.0,71.5
688484.SH,20260923,34.85,34.85,34.85,34.85,2700.0,94095.0,34.85
688485.SH,20260923,120.0,120.0,120.0,120.0,48136.0,5776320.0,120.0
688486.SH,20260923,50.0,50.0,50.0,50.0,26873.0,1343649.92,50.0
688488.SH,20260923,16.5,16.5,16.5,16.5,15513.0,255965.0,16.5
688489.SH,20260923,26.15,26.15,26.15,26.15,7803.0,204048.0,26.15
688496.SH,20260923,0.58,0.58,0.58,0.58,0.0,0.0,0.58
688498.SH,20260923,1764.82,1764.82,1764.82,1764.82,15819.0,27917688.32,1764.82
688499.SH,20260923,36.49,36.49,36.49,36.49,36974.0,1349180.96,36.49
688500.SH,20260923,33.38,33.38,33.38,33.38,19661.0,656284.0,33.38
688501.SH,20260923,15.97,15.97,15.97,15.97,10305.0,164571.0,15.97
688502.SH,20260923,442.0,442.0,442.0,442.0,4002.0,1768884.0,442.0
688503.SH,20260923,81.64,81.64,81.64,81.64,51879.0,4235401.92,81.64
688505.SH,20260923,8.43,8.43,8.43,8.43,36972.0,311674.0,8.43
688506.SH,20260923,251.0,251.0,251.0,251.0,9373.0,2352623.04,251.0
688507.SH,20260923,145.63,145.63,145.63,145.63,3576.0,520773.0,145.63
688508.SH,20260923,89.6,89.6,89.6,89.6,7743.0,693772.96,89.6
688509.SH,20260923,4.21,4.21,4.21,4.21,0.0,0.0,4.21
688510.SH,20260923,25.35,25.35,25.35,25.35,6789.0,172101.0,25.35
688511.SH,20260923,22.76,22.76,22.76,22.76,3274.0,74516.0,22.76
688512.SH,20260923,14.46,14.46,14.46,14.46,83026.0,1200556.0,14.46
688513.SH,20260923,51.07,51.07,51.07,51.07,5200.0,265564.0,51.07
688515.SH,20260923,153.2,153.2,153.2,153.2,2337.0,358028.0,153.2
688516.SH,20260923,44.27,44.27,44.27,44.27,13643.0,603976.0,44.27
688517.SH,20260923,16.4,16.4,16.4,16.4,1800.0,29520.0,16.4
688518.SH,20260923,21.0,21.0,21.0,21.0,25567.0,536907.0,21.0
688519.SH,20260923,312.14,312.14,312.14,312.14,12830.0,4004755.84,312.14
688520.SH,20260923,36.81,36.81,36.81,36.81,20876.0,768446.0,36.81
688521.SH,20260923,209.07,208.6,209.32,208.55,33456.0,6979285.12,208.61
688522.SH,20260923,18.26,18.26,18.26,18.26,4455.0,81348.0,18.26
688523.SH,20260923,40.12,40.12,40.12,40.12,5652.0,226758.0,40.12
688525.SH,20260923,221.98,221.98,221.98,221.98,439369.0,97531125.76,221.98
688526.SH,20260923,12.5,12.5,12.5,12.5,7862.0,98275.0,12.5
688528.SH,20260923,10.21,10.21,10.21,10.21,10800.0,110268.0,10.21
688529.SH,20260923,14.86,14.86,14.86,14.86,0.0,0.0,14.86
688530.SH,20260923,61.8,61.8,61.8,61.8,40389.0,2496040.0,61.8
688531.SH,20260923,145.5,145.22,145.5,145.22,9065.0,1316475.04,145.23
688533.SH,20260923,20.3,20.3,20.3,20.3,600.0,12180.0,20.3
688535.SH,20260923,111.0,111.0,111.0,111.0,22392.0,2485512.0,111.0
688536.SH,20260923,353.08,353.08,353.08,353.08,6457.0,2279838.08,353.08
688538.SH,20260923,2.09,2.09,2.09,2.09,67037.0,140107.0,2.09
688539.SH,20260923,24.8,24.8,24.8,24.8,1000.0,24800.0,24.8
688543.SH,20260923,43.67,43.67,43.67,43.67,10742.0,469103.0,43.67
688545.SH,20260923,76.9,76.9,76.9,76.9,24451.0,1880281.92,76.9
688548.SH,20260923,33.25,33.25,33.25,33.25,44606.0,1483150.08,33.25
688549.SH,20260923,23.56,23.56,23.56,23.56,169284.0,3988330.88,23.56
688550.SH,20260923,38.2,38.2,38.2,38.2,8610.0,328902.0,38.2
688551.SH,20260923,40.38,40.38,40.38,40.38,3382.0,136565.0,40.38
688552.SH,20260923,30.99,30.99,30.99,30.99,4435.0,137441.0,30.99
688553.SH,20260923,12.71,12.71,12.71,12.71,41848.0,531888.0,12.71
688556.SH,20260923,7.81,7.81,7.81,7.81,13251.0,103490.0,7.81
688557.SH,20260923,21.03,21.03,21.03,21.03,9000.0,189270.0,21.03
688558.SH,20260923,33.76,33.76,33.76,33.76,4343.0,146620.0,33.76
688559.SH,20260923,58.09,58.09,58.09,58.09,23486.0,1364302.08,58.09
688560.SH,20260923,12.72,12.72,12.72,12.72,2200.0,27984.0,12.72
688561.SH,20260923,29.98,29.98,29.98,29.98,57110.0,1712158.08,29.98
688562.SH,20260923,14.5,14.5,14.5,14.5,1510.0,21895.0,14.5
688563.SH,20260923,54.5,54.5,54.5,54.5,3500.0,190750.0,54.5
688565.SH,20260923,11.4,11.4,11.4,11.4,26900.0,306660.0,11.4
688566.SH,20260923,26.88,26.88,26.88,26.88,16914.0,454648.0,26.88
688567.SH,20260923,9.06,9.06,9.06,9.06,8777.0,79520.0,9.06
688568.SH,20260923,31.17,31.17,31.17,31.17,10959.0,341592.0,31.17
688569.SH,20260923,18.7,18.7,18.7,18.7,7500.0,140250.0,18.7
688570.SH,20260923,14.72,14.72,14.72,14.72,0.0,0.0,14.72
688571.SH,20260923,8.68,8.68,8.68,8.68,16886.0,146570.0,8.68
688573.SH,20260923,15.68,15.68,15.68,15.68,5400.0,84672.0,15.68
688575.SH,20260923,10.47,10.47,10.47,10.47,91623.0,959292.96,10.47
688576.SH,20260923,40.33,40.33,40.33,40.33,0.0,0.0,40.33
688577.SH,20260923,42.25,42.25,42.25,42.25,2095.0,88514.0,42.25
688578.SH,20260923,102.5,102.5,102.5,102.5,11274.0,1155584.96,102.5
688579.SH,20260923,8.04,8.04,8.04,8.04,4835.0,38873.0,8.04
688580.SH,20260923,44.0,44.0,44.0,44.0,1400.0,61600.0,44.0
688581.SH,20260923,56.2,56.2,56.2,56.2,700.0,39340.0,56.2
688582.SH,20260923,39.42,39.42,39.42,39.42,2400.0,94608.0,39.42
688583.SH,20260923,82.83,82.83,82.83,82.83,400.0,33132.0,82.83
688584.SH,20260923,28.18,28.18,28.18,28.18,47103.0,1327363.04,28.18
688585.SH,20260923,140.01,140.01,140.01,140.01,13122.0,1837211.04,140.01
688586.SH,20260923,11.26,11.26,11.26,11.26,1300.0,14638.0,11.26
688588.SH,20260923,9.26,9.26,9.26,9.26,2228.0,20631.0,9.26
688589.SH,20260923,20.93,20.93,20.93,20.93,7068.0,147933.0,20.93
688590.SH,20260923,12.7,12.7,12.7,12.7,9233.0,117259.0,12.7
688591.SH,20260923,31.34,31.34,31.34,31.34,60763.0,1904312.0,31.34
688592.SH,20260923,23.6,23.6,23.6,23.6,6172.0,145659.0,23.6
688593.SH,20260923,31.2,31.2,31.2,31.2,16547.0,516266.0,31.2
688595.SH,20260923,31.95,31.95,31.95,31.95,18436.0,589030.0,31.95
688596.SH,20260923,65.13,65.13,65.13,65.13,18714.0,1218843.04,65.13
688597.SH,20260923,6.42,6.42,6.42,6.42,61287.0,393463.0,6.42
688598.SH,20260923,35.23,35.23,35.23,35.23,14800.0,521404.0,35.23
688599.SH,20260923,11.13,11.13,11.13,11.13,54416.0,605650.0,11.13
688600.SH,20260923,37.0,37.0,37.0,37.0,2752.0,101824.0,37.0
688601.SH,20260923,61.08,61.08,61.08,61.08,4223.0,257941.0,61.08
688602.SH,20260923,6.96,6.96,6.96,6.96,1200.0,8352.0,6.96
688603.SH,20260923,120.7,121.0,121.6,120.7,68069.0,8237440.0,121.02
688605.SH,20260923,85.85,85.85,85.85,85.85,4567.0,392077.0,85.85
688606.SH,20260923,46.75,46.75,46.75,46.75,200.0,9350.0,46.75
688607.SH,20260923,39.63,39.63,39.63,39.63,12521.0,496207.0,39.63
688608.SH,20260923,113.5,113.5,113.5,113.5,63302.0,7184776.96,113.5
688609.SH,20260923,9.65,9.65,9.65,9.65,30299.0,292385.0,9.65
688610.SH,20260923,175.51,175.51,175.51,175.51,2183.0,383138.0,175.51
688611.SH,20260923,69.0,69.0,69.0,69.0,800.0,55200.0,69.0
688612.SH,20260923,36.54,36.54,36.54,36.54,12404.0,453242.0,36.54
688613.SH,20260923,20.24,20.24,20.24,20.24,67885.0,1373992.0,20.24
688615.SH,20260923,93.95,93.95,93.95,93.95,69937.0,6570581.12,93.95
688616.SH,20260923,11.0,11.0,11.0,11.0,1200.0,13200.0,11.0
688617.SH,20260923,243.95,243.95,243.95,243.95,2568.0,626464.0,243.95
688618.SH,20260923,30.41,30.41,30.41,30.41,0.0,0.0,30.41
688619.SH,20260923,14.9,14.9,14.9,14.9,5500.0,81950.0,14.9
688620.SH,20260923,18.08,18.08,18.08,18.08,55294.0,999716.0,18.08
688621.SH,20260923,74.0,74.18,74.18,73.8,11072.0,821046.0,74.16
688622.SH,20260923,138.18,138.18,138.18,138.18,5412.0,747830.0,138.18
688623.SH,20260923,59.39,59.39,59.39,59.39,2548.0,151326.0,59.39
688625.SH,20260923,69.55,69.55,69.55,69.55,10952.0,761712.0,69.55
688626.SH,20260923,44.3,44.3,44.3,44.3,19761.0,875412.0,44.3
688627.SH,20260923,483.79,483.79,483.79,483.79,8453.0,4089477.12,483.79
688628.SH,20260923,98.49,98.49,98.49,98.49,163657.0,16118577.92,98.49
688629.SH,20260923,125.52,125.52,125.52,125.52,15182.0,1905644.96,125.52
688630.SH,20260923,430.0,430.0,430.0,430.0,7001.0,3010430.08,430.0
688631.SH,20260923,37.94,37.94,37.94,37.94,3606.0,136812.0,37.94
688633.SH,20260923,22.51,22.51,22.51,22.51,1700.0,38267.0,22.51
688635.SH,20260923,284.63,284.63,284.63,284.63,8099.0,2305217.92,284.63
688636.SH,20260923,21.14,21.14,21.14,21.14,21070.0,445420.0,21.14
688638.SH,20260923,33.77,33.77,33.77,33.77,1086.0,36674.0,33.77
688639.SH,20260923,18.5,18.5,18.5,18.5,49260.0,911310.0,18.5
688646.SH,20260923,79.57,79.57,79.57,79.57,6905.0,549431.0,79.57
688648.SH,20260923,29.69,29.69,29.69,29.69,4435.0,131675.0,29.69
688651.SH,20260923,25.13,25.13,25.13,25.13,7361.0,184982.0,25.13
688652.SH,20260923,148.99,148.99,148.99,148.99,7606.0,1133218.0,148.99
688653.SH,20260923,15.3,15.3,15.3,15.3,33480.0,512244.0,15.3
688655.SH,20260923,77.58,77.58,77.58,77.58,91833.0,7124403.84,77.58
688656.SH,20260923,116.72,116.72,116.72,116.72,2880.0,336154.0,116.72
688657.SH,20260923,33.92,33.92,33.92,33.92,0.0,0.0,33.92
688658.SH,20260923,13.9,13.94,13.94,13.9,17310.0,241205.0,13.93
688659.SH,20260923,9.28,9.28,9.28,9.28,2363.0,21929.0,9.28
688660.SH,20260923,9.07,9.07,9.07,9.07,185244.0,1680163.04,9.07
688661.SH,20260923,107.68,107.68,107.68,107.68,4725.0,508788.0,107.68
688662.SH,20260923,118.87,118.87,118.87,118.87,247633.0,29436136.96,118.87
688663.SH,20260923,57.57,57.57,57.57,57.57,20944.0,1205746.0,57.57
688665.SH,20260923,43.06,43.06,43.06,43.06,3567.0,153595.0,43.06
688667.SH,20260923,97.84,97.84,97.84,97.84,800.0,78272.0,97.84
688668.SH,20260923,255.0,255.02,255.02,255.0,14028.0,3577384.0,255.02
688669.SH,20260923,70.5,70.5,70.5,70.5,4521.0,318731.0,70.5
688670.SH,20260923,19.0,19.0,19.0,19.0,11280.0,214320.0,19.0
688671.SH,20260923,26.89,26.89,26.89,26.89,6312.0,169730.0,26.89
688676.SH,20260923,64.73,64.73,64.73,64.73,15732.0,1018332.0,64.73
688677.SH,20260923,79.55,79.55,79.55,79.55,8221.0,653981.0,79.55
688678.SH,20260923,27.9,27.9,27.9,27.9,100853.0,2813799.04,27.9
688679.SH,20260923,40.99,40.99,40.99,40.99,11213.0,459621.0,40.99
688680.SH,20260923,38.13,38.0,38.38,38.0,8845.0,336320.0,38.02
688681.SH,20260923,15.49,15.49,15.49,15.49,2100.0,32529.0,15.49
688682.SH,20260923,31.64,31.64,31.64,31.64,900.0,28476.0,31.64
688683.SH,20260923,32.14,32.14,32.14,32.14,10295.0,330881.0,32.14
688685.SH,20260923,35.27,35.27,35.27,35.27,42958.0,1515128.96,35.27
688686.SH,20260923,140.68,140.68,140.68,140.68,1743.0,245205.0,140.68
688687.SH,20260923,18.52,18.52,18.52,18.52,6930.0,128344.0,18.52
688689.SH,20260923,42.05,42.05,42.05,42.05,86529.0,3638544.0,42.05
688690.SH,20260923,47.69,47.6,47.69,47.6,107964.0,5139103.04,47.6
688691.SH,20260923,65.95,65.95,65.95,65.95,5935.0,391413.0,65.95
688692.SH,20260923,208.01,208.01,208.01,208.01,6677.0,1388883.04,208.01
688693.SH,20260923,78.0,78.0,78.0,78.0,4528.0,353184.0,78.0
688695.SH,20260923,19.8,19.8,19.8,19.8,3436.0,68033.0,19.8
688696.SH,20260923,90.2,90.2,90.2,90.2,6977.0,629325.0,90.2
688697.SH,20260923,15.08,15.08,15.08,15.08,24580.0,370666.0,15.08
688698.SH,20260923,44.14,44.14,44.14,44.14,1215.0,53630.0,44.14
688699.SH,20260923,69.75,69.35,69.75,69.35,11854.0,822782.0,69.41
688700.SH,20260923,64.7,64.7,64.7,64.7,18773.0,1214612.96,64.7
688701.SH,20260923,8.73,8.73,8.73,8.73,28500.0,248805.0,8.73
688702.SH,20260923,328.0,328.0,328.0,328.0,16156.0,5299168.0,328.0
688707.SH,20260923,10.29,10.29,10.29,10.29,7165.0,73728.0,10.29
688708.SH,20260923,40.62,40.62,40.62,40.62,269.0,10927.0,40.62
688709.SH,20260923,25.58,25.58,25.58,25.58,6500.0,166270.0,25.58
688710.SH,20260923,92.05,92.05,92.05,92.05,11957.0,1100642.0,92.05
688711.SH,20260923,28.2,28.29,28.29,28.2,22506.0,636245.0,28.27
688712.SH,20260923,31.7,31.7,31.7,31.7,3222.0,102137.0,31.7
688716.SH,20260923,27.36,26.9,27.36,26.9,43807.0,1179098.0,26.92
688717.SH,20260923,44.38,44.38,44.38,44.38,8800.0,390544.0,44.38
688718.SH,20260923,15.28,15.28,15.28,15.28,20779.0,317503.0,15.28
688719.SH,20260923,56.0,56.0,56.0,56.0,9943.0,556808.0,56.0
688720.SH,20260923,67.93,67.93,67.93,67.93,6343.0,430880.0,67.93
688721.SH,20260923,40.8,40.8,40.8,40.8,6409.0,261487.0,40.8
688722.SH,20260923,14.5,14.5,14.5,14.5,18093.0,262349.0,14.5
688726.SH,20260923,45.0,45.0,45.0,45.0,39014.0,1755630.08,45.0
688727.SH,20260923,48.66,48.66,48.66,48.66,6007.0,292301.0,48.66
688728.SH,20260923,14.85,14.85,14.85,14.85,44195.0,656296.0,14.85
688729.SH,20260923,24.81,24.81,24.81,24.81,60274.0,1495398.08,24.81
688733.SH,20260923,29.11,29.11,29.11,29.11,10161.0,295787.0,29.11
688737.SH,20260923,17.16,17.16,17.16,17.16,1100.0,18876.0,17.16
688739.SH,20260923,21.04,21.04,21.04,21.04,2400.0,50496.0,21.04
688750.SH,20260923,14.22,14.22,14.22,14.22,0.0,0.0,14.22
688755.SH,20260923,30.34,30.34,30.34,30.34,22073.0,669695.0,30.34
688757.SH,20260923,31.28,31.28,31.28,31.28,15546.0,486279.0,31.28
688758.SH,20260923,33.52,33.52,33.52,33.52,64584.0,2164856.0,33.52
688759.SH,20260923,23.8,23.8,23.8,23.8,6437.0,153201.0,23.8
688765.SH,20260923,39.5,39.5,39.5,39.5,11656.0,460412.0,39.5
688766.SH,20260923,437.0,437.0,437.0,437.0,96303.0,42084410.88,437.0
688767.SH,20260923,42.87,42.87,42.87,42.87,7497.0,321396.0,42.87
688768.SH,20260923,48.83,48.59,48.83,48.59,5653.0,274727.0,48.6
688772.SH,20260923,13.79,13.79,13.79,13.79,32178.0,443735.0,13.79
688775.SH,20260923,95.3,95.49,95.49,95.3,11438.0,1092044.0,95.48
688776.SH,20260923,47.09,47.09,47.09,47.09,1503.0,70776.0,47.09
688777.SH,20260923,81.85,81.85,81.85,81.85,29268.0,2395585.92,81.85
688778.SH,20260923,43.28,43.28,43.28,43.28,5872.0,254140.0,43.28
688779.SH,20260923,7.56,7.56,7.56,7.56,22086.0,166970.0,7.56
688781.SH,20260923,51.94,51.94,51.94,51.94,241858.0,12562105.6,51.94
688783.SH,20260923,29.99,29.99,29.99,29.99,62180.0,1864777.92,29.99
688785.SH,20260923,369.95,369.95,369.95,369.95,1913.0,707714.0,369.95
688786.SH,20260923,29.19,29.19,29.19,29.19,1429.0,41713.0,29.19
688787.SH,20260923,93.38,93.38,93.38,93.38,9942.0,928384.0,93.38
688788.SH,20260923,29.91,29.91,29.91,29.91,4920.0,147157.0,29.91
688789.SH,20260923,46.3,46.3,46.3,46.3,11249.0,520829.0,46.3
688790.SH,20260923,109.15,109.15,109.15,109.15,11355.0,1239398.0,109.15
688793.SH,20260923,18.4,18.4,18.4,18.4,16368.0,301171.0,18.4
688795.SH,20260923,443.0,443.0,443.0,443.0,34673.0,15360139.52,443.0
688796.SH,20260923,133.47,133.47,133.47,133.47,15128.0,2019134.08,133.47
688797.SH,20260923,283.01,285.0,285.0,283.01,20883.0,5938218.88,284.36
688798.SH,20260923,58.98,58.98,58.98,58.98,10558.0,622711.0,58.98
688799.SH,20260923,58.3,58.3,58.3,58.3,12080.0,704264.0,58.3
688800.SH,20260923,68.67,68.67,68.67,68.67,10841.0,744451.04,68.67
688801.SH,20260923,510.0,510.0,510.0,510.0,24570.0,12530699.52,510.0
688802.SH,20260923,582.86,582.86,582.86,582.86,23043.0,13430842.88,582.86
688805.SH,20260923,40.57,40.57,40.57,40.57,2661.0,107957.0,40.57
688806.SH,20260923,25.3,25.3,25.3,25.3,46717.0,1181940.0,25.3
688807.SH,20260923,348.55,349.0,350.0,348.3,13188.0,4601357.12,348.91
688808.SH,20260923,2320.0,2320.0,2320.0,2320.0,1253.0,2906960.0,2320.0
688809.SH,20260923,509.07,509.07,509.07,509.07,4152.0,2113659.04,509.07
688811.SH,20260923,20.6,20.6,20.6,20.6,17086.0,351972.0,20.6
688813.SH,20260923,146.0,146.0,146.0,146.0,29190.0,4261740.16,146.0
688816.SH,20260923,47.85,47.85,47.85,47.85,0.0,0.0,47.85
688818.SH,20260923,43.03,43.03,43.03,43.03,3531.0,151939.0,43.03
688819.SH,20260923,20.79,20.79,20.79,20.79,900.0,18711.0,20.79
688820.SH,20260923,135.82,135.16,135.83,135.16,36811.0,4976665.92,135.2
688825.SH,20260923,58.5,58.5,58.5,58.5,2143928.96,125419847.68,58.5
688826.SH,20260923,813.0,813.0,813.0,813.0,23617.0,19200619.52,813.0
688828.SH,20260923,96.22,96.22,96.22,96.22,98429.0,9470837.76,96.22
688835.SH,20260923,359.3,359.3,359.3,359.3,7439.0,2672832.96,359.3
688836.SH,20260923,488.46,488.46,488.46,488.46,17062.0,8334104.96,488.46
688837.SH,20260923,52.0,52.0,52.0,52.0,450542.0,23428183.04,52.0
688981.SH,20260923,122.4,122.4,122.4,122.4,96754.0,11842690.56,122.4
689009.SH,20260923,37.95,37.92,37.95,37.92,8389.0,318133.0,37.92
920000.BJ,20260923,14.29,14.29,14.29,14.29,600.0,8574.0,14.29
920001.BJ,20260923,11.93,11.93,11.93,11.93,41147.0,490883.72,11.93
920002.BJ,20260923,49.8,49.8,49.8,49.8,231.0,11503.8,49.8
920003.BJ,20260923,15.77,15.77,15.77,15.77,8621.0,135953.18,15.77
920005.BJ,20260923,24.37,24.37,24.37,24.37,4629.0,112808.74,24.37
920006.BJ,20260923,18.56,18.56,18.56,18.56,4207.0,78081.92,18.56
920007.BJ,20260923,32.83,32.83,32.83,32.83,212.0,6959.96,32.83
920008.BJ,20260923,22.15,22.15,22.15,22.15,1907.0,42240.05,22.15
920009.BJ,20260923,35.18,35.18,35.18,35.18,100.0,3518.0,35.18
920010.BJ,20260923,8.84,8.84,8.84,8.84,105115.0,929216.64,8.84
920011.BJ,20260923,18.3,18.3,18.3,18.3,1999.0,36581.7,18.3
920012.BJ,20260923,49.92,49.92,49.92,49.92,10154.0,506887.68,49.92
920014.BJ,20260923,8.65,8.65,8.65,8.65,1500.0,12975.0,8.65
920015.BJ,20260923,38.45,38.45,38.45,38.45,11294.0,434254.32,38.45
920016.BJ,20260923,15.16,15.16,15.16,15.16,6371.0,96584.36,15.16
920017.BJ,20260923,16.01,16.01,16.01,16.01,6916.0,110725.16,16.01
920018.BJ,20260923,14.8,14.8,14.8,14.8,663.0,9812.4,14.8
920019.BJ,20260923,15.99,15.99,15.99,15.99,13713.0,219270.88,15.99
920020.BJ,20260923,14.77,14.77,14.77,14.77,1100.0,16247.0,14.77
920021.BJ,20260923,8.5,8.5,8.5,8.5,577524.0,4908953.92,8.5
920022.BJ,20260923,18.96,18.96,18.96,18.96,247.0,4683.12,18.96
920023.BJ,20260923,1.43,1.43,1.43,1.43,78412.0,112129.16,1.43
920025.BJ,20260923,29.0,29.0,29.0,29.0,4332318.08,125637222.4,29.0
920026.BJ,20260923,18.15,18.15,18.15,18.15,16092.0,292069.82,18.15
920027.BJ,20260923,11.61,11.61,11.61,11.61,3060.0,35526.6,11.61
920028.BJ,20260923,15.63,15.63,15.63,15.63,600.0,9378.0,15.63
920029.BJ,20260923,32.48,32.48,32.48,32.48,300.0,9744.0,32.48
920030.BJ,20260923,4.8,4.8,4.8,4.8,3589.0,17227.2,4.8
920033.BJ,20260923,13.62,13.62,13.62,13.62,9100.0,123942.0,13.62
920035.BJ,20260923,24.97,24.97,24.97,24.97,2900.0,72413.0,24.97
920036.BJ,20260923,32.33,32.33,32.33,32.33,700.0,22631.0,32.33
920037.BJ,20260923,38.32,38.32,38.32,38.32,800.0,30656.0,38.32
920038.BJ,20260923,38.23,38.23,38.23,38.23,33567.0,1283266.4,38.23
920039.BJ,20260923,7.8,7.8,7.8,7.8,3300.0,25740.0,7.8
920045.BJ,20260923,539.0,539.0,539.0,539.0,7225.0,3894274.88,539.0
920046.BJ,20260923,20.2,20.2,20.2,20.2,500.0,10100.0,20.2
920047.BJ,20260923,15.66,15.66,15.66,15.66,16760.0,262461.6,15.66
920050.BJ,20260923,28.58,28.58,28.58,28.58,3212.0,91798.96,28.58
920055.BJ,20260923,25.65,25.65,25.65,25.65,500.0,12825.0,25.65
920056.BJ,20260923,14.48,14.48,14.48,14.48,566.0,8195.68,14.48
920057.BJ,20260923,4.81,4.81,4.81,4.81,258.0,1240.98,4.81
920058.BJ,20260923,25.59,25.59,25.59,25.59,2033.0,52024.47,25.59
920059.BJ,20260923,12.85,12.85,12.85,12.85,700.0,8995.0,12.85
920060.BJ,20260923,30.09,30.09,30.09,30.09,43447.0,1307320.24,30.09
920061.BJ,20260923,17.2,17.2,17.2,17.2,11800.0,202960.0,17.2
920062.BJ,20260923,7.28,7.28,7.28,7.28,16800.0,122304.0,7.28
920065.BJ,20260923,39.52,39.52,39.52,39.52,22957.0,907260.64,39.52
920066.BJ,20260923,18.75,18.75,18.75,18.75,2100.0,39375.0,18.75
920068.BJ,20260923,15.59,15.59,15.59,15.59,2019.0,31476.21,15.59
920069.BJ,20260923,32.5,32.5,32.5,32.5,111.0,3607.5,32.5
920071.BJ,20260923,26.9,26.9,26.9,26.9,69778.0,1877028.32,26.9
920075.BJ,20260923,17.31,17.31,17.31,17.31,16693.0,288955.84,17.31
920076.BJ,20260923,12.55,12.55,12.55,12.55,3100.0,38905.0,12.55
920077.BJ,20260923,12.96,12.96,12.96,12.96,4543.0,58877.28,12.96
920078.BJ,20260923,19.2,19.2,19.2,19.2,7969.0,153004.8,19.2
920079.BJ,20260923,12.98,12.98,12.98,12.98,7669.0,99543.62,12.98
920081.BJ,20260923,42.25,42.25,42.25,42.25,2500.0,105625.0,42.25
920082.BJ,20260923,7.94,7.94,7.94,7.94,500.0,3970.0,7.94
920083.BJ,20260923,44.16,44.16,44.16,44.16,134339.0,5932410.24,44.16
920086.BJ,20260923,20.26,20.26,20.26,20.26,1400.0,28364.0,20.26
920087.BJ,20260923,16.14,16.14,16.14,16.14,60507.0,976583.04,16.14
920088.BJ,20260923,42.45,42.45,42.45,42.45,24569.0,1042954.08,42.45
920090.BJ,20260923,3.46,3.46,3.46,3.46,8658.0,29956.68,3.46
920091.BJ,20260923,28.2,28.2,28.2,28.2,1299.0,36631.8,28.2
920092.BJ,20260923,25.84,25.84,25.84,25.84,5103.0,131861.52,25.84
920093.BJ,20260923,19.57,19.57,19.57,19.57,29023.0,567980.12,19.57
920096.BJ,20260923,31.05,31.05,31.05,31.05,2792.0,86691.6,31.05
920099.BJ,20260923,16.86,16.86,16.86,16.86,700.0,11802.0,16.86
920100.BJ,20260923,29.9,29.9,29.9,29.9,4534.0,135566.6,29.9
920101.BJ,20260923,16.18,16.18,16.18,16.18,1554.0,25143.72,16.18
920106.BJ,20260923,34.43,34.43,34.43,34.43,6484.0,223244.12,34.43
920107.BJ,20260923,20.18,20.18,20.18,20.18,9460.0,190902.8,20.18
920110.BJ,20260923,26.07,26.07,26.07,26.07,5843.0,152327.02,26.07
920111.BJ,20260923,26.59,26.59,26.59,26.59,3800.0,101042.0,26.59
920112.BJ,20260923,14.65,14.65,14.65,14.65,1969.0,28845.85,14.65
920116.BJ,20260923,44.39,44.39,44.39,44.39,466.0,20685.74,44.39
920117.BJ,20260923,30.0,30.0,30.0,30.0,42911.0,1287330.0,30.0
920122.BJ,20260923,24.25,24.25,24.25,24.25,575.0,13943.75,24.25
920123.BJ,20260923,10.9,10.9,10.9,10.9,100.0,1090.0,10.9
920125.BJ,20260923,148.0,148.0,148.0,148.0,3989.0,590372.0,148.0
920126.BJ,20260923,10.12,10.12,10.12,10.12,1645.0,16647.4,10.12
920128.BJ,20260923,20.76,20.76,20.76,20.76,4226.0,87731.76,20.76
920130.BJ,20260923,18.07,18.07,18.07,18.07,68126.0,1231036.88,18.07
920132.BJ,20260923,9.4,9.4,9.4,9.4,11503.0,108128.2,9.4
920136.BJ,20260923,21.88,21.88,21.88,21.88,3500.0,76580.0,21.88
920138.BJ,20260923,36.01,36.01,36.01,36.01,67663.0,2436544.8,36.01
920139.BJ,20260923,15.42,15.42,15.42,15.42,148377.0,2287973.28,15.42
920145.BJ,20260923,10.32,10.32,10.32,10.32,400.0,4128.0,10.32
920146.BJ,20260923,5.56,5.56,5.56,5.56,149212.0,829618.72,5.56
920149.BJ,20260923,8.74,8.74,8.74,8.74,100.0,874.0,8.74
920156.BJ,20260923,36.84,36.84,36.84,36.84,1000.0,36840.0,36.84
920158.BJ,20260923,8.03,8.03,8.03,8.03,100.0,803.0,8.03
920159.BJ,20260923,29.89,29.89,29.89,29.89,2059.0,61543.51,29.89
920161.BJ,20260923,21.34,21.34,21.34,21.34,4928.0,105163.52,21.34
920163.BJ,20260923,10.06,10.06,10.06,10.06,5898.0,59333.88,10.06
920165.BJ,20260923,35.51,35.51,35.51,35.51,3875.0,137601.26,35.51
920167.BJ,20260923,13.86,13.86,13.86,13.86,4500.0,62370.0,13.86
920168.BJ,20260923,15.41,15.41,15.41,15.41,5614.0,86511.74,15.41
920169.BJ,20260923,21.75,21.75,21.75,21.75,1100.0,23925.0,21.75
920171.BJ,20260923,16.27,16.27,16.27,16.27,5186.0,84376.22,16.27
920176.BJ,20260923,66.7,66.7,66.7,66.7,3834.0,255727.8,66.7
920178.BJ,20260923,89.8,89.8,89.8,89.8,4740.0,425652.0,89.8
920179.BJ,20260923,57.0,57.0,57.0,57.0,31512.0,1796184.0,57.0
920180.BJ,20260923,11.96,11.96,11.96,11.96,2893.0,34600.28,11.96
920181.BJ,20260923,70.55,70.55,70.55,70.55,14398.0,1015778.88,70.55
920183.BJ,20260923,29.53,29.53,29.53,29.53,600.0,17718.0,29.53
920184.BJ,20260923,11.78,11.78,11.78,11.78,2979.0,35092.62,11.78
920185.BJ,20260923,19.96,19.96,19.96,19.96,8200.0,163672.0,19.96
920186.BJ,20260923,73.1,73.1,73.1,73.1,16188.0,1183342.72,73.1
920187.BJ,20260923,17.3,17.3,17.3,17.3,2833.0,49010.9,17.3
920188.BJ,20260923,22.16,22.16,22.16,22.16,1000.0,22160.0,22.16
920189.BJ,20260923,21.0,21.0,21.0,21.0,31253.0,656313.0,21.0
920190.BJ,20260923,24.55,24.55,24.55,24.55,17039.0,418307.44,24.55
920191.BJ,20260923,8.79,8.79,8.79,8.79,500.0,4395.0,8.79
920193.BJ,20260923,30.5,30.5,30.5,30.5,19777.0,603198.48,30.5
920195.BJ,20260923,12.86,12.86,12.86,12.86,200.0,2572.0,12.86
920198.BJ,20260923,8.08,8.08,8.08,8.08,150.0,1212.0,8.08
920199.BJ,20260923,25.04,25.04,25.04,25.04,2020.0,50580.8,25.04
920200.BJ,20260923,29.7,29.7,29.7,29.7,12553.0,372824.08,29.7
920204.BJ,20260923,13.31,13.31,13.31,13.31,1603.0,21335.93,13.31
920206.BJ,20260923,39.87,39.87,39.87,39.87,2261.0,90146.08,39.87
920207.BJ,20260923,22.17,22.17,22.17,22.17,19455.0,431317.36,22.17
920208.BJ,20260923,10.79,10.79,10.79,10.79,9598.0,103562.42,10.79
920211.BJ,20260923,92.58,92.58,92.58,92.58,753.0,69712.74,92.58
920212.BJ,20260923,10.62,10.62,10.62,10.62,6857.0,72821.35,10.62
920218.BJ,20260923,15.2,15.2,15.2,15.2,20619.0,313408.82,15.2
920220.BJ,20260923,41.38,41.38,41.38,41.38,1200.0,49656.0,41.38
920221.BJ,20260923,12.43,12.43,12.43,12.43,576.0,7159.68,12.43
920222.BJ,20260923,26.55,26.55,26.55,26.55,2898.0,76941.9,26.55
920223.BJ,20260923,14.12,14.12,14.12,14.12,36578.0,516481.36,14.12
920225.BJ,20260923,16.51,16.51,16.51,16.51,14350.0,236918.5,16.51
920227.BJ,20260923,53.0,53.0,53.0,53.0,59022.0,3128166.08,53.0
920229.BJ,20260923,92.4,92.4,92.4,92.4,167229.0,15451960.32,92.4
920230.BJ,20260923,11.15,11.15,11.15,11.15,1708.0,19044.2,11.15
920237.BJ,20260923,11.08,11.08,11.08,11.08,17085.0,189301.8,11.08
920238.BJ,20260923,66.0,66.0,66.0,66.0,14352.0,947232.0,66.0
920239.BJ,20260923,20.17,20.17,20.17,20.17,700.0,14119.0,20.17
920247.BJ,20260923,14.63,14.63,14.63,14.63,3052.0,44650.76,14.63
920249.BJ,20260923,9.13,9.13,9.13,9.13,75575.0,689999.76,9.13
920252.BJ,20260923,14.99,14.99,14.99,14.99,500.0,7495.0,14.99
920258.BJ,20260923,10.17,10.17,10.17,10.17,4564.0,46415.88,10.17
920262.BJ,20260923,14.49,14.49,14.49,14.49,3619.0,52439.31,14.49
920267.BJ,20260923,16.39,16.39,16.39,16.39,1108.0,18160.12,16.39
920268.BJ,20260923,33.26,33.26,33.26,33.26,94535.0,3144233.92,33.26
920269.BJ,20260923,35.08,35.08,35.08,35.08,7574.0,265695.9,35.08
920273.BJ,20260923,18.29,18.29,18.29,18.29,5309.0,97101.62,18.29
920274.BJ,20260923,15.52,15.52,15.52,15.52,100.0,1552.0,15.52
920275.BJ,20260923,6.69,6.69,6.69,6.69,3050.0,20404.5,6.69
920278.BJ,20260923,6.43,6.43,6.43,6.43,6100.0,39223.0,6.43
920284.BJ,20260923,16.65,16.65,16.65,16.65,33714.0,561338.12,16.65
920288.BJ,20260923,19.0,19.0,19.0,19.0,97141.0,1845679.04,19.0
920289.BJ,20260923,28.6,28.6,28.6,28.6,21929.0,627169.36,28.6
920298.BJ,20260923,84.2,84.2,84.2,84.2,135141.0,11378872.32,84.2
920299.BJ,20260923,14.12,14.12,14.12,14.12,4847.0,68439.64,14.12
920300.BJ,20260923,9.95,9.95,9.95,9.95,2607.0,25939.65,9.95
920304.BJ,20260923,9.39,9.39,9.39,9.39,6300.0,59157.0,9.39
920339.BJ,20260923,10.76,10.76,10.76,10.76,400.0,4304.0,10.76
920344.BJ,20260923,21.13,21.13,21.13,21.13,23408.0,494611.04,21.13
920346.BJ,20260923,15.59,15.59,15.59,15.59,31232.0,486906.88,15.59
920351.BJ,20260923,13.45,13.45,13.45,13.45,25553.0,343687.84,13.45
920357.BJ,20260923,15.67,15.67,15.67,15.67,3155.0,49438.85,15.67
920363.BJ,20260923,10.01,10.01,10.01,10.01,2235.0,22372.35,10.01
920367.BJ,20260923,28.34,28.34,28.34,28.34,23144.0,655900.92,28.34
920368.BJ,20260923,23.2,23.2,23.2,23.2,10783.0,250165.6,23.2
920370.BJ,20260923,2.97,2.97,2.97,2.97,36.0,106.92,2.97
920371.BJ,20260923,7.56,7.56,7.56,7.56,24194.0,182906.64,7.56
920374.BJ,20260923,15.35,15.35,15.35,15.35,300.0,4605.0,15.35
920375.BJ,20260923,6.49,6.49,6.49,6.49,20825.0,135154.26,6.49
920378.BJ,20260923,7.0,7.0,7.0,7.0,11505.0,80535.0,7.0
920392.BJ,20260923,14.0,14.0,14.0,14.0,5000.0,70000.0,14.0
920394.BJ,20260923,50.08,50.08,50.08,50.08,6066.0,303785.28,50.08
920395.BJ,20260923,6.71,6.71,6.71,6.71,1087.0,7293.77,6.71
920402.BJ,20260923,8.38,8.38,8.38,8.38,3213.0,26924.94,8.38
920403.BJ,20260923,20.5,20.5,20.5,20.5,16773.0,343846.48,20.5
920405.BJ,20260923,16.68,16.68,16.68,16.68,3857.0,64334.76,16.68
920407.BJ,20260923,11.06,11.06,11.06,11.06,1501.0,16601.06,11.06
920414.BJ,20260923,8.01,8.01,8.01,8.01,123.0,985.23,8.01
920415.BJ,20260923,8.91,8.91,8.91,8.91,12166.0,108399.06,8.91
920418.BJ,20260923,17.6,17.6,17.6,17.6,1000.0,17600.0,17.6
920419.BJ,20260923,11.09,11.09,11.09,11.09,4203.0,46611.27,11.09
920422.BJ,20260923,9.53,9.53,9.53,9.53,3331.0,31744.43,9.53
920425.BJ,20260923,14.27,14.27,14.27,14.27,4975.0,70993.25,14.27
920427.BJ,20260923,11.65,11.65,11.65,11.65,531986.0,6197637.12,11.65
920436.BJ,20260923,10.94,10.94,10.94,10.94,5500.0,60170.0,10.94
920438.BJ,20260923,112.6,112.6,112.6,112.6,43289.0,4874341.44,112.6
920445.BJ,20260923,7.17,7.17,7.17,7.17,7949.0,56994.33,7.17
920454.BJ,20260923,11.49,11.49,11.49,11.49,8627.0,99124.24,11.49
920455.BJ,20260923,6.57,6.57,6.57,6.57,100.0,657.0,6.57
920469.BJ,20260923,5.94,5.94,5.94,5.94,300.0,1782.0,5.94
920471.BJ,20260923,11.79,11.79,11.79,11.79,200.0,2358.0,11.79
920476.BJ,20260923,23.4,23.4,23.4,23.4,14377.0,336421.8,23.4
920478.BJ,20260923,12.23,12.23,12.23,12.23,321269.0,3929119.68,12.23
920489.BJ,20260923,12.55,12.55,12.55,12.55,9825.0,123303.76,12.55
920491.BJ,20260923,21.92,21.92,21.92,21.92,2200.0,48224.0,21.92
920493.BJ,20260923,115.3,115.3,115.3,115.3,3780.0,435834.0,115.3
920504.BJ,20260923,18.62,18.62,18.62,18.62,100.0,1862.0,18.62
920505.BJ,20260923,27.04,27.04,27.04,27.04,15195.0,410872.8,27.04
920508.BJ,20260923,15.6,15.6,15.6,15.6,4995.0,77922.0,15.6
920509.BJ,20260923,22.3,22.3,22.3,22.3,22037.0,491425.08,22.3
920510.BJ,20260923,19.99,19.99,19.99,19.99,17738.0,354582.64,19.99
920519.BJ,20260923,11.15,11.15,11.15,11.15,24564.0,273888.6,11.15
920522.BJ,20260923,17.3,17.3,17.3,17.3,5198.0,89925.4,17.3
920523.BJ,20260923,14.75,14.75,14.75,14.75,1200.0,17700.0,14.75
920526.BJ,20260923,24.56,24.56,24.56,24.56,325070.0,7983719.04,24.56
920533.BJ,20260923,16.48,16.48,16.48,16.48,9920.0,163481.6,16.48
920553.BJ,20260923,6.86,6.86,6.86,6.86,700.0,4802.0,6.86
920556.BJ,20260923,6.66,6.66,6.66,6.66,11577.0,77102.82,6.66
920564.BJ,20260923,13.93,13.93,13.93,13.93,1000.0,13930.0,13.93
920566.BJ,20260923,9.4,9.4,9.4,9.4,8669.0,81488.6,9.4
920570.BJ,20260923,25.7,25.7,25.7,25.7,15636.0,401845.2,25.7
920571.BJ,20260923,8.95,8.95,8.95,8.95,241877.0,2164799.2,8.95
920575.BJ,20260923,5.32,5.32,5.32,5.32,3909.0,20795.88,5.32
920576.BJ,20260923,37.95,37.95,37.95,37.95,722.0,27399.9,37.95
920578.BJ,20260923,17.36,17.36,17.36,17.36,1700.0,29512.0,17.36
920580.BJ,20260923,10.99,10.99,10.99,10.99,500.0,5495.0,10.99
920592.BJ,20260923,27.45,27.45,27.45,27.45,40262.0,1105191.84,27.45
920599.BJ,20260923,17.17,17.17,17.17,17.17,11518.0,197764.06,17.17
920608.BJ,20260923,13.91,13.91,13.91,13.91,700.0,9737.0,13.91
920634.BJ,20260923,16.18,16.18,16.18,16.18,4600.0,74428.0,16.18
920639.BJ,20260923,6.11,6.11,6.11,6.11,900.0,5499.0,6.11
920640.BJ,20260923,26.6,26.6,26.6,26.6,16960.0,451136.0,26.6
920641.BJ,20260923,13.5,13.5,13.5,13.5,2001.0,27013.5,13.5
920642.BJ,20260923,9.99,9.99,9.99,9.99,674.0,6733.26,9.99
920651.BJ,20260923,20.25,20.25,20.25,20.25,3080.0,62370.0,20.25
920665.BJ,20260923,8.52,8.52,8.52,8.52,1500.0,12780.0,8.52
920670.BJ,20260923,12.93,12.93,12.93,12.93,2816.0,36410.88,12.93
920675.BJ,20260923,7.52,7.52,7.52,7.52,100.0,752.0,7.52
920679.BJ,20260923,15.33,15.33,15.33,15.33,100.0,1533.0,15.33
920682.BJ,20260923,5.82,5.82,5.82,5.82,300.0,1746.0,5.82
920685.BJ,20260923,12.1,12.1,12.1,12.1,36210.0,438141.0,12.1
920690.BJ,20260923,15.6,15.6,15.6,15.6,541.0,8439.6,15.6
920693.BJ,20260923,24.39,24.39,24.39,24.39,4600.0,112194.0,24.39
920699.BJ,20260923,67.32,67.32,67.32,67.32,3896.0,262278.72,67.32
920701.BJ,20260923,11.35,11.35,11.35,11.35,13614.0,154518.92,11.35
920703.BJ,20260923,9.73,9.73,9.73,9.73,4127.0,40155.71,9.73
920706.BJ,20260923,15.5,15.5,15.5,15.5,33480.0,518940.0,15.5
920717.BJ,20260923,6.84,6.84,6.84,6.84,500.0,3420.0,6.84
920719.BJ,20260923,7.04,7.04,7.04,7.04,4238.0,29835.52,7.04
920720.BJ,20260923,7.94,7.94,7.94,7.94,8203.0,65131.82,7.94
920725.BJ,20260923,89.88,89.88,89.88,89.88,37121.0,3336435.52,89.88
920726.BJ,20260923,15.75,15.75,15.75,15.75,1200.0,18900.0,15.75
920735.BJ,20260923,26.08,26.08,26.08,26.08,3100.0,80848.0,26.08
920748.BJ,20260923,29.0,29.0,29.0,29.0,7133.0,206857.0,29.0
920751.BJ,20260923,14.99,14.99,14.99,14.99,3202.0,47997.98,14.99
920765.BJ,20260923,11.79,11.79,11.79,11.79,1500.0,17685.0,11.79
920770.BJ,20260923,10.64,10.64,10.64,10.64,4000.0,42560.0,10.64
920779.BJ,20260923,23.3,23.3,23.3,23.3,431.0,10042.3,23.3
920781.BJ,20260923,5.7,5.7,5.7,5.7,8100.0,46170.0,5.7
920786.BJ,20260923,7.61,7.61,7.61,7.61,20150.0,153341.5,7.61
920790.BJ,20260923,23.66,23.66,23.66,23.66,16336.0,386509.76,23.66
920799.BJ,20260923,32.64,32.64,32.64,32.64,69903.0,2281633.92,32.64
920802.BJ,20260923,10.93,10.93,10.93,10.93,1489.0,16274.77,10.93
920806.BJ,20260923,10.06,10.06,10.06,10.06,2401.0,24154.06,10.06
920807.BJ,20260923,9.63,9.63,9.63,9.63,25440.0,244987.2,9.63
920808.BJ,20260923,59.0,59.0,59.0,59.0,1715.0,101185.0,59.0
920809.BJ,20260923,6.98,6.98,6.98,6.98,69435.0,484656.32,6.98
920819.BJ,20260923,3.06,3.06,3.06,3.06,1945.0,5951.7,3.06
920821.BJ,20260923,21.84,21.84,21.84,21.84,62744.0,1370328.96,21.84
920826.BJ,20260923,8.95,8.95,8.95,8.95,40000.0,358000.0,8.95
920832.BJ,20260923,6.7,6.7,6.7,6.7,14365.0,96245.5,6.7
920833.BJ,20260923,9.76,9.76,9.76,9.76,40000.0,390400.0,9.76
920837.BJ,20260923,9.99,9.99,9.99,9.99,1982.0,19800.18,9.99
920839.BJ,20260923,23.5,23.5,23.5,23.5,2000.0,47000.0,23.5
920855.BJ,20260923,13.76,13.76,13.76,13.76,3800.0,52288.0,13.76
920856.BJ,20260923,11.83,11.83,11.83,11.83,5285.0,62521.55,11.83
920857.BJ,20260923,18.73,18.73,18.73,18.73,400.0,7492.0,18.73
920866.BJ,20260923,6.6,6.6,6.6,6.6,782.0,5161.2,6.6
920870.BJ,20260923,11.55,11.55,11.55,11.55,100.0,1155.0,11.55
920871.BJ,20260923,11.07,11.07,11.07,11.07,1300.0,14391.0,11.07
920873.BJ,20260923,7.47,7.47,7.47,7.47,148331.0,1108032.64,7.47
920876.BJ,20260923,16.8,16.8,16.8,16.8,600.0,10080.0,16.8
920885.BJ,20260923,12.3,12.3,12.3,12.3,2100.0,25830.0,12.3
920892.BJ,20260923,11.99,11.99,11.99,11.99,3660.0,43883.4,11.99
920895.BJ,20260923,24.0,24.0,24.0,24.0,88562.0,2125488.0,24.0
920896.BJ,20260923,12.15,12.15,12.15,12.15,12272.0,149104.8,12.15
920906.BJ,20260923,15.48,15.48,15.48,15.48,500.0,7740.0,15.48
920914.BJ,20260923,16.56,16.56,16.56,16.56,600.0,9936.0,16.56
920924.BJ,20260923,14.89,14.89,14.89,14.89,642.0,9559.38,14.89
920925.BJ,20260923,11.49,11.49,11.49,11.49,100.0,1149.0,11.49
920926.BJ,20260923,10.07,10.07,10.07,10.07,101.0,1017.07,10.07
920931.BJ,20260923,10.02,10.02,10.02,10.02,1079.0,10811.58,10.02
920932.BJ,20260923,10.65,10.65,10.65,10.65,2000.0,21300.0,10.65
920942.BJ,20260923,17.36,17.36,17.36,17.36,770.0,13367.2,17.36
920946.BJ,20260923,10.45,10.45,10.45,10.45,7898.0,82534.1,10.45
920950.BJ,20260923,13.2,13.2,13.2,13.2,1500.0,19800.0,13.2
920953.BJ,20260923,23.12,23.12,23.12,23.12,9653.0,223177.36,23.12
920957.BJ,20260923,10.1,10.1,10.1,10.1,8704.0,87910.4,10.1
920961.BJ,20260923,23.0,23.0,23.0,23.0,74425.0,1711775.04,23.0
920970.BJ,20260923,6.56,6.56,6.56,6.56,9826.0,64458.56,6.56
920971.BJ,20260923,27.91,27.91,27.91,27.91,11564.0,322751.24,27.91
920976.BJ,20260923,22.06,22.06,22.06,22.06,400.0,8824.0,22.06
920981.BJ,20260923,31.13,31.13,31.13,31.13,11324.0,352516.12,31.13
920982.BJ,20260923,114.77,114.77,114.77,114.77,935.0,107309.96,114.77
920985.BJ,20260923,4.61,4.61,4.61,4.61,3200.0,14752.0,4.61
920992.BJ,20260923,12.49,12.49,12.49,12.49,23795.0,297199.56,12.49
