trade_date,ts_code,up_limit,down_limit
20260923,000001.SZ,12.88,10.54
20260923,000002.SZ,4.19,3.43
20260923,000006.SZ,8.02,6.56
20260923,000007.SZ,12.93,10.58
20260923,000008.SZ,2.66,2.18
20260923,000009.SZ,7.74,6.34
20260923,000010.SZ,1.73,1.41
20260923,000011.SZ,10.58,8.66
20260923,000012.SZ,4.14,3.38
20260923,000014.SZ,11.96,9.78
20260923,000016.SZ,2.71,2.21
20260923,000017.SZ,8.91,7.29
20260923,000019.SZ,7.68,6.28
20260923,000020.SZ,15.44,12.64
20260923,000021.SZ,40.71,33.31
20260923,000025.SZ,16.56,13.55
20260923,000026.SZ,21.95,17.96
20260923,000027.SZ,6.91,5.65
20260923,000028.SZ,21.89,17.91
20260923,000029.SZ,24.49,20.03
20260923,000030.SZ,4.35,3.56
20260923,000031.SZ,2.64,2.16
20260923,000032.SZ,15.95,13.05
20260923,000034.SZ,26.0,21.28
20260923,000035.SZ,5.45,4.46
20260923,000036.SZ,4.46,3.65
20260923,000037.SZ,10.34,8.46
20260923,000039.SZ,9.92,8.12
20260923,000042.SZ,9.25,7.57
20260923,000045.SZ,12.3,10.06
20260923,000048.SZ,21.42,17.52
20260923,000049.SZ,24.73,20.23
20260923,000050.SZ,7.32,5.99
20260923,000055.SZ,4.14,3.38
20260923,000056.SZ,3.03,2.48
20260923,000058.SZ,8.07,6.61
20260923,000059.SZ,6.27,5.13
20260923,000060.SZ,6.82,5.58
20260923,000061.SZ,6.66,5.45
20260923,000062.SZ,25.82,21.12
20260923,000063.SZ,36.2,29.62
20260923,000065.SZ,11.09,9.07
20260923,000066.SZ,17.46,14.28
20260923,000068.SZ,3.65,2.99
20260923,000069.SZ,2.1,1.72
20260923,000070.SZ,20.49,16.77
20260923,000078.SZ,1.68,1.38
20260923,000088.SZ,5.01,4.1
20260923,000089.SZ,7.24,5.92
20260923,000090.SZ,3.96,3.24
20260923,000096.SZ,8.81,7.21
20260923,000099.SZ,14.39,11.77
20260923,000100.SZ,5.53,4.53
20260923,000151.SZ,11.19,9.15
20260923,000153.SZ,6.84,5.6
20260923,000155.SZ,12.74,10.42
20260923,000156.SZ,8.03,6.57
20260923,000157.SZ,6.79,5.55
20260923,000158.SZ,14.51,11.87
20260923,000159.SZ,6.06,4.96
20260923,000166.SZ,4.94,4.04
20260923,000301.SZ,15.07,12.33
20260923,000333.SZ,90.79,74.29
20260923,000338.SZ,29.73,24.33
20260923,000400.SZ,22.46,18.38
20260923,000401.SZ,3.91,3.2
20260923,000402.SZ,3.06,2.5
20260923,000403.SZ,11.04,9.04
20260923,000404.SZ,7.62,6.24
20260923,000407.SZ,4.61,3.77
20260923,000408.SZ,80.85,66.15
20260923,000409.SZ,9.96,8.15
20260923,000410.SZ,5.87,4.81
20260923,000411.SZ,10.98,8.98
20260923,000415.SZ,4.59,3.75
20260923,000417.SZ,6.35,5.19
20260923,000419.SZ,5.58,4.56
20260923,000420.SZ,3.93,3.21
20260923,000421.SZ,6.39,5.23
20260923,000422.SZ,13.41,10.97
20260923,000423.SZ,50.33,41.18
20260923,000425.SZ,8.03,6.57
20260923,000426.SZ,37.91,31.01
20260923,000428.SZ,4.73,3.87
20260923,000429.SZ,13.78,11.28
20260923,000430.SZ,7.58,6.2
20260923,000488.SZ,2.32,1.9
20260923,000498.SZ,5.61,4.59
20260923,000501.SZ,7.95,6.51
20260923,000503.SZ,7.73,6.33
20260923,000504.SZ,13.32,10.9
20260923,000505.SZ,7.46,6.1
20260923,000506.SZ,20.44,16.72
20260923,000507.SZ,5.51,4.51
20260923,000509.SZ,4.38,3.58
20260923,000510.SZ,20.99,17.17
20260923,000513.SZ,29.43,24.08
20260923,000514.SZ,4.86,3.98
20260923,000516.SZ,4.75,3.89
20260923,000517.SZ,2.24,1.84
20260923,000518.SZ,4.16,3.4
20260923,000519.SZ,16.85,13.79
20260923,000520.SZ,4.55,3.73
20260923,000521.SZ,4.86,3.98
20260923,000523.SZ,3.84,3.14
20260923,000524.SZ,9.94,8.14
20260923,000525.SZ,5.14,4.2
20260923,000526.SZ,39.88,32.63
20260923,000528.SZ,8.43,6.89
20260923,000529.SZ,5.53,4.53
20260923,000530.SZ,5.74,4.7
20260923,000531.SZ,6.22,5.09
20260923,000532.SZ,14.97,12.25
20260923,000533.SZ,12.02,9.84
20260923,000534.SZ,25.51,20.87
20260923,000536.SZ,3.99,3.27
20260923,000537.SZ,8.26,6.76
20260923,000538.SZ,56.45,46.19
20260923,000539.SZ,5.7,4.66
20260923,000541.SZ,5.43,4.45
20260923,000543.SZ,7.94,6.5
20260923,000544.SZ,7.99,6.53
20260923,000545.SZ,2.45,2.01
20260923,000546.SZ,4.9,4.01
20260923,000547.SZ,16.23,13.28
20260923,000548.SZ,5.1,4.18
20260923,000550.SZ,18.15,14.85
20260923,000551.SZ,13.56,11.1
20260923,000552.SZ,2.77,2.27
20260923,000553.SZ,6.17,5.05
20260923,000554.SZ,7.04,5.76
20260923,000555.SZ,11.59,9.49
20260923,000557.SZ,4.05,3.31
20260923,000558.SZ,3.98,3.26
20260923,000559.SZ,12.57,10.29
20260923,000560.SZ,3.86,3.16
20260923,000561.SZ,8.62,7.06
20260923,000563.SZ,3.23,2.65
20260923,000564.SZ,1.67,1.37
20260923,000565.SZ,7.47,6.11
20260923,000566.SZ,5.48,4.48
20260923,000567.SZ,6.73,5.51
20260923,000568.SZ,78.63,64.33
20260923,000570.SZ,5.84,4.78
20260923,000571.SZ,7.29,5.97
20260923,000572.SZ,4.61,3.77
20260923,000573.SZ,4.2,3.44
20260923,000576.SZ,9.26,7.58
20260923,000581.SZ,19.76,16.16
20260923,000582.SZ,10.76,8.8
20260923,000586.SZ,15.27,12.49
20260923,000589.SZ,4.66,3.82
20260923,000590.SZ,10.07,8.24
20260923,000591.SZ,4.7,3.84
20260923,000592.SZ,9.46,7.74
20260923,000593.SZ,25.18,20.6
20260923,000595.SZ,6.44,5.27
20260923,000596.SZ,105.45,86.27
20260923,000597.SZ,5.31,4.35
20260923,000598.SZ,7.77,6.35
20260923,000599.SZ,4.98,4.08
20260923,000600.SZ,8.05,6.59
20260923,000601.SZ,6.81,5.57
20260923,000603.SZ,36.74,30.06
20260923,000605.SZ,6.5,5.32
20260923,000607.SZ,5.48,4.48
20260923,000608.SZ,7.92,6.48
20260923,000609.SZ,10.8,8.84
20260923,000610.SZ,8.34,6.82
20260923,000612.SZ,12.3,10.06
20260923,000615.SZ,3.58,2.93
20260923,000617.SZ,7.59,6.21
20260923,000619.SZ,5.83,4.77
20260923,000620.SZ,3.71,3.03
20260923,000623.SZ,19.55,15.99
20260923,000625.SZ,7.9,6.46
20260923,000626.SZ,10.15,8.31
20260923,000628.SZ,66.1,54.08
20260923,000629.SZ,3.19,2.61
20260923,000630.SZ,6.78,5.54
20260923,000631.SZ,3.4,2.78
20260923,000632.SZ,4.13,3.38
20260923,000633.SZ,5.84,4.78
20260923,000635.SZ,8.21,6.71
20260923,000636.SZ,63.53,51.98
20260923,000637.SZ,4.62,3.78
20260923,000639.SZ,1.75,1.43
20260923,000650.SZ,5.8,4.74
20260923,000651.SZ,42.0,34.36
20260923,000652.SZ,3.73,3.05
20260923,000655.SZ,7.94,6.5
20260923,000656.SZ,1.38,1.13
20260923,000657.SZ,66.29,54.23
20260923,000659.SZ,3.09,2.53
20260923,000661.SZ,80.96,66.24
20260923,000663.SZ,6.68,5.46
20260923,000665.SZ,4.59,3.75
20260923,000668.SZ,19.16,15.68
20260923,000669.SZ,4.57,3.74
20260923,000670.SZ,8.46,6.92
20260923,000672.SZ,16.98,13.9
20260923,000676.SZ,8.2,6.71
20260923,000677.SZ,2.01,1.65
20260923,000678.SZ,9.78,8.0
20260923,000679.SZ,7.26,5.94
20260923,000680.SZ,10.16,8.32
20260923,000681.SZ,18.5,15.14
20260923,000682.SZ,11.84,9.68
20260923,000683.SZ,6.28,5.14
20260923,000685.SZ,12.03,9.85
20260923,000686.SZ,8.58,7.02
20260923,000688.SZ,29.24,23.92
20260923,000690.SZ,5.64,4.62
20260923,000691.SZ,10.16,8.32
20260923,000692.SZ,4.6,3.76
20260923,000695.SZ,14.48,11.84
20260923,000697.SZ,10.03,8.21
20260923,000698.SZ,4.03,3.29
20260923,000700.SZ,13.39,10.95
20260923,000701.SZ,5.78,4.73
20260923,000702.SZ,6.37,5.21
20260923,000703.SZ,18.49,15.13
20260923,000705.SZ,7.88,6.44
20260923,000707.SZ,4.96,4.06
20260923,000708.SZ,14.15,11.57
20260923,000709.SZ,2.26,1.85
20260923,000710.SZ,10.47,8.57
20260923,000711.SZ,5.5,4.5
20260923,000712.SZ,11.36,9.3
20260923,000713.SZ,7.47,6.11
20260923,000715.SZ,5.96,4.88
20260923,000716.SZ,5.7,4.66
20260923,000717.SZ,2.38,1.94
20260923,000718.SZ,2.28,1.86
20260923,000719.SZ,13.59,11.12
20260923,000720.SZ,4.31,3.53
20260923,000721.SZ,6.94,5.68
20260923,000722.SZ,15.62,12.78
20260923,000723.SZ,4.04,3.3
20260923,000725.SZ,6.6,5.4
20260923,000726.SZ,6.71,5.49
20260923,000727.SZ,2.48,2.03
20260923,000728.SZ,8.24,6.74
20260923,000729.SZ,12.14,9.94
20260923,000731.SZ,9.11,7.45
20260923,000733.SZ,45.46,37.2
20260923,000735.SZ,6.6,5.4
20260923,000736.SZ,5.2,4.26
20260923,000737.SZ,16.62,13.6
20260923,000738.SZ,21.12,17.28
20260923,000739.SZ,26.4,21.6
20260923,000750.SZ,4.06,3.32
20260923,000751.SZ,5.14,4.2
20260923,000752.SZ,9.54,7.8
20260923,000753.SZ,5.7,4.66
20260923,000755.SZ,5.14,4.2
20260923,000756.SZ,17.75,14.53
20260923,000757.SZ,4.86,3.98
20260923,000758.SZ,6.67,5.45
20260923,000759.SZ,7.43,6.08
20260923,000761.SZ,2.5,2.04
20260923,000762.SZ,24.29,19.87
20260923,000766.SZ,17.49,14.31
20260923,000767.SZ,3.74,3.06
20260923,000768.SZ,25.12,20.56
20260923,000776.SZ,23.06,18.86
20260923,000777.SZ,18.32,14.99
20260923,000778.SZ,3.97,3.25
20260923,000779.SZ,10.03,8.21
20260923,000782.SZ,9.1,7.44
20260923,000783.SZ,9.36,7.66
20260923,000785.SZ,2.51,2.05
20260923,000786.SZ,17.66,14.45
20260923,000788.SZ,6.11,5.0
20260923,000789.SZ,4.54,3.72
20260923,000790.SZ,4.84,3.96
20260923,000791.SZ,7.93,6.49
20260923,000792.SZ,27.36,22.38
20260923,000793.SZ,2.29,1.87
20260923,000795.SZ,9.34,7.64
20260923,000796.SZ,4.13,3.38
20260923,000797.SZ,2.96,2.42
20260923,000798.SZ,11.44,9.36
20260923,000799.SZ,41.49,33.95
20260923,000800.SZ,6.52,5.34
20260923,000801.SZ,13.32,10.9
20260923,000802.SZ,4.49,3.67
20260923,000803.SZ,7.84,6.42
20260923,000807.SZ,29.65,24.26
20260923,000809.SZ,3.8,3.11
20260923,000810.SZ,10.67,8.73
20260923,000811.SZ,43.95,35.96
20260923,000812.SZ,4.29,3.51
20260923,000813.SZ,3.64,2.98
20260923,000815.SZ,17.75,14.53
20260923,000816.SZ,3.33,2.73
20260923,000818.SZ,13.48,11.03
20260923,000819.SZ,13.59,11.12
20260923,000820.SZ,3.87,3.17
20260923,000821.SZ,8.25,6.75
20260923,000822.SZ,4.71,3.85
20260923,000823.SZ,27.74,22.7
20260923,000825.SZ,3.75,3.07
20260923,000826.SZ,2.05,1.67
20260923,000828.SZ,11.04,9.04
20260923,000829.SZ,10.32,8.44
20260923,000830.SZ,13.09,10.71
20260923,000831.SZ,60.08,49.16
20260923,000833.SZ,21.79,17.83
20260923,000837.SZ,10.74,8.78
20260923,000838.SZ,2.5,2.04
20260923,000839.SZ,3.23,2.65
20260923,000848.SZ,8.91,7.29
20260923,000850.SZ,4.65,3.81
20260923,000852.SZ,6.09,4.99
20260923,000856.SZ,9.65,7.89
20260923,000858.SZ,77.59,63.49
20260923,000859.SZ,10.49,8.59
20260923,000860.SZ,11.64,9.52
20260923,000862.SZ,6.03,4.93
20260923,000863.SZ,5.15,4.21
20260923,000868.SZ,4.33,3.55
20260923,000869.SZ,18.51,15.15
20260923,000875.SZ,5.28,4.32
20260923,000876.SZ,7.94,6.5
20260923,000877.SZ,4.06,3.32
20260923,000878.SZ,19.1,15.62
20260923,000880.SZ,28.36,23.2
20260923,000881.SZ,7.34,6.0
20260923,000882.SZ,1.74,1.42
20260923,000883.SZ,4.85,3.97
20260923,000885.SZ,12.91,10.57
20260923,000886.SZ,5.18,4.24
20260923,000887.SZ,21.86,17.88
20260923,000888.SZ,10.34,8.46
20260923,000889.SZ,4.33,3.55
20260923,000890.SZ,8.61,7.05
20260923,000892.SZ,5.31,4.35
20260923,000893.SZ,43.73,35.78
20260923,000895.SZ,25.72,21.04
20260923,000897.SZ,2.11,1.73
20260923,000898.SZ,2.22,1.82
20260923,000899.SZ,10.25,8.39
20260923,000900.SZ,3.93,3.21
20260923,000901.SZ,15.83,12.95
20260923,000902.SZ,15.17,12.41
20260923,000903.SZ,2.23,1.83
20260923,000905.SZ,10.27,8.41
20260923,000906.SZ,6.81,5.57
20260923,000908.SZ,6.71,5.49
20260923,000909.SZ,6.27,5.13
20260923,000910.SZ,7.58,6.2
20260923,000911.SZ,5.83,4.77
20260923,000912.SZ,4.64,3.8
20260923,000913.SZ,11.87,9.71
20260923,000915.SZ,26.62,21.78
20260923,000917.SZ,7.82,6.4
20260923,000919.SZ,7.3,5.98
20260923,000920.SZ,14.05,11.49
20260923,000921.SZ,29.37,24.03
20260923,000922.SZ,13.43,10.99
20260923,000923.SZ,18.26,14.94
20260923,000925.SZ,8.98,7.34
20260923,000926.SZ,2.37,1.94
20260923,000927.SZ,2.73,2.23
20260923,000928.SZ,5.95,4.87
20260923,000929.SZ,10.21,8.35
20260923,000930.SZ,5.95,4.87
20260923,000931.SZ,5.16,4.22
20260923,000932.SZ,3.93,3.21
20260923,000933.SZ,29.02,23.74
20260923,000935.SZ,22.5,18.41
20260923,000936.SZ,6.12,5.0
20260923,000937.SZ,4.93,4.03
20260923,000938.SZ,37.15,30.39
20260923,000948.SZ,15.2,12.44
20260923,000949.SZ,7.62,6.24
20260923,000950.SZ,5.82,4.76
20260923,000951.SZ,22.26,18.22
20260923,000952.SZ,7.36,6.02
20260923,000953.SZ,6.79,5.55
20260923,000955.SZ,4.53,3.71
20260923,000957.SZ,11.0,9.0
20260923,000958.SZ,5.59,4.57
20260923,000959.SZ,3.87,3.17
20260923,000960.SZ,37.06,30.32
20260923,000962.SZ,66.58,54.48
20260923,000963.SZ,29.28,23.96
20260923,000965.SZ,3.73,3.05
20260923,000966.SZ,4.43,3.63
20260923,000967.SZ,8.99,7.35
20260923,000968.SZ,7.8,6.38
20260923,000969.SZ,18.99,15.53
20260923,000970.SZ,12.94,10.58
20260923,000972.SZ,4.51,3.69
20260923,000973.SZ,13.17,10.77
20260923,000975.SZ,26.62,21.78
20260923,000977.SZ,79.37,64.94
20260923,000978.SZ,9.24,7.56
20260923,000980.SZ,2.4,1.96
20260923,000981.SZ,3.17,2.59
20260923,000983.SZ,7.28,5.96
20260923,000985.SZ,19.46,15.92
20260923,000987.SZ,8.21,6.71
20260923,000988.SZ,117.8,96.38
20260923,000989.SZ,9.71,7.95
20260923,000990.SZ,7.26,5.94
20260923,000993.SZ,23.0,18.82
20260923,000995.SZ,12.91,10.57
20260923,000997.SZ,21.74,17.78
20260923,000998.SZ,9.91,8.11
20260923,000999.SZ,26.22,21.46
20260923,001201.SZ,17.93,14.67
20260923,001202.SZ,16.65,13.63
20260923,001203.SZ,26.99,22.09
20260923,001205.SZ,16.06,13.14
20260923,001206.SZ,19.0,15.54
20260923,001207.SZ,20.5,16.78
20260923,001208.SZ,15.36,12.56
20260923,001209.SZ,20.81,17.03
20260923,001210.SZ,32.69,26.75
20260923,001211.SZ,28.15,23.03
20260923,001212.SZ,42.52,34.79
20260923,001213.SZ,3.86,3.16
20260923,001215.SZ,36.83,30.13
20260923,001216.SZ,29.12,23.82
20260923,001217.SZ,12.07,9.87
20260923,001218.SZ,26.65,21.81
20260923,001219.SZ,14.04,11.48
20260923,001220.SZ,35.23,28.83
20260923,001221.SZ,39.28,32.14
20260923,001222.SZ,17.63,14.43
20260923,001223.SZ,48.99,40.09
20260923,001225.SZ,40.01,32.73
20260923,001226.SZ,50.77,41.54
20260923,001227.SZ,2.32,1.9
20260923,001228.SZ,38.43,31.45
20260923,001229.SZ,43.88,35.9
20260923,001230.SZ,21.35,17.47
20260923,001231.SZ,24.9,20.38
20260923,001232.SZ,217.17,177.69
20260923,001233.SZ,51.14,41.84
20260923,001234.SZ,32.18,26.33
20260923,001236.SZ,8.87,7.25
20260923,001237.SZ,56.25,46.03
20260923,001238.SZ,28.74,23.52
20260923,001239.SZ,13.3,10.88
20260923,001248.SZ,13.15,10.76
20260923,001255.SZ,29.83,24.41
20260923,001256.SZ,24.01,19.65
20260923,001257.SZ,25.64,20.98
20260923,001258.SZ,12.88,10.54
20260923,001259.SZ,53.77,43.99
20260923,001260.SZ,22.31,18.25
20260923,001266.SZ,41.53,33.98
20260923,001267.SZ,42.01,34.37
20260923,001268.SZ,29.23,23.91
20260923,001269.SZ,21.24,17.38
20260923,001270.SZ,109.99,89.99
20260923,001277.SZ,33.84,27.68
20260923,001278.SZ,18.28,14.96
20260923,001279.SZ,29.29,23.97
20260923,001280.SZ,69.42,56.8
20260923,001282.SZ,18.11,14.81
20260923,001283.SZ,53.74,43.97
20260923,001285.SZ,47.04,38.48
20260923,001286.SZ,10.54,8.62
20260923,001287.SZ,27.47,22.47
20260923,001288.SZ,34.97,28.61
20260923,001289.SZ,16.65,13.63
20260923,001296.SZ,22.1,18.08
20260923,001298.SZ,18.8,15.38
20260923,001299.SZ,11.5,9.41
20260923,001300.SZ,13.96,11.42
20260923,001301.SZ,55.09,45.07
20260923,001306.SZ,62.78,51.36
20260923,001308.SZ,19.98,16.34
20260923,001309.SZ,452.73,370.41
20260923,001311.SZ,18.94,15.5
20260923,001312.SZ,19.93,16.31
20260923,001313.SZ,8.18,6.7
20260923,001314.SZ,60.45,49.46
20260923,001316.SZ,31.79,26.01
20260923,001317.SZ,72.56,59.36
20260923,001318.SZ,13.01,10.65
20260923,001319.SZ,24.56,20.1
20260923,001322.SZ,7.65,6.26
20260923,001323.SZ,19.54,15.98
20260923,001324.SZ,23.8,19.48
20260923,001325.SZ,40.96,33.52
20260923,001326.SZ,108.41,88.7
20260923,001328.SZ,33.35,27.29
20260923,001330.SZ,6.07,4.97
20260923,001331.SZ,50.11,41.0
20260923,001332.SZ,30.84,25.24
20260923,001333.SZ,22.14,18.12
20260923,001335.SZ,37.02,30.29
20260923,001336.SZ,21.71,17.77
20260923,001337.SZ,54.35,44.47
20260923,001338.SZ,10.02,8.2
20260923,001339.SZ,89.43,73.17
20260923,001356.SZ,10.51,8.6
20260923,001358.SZ,27.5,22.5
20260923,001359.SZ,99.11,81.09
20260923,001360.SZ,23.17,18.95
20260923,001365.SZ,40.24,32.92
20260923,001366.SZ,14.73,12.05
20260923,001367.SZ,23.63,19.33
20260923,001368.SZ,37.88,31.0
20260923,001369.SZ,13.77,11.27
20260923,001373.SZ,34.23,28.01
20260923,001376.SZ,14.21,11.63
20260923,001378.SZ,25.74,21.06
20260923,001379.SZ,17.46,14.28
20260923,001380.SZ,20.47,16.75
20260923,001382.SZ,18.24,14.92
20260923,001386.SZ,18.04,14.76
20260923,001387.SZ,13.15,10.76
20260923,001388.SZ,23.01,18.83
20260923,001389.SZ,218.52,178.79
20260923,001390.SZ,19.31,15.8
20260923,001391.SZ,4.32,3.54
20260923,001393.SZ,46.53,38.07
20260923,001395.SZ,33.13,27.11
20260923,001396.SZ,35.94,29.4
20260923,001399.SZ,25.87,21.17
20260923,001400.SZ,84.66,69.26
20260923,001696.SZ,17.5,14.32
20260923,001872.SZ,25.2,20.62
20260923,001896.SZ,13.35,10.93
20260923,001914.SZ,10.05,8.23
20260923,001965.SZ,10.78,8.82
20260923,001979.SZ,8.0,6.54
20260923,002001.SZ,29.33,23.99
20260923,002003.SZ,12.42,10.16
20260923,002004.SZ,4.85,3.97
20260923,002005.SZ,2.95,2.41
20260923,002006.SZ,14.83,12.13
20260923,002007.SZ,14.6,11.94
20260923,002008.SZ,103.69,84.83
20260923,002009.SZ,17.18,14.06
20260923,002010.SZ,5.04,4.12
20260923,002011.SZ,16.24,13.28
20260923,002012.SZ,7.93,6.49
20260923,002014.SZ,12.03,9.85
20260923,002015.SZ,17.67,14.45
20260923,002016.SZ,5.25,4.29
20260923,002017.SZ,16.43,13.45
20260923,002019.SZ,10.55,8.63
20260923,002020.SZ,12.79,10.47
20260923,002021.SZ,2.88,2.36
20260923,002022.SZ,6.81,5.57
20260923,002023.SZ,11.07,9.05
20260923,002024.SZ,1.29,1.05
20260923,002025.SZ,80.52,65.88
20260923,002026.SZ,12.1,9.9
20260923,002027.SZ,5.23,4.28
20260923,002028.SZ,141.24,115.56
20260923,002029.SZ,10.02,8.2
20260923,002030.SZ,6.14,5.02
20260923,002031.SZ,5.81,4.75
20260923,002032.SZ,43.23,35.37
20260923,002033.SZ,9.25,7.57
20260923,002034.SZ,15.95,13.05
20260923,002035.SZ,5.07,4.15
20260923,002036.SZ,7.01,5.73
20260923,002037.SZ,7.73,6.33
20260923,002038.SZ,6.5,5.32
20260923,002039.SZ,21.1,17.26
20260923,002040.SZ,10.22,8.36
20260923,002041.SZ,11.52,9.42
20260923,002042.SZ,4.44,3.64
20260923,002043.SZ,12.47,10.21
20260923,002044.SZ,5.05,4.13
20260923,002045.SZ,10.34,8.46
20260923,002046.SZ,70.72,57.86
20260923,002047.SZ,3.71,3.03
20260923,002048.SZ,20.41,16.7
20260923,002049.SZ,68.05,55.67
20260923,002050.SZ,39.82,32.58
20260923,002051.SZ,9.89,8.09
20260923,002052.SZ,9.32,7.62
20260923,002053.SZ,10.51,8.6
20260923,002054.SZ,7.85,6.43
20260923,002055.SZ,7.69,6.29
20260923,002056.SZ,22.36,18.3
20260923,002057.SZ,10.04,8.22
20260923,002058.SZ,19.55,15.99
20260923,002059.SZ,5.05,4.13
20260923,002060.SZ,3.36,2.75
20260923,002061.SZ,3.69,3.02
20260923,002062.SZ,10.55,8.63
20260923,002063.SZ,5.92,4.84
20260923,002064.SZ,10.93,8.95
20260923,002065.SZ,7.48,6.12
20260923,002066.SZ,22.33,18.27
20260923,002067.SZ,4.51,3.69
20260923,002068.SZ,11.39,9.32
20260923,002069.SZ,4.11,3.37
20260923,002072.SZ,8.04,6.58
20260923,002073.SZ,6.31,5.17
20260923,002074.SZ,30.5,24.96
20260923,002075.SZ,3.93,3.21
20260923,002076.SZ,2.38,1.94
20260923,002077.SZ,15.5,12.68
20260923,002078.SZ,15.05,12.31
20260923,002079.SZ,9.97,8.15
20260923,002080.SZ,68.75,56.25
20260923,002081.SZ,5.75,4.71
20260923,002082.SZ,12.23,10.01
20260923,002083.SZ,10.81,8.85
20260923,002084.SZ,7.04,5.76
20260923,002085.SZ,10.59,8.67
20260923,002086.SZ,2.28,1.86
20260923,002088.SZ,8.94,7.32
20260923,002090.SZ,10.09,8.25
20260923,002091.SZ,8.31,6.8
20260923,002092.SZ,4.97,4.07
20260923,002093.SZ,8.53,6.98
20260923,002094.SZ,5.92,4.84
20260923,002095.SZ,17.84,14.6
20260923,002096.SZ,10.32,8.44
20260923,002097.SZ,7.84,6.42
20260923,002098.SZ,9.06,7.42
20260923,002099.SZ,6.19,5.07
20260923,002100.SZ,8.64,7.07
20260923,002101.SZ,9.6,7.86
20260923,002102.SZ,3.04,2.48
20260923,002103.SZ,7.59,6.21
20260923,002104.SZ,12.85,10.51
20260923,002105.SZ,6.7,5.48
20260923,002106.SZ,14.55,11.91
20260923,002107.SZ,8.06,6.6
20260923,002108.SZ,4.83,3.95
20260923,002109.SZ,3.09,2.53
20260923,002110.SZ,3.19,2.61
20260923,002111.SZ,10.4,8.51
20260923,002112.SZ,16.06,13.14
20260923,002114.SZ,8.11,6.63
20260923,002115.SZ,11.24,9.2
20260923,002116.SZ,7.92,6.48
20260923,002117.SZ,8.8,7.2
20260923,002119.SZ,26.92,22.02
20260923,002120.SZ,7.56,6.18
20260923,002121.SZ,4.83,3.95
20260923,002122.SZ,3.06,2.5
20260923,002123.SZ,9.14,7.48
20260923,002124.SZ,2.39,1.95
20260923,002125.SZ,13.45,11.01
20260923,002126.SZ,42.39,34.69
20260923,002127.SZ,3.36,2.75
20260923,002128.SZ,31.06,25.42
20260923,002129.SZ,10.57,8.65
20260923,002130.SZ,18.52,15.16
20260923,002131.SZ,5.13,4.19
20260923,002132.SZ,4.63,3.79
20260923,002133.SZ,3.18,2.6
20260923,002134.SZ,29.65,24.26
20260923,002135.SZ,6.8,5.56
20260923,002136.SZ,13.06,10.68
20260923,002137.SZ,9.35,7.65
20260923,002138.SZ,59.79,48.92
20260923,002139.SZ,10.6,8.68
20260923,002140.SZ,10.43,8.53
20260923,002141.SZ,8.17,6.69
20260923,002142.SZ,38.19,31.25
20260923,002144.SZ,11.99,9.81
20260923,002145.SZ,5.17,4.23
20260923,002146.SZ,1.36,1.12
20260923,002148.SZ,7.28,5.96
20260923,002149.SZ,36.95,30.23
20260923,002150.SZ,23.87,19.53
20260923,002151.SZ,32.73,26.78
20260923,002152.SZ,10.26,8.4
20260923,002153.SZ,8.7,7.12
20260923,002154.SZ,4.24,3.47
20260923,002155.SZ,27.5,22.5
20260923,002156.SZ,69.87,57.17
20260923,002157.SZ,3.31,2.71
20260923,002158.SZ,30.87,25.25
20260923,002159.SZ,14.87,12.17
20260923,002160.SZ,4.31,3.53
20260923,002161.SZ,7.62,6.24
20260923,002162.SZ,4.63,3.79
20260923,002163.SZ,8.71,7.13
20260923,002164.SZ,12.91,10.57
20260923,002165.SZ,8.12,6.64
20260923,002166.SZ,7.46,6.1
20260923,002167.SZ,18.25,14.93
20260923,002168.SZ,4.06,3.32
20260923,002169.SZ,15.94,13.04
20260923,002170.SZ,11.9,9.74
20260923,002171.SZ,11.68,9.56
20260923,002172.SZ,6.16,5.04
20260923,002173.SZ,20.55,16.81
20260923,002174.SZ,15.84,12.96
20260923,002175.SZ,2.81,2.3
20260923,002176.SZ,9.46,7.74
20260923,002177.SZ,6.33,5.18
20260923,002178.SZ,6.15,5.03
20260923,002179.SZ,38.7,31.66
20260923,002180.SZ,19.49,15.95
20260923,002181.SZ,10.69,8.75
20260923,002182.SZ,12.79,10.47
20260923,002183.SZ,4.86,3.98
20260923,002184.SZ,10.98,8.98
20260923,002185.SZ,20.11,16.45
20260923,002186.SZ,10.53,8.61
20260923,002187.SZ,6.17,5.05
20260923,002188.SZ,6.17,5.05
20260923,002189.SZ,21.26,17.4
20260923,002190.SZ,26.72,21.86
20260923,002191.SZ,4.04,3.3
20260923,002192.SZ,68.96,56.42
20260923,002193.SZ,5.13,4.19
20260923,002194.SZ,12.07,9.87
20260923,002195.SZ,6.83,5.59
20260923,002196.SZ,11.23,9.19
20260923,002197.SZ,7.4,6.06
20260923,002198.SZ,4.07,3.33
20260923,002199.SZ,14.07,11.51
20260923,002200.SZ,7.23,5.91
20260923,002201.SZ,11.57,9.47
20260923,002202.SZ,19.77,16.17
20260923,002203.SZ,19.97,16.34
20260923,002204.SZ,6.0,4.91
20260923,002205.SZ,11.96,9.78
20260923,002206.SZ,5.47,4.47
20260923,002207.SZ,6.11,5.0
20260923,002208.SZ,11.46,9.38
20260923,002209.SZ,14.81,12.11
20260923,002210.SZ,2.38,1.94
20260923,002211.SZ,4.2,3.44
20260923,002212.SZ,8.05,6.59
20260923,002213.SZ,32.0,26.18
20260923,002214.SZ,20.49,16.77
20260923,002215.SZ,10.78,8.82
20260923,002216.SZ,12.87,10.53
20260923,002217.SZ,1.77,1.45
20260923,002218.SZ,4.59,3.75
20260923,002219.SZ,2.38,1.94
20260923,002221.SZ,6.33,5.18
20260923,002222.SZ,78.27,64.04
20260923,002223.SZ,29.23,23.91
20260923,002224.SZ,4.16,3.4
20260923,002225.SZ,3.93,3.21
20260923,002226.SZ,6.0,4.91
20260923,002227.SZ,7.11,5.81
20260923,002228.SZ,3.55,2.91
20260923,002229.SZ,12.25,10.03
20260923,002230.SZ,43.03,35.21
20260923,002232.SZ,17.18,14.06
20260923,002233.SZ,7.85,6.43
20260923,002234.SZ,8.73,7.15
20260923,002235.SZ,8.89,7.27
20260923,002236.SZ,17.48,14.3
20260923,002237.SZ,14.95,12.23
20260923,002238.SZ,7.66,6.26
20260923,002239.SZ,2.76,2.26
20260923,002240.SZ,30.2,24.71
20260923,002241.SZ,27.1,22.18
20260923,002242.SZ,10.49,8.59
20260923,002243.SZ,7.87,6.44
20260923,002244.SZ,9.63,7.88
20260923,002245.SZ,18.56,15.18
20260923,002246.SZ,30.06,24.6
20260923,002247.SZ,2.71,2.21
20260923,002248.SZ,10.56,8.64
20260923,002249.SZ,7.15,5.85
20260923,002250.SZ,15.9,13.01
20260923,002251.SZ,3.92,3.2
20260923,002252.SZ,5.48,4.48
20260923,002253.SZ,11.3,9.24
20260923,002254.SZ,13.83,11.31
20260923,002255.SZ,8.42,6.89
20260923,002256.SZ,3.58,2.93
20260923,002258.SZ,16.35,13.37
20260923,002259.SZ,5.47,4.47
20260923,002261.SZ,28.47,23.29
20260923,002262.SZ,24.02,19.66
20260923,002263.SZ,3.52,2.88
20260923,002264.SZ,8.77,7.17
20260923,002265.SZ,21.77,17.81
20260923,002266.SZ,5.49,4.49
20260923,002267.SZ,7.9,6.46
20260923,002268.SZ,16.62,13.6
20260923,002269.SZ,1.56,1.28
20260923,002270.SZ,20.05,16.41
20260923,002271.SZ,11.79,9.65
20260923,002272.SZ,18.06,14.78
20260923,002273.SZ,28.44,23.27
20260923,002274.SZ,6.8,5.56
20260923,002275.SZ,13.51,11.05
20260923,002276.SZ,11.02,9.02
20260923,002277.SZ,6.0,4.91
20260923,002278.SZ,8.84,7.24
20260923,002279.SZ,7.71,6.31
20260923,002281.SZ,209.41,171.33
20260923,002282.SZ,6.71,5.49
20260923,002283.SZ,8.92,7.3
20260923,002284.SZ,10.79,8.83
20260923,002285.SZ,3.52,2.88
20260923,002286.SZ,8.75,7.16
20260923,002287.SZ,21.68,17.74
20260923,002289.SZ,40.49,33.13
20260923,002290.SZ,85.64,70.07
20260923,002291.SZ,6.28,5.14
20260923,002292.SZ,10.04,8.22
20260923,002293.SZ,11.83,9.68
20260923,002294.SZ,34.3,28.06
20260923,002295.SZ,11.54,9.44
20260923,002296.SZ,10.43,8.53
20260923,002297.SZ,24.05,19.67
20260923,002298.SZ,9.87,8.07
20260923,002299.SZ,17.73,14.51
20260923,002300.SZ,9.14,7.48
20260923,002301.SZ,10.2,8.34
20260923,002302.SZ,5.18,4.24
20260923,002303.SZ,7.59,6.21
20260923,002304.SZ,42.19,34.52
20260923,002305.SZ,2.24,1.84
20260923,002306.SZ,2.44,2.0
20260923,002307.SZ,3.32,2.72
20260923,002309.SZ,3.26,2.66
20260923,002310.SZ,2.51,2.05
20260923,002311.SZ,46.31,37.89
20260923,002312.SZ,9.52,7.79
20260923,002313.SZ,10.23,8.37
20260923,002314.SZ,2.55,2.09
20260923,002315.SZ,28.46,23.28
20260923,002316.SZ,4.82,3.94
20260923,002317.SZ,28.06,22.96
20260923,002318.SZ,20.06,16.42
20260923,002319.SZ,11.19,9.15
20260923,002320.SZ,7.34,6.0
20260923,002321.SZ,2.44,2.0
20260923,002322.SZ,13.35,10.93
20260923,002323.SZ,1.4,1.14
20260923,002324.SZ,10.11,8.27
20260923,002326.SZ,18.9,15.46
20260923,002327.SZ,6.73,5.51
20260923,002328.SZ,9.65,7.89
20260923,002329.SZ,4.07,3.33
20260923,002330.SZ,4.54,3.72
20260923,002331.SZ,7.59,6.21
20260923,002332.SZ,9.61,7.87
20260923,002333.SZ,6.18,5.06
20260923,002334.SZ,7.25,5.93
20260923,002335.SZ,33.29,27.23
20260923,002337.SZ,5.25,4.29
20260923,002338.SZ,49.67,40.64
20260923,002339.SZ,8.58,7.02
20260923,002340.SZ,6.89,5.63
20260923,002342.SZ,8.65,7.07
20260923,002343.SZ,6.45,5.27
20260923,002344.SZ,4.41,3.61
20260923,002345.SZ,9.57,7.83
20260923,002346.SZ,20.99,17.17
20260923,002347.SZ,6.49,5.31
20260923,002348.SZ,12.05,9.86
20260923,002349.SZ,9.61,7.87
20260923,002350.SZ,15.52,12.7
20260923,002351.SZ,11.2,9.16
20260923,002352.SZ,34.03,27.85
20260923,002353.SZ,130.81,107.03
20260923,002354.SZ,8.92,7.3
20260923,002355.SZ,5.23,4.28
20260923,002356.SZ,3.01,2.47
20260923,002357.SZ,13.37,10.94
20260923,002358.SZ,5.86,4.8
20260923,002360.SZ,5.93,4.85
20260923,002361.SZ,11.46,9.38
20260923,002362.SZ,18.18,14.88
20260923,002363.SZ,7.54,6.17
20260923,002364.SZ,40.26,32.94
20260923,002365.SZ,15.87,12.99
20260923,002366.SZ,6.36,5.2
20260923,002367.SZ,6.66,5.45
20260923,002368.SZ,14.75,12.07
20260923,002369.SZ,6.36,5.2
20260923,002370.SZ,5.93,4.85
20260923,002371.SZ,740.21,605.63
20260923,002372.SZ,9.0,7.36
20260923,002373.SZ,8.24,6.74
20260923,002374.SZ,3.5,2.86
20260923,002375.SZ,4.19,3.43
20260923,002376.SZ,7.5,6.14
20260923,002377.SZ,3.36,2.75
20260923,002378.SZ,25.96,21.24
20260923,002379.SZ,18.81,15.39
20260923,002380.SZ,30.26,24.76
20260923,002381.SZ,6.15,5.03
20260923,002382.SZ,6.56,5.36
20260923,002383.SZ,9.03,7.39
20260923,002384.SZ,217.93,178.31
20260923,002385.SZ,3.52,2.88
20260923,002386.SZ,6.7,5.48
20260923,002387.SZ,7.7,6.3
20260923,002388.SZ,8.75,7.16
20260923,002389.SZ,20.83,17.05
20260923,002390.SZ,3.32,2.72
20260923,002391.SZ,5.79,4.73
20260923,002392.SZ,8.49,6.95
20260923,002393.SZ,15.41,12.61
20260923,002394.SZ,11.45,9.37
20260923,002395.SZ,13.9,11.38
20260923,002396.SZ,41.49,33.95
20260923,002397.SZ,4.02,3.29
20260923,002398.SZ,4.65,3.81
20260923,002399.SZ,10.73,8.78
20260923,002400.SZ,7.44,6.08
20260923,002401.SZ,13.51,11.05
20260923,002402.SZ,20.86,17.06
20260923,002403.SZ,11.42,9.34
20260923,002404.SZ,6.5,5.32
20260923,002405.SZ,6.75,5.53
20260923,002406.SZ,7.08,5.8
20260923,002407.SZ,35.92,29.39
20260923,002408.SZ,5.91,4.83
20260923,002409.SZ,149.05,121.95
20260923,002410.SZ,9.48,7.76
20260923,002412.SZ,10.67,8.73
20260923,002413.SZ,9.13,7.47
20260923,002414.SZ,13.45,11.01
20260923,002415.SZ,36.5,29.86
20260923,002416.SZ,10.15,8.31
20260923,002418.SZ,5.16,4.22
20260923,002419.SZ,5.13,4.19
20260923,002420.SZ,6.75,5.53
20260923,002421.SZ,3.61,2.95
20260923,002422.SZ,46.2,37.8
20260923,002423.SZ,10.29,8.42
20260923,002424.SZ,4.97,4.07
20260923,002425.SZ,3.51,2.87
20260923,002426.SZ,2.96,2.42
20260923,002427.SZ,5.13,4.19
20260923,002428.SZ,104.21,85.27
20260923,002429.SZ,9.08,7.43
20260923,002430.SZ,28.16,23.04
20260923,002431.SZ,1.47,1.21
20260923,002432.SZ,70.79,57.92
20260923,002434.SZ,6.85,5.61
20260923,002436.SZ,48.65,39.81
20260923,002437.SZ,4.16,3.4
20260923,002438.SZ,15.06,12.32
20260923,002439.SZ,16.16,13.22
20260923,002440.SZ,14.23,11.65
20260923,002441.SZ,9.02,7.38
20260923,002442.SZ,6.44,5.27
20260923,002443.SZ,15.22,12.46
20260923,002444.SZ,30.91,25.29
20260923,002445.SZ,3.49,2.85
20260923,002446.SZ,9.13,7.47
20260923,002448.SZ,12.39,10.13
20260923,002449.SZ,7.34,6.0
20260923,002451.SZ,8.49,6.95
20260923,002452.SZ,13.37,10.94
20260923,002453.SZ,5.84,4.78
20260923,002454.SZ,5.59,4.57
20260923,002455.SZ,7.73,6.33
20260923,002456.SZ,7.66,6.26
20260923,002457.SZ,12.66,10.36
20260923,002458.SZ,9.19,7.52
20260923,002459.SZ,7.61,6.23
20260923,002460.SZ,51.03,41.75
20260923,002461.SZ,9.26,7.58
20260923,002462.SZ,13.64,11.16
20260923,002463.SZ,137.65,112.63
20260923,002465.SZ,11.34,9.28
20260923,002466.SZ,47.43,38.81
20260923,002467.SZ,5.6,4.58
20260923,002468.SZ,16.34,13.37
20260923,002469.SZ,6.81,5.57
20260923,002470.SZ,2.34,1.92
20260923,002471.SZ,6.33,5.18
20260923,002472.SZ,41.53,33.98
20260923,002474.SZ,7.21,5.9
20260923,002475.SZ,60.32,49.36
20260923,002476.SZ,5.48,4.48
20260923,002478.SZ,7.13,5.83
20260923,002479.SZ,6.55,5.36
20260923,002480.SZ,5.81,4.75
20260923,002481.SZ,4.7,3.84
20260923,002482.SZ,1.52,1.24
20260923,002483.SZ,6.97,5.71
20260923,002484.SZ,67.08,54.88
20260923,002485.SZ,6.58,5.38
20260923,002486.SZ,3.06,2.5
20260923,002487.SZ,41.89,34.27
20260923,002488.SZ,8.38,6.86
20260923,002489.SZ,3.39,2.77
20260923,002490.SZ,8.09,6.62
20260923,002491.SZ,26.43,21.63
20260923,002492.SZ,7.03,5.75
20260923,002493.SZ,14.44,11.82
20260923,002494.SZ,5.39,4.41
20260923,002495.SZ,2.68,2.2
20260923,002496.SZ,2.35,1.93
20260923,002497.SZ,18.43,15.08
20260923,002498.SZ,7.15,5.85
20260923,002500.SZ,5.81,4.75
20260923,002501.SZ,1.44,1.18
20260923,002506.SZ,2.74,2.24
20260923,002507.SZ,12.25,10.03
20260923,002508.SZ,18.34,15.0
20260923,002510.SZ,6.38,5.22
20260923,002511.SZ,7.78,6.36
20260923,002512.SZ,4.41,3.61
20260923,002513.SZ,5.91,4.83
20260923,002514.SZ,2.86,2.34
20260923,002515.SZ,8.53,6.98
20260923,002516.SZ,6.26,5.12
20260923,002517.SZ,18.58,15.2
20260923,002518.SZ,43.08,35.24
20260923,002519.SZ,6.59,5.39
20260923,002520.SZ,7.02,5.74
20260923,002521.SZ,7.0,5.72
20260923,002522.SZ,6.55,5.36
20260923,002523.SZ,3.72,3.04
20260923,002524.SZ,4.5,3.68
20260923,002526.SZ,2.89,2.37
20260923,002527.SZ,11.74,9.6
20260923,002528.SZ,6.62,5.42
20260923,002529.SZ,7.38,6.04
20260923,002530.SZ,8.02,6.56
20260923,002531.SZ,8.07,6.61
20260923,002532.SZ,13.9,11.38
20260923,002533.SZ,11.99,9.81
20260923,002534.SZ,19.42,15.89
20260923,002535.SZ,2.7,2.21
20260923,002536.SZ,57.37,46.94
20260923,002537.SZ,6.55,5.36
20260923,002538.SZ,7.35,6.01
20260923,002539.SZ,13.51,11.05
20260923,002540.SZ,5.51,4.51
20260923,002541.SZ,19.69,16.11
20260923,002542.SZ,1.83,1.49
20260923,002543.SZ,7.95,6.51
20260923,002544.SZ,17.82,14.58
20260923,002545.SZ,17.36,14.2
20260923,002546.SZ,8.35,6.83
20260923,002547.SZ,2.62,2.14
20260923,002548.SZ,4.43,3.63
20260923,002549.SZ,14.77,12.09
20260923,002550.SZ,7.21,5.9
20260923,002551.SZ,3.74,3.06
20260923,002552.SZ,58.66,48.0
20260923,002553.SZ,17.36,14.2
20260923,002554.SZ,3.1,2.54
20260923,002555.SZ,19.61,16.05
20260923,002556.SZ,5.67,4.64
20260923,002557.SZ,20.0,16.36
20260923,002558.SZ,26.76,21.9
20260923,002559.SZ,10.02,8.2
20260923,002560.SZ,8.07,6.61
20260923,002561.SZ,8.24,6.74
20260923,002562.SZ,5.42,4.44
20260923,002563.SZ,6.03,4.93
20260923,002564.SZ,6.0,4.91
20260923,002565.SZ,9.99,8.17
20260923,002566.SZ,7.85,6.43
20260923,002567.SZ,4.16,3.4
20260923,002568.SZ,20.12,16.46
20260923,002569.SZ,12.61,10.31
20260923,002570.SZ,4.92,4.02
20260923,002571.SZ,12.33,10.09
20260923,002572.SZ,8.26,6.76
20260923,002573.SZ,3.47,2.84
20260923,002574.SZ,5.62,4.6
20260923,002575.SZ,5.93,4.85
20260923,002576.SZ,15.92,13.02
20260923,002577.SZ,24.84,20.32
20260923,002578.SZ,4.62,3.78
20260923,002579.SZ,20.77,16.99
20260923,002580.SZ,21.12,17.28
20260923,002581.SZ,5.93,4.85
20260923,002582.SZ,10.85,8.87
20260923,002583.SZ,9.0,7.36
20260923,002584.SZ,10.3,8.42
20260923,002585.SZ,13.09,10.71
20260923,002586.SZ,4.1,3.36
20260923,002587.SZ,5.86,4.8
20260923,002588.SZ,8.51,6.97
20260923,002589.SZ,3.95,3.23
20260923,002590.SZ,10.62,8.69
20260923,002591.SZ,7.02,5.74
20260923,002592.SZ,7.1,5.81
20260923,002593.SZ,5.04,4.12
20260923,002594.SZ,95.24,77.92
20260923,002595.SZ,43.68,35.74
20260923,002596.SZ,3.63,2.97
20260923,002597.SZ,24.39,19.95
20260923,002598.SZ,7.76,6.35
20260923,002599.SZ,6.15,5.03
20260923,002600.SZ,13.92,11.39
20260923,002601.SZ,16.78,13.73
20260923,002602.SZ,16.08,13.16
20260923,002603.SZ,17.14,14.02
20260923,002605.SZ,18.57,15.19
20260923,002606.SZ,13.9,11.38
20260923,002607.SZ,2.15,1.76
20260923,002608.SZ,8.03,6.57
20260923,002609.SZ,8.62,7.06
20260923,002611.SZ,15.3,12.52
20260923,002612.SZ,18.99,15.53
20260923,002613.SZ,3.91,3.2
20260923,002614.SZ,7.57,6.19
20260923,002615.SZ,7.05,5.77
20260923,002616.SZ,5.37,4.39
20260923,002617.SZ,7.63,6.25
20260923,002620.SZ,6.28,5.14
20260923,002622.SZ,2.88,2.36
20260923,002623.SZ,21.27,17.41
20260923,002624.SZ,11.01,9.01
20260923,002625.SZ,30.2,24.71
20260923,002626.SZ,18.44,15.08
20260923,002627.SZ,7.41,6.07
20260923,002628.SZ,5.71,4.67
20260923,002629.SZ,4.8,3.92
20260923,002630.SZ,1.8,1.48
20260923,002631.SZ,15.54,12.72
20260923,002632.SZ,10.79,8.83
20260923,002633.SZ,15.87,12.99
20260923,002634.SZ,4.54,3.72
20260923,002635.SZ,16.79,13.73
20260923,002636.SZ,94.14,77.02
20260923,002637.SZ,12.32,10.08
20260923,002638.SZ,4.74,3.88
20260923,002639.SZ,15.46,12.65
20260923,002640.SZ,4.13,3.38
20260923,002641.SZ,4.22,3.46
20260923,002642.SZ,7.88,6.44
20260923,002643.SZ,14.54,11.9
20260923,002644.SZ,9.22,7.54
20260923,002645.SZ,20.25,16.57
20260923,002646.SZ,7.77,6.35
20260923,002647.SZ,12.97,10.61
20260923,002648.SZ,29.66,24.26
20260923,002649.SZ,10.47,8.57
20260923,002650.SZ,7.52,6.16
20260923,002651.SZ,9.12,7.46
20260923,002652.SZ,5.31,4.35
20260923,002653.SZ,72.94,59.68
20260923,002654.SZ,15.32,12.54
20260923,002655.SZ,43.29,35.42
20260923,002656.SZ,3.08,2.52
20260923,002657.SZ,17.38,14.22
20260923,002658.SZ,8.14,6.66
20260923,002659.SZ,5.17,4.23
20260923,002660.SZ,8.81,7.21
20260923,002661.SZ,8.48,6.94
20260923,002662.SZ,3.5,2.86
20260923,002663.SZ,1.91,1.57
20260923,002664.SZ,16.43,13.45
20260923,002666.SZ,4.65,3.81
20260923,002667.SZ,22.92,18.76
20260923,002668.SZ,9.91,8.11
20260923,002669.SZ,15.39,12.59
20260923,002670.SZ,13.04,10.67
20260923,002671.SZ,4.44,3.64
20260923,002672.SZ,4.43,3.63
20260923,002673.SZ,7.48,6.12
20260923,002674.SZ,22.72,18.59
20260923,002675.SZ,14.05,11.49
20260923,002676.SZ,5.87,4.81
20260923,002677.SZ,6.82,5.58
20260923,002678.SZ,4.94,4.04
20260923,002679.SZ,12.06,9.86
20260923,002681.SZ,5.16,4.22
20260923,002682.SZ,5.57,4.55
20260923,002683.SZ,31.33,25.63
20260923,002685.SZ,6.22,5.09
20260923,002686.SZ,6.92,5.66
20260923,002687.SZ,6.68,5.46
20260923,002688.SZ,5.79,4.73
20260923,002689.SZ,3.26,2.66
20260923,002690.SZ,17.15,14.03
20260923,002691.SZ,4.61,3.77
20260923,002692.SZ,4.84,3.96
20260923,002693.SZ,10.35,8.47
20260923,002694.SZ,2.72,2.22
20260923,002695.SZ,11.58,9.48
20260923,002696.SZ,7.72,6.32
20260923,002697.SZ,5.19,4.25
20260923,002698.SZ,12.64,10.34
20260923,002700.SZ,7.08,5.8
20260923,002701.SZ,4.84,3.96
20260923,002702.SZ,6.25,5.11
20260923,002703.SZ,18.07,14.79
20260923,002705.SZ,12.97,10.61
20260923,002706.SZ,9.67,7.91
20260923,002707.SZ,5.7,4.66
20260923,002708.SZ,18.6,15.22
20260923,002709.SZ,36.64,29.98
20260923,002712.SZ,5.7,4.66
20260923,002713.SZ,11.97,9.79
20260923,002714.SZ,46.05,37.67
20260923,002715.SZ,14.63,11.97
20260923,002716.SZ,10.58,8.66
20260923,002717.SZ,1.01,0.83
20260923,002718.SZ,92.27,75.49
20260923,002719.SZ,6.9,5.64
20260923,002721.SZ,3.03,2.48
20260923,002722.SZ,14.49,11.85
20260923,002723.SZ,8.2,6.71
20260923,002724.SZ,8.32,6.8
20260923,002725.SZ,12.35,10.11
20260923,002726.SZ,2.79,2.29
20260923,002727.SZ,12.06,9.86
20260923,002728.SZ,10.91,8.93
20260923,002729.SZ,15.38,12.58
20260923,002730.SZ,25.17,20.59
20260923,002731.SZ,0.85,0.69
20260923,002732.SZ,15.66,12.82
20260923,002733.SZ,20.01,16.37
20260923,002734.SZ,21.29,17.42
20260923,002735.SZ,13.78,11.28
20260923,002736.SZ,10.97,8.97
20260923,002737.SZ,12.63,10.33
20260923,002738.SZ,50.42,41.26
20260923,002739.SZ,9.49,7.77
20260923,002741.SZ,29.46,24.1
20260923,002742.SZ,4.8,3.92
20260923,002743.SZ,5.3,4.34
20260923,002745.SZ,13.75,11.25
20260923,002746.SZ,6.92,5.66
20260923,002747.SZ,32.65,26.71
20260923,002748.SZ,13.52,11.06
20260923,002749.SZ,9.33,7.63
20260923,002752.SZ,6.79,5.55
20260923,002753.SZ,7.47,6.11
20260923,002755.SZ,14.73,12.05
20260923,002756.SZ,44.8,36.66
20260923,002757.SZ,21.85,17.87
20260923,002758.SZ,9.46,7.74
20260923,002759.SZ,16.32,13.36
20260923,002760.SZ,19.38,15.86
20260923,002761.SZ,8.04,6.58
20260923,002762.SZ,11.48,9.4
20260923,002763.SZ,8.06,6.6
20260923,002765.SZ,7.68,6.28
20260923,002766.SZ,4.52,3.7
20260923,002767.SZ,20.71,16.95
20260923,002768.SZ,82.35,67.37
20260923,002769.SZ,7.57,6.19
20260923,002771.SZ,15.22,12.46
20260923,002772.SZ,12.27,10.04
20260923,002773.SZ,22.34,18.28
20260923,002774.SZ,19.21,15.71
20260923,002775.SZ,3.65,2.99
20260923,002777.SZ,14.12,11.56
20260923,002778.SZ,17.62,14.42
20260923,002779.SZ,90.64,74.16
20260923,002780.SZ,16.28,13.32
20260923,002782.SZ,16.86,13.8
20260923,002783.SZ,8.93,7.31
20260923,002785.SZ,45.69,37.39
20260923,002786.SZ,8.64,7.07
20260923,002787.SZ,29.4,24.06
20260923,002788.SZ,12.36,10.12
20260923,002789.SZ,14.52,11.88
20260923,002790.SZ,7.37,6.03
20260923,002791.SZ,16.91,13.83
20260923,002792.SZ,38.47,31.47
20260923,002793.SZ,5.38,4.4
20260923,002795.SZ,8.81,7.21
20260923,002796.SZ,34.43,28.17
20260923,002797.SZ,7.0,5.72
20260923,002798.SZ,7.36,6.02
20260923,002799.SZ,7.69,6.29
20260923,002800.SZ,16.52,13.52
20260923,002801.SZ,29.48,24.12
20260923,002802.SZ,13.6,11.12
20260923,002803.SZ,23.19,18.97
20260923,002805.SZ,18.4,15.06
20260923,002806.SZ,16.92,13.84
20260923,002807.SZ,4.55,3.73
20260923,002809.SZ,9.33,7.63
20260923,002810.SZ,23.67,19.37
20260923,002811.SZ,18.82,15.4
20260923,002812.SZ,52.43,42.89
20260923,002813.SZ,24.75,20.25
20260923,002815.SZ,27.93,22.85
20260923,002816.SZ,24.66,20.18
20260923,002817.SZ,7.45,6.09
20260923,002818.SZ,12.34,10.1
20260923,002819.SZ,24.24,19.84
20260923,002820.SZ,11.01,9.01
20260923,002821.SZ,206.43,168.89
20260923,002822.SZ,3.23,2.65
20260923,002823.SZ,14.22,11.64
20260923,002824.SZ,31.55,25.81
20260923,002825.SZ,10.47,8.57
20260923,002826.SZ,19.13,15.65
20260923,002827.SZ,81.71,66.85
20260923,002828.SZ,12.16,9.95
20260923,002829.SZ,22.51,18.41
20260923,002830.SZ,16.61,13.59
20260923,002831.SZ,31.68,25.92
20260923,002832.SZ,28.22,23.09
20260923,002833.SZ,20.27,16.59
20260923,002835.SZ,14.54,11.9
20260923,002836.SZ,12.25,10.03
20260923,002837.SZ,67.67,55.37
20260923,002838.SZ,27.85,22.79
20260923,002839.SZ,4.71,3.85
20260923,002840.SZ,9.26,7.58
20260923,002841.SZ,52.84,43.24
20260923,002842.SZ,37.94,31.04
20260923,002843.SZ,17.89,14.63
20260923,002845.SZ,16.09,13.17
20260923,002846.SZ,12.75,10.43
20260923,002847.SZ,47.93,39.21
20260923,002848.SZ,17.0,13.91
20260923,002849.SZ,23.0,18.82
20260923,002850.SZ,188.54,154.26
20260923,002851.SZ,135.3,110.7
20260923,002852.SZ,9.11,7.45
20260923,002853.SZ,24.51,20.05
20260923,002855.SZ,14.88,12.18
20260923,002856.SZ,24.17,19.77
20260923,002857.SZ,19.69,16.11
20260923,002858.SZ,12.79,10.47
20260923,002859.SZ,73.77,60.35
20260923,002860.SZ,20.23,16.55
20260923,002861.SZ,16.5,13.5
20260923,002862.SZ,17.7,14.48
20260923,002863.SZ,5.24,4.28
20260923,002864.SZ,23.5,19.22
20260923,002865.SZ,42.45,34.73
20260923,002866.SZ,16.02,13.1
20260923,002867.SZ,11.29,9.23
20260923,002868.SZ,25.88,21.18
20260923,002869.SZ,19.14,15.66
20260923,002870.SZ,54.81,44.85
20260923,002871.SZ,20.47,16.75
20260923,002872.SZ,6.63,5.43
20260923,002873.SZ,9.41,7.7
20260923,002875.SZ,14.49,11.85
20260923,002876.SZ,35.81,29.3
20260923,002877.SZ,8.35,6.83
20260923,002878.SZ,14.16,11.58
20260923,002879.SZ,18.52,15.16
20260923,002880.SZ,23.96,19.6
20260923,002881.SZ,52.69,43.11
20260923,002882.SZ,24.75,20.25
20260923,002883.SZ,10.13,8.29
20260923,002884.SZ,17.08,13.98
20260923,002885.SZ,31.31,25.61
20260923,002886.SZ,28.84,23.6
20260923,002887.SZ,9.97,8.15
20260923,002888.SZ,20.85,17.06
20260923,002889.SZ,13.27,10.85
20260923,002890.SZ,17.18,14.06
20260923,002891.SZ,32.58,26.66
20260923,002892.SZ,9.55,7.81
20260923,002893.SZ,11.29,9.23
20260923,002895.SZ,33.89,27.73
20260923,002896.SZ,67.38,55.13
20260923,002897.SZ,76.25,62.39
20260923,002899.SZ,23.36,19.12
20260923,002900.SZ,14.37,11.75
20260923,002901.SZ,44.63,36.51
20260923,002902.SZ,32.1,26.26
20260923,002903.SZ,34.21,27.99
20260923,002905.SZ,9.9,8.1
20260923,002906.SZ,30.77,25.17
20260923,002907.SZ,16.61,13.59
20260923,002908.SZ,7.84,6.42
20260923,002909.SZ,7.54,6.17
20260923,002910.SZ,11.2,9.16
20260923,002911.SZ,12.4,10.14
20260923,002912.SZ,29.02,23.74
20260923,002913.SZ,96.93,79.31
20260923,002915.SZ,19.01,15.55
20260923,002916.SZ,440.0,360.0
20260923,002917.SZ,11.43,9.35
20260923,002918.SZ,12.46,10.2
20260923,002919.SZ,18.67,15.27
20260923,002920.SZ,93.18,76.24
20260923,002921.SZ,22.9,18.74
20260923,002922.SZ,26.11,21.37
20260923,002923.SZ,12.36,10.12
20260923,002925.SZ,27.48,22.48
20260923,002926.SZ,9.27,7.59
20260923,002927.SZ,21.95,17.96
20260923,002928.SZ,7.07,5.79
20260923,002929.SZ,58.71,48.03
20260923,002930.SZ,10.12,8.28
20260923,002931.SZ,45.54,37.26
20260923,002932.SZ,17.0,13.91
20260923,002933.SZ,30.58,25.02
20260923,002935.SZ,17.52,14.34
20260923,002936.SZ,1.91,1.57
20260923,002937.SZ,30.13,24.65
20260923,002938.SZ,98.18,80.33
20260923,002939.SZ,8.7,7.12
20260923,002940.SZ,25.96,21.24
20260923,002941.SZ,11.64,9.52
20260923,002942.SZ,18.73,15.33
20260923,002943.SZ,34.32,28.08
20260923,002945.SZ,16.6,13.58
20260923,002946.SZ,15.93,13.03
20260923,002947.SZ,73.13,59.83
20260923,002948.SZ,6.66,5.45
20260923,002949.SZ,14.45,11.83
20260923,002950.SZ,9.49,7.77
20260923,002951.SZ,17.88,14.63
20260923,002952.SZ,21.84,17.87
20260923,002953.SZ,11.73,9.59
20260923,002955.SZ,42.33,34.63
20260923,002956.SZ,19.54,15.98
20260923,002957.SZ,49.97,40.89
20260923,002958.SZ,3.22,2.64
20260923,002959.SZ,35.24,28.84
20260923,002960.SZ,9.75,7.97
20260923,002961.SZ,15.5,12.68
20260923,002962.SZ,15.0,12.28
20260923,002963.SZ,25.89,21.19
20260923,002965.SZ,36.1,29.54
20260923,002966.SZ,10.02,8.2
20260923,002967.SZ,18.78,15.36
20260923,002968.SZ,10.67,8.73
20260923,002969.SZ,12.42,10.16
20260923,002970.SZ,49.59,40.57
20260923,002971.SZ,44.37,36.31
20260923,002972.SZ,14.85,12.15
20260923,002973.SZ,13.86,11.34
20260923,002975.SZ,118.25,96.75
20260923,002976.SZ,29.29,23.97
20260923,002977.SZ,22.32,18.26
20260923,002978.SZ,27.72,22.68
20260923,002979.SZ,59.47,48.65
20260923,002980.SZ,124.41,101.79
20260923,002981.SZ,27.91,22.83
20260923,002982.SZ,13.84,11.32
20260923,002983.SZ,24.9,20.38
20260923,002984.SZ,14.43,11.81
20260923,002985.SZ,30.8,25.2
20260923,002986.SZ,14.5,11.86
20260923,002987.SZ,12.25,10.03
20260923,002988.SZ,34.83,28.49
20260923,002989.SZ,27.96,22.88
20260923,002990.SZ,58.43,47.81
20260923,002991.SZ,41.42,33.89
20260923,002992.SZ,37.52,30.7
20260923,002993.SZ,39.66,32.45
20260923,002995.SZ,19.67,16.09
20260923,002996.SZ,6.58,5.38
20260923,002997.SZ,29.39,24.05
20260923,002998.SZ,8.88,7.26
20260923,002999.SZ,7.19,5.89
20260923,003000.SZ,10.44,8.54
20260923,003001.SZ,23.19,18.97
20260923,003002.SZ,18.27,14.95
20260923,003003.SZ,12.06,9.86
20260923,003004.SZ,65.01,53.19
20260923,003005.SZ,17.22,14.09
20260923,003006.SZ,24.2,19.8
20260923,003007.SZ,45.57,37.29
20260923,003008.SZ,21.65,17.71
20260923,003009.SZ,52.5,42.96
20260923,003010.SZ,31.31,25.61
20260923,003011.SZ,21.8,17.84
20260923,003012.SZ,5.13,4.19
20260923,003013.SZ,18.52,15.16
20260923,003015.SZ,13.83,11.31
20260923,003016.SZ,8.24,6.74
20260923,003017.SZ,25.32,20.72
20260923,003018.SZ,54.87,44.89
20260923,003019.SZ,31.06,25.42
20260923,003020.SZ,19.33,15.81
20260923,003021.SZ,79.31,64.89
20260923,003022.SZ,21.35,17.47
20260923,003023.SZ,28.57,23.37
20260923,003025.SZ,13.45,11.01
20260923,003026.SZ,39.23,32.09
20260923,003027.SZ,18.24,14.92
20260923,003028.SZ,26.24,21.47
20260923,003029.SZ,19.86,16.25
20260923,003030.SZ,30.32,24.8
20260923,003031.SZ,147.03,120.29
20260923,003032.SZ,10.96,8.96
20260923,003033.SZ,98.23,80.37
20260923,003035.SZ,6.03,4.93
20260923,003036.SZ,60.19,49.25
20260923,003037.SZ,6.39,5.23
20260923,003038.SZ,11.97,9.79
20260923,003039.SZ,14.09,11.53
20260923,003040.SZ,19.45,15.91
20260923,003041.SZ,48.36,39.56
20260923,003042.SZ,15.97,13.07
20260923,003043.SZ,70.24,57.47
20260923,003816.SZ,4.62,3.78
20260923,200011.SZ,3.03,2.48
20260923,200012.SZ,1.36,1.12
20260923,200016.SZ,0.78,0.64
20260923,200017.SZ,1.79,1.47
20260923,200019.SZ,3.52,2.88
20260923,200020.SZ,2.87,2.35
20260923,200025.SZ,4.39,3.59
20260923,200026.SZ,9.6,7.86
20260923,200028.SZ,13.18,10.78
20260923,200029.SZ,4.43,3.63
20260923,200030.SZ,2.94,2.4
20260923,200037.SZ,2.49,2.03
20260923,200045.SZ,4.53,3.71
20260923,200055.SZ,1.53,1.25
20260923,200056.SZ,0.64,0.52
20260923,200058.SZ,1.75,1.43
20260923,200429.SZ,10.15,8.31
20260923,200468.SZ,4.29,3.51
20260923,200488.SZ,0.69,0.57
20260923,200505.SZ,2.16,1.76
20260923,200512.SZ,2.28,1.86
20260923,200521.SZ,3.22,2.64
20260923,200530.SZ,1.77,1.45
20260923,200539.SZ,2.04,1.67
20260923,200541.SZ,2.06,1.68
20260923,200550.SZ,10.52,8.6
20260923,200553.SZ,3.17,2.59
20260923,200570.SZ,2.26,1.85
20260923,200581.SZ,14.23,11.65
20260923,200596.SZ,61.84,50.6
20260923,200625.SZ,3.65,2.99
20260923,200706.SZ,3.08,2.52
20260923,200725.SZ,5.6,4.58
20260923,200726.SZ,4.9,4.01
20260923,200761.SZ,1.01,0.83
20260923,200869.SZ,8.68,7.1
20260923,200992.SZ,1.76,1.44
20260923,201872.SZ,20.05,16.41
20260923,300001.SZ,41.27,27.51
20260923,300002.SZ,9.91,6.61
20260923,300003.SZ,13.93,9.29
20260923,300004.SZ,9.76,6.5
20260923,300005.SZ,13.31,8.87
20260923,300006.SZ,6.67,4.45
20260923,300007.SZ,39.17,26.11
20260923,300008.SZ,7.76,5.18
20260923,300009.SZ,10.22,6.82
20260923,300010.SZ,6.38,4.26
20260923,300011.SZ,7.07,4.71
20260923,300012.SZ,17.68,11.78
20260923,300013.SZ,5.26,3.5
20260923,300014.SZ,60.66,40.44
20260923,300015.SZ,9.68,6.46
20260923,300016.SZ,11.35,7.57
20260923,300017.SZ,19.1,12.74
20260923,300018.SZ,14.39,9.59
20260923,300019.SZ,17.15,11.43
20260923,300020.SZ,4.62,3.08
20260923,300021.SZ,4.72,3.14
20260923,300022.SZ,9.53,6.35
20260923,300024.SZ,15.9,10.6
20260923,300025.SZ,7.15,4.77
20260923,300026.SZ,4.01,2.67
20260923,300027.SZ,2.06,1.38
20260923,300030.SZ,8.3,5.54
20260923,300031.SZ,25.64,17.1
20260923,300032.SZ,4.7,3.14
20260923,300033.SZ,252.2,168.14
20260923,300034.SZ,19.26,12.84
20260923,300035.SZ,15.06,10.04
20260923,300036.SZ,12.48,8.32
20260923,300037.SZ,84.9,56.6
20260923,300039.SZ,6.36,4.24
20260923,300040.SZ,7.01,4.67
20260923,300041.SZ,13.36,8.9
20260923,300042.SZ,48.11,32.07
20260923,300043.SZ,5.41,3.61
20260923,300044.SZ,7.49,4.99
20260923,300045.SZ,14.47,9.65
20260923,300046.SZ,29.94,19.96
20260923,300047.SZ,11.18,7.46
20260923,300048.SZ,5.84,3.9
20260923,300049.SZ,58.46,38.98
20260923,300050.SZ,9.02,6.02
20260923,300051.SZ,10.06,6.7
20260923,300052.SZ,12.72,8.48
20260923,300053.SZ,14.83,9.89
20260923,300054.SZ,85.28,56.86
20260923,300055.SZ,7.12,4.74
20260923,300056.SZ,9.28,6.18
20260923,300057.SZ,7.93,5.29
20260923,300058.SZ,16.86,11.24
20260923,300059.SZ,22.52,15.02
20260923,300061.SZ,8.52,5.68
20260923,300062.SZ,7.62,5.08
20260923,300063.SZ,10.86,7.24
20260923,300065.SZ,19.0,12.66
20260923,300066.SZ,5.71,3.81
20260923,300067.SZ,6.62,4.42
20260923,300068.SZ,5.14,3.42
20260923,300069.SZ,30.7,20.46
20260923,300070.SZ,4.09,2.73
20260923,300071.SZ,5.2,3.46
20260923,300072.SZ,4.33,2.89
20260923,300073.SZ,46.12,30.74
20260923,300074.SZ,4.75,3.17
20260923,300075.SZ,12.65,8.43
20260923,300076.SZ,5.2,3.46
20260923,300077.SZ,27.24,18.16
20260923,300078.SZ,3.37,2.25
20260923,300079.SZ,5.89,3.93
20260923,300080.SZ,4.46,2.98
20260923,300081.SZ,4.15,2.77
20260923,300082.SZ,10.3,6.86
20260923,300083.SZ,14.9,9.94
20260923,300084.SZ,12.6,8.4
20260923,300085.SZ,38.05,25.37
20260923,300086.SZ,6.94,4.62
20260923,300087.SZ,6.86,4.58
20260923,300088.SZ,8.71,5.81
20260923,300091.SZ,2.94,1.96
20260923,300092.SZ,13.58,9.06
20260923,300093.SZ,26.05,17.37
20260923,300094.SZ,3.64,2.42
20260923,300095.SZ,10.81,7.21
20260923,300096.SZ,11.05,7.37
20260923,300097.SZ,13.24,8.82
20260923,300098.SZ,5.28,3.52
20260923,300099.SZ,7.6,5.06
20260923,300100.SZ,24.7,16.46
20260923,300101.SZ,17.03,11.35
20260923,300102.SZ,20.35,13.57
20260923,300103.SZ,9.59,6.39
20260923,300105.SZ,8.82,5.88
20260923,300106.SZ,13.15,8.77
20260923,300107.SZ,8.05,5.37
20260923,300109.SZ,16.08,10.72
20260923,300110.SZ,4.74,3.16
20260923,300111.SZ,3.74,2.5
20260923,300112.SZ,13.96,9.3
20260923,300113.SZ,20.82,13.88
20260923,300115.SZ,29.11,19.41
20260923,300118.SZ,11.08,7.38
20260923,300119.SZ,20.66,13.78
20260923,300120.SZ,9.04,6.02
20260923,300121.SZ,11.75,7.83
20260923,300122.SZ,16.02,10.68
20260923,300123.SZ,5.46,3.64
20260923,300124.SZ,64.86,43.24
20260923,300125.SZ,10.82,7.22
20260923,300126.SZ,7.97,5.31
20260923,300127.SZ,29.47,19.65
20260923,300128.SZ,6.08,4.06
20260923,300129.SZ,9.07,6.05
20260923,300130.SZ,22.13,14.75
20260923,300131.SZ,18.7,12.46
20260923,300132.SZ,7.58,5.06
20260923,300133.SZ,9.06,6.04
20260923,300134.SZ,10.31,6.87
20260923,300135.SZ,4.22,2.82
20260923,300136.SZ,71.02,47.34
20260923,300137.SZ,13.79,9.19
20260923,300138.SZ,13.88,9.26
20260923,300139.SZ,56.64,37.76
20260923,300140.SZ,6.48,4.32
20260923,300141.SZ,12.04,8.02
20260923,300142.SZ,16.82,11.22
20260923,300143.SZ,9.35,6.23
20260923,300144.SZ,6.98,4.66
20260923,300145.SZ,6.18,4.12
20260923,300146.SZ,11.32,7.54
20260923,300147.SZ,7.87,5.25
20260923,300148.SZ,4.4,2.94
20260923,300149.SZ,11.98,7.98
20260923,300150.SZ,5.1,3.4
20260923,300151.SZ,25.44,16.96
20260923,300152.SZ,2.03,1.35
20260923,300153.SZ,33.13,22.09
20260923,300154.SZ,16.38,10.92
20260923,300155.SZ,5.42,3.62
20260923,300157.SZ,4.6,3.06
20260923,300158.SZ,6.47,4.31
20260923,300159.SZ,3.52,2.34
20260923,300160.SZ,5.32,3.54
20260923,300161.SZ,33.0,22.0
20260923,300162.SZ,9.44,6.3
20260923,300163.SZ,9.76,6.5
20260923,300164.SZ,11.36,7.58
20260923,300165.SZ,6.1,4.06
20260923,300166.SZ,15.1,10.06
20260923,300167.SZ,4.99,3.33
20260923,300168.SZ,5.84,3.9
20260923,300169.SZ,6.66,4.44
20260923,300170.SZ,19.44,12.96
20260923,300171.SZ,18.97,12.65
20260923,300172.SZ,5.42,3.62
20260923,300173.SZ,4.02,2.68
20260923,300174.SZ,22.43,14.95
20260923,300175.SZ,6.65,4.43
20260923,300176.SZ,5.32,3.54
20260923,300177.SZ,7.45,4.97
20260923,300179.SZ,50.59,33.73
20260923,300180.SZ,5.48,3.66
20260923,300181.SZ,15.7,10.46
20260923,300182.SZ,6.17,4.11
20260923,300183.SZ,13.3,8.86
20260923,300184.SZ,14.57,9.71
20260923,300185.SZ,3.3,2.2
20260923,300187.SZ,5.54,3.7
20260923,300188.SZ,12.9,8.6
20260923,300189.SZ,8.04,5.36
20260923,300190.SZ,4.62,3.08
20260923,300191.SZ,38.32,25.54
20260923,300192.SZ,23.54,15.7
20260923,300193.SZ,9.54,6.36
20260923,300194.SZ,4.79,3.19
20260923,300195.SZ,7.5,5.0
20260923,300196.SZ,23.57,15.71
20260923,300197.SZ,2.36,1.58
20260923,300198.SZ,2.77,1.85
20260923,300199.SZ,28.62,19.08
20260923,300200.SZ,10.24,6.82
20260923,300201.SZ,16.38,10.92
20260923,300203.SZ,16.32,10.88
20260923,300204.SZ,24.78,16.52
20260923,300205.SZ,6.05,4.03
20260923,300206.SZ,14.04,9.36
20260923,300207.SZ,23.14,15.42
20260923,300209.SZ,45.78,30.52
20260923,300210.SZ,8.87,5.91
20260923,300211.SZ,8.53,5.69
20260923,300212.SZ,9.72,6.48
20260923,300213.SZ,7.98,5.32
20260923,300214.SZ,12.34,8.22
20260923,300215.SZ,7.79,5.19
20260923,300217.SZ,4.91,3.27
20260923,300218.SZ,15.12,10.08
20260923,300219.SZ,8.32,5.54
20260923,300220.SZ,13.49,8.99
20260923,300221.SZ,17.0,11.34
20260923,300222.SZ,12.26,8.18
20260923,300223.SZ,175.32,116.88
20260923,300224.SZ,14.62,9.74
20260923,300225.SZ,10.04,6.7
20260923,300226.SZ,21.25,14.17
20260923,300227.SZ,13.01,8.67
20260923,300228.SZ,8.18,5.46
20260923,300229.SZ,16.48,10.98
20260923,300230.SZ,5.23,3.49
20260923,300231.SZ,10.04,6.7
20260923,300232.SZ,6.58,4.38
20260923,300233.SZ,16.54,11.02
20260923,300234.SZ,14.45,9.63
20260923,300235.SZ,15.04,10.02
20260923,300236.SZ,107.16,71.44
20260923,300237.SZ,2.77,1.85
20260923,300238.SZ,14.45,9.63
20260923,300239.SZ,6.35,4.23
20260923,300240.SZ,7.44,4.96
20260923,300241.SZ,7.13,4.75
20260923,300242.SZ,4.84,3.22
20260923,300243.SZ,26.72,17.82
20260923,300244.SZ,25.42,16.94
20260923,300245.SZ,7.49,4.99
20260923,300246.SZ,19.32,12.88
20260923,300247.SZ,4.54,3.02
20260923,300248.SZ,10.09,6.73
20260923,300249.SZ,16.21,10.81
20260923,300250.SZ,18.84,12.56
20260923,300251.SZ,13.48,8.98
20260923,300252.SZ,15.26,10.18
20260923,300253.SZ,8.58,5.72
20260923,300254.SZ,10.93,7.29
20260923,300255.SZ,28.79,19.19
20260923,300256.SZ,3.3,2.2
20260923,300257.SZ,23.15,15.43
20260923,300258.SZ,10.68,7.12
20260923,300259.SZ,4.97,3.31
20260923,300260.SZ,76.01,50.67
20260923,300261.SZ,5.92,3.94
20260923,300263.SZ,12.73,8.49
20260923,300264.SZ,7.42,4.94
20260923,300265.SZ,16.62,11.08
20260923,300266.SZ,2.28,1.52
20260923,300267.SZ,4.06,2.7
20260923,300268.SZ,14.4,9.6
20260923,300269.SZ,5.64,3.76
20260923,300270.SZ,12.68,8.46
20260923,300271.SZ,7.16,4.78
20260923,300272.SZ,7.04,4.7
20260923,300274.SZ,105.84,70.56
20260923,300275.SZ,11.03,7.35
20260923,300276.SZ,7.22,4.82
20260923,300277.SZ,15.83,10.55
20260923,300278.SZ,4.36,2.9
20260923,300279.SZ,7.19,4.79
20260923,300281.SZ,8.48,5.66
20260923,300283.SZ,17.12,11.42
20260923,300284.SZ,6.19,4.13
20260923,300285.SZ,79.44,52.96
20260923,300286.SZ,23.34,15.56
20260923,300287.SZ,4.44,2.96
20260923,300288.SZ,12.0,8.0
20260923,300289.SZ,7.22,4.82
20260923,300290.SZ,9.28,6.18
20260923,300291.SZ,7.12,4.74
20260923,300292.SZ,5.57,3.71
20260923,300293.SZ,17.72,11.82
20260923,300294.SZ,17.83,11.89
20260923,300295.SZ,14.7,9.8
20260923,300296.SZ,5.95,3.97
20260923,300298.SZ,19.61,13.07
20260923,300299.SZ,6.68,4.46
20260923,300300.SZ,11.34,7.56
20260923,300301.SZ,4.14,2.76
20260923,300302.SZ,34.62,23.08
20260923,300303.SZ,8.38,5.58
20260923,300304.SZ,14.24,9.5
20260923,300305.SZ,7.74,5.16
20260923,300306.SZ,12.52,8.34
20260923,300307.SZ,8.82,5.88
20260923,300308.SZ,1113.26,742.18
20260923,300310.SZ,5.33,3.55
20260923,300311.SZ,7.34,4.9
20260923,300313.SZ,16.46,10.98
20260923,300314.SZ,15.61,10.41
20260923,300315.SZ,4.92,3.28
20260923,300316.SZ,49.67,33.11
20260923,300317.SZ,5.0,3.34
20260923,300318.SZ,6.24,4.16
20260923,300319.SZ,25.52,17.02
20260923,300320.SZ,10.13,6.75
20260923,300321.SZ,41.52,27.68
20260923,300322.SZ,22.58,15.06
20260923,300323.SZ,14.21,9.47
20260923,300324.SZ,4.97,3.31
20260923,300326.SZ,7.54,5.02
20260923,300327.SZ,31.37,20.91
20260923,300328.SZ,15.88,10.58
20260923,300329.SZ,14.75,9.83
20260923,300331.SZ,59.71,39.81
20260923,300332.SZ,5.96,3.98
20260923,300333.SZ,13.93,9.29
20260923,300334.SZ,10.21,6.81
20260923,300335.SZ,6.67,4.45
20260923,300337.SZ,11.18,7.46
20260923,300338.SZ,3.66,2.44
20260923,300339.SZ,42.17,28.11
20260923,300340.SZ,10.61,7.07
20260923,300341.SZ,15.74,10.5
20260923,300342.SZ,38.39,25.59
20260923,300343.SZ,6.56,4.38
20260923,300345.SZ,9.37,6.25
20260923,300346.SZ,66.25,44.17
20260923,300347.SZ,69.41,46.27
20260923,300348.SZ,11.66,7.78
20260923,300349.SZ,12.32,8.22
20260923,300350.SZ,5.64,3.76
20260923,300351.SZ,17.0,11.34
20260923,300352.SZ,3.55,2.37
20260923,300353.SZ,19.72,13.14
20260923,300354.SZ,33.07,22.05
20260923,300355.SZ,3.38,2.26
20260923,300357.SZ,24.23,16.15
20260923,300358.SZ,11.11,7.41
20260923,300359.SZ,5.06,3.38
20260923,300360.SZ,13.49,8.99
20260923,300363.SZ,28.85,19.23
20260923,300364.SZ,30.95,20.63
20260923,300365.SZ,5.56,3.7
20260923,300366.SZ,6.59,4.39
20260923,300368.SZ,11.5,7.66
20260923,300369.SZ,11.88,7.92
20260923,300370.SZ,2.66,1.78
20260923,300371.SZ,12.16,8.1
20260923,300373.SZ,110.11,73.41
20260923,300374.SZ,12.1,8.06
20260923,300375.SZ,4.94,3.3
20260923,300376.SZ,5.11,3.41
20260923,300377.SZ,17.23,11.49
20260923,300378.SZ,47.0,31.34
20260923,300380.SZ,34.74,23.16
20260923,300381.SZ,6.94,4.62
20260923,300382.SZ,19.28,12.86
20260923,300383.SZ,13.75,9.17
20260923,300384.SZ,14.29,9.53
20260923,300385.SZ,15.91,10.61
20260923,300386.SZ,13.56,9.04
20260923,300387.SZ,8.98,5.98
20260923,300388.SZ,8.1,5.4
20260923,300389.SZ,15.89,10.59
20260923,300390.SZ,65.08,43.38
20260923,300393.SZ,7.48,4.98
20260923,300394.SZ,331.01,220.67
20260923,300395.SZ,116.5,77.66
20260923,300396.SZ,8.64,5.76
20260923,300397.SZ,13.78,9.18
20260923,300398.SZ,45.5,30.34
20260923,300399.SZ,23.96,15.98
20260923,300400.SZ,42.65,28.43
20260923,300401.SZ,19.67,13.11
20260923,300402.SZ,17.89,11.93
20260923,300403.SZ,10.49,6.99
20260923,300404.SZ,17.83,11.89
20260923,300405.SZ,6.98,4.66
20260923,300406.SZ,14.15,9.43
20260923,300407.SZ,12.96,8.64
20260923,300408.SZ,155.38,103.58
20260923,300409.SZ,20.66,13.78
20260923,300410.SZ,10.52,7.02
20260923,300411.SZ,9.91,6.61
20260923,300412.SZ,5.48,3.66
20260923,300413.SZ,23.18,15.46
20260923,300414.SZ,13.84,9.22
20260923,300415.SZ,22.67,15.11
20260923,300416.SZ,17.08,11.38
20260923,300417.SZ,14.29,9.53
20260923,300418.SZ,53.68,35.78
20260923,300419.SZ,9.05,6.03
20260923,300420.SZ,9.55,6.37
20260923,300421.SZ,20.98,13.98
20260923,300422.SZ,4.96,3.3
20260923,300423.SZ,6.71,4.47
20260923,300424.SZ,16.86,11.24
20260923,300425.SZ,4.85,3.23
20260923,300426.SZ,10.14,6.76
20260923,300427.SZ,8.26,5.5
20260923,300428.SZ,23.54,15.7
20260923,300429.SZ,13.94,9.3
20260923,300430.SZ,5.75,3.83
20260923,300432.SZ,16.13,10.75
20260923,300433.SZ,41.33,27.55
20260923,300434.SZ,15.19,10.13
20260923,300435.SZ,20.1,13.4
20260923,300436.SZ,105.31,70.21
20260923,300437.SZ,13.34,8.9
20260923,300438.SZ,62.0,41.34
20260923,300439.SZ,12.1,8.06
20260923,300440.SZ,21.41,14.27
20260923,300441.SZ,8.47,5.65
20260923,300442.SZ,80.08,53.38
20260923,300443.SZ,23.47,15.65
20260923,300444.SZ,10.85,7.23
20260923,300445.SZ,22.57,15.05
20260923,300446.SZ,15.6,10.4
20260923,300447.SZ,17.17,11.45
20260923,300448.SZ,6.8,4.54
20260923,300449.SZ,8.08,5.38
20260923,300450.SZ,38.76,25.84
20260923,300451.SZ,4.27,2.85
20260923,300452.SZ,15.84,10.56
20260923,300453.SZ,10.81,7.21
20260923,300454.SZ,181.36,120.9
20260923,300455.SZ,20.64,13.76
20260923,300456.SZ,46.1,30.74
20260923,300457.SZ,25.38,16.92
20260923,300458.SZ,40.36,26.9
20260923,300459.SZ,4.4,2.94
20260923,300460.SZ,10.75,7.17
20260923,300461.SZ,42.46,28.3
20260923,300462.SZ,13.51,9.01
20260923,300463.SZ,11.34,7.56
20260923,300464.SZ,14.66,9.78
20260923,300465.SZ,13.94,9.3
20260923,300466.SZ,8.63,5.75
20260923,300467.SZ,40.04,26.7
20260923,300468.SZ,27.31,18.21
20260923,300469.SZ,61.68,41.12
20260923,300470.SZ,33.43,22.29
20260923,300471.SZ,12.11,8.07
20260923,300472.SZ,8.11,5.41
20260923,300473.SZ,41.96,27.98
20260923,300474.SZ,63.28,42.18
20260923,300475.SZ,217.44,144.96
20260923,300476.SZ,290.52,193.68
20260923,300477.SZ,3.14,2.1
20260923,300478.SZ,43.58,29.06
20260923,300479.SZ,18.07,12.05
20260923,300480.SZ,38.86,25.9
20260923,300481.SZ,17.0,11.34
20260923,300482.SZ,19.87,13.25
20260923,300483.SZ,28.58,19.06
20260923,300484.SZ,15.72,10.48
20260923,300485.SZ,10.54,7.02
20260923,300486.SZ,21.73,14.49
20260923,300487.SZ,83.11,55.41
20260923,300488.SZ,46.03,30.69
20260923,300489.SZ,298.81,199.21
20260923,300490.SZ,13.13,8.75
20260923,300491.SZ,43.91,29.27
20260923,300492.SZ,27.42,18.28
20260923,300493.SZ,16.02,10.68
20260923,300494.SZ,9.84,6.56
20260923,300496.SZ,67.92,45.28
20260923,300497.SZ,24.62,16.42
20260923,300498.SZ,17.88,11.92
20260923,300499.SZ,43.56,29.04
20260923,300500.SZ,11.39,7.59
20260923,300501.SZ,11.48,7.66
20260923,300502.SZ,546.0,364.0
20260923,300503.SZ,78.38,52.26
20260923,300504.SZ,23.4,15.6
20260923,300505.SZ,23.52,15.68
20260923,300506.SZ,5.65,3.77
20260923,300507.SZ,7.79,5.19
20260923,300508.SZ,46.78,31.18
20260923,300509.SZ,10.68,7.12
20260923,300510.SZ,4.16,2.78
20260923,300511.SZ,6.12,4.08
20260923,300512.SZ,8.98,5.98
20260923,300513.SZ,9.08,6.06
20260923,300514.SZ,12.46,8.3
20260923,300515.SZ,19.69,13.13
20260923,300516.SZ,43.94,29.3
20260923,300517.SZ,14.72,9.82
20260923,300518.SZ,32.5,21.66
20260923,300519.SZ,17.76,11.84
20260923,300520.SZ,27.52,18.34
20260923,300521.SZ,30.59,20.39
20260923,300522.SZ,18.19,12.13
20260923,300523.SZ,25.91,17.27
20260923,300525.SZ,9.65,6.43
20260923,300527.SZ,9.8,6.54
20260923,300528.SZ,16.88,11.26
20260923,300529.SZ,18.32,12.22
20260923,300530.SZ,23.62,15.74
20260923,300531.SZ,18.66,12.44
20260923,300532.SZ,8.93,5.95
20260923,300533.SZ,17.48,11.66
20260923,300534.SZ,17.32,11.54
20260923,300535.SZ,18.84,12.56
20260923,300536.SZ,10.19,6.79
20260923,300537.SZ,25.68,17.12
20260923,300538.SZ,18.29,12.19
20260923,300539.SZ,21.12,14.08
20260923,300540.SZ,32.35,21.57
20260923,300541.SZ,11.64,7.76
20260923,300542.SZ,15.24,10.16
20260923,300543.SZ,9.41,6.27
20260923,300545.SZ,33.36,22.24
20260923,300546.SZ,20.77,13.85
20260923,300547.SZ,30.72,20.48
20260923,300548.SZ,283.44,188.96
20260923,300549.SZ,17.64,11.76
20260923,300550.SZ,16.8,11.2
20260923,300551.SZ,14.12,9.42
20260923,300552.SZ,25.01,16.67
20260923,300553.SZ,79.56,53.04
20260923,300554.SZ,27.49,18.33
20260923,300555.SZ,15.06,10.04
20260923,300556.SZ,19.51,13.01
20260923,300557.SZ,31.38,20.92
20260923,300558.SZ,60.86,40.58
20260923,300559.SZ,15.72,10.48
20260923,300560.SZ,22.39,14.93
20260923,300561.SZ,18.97,12.65
20260923,300562.SZ,21.08,14.06
20260923,300563.SZ,32.71,21.81
20260923,300564.SZ,14.74,9.82
20260923,300565.SZ,12.04,8.02
20260923,300566.SZ,31.58,21.06
20260923,300567.SZ,254.72,169.82
20260923,300568.SZ,19.15,12.77
20260923,300569.SZ,5.94,3.96
20260923,300570.SZ,272.95,181.97
20260923,300571.SZ,35.66,23.78
20260923,300572.SZ,29.05,19.37
20260923,300573.SZ,44.23,29.49
20260923,300575.SZ,7.66,5.1
20260923,300576.SZ,35.54,23.7
20260923,300577.SZ,23.99,15.99
20260923,300578.SZ,18.9,12.6
20260923,300579.SZ,29.03,19.35
20260923,300580.SZ,22.22,14.82
20260923,300581.SZ,12.38,8.26
20260923,300582.SZ,13.01,8.67
20260923,300583.SZ,16.69,11.13
20260923,300584.SZ,37.61,25.07
20260923,300585.SZ,19.25,12.83
20260923,300586.SZ,11.27,7.51
20260923,300587.SZ,5.96,3.98
20260923,300588.SZ,26.38,17.58
20260923,300589.SZ,16.87,11.25
20260923,300590.SZ,13.9,9.26
20260923,300591.SZ,8.03,5.35
20260923,300592.SZ,24.35,16.23
20260923,300593.SZ,40.1,26.74
20260923,300594.SZ,17.88,11.92
20260923,300595.SZ,12.26,8.18
20260923,300596.SZ,49.37,32.91
20260923,300597.SZ,9.59,6.39
20260923,300598.SZ,37.5,25.0
20260923,300599.SZ,15.23,10.15
20260923,300600.SZ,12.74,8.5
20260923,300601.SZ,15.7,10.46
20260923,300602.SZ,46.66,31.1
20260923,300603.SZ,9.92,6.62
20260923,300604.SZ,327.42,218.28
20260923,300605.SZ,12.41,8.27
20260923,300606.SZ,44.75,29.83
20260923,300607.SZ,39.47,26.31
20260923,300608.SZ,12.16,8.1
20260923,300609.SZ,29.62,19.74
20260923,300610.SZ,12.55,8.37
20260923,300611.SZ,33.77,22.51
20260923,300612.SZ,15.24,10.16
20260923,300613.SZ,100.49,66.99
20260923,300614.SZ,12.5,8.34
20260923,300615.SZ,17.99,11.99
20260923,300616.SZ,13.33,8.89
20260923,300617.SZ,43.52,29.02
20260923,300618.SZ,38.78,25.86
20260923,300619.SZ,31.54,21.02
20260923,300620.SZ,350.4,233.6
20260923,300621.SZ,8.51,5.67
20260923,300622.SZ,18.78,12.52
20260923,300623.SZ,41.42,27.62
20260923,300624.SZ,63.3,42.2
20260923,300625.SZ,12.14,8.1
20260923,300626.SZ,35.41,23.61
20260923,300627.SZ,32.2,21.46
20260923,300628.SZ,50.09,33.39
20260923,300629.SZ,21.74,14.5
20260923,300631.SZ,25.68,17.12
20260923,300632.SZ,23.1,15.4
20260923,300633.SZ,23.82,15.88
20260923,300634.SZ,26.74,17.82
20260923,300635.SZ,14.32,9.54
20260923,300636.SZ,8.44,5.62
20260923,300637.SZ,11.36,7.58
20260923,300638.SZ,24.9,16.6
20260923,300639.SZ,7.4,4.94
20260923,300640.SZ,8.0,5.34
20260923,300641.SZ,16.44,10.96
20260923,300642.SZ,25.22,16.82
20260923,300643.SZ,21.91,14.61
20260923,300644.SZ,25.18,16.78
20260923,300645.SZ,17.24,11.5
20260923,300647.SZ,10.19,6.79
20260923,300648.SZ,49.21,32.81
20260923,300649.SZ,34.79,23.19
20260923,300650.SZ,15.07,10.05
20260923,300651.SZ,19.8,13.2
20260923,300652.SZ,33.41,22.27
20260923,300653.SZ,18.6,12.4
20260923,300654.SZ,11.84,7.9
20260923,300655.SZ,15.88,10.58
20260923,300656.SZ,35.71,23.81
20260923,300657.SZ,45.55,30.37
20260923,300658.SZ,13.07,8.71
20260923,300659.SZ,13.42,8.94
20260923,300660.SZ,28.44,18.96
20260923,300661.SZ,146.02,97.34
20260923,300662.SZ,25.45,16.97
20260923,300663.SZ,9.58,6.38
20260923,300664.SZ,5.58,3.72
20260923,300665.SZ,10.76,7.18
20260923,300666.SZ,299.53,199.69
20260923,300667.SZ,18.12,12.08
20260923,300668.SZ,39.35,26.23
20260923,300669.SZ,29.38,19.58
20260923,300670.SZ,8.96,5.98
20260923,300671.SZ,72.19,48.13
20260923,300672.SZ,243.82,162.54
20260923,300673.SZ,18.28,12.18
20260923,300674.SZ,20.21,13.47
20260923,300675.SZ,15.65,10.43
20260923,300676.SZ,52.57,35.05
20260923,300677.SZ,61.08,40.72
20260923,300678.SZ,26.33,17.55
20260923,300679.SZ,54.4,36.26
20260923,300680.SZ,24.84,16.56
20260923,300681.SZ,27.07,18.05
20260923,300682.SZ,10.93,7.29
20260923,300683.SZ,31.56,21.04
20260923,300684.SZ,134.11,89.41
20260923,300685.SZ,23.92,15.94
20260923,300686.SZ,17.76,11.84
20260923,300687.SZ,36.84,24.56
20260923,300688.SZ,44.14,29.42
20260923,300689.SZ,79.22,52.82
20260923,300690.SZ,28.64,19.1
20260923,300691.SZ,23.16,15.44
20260923,300692.SZ,11.4,7.6
20260923,300693.SZ,45.91,30.61
20260923,300694.SZ,12.78,8.52
20260923,300695.SZ,63.49,42.33
20260923,300696.SZ,25.67,17.11
20260923,300697.SZ,18.65,12.43
20260923,300698.SZ,34.48,22.98
20260923,300699.SZ,28.42,18.94
20260923,300700.SZ,20.56,13.7
20260923,300701.SZ,12.0,8.0
20260923,300702.SZ,26.09,17.39
20260923,300703.SZ,17.04,11.36
20260923,300705.SZ,13.33,8.89
20260923,300706.SZ,60.49,40.33
20260923,300707.SZ,14.56,9.7
20260923,300708.SZ,11.3,7.54
20260923,300709.SZ,46.96,31.3
20260923,300710.SZ,37.54,25.02
20260923,300711.SZ,22.6,15.06
20260923,300712.SZ,25.03,16.69
20260923,300713.SZ,16.69,11.13
20260923,300715.SZ,17.48,11.66
20260923,300716.SZ,21.79,14.53
20260923,300717.SZ,22.86,15.24
20260923,300718.SZ,63.79,42.53
20260923,300719.SZ,14.59,9.73
20260923,300720.SZ,76.44,50.96
20260923,300721.SZ,27.07,18.05
20260923,300722.SZ,26.34,17.56
20260923,300723.SZ,41.5,27.66
20260923,300724.SZ,65.34,43.56
20260923,300725.SZ,64.2,42.8
20260923,300726.SZ,70.46,46.98
20260923,300727.SZ,41.76,27.84
20260923,300729.SZ,13.92,9.28
20260923,300730.SZ,14.23,9.49
20260923,300731.SZ,60.98,40.66
20260923,300732.SZ,7.02,4.68
20260923,300733.SZ,16.97,11.31
20260923,300735.SZ,22.73,15.15
20260923,300736.SZ,41.1,27.4
20260923,300737.SZ,5.89,3.93
20260923,300738.SZ,24.06,16.04
20260923,300739.SZ,37.24,24.82
20260923,300740.SZ,27.92,18.62
20260923,300741.SZ,35.39,23.59
20260923,300743.SZ,17.44,11.62
20260923,300745.SZ,33.48,22.32
20260923,300746.SZ,17.83,11.89
20260923,300747.SZ,48.6,32.4
20260923,300748.SZ,31.01,20.67
20260923,300749.SZ,30.2,20.14
20260923,300750.SZ,365.56,243.7
20260923,300751.SZ,244.21,162.81
20260923,300752.SZ,16.15,10.77
20260923,300753.SZ,26.08,17.38
20260923,300755.SZ,13.92,9.28
20260923,300756.SZ,41.76,27.84
20260923,300757.SZ,727.06,484.7
20260923,300758.SZ,13.8,9.2
20260923,300759.SZ,53.35,35.57
20260923,300760.SZ,188.02,125.34
20260923,300761.SZ,25.04,16.7
20260923,300762.SZ,32.71,21.81
20260923,300763.SZ,67.16,44.78
20260923,300765.SZ,57.43,38.29
20260923,300766.SZ,27.29,18.19
20260923,300767.SZ,25.62,17.08
20260923,300768.SZ,18.3,12.2
20260923,300769.SZ,49.84,33.22
20260923,300770.SZ,42.14,28.1
20260923,300771.SZ,13.78,9.18
20260923,300772.SZ,11.27,7.51
20260923,300773.SZ,18.42,12.28
20260923,300774.SZ,12.2,8.14
20260923,300775.SZ,25.54,17.02
20260923,300776.SZ,148.82,99.22
20260923,300777.SZ,25.62,17.08
20260923,300778.SZ,13.04,8.7
20260923,300779.SZ,64.92,43.28
20260923,300780.SZ,24.34,16.22
20260923,300781.SZ,34.06,22.7
20260923,300782.SZ,89.7,59.8
20260923,300783.SZ,20.38,13.58
20260923,300784.SZ,51.2,34.14
20260923,300785.SZ,45.2,30.14
20260923,300786.SZ,18.13,12.09
20260923,300787.SZ,14.28,9.52
20260923,300788.SZ,41.75,27.83
20260923,300789.SZ,19.8,13.2
20260923,300790.SZ,23.87,15.91
20260923,300791.SZ,21.42,14.28
20260923,300792.SZ,31.03,20.69
20260923,300793.SZ,14.63,9.75
20260923,300795.SZ,16.98,11.32
20260923,300796.SZ,8.27,5.51
20260923,300797.SZ,15.96,10.64
20260923,300798.SZ,10.84,7.22
20260923,300800.SZ,12.61,8.41
20260923,300801.SZ,26.45,17.63
20260923,300802.SZ,33.24,22.16
20260923,300803.SZ,69.43,46.29
20260923,300804.SZ,53.77,35.85
20260923,300805.SZ,10.4,6.94
20260923,300806.SZ,66.66,44.44
20260923,300807.SZ,44.52,29.68
20260923,300808.SZ,25.76,17.18
20260923,300809.SZ,29.64,19.76
20260923,300810.SZ,31.02,20.68
20260923,300811.SZ,103.74,69.16
20260923,300812.SZ,24.41,16.27
20260923,300813.SZ,27.78,18.52
20260923,300814.SZ,171.9,114.6
20260923,300815.SZ,19.08,12.72
20260923,300816.SZ,79.32,52.88
20260923,300817.SZ,19.79,13.19
20260923,300818.SZ,20.02,13.34
20260923,300819.SZ,58.99,39.33
20260923,300820.SZ,87.22,58.14
20260923,300821.SZ,18.68,12.46
20260923,300822.SZ,14.05,9.37
20260923,300823.SZ,17.47,11.65
20260923,300824.SZ,9.47,6.31
20260923,300825.SZ,15.38,10.26
20260923,300826.SZ,18.94,12.62
20260923,300827.SZ,30.77,20.51
20260923,300828.SZ,20.68,13.78
20260923,300829.SZ,33.12,22.08
20260923,300830.SZ,9.98,6.66
20260923,300831.SZ,17.11,11.41
20260923,300832.SZ,59.36,39.58
20260923,300833.SZ,49.31,32.87
20260923,300834.SZ,48.06,32.04
20260923,300835.SZ,231.86,154.58
20260923,300836.SZ,73.02,48.68
20260923,300837.SZ,27.46,18.3
20260923,300838.SZ,17.17,11.45
20260923,300839.SZ,16.08,10.72
20260923,300840.SZ,23.95,15.97
20260923,300841.SZ,65.35,43.57
20260923,300842.SZ,76.49,50.99
20260923,300843.SZ,163.8,109.2
20260923,300844.SZ,29.48,19.66
20260923,300845.SZ,17.53,11.69
20260923,300846.SZ,24.55,16.37
20260923,300847.SZ,17.14,11.42
20260923,300848.SZ,13.48,8.98
20260923,300849.SZ,26.82,17.88
20260923,300850.SZ,34.33,22.89
20260923,300851.SZ,29.16,19.44
20260923,300852.SZ,88.42,58.94
20260923,300853.SZ,37.98,25.32
20260923,300854.SZ,18.97,12.65
20260923,300855.SZ,41.98,27.98
20260923,300856.SZ,12.62,8.42
20260923,300857.SZ,328.02,218.68
20260923,300858.SZ,18.82,12.54
20260923,300859.SZ,29.33,19.55
20260923,300860.SZ,36.67,24.45
20260923,300861.SZ,19.31,12.87
20260923,300862.SZ,69.49,46.33
20260923,300863.SZ,51.44,34.3
20260923,300864.SZ,31.7,21.14
20260923,300865.SZ,40.93,27.29
20260923,300866.SZ,148.68,99.12
20260923,300867.SZ,21.42,14.28
20260923,300868.SZ,106.9,71.26
20260923,300869.SZ,13.75,9.17
20260923,300870.SZ,254.4,169.6
20260923,300871.SZ,26.04,17.36
20260923,300872.SZ,19.03,12.69
20260923,300873.SZ,19.98,13.32
20260923,300875.SZ,39.49,26.33
20260923,300876.SZ,17.95,11.97
20260923,300877.SZ,33.3,22.2
20260923,300878.SZ,37.3,24.86
20260923,300879.SZ,21.83,14.55
20260923,300880.SZ,24.13,16.09
20260923,300881.SZ,36.56,24.38
20260923,300882.SZ,16.22,10.82
20260923,300883.SZ,7.76,5.18
20260923,300884.SZ,14.68,9.78
20260923,300885.SZ,22.72,15.14
20260923,300886.SZ,29.45,19.63
20260923,300887.SZ,8.45,5.63
20260923,300888.SZ,35.42,23.62
20260923,300889.SZ,27.44,18.3
20260923,300890.SZ,31.84,21.22
20260923,300891.SZ,9.3,6.2
20260923,300892.SZ,27.7,18.46
20260923,300893.SZ,16.9,11.26
20260923,300894.SZ,12.41,8.27
20260923,300895.SZ,70.81,47.21
20260923,300896.SZ,112.02,74.68
20260923,300897.SZ,19.69,13.13
20260923,300898.SZ,24.3,16.2
20260923,300899.SZ,36.07,24.05
20260923,300900.SZ,27.89,18.59
20260923,300901.SZ,22.25,14.83
20260923,300902.SZ,21.62,14.42
20260923,300903.SZ,131.18,87.46
20260923,300904.SZ,51.91,34.61
20260923,300905.SZ,46.91,31.27
20260923,300906.SZ,34.76,23.18
20260923,300907.SZ,70.64,47.1
20260923,300908.SZ,20.51,13.67
20260923,300909.SZ,78.34,52.22
20260923,300910.SZ,33.86,22.58
20260923,300911.SZ,38.78,25.86
20260923,300912.SZ,24.41,16.27
20260923,300913.SZ,50.27,33.51
20260923,300915.SZ,26.83,17.89
20260923,300916.SZ,33.43,22.29
20260923,300917.SZ,37.72,25.14
20260923,300918.SZ,13.15,8.77
20260923,300919.SZ,45.94,30.62
20260923,300920.SZ,41.28,27.52
20260923,300921.SZ,19.97,13.31
20260923,300922.SZ,21.56,14.38
20260923,300923.SZ,28.79,19.19
20260923,300925.SZ,17.18,11.46
20260923,300926.SZ,19.92,13.28
20260923,300927.SZ,34.2,22.8
20260923,300928.SZ,30.02,20.02
20260923,300929.SZ,19.46,12.98
20260923,300930.SZ,31.32,20.88
20260923,300931.SZ,19.21,12.81
20260923,300932.SZ,13.44,8.96
20260923,300933.SZ,8.08,5.38
20260923,300935.SZ,34.93,23.29
20260923,300936.SZ,97.73,65.15
20260923,300937.SZ,29.93,19.95
20260923,300938.SZ,38.68,25.78
20260923,300939.SZ,119.57,79.71
20260923,300940.SZ,16.85,11.23
20260923,300941.SZ,18.56,12.38
20260923,300942.SZ,8.0,5.34
20260923,300943.SZ,40.81,27.21
20260923,300945.SZ,14.3,9.54
20260923,300946.SZ,43.97,29.31
20260923,300947.SZ,18.65,12.43
20260923,300948.SZ,23.88,15.92
20260923,300949.SZ,28.36,18.9
20260923,300950.SZ,25.68,17.12
20260923,300951.SZ,111.91,74.61
20260923,300952.SZ,20.52,13.68
20260923,300953.SZ,114.22,76.14
20260923,300955.SZ,36.31,24.21
20260923,300956.SZ,13.76,9.18
20260923,300957.SZ,39.08,26.06
20260923,300958.SZ,14.75,9.83
20260923,300959.SZ,119.7,79.8
20260923,300960.SZ,21.53,14.35
20260923,300961.SZ,14.7,9.8
20260923,300962.SZ,15.8,10.54
20260923,300963.SZ,13.48,8.98
20260923,300964.SZ,92.7,61.8
20260923,300965.SZ,51.52,34.34
20260923,300966.SZ,31.1,20.74
20260923,300967.SZ,20.03,13.35
20260923,300968.SZ,12.12,8.08
20260923,300969.SZ,96.02,64.02
20260923,300970.SZ,22.45,14.97
20260923,300971.SZ,21.31,14.21
20260923,300972.SZ,196.56,131.04
20260923,300973.SZ,30.96,20.64
20260923,300975.SZ,31.93,21.29
20260923,300976.SZ,76.99,51.33
20260923,300977.SZ,22.51,15.01
20260923,300978.SZ,10.54,7.02
20260923,300979.SZ,40.38,26.92
20260923,300980.SZ,28.78,19.18
20260923,300981.SZ,22.56,15.04
20260923,300982.SZ,17.27,11.51
20260923,300983.SZ,46.15,30.77
20260923,300984.SZ,38.06,25.38
20260923,300985.SZ,48.77,32.51
20260923,300986.SZ,14.15,9.43
20260923,300987.SZ,18.24,12.16
20260923,300988.SZ,19.62,13.08
20260923,300989.SZ,18.76,12.5
20260923,300990.SZ,127.52,85.02
20260923,300991.SZ,37.04,24.7
20260923,300992.SZ,34.3,22.86
20260923,300993.SZ,11.88,7.92
20260923,300994.SZ,13.54,9.02
20260923,300995.SZ,31.54,21.02
20260923,300996.SZ,15.97,10.65
20260923,300997.SZ,19.44,12.96
20260923,300998.SZ,39.22,26.14
20260923,300999.SZ,30.14,20.1
20260923,301000.SZ,29.57,19.71
20260923,301001.SZ,31.09,20.73
20260923,301002.SZ,33.54,22.36
20260923,301003.SZ,70.93,47.29
20260923,301004.SZ,40.58,27.06
20260923,301005.SZ,74.44,49.62
20260923,301006.SZ,16.57,11.05
20260923,301007.SZ,39.24,26.16
20260923,301008.SZ,64.4,42.94
20260923,301009.SZ,11.12,7.42
20260923,301010.SZ,22.69,15.13
20260923,301011.SZ,19.6,13.06
20260923,301012.SZ,28.34,18.9
20260923,301013.SZ,46.42,30.94
20260923,301015.SZ,31.72,21.14
20260923,301016.SZ,18.82,12.54
20260923,301017.SZ,15.54,10.36
20260923,301018.SZ,122.66,81.78
20260923,301019.SZ,18.8,12.54
20260923,301020.SZ,26.7,17.8
20260923,301021.SZ,106.12,70.74
20260923,301022.SZ,27.22,18.14
20260923,301023.SZ,34.49,22.99
20260923,301024.SZ,40.3,26.86
20260923,301025.SZ,12.62,8.42
20260923,301026.SZ,23.64,15.76
20260923,301027.SZ,23.64,15.76
20260923,301028.SZ,16.24,10.82
20260923,301029.SZ,30.18,20.12
20260923,301030.SZ,6.89,4.59
20260923,301031.SZ,115.81,77.21
20260923,301032.SZ,12.26,8.18
20260923,301033.SZ,67.5,45.0
20260923,301035.SZ,60.01,40.01
20260923,301036.SZ,26.9,17.94
20260923,301037.SZ,15.46,10.3
20260923,301038.SZ,20.36,13.58
20260923,301039.SZ,8.81,5.87
20260923,301040.SZ,31.72,21.14
20260923,301041.SZ,44.94,29.96
20260923,301042.SZ,37.64,25.1
20260923,301043.SZ,59.48,39.66
20260923,301045.SZ,84.4,56.26
20260923,301046.SZ,41.54,27.7
20260923,301047.SZ,163.46,108.98
20260923,301048.SZ,10.84,7.22
20260923,301049.SZ,24.72,16.48
20260923,301050.SZ,33.9,22.6
20260923,301051.SZ,22.96,15.3
20260923,301052.SZ,29.88,19.92
20260923,301053.SZ,42.49,28.33
20260923,301055.SZ,39.53,26.35
20260923,301056.SZ,16.63,11.09
20260923,301057.SZ,30.01,20.01
20260923,301058.SZ,10.51,7.01
20260923,301059.SZ,15.54,10.36
20260923,301060.SZ,14.33,9.55
20260923,301061.SZ,52.63,35.09
20260923,301062.SZ,8.45,5.63
20260923,301063.SZ,21.47,14.31
20260923,301065.SZ,23.93,15.95
20260923,301066.SZ,15.26,10.18
20260923,301067.SZ,40.44,26.96
20260923,301068.SZ,32.27,21.51
20260923,301069.SZ,19.3,12.86
20260923,301070.SZ,81.55,54.37
20260923,301071.SZ,82.2,54.8
20260923,301072.SZ,60.58,40.38
20260923,301073.SZ,21.82,14.54
20260923,301075.SZ,80.71,53.81
20260923,301076.SZ,25.88,17.26
20260923,301077.SZ,26.38,17.58
20260923,301078.SZ,8.48,5.66
20260923,301079.SZ,32.66,21.78
20260923,301080.SZ,142.56,95.04
20260923,301081.SZ,20.36,13.58
20260923,301082.SZ,11.94,7.96
20260923,301083.SZ,17.3,11.54
20260923,301085.SZ,102.74,68.5
20260923,301086.SZ,208.8,139.2
20260923,301087.SZ,66.46,44.3
20260923,301088.SZ,16.3,10.86
20260923,301089.SZ,28.99,19.33
20260923,301090.SZ,8.58,5.72
20260923,301091.SZ,24.0,16.0
20260923,301092.SZ,54.4,36.26
20260923,301093.SZ,87.78,58.52
20260923,301095.SZ,92.72,61.82
20260923,301096.SZ,60.24,40.16
20260923,301097.SZ,41.8,27.86
20260923,301098.SZ,10.64,7.1
20260923,301099.SZ,63.1,42.06
20260923,301100.SZ,18.66,12.44
20260923,301101.SZ,37.03,24.69
20260923,301102.SZ,11.54,7.7
20260923,301103.SZ,19.86,13.24
20260923,301105.SZ,60.35,40.23
20260923,301106.SZ,23.66,15.78
20260923,301107.SZ,30.02,20.02
20260923,301108.SZ,58.44,38.96
20260923,301109.SZ,15.46,10.3
20260923,301110.SZ,45.53,30.35
20260923,301111.SZ,27.9,18.6
20260923,301112.SZ,37.0,24.66
20260923,301113.SZ,21.28,14.18
20260923,301115.SZ,42.73,28.49
20260923,301116.SZ,11.04,7.36
20260923,301117.SZ,16.26,10.84
20260923,301118.SZ,28.73,19.15
20260923,301119.SZ,31.74,21.16
20260923,301120.SZ,18.06,12.04
20260923,301121.SZ,43.02,28.68
20260923,301122.SZ,71.17,47.45
20260923,301123.SZ,95.16,63.44
20260923,301125.SZ,16.82,11.22
20260923,301126.SZ,12.55,8.37
20260923,301127.SZ,21.52,14.34
20260923,301128.SZ,145.87,97.25
20260923,301129.SZ,29.15,19.43
20260923,301130.SZ,35.6,23.74
20260923,301131.SZ,39.88,26.58
20260923,301132.SZ,82.0,54.66
20260923,301133.SZ,33.16,22.1
20260923,301135.SZ,21.71,14.47
20260923,301136.SZ,14.45,9.63
20260923,301137.SZ,38.0,25.34
20260923,301138.SZ,36.12,24.08
20260923,301139.SZ,3.97,2.65
20260923,301141.SZ,46.66,31.1
20260923,301148.SZ,69.76,46.5
20260923,301149.SZ,10.81,7.21
20260923,301150.SZ,49.2,32.8
20260923,301151.SZ,27.25,18.17
20260923,301152.SZ,25.88,17.26
20260923,301153.SZ,21.11,14.07
20260923,301155.SZ,51.89,34.59
20260923,301156.SZ,14.24,9.5
20260923,301157.SZ,79.57,53.05
20260923,301158.SZ,17.56,11.7
20260923,301159.SZ,40.18,26.78
20260923,301160.SZ,49.04,32.7
20260923,301161.SZ,37.18,24.78
20260923,301162.SZ,45.86,30.58
20260923,301163.SZ,27.65,18.43
20260923,301165.SZ,136.24,90.82
20260923,301166.SZ,38.6,25.74
20260923,301167.SZ,16.04,10.7
20260923,301168.SZ,47.96,31.98
20260923,301169.SZ,66.35,44.23
20260923,301170.SZ,27.48,18.32
20260923,301171.SZ,44.02,29.34
20260923,301172.SZ,22.58,15.06
20260923,301173.SZ,39.6,26.4
20260923,301175.SZ,6.74,4.5
20260923,301176.SZ,75.73,50.49
20260923,301177.SZ,28.04,18.7
20260923,301178.SZ,46.22,30.82
20260923,301179.SZ,24.73,16.49
20260923,301180.SZ,14.32,9.54
20260923,301181.SZ,31.58,21.06
20260923,301182.SZ,88.16,58.78
20260923,301183.SZ,367.48,244.98
20260923,301185.SZ,20.81,13.87
20260923,301186.SZ,45.73,30.49
20260923,301187.SZ,18.88,12.58
20260923,301188.SZ,42.35,28.23
20260923,301189.SZ,89.1,59.4
20260923,301190.SZ,24.55,16.37
20260923,301191.SZ,103.82,69.22
20260923,301192.SZ,23.44,15.62
20260923,301193.SZ,27.5,18.34
20260923,301195.SZ,32.71,21.81
20260923,301196.SZ,108.65,72.43
20260923,301197.SZ,34.09,22.73
20260923,301198.SZ,17.76,11.84
20260923,301199.SZ,21.83,14.55
20260923,301200.SZ,310.72,207.14
20260923,301201.SZ,44.51,29.67
20260923,301202.SZ,47.71,31.81
20260923,301203.SZ,41.38,27.58
20260923,301205.SZ,393.0,262.0
20260923,301206.SZ,28.66,19.1
20260923,301207.SZ,23.17,15.45
20260923,301208.SZ,37.14,24.76
20260923,301209.SZ,75.98,50.66
20260923,301210.SZ,36.97,24.65
20260923,301211.SZ,15.22,10.14
20260923,301212.SZ,32.4,21.6
20260923,301213.SZ,57.36,38.24
20260923,301215.SZ,6.42,4.28
20260923,301216.SZ,21.08,14.06
20260923,301217.SZ,137.45,91.63
20260923,301218.SZ,57.35,38.23
20260923,301219.SZ,49.93,33.29
20260923,301220.SZ,40.14,26.76
20260923,301221.SZ,33.25,22.17
20260923,301222.SZ,32.58,21.72
20260923,301223.SZ,21.83,14.55
20260923,301225.SZ,73.74,49.16
20260923,301226.SZ,40.63,27.09
20260923,301227.SZ,41.76,27.84
20260923,301228.SZ,68.75,45.83
20260923,301229.SZ,14.27,9.51
20260923,301230.SZ,47.52,31.68
20260923,301231.SZ,36.7,24.46
20260923,301232.SZ,110.24,73.5
20260923,301233.SZ,40.85,27.23
20260923,301234.SZ,167.69,111.79
20260923,301235.SZ,57.77,38.51
20260923,301236.SZ,45.38,30.26
20260923,301237.SZ,47.4,31.6
20260923,301238.SZ,19.34,12.9
20260923,301239.SZ,38.41,25.61
20260923,301246.SZ,21.64,14.42
20260923,301248.SZ,70.8,47.2
20260923,301251.SZ,103.2,68.8
20260923,301252.SZ,48.47,32.31
20260923,301255.SZ,23.14,15.42
20260923,301256.SZ,12.16,8.1
20260923,301257.SZ,50.06,33.38
20260923,301258.SZ,32.53,21.69
20260923,301259.SZ,24.43,16.29
20260923,301260.SZ,14.28,9.52
20260923,301261.SZ,67.12,44.74
20260923,301262.SZ,24.92,16.62
20260923,301263.SZ,25.5,17.0
20260923,301265.SZ,26.23,17.49
20260923,301266.SZ,30.77,20.51
20260923,301267.SZ,18.16,12.1
20260923,301268.SZ,14.7,9.8
20260923,301269.SZ,107.56,71.7
20260923,301270.SZ,39.65,26.43
20260923,301272.SZ,42.43,28.29
20260923,301273.SZ,44.33,29.55
20260923,301275.SZ,48.72,32.48
20260923,301276.SZ,21.16,14.1
20260923,301277.SZ,12.5,8.34
20260923,301278.SZ,35.36,23.58
20260923,301279.SZ,28.92,19.28
20260923,301280.SZ,50.5,33.66
20260923,301281.SZ,60.88,40.58
20260923,301282.SZ,55.6,37.06
20260923,301283.SZ,31.36,20.9
20260923,301285.SZ,123.68,82.46
20260923,301286.SZ,57.41,38.27
20260923,301287.SZ,49.13,32.75
20260923,301288.SZ,20.5,13.66
20260923,301289.SZ,53.24,35.5
20260923,301290.SZ,35.04,23.36
20260923,301291.SZ,41.52,27.68
20260923,301292.SZ,72.35,48.23
20260923,301293.SZ,61.45,40.97
20260923,301295.SZ,45.32,30.22
20260923,301296.SZ,7.73,5.15
20260923,301297.SZ,55.73,37.15
20260923,301298.SZ,15.2,10.14
20260923,301299.SZ,57.49,38.33
20260923,301300.SZ,42.26,28.18
20260923,301301.SZ,9.86,6.58
20260923,301302.SZ,26.66,17.78
20260923,301303.SZ,16.7,11.14
20260923,301305.SZ,33.05,22.03
20260923,301306.SZ,115.66,77.1
20260923,301307.SZ,70.9,47.26
20260923,301308.SZ,417.92,278.62
20260923,301309.SZ,36.7,24.46
20260923,301310.SZ,66.72,44.48
20260923,301311.SZ,18.48,12.32
20260923,301312.SZ,104.29,69.53
20260923,301313.SZ,37.67,25.11
20260923,301314.SZ,57.06,38.04
20260923,301315.SZ,52.97,35.31
20260923,301316.SZ,48.24,32.16
20260923,301317.SZ,60.76,40.5
20260923,301318.SZ,25.8,17.2
20260923,301319.SZ,117.55,78.37
20260923,301320.SZ,17.09,11.39
20260923,301321.SZ,61.72,41.14
20260923,301322.SZ,52.79,35.19
20260923,301323.SZ,92.51,61.67
20260923,301325.SZ,37.93,25.29
20260923,301326.SZ,130.15,86.77
20260923,301327.SZ,50.75,33.83
20260923,301328.SZ,62.0,41.34
20260923,301329.SZ,25.08,16.72
20260923,301330.SZ,31.08,20.72
20260923,301331.SZ,26.32,17.54
20260923,301332.SZ,9.22,6.14
20260923,301333.SZ,79.19,52.79
20260923,301335.SZ,30.91,20.61
20260923,301336.SZ,52.69,35.13
20260923,301337.SZ,35.7,23.8
20260923,301338.SZ,122.94,81.96
20260923,301339.SZ,14.26,9.5
20260923,301345.SZ,289.19,192.79
20260923,301348.SZ,26.88,17.92
20260923,301349.SZ,57.34,38.22
20260923,301353.SZ,23.94,15.96
20260923,301355.SZ,14.53,9.69
20260923,301356.SZ,24.85,16.57
20260923,301357.SZ,118.93,79.29
20260923,301358.SZ,63.66,42.44
20260923,301359.SZ,23.27,15.51
20260923,301360.SZ,84.6,56.4
20260923,301361.SZ,32.56,21.7
20260923,301362.SZ,140.93,93.95
20260923,301363.SZ,20.82,13.88
20260923,301365.SZ,43.87,29.25
20260923,301366.SZ,86.59,57.73
20260923,301367.SZ,55.43,36.95
20260923,301368.SZ,46.45,30.97
20260923,301369.SZ,164.68,109.78
20260923,301370.SZ,10.39,6.93
20260923,301371.SZ,25.5,17.0
20260923,301372.SZ,40.92,27.28
20260923,301373.SZ,143.47,95.65
20260923,301376.SZ,27.19,18.13
20260923,301377.SZ,477.6,318.4
20260923,301378.SZ,31.22,20.82
20260923,301379.SZ,26.18,17.46
20260923,301380.SZ,41.15,27.43
20260923,301381.SZ,29.98,19.98
20260923,301382.SZ,45.6,30.4
20260923,301383.SZ,30.02,20.02
20260923,301386.SZ,25.31,16.87
20260923,301387.SZ,68.27,45.51
20260923,301388.SZ,30.19,20.13
20260923,301389.SZ,71.54,47.7
20260923,301390.SZ,56.42,37.62
20260923,301391.SZ,55.2,36.8
20260923,301392.SZ,203.2,135.46
20260923,301393.SZ,78.82,52.54
20260923,301395.SZ,14.98,9.98
20260923,301396.SZ,233.99,155.99
20260923,301397.SZ,28.0,18.66
20260923,301398.SZ,48.06,32.04
20260923,301399.SZ,26.81,17.87
20260923,301408.SZ,18.67,12.45
20260923,301413.SZ,68.08,45.38
20260923,301418.SZ,42.19,28.13
20260923,301419.SZ,58.18,38.78
20260923,301421.SZ,96.38,64.26
20260923,301428.SZ,33.94,22.62
20260923,301429.SZ,20.86,13.9
20260923,301439.SZ,17.28,11.52
20260923,301446.SZ,50.02,33.34
20260923,301448.SZ,61.21,40.81
20260923,301449.SZ,48.98,32.66
20260923,301456.SZ,29.48,19.66
20260923,301458.SZ,46.82,31.22
20260923,301459.SZ,38.71,25.81
20260923,301468.SZ,39.41,26.27
20260923,301469.SZ,34.91,23.27
20260923,301479.SZ,64.72,43.14
20260923,301486.SZ,262.64,175.1
20260923,301487.SZ,19.15,12.77
20260923,301488.SZ,111.55,74.37
20260923,301489.SZ,154.56,103.04
20260923,301491.SZ,45.38,30.26
20260923,301498.SZ,49.68,33.12
20260923,301499.SZ,31.3,20.86
20260923,301500.SZ,34.92,23.28
20260923,301501.SZ,33.6,22.4
20260923,301502.SZ,63.54,42.36
20260923,301503.SZ,26.48,17.66
20260923,301505.SZ,22.27,14.85
20260923,301507.SZ,16.0,10.66
20260923,301508.SZ,28.97,19.31
20260923,301509.SZ,37.5,25.0
20260923,301510.SZ,34.02,22.68
20260923,301511.SZ,133.32,88.88
20260923,301512.SZ,38.2,25.46
20260923,301513.SZ,54.52,36.34
20260923,301515.SZ,24.49,16.33
20260923,301516.SZ,23.68,15.78
20260923,301517.SZ,46.33,30.89
20260923,301518.SZ,30.84,20.56
20260923,301519.SZ,14.4,9.6
20260923,301520.SZ,98.86,65.9
20260923,301522.SZ,28.26,18.84
20260923,301525.SZ,47.52,31.68
20260923,301526.SZ,37.2,24.8
20260923,301528.SZ,90.19,60.13
20260923,301529.SZ,162.41,108.27
20260923,301531.SZ,63.41,42.27
20260923,301533.SZ,35.02,23.34
20260923,301535.SZ,16.63,11.09
20260923,301536.SZ,159.7,106.46
20260923,301538.SZ,49.48,32.98
20260923,301539.SZ,18.38,12.26
20260923,301548.SZ,69.01,46.01
20260923,301550.SZ,114.4,76.26
20260923,301551.SZ,27.94,18.62
20260923,301552.SZ,29.5,19.66
20260923,301555.SZ,44.15,29.43
20260923,301556.SZ,75.83,50.55
20260923,301557.SZ,102.18,68.12
20260923,301558.SZ,8.17,5.45
20260923,301559.SZ,15.37,10.25
20260923,301560.SZ,29.52,19.68
20260923,301563.SZ,137.34,91.56
20260923,301565.SZ,23.88,15.92
20260923,301566.SZ,32.35,21.57
20260923,301567.SZ,45.89,30.59
20260923,301568.SZ,89.02,59.34
20260923,301571.SZ,90.0,60.0
20260923,301575.SZ,31.42,20.94
20260923,301577.SZ,72.25,48.17
20260923,301578.SZ,28.33,18.89
20260923,301580.SZ,67.64,45.1
20260923,301581.SZ,44.92,29.94
20260923,301583.SZ,163.43,108.95
20260923,301584.SZ,24.16,16.1
20260923,301585.SZ,34.43,22.95
20260923,301586.SZ,35.82,23.88
20260923,301587.SZ,25.74,17.16
20260923,301588.SZ,33.35,22.23
20260923,301589.SZ,190.55,127.03
20260923,301590.SZ,83.1,55.4
20260923,301591.SZ,53.88,35.92
20260923,301592.SZ,140.77,93.85
20260923,301595.SZ,53.77,35.85
20260923,301596.SZ,56.4,37.6
20260923,301598.SZ,61.44,40.96
20260923,301599.SZ,39.79,26.53
20260923,301600.SZ,92.16,61.44
20260923,301601.SZ,19.46,12.98
20260923,301602.SZ,19.6,13.06
20260923,301603.SZ,150.06,100.04
20260923,301606.SZ,68.58,45.72
20260923,301607.SZ,52.36,34.9
20260923,301608.SZ,59.59,39.73
20260923,301609.SZ,38.34,25.56
20260923,301611.SZ,116.03,77.35
20260923,301613.SZ,42.84,28.56
20260923,301616.SZ,42.38,28.26
20260923,301617.SZ,63.28,42.18
20260923,301618.SZ,37.52,25.02
20260923,301622.SZ,45.43,30.29
20260923,301626.SZ,398.39,265.59
20260923,301628.SZ,143.83,95.89
20260923,301629.SZ,338.76,225.84
20260923,301630.SZ,242.48,161.66
20260923,301631.SZ,75.72,50.48
20260923,301632.SZ,16.02,10.68
20260923,301633.SZ,72.2,48.14
20260923,301636.SZ,50.48,33.66
20260923,301638.SZ,26.17,17.45
20260923,301655.SZ,27.54,18.36
20260923,301656.SZ,17.4,11.6
20260923,301658.SZ,27.1,18.06
20260923,301662.SZ,80.38,53.58
20260923,301665.SZ,26.94,17.96
20260923,301666.SZ,481.2,320.8
20260923,301667.SZ,69.76,46.5
20260923,301668.SZ,38.88,25.92
20260923,301669.SZ,31.46,20.98
20260923,301677.SZ,61.46,40.98
20260923,301678.SZ,62.16,41.44
20260923,301680.SZ,126.41,84.27
20260923,301682.SZ,138.94,92.62
20260923,301683.SZ,119.56,79.7
20260923,301686.SZ,999999.999,0.01
20260923,301687.SZ,64.94,43.3
20260923,301688.SZ,47.0,31.34
20260923,301689.SZ,73.81,49.21
20260923,301696.SZ,113.52,75.68
20260923,301697.SZ,33.0,22.0
20260923,301699.SZ,36.97,24.65
20260923,301707.SZ,87.65,58.43
20260923,301717.SZ,433.57,289.05
20260923,302132.SZ,71.94,47.96
20260923,600000.SH,9.94,8.14
20260923,600004.SH,8.42,6.89
20260923,600006.SH,5.84,4.78
20260923,600007.SH,21.63,17.69
20260923,600008.SH,3.01,2.47
20260923,600009.SH,25.09,20.53
20260923,600010.SH,2.33,1.91
20260923,600011.SH,7.48,6.12
20260923,600012.SH,16.9,13.82
20260923,600015.SH,6.86,5.62
20260923,600016.SH,3.85,3.15
20260923,600017.SH,3.09,2.53
20260923,600018.SH,5.9,4.82
20260923,600019.SH,6.3,5.16
20260923,600020.SH,4.2,3.44
20260923,600021.SH,14.8,12.11
20260923,600022.SH,1.44,1.18
20260923,600023.SH,5.5,4.5
20260923,600025.SH,10.58,8.66
20260923,600026.SH,24.1,19.72
20260923,600027.SH,5.28,4.32
20260923,600028.SH,5.84,4.78
20260923,600029.SH,5.46,4.46
20260923,600030.SH,29.58,24.2
20260923,600031.SH,19.49,15.95
20260923,600032.SH,7.68,6.28
20260923,600033.SH,3.98,3.26
20260923,600035.SH,4.02,3.29
20260923,600036.SH,44.9,36.74
20260923,600037.SH,7.9,6.46
20260923,600038.SH,30.06,24.6
20260923,600039.SH,9.65,7.89
20260923,600048.SH,6.25,5.11
20260923,600050.SH,4.63,3.79
20260923,600051.SH,6.89,5.63
20260923,600052.SH,4.08,3.34
20260923,600053.SH,8.49,6.95
20260923,600054.SH,11.91,9.75
20260923,600055.SH,11.36,9.3
20260923,600056.SH,9.96,8.15
20260923,600057.SH,6.79,5.55
20260923,600058.SH,9.9,8.1
20260923,600059.SH,11.87,9.71
20260923,600060.SH,30.03,24.57
20260923,600061.SH,6.97,5.71
20260923,600062.SH,17.71,14.49
20260923,600063.SH,6.18,5.06
20260923,600064.SH,8.5,6.96
20260923,600066.SH,28.79,23.55
20260923,600067.SH,2.96,2.42
20260923,600071.SH,18.46,15.1
20260923,600072.SH,9.82,8.04
20260923,600073.SH,6.06,4.96
20260923,600075.SH,5.09,4.17
20260923,600076.SH,2.48,2.03
20260923,600078.SH,11.34,9.28
20260923,600079.SH,20.6,16.86
20260923,600080.SH,5.28,4.32
20260923,600081.SH,11.5,9.41
20260923,600082.SH,3.48,2.84
20260923,600084.SH,4.94,4.04
20260923,600085.SH,26.03,21.29
20260923,600088.SH,16.69,13.65
20260923,600089.SH,20.03,16.39
20260923,600094.SH,4.53,3.71
20260923,600095.SH,9.96,8.15
20260923,600096.SH,31.06,25.42
20260923,600097.SH,10.33,8.45
20260923,600098.SH,6.83,5.59
20260923,600099.SH,10.21,8.35
20260923,600100.SH,7.61,6.23
20260923,600101.SH,8.77,7.17
20260923,600103.SH,4.15,3.39
20260923,600104.SH,12.18,9.96
20260923,600105.SH,49.95,40.87
20260923,600106.SH,4.93,4.03
20260923,600107.SH,6.31,5.17
20260923,600108.SH,4.85,3.97
20260923,600109.SH,9.19,7.52
20260923,600110.SH,13.38,10.94
20260923,600111.SH,41.69,34.11
20260923,600113.SH,32.97,26.97
20260923,600114.SH,30.48,24.94
20260923,600115.SH,3.8,3.11
20260923,600116.SH,6.72,5.5
20260923,600117.SH,2.41,1.97
20260923,600118.SH,64.7,52.94
20260923,600119.SH,5.53,4.53
20260923,600120.SH,5.21,4.27
20260923,600121.SH,5.8,4.74
20260923,600123.SH,7.9,6.46
20260923,600125.SH,5.84,4.78
20260923,600126.SH,6.94,5.68
20260923,600127.SH,18.12,14.82
20260923,600128.SH,9.46,7.74
20260923,600129.SH,15.3,12.52
20260923,600130.SH,5.14,4.2
20260923,600131.SH,15.9,13.01
20260923,600132.SH,42.0,34.36
20260923,600133.SH,8.8,7.2
20260923,600135.SH,8.56,7.0
20260923,600136.SH,1.65,1.35
20260923,600137.SH,19.68,16.1
20260923,600138.SH,7.79,6.37
20260923,600141.SH,32.09,26.25
20260923,600143.SH,14.7,12.02
20260923,600148.SH,17.46,14.28
20260923,600149.SH,5.54,4.54
20260923,600150.SH,44.13,36.11
20260923,600151.SH,10.45,8.55
20260923,600152.SH,8.67,7.09
20260923,600153.SH,9.44,7.72
20260923,600155.SH,6.82,5.58
20260923,600156.SH,9.77,7.99
20260923,600157.SH,1.67,1.37
20260923,600158.SH,7.87,6.44
20260923,600159.SH,3.06,2.5
20260923,600160.SH,38.07,31.15
20260923,600161.SH,13.6,11.12
20260923,600162.SH,5.38,4.4
20260923,600163.SH,6.27,5.13
20260923,600165.SH,3.61,2.95
20260923,600166.SH,3.07,2.51
20260923,600167.SH,6.2,5.08
20260923,600168.SH,4.77,3.91
20260923,600169.SH,2.38,1.94
20260923,600170.SH,2.45,2.01
20260923,600171.SH,25.41,20.79
20260923,600172.SH,17.67,14.45
20260923,600173.SH,6.53,5.35
20260923,600176.SH,50.02,40.92
20260923,600177.SH,8.92,7.3
20260923,600178.SH,10.51,8.6
20260923,600179.SH,5.04,4.12
20260923,600180.SH,1.79,1.47
20260923,600182.SH,13.42,12.14
20260923,600183.SH,157.8,129.11
20260923,600184.SH,22.46,18.38
20260923,600185.SH,5.35,4.37
20260923,600186.SH,14.22,11.64
20260923,600187.SH,1.43,1.17
20260923,600188.SH,22.39,18.32
20260923,600189.SH,9.13,7.47
20260923,600191.SH,10.37,8.49
20260923,600192.SH,8.46,6.92
20260923,600195.SH,7.41,6.07
20260923,600196.SH,25.44,20.82
20260923,600197.SH,10.32,8.44
20260923,600198.SH,8.49,6.95
20260923,600199.SH,8.07,6.61
20260923,600201.SH,12.89,10.55
20260923,600202.SH,5.67,4.64
20260923,600203.SH,11.26,9.22
20260923,600206.SH,54.95,44.96
20260923,600207.SH,5.35,4.37
20260923,600208.SH,3.19,2.61
20260923,600210.SH,6.86,5.62
20260923,600211.SH,40.06,32.78
20260923,600212.SH,6.46,5.28
20260923,600215.SH,6.86,5.62
20260923,600216.SH,13.99,11.45
20260923,600217.SH,3.58,2.93
20260923,600218.SH,8.83,7.23
20260923,600219.SH,5.23,4.28
20260923,600221.SH,1.36,1.12
20260923,600222.SH,8.93,7.31
20260923,600223.SH,6.24,5.1
20260923,600226.SH,6.59,5.39
20260923,600227.SH,4.71,3.85
20260923,600228.SH,13.08,10.7
20260923,600229.SH,6.55,5.36
20260923,600230.SH,14.82,12.12
20260923,600231.SH,1.85,1.51
20260923,600232.SH,7.29,5.97
20260923,600233.SH,19.46,15.92
20260923,600234.SH,24.81,20.3
20260923,600235.SH,6.46,5.28
20260923,600236.SH,10.38,8.5
20260923,600237.SH,11.13,9.11
20260923,600238.SH,4.73,3.87
20260923,600239.SH,1.58,1.3
20260923,600241.SH,8.14,6.66
20260923,600243.SH,3.78,3.1
20260923,600246.SH,16.1,13.18
20260923,600248.SH,3.15,2.57
20260923,600249.SH,6.08,4.98
20260923,600250.SH,10.07,8.24
20260923,600251.SH,11.34,9.28
20260923,600252.SH,2.43,1.99
20260923,600255.SH,4.0,3.28
20260923,600256.SH,7.7,6.3
20260923,600257.SH,6.26,5.12
20260923,600258.SH,12.49,10.22
20260923,600259.SH,91.58,74.93
20260923,600261.SH,3.81,3.11
20260923,600262.SH,16.83,13.77
20260923,600265.SH,24.98,20.44
20260923,600266.SH,4.92,4.02
20260923,600267.SH,12.94,10.58
20260923,600268.SH,11.45,9.37
20260923,600269.SH,4.19,3.43
20260923,600271.SH,7.49,6.13
20260923,600272.SH,19.09,15.62
20260923,600273.SH,7.0,5.72
20260923,600276.SH,50.29,41.15
20260923,600278.SH,7.26,5.94
20260923,600279.SH,4.79,3.92
20260923,600280.SH,3.45,2.83
20260923,600281.SH,5.36,4.38
20260923,600282.SH,4.82,3.94
20260923,600283.SH,8.87,7.25
20260923,600284.SH,5.7,4.66
20260923,600285.SH,21.01,17.19
20260923,600287.SH,5.51,4.51
20260923,600288.SH,12.18,9.96
20260923,600289.SH,4.86,3.98
20260923,600292.SH,12.75,10.43
20260923,600293.SH,3.7,3.02
20260923,600295.SH,14.32,11.72
20260923,600298.SH,43.36,35.48
20260923,600299.SH,9.26,7.58
20260923,600300.SH,3.43,2.81
20260923,600301.SH,53.76,43.98
20260923,600302.SH,7.58,6.2
20260923,600303.SH,3.43,2.81
20260923,600305.SH,7.4,6.06
20260923,600307.SH,1.63,1.33
20260923,600308.SH,3.67,3.01
20260923,600309.SH,77.73,63.59
20260923,600310.SH,5.1,4.18
20260923,600312.SH,21.23,17.37
20260923,600313.SH,7.9,6.46
20260923,600315.SH,20.33,16.63
20260923,600316.SH,37.52,30.7
20260923,600318.SH,7.82,6.4
20260923,600319.SH,6.91,5.65
20260923,600320.SH,4.53,3.71
20260923,600322.SH,3.07,2.51
20260923,600323.SH,31.69,25.93
20260923,600325.SH,3.1,2.54
20260923,600326.SH,7.55,6.17
20260923,600327.SH,4.31,3.53
20260923,600328.SH,6.36,5.2
20260923,600329.SH,38.61,31.59
20260923,600330.SH,32.68,26.74
20260923,600331.SH,13.11,10.73
20260923,600332.SH,21.65,17.71
20260923,600333.SH,7.54,6.17
20260923,600335.SH,5.69,4.65
20260923,600336.SH,7.1,5.81
20260923,600337.SH,3.73,3.05
20260923,600338.SH,14.07,11.51
20260923,600339.SH,3.67,3.01
20260923,600340.SH,1.23,1.01
20260923,600343.SH,22.32,18.26
20260923,600345.SH,59.85,48.97
20260923,600346.SH,18.19,14.89
20260923,600348.SH,10.16,8.32
20260923,600350.SH,11.0,9.0
20260923,600351.SH,7.52,6.16
20260923,600352.SH,13.88,11.36
20260923,600353.SH,36.65,29.99
20260923,600354.SH,11.13,9.11
20260923,600356.SH,12.02,9.84
20260923,600358.SH,5.65,4.63
20260923,600359.SH,8.84,7.24
20260923,600360.SH,12.52,10.24
20260923,600361.SH,3.88,3.18
20260923,600362.SH,49.61,40.59
20260923,600363.SH,17.58,14.38
20260923,600365.SH,3.15,2.57
20260923,600366.SH,12.57,10.29
20260923,600367.SH,42.12,34.46
20260923,600368.SH,4.47,3.65
20260923,600369.SH,4.39,3.59
20260923,600370.SH,1.65,1.35
20260923,600371.SH,17.28,14.14
20260923,600372.SH,12.73,10.41
20260923,600373.SH,8.43,6.89
20260923,600375.SH,4.08,3.34
20260923,600376.SH,3.74,3.06
20260923,600377.SH,13.79,11.29
20260923,600378.SH,51.78,42.36
20260923,600379.SH,16.16,13.22
20260923,600380.SH,10.32,8.44
20260923,600381.SH,4.69,3.83
20260923,600382.SH,6.62,5.42
20260923,600383.SH,2.75,2.25
20260923,600386.SH,3.95,3.23
20260923,600388.SH,18.84,15.42
20260923,600389.SH,20.75,16.97
20260923,600390.SH,5.4,4.42
20260923,600391.SH,47.12,38.56
20260923,600392.SH,24.41,19.97
20260923,600395.SH,5.69,4.65
20260923,600396.SH,15.25,12.47
20260923,600397.SH,19.24,15.74
20260923,600398.SH,6.27,5.13
20260923,600399.SH,4.82,3.94
20260923,600400.SH,3.77,3.09
20260923,600403.SH,8.36,6.84
20260923,600405.SH,5.51,4.51
20260923,600406.SH,24.45,20.01
20260923,600408.SH,3.44,2.82
20260923,600409.SH,6.99,5.72
20260923,600410.SH,18.13,14.83
20260923,600415.SH,13.04,10.67
20260923,600416.SH,9.42,7.7
20260923,600418.SH,23.45,19.19
20260923,600419.SH,9.68,7.92
20260923,600420.SH,9.24,7.56
20260923,600422.SH,9.08,7.43
20260923,600423.SH,3.0,2.46
20260923,600425.SH,3.99,3.27
20260923,600426.SH,22.44,18.36
20260923,600428.SH,12.47,10.21
20260923,600429.SH,5.02,4.1
20260923,600433.SH,3.71,3.03
20260923,600435.SH,12.85,10.51
20260923,600436.SH,132.9,108.74
20260923,600438.SH,12.89,10.55
20260923,600439.SH,2.07,1.69
20260923,600444.SH,15.73,12.87
20260923,600446.SH,11.99,9.81
20260923,600448.SH,3.94,3.22
20260923,600449.SH,14.41,11.79
20260923,600452.SH,9.93,8.13
20260923,600455.SH,26.65,21.81
20260923,600456.SH,28.2,23.08
20260923,600458.SH,12.33,10.09
20260923,600459.SH,21.15,17.31
20260923,600460.SH,36.74,30.06
20260923,600461.SH,9.71,7.95
20260923,600463.SH,9.12,7.46
20260923,600467.SH,2.68,2.2
20260923,600468.SH,6.91,5.65
20260923,600469.SH,5.54,4.54
20260923,600470.SH,6.39,5.23
20260923,600475.SH,16.41,13.43
20260923,600476.SH,11.65,9.53
20260923,600477.SH,2.68,2.2
20260923,600478.SH,5.04,4.12
20260923,600479.SH,14.93,12.21
20260923,600480.SH,8.51,6.97
20260923,600481.SH,4.51,3.69
20260923,600482.SH,38.87,31.81
20260923,600483.SH,11.8,9.66
20260923,600486.SH,58.26,47.66
20260923,600487.SH,80.3,65.7
20260923,600488.SH,6.74,5.52
20260923,600489.SH,25.82,21.12
20260923,600490.SH,7.89,6.45
20260923,600491.SH,1.8,1.48
20260923,600493.SH,7.11,5.81
20260923,600495.SH,4.52,3.7
20260923,600496.SH,3.64,2.98
20260923,600497.SH,10.77,8.81
20260923,600498.SH,47.86,39.16
20260923,600499.SH,13.27,10.85
20260923,600500.SH,6.35,5.19
20260923,600501.SH,16.34,13.37
20260923,600502.SH,4.54,3.72
20260923,600503.SH,2.94,2.4
20260923,600505.SH,11.65,9.53
20260923,600506.SH,19.39,15.87
20260923,600507.SH,4.48,3.66
20260923,600508.SH,12.1,9.9
20260923,600509.SH,8.07,6.61
20260923,600510.SH,7.44,6.08
20260923,600511.SH,28.73,23.51
20260923,600512.SH,2.28,1.86
20260923,600513.SH,16.93,13.85
20260923,600515.SH,3.04,2.48
20260923,600516.SH,6.04,4.94
20260923,600517.SH,5.49,4.49
20260923,600518.SH,1.5,1.22
20260923,600519.SH,1379.18,1128.42
20260923,600520.SH,28.37,23.21
20260923,600521.SH,18.23,14.91
20260923,600522.SH,40.57,33.19
20260923,600523.SH,13.34,10.92
20260923,600525.SH,5.51,4.51
20260923,600526.SH,4.98,4.08
20260923,600527.SH,2.42,1.98
20260923,600528.SH,7.51,6.15
20260923,600529.SH,20.24,16.56
20260923,600530.SH,4.44,3.64
20260923,600531.SH,13.39,10.95
20260923,600533.SH,2.49,2.03
20260923,600535.SH,15.35,12.56
20260923,600536.SH,35.31,28.89
20260923,600537.SH,2.45,2.01
20260923,600538.SH,5.39,4.41
20260923,600539.SH,15.18,12.42
20260923,600540.SH,6.63,5.43
20260923,600543.SH,4.53,3.71
20260923,600545.SH,4.95,4.05
20260923,600546.SH,15.0,12.28
20260923,600547.SH,34.6,28.31
20260923,600548.SH,8.91,7.29
20260923,600549.SH,54.27,44.41
20260923,600550.SH,11.81,9.67
20260923,600551.SH,8.69,7.11
20260923,600552.SH,19.69,16.11
20260923,600556.SH,5.29,4.33
20260923,600557.SH,13.65,11.17
20260923,600558.SH,5.32,4.36
20260923,600559.SH,12.4,10.14
20260923,600560.SH,12.52,10.24
20260923,600561.SH,6.49,5.31
20260923,600562.SH,31.66,25.9
20260923,600563.SH,136.42,111.62
20260923,600566.SH,27.21,22.27
20260923,600567.SH,1.46,1.2
20260923,600568.SH,2.63,2.15
20260923,600569.SH,1.95,1.59
20260923,600570.SH,22.55,18.45
20260923,600571.SH,11.66,9.54
20260923,600572.SH,4.75,3.89
20260923,600573.SH,10.96,8.96
20260923,600575.SH,3.51,2.87
20260923,600576.SH,6.0,4.91
20260923,600577.SH,9.79,8.01
20260923,600578.SH,5.87,4.81
20260923,600579.SH,7.98,6.53
20260923,600580.SH,30.15,24.67
20260923,600581.SH,2.68,2.2
20260923,600582.SH,5.35,4.37
20260923,600583.SH,7.1,5.81
20260923,600584.SH,79.46,65.02
20260923,600585.SH,18.83,15.41
20260923,600586.SH,4.47,3.65
20260923,600587.SH,14.78,12.1
20260923,600588.SH,10.89,8.91
20260923,600589.SH,9.08,7.43
20260923,600590.SH,9.48,7.76
20260923,600592.SH,15.96,13.06
20260923,600593.SH,51.83,42.41
20260923,600594.SH,4.16,3.4
20260923,600595.SH,6.64,5.44
20260923,600596.SH,12.98,10.62
20260923,600597.SH,7.41,6.07
20260923,600598.SH,14.41,11.79
20260923,600600.SH,55.17,45.14
20260923,600601.SH,16.9,13.82
20260923,600602.SH,18.93,15.49
20260923,600603.SH,5.31,4.35
20260923,600604.SH,5.43,4.45
20260923,600605.SH,31.61,25.87
20260923,600606.SH,1.68,1.38
20260923,600609.SH,4.02,3.29
20260923,600610.SH,8.92,7.3
20260923,600611.SH,5.18,4.24
20260923,600612.SH,34.91,28.57
20260923,600613.SH,10.37,8.49
20260923,600615.SH,10.44,8.54
20260923,600616.SH,5.73,4.69
20260923,600617.SH,3.67,3.01
20260923,600618.SH,10.88,8.9
20260923,600619.SH,15.02,12.29
20260923,600620.SH,4.81,3.93
20260923,600621.SH,15.41,12.61
20260923,600622.SH,2.74,2.24
20260923,600623.SH,9.32,7.62
20260923,600624.SH,5.28,4.32
20260923,600626.SH,4.21,3.45
20260923,600628.SH,7.02,5.74
20260923,600629.SH,18.48,15.12
20260923,600630.SH,10.43,8.53
20260923,600633.SH,11.57,9.47
20260923,600635.SH,5.03,4.11
20260923,600637.SH,9.89,8.09
20260923,600638.SH,5.63,4.61
20260923,600639.SH,10.62,8.69
20260923,600640.SH,14.75,12.07
20260923,600641.SH,48.11,39.37
20260923,600642.SH,9.6,7.86
20260923,600643.SH,4.52,3.7
20260923,600644.SH,10.76,8.8
20260923,600645.SH,21.22,17.36
20260923,600648.SH,10.34,8.46
20260923,600649.SH,4.48,3.66
20260923,600650.SH,11.51,9.41
20260923,600651.SH,5.76,4.72
20260923,600653.SH,1.87,1.53
20260923,600654.SH,3.4,2.78
20260923,600655.SH,5.08,4.16
20260923,600657.SH,3.56,2.92
20260923,600658.SH,4.57,3.74
20260923,600660.SH,59.15,48.39
20260923,600661.SH,9.83,8.05
20260923,600662.SH,4.72,3.86
20260923,600663.SH,9.74,7.97
20260923,600664.SH,9.99,8.17
20260923,600665.SH,3.8,3.11
20260923,600666.SH,3.84,3.14
20260923,600667.SH,21.86,17.88
20260923,600668.SH,8.13,6.65
20260923,600671.SH,26.29,21.51
20260923,600673.SH,35.38,28.94
20260923,600674.SH,17.52,14.34
20260923,600675.SH,2.66,2.18
20260923,600676.SH,7.48,6.12
20260923,600678.SH,6.34,5.18
20260923,600679.SH,12.01,9.83
20260923,600681.SH,3.8,3.11
20260923,600682.SH,6.5,5.32
20260923,600683.SH,10.92,8.94
20260923,600684.SH,3.98,3.26
20260923,600685.SH,32.97,26.97
20260923,600686.SH,12.24,10.02
20260923,600688.SH,3.07,2.51
20260923,600689.SH,13.2,10.8
20260923,600690.SH,22.22,18.18
20260923,600691.SH,3.2,2.62
20260923,600692.SH,7.24,5.92
20260923,600693.SH,10.8,8.84
20260923,600694.SH,15.95,13.05
20260923,600697.SH,12.78,10.46
20260923,600698.SH,7.78,6.36
20260923,600699.SH,22.88,18.72
20260923,600702.SH,36.98,30.26
20260923,600703.SH,14.16,11.58
20260923,600704.SH,5.36,4.38
20260923,600706.SH,9.33,7.63
20260923,600707.SH,10.51,8.6
20260923,600708.SH,3.43,2.81
20260923,600710.SH,12.44,10.18
20260923,600711.SH,12.11,9.91
20260923,600712.SH,6.31,5.17
20260923,600713.SH,5.52,4.52
20260923,600714.SH,20.98,17.16
20260923,600715.SH,1.86,1.52
20260923,600716.SH,4.14,3.38
20260923,600717.SH,4.65,3.81
20260923,600718.SH,8.97,7.34
20260923,600719.SH,8.88,7.26
20260923,600720.SH,5.69,4.65
20260923,600721.SH,15.92,13.02
20260923,600722.SH,19.89,16.27
20260923,600724.SH,5.52,4.52
20260923,600725.SH,3.64,2.98
20260923,600726.SH,5.82,4.76
20260923,600727.SH,8.37,6.85
20260923,600728.SH,5.03,4.11
20260923,600729.SH,20.33,16.63
20260923,600730.SH,10.24,8.38
20260923,600731.SH,6.47,5.29
20260923,600732.SH,12.02,9.84
20260923,600733.SH,5.26,4.3
20260923,600734.SH,2.18,1.78
20260923,600735.SH,7.39,6.05
20260923,600736.SH,7.33,5.99
20260923,600737.SH,16.51,13.51
20260923,600738.SH,4.7,3.84
20260923,600739.SH,11.53,9.43
20260923,600740.SH,4.24,3.47
20260923,600741.SH,16.41,13.43
20260923,600742.SH,8.49,6.95
20260923,600743.SH,2.82,2.3
20260923,600744.SH,7.19,5.89
20260923,600745.SH,19.35,15.83
20260923,600746.SH,7.9,6.46
20260923,600748.SH,4.37,3.57
20260923,600749.SH,15.06,12.32
20260923,600750.SH,24.55,20.09
20260923,600751.SH,3.21,2.63
20260923,600753.SH,13.6,11.12
20260923,600754.SH,20.42,16.7
20260923,600755.SH,6.39,5.23
20260923,600756.SH,15.49,12.67
20260923,600757.SH,8.25,6.75
20260923,600758.SH,4.13,3.38
20260923,600759.SH,2.6,2.12
20260923,600760.SH,49.18,40.24
20260923,600761.SH,16.91,13.83
20260923,600763.SH,37.1,30.36
20260923,600764.SH,20.58,16.84
20260923,600765.SH,14.83,12.13
20260923,600768.SH,16.34,13.37
20260923,600769.SH,17.77,14.54
20260923,600770.SH,7.29,5.97
20260923,600771.SH,15.46,12.65
20260923,600773.SH,11.4,9.32
20260923,600774.SH,8.71,7.13
20260923,600775.SH,10.92,8.94
20260923,600776.SH,15.03,12.29
20260923,600777.SH,4.46,3.65
20260923,600778.SH,6.46,5.28
20260923,600779.SH,29.43,24.08
20260923,600780.SH,6.79,5.55
20260923,600782.SH,2.95,2.41
20260923,600783.SH,17.07,13.97
20260923,600784.SH,7.81,6.39
20260923,600785.SH,12.35,10.11
20260923,600787.SH,5.08,4.16
20260923,600789.SH,8.64,7.07
20260923,600790.SH,3.91,3.2
20260923,600791.SH,7.88,6.44
20260923,600792.SH,6.33,5.18
20260923,600793.SH,19.1,15.62
20260923,600794.SH,3.52,2.88
20260923,600795.SH,5.71,4.67
20260923,600796.SH,5.6,4.58
20260923,600797.SH,7.45,6.09
20260923,600798.SH,3.76,3.08
20260923,600800.SH,3.64,2.98
20260923,600801.SH,26.09,21.35
20260923,600802.SH,6.02,4.92
20260923,600803.SH,20.49,16.77
20260923,600805.SH,5.03,4.11
20260923,600807.SH,2.94,2.4
20260923,600808.SH,2.75,2.25
20260923,600809.SH,124.52,101.88
20260923,600810.SH,7.02,5.74
20260923,600812.SH,5.61,4.59
20260923,600814.SH,7.73,6.33
20260923,600815.SH,4.61,3.77
20260923,600816.SH,2.65,2.17
20260923,600817.SH,10.6,8.68
20260923,600818.SH,9.91,8.11
20260923,600819.SH,6.18,5.06
20260923,600820.SH,5.8,4.74
20260923,600821.SH,6.69,5.47
20260923,600822.SH,10.38,8.5
20260923,600824.SH,4.05,3.31
20260923,600825.SH,7.06,5.78
20260923,600826.SH,8.69,7.11
20260923,600827.SH,8.59,7.03
20260923,600828.SH,5.08,4.16
20260923,600829.SH,11.11,9.09
20260923,600830.SH,9.5,7.78
20260923,600831.SH,3.77,3.09
20260923,600833.SH,11.96,9.78
20260923,600834.SH,8.42,6.89
20260923,600835.SH,20.16,16.5
20260923,600838.SH,9.46,7.74
20260923,600839.SH,7.38,6.04
20260923,600841.SH,6.42,5.26
20260923,600843.SH,7.61,6.23
20260923,600844.SH,3.76,3.08
20260923,600845.SH,20.3,16.61
20260923,600846.SH,11.95,9.77
20260923,600847.SH,14.69,12.02
20260923,600848.SH,9.55,7.81
20260923,600850.SH,15.61,12.77
20260923,600851.SH,9.37,7.67
20260923,600853.SH,3.6,2.94
20260923,600854.SH,5.18,4.24
20260923,600855.SH,14.47,11.84
20260923,600857.SH,26.66,21.82
20260923,600858.SH,5.5,4.5
20260923,600859.SH,10.89,8.91
20260923,600860.SH,8.46,6.92
20260923,600861.SH,14.06,11.5
20260923,600862.SH,19.98,16.34
20260923,600863.SH,5.21,4.27
20260923,600864.SH,6.45,5.27
20260923,600865.SH,12.71,10.4
20260923,600866.SH,4.62,3.78
20260923,600867.SH,8.66,7.08
20260923,600868.SH,3.07,2.51
20260923,600869.SH,24.23,19.83
20260923,600871.SH,2.41,1.97
20260923,600872.SH,19.09,15.62
20260923,600873.SH,8.26,6.76
20260923,600874.SH,6.08,4.98
20260923,600875.SH,26.76,21.9
20260923,600876.SH,8.91,7.29
20260923,600877.SH,13.35,10.93
20260923,600879.SH,16.08,13.16
20260923,600880.SH,5.31,4.35
20260923,600881.SH,2.1,1.72
20260923,600882.SH,21.53,17.61
20260923,600883.SH,8.93,7.31
20260923,600884.SH,12.39,10.13
20260923,600885.SH,37.18,30.42
20260923,600886.SH,15.73,12.87
20260923,600887.SH,29.45,24.09
20260923,600888.SH,11.23,9.19
20260923,600889.SH,14.75,12.07
20260923,600892.SH,4.75,3.89
20260923,600893.SH,43.62,35.69
20260923,600894.SH,8.45,6.91
20260923,600895.SH,32.18,26.33
20260923,600897.SH,16.69,13.65
20260923,600900.SH,30.82,25.22
20260923,600901.SH,7.44,6.08
20260923,600903.SH,7.58,6.2
20260923,600905.SH,4.0,3.28
20260923,600906.SH,7.12,5.82
20260923,600908.SH,6.35,5.19
20260923,600909.SH,8.97,7.34
20260923,600916.SH,8.17,6.69
20260923,600917.SH,5.39,4.41
20260923,600918.SH,6.11,5.0
20260923,600919.SH,13.3,10.88
20260923,600925.SH,4.55,3.73
20260923,600926.SH,18.79,15.37
20260923,600927.SH,13.71,11.21
20260923,600928.SH,3.86,3.16
20260923,600929.SH,6.92,5.66
20260923,600930.SH,4.36,3.56
20260923,600933.SH,15.36,12.56
20260923,600935.SH,2.59,2.12
20260923,600936.SH,4.94,4.04
20260923,600938.SH,36.4,29.78
20260923,600939.SH,2.89,2.37
20260923,600941.SH,106.1,86.81
20260923,600955.SH,13.85,11.33
20260923,600956.SH,7.9,6.46
20260923,600958.SH,9.87,8.07
20260923,600959.SH,3.47,2.84
20260923,600960.SH,4.33,3.55
20260923,600961.SH,27.41,22.43
20260923,600962.SH,30.03,24.57
20260923,600963.SH,3.88,3.18
20260923,600965.SH,3.03,2.48
20260923,600966.SH,5.47,4.47
20260923,600967.SH,14.81,12.11
20260923,600968.SH,4.3,3.52
20260923,600969.SH,11.2,9.16
20260923,600970.SH,8.36,6.84
20260923,600971.SH,9.34,7.64
20260923,600973.SH,6.63,5.43
20260923,600975.SH,5.82,4.76
20260923,600976.SH,29.93,24.49
20260923,600977.SH,14.91,12.2
20260923,600979.SH,4.36,3.56
20260923,600980.SH,21.78,17.82
20260923,600981.SH,2.68,2.2
20260923,600982.SH,5.53,4.53
20260923,600983.SH,8.2,6.71
20260923,600984.SH,3.87,3.17
20260923,600985.SH,18.41,15.07
20260923,600986.SH,8.13,6.65
20260923,600987.SH,6.99,5.72
20260923,600988.SH,46.64,38.16
20260923,600989.SH,25.53,20.89
20260923,600990.SH,19.88,16.26
20260923,600992.SH,11.31,9.25
20260923,600993.SH,24.81,20.3
20260923,600995.SH,13.26,10.85
20260923,600996.SH,7.74,6.34
20260923,600997.SH,5.79,4.73
20260923,600998.SH,5.36,4.38
20260923,600999.SH,19.81,16.21
20260923,601000.SH,4.8,3.92
20260923,601001.SH,20.11,16.45
20260923,601002.SH,5.72,4.68
20260923,601003.SH,3.95,3.23
20260923,601005.SH,1.33,1.09
20260923,601006.SH,5.18,4.24
20260923,601007.SH,7.49,6.13
20260923,601008.SH,4.87,3.99
20260923,601009.SH,12.95,10.59
20260923,601010.SH,1.62,1.32
20260923,601011.SH,3.31,2.71
20260923,601012.SH,12.52,10.24
20260923,601015.SH,4.13,3.38
20260923,601016.SH,3.67,3.01
20260923,601018.SH,3.76,3.08
20260923,601019.SH,7.69,6.29
20260923,601020.SH,23.19,18.97
20260923,601021.SH,46.07,37.69
20260923,601022.SH,9.41,7.7
20260923,601026.SH,16.97,13.89
20260923,601033.SH,15.69,12.83
20260923,601038.SH,15.15,12.39
20260923,601058.SH,15.13,12.38
20260923,601059.SH,17.12,14.0
20260923,601061.SH,12.76,10.44
20260923,601065.SH,7.44,6.08
20260923,601066.SH,26.15,21.39
20260923,601068.SH,4.84,3.96
20260923,601069.SH,29.6,24.22
20260923,601077.SH,7.24,5.92
20260923,601083.SH,14.03,11.48
20260923,601086.SH,19.98,16.34
20260923,601088.SH,52.26,42.76
20260923,601089.SH,18.1,14.81
20260923,601091.SH,99999.999,0.01
20260923,601096.SH,4.55,3.73
20260923,601098.SH,11.63,9.51
20260923,601099.SH,3.93,3.21
20260923,601100.SH,101.63,83.15
20260923,601101.SH,14.94,12.22
20260923,601106.SH,3.29,2.69
20260923,601107.SH,6.58,5.38
20260923,601108.SH,9.46,7.74
20260923,601111.SH,6.52,5.34
20260923,601112.SH,18.46,15.1
20260923,601113.SH,3.84,3.14
20260923,601116.SH,11.47,9.39
20260923,601117.SH,7.95,6.51
20260923,601118.SH,7.19,5.89
20260923,601121.SH,7.94,6.5
20260923,601123.SH,20.46,16.74
20260923,601126.SH,44.21,36.17
20260923,601127.SH,52.56,43.0
20260923,601128.SH,6.88,5.63
20260923,601133.SH,27.42,22.44
20260923,601136.SH,15.98,13.08
20260923,601137.SH,22.39,18.32
20260923,601138.SH,69.63,56.97
20260923,601139.SH,6.91,5.65
20260923,601155.SH,14.21,11.63
20260923,601156.SH,19.94,16.32
20260923,601158.SH,4.4,3.6
20260923,601162.SH,4.09,3.35
20260923,601163.SH,13.74,11.24
20260923,601166.SH,19.68,16.1
20260923,601168.SH,40.45,33.09
20260923,601169.SH,6.07,4.97
20260923,601177.SH,15.06,12.32
20260923,601179.SH,13.39,10.95
20260923,601186.SH,6.64,5.44
20260923,601187.SH,7.73,6.33
20260923,601188.SH,3.16,2.58
20260923,601198.SH,14.37,11.75
20260923,601199.SH,7.35,6.01
20260923,601200.SH,7.54,6.17
20260923,601208.SH,57.41,46.97
20260923,601211.SH,19.48,15.94
20260923,601212.SH,6.7,5.48
20260923,601216.SH,5.01,4.1
20260923,601218.SH,5.79,4.73
20260923,601222.SH,6.56,5.36
20260923,601225.SH,28.63,23.43
20260923,601226.SH,7.43,6.08
20260923,601228.SH,3.37,2.75
20260923,601229.SH,10.48,8.58
20260923,601231.SH,29.58,24.2
20260923,601233.SH,26.31,21.53
20260923,601236.SH,7.77,6.35
20260923,601238.SH,5.6,4.58
20260923,601279.SH,3.84,3.14
20260923,601288.SH,7.57,6.19
20260923,601298.SH,10.75,8.79
20260923,601311.SH,8.18,6.7
20260923,601318.SH,59.91,49.01
20260923,601319.SH,8.99,7.35
20260923,601326.SH,3.83,3.13
20260923,601328.SH,8.31,6.8
20260923,601330.SH,9.01,7.37
20260923,601333.SH,3.32,2.72
20260923,601336.SH,64.55,52.81
20260923,601339.SH,7.88,6.44
20260923,601360.SH,10.1,8.26
20260923,601366.SH,4.0,3.28
20260923,601368.SH,4.95,4.05
20260923,601369.SH,9.89,8.09
20260923,601375.SH,4.44,3.64
20260923,601377.SH,6.57,5.37
20260923,601388.SH,3.58,2.93
20260923,601390.SH,4.74,3.88
20260923,601398.SH,8.93,7.31
20260923,601399.SH,3.48,2.84
20260923,601456.SH,9.56,7.82
20260923,601500.SH,4.28,3.5
20260923,601512.SH,9.34,7.64
20260923,601515.SH,3.62,2.96
20260923,601518.SH,3.05,2.49
20260923,601519.SH,9.98,8.16
20260923,601528.SH,5.46,4.46
20260923,601555.SH,9.17,7.51
20260923,601566.SH,10.23,8.37
20260923,601567.SH,16.06,13.14
20260923,601568.SH,4.03,3.29
20260923,601577.SH,10.67,8.73
20260923,601579.SH,41.21,33.71
20260923,601588.SH,1.97,1.61
20260923,601595.SH,27.1,22.18
20260923,601598.SH,7.08,5.8
20260923,601599.SH,3.61,2.95
20260923,601600.SH,10.2,8.34
20260923,601601.SH,35.37,28.94
20260923,601606.SH,36.41,29.79
20260923,601607.SH,17.64,14.44
20260923,601608.SH,5.14,4.2
20260923,601609.SH,14.58,11.93
20260923,601611.SH,11.46,9.38
20260923,601615.SH,10.66,8.72
20260923,601616.SH,4.25,3.47
20260923,601618.SH,2.82,2.3
20260923,601619.SH,4.44,3.64
20260923,601628.SH,42.56,34.82
20260923,601633.SH,15.54,12.72
20260923,601636.SH,6.25,5.11
20260923,601658.SH,5.86,4.8
20260923,601665.SH,7.5,6.14
20260923,601666.SH,9.99,8.17
20260923,601668.SH,4.73,3.87
20260923,601669.SH,5.07,4.15
20260923,601677.SH,18.77,15.35
20260923,601678.SH,6.66,5.45
20260923,601686.SH,5.56,4.55
20260923,601688.SH,20.32,16.62
20260923,601689.SH,50.28,41.14
20260923,601696.SH,12.53,10.25
20260923,601698.SH,26.4,21.6
20260923,601699.SH,17.33,14.18
20260923,601700.SH,7.43,6.08
20260923,601702.SH,17.17,14.05
20260923,601717.SH,15.02,12.29
20260923,601718.SH,2.18,1.78
20260923,601727.SH,7.35,6.01
20260923,601728.SH,6.73,5.51
20260923,601766.SH,6.58,5.38
20260923,601777.SH,8.56,7.0
20260923,601778.SH,3.88,3.18
20260923,601788.SH,15.47,12.65
20260923,601789.SH,4.69,3.83
20260923,601798.SH,8.35,6.83
20260923,601799.SH,78.5,64.22
20260923,601800.SH,6.45,5.27
20260923,601801.SH,6.41,5.25
20260923,601808.SH,13.45,11.01
20260923,601811.SH,18.5,15.14
20260923,601816.SH,5.21,4.27
20260923,601818.SH,3.31,2.71
20260923,601825.SH,9.77,7.99
20260923,601827.SH,8.62,7.06
20260923,601828.SH,2.43,1.99
20260923,601838.SH,20.89,17.09
20260923,601857.SH,11.87,9.71
20260923,601858.SH,23.83,19.49
20260923,601860.SH,2.82,2.3
20260923,601865.SH,10.3,8.42
20260923,601866.SH,2.7,2.21
20260923,601868.SH,2.67,2.19
20260923,601869.SH,502.26,410.94
20260923,601872.SH,23.63,19.33
20260923,601877.SH,27.93,22.85
20260923,601878.SH,10.05,8.23
20260923,601880.SH,1.61,1.31
20260923,601881.SH,13.4,10.96
20260923,601882.SH,25.74,21.06
20260923,601886.SH,14.73,12.05
20260923,601888.SH,57.5,47.04
20260923,601890.SH,10.7,8.76
20260923,601898.SH,15.65,12.81
20260923,601899.SH,34.55,28.27
20260923,601900.SH,13.95,11.41
20260923,601901.SH,7.59,6.21
20260923,601908.SH,3.27,2.67
20260923,601916.SH,3.17,2.59
20260923,601918.SH,12.05,9.86
20260923,601919.SH,18.22,14.9
20260923,601921.SH,8.46,6.92
20260923,601928.SH,9.32,7.62
20260923,601929.SH,2.79,2.29
20260923,601933.SH,3.37,2.75
20260923,601939.SH,12.01,9.83
20260923,601949.SH,7.28,5.96
20260923,601952.SH,10.51,8.6
20260923,601956.SH,5.41,4.43
20260923,601958.SH,23.09,18.89
20260923,601963.SH,12.02,9.84
20260923,601965.SH,14.29,11.69
20260923,601966.SH,11.54,9.44
20260923,601968.SH,4.91,4.01
20260923,601969.SH,10.29,8.42
20260923,601975.SH,5.04,4.12
20260923,601985.SH,9.75,7.97
20260923,601988.SH,7.32,5.99
20260923,601990.SH,7.41,6.07
20260923,601991.SH,6.13,5.01
20260923,601992.SH,1.55,1.27
20260923,601995.SH,34.98,28.62
20260923,601996.SH,3.3,2.7
20260923,601997.SH,6.09,4.99
20260923,601998.SH,9.94,8.14
20260923,601999.SH,7.91,6.47
20260923,603000.SH,19.13,15.65
20260923,603001.SH,12.78,10.46
20260923,603002.SH,21.78,17.82
20260923,603004.SH,20.96,17.15
20260923,603005.SH,33.35,27.29
20260923,603006.SH,11.97,9.79
20260923,603007.SH,5.18,4.24
20260923,603008.SH,11.21,9.17
20260923,603009.SH,53.38,43.68
20260923,603010.SH,13.75,11.25
20260923,603011.SH,29.77,24.35
20260923,603012.SH,10.11,8.27
20260923,603013.SH,15.82,12.94
20260923,603014.SH,34.63,28.33
20260923,603015.SH,11.68,9.56
20260923,603016.SH,35.08,28.7
20260923,603017.SH,11.04,9.04
20260923,603018.SH,5.76,4.72
20260923,603019.SH,93.14,76.2
20260923,603020.SH,15.21,12.45
20260923,603021.SH,6.0,4.91
20260923,603022.SH,9.82,8.04
20260923,603023.SH,4.55,3.73
20260923,603025.SH,14.81,12.11
20260923,603026.SH,65.76,53.8
20260923,603027.SH,8.09,6.62
20260923,603028.SH,7.84,6.42
20260923,603029.SH,18.59,15.21
20260923,603030.SH,2.3,1.88
20260923,603031.SH,45.75,37.43
20260923,603032.SH,20.31,16.61
20260923,603033.SH,8.72,7.14
20260923,603035.SH,11.39,9.32
20260923,603036.SH,15.22,12.46
20260923,603037.SH,11.04,9.04
20260923,603038.SH,19.33,15.81
20260923,603039.SH,43.67,35.73
20260923,603040.SH,51.66,42.26
20260923,603041.SH,12.56,10.28
20260923,603042.SH,19.47,15.93
20260923,603043.SH,14.39,11.77
20260923,603045.SH,55.36,45.3
20260923,603048.SH,28.27,23.13
20260923,603049.SH,49.62,40.6
20260923,603050.SH,19.01,15.55
20260923,603051.SH,27.78,22.73
20260923,603052.SH,65.15,53.31
20260923,603053.SH,9.61,7.87
20260923,603055.SH,10.22,8.36
20260923,603057.SH,20.52,16.79
20260923,603058.SH,9.93,8.13
20260923,603059.SH,28.19,23.07
20260923,603060.SH,6.01,4.91
20260923,603061.SH,378.73,309.87
20260923,603062.SH,42.68,34.92
20260923,603063.SH,33.21,27.17
20260923,603065.SH,16.43,13.45
20260923,603066.SH,10.3,8.42
20260923,603067.SH,39.86,32.62
20260923,603068.SH,52.99,43.35
20260923,603069.SH,15.33,12.55
20260923,603070.SH,12.72,10.4
20260923,603071.SH,13.7,11.21
20260923,603072.SH,34.17,27.95
20260923,603073.SH,19.1,15.62
20260923,603075.SH,21.93,17.95
20260923,603076.SH,22.43,18.35
20260923,603077.SH,2.51,2.05
20260923,603078.SH,35.76,29.26
20260923,603079.SH,14.8,12.11
20260923,603080.SH,21.99,17.99
20260923,603081.SH,10.43,8.53
20260923,603082.SH,56.76,46.44
20260923,603083.SH,240.9,197.1
20260923,603085.SH,10.79,8.83
20260923,603086.SH,6.5,5.32
20260923,603087.SH,77.76,63.62
20260923,603088.SH,11.48,9.4
20260923,603089.SH,10.62,8.69
20260923,603090.SH,43.65,35.71
20260923,603091.SH,52.95,43.33
20260923,603092.SH,48.05,39.31
20260923,603093.SH,15.14,12.38
20260923,603095.SH,16.08,13.16
20260923,603096.SH,17.73,14.51
20260923,603097.SH,20.28,16.6
20260923,603098.SH,11.86,9.7
20260923,603099.SH,43.97,35.97
20260923,603100.SH,20.19,16.52
20260923,603101.SH,8.26,6.76
20260923,603102.SH,40.99,33.53
20260923,603103.SH,18.15,14.85
20260923,603105.SH,9.38,7.68
20260923,603106.SH,8.47,6.93
20260923,603107.SH,13.41,10.97
20260923,603108.SH,11.19,9.15
20260923,603109.SH,19.04,15.58
20260923,603110.SH,27.94,22.86
20260923,603111.SH,6.73,5.51
20260923,603112.SH,19.4,15.88
20260923,603113.SH,5.48,4.48
20260923,603115.SH,92.59,75.75
20260923,603116.SH,7.37,6.03
20260923,603117.SH,4.37,3.57
20260923,603118.SH,20.02,16.38
20260923,603119.SH,61.91,50.65
20260923,603120.SH,67.76,55.44
20260923,603121.SH,13.9,11.38
20260923,603122.SH,15.29,12.51
20260923,603123.SH,11.2,9.16
20260923,603124.SH,145.0,118.64
20260923,603125.SH,26.16,21.4
20260923,603126.SH,7.03,5.75
20260923,603127.SH,50.73,41.51
20260923,603128.SH,5.86,4.8
20260923,603129.SH,337.0,275.72
20260923,603130.SH,42.19,34.52
20260923,603131.SH,15.36,12.56
20260923,603132.SH,20.65,16.89
20260923,603135.SH,9.71,7.95
20260923,603136.SH,10.25,8.39
20260923,603137.SH,22.77,18.63
20260923,603138.SH,16.95,13.87
20260923,603139.SH,40.19,32.89
20260923,603150.SH,80.81,66.11
20260923,603151.SH,19.91,16.29
20260923,603153.SH,14.7,12.02
20260923,603155.SH,16.82,13.76
20260923,603156.SH,49.36,40.38
20260923,603158.SH,11.94,9.77
20260923,603159.SH,24.84,20.32
20260923,603160.SH,61.6,50.4
20260923,603161.SH,16.83,13.77
20260923,603162.SH,15.57,12.74
20260923,603163.SH,91.55,74.91
20260923,603165.SH,14.97,12.25
20260923,603166.SH,12.17,9.95
20260923,603167.SH,8.91,7.29
20260923,603168.SH,6.53,5.35
20260923,603169.SH,6.74,5.52
20260923,603170.SH,13.29,10.87
20260923,603171.SH,45.98,37.62
20260923,603172.SH,21.85,17.87
20260923,603173.SH,32.68,26.74
20260923,603175.SH,124.39,101.77
20260923,603176.SH,5.82,4.76
20260923,603177.SH,12.53,10.25
20260923,603178.SH,17.84,14.6
20260923,603179.SH,44.39,36.32
20260923,603180.SH,17.38,14.22
20260923,603181.SH,13.98,11.44
20260923,603182.SH,14.99,12.27
20260923,603183.SH,5.56,4.55
20260923,603185.SH,15.8,12.92
20260923,603186.SH,249.15,203.85
20260923,603187.SH,11.9,9.74
20260923,603188.SH,5.07,4.15
20260923,603189.SH,10.91,8.93
20260923,603190.SH,18.08,14.8
20260923,603191.SH,14.96,12.24
20260923,603192.SH,23.13,18.93
20260923,603193.SH,22.72,18.59
20260923,603194.SH,37.35,30.56
20260923,603195.SH,41.79,34.19
20260923,603196.SH,21.0,17.18
20260923,603197.SH,32.0,26.18
20260923,603198.SH,42.79,35.01
20260923,603199.SH,36.3,29.7
20260923,603200.SH,43.36,35.48
20260923,603201.SH,17.26,14.12
20260923,603202.SH,57.5,47.04
20260923,603203.SH,51.69,42.29
20260923,603205.SH,24.01,19.65
20260923,603206.SH,15.49,12.67
20260923,603207.SH,27.89,22.82
20260923,603208.SH,12.46,10.2
20260923,603209.SH,16.13,13.19
20260923,603210.SH,14.91,12.2
20260923,603211.SH,22.03,18.03
20260923,603212.SH,13.13,10.75
20260923,603213.SH,15.08,12.34
20260923,603214.SH,14.93,12.21
20260923,603215.SH,16.76,13.72
20260923,603216.SH,25.03,20.48
20260923,603217.SH,31.28,25.6
20260923,603218.SH,10.26,8.4
20260923,603219.SH,14.17,11.59
20260923,603220.SH,20.64,16.88
20260923,603221.SH,36.91,30.2
20260923,603222.SH,8.94,7.32
20260923,603223.SH,11.07,9.05
20260923,603225.SH,19.53,15.98
20260923,603226.SH,36.2,29.62
20260923,603227.SH,8.31,6.8
20260923,603228.SH,116.73,95.51
20260923,603229.SH,8.92,7.3
20260923,603230.SH,17.94,14.68
20260923,603231.SH,18.95,15.51
20260923,603232.SH,17.84,14.6
20260923,603233.SH,19.53,15.98
20260923,603235.SH,27.71,22.67
20260923,603236.SH,83.77,68.54
20260923,603237.SH,16.79,13.73
20260923,603238.SH,13.66,11.18
20260923,603239.SH,15.36,12.56
20260923,603248.SH,26.27,21.49
20260923,603255.SH,37.06,30.32
20260923,603256.SH,175.14,143.3
20260923,603257.SH,75.9,62.1
20260923,603258.SH,16.25,13.29
20260923,603259.SH,184.64,151.07
20260923,603260.SH,36.06,29.5
20260923,603261.SH,59.79,48.92
20260923,603262.SH,19.95,16.33
20260923,603266.SH,20.04,16.4
20260923,603267.SH,56.6,46.31
20260923,603268.SH,240.9,197.1
20260923,603269.SH,29.61,24.23
20260923,603270.SH,40.57,33.19
20260923,603271.SH,44.42,36.34
20260923,603272.SH,18.37,15.03
20260923,603273.SH,16.2,13.26
20260923,603275.SH,40.46,33.1
20260923,603276.SH,19.98,16.34
20260923,603277.SH,12.55,10.27
20260923,603278.SH,9.97,8.15
20260923,603279.SH,12.3,10.06
20260923,603280.SH,28.53,23.35
20260923,603281.SH,20.79,17.01
20260923,603282.SH,18.7,15.3
20260923,603283.SH,50.44,41.27
20260923,603284.SH,45.49,37.22
20260923,603285.SH,42.13,34.47
20260923,603286.SH,47.97,39.25
20260923,603288.SH,37.72,30.86
20260923,603289.SH,12.16,9.95
20260923,603290.SH,95.85,78.43
20260923,603291.SH,9.85,8.06
20260923,603293.SH,41.05,33.59
20260923,603296.SH,87.92,71.94
20260923,603297.SH,126.92,103.84
20260923,603298.SH,25.8,21.11
20260923,603299.SH,9.63,7.88
20260923,603300.SH,5.15,4.21
20260923,603301.SH,87.99,71.99
20260923,603303.SH,32.45,26.55
20260923,603305.SH,12.4,10.14
20260923,603306.SH,91.8,75.11
20260923,603307.SH,28.17,23.05
20260923,603308.SH,45.13,36.93
20260923,603309.SH,12.17,9.95
20260923,603310.SH,16.32,13.36
20260923,603311.SH,28.42,23.26
20260923,603312.SH,35.15,28.76
20260923,603313.SH,7.65,6.26
20260923,603315.SH,12.08,9.88
20260923,603316.SH,20.04,16.4
20260923,603317.SH,14.14,11.57
20260923,603318.SH,10.31,8.43
20260923,603319.SH,34.94,28.58
20260923,603320.SH,20.5,16.78
20260923,603321.SH,8.07,6.61
20260923,603322.SH,36.03,29.48
20260923,603323.SH,4.84,3.96
20260923,603324.SH,29.36,24.02
20260923,603325.SH,58.0,47.46
20260923,603326.SH,8.42,6.89
20260923,603327.SH,9.35,7.65
20260923,603328.SH,15.2,12.44
20260923,603329.SH,11.19,9.15
20260923,603330.SH,11.08,9.06
20260923,603331.SH,14.2,11.62
20260923,603332.SH,13.1,10.72
20260923,603333.SH,10.38,8.5
20260923,603334.SH,35.56,29.1
20260923,603335.SH,6.92,5.66
20260923,603336.SH,11.97,9.79
20260923,603337.SH,41.22,33.72
20260923,603338.SH,58.91,48.2
20260923,603339.SH,14.21,11.63
20260923,603341.SH,43.23,35.37
20260923,603344.SH,26.24,21.47
20260923,603345.SH,87.63,71.69
20260923,603348.SH,15.83,12.95
20260923,603350.SH,31.03,25.39
20260923,603351.SH,30.8,25.2
20260923,603352.SH,28.3,23.16
20260923,603353.SH,54.44,44.54
20260923,603355.SH,35.68,29.2
20260923,603356.SH,18.8,15.38
20260923,603357.SH,6.55,5.36
20260923,603358.SH,50.93,41.67
20260923,603359.SH,2.48,2.03
20260923,603360.SH,14.29,11.69
20260923,603363.SH,3.22,2.64
20260923,603365.SH,17.81,14.57
20260923,603366.SH,8.14,6.66
20260923,603367.SH,16.06,13.14
20260923,603368.SH,17.0,13.91
20260923,603369.SH,31.19,25.52
20260923,603370.SH,30.38,24.86
20260923,603373.SH,47.96,39.24
20260923,603375.SH,53.26,43.58
20260923,603376.SH,30.15,24.67
20260923,603377.SH,3.56,2.92
20260923,603378.SH,5.84,4.78
20260923,603379.SH,56.94,46.58
20260923,603380.SH,38.89,31.82
20260923,603381.SH,16.49,13.49
20260923,603382.SH,20.83,17.05
20260923,603383.SH,30.45,24.91
20260923,603385.SH,6.23,5.09
20260923,603386.SH,20.85,17.06
20260923,603387.SH,11.1,9.08
20260923,603389.SH,49.51,40.51
20260923,603390.SH,11.99,9.81
20260923,603391.SH,74.22,60.72
20260923,603392.SH,28.84,23.6
20260923,603393.SH,28.14,23.02
20260923,603395.SH,30.34,24.82
20260923,603396.SH,32.4,26.51
20260923,603398.SH,9.53,7.79
20260923,603399.SH,15.39,12.59
20260923,603400.SH,60.14,49.2
20260923,603402.SH,68.86,56.34
20260923,603406.SH,31.33,25.63
20260923,603407.SH,66.84,54.68
20260923,603408.SH,12.95,10.59
20260923,603409.SH,19.7,16.12
20260923,603416.SH,51.57,42.19
20260923,603418.SH,49.27,40.31
20260923,603421.SH,7.49,6.13
20260923,603429.SH,9.57,7.83
20260923,603435.SH,54.18,44.33
20260923,603439.SH,15.91,13.01
20260923,603444.SH,385.44,315.36
20260923,603448.SH,67.76,55.44
20260923,603456.SH,17.82,14.58
20260923,603458.SH,12.12,9.92
20260923,603459.SH,98.78,80.82
20260923,603466.SH,14.45,11.83
20260923,603468.SH,24.77,20.27
20260923,603477.SH,16.07,13.15
20260923,603486.SH,56.03,45.85
20260923,603488.SH,8.91,7.29
20260923,603489.SH,32.36,26.48
20260923,603496.SH,25.55,20.91
20260923,603499.SH,14.78,12.1
20260923,603500.SH,10.4,8.51
20260923,603501.SH,91.17,74.59
20260923,603505.SH,16.96,13.88
20260923,603506.SH,13.42,10.98
20260923,603507.SH,29.47,24.11
20260923,603508.SH,23.1,18.9
20260923,603511.SH,13.54,11.08
20260923,603515.SH,16.29,13.33
20260923,603516.SH,94.12,77.0
20260923,603517.SH,12.79,10.47
20260923,603518.SH,8.57,7.01
20260923,603519.SH,17.92,14.66
20260923,603520.SH,9.53,7.79
20260923,603527.SH,11.0,9.0
20260923,603528.SH,7.25,5.93
20260923,603529.SH,23.61,19.31
20260923,603530.SH,51.39,42.05
20260923,603533.SH,26.07,21.33
20260923,603535.SH,6.92,5.66
20260923,603536.SH,11.01,9.01
20260923,603538.SH,31.7,25.94
20260923,603551.SH,10.27,8.41
20260923,603556.SH,25.71,21.03
20260923,603557.SH,3.69,3.02
20260923,603558.SH,14.07,11.51
20260923,603559.SH,10.73,8.78
20260923,603565.SH,12.96,10.6
20260923,603566.SH,11.35,9.29
20260923,603567.SH,6.06,4.96
20260923,603568.SH,14.97,12.25
20260923,603569.SH,6.39,5.23
20260923,603577.SH,10.6,8.68
20260923,603578.SH,15.47,12.65
20260923,603579.SH,20.02,16.38
20260923,603580.SH,86.55,70.81
20260923,603583.SH,30.93,25.31
20260923,603585.SH,11.54,9.44
20260923,603586.SH,15.11,12.37
20260923,603587.SH,13.42,10.98
20260923,603588.SH,18.55,15.17
20260923,603589.SH,19.77,16.17
20260923,603590.SH,32.96,26.96
20260923,603595.SH,36.73,30.05
20260923,603596.SH,32.07,26.24
20260923,603598.SH,20.86,17.06
20260923,603599.SH,11.75,9.61
20260923,603600.SH,11.3,9.24
20260923,603601.SH,11.5,9.41
20260923,603602.SH,12.83,10.49
20260923,603605.SH,62.13,50.83
20260923,603606.SH,39.52,32.34
20260923,603607.SH,26.43,21.63
20260923,603608.SH,23.71,19.4
20260923,603609.SH,7.05,5.77
20260923,603610.SH,15.3,12.52
20260923,603611.SH,17.41,14.25
20260923,603612.SH,18.32,14.99
20260923,603613.SH,23.11,18.91
20260923,603615.SH,21.01,17.19
20260923,603616.SH,6.17,5.05
20260923,603617.SH,7.5,6.14
20260923,603618.SH,42.67,34.91
20260923,603619.SH,24.44,20.0
20260923,603626.SH,25.22,20.64
20260923,603628.SH,11.36,9.3
20260923,603629.SH,127.56,104.36
20260923,603630.SH,15.36,12.56
20260923,603633.SH,7.13,5.83
20260923,603636.SH,8.81,7.21
20260923,603637.SH,16.01,13.1
20260923,603638.SH,20.23,16.55
20260923,603639.SH,11.51,9.41
20260923,603648.SH,10.54,8.62
20260923,603650.SH,75.91,62.11
20260923,603655.SH,38.06,31.14
20260923,603656.SH,19.12,15.64
20260923,603657.SH,41.03,33.57
20260923,603658.SH,38.47,31.47
20260923,603659.SH,24.43,19.99
20260923,603660.SH,10.87,8.89
20260923,603661.SH,37.48,30.66
20260923,603662.SH,54.8,44.84
20260923,603663.SH,52.98,43.34
20260923,603665.SH,23.84,19.5
20260923,603666.SH,30.14,24.66
20260923,603667.SH,55.03,45.03
20260923,603668.SH,13.89,11.37
20260923,603669.SH,6.61,5.41
20260923,603676.SH,9.94,8.14
20260923,603677.SH,15.88,13.0
20260923,603678.SH,54.46,44.56
20260923,603679.SH,28.72,23.5
20260923,603680.SH,11.56,9.46
20260923,603681.SH,21.21,17.35
20260923,603682.SH,11.0,9.0
20260923,603683.SH,18.04,14.76
20260923,603685.SH,29.44,24.08
20260923,603686.SH,16.26,13.3
20260923,603687.SH,17.01,13.91
20260923,603688.SH,54.24,44.38
20260923,603689.SH,8.46,6.92
20260923,603690.SH,26.43,21.63
20260923,603693.SH,13.32,10.9
20260923,603696.SH,16.02,13.1
20260923,603697.SH,10.05,8.23
20260923,603698.SH,23.82,19.49
20260923,603699.SH,49.06,40.14
20260923,603700.SH,12.9,10.56
20260923,603701.SH,21.63,17.69
20260923,603703.SH,11.65,9.53
20260923,603706.SH,18.93,15.49
20260923,603707.SH,8.73,7.15
20260923,603708.SH,9.93,8.13
20260923,603709.SH,13.86,11.34
20260923,603711.SH,13.27,10.85
20260923,603712.SH,13.0,10.64
20260923,603713.SH,74.37,60.85
20260923,603716.SH,19.33,15.81
20260923,603717.SH,6.53,5.35
20260923,603718.SH,3.4,2.78
20260923,603719.SH,10.13,8.29
20260923,603721.SH,20.86,17.06
20260923,603722.SH,32.76,26.8
20260923,603725.SH,13.01,10.65
20260923,603726.SH,26.54,21.72
20260923,603727.SH,20.48,16.76
20260923,603728.SH,55.61,45.5
20260923,603729.SH,13.98,11.44
20260923,603730.SH,10.63,8.69
20260923,603733.SH,20.93,17.13
20260923,603737.SH,24.01,19.65
20260923,603738.SH,41.65,34.07
20260923,603739.SH,14.52,11.88
20260923,603755.SH,26.82,21.94
20260923,603757.SH,75.57,61.83
20260923,603758.SH,12.13,9.93
20260923,603759.SH,8.6,7.04
20260923,603766.SH,15.83,12.95
20260923,603767.SH,14.86,12.16
20260923,603768.SH,12.78,10.46
20260923,603773.SH,102.5,83.86
20260923,603776.SH,22.7,18.58
20260923,603777.SH,15.61,12.77
20260923,603778.SH,10.34,8.46
20260923,603779.SH,9.16,7.5
20260923,603786.SH,41.55,33.99
20260923,603787.SH,11.36,9.3
20260923,603788.SH,15.18,12.42
20260923,603789.SH,6.67,5.45
20260923,603790.SH,27.42,22.44
20260923,603797.SH,5.45,4.46
20260923,603798.SH,14.83,12.13
20260923,603799.SH,40.33,32.99
20260923,603800.SH,64.43,52.71
20260923,603801.SH,6.83,5.59
20260923,603803.SH,12.87,10.53
20260923,603806.SH,15.82,12.94
20260923,603808.SH,9.6,7.86
20260923,603809.SH,9.49,7.77
20260923,603810.SH,13.2,10.8
20260923,603811.SH,7.71,6.31
20260923,603813.SH,29.83,24.41
20260923,603815.SH,5.76,4.72
20260923,603816.SH,24.65,20.17
20260923,603817.SH,6.47,5.29
20260923,603818.SH,4.38,3.58
20260923,603819.SH,18.24,14.92
20260923,603822.SH,70.68,57.83
20260923,603823.SH,61.69,50.47
20260923,603825.SH,8.66,7.08
20260923,603826.SH,18.0,14.72
20260923,603828.SH,6.72,5.5
20260923,603829.SH,17.5,14.32
20260923,603833.SH,32.52,26.6
20260923,603836.SH,10.63,8.69
20260923,603838.SH,15.25,12.47
20260923,603839.SH,7.73,6.33
20260923,603843.SH,7.06,5.78
20260923,603848.SH,14.87,12.17
20260923,603855.SH,18.48,15.12
20260923,603856.SH,12.83,10.49
20260923,603858.SH,16.25,13.29
20260923,603859.SH,44.44,36.36
20260923,603860.SH,28.5,23.32
20260923,603861.SH,12.3,10.06
20260923,603863.SH,14.04,11.48
20260923,603866.SH,4.62,3.78
20260923,603867.SH,36.86,30.16
20260923,603868.SH,34.78,28.46
20260923,603869.SH,9.44,7.72
20260923,603871.SH,13.38,10.94
20260923,603876.SH,20.31,16.61
20260923,603877.SH,13.11,10.73
20260923,603878.SH,5.42,4.44
20260923,603879.SH,5.43,4.45
20260923,603880.SH,10.21,8.35
20260923,603881.SH,27.65,22.63
20260923,603882.SH,31.97,26.15
20260923,603883.SH,14.23,11.65
20260923,603885.SH,11.11,9.09
20260923,603886.SH,13.97,11.43
20260923,603887.SH,9.94,8.14
20260923,603888.SH,20.3,16.61
20260923,603889.SH,6.67,5.45
20260923,603890.SH,19.13,15.65
20260923,603893.SH,239.58,196.02
20260923,603895.SH,28.85,23.61
20260923,603896.SH,16.35,13.37
20260923,603897.SH,33.86,27.7
20260923,603898.SH,12.41,10.15
20260923,603899.SH,24.31,19.89
20260923,603900.SH,7.45,6.09
20260923,603901.SH,10.25,8.39
20260923,603903.SH,16.8,13.74
20260923,603906.SH,20.0,16.36
20260923,603908.SH,21.49,17.59
20260923,603909.SH,10.81,8.85
20260923,603912.SH,9.69,7.93
20260923,603915.SH,14.59,11.93
20260923,603916.SH,11.87,9.71
20260923,603917.SH,15.8,12.92
20260923,603918.SH,12.09,9.89
20260923,603919.SH,18.38,15.04
20260923,603920.SH,50.77,41.54
20260923,603922.SH,13.93,11.39
20260923,603926.SH,19.24,15.74
20260923,603927.SH,15.38,12.58
20260923,603928.SH,13.26,10.85
20260923,603929.SH,175.86,143.88
20260923,603931.SH,39.5,32.32
20260923,603933.SH,21.45,17.55
20260923,603936.SH,24.88,20.36
20260923,603937.SH,12.97,10.61
20260923,603938.SH,54.18,44.33
20260923,603939.SH,24.42,19.98
20260923,603948.SH,21.62,17.69
20260923,603949.SH,15.36,12.56
20260923,603950.SH,65.03,53.21
20260923,603955.SH,27.34,22.37
20260923,603956.SH,7.99,6.53
20260923,603958.SH,20.38,16.68
20260923,603959.SH,4.92,4.02
20260923,603960.SH,21.43,17.53
20260923,603966.SH,8.31,6.8
20260923,603967.SH,12.84,10.5
20260923,603968.SH,12.11,9.91
20260923,603969.SH,8.24,6.74
20260923,603970.SH,12.27,10.04
20260923,603976.SH,35.27,28.85
20260923,603977.SH,12.57,10.29
20260923,603978.SH,28.82,23.58
20260923,603979.SH,82.37,67.39
20260923,603980.SH,9.85,8.06
20260923,603982.SH,6.92,5.66
20260923,603983.SH,35.24,28.84
20260923,603985.SH,18.87,15.44
20260923,603986.SH,442.31,361.89
20260923,603987.SH,8.38,6.86
20260923,603988.SH,20.0,16.36
20260923,603989.SH,37.57,30.74
20260923,603990.SH,21.9,17.92
20260923,603991.SH,185.57,151.83
20260923,603992.SH,22.45,18.37
20260923,603993.SH,19.59,16.03
20260923,603995.SH,28.55,23.36
20260923,603997.SH,15.52,12.7
20260923,603998.SH,11.57,9.47
20260923,603999.SH,7.5,6.14
20260923,605001.SH,6.39,5.23
20260923,605003.SH,27.19,22.25
20260923,605005.SH,17.99,14.72
20260923,605006.SH,19.21,15.71
20260923,605007.SH,16.73,13.69
20260923,605008.SH,15.69,12.83
20260923,605009.SH,27.29,22.33
20260923,605011.SH,20.15,16.49
20260923,605016.SH,22.58,18.48
20260923,605018.SH,13.15,10.76
20260923,605020.SH,34.39,28.13
20260923,605028.SH,25.8,21.11
20260923,605033.SH,21.96,17.96
20260923,605050.SH,11.22,9.18
20260923,605055.SH,9.91,8.11
20260923,605056.SH,15.72,12.86
20260923,605058.SH,58.6,47.94
20260923,605060.SH,43.86,35.88
20260923,605066.SH,7.51,6.15
20260923,605068.SH,22.77,18.63
20260923,605069.SH,13.37,10.94
20260923,605077.SH,12.95,10.59
20260923,605080.SH,25.1,20.54
20260923,605086.SH,26.02,21.29
20260923,605088.SH,27.07,22.15
20260923,605089.SH,23.23,19.01
20260923,605090.SH,35.74,29.24
20260923,605098.SH,58.56,47.92
20260923,605099.SH,32.2,26.34
20260923,605100.SH,37.72,30.86
20260923,605108.SH,13.48,11.03
20260923,605111.SH,66.5,54.41
20260923,605116.SH,22.09,18.07
20260923,605117.SH,90.62,74.14
20260923,605118.SH,37.55,30.73
20260923,605122.SH,13.13,10.75
20260923,605123.SH,88.83,72.68
20260923,605128.SH,25.18,20.6
20260923,605133.SH,27.04,22.12
20260923,605136.SH,9.48,7.76
20260923,605138.SH,6.77,5.54
20260923,605151.SH,20.27,16.59
20260923,605155.SH,16.1,13.18
20260923,605158.SH,8.54,6.98
20260923,605162.SH,13.0,10.64
20260923,605166.SH,9.58,7.84
20260923,605167.SH,18.08,14.8
20260923,605168.SH,61.8,50.56
20260923,605169.SH,14.3,11.7
20260923,605177.SH,27.17,22.23
20260923,605178.SH,82.27,67.31
20260923,605179.SH,33.04,27.04
20260923,605180.SH,15.32,12.54
20260923,605183.SH,17.89,14.63
20260923,605186.SH,29.82,24.4
20260923,605188.SH,14.6,11.94
20260923,605189.SH,15.46,12.65
20260923,605196.SH,39.06,31.96
20260923,605198.SH,77.76,63.62
20260923,605199.SH,6.4,5.24
20260923,605208.SH,16.38,13.4
20260923,605218.SH,17.53,14.35
20260923,605222.SH,24.95,20.41
20260923,605228.SH,12.23,10.01
20260923,605255.SH,67.72,55.4
20260923,605258.SH,46.38,37.94
20260923,605259.SH,19.28,15.78
20260923,605266.SH,17.34,14.18
20260923,605268.SH,10.86,8.88
20260923,605277.SH,19.4,15.88
20260923,605286.SH,28.18,23.06
20260923,605287.SH,40.12,32.82
20260923,605288.SH,75.08,61.43
20260923,605289.SH,112.84,92.32
20260923,605296.SH,37.54,30.72
20260923,605298.SH,48.27,39.49
20260923,605299.SH,13.88,11.36
20260923,605300.SH,11.64,9.52
20260923,605303.SH,26.05,21.31
20260923,605305.SH,34.02,27.84
20260923,605318.SH,86.08,70.43
20260923,605319.SH,25.96,21.24
20260923,605333.SH,18.26,14.94
20260923,605336.SH,12.93,10.58
20260923,605337.SH,10.04,8.22
20260923,605338.SH,19.72,16.14
20260923,605339.SH,14.51,11.87
20260923,605358.SH,51.59,42.21
20260923,605365.SH,16.1,13.18
20260923,605366.SH,9.48,7.76
20260923,605368.SH,7.36,6.02
20260923,605369.SH,19.43,15.89
20260923,605376.SH,155.46,127.2
20260923,605377.SH,9.01,7.37
20260923,605378.SH,16.72,13.68
20260923,605388.SH,6.9,5.64
20260923,605389.SH,73.44,60.08
20260923,605398.SH,25.99,21.27
20260923,605399.SH,12.57,10.29
20260923,605488.SH,33.0,27.0
20260923,605499.SH,127.0,103.91
20260923,605500.SH,8.2,6.71
20260923,605507.SH,20.09,16.43
20260923,605555.SH,14.14,11.57
20260923,605566.SH,34.83,28.49
20260923,605567.SH,10.37,8.49
20260923,605577.SH,19.46,15.92
20260923,605580.SH,24.92,20.39
20260923,605588.SH,51.93,42.49
20260923,605589.SH,44.64,36.52
20260923,605598.SH,27.54,22.54
20260923,605599.SH,15.4,12.6
20260923,688001.SH,88.03,58.69
20260923,688002.SH,224.16,149.44
20260923,688003.SH,98.22,65.48
20260923,688004.SH,41.69,27.79
20260923,688005.SH,28.67,19.11
20260923,688006.SH,25.22,16.82
20260923,688007.SH,13.46,8.98
20260923,688008.SH,266.2,177.46
20260923,688009.SH,5.62,3.74
20260923,688010.SH,33.68,22.46
20260923,688011.SH,91.21,60.81
20260923,688012.SH,420.07,280.05
20260923,688013.SH,29.64,19.76
20260923,688015.SH,20.1,13.4
20260923,688016.SH,102.7,68.46
20260923,688017.SH,346.69,231.13
20260923,688018.SH,148.32,98.88
20260923,688019.SH,279.46,186.3
20260923,688020.SH,187.56,125.04
20260923,688021.SH,24.02,16.02
20260923,688022.SH,10.68,7.12
20260923,688023.SH,58.67,39.11
20260923,688025.SH,528.13,352.09
20260923,688026.SH,32.44,21.62
20260923,688027.SH,427.06,284.7
20260923,688028.SH,149.06,99.38
20260923,688029.SH,102.28,68.18
20260923,688030.SH,23.33,15.55
20260923,688031.SH,133.57,89.05
20260923,688032.SH,83.9,55.94
20260923,688033.SH,8.75,5.83
20260923,688035.SH,99.14,66.1
20260923,688036.SH,68.16,45.44
20260923,688037.SH,433.8,289.2
20260923,688038.SH,23.68,15.78
20260923,688039.SH,40.94,27.3
20260923,688041.SH,307.2,204.8
20260923,688045.SH,72.28,48.18
20260923,688046.SH,45.28,30.18
20260923,688047.SH,128.52,85.68
20260923,688048.SH,422.27,281.51
20260923,688049.SH,53.98,35.98
20260923,688050.SH,46.74,31.16
20260923,688051.SH,31.49,20.99
20260923,688052.SH,306.6,204.4
20260923,688053.SH,48.06,32.04
20260923,688055.SH,4.54,3.02
20260923,688056.SH,52.92,35.28
20260923,688057.SH,21.9,14.6
20260923,688058.SH,31.16,20.78
20260923,688059.SH,108.18,72.12
20260923,688060.SH,45.84,30.56
20260923,688061.SH,54.54,36.36
20260923,688062.SH,33.84,22.56
20260923,688063.SH,50.0,33.34
20260923,688065.SH,46.32,30.88
20260923,688066.SH,10.2,6.8
20260923,688067.SH,28.44,18.96
20260923,688068.SH,115.98,77.32
20260923,688069.SH,46.68,31.12
20260923,688070.SH,43.03,28.69
20260923,688071.SH,43.25,28.83
20260923,688072.SH,866.95,577.97
20260923,688073.SH,91.32,60.88
20260923,688075.SH,36.14,24.1
20260923,688076.SH,34.25,22.83
20260923,688077.SH,36.48,24.32
20260923,688078.SH,37.44,24.96
20260923,688079.SH,20.5,13.66
20260923,688080.SH,46.54,31.02
20260923,688081.SH,31.98,21.32
20260923,688082.SH,346.33,230.89
20260923,688083.SH,63.05,42.03
20260923,688084.SH,53.76,35.84
20260923,688085.SH,15.77,10.51
20260923,688087.SH,41.14,27.42
20260923,688088.SH,36.47,24.31
20260923,688089.SH,10.38,6.92
20260923,688090.SH,103.51,69.01
20260923,688091.SH,49.69,33.13
20260923,688092.SH,26.24,17.5
20260923,688093.SH,27.85,18.57
20260923,688095.SH,71.58,47.72
20260923,688096.SH,9.1,6.06
20260923,688097.SH,54.9,36.6
20260923,688098.SH,10.58,7.06
20260923,688099.SH,113.58,75.72
20260923,688100.SH,30.16,20.1
20260923,688101.SH,17.56,11.7
20260923,688102.SH,38.57,25.71
20260923,688103.SH,99.19,66.13
20260923,688105.SH,31.74,21.16
20260923,688106.SH,32.57,21.71
20260923,688107.SH,36.73,24.49
20260923,688108.SH,19.3,12.86
20260923,688109.SH,88.08,58.72
20260923,688110.SH,148.14,98.76
20260923,688111.SH,277.58,185.06
20260923,688112.SH,126.01,84.01
20260923,688113.SH,43.68,29.12
20260923,688114.SH,88.8,59.2
20260923,688115.SH,75.55,50.37
20260923,688116.SH,40.66,27.1
20260923,688117.SH,23.99,15.99
20260923,688118.SH,24.49,16.33
20260923,688119.SH,4.64,3.1
20260923,688120.SH,305.94,203.96
20260923,688121.SH,1.58,1.06
20260923,688122.SH,61.13,40.75
20260923,688123.SH,205.44,136.96
20260923,688125.SH,153.25,102.17
20260923,688126.SH,29.69,19.79
20260923,688127.SH,81.74,54.5
20260923,688128.SH,26.54,17.7
20260923,688129.SH,29.51,19.67
20260923,688130.SH,32.88,21.92
20260923,688131.SH,120.58,80.38
20260923,688132.SH,19.63,13.09
20260923,688133.SH,26.42,17.62
20260923,688135.SH,46.2,30.8
20260923,688136.SH,30.24,20.16
20260923,688137.SH,149.4,99.6
20260923,688138.SH,47.4,31.6
20260923,688139.SH,41.75,27.83
20260923,688141.SH,139.75,93.17
20260923,688143.SH,236.42,157.62
20260923,688146.SH,257.53,171.69
20260923,688147.SH,138.6,92.4
20260923,688148.SH,7.25,4.83
20260923,688150.SH,53.51,35.67
20260923,688151.SH,20.66,13.78
20260923,688152.SH,44.78,29.86
20260923,688153.SH,31.94,21.3
20260923,688155.SH,63.96,42.64
20260923,688156.SH,28.4,18.94
20260923,688157.SH,23.69,15.79
20260923,688158.SH,37.0,24.66
20260923,688159.SH,45.12,30.08
20260923,688160.SH,116.64,77.76
20260923,688161.SH,26.38,17.58
20260923,688162.SH,30.04,20.02
20260923,688163.SH,46.44,30.96
20260923,688165.SH,18.13,12.09
20260923,688166.SH,44.17,29.45
20260923,688167.SH,354.89,236.59
20260923,688168.SH,54.66,36.44
20260923,688169.SH,141.0,94.0
20260923,688170.SH,81.19,54.13
20260923,688171.SH,27.18,18.12
20260923,688172.SH,56.38,37.58
20260923,688173.SH,16.02,10.68
20260923,688175.SH,27.89,18.59
20260923,688176.SH,17.9,11.94
20260923,688177.SH,25.32,16.88
20260923,688178.SH,35.62,23.74
20260923,688179.SH,27.72,18.48
20260923,688180.SH,42.52,28.34
20260923,688181.SH,53.12,35.42
20260923,688182.SH,35.03,23.35
20260923,688183.SH,141.83,94.55
20260923,688184.SH,12.96,8.64
20260923,688185.SH,95.69,63.79
20260923,688186.SH,17.11,11.41
20260923,688187.SH,55.25,36.83
20260923,688188.SH,116.56,77.7
20260923,688189.SH,7.94,5.3
20260923,688190.SH,88.27,58.85
20260923,688191.SH,27.78,18.52
20260923,688192.SH,73.63,49.09
20260923,688193.SH,58.06,38.7
20260923,688195.SH,233.71,155.81
20260923,688196.SH,42.84,28.56
20260923,688197.SH,46.9,31.26
20260923,688198.SH,87.44,58.3
20260923,688199.SH,30.28,20.18
20260923,688200.SH,467.51,311.67
20260923,688201.SH,9.48,6.32
20260923,688202.SH,131.83,87.89
20260923,688203.SH,25.06,16.7
20260923,688205.SH,269.05,179.37
20260923,688206.SH,45.66,30.44
20260923,688207.SH,24.44,16.3
20260923,688208.SH,31.36,20.9
20260923,688209.SH,43.28,28.86
20260923,688210.SH,36.49,24.33
20260923,688211.SH,39.05,26.03
20260923,688212.SH,34.67,23.11
20260923,688213.SH,116.33,77.55
20260923,688215.SH,57.44,38.3
20260923,688216.SH,49.06,32.7
20260923,688217.SH,30.46,20.3
20260923,688218.SH,49.24,32.82
20260923,688219.SH,12.41,8.27
20260923,688220.SH,121.72,81.14
20260923,688221.SH,20.96,13.98
20260923,688222.SH,53.28,35.52
20260923,688223.SH,4.66,3.1
20260923,688225.SH,17.72,11.82
20260923,688226.SH,35.5,23.66
20260923,688227.SH,93.5,62.34
20260923,688228.SH,102.32,68.22
20260923,688229.SH,76.01,50.67
20260923,688230.SH,74.39,49.59
20260923,688231.SH,41.72,27.82
20260923,688232.SH,21.42,14.28
20260923,688233.SH,122.4,81.6
20260923,688234.SH,131.28,87.52
20260923,688235.SH,322.39,214.93
20260923,688236.SH,16.98,11.32
20260923,688237.SH,71.47,47.65
20260923,688238.SH,9.41,6.27
20260923,688239.SH,68.98,45.98
20260923,688244.SH,20.89,13.93
20260923,688246.SH,21.76,14.5
20260923,688247.SH,12.01,8.01
20260923,688248.SH,60.66,40.44
20260923,688249.SH,43.93,29.29
20260923,688251.SH,22.93,15.29
20260923,688252.SH,25.99,17.33
20260923,688253.SH,69.2,46.14
20260923,688255.SH,31.99,21.33
20260923,688256.SH,1345.2,896.8
20260923,688257.SH,70.1,46.74
20260923,688258.SH,113.2,75.46
20260923,688259.SH,38.86,25.9
20260923,688260.SH,140.4,93.6
20260923,688261.SH,94.49,62.99
20260923,688262.SH,34.32,22.88
20260923,688265.SH,62.4,41.6
20260923,688266.SH,142.3,94.86
20260923,688267.SH,27.12,18.08
20260923,688268.SH,161.62,107.74
20260923,688269.SH,33.29,22.19
20260923,688270.SH,68.98,45.98
20260923,688271.SH,122.83,81.89
20260923,688272.SH,35.35,23.57
20260923,688273.SH,36.49,24.33
20260923,688275.SH,83.76,55.84
20260923,688276.SH,21.89,14.59
20260923,688277.SH,18.96,12.64
20260923,688278.SH,62.57,41.71
20260923,688279.SH,259.14,172.76
20260923,688280.SH,6.0,4.0
20260923,688281.SH,62.16,41.44
20260923,688282.SH,64.34,42.9
20260923,688283.SH,36.47,24.31
20260923,688285.SH,9.22,6.14
20260923,688286.SH,59.68,39.78
20260923,688288.SH,23.58,15.72
20260923,688289.SH,19.96,13.3
20260923,688290.SH,76.0,50.66
20260923,688291.SH,49.5,33.0
20260923,688292.SH,26.84,17.9
20260923,688293.SH,90.52,60.34
20260923,688295.SH,45.43,30.29
20260923,688296.SH,33.43,22.29
20260923,688297.SH,52.44,34.96
20260923,688298.SH,22.79,15.19
20260923,688299.SH,16.57,11.05
20260923,688300.SH,212.65,141.77
20260923,688301.SH,115.52,77.02
20260923,688302.SH,40.32,26.88
20260923,688303.SH,19.75,13.17
20260923,688305.SH,69.19,46.13
20260923,688306.SH,11.83,7.89
20260923,688307.SH,58.04,38.7
20260923,688308.SH,105.05,70.03
20260923,688309.SH,93.61,62.41
20260923,688310.SH,19.06,12.7
20260923,688311.SH,29.46,19.64
20260923,688312.SH,67.24,44.82
20260923,688313.SH,197.76,131.84
20260923,688314.SH,37.98,25.32
20260923,688315.SH,22.82,15.22
20260923,688316.SH,56.76,37.84
20260923,688317.SH,21.97,14.65
20260923,688318.SH,98.58,65.72
20260923,688319.SH,36.02,24.02
20260923,688320.SH,43.92,29.28
20260923,688321.SH,31.57,21.05
20260923,688322.SH,108.59,72.39
20260923,688323.SH,31.63,21.09
20260923,688325.SH,128.28,85.52
20260923,688326.SH,71.34,47.56
20260923,688327.SH,12.28,8.18
20260923,688328.SH,100.27,66.85
20260923,688329.SH,27.94,18.62
20260923,688330.SH,45.7,30.46
20260923,688331.SH,150.13,100.09
20260923,688332.SH,116.84,77.9
20260923,688333.SH,126.24,84.16
20260923,688334.SH,21.66,14.44
20260923,688335.SH,21.94,14.62
20260923,688336.SH,49.98,33.32
20260923,688337.SH,57.18,38.12
20260923,688338.SH,38.64,25.76
20260923,688339.SH,22.69,15.13
20260923,688343.SH,79.8,53.2
20260923,688345.SH,58.3,38.86
20260923,688347.SH,277.26,184.84
20260923,688348.SH,36.65,24.43
20260923,688349.SH,15.73,10.49
20260923,688350.SH,34.62,23.08
20260923,688351.SH,21.28,14.18
20260923,688352.SH,23.86,15.9
20260923,688353.SH,99.44,66.3
20260923,688355.SH,20.47,13.65
20260923,688356.SH,119.28,79.52
20260923,688357.SH,31.79,21.19
20260923,688358.SH,34.76,23.18
20260923,688359.SH,131.57,87.71
20260923,688360.SH,19.02,12.68
20260923,688361.SH,454.61,303.07
20260923,688362.SH,76.06,50.7
20260923,688363.SH,42.01,28.01
20260923,688365.SH,20.04,13.36
20260923,688366.SH,36.12,24.08
20260923,688367.SH,36.24,24.16
20260923,688368.SH,175.12,116.74
20260923,688369.SH,24.4,16.26
20260923,688370.SH,32.12,21.42
20260923,688371.SH,29.78,19.86
20260923,688372.SH,138.7,92.46
20260923,688373.SH,7.38,4.92
20260923,688375.SH,85.04,56.7
20260923,688376.SH,76.82,51.22
20260923,688377.SH,21.1,14.06
20260923,688378.SH,62.64,41.76
20260923,688379.SH,67.56,45.04
20260923,688380.SH,51.22,34.14
20260923,688381.SH,52.66,35.1
20260923,688382.SH,24.28,16.18
20260923,688383.SH,167.57,111.71
20260923,688385.SH,72.16,48.1
20260923,688386.SH,57.24,38.16
20260923,688387.SH,15.08,10.06
20260923,688388.SH,35.88,23.92
20260923,688389.SH,13.36,8.9
20260923,688390.SH,71.75,47.83
20260923,688391.SH,32.12,21.42
20260923,688392.SH,218.52,145.68
20260923,688393.SH,26.86,17.9
20260923,688395.SH,30.66,20.44
20260923,688396.SH,73.75,49.17
20260923,688398.SH,27.82,18.54
20260923,688399.SH,32.76,21.84
20260923,688400.SH,56.33,37.55
20260923,688401.SH,84.61,56.41
20260923,688403.SH,31.12,20.74
20260923,688408.SH,27.38,18.26
20260923,688409.SH,230.27,153.51
20260923,688410.SH,12.02,8.02
20260923,688411.SH,199.24,132.82
20260923,688416.SH,98.0,65.34
20260923,688418.SH,38.38,25.58
20260923,688419.SH,63.24,42.16
20260923,688420.SH,27.78,18.52
20260923,688425.SH,4.78,3.18
20260923,688426.SH,26.44,17.62
20260923,688428.SH,38.4,25.6
20260923,688429.SH,11.88,7.92
20260923,688432.SH,63.07,42.05
20260923,688433.SH,107.76,71.84
20260923,688435.SH,37.25,24.83
20260923,688439.SH,45.8,30.54
20260923,688443.SH,30.23,20.15
20260923,688448.SH,83.16,55.44
20260923,688449.SH,77.03,51.35
20260923,688450.SH,39.95,26.63
20260923,688455.SH,21.4,14.26
20260923,688456.SH,91.54,61.02
20260923,688458.SH,46.03,30.69
20260923,688459.SH,9.85,6.57
20260923,688466.SH,16.84,11.22
20260923,688468.SH,7.9,5.26
20260923,688469.SH,10.55,7.03
20260923,688472.SH,10.32,6.88
20260923,688475.SH,33.4,22.26
20260923,688478.SH,58.04,38.7
20260923,688479.SH,43.8,29.2
20260923,688480.SH,85.44,56.96
20260923,688484.SH,41.72,27.82
20260923,688485.SH,144.6,96.4
20260923,688486.SH,60.18,40.12
20260923,688488.SH,19.91,13.27
20260923,688489.SH,31.24,20.82
20260923,688496.SH,0.7,0.46
20260923,688498.SH,2103.72,1402.48
20260923,688499.SH,43.26,28.84
20260923,688500.SH,39.0,26.0
20260923,688501.SH,19.19,12.79
20260923,688502.SH,523.26,348.84
20260923,688503.SH,97.44,64.96
20260923,688505.SH,10.18,6.78
20260923,688506.SH,300.98,200.66
20260923,688507.SH,173.76,115.84
20260923,688508.SH,107.5,71.66
20260923,688509.SH,5.05,3.37
20260923,688510.SH,30.42,20.28
20260923,688511.SH,27.26,18.18
20260923,688512.SH,17.32,11.54
20260923,688513.SH,61.5,41.0
20260923,688515.SH,182.28,121.52
20260923,688516.SH,53.22,35.48
20260923,688517.SH,19.68,13.12
20260923,688518.SH,25.04,16.7
20260923,688519.SH,375.48,250.32
20260923,688520.SH,44.17,29.45
20260923,688521.SH,249.64,166.42
20260923,688522.SH,22.01,14.67
20260923,688523.SH,48.23,32.15
20260923,688525.SH,260.66,173.78
20260923,688526.SH,14.94,9.96
20260923,688528.SH,12.25,8.17
20260923,688529.SH,17.83,11.89
20260923,688530.SH,74.15,49.43
20260923,688531.SH,174.0,116.0
20260923,688533.SH,24.35,16.23
20260923,688535.SH,130.85,87.23
20260923,688536.SH,426.85,284.57
20260923,688538.SH,2.51,1.67
20260923,688539.SH,29.92,19.94
20260923,688543.SH,52.62,35.08
20260923,688545.SH,92.8,61.86
20260923,688548.SH,40.01,26.67
20260923,688549.SH,28.24,18.82
20260923,688550.SH,45.86,30.58
20260923,688551.SH,48.48,32.32
20260923,688552.SH,37.39,24.93
20260923,688553.SH,15.32,10.22
20260923,688556.SH,9.4,6.26
20260923,688557.SH,25.42,16.94
20260923,688558.SH,40.31,26.87
20260923,688559.SH,69.19,46.13
20260923,688560.SH,15.23,10.15
20260923,688561.SH,35.99,23.99
20260923,688562.SH,17.45,11.63
20260923,688563.SH,65.42,43.62
20260923,688565.SH,13.64,9.1
20260923,688566.SH,32.28,21.52
20260923,688567.SH,10.88,7.26
20260923,688568.SH,37.57,25.05
20260923,688569.SH,22.26,14.84
20260923,688570.SH,17.66,11.78
20260923,688571.SH,10.39,6.93
20260923,688573.SH,18.68,12.46
20260923,688575.SH,12.53,8.35
20260923,688576.SH,48.4,32.26
20260923,688577.SH,50.64,33.76
20260923,688578.SH,123.37,82.25
20260923,688579.SH,9.6,6.4
20260923,688580.SH,53.04,35.36
20260923,688581.SH,67.44,44.96
20260923,688582.SH,47.46,31.64
20260923,688583.SH,99.4,66.26
20260923,688584.SH,33.91,22.61
20260923,688585.SH,169.64,113.1
20260923,688586.SH,13.54,9.02
20260923,688588.SH,11.12,7.42
20260923,688589.SH,25.2,16.8
20260923,688590.SH,15.25,10.17
20260923,688591.SH,37.54,25.02
20260923,688592.SH,28.4,18.94
20260923,688593.SH,37.42,24.94
20260923,688595.SH,38.34,25.56
20260923,688596.SH,78.22,52.14
20260923,688597.SH,7.7,5.14
20260923,688598.SH,42.28,28.18
20260923,688599.SH,13.37,8.91
20260923,688600.SH,44.4,29.6
20260923,688601.SH,73.3,48.86
20260923,688602.SH,8.34,5.56
20260923,688603.SH,144.6,96.4
20260923,688605.SH,102.66,68.44
20260923,688606.SH,56.38,37.58
20260923,688607.SH,46.96,31.3
20260923,688608.SH,135.56,90.38
20260923,688609.SH,11.64,7.76
20260923,688610.SH,206.48,137.66
20260923,688611.SH,83.14,55.42
20260923,688612.SH,43.85,29.23
20260923,688613.SH,24.48,16.32
20260923,688615.SH,112.19,74.79
20260923,688616.SH,13.16,8.78
20260923,688617.SH,292.1,194.74
20260923,688618.SH,36.49,24.33
20260923,688619.SH,17.88,11.92
20260923,688620.SH,21.78,14.52
20260923,688621.SH,89.46,59.64
20260923,688622.SH,165.67,110.45
20260923,688623.SH,71.28,47.52
20260923,688625.SH,83.54,55.7
20260923,688626.SH,52.8,35.2
20260923,688627.SH,573.46,382.3
20260923,688628.SH,114.44,76.3
20260923,688629.SH,150.34,100.22
20260923,688630.SH,513.23,342.15
20260923,688631.SH,45.34,30.22
20260923,688633.SH,27.01,18.01
20260923,688635.SH,341.42,227.62
20260923,688636.SH,25.4,16.94
20260923,688638.SH,40.46,26.98
20260923,688639.SH,22.3,14.86
20260923,688646.SH,95.68,63.78
20260923,688648.SH,35.42,23.62
20260923,688651.SH,30.17,20.11
20260923,688652.SH,177.6,118.4
20260923,688653.SH,18.31,12.21
20260923,688655.SH,92.65,61.77
20260923,688656.SH,141.04,94.02
20260923,688657.SH,40.7,27.14
20260923,688658.SH,16.61,11.07
20260923,688659.SH,11.14,7.42
20260923,688660.SH,10.92,7.28
20260923,688661.SH,127.38,84.92
20260923,688662.SH,134.87,89.91
20260923,688663.SH,69.18,46.12
20260923,688665.SH,51.55,34.37
20260923,688667.SH,117.84,78.56
20260923,688668.SH,304.8,203.2
20260923,688669.SH,84.0,56.0
20260923,688670.SH,22.8,15.2
20260923,688671.SH,32.04,21.36
20260923,688676.SH,77.6,51.74
20260923,688677.SH,95.14,63.42
20260923,688678.SH,33.36,22.24
20260923,688679.SH,48.52,32.34
20260923,688680.SH,46.12,30.74
20260923,688681.SH,18.62,12.42
20260923,688682.SH,37.81,25.21
20260923,688683.SH,38.53,25.69
20260923,688685.SH,42.78,28.52
20260923,688686.SH,169.38,112.92
20260923,688687.SH,22.32,14.88
20260923,688689.SH,50.3,33.54
20260923,688690.SH,57.44,38.3
20260923,688691.SH,78.66,52.44
20260923,688692.SH,251.84,167.9
20260923,688693.SH,92.29,61.53
20260923,688695.SH,23.72,15.82
20260923,688696.SH,106.5,71.0
20260923,688697.SH,17.92,11.94
20260923,688698.SH,53.24,35.5
20260923,688699.SH,83.72,55.82
20260923,688700.SH,77.64,51.76
20260923,688701.SH,10.43,6.95
20260923,688702.SH,393.6,262.4
20260923,688707.SH,12.29,8.19
20260923,688708.SH,48.74,32.5
20260923,688709.SH,30.84,20.56
20260923,688710.SH,109.88,73.26
20260923,688711.SH,33.74,22.5
20260923,688712.SH,38.26,25.5
20260923,688716.SH,33.0,22.0
20260923,688717.SH,53.11,35.41
20260923,688718.SH,18.37,12.25
20260923,688719.SH,67.74,45.16
20260923,688720.SH,81.11,54.07
20260923,688721.SH,49.1,32.74
20260923,688722.SH,17.33,11.55
20260923,688726.SH,54.12,36.08
20260923,688727.SH,58.21,38.81
20260923,688728.SH,17.81,11.87
20260923,688729.SH,29.71,19.81
20260923,688733.SH,35.0,23.34
20260923,688737.SH,20.59,13.73
20260923,688739.SH,25.18,16.78
20260923,688750.SH,17.06,11.38
20260923,688755.SH,35.88,23.92
20260923,688757.SH,37.39,24.93
20260923,688758.SH,40.75,27.17
20260923,688759.SH,28.34,18.9
20260923,688765.SH,47.44,31.62
20260923,688766.SH,514.08,342.72
20260923,688767.SH,51.74,34.5
20260923,688768.SH,58.6,39.06
20260923,688772.SH,16.57,11.05
20260923,688775.SH,113.62,75.74
20260923,688776.SH,56.58,37.72
20260923,688777.SH,98.06,65.38
20260923,688778.SH,51.82,34.54
20260923,688779.SH,9.08,6.06
20260923,688781.SH,62.34,41.56
20260923,688783.SH,35.74,23.82
20260923,688785.SH,450.74,300.5
20260923,688786.SH,34.55,23.03
20260923,688787.SH,111.58,74.38
20260923,688788.SH,35.65,23.77
20260923,688789.SH,55.26,36.84
20260923,688790.SH,131.5,87.66
20260923,688793.SH,22.27,14.85
20260923,688795.SH,531.6,354.4
20260923,688796.SH,160.96,107.3
20260923,688797.SH,340.8,227.2
20260923,688798.SH,70.51,47.01
20260923,688799.SH,70.68,47.12
20260923,688800.SH,82.39,54.93
20260923,688801.SH,611.8,407.86
20260923,688802.SH,697.2,464.8
20260923,688805.SH,48.68,32.46
20260923,688806.SH,30.65,20.43
20260923,688807.SH,416.4,277.6
20260923,688808.SH,2779.2,1852.8
20260923,688809.SH,608.52,405.68
20260923,688811.SH,24.9,16.6
20260923,688813.SH,172.8,115.2
20260923,688816.SH,57.42,38.28
20260923,688818.SH,51.95,34.63
20260923,688819.SH,25.01,16.67
20260923,688820.SH,161.83,107.89
20260923,688825.SH,69.43,46.29
20260923,688826.SH,953.04,635.36
20260923,688828.SH,110.4,73.6
20260923,688835.SH,432.1,288.06
20260923,688836.SH,587.04,391.36
20260923,688837.SH,63.46,42.3
20260923,688981.SH,146.89,97.93
20260923,689009.SH,45.49,30.33
20260923,900901.BJ,0.696,0.57
20260923,900902.BJ,0.178,0.146
20260923,900903.BJ,0.201,0.165
20260923,900904.BJ,0.49,0.401
20260923,900905.BJ,2.965,2.426
20260923,900906.BJ,0.219,0.179
20260923,900908.BJ,0.655,0.536
20260923,900909.BJ,0.55,0.45
20260923,900910.BJ,0.692,0.566
20260923,900911.BJ,0.759,0.621
20260923,900912.BJ,0.701,0.573
20260923,900913.BJ,0.233,0.191
20260923,900914.BJ,0.461,0.377
20260923,900915.BJ,0.294,0.24
20260923,900916.BJ,0.613,0.501
20260923,900917.BJ,0.276,0.226
20260923,900918.BJ,0.349,0.285
20260923,900920.BJ,0.295,0.241
20260923,900921.BJ,0.216,0.176
20260923,900922.BJ,0.695,0.569
20260923,900923.BJ,0.613,0.501
20260923,900924.BJ,0.322,0.264
20260923,900925.BJ,1.316,1.076
20260923,900926.BJ,0.953,0.779
20260923,900927.BJ,0.361,0.295
20260923,900928.BJ,0.619,0.507
20260923,900929.BJ,1.012,0.828
20260923,900932.BJ,0.425,0.347
20260923,900934.BJ,1.64,1.342
20260923,900936.BJ,1.411,1.155
20260923,900937.BJ,0.222,0.182
20260923,900938.BJ,0.255,0.209
20260923,900939.BJ,0.471,0.385
20260923,900940.BJ,0.233,0.191
20260923,900941.BJ,0.546,0.446
20260923,900942.BJ,0.738,0.604
20260923,900943.BJ,0.477,0.391
20260923,900945.BJ,0.222,0.182
20260923,900946.BJ,0.215,0.176
20260923,900947.BJ,0.279,0.229
20260923,900948.BJ,3.845,3.146
20260923,920000.BJ,18.69,10.07
20260923,920001.BJ,15.61,8.41
20260923,920002.BJ,64.9,34.96
20260923,920003.BJ,20.24,10.9
20260923,920005.BJ,31.85,17.15
20260923,920006.BJ,24.12,13.0
20260923,920007.BJ,42.91,23.11
20260923,920008.BJ,28.92,15.58
20260923,920009.BJ,45.27,24.39
20260923,920010.BJ,11.66,6.28
20260923,920011.BJ,23.58,12.7
20260923,920012.BJ,65.62,35.34
20260923,920014.BJ,11.31,6.09
20260923,920015.BJ,50.41,27.15
20260923,920016.BJ,19.9,10.72
20260923,920017.BJ,20.9,11.26
20260923,920018.BJ,19.24,10.36
20260923,920019.BJ,20.47,11.03
20260923,920020.BJ,19.11,10.29
20260923,920021.BJ,11.36,6.12
20260923,920022.BJ,24.63,13.27
20260923,920023.BJ,1.87,1.01
20260923,920025.BJ,99999.99,0.0
20260923,920026.BJ,23.98,12.92
20260923,920027.BJ,15.09,8.13
20260923,920028.BJ,20.48,11.04
20260923,920029.BJ,41.93,22.59
20260923,920030.BJ,6.26,3.38
20260923,920033.BJ,17.52,9.44
20260923,920035.BJ,32.37,17.43
20260923,920036.BJ,42.19,22.73
20260923,920037.BJ,49.81,26.83
20260923,920038.BJ,50.05,26.95
20260923,920039.BJ,10.08,5.44
20260923,920045.BJ,693.39,373.37
20260923,920046.BJ,26.32,14.18
20260923,920047.BJ,20.24,10.9
20260923,920050.BJ,37.15,20.01
20260923,920055.BJ,33.17,17.87
20260923,920056.BJ,18.82,10.14
20260923,920057.BJ,6.27,3.39
20260923,920058.BJ,33.47,18.03
20260923,920059.BJ,16.74,9.02
20260923,920060.BJ,39.66,21.36
20260923,920061.BJ,22.81,12.29
20260923,920062.BJ,9.38,5.06
20260923,920065.BJ,52.84,28.46
20260923,920066.BJ,24.32,13.1
20260923,920068.BJ,20.37,10.97
20260923,920069.BJ,42.38,22.82
20260923,920071.BJ,34.84,18.76
20260923,920072.BJ,31.49,16.97
20260923,920075.BJ,22.5,12.12
20260923,920076.BJ,16.25,8.75
20260923,920077.BJ,16.95,9.13
20260923,920078.BJ,24.6,13.26
20260923,920079.BJ,16.82,9.06
20260923,920080.BJ,26.65,14.35
20260923,920081.BJ,54.86,29.54
20260923,920082.BJ,10.29,5.55
20260923,920083.BJ,59.26,31.92
20260923,920086.BJ,26.33,14.19
20260923,920087.BJ,21.28,11.46
20260923,920088.BJ,55.96,30.14
20260923,920089.BJ,13.06,7.04
20260923,920090.BJ,4.52,2.44
20260923,920091.BJ,36.86,19.86
20260923,920092.BJ,33.87,18.25
20260923,920093.BJ,25.76,13.88
20260923,920096.BJ,40.71,21.93
20260923,920098.BJ,24.15,13.01
20260923,920099.BJ,21.82,11.76
20260923,920100.BJ,38.87,20.93
20260923,920101.BJ,21.09,11.37
20260923,920106.BJ,44.31,23.87
20260923,920107.BJ,26.46,14.26
20260923,920108.BJ,11.23,6.05
20260923,920110.BJ,33.47,18.03
20260923,920111.BJ,34.55,18.61
20260923,920112.BJ,19.04,10.26
20260923,920116.BJ,57.7,31.08
20260923,920117.BJ,38.84,20.92
20260923,920118.BJ,27.07,14.59
20260923,920119.BJ,71.17,38.33
20260923,920121.BJ,36.07,19.43
20260923,920122.BJ,31.59,17.01
20260923,920123.BJ,14.27,7.69
20260923,920124.BJ,16.06,8.66
20260923,920125.BJ,194.32,104.64
20260923,920126.BJ,13.15,7.09
20260923,920128.BJ,26.48,14.26
20260923,920130.BJ,23.81,12.83
20260923,920132.BJ,12.32,6.64
20260923,920136.BJ,28.4,15.3
20260923,920138.BJ,47.35,25.51
20260923,920139.BJ,20.13,10.85
20260923,920145.BJ,13.41,7.23
20260923,920146.BJ,7.35,3.97
20260923,920149.BJ,11.34,6.12
20260923,920152.BJ,15.83,8.53
20260923,920156.BJ,48.06,25.88
20260923,920158.BJ,10.36,5.58
20260923,920159.BJ,39.05,21.03
20260923,920160.BJ,24.58,13.24
20260923,920161.BJ,28.01,15.09
20260923,920163.BJ,12.98,7.0
20260923,920165.BJ,46.16,24.86
20260923,920166.BJ,25.89,13.95
20260923,920167.BJ,17.87,9.63
20260923,920168.BJ,19.92,10.74
20260923,920169.BJ,28.3,15.24
20260923,920171.BJ,21.13,11.39
20260923,920174.BJ,40.57,21.85
20260923,920175.BJ,10.15,5.47
20260923,920176.BJ,86.67,46.67
20260923,920177.BJ,30.3,16.32
20260923,920178.BJ,117.16,63.1
20260923,920179.BJ,74.67,40.21
20260923,920180.BJ,15.39,8.29
20260923,920181.BJ,92.74,49.94
20260923,920183.BJ,38.54,20.76
20260923,920184.BJ,15.22,8.2
20260923,920185.BJ,25.94,13.98
20260923,920186.BJ,95.0,51.16
20260923,920187.BJ,22.32,12.02
20260923,920188.BJ,28.66,15.44
20260923,920189.BJ,27.35,14.73
20260923,920190.BJ,32.07,17.27
20260923,920191.BJ,11.42,6.16
20260923,920193.BJ,39.76,21.42
20260923,920195.BJ,16.61,8.95
20260923,920198.BJ,10.45,5.63
20260923,920199.BJ,32.59,17.55
20260923,920200.BJ,39.02,21.02
20260923,920204.BJ,17.25,9.29
20260923,920206.BJ,51.66,27.82
20260923,920207.BJ,28.4,15.3
20260923,920208.BJ,14.06,7.58
20260923,920211.BJ,120.88,65.1
20260923,920212.BJ,13.8,7.44
20260923,920218.BJ,19.78,10.66
20260923,920220.BJ,53.76,28.96
20260923,920221.BJ,16.25,8.75
20260923,920222.BJ,34.58,18.62
20260923,920223.BJ,18.16,9.78
20260923,920225.BJ,21.54,11.6
20260923,920227.BJ,71.5,38.5
20260923,920229.BJ,171.6,92.4
20260923,920230.BJ,14.49,7.81
20260923,920237.BJ,14.56,7.84
20260923,920238.BJ,85.57,46.09
20260923,920239.BJ,26.18,14.1
20260923,920242.BJ,18.13,9.77
20260923,920245.BJ,17.78,9.58
20260923,920247.BJ,19.17,10.33
20260923,920249.BJ,11.94,6.44
20260923,920252.BJ,19.25,10.37
20260923,920258.BJ,13.27,7.15
20260923,920260.BJ,10.81,5.83
20260923,920261.BJ,17.32,9.34
20260923,920262.BJ,18.83,10.15
20260923,920263.BJ,8.58,4.62
20260923,920266.BJ,9.42,5.08
20260923,920267.BJ,21.47,11.57
20260923,920268.BJ,42.15,22.71
20260923,920269.BJ,46.0,24.78
20260923,920270.BJ,14.69,7.91
20260923,920271.BJ,11.85,6.39
20260923,920273.BJ,23.66,12.74
20260923,920274.BJ,20.16,10.86
20260923,920275.BJ,8.71,4.69
20260923,920278.BJ,8.39,4.53
20260923,920284.BJ,21.32,11.48
20260923,920288.BJ,25.12,13.54
20260923,920289.BJ,36.89,19.87
20260923,920298.BJ,109.2,58.8
20260923,920299.BJ,18.18,9.8
20260923,920300.BJ,12.84,6.92
20260923,920304.BJ,12.11,6.53
20260923,920339.BJ,14.07,7.59
20260923,920344.BJ,27.79,14.97
20260923,920346.BJ,19.66,10.6
20260923,920351.BJ,17.48,9.42
20260923,920357.BJ,20.28,10.92
20260923,920363.BJ,13.01,7.01
20260923,920367.BJ,36.72,19.78
20260923,920368.BJ,29.99,16.15
20260923,920370.BJ,3.86,2.08
20260923,920371.BJ,9.81,5.29
20260923,920374.BJ,20.07,10.81
20260923,920375.BJ,8.43,4.55
20260923,920378.BJ,9.19,4.95
20260923,920392.BJ,18.18,9.8
20260923,920394.BJ,65.42,35.24
20260923,920395.BJ,8.76,4.72
20260923,920396.BJ,24.12,13.0
20260923,920402.BJ,10.84,5.84
20260923,920403.BJ,26.89,14.49
20260923,920405.BJ,21.68,11.68
20260923,920407.BJ,14.27,7.69
20260923,920414.BJ,10.41,5.61
20260923,920415.BJ,11.68,6.3
20260923,920418.BJ,22.88,12.32
20260923,920419.BJ,14.5,7.82
20260923,920422.BJ,12.38,6.68
20260923,920425.BJ,18.64,10.04
20260923,920427.BJ,16.12,8.68
20260923,920429.BJ,13.52,7.28
20260923,920433.BJ,6.21,3.35
20260923,920436.BJ,14.31,7.71
20260923,920438.BJ,143.1,77.06
20260923,920445.BJ,9.37,5.05
20260923,920454.BJ,14.8,7.98
20260923,920455.BJ,8.58,4.62
20260923,920469.BJ,7.73,4.17
20260923,920471.BJ,15.31,8.25
20260923,920475.BJ,15.01,8.09
20260923,920476.BJ,29.99,16.15
20260923,920478.BJ,16.6,8.94
20260923,920489.BJ,16.45,8.87
20260923,920491.BJ,28.57,15.39
20260923,920493.BJ,151.22,81.44
20260923,920496.BJ,8.47,4.57
20260923,920504.BJ,24.33,13.11
20260923,920505.BJ,35.46,19.1
20260923,920508.BJ,19.59,10.55
20260923,920509.BJ,28.17,15.17
20260923,920510.BJ,25.84,13.92
20260923,920519.BJ,14.39,7.75
20260923,920522.BJ,22.42,12.08
20260923,920523.BJ,19.12,10.3
20260923,920526.BJ,33.98,18.3
20260923,920527.BJ,20.21,10.89
20260923,920533.BJ,21.64,11.66
20260923,920541.BJ,12.45,6.71
20260923,920547.BJ,25.12,13.54
20260923,920553.BJ,8.97,4.83
20260923,920556.BJ,8.71,4.69
20260923,920564.BJ,17.94,9.66
20260923,920566.BJ,12.29,6.63
20260923,920570.BJ,32.53,17.53
20260923,920571.BJ,11.71,6.31
20260923,920575.BJ,6.91,3.73
20260923,920576.BJ,49.4,26.6
20260923,920578.BJ,22.68,12.22
20260923,920579.BJ,18.39,9.91
20260923,920580.BJ,14.35,7.73
20260923,920592.BJ,35.95,19.37
20260923,920593.BJ,30.23,16.29
20260923,920599.BJ,22.32,12.02
20260923,920608.BJ,18.07,9.73
20260923,920627.BJ,17.71,9.55
20260923,920634.BJ,21.0,11.32
20260923,920639.BJ,7.91,4.27
20260923,920640.BJ,34.2,18.42
20260923,920641.BJ,17.42,9.38
20260923,920642.BJ,13.06,7.04
20260923,920651.BJ,26.06,14.04
20260923,920656.BJ,19.52,10.52
20260923,920662.BJ,24.67,13.29
20260923,920663.BJ,16.09,8.67
20260923,920665.BJ,11.06,5.96
20260923,920670.BJ,16.77,9.03
20260923,920675.BJ,9.77,5.27
20260923,920679.BJ,20.02,10.78
20260923,920682.BJ,7.59,4.09
20260923,920685.BJ,15.48,8.34
20260923,920689.BJ,25.84,13.92
20260923,920690.BJ,20.39,10.99
20260923,920693.BJ,31.39,16.91
20260923,920694.BJ,21.64,11.66
20260923,920699.BJ,88.4,47.6
20260923,920701.BJ,14.54,7.84
20260923,920703.BJ,12.54,6.76
20260923,920706.BJ,19.87,10.71
20260923,920717.BJ,8.94,4.82
20260923,920718.BJ,13.93,7.51
20260923,920719.BJ,9.15,4.93
20260923,920720.BJ,10.37,5.59
20260923,920725.BJ,117.88,63.48
20260923,920726.BJ,20.61,11.11
20260923,920729.BJ,9.11,4.91
20260923,920735.BJ,33.89,18.25
20260923,920748.BJ,38.19,20.57
20260923,920751.BJ,19.56,10.54
20260923,920753.BJ,19.69,10.61
20260923,920765.BJ,15.35,8.27
20260923,920768.BJ,9.43,5.09
20260923,920770.BJ,13.79,7.43
20260923,920779.BJ,30.12,16.22
20260923,920781.BJ,7.43,4.01
20260923,920786.BJ,9.9,5.34
20260923,920790.BJ,30.96,16.68
20260923,920792.BJ,12.19,6.57
20260923,920799.BJ,42.53,22.91
20260923,920802.BJ,14.28,7.7
20260923,920806.BJ,13.14,7.08
20260923,920807.BJ,12.53,6.75
20260923,920808.BJ,76.89,41.41
20260923,920809.BJ,8.95,4.83
20260923,920810.BJ,11.53,6.21
20260923,920819.BJ,4.0,2.16
20260923,920821.BJ,28.79,15.51
20260923,920826.BJ,11.4,6.14
20260923,920832.BJ,8.77,4.73
20260923,920833.BJ,12.75,6.87
20260923,920834.BJ,11.86,6.4
20260923,920837.BJ,13.03,7.03
20260923,920839.BJ,30.77,16.57
20260923,920855.BJ,17.92,9.66
20260923,920856.BJ,15.47,8.33
20260923,920857.BJ,24.34,13.12
20260923,920866.BJ,8.5,4.58
20260923,920870.BJ,15.08,8.12
20260923,920871.BJ,14.46,7.8
20260923,920873.BJ,10.23,5.51
20260923,920876.BJ,21.89,11.79
20260923,920879.BJ,16.09,8.67
20260923,920885.BJ,16.04,8.64
20260923,920892.BJ,15.57,8.39
20260923,920895.BJ,31.48,16.96
20260923,920896.BJ,15.88,8.56
20260923,920906.BJ,20.07,10.81
20260923,920914.BJ,21.63,11.65
20260923,920924.BJ,19.52,10.52
20260923,920925.BJ,14.79,7.97
20260923,920926.BJ,13.13,7.07
20260923,920931.BJ,12.98,7.0
20260923,920932.BJ,13.71,7.39
20260923,920942.BJ,22.71,12.23
20260923,920943.BJ,19.22,10.36
20260923,920946.BJ,13.67,7.37
20260923,920950.BJ,17.27,9.31
20260923,920953.BJ,30.16,16.24
20260923,920957.BJ,12.94,6.98
20260923,920961.BJ,29.58,15.94
20260923,920964.BJ,6.4,3.46
20260923,920970.BJ,8.55,4.61
20260923,920971.BJ,35.97,19.37
20260923,920974.BJ,8.07,4.35
20260923,920976.BJ,28.63,15.43
20260923,920978.BJ,22.32,12.02
20260923,920981.BJ,40.17,21.63
20260923,920982.BJ,148.95,80.21
20260923,920985.BJ,5.98,3.22
20260923,920992.BJ,16.14,8.7
