ts_code,trade_date,close,open,high,low,vol,amount,vwap
000001.SZ,20260911,11.84,11.82,11.85,11.82,382000.0,4517085.12,11.83
000002.SZ,20260911,3.14,3.14,3.15,3.14,954300.0,2997472.96,3.14
000006.SZ,20260911,6.98,6.99,6.99,6.98,77600.0,542224.0,6.99
000007.SZ,20260911,10.82,10.81,10.82,10.81,27700.0,299446.0,10.81
000008.SZ,20260911,2.48,2.49,2.49,2.48,36900.0,91827.0,2.49
000009.SZ,20260911,6.91,6.93,6.93,6.91,287500.0,1992024.0,6.93
000010.SZ,20260911,1.66,1.67,1.68,1.66,720800.0,1203872.0,1.67
000011.SZ,20260911,9.07,9.06,9.07,9.06,116300.0,1053752.96,9.06
000012.SZ,20260911,3.76,3.76,3.78,3.76,209800.0,788902.0,3.76
000014.SZ,20260911,10.49,10.43,10.58,10.43,33700.0,352467.0,10.46
000016.SZ,20260911,2.46,2.46,2.46,2.46,0.0,0.0,2.46
000017.SZ,20260911,7.78,7.62,7.84,7.62,6428718.08,49015178.24,7.62
000019.SZ,20260911,7.6,7.59,7.68,7.59,1890000.0,14356829.44,7.6
000020.SZ,20260911,13.06,12.97,13.09,12.97,905000.0,11747727.36,12.98
000021.SZ,20260911,35.1,35.21,35.21,35.04,1845400.0,64926873.6,35.18
000025.SZ,20260911,14.8,14.8,14.85,14.8,140200.0,2075247.04,14.8
000026.SZ,20260911,18.96,19.06,19.06,18.96,33900.0,645626.0,19.05
000027.SZ,20260911,6.41,6.44,6.44,6.41,156500.0,1007340.0,6.44
000028.SZ,20260911,20.11,20.11,20.11,20.11,9700.0,195067.0,20.11
000029.SZ,20260911,22.2,22.5,22.56,22.2,32600.0,731700.0,22.45
000030.SZ,20260911,4.02,4.01,4.02,4.01,67200.0,269493.0,4.01
000031.SZ,20260911,2.24,2.25,2.25,2.24,114400.0,257354.0,2.25
000032.SZ,20260911,13.7,13.67,13.75,13.67,211400.0,2893069.12,13.69
000034.SZ,20260911,22.65,22.62,22.66,22.6,150000.0,3393002.88,22.62
000035.SZ,20260911,5.02,5.03,5.03,5.02,147500.0,741855.04,5.03
000036.SZ,20260911,3.9,3.91,3.91,3.9,344000.0,1342560.96,3.9
000037.SZ,20260911,9.52,9.56,9.56,9.51,131900.0,1260124.96,9.55
000039.SZ,20260911,9.39,9.4,9.4,9.38,68200.0,641010.0,9.4
000042.SZ,20260911,8.36,8.37,8.37,8.36,31900.0,266913.0,8.37
000045.SZ,20260911,10.88,10.88,10.88,10.88,3800.0,41344.0,10.88
000048.SZ,20260911,22.57,22.95,22.97,22.55,538600.0,12347051.52,22.92
000049.SZ,20260911,22.43,22.43,22.44,22.43,41600.0,933088.96,22.43
000050.SZ,20260911,6.41,6.42,6.42,6.41,85200.0,546727.0,6.42
000055.SZ,20260911,3.59,3.59,3.6,3.58,22600.0,81121.0,3.59
000056.SZ,20260911,2.59,2.58,2.6,2.58,692800.0,1792123.04,2.59
000058.SZ,20260911,7.18,7.21,7.21,7.18,16500.0,118891.0,7.21
000059.SZ,20260911,5.86,5.85,5.87,5.85,955300.0,5591176.96,5.85
000060.SZ,20260911,6.33,6.35,6.35,6.32,4221900.16,26795112.96,6.35
000061.SZ,20260911,6.51,6.52,6.53,6.5,274800.0,1791943.04,6.52
000062.SZ,20260911,22.74,22.8,22.8,22.7,149100.0,3398103.04,22.79
000063.SZ,20260911,32.07,32.06,32.1,32.05,820500.0,26306603.52,32.06
000065.SZ,20260911,9.52,9.56,9.56,9.51,264900.0,2530140.96,9.55
000066.SZ,20260911,13.86,13.88,13.88,13.84,986900.0,13693446.4,13.88
000068.SZ,20260911,3.26,3.26,3.26,3.26,30800.0,100408.0,3.26
000069.SZ,20260911,1.82,1.82,1.82,1.81,457900.0,833324.96,1.82
000070.SZ,20260911,15.85,15.81,15.88,15.81,395500.0,6255384.96,15.82
000078.SZ,20260911,1.51,1.51,1.52,1.51,1224900.0,1849664.96,1.51
000088.SZ,20260911,4.65,4.65,4.65,4.64,421200.0,1957912.96,4.65
000089.SZ,20260911,6.64,6.64,6.65,6.64,158000.0,1049539.04,6.64
000090.SZ,20260911,3.53,3.52,3.53,3.52,30700.0,108112.0,3.52
000096.SZ,20260911,8.34,8.31,8.35,8.31,82400.0,685055.04,8.31
000099.SZ,20260911,13.64,13.66,13.66,13.62,23700.0,323679.0,13.66
000100.SZ,20260911,4.65,4.65,4.66,4.65,3720099.84,17299232.0,4.65
000151.SZ,20260911,10.25,10.25,10.27,10.24,54100.0,554511.0,10.25
000153.SZ,20260911,6.24,6.21,6.24,6.21,17900.0,111263.0,6.22
000155.SZ,20260911,11.82,11.88,11.88,11.81,301100.0,3573994.88,11.87
000156.SZ,20260911,6.96,6.95,6.96,6.95,41500.0,288426.0,6.95
000157.SZ,20260911,6.58,6.59,6.6,6.58,394500.0,2599344.96,6.59
000158.SZ,20260911,12.88,12.8,12.88,12.8,435324.0,5573991.04,12.8
000159.SZ,20260911,5.84,5.8,5.84,5.79,136400.0,791136.0,5.8
000166.SZ,20260911,4.56,4.56,4.56,4.55,1106600.0,5045793.92,4.56
000301.SZ,20260911,13.82,13.78,13.82,13.78,247100.0,3405887.04,13.78
000333.SZ,20260911,86.17,86.2,86.23,86.14,73700.0,6352844.8,86.2
000338.SZ,20260911,26.54,26.56,26.57,26.52,486600.0,12921305.6,26.55
000400.SZ,20260911,21.01,21.01,21.01,21.0,98600.0,2071560.96,21.01
000401.SZ,20260911,3.64,3.64,3.65,3.63,25400.0,92432.0,3.64
000402.SZ,20260911,2.52,2.53,2.53,2.52,636100.0,1609308.0,2.53
000403.SZ,20260911,10.31,10.31,10.31,10.31,12500.0,128875.0,10.31
000404.SZ,20260911,7.05,7.05,7.05,7.04,98300.0,692958.0,7.05
000407.SZ,20260911,4.37,4.36,4.37,4.36,409300.0,1785276.0,4.36
000408.SZ,20260911,73.8,73.9,73.95,73.77,529900.0,39156687.36,73.89
000409.SZ,20260911,9.01,9.02,9.02,9.0,15700.0,141599.0,9.02
000410.SZ,20260911,5.1,5.11,5.11,5.1,342800.0,1751612.0,5.11
000411.SZ,20260911,10.0,10.04,10.04,10.0,4800.0,48188.0,10.04
000415.SZ,20260911,4.57,4.58,4.59,4.57,694000.0,3180188.16,4.58
000417.SZ,20260911,6.33,6.31,6.36,6.3,431500.0,2723632.96,6.31
000419.SZ,20260911,5.27,5.24,5.27,5.24,45600.0,238982.0,5.24
000420.SZ,20260911,3.61,3.61,3.62,3.6,758600.0,2736426.88,3.61
000421.SZ,20260911,5.96,5.95,5.96,5.95,69000.0,410645.0,5.95
000422.SZ,20260911,12.6,12.6,12.63,12.6,162900.0,2053508.96,12.61
000423.SZ,20260911,46.09,46.09,46.09,46.06,15500.0,714356.0,46.09
000425.SZ,20260911,8.16,8.15,8.17,8.14,628800.0,5125350.08,8.15
000426.SZ,20260911,36.6,36.45,36.7,36.45,1199196.0,43730426.88,36.47
000428.SZ,20260911,5.0,5.0,5.08,5.0,1751700.0,8775061.12,5.01
000429.SZ,20260911,12.57,12.56,12.57,12.56,25000.0,314010.0,12.56
000430.SZ,20260911,7.75,7.8,7.84,7.75,701900.0,5473489.92,7.8
000488.SZ,20260911,2.16,2.16,2.17,2.15,671000.0,1449587.04,2.16
000498.SZ,20260911,4.98,4.98,4.98,4.97,60500.0,301239.0,4.98
000501.SZ,20260911,7.49,7.46,7.49,7.46,129900.0,969850.0,7.47
000503.SZ,20260911,6.87,6.87,6.9,6.87,46900.0,322233.0,6.87
000504.SZ,20260911,8.59,8.58,8.8,8.58,40400.0,348075.0,8.62
000505.SZ,20260911,7.47,7.45,7.5,7.45,995300.0,7418698.88,7.45
000506.SZ,20260911,18.6,18.65,18.73,18.58,1057100.0,19721931.52,18.66
000507.SZ,20260911,5.15,5.14,5.16,5.14,151600.0,779640.0,5.14
000509.SZ,20260911,3.52,3.53,3.53,3.51,59600.0,210357.0,3.53
000510.SZ,20260911,16.24,16.21,16.3,16.21,177500.0,2879030.08,16.22
000513.SZ,20260911,27.2,27.28,27.28,27.19,4500.0,122703.0,27.27
000514.SZ,20260911,4.29,4.3,4.3,4.29,27800.0,119430.0,4.3
000516.SZ,20260911,4.26,4.28,4.29,4.26,153200.0,655054.0,4.28
000517.SZ,20260911,2.12,2.12,2.12,2.12,8500.0,18020.0,2.12
000518.SZ,20260911,3.79,3.8,3.8,3.79,63600.0,241629.0,3.8
000519.SZ,20260911,15.98,15.99,16.05,15.93,1347400.0,21544504.32,15.99
000520.SZ,20260911,4.31,4.32,4.36,4.29,982900.0,4252784.96,4.33
000521.SZ,20260911,4.64,4.64,4.64,4.63,116000.0,538200.0,4.64
000523.SZ,20260911,4.43,4.46,4.5,4.4,20967800.32,93350666.24,4.45
000524.SZ,20260911,9.72,9.7,9.8,9.7,110800.0,1077760.96,9.73
000525.SZ,20260911,4.84,4.84,4.85,4.84,262400.0,1270782.0,4.84
000526.SZ,20260911,36.18,36.19,36.19,36.12,5000.0,180931.0,36.19
000528.SZ,20260911,8.16,8.15,8.19,8.15,338400.0,2760149.12,8.16
000529.SZ,20260911,5.14,5.1,5.15,5.1,97400.0,496960.0,5.1
000530.SZ,20260911,5.23,5.24,5.24,5.23,50000.0,261939.0,5.24
000531.SZ,20260911,5.78,5.77,5.78,5.77,40400.0,233173.0,5.77
000532.SZ,20260911,11.99,12.05,12.05,11.98,1624700.0,19567609.6,12.04
000533.SZ,20260911,11.44,11.51,11.51,11.44,327800.0,3771930.88,11.51
000534.SZ,20260911,24.7,24.75,24.86,24.7,74500.0,1845664.0,24.77
000536.SZ,20260911,3.47,3.48,3.49,3.47,568400.0,1977760.96,3.48
000537.SZ,20260911,7.91,7.91,7.92,7.9,465600.0,3682808.0,7.91
000538.SZ,20260911,50.27,50.2,50.28,50.2,18900.0,949058.0,50.22
000539.SZ,20260911,5.38,5.38,5.39,5.36,743800.0,4000962.88,5.38
000541.SZ,20260911,4.96,4.96,4.97,4.96,82700.0,410226.0,4.96
000543.SZ,20260911,7.45,7.45,7.48,7.45,137000.0,1021188.0,7.45
000544.SZ,20260911,7.39,7.42,7.42,7.39,7900.0,58520.0,7.41
000545.SZ,20260911,2.25,2.24,2.26,2.24,223799.0,502182.76,2.24
000546.SZ,20260911,4.64,4.63,4.64,4.63,46000.0,213040.0,4.63
000547.SZ,20260911,14.9,14.9,14.95,14.88,788400.0,11748239.36,14.9
000548.SZ,20260911,4.64,4.62,4.66,4.62,49500.0,228800.0,4.62
000550.SZ,20260911,17.62,17.68,17.68,17.62,18600.0,328842.0,17.68
000551.SZ,20260911,11.93,11.95,11.95,11.93,77200.0,922431.04,11.95
000552.SZ,20260911,2.67,2.66,2.67,2.66,679699.04,1809835.36,2.66
000553.SZ,20260911,5.91,5.88,5.94,5.88,110500.0,651248.0,5.89
000554.SZ,20260911,7.03,6.99,7.08,6.99,1486000.0,10399466.24,7.0
000555.SZ,20260911,10.71,10.71,10.71,10.69,35000.0,374789.0,10.71
000557.SZ,20260911,3.82,3.83,3.83,3.82,82000.0,313995.0,3.83
000558.SZ,20260911,3.95,3.95,3.96,3.93,606200.0,2393800.0,3.95
000559.SZ,20260911,10.49,10.5,10.5,10.47,123400.0,1295468.96,10.5
000560.SZ,20260911,2.88,2.87,2.91,2.87,8540300.16,24566732.8,2.88
000561.SZ,20260911,7.82,7.82,7.82,7.81,25200.0,197054.0,7.82
000563.SZ,20260911,3.03,3.04,3.04,3.03,533800.0,1621372.96,3.04
000564.SZ,20260911,1.63,1.63,1.64,1.63,4209399.04,6861956.48,1.63
000565.SZ,20260911,7.83,7.91,7.91,7.71,2888499.84,22805491.2,7.9
000566.SZ,20260911,4.72,4.72,4.77,4.72,412800.0,1952590.08,4.73
000567.SZ,20260911,6.53,6.51,6.55,6.51,250900.0,1634211.04,6.51
000568.SZ,20260911,74.68,74.7,74.7,74.62,50700.0,3787104.0,74.7
000570.SZ,20260911,5.24,5.24,5.24,5.23,54400.0,284886.0,5.24
000571.SZ,20260911,5.71,5.71,5.76,5.71,397700.0,2273224.96,5.72
000572.SZ,20260911,4.01,4.0,4.02,4.0,339800.0,1359976.96,4.0
000573.SZ,20260911,3.78,3.78,3.78,3.78,31600.0,119448.0,3.78
000576.SZ,20260911,8.4,8.42,8.48,8.4,149200.0,1256467.04,8.42
000581.SZ,20260911,18.24,18.24,18.28,18.23,26600.0,485158.0,18.24
000582.SZ,20260911,10.88,10.87,10.9,10.86,1137800.0,12373448.96,10.88
000586.SZ,20260911,14.05,14.07,14.07,14.03,107500.0,1512356.96,14.07
000589.SZ,20260911,4.37,4.37,4.37,4.37,181900.0,794903.04,4.37
000590.SZ,20260911,9.25,9.25,9.25,9.25,25500.0,235875.0,9.25
000591.SZ,20260911,4.34,4.34,4.36,4.34,255500.0,1108924.96,4.34
000592.SZ,20260911,8.03,8.03,8.07,8.02,5196600.0,41734202.88,8.03
000593.SZ,20260911,21.64,21.61,21.64,21.6,166900.0,3608019.84,21.62
000595.SZ,20260911,5.5,5.49,5.5,5.49,122800.0,674344.0,5.49
000596.SZ,20260911,93.9,94.0,94.27,93.9,24500.0,2304820.0,94.07
000597.SZ,20260911,4.79,4.78,4.79,4.78,60400.0,288717.0,4.78
000598.SZ,20260911,7.11,7.1,7.11,7.1,132700.0,942423.04,7.1
000599.SZ,20260911,4.75,4.75,4.75,4.74,8700.0,41307.0,4.75
000600.SZ,20260911,7.54,7.55,7.55,7.54,214100.0,1616431.04,7.55
000601.SZ,20260911,6.45,6.46,6.47,6.43,1206100.0,7790092.8,6.46
000603.SZ,20260911,33.22,33.12,33.4,33.12,926764.96,30716183.04,33.14
000605.SZ,20260911,6.09,6.09,6.09,6.08,42100.0,256387.0,6.09
000607.SZ,20260911,3.86,3.86,3.87,3.86,47400.0,182966.0,3.86
000608.SZ,20260911,7.33,7.3,7.33,7.3,153900.0,1124107.04,7.3
000609.SZ,20260911,9.57,9.47,9.57,9.47,66601.0,630721.52,9.47
000610.SZ,20260911,9.15,9.2,9.2,9.15,322400.0,2961950.08,9.19
000612.SZ,20260911,10.81,10.82,10.82,10.8,1828600.0,19777300.48,10.82
000615.SZ,20260911,3.3,3.3,3.3,3.3,58000.0,191400.0,3.3
000617.SZ,20260911,7.07,7.05,7.09,7.04,2138400.0,15078128.64,7.05
000619.SZ,20260911,5.08,5.08,5.08,5.08,49600.0,251968.0,5.08
000620.SZ,20260911,3.15,3.14,3.17,3.14,4438840.96,13943473.92,3.14
000623.SZ,20260911,18.12,18.15,18.15,18.11,45000.0,816235.04,18.14
000625.SZ,20260911,7.09,7.1,7.1,7.08,221800.0,1574292.0,7.1
000626.SZ,20260911,9.48,9.43,9.52,9.43,447000.0,4229914.88,9.46
000628.SZ,20260911,54.25,54.17,54.32,54.17,89200.0,4834432.0,54.2
000629.SZ,20260911,3.0,2.99,3.0,2.99,1958400.0,5856053.12,2.99
000630.SZ,20260911,6.18,6.19,6.19,6.14,12128819.2,74982896.64,6.18
000631.SZ,20260911,2.99,2.99,2.99,2.99,11100.0,33189.0,2.99
000632.SZ,20260911,4.22,4.22,4.22,4.21,211300.0,891516.0,4.22
000633.SZ,20260911,5.36,5.37,5.38,5.36,20400.0,109548.0,5.37
000635.SZ,20260911,7.52,7.54,7.54,7.52,126700.0,955088.96,7.54
000636.SZ,20260911,51.51,51.5,51.88,51.35,2599700.0,134116464.64,51.59
000637.SZ,20260911,4.31,4.3,4.31,4.3,24900.0,107073.0,4.3
000639.SZ,20260911,1.69,1.69,1.69,1.68,833500.0,1408556.0,1.69
000650.SZ,20260911,5.32,5.32,5.33,5.32,182500.0,970904.0,5.32
000651.SZ,20260911,38.87,38.88,38.95,38.87,69600.0,2706270.08,38.88
000652.SZ,20260911,3.55,3.55,3.55,3.55,121500.0,431325.0,3.55
000655.SZ,20260911,7.45,7.43,7.5,7.43,203400.0,1512630.08,7.44
000656.SZ,20260911,1.23,1.23,1.24,1.23,2024900.0,2490956.0,1.23
000657.SZ,20260911,57.8,57.83,58.0,57.8,724800.0,41920709.12,57.84
000659.SZ,20260911,2.98,2.97,2.98,2.97,105600.0,313648.0,2.97
000661.SZ,20260911,73.19,73.0,73.19,73.0,27500.0,2008086.08,73.02
000663.SZ,20260911,6.18,6.19,6.2,6.18,72200.0,446928.0,6.19
000665.SZ,20260911,4.17,4.17,4.17,4.16,7100.0,29601.0,4.17
000668.SZ,20260911,20.85,20.85,20.85,20.85,3300.0,68805.0,20.85
000669.SZ,20260911,4.14,4.14,4.14,4.14,12100.0,50094.0,4.14
000670.SZ,20260911,7.03,7.06,7.06,7.02,575700.0,4059384.0,7.05
000672.SZ,20260911,14.57,14.58,14.58,14.55,330700.0,4820061.12,14.58
000676.SZ,20260911,6.82,6.82,6.88,6.81,903200.0,6160152.32,6.82
000677.SZ,20260911,1.87,1.87,1.88,1.87,615100.0,1152715.04,1.87
000678.SZ,20260911,9.04,9.01,9.07,9.01,50000.0,450917.0,9.02
000679.SZ,20260911,6.72,6.7,6.72,6.7,257900.0,1728932.96,6.7
000680.SZ,20260911,10.37,10.37,10.38,10.35,101200.0,1048852.96,10.36
000681.SZ,20260911,16.69,16.67,16.79,16.67,146400.0,2440980.96,16.67
000682.SZ,20260911,11.05,11.06,11.06,11.05,75100.0,830456.96,11.06
000683.SZ,20260911,6.08,6.08,6.09,6.07,1027200.0,6245564.16,6.08
000685.SZ,20260911,11.35,11.35,11.35,11.34,108700.0,1233726.0,11.35
000686.SZ,20260911,7.96,7.99,7.99,7.96,196400.0,1568740.0,7.99
000688.SZ,20260911,27.09,27.14,27.14,27.01,132500.0,3594318.08,27.13
000690.SZ,20260911,5.22,5.21,5.25,5.21,455400.0,2374788.96,5.22
000691.SZ,20260911,9.98,10.0,10.0,9.98,8700.0,86946.0,9.99
000692.SZ,20260911,4.35,4.32,4.35,4.32,653700.0,2824485.12,4.32
000695.SZ,20260911,13.78,13.8,13.8,13.78,55800.0,770014.0,13.8
000697.SZ,20260911,9.21,9.21,9.21,9.2,16000.0,147286.0,9.21
000698.SZ,20260911,3.66,3.65,3.66,3.65,62300.0,227578.0,3.65
000700.SZ,20260911,11.61,11.6,11.62,11.6,138138.0,1603417.76,11.61
000701.SZ,20260911,5.21,5.21,5.21,5.21,38500.0,200585.0,5.21
000702.SZ,20260911,6.02,6.02,6.02,6.02,90700.0,546014.0,6.02
000703.SZ,20260911,18.03,18.0,18.04,18.0,744300.0,13404646.4,18.01
000705.SZ,20260911,7.19,7.18,7.19,7.18,48600.0,348952.0,7.18
000707.SZ,20260911,4.63,4.63,4.63,4.63,33000.0,152790.0,4.63
000708.SZ,20260911,13.51,13.45,13.51,13.45,68400.0,920588.96,13.46
000709.SZ,20260911,2.13,2.13,2.14,2.13,412700.0,879052.0,2.13
000710.SZ,20260911,8.51,8.52,8.52,8.5,108100.0,920934.0,8.52
000711.SZ,20260911,4.97,4.95,4.98,4.95,1595020.0,7905418.24,4.96
000712.SZ,20260911,10.83,10.9,10.94,10.82,1985800.0,21636805.12,10.9
000713.SZ,20260911,6.97,6.96,6.99,6.96,605200.0,4212706.88,6.96
000715.SZ,20260911,5.63,5.63,5.63,5.63,12900.0,72627.0,5.63
000716.SZ,20260911,5.68,5.65,5.72,5.64,955700.0,5410627.2,5.66
000717.SZ,20260911,2.3,2.3,2.3,2.29,67400.0,155019.0,2.3
000718.SZ,20260911,1.99,2.0,2.0,1.99,211900.0,423776.0,2.0
000719.SZ,20260911,12.13,12.1,12.13,12.1,7100.0,85916.0,12.1
000720.SZ,20260911,3.83,3.84,3.84,3.83,154400.0,592820.0,3.84
000721.SZ,20260911,7.29,7.3,7.36,7.28,407800.0,2979917.12,7.31
000722.SZ,20260911,15.3,15.12,15.3,14.96,4430870.08,67056967.68,15.13
000723.SZ,20260911,3.86,3.87,3.9,3.86,968500.0,3749944.0,3.87
000725.SZ,20260911,5.37,5.37,5.38,5.36,14448725.76,77580912.64,5.37
000726.SZ,20260911,5.88,5.88,5.89,5.88,25600.0,150529.0,5.88
000727.SZ,20260911,2.24,2.24,2.25,2.24,318799.0,714111.76,2.24
000728.SZ,20260911,7.72,7.72,7.72,7.72,163000.0,1258360.0,7.72
000729.SZ,20260911,11.07,11.08,11.09,11.07,26900.0,298049.0,11.08
000731.SZ,20260911,7.74,7.74,7.74,7.71,78900.0,610628.0,7.74
000733.SZ,20260911,39.81,39.85,39.93,39.81,75900.0,3024689.92,39.85
000735.SZ,20260911,6.54,6.51,6.6,6.51,2329900.0,15181443.84,6.52
000736.SZ,20260911,4.56,4.56,4.6,4.56,122500.0,559946.0,4.57
000737.SZ,20260911,14.84,14.76,14.86,14.76,9525274.24,140702033.92,14.77
000738.SZ,20260911,20.2,20.18,20.25,20.18,128763.0,2599275.52,20.19
000739.SZ,20260911,21.95,21.95,21.95,21.82,406300.0,8917454.08,21.95
000750.SZ,20260911,3.81,3.81,3.82,3.81,1317500.0,5019816.0,3.81
000751.SZ,20260911,4.88,4.88,4.9,4.86,2799800.0,13666517.76,4.88
000752.SZ,20260911,8.68,8.68,8.68,8.68,18000.0,156240.0,8.68
000753.SZ,20260911,5.18,5.14,5.18,5.14,285000.0,1467241.92,5.15
000755.SZ,20260911,4.86,4.86,4.88,4.86,14200.0,69014.0,4.86
000756.SZ,20260911,13.06,13.09,13.09,13.05,26600.0,347998.0,13.08
000757.SZ,20260911,4.29,4.29,4.29,4.29,18600.0,79794.0,4.29
000758.SZ,20260911,6.12,6.11,6.15,6.11,769200.0,4700551.04,6.11
000759.SZ,20260911,9.4,9.27,9.48,9.27,15800286.72,146756608.0,9.29
000761.SZ,20260911,2.41,2.41,2.41,2.41,40500.0,97605.0,2.41
000762.SZ,20260911,22.11,22.25,22.28,22.11,120500.0,2678960.0,22.23
000766.SZ,20260911,15.83,15.87,15.87,15.83,59800.0,948106.0,15.86
000767.SZ,20260911,3.53,3.54,3.55,3.53,1673200.0,5922908.16,3.54
000768.SZ,20260911,23.4,23.29,23.43,23.29,153800.0,3584560.96,23.31
000776.SZ,20260911,21.45,21.48,21.48,21.43,461400.0,9908560.0,21.48
000777.SZ,20260911,17.01,17.01,17.01,16.98,31900.0,542521.0,17.01
000778.SZ,20260911,3.77,3.77,3.78,3.77,1165800.0,4398103.04,3.77
000779.SZ,20260911,9.01,9.01,9.03,9.0,398800.0,3593293.12,9.01
000782.SZ,20260911,7.83,7.88,7.88,7.82,15700.0,123535.0,7.87
000783.SZ,20260911,8.88,8.88,8.9,8.87,2197040.0,19510196.48,8.88
000785.SZ,20260911,2.33,2.34,2.34,2.33,242300.0,566806.0,2.34
000786.SZ,20260911,16.16,16.16,16.19,16.16,71100.0,1149174.0,16.16
000788.SZ,20260911,5.49,5.5,5.5,5.48,43600.0,239771.0,5.5
000789.SZ,20260911,4.25,4.23,4.25,4.23,212900.0,900818.0,4.23
000790.SZ,20260911,4.09,4.09,4.11,4.09,22500.0,92030.0,4.09
000791.SZ,20260911,7.41,7.4,7.42,7.4,231268.0,1711729.28,7.4
000792.SZ,20260911,25.68,25.61,25.75,25.5,1070207.04,27418467.84,25.62
000793.SZ,20260911,2.15,2.15,2.15,2.15,52800.0,113520.0,2.15
000795.SZ,20260911,8.32,8.32,8.32,8.28,36400.0,302618.0,8.31
000796.SZ,20260911,4.42,4.43,4.5,4.41,1237800.0,5484805.12,4.43
000797.SZ,20260911,2.61,2.61,2.61,2.61,37299.0,97350.4,2.61
000798.SZ,20260911,11.71,11.74,11.8,11.6,1968600.0,23115637.76,11.74
000799.SZ,20260911,37.9,38.01,38.01,37.9,63400.0,2409379.04,38.0
000800.SZ,20260911,6.03,6.04,6.04,6.03,71500.0,431499.0,6.04
000801.SZ,20260911,12.3,12.31,12.32,12.3,42400.0,521862.0,12.31
000802.SZ,20260911,4.12,4.11,4.12,4.11,581200.0,2389278.08,4.11
000803.SZ,20260911,7.76,7.8,7.89,7.76,194700.0,1519732.96,7.81
000807.SZ,20260911,27.45,27.5,27.68,27.44,3112700.16,85606389.76,27.5
000809.SZ,20260911,3.51,3.5,3.51,3.5,146200.0,512138.0,3.5
000810.SZ,20260911,9.39,9.44,9.45,9.38,852200.0,8033532.16,9.43
000811.SZ,20260911,37.18,37.38,37.39,37.17,248800.0,9298311.68,37.37
000812.SZ,20260911,3.81,3.82,3.83,3.81,226400.0,864795.04,3.82
000813.SZ,20260911,3.31,3.32,3.32,3.3,641200.0,2126704.0,3.32
000815.SZ,20260911,15.29,15.28,15.35,15.28,511300.0,7814851.2,15.28
000816.SZ,20260911,3.05,3.05,3.05,3.05,705000.0,2150249.92,3.05
000818.SZ,20260911,11.94,11.96,11.96,11.91,70800.0,846315.04,11.95
000819.SZ,20260911,12.3,12.3,12.3,12.3,7200.0,88560.0,12.3
000820.SZ,20260911,3.6,3.61,3.61,3.58,21300.0,76871.0,3.61
000821.SZ,20260911,7.85,7.86,7.86,7.83,141200.0,1109471.04,7.86
000822.SZ,20260911,4.54,4.56,4.56,4.54,142300.0,648786.0,4.56
000823.SZ,20260911,18.55,18.63,18.68,18.55,5282200.0,98452715.52,18.64
000825.SZ,20260911,3.56,3.56,3.56,3.55,218300.0,777100.96,3.56
000826.SZ,20260911,1.89,1.89,1.91,1.89,1216900.0,2305859.04,1.9
000828.SZ,20260911,10.19,10.19,10.19,10.19,28300.0,288377.0,10.19
000829.SZ,20260911,9.04,9.06,9.1,9.04,143600.0,1301267.04,9.06
000830.SZ,20260911,12.52,12.5,12.53,12.5,284400.0,3556060.16,12.5
000831.SZ,20260911,52.38,52.4,52.4,52.2,231000.0,12101539.84,52.39
000833.SZ,20260911,22.35,22.31,22.49,22.31,860100.0,19207320.32,22.33
000837.SZ,20260911,9.56,9.57,9.57,9.56,64500.0,617232.0,9.57
000838.SZ,20260911,2.33,2.35,2.35,2.33,1143300.0,2685525.12,2.35
000839.SZ,20260911,3.1,3.15,3.15,3.08,35963000.32,113215600.64,3.15
000848.SZ,20260911,8.21,8.2,8.21,8.2,30700.0,251853.0,8.2
000850.SZ,20260911,4.15,4.13,4.15,4.13,43200.0,178588.0,4.13
000852.SZ,20260911,6.1,6.07,6.15,6.07,709100.0,4313874.88,6.08
000856.SZ,20260911,9.08,9.08,9.12,9.04,52200.0,474054.0,9.08
000858.SZ,20260911,70.29,70.3,70.34,70.25,173100.0,12168725.76,70.3
000859.SZ,20260911,8.57,8.57,8.58,8.57,129000.0,1105612.0,8.57
000860.SZ,20260911,10.81,10.78,10.82,10.78,136800.0,1475575.04,10.79
000862.SZ,20260911,5.5,5.51,5.51,5.49,153600.0,845780.0,5.51
000863.SZ,20260911,4.53,4.55,4.55,4.53,185000.0,841438.0,4.55
000868.SZ,20260911,3.59,3.6,3.6,3.59,32700.0,117719.0,3.6
000869.SZ,20260911,16.41,16.41,16.5,16.41,8800.0,144422.0,16.41
000875.SZ,20260911,5.01,5.02,5.02,5.01,154800.0,777040.96,5.02
000876.SZ,20260911,7.55,7.55,7.6,7.54,840000.0,6351240.96,7.56
000877.SZ,20260911,3.81,3.82,3.82,3.81,37900.0,144706.0,3.82
000878.SZ,20260911,17.62,17.59,17.7,17.59,2594879.04,45677987.84,17.6
000880.SZ,20260911,26.02,26.02,26.05,26.0,74500.0,1938460.96,26.02
000881.SZ,20260911,6.66,6.68,6.68,6.66,16600.0,110794.0,6.67
000882.SZ,20260911,1.54,1.55,1.55,1.54,160000.0,247944.0,1.55
000883.SZ,20260911,4.57,4.56,4.59,4.56,731740.96,3340488.0,4.57
000885.SZ,20260911,12.2,12.19,12.2,12.18,25400.0,309667.0,12.19
000886.SZ,20260911,4.86,4.86,4.86,4.85,42100.0,204584.0,4.86
000887.SZ,20260911,19.66,19.65,19.66,19.63,241100.0,4736966.08,19.65
000888.SZ,20260911,10.22,10.24,10.24,10.19,398188.0,4075396.8,10.23
000889.SZ,20260911,4.09,4.06,4.1,4.06,4154899.84,16886576.64,4.06
000890.SZ,20260911,8.4,8.39,8.42,8.39,420100.0,3525648.0,8.39
000892.SZ,20260911,4.67,4.65,4.69,4.65,2119000.0,9865598.72,4.66
000893.SZ,20260911,42.95,42.9,42.99,42.9,46800.0,2007887.04,42.9
000895.SZ,20260911,23.75,23.75,23.76,23.75,22500.0,534384.0,23.75
000897.SZ,20260911,1.92,1.92,1.93,1.92,83500.0,160366.0,1.92
000898.SZ,20260911,2.08,2.08,2.09,2.08,381000.0,793199.04,2.08
000899.SZ,20260911,9.74,9.71,9.83,9.7,443600.0,4310700.16,9.72
000900.SZ,20260911,3.69,3.68,3.69,3.68,40600.0,149463.0,3.68
000901.SZ,20260911,14.37,14.41,14.43,14.37,88400.0,1273227.04,14.4
000902.SZ,20260911,14.24,14.22,14.42,14.22,58000.0,825930.0,14.24
000903.SZ,20260911,2.1,2.1,2.11,2.1,758400.0,1592644.0,2.1
000905.SZ,20260911,9.37,9.31,9.37,9.3,463100.0,4313360.96,9.31
000906.SZ,20260911,6.2,6.21,6.25,6.2,103500.0,643005.0,6.21
000908.SZ,20260911,6.21,6.24,6.24,6.21,48100.0,299954.0,6.24
000909.SZ,20260911,5.08,5.08,5.1,5.05,527300.0,2680054.08,5.08
000910.SZ,20260911,5.37,5.37,5.38,5.37,10200.0,54780.0,5.37
000911.SZ,20260911,6.32,6.27,6.35,6.27,953300.0,5983072.0,6.28
000912.SZ,20260911,4.66,4.64,4.68,4.64,4671600.0,21693854.72,4.64
000913.SZ,20260911,10.91,10.98,10.98,10.91,17800.0,195138.0,10.96
000915.SZ,20260911,25.06,25.07,25.08,25.06,7000.0,175493.0,25.07
000917.SZ,20260911,6.95,6.95,6.98,6.95,258900.0,1799912.0,6.95
000919.SZ,20260911,6.59,6.59,6.6,6.59,44100.0,290624.0,6.59
000920.SZ,20260911,11.4,11.41,11.42,11.4,63500.0,724430.0,11.41
000921.SZ,20260911,28.02,28.02,28.12,28.02,12700.0,355874.0,28.02
000922.SZ,20260911,11.75,11.79,11.79,11.75,52000.0,612596.0,11.78
000923.SZ,20260911,17.38,17.34,17.43,17.29,1379400.0,23912232.96,17.33
000925.SZ,20260911,7.95,7.96,7.98,7.93,787400.0,6266524.8,7.96
000926.SZ,20260911,2.16,2.16,2.16,2.16,94199.0,203469.84,2.16
000927.SZ,20260911,2.54,2.54,2.55,2.54,222200.0,564398.0,2.54
000928.SZ,20260911,5.61,5.61,5.64,5.61,225300.0,1264064.96,5.61
000929.SZ,20260911,9.98,9.93,9.98,9.92,29600.0,294134.0,9.94
000930.SZ,20260911,6.0,5.85,6.19,5.85,33500549.12,196044369.92,5.85
000931.SZ,20260911,4.43,4.42,4.44,4.42,174900.0,773550.0,4.42
000932.SZ,20260911,3.61,3.61,3.62,3.6,639600.0,2308700.0,3.61
000933.SZ,20260911,27.28,27.28,27.43,27.27,2025700.96,55271700.48,27.29
000935.SZ,20260911,21.19,21.2,21.2,21.08,27400.0,580630.0,21.19
000936.SZ,20260911,5.51,5.5,5.53,5.5,77000.0,423595.0,5.5
000937.SZ,20260911,4.56,4.55,4.57,4.55,771100.0,3508949.12,4.55
000938.SZ,20260911,32.8,32.75,32.93,32.74,1908023.04,62504089.6,32.76
000948.SZ,20260911,13.89,13.8,13.89,13.8,44300.0,611883.0,13.81
000949.SZ,20260911,6.78,6.79,6.79,6.76,159100.0,1080172.0,6.79
000950.SZ,20260911,5.24,5.27,5.27,5.24,216000.0,1136392.0,5.26
000951.SZ,20260911,21.66,21.68,21.7,21.55,97800.0,2118980.96,21.67
000952.SZ,20260911,6.51,6.51,6.51,6.51,19000.0,123690.0,6.51
000953.SZ,20260911,6.16,6.16,6.17,6.16,32700.0,201448.0,6.16
000955.SZ,20260911,4.23,4.23,4.23,4.21,11100.0,46834.0,4.22
000957.SZ,20260911,10.31,10.38,10.39,10.31,132700.0,1376284.0,10.37
000958.SZ,20260911,5.29,5.28,5.29,5.28,180300.0,952520.0,5.28
000959.SZ,20260911,3.7,3.7,3.73,3.7,35100.0,129957.0,3.7
000960.SZ,20260911,33.53,33.52,33.6,33.45,711500.0,23848975.36,33.52
000962.SZ,20260911,49.62,49.62,49.8,49.49,243700.0,12093584.64,49.63
000963.SZ,20260911,26.56,26.59,26.59,26.56,78400.0,2084476.96,26.59
000965.SZ,20260911,3.32,3.34,3.34,3.32,174500.0,581741.0,3.33
000966.SZ,20260911,4.13,4.13,4.15,4.12,437000.0,1805016.96,4.13
000967.SZ,20260911,7.84,7.85,7.85,7.83,298200.0,2340560.0,7.85
000968.SZ,20260911,7.7,7.67,7.72,7.67,1299400.0,9980124.8,7.68
000969.SZ,20260911,16.81,16.81,16.85,16.77,205300.0,3451352.0,16.81
000970.SZ,20260911,11.5,11.54,11.54,11.5,148600.0,1712721.92,11.53
000972.SZ,20260911,4.24,4.22,4.26,4.22,6703399.68,28306856.96,4.22
000973.SZ,20260911,11.64,11.65,11.65,11.61,210700.0,2454006.08,11.65
000975.SZ,20260911,25.05,25.15,25.17,25.0,624000.0,15675133.44,25.12
000977.SZ,20260911,69.02,69.01,69.11,69.0,908014.0,62665277.44,69.01
000978.SZ,20260911,10.23,10.0,10.23,10.0,11140999.68,111598592.0,10.02
000980.SZ,20260911,1.99,1.96,2.0,1.96,14895098.88,29253222.4,1.96
000981.SZ,20260911,2.6,2.61,2.62,2.6,2305100.0,6016222.08,2.61
000983.SZ,20260911,6.89,6.89,6.9,6.88,528800.0,3643648.0,6.89
000985.SZ,20260911,17.92,17.88,17.95,17.88,29700.0,531394.0,17.89
000987.SZ,20260911,7.61,7.61,7.62,7.6,211400.0,1608511.04,7.61
000988.SZ,20260911,105.2,105.57,105.88,105.1,1226720.0,129447383.04,105.52
000989.SZ,20260911,8.66,8.68,8.68,8.66,78800.0,683674.0,8.68
000990.SZ,20260911,6.68,6.67,6.69,6.66,459680.0,3066970.88,6.67
000993.SZ,20260911,13.88,13.88,13.88,13.88,8379098.88,116301895.68,13.88
000995.SZ,20260911,11.39,11.33,11.39,11.33,24100.0,273083.0,11.33
000997.SZ,20260911,19.96,20.0,20.0,19.96,54200.0,1083771.04,20.0
000998.SZ,20260911,9.54,9.51,9.58,9.51,1008000.0,9595992.96,9.52
000999.SZ,20260911,24.23,24.25,24.3,24.23,72400.0,1756060.96,24.26
001201.SZ,20260911,13.43,13.41,13.43,13.41,70800.0,949494.0,13.41
001202.SZ,20260911,14.42,14.42,14.42,14.42,3400.0,49028.0,14.42
001203.SZ,20260911,24.94,25.01,25.04,24.94,54300.0,1357572.0,25.0
001205.SZ,20260911,14.68,14.75,14.76,14.68,37900.0,558950.0,14.75
001206.SZ,20260911,16.37,16.39,16.4,16.32,26000.0,426026.0,16.39
001207.SZ,20260911,16.94,16.94,16.94,16.92,73700.0,1248400.96,16.94
001208.SZ,20260911,14.25,14.28,14.28,14.22,47100.0,672204.96,14.27
001209.SZ,20260911,18.66,18.63,18.74,18.63,26300.0,490025.0,18.63
001210.SZ,20260911,27.68,27.67,27.68,27.67,16900.0,467632.0,27.67
001211.SZ,20260911,23.32,23.4,23.4,23.3,9500.0,221981.0,23.37
001212.SZ,20260911,32.22,32.19,32.22,32.19,3400.0,109460.0,32.19
001213.SZ,20260911,3.57,3.57,3.57,3.56,85900.0,306569.0,3.57
001215.SZ,20260911,30.6,30.59,30.6,30.59,9800.0,299783.0,30.59
001216.SZ,20260911,14.52,14.51,14.52,14.51,12100.0,175615.0,14.51
001217.SZ,20260911,10.41,10.39,10.41,10.38,17000.0,176576.0,10.39
001218.SZ,20260911,23.23,23.23,23.23,23.23,17100.0,397233.0,23.23
001219.SZ,20260911,12.81,12.83,12.85,12.81,5900.0,75671.0,12.83
001220.SZ,20260911,31.21,31.21,31.21,31.21,2600.0,81146.0,31.21
001221.SZ,20260911,36.99,36.48,37.0,36.48,41200.0,1503764.0,36.5
001222.SZ,20260911,15.79,15.78,15.79,15.78,78700.0,1242050.0,15.78
001223.SZ,20260911,41.0,41.0,41.0,40.72,5100.0,209072.0,41.0
001225.SZ,20260911,46.41,46.41,46.43,46.41,24100.0,1118484.96,46.41
001226.SZ,20260911,45.5,45.71,45.71,45.5,2200.0,100520.0,45.69
001227.SZ,20260911,2.17,2.17,2.18,2.17,386900.0,840028.96,2.17
001228.SZ,20260911,29.8,29.97,29.98,29.8,15100.0,452559.0,29.97
001229.SZ,20260911,39.43,39.39,39.48,39.39,28600.0,1127110.0,39.41
001230.SZ,20260911,18.91,18.92,18.92,18.91,5500.0,104050.0,18.92
001231.SZ,20260911,20.95,20.94,20.99,20.94,20000.0,418818.0,20.94
001232.SZ,20260911,163.5,163.1,164.0,163.1,73500.0,11995078.4,163.2
001233.SZ,20260911,43.01,43.01,43.01,43.01,5400.0,232254.0,43.01
001234.SZ,20260911,23.8,23.8,23.8,23.8,13500.0,321300.0,23.8
001236.SZ,20260911,8.13,8.11,8.24,8.11,221900.0,1801040.0,8.12
001237.SZ,20260911,49.08,49.3,49.3,49.03,4800.0,236383.0,49.25
001238.SZ,20260911,24.0,23.88,24.39,23.88,1600.0,38691.0,24.18
001239.SZ,20260911,12.18,12.18,12.18,12.18,1100.0,13398.0,12.18
001248.SZ,20260911,12.08,12.07,12.08,12.06,566600.0,6838743.04,12.07
001255.SZ,20260911,26.98,26.8,26.98,26.8,2800.0,75058.0,26.81
001256.SZ,20260911,21.65,21.69,21.69,21.3,10900.0,234901.0,21.55
001257.SZ,20260911,23.71,23.8,23.8,23.71,102800.0,2445337.92,23.79
001258.SZ,20260911,12.21,12.29,12.3,12.21,1106500.0,13596564.48,12.29
001259.SZ,20260911,45.16,45.16,45.16,45.16,2700.0,121932.0,45.16
001260.SZ,20260911,18.01,18.1,18.1,18.01,10900.0,197189.0,18.09
001266.SZ,20260911,32.28,32.28,32.28,32.28,7400.0,238872.0,32.28
001267.SZ,20260911,35.98,36.0,36.12,35.86,216700.0,7801164.16,36.0
001268.SZ,20260911,25.08,25.08,25.08,25.08,5700.0,142956.0,25.08
001269.SZ,20260911,19.54,19.56,19.56,19.54,6700.0,131021.0,19.56
001270.SZ,20260911,95.5,95.5,95.88,95.48,35000.0,3344031.04,95.54
001277.SZ,20260911,29.92,29.9,30.0,29.9,49700.0,1487035.04,29.92
001278.SZ,20260911,15.79,15.8,15.85,15.73,120700.0,1906840.96,15.8
001279.SZ,20260911,25.48,25.48,25.48,25.48,1000.0,25480.0,25.48
001280.SZ,20260911,66.0,65.88,66.1,65.81,90400.0,5956376.32,65.89
001282.SZ,20260911,16.01,16.02,16.02,16.01,2200.0,35243.0,16.02
001283.SZ,20260911,48.8,48.94,48.94,48.51,46400.0,2269740.0,48.92
001285.SZ,20260911,42.25,42.29,42.29,42.25,15800.0,668178.0,42.29
001286.SZ,20260911,9.65,9.65,9.66,9.65,156700.0,1512224.0,9.65
001287.SZ,20260911,22.11,22.15,22.15,22.11,147600.0,3268597.12,22.15
001288.SZ,20260911,29.41,29.35,29.41,29.1,11100.0,325647.0,29.34
001289.SZ,20260911,15.18,15.17,15.2,15.16,73600.0,1116740.0,15.17
001296.SZ,20260911,19.43,19.45,19.5,19.42,69800.0,1357719.04,19.45
001298.SZ,20260911,17.13,17.13,17.2,17.11,92200.0,1579643.04,17.13
001299.SZ,20260911,12.31,12.07,12.5,12.07,2103700.0,25481259.52,12.11
001300.SZ,20260911,11.92,11.92,11.92,11.88,15700.0,186977.0,11.91
001301.SZ,20260911,52.98,53.0,53.0,52.98,11800.0,625347.0,53.0
001306.SZ,20260911,53.05,53.18,53.18,53.05,2700.0,143287.0,53.07
001308.SZ,20260911,17.5,17.5,17.5,17.5,4000.0,70000.0,17.5
001309.SZ,20260911,405.05,405.0,406.0,404.69,226008.0,91544320.0,405.05
001311.SZ,20260911,16.84,16.84,16.84,16.81,13100.0,220554.0,16.84
001312.SZ,20260911,17.12,17.12,17.17,17.12,7900.0,135288.0,17.13
001313.SZ,20260911,7.92,7.9,7.92,7.9,49500.0,391258.0,7.9
001314.SZ,20260911,48.68,48.74,48.74,48.67,17400.0,847760.96,48.72
001316.SZ,20260911,29.67,29.66,29.85,29.64,72200.0,2142067.04,29.67
001317.SZ,20260911,51.15,51.14,51.15,51.0,13600.0,695339.04,51.13
001318.SZ,20260911,11.76,11.77,11.77,11.76,4100.0,48241.0,11.77
001319.SZ,20260911,20.51,20.51,20.52,20.51,6100.0,125117.0,20.51
001322.SZ,20260911,6.4,6.39,6.44,6.39,11500.0,73512.0,6.39
001323.SZ,20260911,17.69,17.7,17.71,17.67,3800.0,67217.0,17.69
001324.SZ,20260911,20.97,20.99,20.99,20.92,32300.0,677300.96,20.97
001325.SZ,20260911,38.35,38.35,38.35,38.35,4900.0,187915.0,38.35
001326.SZ,20260911,72.88,73.09,73.09,72.78,7500.0,548078.0,73.08
001328.SZ,20260911,29.68,29.68,29.71,29.68,4400.0,130595.0,29.68
001330.SZ,20260911,5.65,5.63,5.66,5.63,2149100.0,12104826.88,5.63
001331.SZ,20260911,42.45,42.0,42.45,42.0,31400.0,1320796.0,42.06
001332.SZ,20260911,26.18,26.18,26.18,26.18,3700.0,96866.0,26.18
001333.SZ,20260911,19.57,19.58,19.58,19.57,1800.0,35240.0,19.58
001335.SZ,20260911,31.33,31.41,31.41,31.33,2900.0,90979.0,31.37
001336.SZ,20260911,18.15,18.11,18.37,18.11,19200.0,347742.0,18.11
001337.SZ,20260911,49.9,50.07,50.15,49.9,331300.0,16583536.64,50.06
001338.SZ,20260911,9.87,9.83,9.9,9.83,477800.0,4702744.96,9.84
001339.SZ,20260911,73.35,73.8,73.81,73.28,20300.0,1497059.04,73.75
001356.SZ,20260911,9.07,9.05,9.08,9.02,10800.0,97826.0,9.06
001358.SZ,20260911,23.16,22.97,23.16,22.97,15800.0,362945.0,22.97
001359.SZ,20260911,82.71,82.62,82.71,82.42,12600.0,1040942.0,82.61
001360.SZ,20260911,19.53,19.5,19.79,19.5,128100.0,2498783.04,19.51
001365.SZ,20260911,33.11,33.14,33.14,33.11,13900.0,460583.0,33.13
001366.SZ,20260911,13.56,13.44,13.56,13.44,336100.0,4520798.08,13.45
001367.SZ,20260911,19.96,20.02,20.02,19.95,3100.0,62029.0,20.01
001368.SZ,20260911,27.28,27.5,27.5,27.06,36600.0,1005730.0,27.48
001369.SZ,20260911,12.19,12.21,12.21,12.19,18300.0,223375.0,12.21
001373.SZ,20260911,28.05,28.1,28.1,28.05,15000.0,421292.0,28.09
001376.SZ,20260911,11.49,11.53,11.54,11.49,248000.0,2859457.92,11.53
001378.SZ,20260911,19.31,19.31,19.31,19.31,88100.0,1701211.04,19.31
001379.SZ,20260911,16.13,16.21,16.22,16.13,12300.0,199372.0,16.21
001380.SZ,20260911,18.12,18.15,18.19,18.12,22500.0,408282.0,18.15
001382.SZ,20260911,16.23,16.23,16.25,16.23,33500.0,543725.0,16.23
001386.SZ,20260911,15.84,15.75,15.84,15.75,9100.0,143499.0,15.77
001387.SZ,20260911,11.91,11.9,11.93,11.9,12200.0,145205.0,11.9
001388.SZ,20260911,22.4,22.53,22.53,22.25,91400.0,2056895.04,22.5
001389.SZ,20260911,170.32,170.02,170.66,170.02,69900.0,11889007.36,170.09
001390.SZ,20260911,16.66,16.71,16.71,16.66,1400.0,23375.0,16.7
001391.SZ,20260911,4.08,4.08,4.08,4.08,211800.0,864144.0,4.08
001393.SZ,20260911,40.3,40.3,40.3,40.25,7000.0,282095.0,40.3
001395.SZ,20260911,28.88,28.89,28.89,28.88,8600.0,248443.0,28.89
001396.SZ,20260911,31.82,31.83,31.83,31.82,3700.0,117739.0,31.82
001399.SZ,20260911,19.92,19.97,19.97,19.9,153100.0,3055516.16,19.96
001400.SZ,20260911,74.45,74.5,74.5,74.14,10100.0,752131.04,74.47
001696.SZ,20260911,15.42,15.41,15.46,15.41,349700.0,5390529.28,15.42
001872.SZ,20260911,23.56,23.4,23.58,23.4,14300.0,334782.0,23.41
001896.SZ,20260911,12.21,12.24,12.25,12.18,1741400.0,21305297.92,12.24
001914.SZ,20260911,9.01,9.01,9.01,9.0,20900.0,188290.0,9.01
001965.SZ,20260911,9.74,9.73,9.75,9.73,32000.0,311477.0,9.73
001979.SZ,20260911,6.8,6.8,6.81,6.78,641300.0,4359699.84,6.8
002001.SZ,20260911,26.9,26.9,26.91,26.88,116700.0,3139152.96,26.9
002003.SZ,20260911,11.57,11.56,11.61,11.56,36100.0,417568.0,11.57
002004.SZ,20260911,4.48,4.45,4.49,4.43,4418432.0,19668864.0,4.45
002005.SZ,20260911,2.35,2.34,2.35,2.34,25999.0,60895.66,2.34
002006.SZ,20260911,13.63,13.65,13.68,13.63,42400.0,578773.0,13.65
002007.SZ,20260911,13.1,13.11,13.12,13.1,105900.0,1388051.04,13.11
002008.SZ,20260911,92.5,92.22,92.89,92.2,360700.0,33299932.16,92.32
002009.SZ,20260911,15.63,15.63,15.66,15.6,28700.0,448570.0,15.63
002010.SZ,20260911,4.7,4.69,4.7,4.69,75700.0,355064.0,4.69
002011.SZ,20260911,13.19,13.13,13.39,13.13,1748062.08,23086343.68,13.21
002012.SZ,20260911,7.09,7.09,7.09,7.08,25700.0,182206.0,7.09
002014.SZ,20260911,11.3,11.34,11.34,11.3,6600.0,74716.0,11.32
002015.SZ,20260911,16.8,16.84,16.84,16.72,1182400.0,19877780.48,16.81
002016.SZ,20260911,4.7,4.7,4.7,4.7,18100.0,85070.0,4.7
002017.SZ,20260911,15.13,15.2,15.28,15.11,401500.0,6100805.76,15.2
002019.SZ,20260911,9.43,9.44,9.44,9.43,42500.0,401130.0,9.44
002020.SZ,20260911,11.62,11.63,11.63,11.62,50000.0,581480.0,11.63
002021.SZ,20260911,2.7,2.71,2.71,2.7,189100.0,512092.0,2.71
002022.SZ,20260911,5.72,5.72,5.73,5.71,17900.0,102386.0,5.72
002023.SZ,20260911,9.57,9.58,9.62,9.51,56700.0,543488.0,9.59
002024.SZ,20260911,1.18,1.18,1.18,1.18,722300.0,852314.0,1.18
002025.SZ,20260911,62.55,62.55,62.7,62.54,68300.0,4272865.92,62.56
002026.SZ,20260911,11.29,11.3,11.3,11.29,124700.0,1408801.92,11.3
002027.SZ,20260911,4.78,4.78,4.79,4.77,1536100.0,7341281.28,4.78
002028.SZ,20260911,134.2,134.95,134.95,133.9,47400.0,6391230.72,134.84
002029.SZ,20260911,8.51,8.52,8.56,8.5,217900.0,1856350.08,8.52
002030.SZ,20260911,5.35,5.36,5.36,5.35,213200.0,1141810.0,5.36
002031.SZ,20260911,5.11,5.1,5.12,5.1,558500.0,2849381.12,5.1
002032.SZ,20260911,38.55,38.51,38.69,38.51,22000.0,847392.0,38.52
002033.SZ,20260911,9.11,9.1,9.11,9.07,687500.0,6254611.84,9.1
002034.SZ,20260911,14.42,14.41,14.42,14.4,31900.0,459674.0,14.41
002035.SZ,20260911,4.65,4.65,4.65,4.64,247300.0,1148864.0,4.65
002036.SZ,20260911,6.39,6.39,6.4,6.38,240600.0,1537348.96,6.39
002037.SZ,20260911,7.16,7.17,7.17,7.11,32300.0,231233.0,7.16
002038.SZ,20260911,5.7,5.7,5.71,5.68,104600.0,595930.0,5.7
002039.SZ,20260911,19.43,19.45,19.46,19.41,37800.0,735176.96,19.45
002040.SZ,20260911,10.01,9.97,10.16,9.97,5331900.16,53195699.2,9.98
002041.SZ,20260911,11.34,11.3,11.39,11.27,1152300.0,13036171.52,11.31
002042.SZ,20260911,3.92,3.89,3.92,3.89,569500.0,2218224.96,3.9
002043.SZ,20260911,11.21,11.2,11.22,11.19,36300.0,406590.0,11.2
002044.SZ,20260911,4.59,4.59,4.6,4.58,316500.0,1452508.96,4.59
002045.SZ,20260911,8.82,8.79,8.87,8.78,400500.0,3523453.12,8.8
002046.SZ,20260911,58.5,58.83,58.85,58.5,199100.0,11710136.32,58.82
002047.SZ,20260911,3.51,3.52,3.52,3.51,164700.0,579479.0,3.52
002048.SZ,20260911,17.95,17.96,17.96,17.94,62500.0,1122438.0,17.96
002049.SZ,20260911,60.01,60.03,60.05,60.01,128900.0,7737920.0,60.03
002050.SZ,20260911,35.16,35.18,35.19,35.13,662663.0,23309711.36,35.18
002051.SZ,20260911,8.6,8.6,8.61,8.59,201800.0,1735177.92,8.6
002052.SZ,20260911,8.52,8.52,8.52,8.51,27500.0,234280.0,8.52
002053.SZ,20260911,10.04,10.05,10.05,10.01,157800.0,1585328.0,10.05
002054.SZ,20260911,7.17,7.18,7.18,7.16,45100.0,323748.0,7.18
002055.SZ,20260911,6.45,6.45,6.47,6.43,209900.0,1353488.96,6.45
002056.SZ,20260911,19.53,19.56,19.56,19.51,118500.0,2317024.96,19.55
002057.SZ,20260911,8.69,8.72,8.72,8.69,227500.0,1981952.0,8.71
002058.SZ,20260911,15.71,15.68,15.71,15.68,10400.0,163250.0,15.7
002059.SZ,20260911,5.98,6.0,6.02,5.94,3939000.0,23614231.04,6.0
002060.SZ,20260911,3.21,3.21,3.21,3.21,215200.0,690792.0,3.21
002061.SZ,20260911,3.38,3.39,3.39,3.38,143400.0,486116.0,3.39
002062.SZ,20260911,8.82,8.82,8.87,8.8,75500.0,666146.0,8.82
002063.SZ,20260911,5.49,5.48,5.49,5.48,189024.0,1036126.48,5.48
002064.SZ,20260911,10.47,10.5,10.52,10.45,127600.0,1339550.0,10.5
002065.SZ,20260911,6.7,6.7,6.71,6.7,221700.0,1485596.96,6.7
002066.SZ,20260911,20.56,20.56,20.56,20.56,1100.0,22616.0,20.56
002067.SZ,20260911,4.08,4.08,4.09,4.07,92700.0,378207.0,4.08
002068.SZ,20260911,10.24,10.29,10.29,10.22,3599400.0,36998735.36,10.28
002069.SZ,20260911,3.9,3.92,3.92,3.9,87800.0,344076.0,3.92
002072.SZ,20260911,7.87,7.87,7.92,7.76,200700.0,1580208.96,7.87
002073.SZ,20260911,5.78,5.78,5.78,5.77,51400.0,297047.0,5.78
002074.SZ,20260911,25.24,25.25,25.25,25.22,140200.0,3537597.12,25.23
002075.SZ,20260911,3.68,3.68,3.68,3.67,94900.0,349017.0,3.68
002076.SZ,20260911,2.12,2.11,2.12,2.11,196499.0,415319.88,2.11
002077.SZ,20260911,13.77,13.81,13.87,13.65,2269800.0,31316136.96,13.8
002078.SZ,20260911,14.42,14.42,14.42,14.38,70200.0,1011600.0,14.41
002079.SZ,20260911,8.82,8.81,8.84,8.81,211300.0,1861831.04,8.81
002080.SZ,20260911,49.75,49.8,49.8,49.63,175100.0,8716140.16,49.78
002081.SZ,20260911,4.88,4.9,4.9,4.87,2388400.0,11694222.08,4.9
002082.SZ,20260911,9.05,9.1,9.1,9.05,301100.0,2734275.84,9.08
002083.SZ,20260911,9.62,9.64,9.66,9.6,330600.0,3184700.16,9.63
002084.SZ,20260911,5.62,5.63,5.71,5.62,3990400.0,22519923.2,5.64
002085.SZ,20260911,10.18,10.2,10.2,10.17,85000.0,866628.96,10.2
002086.SZ,20260911,2.18,2.17,2.18,2.16,343799.0,745378.8,2.17
002088.SZ,20260911,7.98,8.02,8.02,7.98,19700.0,157986.0,8.02
002090.SZ,20260911,9.08,9.08,9.08,9.07,25700.0,233313.0,9.08
002091.SZ,20260911,7.63,7.64,7.64,7.63,28600.0,218423.0,7.64
002092.SZ,20260911,4.84,4.82,4.84,4.81,340300.0,1640883.04,4.82
002093.SZ,20260911,7.25,7.25,7.3,7.25,400700.0,2906782.08,7.25
002094.SZ,20260911,5.46,5.47,5.49,5.46,415800.0,2275612.96,5.47
002095.SZ,20260911,15.3,15.31,15.34,15.29,101900.0,1559961.92,15.31
002096.SZ,20260911,9.52,9.54,9.54,9.52,16300.0,155486.0,9.54
002097.SZ,20260911,7.52,7.55,7.57,7.51,167400.0,1262420.96,7.54
002098.SZ,20260911,8.02,8.05,8.05,8.02,16200.0,130254.0,8.04
002099.SZ,20260911,5.25,5.25,5.31,5.24,537000.0,2828445.12,5.27
002100.SZ,20260911,8.19,8.2,8.22,8.19,104200.0,854480.96,8.2
002101.SZ,20260911,8.73,8.73,8.73,8.73,11700.0,102141.0,8.73
002102.SZ,20260911,2.68,2.67,2.68,2.67,67400.0,180105.0,2.67
002103.SZ,20260911,6.68,6.69,6.69,6.68,33500.0,224065.0,6.69
002104.SZ,20260911,12.18,12.16,12.22,12.16,766200.0,9319144.96,12.16
002105.SZ,20260911,6.15,6.17,6.18,6.13,32700.0,201674.0,6.17
002106.SZ,20260911,10.65,10.65,10.66,10.64,139500.0,1485660.96,10.65
002107.SZ,20260911,6.94,6.97,6.97,6.93,347900.0,2422878.08,6.96
002108.SZ,20260911,4.46,4.46,4.48,4.46,690300.0,3079487.04,4.46
002109.SZ,20260911,2.9,2.9,2.92,2.9,101100.0,293343.0,2.9
002110.SZ,20260911,3.05,3.03,3.05,3.03,150100.0,456802.0,3.04
002111.SZ,20260911,9.93,9.92,9.93,9.88,50100.0,496638.0,9.91
002112.SZ,20260911,14.75,14.81,14.82,14.75,152200.0,2253588.96,14.81
002114.SZ,20260911,7.63,7.72,7.72,7.63,165300.0,1274344.0,7.71
002115.SZ,20260911,10.3,10.3,10.31,10.3,332200.0,3421791.04,10.3
002116.SZ,20260911,7.38,7.39,7.39,7.38,15400.0,113800.0,7.39
002117.SZ,20260911,8.0,8.0,8.02,8.0,42400.0,339220.0,8.0
002119.SZ,20260911,22.6,22.61,22.65,22.55,259400.0,5864120.32,22.61
002120.SZ,20260911,6.84,6.84,6.84,6.83,97000.0,663479.0,6.84
002121.SZ,20260911,5.02,5.02,5.02,5.0,513200.0,2575280.0,5.02
002122.SZ,20260911,2.73,2.73,2.73,2.72,168500.0,459905.0,2.73
002123.SZ,20260911,7.84,7.84,7.92,7.84,47700.0,374223.0,7.85
002124.SZ,20260911,2.4,2.41,2.43,2.39,1637600.0,3949192.96,2.41
002125.SZ,20260911,12.09,12.1,12.12,12.07,90900.0,1099499.04,12.1
002126.SZ,20260911,38.98,39.0,39.07,38.9,214400.0,8362675.84,39.01
002127.SZ,20260911,3.03,3.01,3.03,3.01,135800.0,408930.0,3.01
002128.SZ,20260911,27.9,28.0,28.0,27.88,168000.0,4701902.08,27.99
002129.SZ,20260911,8.78,8.79,8.79,8.77,619200.0,5439054.08,8.78
002130.SZ,20260911,16.92,16.96,16.96,16.91,345700.0,5857468.8,16.94
002131.SZ,20260911,4.47,4.48,4.49,4.46,1564700.0,7004654.08,4.48
002132.SZ,20260911,4.27,4.27,4.29,4.26,719000.0,3070954.88,4.27
002133.SZ,20260911,2.89,2.9,2.9,2.89,41800.0,121161.0,2.9
002134.SZ,20260911,21.8,22.0,22.08,21.8,179900.0,3954000.0,21.98
002135.SZ,20260911,6.2,6.18,6.2,6.18,18500.0,114352.0,6.18
002136.SZ,20260911,12.54,12.41,12.54,12.41,12600.0,156987.0,12.46
002137.SZ,20260911,7.47,7.47,7.47,7.45,57400.0,428445.0,7.46
002138.SZ,20260911,46.16,46.2,46.4,46.07,131300.0,6066407.68,46.2
002139.SZ,20260911,9.23,9.23,9.24,9.21,43800.0,404242.04,9.23
002140.SZ,20260911,9.58,9.59,9.59,9.52,57900.0,554655.0,9.58
002141.SZ,20260911,6.19,6.18,6.23,6.18,2135823.04,13211928.32,6.19
002142.SZ,20260911,35.98,35.95,35.98,35.91,176470.0,6344130.56,35.95
002144.SZ,20260911,10.97,10.95,11.03,10.95,29600.0,324160.0,10.95
002145.SZ,20260911,4.24,4.25,4.25,4.24,575400.0,2443614.08,4.25
002146.SZ,20260911,1.19,1.19,1.2,1.18,2012100.0,2394388.96,1.19
002148.SZ,20260911,6.4,6.4,6.4,6.39,14700.0,94060.0,6.4
002149.SZ,20260911,33.58,33.58,33.61,33.51,80900.0,2716513.92,33.58
002150.SZ,20260911,20.3,20.33,20.41,20.3,47200.0,959610.0,20.33
002151.SZ,20260911,28.65,28.65,28.65,28.62,53600.0,1535448.0,28.65
002152.SZ,20260911,9.41,9.42,9.42,9.4,288100.0,2713495.04,9.42
002153.SZ,20260911,7.69,7.71,7.71,7.69,71900.0,554095.0,7.71
002154.SZ,20260911,4.06,4.06,4.06,4.05,61500.0,249560.0,4.06
002155.SZ,20260911,27.94,28.05,28.24,27.81,3187000.0,89381795.84,28.05
002156.SZ,20260911,57.02,57.01,57.11,57.0,1069116.96,60967470.08,57.03
002157.SZ,20260911,3.19,3.19,3.2,3.19,973000.0,3106298.88,3.19
002158.SZ,20260911,25.8,25.8,25.87,25.75,139700.0,3604256.0,25.8
002159.SZ,20260911,13.85,13.95,13.96,13.85,11500.0,160346.0,13.94
002160.SZ,20260911,4.03,4.04,4.04,4.02,169300.0,683548.0,4.04
002161.SZ,20260911,8.04,8.04,8.04,8.04,5098200.0,40989527.04,8.04
002162.SZ,20260911,4.39,4.4,4.41,4.36,2451900.0,10771301.12,4.39
002163.SZ,20260911,8.9,8.88,8.94,8.88,370000.0,3292186.88,8.9
002164.SZ,20260911,10.4,10.45,10.45,10.4,19200.0,200391.0,10.44
002165.SZ,20260911,7.45,7.49,7.55,7.45,584200.0,4376631.04,7.49
002166.SZ,20260911,7.19,7.19,7.2,7.15,421700.0,3031293.12,7.19
002167.SZ,20260911,15.05,15.01,15.06,15.0,572700.0,8597329.92,15.01
002168.SZ,20260911,3.71,3.65,3.71,3.65,152800.0,557750.0,3.65
002169.SZ,20260911,12.04,12.06,12.06,12.01,206100.0,2484291.04,12.05
002170.SZ,20260911,11.62,11.65,11.65,11.62,352700.0,4107398.08,11.65
002171.SZ,20260911,10.82,10.86,10.88,10.76,4187500.16,45449856.0,10.85
002172.SZ,20260911,4.6,4.54,4.63,4.54,6534099.84,29705605.12,4.55
002173.SZ,20260911,17.5,17.51,17.51,17.48,147900.0,2589340.96,17.51
002174.SZ,20260911,13.4,13.33,13.46,13.3,3631200.0,48469821.44,13.35
002175.SZ,20260911,2.53,2.53,2.53,2.53,100400.0,254012.0,2.53
002176.SZ,20260911,8.76,8.77,8.79,8.75,504300.0,4421158.08,8.77
002177.SZ,20260911,5.88,5.88,5.88,5.86,174100.0,1023060.0,5.88
002178.SZ,20260911,4.71,4.74,4.74,4.71,15100.0,71516.0,4.74
002179.SZ,20260911,34.52,34.52,34.55,34.5,77300.0,2668184.0,34.52
002180.SZ,20260911,16.46,16.45,16.54,16.45,37500.0,617504.0,16.47
002181.SZ,20260911,9.04,9.03,9.09,9.03,715400.0,6462245.12,9.03
002182.SZ,20260911,11.61,11.62,11.62,11.58,155000.0,1800281.92,11.62
002183.SZ,20260911,4.44,4.44,4.45,4.44,212900.0,945436.0,4.44
002184.SZ,20260911,9.73,9.73,9.73,9.73,6300.0,61299.0,9.73
002185.SZ,20260911,16.0,16.01,16.03,15.98,2871699.84,45965045.76,16.01
002186.SZ,20260911,9.8,9.84,9.86,9.8,73700.0,724999.04,9.84
002187.SZ,20260911,5.91,5.84,5.92,5.84,242400.0,1426296.96,5.88
002188.SZ,20260911,5.59,5.59,5.6,5.59,155100.0,867054.0,5.59
002189.SZ,20260911,19.01,19.06,19.1,19.01,6800.0,129575.0,19.06
002190.SZ,20260911,25.33,25.28,25.37,25.28,80100.0,2026916.0,25.31
002191.SZ,20260911,3.62,3.61,3.62,3.61,98700.0,356337.0,3.61
002192.SZ,20260911,62.32,62.48,62.49,62.0,332600.0,20736071.68,62.35
002193.SZ,20260911,5.07,5.07,5.07,5.07,5000.0,25350.0,5.07
002194.SZ,20260911,10.74,10.63,10.76,10.63,808400.0,8604165.12,10.64
002195.SZ,20260911,6.13,6.13,6.15,6.12,604800.0,3708236.16,6.13
002196.SZ,20260911,10.24,10.23,10.25,10.23,209700.0,2146288.0,10.23
002197.SZ,20260911,6.79,6.81,6.81,6.79,38300.0,260621.0,6.81
002198.SZ,20260911,3.73,3.72,3.73,3.72,18300.0,68077.0,3.72
002199.SZ,20260911,11.96,11.92,12.0,11.92,18900.0,225368.0,11.92
002200.SZ,20260911,6.79,6.8,6.81,6.79,24700.0,167956.0,6.8
002201.SZ,20260911,10.01,9.97,10.04,9.9,3138800.0,31301957.12,9.97
002202.SZ,20260911,18.0,18.01,18.08,17.98,1189900.0,21430382.08,18.01
002203.SZ,20260911,19.7,19.7,19.74,19.65,558100.0,10994342.4,19.7
002204.SZ,20260911,5.71,5.76,5.76,5.65,6180899.84,35509824.0,5.75
002205.SZ,20260911,11.06,11.04,11.21,11.04,27500.0,303830.0,11.05
002206.SZ,20260911,5.2,5.2,5.2,5.2,58100.0,302120.0,5.2
002207.SZ,20260911,5.97,5.95,5.97,5.95,182200.0,1084527.04,5.95
002208.SZ,20260911,9.88,9.91,9.91,9.86,384200.0,3805231.04,9.9
002209.SZ,20260911,13.21,13.25,13.26,13.21,18600.0,246439.0,13.25
002210.SZ,20260911,2.25,2.25,2.26,2.25,317500.0,714407.04,2.25
002211.SZ,20260911,3.91,3.92,3.92,3.91,74900.0,293512.0,3.92
002212.SZ,20260911,6.64,6.66,6.68,6.61,2498000.0,16642534.4,6.66
002213.SZ,20260911,26.93,26.97,26.99,26.93,61600.0,1661321.92,26.97
002214.SZ,20260911,17.0,17.0,17.08,17.0,44400.0,755048.0,17.01
002215.SZ,20260911,10.34,10.36,10.38,10.31,274500.0,2843562.88,10.36
002216.SZ,20260911,11.8,11.81,11.82,11.8,72700.0,858592.0,11.81
002217.SZ,20260911,1.45,1.45,1.46,1.45,1422100.0,2062304.0,1.45
002218.SZ,20260911,4.0,4.0,4.0,3.99,186000.0,743442.0,4.0
002219.SZ,20260911,2.13,2.13,2.14,2.13,481300.0,1025172.0,2.13
002221.SZ,20260911,6.08,6.07,6.08,6.06,202700.0,1230479.04,6.07
002222.SZ,20260911,65.56,65.6,65.65,65.51,161800.0,10613582.08,65.6
002223.SZ,20260911,25.3,25.3,25.35,25.3,55400.0,1401844.96,25.3
002224.SZ,20260911,3.95,3.94,3.96,3.94,622100.0,2452900.0,3.94
002225.SZ,20260911,3.61,3.61,3.64,3.61,307500.0,1110090.0,3.61
002226.SZ,20260911,5.08,5.08,5.08,5.07,64100.0,325489.0,5.08
002227.SZ,20260911,6.67,6.67,6.67,6.67,3700.0,24679.0,6.67
002228.SZ,20260911,3.22,3.22,3.23,3.22,103900.0,334574.0,3.22
002229.SZ,20260911,11.22,11.19,11.36,11.19,287300.0,3216064.0,11.19
002230.SZ,20260911,38.89,38.9,38.92,38.8,186100.0,7238144.0,38.89
002232.SZ,20260911,14.01,14.06,14.06,14.01,4800.0,67421.0,14.05
002233.SZ,20260911,7.11,7.13,7.13,7.11,18400.0,131174.0,7.13
002234.SZ,20260911,8.31,8.31,8.31,8.3,22700.0,188636.0,8.31
002235.SZ,20260911,8.19,8.16,8.2,8.16,96300.0,787060.0,8.17
002236.SZ,20260911,15.97,15.98,15.99,15.96,316500.0,5056620.16,15.98
002237.SZ,20260911,14.2,14.24,14.25,14.2,527000.0,7500506.24,14.23
002238.SZ,20260911,6.5,6.5,6.55,6.5,1800.0,11715.0,6.51
002239.SZ,20260911,2.52,2.52,2.53,2.52,641499.0,1616631.52,2.52
002240.SZ,20260911,27.42,27.5,27.5,27.36,480300.0,13203201.28,27.49
002241.SZ,20260911,22.29,22.3,22.32,22.25,343700.0,7663059.2,22.3
002242.SZ,20260911,8.65,8.71,8.76,8.56,797000.0,6917445.12,8.68
002243.SZ,20260911,7.29,7.3,7.3,7.28,64600.0,471503.0,7.3
002244.SZ,20260911,8.4,8.37,8.4,8.37,101000.0,845528.0,8.37
002245.SZ,20260911,17.87,17.88,17.95,17.81,380900.0,6810456.96,17.88
002246.SZ,20260911,23.0,23.11,23.27,22.99,67200.0,1551391.04,23.09
002247.SZ,20260911,2.46,2.47,2.47,2.45,108700.0,268333.0,2.47
002248.SZ,20260911,9.49,9.45,9.49,9.45,94600.0,894612.96,9.46
002249.SZ,20260911,6.58,6.59,6.59,6.57,356200.0,2346334.08,6.59
002250.SZ,20260911,14.35,14.33,14.36,14.33,44400.0,636600.0,14.34
002251.SZ,20260911,3.89,3.87,3.9,3.87,579500.0,2245630.08,3.88
002252.SZ,20260911,4.97,4.97,4.99,4.97,207500.0,1032391.04,4.98
002253.SZ,20260911,10.05,10.06,10.06,10.05,12900.0,129773.0,10.06
002254.SZ,20260911,12.22,12.22,12.23,12.21,42800.0,523019.0,12.22
002255.SZ,20260911,7.8,7.8,7.8,7.77,19000.0,148142.0,7.8
002256.SZ,20260911,3.37,3.36,3.37,3.35,142400.0,478475.0,3.36
002258.SZ,20260911,14.97,15.0,15.05,14.95,203100.0,3045397.76,15.0
002259.SZ,20260911,4.33,4.33,4.36,4.33,34000.0,147410.0,4.34
002261.SZ,20260911,25.04,25.02,25.1,25.01,338900.0,8479335.04,25.02
002262.SZ,20260911,21.75,21.72,21.81,21.72,14700.0,319411.0,21.73
002263.SZ,20260911,3.16,3.16,3.16,3.15,210900.0,666231.0,3.16
002264.SZ,20260911,7.08,7.04,7.12,7.03,677600.0,4774320.0,7.05
002265.SZ,20260911,21.01,21.0,21.11,21.0,214600.0,4508028.16,21.01
002266.SZ,20260911,4.84,4.84,4.85,4.83,1168700.0,5655637.76,4.84
002267.SZ,20260911,7.57,7.57,7.63,7.57,80300.0,608052.0,7.57
002268.SZ,20260911,14.2,14.18,14.26,14.17,153827.0,2183623.2,14.2
002269.SZ,20260911,1.49,1.49,1.49,1.49,139700.0,208153.0,1.49
002270.SZ,20260911,18.91,18.97,18.98,18.9,67900.0,1286628.96,18.95
002271.SZ,20260911,10.62,10.62,10.64,10.61,362204.0,3846087.36,10.62
002272.SZ,20260911,15.82,15.83,15.89,15.82,95700.0,1515761.92,15.84
002273.SZ,20260911,24.88,24.88,24.9,24.87,133200.0,3314113.92,24.88
002274.SZ,20260911,6.37,6.39,6.42,6.36,674100.0,4308598.08,6.39
002275.SZ,20260911,12.27,12.28,12.29,12.27,9000.0,110471.0,12.28
002276.SZ,20260911,10.11,10.09,10.11,10.09,65800.0,663958.0,10.09
002277.SZ,20260911,5.74,5.76,5.78,5.73,281800.0,1622511.04,5.76
002278.SZ,20260911,8.35,8.32,8.38,8.32,207000.0,1724985.92,8.33
002279.SZ,20260911,6.9,6.89,6.92,6.87,166400.0,1146564.0,6.89
002281.SZ,20260911,178.5,178.85,179.14,178.4,453200.0,81040501.76,178.82
002282.SZ,20260911,6.08,6.08,6.11,6.08,15400.0,93635.0,6.08
002283.SZ,20260911,7.8,7.75,7.8,7.75,303000.0,2348558.08,7.75
002284.SZ,20260911,9.68,9.71,9.72,9.65,491100.0,4762216.0,9.7
002285.SZ,20260911,2.35,2.36,2.36,2.35,1160100.0,2737142.08,2.36
002286.SZ,20260911,8.85,8.81,8.92,8.81,1229600.0,10859147.52,8.83
002287.SZ,20260911,19.8,19.8,19.8,19.8,4300.0,85140.0,19.8
002289.SZ,20260911,35.97,36.0,36.0,35.88,21600.0,777379.04,35.99
002290.SZ,20260911,64.6,64.55,64.6,64.5,79000.0,5099943.04,64.56
002291.SZ,20260911,5.56,5.55,5.57,5.54,164300.0,912412.0,5.55
002292.SZ,20260911,8.61,8.6,8.63,8.57,374700.0,3221634.88,8.6
002293.SZ,20260911,10.88,10.89,10.89,10.88,9000.0,98005.0,10.89
002294.SZ,20260911,30.76,30.8,30.84,30.76,126400.0,3893289.92,30.8
002295.SZ,20260911,11.09,11.09,11.09,11.09,1301800.0,14436962.56,11.09
002296.SZ,20260911,9.22,9.2,9.27,9.2,513300.0,4729502.08,9.21
002297.SZ,20260911,21.65,21.84,21.88,21.5,2339500.0,51033697.28,21.81
002298.SZ,20260911,8.03,8.08,8.14,8.03,210300.0,1697287.04,8.07
002299.SZ,20260911,16.9,16.97,16.99,16.9,64700.0,1096416.0,16.95
002300.SZ,20260911,8.08,8.07,8.1,8.06,732296.0,5910952.32,8.07
002301.SZ,20260911,8.0,8.0,8.0,8.0,31100.0,248800.0,8.0
002302.SZ,20260911,4.79,4.79,4.79,4.79,48700.0,233273.0,4.79
002303.SZ,20260911,5.16,5.14,5.22,5.14,916100.0,4715904.96,5.15
002304.SZ,20260911,38.38,38.39,38.39,38.36,17100.0,656367.0,38.38
002305.SZ,20260911,2.09,2.09,2.09,2.09,65300.0,136477.0,2.09
002306.SZ,20260911,2.37,2.35,2.37,2.35,231600.0,544624.0,2.35
002307.SZ,20260911,3.08,3.09,3.09,3.08,65700.0,202875.0,3.09
002309.SZ,20260911,3.0,3.01,3.01,3.0,308000.0,926272.96,3.01
002310.SZ,20260911,2.35,2.36,2.36,2.35,517800.0,1221814.0,2.36
002311.SZ,20260911,42.7,42.81,42.87,42.7,49600.0,2123007.04,42.8
002312.SZ,20260911,9.32,9.34,9.38,9.31,1101200.0,10285230.08,9.34
002313.SZ,20260911,8.46,8.46,8.49,8.45,36400.0,307906.0,8.46
002314.SZ,20260911,2.24,2.23,2.24,2.23,22599.0,50418.77,2.23
002315.SZ,20260911,24.33,24.4,24.4,24.28,30200.0,736496.0,24.39
002316.SZ,20260911,4.65,4.64,4.68,4.61,322300.0,1497671.04,4.65
002317.SZ,20260911,24.3,24.0,24.3,24.0,90400.0,2178412.0,24.1
002318.SZ,20260911,18.55,18.6,18.6,18.51,25300.0,469852.0,18.57
002319.SZ,20260911,10.2,10.2,10.26,10.15,19700.0,200917.0,10.2
002320.SZ,20260911,7.65,7.68,7.68,7.61,1394400.0,10683585.92,7.66
002321.SZ,20260911,2.17,2.18,2.18,2.17,461300.0,1005428.96,2.18
002322.SZ,20260911,12.02,12.04,12.04,12.01,15000.0,180435.0,12.03
002323.SZ,20260911,1.26,1.26,1.26,1.26,688500.0,867510.0,1.26
002324.SZ,20260911,9.05,9.06,9.07,9.04,189000.0,1712208.0,9.06
002326.SZ,20260911,17.18,17.18,17.19,17.11,84100.0,1443902.08,17.17
002327.SZ,20260911,6.21,6.22,6.22,6.21,20800.0,129267.0,6.22
002328.SZ,20260911,8.65,8.65,8.7,8.62,536000.0,4640131.84,8.66
002329.SZ,20260911,3.94,3.92,3.94,3.92,690600.0,2708439.04,3.92
002330.SZ,20260911,4.23,4.22,4.24,4.22,90800.0,383599.0,4.23
002331.SZ,20260911,7.04,7.06,7.06,7.04,25000.0,176443.0,7.06
002332.SZ,20260911,8.7,8.7,8.7,8.69,114200.0,993476.96,8.7
002333.SZ,20260911,5.48,5.49,5.49,5.48,11500.0,63081.0,5.49
002334.SZ,20260911,6.5,6.5,6.51,6.5,66700.0,433631.0,6.5
002335.SZ,20260911,29.25,29.3,29.33,29.11,150500.0,4407751.36,29.29
002337.SZ,20260911,4.71,4.71,4.71,4.7,40300.0,189672.0,4.71
002338.SZ,20260911,39.75,39.82,39.89,39.75,24400.0,971538.0,39.82
002339.SZ,20260911,7.37,7.36,7.39,7.35,29300.0,215950.0,7.37
002340.SZ,20260911,6.29,6.3,6.3,6.28,1062300.0,6686990.08,6.3
002342.SZ,20260911,8.06,8.05,8.06,8.03,379600.0,3055053.12,8.05
002343.SZ,20260911,5.78,5.76,5.84,5.76,663400.0,3829944.96,5.77
002344.SZ,20260911,4.11,4.11,4.12,4.1,27600.0,113389.0,4.11
002345.SZ,20260911,9.24,9.25,9.25,9.23,155300.0,1436332.96,9.25
002346.SZ,20260911,17.82,17.8,17.95,17.8,34600.0,616056.0,17.81
002347.SZ,20260911,6.12,6.13,6.13,6.12,31800.0,194899.0,6.13
002348.SZ,20260911,10.61,10.65,10.66,10.61,62600.0,666579.0,10.65
002349.SZ,20260911,8.4,8.42,8.47,8.34,4983500.16,41971427.84,8.42
002350.SZ,20260911,14.35,14.4,14.4,14.32,42100.0,605900.0,14.39
002351.SZ,20260911,9.78,9.81,9.81,9.78,18800.0,184206.0,9.8
002352.SZ,20260911,31.23,31.2,31.29,31.2,168400.0,5254750.08,31.2
002353.SZ,20260911,120.09,120.1,120.5,120.09,154600.0,18575352.32,120.15
002354.SZ,20260911,7.57,7.57,7.6,7.52,2505500.0,18962219.52,7.57
002355.SZ,20260911,4.79,4.79,4.79,4.76,22200.0,106060.0,4.78
002356.SZ,20260911,2.86,2.86,2.87,2.86,81000.0,231733.0,2.86
002357.SZ,20260911,12.62,12.64,12.65,12.56,227300.0,2870488.96,12.63
002358.SZ,20260911,5.38,5.39,5.39,5.37,35000.0,188422.0,5.38
002360.SZ,20260911,5.67,5.67,5.67,5.67,38100.0,216027.0,5.67
002361.SZ,20260911,10.17,10.11,10.19,10.11,500700.0,5064864.0,10.12
002362.SZ,20260911,15.38,15.37,15.42,15.37,14100.0,216751.0,15.37
002363.SZ,20260911,6.76,6.8,6.81,6.76,10400.0,70605.0,6.79
002364.SZ,20260911,34.79,34.78,34.9,34.73,309500.0,10768157.44,34.79
002365.SZ,20260911,13.71,13.77,13.8,13.68,870500.0,11981281.28,13.76
002366.SZ,20260911,5.88,5.88,5.89,5.86,636600.0,3741373.12,5.88
002367.SZ,20260911,5.86,5.87,5.88,5.86,190900.0,1120758.0,5.87
002368.SZ,20260911,13.4,13.4,13.45,13.4,142300.0,1907424.0,13.4
002369.SZ,20260911,5.9,5.89,5.93,5.89,53400.0,314804.0,5.9
002370.SZ,20260911,5.2,5.27,5.28,5.2,373200.0,1957240.96,5.24
002371.SZ,20260911,628.2,628.08,629.99,628.0,70355.0,44195645.44,628.18
002372.SZ,20260911,8.34,8.35,8.35,8.34,25600.0,213735.0,8.35
002373.SZ,20260911,7.49,7.49,7.49,7.48,54700.0,409687.0,7.49
002374.SZ,20260911,3.1,3.1,3.1,3.09,37500.0,116026.0,3.09
002375.SZ,20260911,3.79,3.8,3.8,3.79,549000.0,2085638.08,3.8
002376.SZ,20260911,6.5,6.51,6.51,6.49,32600.0,212184.0,6.51
002377.SZ,20260911,3.36,3.44,3.44,3.31,13300700.16,45566873.6,3.43
002378.SZ,20260911,23.01,23.1,23.11,23.0,213699.0,4931865.92,23.08
002379.SZ,20260911,18.3,18.22,18.4,18.22,2401300.0,43802071.04,18.24
002380.SZ,20260911,26.18,26.19,26.3,26.18,43400.0,1136654.0,26.19
002381.SZ,20260911,5.58,5.6,5.6,5.58,57000.0,319070.0,5.6
002382.SZ,20260911,5.98,5.97,5.99,5.96,70000.0,418000.0,5.97
002383.SZ,20260911,7.83,7.83,7.88,7.79,500100.0,3917384.0,7.83
002384.SZ,20260911,194.99,195.1,196.3,194.01,1181700.0,230620405.76,195.16
002385.SZ,20260911,3.4,3.4,3.42,3.39,1162700.0,3953146.88,3.4
002386.SZ,20260911,5.93,5.91,5.94,5.89,157300.0,929894.0,5.91
002387.SZ,20260911,6.85,6.81,6.89,6.81,106900.0,729319.04,6.82
002388.SZ,20260911,6.3,6.35,6.35,6.3,128400.0,814586.0,6.34
002389.SZ,20260911,19.48,19.49,19.6,19.46,324900.0,6332602.24,19.49
002390.SZ,20260911,3.02,3.02,3.03,3.02,75800.0,228918.0,3.02
002391.SZ,20260911,5.42,5.42,5.43,5.42,27500.0,149051.0,5.42
002392.SZ,20260911,7.71,7.71,7.72,7.71,58400.0,450268.0,7.71
002393.SZ,20260911,13.87,13.87,13.87,13.86,17000.0,235701.0,13.87
002394.SZ,20260911,10.4,10.4,10.43,10.4,53200.0,553283.0,10.4
002395.SZ,20260911,12.82,12.82,12.82,12.8,33900.0,434569.0,12.82
002396.SZ,20260911,35.09,35.01,35.2,35.01,1178200.0,41279848.96,35.04
002397.SZ,20260911,3.81,3.8,3.81,3.8,221200.0,840962.0,3.8
002398.SZ,20260911,4.25,4.24,4.25,4.24,29300.0,124349.0,4.24
002399.SZ,20260911,9.75,9.75,9.81,9.75,16900.0,164790.0,9.75
002400.SZ,20260911,6.63,6.64,6.65,6.62,399700.0,2651124.0,6.63
002401.SZ,20260911,12.35,12.35,12.37,12.34,16400.0,202554.0,12.35
002402.SZ,20260911,18.09,18.1,18.11,18.08,119500.0,2162814.08,18.1
002403.SZ,20260911,11.3,11.31,11.4,11.2,3065500.16,34660815.36,11.31
002404.SZ,20260911,5.94,5.94,5.94,5.93,170200.0,1010960.96,5.94
002405.SZ,20260911,6.13,6.12,6.14,6.12,336300.0,2058430.08,6.12
002406.SZ,20260911,6.62,6.62,6.65,6.62,42100.0,278779.0,6.62
002407.SZ,20260911,32.13,32.17,32.18,32.1,684700.0,22020254.72,32.16
002408.SZ,20260911,5.58,5.57,5.6,5.57,248800.0,1385980.0,5.57
002409.SZ,20260911,129.2,130.0,131.33,129.2,375200.0,48799170.56,130.06
002410.SZ,20260911,8.31,8.3,8.35,8.3,258500.0,2146574.08,8.3
002412.SZ,20260911,9.07,9.06,9.1,9.06,1616200.0,14657882.88,9.07
002413.SZ,20260911,8.15,8.16,8.16,8.14,186400.0,1520368.0,8.16
002414.SZ,20260911,12.18,12.2,12.2,12.13,756800.0,9221939.84,12.19
002415.SZ,20260911,33.15,33.2,33.23,33.15,386300.0,12821488.64,33.19
002416.SZ,20260911,9.24,9.24,9.24,9.2,123000.0,1135488.0,9.23
002418.SZ,20260911,4.84,4.81,4.9,4.81,1326700.0,6399655.04,4.82
002419.SZ,20260911,4.83,4.82,4.83,4.82,120700.0,582316.0,4.82
002420.SZ,20260911,6.09,6.07,6.09,6.07,18500.0,112366.0,6.07
002421.SZ,20260911,3.22,3.23,3.24,3.22,1287900.0,4163318.08,3.23
002422.SZ,20260911,39.83,39.81,39.88,39.79,62300.0,2480352.96,39.81
002423.SZ,20260911,9.52,9.53,9.57,9.5,848600.0,8086064.0,9.53
002424.SZ,20260911,4.6,4.59,4.61,4.59,372700.0,1711944.0,4.59
002425.SZ,20260911,3.27,3.28,3.29,3.26,406900.0,1334031.04,3.28
002426.SZ,20260911,2.64,2.64,2.65,2.64,179599.0,474444.36,2.64
002427.SZ,20260911,4.78,4.8,4.81,4.78,269500.0,1293444.96,4.8
002428.SZ,20260911,88.13,88.13,88.88,88.13,766200.0,67554416.64,88.17
002429.SZ,20260911,7.75,7.77,7.77,7.75,518100.0,4023977.92,7.77
002430.SZ,20260911,26.96,26.91,26.96,26.76,78400.0,2107412.0,26.88
002431.SZ,20260911,1.37,1.37,1.38,1.37,1428100.0,1956596.96,1.37
002432.SZ,20260911,61.36,61.38,61.38,61.23,307300.0,18858407.68,61.37
002434.SZ,20260911,5.99,5.98,6.0,5.98,172100.0,1029304.96,5.98
002436.SZ,20260911,39.32,39.39,39.51,38.99,1366300.0,53777546.24,39.36
002437.SZ,20260911,3.52,3.51,3.54,3.51,2321700.0,8164156.8,3.52
002438.SZ,20260911,13.33,13.33,13.4,13.33,96100.0,1281020.0,13.33
002439.SZ,20260911,13.42,13.43,13.47,13.4,803800.0,10797506.56,13.43
002440.SZ,20260911,12.13,12.16,12.2,12.1,343890.0,4179992.96,12.16
002441.SZ,20260911,8.05,8.04,8.05,8.04,43200.0,347350.0,8.04
002442.SZ,20260911,5.31,5.35,5.35,5.3,96500.0,514489.0,5.33
002443.SZ,20260911,11.1,11.01,11.16,11.01,435900.0,4812972.16,11.04
002444.SZ,20260911,28.99,29.0,29.0,28.9,51800.0,1500632.0,28.97
002445.SZ,20260911,3.06,3.05,3.07,3.05,1063100.0,3245884.16,3.05
002446.SZ,20260911,8.06,8.06,8.1,8.05,74700.0,602296.0,8.06
002448.SZ,20260911,11.94,11.92,11.96,11.92,171700.0,2047416.96,11.92
002449.SZ,20260911,6.42,6.4,6.42,6.4,88800.0,568474.0,6.4
002451.SZ,20260911,8.19,8.18,8.24,8.17,527600.0,4317747.84,8.18
002452.SZ,20260911,11.88,11.86,11.88,11.86,200600.0,2380206.08,11.87
002453.SZ,20260911,4.5,4.5,4.54,4.45,46600.0,209410.0,4.49
002454.SZ,20260911,4.99,4.99,4.99,4.98,83560.0,416959.8,4.99
002455.SZ,20260911,7.29,7.3,7.35,7.27,193800.0,1414571.04,7.3
002456.SZ,20260911,7.09,7.12,7.12,7.07,423300.0,3009966.08,7.11
002457.SZ,20260911,12.38,12.41,12.43,12.29,1765800.0,21888640.0,12.4
002458.SZ,20260911,8.96,8.98,9.01,8.96,509800.0,4578285.12,8.98
002459.SZ,20260911,6.8,6.79,6.82,6.79,126080.0,856324.16,6.79
002460.SZ,20260911,47.25,47.31,47.38,47.2,433800.0,20522022.4,47.31
002461.SZ,20260911,8.63,8.67,8.68,8.63,42300.0,366864.0,8.67
002462.SZ,20260911,12.23,12.18,12.23,12.18,6700.0,81813.0,12.21
002463.SZ,20260911,126.42,126.05,127.11,126.05,840523.04,106091100.16,126.22
002465.SZ,20260911,10.13,10.13,10.14,10.12,359500.0,3641719.04,10.13
002466.SZ,20260911,43.44,43.46,43.46,43.29,538300.0,23386178.56,43.45
002467.SZ,20260911,4.66,4.65,4.69,4.65,145600.0,677206.0,4.65
002468.SZ,20260911,14.56,14.58,14.65,14.55,207000.0,3018337.92,14.58
002469.SZ,20260911,6.28,6.3,6.3,6.28,23900.0,150534.0,6.3
002470.SZ,20260911,2.53,2.51,2.55,2.51,22532300.8,56734059.52,2.52
002471.SZ,20260911,5.71,5.72,5.72,5.71,157300.0,899176.96,5.72
002472.SZ,20260911,36.0,36.16,36.19,35.85,119900.0,4328707.84,36.1
002474.SZ,20260911,6.43,6.45,6.47,6.43,241000.0,1553892.96,6.45
002475.SZ,20260911,53.65,53.84,53.88,53.35,1354200.0,72784926.72,53.75
002476.SZ,20260911,5.2,5.19,5.22,5.19,17800.0,92760.0,5.21
002478.SZ,20260911,6.55,6.56,6.58,6.55,175800.0,1153355.04,6.56
002479.SZ,20260911,6.01,6.02,6.02,6.0,93600.0,563329.0,6.02
002480.SZ,20260911,5.3,5.3,5.3,5.3,3700.0,19610.0,5.3
002481.SZ,20260911,4.5,4.49,4.52,4.49,1042800.0,4685072.0,4.49
002482.SZ,20260911,1.36,1.36,1.37,1.36,453699.0,617178.64,1.36
002483.SZ,20260911,6.39,6.38,6.41,6.38,235600.0,1503847.04,6.38
002484.SZ,20260911,57.24,57.15,57.76,57.15,316700.0,18108198.4,57.18
002485.SZ,20260911,5.93,5.93,5.93,5.93,37400.0,221782.0,5.93
002486.SZ,20260911,2.75,2.75,2.76,2.75,313300.0,862538.0,2.75
002487.SZ,20260911,33.21,33.21,33.26,33.18,207700.0,6898360.32,33.21
002488.SZ,20260911,7.74,7.75,7.76,7.73,86600.0,670829.0,7.75
002489.SZ,20260911,2.84,2.84,2.84,2.83,31000.0,88037.0,2.84
002490.SZ,20260911,8.08,8.04,8.2,8.04,3222492.16,25998679.04,8.07
002491.SZ,20260911,20.11,20.1,20.2,20.1,1916748.96,38544468.48,20.11
002492.SZ,20260911,6.17,6.18,6.18,6.17,40800.0,252131.0,6.18
002493.SZ,20260911,14.29,14.3,14.37,14.25,404600.0,5788807.04,14.31
002494.SZ,20260911,4.77,4.78,4.78,4.77,62600.0,299108.0,4.78
002495.SZ,20260911,2.45,2.45,2.46,2.45,76400.0,187190.0,2.45
002496.SZ,20260911,2.2,2.2,2.2,2.19,209900.0,461710.0,2.2
002497.SZ,20260911,17.1,17.1,17.13,17.06,348100.0,5952005.76,17.1
002498.SZ,20260911,6.79,6.77,6.82,6.77,2353863.04,15952591.36,6.78
002500.SZ,20260911,5.37,5.37,5.38,5.37,173700.0,932888.96,5.37
002501.SZ,20260911,1.29,1.29,1.29,1.29,1408500.0,1816964.96,1.29
002506.SZ,20260911,2.55,2.55,2.56,2.54,775900.0,1978271.04,2.55
002507.SZ,20260911,11.24,11.25,11.25,11.22,54200.0,609380.0,11.24
002508.SZ,20260911,16.29,16.3,16.3,16.2,116300.0,1894833.92,16.29
002510.SZ,20260911,5.68,5.69,5.7,5.68,204300.0,1162092.96,5.69
002511.SZ,20260911,7.17,7.17,7.17,7.16,32600.0,233734.0,7.17
002512.SZ,20260911,4.1,4.1,4.11,4.1,283100.0,1160856.96,4.1
002513.SZ,20260911,5.56,5.55,5.58,5.54,82100.0,455769.0,5.55
002514.SZ,20260911,2.52,2.48,2.52,2.45,2692700.16,6683706.24,2.48
002515.SZ,20260911,7.53,7.58,7.59,7.49,872100.0,6593189.76,7.56
002516.SZ,20260911,5.75,5.73,5.75,5.73,149700.0,858035.04,5.73
002517.SZ,20260911,17.95,17.99,18.1,17.88,3721000.0,66963712.0,18.0
002518.SZ,20260911,34.88,34.71,34.96,34.71,108100.0,3753791.04,34.72
002519.SZ,20260911,5.71,5.72,5.72,5.69,129800.0,741496.0,5.71
002520.SZ,20260911,6.28,6.29,6.32,6.28,111700.0,702496.0,6.29
002521.SZ,20260911,6.52,6.53,6.53,6.52,12800.0,83524.0,6.53
002522.SZ,20260911,5.07,5.09,5.09,5.06,241700.0,1228910.0,5.08
002523.SZ,20260911,3.53,3.52,3.53,3.52,70200.0,247109.0,3.52
002524.SZ,20260911,4.05,4.05,4.06,4.05,73800.0,298924.0,4.05
002526.SZ,20260911,2.74,2.73,2.74,2.73,54299.0,148312.28,2.73
002527.SZ,20260911,10.66,10.67,10.67,10.63,101400.0,1081816.0,10.67
002528.SZ,20260911,7.54,7.54,7.54,7.51,199200.0,1498848.0,7.52
002529.SZ,20260911,7.02,7.01,7.15,7.01,42900.0,300912.0,7.01
002530.SZ,20260911,7.2,7.27,7.27,7.2,107100.0,774803.04,7.23
002531.SZ,20260911,7.25,7.12,7.27,7.12,9449029.12,67516477.44,7.15
002532.SZ,20260911,13.38,13.39,13.4,13.33,1599200.0,21404020.48,13.38
002533.SZ,20260911,11.15,11.17,11.17,11.12,76500.0,854452.0,11.17
002534.SZ,20260911,15.75,15.74,15.8,15.74,92700.0,1459870.08,15.75
002535.SZ,20260911,2.52,2.53,2.53,2.52,140900.0,356402.0,2.53
002536.SZ,20260911,53.15,52.9,53.2,52.9,986618.0,52245073.92,52.95
002537.SZ,20260911,6.12,6.11,6.16,6.11,126800.0,775080.0,6.11
002538.SZ,20260911,6.83,6.84,6.84,6.83,118300.0,808906.0,6.84
002539.SZ,20260911,13.06,13.06,13.07,13.06,113000.0,1475806.08,13.06
002540.SZ,20260911,5.19,5.18,5.19,5.18,83500.0,432545.0,5.18
002541.SZ,20260911,19.21,19.26,19.26,19.21,16400.0,315747.0,19.25
002542.SZ,20260911,1.76,1.76,1.77,1.75,487400.0,856898.0,1.76
002543.SZ,20260911,7.74,7.7,7.88,7.68,1893334.08,14600730.88,7.71
002544.SZ,20260911,16.08,16.1,16.1,16.04,33200.0,533652.0,16.07
002545.SZ,20260911,17.35,17.44,17.44,17.27,204300.0,3560898.88,17.43
002546.SZ,20260911,7.54,7.55,7.55,7.53,145600.0,1098767.04,7.55
002547.SZ,20260911,2.67,2.67,2.67,2.66,400900.0,1069984.96,2.67
002548.SZ,20260911,4.47,4.47,4.48,4.46,405800.0,1813491.04,4.47
002549.SZ,20260911,13.35,13.37,13.37,13.33,77400.0,1034560.96,13.37
002550.SZ,20260911,6.56,6.56,6.56,6.55,193200.0,1267156.0,6.56
002551.SZ,20260911,3.28,3.28,3.28,3.28,111000.0,364080.0,3.28
002552.SZ,20260911,48.6,48.5,48.88,48.5,822000.0,39894625.28,48.53
002553.SZ,20260911,16.46,16.44,16.49,16.44,57500.0,945628.0,16.45
002554.SZ,20260911,3.02,3.02,3.03,3.02,976500.0,2949646.08,3.02
002555.SZ,20260911,18.03,18.05,18.1,18.02,384800.0,6943745.28,18.05
002556.SZ,20260911,5.5,5.49,5.55,5.49,446300.0,2457470.08,5.51
002557.SZ,20260911,18.41,18.39,18.42,18.39,65200.0,1199112.96,18.39
002558.SZ,20260911,25.6,25.6,25.67,25.57,457900.0,11722731.52,25.6
002559.SZ,20260911,8.98,9.0,9.0,8.95,505300.0,4543719.04,8.99
002560.SZ,20260911,6.23,6.2,6.23,6.19,157700.0,978071.04,6.2
002561.SZ,20260911,7.62,7.6,7.65,7.6,180600.0,1373321.92,7.6
002562.SZ,20260911,4.96,4.97,4.97,4.95,286100.0,1421356.0,4.97
002563.SZ,20260911,5.7,5.69,5.72,5.69,28499.0,162243.32,5.69
002564.SZ,20260911,5.24,5.28,5.28,5.24,1277500.0,6741477.12,5.28
002565.SZ,20260911,8.56,8.58,8.6,8.56,219000.0,1879396.0,8.58
002566.SZ,20260911,7.1,7.08,7.11,7.08,56000.0,396705.0,7.08
002567.SZ,20260911,3.98,3.99,3.99,3.98,104600.0,416884.0,3.99
002568.SZ,20260911,17.71,17.71,17.78,17.7,36900.0,653616.0,17.71
002569.SZ,20260911,10.4,10.37,10.4,10.37,138300.0,1436859.04,10.39
002570.SZ,20260911,4.47,4.48,4.49,4.47,511900.0,2292769.92,4.48
002571.SZ,20260911,11.48,11.48,11.48,11.45,64100.0,735526.0,11.48
002572.SZ,20260911,7.65,7.63,7.65,7.63,69300.0,528870.0,7.63
002573.SZ,20260911,3.26,3.27,3.27,3.26,34500.0,112608.0,3.26
002574.SZ,20260911,5.22,5.2,5.26,5.2,203200.0,1057548.0,5.2
002575.SZ,20260911,5.26,5.27,5.28,5.26,57600.0,303564.0,5.27
002576.SZ,20260911,14.34,14.34,14.35,14.34,3500.0,50193.0,14.34
002577.SZ,20260911,18.09,18.09,18.09,18.07,16000.0,289418.0,18.09
002578.SZ,20260911,3.99,3.98,4.04,3.96,301600.0,1201024.96,3.98
002579.SZ,20260911,16.27,16.07,16.3,16.07,3481987.84,56086333.44,16.11
002580.SZ,20260911,19.85,19.82,19.91,19.77,732436.0,14520669.44,19.83
002581.SZ,20260911,5.47,5.47,5.47,5.47,20800.0,113776.0,5.47
002582.SZ,20260911,10.25,10.25,10.26,10.2,147100.0,1506175.04,10.24
002583.SZ,20260911,8.37,8.37,8.38,8.36,86200.0,721523.04,8.37
002584.SZ,20260911,7.83,7.84,7.84,7.82,204400.0,1602231.04,7.84
002585.SZ,20260911,8.93,8.93,8.94,8.92,251300.0,2244044.0,8.93
002586.SZ,20260911,3.89,3.89,3.91,3.89,30400.0,118259.0,3.89
002587.SZ,20260911,5.37,5.36,5.39,5.36,351200.0,1883872.96,5.36
002588.SZ,20260911,8.08,8.08,8.09,8.07,106600.0,861428.0,8.08
002589.SZ,20260911,3.12,3.12,3.13,3.12,511500.0,1596240.0,3.12
002590.SZ,20260911,9.55,9.55,9.59,9.52,16900.0,161370.0,9.55
002591.SZ,20260911,6.55,6.47,6.57,6.47,587000.0,3806070.08,6.48
002592.SZ,20260911,6.71,6.7,6.71,6.7,43700.0,292825.0,6.7
002593.SZ,20260911,4.64,4.62,4.68,4.62,106100.0,490373.0,4.62
002594.SZ,20260911,83.14,83.17,83.18,83.01,313200.0,26042030.08,83.15
002595.SZ,20260911,39.8,39.8,39.85,39.72,43000.0,1711249.92,39.8
002596.SZ,20260911,3.53,3.51,3.55,3.51,1274000.0,4476759.04,3.51
002597.SZ,20260911,22.01,22.01,22.17,21.9,65800.0,1448431.04,22.01
002598.SZ,20260911,6.94,6.94,6.94,6.94,15500.0,107570.0,6.94
002599.SZ,20260911,5.73,5.75,5.75,5.73,32900.0,189065.0,5.75
002600.SZ,20260911,12.58,12.6,12.62,12.52,3128899.84,39400719.36,12.59
002601.SZ,20260911,15.37,15.37,15.37,15.35,118500.0,1821065.92,15.37
002602.SZ,20260911,15.45,15.47,15.47,15.42,639200.0,9885235.84,15.47
002603.SZ,20260911,15.35,15.36,15.38,15.33,69900.0,1073426.0,15.36
002605.SZ,20260911,16.92,16.95,16.95,16.9,17400.0,294733.0,16.94
002606.SZ,20260911,12.55,12.56,12.57,12.53,90600.0,1137692.0,12.56
002607.SZ,20260911,2.02,2.02,2.03,2.01,1890400.0,3817962.88,2.02
002608.SZ,20260911,7.62,7.63,7.64,7.6,141000.0,1075899.04,7.63
002609.SZ,20260911,7.7,7.72,7.72,7.7,4500.0,34706.0,7.71
002611.SZ,20260911,14.05,14.06,14.06,14.01,165900.0,2330932.0,14.05
002612.SZ,20260911,16.01,16.0,16.05,16.0,33000.0,528445.0,16.01
002613.SZ,20260911,3.5,3.51,3.52,3.5,656600.0,2303726.08,3.51
002614.SZ,20260911,5.53,5.62,5.62,5.53,56400.0,314655.0,5.58
002615.SZ,20260911,6.38,6.41,6.41,6.38,67000.0,429083.0,6.4
002616.SZ,20260911,4.99,5.0,5.0,4.99,38700.0,193463.0,5.0
002617.SZ,20260911,6.28,6.29,6.29,6.26,880700.0,5534449.28,6.28
002620.SZ,20260911,5.76,5.75,5.77,5.75,29300.0,168628.0,5.76
002622.SZ,20260911,2.61,2.61,2.61,2.57,62300.0,162254.0,2.6
002623.SZ,20260911,16.2,16.34,16.34,16.2,11100.0,180998.0,16.31
002624.SZ,20260911,10.49,10.51,10.53,10.48,516200.0,5424858.24,10.51
002625.SZ,20260911,26.99,27.0,27.02,26.96,159000.0,4292582.08,27.0
002626.SZ,20260911,16.51,16.5,16.51,16.5,23000.0,379510.0,16.5
002627.SZ,20260911,7.05,7.07,7.08,7.03,85300.0,601853.0,7.06
002628.SZ,20260911,5.12,5.14,5.14,5.11,101900.0,523609.0,5.14
002629.SZ,20260911,4.62,4.59,4.62,4.59,432200.0,1984336.96,4.59
002630.SZ,20260911,1.69,1.68,1.69,1.68,136800.0,229924.0,1.68
002631.SZ,20260911,10.2,10.19,10.26,10.19,471100.0,4804657.92,10.2
002632.SZ,20260911,9.22,9.22,9.25,9.18,418900.0,3862462.08,9.22
002633.SZ,20260911,14.53,14.54,14.54,14.46,10900.0,158443.0,14.54
002634.SZ,20260911,4.34,4.35,4.35,4.34,62800.0,273126.0,4.35
002635.SZ,20260911,14.28,14.22,14.3,14.21,63700.0,906586.0,14.23
002636.SZ,20260911,76.38,76.0,76.45,75.9,2743500.16,208801894.4,76.11
002637.SZ,20260911,12.62,12.56,12.63,12.56,311400.0,3915760.96,12.58
002638.SZ,20260911,4.12,4.13,4.15,4.12,120800.0,498941.0,4.13
002639.SZ,20260911,13.34,13.33,13.38,13.3,912700.0,12166631.68,13.33
002640.SZ,20260911,3.37,3.38,3.39,3.37,414441.0,1399506.08,3.38
002641.SZ,20260911,3.98,3.98,3.99,3.98,42500.0,169161.0,3.98
002642.SZ,20260911,7.15,7.19,7.19,7.15,67900.0,487740.0,7.18
002643.SZ,20260911,13.06,13.02,13.06,13.02,172200.0,2242480.96,13.02
002644.SZ,20260911,8.52,8.57,8.57,8.52,5700.0,48839.0,8.57
002645.SZ,20260911,17.6,17.6,17.6,17.56,167300.0,2943392.0,17.59
002646.SZ,20260911,7.05,7.02,7.05,7.02,37900.0,266158.0,7.02
002647.SZ,20260911,11.0,11.01,11.01,10.95,31100.0,342237.0,11.0
002648.SZ,20260911,28.2,28.15,28.23,28.15,357569.0,10068682.88,28.16
002649.SZ,20260911,9.31,9.3,9.31,9.29,24500.0,227846.0,9.3
002650.SZ,20260911,6.08,6.07,6.08,6.07,200.0,1215.0,6.08
002651.SZ,20260911,8.59,8.56,8.74,8.56,1198000.0,10265409.28,8.57
002652.SZ,20260911,4.95,4.97,4.97,4.93,373300.0,1852304.0,4.96
002653.SZ,20260911,62.74,62.77,63.07,62.58,31800.0,1998995.04,62.86
002654.SZ,20260911,13.43,13.4,13.45,13.39,565900.0,7585528.32,13.4
002655.SZ,20260911,35.39,35.5,35.6,35.31,215800.0,7658419.2,35.49
002656.SZ,20260911,2.88,2.88,2.89,2.88,39400.0,113473.0,2.88
002657.SZ,20260911,15.74,15.74,15.79,15.73,31100.0,489552.0,15.74
002658.SZ,20260911,7.6,7.6,7.6,7.6,21100.0,160360.0,7.6
002659.SZ,20260911,4.59,4.59,4.61,4.59,117700.0,540684.0,4.59
002660.SZ,20260911,7.77,7.77,7.77,7.75,30400.0,236167.0,7.77
002661.SZ,20260911,8.94,8.93,9.0,8.88,2144799.04,19137052.16,8.92
002662.SZ,20260911,3.24,3.25,3.25,3.24,27000.0,87704.0,3.25
002663.SZ,20260911,1.74,1.75,1.75,1.74,231300.0,404608.0,1.75
002664.SZ,20260911,14.75,14.75,14.75,14.75,22100.0,325975.0,14.75
002666.SZ,20260911,4.2,4.2,4.22,4.2,128500.0,540092.0,4.2
002667.SZ,20260911,18.37,18.36,18.46,18.36,445000.0,8171406.72,18.36
002668.SZ,20260911,9.04,9.05,9.07,9.04,90500.0,819152.0,9.05
002669.SZ,20260911,12.17,12.14,12.19,12.14,102400.0,1243556.0,12.14
002670.SZ,20260911,12.2,12.16,12.2,12.16,596300.0,7254529.28,12.17
002671.SZ,20260911,4.07,4.07,4.08,4.07,35200.0,143288.0,4.07
002672.SZ,20260911,3.74,3.75,3.75,3.74,24900.0,93256.0,3.75
002673.SZ,20260911,6.86,6.87,6.87,6.86,123700.0,849710.0,6.87
002674.SZ,20260911,18.86,18.93,18.93,18.8,57900.0,1095315.04,18.92
002675.SZ,20260911,12.47,12.47,12.48,12.46,37200.0,463884.0,12.47
002676.SZ,20260911,5.24,5.24,5.25,5.24,32900.0,172400.0,5.24
002677.SZ,20260911,6.34,6.36,6.36,6.34,20400.0,129726.0,6.36
002678.SZ,20260911,4.62,4.63,4.63,4.62,21300.0,98609.0,4.63
002679.SZ,20260911,11.17,11.18,11.36,11.1,180200.0,2020344.0,11.21
002681.SZ,20260911,4.59,4.58,4.63,4.58,235300.0,1079756.96,4.59
002682.SZ,20260911,5.2,5.21,5.22,5.17,216200.0,1125026.0,5.2
002683.SZ,20260911,29.6,29.6,29.6,29.58,30700.0,908698.0,29.6
002685.SZ,20260911,5.25,5.25,5.25,5.24,131900.0,692140.96,5.25
002686.SZ,20260911,6.41,6.4,6.47,6.4,102800.0,658434.0,6.41
002687.SZ,20260911,6.2,6.2,6.21,6.2,45800.0,283964.0,6.2
002688.SZ,20260911,5.35,5.36,5.36,5.35,89400.0,478964.0,5.36
002689.SZ,20260911,2.92,2.93,2.93,2.92,129200.0,378540.0,2.93
002690.SZ,20260911,15.63,15.78,15.78,15.63,60500.0,951978.0,15.74
002691.SZ,20260911,4.5,4.51,4.51,4.46,5800.0,26089.0,4.5
002692.SZ,20260911,4.55,4.53,4.55,4.52,162300.0,735984.0,4.54
002693.SZ,20260911,8.5,8.51,8.51,8.5,56900.0,483882.0,8.5
002694.SZ,20260911,2.45,2.46,2.46,2.45,19300.0,47458.0,2.46
002695.SZ,20260911,10.49,10.38,10.49,10.38,8400.0,87258.0,10.39
002696.SZ,20260911,7.2,7.2,7.25,7.11,1044000.0,7521205.76,7.2
002697.SZ,20260911,4.82,4.8,4.83,4.8,73900.0,354869.0,4.8
002698.SZ,20260911,11.44,11.48,11.5,11.44,33200.0,381081.0,11.48
002700.SZ,20260911,6.7,6.7,6.7,6.7,26900.0,180230.0,6.7
002701.SZ,20260911,4.5,4.5,4.5,4.49,59400.0,267122.0,4.5
002702.SZ,20260911,5.77,5.71,5.79,5.7,2913500.16,16650123.52,5.72
002703.SZ,20260911,16.06,16.0,16.2,15.92,572000.0,9168915.84,16.03
002705.SZ,20260911,11.12,11.12,11.15,11.11,18600.0,206816.0,11.12
002706.SZ,20260911,8.81,8.84,8.84,8.8,290400.0,2564416.96,8.83
002707.SZ,20260911,5.6,5.6,5.61,5.59,245700.0,1375996.0,5.6
002708.SZ,20260911,16.25,16.33,16.35,16.21,399400.0,6519123.84,16.32
002709.SZ,20260911,32.68,32.7,32.71,32.64,277600.0,9075694.72,32.69
002712.SZ,20260911,5.05,5.05,5.07,5.05,153300.0,774376.96,5.05
002713.SZ,20260911,9.39,9.4,9.41,9.35,149600.0,1406263.04,9.4
002714.SZ,20260911,42.0,42.01,42.12,42.0,400800.0,16841048.32,42.02
002715.SZ,20260911,13.65,13.73,13.75,13.64,16400.0,225010.0,13.72
002716.SZ,20260911,9.9,9.91,9.94,9.84,6036899.84,59791959.04,9.9
002717.SZ,20260911,0.91,0.92,0.92,0.91,1226600.0,1127719.04,0.92
002718.SZ,20260911,83.14,83.13,83.14,83.13,2600.0,216139.0,83.13
002719.SZ,20260911,6.8,6.8,6.8,6.8,15300.0,104040.0,6.8
002721.SZ,20260911,2.78,2.78,2.8,2.77,2700300.16,7511792.0,2.78
002722.SZ,20260911,13.13,13.13,13.13,13.12,18500.0,242847.0,13.13
002723.SZ,20260911,8.08,8.08,8.08,8.08,7200.0,58176.0,8.08
002724.SZ,20260911,6.85,6.81,6.87,6.81,54800.0,374454.0,6.83
002725.SZ,20260911,11.15,11.15,11.16,11.15,8400.0,93664.0,11.15
002726.SZ,20260911,2.56,2.57,2.57,2.55,646300.0,1659931.04,2.57
002727.SZ,20260911,11.08,11.08,11.09,11.08,7200.0,79792.0,11.08
002728.SZ,20260911,9.18,9.2,9.2,9.17,141800.0,1303898.0,9.2
002729.SZ,20260911,13.48,13.47,13.51,13.47,10200.0,137431.0,13.47
002730.SZ,20260911,23.14,23.14,23.28,23.01,41700.0,964608.0,23.13
002731.SZ,20260911,0.77,0.77,0.77,0.77,0.0,0.0,0.77
002732.SZ,20260911,14.24,14.24,14.29,14.24,5900.0,84066.0,14.25
002733.SZ,20260911,17.57,17.55,17.6,17.55,66400.0,1165908.96,17.56
002734.SZ,20260911,16.69,16.77,16.84,16.65,524300.0,8787728.0,16.76
002735.SZ,20260911,12.3,12.3,12.4,12.23,1183600.0,14560042.24,12.3
002736.SZ,20260911,10.2,10.21,10.21,10.18,102300.0,1043944.96,10.21
002737.SZ,20260911,11.53,11.53,11.53,11.53,13700.0,157961.0,11.53
002738.SZ,20260911,45.58,45.6,45.66,45.55,352524.0,16075915.52,45.6
002739.SZ,20260911,8.88,8.86,8.89,8.86,547800.0,4854984.0,8.86
002741.SZ,20260911,23.2,23.3,23.39,23.19,136500.0,3176998.08,23.28
002742.SZ,20260911,4.32,4.32,4.34,4.3,319000.0,1376825.92,4.32
002743.SZ,20260911,4.99,4.98,5.04,4.95,1483000.0,7384243.2,4.98
002745.SZ,20260911,10.9,10.92,10.96,10.9,996400.0,10883165.44,10.92
002746.SZ,20260911,6.72,6.74,6.74,6.72,81300.0,547952.0,6.74
002747.SZ,20260911,29.11,29.15,29.15,29.08,158700.0,4623146.88,29.13
002748.SZ,20260911,12.3,12.35,12.35,12.3,25700.0,317262.0,12.35
002749.SZ,20260911,8.85,8.85,8.85,8.81,26100.0,230809.0,8.84
002752.SZ,20260911,6.31,6.31,6.34,6.31,155300.0,980144.0,6.31
002753.SZ,20260911,6.85,6.87,6.88,6.81,39000.0,267523.0,6.86
002755.SZ,20260911,11.51,11.58,11.58,11.51,49500.0,572619.0,11.57
002756.SZ,20260911,41.79,41.8,41.81,41.69,98300.0,4108812.16,41.8
002757.SZ,20260911,17.31,17.41,17.45,17.3,247700.0,4309756.16,17.4
002758.SZ,20260911,8.95,8.88,8.95,8.88,122600.0,1091728.96,8.91
002759.SZ,20260911,15.09,15.1,15.14,15.09,334100.0,5048128.96,15.11
002760.SZ,20260911,17.75,17.74,17.94,17.74,25500.0,453485.0,17.78
002761.SZ,20260911,7.42,7.41,7.46,7.41,62200.0,460992.0,7.41
002762.SZ,20260911,9.61,9.59,9.64,9.49,71200.0,683096.96,9.59
002763.SZ,20260911,7.44,7.43,7.45,7.43,27600.0,205081.0,7.43
002765.SZ,20260911,7.1,7.12,7.13,7.1,133100.0,947551.04,7.12
002766.SZ,20260911,4.1,4.1,4.11,4.1,63800.0,261650.0,4.1
002767.SZ,20260911,17.85,17.8,17.86,17.8,20300.0,361467.0,17.81
002768.SZ,20260911,60.88,60.78,60.88,60.67,55500.0,3374664.0,60.81
002769.SZ,20260911,7.65,7.7,7.7,7.65,127000.0,976598.0,7.69
002771.SZ,20260911,14.11,14.05,14.11,14.05,18800.0,264224.0,14.05
002772.SZ,20260911,11.86,11.85,11.92,11.85,551100.0,6532419.2,11.85
002773.SZ,20260911,19.51,19.56,19.56,19.5,44300.0,865678.0,19.54
002774.SZ,20260911,15.75,15.8,15.8,15.75,19000.0,300120.0,15.8
002775.SZ,20260911,3.48,3.48,3.48,3.48,38900.0,135372.0,3.48
002777.SZ,20260911,12.59,12.59,12.6,12.59,57200.0,720312.0,12.59
002778.SZ,20260911,16.45,16.48,16.48,16.45,9500.0,156530.0,16.48
002779.SZ,20260911,80.66,81.0,81.0,80.66,6900.0,558677.0,80.97
002780.SZ,20260911,13.54,13.54,13.54,13.5,16000.0,216559.0,13.54
002782.SZ,20260911,14.86,14.84,14.88,14.84,57200.0,849102.0,14.84
002783.SZ,20260911,8.0,8.0,8.0,7.99,45900.0,367198.0,8.0
002785.SZ,20260911,35.45,35.38,35.74,35.38,18500.0,655177.0,35.42
002786.SZ,20260911,7.66,7.67,7.67,7.63,21400.0,163927.0,7.66
002787.SZ,20260911,23.57,23.57,23.78,23.43,160200.0,3776422.08,23.57
002788.SZ,20260911,11.1,11.05,11.1,11.05,325500.0,3597413.12,11.05
002789.SZ,20260911,13.55,13.78,13.96,13.55,44700.0,613759.0,13.73
002790.SZ,20260911,9.31,9.31,9.31,9.31,4866620.16,45308231.68,9.31
002791.SZ,20260911,14.81,14.86,14.86,14.81,19000.0,282220.0,14.85
002792.SZ,20260911,29.95,29.82,30.06,29.82,318300.0,9499605.76,29.85
002793.SZ,20260911,4.53,4.53,4.55,4.52,270600.0,1226064.96,4.53
002795.SZ,20260911,7.34,7.34,7.39,7.34,146300.0,1074260.96,7.34
002796.SZ,20260911,28.49,28.31,28.49,28.3,20700.0,586597.0,28.34
002797.SZ,20260911,6.43,6.43,6.44,6.42,499200.0,3209694.08,6.43
002798.SZ,20260911,6.77,6.75,6.77,6.75,37600.0,254351.0,6.77
002799.SZ,20260911,6.91,6.93,6.93,6.9,12400.0,85869.0,6.93
002800.SZ,20260911,15.01,15.0,15.1,15.0,9000.0,135042.0,15.01
002801.SZ,20260911,27.01,27.02,27.05,27.01,6600.0,178340.0,27.02
002802.SZ,20260911,12.19,12.14,12.19,12.14,19800.0,240402.0,12.14
002803.SZ,20260911,20.18,20.2,20.21,20.15,49200.0,993775.04,20.2
002805.SZ,20260911,16.51,16.52,16.55,16.51,84100.0,1389910.08,16.53
002806.SZ,20260911,14.22,14.23,14.23,14.2,17500.0,248941.0,14.23
002807.SZ,20260911,4.29,4.29,4.3,4.28,295500.0,1267708.0,4.29
002809.SZ,20260911,8.53,8.55,8.55,8.53,38500.0,329052.0,8.55
002810.SZ,20260911,21.35,21.35,21.36,21.35,15900.0,339472.0,21.35
002811.SZ,20260911,14.04,14.07,14.07,14.0,63600.0,894720.96,14.07
002812.SZ,20260911,48.1,48.22,48.27,48.01,86800.0,4183442.56,48.2
002813.SZ,20260911,21.7,21.66,21.92,21.66,26700.0,578781.0,21.68
002815.SZ,20260911,18.0,18.09,18.19,18.0,876900.0,15862104.32,18.09
002816.SZ,20260911,22.36,22.33,22.36,22.33,17300.0,386369.0,22.33
002817.SZ,20260911,6.73,6.74,6.74,6.73,66400.0,447534.0,6.74
002818.SZ,20260911,11.4,11.41,11.44,11.4,53600.0,611480.0,11.41
002819.SZ,20260911,22.09,22.22,22.22,22.09,20600.0,457657.0,22.22
002820.SZ,20260911,10.07,10.13,10.23,10.07,77100.0,780908.0,10.13
002821.SZ,20260911,169.0,169.51,169.52,168.5,41100.0,6963968.0,169.44
002822.SZ,20260911,3.02,3.02,3.02,3.02,11200.0,33824.0,3.02
002823.SZ,20260911,12.68,12.64,12.68,12.64,6700.0,84840.0,12.66
002824.SZ,20260911,23.8,23.81,23.84,23.7,216900.0,5164313.92,23.81
002825.SZ,20260911,9.99,9.99,9.99,9.99,65700.0,656343.0,9.99
002826.SZ,20260911,17.5,17.51,17.51,17.5,21300.0,372944.0,17.51
002827.SZ,20260911,59.66,59.0,59.88,58.8,635850.0,37533317.12,59.03
002828.SZ,20260911,11.88,11.8,11.9,11.76,413900.0,4887797.12,11.81
002829.SZ,20260911,19.88,19.89,19.89,19.86,10600.0,210784.0,19.89
002830.SZ,20260911,14.83,14.92,14.95,14.83,17000.0,253574.0,14.92
002831.SZ,20260911,28.78,28.88,28.95,28.75,43100.0,1244488.0,28.87
002832.SZ,20260911,25.5,25.49,25.76,25.49,12700.0,324134.0,25.52
002833.SZ,20260911,18.05,18.07,18.15,18.05,26100.0,471506.0,18.07
002835.SZ,20260911,12.76,12.77,12.77,12.76,36200.0,462229.0,12.77
002836.SZ,20260911,10.37,10.32,10.38,10.32,32700.0,337505.0,10.32
002837.SZ,20260911,60.94,61.08,61.08,60.82,508800.0,31068720.64,61.06
002838.SZ,20260911,24.77,24.78,24.78,24.74,19400.0,480655.0,24.78
002839.SZ,20260911,4.52,4.51,4.52,4.51,204900.0,924766.0,4.51
002840.SZ,20260911,8.68,8.7,8.72,8.68,130400.0,1134227.04,8.7
002841.SZ,20260911,45.8,45.99,46.0,45.8,23500.0,1079987.04,45.96
002842.SZ,20260911,33.0,33.0,33.06,32.95,505200.0,16675819.52,33.01
002843.SZ,20260911,15.6,15.7,15.7,15.56,35300.0,553807.0,15.69
002845.SZ,20260911,13.29,13.28,13.29,13.23,70200.0,932127.04,13.28
002846.SZ,20260911,10.59,10.49,10.59,10.49,58300.0,612531.0,10.51
002847.SZ,20260911,45.08,45.08,45.14,45.0,22700.0,1023244.0,45.08
002848.SZ,20260911,13.74,13.69,13.74,13.69,13400.0,183541.0,13.7
002849.SZ,20260911,17.57,17.57,17.68,17.55,18500.0,325080.0,17.57
002850.SZ,20260911,167.65,167.96,169.5,167.58,26000.0,4375855.04,168.3
002851.SZ,20260911,125.94,125.89,126.66,125.17,330491.0,41612423.68,125.91
002852.SZ,20260911,8.96,8.95,8.98,8.94,177000.0,1584852.96,8.95
002853.SZ,20260911,20.81,20.82,20.82,20.81,11800.0,245668.0,20.82
002855.SZ,20260911,14.01,14.0,14.19,13.94,854000.0,11962219.52,14.01
002856.SZ,20260911,22.9,22.95,22.95,22.76,240700.0,5509560.32,22.89
002857.SZ,20260911,17.5,17.73,17.73,17.5,19600.0,347094.0,17.71
002858.SZ,20260911,11.74,11.72,11.75,11.72,11100.0,130171.0,11.73
002859.SZ,20260911,60.59,60.6,61.0,60.51,103300.0,6266328.96,60.66
002860.SZ,20260911,16.06,16.01,16.06,16.0,91300.0,1461891.04,16.01
002861.SZ,20260911,14.75,14.78,14.78,14.75,21300.0,314792.0,14.78
002862.SZ,20260911,15.8,15.8,15.83,15.71,60200.0,951283.04,15.8
002863.SZ,20260911,4.83,4.83,4.84,4.83,51900.0,250697.0,4.83
002864.SZ,20260911,20.98,21.05,21.05,20.98,4400.0,92554.0,21.04
002865.SZ,20260911,37.53,37.5,37.53,37.46,30400.0,1139838.0,37.5
002866.SZ,20260911,14.04,14.04,14.06,14.01,18800.0,263915.0,14.04
002867.SZ,20260911,10.48,10.5,10.5,10.47,336300.0,3529152.96,10.49
002868.SZ,20260911,24.27,24.25,24.29,24.2,40800.0,989928.96,24.26
002869.SZ,20260911,15.51,15.5,15.55,15.5,12900.0,199966.0,15.5
002870.SZ,20260911,53.0,53.0,53.0,53.0,0.0,0.0,53.0
002871.SZ,20260911,18.06,18.03,18.06,18.03,8900.0,160500.0,18.03
002872.SZ,20260911,5.88,5.89,5.89,5.84,26200.0,154193.0,5.89
002873.SZ,20260911,8.38,8.39,8.39,8.37,32700.0,274132.0,8.38
002875.SZ,20260911,13.24,13.17,13.24,13.17,29400.0,387538.0,13.18
002876.SZ,20260911,28.27,28.3,28.51,27.81,14400.0,407208.0,28.28
002877.SZ,20260911,7.46,7.46,7.51,7.46,23400.0,175116.0,7.48
002878.SZ,20260911,12.81,12.83,12.83,12.81,11300.0,144940.0,12.83
002879.SZ,20260911,16.62,16.61,16.75,16.6,80300.0,1333992.96,16.61
002880.SZ,20260911,21.22,21.23,21.3,21.22,29900.0,634956.0,21.24
002881.SZ,20260911,41.78,41.79,41.79,41.6,75400.0,3150258.88,41.78
002882.SZ,20260911,22.07,22.1,22.38,22.0,133800.0,2955436.16,22.09
002883.SZ,20260911,9.2,9.2,9.2,9.2,12200.0,112240.0,9.2
002884.SZ,20260911,15.75,15.78,15.78,15.75,13900.0,219230.0,15.77
002885.SZ,20260911,26.4,26.4,26.55,26.34,513800.0,13562883.84,26.4
002886.SZ,20260911,25.62,25.42,25.9,25.42,1633400.0,41622423.04,25.48
002887.SZ,20260911,9.4,9.42,9.42,9.4,13300.0,125246.0,9.42
002888.SZ,20260911,19.28,19.36,19.56,19.28,26400.0,511147.0,19.36
002889.SZ,20260911,11.85,11.87,11.87,11.85,6600.0,78326.0,11.87
002890.SZ,20260911,14.37,14.31,14.37,14.3,10200.0,146203.0,14.33
002891.SZ,20260911,28.06,28.02,28.19,28.01,40700.0,1140740.96,28.03
002892.SZ,20260911,8.83,8.83,8.84,8.83,13500.0,119225.0,8.83
002893.SZ,20260911,10.85,10.87,10.92,10.84,288900.0,3139205.12,10.87
002895.SZ,20260911,33.25,33.25,33.3,33.23,81800.0,2720432.96,33.26
002896.SZ,20260911,61.1,61.2,61.2,61.09,21900.0,1339695.04,61.17
002897.SZ,20260911,61.99,62.04,62.34,61.9,332700.0,20651435.52,62.07
002899.SZ,20260911,20.5,20.5,20.6,20.5,11500.0,235842.0,20.51
002900.SZ,20260911,11.9,11.9,11.9,11.83,40300.0,479387.0,11.9
002901.SZ,20260911,39.88,39.88,39.88,39.83,7400.0,294962.0,39.86
002902.SZ,20260911,27.19,27.4,27.49,27.19,484000.0,13245141.76,27.37
002903.SZ,20260911,26.4,26.28,26.6,26.28,53400.0,1404872.0,26.31
002905.SZ,20260911,8.68,8.62,8.72,8.62,151100.0,1303852.96,8.63
002906.SZ,20260911,26.7,26.7,26.7,26.66,35700.0,952980.96,26.69
002907.SZ,20260911,13.44,13.4,13.44,13.38,203100.0,2724288.96,13.41
002908.SZ,20260911,7.08,7.08,7.09,7.08,13200.0,93468.0,7.08
002909.SZ,20260911,7.95,7.99,8.09,7.91,2388600.0,19099668.48,8.0
002910.SZ,20260911,10.39,10.34,10.4,10.34,143600.0,1486383.04,10.35
002911.SZ,20260911,11.69,11.66,11.7,11.64,106500.0,1240979.04,11.65
002912.SZ,20260911,23.51,23.51,23.51,23.51,1693472.96,39813552.64,23.51
002913.SZ,20260911,70.4,69.99,70.49,69.6,75200.0,5269331.84,70.07
002915.SZ,20260911,17.52,17.52,17.56,17.5,203200.0,3559353.92,17.52
002916.SZ,20260911,388.4,388.41,388.46,386.64,46700.0,18133936.64,388.31
002917.SZ,20260911,10.34,10.34,10.34,10.32,14600.0,150943.0,10.34
002918.SZ,20260911,11.11,11.18,11.18,11.03,482300.0,5383564.16,11.16
002919.SZ,20260911,17.2,17.15,17.56,17.15,6100.0,104887.0,17.2
002920.SZ,20260911,82.56,82.7,82.8,82.56,25700.0,2124967.04,82.68
002921.SZ,20260911,20.52,20.78,20.78,20.51,17400.0,360343.0,20.71
002922.SZ,20260911,23.31,23.3,23.44,23.3,159000.0,3706193.92,23.31
002923.SZ,20260911,10.72,10.73,10.97,10.7,59300.0,636221.0,10.73
002925.SZ,20260911,22.92,22.97,22.97,22.9,67400.0,1547635.04,22.96
002926.SZ,20260911,8.54,8.52,8.54,8.52,260800.0,2223120.0,8.52
002927.SZ,20260911,17.55,17.55,17.57,17.52,30300.0,531735.0,17.55
002928.SZ,20260911,6.35,6.35,6.36,6.34,622500.0,3952434.88,6.35
002929.SZ,20260911,48.99,49.01,49.04,48.85,82100.0,4022975.04,49.0
002930.SZ,20260911,9.52,9.55,9.55,9.52,15600.0,148806.0,9.54
002931.SZ,20260911,41.49,41.5,41.67,41.46,27300.0,1133238.0,41.51
002932.SZ,20260911,15.32,15.31,15.32,15.31,1300.0,19906.0,15.31
002933.SZ,20260911,27.34,27.26,27.34,27.26,6000.0,163584.0,27.26
002935.SZ,20260911,15.57,15.5,15.57,15.5,49500.0,768098.0,15.52
002936.SZ,20260911,1.81,1.8,1.81,1.8,341000.0,614014.0,1.8
002937.SZ,20260911,27.53,27.46,27.64,27.46,54400.0,1495996.0,27.5
002938.SZ,20260911,89.28,89.28,89.79,89.12,487900.0,43573672.96,89.31
002939.SZ,20260911,8.07,8.08,8.08,8.06,327300.0,2643107.04,8.08
002940.SZ,20260911,23.93,23.95,24.0,23.9,246600.0,5905651.84,23.95
002941.SZ,20260911,10.95,10.95,10.96,10.95,32900.0,360258.0,10.95
002942.SZ,20260911,17.4,17.4,17.5,17.39,100200.0,1744904.0,17.41
002943.SZ,20260911,29.6,29.69,29.73,29.1,59900.0,1775232.0,29.64
002945.SZ,20260911,14.47,14.47,14.5,14.44,340700.0,4930096.96,14.47
002946.SZ,20260911,14.64,14.65,14.65,14.64,20700.0,303215.0,14.65
002947.SZ,20260911,61.98,62.01,62.13,61.98,57400.0,3560249.92,62.03
002948.SZ,20260911,6.36,6.36,6.37,6.35,575900.0,3661603.84,6.36
002949.SZ,20260911,12.64,12.56,12.8,12.56,106300.0,1338164.0,12.59
002950.SZ,20260911,8.71,8.71,8.74,8.71,32500.0,283093.0,8.71
002951.SZ,20260911,15.68,15.67,15.68,15.66,24100.0,377671.0,15.67
002952.SZ,20260911,18.56,18.57,18.6,18.51,99900.0,1855032.96,18.57
002953.SZ,20260911,10.88,10.88,11.01,10.88,209100.0,2280174.08,10.91
002955.SZ,20260911,36.75,36.7,36.75,36.7,72200.0,2650699.04,36.71
002956.SZ,20260911,15.67,15.67,15.8,15.67,17700.0,277400.0,15.67
002957.SZ,20260911,39.2,39.06,39.49,39.06,176300.0,6895813.12,39.11
002958.SZ,20260911,3.08,3.08,3.08,3.07,735500.0,2265335.04,3.08
002959.SZ,20260911,32.13,32.18,32.18,32.1,3000.0,96477.0,32.16
002960.SZ,20260911,8.34,8.34,8.35,8.32,87200.0,727014.0,8.34
002961.SZ,20260911,20.22,20.21,20.25,20.13,142900.0,2886800.0,20.2
002962.SZ,20260911,12.7,12.61,12.7,12.61,33200.0,418888.0,12.62
002963.SZ,20260911,20.8,20.81,20.91,20.8,75500.0,1571243.04,20.81
002965.SZ,20260911,27.85,27.86,27.86,27.8,72000.0,2005800.96,27.86
002966.SZ,20260911,9.3,9.3,9.34,9.29,255500.0,2376400.96,9.3
002967.SZ,20260911,16.93,16.95,16.98,16.93,32700.0,554296.0,16.95
002968.SZ,20260911,9.55,9.5,9.55,9.5,46000.0,437012.0,9.5
002969.SZ,20260911,11.53,11.55,11.57,11.53,322200.0,3721456.0,11.55
002970.SZ,20260911,45.6,45.71,45.72,45.6,8600.0,392899.0,45.69
002971.SZ,20260911,37.61,37.65,37.71,37.6,169400.0,6380480.0,37.67
002972.SZ,20260911,12.92,12.95,12.98,12.92,52700.0,682236.96,12.95
002973.SZ,20260911,11.54,11.63,11.65,11.54,37500.0,435898.0,11.62
002975.SZ,20260911,96.6,96.48,96.92,96.17,168500.0,16261623.04,96.51
002976.SZ,20260911,24.27,24.37,24.37,24.25,20890.0,508690.32,24.35
002977.SZ,20260911,20.81,20.81,20.81,20.8,21900.0,455718.0,20.81
002978.SZ,20260911,25.72,25.76,25.76,25.67,15900.0,409167.0,25.73
002979.SZ,20260911,51.36,51.39,51.8,51.35,84900.0,4364485.12,51.41
002980.SZ,20260911,131.69,131.7,132.45,131.09,169200.0,22288965.12,131.73
002981.SZ,20260911,24.1,24.1,24.1,24.1,49000.0,1180900.0,24.1
002982.SZ,20260911,13.24,13.23,13.24,13.23,27000.0,357243.0,13.23
002983.SZ,20260911,21.04,21.04,21.3,21.0,13000.0,273492.0,21.04
002984.SZ,20260911,13.73,13.73,13.74,13.72,29500.0,405038.0,13.73
002985.SZ,20260911,28.61,28.61,28.8,28.6,22800.0,652666.0,28.63
002986.SZ,20260911,13.31,13.28,13.32,13.28,33600.0,446241.0,13.28
002987.SZ,20260911,11.32,11.32,11.42,11.31,41000.0,464221.0,11.32
002988.SZ,20260911,30.67,30.7,30.7,30.61,71100.0,2182292.96,30.69
002989.SZ,20260911,23.08,23.11,23.17,23.08,32900.0,760407.04,23.11
002990.SZ,20260911,46.82,46.74,47.0,46.74,34200.0,1599256.96,46.76
002991.SZ,20260911,38.58,38.58,38.58,38.58,11700.0,451386.0,38.58
002992.SZ,20260911,33.38,33.4,33.4,33.35,7900.0,263763.0,33.39
002993.SZ,20260911,36.08,36.0,36.09,36.0,16000.0,576065.0,36.0
002995.SZ,20260911,17.28,17.28,17.4,17.28,21100.0,364743.0,17.29
002996.SZ,20260911,6.16,6.17,6.18,6.15,180700.0,1114358.0,6.17
002997.SZ,20260911,29.74,29.71,29.88,29.71,322782.0,9601032.96,29.75
002998.SZ,20260911,9.0,9.25,9.25,8.88,5050099.84,46610851.84,9.23
002999.SZ,20260911,7.02,7.03,7.07,6.96,1309000.0,9204154.88,7.03
003000.SZ,20260911,9.74,9.71,9.75,9.71,54800.0,532448.0,9.72
003001.SZ,20260911,15.61,15.76,15.77,15.61,22900.0,360589.0,15.75
003002.SZ,20260911,19.0,19.02,19.12,18.92,348000.0,6617985.28,19.02
003003.SZ,20260911,11.01,11.0,11.18,11.0,54000.0,596575.0,11.05
003004.SZ,20260911,70.47,70.16,70.99,70.16,21300.0,1495473.92,70.21
003005.SZ,20260911,15.3,15.28,15.4,15.28,547900.0,8383288.96,15.3
003006.SZ,20260911,17.19,17.19,17.29,17.18,259200.0,4456711.04,17.19
003007.SZ,20260911,38.84,38.84,38.84,38.84,9200.0,357328.0,38.84
003008.SZ,20260911,19.4,19.45,19.5,19.4,8700.0,169195.0,19.45
003009.SZ,20260911,48.26,48.18,49.23,48.18,91100.0,4397160.96,48.27
003010.SZ,20260911,29.17,29.13,29.29,29.13,77200.0,2252664.96,29.18
003011.SZ,20260911,19.84,19.86,19.86,19.84,9600.0,190621.0,19.86
003012.SZ,20260911,4.68,4.68,4.71,4.68,45600.0,213433.0,4.68
003013.SZ,20260911,18.9,18.63,18.99,18.63,807500.0,15078243.84,18.67
003015.SZ,20260911,11.85,11.9,11.9,11.85,12100.0,143760.0,11.88
003016.SZ,20260911,7.4,7.4,7.44,7.4,24000.0,177604.0,7.4
003017.SZ,20260911,22.5,22.23,22.5,22.23,19200.0,427086.0,22.24
003018.SZ,20260911,49.5,49.27,49.55,49.27,217400.0,10716348.8,49.29
003019.SZ,20260911,27.25,27.2,27.5,27.2,27500.0,748524.96,27.22
003020.SZ,20260911,16.88,16.92,16.92,16.87,7400.0,125169.0,16.92
003021.SZ,20260911,68.11,68.11,68.56,68.09,21500.0,1464599.04,68.12
003022.SZ,20260911,19.25,19.22,19.25,19.22,61400.0,1180860.96,19.23
003023.SZ,20260911,25.53,25.53,25.53,25.53,6500.0,165945.0,25.53
003025.SZ,20260911,11.79,11.79,11.8,11.79,15700.0,185134.0,11.79
003026.SZ,20260911,27.26,27.31,27.31,27.22,20300.0,554149.0,27.3
003027.SZ,20260911,16.56,16.56,16.68,16.56,7600.0,126107.0,16.59
003028.SZ,20260911,22.81,22.81,22.94,22.8,6700.0,152817.0,22.81
003029.SZ,20260911,18.55,18.6,18.6,18.46,542000.0,10069349.76,18.58
003030.SZ,20260911,25.63,25.64,25.67,25.63,58100.0,1490535.04,25.66
003031.SZ,20260911,117.52,117.0,118.0,117.0,78300.0,9170369.92,117.12
003032.SZ,20260911,9.04,9.01,9.12,9.01,466800.0,4218589.12,9.04
003033.SZ,20260911,73.06,73.73,74.25,73.06,42300.0,3117461.12,73.7
003035.SZ,20260911,5.79,5.8,5.8,5.75,618400.0,3582707.84,5.79
003036.SZ,20260911,51.66,51.71,52.0,51.4,43500.0,2248150.08,51.68
003037.SZ,20260911,5.88,5.88,5.88,5.84,174200.0,1023904.0,5.88
003038.SZ,20260911,10.81,10.82,10.82,10.8,42400.0,458439.0,10.81
003039.SZ,20260911,13.44,13.48,13.49,13.35,270000.0,3636707.84,13.47
003040.SZ,20260911,17.6,17.58,17.88,17.58,1570000.0,27640448.0,17.61
003041.SZ,20260911,38.0,38.0,38.0,37.97,9800.0,372392.0,38.0
003042.SZ,20260911,14.73,14.69,14.91,14.65,85700.0,1259736.96,14.7
003043.SZ,20260911,61.86,61.81,61.88,61.52,31900.0,1971835.04,61.81
003816.SZ,20260911,4.3,4.3,4.31,4.29,254900.0,1096260.96,4.3
300001.SZ,20260911,32.66,32.7,32.71,32.6,31300.0,1022932.96,32.68
300002.SZ,20260911,8.16,8.16,8.17,8.15,179600.0,1466240.0,8.16
300003.SZ,20260911,11.21,11.21,11.23,11.2,133500.0,1496438.08,11.21
300004.SZ,20260911,8.1,8.11,8.13,8.09,248800.0,2017657.92,8.11
300005.SZ,20260911,10.3,10.37,10.38,10.28,237800.0,2457476.96,10.33
300006.SZ,20260911,5.1,5.11,5.12,5.1,195400.0,997786.0,5.11
300007.SZ,20260911,29.45,29.58,29.58,29.45,70900.0,2095566.08,29.56
300008.SZ,20260911,6.66,6.65,6.69,6.64,3210899.84,21376944.64,6.66
300009.SZ,20260911,8.1,8.11,8.11,8.1,278900.0,2260505.92,8.1
300010.SZ,20260911,5.34,5.35,5.35,5.27,5780099.84,30833489.92,5.33
300011.SZ,20260911,6.01,6.01,6.01,5.96,65700.0,394540.0,6.01
300012.SZ,20260911,14.28,14.32,14.4,14.28,293400.0,4203695.04,14.33
300013.SZ,20260911,4.45,4.44,4.47,4.42,664600.0,2952844.16,4.44
300014.SZ,20260911,49.36,49.38,49.38,49.25,302300.0,14921134.08,49.36
300015.SZ,20260911,8.16,8.17,8.17,8.15,191200.0,1561313.92,8.17
300016.SZ,20260911,8.07,8.08,8.09,8.03,241800.0,1952627.04,8.08
300017.SZ,20260911,14.83,14.85,14.85,14.77,1837600.0,27260664.32,14.84
300018.SZ,20260911,11.42,11.42,11.49,11.42,13100.0,149822.0,11.44
300019.SZ,20260911,13.99,14.07,14.07,13.99,12600.0,177081.0,14.05
300020.SZ,20260911,4.23,4.21,4.23,4.21,137500.0,579935.0,4.22
300021.SZ,20260911,4.26,4.26,4.28,4.21,1183900.0,5042175.04,4.26
300022.SZ,20260911,7.93,7.92,7.98,7.92,19200.0,152125.0,7.92
300024.SZ,20260911,13.9,13.92,13.94,13.88,171600.0,2387507.04,13.91
300025.SZ,20260911,5.82,5.8,5.83,5.8,42400.0,246647.0,5.82
300026.SZ,20260911,3.26,3.25,3.26,3.25,385000.0,1251431.04,3.25
300027.SZ,20260911,1.81,1.81,1.82,1.81,501300.0,908314.0,1.81
300030.SZ,20260911,6.77,6.77,6.78,6.77,102800.0,695963.04,6.77
300031.SZ,20260911,19.85,19.89,19.89,19.7,36900.0,732203.04,19.84
300032.SZ,20260911,3.81,3.81,3.81,3.8,61500.0,234250.0,3.81
300033.SZ,20260911,211.99,212.0,212.0,211.0,197000.0,41722728.96,211.79
300034.SZ,20260911,16.31,16.4,16.4,16.31,114200.0,1871192.96,16.39
300035.SZ,20260911,12.8,12.81,12.81,12.77,375900.0,4811738.88,12.8
300036.SZ,20260911,10.29,10.3,10.3,10.29,21500.0,221444.0,10.3
300037.SZ,20260911,68.83,68.8,69.15,68.72,137000.0,9427205.76,68.81
300039.SZ,20260911,5.18,5.18,5.19,5.17,196300.0,1016704.96,5.18
300040.SZ,20260911,6.13,6.15,6.15,6.13,1363480.0,8380095.36,6.15
300041.SZ,20260911,10.42,10.43,10.44,10.41,167500.0,1746907.04,10.43
300042.SZ,20260911,37.92,37.93,38.2,37.89,99600.0,3778392.96,37.94
300043.SZ,20260911,4.46,4.47,4.47,4.45,179700.0,802496.96,4.47
300044.SZ,20260911,6.04,6.03,6.07,6.03,229300.0,1383552.96,6.03
300045.SZ,20260911,11.89,11.89,11.98,11.88,44700.0,531527.0,11.89
300046.SZ,20260911,23.32,23.34,23.34,23.24,9800.0,228386.0,23.31
300047.SZ,20260911,9.01,9.03,9.05,9.01,51500.0,465008.0,9.03
300048.SZ,20260911,4.98,4.98,4.99,4.98,124800.0,621696.0,4.98
300049.SZ,20260911,44.7,44.79,44.84,44.66,86200.0,3860528.0,44.79
300050.SZ,20260911,7.41,7.4,7.44,7.4,308600.0,2286575.04,7.41
300051.SZ,20260911,8.38,8.43,8.43,8.37,44300.0,372730.0,8.41
300052.SZ,20260911,10.78,10.72,10.8,10.72,68000.0,730636.0,10.75
300053.SZ,20260911,11.98,11.98,11.98,11.95,63100.0,755592.0,11.98
300054.SZ,20260911,66.4,66.36,66.88,66.2,293900.0,19514260.48,66.4
300055.SZ,20260911,6.12,6.1,6.15,6.1,117100.0,716336.0,6.12
300056.SZ,20260911,8.36,8.36,8.36,8.33,6300.0,52649.0,8.36
300057.SZ,20260911,6.25,6.24,6.27,6.23,158000.0,986410.0,6.24
300058.SZ,20260911,13.26,13.26,13.3,13.21,3155400.0,41824207.36,13.26
300059.SZ,20260911,18.79,18.8,18.8,18.76,3346200.0,62887598.08,18.79
300061.SZ,20260911,6.81,6.83,6.84,6.79,1591300.0,10857157.12,6.82
300062.SZ,20260911,6.48,6.5,6.51,6.46,387700.0,2515087.04,6.49
300063.SZ,20260911,8.87,8.89,8.9,8.85,275900.0,2450244.96,8.88
300065.SZ,20260911,16.16,16.2,16.26,16.13,752800.0,12193322.24,16.2
300066.SZ,20260911,4.79,4.77,4.8,4.77,86100.0,411087.0,4.78
300067.SZ,20260911,5.21,5.21,5.25,5.21,430900.0,2245108.0,5.21
300068.SZ,20260911,4.28,4.26,4.29,4.26,1300400.0,5543978.24,4.26
300069.SZ,20260911,24.44,24.57,24.57,24.44,26300.0,645675.0,24.55
300070.SZ,20260911,3.5,3.49,3.5,3.49,495500.0,1729355.04,3.49
300071.SZ,20260911,4.19,4.2,4.2,4.18,290200.0,1217095.04,4.19
300072.SZ,20260911,3.77,3.76,3.78,3.75,771500.0,2905471.04,3.77
300073.SZ,20260911,37.43,37.47,37.48,37.4,71100.0,2662745.92,37.45
300074.SZ,20260911,3.79,3.79,3.79,3.78,29000.0,109892.0,3.79
300075.SZ,20260911,10.56,10.54,10.56,10.54,17400.0,183477.0,10.55
300076.SZ,20260911,4.48,4.48,4.48,4.46,140400.0,626196.0,4.46
300077.SZ,20260911,19.24,19.31,19.31,19.1,306300.0,5894421.12,19.24
300078.SZ,20260911,2.82,2.81,2.82,2.8,115300.0,323990.0,2.81
300079.SZ,20260911,4.97,4.98,4.98,4.95,127300.0,632581.0,4.97
300080.SZ,20260911,3.82,3.82,3.83,3.82,58100.0,222033.0,3.82
300081.SZ,20260911,3.5,3.5,3.53,3.49,49700.0,174455.0,3.51
300082.SZ,20260911,8.26,8.24,8.33,8.22,74700.0,616351.0,8.25
300083.SZ,20260911,11.97,11.92,12.08,11.92,360700.0,4306421.12,11.94
300084.SZ,20260911,10.52,10.54,10.54,10.5,71200.0,749740.0,10.53
300085.SZ,20260911,30.9,30.88,31.0,30.71,1271584.0,39270968.32,30.88
300086.SZ,20260911,6.53,6.58,6.58,6.53,25600.0,167773.0,6.55
300087.SZ,20260911,5.96,5.95,5.97,5.95,412700.0,2456400.96,5.95
300088.SZ,20260911,6.86,6.87,6.87,6.81,2553700.0,17513507.84,6.86
300091.SZ,20260911,2.44,2.45,2.45,2.44,15300.0,37484.0,2.45
300092.SZ,20260911,11.54,11.56,11.56,11.54,3400.0,39278.0,11.55
300093.SZ,20260911,20.98,20.98,21.34,20.98,215700.0,4537177.92,21.04
300094.SZ,20260911,3.35,3.35,3.36,3.32,2082400.0,6973265.92,3.35
300095.SZ,20260911,8.57,8.57,8.61,8.57,33700.0,288880.0,8.57
300096.SZ,20260911,8.83,8.87,8.87,8.83,8100.0,71642.0,8.85
300097.SZ,20260911,9.56,9.57,9.57,9.37,30300.0,287951.0,9.5
300098.SZ,20260911,4.4,4.4,4.41,4.4,122200.0,537725.0,4.4
300099.SZ,20260911,6.33,6.34,6.35,6.33,159700.0,1012348.96,6.34
300100.SZ,20260911,20.01,20.03,20.03,20.0,30700.0,614620.0,20.02
300101.SZ,20260911,14.2,14.23,14.23,14.14,11500.0,163394.0,14.21
300102.SZ,20260911,17.15,17.18,17.2,17.11,73000.0,1253148.0,17.17
300103.SZ,20260911,8.19,8.2,8.2,8.11,102800.0,842388.96,8.19
300105.SZ,20260911,7.36,7.37,7.37,7.36,89500.0,659178.0,7.37
300106.SZ,20260911,11.47,11.44,11.53,11.44,36864.0,421813.16,11.44
300107.SZ,20260911,6.78,6.75,6.78,6.75,47300.0,319643.0,6.76
300109.SZ,20260911,13.11,13.12,13.15,13.08,97000.0,1272715.04,13.12
300110.SZ,20260911,2.79,2.8,2.8,2.78,79300.0,221611.0,2.8
300111.SZ,20260911,3.06,3.07,3.07,3.05,117900.0,361511.0,3.07
300112.SZ,20260911,9.13,9.18,9.27,9.09,1357400.0,12461821.44,9.18
300113.SZ,20260911,16.37,16.4,16.47,16.37,147400.0,2417352.96,16.4
300115.SZ,20260911,23.29,23.23,23.3,23.23,154900.0,3600240.0,23.24
300118.SZ,20260911,9.3,9.33,9.33,9.3,55900.0,520908.0,9.32
300119.SZ,20260911,17.71,17.71,17.77,17.61,55500.0,979431.04,17.65
300120.SZ,20260911,7.17,7.11,7.18,7.11,218100.0,1552408.0,7.12
300121.SZ,20260911,9.67,9.68,9.7,9.66,129800.0,1255596.0,9.67
300122.SZ,20260911,12.71,12.71,12.74,12.66,274200.0,3483596.16,12.71
300123.SZ,20260911,4.86,4.85,4.87,4.85,187200.0,908372.96,4.85
300124.SZ,20260911,53.91,53.97,53.98,53.88,258300.0,13937804.8,53.96
300125.SZ,20260911,9.28,9.27,9.31,9.27,56100.0,520228.0,9.27
300126.SZ,20260911,6.58,6.63,6.63,6.58,21500.0,141975.0,6.6
300127.SZ,20260911,23.84,23.9,23.9,23.8,18500.0,441683.0,23.88
300128.SZ,20260911,4.99,5.0,5.0,4.98,137700.0,688271.04,5.0
300129.SZ,20260911,7.42,7.42,7.44,7.42,146000.0,1083734.0,7.42
300130.SZ,20260911,18.67,18.74,18.74,18.6,59000.0,1103914.0,18.71
300131.SZ,20260911,16.29,16.26,16.38,16.22,2728499.84,44388899.84,16.27
300132.SZ,20260911,6.38,6.33,6.38,6.33,130000.0,824024.0,6.34
300133.SZ,20260911,7.33,7.34,7.38,7.32,439200.0,3223618.88,7.34
300134.SZ,20260911,8.4,8.44,8.46,8.38,57300.0,482785.0,8.43
300135.SZ,20260911,3.86,3.88,3.92,3.84,4432700.16,17220825.6,3.89
300136.SZ,20260911,56.28,56.39,56.39,56.2,187000.0,10538510.72,56.36
300137.SZ,20260911,10.52,10.52,10.55,10.51,183900.0,1935748.96,10.53
300138.SZ,20260911,11.6,11.61,11.61,11.6,10500.0,121898.0,11.61
300139.SZ,20260911,48.85,48.9,49.07,48.48,1412800.0,69023247.36,48.86
300140.SZ,20260911,5.51,5.51,5.52,5.51,67500.0,372078.0,5.51
300141.SZ,20260911,10.07,10.07,10.13,10.07,30100.0,303565.0,10.09
300142.SZ,20260911,13.22,13.21,13.27,13.2,2695101.12,35634332.16,13.22
300143.SZ,20260911,7.39,7.39,7.46,7.39,41300.0,305965.0,7.41
300144.SZ,20260911,5.99,5.98,6.0,5.98,593700.0,3551139.84,5.98
300145.SZ,20260911,4.65,4.66,4.69,4.64,828200.0,3858049.92,4.66
300146.SZ,20260911,9.38,9.39,9.39,9.37,123700.0,1161034.0,9.39
300147.SZ,20260911,6.6,6.6,6.62,6.58,160000.0,1055655.04,6.6
300148.SZ,20260911,3.59,3.61,3.61,3.58,79400.0,285923.0,3.6
300149.SZ,20260911,8.85,8.9,8.9,8.82,113199.0,1005188.16,8.88
300150.SZ,20260911,4.2,4.2,4.2,4.15,145100.0,605002.0,4.17
300151.SZ,20260911,15.97,16.0,16.0,15.87,145200.0,2318047.04,15.97
300152.SZ,20260911,1.7,1.7,1.7,1.69,136000.0,231060.0,1.7
300153.SZ,20260911,25.02,25.0,25.14,25.0,260500.0,6520247.04,25.03
300154.SZ,20260911,13.26,13.26,13.28,13.18,108000.0,1431900.96,13.26
300155.SZ,20260911,4.47,4.47,4.47,4.45,20000.0,89331.0,4.47
300157.SZ,20260911,4.2,4.21,4.23,4.19,1732600.0,7292325.12,4.21
300158.SZ,20260911,5.15,5.16,5.2,5.15,262100.0,1352513.92,5.16
300159.SZ,20260911,3.01,3.02,3.02,3.01,233200.0,703935.04,3.02
300160.SZ,20260911,4.5,4.5,4.52,4.5,88000.0,396008.0,4.5
300161.SZ,20260911,25.4,25.45,25.45,25.39,7300.0,185596.0,25.42
300162.SZ,20260911,7.46,7.46,7.47,7.45,63300.0,472147.0,7.46
300163.SZ,20260911,7.68,7.67,7.7,7.67,194800.0,1495435.04,7.68
300164.SZ,20260911,11.25,11.17,11.35,11.17,8953600.0,100279930.88,11.2
300165.SZ,20260911,5.1,5.11,5.11,5.1,5200.0,26551.0,5.11
300166.SZ,20260911,12.02,12.01,12.06,12.0,383274.0,4604758.08,12.01
300167.SZ,20260911,3.91,3.91,3.91,3.91,9600.0,37536.0,3.91
300168.SZ,20260911,4.8,4.81,4.81,4.8,40000.0,192392.0,4.81
300169.SZ,20260911,5.71,5.64,5.71,5.63,68200.0,387744.0,5.69
300170.SZ,20260911,15.22,15.22,15.29,15.18,475800.0,7244762.24,15.23
300171.SZ,20260911,13.23,13.25,13.37,13.23,126200.0,1673932.96,13.26
300172.SZ,20260911,4.58,4.59,4.59,4.58,61000.0,279957.0,4.59
300173.SZ,20260911,3.32,3.33,3.33,3.32,14100.0,46837.0,3.32
300174.SZ,20260911,18.15,18.12,18.16,18.12,68600.0,1243539.04,18.13
300175.SZ,20260911,5.7,5.68,5.74,5.68,56600.0,322354.0,5.7
300176.SZ,20260911,4.5,4.5,4.52,4.5,71200.0,320560.0,4.5
300177.SZ,20260911,6.36,6.41,6.41,6.36,17900.0,114439.0,6.39
300179.SZ,20260911,38.57,38.4,38.85,38.4,1120036.0,43083770.88,38.47
300180.SZ,20260911,4.54,4.53,4.55,4.53,235000.0,1065063.04,4.53
300181.SZ,20260911,13.4,13.4,13.45,13.37,91200.0,1221930.0,13.4
300182.SZ,20260911,5.02,5.01,5.03,5.01,930488.0,4664361.92,5.01
300183.SZ,20260911,10.32,10.35,10.35,10.32,30100.0,311485.0,10.35
300184.SZ,20260911,11.64,11.67,11.67,11.62,462300.0,5388657.28,11.66
300185.SZ,20260911,2.79,2.8,2.8,2.78,1069900.0,2987975.04,2.79
300187.SZ,20260911,4.75,4.7,4.75,4.7,438000.0,2070944.96,4.73
300188.SZ,20260911,10.28,10.26,10.3,10.21,79400.0,815280.96,10.27
300189.SZ,20260911,7.12,7.09,7.22,7.09,4124885.12,29324055.04,7.11
300190.SZ,20260911,4.04,4.04,4.04,4.04,53200.0,214928.0,4.04
300191.SZ,20260911,37.19,37.16,37.5,37.0,676700.0,25180088.32,37.21
300192.SZ,20260911,18.11,18.1,18.3,18.09,114140.0,2066612.32,18.11
300193.SZ,20260911,7.9,7.87,7.92,7.87,27300.0,215750.0,7.9
300194.SZ,20260911,3.85,3.85,3.85,3.85,61100.0,235235.0,3.85
300195.SZ,20260911,6.07,6.03,6.08,6.03,75900.0,458105.0,6.04
300196.SZ,20260911,16.97,17.0,17.01,16.95,320100.0,5438648.32,16.99
300197.SZ,20260911,2.07,2.08,2.08,2.07,1042200.0,2164176.0,2.08
300198.SZ,20260911,2.36,2.37,2.37,2.35,287500.0,681202.0,2.37
300199.SZ,20260911,23.2,23.25,23.26,23.14,293900.0,6829856.0,23.24
300200.SZ,20260911,8.26,8.26,8.28,8.26,45300.0,374219.0,8.26
300201.SZ,20260911,12.85,12.88,12.88,12.82,81000.0,1041442.0,12.86
300203.SZ,20260911,12.21,12.21,12.24,12.21,16200.0,197818.0,12.21
300204.SZ,20260911,19.95,20.0,20.0,19.9,71100.0,1420609.92,19.98
300205.SZ,20260911,4.94,4.97,4.97,4.94,3200.0,15864.0,4.96
300206.SZ,20260911,11.29,11.35,11.44,11.29,51700.0,587113.0,11.36
300207.SZ,20260911,17.65,17.65,17.69,17.62,634000.0,11190489.6,17.65
300209.SZ,20260911,35.46,35.29,35.5,35.26,1128200.0,39824176.64,35.3
300210.SZ,20260911,7.65,7.7,7.7,7.6,57600.0,441396.0,7.66
300211.SZ,20260911,7.22,7.22,7.22,7.22,63000.0,454860.0,7.22
300212.SZ,20260911,8.53,8.53,8.53,8.43,88900.0,756064.0,8.51
300213.SZ,20260911,6.56,6.57,6.57,6.55,27800.0,182518.0,6.57
300214.SZ,20260911,10.2,10.25,10.26,10.1,580200.0,5929880.32,10.22
300215.SZ,20260911,6.4,6.4,6.45,6.39,69000.0,441592.0,6.4
300217.SZ,20260911,4.16,4.16,4.16,4.15,51300.0,213106.0,4.15
300218.SZ,20260911,12.55,12.58,12.58,12.52,18300.0,230165.0,12.58
300219.SZ,20260911,6.64,6.67,6.67,6.64,220000.0,1464352.96,6.66
300220.SZ,20260911,11.29,11.3,11.3,11.23,10400.0,117430.0,11.29
300221.SZ,20260911,13.66,13.6,13.66,13.6,114100.0,1553126.08,13.61
300222.SZ,20260911,9.83,9.83,9.84,9.81,81900.0,804772.0,9.83
300223.SZ,20260911,128.98,129.0,129.5,128.52,371700.0,47945589.76,128.99
300224.SZ,20260911,11.55,11.55,11.56,11.54,139700.0,1612977.92,11.55
300225.SZ,20260911,8.0,8.0,8.01,7.98,142900.0,1142706.0,8.0
300226.SZ,20260911,16.6,16.6,16.6,16.51,85500.0,1418318.08,16.59
300227.SZ,20260911,13.63,13.65,13.65,13.6,221700.0,3021257.92,13.63
300228.SZ,20260911,6.84,6.86,6.86,6.84,63100.0,432744.0,6.86
300229.SZ,20260911,12.98,12.98,12.99,12.9,105100.0,1362256.0,12.96
300230.SZ,20260911,4.35,4.37,4.37,4.34,33100.0,144284.0,4.36
300231.SZ,20260911,8.02,8.02,8.02,8.0,58200.0,466452.0,8.02
300232.SZ,20260911,5.41,5.42,5.42,5.4,25900.0,140186.0,5.41
300233.SZ,20260911,12.78,12.8,12.8,12.76,106500.0,1361952.96,12.79
300234.SZ,20260911,10.09,10.1,10.1,10.09,14100.0,142404.0,10.1
300235.SZ,20260911,11.51,11.6,11.61,11.5,191100.0,2215624.96,11.59
300236.SZ,20260911,81.9,82.0,82.28,81.7,99600.0,8167278.72,82.0
300237.SZ,20260911,2.37,2.37,2.37,2.37,113000.0,267810.0,2.37
300238.SZ,20260911,11.1,11.12,11.16,11.1,11000.0,122255.0,11.11
300239.SZ,20260911,5.04,5.04,5.04,5.04,49900.0,251496.0,5.04
300240.SZ,20260911,6.23,6.19,6.23,6.19,58100.0,361215.0,6.22
300241.SZ,20260911,5.65,5.68,5.68,5.65,120800.0,685294.0,5.67
300242.SZ,20260911,4.02,4.01,4.03,4.01,84200.0,337892.0,4.01
300243.SZ,20260911,15.71,15.71,15.77,15.67,182500.0,2868352.96,15.72
300244.SZ,20260911,17.18,17.28,17.29,17.18,267300.0,4617607.04,17.28
300245.SZ,20260911,6.08,6.08,6.09,6.08,135500.0,823852.0,6.08
300246.SZ,20260911,14.32,14.3,14.32,14.25,5500.0,78560.0,14.28
300247.SZ,20260911,3.72,3.72,3.73,3.71,86200.0,320599.0,3.72
300248.SZ,20260911,8.33,8.32,8.33,8.32,31100.0,258775.0,8.32
300249.SZ,20260911,12.82,12.8,12.97,12.8,119100.0,1525980.0,12.81
300250.SZ,20260911,15.2,15.16,15.36,15.16,20000.0,304278.0,15.21
300251.SZ,20260911,11.22,11.23,11.24,11.21,321046.0,3604583.36,11.23
300252.SZ,20260911,12.11,12.12,12.24,12.09,647800.0,7857009.92,12.13
300253.SZ,20260911,6.77,6.78,6.79,6.77,175800.0,1191708.96,6.78
300254.SZ,20260911,8.62,8.66,8.74,8.62,240500.0,2081204.0,8.65
300255.SZ,20260911,22.55,22.58,22.65,22.51,200600.0,4530957.12,22.59
300256.SZ,20260911,2.74,2.75,2.75,2.73,190700.0,524022.0,2.75
300257.SZ,20260911,18.2,18.1,18.3,18.1,82900.0,1508241.92,18.19
300258.SZ,20260911,9.17,9.25,9.25,9.17,27400.0,252044.0,9.2
300259.SZ,20260911,4.17,4.18,4.18,4.16,196900.0,822251.04,4.18
300260.SZ,20260911,53.0,53.03,53.25,52.68,69800.0,3698717.12,52.99
300261.SZ,20260911,5.08,5.11,5.14,5.08,133400.0,680868.96,5.1
300263.SZ,20260911,9.62,9.63,9.64,9.6,339700.0,3269125.12,9.62
300264.SZ,20260911,6.24,6.27,6.27,6.2,133400.0,835102.0,6.26
300265.SZ,20260911,13.44,13.43,13.47,13.43,155700.0,2091535.04,13.43
300266.SZ,20260911,2.01,2.0,2.02,2.0,270899.0,543300.0,2.01
300267.SZ,20260911,3.21,3.21,3.21,3.2,45100.0,144695.0,3.21
300268.SZ,20260911,12.52,12.5,12.53,12.5,11600.0,145055.0,12.51
300269.SZ,20260911,4.97,4.98,4.98,4.91,72600.0,360925.0,4.97
300270.SZ,20260911,10.5,10.52,10.52,10.48,21100.0,221796.0,10.51
300271.SZ,20260911,5.6,5.58,5.6,5.58,28600.0,159970.0,5.59
300272.SZ,20260911,5.76,5.75,5.76,5.75,31800.0,182903.0,5.75
300274.SZ,20260911,85.53,85.64,85.7,85.35,430150.0,36830256.64,85.62
300275.SZ,20260911,8.78,8.8,8.8,8.78,28700.0,252484.0,8.8
300276.SZ,20260911,6.12,6.13,6.14,6.12,63200.0,387296.0,6.13
300277.SZ,20260911,12.39,12.4,12.41,12.36,113200.0,1403064.96,12.4
300278.SZ,20260911,3.56,3.56,3.57,3.55,47400.0,168569.0,3.56
300279.SZ,20260911,5.61,5.62,5.62,5.61,32200.0,180851.0,5.62
300281.SZ,20260911,6.73,6.75,6.77,6.73,9400.0,63448.0,6.75
300283.SZ,20260911,12.75,12.77,12.79,12.72,574000.0,7325861.76,12.76
300284.SZ,20260911,5.18,5.17,5.18,5.17,61600.0,318535.0,5.17
300285.SZ,20260911,59.2,59.14,59.95,59.14,898900.0,53296363.52,59.29
300286.SZ,20260911,19.23,19.28,19.29,19.23,31215.0,601593.0,19.27
300287.SZ,20260911,3.61,3.61,3.64,3.6,186200.0,672608.96,3.61
300288.SZ,20260911,9.82,9.86,9.86,9.82,1800.0,17744.0,9.86
300289.SZ,20260911,5.78,5.77,5.78,5.75,8000.0,46124.0,5.77
300290.SZ,20260911,7.13,7.15,7.2,7.07,1875300.0,13387895.04,7.14
300291.SZ,20260911,5.36,5.35,5.43,5.33,698400.0,3743365.12,5.36
300292.SZ,20260911,4.34,4.34,4.35,4.34,408300.0,1772692.0,4.34
300293.SZ,20260911,14.5,14.42,14.5,14.42,20100.0,290329.0,14.44
300294.SZ,20260911,14.53,14.54,14.54,14.5,21600.0,313948.0,14.54
300295.SZ,20260911,11.65,11.71,11.71,11.65,11600.0,135710.0,11.7
300296.SZ,20260911,4.95,4.95,4.95,4.94,846500.0,4189274.88,4.95
300298.SZ,20260911,15.33,15.33,15.34,15.33,20400.0,312743.0,15.33
300299.SZ,20260911,5.66,5.65,5.67,5.65,115700.0,654490.0,5.66
300300.SZ,20260911,8.91,8.99,9.0,8.89,1528700.0,13721218.56,8.98
300301.SZ,20260911,3.46,3.47,3.47,3.46,47400.0,164020.0,3.46
300302.SZ,20260911,27.31,27.38,27.38,27.25,198800.0,5437265.92,27.35
300303.SZ,20260911,6.75,6.76,6.77,6.74,290900.0,1965192.0,6.76
300304.SZ,20260911,10.81,10.8,10.9,10.8,134000.0,1449027.04,10.81
300305.SZ,20260911,6.15,6.14,6.15,6.14,45700.0,280619.0,6.14
300306.SZ,20260911,10.22,10.23,10.23,10.21,15800.0,161529.0,10.22
300307.SZ,20260911,7.21,7.22,7.22,7.21,59100.0,426557.0,7.22
300308.SZ,20260911,898.05,898.17,900.0,895.0,689700.0,619382702.08,898.05
300310.SZ,20260911,4.32,4.32,4.34,4.32,81100.0,350962.0,4.33
300311.SZ,20260911,6.05,6.0,6.18,6.0,6944199.68,41871091.2,6.03
300313.SZ,20260911,13.14,13.18,13.19,13.06,490500.0,6456588.16,13.16
300314.SZ,20260911,11.03,11.0,11.11,10.99,47000.0,517676.0,11.01
300315.SZ,20260911,4.09,4.08,4.11,4.08,898800.0,3670686.08,4.08
300316.SZ,20260911,39.81,40.01,40.01,39.69,45200.0,1806459.04,39.97
300317.SZ,20260911,4.26,4.26,4.27,4.25,1143400.0,4870175.04,4.26
300318.SZ,20260911,5.05,5.05,5.05,5.02,22200.0,111978.0,5.04
300319.SZ,20260911,19.5,19.41,19.53,19.41,1758200.0,34197731.84,19.45
300320.SZ,20260911,8.18,8.12,8.24,8.12,22300.0,181662.0,8.15
300321.SZ,20260911,31.12,31.0,31.32,31.0,12700.0,394175.0,31.04
300322.SZ,20260911,17.28,17.3,17.3,17.22,116600.0,2016216.0,17.29
300323.SZ,20260911,10.62,10.62,10.66,10.6,880400.0,9350654.08,10.62
300324.SZ,20260911,3.45,3.44,3.45,3.44,114600.0,394444.0,3.44
300326.SZ,20260911,6.24,6.24,6.24,6.23,43200.0,269478.0,6.24
300327.SZ,20260911,23.61,23.65,23.65,23.6,43900.0,1037791.04,23.64
300328.SZ,20260911,12.42,12.43,12.44,12.32,958000.0,11902768.64,12.43
300329.SZ,20260911,12.16,12.18,12.18,12.16,3900.0,47458.0,12.17
300331.SZ,20260911,45.47,45.47,45.69,45.46,126600.0,5758931.2,45.49
300332.SZ,20260911,5.26,5.24,5.3,5.23,1199300.0,6302309.76,5.26
300333.SZ,20260911,11.11,11.02,11.17,11.02,151100.0,1667196.96,11.03
300334.SZ,20260911,8.29,8.33,8.34,8.29,26000.0,216418.0,8.32
300335.SZ,20260911,5.78,5.78,5.8,5.75,695400.0,4018759.04,5.78
300337.SZ,20260911,9.45,9.46,9.46,9.41,111700.0,1055247.04,9.45
300338.SZ,20260911,3.18,3.2,3.2,3.17,37600.0,120213.0,3.2
300339.SZ,20260911,33.93,33.95,34.02,33.92,169700.0,5762200.96,33.96
300340.SZ,20260911,8.67,8.68,8.68,8.67,18300.0,158777.0,8.68
300341.SZ,20260911,12.56,12.57,12.6,12.54,16600.0,208731.0,12.57
300342.SZ,20260911,31.7,31.71,31.84,31.69,67400.0,2137659.04,31.72
300343.SZ,20260911,5.52,5.53,5.53,5.51,134600.0,743915.04,5.53
300345.SZ,20260911,7.15,7.16,7.17,7.15,189500.0,1357095.04,7.16
300346.SZ,20260911,51.02,51.02,51.21,51.0,306700.0,15653811.2,51.04
300347.SZ,20260911,53.51,53.43,53.63,53.43,122200.0,6535187.2,53.48
300348.SZ,20260911,9.9,9.9,9.9,9.89,62800.0,621700.0,9.9
300349.SZ,20260911,10.03,10.03,10.07,10.03,40900.0,410279.0,10.03
300350.SZ,20260911,4.48,4.48,4.48,4.48,65300.0,292544.0,4.48
300351.SZ,20260911,14.21,14.15,14.21,14.14,109200.0,1545756.0,14.16
300352.SZ,20260911,2.73,2.75,2.75,2.72,922700.0,2532476.96,2.75
300353.SZ,20260911,16.15,16.16,16.19,16.15,92800.0,1500121.92,16.17
300354.SZ,20260911,26.29,26.3,26.34,26.29,9500.0,249844.0,26.3
300355.SZ,20260911,2.94,2.94,2.94,2.93,110700.0,325158.0,2.94
300357.SZ,20260911,19.24,19.24,19.3,19.2,181100.0,3486367.04,19.25
300358.SZ,20260911,8.06,8.05,8.07,8.03,190200.0,1531110.08,8.05
300359.SZ,20260911,4.21,4.2,4.21,4.2,72000.0,302402.0,4.2
300360.SZ,20260911,11.35,11.33,11.35,11.31,13600.0,154089.0,11.33
300363.SZ,20260911,20.75,20.75,20.9,20.69,191900.0,3982888.96,20.76
300364.SZ,20260911,24.32,24.32,24.4,24.21,716700.0,17431375.36,24.32
300365.SZ,20260911,4.66,4.66,4.66,4.66,28200.0,131412.0,4.66
300366.SZ,20260911,5.42,5.44,5.44,5.4,166900.0,905143.04,5.42
300368.SZ,20260911,9.44,9.41,9.5,9.38,1280100.0,12049858.56,9.41
300369.SZ,20260911,8.48,8.4,8.57,8.4,3962349.12,33427965.44,8.44
300370.SZ,20260911,2.23,2.24,2.24,2.23,62700.0,140085.0,2.23
300371.SZ,20260911,10.09,10.11,10.11,10.09,20900.0,211280.0,10.11
300373.SZ,20260911,84.77,84.96,84.96,84.6,72691.0,6171262.72,84.9
300374.SZ,20260911,11.25,11.32,11.33,11.25,25100.0,284103.0,11.32
300375.SZ,20260911,4.16,4.16,4.16,4.15,23500.0,97690.0,4.16
300376.SZ,20260911,4.25,4.26,4.26,4.25,43000.0,183050.0,4.26
300377.SZ,20260911,14.74,14.75,14.78,14.7,668300.0,9852917.12,14.74
300378.SZ,20260911,36.43,36.68,36.75,36.43,62200.0,2281543.04,36.68
300380.SZ,20260911,29.12,29.15,29.15,29.04,30200.0,879624.0,29.13
300381.SZ,20260911,5.83,5.83,5.84,5.83,140200.0,817454.0,5.83
300382.SZ,20260911,15.4,15.45,15.48,15.3,675572.0,10407472.0,15.41
300383.SZ,20260911,10.88,10.88,10.91,10.85,990300.0,10774709.76,10.88
300384.SZ,20260911,11.96,11.88,12.0,11.88,13300.0,158286.0,11.9
300385.SZ,20260911,13.31,13.33,13.35,13.28,21900.0,291473.0,13.31
300386.SZ,20260911,11.33,11.32,11.41,11.32,61800.0,699868.0,11.33
300387.SZ,20260911,7.98,7.95,8.03,7.95,334700.0,2663142.08,7.96
300388.SZ,20260911,6.95,6.95,6.95,6.93,28000.0,194334.0,6.94
300389.SZ,20260911,12.3,12.3,12.38,12.3,20600.0,253583.0,12.31
300390.SZ,20260911,55.0,55.94,56.05,55.0,280700.0,15669552.64,55.82
300393.SZ,20260911,6.13,6.16,6.17,6.13,25800.0,158717.0,6.15
300394.SZ,20260911,264.87,264.0,266.88,263.68,846480.0,223557529.6,264.1
300395.SZ,20260911,98.38,98.4,99.0,98.12,516000.0,50781035.52,98.41
300396.SZ,20260911,7.1,7.16,7.16,7.1,17300.0,123308.0,7.13
300397.SZ,20260911,11.0,11.01,11.05,11.0,136200.0,1499552.96,11.01
300398.SZ,20260911,32.71,32.71,32.84,32.71,311800.0,10204842.88,32.73
300399.SZ,20260911,20.23,20.17,20.36,20.17,133200.0,2689937.92,20.2
300400.SZ,20260911,33.5,33.84,33.84,33.47,57900.0,1951737.92,33.71
300401.SZ,20260911,14.8,14.81,14.85,14.79,139500.0,2066423.04,14.81
300402.SZ,20260911,14.89,14.89,14.91,14.89,11100.0,165310.0,14.89
300403.SZ,20260911,8.95,8.95,8.98,8.95,40800.0,365337.0,8.95
300404.SZ,20260911,12.21,12.23,12.3,12.21,348200.0,4258198.08,12.23
300405.SZ,20260911,5.72,5.75,5.75,5.71,71300.0,409832.0,5.75
300406.SZ,20260911,11.4,11.4,11.4,11.35,32400.0,368939.0,11.39
300407.SZ,20260911,11.18,11.2,11.2,11.18,13300.0,148839.0,11.19
300408.SZ,20260911,116.5,117.0,117.7,116.23,584100.0,68319662.08,116.97
300409.SZ,20260911,16.73,16.78,16.78,16.72,116200.0,1948068.0,16.77
300410.SZ,20260911,8.0,8.0,8.01,7.98,111000.0,887752.96,8.0
300411.SZ,20260911,8.95,8.95,8.95,8.88,49000.0,437776.0,8.93
300412.SZ,20260911,4.42,4.44,4.44,4.42,33700.0,149352.0,4.43
300413.SZ,20260911,17.6,17.51,17.62,17.51,2174208.96,38094200.32,17.52
300414.SZ,20260911,11.38,11.4,11.4,11.35,114400.0,1302244.0,11.38
300415.SZ,20260911,18.74,18.76,18.76,18.7,60600.0,1136024.96,18.75
300416.SZ,20260911,14.0,14.02,14.04,14.0,47400.0,664186.0,14.01
300417.SZ,20260911,11.8,11.58,11.8,11.49,96600.0,1123632.96,11.63
300418.SZ,20260911,44.0,44.03,44.15,43.83,595500.0,26209044.48,44.01
300419.SZ,20260911,9.2,9.18,9.2,9.16,26000.0,238612.0,9.18
300420.SZ,20260911,7.47,7.5,7.55,7.43,696300.0,5219143.04,7.5
300421.SZ,20260911,16.3,16.49,16.49,16.3,239800.0,3948815.04,16.47
300422.SZ,20260911,4.37,4.35,4.39,4.35,223500.0,975180.0,4.36
300423.SZ,20260911,5.76,5.75,5.76,5.74,21900.0,125934.0,5.75
300424.SZ,20260911,14.1,14.07,14.1,14.06,45400.0,639107.0,14.08
300425.SZ,20260911,4.09,4.1,4.1,4.09,33200.0,135836.0,4.09
300426.SZ,20260911,7.33,7.32,7.41,7.32,187200.0,1373928.96,7.34
300427.SZ,20260911,6.77,6.77,6.85,6.72,260300.0,1764303.04,6.78
300428.SZ,20260911,19.88,19.91,19.92,19.87,55900.0,1112672.96,19.91
300429.SZ,20260911,10.7,10.68,10.83,10.68,139800.0,1493971.04,10.69
300430.SZ,20260911,4.47,4.46,4.49,4.46,169200.0,755095.04,4.46
300432.SZ,20260911,13.68,13.69,13.71,13.65,213100.0,2916494.08,13.69
300433.SZ,20260911,33.7,33.7,33.81,33.61,1009800.0,34036016.64,33.71
300434.SZ,20260911,10.3,10.33,10.33,10.22,76900.0,792244.0,10.3
300435.SZ,20260911,17.0,17.0,17.0,16.95,26600.0,451863.0,16.99
300436.SZ,20260911,88.0,88.0,88.2,87.96,21200.0,1866024.96,88.02
300437.SZ,20260911,11.6,11.65,11.75,11.6,23800.0,277194.0,11.65
300438.SZ,20260911,51.8,51.83,51.99,51.77,94300.0,4888591.04,51.84
300439.SZ,20260911,9.24,9.24,9.24,9.21,30000.0,277150.0,9.24
300440.SZ,20260911,20.0,20.18,20.18,20.0,11700.0,235600.0,20.14
300441.SZ,20260911,6.89,6.94,6.94,6.89,12100.0,83569.0,6.91
300442.SZ,20260911,60.8,61.0,61.0,60.64,222100.0,13522361.6,60.88
300443.SZ,20260911,18.52,18.55,18.55,18.51,21800.0,404247.0,18.54
300444.SZ,20260911,8.94,8.95,9.0,8.94,188100.0,1683764.96,8.95
300445.SZ,20260911,17.5,17.4,17.5,17.4,9200.0,160110.0,17.4
300446.SZ,20260911,13.06,13.07,13.07,13.03,29700.0,388105.0,13.07
300447.SZ,20260911,14.17,14.2,14.22,14.15,12700.0,180276.0,14.2
300448.SZ,20260911,6.01,6.04,6.04,5.97,173100.0,1044608.0,6.04
300449.SZ,20260911,7.02,7.05,7.05,7.02,77500.0,545922.0,7.04
300450.SZ,20260911,29.66,29.7,29.7,29.57,287900.0,8540323.2,29.66
300451.SZ,20260911,3.42,3.42,3.43,3.42,74300.0,254108.0,3.42
300452.SZ,20260911,12.77,12.8,12.8,12.77,13500.0,172622.0,12.79
300453.SZ,20260911,9.1,9.13,9.13,9.1,70000.0,638717.0,9.13
300454.SZ,20260911,131.01,131.0,131.65,131.0,179400.0,23525063.68,131.13
300455.SZ,20260911,17.21,17.21,17.27,17.21,29800.0,513535.0,17.23
300456.SZ,20260911,35.5,35.47,35.62,35.47,422500.0,14996849.92,35.5
300457.SZ,20260911,20.48,20.49,20.51,20.45,55800.0,1143266.0,20.49
300458.SZ,20260911,29.78,29.8,29.8,29.75,399400.0,11896934.4,29.79
300459.SZ,20260911,3.65,3.66,3.66,3.64,407700.0,1490860.96,3.66
300460.SZ,20260911,8.58,8.58,8.59,8.58,6900.0,59212.0,8.58
300461.SZ,20260911,29.68,29.74,29.75,29.4,64200.0,1906140.0,29.69
300462.SZ,20260911,11.41,11.41,11.41,11.41,0.0,0.0,11.41
300463.SZ,20260911,9.17,9.11,9.18,9.11,9400.0,85831.0,9.13
300464.SZ,20260911,8.2,7.99,8.2,7.98,123300.0,988864.96,8.02
300465.SZ,20260911,11.58,11.57,11.58,11.55,64700.0,748612.96,11.57
300466.SZ,20260911,7.23,7.2,7.23,7.2,19000.0,136860.0,7.2
300467.SZ,20260911,32.7,32.7,32.71,32.7,1700.0,55604.0,32.71
300468.SZ,20260911,23.53,23.51,23.69,23.51,619000.0,14564934.4,23.53
300469.SZ,20260911,52.38,52.68,52.88,52.38,31500.0,1659481.44,52.68
300470.SZ,20260911,27.25,27.27,27.27,27.24,14100.0,384439.0,27.27
300471.SZ,20260911,9.97,9.98,9.98,9.95,40300.0,402069.0,9.98
300472.SZ,20260911,6.97,6.96,7.01,6.96,26300.0,183639.0,6.98
300473.SZ,20260911,27.36,27.21,27.4,27.21,327100.0,8919523.2,27.27
300474.SZ,20260911,48.18,48.1,48.35,48.09,61100.0,2939436.16,48.11
300475.SZ,20260911,169.2,169.68,170.52,169.03,598000.0,101485506.56,169.71
300476.SZ,20260911,226.88,226.92,228.0,226.66,499200.0,113287147.52,226.94
300477.SZ,20260911,2.68,2.68,2.68,2.67,307100.0,822152.0,2.68
300478.SZ,20260911,33.06,33.35,33.37,33.01,39700.0,1322238.0,33.31
300479.SZ,20260911,14.6,14.63,14.63,14.6,20300.0,296874.0,14.62
300480.SZ,20260911,29.4,29.51,29.56,29.21,100000.0,2949206.08,29.49
300481.SZ,20260911,13.46,13.49,13.49,13.45,38100.0,513659.0,13.48
300482.SZ,20260911,16.1,16.09,16.15,16.09,20100.0,323525.0,16.1
300483.SZ,20260911,26.35,26.24,26.73,26.2,729000.0,19174896.64,26.3
300484.SZ,20260911,12.34,12.32,12.52,12.32,23300.0,287291.0,12.33
300485.SZ,20260911,8.44,8.43,8.46,8.43,2400.0,20255.0,8.44
300486.SZ,20260911,18.04,18.01,18.04,17.96,33900.0,610384.0,18.0
300487.SZ,20260911,66.11,66.6,66.6,66.11,28500.0,1897051.04,66.56
300488.SZ,20260911,34.3,34.7,34.7,34.14,30800.0,1064723.04,34.57
300489.SZ,20260911,208.0,209.11,210.0,206.6,143400.0,29984609.28,209.1
300490.SZ,20260911,10.8,10.8,10.81,10.75,42500.0,458458.0,10.79
300491.SZ,20260911,34.05,34.05,34.14,34.0,42900.0,1461736.96,34.07
300492.SZ,20260911,23.63,23.65,23.66,23.41,29500.0,697238.0,23.64
300493.SZ,20260911,12.15,12.16,12.16,12.13,63500.0,771802.0,12.15
300494.SZ,20260911,8.21,8.21,8.22,8.21,15100.0,124039.0,8.22
300496.SZ,20260911,55.07,55.06,55.15,55.01,87700.0,4828778.88,55.06
300497.SZ,20260911,19.8,19.84,19.98,19.68,750600.0,14866334.72,19.81
300498.SZ,20260911,14.83,14.85,14.88,14.83,169300.0,2514809.92,14.85
300499.SZ,20260911,35.92,36.0,36.52,35.71,936500.0,33679344.64,35.96
300500.SZ,20260911,9.74,9.79,9.79,9.74,16200.0,158502.0,9.78
300501.SZ,20260911,9.44,9.45,9.5,9.44,14300.0,135134.0,9.45
300502.SZ,20260911,410.8,408.8,411.0,408.1,489359.0,200274944.0,409.26
300503.SZ,20260911,63.03,63.02,63.49,63.02,102000.0,6432693.76,63.07
300504.SZ,20260911,16.85,16.71,16.91,16.62,74300.0,1244267.04,16.75
300505.SZ,20260911,21.95,21.95,22.05,21.85,262300.0,5755914.24,21.94
300506.SZ,20260911,4.75,4.75,4.79,4.75,193200.0,918652.96,4.76
300507.SZ,20260911,6.28,6.3,6.31,6.25,52200.0,328648.0,6.3
300508.SZ,20260911,37.39,37.5,37.5,37.32,10400.0,389757.0,37.48
300509.SZ,20260911,8.83,8.85,8.85,8.82,45400.0,401439.0,8.84
300510.SZ,20260911,3.43,3.44,3.44,3.43,89100.0,305967.0,3.43
300511.SZ,20260911,5.55,5.56,5.61,5.55,207200.0,1152962.0,5.56
300512.SZ,20260911,7.24,7.26,7.26,7.24,10200.0,74030.0,7.26
300513.SZ,20260911,7.48,7.47,7.58,7.47,27900.0,209015.0,7.49
300514.SZ,20260911,10.0,10.22,10.22,10.0,35100.0,356441.0,10.16
300515.SZ,20260911,15.35,15.43,15.43,15.35,18600.0,286418.0,15.4
300516.SZ,20260911,35.3,35.13,35.35,35.13,36600.0,1288251.04,35.2
300517.SZ,20260911,12.24,12.29,12.29,12.24,45000.0,552715.0,12.28
300518.SZ,20260911,25.29,25.3,25.3,25.2,18800.0,475309.0,25.28
300519.SZ,20260911,14.07,14.1,14.1,14.07,8500.0,119787.0,14.09
300520.SZ,20260911,22.8,22.86,22.86,22.72,13000.0,296732.0,22.83
300521.SZ,20260911,24.18,24.19,24.19,24.17,3000.0,72531.0,24.18
300522.SZ,20260911,13.66,13.65,13.71,13.65,67300.0,919422.0,13.66
300523.SZ,20260911,21.1,21.04,21.1,20.99,114200.0,2403195.04,21.04
300525.SZ,20260911,7.77,7.79,7.79,7.71,284300.0,2209638.08,7.77
300527.SZ,20260911,8.35,8.29,8.35,8.29,69500.0,578136.0,8.32
300528.SZ,20260911,14.3,14.41,14.42,14.3,257600.0,3710421.12,14.4
300529.SZ,20260911,15.22,15.21,15.23,15.21,27718.0,421768.96,15.22
300530.SZ,20260911,20.5,20.51,20.51,20.3,37100.0,760720.0,20.51
300531.SZ,20260911,15.3,15.34,15.34,15.3,84600.0,1296375.04,15.32
300532.SZ,20260911,7.18,7.19,7.21,7.18,32100.0,230897.0,7.19
300533.SZ,20260911,14.98,14.98,14.99,14.9,38800.0,580491.0,14.96
300534.SZ,20260911,12.42,12.41,12.49,12.41,443000.0,5500760.32,12.42
300535.SZ,20260911,16.04,16.05,16.06,15.92,10800.0,173315.0,16.05
300536.SZ,20260911,8.93,8.91,8.93,8.83,45600.0,405651.0,8.9
300537.SZ,20260911,19.54,19.54,19.69,19.53,22300.0,436025.0,19.55
300538.SZ,20260911,14.93,14.68,14.93,14.68,4900.0,72257.0,14.75
300539.SZ,20260911,16.75,16.83,16.87,16.75,68800.0,1153664.96,16.77
300540.SZ,20260911,26.66,26.67,26.73,26.58,61400.0,1637400.96,26.67
300541.SZ,20260911,9.7,9.71,9.72,9.7,23600.0,229221.0,9.71
300542.SZ,20260911,12.46,12.44,12.48,12.44,150900.0,1878763.04,12.45
300543.SZ,20260911,7.57,7.57,7.57,7.52,6200.0,46875.0,7.56
300545.SZ,20260911,26.19,26.18,26.25,26.18,53700.0,1406704.0,26.2
300546.SZ,20260911,16.91,16.89,16.91,16.88,49800.0,841650.0,16.9
300547.SZ,20260911,25.29,25.31,25.31,25.23,63900.0,1617070.08,25.31
300548.SZ,20260911,211.22,211.13,212.0,210.33,115799.0,24454758.4,211.18
300549.SZ,20260911,14.23,14.22,14.3,14.19,39900.0,567406.0,14.22
300550.SZ,20260911,13.74,13.73,13.76,13.69,66300.0,910807.04,13.74
300551.SZ,20260911,11.55,11.5,11.55,11.5,102800.0,1184302.0,11.52
300552.SZ,20260911,21.42,21.43,21.68,21.4,37900.0,813075.04,21.45
300553.SZ,20260911,53.5,53.51,53.8,53.24,36600.0,1958156.0,53.5
300554.SZ,20260911,20.88,20.88,20.9,20.88,20700.0,432229.0,20.88
300555.SZ,20260911,12.9,12.9,13.05,12.9,50000.0,645585.0,12.91
300556.SZ,20260911,16.05,16.16,16.16,16.05,66400.0,1071932.96,16.14
300557.SZ,20260911,25.8,26.06,26.06,25.8,3700.0,95950.0,25.93
300558.SZ,20260911,45.67,45.71,45.83,45.67,141700.0,6478876.16,45.72
300559.SZ,20260911,12.27,12.24,12.3,12.24,75700.0,927262.0,12.25
300560.SZ,20260911,18.15,18.2,18.2,18.0,45900.0,833444.0,18.16
300561.SZ,20260911,15.65,15.75,15.78,15.6,293400.0,4613603.84,15.73
300562.SZ,20260911,16.45,16.5,16.5,16.45,29600.0,488243.0,16.5
300563.SZ,20260911,22.93,22.99,22.99,22.91,30500.0,700807.04,22.98
300564.SZ,20260911,12.29,12.29,12.3,12.29,18800.0,231053.0,12.29
300565.SZ,20260911,9.93,9.96,9.96,9.92,34000.0,338287.0,9.95
300566.SZ,20260911,24.44,24.45,24.48,24.42,99300.0,2427520.0,24.45
300567.SZ,20260911,190.0,191.82,191.82,189.6,23700.0,4534533.12,191.33
300568.SZ,20260911,14.65,14.67,14.73,14.58,429101.0,6294016.64,14.67
300569.SZ,20260911,4.79,4.77,4.79,4.76,69100.0,329675.0,4.77
300570.SZ,20260911,199.2,199.21,199.99,198.5,366000.0,72916418.56,199.23
300571.SZ,20260911,27.87,27.99,28.0,27.87,49000.0,1371180.0,27.98
300572.SZ,20260911,24.69,24.63,24.69,24.63,17400.0,429354.0,24.68
300573.SZ,20260911,36.18,36.2,36.24,36.12,22600.0,817879.04,36.19
300575.SZ,20260911,6.07,6.08,6.08,6.07,32700.0,198595.0,6.07
300576.SZ,20260911,27.1,27.15,27.15,27.07,50600.0,1372840.0,27.13
300577.SZ,20260911,19.72,19.76,19.84,19.7,137000.0,2707330.88,19.76
300578.SZ,20260911,15.77,15.77,15.77,15.77,1500.0,23655.0,15.77
300579.SZ,20260911,22.89,22.82,23.0,22.82,32000.0,731980.96,22.87
300580.SZ,20260911,18.28,18.25,18.3,18.25,62100.0,1133979.04,18.26
300581.SZ,20260911,10.8,10.74,10.81,10.71,200800.0,2162064.96,10.77
300582.SZ,20260911,10.7,10.7,10.71,10.68,73600.0,786547.04,10.69
300583.SZ,20260911,13.06,13.05,13.06,13.05,36800.0,480253.0,13.05
300584.SZ,20260911,29.42,29.41,29.82,29.41,4700.0,138322.0,29.43
300585.SZ,20260911,15.59,15.45,15.59,15.45,9800.0,151896.0,15.5
300586.SZ,20260911,8.85,8.88,8.92,8.85,120400.0,1069240.96,8.88
300587.SZ,20260911,4.75,4.75,4.77,4.75,48700.0,231368.0,4.75
300588.SZ,20260911,22.0,22.08,22.08,22.0,9100.0,200698.0,22.06
300589.SZ,20260911,14.4,14.4,14.58,14.4,587700.0,8481644.8,14.43
300590.SZ,20260911,10.94,10.96,10.96,10.92,126100.0,1380876.0,10.95
300591.SZ,20260911,6.95,6.95,6.95,6.91,76900.0,533559.0,6.94
300592.SZ,20260911,18.68,18.62,18.8,18.62,150400.0,2803024.0,18.64
300593.SZ,20260911,32.88,32.93,33.08,32.87,124100.0,4085445.12,32.92
300594.SZ,20260911,15.04,15.04,15.04,15.0,27600.0,414914.0,15.03
300595.SZ,20260911,10.06,10.06,10.22,10.05,916200.0,9231358.72,10.08
300596.SZ,20260911,40.45,40.51,40.51,40.41,16000.0,647781.0,40.49
300597.SZ,20260911,7.95,7.96,7.98,7.94,45500.0,362056.0,7.96
300598.SZ,20260911,30.72,30.64,30.99,30.41,72800.0,2229936.0,30.63
300599.SZ,20260911,11.21,11.19,11.21,11.13,30800.0,344916.0,11.2
300600.SZ,20260911,11.32,11.38,11.4,11.27,810400.0,9205710.08,11.36
300601.SZ,20260911,12.03,12.01,12.07,11.99,192600.0,2312918.08,12.01
300602.SZ,20260911,37.55,37.61,37.78,37.51,170700.0,6422119.04,37.62
300603.SZ,20260911,7.94,7.95,7.95,7.9,79100.0,627980.0,7.94
300604.SZ,20260911,263.5,264.11,264.46,262.39,65400.0,17257408.0,263.88
300605.SZ,20260911,10.25,10.25,10.27,10.2,47800.0,489406.0,10.24
300606.SZ,20260911,32.54,32.54,32.8,32.53,93300.0,3036707.84,32.55
300607.SZ,20260911,33.52,33.5,33.8,33.5,1163800.0,39016094.72,33.53
300608.SZ,20260911,9.78,9.79,9.79,9.74,12200.0,119402.0,9.79
300609.SZ,20260911,24.12,24.09,24.12,24.09,5600.0,134917.0,24.09
300610.SZ,20260911,10.45,10.47,10.47,10.45,30700.0,321313.0,10.47
300611.SZ,20260911,26.5,26.45,26.56,26.45,4500.0,119095.0,26.47
300612.SZ,20260911,11.99,12.0,12.01,11.99,28900.0,346795.0,12.0
300613.SZ,20260911,67.98,68.0,68.11,67.88,98900.0,6723683.2,67.99
300614.SZ,20260911,10.63,10.66,10.66,10.52,9500.0,101106.0,10.64
300615.SZ,20260911,13.7,13.58,13.7,13.58,79800.0,1087560.0,13.63
300616.SZ,20260911,10.35,10.31,10.36,10.31,17100.0,176506.0,10.32
300617.SZ,20260911,35.64,35.61,35.66,35.61,25800.0,919431.04,35.64
300618.SZ,20260911,32.6,32.73,32.73,32.6,60500.0,1977295.04,32.68
300619.SZ,20260911,26.53,26.1,26.62,26.1,34800.0,910019.04,26.15
300620.SZ,20260911,295.18,295.02,297.01,295.0,115300.0,34047032.32,295.29
300621.SZ,20260911,7.25,7.18,7.26,7.18,42400.0,304766.0,7.19
300622.SZ,20260911,14.64,14.65,14.65,14.6,37860.0,554380.0,14.64
300623.SZ,20260911,28.59,28.58,28.62,28.55,104400.0,2984270.08,28.59
300624.SZ,20260911,53.3,53.36,53.36,52.93,87000.0,4629936.96,53.22
300625.SZ,20260911,9.51,9.52,9.56,9.51,47000.0,447622.0,9.52
300626.SZ,20260911,26.31,26.8,26.8,26.31,44900.0,1197548.96,26.67
300627.SZ,20260911,27.2,27.2,27.27,27.18,42900.0,1166850.0,27.2
300628.SZ,20260911,39.88,39.92,39.92,39.83,38300.0,1528678.08,39.91
300629.SZ,20260911,18.05,17.98,18.05,17.98,47000.0,845192.96,17.98
300631.SZ,20260911,21.39,21.42,21.55,21.39,10000.0,214277.0,21.43
300632.SZ,20260911,17.53,17.61,17.75,17.5,217000.0,3822659.84,17.62
300633.SZ,20260911,19.82,19.81,19.85,19.8,30500.0,604314.0,19.81
300634.SZ,20260911,19.1,19.11,19.12,19.0,78300.0,1494124.0,19.08
300635.SZ,20260911,12.04,12.06,12.13,12.04,22600.0,272882.0,12.07
300636.SZ,20260911,6.9,6.92,6.92,6.9,44700.0,309268.0,6.92
300637.SZ,20260911,9.24,9.21,9.24,9.21,6400.0,59061.0,9.23
300638.SZ,20260911,17.81,17.86,17.89,17.8,69500.0,1240984.0,17.86
300639.SZ,20260911,5.73,5.75,5.76,5.73,26000.0,149534.0,5.75
300640.SZ,20260911,6.63,6.61,6.67,6.61,15900.0,105311.0,6.62
300641.SZ,20260911,13.49,13.5,13.54,13.49,91400.0,1234171.04,13.5
300642.SZ,20260911,17.08,17.01,17.16,17.0,384500.0,6555532.16,17.05
300643.SZ,20260911,17.55,17.54,17.64,17.51,45000.0,790384.0,17.56
300644.SZ,20260911,19.77,19.79,19.83,19.63,10000.0,197612.0,19.76
300645.SZ,20260911,13.48,13.48,13.48,13.48,18900.0,254772.0,13.48
300647.SZ,20260911,7.68,7.7,7.7,7.61,189500.0,1458110.08,7.7
300648.SZ,20260911,38.8,38.67,38.8,38.67,2800.0,108302.0,38.68
300649.SZ,20260911,24.45,25.01,25.01,24.45,50100.0,1249406.0,24.94
300650.SZ,20260911,12.33,12.41,12.41,12.31,36600.0,453099.0,12.38
300651.SZ,20260911,16.42,16.21,16.45,16.21,49800.0,808387.04,16.23
300652.SZ,20260911,25.92,25.9,26.0,25.9,13900.0,360230.0,25.92
300653.SZ,20260911,15.03,15.0,15.08,15.0,42100.0,631989.0,15.01
300654.SZ,20260911,9.62,9.61,9.68,9.6,237800.0,2285924.0,9.61
300655.SZ,20260911,12.24,12.27,12.27,12.2,298100.0,3651968.96,12.25
300656.SZ,20260911,24.32,24.52,24.56,24.29,24300.0,595005.0,24.49
300657.SZ,20260911,34.1,34.1,34.17,34.0,420700.0,14338752.0,34.08
300658.SZ,20260911,10.12,10.2,10.2,10.05,85300.0,868940.0,10.19
300659.SZ,20260911,10.69,10.61,10.76,10.54,428300.0,4551970.88,10.63
300660.SZ,20260911,23.23,23.25,23.26,23.23,56500.0,1313430.0,23.25
300661.SZ,20260911,105.86,105.01,105.99,105.01,58100.0,6105989.76,105.09
300662.SZ,20260911,21.31,21.38,21.4,21.18,9900.0,211064.0,21.32
300663.SZ,20260911,8.18,8.18,8.28,8.18,203000.0,1662424.0,8.19
300664.SZ,20260911,4.73,4.74,4.74,4.73,5500.0,26038.0,4.73
300665.SZ,20260911,9.13,9.14,9.15,9.12,61500.0,561772.0,9.14
300666.SZ,20260911,229.58,230.0,231.0,227.35,163500.0,37561768.96,229.74
300667.SZ,20260911,14.23,14.27,14.27,14.23,32200.0,459374.0,14.27
300668.SZ,20260911,30.9,31.0,31.0,30.6,14300.0,441454.0,30.87
300669.SZ,20260911,22.28,22.35,22.35,22.06,3400.0,75908.0,22.33
300670.SZ,20260911,6.94,6.95,7.05,6.94,60500.0,420843.0,6.96
300671.SZ,20260911,50.37,50.36,50.6,50.25,86779.0,4370912.96,50.37
300672.SZ,20260911,164.53,164.58,165.11,164.38,55400.0,9119116.8,164.61
300673.SZ,20260911,14.51,14.51,14.51,14.51,1200.0,17412.0,14.51
300674.SZ,20260911,16.71,16.69,16.78,16.69,167000.0,2789747.84,16.71
300675.SZ,20260911,12.88,12.97,12.99,12.88,12800.0,165792.0,12.95
300676.SZ,20260911,36.13,36.03,36.16,36.03,69700.0,2513836.0,36.07
300677.SZ,20260911,55.51,55.58,56.09,55.36,61300.0,3408761.92,55.61
300678.SZ,20260911,21.87,21.87,21.9,21.85,23100.0,505527.0,21.88
300679.SZ,20260911,42.04,42.0,42.18,41.97,205486.0,8634328.32,42.02
300680.SZ,20260911,19.18,19.06,19.19,19.01,50200.0,956352.0,19.05
300681.SZ,20260911,20.11,20.13,20.13,20.09,65300.0,1314079.04,20.12
300682.SZ,20260911,9.02,9.02,9.08,9.0,79500.0,717966.0,9.03
300683.SZ,20260911,23.5,23.59,23.6,23.5,23200.0,546538.0,23.56
300684.SZ,20260911,82.99,83.0,83.5,82.45,380900.0,31606658.56,82.98
300685.SZ,20260911,16.82,16.79,16.86,16.79,32100.0,539251.0,16.8
300686.SZ,20260911,13.93,13.95,13.95,13.83,19900.0,277021.0,13.92
300687.SZ,20260911,27.65,27.44,27.78,27.44,92200.0,2532510.08,27.47
300688.SZ,20260911,32.0,32.1,32.13,31.86,130300.0,4179494.08,32.08
300689.SZ,20260911,55.9,56.0,56.08,55.71,19100.0,1069352.0,55.99
300690.SZ,20260911,22.57,22.63,22.63,22.56,14100.0,318523.0,22.59
300691.SZ,20260911,14.65,14.65,14.65,14.62,24300.0,355962.0,14.65
300692.SZ,20260911,8.8,8.8,8.81,8.8,53500.0,470801.0,8.8
300693.SZ,20260911,38.1,38.11,38.75,38.06,173700.0,6620993.92,38.12
300694.SZ,20260911,10.25,10.25,10.26,10.24,26500.0,271619.0,10.25
300695.SZ,20260911,46.56,46.01,46.56,46.01,1300.0,60087.0,46.22
300696.SZ,20260911,20.9,20.91,20.91,20.81,14800.0,309416.0,20.91
300697.SZ,20260911,15.12,15.12,15.38,15.01,1076400.0,16276573.44,15.12
300698.SZ,20260911,25.95,25.95,26.0,25.81,9300.0,241317.0,25.95
300699.SZ,20260911,23.9,23.85,23.9,23.85,56000.0,1335892.96,23.86
300700.SZ,20260911,18.15,18.35,18.35,18.15,21700.0,397392.0,18.31
300701.SZ,20260911,9.51,9.5,9.58,9.5,19300.0,183945.0,9.53
300702.SZ,20260911,20.77,20.77,20.77,20.71,5400.0,112090.0,20.76
300703.SZ,20260911,14.3,14.4,14.4,14.3,26700.0,383993.0,14.38
300705.SZ,20260911,10.53,10.55,10.56,10.53,22900.0,241272.0,10.54
300706.SZ,20260911,46.0,46.0,46.56,46.0,74700.0,3437944.0,46.02
300707.SZ,20260911,12.02,12.02,12.02,11.99,18900.0,227026.0,12.01
300708.SZ,20260911,8.15,8.18,8.18,8.13,115200.0,940575.04,8.17
300709.SZ,20260911,37.93,38.02,38.38,37.9,211100.0,8022355.84,38.0
300710.SZ,20260911,29.89,29.79,30.09,29.79,38900.0,1160830.0,29.84
300711.SZ,20260911,19.57,19.57,19.71,19.4,286700.0,5604757.12,19.55
300712.SZ,20260911,19.32,19.32,19.58,19.32,8100.0,156966.0,19.38
300713.SZ,20260911,13.0,13.22,13.22,13.0,11700.0,154515.0,13.21
300715.SZ,20260911,14.09,14.32,14.32,14.09,92800.0,1327515.04,14.31
300716.SZ,20260911,18.25,18.29,18.29,18.25,1300.0,23773.0,18.29
300717.SZ,20260911,17.82,18.01,18.01,17.82,28600.0,514552.0,17.99
300718.SZ,20260911,53.1,53.19,53.19,53.08,16300.0,866720.96,53.17
300719.SZ,20260911,12.58,12.58,12.62,12.5,18300.0,229772.0,12.56
300720.SZ,20260911,61.01,61.08,61.3,61.0,86700.0,5297072.96,61.1
300721.SZ,20260911,20.92,20.92,21.23,20.89,113300.0,2370510.08,20.92
300722.SZ,20260911,22.65,22.7,22.71,22.63,15500.0,351744.0,22.69
300723.SZ,20260911,34.4,34.37,34.5,34.37,18100.0,622666.0,34.4
300724.SZ,20260911,51.76,51.81,51.81,51.72,100100.0,5185168.0,51.8
300725.SZ,20260911,41.92,42.0,42.16,41.76,163100.0,6848241.92,41.99
300726.SZ,20260911,51.33,51.0,51.33,51.0,78800.0,4021171.84,51.03
300727.SZ,20260911,29.8,30.1,30.1,29.8,29100.0,874634.0,30.06
300729.SZ,20260911,10.53,10.53,10.53,10.52,27900.0,293785.0,10.53
300730.SZ,20260911,11.31,11.37,11.37,11.31,12700.0,144157.0,11.35
300731.SZ,20260911,47.21,47.21,47.8,47.21,78200.0,3695657.92,47.26
300732.SZ,20260911,5.95,5.96,5.96,5.95,18800.0,111925.0,5.95
300733.SZ,20260911,12.72,12.73,12.75,12.72,8600.0,109457.0,12.73
300735.SZ,20260911,17.89,17.95,17.95,17.83,98000.0,1754696.96,17.91
300736.SZ,20260911,30.64,30.76,30.76,30.64,11900.0,365854.0,30.74
300737.SZ,20260911,4.79,4.79,4.8,4.78,167700.0,803268.96,4.79
300738.SZ,20260911,19.11,19.15,19.16,19.06,461100.0,8821432.96,19.13
300739.SZ,20260911,26.51,26.66,26.8,26.1,1301700.0,34669432.32,26.63
300740.SZ,20260911,20.97,20.97,21.0,20.92,175400.0,3678870.08,20.97
300741.SZ,20260911,19.16,19.14,19.24,19.14,153700.0,2942600.96,19.15
300743.SZ,20260911,14.15,14.15,14.16,14.1,6700.0,94785.0,14.15
300745.SZ,20260911,27.1,27.01,27.2,27.01,12700.0,343667.0,27.06
300746.SZ,20260911,13.1,13.29,13.29,13.1,14400.0,190888.0,13.26
300747.SZ,20260911,39.75,39.8,39.96,39.71,371900.0,14801242.88,39.8
300748.SZ,20260911,25.02,25.05,25.05,25.0,167200.0,4184270.08,25.03
300749.SZ,20260911,24.23,24.43,24.43,24.23,11300.0,275413.0,24.37
300750.SZ,20260911,333.54,333.06,335.0,333.02,709900.0,236516966.4,333.17
300751.SZ,20260911,191.0,191.6,191.99,190.88,59900.0,11456035.84,191.25
300752.SZ,20260911,11.11,11.15,11.15,11.08,32600.0,362641.0,11.12
300753.SZ,20260911,20.56,20.58,20.58,20.54,5700.0,117170.0,20.56
300755.SZ,20260911,11.32,11.33,11.33,11.26,26000.0,294476.0,11.33
300756.SZ,20260911,29.63,29.61,29.67,29.61,18300.0,542345.0,29.64
300757.SZ,20260911,628.96,625.9,630.0,625.9,86600.0,54244807.68,626.38
300758.SZ,20260911,11.02,11.0,11.02,10.99,59900.0,658947.0,11.0
300759.SZ,20260911,41.2,41.42,41.44,41.15,235800.0,9751637.76,41.36
300760.SZ,20260911,164.6,165.2,165.2,164.6,25900.0,4277504.0,165.16
300761.SZ,20260911,21.05,20.94,21.29,20.94,79500.0,1670476.0,21.01
300762.SZ,20260911,26.8,26.8,26.84,26.75,101900.0,2731816.96,26.81
300763.SZ,20260911,56.4,56.41,56.5,56.27,85800.0,4840983.04,56.42
300765.SZ,20260911,42.26,42.13,42.28,42.13,94600.0,3989447.04,42.17
300766.SZ,20260911,22.2,22.24,22.44,22.12,574100.0,12766211.84,22.24
300767.SZ,20260911,18.6,18.5,18.6,18.4,61700.0,1142407.04,18.52
300768.SZ,20260911,14.47,14.4,14.56,14.4,21500.0,310287.0,14.43
300769.SZ,20260911,40.29,40.3,40.35,40.21,40800.0,1644246.08,40.3
300770.SZ,20260911,34.86,34.86,34.86,34.74,7300.0,254375.04,34.85
300771.SZ,20260911,11.3,11.3,11.34,11.3,10300.0,116439.0,11.31
300772.SZ,20260911,9.15,9.15,9.16,9.13,172800.0,1581115.04,9.15
300773.SZ,20260911,15.48,15.5,15.51,15.43,669900.0,10379203.2,15.49
300774.SZ,20260911,10.7,10.74,10.76,10.66,297200.0,3189765.12,10.73
300775.SZ,20260911,22.33,22.33,22.35,22.26,101100.0,2256878.08,22.32
300776.SZ,20260911,110.1,110.1,110.5,109.53,44600.0,4910835.84,110.11
300777.SZ,20260911,21.21,21.26,21.26,21.18,21900.0,465125.0,21.24
300778.SZ,20260911,10.9,11.0,11.0,10.9,23800.0,260649.0,10.95
300779.SZ,20260911,54.62,54.62,54.7,54.61,23600.0,1289299.04,54.63
300780.SZ,20260911,19.6,19.71,19.71,19.51,15500.0,305067.0,19.68
300781.SZ,20260911,26.91,26.83,26.91,26.82,63500.0,1706825.92,26.88
300782.SZ,20260911,71.9,72.05,72.1,71.86,107200.0,7720592.0,72.02
300783.SZ,20260911,17.33,17.37,17.4,17.29,53900.0,935884.0,17.36
300784.SZ,20260911,40.76,40.8,40.8,40.76,3900.0,159080.0,40.79
300785.SZ,20260911,35.58,35.6,35.66,35.52,182500.0,6496010.24,35.6
300786.SZ,20260911,14.11,14.11,14.2,14.11,17400.0,245612.0,14.12
300787.SZ,20260911,9.82,9.81,9.91,9.81,9700.0,95231.0,9.82
300788.SZ,20260911,28.61,28.75,29.04,28.58,1080600.0,31088519.68,28.77
300789.SZ,20260911,15.91,15.91,15.92,15.91,9700.0,154340.0,15.91
300790.SZ,20260911,19.43,19.45,19.64,19.43,719200.0,13997955.84,19.46
300791.SZ,20260911,17.8,17.86,17.87,17.78,20800.0,371270.0,17.85
300792.SZ,20260911,24.56,24.56,24.68,24.53,71800.0,1764304.96,24.57
300793.SZ,20260911,11.16,11.13,11.16,11.13,27100.0,301644.0,11.13
300795.SZ,20260911,12.15,12.15,12.24,12.12,212200.0,2578636.0,12.15
300796.SZ,20260911,6.93,6.94,6.94,6.93,37700.0,261626.0,6.94
300797.SZ,20260911,12.65,12.66,12.66,12.63,10600.0,134144.0,12.66
300798.SZ,20260911,8.29,8.3,8.35,8.26,536900.0,4459021.12,8.31
300800.SZ,20260911,10.3,10.3,10.3,10.3,23400.0,241020.0,10.3
300801.SZ,20260911,21.36,21.36,21.45,21.36,11300.0,241570.0,21.38
300802.SZ,20260911,23.42,23.6,23.68,23.42,118400.0,2789918.08,23.56
300803.SZ,20260911,82.95,82.8,83.18,82.8,356797.0,29556106.24,82.84
300804.SZ,20260911,44.01,44.0,44.88,43.65,3200.0,140804.0,44.0
300805.SZ,20260911,8.33,8.36,8.36,8.32,21900.0,182531.0,8.34
300806.SZ,20260911,53.95,54.55,54.55,53.59,493000.0,26820672.0,54.4
300807.SZ,20260911,36.21,36.21,36.21,36.21,800.0,28968.0,36.21
300808.SZ,20260911,23.02,23.5,23.5,22.48,264100.0,6176892.16,23.39
300809.SZ,20260911,23.34,23.32,23.34,23.28,9400.0,219142.0,23.31
300810.SZ,20260911,27.71,27.6,27.87,27.6,182500.0,5041734.08,27.63
300811.SZ,20260911,80.6,80.6,81.0,80.0,124000.0,9987331.2,80.54
300812.SZ,20260911,18.79,18.79,18.79,18.76,39600.0,743895.04,18.79
300813.SZ,20260911,20.22,20.3,20.39,20.22,12400.0,251466.0,20.28
300814.SZ,20260911,132.15,132.14,133.0,132.03,46700.0,6177841.28,132.29
300815.SZ,20260911,14.82,14.85,14.85,14.8,9800.0,145164.0,14.81
300816.SZ,20260911,62.68,62.62,63.8,62.62,43800.0,2745150.08,62.68
300817.SZ,20260911,16.24,16.18,16.24,16.18,10200.0,165330.0,16.21
300818.SZ,20260911,17.65,17.56,17.65,17.55,20100.0,353983.0,17.61
300819.SZ,20260911,45.2,45.04,45.37,45.04,40400.0,1820588.96,45.06
300820.SZ,20260911,57.0,57.38,57.38,56.89,10700.0,612488.0,57.24
300821.SZ,20260911,14.48,14.51,14.53,14.47,416800.0,6048163.84,14.51
300822.SZ,20260911,11.32,11.32,11.35,11.24,13700.0,155135.0,11.32
300823.SZ,20260911,14.49,14.62,14.62,14.49,107200.0,1564812.0,14.6
300824.SZ,20260911,7.85,7.84,7.89,7.84,69100.0,542721.0,7.85
300825.SZ,20260911,13.5,13.56,13.57,13.5,620400.0,8404842.88,13.55
300826.SZ,20260911,14.91,14.91,14.91,14.9,4800.0,71555.0,14.91
300827.SZ,20260911,24.45,24.4,24.58,24.4,68200.0,1665368.96,24.42
300828.SZ,20260911,17.11,17.14,17.14,17.08,13600.0,232985.0,17.13
300829.SZ,20260911,16.88,16.9,16.99,16.81,94200.0,1592116.96,16.9
300830.SZ,20260911,8.65,8.66,8.7,8.63,208100.0,1801612.0,8.66
300831.SZ,20260911,14.1,14.11,14.11,14.04,44900.0,633278.0,14.1
300832.SZ,20260911,48.15,48.15,48.18,48.03,13200.0,635571.0,48.15
300833.SZ,20260911,40.79,40.63,40.79,40.63,2600.0,105719.0,40.66
300834.SZ,20260911,39.07,39.0,39.19,39.0,13100.0,511383.0,39.04
300835.SZ,20260911,165.0,165.62,165.62,164.59,19300.0,3191705.92,165.37
300836.SZ,20260911,47.06,47.26,47.26,46.8,14200.0,670452.0,47.22
300837.SZ,20260911,22.44,22.45,22.45,22.42,19400.0,435345.0,22.44
300838.SZ,20260911,14.02,14.16,14.16,14.02,11900.0,168320.0,14.15
300839.SZ,20260911,12.94,12.87,12.96,12.87,279700.0,3610192.0,12.91
300840.SZ,20260911,19.31,19.33,19.52,19.3,197300.0,3814809.92,19.33
300841.SZ,20260911,49.4,49.41,49.6,49.4,28800.0,1423937.92,49.44
300842.SZ,20260911,62.53,62.55,62.78,62.51,26500.0,1657804.96,62.56
300843.SZ,20260911,126.5,126.0,127.02,126.0,18500.0,2338712.0,126.42
300844.SZ,20260911,23.87,23.86,24.18,23.8,18800.0,448501.0,23.86
300845.SZ,20260911,13.4,13.44,13.44,13.26,11100.0,148720.0,13.4
300846.SZ,20260911,19.54,19.54,19.7,19.5,303900.0,5937246.08,19.54
300847.SZ,20260911,14.38,14.36,14.4,14.33,78300.0,1124540.0,14.36
300848.SZ,20260911,11.32,11.24,11.32,11.24,13400.0,151028.0,11.27
300849.SZ,20260911,21.6,21.78,21.78,21.59,9500.0,206420.0,21.73
300850.SZ,20260911,28.01,28.04,28.06,27.82,199200.0,5582371.2,28.02
300851.SZ,20260911,23.91,23.91,23.91,23.91,3400.0,81294.0,23.91
300852.SZ,20260911,63.0,63.62,63.9,62.78,466600.0,29629347.84,63.5
300853.SZ,20260911,26.98,26.97,27.36,26.97,9200.0,248413.0,27.0
300854.SZ,20260911,15.67,15.68,15.77,15.5,89400.0,1396430.08,15.62
300855.SZ,20260911,35.76,35.72,35.8,35.72,19900.0,711324.96,35.75
300856.SZ,20260911,10.35,10.35,10.41,10.34,29900.0,309685.0,10.36
300857.SZ,20260911,258.1,258.29,259.7,258.01,217200.0,56103690.24,258.3
300858.SZ,20260911,14.02,14.02,14.05,14.02,45700.0,640720.0,14.02
300859.SZ,20260911,28.88,28.99,29.22,28.8,323300.0,9364174.72,28.96
300860.SZ,20260911,30.98,31.07,31.07,30.98,15800.0,490819.0,31.06
300861.SZ,20260911,15.82,15.82,15.96,15.78,97800.0,1547164.96,15.82
300862.SZ,20260911,48.99,47.99,48.99,47.99,914300.0,44071203.84,48.2
300863.SZ,20260911,42.09,42.15,42.2,42.0,22000.0,926448.96,42.11
300864.SZ,20260911,26.37,26.34,26.49,26.34,90400.0,2387132.0,26.41
300865.SZ,20260911,32.06,31.94,32.25,31.94,29700.0,950636.0,32.01
300866.SZ,20260911,127.77,127.96,128.18,127.2,15700.0,2008192.0,127.91
300867.SZ,20260911,17.48,17.5,17.5,17.45,92100.0,1610663.04,17.49
300868.SZ,20260911,77.86,78.0,78.0,77.86,9100.0,709720.0,77.99
300869.SZ,20260911,10.9,10.85,10.9,10.85,4400.0,47776.0,10.86
300870.SZ,20260911,202.79,202.99,202.99,200.1,44300.0,8967900.8,202.44
300871.SZ,20260911,21.5,21.54,21.61,21.5,114300.0,2463900.0,21.56
300872.SZ,20260911,15.4,15.48,15.5,15.27,163000.0,2521200.96,15.47
300873.SZ,20260911,15.0,15.01,15.07,15.0,65800.0,987744.96,15.01
300875.SZ,20260911,34.66,34.66,34.67,34.44,29900.0,1035995.04,34.65
300876.SZ,20260911,14.75,14.75,14.81,14.75,14200.0,209649.0,14.76
300877.SZ,20260911,27.75,27.75,27.89,27.53,17400.0,482867.0,27.75
300878.SZ,20260911,33.2,33.2,33.22,33.09,23800.0,789999.04,33.19
300879.SZ,20260911,16.38,16.46,16.48,16.38,58100.0,956615.04,16.47
300880.SZ,20260911,20.7,20.75,20.75,20.5,6400.0,132672.0,20.73
300881.SZ,20260911,29.97,29.85,30.3,29.85,12200.0,364397.0,29.87
300882.SZ,20260911,13.54,13.54,13.54,13.54,2500.0,33850.0,13.54
300883.SZ,20260911,6.6,6.62,6.65,6.6,24700.0,163386.0,6.62
300884.SZ,20260911,12.11,12.12,12.12,12.11,5200.0,63013.0,12.12
300885.SZ,20260911,18.75,18.8,18.8,18.75,6200.0,116466.0,18.79
300886.SZ,20260911,22.75,22.8,22.8,22.55,11100.0,252009.0,22.7
300887.SZ,20260911,7.1,7.11,7.11,7.1,66200.0,470543.0,7.11
300888.SZ,20260911,29.19,29.19,29.22,29.07,28100.0,820251.04,29.19
300889.SZ,20260911,22.04,22.1,22.1,22.0,41500.0,916628.0,22.09
300890.SZ,20260911,25.0,25.02,25.02,24.98,58500.0,1463264.0,25.01
300891.SZ,20260911,7.42,7.42,7.54,7.4,38300.0,284187.0,7.42
300892.SZ,20260911,24.22,24.4,24.4,24.22,7800.0,189839.0,24.34
300893.SZ,20260911,13.89,13.86,13.9,13.86,19000.0,263407.0,13.86
300894.SZ,20260911,9.98,10.01,10.01,9.98,7700.0,77051.0,10.01
300895.SZ,20260911,53.01,53.27,53.3,53.01,48200.0,2565324.0,53.22
300896.SZ,20260911,89.0,89.46,89.48,89.0,40000.0,3577528.0,89.44
300897.SZ,20260911,15.9,15.85,15.95,15.85,30800.0,489050.0,15.88
300898.SZ,20260911,20.77,20.77,20.78,20.77,7600.0,157854.0,20.77
300899.SZ,20260911,30.47,30.5,30.5,30.47,10500.0,320178.0,30.49
300900.SZ,20260911,23.0,22.91,23.0,22.91,92400.0,2120216.96,22.95
300901.SZ,20260911,17.8,17.83,17.86,17.6,263000.0,4688873.92,17.83
300902.SZ,20260911,15.51,15.51,15.54,15.49,33700.0,522709.0,15.51
300903.SZ,20260911,85.08,85.01,86.35,85.01,385380.0,32838269.44,85.21
300904.SZ,20260911,40.24,39.63,40.24,39.63,5100.0,203329.0,39.87
300905.SZ,20260911,33.95,34.0,34.0,33.9,15800.0,537050.0,33.99
300906.SZ,20260911,30.35,31.39,31.39,29.08,12600.0,385985.0,30.63
300907.SZ,20260911,51.43,51.43,51.68,51.43,18900.0,973172.0,51.49
300908.SZ,20260911,25.33,25.33,25.33,25.3,10801.0,273487.34,25.32
300909.SZ,20260911,57.5,57.37,57.55,57.37,6300.0,362005.0,57.46
300910.SZ,20260911,28.38,28.29,28.5,28.29,87500.0,2478680.96,28.33
300911.SZ,20260911,28.57,28.63,28.63,28.4,61300.0,1753606.08,28.61
300912.SZ,20260911,19.97,19.9,19.98,19.9,19700.0,392130.0,19.91
300913.SZ,20260911,39.6,39.67,39.91,39.41,347300.0,13771170.56,39.65
300915.SZ,20260911,19.4,19.25,19.4,19.2,13800.0,265912.0,19.27
300916.SZ,20260911,24.03,24.01,24.03,24.01,13100.0,314597.0,24.02
300917.SZ,20260911,27.53,27.53,27.72,27.51,81400.0,2242238.08,27.55
300918.SZ,20260911,10.36,10.36,10.4,10.36,32900.0,341097.0,10.37
300919.SZ,20260911,38.08,38.18,38.2,38.04,78700.0,3001505.92,38.14
300920.SZ,20260911,35.49,35.72,36.12,35.49,6400.0,228567.0,35.71
300921.SZ,20260911,15.15,15.28,15.28,15.15,28000.0,425750.0,15.21
300922.SZ,20260911,18.47,18.51,18.51,18.46,109700.0,2030097.92,18.51
300923.SZ,20260911,23.8,23.77,23.83,23.77,28500.0,677578.0,23.78
300925.SZ,20260911,14.02,14.01,14.07,14.01,27700.0,388333.0,14.02
300926.SZ,20260911,16.76,16.8,16.8,16.73,31400.0,526362.0,16.76
300927.SZ,20260911,27.9,27.9,27.98,27.79,208000.0,5800231.68,27.89
300928.SZ,20260911,24.04,24.07,24.07,24.01,23900.0,574318.0,24.03
300929.SZ,20260911,15.61,15.64,15.81,15.61,29000.0,453599.0,15.64
300930.SZ,20260911,24.8,24.81,24.81,24.71,7100.0,176140.0,24.81
300931.SZ,20260911,16.0,16.01,16.05,16.0,61400.0,982943.04,16.01
300932.SZ,20260911,10.87,10.98,10.98,10.85,137500.0,1506283.04,10.96
300933.SZ,20260911,6.71,6.7,6.74,6.7,54200.0,363507.0,6.71
300935.SZ,20260911,28.05,28.05,28.05,28.05,5100.0,143055.0,28.05
300936.SZ,20260911,72.94,73.28,73.3,72.93,33500.0,2452297.92,73.2
300937.SZ,20260911,24.43,24.44,24.45,24.35,14100.0,344526.0,24.43
300938.SZ,20260911,27.7,28.0,28.0,27.61,74200.0,2068676.0,27.88
300939.SZ,20260911,68.0,68.98,68.98,67.93,17500.0,1202992.0,68.74
300940.SZ,20260911,13.55,13.54,13.55,13.5,20300.0,274779.0,13.54
300941.SZ,20260911,14.9,14.97,14.97,14.9,19100.0,285403.0,14.94
300942.SZ,20260911,6.38,6.38,6.41,6.38,32200.0,205443.0,6.38
300943.SZ,20260911,33.0,33.26,33.5,32.8,88900.0,2948920.96,33.17
300945.SZ,20260911,12.18,12.19,12.2,12.12,374300.0,4558653.12,12.18
300946.SZ,20260911,36.78,36.8,36.8,36.6,11400.0,419468.0,36.79
300947.SZ,20260911,14.59,14.68,14.68,14.55,11500.0,168613.0,14.66
300948.SZ,20260911,19.37,19.41,19.41,19.37,4200.0,81496.0,19.4
300949.SZ,20260911,23.15,23.11,23.45,23.11,7800.0,180470.0,23.14
300950.SZ,20260911,17.99,18.0,18.05,17.98,8800.0,158407.0,18.0
300951.SZ,20260911,87.81,87.0,88.0,87.0,80540.0,7013511.68,87.08
300952.SZ,20260911,15.3,15.4,15.4,15.3,11900.0,182626.0,15.35
300953.SZ,20260911,86.89,87.0,87.07,85.96,49300.0,4267215.04,86.56
300955.SZ,20260911,28.82,29.21,29.21,28.82,6000.0,175104.0,29.18
300956.SZ,20260911,10.9,10.99,10.99,10.9,26900.0,295304.0,10.98
300957.SZ,20260911,31.49,31.48,31.53,31.47,74300.0,2339284.0,31.48
300958.SZ,20260911,12.17,12.11,12.17,12.11,29500.0,357381.0,12.12
300959.SZ,20260911,91.28,90.35,91.3,90.35,37600.0,3403132.16,90.51
300960.SZ,20260911,16.4,16.4,16.55,16.4,3400.0,55775.0,16.4
300961.SZ,20260911,13.0,13.08,13.08,12.88,286400.0,3733174.08,13.04
300962.SZ,20260911,12.99,13.0,13.0,12.97,6100.0,79232.0,12.99
300963.SZ,20260911,11.2,11.21,11.21,11.19,5800.0,64987.0,11.21
300964.SZ,20260911,66.5,66.81,67.3,66.31,201200.0,13434406.4,66.77
300965.SZ,20260911,42.11,42.15,42.37,42.11,1900.0,80114.0,42.17
300966.SZ,20260911,22.97,22.9,22.97,22.9,13900.0,319188.0,22.96
300967.SZ,20260911,18.07,18.07,18.07,18.0,27900.0,503602.0,18.05
300968.SZ,20260911,9.75,9.75,9.75,9.66,39400.0,383489.0,9.73
300969.SZ,20260911,79.5,80.0,80.0,79.5,13600.0,1085538.0,79.82
300970.SZ,20260911,19.31,19.48,19.55,19.31,132400.0,2578713.92,19.48
300971.SZ,20260911,17.38,17.4,17.41,17.38,6700.0,116586.0,17.4
300972.SZ,20260911,184.42,184.42,185.0,183.58,4300.0,793400.96,184.51
300973.SZ,20260911,25.88,25.88,25.9,25.88,9900.0,256258.0,25.89
300975.SZ,20260911,24.12,24.03,24.13,24.02,361805.0,8698567.04,24.04
300976.SZ,20260911,56.89,56.99,57.1,56.82,48900.0,2784505.92,56.94
300977.SZ,20260911,18.89,18.8,19.0,18.74,19100.0,360029.0,18.85
300978.SZ,20260911,8.57,8.57,8.57,8.57,14700.0,125979.0,8.57
300979.SZ,20260911,32.9,32.99,32.99,32.76,10500.0,346085.0,32.96
300980.SZ,20260911,22.33,22.24,22.48,22.24,9400.0,209436.0,22.28
300981.SZ,20260911,15.0,14.97,15.0,14.97,72400.0,1084704.0,14.98
300982.SZ,20260911,14.38,14.34,14.38,14.34,27200.0,390604.0,14.36
300983.SZ,20260911,38.08,38.08,38.08,38.08,200.0,7616.0,38.08
300984.SZ,20260911,29.05,29.09,29.09,28.33,14500.0,421668.0,29.08
300985.SZ,20260911,36.29,36.0,36.29,35.99,7600.0,273639.0,36.01
300986.SZ,20260911,11.36,11.4,11.41,11.3,184700.0,2100340.96,11.37
300987.SZ,20260911,13.88,13.85,13.96,13.85,67600.0,936416.0,13.85
300988.SZ,20260911,15.18,15.21,15.23,15.16,14400.0,218827.0,15.2
300989.SZ,20260911,14.3,14.3,14.3,14.3,5200.0,74360.0,14.3
300990.SZ,20260911,87.57,87.61,89.19,87.55,99200.0,8694604.16,87.65
300991.SZ,20260911,27.3,27.3,27.5,27.1,80300.0,2192729.92,27.31
300992.SZ,20260911,24.95,24.98,25.08,24.95,12400.0,309788.0,24.98
300993.SZ,20260911,9.81,9.8,9.98,9.8,13900.0,136427.0,9.81
300994.SZ,20260911,10.96,10.97,10.97,10.95,10200.0,111864.0,10.97
300995.SZ,20260911,25.7,25.5,25.97,25.5,29500.0,755746.0,25.62
300996.SZ,20260911,13.08,13.09,13.1,13.0,180400.0,2358872.96,13.08
300997.SZ,20260911,16.4,16.46,16.5,16.35,185800.0,3054864.96,16.44
300998.SZ,20260911,30.84,30.84,31.1,30.83,15100.0,465782.0,30.85
300999.SZ,20260911,26.68,26.64,26.72,26.61,106000.0,2824926.08,26.65
301000.SZ,20260911,23.12,23.14,23.14,23.05,14000.0,323819.0,23.13
301001.SZ,20260911,25.06,25.06,25.06,25.0,9900.0,248050.0,25.06
301002.SZ,20260911,26.65,26.55,26.76,26.55,7800.0,207395.0,26.59
301003.SZ,20260911,58.85,58.87,58.87,58.79,16000.0,941592.96,58.85
301004.SZ,20260911,32.88,33.1,33.4,32.88,1200.0,39818.0,33.18
301005.SZ,20260911,63.26,63.5,63.52,63.0,46300.0,2936425.92,63.42
301006.SZ,20260911,14.1,13.85,14.1,13.79,195060.0,2710616.64,13.9
301007.SZ,20260911,30.83,30.84,30.84,30.35,42300.0,1302800.96,30.8
301008.SZ,20260911,44.08,44.3,44.41,44.08,102500.0,4537205.12,44.27
301009.SZ,20260911,9.03,9.03,9.03,9.03,4000.0,36120.0,9.03
301010.SZ,20260911,17.3,17.37,17.37,17.3,10600.0,184115.0,17.37
301011.SZ,20260911,14.94,15.05,15.05,14.9,28400.0,426511.0,15.02
301012.SZ,20260911,22.13,22.2,22.2,22.11,23900.0,529849.0,22.17
301013.SZ,20260911,35.72,35.7,36.47,35.7,94100.0,3366303.04,35.77
301015.SZ,20260911,23.98,23.89,24.0,23.89,26200.0,626801.0,23.92
301016.SZ,20260911,15.81,15.98,15.98,15.8,14200.0,226034.0,15.92
301017.SZ,20260911,12.69,12.79,12.83,12.54,11900.0,151518.0,12.73
301018.SZ,20260911,95.34,95.11,96.25,95.11,264836.0,25240094.72,95.31
301019.SZ,20260911,14.98,14.99,14.99,14.98,7400.0,110921.0,14.99
301020.SZ,20260911,20.27,20.33,20.42,20.24,119900.0,2437299.04,20.33
301021.SZ,20260911,76.3,76.33,76.87,76.11,112600.0,8598343.68,76.36
301022.SZ,20260911,21.93,21.9,22.01,21.9,28600.0,626541.0,21.91
301023.SZ,20260911,28.02,28.08,28.08,28.02,1500.0,42072.0,28.05
301024.SZ,20260911,32.91,32.96,32.96,32.91,5300.0,174659.0,32.96
301025.SZ,20260911,9.68,9.72,9.76,9.65,865000.0,8403214.08,9.72
301026.SZ,20260911,19.5,19.57,19.57,19.36,114000.0,2226926.08,19.53
301027.SZ,20260911,20.7,20.7,20.71,20.67,25100.0,519596.0,20.7
301028.SZ,20260911,12.79,12.81,12.81,12.61,24200.0,309212.0,12.78
301029.SZ,20260911,23.67,23.69,23.7,23.63,54300.0,1286076.96,23.69
301030.SZ,20260911,7.81,7.8,7.9,7.76,237300.0,1852622.08,7.81
301031.SZ,20260911,90.0,90.42,90.42,90.0,5500.0,496336.0,90.24
301032.SZ,20260911,10.19,10.2,10.2,10.19,7500.0,76495.0,10.2
301033.SZ,20260911,52.37,52.38,52.39,52.05,2700.0,141361.0,52.36
301035.SZ,20260911,54.83,55.1,55.1,54.09,10200.0,558129.0,54.72
301036.SZ,20260911,21.91,21.85,22.0,21.85,16900.0,370167.0,21.9
301037.SZ,20260911,12.81,12.81,12.81,12.71,9700.0,124125.0,12.8
301038.SZ,20260911,17.64,17.62,17.64,17.62,36300.0,639844.0,17.63
301039.SZ,20260911,7.63,7.66,7.66,7.6,83000.0,635609.0,7.66
301040.SZ,20260911,27.01,27.02,27.04,27.01,17100.0,461979.0,27.02
301041.SZ,20260911,30.81,30.81,30.99,30.78,98300.0,3033884.16,30.86
301042.SZ,20260911,29.89,29.94,29.94,29.89,17500.0,523550.0,29.92
301043.SZ,20260911,54.5,54.49,54.7,54.26,25600.0,1395196.96,54.5
301045.SZ,20260911,64.11,64.0,64.78,64.0,21100.0,1351656.0,64.06
301046.SZ,20260911,32.83,32.83,33.0,32.52,42000.0,1377518.08,32.8
301047.SZ,20260911,94.0,94.87,95.62,93.99,91700.0,8683642.24,94.7
301048.SZ,20260911,9.15,9.2,9.22,9.15,76900.0,706154.0,9.18
301049.SZ,20260911,20.2,20.26,20.26,20.2,7300.0,147648.0,20.23
301050.SZ,20260911,28.66,28.79,28.79,28.63,11600.0,332747.0,28.69
301051.SZ,20260911,17.3,17.35,17.35,17.2,27900.0,482370.0,17.29
301052.SZ,20260911,24.1,24.0,24.28,23.98,33200.0,798090.0,24.04
301053.SZ,20260911,32.85,32.89,32.9,32.85,5600.0,184157.0,32.88
301055.SZ,20260911,31.42,31.42,31.6,30.82,37800.0,1185328.96,31.36
301056.SZ,20260911,14.42,14.44,14.51,14.4,44600.0,644083.0,14.44
301057.SZ,20260911,20.7,20.66,20.86,20.66,10600.0,219344.0,20.69
301058.SZ,20260911,9.06,9.06,9.14,9.05,327600.0,2969052.16,9.06
301059.SZ,20260911,12.26,12.26,12.26,12.26,15800.0,193708.0,12.26
301060.SZ,20260911,10.05,10.02,10.09,10.02,185800.0,1864844.0,10.04
301061.SZ,20260911,35.3,35.35,35.5,35.28,8300.0,293353.0,35.34
301062.SZ,20260911,7.29,7.3,7.3,7.28,37700.0,275121.0,7.3
301063.SZ,20260911,17.5,17.5,17.68,17.47,16700.0,292568.0,17.52
301065.SZ,20260911,19.2,19.23,19.23,19.2,13500.0,259528.0,19.22
301066.SZ,20260911,12.62,12.63,12.63,12.61,5800.0,73241.0,12.63
301067.SZ,20260911,31.88,31.89,31.89,31.79,15100.0,481247.0,31.87
301068.SZ,20260911,27.62,27.62,27.62,27.62,5000.0,138100.0,27.62
301069.SZ,20260911,15.88,15.87,16.0,15.87,48300.0,767008.96,15.88
301070.SZ,20260911,64.8,64.96,64.96,64.8,10800.0,700287.04,64.84
301071.SZ,20260911,60.03,60.03,60.66,60.0,391161.0,23510832.64,60.11
301072.SZ,20260911,43.37,43.41,43.41,43.21,21800.0,946176.96,43.4
301073.SZ,20260911,19.54,19.55,19.69,19.52,263300.0,5147263.04,19.55
301075.SZ,20260911,57.72,57.72,57.73,57.7,3400.0,196255.0,57.72
301076.SZ,20260911,20.51,20.65,20.65,20.51,15600.0,321860.72,20.63
301077.SZ,20260911,20.6,20.95,20.95,20.6,16100.0,335247.0,20.82
301078.SZ,20260911,7.21,7.2,7.26,7.18,580100.0,4177930.88,7.2
301079.SZ,20260911,28.31,28.3,28.33,28.22,30600.0,865680.0,28.29
301080.SZ,20260911,81.66,82.01,82.01,81.2,245400.0,20110950.4,81.95
301081.SZ,20260911,16.01,16.01,16.01,15.92,35500.0,567806.0,16.0
301082.SZ,20260911,9.94,9.88,9.95,9.88,142400.0,1410102.08,9.9
301083.SZ,20260911,13.6,13.67,13.67,13.6,3300.0,45062.0,13.66
301085.SZ,20260911,73.46,73.5,73.99,73.0,97000.0,7126691.2,73.47
301086.SZ,20260911,147.76,147.79,148.68,147.17,71200.0,10524684.8,147.82
301087.SZ,20260911,51.27,51.38,51.98,51.13,24000.0,1233380.96,51.39
301088.SZ,20260911,13.25,13.16,13.25,13.16,8300.0,109273.0,13.17
301089.SZ,20260911,22.22,22.33,22.33,22.22,2200.0,49075.0,22.31
301090.SZ,20260911,6.96,6.98,6.98,6.9,38900.0,270426.0,6.95
301091.SZ,20260911,19.19,19.21,19.27,19.18,79800.0,1534504.0,19.23
301092.SZ,20260911,43.0,43.29,43.29,43.0,8100.0,349891.0,43.2
301093.SZ,20260911,58.41,58.29,58.61,58.29,16000.0,933300.96,58.33
301095.SZ,20260911,72.5,72.64,72.69,72.38,46000.0,3338870.08,72.58
301096.SZ,20260911,48.47,48.66,48.66,48.0,21900.0,1063910.0,48.58
301097.SZ,20260911,33.3,33.2,33.3,33.2,1600.0,53130.0,33.21
301098.SZ,20260911,9.2,9.2,9.29,9.2,48000.0,441786.0,9.2
301099.SZ,20260911,48.73,48.77,48.9,48.73,52900.0,2580540.0,48.78
301100.SZ,20260911,15.31,15.29,15.32,15.28,8900.0,136082.0,15.29
301101.SZ,20260911,28.2,28.18,28.23,28.18,23700.0,667933.0,28.18
301102.SZ,20260911,9.52,9.52,9.52,9.5,9100.0,86623.0,9.52
301103.SZ,20260911,16.09,16.12,16.12,16.05,17700.0,285221.0,16.11
301105.SZ,20260911,50.19,50.2,50.2,50.19,2000.0,100399.0,50.2
301106.SZ,20260911,18.85,18.85,18.86,18.84,20600.0,388331.0,18.85
301107.SZ,20260911,21.6,21.97,21.97,21.46,9800.0,213868.0,21.82
301108.SZ,20260911,40.0,40.0,40.0,40.0,3100.0,124000.0,40.0
301109.SZ,20260911,13.1,13.1,13.1,13.09,10600.0,138828.0,13.1
301110.SZ,20260911,34.4,34.52,34.52,34.35,28200.0,971475.04,34.45
301111.SZ,20260911,21.0,21.28,21.28,20.9,16200.0,341815.0,21.1
301112.SZ,20260911,30.5,30.5,30.51,30.5,6500.0,198251.0,30.5
301113.SZ,20260911,17.3,17.3,17.3,17.3,4300.0,74390.0,17.3
301115.SZ,20260911,29.12,29.3,29.3,29.0,24800.0,723050.0,29.16
301116.SZ,20260911,9.5,9.65,9.65,9.5,18400.0,176783.0,9.61
301117.SZ,20260911,13.51,13.53,13.54,13.51,92900.0,1256956.0,13.53
301118.SZ,20260911,22.71,22.79,22.79,22.66,13000.0,295854.0,22.76
301119.SZ,20260911,24.8,25.01,25.19,24.8,18100.0,452655.0,25.01
301120.SZ,20260911,14.71,14.71,14.77,14.68,21800.0,320632.0,14.71
301121.SZ,20260911,34.95,34.83,34.95,34.83,6200.0,216230.0,34.88
301122.SZ,20260911,46.26,46.68,46.7,46.26,32300.0,1507735.04,46.68
301123.SZ,20260911,74.09,74.01,74.5,74.01,127400.0,9437118.08,74.07
301125.SZ,20260911,13.56,13.58,13.58,13.55,9500.0,128877.0,13.57
301126.SZ,20260911,10.3,10.27,10.3,10.25,23100.0,237263.0,10.27
301127.SZ,20260911,17.34,17.36,17.42,17.3,233900.0,4059958.08,17.36
301128.SZ,20260911,107.0,106.5,107.82,106.5,99600.0,10633061.76,106.76
301129.SZ,20260911,22.69,22.98,22.98,22.69,20600.0,471901.0,22.91
301130.SZ,20260911,26.5,26.4,26.52,26.4,105300.0,2780661.12,26.41
301131.SZ,20260911,32.29,32.29,32.3,32.29,7000.0,226034.0,32.29
301132.SZ,20260911,47.59,48.11,48.36,47.59,267200.0,12852282.88,48.1
301133.SZ,20260911,26.43,26.46,26.51,26.41,33900.0,896936.0,26.46
301135.SZ,20260911,16.81,16.81,16.81,16.81,1200.0,20172.0,16.81
301136.SZ,20260911,12.24,12.25,12.3,12.2,149200.0,1827668.96,12.25
301137.SZ,20260911,32.0,32.0,32.0,31.96,21800.0,697538.0,32.0
301138.SZ,20260911,27.55,27.9,27.9,27.42,6900.0,191325.0,27.73
301139.SZ,20260911,3.31,3.31,3.31,3.31,0.0,0.0,3.31
301141.SZ,20260911,37.2,37.2,37.21,37.0,6900.0,256307.0,37.15
301148.SZ,20260911,54.6,54.5,54.6,54.5,3800.0,207159.0,54.52
301149.SZ,20260911,8.79,8.83,8.83,8.78,80100.0,706236.0,8.82
301150.SZ,20260911,38.29,38.44,38.55,38.18,278500.0,10700158.72,38.42
301151.SZ,20260911,21.57,21.71,21.71,21.51,41000.0,889232.96,21.69
301152.SZ,20260911,20.76,20.99,20.99,20.7,38700.0,809436.96,20.92
301153.SZ,20260911,17.45,17.5,17.6,17.45,24400.0,427051.0,17.5
301155.SZ,20260911,38.04,38.08,38.08,38.0,54600.0,2077560.0,38.05
301156.SZ,20260911,12.18,12.2,12.2,12.18,31900.0,389154.0,12.2
301157.SZ,20260911,59.79,59.79,59.79,59.79,5700.0,340803.0,59.79
301158.SZ,20260911,15.6,15.59,15.69,15.5,650990.0,10163589.12,15.61
301159.SZ,20260911,31.4,31.01,31.4,31.01,2500.0,77787.0,31.12
301160.SZ,20260911,44.11,43.66,44.11,43.6,14300.0,624670.0,43.68
301161.SZ,20260911,28.13,28.17,28.22,28.13,15100.0,425401.0,28.17
301162.SZ,20260911,35.2,35.3,35.58,35.2,4400.0,155307.0,35.3
301163.SZ,20260911,21.8,22.0,22.0,21.8,5800.0,127529.0,21.99
301165.SZ,20260911,106.39,106.42,107.0,106.1,141100.0,15015806.72,106.42
301166.SZ,20260911,27.89,27.9,27.9,27.81,4600.0,128286.0,27.89
301167.SZ,20260911,13.43,13.47,13.47,13.43,18600.0,250526.0,13.47
301168.SZ,20260911,40.06,40.08,40.08,40.06,1700.0,68120.0,40.07
301169.SZ,20260911,56.57,56.56,56.84,56.5,11700.0,661714.0,56.56
301170.SZ,20260911,22.33,22.44,22.44,22.33,1700.0,38133.0,22.43
301171.SZ,20260911,35.59,35.6,35.85,35.51,679620.0,24199185.92,35.61
301172.SZ,20260911,17.8,17.96,17.97,17.78,124400.0,2229751.04,17.92
301173.SZ,20260911,32.66,32.99,32.99,32.66,5400.0,176495.0,32.68
301175.SZ,20260911,5.78,5.77,5.79,5.77,84600.0,488682.0,5.78
301176.SZ,20260911,56.98,57.07,57.99,56.5,933934.0,53344558.08,57.12
301177.SZ,20260911,22.7,22.81,22.81,22.68,45900.0,1046027.04,22.79
301178.SZ,20260911,36.66,36.7,36.75,36.6,53900.0,1977356.0,36.69
301179.SZ,20260911,19.94,19.96,19.97,19.9,59600.0,1189496.96,19.96
301180.SZ,20260911,11.32,11.28,11.34,11.27,20800.0,235120.0,11.3
301181.SZ,20260911,24.08,24.4,24.4,24.08,25400.0,617724.0,24.32
301182.SZ,20260911,67.0,67.16,68.19,66.96,83200.0,5585315.2,67.13
301183.SZ,20260911,232.5,232.01,232.6,231.18,15500.0,3595097.92,231.94
301185.SZ,20260911,17.08,17.1,17.1,17.05,5600.0,95686.0,17.09
301186.SZ,20260911,34.0,34.02,34.03,34.0,2300.0,78250.0,34.02
301187.SZ,20260911,13.7,13.62,13.7,13.62,5400.0,73559.0,13.62
301188.SZ,20260911,32.7,32.79,32.88,32.68,88100.0,2889192.96,32.79
301189.SZ,20260911,60.9,60.94,62.0,60.82,79400.0,4838588.16,60.94
301190.SZ,20260911,16.98,16.98,16.98,16.88,60800.0,1030936.0,16.96
301191.SZ,20260911,80.6,80.21,80.6,80.21,37100.0,2978552.96,80.28
301192.SZ,20260911,19.0,19.0,19.01,18.8,22000.0,414594.0,18.84
301193.SZ,20260911,19.91,19.91,20.3,19.89,92100.0,1838704.0,19.96
301195.SZ,20260911,25.63,25.63,25.63,25.62,7300.0,187096.0,25.63
301196.SZ,20260911,81.83,81.84,81.94,81.58,58700.0,4803600.96,81.83
301197.SZ,20260911,25.34,25.34,26.02,25.34,11500.0,292924.0,25.47
301198.SZ,20260911,12.7,12.82,12.85,12.7,9900.0,126972.0,12.83
301199.SZ,20260911,17.46,17.46,17.75,17.46,10700.0,187480.0,17.52
301200.SZ,20260911,256.75,257.0,257.0,255.01,18700.0,4799258.88,256.64
301201.SZ,20260911,33.88,33.91,33.91,33.8,13600.0,460811.0,33.88
301202.SZ,20260911,35.0,35.0,35.45,35.0,4900.0,171545.0,35.01
301203.SZ,20260911,33.7,33.72,33.83,33.65,3400.0,114567.0,33.7
301205.SZ,20260911,298.08,299.01,299.01,297.0,76200.0,22746513.92,298.51
301206.SZ,20260911,25.83,25.82,26.2,25.82,298590.0,7724085.76,25.87
301207.SZ,20260911,17.56,17.59,17.65,17.56,71700.0,1261807.04,17.6
301208.SZ,20260911,29.55,29.57,29.57,29.55,7800.0,230632.0,29.57
301209.SZ,20260911,57.61,58.22,58.22,57.61,2000.0,116297.0,58.15
301210.SZ,20260911,24.53,24.52,24.7,24.52,15480.0,379661.6,24.53
301211.SZ,20260911,11.21,11.21,11.32,11.21,89700.0,1005628.0,11.21
301212.SZ,20260911,24.99,24.77,25.25,24.77,26100.0,647381.0,24.8
301213.SZ,20260911,41.49,40.82,41.49,40.82,38200.0,1564785.92,40.96
301215.SZ,20260911,5.33,5.34,5.34,5.32,26600.0,141857.0,5.33
301216.SZ,20260911,17.48,17.51,17.55,17.43,548000.0,9591873.92,17.5
301217.SZ,20260911,105.7,105.52,106.29,105.5,652700.0,68934297.6,105.61
301218.SZ,20260911,44.23,44.22,44.4,44.21,133400.0,5902714.24,44.25
301219.SZ,20260911,41.71,41.8,41.8,41.6,238300.0,9953991.68,41.77
301220.SZ,20260911,26.38,26.42,26.65,26.38,33100.0,875816.96,26.46
301221.SZ,20260911,26.42,26.38,26.42,26.35,15600.0,411505.0,26.38
301222.SZ,20260911,24.01,24.1,24.1,24.01,15900.0,383066.0,24.09
301223.SZ,20260911,17.83,17.94,17.94,17.83,10900.0,195044.0,17.89
301225.SZ,20260911,54.37,54.49,54.5,54.37,7800.0,424981.0,54.49
301226.SZ,20260911,31.31,31.51,31.51,31.31,14600.0,459743.0,31.49
301227.SZ,20260911,32.54,32.55,32.55,32.0,7900.0,256433.0,32.46
301228.SZ,20260911,57.8,58.17,58.18,57.8,7000.0,406618.0,58.09
301229.SZ,20260911,11.9,11.86,11.9,11.85,12200.0,144828.0,11.87
301230.SZ,20260911,29.0,29.01,29.18,28.88,193200.0,5603680.0,29.01
301231.SZ,20260911,27.91,28.1,28.21,27.74,92300.0,2581961.92,27.97
301232.SZ,20260911,92.88,92.12,93.84,92.12,16500.0,1527763.04,92.59
301233.SZ,20260911,31.79,31.93,31.93,31.79,800.0,25516.0,31.9
301234.SZ,20260911,101.47,101.9,102.0,101.21,8600.0,875584.96,101.81
301235.SZ,20260911,43.77,43.71,43.78,43.7,82900.0,3623745.92,43.71
301236.SZ,20260911,35.56,35.53,35.7,35.5,157800.0,5607445.12,35.54
301237.SZ,20260911,36.75,36.78,36.87,36.75,33800.0,1242558.0,36.76
301238.SZ,20260911,15.46,15.46,15.46,15.41,62500.0,965594.0,15.45
301239.SZ,20260911,31.39,31.3,31.65,31.3,26600.0,834775.04,31.38
301246.SZ,20260911,17.51,17.41,17.51,17.41,103000.0,1795088.96,17.43
301248.SZ,20260911,54.37,54.37,54.5,54.06,4100.0,223066.0,54.41
301251.SZ,20260911,58.66,58.78,59.51,58.62,118600.0,6977978.88,58.84
301252.SZ,20260911,36.69,36.7,36.75,36.6,12300.0,451308.0,36.69
301255.SZ,20260911,18.7,18.73,18.77,18.7,12100.0,226631.0,18.73
301256.SZ,20260911,9.91,9.91,9.91,9.9,14600.0,144643.0,9.91
301257.SZ,20260911,36.57,36.53,36.7,36.5,55400.0,2024900.0,36.55
301258.SZ,20260911,25.0,25.03,25.38,25.0,11900.0,297789.0,25.02
301259.SZ,20260911,20.75,20.83,20.83,20.75,15700.0,326813.0,20.82
301260.SZ,20260911,11.68,11.68,11.68,11.67,12400.0,144819.0,11.68
301261.SZ,20260911,55.94,56.0,56.01,55.9,12500.0,699680.0,55.97
301262.SZ,20260911,19.99,19.95,20.15,19.93,113700.0,2269116.96,19.96
301263.SZ,20260911,19.59,19.51,19.7,19.51,148300.0,2895194.88,19.52
301265.SZ,20260911,19.11,19.3,19.3,19.1,51900.0,999632.96,19.26
301266.SZ,20260911,24.43,24.37,24.49,24.35,69400.0,1692000.0,24.38
301267.SZ,20260911,14.82,14.82,14.82,14.82,21300.0,315666.0,14.82
301268.SZ,20260911,12.09,12.15,12.15,12.09,15400.0,187028.0,12.15
301269.SZ,20260911,88.1,88.28,88.35,88.03,32800.0,2895256.96,88.27
301270.SZ,20260911,31.0,31.05,31.1,31.0,15300.0,475281.0,31.06
301272.SZ,20260911,33.56,33.55,33.56,33.55,6300.0,211366.0,33.55
301273.SZ,20260911,36.07,36.33,36.33,36.06,14840.0,538301.8,36.27
301275.SZ,20260911,40.55,40.59,40.62,40.53,28900.0,1172966.0,40.59
301276.SZ,20260911,17.55,17.58,17.65,17.5,9700.0,170465.0,17.57
301277.SZ,20260911,9.84,9.87,9.87,9.84,4600.0,45324.0,9.85
301278.SZ,20260911,27.8,27.86,27.86,27.8,10000.0,278530.0,27.85
301279.SZ,20260911,22.86,22.9,22.9,22.86,14400.0,329606.0,22.89
301280.SZ,20260911,42.5,42.5,42.51,42.49,4700.0,199748.0,42.5
301281.SZ,20260911,47.11,47.11,47.11,47.11,2700.0,127197.0,47.11
301282.SZ,20260911,41.6,41.79,41.99,41.32,229000.0,9553950.08,41.72
301283.SZ,20260911,24.02,24.02,24.02,24.02,100.0,2402.0,24.02
301285.SZ,20260911,86.01,86.01,86.99,85.7,27200.0,2341185.92,86.07
301286.SZ,20260911,45.9,45.93,45.93,45.7,29000.0,1331266.0,45.91
301287.SZ,20260911,42.39,42.39,42.39,42.3,2700.0,114435.0,42.38
301288.SZ,20260911,16.92,16.92,17.01,16.85,26200.0,443324.0,16.92
301289.SZ,20260911,43.08,43.12,43.13,43.08,5200.0,224193.0,43.11
301290.SZ,20260911,27.27,27.11,27.27,27.11,1700.0,46169.0,27.16
301291.SZ,20260911,32.4,32.5,32.67,32.4,27900.0,906924.0,32.51
301292.SZ,20260911,61.68,61.8,62.0,61.23,54400.0,3358342.08,61.73
301293.SZ,20260911,49.21,49.47,49.47,49.21,16400.0,810468.96,49.42
301295.SZ,20260911,36.57,36.04,36.57,36.04,8100.0,293245.0,36.2
301296.SZ,20260911,6.42,6.4,6.42,6.4,16300.0,104454.0,6.41
301297.SZ,20260911,43.71,43.98,43.99,43.71,349600.0,15361432.32,43.94
301298.SZ,20260911,12.47,12.45,12.5,12.41,45800.0,569709.0,12.44
301299.SZ,20260911,45.06,45.5,45.5,45.06,15400.0,699870.0,45.45
301300.SZ,20260911,33.23,33.03,33.23,33.03,1900.0,62815.0,33.06
301301.SZ,20260911,8.43,8.44,8.45,8.39,988900.0,8341032.96,8.44
301302.SZ,20260911,21.6,21.67,21.67,21.57,14400.0,311542.0,21.64
301303.SZ,20260911,13.27,13.28,13.28,13.27,13400.0,177931.0,13.28
301305.SZ,20260911,26.73,26.72,27.02,26.72,96500.0,2579980.96,26.74
301306.SZ,20260911,98.45,98.99,98.99,98.28,3000.0,296573.0,98.86
301307.SZ,20260911,53.97,53.87,54.05,53.86,71800.0,3874037.12,53.96
301308.SZ,20260911,338.76,340.0,340.0,338.44,118600.0,40294643.2,339.75
301309.SZ,20260911,30.88,31.0,31.0,30.88,1200.0,37128.0,30.94
301310.SZ,20260911,55.6,55.2,55.89,55.2,72100.0,3989631.04,55.34
301311.SZ,20260911,14.09,14.1,14.13,14.07,170600.0,2405932.96,14.1
301312.SZ,20260911,79.5,79.62,79.75,79.13,82000.0,6528314.88,79.61
301313.SZ,20260911,31.27,31.16,31.37,31.04,25100.0,781700.0,31.14
301314.SZ,20260911,42.93,42.93,43.16,42.93,9300.0,399419.0,42.95
301315.SZ,20260911,38.86,39.0,39.0,38.86,12900.0,502451.0,38.95
301316.SZ,20260911,36.73,36.73,36.76,36.62,62800.0,2306540.96,36.73
301317.SZ,20260911,48.3,48.3,49.5,48.3,25900.0,1258926.0,48.61
301318.SZ,20260911,20.7,20.7,20.7,20.7,2200.0,45540.0,20.7
301319.SZ,20260911,90.81,90.85,91.5,90.51,55645.0,5058105.92,90.9
301320.SZ,20260911,13.57,13.59,13.59,13.56,2400.0,32599.0,13.58
301321.SZ,20260911,44.65,44.76,45.3,44.65,67200.0,3011010.88,44.81
301322.SZ,20260911,42.52,42.8,42.8,42.5,77700.0,3324146.88,42.78
301323.SZ,20260911,67.03,66.28,67.03,66.2,6400.0,424211.0,66.28
301325.SZ,20260911,28.27,28.18,28.8,28.18,5700.0,161462.0,28.33
301326.SZ,20260911,97.0,97.0,97.39,97.0,6600.0,640406.0,97.03
301327.SZ,20260911,41.86,41.99,41.99,41.72,20500.0,860596.0,41.98
301328.SZ,20260911,49.0,49.48,49.49,48.8,5900.0,290557.0,49.25
301329.SZ,20260911,19.1,19.11,19.24,19.1,14600.0,279008.0,19.11
301330.SZ,20260911,24.11,24.2,24.2,24.11,9300.0,224969.0,24.19
301331.SZ,20260911,21.04,21.0,21.23,21.0,10200.0,214525.0,21.03
301332.SZ,20260911,7.76,7.77,7.77,7.76,5800.0,45064.0,7.77
301333.SZ,20260911,59.8,60.25,60.25,59.5,20900.0,1255864.0,60.09
301335.SZ,20260911,23.21,23.24,23.26,23.21,24400.0,567034.0,23.24
301336.SZ,20260911,43.0,43.35,43.35,43.0,3000.0,129630.0,43.21
301337.SZ,20260911,28.36,28.36,28.36,28.36,1800.0,51048.0,28.36
301338.SZ,20260911,96.8,97.57,97.77,96.8,52500.0,5116675.84,97.46
301339.SZ,20260911,11.15,11.12,11.15,11.12,88300.0,981979.04,11.12
301345.SZ,20260911,219.99,219.66,219.99,219.66,1400.0,307735.0,219.81
301348.SZ,20260911,20.57,20.6,20.6,20.41,25000.0,514840.0,20.59
301349.SZ,20260911,42.16,42.16,42.19,42.1,15500.0,653439.0,42.16
301353.SZ,20260911,18.5,18.7,18.7,18.5,13400.0,250132.0,18.67
301355.SZ,20260911,11.31,11.47,11.47,11.28,69600.0,796396.96,11.44
301356.SZ,20260911,19.4,19.4,19.42,19.4,19700.0,382220.0,19.4
301357.SZ,20260911,103.8,103.1,104.0,103.1,86654.0,8969596.16,103.51
301358.SZ,20260911,54.57,54.7,54.8,54.5,114500.0,6258851.2,54.66
301359.SZ,20260911,18.2,18.26,18.26,18.2,12100.0,220893.0,18.26
301360.SZ,20260911,53.14,53.02,53.28,53.02,48900.0,2594431.04,53.06
301361.SZ,20260911,26.18,26.28,26.28,26.18,4400.0,115546.0,26.26
301362.SZ,20260911,106.0,105.0,106.0,105.0,8800.0,925032.96,105.12
301363.SZ,20260911,15.45,15.48,15.48,15.36,81720.0,1261769.28,15.44
301365.SZ,20260911,38.87,38.87,38.9,38.87,13200.0,513153.0,38.88
301366.SZ,20260911,58.5,58.03,58.52,58.03,199918.0,11610969.6,58.08
301367.SZ,20260911,45.03,45.4,45.45,45.03,12200.0,552576.64,45.29
301368.SZ,20260911,36.68,36.89,36.9,36.68,7500.0,276655.0,36.89
301369.SZ,20260911,123.1,123.3,123.3,123.1,2200.0,271220.0,123.28
301370.SZ,20260911,8.49,8.49,8.55,8.49,56200.0,477168.0,8.49
301371.SZ,20260911,20.7,20.8,20.8,20.69,31300.0,648552.0,20.72
301372.SZ,20260911,31.16,31.16,31.16,31.07,8700.0,271020.0,31.15
301373.SZ,20260911,97.08,97.15,97.58,97.0,96600.0,9384995.84,97.15
301376.SZ,20260911,22.7,22.88,22.88,22.7,35800.0,818643.04,22.87
301377.SZ,20260911,385.09,385.99,389.0,385.0,11000.0,4246414.08,386.04
301378.SZ,20260911,24.57,24.57,24.6,24.45,11200.0,275314.0,24.58
301379.SZ,20260911,20.45,20.48,20.48,20.42,64800.0,1326326.0,20.47
301380.SZ,20260911,32.66,32.78,32.78,32.62,20700.0,678412.0,32.77
301381.SZ,20260911,22.28,22.23,22.28,22.23,18600.0,413513.0,22.23
301382.SZ,20260911,35.4,35.3,35.5,35.3,15600.0,551040.0,35.32
301383.SZ,20260911,24.02,24.17,24.25,24.02,4500.0,108426.0,24.1
301386.SZ,20260911,19.74,19.91,19.91,19.74,3800.0,75241.0,19.8
301387.SZ,20260911,54.5,54.53,54.53,54.45,5900.0,321678.0,54.52
301388.SZ,20260911,24.48,24.4,24.48,24.4,5000.0,122040.0,24.41
301389.SZ,20260911,55.9,55.74,55.98,55.51,140800.0,7847089.92,55.73
301390.SZ,20260911,37.5,37.5,37.5,37.5,0.0,0.0,37.5
301391.SZ,20260911,42.59,42.6,42.6,42.59,4100.0,174658.0,42.6
301392.SZ,20260911,163.96,163.72,164.32,163.72,21700.0,3555650.88,163.86
301393.SZ,20260911,56.45,56.59,56.6,56.38,16000.0,905048.0,56.57
301395.SZ,20260911,11.94,11.96,11.96,11.93,10300.0,123141.0,11.96
301396.SZ,20260911,168.18,168.42,168.98,168.0,118400.0,19940249.6,168.41
301397.SZ,20260911,22.5,22.68,22.73,22.5,31600.0,715940.0,22.66
301398.SZ,20260911,36.74,36.61,36.74,36.61,5800.0,212855.0,36.7
301399.SZ,20260911,19.9,19.8,19.9,19.8,173700.0,3443043.84,19.82
301408.SZ,20260911,14.04,14.04,14.04,14.04,57300.0,804492.0,14.04
301413.SZ,20260911,55.75,55.81,55.81,55.75,9900.0,552410.0,55.8
301418.SZ,20260911,33.6,33.6,33.65,33.43,10700.0,359397.0,33.59
301419.SZ,20260911,39.46,39.6,39.6,39.38,60300.0,2386872.0,39.58
301421.SZ,20260911,73.49,73.49,73.54,73.42,28400.0,2087211.04,73.49
301428.SZ,20260911,27.5,27.5,27.5,27.4,14900.0,409313.0,27.47
301429.SZ,20260911,17.09,17.09,17.09,17.01,10300.0,175912.0,17.08
301439.SZ,20260911,14.15,14.15,14.2,14.12,38200.0,540629.0,14.15
301446.SZ,20260911,37.72,37.26,37.72,37.26,23200.0,866210.0,37.34
301448.SZ,20260911,45.01,45.0,45.45,45.0,3500.0,157744.0,45.07
301449.SZ,20260911,39.6,39.94,39.94,39.19,5100.0,202989.0,39.8
301456.SZ,20260911,22.84,22.82,22.91,22.8,64700.0,1476472.0,22.82
301458.SZ,20260911,34.78,34.8,34.81,34.7,50300.0,1750172.0,34.79
301459.SZ,20260911,31.98,32.02,32.16,31.9,46500.0,1488648.96,32.01
301468.SZ,20260911,32.28,32.21,32.3,32.2,31300.0,1008627.04,32.22
301469.SZ,20260911,28.24,28.25,28.25,28.16,83100.0,2347084.96,28.24
301479.SZ,20260911,48.01,48.0,48.45,48.0,32000.0,1536607.04,48.02
301486.SZ,20260911,190.0,188.67,190.0,187.46,148900.0,28113643.52,188.81
301487.SZ,20260911,15.04,15.05,15.08,15.01,158300.0,2382732.96,15.05
301488.SZ,20260911,94.38,94.52,94.52,94.38,2600.0,245701.0,94.5
301489.SZ,20260911,121.9,122.01,122.86,121.5,83500.0,10187498.88,122.01
301491.SZ,20260911,36.8,36.77,36.8,36.77,900.0,33096.0,36.77
301498.SZ,20260911,38.07,38.07,38.07,38.01,26100.0,993228.0,38.06
301499.SZ,20260911,24.05,24.15,24.15,24.05,8200.0,197881.0,24.13
301500.SZ,20260911,23.45,23.5,23.53,23.33,613500.0,14402767.36,23.48
301501.SZ,20260911,26.34,26.36,26.36,26.33,17300.0,455948.0,26.36
301502.SZ,20260911,50.98,50.97,51.72,50.49,9000.0,459158.0,51.02
301503.SZ,20260911,21.37,21.45,21.45,21.37,4300.0,92111.0,21.42
301505.SZ,20260911,19.2,19.32,19.32,19.2,95300.0,1840848.0,19.32
301507.SZ,20260911,11.89,11.95,11.97,11.89,28000.0,334292.0,11.94
301508.SZ,20260911,24.0,24.05,24.07,24.0,33800.0,812315.04,24.03
301509.SZ,20260911,27.55,27.54,27.66,27.54,27600.0,760599.04,27.56
301510.SZ,20260911,25.92,26.1,26.1,25.92,122400.0,3189587.84,26.06
301511.SZ,20260911,105.88,105.96,106.17,105.34,796800.0,84364200.96,105.88
301512.SZ,20260911,29.59,29.58,29.59,29.57,5800.0,171580.0,29.58
301513.SZ,20260911,41.79,41.78,41.79,41.61,10600.0,442769.0,41.77
301515.SZ,20260911,18.92,19.0,19.0,18.92,5600.0,106074.0,18.94
301516.SZ,20260911,18.47,18.47,18.55,18.44,127200.0,2349320.0,18.47
301517.SZ,20260911,37.5,37.81,37.81,37.5,23700.0,894663.04,37.75
301518.SZ,20260911,23.17,23.18,23.19,23.01,6000.0,138911.0,23.15
301519.SZ,20260911,11.88,11.89,11.98,11.87,21300.0,254053.0,11.93
301520.SZ,20260911,56.4,56.2,57.0,56.2,381100.0,21479180.8,56.36
301522.SZ,20260911,23.13,23.17,23.34,23.13,78900.0,1827831.04,23.17
301525.SZ,20260911,36.85,36.85,36.85,36.85,2200.0,81070.0,36.85
301526.SZ,20260911,28.8,28.84,28.98,28.8,3473600.0,100203868.16,28.85
301528.SZ,20260911,59.51,59.5,59.6,59.2,19900.0,1182748.96,59.44
301529.SZ,20260911,117.01,117.4,117.47,116.0,20100.0,2353671.04,117.1
301531.SZ,20260911,44.1,44.32,44.32,44.1,9200.0,407416.0,44.28
301533.SZ,20260911,29.45,29.5,29.5,29.27,17900.0,527801.0,29.49
301535.SZ,20260911,13.73,13.73,13.73,13.58,9400.0,128643.0,13.69
301536.SZ,20260911,112.5,112.52,113.4,112.15,166500.0,18731623.68,112.5
301538.SZ,20260911,39.36,39.28,39.48,39.27,12840.0,505202.0,39.35
301539.SZ,20260911,14.82,14.76,14.82,14.76,14400.0,212700.0,14.77
301548.SZ,20260911,53.66,53.8,53.8,53.51,7900.0,424591.0,53.75
301550.SZ,20260911,91.5,91.7,91.7,91.0,33100.0,3029427.84,91.52
301551.SZ,20260911,21.21,21.21,21.3,21.21,71800.0,1523751.04,21.22
301552.SZ,20260911,24.38,24.2,24.38,24.2,8500.0,205853.0,24.22
301555.SZ,20260911,33.93,33.93,33.93,33.93,12500.0,424125.0,33.93
301556.SZ,20260911,62.22,62.44,62.45,62.2,31500.0,1965724.96,62.4
301557.SZ,20260911,84.5,84.5,85.0,84.5,1000.0,84706.0,84.71
301558.SZ,20260911,6.57,6.59,6.59,6.54,23200.0,152619.0,6.58
301559.SZ,20260911,13.43,13.43,13.47,13.43,29200.0,392232.0,13.43
301560.SZ,20260911,23.48,23.51,23.51,23.45,1500.0,35223.0,23.48
301563.SZ,20260911,109.5,109.83,109.86,109.5,13700.0,1504359.04,109.81
301565.SZ,20260911,18.61,18.64,18.68,18.56,14100.0,262684.0,18.63
301566.SZ,20260911,23.92,23.83,23.93,23.83,180900.0,4314348.16,23.85
301567.SZ,20260911,34.49,34.69,34.69,34.49,2400.0,83131.0,34.64
301568.SZ,20260911,66.9,66.99,67.29,66.75,21600.0,1446065.92,66.95
301571.SZ,20260911,72.68,72.87,72.87,72.18,20800.0,1508761.92,72.54
301575.SZ,20260911,21.28,21.37,21.37,21.26,352600.0,7529740.8,21.36
301577.SZ,20260911,56.43,56.84,56.84,56.4,1000.0,56667.0,56.67
301578.SZ,20260911,23.45,23.54,23.54,23.45,3100.0,72851.0,23.5
301580.SZ,20260911,53.0,53.02,53.02,52.81,12900.0,683276.0,52.97
301581.SZ,20260911,34.9,34.8,34.9,34.8,8200.0,285480.0,34.81
301583.SZ,20260911,111.99,111.5,112.05,111.5,74914.0,8368570.24,111.71
301584.SZ,20260911,20.08,20.05,20.1,20.05,10200.0,204640.0,20.06
301585.SZ,20260911,28.0,28.0,28.0,28.0,500.0,14000.0,28.0
301586.SZ,20260911,29.95,29.8,30.35,29.8,24700.0,736664.96,29.82
301587.SZ,20260911,20.46,20.26,20.48,20.26,4700.0,95574.0,20.33
301588.SZ,20260911,27.99,27.88,27.99,27.88,4600.0,128292.0,27.89
301589.SZ,20260911,141.74,141.51,141.74,141.01,1700.0,240676.0,141.57
301590.SZ,20260911,68.01,68.0,68.05,68.0,6700.0,455630.0,68.0
301591.SZ,20260911,43.5,43.34,43.96,43.34,282150.0,12253711.36,43.43
301592.SZ,20260911,99.08,99.15,99.15,99.08,1800.0,178429.0,99.13
301595.SZ,20260911,41.88,41.92,41.92,41.88,7600.0,318519.0,41.91
301596.SZ,20260911,45.95,46.01,46.01,45.95,3500.0,160987.0,46.0
301598.SZ,20260911,49.51,49.96,49.97,49.51,2400.0,119717.0,49.88
301599.SZ,20260911,30.05,30.16,30.16,30.05,13500.0,406291.0,30.1
301600.SZ,20260911,78.37,78.83,78.83,78.37,4300.0,338923.0,78.82
301601.SZ,20260911,15.34,15.33,15.36,15.32,9700.0,148740.0,15.33
301602.SZ,20260911,15.15,15.19,15.33,15.15,21100.0,320525.0,15.19
301603.SZ,20260911,117.23,117.1,118.62,117.1,13300.0,1559299.04,117.24
301606.SZ,20260911,53.4,53.3,53.51,53.3,40000.0,2134689.92,53.37
301607.SZ,20260911,40.9,40.7,40.92,40.69,105800.0,4310738.88,40.74
301608.SZ,20260911,42.3,42.15,42.3,42.13,2700.0,113863.0,42.17
301609.SZ,20260911,31.56,31.57,31.76,31.55,23100.0,729588.0,31.58
301611.SZ,20260911,87.92,88.44,88.45,87.77,26600.0,2349438.08,88.33
301613.SZ,20260911,35.7,35.72,35.72,35.67,3800.0,135664.0,35.7
301616.SZ,20260911,35.4,35.4,35.42,35.21,17900.0,632850.0,35.36
301617.SZ,20260911,46.39,46.3,46.39,46.2,6800.0,314444.0,46.24
301618.SZ,20260911,30.33,30.33,30.39,30.3,7700.0,233493.0,30.32
301622.SZ,20260911,36.28,36.2,36.45,36.2,5900.0,213689.0,36.22
301626.SZ,20260911,288.54,290.04,290.04,288.0,15500.0,4490424.96,289.7
301628.SZ,20260911,123.08,124.0,124.61,121.29,60000.0,7422360.32,123.71
301629.SZ,20260911,275.79,275.01,277.8,275.0,8600.0,2367544.96,275.3
301630.SZ,20260911,184.98,184.77,186.09,184.6,23300.0,4308824.96,184.93
301631.SZ,20260911,59.2,59.39,59.45,59.1,29570.0,1755689.28,59.37
301632.SZ,20260911,12.92,12.92,12.99,12.92,87000.0,1125276.0,12.93
301633.SZ,20260911,53.83,53.81,54.0,53.8,27100.0,1459319.04,53.85
301636.SZ,20260911,38.19,38.18,38.21,38.18,7100.0,271234.0,38.2
301638.SZ,20260911,21.1,21.1,21.21,21.09,64500.0,1361752.96,21.11
301655.SZ,20260911,21.69,21.69,21.88,21.6,75900.0,1646078.08,21.69
301656.SZ,20260911,14.09,14.09,14.1,14.05,119600.0,1685087.04,14.09
301658.SZ,20260911,21.58,21.57,21.8,21.57,33800.0,730719.04,21.62
301662.SZ,20260911,58.58,58.65,58.96,58.38,20400.0,1195420.0,58.6
301665.SZ,20260911,22.47,22.47,22.47,22.39,26900.0,604207.0,22.46
301666.SZ,20260911,377.89,378.0,378.0,376.11,48100.0,18170190.08,377.76
301667.SZ,20260911,56.05,56.36,56.36,56.05,4700.0,264553.0,56.29
301668.SZ,20260911,31.8,31.88,31.88,31.8,4100.0,130620.0,31.86
301669.SZ,20260911,24.76,24.8,24.8,24.76,17500.0,433725.0,24.78
301677.SZ,20260911,49.45,49.1,49.45,49.09,43000.0,2112011.04,49.12
301678.SZ,20260911,43.55,43.48,43.55,43.22,26300.0,1143998.0,43.5
301680.SZ,20260911,98.8,99.0,99.0,98.56,6252.0,618453.12,98.92
301682.SZ,20260911,102.3,102.3,102.33,102.0,15500.0,1583899.04,102.19
301683.SZ,20260911,91.08,91.07,91.49,91.07,10400.0,947436.0,91.1
301687.SZ,20260911,47.79,47.77,48.06,47.73,26593.0,1271706.88,47.82
301688.SZ,20260911,36.86,36.7,36.95,36.7,98916.0,3633800.32,36.74
301689.SZ,20260911,50.99,51.4,51.7,50.5,1444400.0,74108185.6,51.31
301696.SZ,20260911,90.87,90.5,91.68,90.5,17800.0,1611760.0,90.55
301697.SZ,20260911,25.4,25.4,25.5,25.35,135003.0,3430798.08,25.41
301699.SZ,20260911,30.5,30.55,30.72,30.2,788798.0,24043911.68,30.48
301707.SZ,20260911,68.53,68.8,68.85,68.5,35600.0,2447484.0,68.75
301717.SZ,20260911,316.18,316.19,317.99,316.0,44748.0,14149468.16,316.2
302132.SZ,20260911,64.04,64.01,64.3,63.9,78600.0,5031008.0,64.01
600000.SH,20260911,9.35,9.35,9.35,9.35,377800.0,3532430.08,9.35
600004.SH,20260911,7.83,7.83,7.83,7.83,23300.0,182439.0,7.83
600006.SH,20260911,5.26,5.26,5.26,5.26,120300.0,632778.0,5.26
600007.SH,20260911,19.1,19.1,19.1,19.1,2300.0,43930.0,19.1
600008.SH,20260911,2.83,2.82,2.83,2.82,267800.0,755458.0,2.82
600009.SH,20260911,23.46,23.46,23.46,23.46,97100.0,2277966.08,23.46
600010.SH,20260911,2.18,2.18,2.18,2.18,5174799.04,11281062.4,2.18
600011.SH,20260911,6.95,6.95,6.95,6.95,252300.0,1753484.96,6.95
600012.SH,20260911,15.87,15.87,15.87,15.87,43000.0,682410.0,15.87
600015.SH,20260911,6.43,6.43,6.43,6.43,396700.0,2550780.96,6.43
600016.SH,20260911,3.66,3.66,3.66,3.66,991500.0,3628889.92,3.66
600017.SH,20260911,2.91,2.91,2.91,2.91,125200.0,364332.0,2.91
600018.SH,20260911,5.52,5.51,5.52,5.51,90300.0,497555.0,5.51
600019.SH,20260911,5.9,5.9,5.9,5.9,361400.0,2132260.0,5.9
600020.SH,20260911,3.91,3.91,3.91,3.91,40800.0,159528.0,3.91
600021.SH,20260911,13.74,13.74,13.74,13.74,206500.0,2837310.08,13.74
600022.SH,20260911,1.35,1.35,1.35,1.35,770400.0,1040040.0,1.35
600023.SH,20260911,4.99,4.99,4.99,4.99,137200.0,684628.0,4.99
600025.SH,20260911,9.75,9.75,9.75,9.75,90900.0,886275.04,9.75
600026.SH,20260911,21.85,21.82,21.86,21.8,1611800.0,35170588.16,21.82
600027.SH,20260911,4.87,4.87,4.87,4.87,148700.0,724168.96,4.87
600028.SH,20260911,5.61,5.62,5.62,5.61,1300000.0,7305768.96,5.62
600029.SH,20260911,4.97,4.97,4.97,4.97,2274400.0,11303768.32,4.97
600030.SH,20260911,27.44,27.43,27.44,27.4,1108000.0,30388820.48,27.43
600031.SH,20260911,19.98,19.98,19.98,19.98,200400.0,4003992.0,19.98
600032.SH,20260911,7.06,7.06,7.06,7.06,159100.0,1123246.0,7.06
600033.SH,20260911,3.67,3.67,3.67,3.67,620000.0,2275400.0,3.67
600035.SH,20260911,3.73,3.73,3.73,3.73,93700.0,349501.0,3.73
600036.SH,20260911,41.75,41.75,41.75,41.75,482200.0,20131850.24,41.75
600037.SH,20260911,7.0,7.0,7.0,7.0,78400.0,548800.0,7.0
600038.SH,20260911,28.0,28.0,28.0,28.0,24700.0,691600.0,28.0
600039.SH,20260911,9.23,9.23,9.23,9.23,39100.0,360893.0,9.23
600048.SH,20260911,5.19,5.19,5.19,5.18,393300.0,2041016.0,5.19
600050.SH,20260911,4.2,4.2,4.2,4.2,494700.0,2077740.0,4.2
600051.SH,20260911,6.31,6.31,6.31,6.31,24600.0,155226.0,6.31
600052.SH,20260911,3.86,3.86,3.86,3.86,29000.0,111940.0,3.86
600053.SH,20260911,7.7,7.7,7.7,7.7,8500.0,65450.0,7.7
600054.SH,20260911,11.58,11.6,11.6,11.58,180700.0,2095852.0,11.6
600055.SH,20260911,10.53,10.53,10.53,10.53,25700.0,270621.0,10.53
600056.SH,20260911,9.04,9.04,9.04,9.04,33100.0,299224.0,9.04
600057.SH,20260911,6.42,6.42,6.42,6.42,88200.0,566244.0,6.42
600058.SH,20260911,9.45,9.45,9.45,9.45,21700.0,205065.0,9.45
600059.SH,20260911,8.89,8.89,8.89,8.89,567699.0,5046844.16,8.89
600060.SH,20260911,27.7,27.68,27.7,27.68,31500.0,871930.0,27.68
600061.SH,20260911,6.5,6.5,6.5,6.5,826600.0,5372899.84,6.5
600062.SH,20260911,16.0,16.0,16.0,16.0,11600.0,185600.0,16.0
600063.SH,20260911,5.5,5.5,5.5,5.5,214000.0,1177000.0,5.5
600064.SH,20260911,7.82,7.82,7.82,7.82,167200.0,1307504.0,7.82
600066.SH,20260911,27.0,27.0,27.0,27.0,111900.0,3021299.84,27.0
600067.SH,20260911,2.85,2.85,2.85,2.85,55100.0,157035.0,2.85
600071.SH,20260911,16.74,16.74,16.74,16.74,14900.0,249426.0,16.74
600072.SH,20260911,9.22,9.22,9.22,9.22,238900.0,2202657.92,9.22
600073.SH,20260911,5.72,5.72,5.72,5.72,28500.0,163020.0,5.72
600075.SH,20260911,4.93,4.93,4.93,4.93,452900.0,2232796.96,4.93
600076.SH,20260911,2.42,2.42,2.42,2.41,1263699.04,3057152.0,2.42
600078.SH,20260911,10.69,10.69,10.69,10.69,232200.0,2482217.92,10.69
600079.SH,20260911,18.55,18.55,18.55,18.55,6400.0,118720.0,18.55
600080.SH,20260911,4.87,4.87,4.87,4.87,13500.0,65745.0,4.87
600081.SH,20260911,10.16,10.16,10.16,10.16,12900.0,131064.0,10.16
600082.SH,20260911,2.98,2.98,2.98,2.98,28600.0,85228.0,2.98
600084.SH,20260911,4.25,4.25,4.25,4.25,11300.0,48025.0,4.25
600085.SH,20260911,23.65,23.65,23.65,23.65,25500.0,603075.0,23.65
600088.SH,20260911,12.1,12.05,12.1,12.05,88600.0,1068780.0,12.06
600089.SH,20260911,18.9,18.9,18.9,18.9,392400.0,7416359.68,18.9
600094.SH,20260911,4.03,4.03,4.03,4.03,47900.0,193037.0,4.03
600095.SH,20260911,9.03,9.03,9.03,9.03,320000.0,2889600.0,9.03
600096.SH,20260911,30.31,30.31,30.31,30.31,228400.0,6922803.84,30.31
600097.SH,20260911,9.9,9.9,9.9,9.9,88800.0,879120.0,9.9
600098.SH,20260911,6.35,6.35,6.35,6.35,129700.0,823595.04,6.35
600099.SH,20260911,9.22,9.22,9.22,9.22,31800.0,293196.0,9.22
600100.SH,20260911,6.8,6.8,6.8,6.8,65800.0,447440.0,6.8
600101.SH,20260911,8.25,8.25,8.25,8.25,487700.0,4023525.12,8.25
600103.SH,20260911,3.72,3.72,3.72,3.72,1135700.0,4224803.84,3.72
600104.SH,20260911,11.09,11.09,11.09,11.09,429456.0,4762666.88,11.09
600105.SH,20260911,40.0,40.0,40.0,40.0,1084400.0,43376000.0,40.0
600106.SH,20260911,4.6,4.6,4.6,4.6,80600.0,370760.0,4.6
600107.SH,20260911,6.13,6.13,6.13,6.13,0.0,0.0,6.13
600108.SH,20260911,5.01,5.01,5.01,5.01,15372577.28,77016606.72,5.01
600109.SH,20260911,8.58,8.58,8.58,8.58,74500.0,639210.0,8.58
600110.SH,20260911,10.85,10.85,10.85,10.85,1035700.0,11237345.28,10.85
600111.SH,20260911,37.89,37.89,37.9,37.88,225300.0,8536625.92,37.89
600113.SH,20260911,33.81,33.76,33.81,33.75,112200.0,3787884.16,33.76
600114.SH,20260911,27.0,27.0,27.0,27.0,199200.0,5378400.0,27.0
600115.SH,20260911,3.42,3.43,3.43,3.42,5865200.0,20116824.32,3.43
600116.SH,20260911,6.4,6.4,6.4,6.4,70100.0,448640.0,6.4
600117.SH,20260911,2.32,2.32,2.32,2.32,21799.0,50574.0,2.32
600118.SH,20260911,58.09,58.09,58.09,58.09,80300.0,4664626.88,58.09
600119.SH,20260911,5.2,5.2,5.2,5.2,1800.0,9360.0,5.2
600120.SH,20260911,4.9,4.9,4.9,4.9,497400.0,2437260.0,4.9
600121.SH,20260911,5.75,5.72,5.76,5.72,5074480.0,29030451.2,5.72
600123.SH,20260911,7.27,7.27,7.27,7.27,181800.0,1321686.0,7.27
600125.SH,20260911,5.45,5.45,5.45,5.45,29700.0,161865.0,5.45
600126.SH,20260911,6.32,6.32,6.32,6.32,426300.0,2694216.0,6.32
600127.SH,20260911,13.8,13.72,13.8,13.72,2732600.0,37494535.68,13.72
600128.SH,20260911,8.59,8.59,8.59,8.59,17700.0,152043.0,8.59
600129.SH,20260911,13.56,13.56,13.56,13.56,23100.0,313236.0,13.56
600130.SH,20260911,4.45,4.45,4.45,4.45,77000.0,342650.0,4.45
600131.SH,20260911,14.55,14.55,14.55,14.55,28100.0,408855.0,14.55
600132.SH,20260911,38.98,38.98,38.98,38.98,14000.0,545720.0,38.98
600133.SH,20260911,8.16,8.16,8.16,8.16,56800.0,463488.0,8.16
600135.SH,20260911,7.68,7.68,7.68,7.68,30200.0,231936.0,7.68
600136.SH,20260911,1.51,1.51,1.51,1.51,48500.0,73235.0,1.51
600137.SH,20260911,17.82,17.82,17.82,17.82,8100.0,144342.0,17.82
600138.SH,20260911,7.39,7.39,7.39,7.39,208500.0,1540815.04,7.39
600141.SH,20260911,30.0,30.0,30.0,30.0,281100.0,8432999.68,30.0
600143.SH,20260911,13.37,13.37,13.37,13.37,133200.0,1780884.0,13.37
600148.SH,20260911,16.16,16.16,16.16,16.16,19000.0,307040.0,16.16
600149.SH,20260911,5.12,5.12,5.12,5.12,119300.0,610816.0,5.12
600150.SH,20260911,39.5,39.5,39.5,39.5,5655404.16,223388467.2,39.5
600151.SH,20260911,9.91,9.91,9.91,9.91,61300.0,607483.0,9.91
600152.SH,20260911,8.02,8.02,8.02,8.02,46400.0,372128.0,8.02
600153.SH,20260911,8.52,8.52,8.52,8.52,89400.0,761688.0,8.52
600155.SH,20260911,6.22,6.22,6.22,6.22,372100.0,2314462.08,6.22
600156.SH,20260911,8.58,8.58,8.58,8.58,44300.0,380094.0,8.58
600157.SH,20260911,1.57,1.57,1.57,1.57,2452600.0,3850582.08,1.57
600158.SH,20260911,7.2,7.2,7.2,7.2,153700.0,1106640.0,7.2
600159.SH,20260911,2.78,2.78,2.78,2.78,131400.0,365292.0,2.78
600160.SH,20260911,36.68,36.68,36.68,36.68,215405.0,7901054.72,36.68
600161.SH,20260911,12.43,12.43,12.43,12.43,29800.0,370414.0,12.43
600162.SH,20260911,4.9,4.9,4.9,4.9,768300.0,3764670.08,4.9
600163.SH,20260911,5.59,5.59,5.59,5.59,443700.0,2480283.04,5.59
600165.SH,20260911,3.3,3.3,3.3,3.3,39100.0,129030.0,3.3
600166.SH,20260911,2.87,2.87,2.87,2.87,1640600.0,4708521.92,2.87
600167.SH,20260911,5.92,5.92,5.92,5.92,19600.0,116032.0,5.92
600168.SH,20260911,4.47,4.47,4.47,4.47,17900.0,80013.0,4.47
600169.SH,20260911,2.2,2.2,2.2,2.2,178500.0,392700.0,2.2
600170.SH,20260911,2.27,2.27,2.27,2.27,519300.0,1178811.04,2.27
600171.SH,20260911,22.04,22.04,22.04,22.04,81700.0,1800668.0,22.04
600172.SH,20260911,14.55,14.55,14.55,14.55,2136700.0,31088983.04,14.55
600173.SH,20260911,6.13,6.13,6.13,6.13,12800.0,78464.0,6.13
600176.SH,20260911,42.36,42.3,42.37,42.17,1969700.0,83316177.92,42.3
600177.SH,20260911,8.38,8.38,8.38,8.38,135600.0,1136328.0,8.38
600178.SH,20260911,9.94,9.94,9.94,9.94,9900.0,98406.0,9.94
600179.SH,20260911,4.62,4.62,4.62,4.62,267800.0,1237236.0,4.62
600180.SH,20260911,1.72,1.73,1.73,1.72,1817200.0,3143389.12,1.73
600182.SH,20260911,12.91,12.91,12.91,12.91,5400.0,69714.0,12.91
600183.SH,20260911,144.28,143.55,144.33,143.5,911100.96,130873016.32,143.64
600184.SH,20260911,17.92,17.9,17.92,17.89,97700.0,1748889.92,17.9
600185.SH,20260911,5.15,5.14,5.15,5.14,373100.0,1917739.04,5.14
600186.SH,20260911,11.47,11.48,11.49,11.46,778500.0,8937233.28,11.48
600187.SH,20260911,1.34,1.34,1.34,1.34,22300.0,29882.0,1.34
600188.SH,20260911,21.88,21.88,21.88,21.88,266700.0,5835395.84,21.88
600189.SH,20260911,8.13,8.13,8.13,8.13,20200.0,164226.0,8.13
600191.SH,20260911,9.81,9.81,9.81,9.81,150500.0,1476404.96,9.81
600192.SH,20260911,8.51,8.51,8.51,8.51,3019200.0,25693391.36,8.51
600195.SH,20260911,7.01,7.01,7.01,7.01,30900.0,216609.0,7.01
600196.SH,20260911,21.77,21.77,21.77,21.76,99300.0,2161732.0,21.77
600197.SH,20260911,9.6,9.6,9.6,9.6,25300.0,242880.0,9.6
600198.SH,20260911,7.88,7.88,7.88,7.88,211400.0,1665832.0,7.88
600199.SH,20260911,7.22,7.22,7.22,7.22,257100.0,1856262.08,7.22
600201.SH,20260911,12.04,12.04,12.04,12.04,45800.0,551432.0,12.04
600202.SH,20260911,5.09,5.09,5.09,5.09,21000.0,106890.0,5.09
600203.SH,20260911,10.2,10.2,10.2,10.2,125500.0,1280100.0,10.2
600206.SH,20260911,45.39,45.39,45.39,45.39,577500.0,26212723.2,45.39
600207.SH,20260911,4.48,4.48,4.48,4.48,3800.0,17024.0,4.48
600208.SH,20260911,2.86,2.87,2.87,2.86,692500.0,1984497.92,2.87
600210.SH,20260911,6.26,6.26,6.26,6.26,78700.0,492662.0,6.26
600211.SH,20260911,37.7,37.7,37.7,37.7,15200.0,573040.0,37.7
600212.SH,20260911,6.39,6.39,6.39,6.39,50800.0,324612.0,6.39
600215.SH,20260911,6.55,6.55,6.55,6.55,23700.0,155235.0,6.55
600216.SH,20260911,12.44,12.44,12.44,12.43,188200.0,2341203.04,12.44
600217.SH,20260911,3.39,3.39,3.39,3.39,55400.0,187806.0,3.39
600218.SH,20260911,7.8,7.8,7.8,7.8,27300.0,212940.0,7.8
600219.SH,20260911,4.9,4.9,4.9,4.9,3712499.84,18191249.92,4.9
600221.SH,20260911,1.3,1.3,1.3,1.3,2430900.0,3160169.92,1.3
600222.SH,20260911,7.8,7.8,7.8,7.8,64800.0,505440.0,7.8
600223.SH,20260911,5.65,5.65,5.65,5.65,25000.0,141250.0,5.65
600226.SH,20260911,5.82,5.82,5.82,5.82,382600.0,2226732.0,5.82
600227.SH,20260911,4.44,4.44,4.44,4.44,2083318.08,9249932.16,4.44
600228.SH,20260911,9.38,9.38,9.38,9.38,27800.0,260764.0,9.38
600229.SH,20260911,5.44,5.44,5.44,5.44,434000.0,2360960.0,5.44
600230.SH,20260911,14.4,14.4,14.4,14.4,78600.0,1131840.0,14.4
600231.SH,20260911,1.8,1.8,1.8,1.8,34800.0,62640.0,1.8
600232.SH,20260911,6.51,6.51,6.51,6.51,23100.0,150381.0,6.51
600233.SH,20260911,17.48,17.48,17.48,17.48,126000.0,2202480.0,17.48
600234.SH,20260911,21.64,21.5,21.64,21.5,63400.0,1363187.04,21.5
600235.SH,20260911,5.9,5.93,5.93,5.9,19300.0,114419.0,5.93
600236.SH,20260911,9.92,9.92,9.92,9.92,36500.0,362080.0,9.92
600237.SH,20260911,8.25,8.25,8.25,8.25,169200.0,1395900.0,8.25
600238.SH,20260911,4.56,4.56,4.56,4.56,8500.0,38760.0,4.56
600239.SH,20260911,1.47,1.47,1.47,1.47,122200.0,179634.0,1.47
600241.SH,20260911,7.41,7.41,7.41,7.41,10900.0,80769.0,7.41
600243.SH,20260911,3.39,3.39,3.39,3.39,9600.0,32544.0,3.39
600246.SH,20260911,12.07,12.07,12.07,12.07,337600.0,4074832.0,12.07
600248.SH,20260911,2.95,2.95,2.95,2.95,90700.0,267565.0,2.95
600249.SH,20260911,5.61,5.61,5.61,5.61,93600.0,525096.0,5.61
600250.SH,20260911,9.77,9.69,9.77,9.69,230900.0,2238695.04,9.7
600251.SH,20260911,11.32,11.3,11.34,11.29,439500.0,4966861.12,11.3
600252.SH,20260911,2.24,2.24,2.24,2.24,93299.0,208990.0,2.24
600255.SH,20260911,3.66,3.64,3.66,3.64,3542499.84,12897888.0,3.64
600256.SH,20260911,7.29,7.3,7.3,7.29,2320600.0,16940180.48,7.3
600257.SH,20260911,5.8,5.8,5.8,5.8,172600.0,1001080.0,5.8
600258.SH,20260911,11.64,11.64,11.64,11.64,131300.0,1528332.0,11.64
600259.SH,20260911,76.86,76.89,76.9,76.86,46900.0,3606120.0,76.89
600261.SH,20260911,3.25,3.25,3.25,3.25,9200.0,29900.0,3.25
600262.SH,20260911,15.41,15.41,15.41,15.41,29000.0,446890.0,15.41
600265.SH,20260911,22.22,22.22,22.22,22.22,1000.0,22220.0,22.22
600266.SH,20260911,4.29,4.29,4.29,4.29,172500.0,740024.96,4.29
600267.SH,20260911,11.38,11.38,11.38,11.38,76700.0,872846.0,11.38
600268.SH,20260911,10.57,10.57,10.57,10.57,40900.0,432313.0,10.57
600269.SH,20260911,3.95,3.95,3.95,3.95,76000.0,300200.0,3.95
600271.SH,20260911,6.81,6.84,6.84,6.81,164000.0,1120052.96,6.83
600272.SH,20260911,16.03,16.03,16.03,16.03,167100.0,2678612.96,16.03
600273.SH,20260911,6.73,6.73,6.73,6.73,69400.0,467062.0,6.73
600276.SH,20260911,42.65,42.65,42.65,42.65,602749.0,25707243.52,42.65
600278.SH,20260911,6.54,6.54,6.54,6.54,12700.0,83058.0,6.54
600279.SH,20260911,4.48,4.48,4.48,4.48,42800.0,191744.0,4.48
600280.SH,20260911,3.33,3.33,3.33,3.33,216700.0,721611.04,3.33
600281.SH,20260911,4.87,4.87,4.87,4.87,98000.0,477260.0,4.87
600282.SH,20260911,4.8,4.8,4.8,4.8,71300.0,342240.0,4.8
600283.SH,20260911,8.26,8.26,8.26,8.26,16500.0,136290.0,8.26
600284.SH,20260911,5.2,5.2,5.2,5.2,5000.0,26000.0,5.2
600285.SH,20260911,19.28,19.28,19.28,19.28,27200.0,524416.0,19.28
600287.SH,20260911,5.08,5.08,5.08,5.08,17700.0,89916.0,5.08
600288.SH,20260911,10.67,10.67,10.67,10.67,141500.0,1509804.96,10.67
600289.SH,20260911,4.24,4.24,4.24,4.24,100.0,424.0,4.24
600292.SH,20260911,12.1,12.1,12.1,12.1,43300.0,523930.0,12.1
600293.SH,20260911,3.06,3.06,3.06,3.06,693500.0,2122110.08,3.06
600295.SH,20260911,13.63,13.63,13.63,13.63,98000.0,1335740.0,13.63
600298.SH,20260911,41.0,41.0,41.0,41.0,16600.0,680600.0,41.0
600299.SH,20260911,8.69,8.69,8.69,8.69,129300.0,1123616.96,8.69
600300.SH,20260911,3.26,3.26,3.26,3.26,254400.0,829344.0,3.26
600301.SH,20260911,45.92,45.92,45.92,45.92,122700.0,5634384.0,45.92
600302.SH,20260911,7.09,7.09,7.09,7.09,63300.0,448797.0,7.09
600303.SH,20260911,3.17,3.17,3.17,3.17,717200.0,2273524.0,3.17
600305.SH,20260911,6.84,6.84,6.84,6.84,27800.0,190152.0,6.84
600307.SH,20260911,1.56,1.56,1.56,1.56,225100.0,351156.0,1.56
600308.SH,20260911,3.32,3.32,3.32,3.32,69400.0,230408.0,3.32
600309.SH,20260911,76.03,76.03,76.03,76.03,161500.0,12278845.44,76.03
600310.SH,20260911,4.7,4.7,4.7,4.7,2043100.0,9602570.24,4.7
600312.SH,20260911,19.18,19.18,19.18,19.18,39000.0,748020.0,19.18
600313.SH,20260911,7.66,7.66,7.66,7.66,1719735.04,13173169.92,7.66
600315.SH,20260911,18.56,18.54,18.56,18.54,38200.0,708302.0,18.54
600316.SH,20260911,33.67,33.67,33.67,33.67,23400.0,787878.0,33.67
600318.SH,20260911,7.7,7.7,7.7,7.7,8202099.84,63156167.68,7.7
600319.SH,20260911,6.53,6.53,6.53,6.53,15300.0,99909.0,6.53
600320.SH,20260911,4.29,4.29,4.29,4.29,359600.0,1542684.0,4.29
600322.SH,20260911,2.74,2.74,2.74,2.74,126500.0,346610.0,2.74
600323.SH,20260911,30.09,30.09,30.09,30.09,20700.0,622863.0,30.09
600325.SH,20260911,2.52,2.52,2.52,2.52,198699.0,500721.0,2.52
600326.SH,20260911,7.12,7.12,7.12,7.12,93200.0,663584.0,7.12
600327.SH,20260911,4.11,4.11,4.11,4.11,40700.0,167277.0,4.11
600328.SH,20260911,6.29,6.29,6.29,6.29,85700.0,539053.0,6.29
600329.SH,20260911,34.88,34.88,34.88,34.88,12400.0,432512.0,34.88
600330.SH,20260911,27.7,27.7,27.7,27.7,540828.0,14980935.68,27.7
600331.SH,20260911,12.4,12.4,12.4,12.4,630700.0,7820679.68,12.4
600332.SH,20260911,19.83,19.83,19.83,19.83,43100.0,854672.96,19.83
600333.SH,20260911,7.12,7.12,7.12,7.12,97200.0,692064.0,7.12
600335.SH,20260911,5.24,5.24,5.24,5.24,29400.0,154056.0,5.24
600336.SH,20260911,6.77,6.77,6.77,6.77,84600.0,572742.0,6.77
600337.SH,20260911,3.11,3.11,3.11,3.11,20200.0,62822.0,3.11
600338.SH,20260911,13.05,13.05,13.05,13.05,349500.0,4560975.04,13.05
600339.SH,20260911,3.52,3.52,3.52,3.52,2215800.0,7799616.0,3.52
600340.SH,20260911,1.07,1.07,1.07,1.07,311620.0,333433.0,1.07
600343.SH,20260911,19.83,19.83,19.83,19.83,693000.0,13742190.08,19.83
600345.SH,20260911,53.11,53.11,53.11,53.11,70400.0,3738944.0,53.11
600346.SH,20260911,18.51,18.51,18.51,18.51,114700.0,2123096.96,18.51
600348.SH,20260911,9.36,9.36,9.36,9.36,94400.0,883584.0,9.36
600350.SH,20260911,10.12,10.12,10.12,10.12,122200.0,1236664.0,10.12
600351.SH,20260911,6.71,6.71,6.71,6.71,69900.0,469029.0,6.71
600352.SH,20260911,12.21,12.21,12.21,12.21,134700.0,1644687.04,12.21
600353.SH,20260911,31.0,31.0,31.0,31.0,241800.0,7495800.32,31.0
600354.SH,20260911,11.65,11.65,11.65,11.65,3565699.84,41540403.2,11.65
600356.SH,20260911,9.24,9.24,9.24,9.24,4900.0,45276.0,9.24
600358.SH,20260911,5.18,5.18,5.18,5.18,16200.0,83916.0,5.18
600359.SH,20260911,10.38,10.38,10.38,10.38,4886191.04,50718663.68,10.38
600360.SH,20260911,9.75,9.75,9.75,9.75,173900.0,1695524.96,9.75
600361.SH,20260911,3.65,3.65,3.65,3.65,588100.0,2146564.96,3.65
600362.SH,20260911,46.6,46.6,46.6,46.6,3703000.0,172559810.56,46.6
600363.SH,20260911,15.52,15.52,15.52,15.52,53400.0,828768.0,15.52
600365.SH,20260911,2.8,2.8,2.8,2.8,10000.0,28000.0,2.8
600366.SH,20260911,11.1,11.1,11.1,11.1,102900.0,1142190.0,11.1
600367.SH,20260911,34.28,34.29,34.3,34.28,93937.0,3221100.16,34.29
600368.SH,20260911,4.35,4.35,4.35,4.35,223200.0,970920.0,4.35
600369.SH,20260911,4.1,4.1,4.1,4.1,158400.0,649440.0,4.1
600370.SH,20260911,1.49,1.49,1.49,1.49,52100.0,77629.0,1.49
600371.SH,20260911,14.01,14.01,14.01,14.01,598300.0,8382183.04,14.01
600372.SH,20260911,11.8,11.8,11.8,11.8,184710.0,2179577.92,11.8
600373.SH,20260911,7.41,7.41,7.41,7.41,86000.0,637260.0,7.41
600375.SH,20260911,3.85,3.85,3.85,3.85,105000.0,404250.0,3.85
600376.SH,20260911,3.21,3.21,3.21,3.21,244200.0,783882.0,3.21
600377.SH,20260911,12.61,12.61,12.61,12.61,38700.0,488007.0,12.61
600378.SH,20260911,47.0,47.0,47.0,47.0,476900.0,22414300.16,47.0
600379.SH,20260911,14.39,14.39,14.39,14.39,41600.0,598624.0,14.39
600380.SH,20260911,9.35,9.35,9.35,9.35,77000.0,719950.0,9.35
600381.SH,20260911,3.9,3.9,3.9,3.9,159500.0,622050.0,3.9
600382.SH,20260911,6.43,6.43,6.43,6.43,33600.0,216048.0,6.43
600383.SH,20260911,2.28,2.28,2.28,2.28,1149600.0,2621088.0,2.28
600386.SH,20260911,3.61,3.61,3.61,3.61,18900.0,68229.0,3.61
600388.SH,20260911,18.4,18.4,18.4,18.4,83600.0,1538240.0,18.4
600389.SH,20260911,19.24,19.24,19.24,19.24,106500.0,2049060.0,19.24
600390.SH,20260911,5.06,5.06,5.06,5.06,492300.0,2491038.08,5.06
600391.SH,20260911,42.41,42.41,42.41,42.41,149800.0,6353018.24,42.41
600392.SH,20260911,21.5,21.5,21.5,21.5,458000.0,9847000.32,21.5
600395.SH,20260911,5.52,5.52,5.52,5.52,186900.0,1031688.0,5.52
600396.SH,20260911,15.19,15.19,15.19,15.19,1604900.0,24378432.0,15.19
600397.SH,20260911,16.4,16.4,16.4,16.4,860700.0,14115480.32,16.4
600398.SH,20260911,5.99,5.99,6.0,5.99,155500.0,931463.04,5.99
600399.SH,20260911,4.76,4.76,4.76,4.76,386200.0,1838312.0,4.76
600400.SH,20260911,3.13,3.13,3.13,3.13,560300.0,1753739.04,3.13
600403.SH,20260911,7.86,7.86,7.86,7.86,5127299.84,40300574.72,7.86
600405.SH,20260911,5.06,5.06,5.06,5.06,13200.0,66792.0,5.06
600406.SH,20260911,22.45,22.45,22.45,22.45,207700.0,4662864.96,22.45
600408.SH,20260911,3.29,3.29,3.29,3.29,408100.0,1342648.96,3.29
600409.SH,20260911,6.64,6.65,6.65,6.64,80700.0,536644.0,6.65
600410.SH,20260911,14.2,14.2,14.2,14.2,1121000.0,15918200.32,14.2
600415.SH,20260911,12.12,12.12,12.12,12.12,169900.0,2059188.0,12.12
600416.SH,20260911,8.85,8.84,8.85,8.84,121500.0,1074076.96,8.84
600418.SH,20260911,19.0,19.0,19.0,19.0,720400.0,13687600.64,19.0
600419.SH,20260911,8.94,8.94,8.94,8.94,3900.0,34866.0,8.94
600420.SH,20260911,8.46,8.46,8.46,8.46,115500.0,977130.0,8.46
600422.SH,20260911,8.39,8.39,8.39,8.39,22400.0,187936.0,8.39
600423.SH,20260911,2.8,2.8,2.8,2.8,13600.0,38080.0,2.8
600425.SH,20260911,3.74,3.74,3.74,3.74,54300.0,203082.0,3.74
600426.SH,20260911,20.8,20.8,20.8,20.8,181800.0,3781440.0,20.8
600428.SH,20260911,11.3,11.3,11.3,11.3,361300.0,4082689.92,11.3
600429.SH,20260911,4.74,4.74,4.74,4.74,15200.0,72048.0,4.74
600433.SH,20260911,3.35,3.35,3.35,3.35,163500.0,547725.0,3.35
600435.SH,20260911,11.82,11.82,11.82,11.82,95900.0,1133538.0,11.82
600436.SH,20260911,118.51,118.51,118.51,118.51,9200.0,1090292.0,118.51
600438.SH,20260911,11.43,11.43,11.43,11.43,184600.0,2109977.92,11.43
600439.SH,20260911,1.91,1.91,1.91,1.91,90400.0,172664.0,1.91
600444.SH,20260911,14.21,14.21,14.21,14.21,27800.0,395038.0,14.21
600446.SH,20260911,10.86,10.86,10.86,10.86,72800.0,790608.0,10.86
600448.SH,20260911,3.04,3.04,3.04,3.04,84000.0,255360.0,3.04
600449.SH,20260911,12.47,12.47,12.47,12.47,11600.0,144652.0,12.47
600452.SH,20260911,9.16,9.16,9.16,9.16,134300.0,1230188.0,9.16
600455.SH,20260911,23.97,23.97,23.97,23.97,21400.0,512958.0,23.97
600456.SH,20260911,26.79,26.79,26.79,26.79,47000.0,1259130.0,26.79
600458.SH,20260911,11.54,11.54,11.54,11.54,91500.0,1055910.0,11.54
600459.SH,20260911,19.21,19.21,19.21,19.21,169100.0,3248410.88,19.21
600460.SH,20260911,29.75,29.75,29.75,29.75,523100.0,15562224.64,29.75
600461.SH,20260911,8.95,8.95,8.95,8.95,32300.0,289085.0,8.95
600463.SH,20260911,8.3,8.3,8.3,8.3,13700.0,113710.0,8.3
600467.SH,20260911,2.56,2.56,2.56,2.56,545700.0,1396992.0,2.56
600468.SH,20260911,6.21,6.21,6.21,6.21,353000.0,2192129.92,6.21
600469.SH,20260911,5.3,5.3,5.3,5.3,16700.0,88510.0,5.3
600470.SH,20260911,6.36,6.36,6.36,6.36,204600.0,1301256.0,6.36
600475.SH,20260911,15.58,15.58,15.58,15.58,32300.0,503234.0,15.58
600476.SH,20260911,10.05,10.05,10.05,10.05,2100.0,21105.0,10.05
600477.SH,20260911,2.49,2.49,2.49,2.49,37100.0,92379.0,2.49
600478.SH,20260911,4.77,4.77,4.77,4.77,54400.0,259488.0,4.77
600479.SH,20260911,12.18,12.18,12.18,12.18,1354100.0,16492938.24,12.18
600480.SH,20260911,8.08,8.08,8.08,8.08,42800.0,345824.0,8.08
600481.SH,20260911,4.3,4.3,4.3,4.3,123600.0,531480.0,4.3
600482.SH,20260911,34.0,34.15,34.15,34.0,222000.0,7578556.16,34.14
600483.SH,20260911,11.06,11.06,11.06,11.06,38500.0,425810.0,11.06
600486.SH,20260911,56.44,56.44,56.44,56.44,41200.0,2325328.0,56.44
600487.SH,20260911,61.99,62.0,62.0,61.97,1216996.96,75453696.0,62.0
600488.SH,20260911,5.64,5.65,5.67,5.64,9329850.24,52713738.24,5.65
600489.SH,20260911,24.41,24.41,24.41,24.41,1647800.0,40222799.36,24.41
600490.SH,20260911,7.1,7.1,7.1,7.1,719700.0,5109870.08,7.1
600491.SH,20260911,1.75,1.75,1.75,1.74,5078099.84,8885639.68,1.75
600493.SH,20260911,6.22,6.22,6.22,6.22,55300.0,343966.0,6.22
600495.SH,20260911,4.17,4.17,4.17,4.17,25400.0,105918.0,4.17
600496.SH,20260911,3.32,3.32,3.32,3.32,136900.0,454508.0,3.32
600497.SH,20260911,9.95,9.95,9.95,9.93,2844000.0,28297669.12,9.95
600498.SH,20260911,39.3,39.3,39.3,39.3,488500.0,19198050.56,39.3
600499.SH,20260911,14.8,14.8,14.8,14.8,123700.0,1830760.0,14.8
600500.SH,20260911,5.7,5.7,5.7,5.7,1216600.0,6934620.16,5.7
600501.SH,20260911,15.3,15.3,15.3,15.3,73900.0,1130670.0,15.3
600502.SH,20260911,4.47,4.47,4.47,4.47,87200.0,389784.0,4.47
600503.SH,20260911,2.19,2.2,2.2,2.19,246000.0,541165.0,2.2
600505.SH,20260911,11.06,11.06,11.06,11.06,143100.0,1582686.08,11.06
600506.SH,20260911,16.98,16.98,16.98,16.98,254500.0,4321409.92,16.98
600507.SH,20260911,4.25,4.25,4.25,4.25,72100.0,306425.0,4.25
600508.SH,20260911,11.2,11.2,11.2,11.2,235400.0,2636480.0,11.2
600509.SH,20260911,7.45,7.45,7.45,7.45,129300.0,963284.96,7.45
600510.SH,20260911,6.71,6.71,6.71,6.71,8000.0,53680.0,6.71
600511.SH,20260911,26.77,26.77,26.77,26.77,20800.0,556816.0,26.77
600512.SH,20260911,2.12,2.12,2.12,2.12,113800.0,241256.0,2.12
600513.SH,20260911,14.87,14.87,14.87,14.87,41300.0,614131.0,14.87
600515.SH,20260911,2.82,2.82,2.82,2.82,526900.0,1485857.92,2.82
600516.SH,20260911,5.24,5.24,5.24,5.24,180100.0,943724.0,5.24
600517.SH,20260911,5.06,5.06,5.06,5.06,96700.0,489302.0,5.06
600518.SH,20260911,1.39,1.39,1.4,1.39,784199.04,1090670.0,1.39
600519.SH,20260911,1285.15,1285.15,1285.15,1285.15,32020.0,41150504.96,1285.15
600520.SH,20260911,23.8,23.8,23.8,23.8,28100.0,668780.0,23.8
600521.SH,20260911,15.51,15.51,15.51,15.51,131800.0,2044217.92,15.51
600522.SH,20260911,32.66,32.66,32.66,32.66,1186200.0,38741291.52,32.66
600523.SH,20260911,12.11,12.11,12.11,12.11,30700.0,371777.0,12.11
600525.SH,20260911,5.01,5.01,5.01,5.01,168200.0,842682.0,5.01
600526.SH,20260911,4.71,4.71,4.71,4.71,26400.0,124344.0,4.71
600527.SH,20260911,2.26,2.26,2.26,2.26,103800.0,234588.0,2.26
600528.SH,20260911,7.05,7.05,7.05,7.05,58200.0,410310.0,7.05
600529.SH,20260911,18.4,18.4,18.4,18.4,32900.0,605360.0,18.4
600530.SH,20260911,3.82,3.82,3.82,3.82,11500.0,43930.0,3.82
600531.SH,20260911,12.43,12.43,12.43,12.43,676900.0,8413866.88,12.43
600533.SH,20260911,2.27,2.27,2.27,2.27,88999.0,202028.0,2.27
600535.SH,20260911,14.13,14.13,14.13,14.13,24500.0,346185.0,14.13
600536.SH,20260911,31.88,31.88,31.88,31.88,65500.0,2088140.0,31.88
600537.SH,20260911,2.21,2.21,2.21,2.21,106000.0,234260.0,2.21
600538.SH,20260911,5.08,5.08,5.08,5.08,9400.0,47752.0,5.08
600539.SH,20260911,13.38,13.38,13.38,13.38,9300.0,124434.0,13.38
600540.SH,20260911,6.18,6.2,6.22,6.18,3225900.16,19998126.08,6.2
600543.SH,20260911,4.24,4.24,4.24,4.24,33700.0,142888.0,4.24
600545.SH,20260911,4.09,4.09,4.09,4.09,1118700.0,4575482.88,4.09
600546.SH,20260911,13.73,13.73,13.73,13.73,59000.0,810070.0,13.73
600547.SH,20260911,34.5,34.5,34.5,34.5,987400.0,34065300.48,34.5
600548.SH,20260911,8.3,8.3,8.3,8.3,11000.0,91300.0,8.3
600549.SH,20260911,48.52,48.52,48.52,48.52,254200.0,12333784.32,48.52
600550.SH,20260911,10.9,10.9,10.9,10.9,76100.0,829490.0,10.9
600551.SH,20260911,7.39,7.39,7.39,7.39,867200.0,6408608.0,7.39
600552.SH,20260911,16.58,16.58,16.58,16.58,163100.0,2704198.08,16.58
600556.SH,20260911,4.78,4.78,4.78,4.78,89300.0,426854.0,4.78
600557.SH,20260911,12.25,12.25,12.25,12.25,16400.0,200900.0,12.25
600558.SH,20260911,4.86,4.86,4.86,4.86,21900.0,106434.0,4.86
600559.SH,20260911,11.24,11.24,11.24,11.24,88800.0,998112.0,11.24
600560.SH,20260911,11.23,11.23,11.23,11.23,600.0,6738.0,11.23
600561.SH,20260911,6.02,6.02,6.02,6.02,34300.0,206486.0,6.02
600562.SH,20260911,28.88,28.88,28.88,28.88,24200.0,698896.0,28.88
600563.SH,20260911,120.9,120.9,120.9,120.9,21600.0,2611440.0,120.9
600566.SH,20260911,25.53,25.53,25.53,25.53,9000.0,229770.0,25.53
600567.SH,20260911,1.36,1.36,1.36,1.36,659000.0,896240.0,1.36
600568.SH,20260911,2.38,2.38,2.38,2.38,10800.0,25704.0,2.38
600569.SH,20260911,1.91,1.91,1.92,1.91,73700.0,140782.0,1.91
600570.SH,20260911,20.99,20.99,20.99,20.99,148000.0,3106520.0,20.99
600571.SH,20260911,10.85,10.85,10.85,10.85,25300.0,274505.0,10.85
600572.SH,20260911,4.31,4.3,4.31,4.3,188800.0,811844.0,4.3
600573.SH,20260911,10.08,10.08,10.08,10.08,7500.0,75600.0,10.08
600575.SH,20260911,3.35,3.35,3.35,3.35,143300.0,480055.0,3.35
600576.SH,20260911,5.8,5.8,5.8,5.8,26700.0,154860.0,5.8
600577.SH,20260911,7.98,7.99,7.99,7.98,227900.0,1820919.04,7.99
600578.SH,20260911,5.66,5.66,5.66,5.66,828100.0,4687046.08,5.66
600579.SH,20260911,7.18,7.18,7.18,7.18,55000.0,394900.0,7.18
600580.SH,20260911,27.33,27.3,27.33,27.3,205500.0,5610179.84,27.3
600581.SH,20260911,2.46,2.46,2.46,2.46,7000.0,17220.0,2.46
600582.SH,20260911,4.9,4.9,4.9,4.9,316500.0,1550849.92,4.9
600583.SH,20260911,6.2,6.2,6.2,6.2,467200.0,2896640.0,6.2
600584.SH,20260911,66.5,66.5,66.5,66.5,852400.0,56684600.32,66.5
600585.SH,20260911,17.65,17.65,17.65,17.65,134000.0,2365100.0,17.65
600586.SH,20260911,4.14,4.14,4.14,4.14,25800.0,106812.0,4.14
600587.SH,20260911,12.48,12.48,12.48,12.48,19900.0,248352.0,12.48
600588.SH,20260911,9.45,9.45,9.45,9.45,107400.0,1014930.0,9.45
600589.SH,20260911,8.2,8.2,8.2,8.2,565600.0,4637920.0,8.2
600590.SH,20260911,8.78,8.78,8.78,8.78,96200.0,844636.0,8.78
600592.SH,20260911,15.09,15.09,15.09,15.09,31500.0,475335.0,15.09
600593.SH,20260911,39.1,39.1,39.1,39.1,33100.0,1294210.0,39.1
600594.SH,20260911,3.71,3.71,3.71,3.71,130300.0,483413.0,3.71
600595.SH,20260911,6.25,6.25,6.26,6.25,1602300.0,10014536.96,6.25
600596.SH,20260911,11.79,11.79,11.79,11.79,879600.0,10370483.84,11.79
600597.SH,20260911,7.0,7.0,7.0,7.0,62400.0,436800.0,7.0
600598.SH,20260911,13.53,13.53,13.53,13.53,384200.0,5198225.92,13.53
600600.SH,20260911,50.83,50.83,50.83,50.83,19300.0,981019.04,50.83
600601.SH,20260911,14.5,14.5,14.5,14.5,1352400.0,19609799.68,14.5
600602.SH,20260911,16.99,17.0,17.0,16.99,90700.0,1541896.0,17.0
600603.SH,20260911,4.94,4.94,4.94,4.94,31900.0,157586.0,4.94
600604.SH,20260911,4.62,4.62,4.62,4.62,63600.0,293832.0,4.62
600605.SH,20260911,27.54,27.54,27.54,27.54,1600.0,44064.0,27.54
600606.SH,20260911,1.31,1.31,1.31,1.31,867300.0,1136163.04,1.31
600609.SH,20260911,3.34,3.34,3.34,3.34,65300.0,218102.0,3.34
600610.SH,20260911,8.06,8.03,8.08,8.03,610200.0,4900866.88,8.03
600611.SH,20260911,4.61,4.61,4.61,4.61,300200.0,1383921.92,4.61
600612.SH,20260911,33.83,33.83,33.83,33.83,8800.0,297704.0,33.83
600613.SH,20260911,8.44,8.42,8.44,8.42,540200.0,4548577.92,8.42
600615.SH,20260911,9.59,9.59,9.59,9.59,13000.0,124670.0,9.59
600616.SH,20260911,4.58,4.58,4.58,4.58,154300.0,706694.0,4.58
600617.SH,20260911,3.57,3.57,3.57,3.57,458400.0,1636488.0,3.57
600618.SH,20260911,10.41,10.41,10.41,10.41,16800.0,174888.0,10.41
600619.SH,20260911,13.52,13.52,13.52,13.52,127200.0,1719744.0,13.52
600620.SH,20260911,4.43,4.43,4.43,4.43,27400.0,121382.0,4.43
600621.SH,20260911,13.4,13.4,13.4,13.4,208400.0,2792560.0,13.4
600622.SH,20260911,2.44,2.44,2.44,2.44,149799.0,365510.0,2.44
600623.SH,20260911,8.85,8.85,8.85,8.85,53900.0,477015.0,8.85
600624.SH,20260911,4.6,4.6,4.6,4.6,10900.0,50140.0,4.6
600626.SH,20260911,3.65,3.65,3.65,3.65,38400.0,140160.0,3.65
600628.SH,20260911,6.5,6.5,6.5,6.5,73300.0,476450.0,6.5
600629.SH,20260911,18.01,18.01,18.01,18.01,117100.0,2108971.04,18.01
600630.SH,20260911,7.05,7.05,7.05,7.05,28299.0,199508.0,7.05
600633.SH,20260911,10.22,10.22,10.22,10.22,85600.0,874832.0,10.22
600635.SH,20260911,4.77,4.78,4.78,4.77,340500.0,1627566.08,4.78
600637.SH,20260911,8.47,8.47,8.47,8.47,289600.0,2452912.0,8.47
600638.SH,20260911,4.94,4.94,4.94,4.94,99700.0,492518.0,4.94
600639.SH,20260911,9.49,9.49,9.49,9.49,17200.0,163228.0,9.49
600640.SH,20260911,10.93,10.94,10.94,10.93,30800.0,336792.0,10.94
600641.SH,20260911,29.5,29.5,29.5,29.5,163937.0,4836142.08,29.5
600642.SH,20260911,8.65,8.65,8.65,8.65,65600.0,567440.0,8.65
600643.SH,20260911,4.16,4.16,4.16,4.16,296900.0,1235104.0,4.16
600644.SH,20260911,10.0,10.0,10.0,10.0,1205900.0,12059000.32,10.0
600645.SH,20260911,17.96,17.96,17.96,17.96,17400.0,312504.0,17.96
600648.SH,20260911,9.33,9.33,9.33,9.33,3500.0,32655.0,9.33
600649.SH,20260911,3.98,3.98,3.98,3.98,47600.0,189448.0,3.98
600650.SH,20260911,10.64,10.64,10.64,10.64,15800.0,168112.0,10.64
600651.SH,20260911,5.38,5.38,5.38,5.38,63400.0,341092.0,5.38
600653.SH,20260911,1.75,1.75,1.75,1.75,57619.0,100833.0,1.75
600654.SH,20260911,3.17,3.17,3.17,3.17,317400.0,1006158.0,3.17
600655.SH,20260911,4.71,4.71,4.71,4.71,278200.0,1310322.0,4.71
600657.SH,20260911,3.04,3.04,3.04,3.04,806200.0,2450848.0,3.04
600658.SH,20260911,4.14,4.14,4.14,4.14,27200.0,112608.0,4.14
600660.SH,20260911,54.5,54.5,54.5,54.5,41400.0,2256300.0,54.5
600661.SH,20260911,8.62,8.62,8.62,8.62,38300.0,330146.0,8.62
600662.SH,20260911,4.31,4.31,4.31,4.31,76011.0,327607.0,4.31
600663.SH,20260911,9.05,9.05,9.05,9.05,67400.0,609970.0,9.05
600664.SH,20260911,7.06,7.06,7.06,7.06,2819500.16,19905670.4,7.06
600665.SH,20260911,3.57,3.57,3.57,3.57,3300.0,11781.0,3.57
600666.SH,20260911,3.44,3.44,3.44,3.44,236500.0,813560.0,3.44
600667.SH,20260911,19.43,19.44,19.46,19.42,6904099.84,134217635.84,19.44
600668.SH,20260911,7.43,7.43,7.43,7.43,10500.0,78015.0,7.43
600671.SH,20260911,22.84,22.84,22.84,22.84,11600.0,264944.0,22.84
600673.SH,20260911,31.01,31.01,31.01,31.01,99900.0,3097898.88,31.01
600674.SH,20260911,16.03,16.03,16.03,16.03,42300.0,678068.96,16.03
600675.SH,20260911,2.29,2.29,2.29,2.29,220400.0,504716.0,2.29
600676.SH,20260911,6.68,6.68,6.68,6.68,35300.0,235804.0,6.68
600678.SH,20260911,5.78,5.78,5.78,5.78,81300.0,469914.0,5.78
600679.SH,20260911,10.11,10.11,10.11,10.11,39400.0,398334.0,10.11
600681.SH,20260911,3.62,3.61,3.62,3.61,135500.0,489590.0,3.61
600682.SH,20260911,5.7,5.7,5.7,5.7,77600.0,442320.0,5.7
600683.SH,20260911,9.7,9.7,9.7,9.7,55000.0,533500.0,9.7
600684.SH,20260911,3.52,3.52,3.52,3.52,87700.0,308704.0,3.52
600685.SH,20260911,28.44,28.44,28.44,28.44,354600.0,10084824.32,28.44
600686.SH,20260911,11.0,11.0,11.0,11.0,54200.0,596200.0,11.0
600688.SH,20260911,2.94,2.94,2.94,2.94,722600.0,2124444.0,2.94
600689.SH,20260911,12.38,12.38,12.38,12.38,20200.0,250076.0,12.38
600690.SH,20260911,21.17,21.17,21.17,21.17,72100.0,1526356.96,21.17
600691.SH,20260911,3.31,3.31,3.31,3.31,1214400.0,4019664.0,3.31
600692.SH,20260911,6.61,6.61,6.61,6.61,13000.0,85930.0,6.61
600693.SH,20260911,10.81,10.81,10.81,10.81,695948.96,7523208.96,10.81
600694.SH,20260911,14.52,14.52,14.52,14.52,12000.0,174240.0,14.52
600697.SH,20260911,11.42,11.3,11.42,11.3,37300.0,423001.0,11.34
600698.SH,20260911,7.73,7.73,7.73,7.73,547100.0,4229082.88,7.73
600699.SH,20260911,18.9,18.9,18.9,18.9,190900.0,3608009.92,18.9
600702.SH,20260911,34.31,34.31,34.31,34.31,50200.0,1722361.92,34.31
600703.SH,20260911,12.4,12.4,12.4,12.4,697600.0,8650240.0,12.4
600704.SH,20260911,5.04,5.05,5.05,5.04,275200.0,1389735.04,5.05
600706.SH,20260911,9.28,9.28,9.28,9.28,407700.0,3783456.0,9.28
600707.SH,20260911,8.4,8.4,8.4,8.4,343800.0,2887920.0,8.4
600708.SH,20260911,3.12,3.12,3.12,3.12,151600.0,472992.0,3.12
600710.SH,20260911,11.56,11.6,11.6,11.56,100700.0,1168114.0,11.6
600711.SH,20260911,11.39,11.39,11.4,11.39,2201700.0,25077370.88,11.39
600712.SH,20260911,7.51,7.51,7.51,7.51,8162499.84,61300377.6,7.51
600713.SH,20260911,5.27,5.27,5.27,5.27,53800.0,283526.0,5.27
600714.SH,20260911,18.82,18.82,18.82,18.82,348900.0,6566298.24,18.82
600715.SH,20260911,1.69,1.69,1.69,1.69,131599.0,222402.0,1.69
600716.SH,20260911,3.71,3.71,3.71,3.71,22600.0,83846.0,3.71
600717.SH,20260911,4.4,4.4,4.4,4.4,147100.0,647240.0,4.4
600718.SH,20260911,7.92,7.92,7.92,7.92,34300.0,271656.0,7.92
600719.SH,20260911,7.56,7.56,7.56,7.56,73700.0,557172.0,7.56
600720.SH,20260911,5.33,5.33,5.33,5.33,66100.0,352313.0,5.33
600721.SH,20260911,11.08,11.08,11.08,11.08,801400.0,8879512.32,11.08
600722.SH,20260911,18.3,18.3,18.3,18.3,1781400.0,32599621.12,18.3
600724.SH,20260911,5.09,5.09,5.09,5.09,24600.0,125214.0,5.09
600725.SH,20260911,3.44,3.42,3.44,3.42,81600.0,279134.0,3.42
600726.SH,20260911,5.81,5.81,5.81,5.81,2118800.0,12310228.48,5.81
600727.SH,20260911,7.75,7.75,7.75,7.75,118800.0,920700.0,7.75
600728.SH,20260911,4.6,4.6,4.6,4.6,82500.0,379500.0,4.6
600729.SH,20260911,19.24,19.24,19.24,19.24,30700.0,590668.0,19.24
600730.SH,20260911,9.08,9.08,9.08,9.08,78400.0,711872.0,9.08
600731.SH,20260911,5.84,5.84,5.84,5.84,104700.0,611448.0,5.84
600732.SH,20260911,10.57,10.57,10.57,10.57,78300.0,827631.04,10.57
600733.SH,20260911,4.77,4.77,4.77,4.77,389300.0,1856960.96,4.77
600734.SH,20260911,2.1,2.1,2.1,2.1,1876700.0,3941070.08,2.1
600735.SH,20260911,6.44,6.44,6.44,6.44,326200.0,2100728.0,6.44
600736.SH,20260911,6.68,6.68,6.68,6.68,74100.0,494988.0,6.68
600737.SH,20260911,17.33,17.33,17.33,17.33,3379308.16,58563409.92,17.33
600738.SH,20260911,4.43,4.42,4.43,4.42,87201.0,385663.0,4.42
600739.SH,20260911,10.71,10.71,10.71,10.71,98000.0,1049580.0,10.71
600740.SH,20260911,4.01,4.01,4.01,4.01,108600.0,435486.0,4.01
600741.SH,20260911,15.4,15.4,15.4,15.4,30000.0,462000.0,15.4
600742.SH,20260911,7.73,7.73,7.73,7.73,8400.0,64932.0,7.73
600743.SH,20260911,2.12,2.12,2.12,2.12,40100.0,85012.0,2.12
600744.SH,20260911,7.15,7.16,7.16,7.15,7387200.0,52892349.44,7.16
600745.SH,20260911,16.88,16.88,16.88,16.88,342400.0,5779712.0,16.88
600746.SH,20260911,7.38,7.38,7.38,7.38,50500.0,372690.0,7.38
600748.SH,20260911,3.88,3.88,3.88,3.88,7400.0,28712.0,3.88
600749.SH,20260911,15.1,15.1,15.1,15.1,117900.0,1780289.92,15.1
600750.SH,20260911,22.8,22.8,22.8,22.8,51600.0,1176480.0,22.8
600751.SH,20260911,3.15,3.15,3.15,3.15,147000.0,463050.0,3.15
600753.SH,20260911,10.68,10.68,10.68,10.68,4300.0,45924.0,10.68
600754.SH,20260911,19.4,19.4,19.4,19.4,173000.0,3356200.0,19.4
600755.SH,20260911,5.78,5.78,5.78,5.78,68800.0,397664.0,5.78
600756.SH,20260911,13.88,13.88,13.88,13.88,9300.0,129084.0,13.88
600757.SH,20260911,7.49,7.49,7.49,7.49,36900.0,276381.0,7.49
600758.SH,20260911,4.07,4.04,4.07,4.04,1684100.0,6805809.92,4.04
600759.SH,20260911,2.57,2.57,2.57,2.57,7288199.68,18730673.92,2.57
600760.SH,20260911,48.55,48.58,48.58,48.55,43200.0,2098647.04,48.58
600761.SH,20260911,16.5,16.5,16.5,16.5,76400.0,1260600.0,16.5
600763.SH,20260911,33.3,33.3,33.3,33.3,54100.0,1801529.92,33.3
600764.SH,20260911,19.52,19.51,19.52,19.51,139700.0,2725548.16,19.51
600765.SH,20260911,14.09,14.09,14.09,14.09,68500.0,965164.96,14.09
600768.SH,20260911,14.6,14.6,14.6,14.6,28800.0,420480.0,14.6
600769.SH,20260911,16.02,16.02,16.02,16.02,77800.0,1246356.0,16.02
600770.SH,20260911,5.61,5.59,5.61,5.59,685600.0,3832581.12,5.59
600771.SH,20260911,13.83,13.83,13.83,13.83,19000.0,262770.0,13.83
600773.SH,20260911,10.88,10.88,10.88,10.88,140300.0,1526464.0,10.88
600774.SH,20260911,7.85,7.85,7.85,7.85,20500.0,160925.0,7.85
600775.SH,20260911,9.62,9.62,9.62,9.62,13000.0,125060.0,9.62
600776.SH,20260911,13.48,13.48,13.48,13.48,247400.0,3334952.0,13.48
600777.SH,20260911,4.22,4.21,4.22,4.21,1214238.0,5112162.88,4.21
600778.SH,20260911,6.27,6.27,6.27,6.27,1198200.0,7512714.24,6.27
600779.SH,20260911,26.5,26.5,26.5,26.5,10300.0,272950.0,26.5
600780.SH,20260911,6.36,6.36,6.36,6.36,36900.0,234684.0,6.36
600782.SH,20260911,2.81,2.81,2.81,2.81,164400.0,461964.0,2.81
600783.SH,20260911,15.7,15.75,15.75,15.7,99900.0,1572947.04,15.75
600784.SH,20260911,7.26,7.26,7.26,7.26,8100.0,58806.0,7.26
600785.SH,20260911,11.19,11.19,11.19,11.19,384100.0,4298079.04,11.19
600787.SH,20260911,4.68,4.68,4.68,4.68,59400.0,277992.0,4.68
600789.SH,20260911,7.76,7.76,7.76,7.76,557700.0,4327752.0,7.76
600790.SH,20260911,3.46,3.45,3.46,3.45,181200.0,625481.0,3.45
600791.SH,20260911,7.38,7.28,7.38,7.28,63100.0,459583.0,7.28
600792.SH,20260911,5.92,5.92,5.92,5.92,14961699.84,88573265.92,5.92
600793.SH,20260911,15.69,15.69,15.69,15.69,15700.0,246333.0,15.69
600794.SH,20260911,3.32,3.32,3.32,3.32,83700.0,277884.0,3.32
600795.SH,20260911,5.27,5.26,5.27,5.26,247400.0,1301856.96,5.26
600796.SH,20260911,5.25,5.25,5.25,5.25,113900.0,597975.0,5.25
600797.SH,20260911,6.72,6.72,6.72,6.72,16400.0,110208.0,6.72
600798.SH,20260911,3.51,3.49,3.51,3.49,223600.0,780532.0,3.49
600800.SH,20260911,3.51,3.51,3.51,3.51,236600.0,830466.0,3.51
600801.SH,20260911,25.02,25.02,25.02,25.02,17800.0,445356.0,25.02
600802.SH,20260911,5.46,5.46,5.46,5.46,413000.0,2254980.0,5.46
600803.SH,20260911,18.89,18.89,18.89,18.89,38400.0,725376.0,18.89
600805.SH,20260911,4.6,4.6,4.6,4.6,5000.0,23000.0,4.6
600807.SH,20260911,2.72,2.72,2.72,2.72,29400.0,79968.0,2.72
600808.SH,20260911,2.62,2.62,2.62,2.62,387199.0,1014460.96,2.62
600809.SH,20260911,116.06,116.06,116.06,116.06,34780.0,4036567.04,116.06
600810.SH,20260911,6.58,6.58,6.58,6.58,32800.0,215824.0,6.58
600812.SH,20260911,5.11,5.16,5.19,5.1,6103100.16,31506900.48,5.16
600814.SH,20260911,7.46,7.46,7.46,7.46,293100.0,2186526.08,7.46
600815.SH,20260911,3.58,3.57,3.58,3.56,232400.0,829560.96,3.57
600816.SH,20260911,2.49,2.49,2.49,2.49,928799.04,2312710.08,2.49
600817.SH,20260911,9.64,9.63,9.64,9.63,32500.0,312976.0,9.63
600818.SH,20260911,7.8,7.8,7.8,7.8,2700.0,21060.0,7.8
600819.SH,20260911,5.86,5.86,5.86,5.86,43500.0,254910.0,5.86
600820.SH,20260911,5.52,5.52,5.52,5.52,115900.0,639768.0,5.52
600821.SH,20260911,6.34,6.34,6.34,6.34,787800.0,4994652.16,6.34
600822.SH,20260911,9.15,9.15,9.15,9.15,25400.0,232410.0,9.15
600824.SH,20260911,3.77,3.77,3.77,3.77,113300.0,427141.0,3.77
600825.SH,20260911,5.31,5.31,5.31,5.31,0.0,0.0,5.31
600826.SH,20260911,7.78,7.78,7.78,7.78,14800.0,115144.0,7.78
600827.SH,20260911,7.97,7.97,7.97,7.97,57800.0,460666.0,7.97
600828.SH,20260911,4.72,4.72,4.72,4.72,160700.0,758504.0,4.72
600829.SH,20260911,9.62,9.62,9.62,9.62,49900.0,480038.0,9.62
600830.SH,20260911,8.9,8.9,8.9,8.9,895600.0,7970840.32,8.9
600831.SH,20260911,3.37,3.37,3.37,3.37,21700.0,73129.0,3.37
600833.SH,20260911,10.49,10.49,10.49,10.49,12000.0,125880.0,10.49
600834.SH,20260911,7.8,7.8,7.8,7.8,2300.0,17940.0,7.8
600835.SH,20260911,17.83,17.83,17.83,17.83,61200.0,1091196.0,17.83
600838.SH,20260911,8.6,8.6,8.6,8.6,130100.0,1118860.0,8.6
600839.SH,20260911,6.75,6.75,6.75,6.75,540300.0,3647024.96,6.75
600841.SH,20260911,5.86,5.88,5.88,5.86,68800.0,404435.0,5.88
600843.SH,20260911,7.13,7.13,7.13,7.13,37600.0,268088.0,7.13
600844.SH,20260911,3.79,3.79,3.79,3.79,2449000.0,9281710.08,3.79
600845.SH,20260911,16.84,16.84,16.84,16.84,51000.0,858840.0,16.84
600846.SH,20260911,11.3,11.3,11.3,11.3,3000.0,33900.0,11.3
600847.SH,20260911,12.55,12.55,12.55,12.55,10400.0,130520.0,12.55
600848.SH,20260911,8.74,8.74,8.74,8.74,26500.0,231610.0,8.74
600850.SH,20260911,14.11,14.11,14.11,14.11,22100.0,311831.0,14.11
600851.SH,20260911,8.35,8.35,8.35,8.35,34400.0,287240.0,8.35
600853.SH,20260911,3.39,3.39,3.39,3.39,63900.0,216621.0,3.39
600854.SH,20260911,4.7,4.7,4.7,4.7,14300.0,67210.0,4.7
600855.SH,20260911,13.73,13.73,13.73,13.73,124100.0,1703892.96,13.73
600857.SH,20260911,22.09,22.09,22.09,22.09,41300.0,912316.96,22.09
600858.SH,20260911,5.21,5.21,5.21,5.21,66600.0,346986.0,5.21
600859.SH,20260911,10.13,10.13,10.13,10.13,37400.0,378862.0,10.13
600860.SH,20260911,8.38,8.38,8.38,8.38,14300.0,119834.0,8.38
600861.SH,20260911,12.99,12.99,12.99,12.99,4400.0,57156.0,12.99
600862.SH,20260911,18.7,18.7,18.7,18.7,86400.0,1615680.0,18.7
600863.SH,20260911,4.87,4.87,4.87,4.87,692000.0,3370040.0,4.87
600864.SH,20260911,5.89,5.89,5.89,5.89,3396400.0,20004796.16,5.89
600865.SH,20260911,14.58,14.51,14.58,14.5,3356000.0,48702873.6,14.51
600866.SH,20260911,4.38,4.38,4.38,4.38,529900.0,2320961.92,4.38
600867.SH,20260911,7.85,7.85,7.85,7.85,130300.0,1022855.04,7.85
600868.SH,20260911,2.87,2.86,2.87,2.86,647000.0,1850512.96,2.86
600869.SH,20260911,23.44,23.2,23.5,23.2,7026800.0,163030333.44,23.2
600871.SH,20260911,2.35,2.35,2.35,2.35,3121100.16,7334584.96,2.35
600872.SH,20260911,18.01,18.01,18.01,18.01,63800.0,1149038.0,18.01
600873.SH,20260911,7.7,7.7,7.7,7.7,91900.0,707630.0,7.7
600874.SH,20260911,5.67,5.67,5.67,5.67,32900.0,186543.0,5.67
600875.SH,20260911,25.3,25.3,25.3,25.3,231200.0,5849360.0,25.3
600876.SH,20260911,8.35,8.47,8.47,8.35,974100.0,8243939.84,8.46
600877.SH,20260911,11.6,11.6,11.6,11.6,61400.0,712240.0,11.6
600879.SH,20260911,14.42,14.42,14.42,14.42,230000.0,3316600.0,14.42
600880.SH,20260911,4.65,4.65,4.65,4.65,1274500.0,5926424.96,4.65
600881.SH,20260911,1.94,1.94,1.95,1.93,978999.04,1898976.0,1.94
600882.SH,20260911,20.06,20.06,20.06,20.06,42900.0,860574.0,20.06
600883.SH,20260911,8.31,8.28,8.32,8.28,44200.0,366073.0,8.28
600884.SH,20260911,11.36,11.36,11.36,11.36,127600.0,1449536.0,11.36
600885.SH,20260911,34.95,34.95,34.95,34.95,92100.0,3218895.04,34.95
600886.SH,20260911,14.5,14.5,14.5,14.5,88600.0,1284700.0,14.5
600887.SH,20260911,26.5,26.5,26.5,26.5,198802.0,5268253.12,26.5
600888.SH,20260911,9.97,9.97,9.97,9.97,349400.0,3483518.08,9.97
600889.SH,20260911,13.66,13.66,13.66,13.66,10200.0,139332.0,13.66
600892.SH,20260911,4.3,4.29,4.3,4.29,1888000.0,8100266.88,4.29
600893.SH,20260911,41.2,41.2,41.21,41.2,170100.0,7008120.96,41.2
600894.SH,20260911,7.34,7.35,7.35,7.34,19800.0,145520.0,7.35
600895.SH,20260911,28.61,28.61,28.61,28.61,85700.0,2451876.96,28.61
600897.SH,20260911,15.34,15.34,15.34,15.34,34900.0,535366.0,15.34
600900.SH,20260911,28.12,28.1,28.12,28.1,687250.0,19311907.84,28.1
600901.SH,20260911,6.82,6.82,6.82,6.82,147900.0,1008678.0,6.82
600903.SH,20260911,7.73,7.73,7.73,7.73,2476700.0,19144892.16,7.73
600905.SH,20260911,3.7,3.7,3.7,3.7,555700.0,2056089.92,3.7
600906.SH,20260911,6.51,6.51,6.51,6.51,289100.0,1882040.96,6.51
600908.SH,20260911,6.05,6.05,6.05,6.05,131400.0,794970.0,6.05
600909.SH,20260911,8.01,8.01,8.01,8.01,766800.0,6142067.84,8.01
600916.SH,20260911,7.85,7.85,7.85,7.85,509900.0,4002714.88,7.85
600917.SH,20260911,5.2,5.17,5.2,5.17,434900.0,2249292.96,5.17
600918.SH,20260911,5.67,5.67,5.67,5.67,381100.0,2160836.96,5.67
600919.SH,20260911,12.6,12.6,12.6,12.6,525800.0,6625080.32,12.6
600925.SH,20260911,4.27,4.27,4.27,4.27,31800.0,135786.0,4.27
600926.SH,20260911,17.68,17.68,17.68,17.68,125900.0,2225912.0,17.68
600927.SH,20260911,12.71,12.71,12.71,12.71,81300.0,1033323.04,12.71
600928.SH,20260911,3.66,3.66,3.66,3.66,150100.0,549366.0,3.66
600929.SH,20260911,6.04,6.04,6.04,6.04,0.0,0.0,6.04
600930.SH,20260911,3.94,3.94,3.94,3.94,782700.0,3083838.08,3.94
600933.SH,20260911,12.98,12.98,12.98,12.98,40300.0,523094.0,12.98
600935.SH,20260911,2.37,2.37,2.37,2.37,20799.0,49294.0,2.37
600936.SH,20260911,4.85,4.86,4.87,4.85,349600.0,1698968.96,4.86
600938.SH,20260911,34.97,34.97,34.97,34.97,873200.0,30535802.88,34.97
600939.SH,20260911,2.74,2.74,2.74,2.74,22699.0,62195.0,2.74
600941.SH,20260911,97.01,97.01,97.01,97.01,26000.0,2522260.0,97.01
600955.SH,20260911,12.76,12.76,12.76,12.76,28100.0,358556.0,12.76
600956.SH,20260911,7.36,7.36,7.36,7.36,27300.0,200928.0,7.36
600958.SH,20260911,9.11,9.11,9.11,9.11,327008.0,2979042.88,9.11
600959.SH,20260911,3.14,3.14,3.14,3.14,315200.0,989728.0,3.14
600960.SH,20260911,3.95,3.95,3.95,3.95,16900.0,66755.0,3.95
600961.SH,20260911,24.33,24.33,24.33,24.33,367800.0,8948574.08,24.33
600962.SH,20260911,24.96,24.96,24.96,24.96,12000.0,299520.0,24.96
600963.SH,20260911,3.54,3.55,3.55,3.54,185900.0,659941.0,3.55
600965.SH,20260911,2.82,2.82,2.82,2.82,37500.0,105750.0,2.82
600966.SH,20260911,5.0,5.0,5.0,5.0,25200.0,126000.0,5.0
600967.SH,20260911,13.59,13.59,13.59,13.59,1281100.0,17410147.84,13.59
600968.SH,20260911,4.07,4.07,4.07,4.07,328600.0,1337402.0,4.07
600969.SH,20260911,10.9,10.9,10.9,10.9,333400.0,3634060.16,10.9
600970.SH,20260911,7.79,7.79,7.79,7.79,59100.0,460389.0,7.79
600971.SH,20260911,8.72,8.72,8.72,8.72,57100.0,497912.0,8.72
600973.SH,20260911,6.11,6.11,6.11,6.11,51200.0,312832.0,6.11
600975.SH,20260911,5.55,5.55,5.55,5.55,368500.0,2045175.04,5.55
600976.SH,20260911,26.75,26.75,26.75,26.75,4800.0,128400.0,26.75
600977.SH,20260911,12.75,12.75,12.75,12.75,117700.0,1500675.04,12.75
600979.SH,20260911,4.1,4.1,4.1,4.1,1040100.0,4264409.92,4.1
600980.SH,20260911,18.9,18.9,18.9,18.9,3500.0,66150.0,18.9
600981.SH,20260911,2.52,2.52,2.52,2.52,8500.0,21420.0,2.52
600982.SH,20260911,5.06,5.06,5.06,5.06,154900.0,783794.0,5.06
600983.SH,20260911,7.41,7.41,7.41,7.41,3400.0,25194.0,7.41
600984.SH,20260911,3.56,3.56,3.56,3.56,924000.0,3289440.0,3.56
600985.SH,20260911,17.23,17.23,17.23,17.23,56700.0,976940.96,17.23
600986.SH,20260911,7.25,7.25,7.25,7.25,331100.0,2400475.04,7.25
600987.SH,20260911,6.45,6.45,6.45,6.45,17800.0,114810.0,6.45
600988.SH,20260911,42.9,42.9,42.9,42.9,417600.0,17915040.0,42.9
600989.SH,20260911,25.18,25.16,25.18,25.16,995635.04,25050526.72,25.16
600990.SH,20260911,18.7,18.7,18.7,18.7,5900.0,110330.0,18.7
600992.SH,20260911,10.1,10.1,10.1,10.1,30200.0,305020.0,10.1
600993.SH,20260911,22.55,22.55,22.55,22.55,12000.0,270600.0,22.55
600995.SH,20260911,12.55,12.55,12.55,12.55,304800.0,3825240.0,12.55
600996.SH,20260911,7.04,7.04,7.04,7.04,64500.0,454080.0,7.04
600997.SH,20260911,5.58,5.58,5.58,5.58,34100.0,190278.0,5.58
600998.SH,20260911,5.04,5.04,5.04,5.04,85400.0,430416.0,5.04
600999.SH,20260911,17.99,17.99,17.99,17.99,384000.0,6908160.0,17.99
601000.SH,20260911,4.59,4.59,4.59,4.59,90100.0,413559.0,4.59
601001.SH,20260911,17.05,17.05,17.05,17.05,194100.0,3309405.12,17.05
601002.SH,20260911,5.23,5.23,5.23,5.23,18500.0,96755.0,5.23
601003.SH,20260911,3.88,3.88,3.88,3.88,90900.0,352692.0,3.88
601005.SH,20260911,1.24,1.24,1.24,1.24,794300.0,984932.0,1.24
601006.SH,20260911,4.82,4.82,4.82,4.82,228600.0,1101852.0,4.82
601007.SH,20260911,7.21,7.21,7.21,7.21,3800.0,27398.0,7.21
601008.SH,20260911,4.73,4.73,4.73,4.73,1381200.0,6533075.84,4.73
601009.SH,20260911,12.38,12.38,12.38,12.38,202400.0,2505712.0,12.38
601010.SH,20260911,1.49,1.49,1.49,1.49,117800.0,175522.0,1.49
601011.SH,20260911,3.09,3.09,3.09,3.09,426000.0,1316340.0,3.09
601012.SH,20260911,11.64,11.64,11.64,11.63,325700.0,3791138.88,11.64
601015.SH,20260911,3.97,3.97,3.97,3.97,740300.0,2938991.04,3.97
601016.SH,20260911,3.41,3.41,3.41,3.41,689200.0,2350172.0,3.41
601018.SH,20260911,3.54,3.53,3.54,3.53,1059600.0,3740809.92,3.53
601019.SH,20260911,6.96,6.96,6.96,6.96,39200.0,272832.0,6.96
601020.SH,20260911,21.74,21.74,21.85,21.74,466100.0,10133361.92,21.74
601021.SH,20260911,42.85,42.91,42.92,42.85,129000.0,5535057.28,42.91
601022.SH,20260911,8.56,8.56,8.56,8.56,67000.0,573520.0,8.56
601026.SH,20260911,14.21,14.21,14.21,14.21,10100.0,143521.0,14.21
601033.SH,20260911,14.67,14.67,14.67,14.67,17100.0,250857.0,14.67
601038.SH,20260911,14.79,14.79,14.79,14.79,58300.0,862256.96,14.79
601058.SH,20260911,14.05,14.02,14.05,14.02,194700.0,2729862.08,14.02
601059.SH,20260911,16.02,16.02,16.02,16.02,49000.0,784980.0,16.02
601061.SH,20260911,12.01,12.01,12.01,12.01,666700.0,8007066.88,12.01
601065.SH,20260911,6.93,6.93,6.93,6.93,8900.0,61677.0,6.93
601066.SH,20260911,24.3,24.3,24.3,24.3,100700.0,2447009.92,24.3
601068.SH,20260911,4.65,4.65,4.65,4.65,34400.0,159960.0,4.65
601069.SH,20260911,29.08,29.09,29.09,29.07,326600.0,9500757.76,29.09
601077.SH,20260911,6.81,6.81,6.81,6.81,196000.0,1334760.0,6.81
601083.SH,20260911,12.68,12.68,12.68,12.68,65200.0,826736.0,12.68
601086.SH,20260911,15.4,15.5,15.55,15.39,4285600.0,66415457.28,15.5
601088.SH,20260911,47.34,47.34,47.34,47.34,176000.0,8331840.0,47.34
601089.SH,20260911,15.94,15.94,15.94,15.94,7300.0,116362.0,15.94
601096.SH,20260911,4.21,4.21,4.21,4.21,138900.0,584769.0,4.21
601098.SH,20260911,10.16,10.13,10.16,10.13,79500.0,806135.04,10.14
601099.SH,20260911,3.55,3.55,3.55,3.55,1758103.04,6241265.92,3.55
601100.SH,20260911,100.6,100.6,100.6,100.6,9400.0,945640.0,100.6
601101.SH,20260911,13.62,13.62,13.62,13.62,130200.0,1773324.0,13.62
601106.SH,20260911,3.11,3.11,3.11,3.11,245200.0,762572.0,3.11
601107.SH,20260911,6.02,6.02,6.02,6.02,52200.0,314244.0,6.02
601108.SH,20260911,8.5,8.5,8.5,8.5,406600.0,3456099.84,8.5
601111.SH,20260911,5.79,5.79,5.79,5.79,1241200.0,7186547.84,5.79
601112.SH,20260911,15.52,15.52,15.52,15.52,22700.0,352304.0,15.52
601113.SH,20260911,3.5,3.5,3.5,3.5,16900.0,59150.0,3.5
601116.SH,20260911,11.27,11.27,11.27,11.27,365800.0,4122566.08,11.27
601117.SH,20260911,7.39,7.39,7.39,7.39,555700.0,4106623.04,7.39
601118.SH,20260911,7.01,7.01,7.01,7.01,4696899.84,32925268.48,7.01
601121.SH,20260911,7.38,7.38,7.38,7.38,112100.0,827298.0,7.38
601123.SH,20260911,15.92,15.92,15.92,15.92,450700.0,7175143.68,15.92
601126.SH,20260911,41.2,41.22,41.25,41.2,143400.0,5911479.04,41.22
601127.SH,20260911,46.84,46.84,46.84,46.84,96500.0,4520060.16,46.84
601128.SH,20260911,6.48,6.46,6.48,6.46,345680.0,2234644.96,6.46
601133.SH,20260911,22.98,22.98,22.98,22.98,121400.0,2789772.16,22.98
601136.SH,20260911,15.1,15.1,15.1,15.1,211500.0,3193649.92,15.1
601137.SH,20260911,19.7,19.7,19.7,19.7,29500.0,581150.0,19.7
601138.SH,20260911,62.66,62.66,62.66,62.66,676100.0,42364423.68,62.66
601139.SH,20260911,6.5,6.5,6.5,6.5,63200.0,410800.0,6.5
601155.SH,20260911,12.01,12.01,12.01,12.01,195100.0,2343151.04,12.01
601156.SH,20260911,18.98,18.98,18.98,18.98,27800.0,527644.0,18.98
601158.SH,20260911,4.14,4.14,4.14,4.14,52400.0,216936.0,4.14
601162.SH,20260911,3.74,3.74,3.74,3.74,2500300.0,9351121.92,3.74
601163.SH,20260911,12.43,12.43,12.43,12.43,5100.0,63393.0,12.43
601166.SH,20260911,18.25,18.25,18.25,18.25,723700.0,13207525.12,18.25
601168.SH,20260911,37.5,37.5,37.5,37.5,2337400.0,87652495.36,37.5
601169.SH,20260911,5.64,5.64,5.64,5.64,703200.0,3966048.0,5.64
601177.SH,20260911,13.78,13.78,13.78,13.78,23600.0,325208.0,13.78
601179.SH,20260911,12.49,12.49,12.49,12.49,418600.0,5228313.92,12.49
601186.SH,20260911,6.15,6.15,6.15,6.15,128600.0,790890.0,6.15
601187.SH,20260911,7.42,7.42,7.42,7.42,258944.0,1921364.0,7.42
601188.SH,20260911,2.97,2.97,2.97,2.97,15200.0,45144.0,2.97
601198.SH,20260911,13.32,13.32,13.32,13.32,145900.0,1943388.0,13.32
601199.SH,20260911,5.84,5.84,5.84,5.84,85100.0,496984.0,5.84
601200.SH,20260911,7.05,7.05,7.05,7.05,28300.0,199515.0,7.05
601208.SH,20260911,47.11,46.97,47.11,46.97,426900.0,20054534.4,46.98
601211.SH,20260911,17.68,17.68,17.68,17.68,510300.0,9022104.32,17.68
601212.SH,20260911,6.35,6.35,6.35,6.35,9252700.16,58754641.92,6.35
601216.SH,20260911,4.83,4.83,4.83,4.83,226200.0,1092546.0,4.83
601218.SH,20260911,4.63,4.63,4.63,4.63,126300.0,584769.0,4.63
601222.SH,20260911,5.97,5.97,5.97,5.97,131900.0,787443.04,5.97
601225.SH,20260911,26.2,26.2,26.2,26.2,234100.0,6133420.16,26.2
601226.SH,20260911,6.67,6.67,6.67,6.67,28200.0,188094.0,6.67
601228.SH,20260911,3.16,3.16,3.16,3.16,153100.0,483796.0,3.16
601229.SH,20260911,9.79,9.79,9.79,9.79,246032.0,2408652.96,9.79
601231.SH,20260911,27.65,27.72,27.72,27.62,723400.0,20052380.16,27.72
601233.SH,20260911,24.16,24.16,24.16,24.16,204000.0,4928640.0,24.16
601236.SH,20260911,7.03,7.03,7.03,7.03,80500.0,565915.0,7.03
601238.SH,20260911,5.11,5.11,5.11,5.11,143600.0,733796.0,5.11
601279.SH,20260911,3.42,3.42,3.42,3.42,41300.0,141246.0,3.42
601288.SH,20260911,6.98,6.98,7.0,6.98,3947150.08,27558855.68,6.98
601298.SH,20260911,9.57,9.57,9.57,9.57,33500.0,320595.0,9.57
601311.SH,20260911,7.5,7.5,7.5,7.5,56700.0,425250.0,7.5
601318.SH,20260911,55.34,55.4,55.41,55.34,485000.0,26867392.0,55.4
601319.SH,20260911,7.88,7.88,7.88,7.88,409700.0,3228435.84,7.88
601326.SH,20260911,3.64,3.64,3.64,3.64,125300.0,456092.0,3.64
601328.SH,20260911,7.48,7.47,7.48,7.47,2398100.0,17915512.32,7.47
601330.SH,20260911,8.2,8.2,8.2,8.2,40700.0,333740.0,8.2
601333.SH,20260911,3.16,3.16,3.16,3.16,218600.0,690776.0,3.16
601336.SH,20260911,59.35,59.36,59.36,59.35,102400.0,6078451.2,59.36
601339.SH,20260911,7.4,7.4,7.4,7.4,23100.0,170940.0,7.4
601360.SH,20260911,8.79,8.79,8.79,8.79,772800.0,6792912.0,8.79
601366.SH,20260911,3.8,3.8,3.8,3.8,29400.0,111720.0,3.8
601368.SH,20260911,4.58,4.58,4.58,4.58,1600.0,7328.0,4.58
601369.SH,20260911,8.5,8.5,8.5,8.5,24900.0,211650.0,8.5
601375.SH,20260911,4.12,4.12,4.12,4.12,348100.0,1434172.0,4.12
601377.SH,20260911,5.95,5.95,5.95,5.95,254810.0,1516120.0,5.95
601388.SH,20260911,3.36,3.36,3.36,3.36,275600.0,926016.0,3.36
601390.SH,20260911,4.43,4.43,4.43,4.43,639300.0,2832098.88,4.43
601398.SH,20260911,8.13,8.13,8.13,8.13,1730276.0,14067143.68,8.13
601399.SH,20260911,3.25,3.25,3.25,3.25,295400.0,960050.0,3.25
601456.SH,20260911,8.81,8.81,8.81,8.81,141700.0,1248376.96,8.81
601500.SH,20260911,3.97,3.97,3.97,3.97,38300.0,152051.0,3.97
601512.SH,20260911,8.76,8.76,8.76,8.76,9200.0,80592.0,8.76
601515.SH,20260911,3.27,3.27,3.27,3.27,21900.0,71613.0,3.27
601518.SH,20260911,2.87,2.87,2.87,2.87,5800.0,16646.0,2.87
601519.SH,20260911,8.66,8.66,8.66,8.66,109900.0,951734.0,8.66
601528.SH,20260911,5.18,5.18,5.18,5.18,133200.0,689976.0,5.18
601555.SH,20260911,8.51,8.51,8.51,8.51,194200.0,1652641.92,8.51
601566.SH,20260911,9.84,9.84,9.84,9.84,205400.0,2021136.0,9.84
601567.SH,20260911,13.31,13.31,13.31,13.31,34400.0,457864.0,13.31
601568.SH,20260911,3.83,3.83,3.83,3.83,136700.0,523561.0,3.83
601577.SH,20260911,10.11,10.11,10.11,10.11,91700.0,927087.04,10.11
601579.SH,20260911,24.3,24.2,24.3,24.2,390500.0,9454062.72,24.21
601588.SH,20260911,1.75,1.75,1.75,1.75,65799.0,115148.0,1.75
601595.SH,20260911,22.13,22.13,22.13,22.13,203200.0,4496816.0,22.13
601598.SH,20260911,6.46,6.46,6.46,6.46,43500.0,281010.0,6.46
601599.SH,20260911,3.29,3.29,3.29,3.29,30200.0,99358.0,3.29
601600.SH,20260911,9.6,9.6,9.6,9.6,4256200.0,40859520.0,9.6
601601.SH,20260911,33.63,33.63,33.63,33.63,185500.0,6238364.8,33.63
601606.SH,20260911,34.0,34.0,34.0,34.0,277700.0,9441799.68,34.0
601607.SH,20260911,16.3,16.3,16.3,16.3,36300.0,591690.0,16.3
601608.SH,20260911,4.93,4.93,4.93,4.93,527300.0,2599588.96,4.93
601609.SH,20260911,12.95,12.95,12.95,12.95,465100.0,6023045.12,12.95
601611.SH,20260911,10.97,10.97,10.97,10.97,170800.0,1873676.0,10.97
601615.SH,20260911,9.66,9.66,9.66,9.66,114000.0,1101240.0,9.66
601616.SH,20260911,3.87,3.87,3.87,3.87,35900.0,138933.0,3.87
601618.SH,20260911,2.62,2.62,2.62,2.62,251600.0,659192.0,2.62
601619.SH,20260911,4.16,4.16,4.16,4.16,115000.0,478400.0,4.16
601628.SH,20260911,38.09,38.09,38.09,38.09,164600.0,6269614.08,38.09
601633.SH,20260911,14.57,14.57,14.57,14.57,84300.0,1228251.04,14.57
601636.SH,20260911,5.71,5.71,5.71,5.71,242200.0,1382961.92,5.71
601658.SH,20260911,5.47,5.48,5.48,5.47,1385800.0,7594179.2,5.48
601665.SH,20260911,7.25,7.25,7.25,7.25,349100.0,2530975.04,7.25
601666.SH,20260911,9.56,9.56,9.56,9.56,112100.0,1071676.0,9.56
601668.SH,20260911,4.39,4.39,4.39,4.39,692600.0,3040513.92,4.39
601669.SH,20260911,4.66,4.66,4.66,4.66,645500.0,3008030.08,4.66
601677.SH,20260911,16.73,16.73,16.73,16.73,284700.0,4763031.04,16.73
601678.SH,20260911,5.98,5.98,5.98,5.98,883600.0,5283928.0,5.98
601686.SH,20260911,5.26,5.26,5.26,5.26,3800.0,19988.0,5.26
601688.SH,20260911,19.45,19.45,19.45,19.45,184600.0,3590470.08,19.45
601689.SH,20260911,43.8,43.8,43.8,43.8,109000.0,4774200.0,43.8
601696.SH,20260911,11.6,11.6,11.6,11.6,350600.0,4066960.0,11.6
601698.SH,20260911,24.09,24.12,24.12,24.09,60100.0,1449479.04,24.12
601699.SH,20260911,16.25,16.21,16.25,16.21,234800.0,3807961.92,16.22
601700.SH,20260911,6.34,6.33,6.34,6.33,1022500.0,6472679.04,6.33
601702.SH,20260911,15.2,15.2,15.2,15.2,62600.0,951520.0,15.2
601717.SH,20260911,14.37,14.37,14.37,14.37,101500.0,1458555.04,14.37
601718.SH,20260911,1.99,1.99,1.99,1.99,142600.0,283774.0,1.99
601727.SH,20260911,6.6,6.6,6.6,6.6,417400.0,2754840.0,6.6
601728.SH,20260911,6.2,6.2,6.2,6.2,410100.0,2542620.0,6.2
601766.SH,20260911,6.09,6.09,6.09,6.09,468700.0,2854383.04,6.09
601777.SH,20260911,7.99,7.99,7.99,7.99,106500.0,850935.04,7.99
601778.SH,20260911,3.54,3.54,3.54,3.54,366700.0,1298118.0,3.54
601788.SH,20260911,14.3,14.3,14.3,14.3,134600.0,1924780.0,14.3
601789.SH,20260911,4.21,4.21,4.21,4.21,237500.0,999875.04,4.21
601798.SH,20260911,7.71,7.71,7.71,7.71,33400.0,257514.0,7.71
601799.SH,20260911,72.35,72.35,72.35,72.35,25000.0,1808750.08,72.35
601800.SH,20260911,6.0,6.0,6.0,6.0,137800.0,826800.0,6.0
601801.SH,20260911,5.35,5.35,5.35,5.35,39200.0,209720.0,5.35
601808.SH,20260911,12.97,12.97,12.97,12.97,340600.0,4417582.08,12.97
601811.SH,20260911,11.63,11.63,11.63,11.63,19400.0,225622.0,11.63
601816.SH,20260911,4.84,4.84,4.84,4.84,693800.0,3357992.0,4.84
601818.SH,20260911,3.05,3.05,3.05,3.05,510400.0,1556720.0,3.05
601825.SH,20260911,9.01,9.01,9.01,9.01,74300.0,669443.0,9.01
601827.SH,20260911,8.18,8.18,8.18,8.18,6800.0,55624.0,8.18
601828.SH,20260911,2.25,2.25,2.25,2.25,204800.0,460800.0,2.25
601838.SH,20260911,20.3,20.3,20.3,20.3,79100.0,1605729.92,20.3
601857.SH,20260911,11.41,11.41,11.41,11.41,1197700.0,13665757.44,11.41
601858.SH,20260911,20.25,20.25,20.25,20.25,138270.0,2799968.0,20.25
601860.SH,20260911,2.67,2.67,2.67,2.67,451700.0,1206039.04,2.67
601865.SH,20260911,9.64,9.64,9.64,9.64,59300.0,571652.0,9.64
601866.SH,20260911,2.55,2.55,2.55,2.55,538800.0,1373940.0,2.55
601868.SH,20260911,2.5,2.5,2.5,2.5,811814.0,2029535.04,2.5
601869.SH,20260911,428.0,428.0,428.0,428.0,95100.0,40702799.36,428.0
601872.SH,20260911,21.46,21.46,21.46,21.46,3695356.16,79302338.56,21.46
601877.SH,20260911,25.13,25.13,25.13,25.11,148000.0,3719177.92,25.13
601878.SH,20260911,9.31,9.31,9.31,9.31,96800.0,901208.0,9.31
601880.SH,20260911,1.49,1.49,1.49,1.49,1028800.0,1532912.0,1.49
601881.SH,20260911,12.2,12.2,12.2,12.2,374600.0,4570120.0,12.2
601882.SH,20260911,22.0,22.0,22.0,22.0,27500.0,605000.0,22.0
601886.SH,20260911,12.82,12.82,12.82,12.82,15600.0,199992.0,12.82
601888.SH,20260911,52.21,52.21,52.21,52.2,145400.0,7591271.04,52.21
601890.SH,20260911,10.34,10.34,10.34,10.34,2805800.0,29011973.12,10.34
601898.SH,20260911,15.04,15.04,15.04,15.04,162000.0,2436480.0,15.04
601899.SH,20260911,32.5,32.5,32.5,32.5,6970099.84,226528256.0,32.5
601900.SH,20260911,12.17,12.17,12.17,12.17,76700.0,933439.04,12.17
601901.SH,20260911,6.94,6.94,6.94,6.94,450000.0,3123000.0,6.94
601908.SH,20260911,3.0,3.0,3.0,3.0,117100.0,351300.0,3.0
601916.SH,20260911,2.99,2.99,2.99,2.99,687100.0,2054428.96,2.99
601918.SH,20260911,10.54,10.54,10.54,10.54,206600.0,2177564.0,10.54
601919.SH,20260911,16.44,16.44,16.44,16.44,446500.0,7340460.16,16.44
601921.SH,20260911,7.46,7.46,7.46,7.46,30300.0,226038.0,7.46
601928.SH,20260911,8.48,8.48,8.48,8.48,24000.0,203520.0,8.48
601929.SH,20260911,2.45,2.45,2.45,2.45,1037499.04,2541872.96,2.45
601933.SH,20260911,3.21,3.21,3.21,3.21,565100.0,1813971.04,3.21
601939.SH,20260911,10.97,10.97,10.97,10.97,1049900.0,11517402.88,10.97
601949.SH,20260911,6.26,6.26,6.26,6.26,6840000.0,42818401.28,6.26
601952.SH,20260911,9.97,9.97,9.97,9.97,1142400.0,11389728.0,9.97
601956.SH,20260911,4.92,4.92,4.92,4.92,7400.0,36408.0,4.92
601958.SH,20260911,20.78,20.78,20.78,20.78,556400.0,11561991.68,20.78
601963.SH,20260911,11.38,11.38,11.38,11.38,43600.0,496168.0,11.38
601965.SH,20260911,13.6,13.6,13.6,13.6,17800.0,242080.0,13.6
601966.SH,20260911,10.75,10.75,10.75,10.75,27100.0,291325.0,10.75
601968.SH,20260911,4.65,4.65,4.65,4.65,5300.0,24645.0,4.65
601969.SH,20260911,10.0,10.0,10.0,10.0,186300.0,1863000.0,10.0
601975.SH,20260911,4.9,4.9,4.9,4.9,3393000.0,16625699.84,4.9
601985.SH,20260911,9.08,9.08,9.08,9.08,223100.0,2025748.0,9.08
601988.SH,20260911,6.56,6.56,6.56,6.56,1727200.0,11330432.0,6.56
601990.SH,20260911,6.81,6.81,6.81,6.81,100700.0,685767.04,6.81
601991.SH,20260911,5.94,5.94,5.95,5.94,2294700.0,13631258.88,5.94
601992.SH,20260911,1.41,1.41,1.41,1.41,151100.0,213051.0,1.41
601995.SH,20260911,32.3,32.3,32.35,32.3,157000.0,5071165.12,32.3
601996.SH,20260911,2.88,2.88,2.88,2.88,125000.0,360000.0,2.88
601997.SH,20260911,5.71,5.71,5.71,5.71,268100.0,1530851.04,5.71
601998.SH,20260911,8.99,8.99,8.99,8.99,295600.0,2657444.0,8.99
601999.SH,20260911,7.19,7.19,7.19,7.19,1726700.0,12414973.44,7.19
603000.SH,20260911,16.45,16.45,16.45,16.45,113500.0,1867075.04,16.45
603001.SH,20260911,8.87,8.87,8.87,8.87,67500.0,598725.0,8.87
603002.SH,20260911,16.41,16.41,16.41,16.41,533700.0,8758017.28,16.41
603004.SH,20260911,18.11,18.11,18.11,18.11,9700.0,175667.0,18.11
603005.SH,20260911,28.73,28.73,28.73,28.73,239000.0,6866469.76,28.73
603006.SH,20260911,10.66,10.66,10.66,10.66,37500.0,399750.0,10.66
603007.SH,20260911,4.87,4.87,4.87,4.87,96600.0,470442.0,4.87
603008.SH,20260911,8.93,8.93,8.93,8.93,56400.0,503652.0,8.93
603009.SH,20260911,45.5,45.5,45.5,45.5,24800.0,1128400.0,45.5
603010.SH,20260911,11.67,11.67,11.67,11.67,16800.0,196056.0,11.67
603011.SH,20260911,26.39,26.39,26.39,26.39,697500.0,18407024.64,26.39
603012.SH,20260911,9.64,9.64,9.64,9.64,24800.0,239072.0,9.64
603013.SH,20260911,14.4,14.4,14.4,14.4,8000.0,115200.0,14.4
603014.SH,20260911,30.95,30.95,30.95,30.95,5900.0,182605.0,30.95
603015.SH,20260911,10.72,10.72,10.72,10.72,0.0,0.0,10.72
603016.SH,20260911,28.74,28.74,28.74,28.74,44000.0,1264560.0,28.74
603017.SH,20260911,10.08,10.08,10.08,10.08,10600.0,106848.0,10.08
603018.SH,20260911,5.38,5.38,5.38,5.38,15300.0,82314.0,5.38
603019.SH,20260911,81.73,81.73,81.73,81.73,156600.0,12798918.4,81.73
603020.SH,20260911,10.33,10.33,10.33,10.33,77000.0,795410.0,10.33
603021.SH,20260911,5.61,5.61,5.61,5.61,4900.0,27489.0,5.61
603022.SH,20260911,8.94,8.94,8.94,8.94,32200.0,287868.0,8.94
603023.SH,20260911,4.11,4.11,4.11,4.11,22100.0,90831.0,4.11
603025.SH,20260911,13.08,13.08,13.08,13.08,24500.0,320460.0,13.08
603026.SH,20260911,63.02,63.02,63.02,63.02,29400.0,1852788.0,63.02
603027.SH,20260911,7.42,7.41,7.42,7.41,59300.0,439448.0,7.41
603028.SH,20260911,7.03,7.03,7.03,7.03,51300.0,360639.0,7.03
603029.SH,20260911,16.65,16.65,16.65,16.65,29300.0,487845.0,16.65
603030.SH,20260911,2.17,2.17,2.17,2.17,56400.0,122388.0,2.17
603031.SH,20260911,41.93,41.93,41.93,41.93,16700.0,700231.04,41.93
603032.SH,20260911,18.4,18.4,18.4,18.4,37700.0,693680.0,18.4
603033.SH,20260911,7.28,7.28,7.28,7.28,27700.0,201656.0,7.28
603035.SH,20260911,10.59,10.59,10.59,10.59,11700.0,123903.0,10.59
603036.SH,20260911,12.92,12.92,12.92,12.92,20900.0,270028.0,12.92
603037.SH,20260911,9.97,9.97,9.97,9.97,3200.0,31904.0,9.97
603038.SH,20260911,16.21,16.21,16.21,16.21,5000.0,81050.0,16.21
603039.SH,20260911,36.27,36.27,36.27,36.27,53500.0,1940444.96,36.27
603040.SH,20260911,47.58,47.58,47.58,47.58,9900.0,471042.0,47.58
603041.SH,20260911,11.22,11.22,11.22,11.22,30700.0,344454.0,11.22
603042.SH,20260911,15.31,15.31,15.31,15.31,1218870.0,18660899.84,15.31
603043.SH,20260911,13.67,13.67,13.67,13.67,17100.0,233757.0,13.67
603045.SH,20260911,49.35,49.35,49.35,49.35,43600.0,2151660.0,49.35
603048.SH,20260911,22.95,22.95,22.95,22.95,2100.0,48195.0,22.95
603049.SH,20260911,46.88,46.88,46.88,46.88,8700.0,407856.0,46.88
603050.SH,20260911,18.15,18.15,18.15,18.15,900.0,16335.0,18.15
603051.SH,20260911,22.3,22.3,22.3,22.3,22600.0,503980.0,22.3
603052.SH,20260911,54.32,54.32,54.32,54.32,15000.0,814800.0,54.32
603053.SH,20260911,9.03,9.03,9.03,9.03,31600.0,285348.0,9.03
603055.SH,20260911,9.25,9.25,9.25,9.25,11100.0,102675.0,9.25
603057.SH,20260911,19.78,19.78,19.78,19.78,4500.0,89010.0,19.78
603058.SH,20260911,9.13,9.13,9.13,9.13,24000.0,219120.0,9.13
603059.SH,20260911,23.8,23.8,23.8,23.8,10900.0,259420.0,23.8
603060.SH,20260911,5.58,5.58,5.58,5.58,17100.0,95418.0,5.58
603061.SH,20260911,309.7,309.7,309.7,309.7,4900.0,1517529.92,309.7
603062.SH,20260911,37.15,37.15,37.15,37.15,1500.0,55725.0,37.15
603063.SH,20260911,30.35,30.35,30.35,30.35,33000.0,1001550.0,30.35
603065.SH,20260911,13.77,13.77,13.77,13.77,93900.0,1293003.04,13.77
603066.SH,20260911,9.33,9.33,9.33,9.33,161000.0,1502129.92,9.33
603067.SH,20260911,34.8,34.8,34.8,34.8,160400.0,5581920.0,34.8
603068.SH,20260911,36.03,36.03,36.03,36.03,43500.0,1567304.96,36.03
603069.SH,20260911,14.07,14.07,14.07,14.07,128200.0,1803774.08,14.07
603070.SH,20260911,11.63,11.65,11.65,11.63,4300.0,50087.0,11.65
603071.SH,20260911,12.43,12.43,12.43,12.43,24200.0,300806.0,12.43
603072.SH,20260911,30.63,30.63,30.63,30.63,6000.0,183780.0,30.63
603073.SH,20260911,16.51,16.51,16.51,16.51,18800.0,310388.0,16.51
603075.SH,20260911,19.74,19.74,19.74,19.74,54800.0,1081752.0,19.74
603076.SH,20260911,20.14,20.14,20.14,20.14,5700.0,114798.0,20.14
603077.SH,20260911,2.44,2.44,2.44,2.44,1649000.0,4023560.0,2.44
603078.SH,20260911,31.02,31.02,31.02,31.02,23800.0,738276.0,31.02
603079.SH,20260911,12.73,12.73,12.73,12.73,29100.0,370443.0,12.73
603080.SH,20260911,20.2,20.2,20.2,20.2,19700.0,397940.0,20.2
603081.SH,20260911,9.9,9.9,9.9,9.9,2000.0,19800.0,9.9
603082.SH,20260911,45.53,45.53,45.53,45.53,18800.0,855964.0,45.53
603083.SH,20260911,232.0,230.03,232.0,230.03,425359.0,97877043.2,230.11
603085.SH,20260911,9.72,9.72,9.72,9.72,22700.0,220644.0,9.72
603086.SH,20260911,6.39,6.39,6.39,6.39,69000.0,440910.0,6.39
603087.SH,20260911,67.53,67.53,67.53,67.53,29100.0,1965123.04,67.53
603088.SH,20260911,10.07,10.07,10.07,10.07,21000.0,211470.0,10.07
603089.SH,20260911,9.4,9.4,9.4,9.4,28200.0,265080.0,9.4
603090.SH,20260911,34.8,34.8,34.8,34.8,122700.0,4269960.0,34.8
603091.SH,20260911,48.03,48.03,48.03,48.03,3700.0,177711.0,48.03
603092.SH,20260911,40.64,40.64,40.64,40.64,5600.0,227584.0,40.64
603093.SH,20260911,13.44,13.44,13.44,13.44,363165.0,4880937.92,13.44
603095.SH,20260911,13.97,13.97,13.97,13.97,51100.0,713867.04,13.97
603096.SH,20260911,15.35,15.35,15.35,15.35,10200.0,156570.0,15.35
603097.SH,20260911,18.9,18.9,18.9,18.9,1700.0,32130.0,18.9
603098.SH,20260911,11.26,11.26,11.26,11.26,19900.0,224074.0,11.26
603099.SH,20260911,37.55,37.55,37.55,37.55,36500.0,1370575.04,37.55
603100.SH,20260911,18.35,18.35,18.35,18.35,46400.0,851440.0,18.35
603101.SH,20260911,7.91,7.9,7.91,7.9,118800.0,938550.0,7.9
603102.SH,20260911,35.99,35.99,35.99,35.99,6900.0,248331.0,35.99
603103.SH,20260911,16.34,16.34,16.34,16.34,60900.0,995106.0,16.34
603105.SH,20260911,8.5,8.6,8.63,8.5,2868099.84,24655004.16,8.6
603106.SH,20260911,7.84,7.75,7.86,7.75,1514600.0,11741374.72,7.75
603107.SH,20260911,11.87,11.87,11.87,11.87,5600.0,66472.0,11.87
603108.SH,20260911,9.58,9.6,9.6,9.58,28000.0,268756.0,9.6
603109.SH,20260911,16.96,16.96,16.96,16.96,2200.0,37312.0,16.96
603110.SH,20260911,23.1,23.1,23.1,23.1,22100.0,510510.0,23.1
603111.SH,20260911,6.19,6.19,6.19,6.19,3000.0,18570.0,6.19
603112.SH,20260911,16.7,16.7,16.7,16.7,29300.0,489310.0,16.7
603113.SH,20260911,5.23,5.22,5.24,5.22,535900.0,2797978.88,5.22
603115.SH,20260911,84.01,84.01,84.01,84.01,89500.0,7518894.72,84.01
603116.SH,20260911,6.25,6.25,6.25,6.25,3500.0,21875.0,6.25
603117.SH,20260911,4.12,4.12,4.12,4.12,100900.0,415708.0,4.12
603118.SH,20260911,16.42,16.42,16.42,16.42,746400.0,12255887.36,16.42
603119.SH,20260911,51.63,51.63,51.63,51.63,46400.0,2395632.0,51.63
603120.SH,20260911,50.02,50.02,50.02,50.02,15400.0,770308.0,50.02
603121.SH,20260911,12.8,12.8,12.8,12.8,7600.0,97280.0,12.8
603122.SH,20260911,12.86,12.86,12.86,12.86,187300.0,2408678.08,12.86
603123.SH,20260911,11.0,11.0,11.0,11.0,1385600.0,15241600.0,11.0
603124.SH,20260911,123.97,123.97,123.97,123.97,17300.0,2144680.96,123.97
603125.SH,20260911,22.88,22.88,22.88,22.88,11000.0,251680.0,22.88
603126.SH,20260911,6.36,6.36,6.36,6.36,13600.0,86496.0,6.36
603127.SH,20260911,42.14,42.11,42.14,42.11,139800.0,5887011.2,42.11
603128.SH,20260911,5.65,5.63,5.65,5.63,178300.0,1004388.96,5.63
603129.SH,20260911,285.64,285.64,285.64,285.64,800.0,228512.0,285.64
603130.SH,20260911,36.86,36.86,36.86,36.86,100.0,3686.0,36.86
603131.SH,20260911,14.09,14.09,14.09,14.09,9200.0,129628.0,14.09
603132.SH,20260911,19.18,19.19,19.19,19.18,93100.0,1786585.92,19.19
603135.SH,20260911,8.68,8.68,8.68,8.68,39600.0,343728.0,8.68
603136.SH,20260911,9.65,9.71,9.71,9.65,164800.0,1600024.0,9.71
603137.SH,20260911,19.28,19.28,19.28,19.28,140000.0,2699200.0,19.28
603138.SH,20260911,14.12,14.12,14.12,14.12,226700.0,3201004.16,14.12
603139.SH,20260911,38.88,38.9,38.96,38.88,51100.0,1988550.08,38.92
603150.SH,20260911,69.14,69.14,69.14,69.14,1900.0,131366.0,69.14
603151.SH,20260911,18.4,18.4,18.4,18.4,21400.0,393760.0,18.4
603153.SH,20260911,13.65,13.65,13.65,13.65,1700.0,23205.0,13.65
603155.SH,20260911,13.35,13.35,13.35,13.35,16690.0,222812.0,13.35
603156.SH,20260911,41.04,41.04,41.04,41.04,70600.0,2897424.0,41.04
603158.SH,20260911,10.61,10.61,10.61,10.61,33100.0,351191.0,10.61
603159.SH,20260911,23.74,23.74,23.74,23.74,0.0,0.0,23.74
603160.SH,20260911,50.9,50.9,50.9,50.9,15200.0,773680.0,50.9
603161.SH,20260911,16.43,16.43,16.43,16.43,36800.0,604624.0,16.43
603162.SH,20260911,15.37,15.37,15.37,15.37,2105600.0,32363072.0,15.37
603163.SH,20260911,81.83,81.83,81.83,81.83,36700.0,3003160.96,81.83
603165.SH,20260911,13.61,13.61,13.61,13.61,7700.0,104797.0,13.61
603166.SH,20260911,10.68,10.68,10.68,10.68,70300.0,750804.0,10.68
603167.SH,20260911,8.18,8.18,8.18,8.18,3300.0,26994.0,8.18
603168.SH,20260911,5.85,5.85,5.85,5.85,16800.0,98280.0,5.85
603169.SH,20260911,6.68,6.68,6.68,6.68,51000.0,340680.0,6.68
603170.SH,20260911,12.57,12.57,12.57,12.57,4400.0,55308.0,12.57
603171.SH,20260911,39.6,39.6,39.6,39.6,24500.0,970200.0,39.6
603172.SH,20260911,18.92,18.92,18.92,18.92,3400.0,64328.0,18.92
603173.SH,20260911,29.48,29.48,29.48,29.48,1600.0,47168.0,29.48
603175.SH,20260911,94.75,94.75,94.75,94.75,6200.0,587450.0,94.75
603176.SH,20260911,5.32,5.32,5.32,5.32,6900.0,36708.0,5.32
603177.SH,20260911,10.56,10.56,10.56,10.56,13000.0,137280.0,10.56
603178.SH,20260911,16.54,16.54,16.54,16.54,29800.0,492892.0,16.54
603179.SH,20260911,38.39,38.39,38.39,38.39,46900.0,1800491.04,38.39
603180.SH,20260911,15.61,15.61,15.61,15.61,1300.0,20293.0,15.61
603181.SH,20260911,12.45,12.45,12.45,12.45,56800.0,707160.0,12.45
603182.SH,20260911,13.84,13.84,13.84,13.84,8500.0,117640.0,13.84
603183.SH,20260911,5.0,5.0,5.0,5.0,134600.0,673000.0,5.0
603185.SH,20260911,14.4,14.4,14.4,14.4,6100.0,87840.0,14.4
603186.SH,20260911,216.5,216.5,216.5,216.5,209600.0,45378401.28,216.5
603187.SH,20260911,10.88,10.88,10.88,10.88,64000.0,696320.0,10.88
603188.SH,20260911,4.75,4.75,4.75,4.75,46300.0,219925.0,4.75
603189.SH,20260911,9.56,9.56,9.56,9.56,9600.0,91776.0,9.56
603190.SH,20260911,16.0,16.0,16.0,16.0,2300.0,36800.0,16.0
603191.SH,20260911,13.91,13.91,13.98,13.91,214800.0,2988120.0,13.91
603192.SH,20260911,20.45,20.45,20.45,20.45,16900.0,345605.0,20.45
603193.SH,20260911,19.8,19.8,19.8,19.8,15400.0,304920.0,19.8
603194.SH,20260911,34.07,34.07,34.07,34.07,4000.0,136280.0,34.07
603195.SH,20260911,38.54,38.54,38.54,38.54,5300.0,204262.0,38.54
603196.SH,20260911,18.5,18.5,18.5,18.5,7900.0,146150.0,18.5
603197.SH,20260911,28.88,28.88,28.88,28.88,22000.0,635360.0,28.88
603198.SH,20260911,38.1,38.09,38.1,38.09,8800.0,335194.0,38.09
603199.SH,20260911,33.3,33.3,33.3,33.3,19700.0,656010.0,33.3
603200.SH,20260911,37.24,37.24,37.24,37.24,36000.0,1340640.0,37.24
603201.SH,20260911,15.02,15.02,15.02,15.02,1900.0,28538.0,15.02
603202.SH,20260911,51.4,51.4,51.4,51.4,8200.0,421480.0,51.4
603203.SH,20260911,43.1,43.04,43.1,43.04,77800.0,3348704.0,43.04
603205.SH,20260911,22.15,22.15,22.15,22.15,100.0,2215.0,22.15
603206.SH,20260911,13.5,13.5,13.5,13.5,4500.0,60750.0,13.5
603207.SH,20260911,23.9,23.9,23.9,23.9,69900.0,1670609.92,23.9
603208.SH,20260911,11.19,11.19,11.19,11.19,11900.0,133161.0,11.19
603209.SH,20260911,14.92,14.92,14.92,14.92,34100.0,508772.0,14.92
603210.SH,20260911,13.1,13.1,13.1,13.1,12900.0,168990.0,13.1
603211.SH,20260911,19.88,19.88,19.88,19.88,19500.0,387660.0,19.88
603212.SH,20260911,11.73,11.73,11.73,11.73,22500.0,263925.0,11.73
603213.SH,20260911,13.67,13.67,13.67,13.67,11600.0,158572.0,13.67
603214.SH,20260911,13.46,13.46,13.46,13.46,227700.0,3064841.92,13.46
603215.SH,20260911,14.05,14.05,14.05,14.05,1100.0,15455.0,14.05
603216.SH,20260911,24.1,24.1,24.1,24.1,279300.0,6731130.24,24.1
603217.SH,20260911,26.68,26.68,26.68,26.68,32200.0,859096.0,26.68
603218.SH,20260911,9.29,9.29,9.29,9.29,18000.0,167220.0,9.29
603219.SH,20260911,12.9,12.9,12.9,12.9,50400.0,650160.0,12.9
603220.SH,20260911,18.4,18.4,18.4,18.4,368200.0,6774880.0,18.4
603221.SH,20260911,26.0,26.0,26.2,26.0,233300.0,6067009.92,26.01
603222.SH,20260911,7.88,7.88,7.88,7.88,34900.0,275012.0,7.88
603223.SH,20260911,10.22,10.22,10.22,10.22,18000.0,183960.0,10.22
603225.SH,20260911,18.09,18.09,18.09,18.09,87100.0,1575639.04,18.09
603226.SH,20260911,36.88,36.88,36.88,36.88,54500.0,2009960.0,36.88
603227.SH,20260911,7.89,7.89,7.89,7.89,77000.0,607530.0,7.89
603228.SH,20260911,109.5,108.0,109.5,107.99,385448.0,41639060.48,108.03
603229.SH,20260911,7.67,7.67,7.67,7.67,6000.0,46020.0,7.67
603230.SH,20260911,9.61,9.61,9.61,9.61,86700.0,833187.04,9.61
603231.SH,20260911,16.66,16.66,16.66,16.66,1400.0,23324.0,16.66
603232.SH,20260911,15.13,15.07,15.13,15.07,20400.0,307700.0,15.08
603233.SH,20260911,18.05,18.05,18.05,18.05,28900.0,521645.0,18.05
603235.SH,20260911,25.62,25.62,25.62,25.62,12200.0,312564.0,25.62
603236.SH,20260911,60.27,60.27,60.27,60.27,46100.0,2778447.04,60.27
603237.SH,20260911,15.32,15.32,15.32,15.32,8400.0,128688.0,15.32
603238.SH,20260911,12.15,12.15,12.15,12.15,18900.0,229635.0,12.15
603239.SH,20260911,13.8,13.8,13.8,13.8,3300.0,45540.0,13.8
603248.SH,20260911,17.16,17.16,17.16,17.16,9900.0,169884.0,17.16
603255.SH,20260911,29.83,29.83,29.83,29.83,4800.0,143184.0,29.83
603256.SH,20260911,127.43,127.43,127.43,127.43,60600.0,7722257.92,127.43
603257.SH,20260911,70.88,70.88,70.88,70.88,11300.0,800944.0,70.88
603258.SH,20260911,13.5,13.5,13.5,13.5,2800.0,37800.0,13.5
603259.SH,20260911,154.0,154.0,154.0,154.0,174872.0,26930288.64,154.0
603260.SH,20260911,32.83,32.83,32.83,32.83,34500.0,1132635.04,32.83
603261.SH,20260911,58.0,58.0,58.0,58.0,10400.0,603200.0,58.0
603262.SH,20260911,17.14,17.14,17.14,17.14,19700.0,337658.0,17.14
603266.SH,20260911,15.61,15.61,15.61,15.61,3000.0,46830.0,15.61
603267.SH,20260911,47.29,47.29,47.29,47.29,31100.0,1470719.04,47.29
603268.SH,20260911,198.0,198.0,198.0,198.0,18000.0,3564000.0,198.0
603269.SH,20260911,26.37,26.37,26.37,26.37,246100.0,6489656.96,26.37
603270.SH,20260911,31.87,31.87,31.87,31.87,61800.0,1969566.08,31.87
603271.SH,20260911,39.21,39.21,39.21,39.21,1100.0,43131.0,39.21
603272.SH,20260911,15.88,15.88,15.88,15.88,11900.0,188972.0,15.88
603273.SH,20260911,14.51,14.51,14.51,14.51,1500.0,21765.0,14.51
603275.SH,20260911,35.5,35.5,35.5,35.5,6400.0,227200.0,35.5
603276.SH,20260911,16.93,16.93,16.93,16.93,1400.0,23702.0,16.93
603277.SH,20260911,11.07,11.07,11.07,11.07,6100.0,67527.0,11.07
603278.SH,20260911,9.21,9.21,9.21,9.21,16900.0,155649.0,9.21
603279.SH,20260911,11.41,11.41,11.41,11.41,35500.0,405055.0,11.41
603280.SH,20260911,26.2,26.2,26.2,26.2,11300.0,296060.0,26.2
603281.SH,20260911,18.55,18.55,18.55,18.55,11300.0,209615.0,18.55
603282.SH,20260911,16.34,16.34,16.34,16.34,5100.0,83334.0,16.34
603283.SH,20260911,44.11,44.11,44.11,44.11,78100.0,3444991.04,44.11
603284.SH,20260911,40.54,40.54,40.54,40.54,5600.0,227024.0,40.54
603285.SH,20260911,33.94,33.94,33.94,33.94,84600.0,2871324.16,33.94
603286.SH,20260911,43.6,43.6,43.6,43.6,11400.0,497040.0,43.6
603288.SH,20260911,33.8,33.8,33.8,33.8,113800.0,3846440.0,33.8
603289.SH,20260911,9.5,9.5,9.5,9.5,20300.0,192850.0,9.5
603290.SH,20260911,82.4,82.4,82.4,82.4,13200.0,1087680.0,82.4
603291.SH,20260911,8.96,8.96,8.96,8.96,9900.0,88704.0,8.96
603293.SH,20260911,36.86,36.86,36.86,36.86,30100.0,1109486.0,36.86
603296.SH,20260911,74.01,74.01,74.01,74.01,111820.0,8275797.76,74.01
603297.SH,20260911,102.9,102.9,102.9,102.9,4700.0,483630.0,102.9
603298.SH,20260911,25.11,25.11,25.11,25.11,60181.0,1511144.96,25.11
603299.SH,20260911,8.91,8.91,8.91,8.91,32500.0,289575.0,8.91
603300.SH,20260911,4.76,4.76,4.76,4.76,147600.0,702576.0,4.76
603301.SH,20260911,83.96,84.19,84.19,83.96,24600.0,2070204.0,84.16
603303.SH,20260911,25.25,25.25,25.25,25.25,10900.0,275225.0,25.25
603305.SH,20260911,10.81,10.8,10.81,10.8,105800.0,1142650.0,10.8
603306.SH,20260911,77.0,77.0,77.0,77.0,43100.0,3318700.16,77.0
603307.SH,20260911,24.48,24.48,24.48,24.48,8000.0,195840.0,24.48
603308.SH,20260911,44.05,43.99,44.14,43.99,174600.0,7680885.76,43.99
603309.SH,20260911,11.04,11.04,11.04,11.04,19800.0,218592.0,11.04
603310.SH,20260911,14.82,14.82,14.82,14.82,15400.0,228228.0,14.82
603311.SH,20260911,24.97,24.97,24.97,24.97,73000.0,1822809.92,24.97
603312.SH,20260911,32.19,32.19,32.19,32.19,500.0,16095.0,32.19
603313.SH,20260911,6.58,6.58,6.58,6.58,120800.0,794864.0,6.58
603315.SH,20260911,10.9,10.9,10.9,10.9,65200.0,710680.0,10.9
603316.SH,20260911,15.3,15.22,15.3,15.22,1088600.0,16569688.32,15.22
603317.SH,20260911,12.83,12.83,12.83,12.83,49700.0,637651.0,12.83
603318.SH,20260911,11.05,11.0,11.14,11.0,4405248.96,48465141.76,11.0
603319.SH,20260911,29.16,29.16,29.16,29.16,36200.0,1055592.0,29.16
603320.SH,20260911,18.26,18.26,18.26,18.26,8600.0,157036.0,18.26
603321.SH,20260911,7.52,7.52,7.52,7.52,107100.0,805392.0,7.52
603322.SH,20260911,30.7,30.7,30.7,30.7,43000.0,1320100.0,30.7
603323.SH,20260911,4.65,4.65,4.65,4.65,250000.0,1162500.0,4.65
603324.SH,20260911,25.1,25.1,25.1,25.1,11300.0,283630.0,25.1
603325.SH,20260911,52.94,52.94,52.94,52.94,0.0,0.0,52.94
603326.SH,20260911,7.63,7.63,7.63,7.63,24600.0,187698.0,7.63
603327.SH,20260911,8.61,8.62,8.62,8.61,133900.0,1154176.0,8.62
603328.SH,20260911,11.82,11.82,11.82,11.82,599500.0,7086090.24,11.82
603329.SH,20260911,10.19,10.19,10.19,10.19,35300.0,359707.0,10.19
603330.SH,20260911,9.33,9.33,9.33,9.33,491249.0,4583352.96,9.33
603331.SH,20260911,13.35,13.35,13.35,13.35,21200.0,283020.0,13.35
603332.SH,20260911,11.58,11.58,11.58,11.58,16200.0,187596.0,11.58
603333.SH,20260911,9.49,9.49,9.49,9.49,140500.0,1333344.96,9.49
603334.SH,20260911,30.94,30.94,30.94,30.94,13500.0,417690.0,30.94
603335.SH,20260911,6.29,6.29,6.29,6.29,11600.0,72964.0,6.29
603336.SH,20260911,9.05,9.05,9.05,9.05,80400.0,727620.0,9.05
603337.SH,20260911,36.64,36.64,36.64,36.64,16900.0,619216.0,36.64
603338.SH,20260911,58.26,58.26,58.26,58.26,14000.0,815640.0,58.26
603339.SH,20260911,11.9,11.9,11.9,11.9,72400.0,861560.0,11.9
603341.SH,20260911,35.5,35.6,35.6,35.5,63500.0,2259745.92,35.59
603344.SH,20260911,24.13,24.13,24.13,24.13,4200.0,101346.0,24.13
603345.SH,20260911,75.25,75.25,75.25,75.25,35700.0,2686424.96,75.25
603348.SH,20260911,14.43,14.43,14.43,14.43,3800.0,54834.0,14.43
603350.SH,20260911,27.67,27.67,27.67,27.67,800.0,22136.0,27.67
603351.SH,20260911,25.2,25.2,25.2,25.2,0.0,0.0,25.2
603352.SH,20260911,24.73,24.73,24.73,24.73,8900.0,220097.0,24.73
603353.SH,20260911,39.2,39.0,39.2,39.0,216300.0,8435950.08,39.0
603355.SH,20260911,29.2,29.2,29.2,29.2,8800.0,256960.0,29.2
603356.SH,20260911,17.13,17.13,17.13,17.13,9400.0,161022.0,17.13
603357.SH,20260911,6.1,6.1,6.1,6.1,11600.0,70760.0,6.1
603358.SH,20260911,44.91,44.91,44.91,44.91,30600.0,1374246.08,44.91
603359.SH,20260911,2.43,2.43,2.43,2.43,6100.0,14823.0,2.43
603360.SH,20260911,12.63,12.63,12.63,12.63,34300.0,433209.0,12.63
603363.SH,20260911,3.11,3.11,3.11,3.11,173700.0,540207.0,3.11
603365.SH,20260911,16.59,16.59,16.59,16.59,4600.0,76314.0,16.59
603366.SH,20260911,7.99,7.99,7.99,7.99,2965926.08,23697748.48,7.99
603367.SH,20260911,14.21,14.21,14.21,14.21,22000.0,312620.0,14.21
603368.SH,20260911,15.59,15.59,15.59,15.59,24300.0,378837.0,15.59
603369.SH,20260911,29.56,29.56,29.56,29.56,25100.0,741956.0,29.56
603370.SH,20260911,27.37,27.37,27.37,27.37,17700.0,484449.0,27.37
603373.SH,20260911,39.5,39.5,39.5,39.5,4500.0,177750.0,39.5
603375.SH,20260911,45.0,44.91,45.0,44.91,13000.0,584127.0,44.93
603376.SH,20260911,28.0,28.0,28.0,28.0,29200.0,817600.0,28.0
603377.SH,20260911,3.08,3.08,3.08,3.08,4700.0,14476.0,3.08
603378.SH,20260911,7.18,7.18,7.18,7.18,176800.0,1269424.0,7.18
603379.SH,20260911,55.67,55.67,55.67,55.67,35600.0,1981852.0,55.67
603380.SH,20260911,32.49,32.49,32.49,32.49,12600.0,409374.0,32.49
603381.SH,20260911,14.58,14.58,14.58,14.58,9800.0,142884.0,14.58
603382.SH,20260911,18.88,18.88,18.88,18.88,3400.0,64192.0,18.88
603383.SH,20260911,27.73,27.73,27.73,27.73,4900.0,135877.0,27.73
603385.SH,20260911,5.75,5.75,5.75,5.75,20200.0,116150.0,5.75
603386.SH,20260911,15.08,15.08,15.08,15.08,69500.0,1048060.0,15.08
603387.SH,20260911,9.18,9.18,9.18,9.18,26000.0,238680.0,9.18
603389.SH,20260911,45.69,45.69,45.69,45.68,20700.0,945782.0,45.69
603390.SH,20260911,10.49,10.49,10.49,10.49,72800.0,763672.0,10.49
603391.SH,20260911,67.0,66.45,67.0,66.45,3600.0,239275.0,66.46
603392.SH,20260911,27.01,27.02,27.02,27.01,26200.0,707915.04,27.02
603393.SH,20260911,27.6,27.5,27.6,27.5,165000.0,4538469.12,27.51
603395.SH,20260911,28.57,28.57,28.57,28.57,125899.0,3596934.08,28.57
603396.SH,20260911,27.16,27.16,27.16,27.16,60100.0,1632316.0,27.16
603398.SH,20260911,9.16,9.16,9.16,9.16,89500.0,819820.0,9.16
603399.SH,20260911,13.4,13.4,13.4,13.4,217300.0,2911820.16,13.4
603400.SH,20260911,51.5,51.5,51.5,51.5,13700.0,705550.0,51.5
603402.SH,20260911,66.5,66.12,66.5,66.12,36200.0,2394265.92,66.14
603406.SH,20260911,31.06,31.06,31.06,31.06,44300.0,1375958.08,31.06
603407.SH,20260911,52.01,52.01,52.01,52.01,26200.0,1362662.08,52.01
603408.SH,20260911,11.59,11.59,11.59,11.59,41100.0,476349.0,11.59
603409.SH,20260911,17.7,17.7,17.7,17.7,1700.0,30090.0,17.7
603416.SH,20260911,45.59,45.59,45.59,45.59,12100.0,551639.0,45.59
603418.SH,20260911,46.45,46.45,46.45,46.45,12200.0,566690.0,46.45
603421.SH,20260911,6.8,6.8,6.87,6.8,2748400.0,18690164.48,6.8
603429.SH,20260911,9.25,9.25,9.25,9.25,0.0,0.0,9.25
603435.SH,20260911,45.7,45.7,45.7,45.7,8300.0,379310.0,45.7
603439.SH,20260911,11.27,11.27,11.27,11.27,10500.0,118335.0,11.27
603444.SH,20260911,382.67,382.94,382.94,382.67,3600.0,1378556.96,382.93
603448.SH,20260911,63.65,63.65,63.65,63.65,105897.0,6740344.32,63.65
603456.SH,20260911,14.77,14.77,14.77,14.77,64000.0,945280.0,14.77
603458.SH,20260911,10.91,10.91,10.91,10.91,120600.0,1315746.0,10.91
603459.SH,20260911,84.99,84.99,84.99,84.99,135400.0,11507645.44,84.99
603466.SH,20260911,11.85,11.85,11.85,11.85,972200.0,11520569.6,11.85
603468.SH,20260911,22.02,22.02,22.02,22.02,18200.0,400764.0,22.02
603477.SH,20260911,15.65,15.65,15.65,15.65,24500.0,383425.0,15.65
603486.SH,20260911,49.85,49.85,49.85,49.85,18700.0,932195.04,49.85
603488.SH,20260911,8.37,8.37,8.37,8.37,25100.0,210087.0,8.37
603489.SH,20260911,27.06,27.06,27.06,27.06,10400.0,281424.0,27.06
603496.SH,20260911,22.26,22.26,22.26,22.26,52500.0,1168650.0,22.26
603499.SH,20260911,14.1,14.1,14.1,14.1,1800.0,25380.0,14.1
603500.SH,20260911,9.41,9.41,9.41,9.41,64100.0,603181.0,9.41
603501.SH,20260911,78.28,78.28,78.28,78.28,97700.0,7647955.84,78.28
603505.SH,20260911,15.43,15.38,15.43,15.38,321800.0,4950430.08,15.38
603506.SH,20260911,11.5,11.5,11.5,11.5,15300.0,175950.0,11.5
603507.SH,20260911,22.02,22.02,22.02,22.02,12100.0,266442.0,22.02
603508.SH,20260911,21.12,21.12,21.12,21.12,11800.0,249216.0,21.12
603511.SH,20260911,12.45,12.45,12.45,12.45,5600.0,69720.0,12.45
603515.SH,20260911,15.15,15.15,15.15,15.15,2600.0,39390.0,15.15
603516.SH,20260911,84.28,84.28,84.28,84.28,30600.0,2578968.0,84.28
603517.SH,20260911,12.13,12.13,12.13,12.13,70700.0,857591.04,12.13
603518.SH,20260911,8.11,8.1,8.11,8.1,52000.0,421206.0,8.1
603519.SH,20260911,14.81,14.81,14.81,14.81,27500.0,407275.0,14.81
603520.SH,20260911,8.48,8.48,8.48,8.48,20400.0,172992.0,8.48
603527.SH,20260911,9.96,9.96,9.96,9.96,213400.0,2125464.0,9.96
603528.SH,20260911,6.27,6.27,6.27,6.27,27500.0,172425.0,6.27
603529.SH,20260911,21.8,21.8,21.8,21.8,16400.0,357520.0,21.8
603530.SH,20260911,43.85,43.85,43.85,43.85,26000.0,1140100.0,43.85
603533.SH,20260911,23.25,23.25,23.25,23.23,76900.0,1787920.96,23.25
603535.SH,20260911,6.38,6.38,6.38,6.38,34300.0,218834.0,6.38
603536.SH,20260911,9.92,9.92,9.92,9.92,35700.0,354144.0,9.92
603538.SH,20260911,26.07,25.97,26.07,25.97,170400.0,4426140.16,25.98
603551.SH,20260911,9.5,9.5,9.5,9.5,7500.0,71250.0,9.5
603556.SH,20260911,23.06,23.06,23.06,23.06,15200.0,350512.0,23.06
603557.SH,20260911,3.2,3.2,3.2,3.2,9200.0,29440.0,3.2
603558.SH,20260911,12.13,12.13,12.13,12.13,2100.0,25473.0,12.13
603559.SH,20260911,9.75,9.75,9.75,9.75,51600.0,503100.0,9.75
603565.SH,20260911,12.29,12.29,12.29,12.29,58800.0,722652.0,12.29
603566.SH,20260911,10.46,10.46,10.46,10.46,11500.0,120290.0,10.46
603567.SH,20260911,5.35,5.35,5.35,5.35,68100.0,364335.0,5.35
603568.SH,20260911,13.98,13.98,13.98,13.98,75820.0,1059964.0,13.98
603569.SH,20260911,5.86,5.86,5.86,5.86,17600.0,103136.0,5.86
603577.SH,20260911,9.84,9.84,9.84,9.84,700.0,6888.0,9.84
603578.SH,20260911,13.64,13.64,13.64,13.64,21400.0,291896.0,13.64
603579.SH,20260911,18.26,18.26,18.26,18.26,11000.0,200860.0,18.26
603580.SH,20260911,64.98,64.98,64.98,64.98,106100.0,6894378.24,64.98
603583.SH,20260911,26.01,26.01,26.01,26.01,13400.0,348534.0,26.01
603585.SH,20260911,11.48,11.48,11.48,11.48,56400.0,647472.0,11.48
603586.SH,20260911,13.71,13.71,13.71,13.71,4900.0,67179.0,13.71
603587.SH,20260911,12.71,12.71,12.71,12.71,21400.0,271994.0,12.71
603588.SH,20260911,15.0,15.0,15.0,15.0,725700.0,10885500.16,15.0
603589.SH,20260911,18.05,18.05,18.05,18.05,58400.0,1054120.0,18.05
603590.SH,20260911,28.8,28.8,28.8,28.8,3600.0,103680.0,28.8
603595.SH,20260911,31.44,31.44,31.44,31.44,9500.0,298680.0,31.44
603596.SH,20260911,28.29,28.29,28.29,28.29,121888.0,3448211.84,28.29
603598.SH,20260911,17.5,17.5,17.5,17.5,76200.0,1333500.0,17.5
603599.SH,20260911,11.07,11.07,11.07,11.07,105600.0,1168992.0,11.07
603600.SH,20260911,10.5,10.52,10.52,10.5,14600.0,153548.0,10.52
603601.SH,20260911,9.96,9.96,9.96,9.96,4912800.0,48931486.72,9.96
603602.SH,20260911,11.48,11.48,11.48,11.48,16600.0,190568.0,11.48
603605.SH,20260911,58.02,58.21,58.21,58.02,26200.0,1524896.0,58.2
603606.SH,20260911,34.15,34.15,34.15,34.15,86000.0,2936899.84,34.15
603607.SH,20260911,22.1,22.1,22.1,22.1,34700.0,766870.0,22.1
603608.SH,20260911,21.55,21.57,21.57,21.55,25100.0,541397.0,21.57
603609.SH,20260911,6.81,6.81,6.81,6.81,11500.0,78315.0,6.81
603610.SH,20260911,13.35,13.35,13.35,13.35,16700.0,222945.0,13.35
603611.SH,20260911,16.01,16.01,16.01,16.01,13700.0,219337.0,16.01
603612.SH,20260911,17.14,17.14,17.14,17.14,39100.0,670174.0,17.14
603613.SH,20260911,19.65,19.65,19.65,19.65,51500.0,1011975.04,19.65
603615.SH,20260911,18.66,18.66,18.66,18.66,11600.0,216456.0,18.66
603616.SH,20260911,5.85,5.85,5.85,5.85,104000.0,608400.0,5.85
603617.SH,20260911,6.93,6.93,6.93,6.93,11000.0,76230.0,6.93
603618.SH,20260911,37.8,37.8,37.8,37.8,1063736.0,40209221.12,37.8
603619.SH,20260911,25.0,25.0,25.0,25.0,915700.0,22892500.48,25.0
603626.SH,20260911,18.8,18.79,18.8,18.79,251000.0,4716306.88,18.79
603628.SH,20260911,10.6,10.67,10.67,10.6,66300.0,706864.96,10.66
603629.SH,20260911,103.19,103.19,103.19,103.19,164880.0,17013967.36,103.19
603630.SH,20260911,13.89,13.89,13.89,13.89,44700.0,620883.0,13.89
603633.SH,20260911,6.43,6.43,6.43,6.43,19600.0,126028.0,6.43
603636.SH,20260911,6.88,6.88,6.88,6.88,5700.0,39216.0,6.88
603637.SH,20260911,14.44,14.44,14.44,14.44,6900.0,99636.0,14.44
603638.SH,20260911,17.74,17.74,17.74,17.74,55700.0,988118.0,17.74
603639.SH,20260911,10.92,10.88,10.92,10.88,6700.0,72900.0,10.88
603648.SH,20260911,9.45,9.45,9.45,9.45,3500.0,33075.0,9.45
603650.SH,20260911,63.2,63.22,63.5,63.2,115300.0,7291416.96,63.24
603655.SH,20260911,29.58,29.58,29.58,29.58,4200.0,124236.0,29.58
603656.SH,20260911,17.19,17.19,17.19,17.19,9200.0,158148.0,17.19
603657.SH,20260911,29.0,29.0,29.0,29.0,31500.0,913500.0,29.0
603658.SH,20260911,32.25,32.25,32.25,32.25,8000.0,258000.0,32.25
603659.SH,20260911,21.7,21.71,21.71,21.7,89400.0,1940816.0,21.71
603660.SH,20260911,9.4,9.4,9.4,9.4,32100.0,301740.0,9.4
603661.SH,20260911,31.21,31.21,31.21,31.21,25600.0,798976.0,31.21
603662.SH,20260911,47.71,47.71,47.71,47.71,22300.0,1063932.96,47.71
603663.SH,20260911,42.51,42.51,42.51,42.51,370500.0,15749954.56,42.51
603665.SH,20260911,21.71,21.71,21.71,21.71,5700.0,123747.0,21.71
603666.SH,20260911,25.53,25.53,25.53,25.53,6200.0,158286.0,25.53
603667.SH,20260911,47.57,47.57,47.57,47.57,50600.0,2407041.92,47.57
603668.SH,20260911,12.69,12.69,12.69,12.69,62200.0,789318.0,12.69
603669.SH,20260911,5.33,5.33,5.33,5.33,68100.0,362973.0,5.33
603676.SH,20260911,8.9,8.9,8.9,8.9,20000.0,178000.0,8.9
603677.SH,20260911,13.6,13.6,13.6,13.6,3000.0,40800.0,13.6
603678.SH,20260911,46.2,46.2,46.2,46.2,87700.0,4051740.16,46.2
603679.SH,20260911,24.5,24.5,24.5,24.5,135800.0,3327100.16,24.5
603680.SH,20260911,9.92,9.92,9.92,9.92,9300.0,92256.0,9.92
603681.SH,20260911,18.11,18.11,18.11,18.11,22300.0,403853.0,18.11
603682.SH,20260911,10.04,10.04,10.04,10.04,44100.0,442764.0,10.04
603683.SH,20260911,15.18,15.18,15.18,15.18,90500.0,1373790.08,15.18
603685.SH,20260911,27.16,27.16,27.16,27.16,22000.0,597520.0,27.16
603686.SH,20260911,12.9,12.9,12.9,12.9,97100.0,1252590.0,12.9
603687.SH,20260911,16.1,16.1,16.1,16.1,47400.0,763140.0,16.1
603688.SH,20260911,46.27,46.27,46.27,46.27,50700.0,2345888.96,46.27
603689.SH,20260911,7.88,7.88,7.88,7.88,52300.0,412124.0,7.88
603690.SH,20260911,23.36,23.36,23.36,23.36,92300.0,2156128.0,23.36
603693.SH,20260911,11.6,11.6,11.6,11.6,29300.0,339880.0,11.6
603696.SH,20260911,15.85,15.82,15.88,15.82,430338.0,6808723.84,15.82
603697.SH,20260911,9.71,9.71,9.71,9.71,60100.0,583571.0,9.71
603698.SH,20260911,21.82,21.82,21.82,21.82,56900.0,1241558.0,21.82
603699.SH,20260911,43.5,43.82,43.82,43.5,15500.0,678826.0,43.8
603700.SH,20260911,11.85,11.85,11.85,11.85,12000.0,142200.0,11.85
603701.SH,20260911,19.57,19.57,19.57,19.57,21000.0,410970.0,19.57
603703.SH,20260911,10.01,10.01,10.01,10.01,25800.0,258258.0,10.01
603706.SH,20260911,17.65,17.65,17.65,17.65,8800.0,155320.0,17.65
603707.SH,20260911,7.59,7.59,7.59,7.59,72700.0,551793.0,7.59
603708.SH,20260911,9.53,9.53,9.53,9.53,13100.0,124843.0,9.53
603709.SH,20260911,12.27,12.27,12.27,12.27,27200.0,333744.0,12.27
603711.SH,20260911,11.55,11.55,11.55,11.55,13000.0,150150.0,11.55
603712.SH,20260911,11.81,11.81,11.81,11.81,28700.0,338947.0,11.81
603713.SH,20260911,67.08,67.32,67.32,67.08,12600.0,847940.96,67.3
603716.SH,20260911,16.9,16.9,16.9,16.9,72300.0,1221870.0,16.9
603717.SH,20260911,6.27,6.27,6.27,6.27,111900.0,701612.96,6.27
603718.SH,20260911,3.16,3.16,3.16,3.16,13100.0,41396.0,3.16
603719.SH,20260911,9.43,9.43,9.43,9.43,14000.0,132020.0,9.43
603721.SH,20260911,18.04,18.04,18.04,18.04,51300.0,925452.0,18.04
603722.SH,20260911,28.3,28.3,28.3,28.3,21600.0,611280.0,28.3
603725.SH,20260911,10.26,10.26,10.26,10.26,24800.0,254448.0,10.26
603726.SH,20260911,24.31,24.31,24.31,24.31,31900.0,775488.96,24.31
603727.SH,20260911,18.05,18.05,18.05,18.05,16400.0,296020.0,18.05
603728.SH,20260911,47.08,47.08,47.08,47.08,24400.0,1148752.0,47.08
603729.SH,20260911,12.97,12.97,12.97,12.97,2000.0,25940.0,12.97
603730.SH,20260911,10.7,10.7,10.7,10.7,43000.0,460100.0,10.7
603733.SH,20260911,19.02,19.02,19.02,19.02,23800.0,452676.0,19.02
603737.SH,20260911,21.83,21.83,21.83,21.83,25100.0,547933.0,21.83
603738.SH,20260911,34.73,34.73,34.73,34.73,180500.0,6268764.8,34.73
603739.SH,20260911,12.84,12.84,12.84,12.84,17200.0,220848.0,12.84
603755.SH,20260911,24.55,24.55,24.55,24.55,2600.0,63830.0,24.55
603757.SH,20260911,63.35,63.35,63.35,63.35,58300.0,3693304.96,63.35
603758.SH,20260911,10.87,10.87,10.87,10.87,29100.0,316317.0,10.87
603759.SH,20260911,7.46,7.46,7.46,7.46,5900.0,44014.0,7.46
603766.SH,20260911,14.23,14.23,14.23,14.23,38600.0,549278.0,14.23
603767.SH,20260911,13.7,13.7,13.7,13.7,23200.0,317840.0,13.7
603768.SH,20260911,11.65,11.65,11.65,11.65,6300.0,73395.0,11.65
603773.SH,20260911,84.67,84.67,84.67,84.67,84300.0,7137681.28,84.67
603776.SH,20260911,19.4,19.4,19.4,19.4,3800.0,73720.0,19.4
603777.SH,20260911,13.47,13.46,13.47,13.46,100700.0,1355423.04,13.46
603778.SH,20260911,10.38,10.38,10.38,10.38,202500.0,2101950.08,10.38
603779.SH,20260911,8.47,8.47,8.47,8.47,122000.0,1033340.0,8.47
603786.SH,20260911,37.79,37.79,37.79,37.79,5400.0,204066.0,37.79
603787.SH,20260911,10.27,10.27,10.27,10.27,10800.0,110916.0,10.27
603788.SH,20260911,13.65,13.65,13.65,13.65,8800.0,120120.0,13.65
603789.SH,20260911,6.0,6.0,6.0,6.0,19900.0,119400.0,6.0
603790.SH,20260911,23.51,23.51,23.51,23.51,2500.0,58775.0,23.51
603797.SH,20260911,4.79,4.79,4.79,4.79,20200.0,96758.0,4.79
603798.SH,20260911,13.88,13.88,13.88,13.88,38700.0,537156.0,13.88
603799.SH,20260911,36.63,36.63,36.63,36.63,438100.0,16047603.2,36.63
603800.SH,20260911,56.79,56.79,56.79,56.79,15600.0,885924.0,56.79
603801.SH,20260911,6.24,6.24,6.24,6.24,51000.0,318240.0,6.24
603803.SH,20260911,10.99,10.99,10.99,10.99,58700.0,645113.0,10.99
603806.SH,20260911,14.59,14.59,14.59,14.59,59400.0,866646.0,14.59
603808.SH,20260911,8.6,8.6,8.6,8.6,17200.0,147920.0,8.6
603809.SH,20260911,8.61,8.61,8.61,8.61,39100.0,336651.0,8.61
603810.SH,20260911,12.1,12.1,12.1,12.1,15700.0,189970.0,12.1
603811.SH,20260911,7.04,7.04,7.04,7.04,3600.0,25344.0,7.04
603813.SH,20260911,27.23,27.23,27.23,27.23,11700.0,318591.0,27.23
603815.SH,20260911,5.43,5.43,5.43,5.43,2100.0,11403.0,5.43
603816.SH,20260911,23.26,23.26,23.26,23.26,27500.0,639650.0,23.26
603817.SH,20260911,5.89,5.89,5.89,5.89,31500.0,185535.0,5.89
603818.SH,20260911,3.63,3.63,3.63,3.63,35700.0,129591.0,3.63
603819.SH,20260911,16.52,16.52,16.52,16.52,6100.0,100772.0,16.52
603822.SH,20260911,63.5,63.5,63.5,63.5,800.0,50800.0,63.5
603823.SH,20260911,56.51,56.4,56.51,56.4,177500.0,10012259.84,56.41
603825.SH,20260911,8.21,8.21,8.21,8.21,29300.0,240553.0,8.21
603826.SH,20260911,16.17,16.17,16.17,16.17,157600.0,2548392.0,16.17
603828.SH,20260911,5.68,5.68,5.68,5.68,14300.0,81224.0,5.68
603829.SH,20260911,15.4,15.4,15.4,15.4,11800.0,181720.0,15.4
603833.SH,20260911,30.0,30.0,30.0,30.0,19400.0,582000.0,30.0
603836.SH,20260911,9.5,9.5,9.5,9.5,18900.0,179550.0,9.5
603838.SH,20260911,12.36,12.36,12.36,12.36,21300.0,263268.0,12.36
603839.SH,20260911,6.86,6.86,6.86,6.86,15900.0,109074.0,6.86
603843.SH,20260911,6.7,6.7,6.7,6.7,142900.0,957430.0,6.7
603848.SH,20260911,13.48,13.48,13.48,13.48,1700.0,22916.0,13.48
603855.SH,20260911,16.88,16.88,16.88,16.88,3400.0,57392.0,16.88
603856.SH,20260911,11.63,11.63,11.63,11.63,9100.0,105833.0,11.63
603858.SH,20260911,14.62,14.62,14.62,14.62,31000.0,453220.0,14.62
603859.SH,20260911,36.8,36.8,36.8,36.8,27200.0,1000960.0,36.8
603860.SH,20260911,26.05,26.13,26.13,26.05,17200.0,449261.0,26.12
603861.SH,20260911,11.3,11.3,11.3,11.3,32600.0,368380.0,11.3
603863.SH,20260911,12.23,12.23,12.23,12.23,19000.0,232370.0,12.23
603866.SH,20260911,4.4,4.4,4.4,4.4,89400.0,393360.0,4.4
603867.SH,20260911,29.58,29.58,29.58,29.58,4600.0,136068.0,29.58
603868.SH,20260911,30.22,30.22,30.22,30.22,6900.0,208518.0,30.22
603869.SH,20260911,8.7,8.7,8.7,8.7,500.0,4350.0,8.7
603871.SH,20260911,14.03,14.03,14.03,14.03,87100.0,1222012.96,14.03
603876.SH,20260911,19.45,19.45,19.45,19.45,95140.0,1850472.96,19.45
603877.SH,20260911,12.34,12.34,12.34,12.34,10500.0,129570.0,12.34
603878.SH,20260911,5.16,5.16,5.16,5.16,18100.0,93396.0,5.16
603879.SH,20260911,5.25,5.25,5.25,5.25,29400.0,154350.0,5.25
603880.SH,20260911,9.63,9.63,9.63,9.63,14700.0,141561.0,9.63
603881.SH,20260911,23.41,23.41,23.41,23.41,147428.0,3451288.96,23.41
603882.SH,20260911,25.94,25.94,25.94,25.94,50700.0,1315158.0,25.94
603883.SH,20260911,13.17,13.17,13.17,13.17,20100.0,264717.0,13.17
603885.SH,20260911,10.06,10.06,10.06,10.06,144000.0,1448640.0,10.06
603886.SH,20260911,12.14,12.14,12.14,12.14,26600.0,322924.0,12.14
603887.SH,20260911,9.1,9.1,9.1,9.1,140600.0,1279460.0,9.1
603888.SH,20260911,16.51,16.51,16.51,16.51,120000.0,1981200.0,16.51
603889.SH,20260911,6.06,6.06,6.06,6.06,14100.0,85446.0,6.06
603890.SH,20260911,17.68,17.68,17.68,17.68,88700.0,1568216.0,17.68
603893.SH,20260911,180.0,180.0,180.0,180.0,47600.0,8568000.0,180.0
603895.SH,20260911,26.72,26.72,26.72,26.72,5400.0,144288.0,26.72
603896.SH,20260911,14.68,14.68,14.68,14.68,4700.0,68996.0,14.68
603897.SH,20260911,28.65,28.65,28.65,28.65,74900.0,2145884.96,28.65
603898.SH,20260911,11.24,11.24,11.24,11.24,1500.0,16860.0,11.24
603899.SH,20260911,22.96,22.96,22.96,22.96,8900.0,204344.0,22.96
603900.SH,20260911,7.24,7.24,7.24,7.24,4090899.84,29618117.12,7.24
603901.SH,20260911,9.37,9.37,9.37,9.37,39900.0,373863.0,9.37
603903.SH,20260911,14.5,14.5,14.5,14.5,150700.0,2185150.08,14.5
603906.SH,20260911,17.9,17.9,17.9,17.9,67500.0,1208250.0,17.9
603908.SH,20260911,19.06,19.06,19.06,19.06,15500.0,295430.0,19.06
603909.SH,20260911,9.74,9.74,9.74,9.74,10000.0,97400.0,9.74
603912.SH,20260911,8.56,8.56,8.56,8.56,92800.0,794368.0,8.56
603915.SH,20260911,13.01,13.01,13.01,13.01,40300.0,524303.0,13.01
603916.SH,20260911,10.73,10.73,10.73,10.73,29300.0,314389.0,10.73
603917.SH,20260911,13.36,13.36,13.36,13.36,13500.0,180360.0,13.36
603918.SH,20260911,10.82,10.82,10.82,10.82,12800.0,138496.0,10.82
603919.SH,20260911,16.94,16.94,16.94,16.94,22900.0,387926.0,16.94
603920.SH,20260911,39.45,39.29,39.45,39.29,190200.0,7473560.32,39.29
603922.SH,20260911,13.59,13.59,13.59,13.59,14600.0,198414.0,13.59
603926.SH,20260911,17.33,17.33,17.33,17.33,21300.0,369129.0,17.33
603927.SH,20260911,13.72,13.74,13.74,13.72,28100.0,386052.0,13.74
603928.SH,20260911,11.11,11.11,11.11,11.11,91900.0,1021008.96,11.11
603929.SH,20260911,158.55,158.55,158.55,158.55,12100.0,1918455.04,158.55
603931.SH,20260911,32.76,32.76,32.76,32.76,9400.0,307944.0,32.76
603933.SH,20260911,18.56,18.56,18.56,18.56,4600.0,85376.0,18.56
603936.SH,20260911,18.61,18.61,18.61,18.61,362600.0,6747985.92,18.61
603937.SH,20260911,11.44,11.44,11.44,11.44,44200.0,505648.0,11.44
603938.SH,20260911,43.69,43.69,43.69,43.69,269900.0,11791930.88,43.69
603939.SH,20260911,22.77,22.77,22.77,22.77,28200.0,642114.0,22.77
603948.SH,20260911,19.41,19.41,19.41,19.41,6200.0,120342.0,19.41
603949.SH,20260911,14.02,14.02,14.02,14.02,11800.0,165436.0,14.02
603950.SH,20260911,56.48,56.48,56.48,56.48,19600.0,1107008.0,56.48
603955.SH,20260911,22.81,22.81,22.81,22.81,4100.0,93521.0,22.81
603956.SH,20260911,6.29,6.29,6.29,6.29,35400.0,222666.0,6.29
603958.SH,20260911,16.1,16.1,16.1,16.1,160500.0,2584049.92,16.1
603959.SH,20260911,4.45,4.45,4.45,4.45,44200.0,196690.0,4.45
603960.SH,20260911,15.26,15.26,15.26,15.26,20400.0,311304.0,15.26
603966.SH,20260911,7.3,7.3,7.3,7.3,23000.0,167900.0,7.3
603967.SH,20260911,11.83,11.83,11.83,11.83,11700.0,138411.0,11.83
603968.SH,20260911,10.83,10.83,10.83,10.83,8600.0,93138.0,10.83
603969.SH,20260911,7.85,7.85,7.85,7.85,102900.0,807764.96,7.85
603970.SH,20260911,11.34,11.34,11.34,11.34,11100.0,125874.0,11.34
603976.SH,20260911,31.37,31.37,31.37,31.37,24300.0,762291.04,31.37
603977.SH,20260911,11.72,11.72,11.72,11.72,30300.0,355116.0,11.72
603978.SH,20260911,20.34,20.34,20.34,20.34,74800.0,1521432.0,20.34
603979.SH,20260911,75.81,75.9,75.9,75.81,129500.0,9828968.96,75.9
603980.SH,20260911,8.0,8.0,8.0,8.0,884600.0,7076800.0,8.0
603982.SH,20260911,6.25,6.25,6.25,6.25,62400.0,390000.0,6.25
603983.SH,20260911,34.3,34.3,34.3,34.3,13200.0,452760.0,34.3
603985.SH,20260911,16.75,16.75,16.75,16.72,23500.0,393606.0,16.75
603986.SH,20260911,371.8,371.8,371.8,371.8,327500.0,121764495.36,371.8
603987.SH,20260911,7.5,7.5,7.5,7.5,11900.0,89250.0,7.5
603988.SH,20260911,19.19,19.19,19.19,19.19,4300.0,82517.0,19.19
603989.SH,20260911,30.09,30.09,30.09,30.09,429325.0,12918388.48,30.09
603990.SH,20260911,19.95,19.95,19.95,19.95,8600.0,171570.0,19.95
603991.SH,20260911,175.99,175.99,175.99,175.99,26600.0,4681334.08,175.99
603992.SH,20260911,19.66,19.66,19.66,19.66,11700.0,230022.0,19.66
603993.SH,20260911,18.08,18.08,18.08,18.08,4378000.0,79154237.44,18.08
603995.SH,20260911,23.84,23.84,23.84,23.84,10300.0,245552.0,23.84
603997.SH,20260911,12.14,12.14,12.14,12.14,41200.0,500168.0,12.14
603998.SH,20260911,10.44,10.44,10.44,10.44,65200.0,680688.0,10.44
603999.SH,20260911,6.21,6.21,6.21,6.21,1762700.0,10946366.72,6.21
605001.SH,20260911,6.17,6.17,6.17,6.17,10200.0,62934.0,6.17
605003.SH,20260911,23.49,23.49,23.49,23.49,16900.0,396981.0,23.49
605005.SH,20260911,16.26,16.16,16.26,16.16,600.0,9706.0,16.18
605006.SH,20260911,17.28,17.28,17.28,17.28,1628200.0,28135296.0,17.28
605007.SH,20260911,14.48,14.48,14.48,14.48,10000.0,144800.0,14.48
605008.SH,20260911,13.99,13.99,13.99,13.99,3900.0,54561.0,13.99
605009.SH,20260911,24.5,24.5,24.5,24.5,9100.0,222950.0,24.5
605011.SH,20260911,17.36,17.36,17.36,17.36,82600.0,1433936.0,17.36
605016.SH,20260911,21.5,21.5,21.5,21.5,22300.0,479450.0,21.5
605018.SH,20260911,11.36,11.36,11.36,11.36,100.0,1136.0,11.36
605020.SH,20260911,31.51,31.51,31.51,31.51,57300.0,1805523.04,31.51
605028.SH,20260911,25.07,25.07,25.07,25.07,4700.0,117829.0,25.07
605033.SH,20260911,19.21,19.21,19.21,19.21,34300.0,658903.0,19.21
605050.SH,20260911,10.3,10.3,10.3,10.3,7300.0,75190.0,10.3
605055.SH,20260911,9.09,9.09,9.09,9.09,10700.0,97263.0,9.09
605056.SH,20260911,13.28,13.28,13.28,13.28,22600.0,300128.0,13.28
605058.SH,20260911,30.0,30.0,30.0,30.0,38300.0,1149000.0,30.0
605060.SH,20260911,38.8,38.8,38.8,38.8,3800.0,147440.0,38.8
605066.SH,20260911,6.78,6.78,6.78,6.78,40900.0,277302.0,6.78
605068.SH,20260911,20.31,20.31,20.31,20.31,26200.0,532122.0,20.31
605069.SH,20260911,10.99,10.99,10.99,10.99,617200.0,6783027.84,10.99
605077.SH,20260911,12.75,12.75,12.75,12.75,1396200.0,17801550.08,12.75
605080.SH,20260911,23.48,23.48,23.48,23.48,4400.0,103312.0,23.48
605086.SH,20260911,23.65,23.65,23.65,23.65,10400.0,245960.0,23.65
605088.SH,20260911,20.02,20.02,20.02,20.02,88100.0,1763761.92,20.02
605089.SH,20260911,21.96,21.96,21.96,21.96,2400.0,52704.0,21.96
605090.SH,20260911,33.44,33.44,33.44,33.44,116300.0,3889072.0,33.44
605098.SH,20260911,54.79,54.79,54.79,54.79,800.0,43832.0,54.79
605099.SH,20260911,28.58,28.58,28.58,28.58,17400.0,497292.0,28.58
605100.SH,20260911,31.57,31.57,31.57,31.57,6200.0,195734.0,31.57
605108.SH,20260911,13.01,13.01,13.01,13.01,26800.0,348668.0,13.01
605111.SH,20260911,53.5,53.5,53.5,53.5,68300.0,3654049.92,53.5
605116.SH,20260911,19.21,19.21,19.21,19.21,4300.0,82603.0,19.21
605117.SH,20260911,82.86,82.86,82.86,82.86,35300.0,2924958.08,82.86
605118.SH,20260911,32.31,32.4,32.4,32.31,29800.0,965466.0,32.4
605122.SH,20260911,11.88,11.88,11.88,11.88,8200.0,97416.0,11.88
605123.SH,20260911,81.05,81.05,81.05,81.05,4600.0,372830.0,81.05
605128.SH,20260911,23.69,23.69,23.69,23.69,9000.0,213210.0,23.69
605133.SH,20260911,24.14,24.14,24.14,24.14,8300.0,200362.0,24.14
605136.SH,20260911,8.5,8.5,8.5,8.5,21100.0,179350.0,8.5
605138.SH,20260911,6.21,6.21,6.21,6.21,7900.0,49059.0,6.21
605151.SH,20260911,18.65,18.65,18.65,18.65,20000.0,373000.0,18.65
605155.SH,20260911,14.44,14.44,14.44,14.44,6300.0,90972.0,14.44
605158.SH,20260911,7.97,7.97,7.97,7.97,5500.0,43835.0,7.97
605162.SH,20260911,10.61,10.61,10.61,10.61,472400.0,5012163.84,10.61
605166.SH,20260911,8.52,8.52,8.52,8.52,22900.0,195108.0,8.52
605167.SH,20260911,16.2,16.2,16.2,16.2,14100.0,228420.0,16.2
605168.SH,20260911,45.51,45.51,45.51,45.51,87500.0,3982125.12,45.51
605169.SH,20260911,12.74,12.74,12.74,12.74,7500.0,95550.0,12.74
605177.SH,20260911,25.07,24.9,25.07,24.9,211700.0,5274119.04,24.91
605178.SH,20260911,66.66,66.66,66.66,66.66,30100.0,2006465.92,66.66
605179.SH,20260911,25.5,25.65,25.65,25.5,211300.0,5418492.8,25.64
605180.SH,20260911,13.11,13.11,13.11,13.11,4200.0,55062.0,13.11
605183.SH,20260911,15.62,15.62,15.62,15.62,5700.0,89034.0,15.62
605186.SH,20260911,24.65,24.65,24.65,24.65,400.0,9860.0,24.65
605188.SH,20260911,14.59,14.59,14.59,14.59,222662.0,3248639.04,14.59
605189.SH,20260911,13.7,13.7,13.7,13.7,40700.0,557590.0,13.7
605196.SH,20260911,35.75,35.75,35.75,35.75,37600.0,1344200.0,35.75
605198.SH,20260911,76.2,76.08,76.2,76.08,65500.0,4983374.08,76.08
605199.SH,20260911,6.0,6.0,6.0,6.0,26200.0,157200.0,6.0
605208.SH,20260911,14.73,14.73,14.73,14.73,22900.0,337317.0,14.73
605218.SH,20260911,13.86,13.91,13.91,13.86,7100.0,98756.0,13.91
605222.SH,20260911,22.99,22.99,22.99,22.99,58700.0,1349512.96,22.99
605228.SH,20260911,10.31,10.31,10.31,10.31,19400.0,200014.0,10.31
605255.SH,20260911,63.55,63.55,63.55,63.55,5600.0,355880.0,63.55
605258.SH,20260911,31.39,31.39,31.39,31.39,31600.0,991924.0,31.39
605259.SH,20260911,17.95,17.9,17.95,17.9,3100.0,55495.0,17.9
605266.SH,20260911,16.0,16.0,16.0,16.0,2800.0,44800.0,16.0
605268.SH,20260911,9.61,9.61,9.61,9.61,7500.0,72075.0,9.61
605277.SH,20260911,17.2,17.2,17.2,17.2,206400.0,3550080.0,17.2
605286.SH,20260911,24.63,24.63,24.63,24.63,9900.0,243837.0,24.63
605287.SH,20260911,36.54,36.54,36.54,36.54,19000.0,694260.0,36.54
605288.SH,20260911,63.0,63.0,63.0,63.0,3600.0,226800.0,63.0
605289.SH,20260911,97.0,97.0,97.0,97.0,5400.0,523800.0,97.0
605296.SH,20260911,33.86,33.86,33.86,33.86,18400.0,623024.0,33.86
605298.SH,20260911,45.23,45.23,45.23,45.23,300.0,13569.0,45.23
605299.SH,20260911,12.32,12.32,12.32,12.32,89500.0,1102640.0,12.32
605300.SH,20260911,10.27,10.27,10.27,10.27,166400.0,1708928.0,10.27
605303.SH,20260911,23.38,23.38,23.38,23.38,22400.0,523712.0,23.38
605305.SH,20260911,31.11,31.11,31.11,31.11,16700.0,519537.0,31.11
605318.SH,20260911,76.43,76.43,76.43,76.43,7700.0,588511.0,76.43
605319.SH,20260911,25.48,25.48,25.48,25.48,5600.0,142688.0,25.48
605333.SH,20260911,16.44,16.44,16.44,16.44,14600.0,240024.0,16.44
605336.SH,20260911,11.2,11.2,11.2,11.2,7600.0,85120.0,11.2
605337.SH,20260911,9.26,9.26,9.26,9.26,18200.0,168532.0,9.26
605338.SH,20260911,18.39,18.39,18.39,18.39,5200.0,95628.0,18.39
605339.SH,20260911,13.17,13.17,13.17,13.17,5200.0,68484.0,13.17
605358.SH,20260911,40.77,40.77,40.77,40.77,87700.0,3575528.96,40.77
605365.SH,20260911,14.28,14.28,14.28,14.28,54000.0,771120.0,14.28
605366.SH,20260911,7.95,7.95,7.95,7.95,116100.0,922995.04,7.95
605368.SH,20260911,6.93,6.93,6.93,6.93,13700.0,94941.0,6.93
605369.SH,20260911,16.16,16.16,16.16,16.16,7400.0,119584.0,16.16
605376.SH,20260911,131.0,131.0,131.0,131.0,44600.0,5842599.68,131.0
605377.SH,20260911,7.96,7.96,7.96,7.96,22200.0,176712.0,7.96
605378.SH,20260911,13.8,13.8,13.8,13.8,11000.0,151800.0,13.8
605388.SH,20260911,6.2,6.2,6.2,6.2,17300.0,107260.0,6.2
605389.SH,20260911,65.8,65.8,65.8,65.8,1700.0,111860.0,65.8
605398.SH,20260911,21.79,21.75,21.79,21.75,200600.0,4363202.88,21.75
605399.SH,20260911,11.3,11.3,11.3,11.3,2200.0,24860.0,11.3
605488.SH,20260911,28.37,28.37,28.37,28.37,20400.0,578748.0,28.37
605499.SH,20260911,112.01,112.01,112.01,112.01,40300.0,4514002.88,112.01
605500.SH,20260911,7.4,7.4,7.4,7.4,8600.0,63640.0,7.4
605507.SH,20260911,16.11,16.11,16.11,16.11,19700.0,317367.0,16.11
605555.SH,20260911,12.1,12.1,12.1,12.1,6600.0,79860.0,12.1
605566.SH,20260911,26.45,26.45,26.45,26.45,12800.0,338560.0,26.45
605567.SH,20260911,9.41,9.41,9.41,9.41,152200.0,1432201.92,9.41
605577.SH,20260911,18.67,18.67,18.67,18.67,0.0,0.0,18.67
605580.SH,20260911,21.9,21.9,21.9,21.9,273600.0,5991840.0,21.9
605588.SH,20260911,44.27,44.27,44.27,44.27,3000.0,132810.0,44.27
605589.SH,20260911,37.85,37.85,37.85,37.85,115500.0,4371674.88,37.85
605598.SH,20260911,25.28,25.28,25.28,25.28,5000.0,126400.0,25.28
605599.SH,20260911,14.66,14.66,14.66,14.66,106500.0,1561289.92,14.66
688001.SH,20260911,63.76,63.76,63.76,63.76,116126.0,7404193.92,63.76
688002.SH,20260911,181.02,181.02,181.02,181.02,41738.0,7555413.12,181.02
688003.SH,20260911,77.46,77.46,77.46,77.46,5553.0,430135.0,77.46
688004.SH,20260911,19.75,19.75,19.75,19.75,4700.0,92825.0,19.75
688005.SH,20260911,23.83,23.83,23.83,23.83,30057.0,716258.0,23.83
688006.SH,20260911,19.81,19.8,19.81,19.8,16895.0,334523.0,19.8
688007.SH,20260911,10.22,10.22,10.22,10.22,23162.0,236716.0,10.22
688008.SH,20260911,190.09,190.01,190.8,190.01,348538.0,66227374.08,190.02
688009.SH,20260911,4.84,4.84,4.84,4.84,81719.0,395520.0,4.84
688010.SH,20260911,25.72,25.72,25.72,25.72,19207.0,494004.0,25.72
688011.SH,20260911,81.0,81.0,81.0,81.0,9471.0,767151.04,81.0
688012.SH,20260911,331.49,331.49,331.49,331.49,115899.0,38419358.72,331.49
688013.SH,20260911,23.08,23.08,23.08,23.08,3263.0,75310.0,23.08
688015.SH,20260911,16.57,16.57,16.57,16.57,4023.0,66661.0,16.57
688016.SH,20260911,84.5,84.5,84.5,84.5,6391.0,540040.0,84.5
688017.SH,20260911,280.0,280.0,280.0,280.0,25367.0,7102759.68,280.0
688018.SH,20260911,104.18,104.18,104.18,104.18,10031.0,1045030.0,104.18
688019.SH,20260911,219.01,219.01,219.01,219.01,21572.0,4724483.84,219.01
688020.SH,20260911,141.73,141.73,141.73,141.73,35422.0,5020360.0,141.73
688021.SH,20260911,19.42,19.42,19.42,19.42,9132.0,177343.0,19.42
688022.SH,20260911,9.07,9.07,9.07,9.07,0.0,0.0,9.07
688023.SH,20260911,43.5,43.5,43.5,43.5,98535.0,4286272.96,43.5
688025.SH,20260911,398.0,398.0,398.0,398.0,15255.0,6071489.92,398.0
688026.SH,20260911,21.86,21.86,21.86,21.86,15230.0,332928.0,21.86
688027.SH,20260911,348.01,348.01,348.01,348.01,9701.0,3376045.12,348.01
688028.SH,20260911,119.5,119.5,119.5,119.5,135339.0,16173011.2,119.5
688029.SH,20260911,73.09,72.88,73.09,72.88,13489.0,983156.0,72.89
688030.SH,20260911,16.2,16.2,16.2,16.2,7555.0,122391.0,16.2
688031.SH,20260911,109.25,109.25,109.25,109.25,25415.0,2776589.12,109.25
688032.SH,20260911,69.43,69.43,69.43,69.43,2753.0,191141.0,69.43
688033.SH,20260911,7.18,7.18,7.18,7.18,37802.0,271418.0,7.18
688035.SH,20260911,72.78,72.78,72.78,72.78,31612.0,2300720.96,72.78
688036.SH,20260911,52.05,52.05,52.05,52.05,44640.0,2323512.0,52.05
688037.SH,20260911,320.0,320.0,320.0,320.0,7459.0,2386880.0,320.0
688038.SH,20260911,18.71,18.71,18.71,18.71,4527.0,84700.0,18.71
688039.SH,20260911,33.16,33.16,33.16,33.16,32158.0,1066359.04,33.16
688041.SH,20260911,228.02,228.02,228.02,228.02,146146.0,33324211.2,228.02
688045.SH,20260911,53.4,53.4,53.4,53.4,1624.0,86722.0,53.4
688046.SH,20260911,30.57,30.57,30.57,30.57,53353.0,1631000.96,30.57
688047.SH,20260911,98.98,98.98,98.98,98.98,13317.0,1318116.96,98.98
688048.SH,20260911,300.0,300.0,300.0,300.0,105036.0,31510799.36,300.0
688049.SH,20260911,39.45,39.45,39.45,39.45,44655.0,1761640.0,39.45
688050.SH,20260911,38.48,38.48,38.48,38.48,14879.0,572544.0,38.48
688051.SH,20260911,24.07,24.07,24.07,24.07,5888.0,141724.0,24.07
688052.SH,20260911,227.0,227.0,227.0,227.0,1146.0,260142.0,227.0
688053.SH,20260911,37.85,37.85,37.85,37.85,0.0,0.0,37.85
688055.SH,20260911,3.57,3.57,3.57,3.57,200075.0,714268.0,3.57
688056.SH,20260911,39.4,39.4,39.4,39.4,7708.0,303695.0,39.4
688057.SH,20260911,17.86,17.86,17.86,17.86,2100.0,37506.0,17.86
688058.SH,20260911,23.97,23.97,23.97,23.97,3700.0,88689.0,23.97
688059.SH,20260911,82.8,82.8,82.8,82.8,6400.0,529920.0,82.8
688060.SH,20260911,35.79,35.79,35.79,35.79,2334.0,83534.0,35.79
688061.SH,20260911,44.0,44.0,44.0,44.0,1872.0,82368.0,44.0
688062.SH,20260911,25.83,25.83,25.83,25.83,33773.0,872356.96,25.83
688063.SH,20260911,40.76,40.76,40.76,40.76,15921.0,648940.0,40.76
688065.SH,20260911,39.6,39.6,39.6,39.6,23452.0,928699.04,39.6
688066.SH,20260911,9.16,9.16,9.16,9.16,46889.0,429503.0,9.16
688067.SH,20260911,22.39,22.39,22.39,22.39,23148.0,518284.0,22.39
688068.SH,20260911,87.3,87.3,87.3,87.3,9728.0,849254.0,87.3
688069.SH,20260911,37.88,37.88,37.88,37.88,600.0,22728.0,37.88
688070.SH,20260911,33.28,33.28,33.28,33.28,1320.0,43930.0,33.28
688071.SH,20260911,31.39,31.39,31.39,31.39,16917.0,531025.0,31.39
688072.SH,20260911,618.34,618.0,618.34,618.0,19646.0,12141876.48,618.03
688073.SH,20260911,58.18,58.18,58.18,58.18,42535.0,2474686.08,58.18
688075.SH,20260911,29.14,29.14,29.14,29.14,800.0,23312.0,29.14
688076.SH,20260911,28.56,28.56,28.56,28.56,1250.0,35700.0,28.56
688077.SH,20260911,26.5,26.5,26.5,26.5,3384.0,89676.0,26.5
688078.SH,20260911,27.92,27.92,27.92,27.92,2340.0,65333.0,27.92
688079.SH,20260911,14.59,14.59,14.59,14.59,9800.0,142982.0,14.59
688080.SH,20260911,36.4,36.4,36.4,36.4,3000.0,109200.0,36.4
688081.SH,20260911,26.2,26.2,26.2,26.2,6055.0,158641.0,26.2
688082.SH,20260911,273.5,273.5,273.5,273.5,15469.0,4230771.84,273.5
688083.SH,20260911,49.05,49.05,49.05,49.05,3700.0,181485.0,49.05
688084.SH,20260911,44.4,44.4,44.4,44.4,4044.0,179554.0,44.4
688085.SH,20260911,12.95,12.95,12.95,12.95,200.0,2590.0,12.95
688087.SH,20260911,35.7,35.7,35.7,35.7,3090.0,110313.0,35.7
688088.SH,20260911,29.44,29.44,29.44,29.44,33622.0,989832.0,29.44
688089.SH,20260911,8.76,8.76,8.76,8.76,17838.0,156261.0,8.76
688090.SH,20260911,69.9,69.9,69.9,69.9,14220.0,993978.0,69.9
688091.SH,20260911,38.89,38.89,38.89,38.89,41754.0,1623812.96,38.89
688092.SH,20260911,21.85,21.85,21.85,21.85,7826.0,170998.0,21.85
688093.SH,20260911,21.33,21.33,21.33,21.33,3600.0,76788.0,21.33
688095.SH,20260911,58.78,58.78,58.78,58.78,4615.0,271270.0,58.78
688096.SH,20260911,7.91,7.91,7.91,7.91,20514.0,162266.0,7.91
688097.SH,20260911,45.01,45.01,45.01,45.01,31342.0,1410703.04,45.01
688098.SH,20260911,8.03,8.03,8.03,8.03,3959.0,31791.0,8.03
688099.SH,20260911,85.5,85.5,85.5,85.5,33892.0,2897766.08,85.5
688100.SH,20260911,25.04,25.04,25.04,25.04,9275.0,232246.0,25.04
688101.SH,20260911,14.55,14.55,14.55,14.55,7300.0,106215.0,14.55
688102.SH,20260911,31.0,31.0,31.0,31.0,33872.0,1050032.0,31.0
688103.SH,20260911,69.7,69.7,69.7,69.7,26228.0,1828092.0,69.7
688105.SH,20260911,19.45,19.45,19.45,19.45,59642.0,1160036.96,19.45
688106.SH,20260911,26.05,26.05,26.05,26.05,195580.0,5094858.88,26.05
688107.SH,20260911,28.78,28.78,28.78,28.78,13295.0,382630.0,28.78
688108.SH,20260911,15.68,15.67,15.68,15.67,39744.0,622805.0,15.67
688109.SH,20260911,70.5,70.5,70.5,70.5,800.0,56400.0,70.5
688110.SH,20260911,112.0,112.0,112.0,112.0,189537.0,21228144.64,112.0
688111.SH,20260911,226.79,226.79,226.79,226.79,17302.0,3923920.96,226.79
688112.SH,20260911,65.28,65.28,65.28,65.28,9675.0,631584.0,65.28
688113.SH,20260911,34.25,34.25,34.25,34.25,0.0,0.0,34.25
688114.SH,20260911,55.95,55.95,55.95,55.95,29168.0,1631950.08,55.95
688115.SH,20260911,57.4,57.4,57.4,57.4,2034.0,116752.0,57.4
688116.SH,20260911,33.0,33.0,33.0,33.0,30762.0,1015146.0,33.0
688117.SH,20260911,22.51,22.51,22.51,22.51,40700.0,916156.96,22.51
688118.SH,20260911,19.62,19.62,19.62,19.62,1740.0,34139.0,19.62
688119.SH,20260911,3.91,3.91,3.91,3.91,32883.0,128573.0,3.91
688120.SH,20260911,244.7,243.5,244.7,243.5,37650.0,9168312.32,243.51
688121.SH,20260911,1.54,1.54,1.54,1.54,121450.0,187033.0,1.54
688122.SH,20260911,49.31,49.31,49.31,49.31,33419.0,1647891.04,49.31
688123.SH,20260911,130.8,129.9,130.8,129.9,93254.0,12117297.92,129.94
688125.SH,20260911,114.15,114.15,114.15,114.15,1100.0,125565.0,114.15
688126.SH,20260911,22.0,22.0,22.0,22.0,214599.0,4721177.92,22.0
688127.SH,20260911,67.21,67.51,67.51,67.21,61288.0,4135825.92,67.48
688128.SH,20260911,21.68,21.68,21.68,21.68,6593.0,142936.0,21.68
688129.SH,20260911,20.95,20.95,20.95,20.95,6212.0,130141.0,20.95
688130.SH,20260911,22.0,22.0,22.0,22.0,3167.0,69674.0,22.0
688131.SH,20260911,90.17,90.17,90.17,90.17,15264.0,1376355.04,90.17
688132.SH,20260911,15.44,15.44,15.44,15.44,2741.0,42321.0,15.44
688133.SH,20260911,20.11,20.11,20.11,20.11,20988.0,422069.0,20.11
688135.SH,20260911,36.51,36.51,36.51,36.51,258883.0,9451818.24,36.51
688136.SH,20260911,19.71,19.71,19.71,19.71,10294.0,202895.0,19.71
688137.SH,20260911,67.99,67.99,67.99,67.99,60863.0,4138074.88,67.99
688138.SH,20260911,34.24,34.24,34.24,34.24,22404.0,767112.96,34.24
688139.SH,20260911,30.95,30.95,30.95,30.95,18425.0,570254.0,30.95
688141.SH,20260911,108.63,108.63,108.63,108.63,56197.0,6104679.68,108.63
688143.SH,20260911,163.99,163.99,163.99,163.99,60255.0,9881217.28,163.99
688146.SH,20260911,221.0,221.0,221.0,221.0,61912.0,13682552.32,221.0
688147.SH,20260911,102.0,102.0,102.0,102.0,21327.0,2175353.92,102.0
688148.SH,20260911,5.93,5.93,5.93,5.93,48581.0,288085.0,5.93
688150.SH,20260911,38.58,38.58,38.58,38.58,21398.0,825535.04,38.58
688151.SH,20260911,16.4,16.4,16.4,16.4,31836.0,522110.0,16.4
688152.SH,20260911,36.0,36.0,36.0,36.0,118249.0,4256963.84,36.0
688153.SH,20260911,24.35,24.35,24.35,24.35,14535.0,353927.0,24.35
688155.SH,20260911,50.01,49.99,50.01,49.99,64445.0,3221661.12,49.99
688156.SH,20260911,22.5,22.5,22.5,22.5,15296.0,344160.0,22.5
688157.SH,20260911,18.26,18.26,18.26,18.26,7673.0,140109.0,18.26
688158.SH,20260911,29.0,29.0,29.0,29.0,60151.0,1744379.04,29.0
688159.SH,20260911,32.86,32.86,32.86,32.86,2571.0,84483.0,32.86
688160.SH,20260911,94.98,94.98,94.98,94.98,900.0,85482.0,94.98
688161.SH,20260911,22.51,22.51,22.51,22.51,2362.0,53169.0,22.51
688162.SH,20260911,23.46,23.46,23.46,23.46,700.0,16422.0,23.46
688163.SH,20260911,35.07,35.07,35.07,35.07,638.0,22375.0,35.07
688165.SH,20260911,15.1,15.1,15.1,15.1,48972.0,739476.96,15.1
688166.SH,20260911,36.25,36.25,36.25,36.25,29978.0,1086703.04,36.25
688167.SH,20260911,307.0,307.0,307.0,307.0,66615.0,20450804.48,307.0
688168.SH,20260911,35.85,35.85,35.85,35.85,49029.0,1757689.92,35.85
688169.SH,20260911,120.12,120.13,120.13,120.12,37505.0,4505472.96,120.13
688170.SH,20260911,64.0,64.0,64.0,64.0,170915.0,10938560.0,64.0
688171.SH,20260911,24.0,24.0,24.0,24.0,1018.0,24432.0,24.0
688172.SH,20260911,43.5,43.5,43.5,43.5,32957.0,1433630.08,43.5
688173.SH,20260911,12.24,12.24,12.24,12.24,24725.0,302634.0,12.24
688175.SH,20260911,17.63,17.63,17.63,17.63,600.0,10578.0,17.63
688176.SH,20260911,12.59,12.59,12.59,12.59,20982.0,264163.0,12.59
688177.SH,20260911,16.81,16.81,16.81,16.81,9096.0,152904.0,16.81
688178.SH,20260911,28.62,28.62,28.62,28.62,800.0,22896.0,28.62
688179.SH,20260911,18.79,18.79,18.79,18.79,3626.0,68133.0,18.79
688180.SH,20260911,31.49,31.49,31.49,31.49,61319.0,1930935.04,31.49
688181.SH,20260911,38.68,38.02,38.68,38.02,57532.0,2187798.08,38.03
688182.SH,20260911,27.1,27.1,27.1,27.1,10118.0,274198.0,27.1
688183.SH,20260911,122.6,122.6,122.6,122.6,112091.0,13742356.48,122.6
688184.SH,20260911,10.64,10.64,10.64,10.64,6000.0,63840.0,10.64
688185.SH,20260911,65.0,65.0,65.0,65.0,29071.0,1889615.04,65.0
688186.SH,20260911,13.85,13.85,13.85,13.85,1626.0,22520.0,13.85
688187.SH,20260911,45.8,45.8,45.8,45.8,16359.0,749242.0,45.8
688188.SH,20260911,95.02,95.02,95.02,95.02,1888.0,179398.0,95.02
688189.SH,20260911,6.52,6.52,6.52,6.52,33525.0,218583.0,6.52
688190.SH,20260911,70.09,70.09,70.09,70.09,2300.0,161207.0,70.09
688191.SH,20260911,19.81,19.81,19.81,19.81,13786.0,273101.0,19.81
688192.SH,20260911,54.05,54.05,54.05,54.05,8700.0,470235.0,54.05
688193.SH,20260911,45.77,45.77,45.77,45.77,400.0,18308.0,45.77
688195.SH,20260911,196.96,197.0,197.0,196.96,80671.0,15892135.68,197.0
688196.SH,20260911,37.01,37.01,37.01,37.01,21464.0,794383.04,37.01
688197.SH,20260911,32.22,32.22,32.22,32.22,366.0,11793.0,32.22
688198.SH,20260911,68.64,68.64,68.64,68.64,0.0,0.0,68.64
688199.SH,20260911,23.09,23.09,23.09,23.09,39681.0,916234.0,23.09
688200.SH,20260911,353.88,353.88,353.88,353.88,6945.0,2457696.96,353.88
688201.SH,20260911,7.43,7.43,7.43,7.43,0.0,0.0,7.43
688202.SH,20260911,92.22,92.22,92.22,92.22,14237.0,1312936.0,92.22
688203.SH,20260911,14.49,14.49,14.49,14.49,28600.0,414414.0,14.49
688205.SH,20260911,219.87,219.0,221.0,219.0,127915.0,28029885.44,219.13
688206.SH,20260911,37.69,37.69,37.69,37.69,32580.0,1227940.0,37.69
688207.SH,20260911,19.29,19.29,19.29,19.29,19498.0,376116.0,19.29
688208.SH,20260911,25.31,25.31,25.31,25.31,47524.0,1202832.0,25.31
688209.SH,20260911,32.5,32.06,32.5,32.06,103256.0,3310496.96,32.06
688210.SH,20260911,27.87,27.87,27.87,27.87,11819.0,329396.0,27.87
688211.SH,20260911,30.0,30.0,30.0,30.0,6434.0,193020.0,30.0
688212.SH,20260911,29.12,29.12,29.12,29.12,1500.0,43680.0,29.12
688213.SH,20260911,91.98,91.98,91.98,91.98,16302.0,1499457.92,91.98
688215.SH,20260911,49.01,49.01,49.01,49.01,3300.0,161733.0,49.01
688216.SH,20260911,32.54,32.6,32.6,32.54,100002.0,3260053.12,32.6
688217.SH,20260911,24.17,24.17,24.17,24.17,6600.0,159522.0,24.17
688218.SH,20260911,40.0,40.0,40.0,40.0,0.0,0.0,40.0
688219.SH,20260911,10.2,10.2,10.2,10.2,11352.0,115790.0,10.2
688220.SH,20260911,89.0,89.0,89.0,89.0,27054.0,2407806.08,89.0
688221.SH,20260911,15.99,15.99,15.99,15.99,38336.0,612993.0,15.99
688222.SH,20260911,30.69,30.69,30.69,30.69,83398.0,2559484.96,30.69
688223.SH,20260911,3.95,3.95,3.95,3.95,406302.0,1604892.96,3.95
688225.SH,20260911,12.9,12.9,12.9,12.9,66600.0,859140.0,12.9
688226.SH,20260911,29.01,29.01,29.01,29.01,16206.0,470136.0,29.01
688227.SH,20260911,69.08,69.08,69.08,69.08,0.0,0.0,69.08
688228.SH,20260911,74.81,74.81,74.81,74.81,2421.0,181115.0,74.81
688229.SH,20260911,60.5,60.5,60.5,60.5,1249.0,75565.0,60.5
688230.SH,20260911,56.99,56.99,56.99,56.99,5042.0,287344.0,56.99
688231.SH,20260911,32.6,32.6,32.6,32.6,6505.0,212063.0,32.6
688232.SH,20260911,17.61,17.61,17.61,17.61,11144.0,196246.0,17.61
688233.SH,20260911,90.9,90.9,90.9,90.9,33567.0,3051240.0,90.9
688234.SH,20260911,94.67,94.67,94.67,94.67,31508.0,2982862.08,94.67
688235.SH,20260911,251.68,251.68,251.68,251.68,7613.0,1916040.0,251.68
688236.SH,20260911,13.66,13.66,13.66,13.66,10705.0,146230.0,13.66
688237.SH,20260911,58.24,58.24,58.24,58.24,2730.0,158995.0,58.24
688238.SH,20260911,6.35,6.35,6.35,6.35,65396.0,415265.0,6.35
688239.SH,20260911,54.87,54.9,54.9,54.87,34963.0,1919448.0,54.9
688244.SH,20260911,14.27,14.27,14.27,14.27,5623.0,80240.0,14.27
688246.SH,20260911,16.6,16.6,16.6,16.6,1679.0,27871.0,16.6
688247.SH,20260911,8.89,8.89,8.89,8.89,4391.0,39036.0,8.89
688248.SH,20260911,50.01,50.01,50.01,50.01,24143.0,1207391.04,50.01
688249.SH,20260911,34.71,34.71,34.71,34.71,80140.0,2781658.88,34.71
688251.SH,20260911,19.08,19.08,19.08,19.08,1300.0,24804.0,19.08
688252.SH,20260911,20.68,20.68,20.68,20.68,11616.0,240219.0,20.68
688253.SH,20260911,55.2,55.2,55.2,55.2,1600.0,88320.0,55.2
688255.SH,20260911,24.77,24.77,24.77,24.77,600.0,14862.0,24.77
688256.SH,20260911,1020.99,1020.99,1020.99,1020.99,57304.0,58506813.44,1020.99
688257.SH,20260911,50.98,50.98,50.98,50.98,75853.0,3866985.92,50.98
688258.SH,20260911,89.41,89.41,89.41,89.41,8068.0,721360.0,89.41
688259.SH,20260911,30.95,30.95,30.95,30.95,1077.0,33333.0,30.95
688260.SH,20260911,91.91,91.91,91.91,91.91,22647.0,2081486.08,91.91
688261.SH,20260911,64.01,64.01,64.01,64.01,36609.0,2343342.08,64.01
688262.SH,20260911,26.31,26.31,26.31,26.31,36102.0,949844.0,26.31
688265.SH,20260911,37.94,37.94,37.94,37.94,2000.0,75880.0,37.94
688266.SH,20260911,107.78,107.78,107.78,107.78,12955.0,1396289.92,107.78
688267.SH,20260911,19.67,19.67,19.67,19.67,9748.0,191743.0,19.67
688268.SH,20260911,127.0,127.0,127.0,127.0,38556.0,4896611.84,127.0
688269.SH,20260911,26.17,26.17,26.17,26.17,8547.0,223675.0,26.17
688270.SH,20260911,54.7,54.7,54.7,54.7,19804.0,1083279.04,54.7
688271.SH,20260911,102.38,102.38,102.38,102.38,17641.0,1806086.08,102.38
688272.SH,20260911,27.92,27.92,27.92,27.92,1900.0,53048.0,27.92
688273.SH,20260911,27.27,27.27,27.27,27.27,2800.0,76356.0,27.27
688275.SH,20260911,69.8,69.8,69.8,69.8,11663.0,814076.96,69.8
688276.SH,20260911,15.49,15.49,15.49,15.49,6600.0,102234.0,15.49
688277.SH,20260911,15.0,15.0,15.0,15.0,3839.0,57585.0,15.0
688278.SH,20260911,54.46,54.46,54.46,54.46,4435.0,241530.0,54.46
688279.SH,20260911,174.37,174.37,174.37,174.37,3689.0,643251.0,174.37
688280.SH,20260911,5.05,5.05,5.05,5.05,36004.0,181820.0,5.05
688281.SH,20260911,50.3,50.3,50.3,50.3,11300.0,568390.0,50.3
688282.SH,20260911,53.05,53.05,53.05,53.05,970.0,51459.0,53.05
688283.SH,20260911,26.38,26.38,26.38,26.38,1500.0,39570.0,26.38
688285.SH,20260911,7.6,7.6,7.6,7.6,6746.0,51270.0,7.6
688286.SH,20260911,44.34,44.34,44.34,44.34,5209.0,230967.0,44.34
688288.SH,20260911,17.91,17.91,17.91,17.91,3900.0,69849.0,17.91
688289.SH,20260911,16.07,16.07,16.07,16.07,13231.0,212622.0,16.07
688290.SH,20260911,60.98,60.98,60.98,60.98,1100.0,67078.0,60.98
688291.SH,20260911,44.4,44.4,44.4,44.4,0.0,0.0,44.4
688292.SH,20260911,17.8,17.8,17.8,17.8,0.0,0.0,17.8
688293.SH,20260911,66.5,66.5,66.5,66.5,31266.0,2079188.96,66.5
688295.SH,20260911,37.81,37.81,37.81,37.81,16440.0,621596.0,37.81
688296.SH,20260911,24.0,24.0,24.0,24.0,3900.0,93600.0,24.0
688297.SH,20260911,44.3,44.3,44.38,44.3,31772.0,1407660.0,44.31
688298.SH,20260911,18.61,18.61,18.61,18.61,13591.0,252929.0,18.61
688299.SH,20260911,12.42,12.42,12.42,12.42,9093.0,112935.0,12.42
688300.SH,20260911,180.04,179.02,181.0,179.02,203987.0,36528972.8,179.08
688301.SH,20260911,89.0,89.0,89.0,89.0,9035.0,804115.04,89.0
688302.SH,20260911,29.86,29.86,29.86,29.86,1075.0,32100.0,29.86
688303.SH,20260911,16.45,16.45,16.45,16.45,23593.0,388105.0,16.45
688305.SH,20260911,55.25,55.25,55.25,55.25,9522.0,526091.0,55.25
688306.SH,20260911,8.33,8.33,8.33,8.33,21500.0,179095.0,8.33
688307.SH,20260911,43.78,43.78,43.78,43.78,3889.0,170260.0,43.78
688308.SH,20260911,83.0,83.0,83.0,83.0,39307.0,3262480.96,83.0
688309.SH,20260911,82.47,82.47,82.47,82.47,7549.0,622566.0,82.47
688310.SH,20260911,14.52,14.52,14.52,14.52,0.0,0.0,14.52
688311.SH,20260911,23.07,23.07,23.07,23.07,3219.0,74262.0,23.07
688312.SH,20260911,46.0,46.0,46.0,46.0,32766.0,1507236.0,46.0
688313.SH,20260911,147.0,147.0,147.0,147.0,129194.0,18991517.44,147.0
688314.SH,20260911,30.51,30.51,30.51,30.51,794.0,24225.0,30.51
688315.SH,20260911,13.29,13.29,13.29,13.29,4431.0,58888.0,13.29
688316.SH,20260911,44.39,44.39,44.39,44.39,16101.0,714723.04,44.39
688317.SH,20260911,16.37,16.37,16.37,16.37,0.0,0.0,16.37
688318.SH,20260911,81.5,80.6,81.5,80.47,89039.0,7177246.08,80.61
688319.SH,20260911,27.7,27.7,27.7,27.7,5200.0,144040.0,27.7
688320.SH,20260911,31.0,31.0,31.0,31.0,3000.0,93000.0,31.0
688321.SH,20260911,24.48,24.48,24.48,24.48,20455.0,500738.0,24.48
688322.SH,20260911,88.7,88.7,88.7,88.7,44985.0,3990169.92,88.7
688323.SH,20260911,25.03,25.06,25.06,25.03,53610.0,1343347.04,25.06
688325.SH,20260911,103.21,103.21,103.21,103.21,1600.0,165136.0,103.21
688326.SH,20260911,58.37,58.37,58.37,58.37,4250.0,248073.0,58.37
688327.SH,20260911,9.93,9.93,9.93,9.93,39150.0,388760.0,9.93
688328.SH,20260911,77.56,77.56,77.56,77.56,29013.0,2250248.0,77.56
688329.SH,20260911,21.0,21.0,21.0,21.0,6608.0,138768.0,21.0
688330.SH,20260911,35.55,35.55,35.55,35.55,10412.0,370147.0,35.55
688331.SH,20260911,113.0,113.0,113.0,113.0,21034.0,2376841.92,113.0
688332.SH,20260911,89.0,89.0,89.0,89.0,16827.0,1497603.04,89.0
688333.SH,20260911,110.33,110.33,110.33,110.33,56670.0,6252401.28,110.33
688334.SH,20260911,18.34,18.34,18.34,18.34,11200.0,205408.0,18.34
688335.SH,20260911,18.98,18.98,18.98,18.98,1100.0,20878.0,18.98
688336.SH,20260911,39.15,39.15,39.15,39.15,77699.0,3041916.16,39.15
688337.SH,20260911,40.69,40.69,40.69,40.69,13099.0,532998.0,40.69
688338.SH,20260911,29.25,29.25,29.25,29.25,600.0,17550.0,29.25
688339.SH,20260911,17.51,17.51,17.51,17.51,9645.0,168884.0,17.51
688343.SH,20260911,53.01,53.01,53.01,53.01,27990.0,1483750.08,53.01
688345.SH,20260911,50.0,50.0,50.0,50.0,1950.0,97500.0,50.0
688347.SH,20260911,223.31,223.31,223.31,223.31,160022.0,35734512.64,223.31
688348.SH,20260911,30.01,30.01,30.01,30.01,6700.0,201067.0,30.01
688349.SH,20260911,13.09,13.09,13.09,13.09,54514.0,713588.0,13.09
688350.SH,20260911,28.29,28.29,28.29,28.29,27195.0,769347.04,28.29
688351.SH,20260911,17.21,17.21,17.21,17.21,19958.0,343477.0,17.21
688352.SH,20260911,17.01,17.01,17.01,17.01,93546.0,1591216.96,17.01
688353.SH,20260911,83.25,83.25,83.25,83.25,3999.0,332917.0,83.25
688355.SH,20260911,16.71,16.71,16.71,16.71,3406.0,56914.0,16.71
688356.SH,20260911,76.28,76.28,76.28,76.28,15482.0,1180967.04,76.28
688357.SH,20260911,25.51,25.51,25.51,25.51,2300.0,58673.0,25.51
688358.SH,20260911,27.26,27.26,27.26,27.26,1000.0,27260.0,27.26
688359.SH,20260911,99.36,99.36,99.36,99.36,3609.0,358590.0,99.36
688360.SH,20260911,14.3,14.3,14.3,14.3,18856.0,269641.0,14.3
688361.SH,20260911,305.0,305.02,305.1,305.0,33994.0,10369031.68,305.03
688362.SH,20260911,58.0,58.0,58.0,58.0,50013.0,2900753.92,58.0
688363.SH,20260911,34.48,34.48,34.48,34.48,4410.0,152057.0,34.48
688365.SH,20260911,14.33,14.33,14.33,14.33,10951.0,156928.0,14.33
688366.SH,20260911,29.58,29.58,29.58,29.58,800.0,23664.0,29.58
688367.SH,20260911,28.78,28.78,28.78,28.78,3006.0,86513.0,28.78
688368.SH,20260911,140.47,140.47,140.47,140.47,7892.0,1108588.96,140.47
688369.SH,20260911,19.42,19.42,19.42,19.42,2809.0,54551.0,19.42
688370.SH,20260911,23.55,23.55,23.55,23.55,0.0,0.0,23.55
688371.SH,20260911,24.0,24.0,24.0,24.0,34817.0,835608.0,24.0
688372.SH,20260911,111.12,111.12,111.12,111.12,13627.0,1514232.0,111.12
688373.SH,20260911,5.23,5.23,5.23,5.23,24551.0,128402.0,5.23
688375.SH,20260911,71.89,71.89,71.89,71.89,4240.0,304814.0,71.89
688376.SH,20260911,62.04,62.04,62.04,62.04,2800.0,173712.0,62.04
688377.SH,20260911,16.8,16.8,16.8,16.8,6252.0,105034.0,16.8
688378.SH,20260911,44.33,44.33,44.33,44.33,18281.0,810396.96,44.33
688379.SH,20260911,54.4,54.4,54.4,54.4,10642.0,578925.0,54.4
688380.SH,20260911,37.3,37.3,37.3,37.3,57849.0,2157768.0,37.3
688381.SH,20260911,35.2,35.2,35.2,35.2,29920.0,1053184.0,35.2
688382.SH,20260911,18.25,18.25,18.25,18.25,19516.0,356167.0,18.25
688383.SH,20260911,125.9,125.9,125.9,125.9,7121.0,896534.0,125.9
688385.SH,20260911,52.55,52.55,52.55,52.55,41908.0,2202264.96,52.55
688386.SH,20260911,46.29,46.29,46.29,46.29,7489.0,346666.0,46.29
688387.SH,20260911,12.09,12.1,12.1,12.09,98407.0,1190723.04,12.1
688388.SH,20260911,27.16,27.16,27.16,27.16,202200.0,5491751.68,27.16
688389.SH,20260911,11.07,11.07,11.07,11.07,32365.0,358281.0,11.07
688390.SH,20260911,59.0,59.0,59.0,59.0,27958.0,1649521.92,59.0
688391.SH,20260911,24.8,24.8,24.8,24.8,3260.0,80848.0,24.8
688392.SH,20260911,164.0,164.0,164.0,164.0,5187.0,850668.0,164.0
688393.SH,20260911,19.1,19.1,19.1,19.1,816.0,15586.0,19.1
688395.SH,20260911,22.5,22.5,22.5,22.5,4572.0,102870.0,22.5
688396.SH,20260911,55.54,55.5,55.54,55.5,63754.0,3538403.84,55.5
688398.SH,20260911,20.39,20.39,20.39,20.39,2017.0,41127.0,20.39
688399.SH,20260911,25.98,25.98,25.98,25.98,44879.0,1165956.0,25.98
688400.SH,20260911,44.9,44.9,44.9,44.9,59174.0,2656912.96,44.9
688401.SH,20260911,64.8,64.8,64.8,64.8,14323.0,928130.0,64.8
688403.SH,20260911,24.45,24.45,24.45,24.45,210117.0,5137360.96,24.45
688408.SH,20260911,22.58,22.58,22.58,22.58,21451.0,484364.0,22.58
688409.SH,20260911,175.51,175.51,175.51,175.51,15316.0,2688111.04,175.51
688410.SH,20260911,9.46,9.46,9.46,9.46,27848.0,263442.0,9.46
688411.SH,20260911,165.56,165.56,165.56,165.56,7561.0,1251799.04,165.56
688416.SH,20260911,72.95,72.95,72.95,72.95,30933.0,2256561.92,72.95
688418.SH,20260911,31.48,31.48,31.48,31.48,0.0,0.0,31.48
688419.SH,20260911,46.5,46.5,46.5,46.5,6152.0,286068.0,46.5
688420.SH,20260911,21.22,21.22,21.22,21.22,1353.0,28711.0,21.22
688425.SH,20260911,4.05,4.05,4.05,4.05,90310.0,365756.0,4.05
688426.SH,20260911,20.57,20.57,20.57,20.57,1800.0,37026.0,20.57
688428.SH,20260911,27.09,27.09,27.09,27.09,26424.0,715826.0,27.09
688429.SH,20260911,9.92,9.92,9.92,9.92,5530.0,54858.0,9.92
688432.SH,20260911,45.22,45.22,45.22,45.22,0.0,0.0,45.22
688433.SH,20260911,94.53,94.53,94.53,94.53,14059.0,1328996.96,94.53
688435.SH,20260911,32.5,32.5,32.5,32.5,20542.0,667615.0,32.5
688439.SH,20260911,37.3,37.3,37.3,37.3,8765.0,326935.0,37.3
688443.SH,20260911,22.49,22.49,22.49,22.49,9121.0,205131.0,22.49
688448.SH,20260911,66.99,66.99,66.99,66.99,4472.0,299579.0,66.99
688449.SH,20260911,60.2,60.2,60.2,60.2,49943.0,3006568.96,60.2
688450.SH,20260911,31.72,31.72,31.72,31.72,1400.0,44408.0,31.72
688455.SH,20260911,17.02,17.02,17.02,17.02,6300.0,107226.0,17.02
688456.SH,20260911,69.8,70.0,70.0,69.8,19461.0,1361583.04,69.96
688458.SH,20260911,35.19,35.19,35.19,35.19,600.0,21114.0,35.19
688459.SH,20260911,8.18,8.18,8.18,8.18,200.0,1636.0,8.18
688466.SH,20260911,13.97,13.97,13.97,13.97,5800.0,81026.0,13.97
688468.SH,20260911,6.25,6.25,6.25,6.25,1668.0,10425.0,6.25
688469.SH,20260911,8.26,8.28,8.28,8.25,878744.96,7273646.08,8.28
688472.SH,20260911,8.42,8.42,8.42,8.42,168097.0,1415376.96,8.42
688475.SH,20260911,27.7,27.7,27.7,27.7,6311.0,174815.0,27.7
688478.SH,20260911,40.71,40.71,40.71,40.71,29347.0,1194716.0,40.71
688479.SH,20260911,34.83,34.83,34.83,34.83,2785.0,97002.0,34.83
688480.SH,20260911,67.89,67.89,67.89,67.89,1580.0,107266.0,67.89
688484.SH,20260911,31.88,31.88,31.88,31.88,22548.0,718830.0,31.88
688485.SH,20260911,96.2,96.2,96.2,96.2,19338.0,1860316.0,96.2
688486.SH,20260911,41.55,41.55,41.55,41.55,26061.0,1082835.04,41.55
688488.SH,20260911,14.52,14.52,14.52,14.52,310.0,4501.0,14.52
688489.SH,20260911,22.8,22.8,22.8,22.8,1600.0,36480.0,22.8
688496.SH,20260911,0.58,0.58,0.58,0.58,0.0,0.0,0.58
688498.SH,20260911,1684.21,1684.21,1684.21,1684.21,19106.0,32178516.48,1684.21
688499.SH,20260911,32.1,32.1,32.1,32.1,27015.0,867182.0,32.1
688500.SH,20260911,32.28,32.28,32.28,32.28,600.0,19368.0,32.28
688501.SH,20260911,13.4,13.4,13.4,13.4,6819.0,91375.0,13.4
688502.SH,20260911,395.82,395.82,395.82,395.82,6596.0,2610828.96,395.82
688503.SH,20260911,72.41,72.41,72.41,72.41,61495.0,4452853.12,72.41
688505.SH,20260911,7.6,7.6,7.6,7.6,44426.0,337638.0,7.6
688506.SH,20260911,243.98,243.82,243.98,243.82,2666.0,650079.0,243.84
688507.SH,20260911,140.97,140.97,140.97,140.97,15904.0,2241987.04,140.97
688508.SH,20260911,80.99,80.99,80.99,80.99,18670.0,1512083.04,80.99
688509.SH,20260911,4.11,4.11,4.11,4.11,33410.0,137315.0,4.11
688510.SH,20260911,26.28,26.28,26.28,26.28,25959.0,682203.04,26.28
688511.SH,20260911,22.5,22.5,22.5,22.5,600.0,13500.0,22.5
688512.SH,20260911,13.31,13.31,13.31,13.31,24348.0,324072.0,13.31
688513.SH,20260911,46.22,46.22,46.22,46.22,1000.0,46220.0,46.22
688515.SH,20260911,143.82,143.82,143.82,143.82,16127.0,2319384.96,143.82
688516.SH,20260911,40.98,40.98,40.98,40.98,15466.0,633797.0,40.98
688517.SH,20260911,15.5,15.5,15.5,15.5,4400.0,68200.0,15.5
688518.SH,20260911,20.08,20.08,20.08,20.08,36049.0,723864.0,20.08
688519.SH,20260911,304.97,304.97,304.97,304.97,47287.0,14421116.16,304.97
688520.SH,20260911,33.28,33.28,33.28,33.28,5550.0,184704.0,33.28
688521.SH,20260911,182.4,181.0,182.4,181.0,132308.0,23949017.6,181.01
688522.SH,20260911,17.7,17.7,17.7,17.7,22931.0,405879.0,17.7
688523.SH,20260911,41.5,41.5,41.5,41.5,25612.0,1062898.0,41.5
688525.SH,20260911,213.22,213.22,213.22,213.22,166269.0,35451875.84,213.22
688526.SH,20260911,12.66,12.66,12.66,12.66,2100.0,26586.0,12.66
688528.SH,20260911,9.89,9.89,9.89,9.89,11620.0,114922.0,9.89
688529.SH,20260911,15.05,15.05,15.05,15.05,0.0,0.0,15.05
688530.SH,20260911,53.98,53.98,53.98,53.98,26470.0,1428851.04,53.98
688531.SH,20260911,135.36,135.36,135.36,135.36,28096.0,3803074.88,135.36
688533.SH,20260911,19.53,19.53,19.53,19.53,3040.0,59371.0,19.53
688535.SH,20260911,101.01,101.01,101.01,101.01,25021.0,2527371.04,101.01
688536.SH,20260911,299.45,299.45,299.45,299.45,8491.0,2542630.08,299.45
688538.SH,20260911,2.16,2.16,2.16,2.16,452167.0,976680.96,2.16
688539.SH,20260911,22.81,22.81,22.81,22.81,2600.0,59306.0,22.81
688543.SH,20260911,44.96,44.96,44.96,44.96,47714.0,2145220.96,44.96
688545.SH,20260911,71.62,71.62,71.62,71.62,123220.0,8825016.32,71.62
688548.SH,20260911,28.61,28.61,28.61,28.61,98769.0,2825781.12,28.61
688549.SH,20260911,21.99,21.95,21.99,21.95,219514.0,4818540.16,21.95
688550.SH,20260911,36.01,36.01,36.01,36.01,5180.0,186532.0,36.01
688551.SH,20260911,38.01,38.01,38.01,38.01,2970.0,112890.0,38.01
688552.SH,20260911,32.1,32.1,32.1,32.1,7228.0,232019.0,32.1
688553.SH,20260911,11.03,11.03,11.03,11.03,20243.0,223280.0,11.03
688556.SH,20260911,7.83,7.83,7.83,7.83,42093.0,329588.0,7.83
688557.SH,20260911,19.52,19.52,19.52,19.52,4086.0,79759.0,19.52
688558.SH,20260911,31.2,31.2,31.2,31.2,2040.0,63648.0,31.2
688559.SH,20260911,59.22,59.22,59.22,59.22,134177.0,7945962.24,59.22
688560.SH,20260911,12.1,12.1,12.1,12.1,2077.0,25132.0,12.1
688561.SH,20260911,27.61,27.61,27.61,27.61,109359.0,3019401.92,27.61
688562.SH,20260911,14.44,14.44,14.44,14.44,13995.0,202088.0,14.44
688563.SH,20260911,54.6,54.6,54.6,54.6,7810.0,426426.0,54.6
688565.SH,20260911,11.2,11.2,11.2,11.2,3000.0,33600.0,11.2
688566.SH,20260911,25.52,25.52,25.52,25.52,23804.0,607478.0,25.52
688567.SH,20260911,8.8,8.8,8.8,8.8,40517.0,356550.0,8.8
688568.SH,20260911,32.65,32.65,32.65,32.65,192816.0,6295441.92,32.65
688569.SH,20260911,18.75,18.75,18.75,18.75,9000.0,168750.0,18.75
688570.SH,20260911,14.44,14.44,14.44,14.44,3871.0,55897.0,14.44
688571.SH,20260911,8.04,8.04,8.04,8.04,3700.0,29748.0,8.04
688573.SH,20260911,15.69,15.69,15.69,15.69,2100.0,32949.0,15.69
688575.SH,20260911,9.71,9.7,9.71,9.68,47889.0,464439.0,9.7
688576.SH,20260911,38.25,38.25,38.25,38.25,0.0,0.0,38.25
688577.SH,20260911,40.5,40.5,40.5,40.5,741.0,30011.0,40.5
688578.SH,20260911,103.48,103.48,103.48,103.48,18289.0,1892545.92,103.48
688579.SH,20260911,7.74,7.74,7.74,7.74,14294.0,110636.0,7.74
688580.SH,20260911,41.23,41.23,41.23,41.23,6829.0,281560.0,41.23
688581.SH,20260911,50.46,50.46,50.46,50.46,0.0,0.0,50.46
688582.SH,20260911,38.61,38.61,38.61,38.61,6199.0,239343.0,38.61
688583.SH,20260911,76.51,76.51,76.51,76.51,6873.0,525853.0,76.51
688584.SH,20260911,23.9,23.9,23.9,23.9,86418.0,2065390.08,23.9
688585.SH,20260911,137.51,137.51,137.51,137.51,13236.0,1820081.92,137.51
688586.SH,20260911,11.4,11.4,11.4,11.4,28404.0,323806.0,11.4
688588.SH,20260911,9.04,9.04,9.04,9.04,6560.0,59302.0,9.04
688589.SH,20260911,19.08,19.08,19.08,19.08,3361.0,64128.0,19.08
688590.SH,20260911,11.73,11.73,11.73,11.73,8640.0,101347.0,11.73
688591.SH,20260911,27.03,27.03,27.03,27.03,19600.0,529788.0,27.03
688592.SH,20260911,22.68,22.68,22.68,22.68,0.0,0.0,22.68
688593.SH,20260911,29.17,29.1,29.17,29.1,73608.0,2142060.0,29.1
688595.SH,20260911,28.13,28.13,28.13,28.13,7949.0,223605.0,28.13
688596.SH,20260911,60.8,60.8,60.8,60.8,20507.0,1246826.0,60.8
688597.SH,20260911,6.3,6.3,6.3,6.3,3406.0,21458.0,6.3
688598.SH,20260911,32.01,32.01,32.01,32.01,99327.0,3179456.96,32.01
688599.SH,20260911,11.02,11.02,11.02,11.02,150988.0,1663888.0,11.02
688600.SH,20260911,32.94,32.94,32.94,32.94,13347.0,439650.0,32.94
688601.SH,20260911,58.46,58.46,58.46,58.46,11482.0,671238.0,58.46
688602.SH,20260911,6.8,6.8,6.8,6.8,0.0,0.0,6.8
688603.SH,20260911,112.0,112.0,112.0,112.0,13266.0,1485792.0,112.0
688605.SH,20260911,80.7,80.7,80.7,80.7,30302.0,2445371.04,80.7
688606.SH,20260911,44.73,44.73,44.73,44.73,1200.0,53676.0,44.73
688607.SH,20260911,38.7,38.7,38.7,38.7,2350.0,90945.0,38.7
688608.SH,20260911,92.16,92.16,92.16,92.16,5352.0,493240.0,92.16
688609.SH,20260911,8.93,8.93,8.93,8.93,70502.0,629583.0,8.93
688610.SH,20260911,149.03,149.03,149.03,149.03,1615.0,240683.0,149.03
688611.SH,20260911,61.9,61.9,61.9,61.9,400.0,24760.0,61.9
688612.SH,20260911,38.62,38.74,38.74,38.62,38180.0,1479044.96,38.74
688613.SH,20260911,15.15,15.15,15.15,15.15,29839.0,452061.0,15.15
688615.SH,20260911,89.0,89.0,89.0,89.0,11417.0,1016112.96,89.0
688616.SH,20260911,10.88,10.88,10.88,10.88,6236.0,67848.0,10.88
688617.SH,20260911,239.89,239.89,239.89,239.89,1086.0,260521.0,239.89
688618.SH,20260911,29.51,29.51,29.51,29.51,0.0,0.0,29.51
688619.SH,20260911,15.09,15.09,15.09,15.09,6200.0,93558.0,15.09
688620.SH,20260911,14.6,14.6,14.6,14.6,32188.0,469945.0,14.6
688621.SH,20260911,69.2,69.2,69.2,69.2,8593.0,594636.0,69.2
688622.SH,20260911,103.15,103.15,103.15,103.15,0.0,0.0,103.15
688623.SH,20260911,55.5,55.5,55.5,55.5,808.0,44844.0,55.5
688625.SH,20260911,57.5,57.5,57.5,57.5,14072.0,809140.0,57.5
688626.SH,20260911,38.0,38.0,38.0,38.0,4800.0,182400.0,38.0
688627.SH,20260911,461.0,461.0,461.0,461.0,15804.0,7285644.16,461.0
688628.SH,20260911,78.83,78.83,78.83,78.83,7143.0,563083.0,78.83
688629.SH,20260911,121.9,121.9,121.9,121.9,42655.0,5199645.12,121.9
688630.SH,20260911,405.3,401.32,405.3,400.8,17459.0,7009516.8,401.48
688631.SH,20260911,38.01,38.01,38.01,38.01,1389.0,52796.0,38.01
688633.SH,20260911,22.12,22.12,22.12,22.12,3296.0,72908.0,22.12
688635.SH,20260911,265.19,265.0,265.19,265.0,9429.0,2498776.96,265.01
688636.SH,20260911,20.58,20.58,20.58,20.58,20791.0,427879.0,20.58
688638.SH,20260911,32.1,32.1,32.1,32.1,4455.0,143006.0,32.1
688639.SH,20260911,17.25,17.25,17.25,17.25,15274.0,263477.0,17.25
688646.SH,20260911,74.44,74.44,74.44,74.44,1351.0,100568.0,74.44
688648.SH,20260911,31.1,31.1,31.1,31.1,2096.0,65186.0,31.1
688651.SH,20260911,22.98,22.98,22.98,22.98,3943.0,90610.0,22.98
688652.SH,20260911,129.0,129.0,129.0,129.0,4438.0,572502.0,129.0
688653.SH,20260911,13.12,13.12,13.12,13.12,53062.0,696172.96,13.12
688655.SH,20260911,56.0,55.18,56.0,55.18,178124.0,9831907.2,55.2
688656.SH,20260911,121.96,121.96,121.96,121.96,1920.0,234163.0,121.96
688657.SH,20260911,31.96,31.96,31.96,31.96,1240.0,39630.0,31.96
688658.SH,20260911,12.64,12.64,12.64,12.64,26760.0,338246.0,12.64
688659.SH,20260911,9.46,9.46,9.46,9.46,9500.0,89870.0,9.46
688660.SH,20260911,9.3,9.3,9.3,9.3,565080.0,5255244.16,9.3
688661.SH,20260911,99.0,99.0,99.0,99.0,18184.0,1800216.0,99.0
688662.SH,20260911,86.0,86.0,86.0,86.0,101931.0,8766065.92,86.0
688663.SH,20260911,53.5,53.5,53.5,53.5,23362.0,1249867.04,53.5
688665.SH,20260911,43.19,43.19,43.19,43.19,0.0,0.0,43.19
688667.SH,20260911,97.51,97.51,97.51,97.51,8426.0,821619.04,97.51
688668.SH,20260911,251.0,251.0,251.0,251.0,21818.0,5476318.08,251.0
688669.SH,20260911,70.21,70.21,70.21,70.21,16777.0,1177912.96,70.21
688670.SH,20260911,17.11,17.11,17.11,17.11,0.0,0.0,17.11
688671.SH,20260911,23.77,23.77,23.77,23.77,4179.0,99335.0,23.77
688676.SH,20260911,64.56,64.56,64.56,64.56,33287.0,2149008.96,64.56
688677.SH,20260911,84.3,84.3,84.3,84.3,32836.0,2768074.88,84.3
688678.SH,20260911,21.1,21.1,21.1,21.1,56123.0,1184195.04,21.1
688679.SH,20260911,40.6,40.6,40.6,40.6,11971.0,486023.0,40.6
688680.SH,20260911,31.93,31.93,31.93,31.93,400.0,12772.0,31.93
688681.SH,20260911,15.26,15.26,15.26,15.26,5043.0,76956.0,15.26
688682.SH,20260911,29.41,29.41,29.41,29.41,759.0,22322.0,29.41
688683.SH,20260911,28.37,28.37,28.37,28.37,1012.0,28710.0,28.37
688685.SH,20260911,35.43,35.43,35.43,35.43,1100.0,38973.0,35.43
688686.SH,20260911,140.0,138.25,140.0,138.25,5027.0,696222.0,138.5
688687.SH,20260911,17.03,17.03,17.03,17.03,4800.0,81744.0,17.03
688689.SH,20260911,36.68,36.68,36.68,36.68,13142.0,482049.0,36.68
688690.SH,20260911,41.28,41.28,41.28,41.28,25021.0,1032867.04,41.28
688691.SH,20260911,59.9,59.9,59.9,59.9,9646.0,577795.0,59.9
688692.SH,20260911,206.21,206.21,206.21,206.21,2885.0,594916.0,206.21
688693.SH,20260911,72.99,72.99,72.99,72.99,9405.0,686471.04,72.99
688695.SH,20260911,18.75,18.75,18.75,18.75,1612.0,30225.0,18.75
688696.SH,20260911,86.29,86.29,86.29,86.29,1274.0,109933.0,86.29
688697.SH,20260911,14.31,14.31,14.31,14.31,54309.0,777162.0,14.31
688698.SH,20260911,40.6,40.6,40.6,40.6,4355.0,176813.0,40.6
688699.SH,20260911,55.26,55.26,55.26,55.26,7313.0,404116.0,55.26
688700.SH,20260911,62.0,62.0,62.0,62.0,119126.0,7385811.84,62.0
688701.SH,20260911,8.95,8.95,8.95,8.95,31500.0,281925.0,8.95
688702.SH,20260911,309.0,309.0,309.0,309.0,47269.0,14606120.96,309.0
688707.SH,20260911,10.11,10.11,10.11,10.11,18800.0,190068.0,10.11
688708.SH,20260911,42.88,42.88,42.88,42.88,13339.0,571976.0,42.88
688709.SH,20260911,23.17,23.17,23.17,23.17,8579.0,198775.0,23.17
688710.SH,20260911,82.8,82.8,82.8,82.8,2845.0,235566.0,82.8
688711.SH,20260911,24.82,24.82,24.82,24.82,36810.0,913624.0,24.82
688712.SH,20260911,29.16,29.16,29.16,29.16,4390.0,128012.0,29.16
688716.SH,20260911,26.23,26.23,26.23,26.23,3302.0,86611.0,26.23
688717.SH,20260911,43.38,43.38,43.38,43.38,10047.0,435839.0,43.38
688718.SH,20260911,13.64,13.64,13.64,13.64,12153.0,165767.0,13.64
688719.SH,20260911,55.01,55.01,55.01,55.01,17099.0,940616.0,55.01
688720.SH,20260911,59.4,59.4,59.4,59.3,13731.0,815503.04,59.39
688721.SH,20260911,38.1,38.1,38.1,38.1,8473.0,322821.0,38.1
688722.SH,20260911,14.2,14.2,14.2,14.2,11400.0,161880.0,14.2
688726.SH,20260911,42.78,42.78,42.78,42.78,8800.0,376464.0,42.78
688727.SH,20260911,44.29,44.39,44.39,44.29,1797.0,79765.0,44.39
688728.SH,20260911,13.86,13.86,13.86,13.86,63343.0,877934.0,13.86
688729.SH,20260911,21.97,21.97,21.97,21.97,134241.0,2949274.88,21.97
688733.SH,20260911,28.0,28.0,28.0,28.0,37829.0,1059212.0,28.0
688737.SH,20260911,16.84,16.84,16.84,16.84,3929.0,66164.0,16.84
688739.SH,20260911,20.2,20.2,20.2,20.2,22061.0,445632.0,20.2
688750.SH,20260911,14.4,14.4,14.4,14.4,3407.0,49061.0,14.4
688755.SH,20260911,25.45,25.45,25.45,25.45,1755.0,44665.0,25.45
688757.SH,20260911,29.83,29.83,29.83,29.83,30142.0,899136.0,29.83
688758.SH,20260911,27.35,27.35,27.35,27.35,8613.0,235566.0,27.35
688759.SH,20260911,20.87,20.87,20.87,20.87,35495.0,740780.96,20.87
688765.SH,20260911,36.0,36.0,36.0,36.0,6443.0,231948.0,36.0
688766.SH,20260911,389.55,387.62,389.55,387.62,105868.0,41066408.96,387.9
688767.SH,20260911,36.62,36.62,36.62,36.62,1014.0,37133.0,36.62
688768.SH,20260911,42.29,42.29,42.29,42.29,1679.0,71005.0,42.29
688772.SH,20260911,14.3,14.3,14.3,14.3,72715.0,1039824.96,14.3
688775.SH,20260911,96.6,96.0,96.6,96.0,43249.0,4152040.96,96.0
688776.SH,20260911,46.0,46.0,46.0,46.0,4912.0,225952.0,46.0
688777.SH,20260911,85.55,86.0,86.0,85.55,31851.0,2738735.04,85.99
688778.SH,20260911,43.3,43.26,43.3,43.26,15500.0,670570.0,43.26
688779.SH,20260911,7.6,7.6,7.6,7.6,51436.0,390914.0,7.6
688781.SH,20260911,36.72,36.72,36.72,36.72,9347.0,343222.0,36.72
688783.SH,20260911,26.0,26.0,26.0,26.0,110273.0,2867097.92,26.0
688785.SH,20260911,293.23,293.23,293.23,293.23,954.0,279741.0,293.23
688786.SH,20260911,25.2,25.2,25.2,25.2,2970.0,74844.0,25.2
688787.SH,20260911,90.0,90.0,90.0,90.0,3845.0,346050.0,90.0
688788.SH,20260911,29.5,29.5,29.5,29.5,504.0,14868.0,29.5
688789.SH,20260911,40.49,40.49,40.49,40.49,200.0,8098.0,40.49
688790.SH,20260911,97.0,97.0,97.0,97.0,2400.0,232800.0,97.0
688793.SH,20260911,17.63,17.63,17.63,17.63,5241.0,92399.0,17.63
688795.SH,20260911,360.0,360.0,360.0,360.0,83775.0,30158999.04,360.0
688796.SH,20260911,122.0,122.0,122.0,122.0,14115.0,1722030.08,122.0
688797.SH,20260911,243.22,243.22,243.22,243.22,31290.0,7610353.92,243.22
688798.SH,20260911,54.7,54.7,54.7,54.7,18088.0,989414.0,54.7
688799.SH,20260911,46.96,46.96,46.96,46.96,454.0,21320.0,46.96
688800.SH,20260911,68.39,68.05,68.4,68.05,100668.0,6850913.92,68.06
688801.SH,20260911,415.1,410.0,424.0,410.0,642809.0,264899870.72,412.1
688802.SH,20260911,484.27,482.51,484.27,482.51,18266.0,8815342.72,482.61
688805.SH,20260911,38.72,38.72,38.72,38.72,0.0,0.0,38.72
688806.SH,20260911,20.52,20.52,20.52,20.52,13370.0,274352.0,20.52
688807.SH,20260911,348.0,348.0,348.0,348.0,9936.0,3457728.0,348.0
688808.SH,20260911,2394.0,2400.0,2400.0,2394.0,5308.0,12738684.16,2399.9
688809.SH,20260911,488.56,480.0,488.56,480.0,24797.0,11911672.32,480.37
688811.SH,20260911,19.8,19.8,19.8,19.8,11531.0,228314.0,19.8
688813.SH,20260911,118.0,118.0,118.0,118.0,58716.0,6928487.68,118.0
688816.SH,20260911,46.56,46.55,46.56,46.55,400.0,18622.0,46.56
688818.SH,20260911,42.4,42.4,42.4,42.4,10041.0,425738.0,42.4
688819.SH,20260911,20.86,20.86,20.86,20.86,12175.0,253971.0,20.86
688820.SH,20260911,124.0,124.0,124.0,124.0,27316.0,3387184.0,124.0
688825.SH,20260911,56.0,56.0,56.0,56.0,3474399.04,194566328.32,56.0
688826.SH,20260911,754.5,754.5,754.5,754.5,1811.0,1366400.0,754.5
688828.SH,20260911,86.02,86.02,86.02,86.02,20546.0,1767367.04,86.02
688835.SH,20260911,261.0,261.0,261.0,261.0,81064.0,21157703.68,261.0
688836.SH,20260911,490.25,490.25,490.25,490.25,39069.0,19153575.68,490.25
688981.SH,20260911,118.0,118.0,118.0,118.0,229650.0,27098700.8,118.0
689009.SH,20260911,37.01,37.01,37.01,37.01,65137.0,2410720.0,37.01
920001.BJ,20260911,11.09,11.09,11.09,11.09,200.0,2218.0,11.09
920002.BJ,20260911,49.94,49.94,49.94,49.94,300.0,14982.0,49.94
920003.BJ,20260911,15.38,15.38,15.38,15.38,128.0,1968.64,15.38
920005.BJ,20260911,23.81,23.81,23.81,23.81,2300.0,54763.0,23.81
920006.BJ,20260911,18.78,18.78,18.78,18.78,26277.0,493482.08,18.78
920007.BJ,20260911,32.67,32.67,32.67,32.67,516.0,16857.72,32.67
920008.BJ,20260911,21.99,21.99,21.99,21.99,10193.0,224144.06,21.99
920009.BJ,20260911,33.93,33.93,33.93,33.93,100.0,3393.0,33.93
920010.BJ,20260911,10.51,10.51,10.51,10.51,437950.0,4602854.4,10.51
920012.BJ,20260911,48.86,48.86,48.86,48.86,1477.0,72166.22,48.86
920014.BJ,20260911,9.03,9.03,9.03,9.03,29027.0,262113.82,9.03
920015.BJ,20260911,37.05,37.05,37.05,37.05,3867.0,143272.34,37.05
920016.BJ,20260911,13.69,13.69,13.69,13.69,5404.0,73980.76,13.69
920017.BJ,20260911,15.86,15.86,15.86,15.86,5600.0,88816.0,15.86
920018.BJ,20260911,14.99,14.99,14.99,14.99,1400.0,20986.0,14.99
920019.BJ,20260911,16.36,16.36,16.36,16.36,218169.0,3569244.8,16.36
920021.BJ,20260911,7.7,7.7,7.7,7.7,265181.0,2041893.76,7.7
920022.BJ,20260911,18.78,18.78,18.78,18.78,4187.0,78631.86,18.78
920023.BJ,20260911,1.48,1.48,1.48,1.48,70040.0,103659.2,1.48
920026.BJ,20260911,17.85,17.85,17.85,17.85,1900.0,33915.0,17.85
920027.BJ,20260911,11.89,11.89,11.89,11.89,900.0,10701.0,11.89
920028.BJ,20260911,14.39,14.39,14.39,14.39,551.0,7928.89,14.39
920029.BJ,20260911,32.74,32.74,32.74,32.74,1399.0,45803.26,32.74
920030.BJ,20260911,4.7,4.7,4.7,4.7,100.0,470.0,4.7
920033.BJ,20260911,13.9,13.9,13.9,13.9,37266.0,517997.4,13.9
920035.BJ,20260911,23.95,23.95,23.95,23.95,3700.0,88615.0,23.95
920036.BJ,20260911,30.8,30.8,30.8,30.8,200.0,6160.0,30.8
920037.BJ,20260911,38.2,38.2,38.2,38.2,2200.0,84040.0,38.2
920038.BJ,20260911,38.01,38.01,38.01,38.01,80676.0,3066494.72,38.01
920039.BJ,20260911,7.8,7.8,7.8,7.8,2800.0,21840.0,7.8
920045.BJ,20260911,515.5,515.5,515.5,515.5,17697.0,9122803.84,515.5
920046.BJ,20260911,21.99,21.99,21.99,21.99,56523.0,1242940.72,21.99
920047.BJ,20260911,14.82,14.82,14.82,14.82,4800.0,71136.0,14.82
920050.BJ,20260911,27.91,27.91,27.91,27.91,1500.0,41865.0,27.91
920055.BJ,20260911,25.5,25.5,25.5,25.5,1946.0,49623.0,25.5
920056.BJ,20260911,14.42,14.42,14.42,14.42,11980.0,172751.6,14.42
920057.BJ,20260911,4.81,4.81,4.81,4.81,1500.0,7215.0,4.81
920058.BJ,20260911,28.68,28.68,28.68,28.68,8590.0,246361.2,28.68
920059.BJ,20260911,12.71,12.71,12.71,12.71,18087.0,229885.76,12.71
920060.BJ,20260911,24.8,24.8,24.8,24.8,107019.0,2654071.2,24.8
920061.BJ,20260911,17.2,17.2,17.2,17.2,300.0,5160.0,17.2
920065.BJ,20260911,32.96,32.96,32.96,32.96,9067.0,298848.32,32.96
920066.BJ,20260911,17.92,17.92,17.92,17.92,801.0,14353.92,17.92
920068.BJ,20260911,16.05,16.05,16.05,16.05,28191.0,452465.56,16.05
920069.BJ,20260911,33.0,33.0,33.0,33.0,1600.0,52800.0,33.0
920071.BJ,20260911,25.01,25.01,25.01,25.01,248666.0,6219136.64,25.01
920072.BJ,20260911,23.17,23.17,23.17,23.17,4400.0,101948.0,23.17
920075.BJ,20260911,16.66,16.66,16.66,16.66,12001.0,199936.66,16.66
920076.BJ,20260911,12.87,12.87,12.87,12.87,2694.0,34671.78,12.87
920077.BJ,20260911,13.73,13.73,13.73,13.73,6867.0,94283.92,13.73
920078.BJ,20260911,18.15,18.15,18.15,18.15,1799.0,32651.85,18.15
920079.BJ,20260911,13.28,13.28,13.28,13.28,6209.0,82455.53,13.28
920080.BJ,20260911,21.11,21.11,21.11,21.11,650.0,13721.5,21.11
920081.BJ,20260911,41.0,41.0,41.0,41.0,6093.0,249813.0,41.0
920082.BJ,20260911,8.14,8.14,8.14,8.14,1000.0,8140.0,8.14
920083.BJ,20260911,33.98,33.98,33.98,33.98,13977.0,474938.48,33.98
920086.BJ,20260911,20.04,20.04,20.04,20.04,200.0,4008.0,20.04
920087.BJ,20260911,16.81,16.81,16.81,16.81,117830.0,1980722.24,16.81
920088.BJ,20260911,50.21,50.21,50.21,50.21,142926.0,7176314.24,50.21
920089.BJ,20260911,10.0,10.0,10.0,10.0,300.0,3000.0,10.0
920090.BJ,20260911,3.59,3.59,3.59,3.59,248.0,890.32,3.59
920091.BJ,20260911,27.87,27.87,27.87,27.87,300.0,8361.0,27.87
920092.BJ,20260911,25.46,25.46,25.46,25.46,6936.0,176590.56,25.46
920093.BJ,20260911,19.22,19.22,19.22,19.22,16500.0,317130.0,19.22
920096.BJ,20260911,31.16,31.16,31.16,31.16,6125.0,190855.0,31.16
920098.BJ,20260911,18.42,18.42,18.42,18.42,8471.0,156035.82,18.42
920099.BJ,20260911,16.88,16.88,16.88,16.88,12200.0,205936.0,16.88
920100.BJ,20260911,29.1,29.1,29.1,29.1,13643.0,397011.32,29.1
920101.BJ,20260911,16.26,16.26,16.26,16.26,472.0,7674.72,16.26
920106.BJ,20260911,35.66,35.66,35.66,35.66,2509.0,89470.94,35.66
920107.BJ,20260911,19.7,19.7,19.7,19.7,7100.0,139870.0,19.7
920108.BJ,20260911,8.82,8.82,8.82,8.82,1299.0,11457.18,8.82
920110.BJ,20260911,25.99,25.99,25.99,25.99,300.0,7797.0,25.99
920111.BJ,20260911,26.37,26.37,26.37,26.37,1602.0,42244.74,26.37
920112.BJ,20260911,15.22,15.22,15.22,15.22,500.0,7610.0,15.22
920116.BJ,20260911,44.25,44.25,44.25,44.25,11848.0,524274.0,44.25
920117.BJ,20260911,25.81,25.81,25.81,25.81,30137.0,777836.0,25.81
920118.BJ,20260911,20.95,20.95,20.95,20.95,832.0,17430.4,20.95
920119.BJ,20260911,55.55,55.55,55.55,55.55,3170.0,176093.5,55.55
920122.BJ,20260911,23.16,23.16,23.16,23.16,4518.0,104636.88,23.16
920123.BJ,20260911,10.91,10.91,10.91,10.91,100.0,1091.0,10.91
920124.BJ,20260911,12.13,12.13,12.13,12.13,774.0,9388.62,12.13
920125.BJ,20260911,135.0,135.0,135.0,135.0,5473.0,738855.04,135.0
920126.BJ,20260911,10.2,10.2,10.2,10.2,26780.0,273156.0,10.2
920128.BJ,20260911,21.5,21.5,21.5,21.5,79249.0,1703853.44,21.5
920130.BJ,20260911,16.71,16.71,16.71,16.71,100.0,1671.0,16.71
920132.BJ,20260911,8.91,8.91,8.91,8.91,4444.0,39596.04,8.91
920136.BJ,20260911,21.13,21.13,21.13,21.13,4784.0,101085.92,21.13
920138.BJ,20260911,32.0,32.0,32.0,32.0,80918.0,2589376.0,32.0
920139.BJ,20260911,14.6,14.6,14.6,14.6,23485.0,342881.0,14.6
920146.BJ,20260911,5.2,5.2,5.2,5.2,18600.0,96720.0,5.2
920149.BJ,20260911,8.68,8.68,8.68,8.68,1800.0,15624.0,8.68
920152.BJ,20260911,12.63,12.63,12.63,12.63,100.0,1263.0,12.63
920156.BJ,20260911,35.42,35.42,35.42,35.42,666.0,23589.72,35.42
920158.BJ,20260911,8.5,8.5,8.5,8.5,34012.0,289102.0,8.5
920159.BJ,20260911,32.93,32.93,32.93,32.93,16491.0,543048.64,32.93
920160.BJ,20260911,19.18,19.18,19.18,19.18,100.0,1918.0,19.18
920161.BJ,20260911,20.3,20.3,20.3,20.3,13235.0,268670.5,20.3
920165.BJ,20260911,34.4,34.4,34.4,34.4,2736.0,94118.4,34.4
920166.BJ,20260911,19.51,19.51,19.51,19.51,1400.0,27314.0,19.51
920167.BJ,20260911,13.73,13.73,13.73,13.73,2800.0,38444.0,13.73
920168.BJ,20260911,15.43,15.43,15.43,15.43,300.0,4629.0,15.43
920169.BJ,20260911,21.95,21.95,21.95,21.95,61996.0,1360812.32,21.95
920171.BJ,20260911,16.2,16.2,16.2,16.2,13928.0,225633.6,16.2
920174.BJ,20260911,31.55,31.55,31.55,31.55,28620.0,902960.96,31.55
920176.BJ,20260911,62.2,62.2,62.2,62.2,22845.0,1420959.04,62.2
920177.BJ,20260911,23.08,23.08,23.08,23.08,200.0,4616.0,23.08
920178.BJ,20260911,90.06,90.06,90.06,90.06,6681.0,601690.88,90.06
920179.BJ,20260911,53.8,53.8,53.8,53.8,21280.0,1144864.0,53.8
920180.BJ,20260911,12.1,12.1,12.1,12.1,3400.0,41140.0,12.1
920181.BJ,20260911,66.96,66.96,66.96,66.96,1510.0,101109.6,66.96
920183.BJ,20260911,29.84,29.84,29.84,29.84,100.0,2984.0,29.84
920184.BJ,20260911,11.69,11.69,11.69,11.69,18105.0,211647.46,11.69
920185.BJ,20260911,20.21,20.21,20.21,20.21,8168.0,165075.28,20.21
920186.BJ,20260911,69.88,69.88,69.88,69.88,49688.0,3472197.44,69.88
920187.BJ,20260911,17.3,17.3,17.3,17.3,747.0,12923.1,17.3
920188.BJ,20260911,23.0,23.0,23.0,23.0,6441.0,148143.0,23.0
920189.BJ,20260911,19.96,19.96,19.96,19.96,20736.0,413890.56,19.96
920190.BJ,20260911,24.25,24.25,24.25,24.25,11545.0,279966.24,24.25
920191.BJ,20260911,8.69,8.69,8.69,8.69,19200.0,166848.0,8.69
920193.BJ,20260911,29.02,29.02,29.02,29.02,11472.0,332917.44,29.02
920195.BJ,20260911,12.75,12.75,12.75,12.75,1500.0,19125.0,12.75
920198.BJ,20260911,7.9,7.9,7.9,7.9,45600.0,360240.0,7.9
920199.BJ,20260911,24.18,24.18,24.18,24.18,2819.0,68163.42,24.18
920200.BJ,20260911,26.5,26.5,26.5,26.5,4600.0,121900.0,26.5
920206.BJ,20260911,38.31,38.31,38.31,38.31,18989.0,727468.56,38.31
920207.BJ,20260911,21.38,21.38,21.38,21.38,25130.0,537279.36,21.38
920208.BJ,20260911,12.02,12.02,12.02,12.02,4900.0,58898.0,12.02
920211.BJ,20260911,91.67,91.67,91.67,91.67,100.0,9167.0,91.67
920212.BJ,20260911,10.85,10.85,10.85,10.85,26432.0,286787.18,10.85
920218.BJ,20260911,15.0,15.0,15.0,15.0,3595.0,53925.0,15.0
920220.BJ,20260911,41.13,41.13,41.13,41.13,1300.0,53469.0,41.13
920221.BJ,20260911,12.6,12.6,12.6,12.6,100.0,1260.0,12.6
920222.BJ,20260911,27.88,27.88,27.88,27.88,1639.0,45695.32,27.88
920223.BJ,20260911,13.7,13.7,13.7,13.7,34284.0,469690.8,13.7
920225.BJ,20260911,16.31,16.31,16.31,16.31,8441.0,137672.7,16.31
920227.BJ,20260911,46.74,46.74,46.74,46.74,1467.0,68567.58,46.74
920230.BJ,20260911,10.63,10.63,10.63,10.63,61660.0,655445.8,10.63
920237.BJ,20260911,11.31,11.31,11.31,11.31,4670.0,52817.7,11.31
920238.BJ,20260911,63.67,63.67,63.67,63.67,5972.0,380237.24,63.67
920239.BJ,20260911,21.2,21.2,21.2,21.2,1841.0,39029.2,21.2
920245.BJ,20260911,13.78,13.78,13.78,13.78,3100.0,42718.0,13.78
920247.BJ,20260911,14.07,14.07,14.07,14.07,4202.0,59122.14,14.07
920249.BJ,20260911,8.88,8.88,8.88,8.88,3800.0,33744.0,8.88
920252.BJ,20260911,14.48,14.48,14.48,14.48,5000.0,72400.0,14.48
920258.BJ,20260911,10.7,10.7,10.7,10.7,2500.0,26750.0,10.7
920260.BJ,20260911,8.38,8.38,8.38,8.38,8900.0,74582.0,8.38
920261.BJ,20260911,13.54,13.54,13.54,13.54,4300.0,58222.0,13.54
920262.BJ,20260911,14.17,14.17,14.17,14.17,1068.0,15133.56,14.17
920263.BJ,20260911,6.78,6.78,6.78,6.78,1000.0,6780.0,6.78
920266.BJ,20260911,7.05,7.05,7.05,7.05,2500.0,17625.0,7.05
920267.BJ,20260911,15.82,15.82,15.82,15.82,1871.0,29599.22,15.82
920268.BJ,20260911,35.5,35.5,35.5,35.5,355981.0,12637326.08,35.5
920269.BJ,20260911,34.8,34.8,34.8,34.8,36084.0,1255723.28,34.8
920270.BJ,20260911,11.62,11.62,11.62,11.62,100.0,1162.0,11.62
920273.BJ,20260911,18.95,18.95,18.95,18.95,8268.0,156678.6,18.95
920274.BJ,20260911,16.09,16.09,16.09,16.09,657.0,10571.13,16.09
920275.BJ,20260911,6.94,6.94,6.94,6.94,7480.0,51911.2,6.94
920278.BJ,20260911,6.31,6.31,6.31,6.31,200.0,1262.0,6.31
920284.BJ,20260911,15.81,15.81,15.81,15.81,12300.0,194463.0,15.81
920288.BJ,20260911,17.57,17.57,17.57,17.57,18879.0,331704.04,17.57
920289.BJ,20260911,26.22,26.22,26.22,26.22,32728.0,858128.16,26.22
920299.BJ,20260911,15.77,15.77,15.77,15.77,38221.0,602745.2,15.77
920300.BJ,20260911,9.62,9.62,9.62,9.62,8053.0,77469.86,9.62
920304.BJ,20260911,9.78,9.78,9.78,9.78,71965.0,703817.68,9.78
920339.BJ,20260911,10.38,10.38,10.38,10.38,3400.0,35292.0,10.38
920344.BJ,20260911,19.42,19.42,19.42,19.42,5376.0,104401.92,19.42
920346.BJ,20260911,15.3,15.3,15.3,15.3,100.0,1530.0,15.3
920351.BJ,20260911,13.26,13.26,13.26,13.26,25606.0,339535.56,13.26
920357.BJ,20260911,14.91,14.91,14.91,14.91,13213.0,197005.82,14.91
920367.BJ,20260911,24.75,24.75,24.75,24.75,5380.0,133155.0,24.75
920368.BJ,20260911,22.62,22.62,22.62,22.62,9500.0,214890.0,22.62
920370.BJ,20260911,2.99,2.99,2.99,2.99,1012.0,3025.88,2.99
920371.BJ,20260911,8.15,8.15,8.15,8.15,243198.0,1982063.68,8.15
920374.BJ,20260911,15.31,15.31,15.31,15.31,1965.0,30084.15,15.31
920375.BJ,20260911,6.51,6.51,6.51,6.51,100.0,651.0,6.51
920378.BJ,20260911,7.01,7.01,7.01,7.01,4947.0,34678.47,7.01
920392.BJ,20260911,14.65,14.65,14.65,14.65,5566.0,81541.9,14.65
920394.BJ,20260911,44.17,44.17,44.17,44.17,100.0,4417.0,44.17
920395.BJ,20260911,6.93,6.93,6.93,6.93,11100.0,76923.0,6.93
920396.BJ,20260911,19.01,19.01,19.01,19.01,1208.0,22964.08,19.01
920402.BJ,20260911,8.4,8.4,8.4,8.4,40908.0,343627.2,8.4
920403.BJ,20260911,22.02,22.02,22.02,22.02,30555.0,672821.12,22.02
920405.BJ,20260911,16.23,16.23,16.23,16.23,19787.0,321143.0,16.23
920407.BJ,20260911,11.05,11.05,11.05,11.05,1788.0,19757.4,11.05
920414.BJ,20260911,8.18,8.18,8.18,8.18,4300.0,35174.0,8.18
920415.BJ,20260911,9.19,9.19,9.19,9.19,6300.0,57897.0,9.19
920418.BJ,20260911,18.01,18.01,18.01,18.01,1800.0,32418.0,18.01
920419.BJ,20260911,11.4,11.4,11.4,11.4,13433.0,153136.2,11.4
920422.BJ,20260911,9.53,9.53,9.53,9.53,7805.0,74381.65,9.53
920425.BJ,20260911,13.99,13.99,13.99,13.99,18400.0,257416.0,13.99
920427.BJ,20260911,8.56,8.56,8.56,8.56,2866.0,24532.96,8.56
920429.BJ,20260911,10.71,10.71,10.71,10.71,1600.0,17136.0,10.71
920433.BJ,20260911,4.75,4.75,4.75,4.75,1000.0,4750.0,4.75
920436.BJ,20260911,11.18,11.18,11.18,11.18,1300.0,14534.0,11.18
920438.BJ,20260911,90.01,90.01,90.01,90.01,14024.0,1262300.24,90.01
920445.BJ,20260911,7.27,7.27,7.27,7.27,10054.0,73092.58,7.27
920455.BJ,20260911,6.36,6.36,6.36,6.36,200.0,1272.0,6.36
920469.BJ,20260911,5.87,5.87,5.87,5.87,12500.0,73375.0,5.87
920471.BJ,20260911,12.3,12.3,12.3,12.3,2800.0,34440.0,12.3
920475.BJ,20260911,11.6,11.6,11.6,11.6,200.0,2320.0,11.6
920476.BJ,20260911,22.65,22.65,22.65,22.65,1305.0,29558.25,22.65
920478.BJ,20260911,9.51,9.51,9.51,9.51,22684.0,215724.84,9.51
920489.BJ,20260911,12.08,12.08,12.08,12.08,3984.0,48126.72,12.08
920491.BJ,20260911,21.51,21.51,21.51,21.51,3812.0,81996.12,21.51
920493.BJ,20260911,111.0,111.0,111.0,111.0,6767.0,751136.96,111.0
920496.BJ,20260911,6.3,6.3,6.3,6.3,31462.0,198210.6,6.3
920504.BJ,20260911,18.13,18.13,18.13,18.13,1100.0,19943.0,18.13
920505.BJ,20260911,26.28,26.28,26.28,26.28,500.0,13140.0,26.28
920508.BJ,20260911,14.92,14.92,14.92,14.92,200.0,2984.0,14.92
920509.BJ,20260911,20.7,20.7,20.7,20.7,9181.0,190046.7,20.7
920510.BJ,20260911,19.69,19.69,19.69,19.69,15871.0,312500.0,19.69
920519.BJ,20260911,10.64,10.64,10.64,10.64,24500.0,260680.0,10.64
920522.BJ,20260911,17.63,17.63,17.63,17.63,55099.0,971395.36,17.63
920526.BJ,20260911,18.68,18.68,18.68,18.68,8010.0,149626.8,18.68
920527.BJ,20260911,16.01,16.01,16.01,16.01,43650.0,698836.48,16.01
920533.BJ,20260911,18.39,18.39,18.39,18.39,100.0,1839.0,18.39
920541.BJ,20260911,9.6,9.6,9.6,9.6,14200.0,136320.0,9.6
920547.BJ,20260911,18.56,18.56,18.56,18.56,500.0,9280.0,18.56
920553.BJ,20260911,6.81,6.81,6.81,6.81,4800.0,32688.0,6.81
920556.BJ,20260911,6.75,6.75,6.75,6.75,200.0,1350.0,6.75
920564.BJ,20260911,13.99,13.99,13.99,13.99,5700.0,79743.0,13.99
920566.BJ,20260911,9.46,9.46,9.46,9.46,39000.0,368940.0,9.46
920570.BJ,20260911,24.06,24.06,24.06,24.06,6438.0,154898.28,24.06
920571.BJ,20260911,9.97,9.97,9.97,9.97,553003.0,5513440.0,9.97
920575.BJ,20260911,5.02,5.02,5.02,5.02,7801.0,39161.02,5.02
920576.BJ,20260911,38.24,38.24,38.24,38.24,5462.0,208866.88,38.24
920578.BJ,20260911,16.8,16.8,16.8,16.8,20000.0,336000.0,16.8
920579.BJ,20260911,14.2,14.2,14.2,14.2,2000.0,28400.0,14.2
920580.BJ,20260911,10.9,10.9,10.9,10.9,900.0,9810.0,10.9
920592.BJ,20260911,25.55,25.55,25.55,25.55,81077.0,2071517.44,25.55
920593.BJ,20260911,23.07,23.07,23.07,23.07,2830.0,65288.1,23.07
920599.BJ,20260911,17.8,17.8,17.8,17.8,800.0,14240.0,17.8
920608.BJ,20260911,13.99,13.99,13.99,13.99,81785.0,1144172.16,13.99
920627.BJ,20260911,13.58,13.58,13.58,13.58,300.0,4074.0,13.58
920634.BJ,20260911,16.2,16.2,16.2,16.2,23893.0,387066.6,16.2
920639.BJ,20260911,6.25,6.25,6.25,6.25,100.0,625.0,6.25
920640.BJ,20260911,25.4,25.4,25.4,25.4,22287.0,566089.8,25.4
920641.BJ,20260911,13.27,13.27,13.27,13.27,8300.0,110141.0,13.27
920642.BJ,20260911,9.88,9.88,9.88,9.88,43681.0,431568.28,9.88
920651.BJ,20260911,25.07,25.07,25.07,25.07,100.0,2507.0,25.07
920656.BJ,20260911,14.66,14.66,14.66,14.66,300.0,4398.0,14.66
920662.BJ,20260911,19.45,19.45,19.45,19.45,1200.0,23340.0,19.45
920663.BJ,20260911,12.71,12.71,12.71,12.71,200.0,2542.0,12.71
920665.BJ,20260911,8.63,8.63,8.63,8.63,11071.0,95542.74,8.63
920670.BJ,20260911,12.46,12.46,12.46,12.46,4483.0,55858.18,12.46
920675.BJ,20260911,7.75,7.75,7.75,7.75,24518.0,190014.5,7.75
920679.BJ,20260911,15.46,15.46,15.46,15.46,3500.0,54110.0,15.46
920682.BJ,20260911,6.07,6.07,6.07,6.07,8000.0,48560.0,6.07
920685.BJ,20260911,12.0,12.0,12.0,12.0,999.0,11988.0,12.0
920689.BJ,20260911,20.3,20.3,20.3,20.3,100.0,2030.0,20.3
920690.BJ,20260911,15.04,15.04,15.04,15.04,800.0,12032.0,15.04
920693.BJ,20260911,23.19,23.19,23.19,23.19,3400.0,78846.0,23.19
920694.BJ,20260911,16.76,16.76,16.76,16.76,100.0,1676.0,16.76
920699.BJ,20260911,69.7,69.7,69.7,69.7,100.0,6970.0,69.7
920701.BJ,20260911,10.8,10.8,10.8,10.8,17553.0,189572.4,10.8
920706.BJ,20260911,14.27,14.27,14.27,14.27,20098.0,286798.46,14.27
920717.BJ,20260911,6.93,6.93,6.93,6.93,10700.0,74151.0,6.93
920718.BJ,20260911,10.99,10.99,10.99,10.99,1600.0,17584.0,10.99
920719.BJ,20260911,7.03,7.03,7.03,7.03,5000.0,35150.0,7.03
920720.BJ,20260911,9.02,9.02,9.02,9.02,1000.0,9020.0,9.02
920725.BJ,20260911,84.46,84.46,84.46,84.46,83616.0,7062207.36,84.46
920726.BJ,20260911,15.79,15.79,15.79,15.79,45946.0,725487.28,15.79
920729.BJ,20260911,7.0,7.0,7.0,7.0,2500.0,17500.0,7.0
920735.BJ,20260911,24.75,24.75,24.75,24.75,6723.0,166394.26,24.75
920748.BJ,20260911,29.61,29.61,29.61,29.61,22050.0,652900.48,29.61
920751.BJ,20260911,15.59,15.59,15.59,15.59,2320.0,36168.8,15.59
920753.BJ,20260911,15.07,15.07,15.07,15.07,6952.0,104766.64,15.07
920765.BJ,20260911,11.8,11.8,11.8,11.8,1200.0,14160.0,11.8
920768.BJ,20260911,7.35,7.35,7.35,7.35,100.0,735.0,7.35
920770.BJ,20260911,11.02,11.02,11.02,11.02,133061.0,1466332.32,11.02
920779.BJ,20260911,22.95,22.95,22.95,22.95,500.0,11475.0,22.95
920781.BJ,20260911,5.8,5.8,5.8,5.8,100.0,580.0,5.8
920786.BJ,20260911,8.11,8.11,8.11,8.11,241744.0,1960543.84,8.11
920790.BJ,20260911,24.77,24.77,24.77,24.77,32741.0,810994.56,24.77
920799.BJ,20260911,33.82,33.82,33.82,33.82,55703.0,1883875.52,33.82
920802.BJ,20260911,10.95,10.95,10.95,10.95,4704.0,51508.8,10.95
920806.BJ,20260911,10.42,10.42,10.42,10.42,3902.0,40658.84,10.42
920807.BJ,20260911,9.26,9.26,9.26,9.26,93120.0,862291.2,9.26
920808.BJ,20260911,58.91,58.91,58.91,58.91,17968.0,1058494.88,58.91
920809.BJ,20260911,7.07,7.07,7.07,7.07,26211.0,185311.76,7.07
920810.BJ,20260911,9.5,9.5,9.5,9.5,10400.0,98800.0,9.5
920819.BJ,20260911,3.24,3.24,3.24,3.24,2100.0,6804.0,3.24
920821.BJ,20260911,21.39,21.39,21.39,21.39,168584.0,3606011.84,21.39
920826.BJ,20260911,9.06,9.06,9.06,9.06,27914.0,252900.84,9.06
920832.BJ,20260911,6.5,6.5,6.5,6.5,3100.0,20150.0,6.5
920833.BJ,20260911,10.16,10.16,10.16,10.16,2200.0,22352.0,10.16
920834.BJ,20260911,9.41,9.41,9.41,9.41,1447.0,13616.27,9.41
920837.BJ,20260911,9.85,9.85,9.85,9.85,6800.0,66980.0,9.85
920839.BJ,20260911,24.2,24.2,24.2,24.2,100.0,2420.0,24.2
920855.BJ,20260911,14.5,14.5,14.5,14.5,64116.0,929682.0,14.5
920856.BJ,20260911,12.17,12.17,12.17,12.17,2612.0,31788.04,12.17
920857.BJ,20260911,21.24,21.24,21.24,21.24,500.0,10620.0,21.24
920866.BJ,20260911,6.86,6.86,6.86,6.86,44651.0,306305.88,6.86
920870.BJ,20260911,11.43,11.43,11.43,11.43,4300.0,49149.0,11.43
920871.BJ,20260911,11.2,11.2,11.2,11.2,13600.0,152320.0,11.2
920873.BJ,20260911,6.89,6.89,6.89,6.89,2459.0,16942.51,6.89
920876.BJ,20260911,16.6,16.6,16.6,16.6,5300.0,87980.0,16.6
920879.BJ,20260911,12.52,12.52,12.52,12.52,1100.0,13772.0,12.52
920885.BJ,20260911,12.3,12.3,12.3,12.3,14500.0,178350.0,12.3
920892.BJ,20260911,11.05,11.05,11.05,11.05,2649.0,29271.45,11.05
920895.BJ,20260911,28.99,28.99,28.99,28.99,310581.0,9003742.72,28.99
920896.BJ,20260911,12.49,12.49,12.49,12.49,2000.0,24980.0,12.49
920906.BJ,20260911,15.69,15.69,15.69,15.69,3916.0,61442.04,15.69
920914.BJ,20260911,16.59,16.59,16.59,16.59,100.0,1659.0,16.59
920924.BJ,20260911,14.78,14.78,14.78,14.78,15335.0,226651.3,14.78
920925.BJ,20260911,11.38,11.38,11.38,11.38,3491.0,39727.58,11.38
920926.BJ,20260911,10.1,10.1,10.1,10.1,100.0,1010.0,10.1
920931.BJ,20260911,10.33,10.33,10.33,10.33,1025.0,10588.25,10.33
920932.BJ,20260911,10.6,10.6,10.6,10.6,5100.0,54060.0,10.6
920942.BJ,20260911,17.68,17.68,17.68,17.68,100.0,1768.0,17.68
920943.BJ,20260911,14.9,14.9,14.9,14.9,40115.0,597713.52,14.9
920946.BJ,20260911,10.21,10.21,10.21,10.21,13260.0,135384.6,10.21
920950.BJ,20260911,13.13,13.13,13.13,13.13,12118.0,159109.34,13.13
920953.BJ,20260911,22.0,22.0,22.0,22.0,586.0,12892.0,22.0
920957.BJ,20260911,9.66,9.66,9.66,9.66,400.0,3864.0,9.66
920961.BJ,20260911,19.35,19.35,19.35,19.35,46643.0,902542.08,19.35
920964.BJ,20260911,5.35,5.35,5.35,5.35,275743.0,1475224.96,5.35
920970.BJ,20260911,6.83,6.83,6.83,6.83,117731.0,804102.72,6.83
920971.BJ,20260911,25.5,25.5,25.5,25.5,24518.0,625209.0,25.5
920976.BJ,20260911,21.65,21.65,21.65,21.65,2400.0,51960.0,21.65
920978.BJ,20260911,18.89,18.89,18.89,18.89,2650.0,50058.5,18.89
920981.BJ,20260911,28.57,28.57,28.57,28.57,23583.0,673766.32,28.57
920982.BJ,20260911,116.16,116.16,116.16,116.16,1569.0,182255.04,116.16
920985.BJ,20260911,4.64,4.64,4.64,4.64,3081.0,14295.84,4.64
920992.BJ,20260911,11.42,11.42,11.42,11.42,4105.0,46879.1,11.42
