trade_date,ts_code,up_limit,down_limit
20260826,000001.SZ,12.75,10.43
20260826,000002.SZ,3.4,2.78
20260826,000006.SZ,7.87,6.44
20260826,000007.SZ,14.1,11.54
20260826,000008.SZ,2.76,2.26
20260826,000009.SZ,7.99,6.53
20260826,000010.SZ,1.68,1.38
20260826,000011.SZ,8.91,7.29
20260826,000012.SZ,4.13,3.38
20260826,000014.SZ,11.46,9.38
20260826,000016.SZ,2.56,2.1
20260826,000017.SZ,9.46,7.74
20260826,000019.SZ,7.32,5.99
20260826,000020.SZ,13.96,11.42
20260826,000021.SZ,40.5,33.14
20260826,000025.SZ,17.6,14.4
20260826,000026.SZ,22.28,18.23
20260826,000027.SZ,6.79,5.55
20260826,000028.SZ,21.86,17.88
20260826,000029.SZ,24.77,20.27
20260826,000030.SZ,4.74,3.88
20260826,000031.SZ,2.41,1.97
20260826,000032.SZ,15.76,12.9
20260826,000034.SZ,25.56,20.92
20260826,000035.SZ,5.06,4.14
20260826,000036.SZ,4.47,3.65
20260826,000037.SZ,10.33,8.45
20260826,000039.SZ,10.01,8.19
20260826,000042.SZ,9.28,7.6
20260826,000045.SZ,11.85,9.69
20260826,000048.SZ,23.65,19.35
20260826,000049.SZ,25.72,21.04
20260826,000050.SZ,7.19,5.89
20260826,000055.SZ,3.95,3.23
20260826,000056.SZ,2.28,1.86
20260826,000058.SZ,7.65,6.26
20260826,000059.SZ,5.24,4.28
20260826,000060.SZ,7.22,5.9
20260826,000061.SZ,6.64,5.44
20260826,000062.SZ,24.37,19.94
20260826,000063.SZ,36.76,30.08
20260826,000065.SZ,10.98,8.98
20260826,000066.SZ,15.46,12.65
20260826,000068.SZ,3.48,2.84
20260826,000069.SZ,1.95,1.59
20260826,000070.SZ,17.68,14.46
20260826,000078.SZ,1.77,1.45
20260826,000088.SZ,4.98,4.08
20260826,000089.SZ,7.25,5.93
20260826,000090.SZ,3.85,3.15
20260826,000096.SZ,8.91,7.29
20260826,000099.SZ,14.96,12.24
20260826,000100.SZ,5.4,4.42
20260826,000151.SZ,11.03,9.03
20260826,000153.SZ,6.81,5.57
20260826,000155.SZ,13.22,10.82
20260826,000156.SZ,7.55,6.17
20260826,000157.SZ,7.78,6.36
20260826,000158.SZ,13.84,11.32
20260826,000159.SZ,6.6,5.4
20260826,000166.SZ,4.92,4.02
20260826,000301.SZ,14.32,11.72
20260826,000333.SZ,95.36,78.02
20260826,000338.SZ,29.72,24.32
20260826,000400.SZ,24.5,20.04
20260826,000401.SZ,3.94,3.22
20260826,000402.SZ,2.73,2.23
20260826,000403.SZ,12.08,9.88
20260826,000404.SZ,7.85,6.43
20260826,000407.SZ,4.55,3.73
20260826,000408.SZ,83.29,68.15
20260826,000409.SZ,9.59,7.85
20260826,000410.SZ,5.64,4.62
20260826,000411.SZ,10.82,8.86
20260826,000415.SZ,4.91,4.01
20260826,000417.SZ,6.24,5.1
20260826,000419.SZ,5.47,4.47
20260826,000420.SZ,4.07,3.33
20260826,000421.SZ,6.23,5.09
20260826,000422.SZ,13.55,11.09
20260826,000423.SZ,53.78,44.0
20260826,000425.SZ,8.82,7.22
20260826,000426.SZ,43.45,35.55
20260826,000428.SZ,4.75,3.89
20260826,000429.SZ,14.8,12.11
20260826,000430.SZ,7.54,6.17
20260826,000488.SZ,2.08,1.7
20260826,000498.SZ,5.5,4.5
20260826,000501.SZ,8.0,6.54
20260826,000503.SZ,7.57,6.19
20260826,000504.SZ,9.13,7.47
20260826,000505.SZ,7.68,6.28
20260826,000506.SZ,22.67,18.55
20260826,000507.SZ,5.5,4.5
20260826,000509.SZ,3.81,3.11
20260826,000510.SZ,18.01,14.73
20260826,000513.SZ,28.57,23.37
20260826,000514.SZ,4.46,3.65
20260826,000516.SZ,4.6,3.76
20260826,000517.SZ,2.54,2.08
20260826,000518.SZ,4.22,3.46
20260826,000519.SZ,15.5,12.68
20260826,000520.SZ,4.66,3.82
20260826,000521.SZ,5.36,4.38
20260826,000523.SZ,3.58,2.93
20260826,000524.SZ,11.22,9.18
20260826,000525.SZ,4.83,3.95
20260826,000526.SZ,39.91,32.65
20260826,000528.SZ,8.93,7.31
20260826,000529.SZ,5.57,4.55
20260826,000530.SZ,5.69,4.65
20260826,000531.SZ,6.2,5.08
20260826,000532.SZ,12.47,10.21
20260826,000533.SZ,11.61,9.5
20260826,000534.SZ,26.57,21.74
20260826,000536.SZ,3.59,2.93
20260826,000537.SZ,8.33,6.81
20260826,000538.SZ,55.0,45.0
20260826,000539.SZ,5.86,4.8
20260826,000541.SZ,5.42,4.44
20260826,000543.SZ,8.22,6.72
20260826,000544.SZ,8.0,6.54
20260826,000545.SZ,2.85,2.33
20260826,000546.SZ,5.29,4.33
20260826,000547.SZ,15.21,12.45
20260826,000548.SZ,5.01,4.1
20260826,000550.SZ,17.31,14.17
20260826,000551.SZ,13.65,11.17
20260826,000552.SZ,2.89,2.37
20260826,000553.SZ,6.03,4.93
20260826,000554.SZ,7.19,5.89
20260826,000555.SZ,11.56,9.46
20260826,000557.SZ,4.04,3.3
20260826,000558.SZ,3.88,3.18
20260826,000559.SZ,12.3,10.06
20260826,000560.SZ,2.63,2.15
20260826,000561.SZ,8.57,7.01
20260826,000563.SZ,3.34,2.74
20260826,000564.SZ,1.6,1.31
20260826,000565.SZ,6.63,5.43
20260826,000566.SZ,5.47,4.47
20260826,000567.SZ,6.6,5.4
20260826,000568.SZ,93.2,76.26
20260826,000570.SZ,5.65,4.63
20260826,000571.SZ,6.77,5.54
20260826,000572.SZ,4.26,3.48
20260826,000573.SZ,4.08,3.34
20260826,000576.SZ,7.94,6.5
20260826,000581.SZ,19.24,15.74
20260826,000582.SZ,11.9,9.74
20260826,000586.SZ,14.23,11.65
20260826,000589.SZ,4.75,3.89
20260826,000590.SZ,10.35,8.47
20260826,000591.SZ,4.71,3.85
20260826,000592.SZ,6.8,5.56
20260826,000593.SZ,25.41,20.79
20260826,000595.SZ,6.36,5.2
20260826,000596.SZ,99.95,81.77
20260826,000597.SZ,5.49,4.49
20260826,000598.SZ,7.85,6.43
20260826,000599.SZ,5.2,4.26
20260826,000600.SZ,8.76,7.16
20260826,000601.SZ,6.75,5.53
20260826,000603.SZ,39.9,32.64
20260826,000605.SZ,6.6,5.4
20260826,000607.SZ,4.13,3.38
20260826,000608.SZ,7.98,6.53
20260826,000609.SZ,11.09,9.07
20260826,000610.SZ,6.74,5.52
20260826,000612.SZ,12.03,9.85
20260826,000615.SZ,3.64,2.98
20260826,000617.SZ,8.2,6.71
20260826,000619.SZ,5.43,4.45
20260826,000620.SZ,3.82,3.12
20260826,000623.SZ,19.87,16.25
20260826,000625.SZ,7.81,6.39
20260826,000626.SZ,9.09,7.43
20260826,000628.SZ,52.65,43.07
20260826,000629.SZ,3.33,2.73
20260826,000630.SZ,7.07,5.79
20260826,000631.SZ,3.27,2.67
20260826,000632.SZ,4.0,3.28
20260826,000633.SZ,5.91,4.83
20260826,000635.SZ,7.11,5.81
20260826,000636.SZ,56.46,46.2
20260826,000637.SZ,4.52,3.7
20260826,000639.SZ,1.95,1.59
20260826,000650.SZ,6.04,4.94
20260826,000651.SZ,45.78,37.46
20260826,000652.SZ,3.82,3.12
20260826,000655.SZ,7.83,6.41
20260826,000656.SZ,1.39,1.13
20260826,000657.SZ,70.19,57.43
20260826,000659.SZ,3.14,2.57
20260826,000661.SZ,87.78,71.82
20260826,000663.SZ,6.38,5.22
20260826,000665.SZ,4.29,3.51
20260826,000668.SZ,24.97,20.43
20260826,000669.SZ,4.59,3.75
20260826,000670.SZ,7.69,6.29
20260826,000672.SZ,15.2,12.44
20260826,000676.SZ,7.4,6.06
20260826,000677.SZ,1.89,1.55
20260826,000678.SZ,9.52,7.79
20260826,000679.SZ,6.78,5.54
20260826,000680.SZ,11.37,9.31
20260826,000681.SZ,18.54,15.17
20260826,000682.SZ,12.67,10.37
20260826,000683.SZ,6.79,5.55
20260826,000685.SZ,12.24,10.02
20260826,000686.SZ,8.64,7.07
20260826,000688.SZ,34.07,27.87
20260826,000690.SZ,5.42,4.44
20260826,000691.SZ,11.24,9.2
20260826,000692.SZ,4.66,3.82
20260826,000695.SZ,16.89,13.82
20260826,000697.SZ,9.11,7.45
20260826,000698.SZ,3.93,3.21
20260826,000700.SZ,11.98,9.8
20260826,000701.SZ,5.56,4.55
20260826,000702.SZ,6.2,5.08
20260826,000703.SZ,20.17,16.51
20260826,000705.SZ,7.93,6.49
20260826,000707.SZ,5.12,4.19
20260826,000708.SZ,15.19,12.43
20260826,000709.SZ,2.32,1.9
20260826,000710.SZ,10.46,8.56
20260826,000711.SZ,6.82,5.58
20260826,000712.SZ,9.75,7.97
20260826,000713.SZ,6.86,5.62
20260826,000715.SZ,5.87,4.81
20260826,000716.SZ,5.52,4.52
20260826,000717.SZ,2.52,2.06
20260826,000718.SZ,2.1,1.72
20260826,000719.SZ,13.32,10.9
20260826,000720.SZ,4.08,3.34
20260826,000721.SZ,7.36,6.02
20260826,000722.SZ,14.22,11.64
20260826,000723.SZ,4.26,3.48
20260826,000725.SZ,6.31,5.17
20260826,000726.SZ,6.55,5.36
20260826,000727.SZ,2.5,2.04
20260826,000728.SZ,8.09,6.62
20260826,000729.SZ,12.55,10.27
20260826,000731.SZ,6.79,5.55
20260826,000733.SZ,43.54,35.62
20260826,000735.SZ,6.04,4.94
20260826,000736.SZ,4.9,4.01
20260826,000737.SZ,15.98,13.08
20260826,000738.SZ,19.55,15.99
20260826,000739.SZ,22.96,18.78
20260826,000750.SZ,4.09,3.35
20260826,000751.SZ,5.64,4.62
20260826,000752.SZ,9.7,7.94
20260826,000753.SZ,5.24,4.28
20260826,000755.SZ,5.29,4.33
20260826,000756.SZ,14.87,12.17
20260826,000757.SZ,4.87,3.99
20260826,000758.SZ,6.71,5.49
20260826,000759.SZ,6.74,5.52
20260826,000761.SZ,2.63,2.15
20260826,000762.SZ,25.08,20.52
20260826,000766.SZ,17.61,14.41
20260826,000767.SZ,3.81,3.11
20260826,000768.SZ,22.51,18.41
20260826,000776.SZ,22.47,18.39
20260826,000777.SZ,19.06,15.6
20260826,000778.SZ,4.0,3.28
20260826,000779.SZ,11.01,9.01
20260826,000782.SZ,8.67,7.09
20260826,000783.SZ,9.46,7.74
20260826,000785.SZ,2.52,2.06
20260826,000786.SZ,18.7,15.3
20260826,000788.SZ,6.27,5.13
20260826,000789.SZ,4.55,3.73
20260826,000790.SZ,4.6,3.76
20260826,000791.SZ,7.93,6.49
20260826,000792.SZ,30.2,24.71
20260826,000793.SZ,2.35,1.93
20260826,000795.SZ,9.92,8.12
20260826,000796.SZ,4.6,3.76
20260826,000797.SZ,2.68,2.2
20260826,000798.SZ,9.91,8.11
20260826,000799.SZ,42.81,35.03
20260826,000800.SZ,6.86,5.62
20260826,000801.SZ,12.53,10.25
20260826,000802.SZ,4.29,3.51
20260826,000803.SZ,8.04,6.58
20260826,000807.SZ,28.74,23.52
20260826,000809.SZ,3.81,3.11
20260826,000810.SZ,10.66,8.72
20260826,000811.SZ,46.86,38.34
20260826,000812.SZ,3.99,3.27
20260826,000813.SZ,3.64,2.98
20260826,000815.SZ,18.37,15.03
20260826,000816.SZ,3.12,2.56
20260826,000818.SZ,13.2,10.8
20260826,000819.SZ,13.28,10.86
20260826,000820.SZ,3.95,3.23
20260826,000821.SZ,7.83,6.41
20260826,000822.SZ,4.83,3.95
20260826,000823.SZ,16.35,13.37
20260826,000825.SZ,3.86,3.16
20260826,000826.SZ,2.17,1.77
20260826,000828.SZ,11.0,9.0
20260826,000829.SZ,9.41,7.7
20260826,000830.SZ,13.08,10.7
20260826,000831.SZ,63.61,52.05
20260826,000833.SZ,22.97,18.79
20260826,000837.SZ,11.12,9.1
20260826,000838.SZ,3.23,2.65
20260826,000839.SZ,3.0,2.46
20260826,000848.SZ,9.45,7.73
20260826,000850.SZ,4.85,3.97
20260826,000852.SZ,5.87,4.81
20260826,000856.SZ,9.46,7.74
20260826,000858.SZ,78.67,64.37
20260826,000859.SZ,9.55,7.81
20260826,000860.SZ,11.48,9.4
20260826,000862.SZ,5.74,4.7
20260826,000863.SZ,4.65,3.81
20260826,000868.SZ,3.89,3.19
20260826,000869.SZ,17.6,14.4
20260826,000875.SZ,5.4,4.42
20260826,000876.SZ,7.73,6.33
20260826,000877.SZ,4.08,3.34
20260826,000878.SZ,17.79,14.55
20260826,000880.SZ,25.36,20.75
20260826,000881.SZ,7.07,5.79
20260826,000882.SZ,1.62,1.32
20260826,000883.SZ,4.99,4.09
20260826,000885.SZ,13.37,10.94
20260826,000886.SZ,5.14,4.2
20260826,000887.SZ,22.96,18.78
20260826,000888.SZ,10.97,8.97
20260826,000889.SZ,4.41,3.61
20260826,000890.SZ,7.98,6.53
20260826,000892.SZ,4.11,3.37
20260826,000893.SZ,51.02,41.74
20260826,000895.SZ,27.69,22.65
20260826,000897.SZ,2.0,1.64
20260826,000898.SZ,2.22,1.82
20260826,000899.SZ,10.44,8.54
20260826,000900.SZ,4.07,3.33
20260826,000901.SZ,15.04,12.3
20260826,000902.SZ,14.98,12.26
20260826,000903.SZ,2.06,1.68
20260826,000905.SZ,9.77,7.99
20260826,000906.SZ,5.96,4.88
20260826,000908.SZ,7.18,5.88
20260826,000909.SZ,4.71,3.85
20260826,000910.SZ,5.96,4.88
20260826,000911.SZ,5.42,4.44
20260826,000912.SZ,4.31,3.53
20260826,000913.SZ,12.8,10.48
20260826,000915.SZ,26.7,21.84
20260826,000917.SZ,7.7,6.3
20260826,000919.SZ,7.38,6.04
20260826,000920.SZ,12.55,10.27
20260826,000921.SZ,28.24,23.1
20260826,000922.SZ,13.01,10.65
20260826,000923.SZ,17.17,14.05
20260826,000925.SZ,9.21,7.53
20260826,000926.SZ,2.43,1.99
20260826,000927.SZ,2.73,2.23
20260826,000928.SZ,5.62,4.6
20260826,000929.SZ,9.93,8.13
20260826,000930.SZ,5.38,4.4
20260826,000931.SZ,5.74,4.7
20260826,000932.SZ,4.03,3.29
20260826,000933.SZ,28.61,23.41
20260826,000935.SZ,24.85,20.33
20260826,000936.SZ,6.19,5.07
20260826,000937.SZ,5.35,4.37
20260826,000938.SZ,38.61,31.59
20260826,000948.SZ,15.81,12.93
20260826,000949.SZ,7.74,6.34
20260826,000950.SZ,6.14,5.02
20260826,000951.SZ,22.08,18.06
20260826,000952.SZ,7.18,5.88
20260826,000953.SZ,7.06,5.78
20260826,000955.SZ,4.64,3.8
20260826,000957.SZ,11.46,9.38
20260826,000958.SZ,5.84,4.78
20260826,000959.SZ,3.92,3.2
20260826,000960.SZ,38.39,31.41
20260826,000962.SZ,57.19,46.79
20260826,000963.SZ,30.01,24.55
20260826,000965.SZ,3.54,2.9
20260826,000966.SZ,4.41,3.61
20260826,000967.SZ,8.99,7.35
20260826,000968.SZ,7.88,6.44
20260826,000969.SZ,18.29,14.97
20260826,000970.SZ,13.34,10.92
20260826,000972.SZ,4.0,3.28
20260826,000973.SZ,15.44,12.64
20260826,000975.SZ,30.58,25.02
20260826,000977.SZ,81.52,66.7
20260826,000978.SZ,6.83,5.59
20260826,000980.SZ,1.83,1.49
20260826,000981.SZ,2.94,2.4
20260826,000983.SZ,8.05,6.59
20260826,000985.SZ,17.52,14.34
20260826,000987.SZ,8.31,6.8
20260826,000988.SZ,115.8,94.74
20260826,000989.SZ,9.74,7.97
20260826,000990.SZ,7.02,5.74
20260826,000993.SZ,10.79,8.83
20260826,000995.SZ,12.19,9.97
20260826,000997.SZ,20.69,16.93
20260826,000998.SZ,9.81,8.03
20260826,000999.SZ,26.52,21.7
20260826,001201.SZ,13.26,10.85
20260826,001202.SZ,14.96,12.24
20260826,001203.SZ,28.71,23.49
20260826,001205.SZ,16.09,13.17
20260826,001206.SZ,18.34,15.0
20260826,001207.SZ,18.52,15.16
20260826,001208.SZ,14.85,12.15
20260826,001209.SZ,19.25,15.75
20260826,001210.SZ,29.58,24.2
20260826,001211.SZ,26.39,21.59
20260826,001212.SZ,36.1,29.54
20260826,001213.SZ,3.91,3.2
20260826,001215.SZ,34.51,28.23
20260826,001216.SZ,15.97,13.07
20260826,001217.SZ,11.13,9.11
20260826,001218.SZ,26.49,21.67
20260826,001219.SZ,13.86,11.34
20260826,001220.SZ,35.05,28.67
20260826,001221.SZ,42.08,34.43
20260826,001222.SZ,15.99,13.09
20260826,001223.SZ,43.95,35.96
20260826,001225.SZ,54.47,44.57
20260826,001226.SZ,51.47,42.11
20260826,001227.SZ,2.37,1.94
20260826,001228.SZ,32.27,26.41
20260826,001229.SZ,46.61,38.13
20260826,001230.SZ,26.14,21.38
20260826,001231.SZ,23.0,18.82
20260826,001232.SZ,164.03,134.21
20260826,001233.SZ,48.5,39.68
20260826,001234.SZ,24.42,19.98
20260826,001236.SZ,8.61,7.05
20260826,001237.SZ,57.7,47.21
20260826,001238.SZ,27.75,22.71
20260826,001239.SZ,13.38,10.94
20260826,001248.SZ,13.33,10.91
20260826,001255.SZ,28.77,23.54
20260826,001256.SZ,24.87,20.35
20260826,001257.SZ,28.09,22.99
20260826,001258.SZ,13.52,11.06
20260826,001259.SZ,50.7,41.48
20260826,001260.SZ,19.86,16.25
20260826,001266.SZ,37.99,31.09
20260826,001267.SZ,41.95,34.33
20260826,001268.SZ,24.55,20.09
20260826,001269.SZ,21.07,17.24
20260826,001270.SZ,110.0,90.0
20260826,001277.SZ,36.7,30.02
20260826,001278.SZ,17.97,14.71
20260826,001279.SZ,28.05,22.95
20260826,001280.SZ,75.76,61.98
20260826,001282.SZ,17.78,14.54
20260826,001283.SZ,48.9,40.01
20260826,001285.SZ,46.34,37.92
20260826,001286.SZ,10.36,8.48
20260826,001287.SZ,24.77,20.27
20260826,001288.SZ,29.04,23.76
20260826,001289.SZ,17.27,14.13
20260826,001296.SZ,21.58,17.66
20260826,001298.SZ,19.48,15.94
20260826,001299.SZ,10.98,8.98
20260826,001300.SZ,13.07,10.69
20260826,001301.SZ,69.3,56.7
20260826,001306.SZ,59.96,49.06
20260826,001308.SZ,19.77,16.17
20260826,001309.SZ,436.73,357.33
20260826,001311.SZ,19.26,15.76
20260826,001312.SZ,19.18,15.7
20260826,001313.SZ,8.53,6.98
20260826,001314.SZ,56.21,45.99
20260826,001316.SZ,29.41,24.07
20260826,001317.SZ,55.74,45.6
20260826,001318.SZ,12.51,10.23
20260826,001319.SZ,21.82,17.86
20260826,001322.SZ,6.9,5.64
20260826,001323.SZ,21.45,17.55
20260826,001324.SZ,20.44,16.72
20260826,001325.SZ,44.87,36.71
20260826,001326.SZ,73.04,59.76
20260826,001328.SZ,31.69,25.93
20260826,001330.SZ,5.42,4.44
20260826,001331.SZ,47.64,38.98
20260826,001332.SZ,31.33,25.63
20260826,001333.SZ,22.63,18.51
20260826,001335.SZ,35.38,28.94
20260826,001336.SZ,20.59,16.85
20260826,001337.SZ,60.5,49.5
20260826,001338.SZ,9.72,7.96
20260826,001339.SZ,85.46,69.92
20260826,001356.SZ,10.25,8.39
20260826,001358.SZ,28.4,23.24
20260826,001359.SZ,95.49,78.13
20260826,001360.SZ,19.61,16.05
20260826,001365.SZ,38.02,31.1
20260826,001366.SZ,13.75,11.25
20260826,001367.SZ,22.67,18.55
20260826,001368.SZ,25.44,20.82
20260826,001369.SZ,13.68,11.2
20260826,001373.SZ,31.79,26.01
20260826,001376.SZ,11.54,9.44
20260826,001378.SZ,23.01,18.83
20260826,001379.SZ,17.8,14.56
20260826,001380.SZ,18.94,15.5
20260826,001382.SZ,18.48,15.12
20260826,001386.SZ,16.9,13.82
20260826,001387.SZ,13.57,11.11
20260826,001388.SZ,23.49,19.22
20260826,001389.SZ,166.19,135.97
20260826,001390.SZ,19.0,15.54
20260826,001391.SZ,4.55,3.73
20260826,001393.SZ,45.76,37.44
20260826,001395.SZ,31.66,25.9
20260826,001396.SZ,37.68,30.83
20260826,001399.SZ,24.86,20.34
20260826,001400.SZ,90.11,73.73
20260826,001696.SZ,16.51,13.51
20260826,001872.SZ,25.67,21.01
20260826,001896.SZ,13.04,10.67
20260826,001914.SZ,9.72,7.96
20260826,001965.SZ,10.62,8.69
20260826,001979.SZ,7.9,6.46
20260826,002001.SZ,28.95,23.69
20260826,002003.SZ,11.98,9.8
20260826,002004.SZ,4.99,4.09
20260826,002005.SZ,2.62,2.14
20260826,002006.SZ,14.5,11.86
20260826,002007.SZ,14.44,11.82
20260826,002008.SZ,93.56,76.55
20260826,002009.SZ,18.36,15.02
20260826,002010.SZ,5.17,4.23
20260826,002011.SZ,11.07,9.05
20260826,002012.SZ,7.59,6.21
20260826,002014.SZ,12.27,10.04
20260826,002015.SZ,17.47,14.29
20260826,002016.SZ,5.04,4.12
20260826,002017.SZ,18.65,15.26
20260826,002019.SZ,10.99,8.99
20260826,002020.SZ,14.19,11.61
20260826,002021.SZ,2.95,2.41
20260826,002022.SZ,6.22,5.09
20260826,002023.SZ,11.03,9.03
20260826,002024.SZ,1.3,1.06
20260826,002025.SZ,66.74,54.6
20260826,002026.SZ,12.1,9.9
20260826,002027.SZ,5.47,4.47
20260826,002028.SZ,186.56,152.64
20260826,002029.SZ,9.69,7.93
20260826,002030.SZ,6.09,4.99
20260826,002031.SZ,5.68,4.64
20260826,002032.SZ,44.79,36.65
20260826,002033.SZ,10.07,8.24
20260826,002034.SZ,15.04,12.3
20260826,002035.SZ,5.31,4.35
20260826,002036.SZ,7.49,6.13
20260826,002037.SZ,7.49,6.13
20260826,002038.SZ,7.01,5.73
20260826,002039.SZ,21.41,17.51
20260826,002040.SZ,9.71,7.95
20260826,002041.SZ,12.33,10.09
20260826,002042.SZ,4.25,3.47
20260826,002043.SZ,14.22,11.64
20260826,002044.SZ,5.14,4.2
20260826,002045.SZ,9.91,8.11
20260826,002046.SZ,54.7,44.76
20260826,002047.SZ,3.63,2.97
20260826,002048.SZ,21.05,17.23
20260826,002049.SZ,67.61,55.31
20260826,002050.SZ,39.55,32.36
20260826,002051.SZ,9.34,7.64
20260826,002052.SZ,9.68,7.92
20260826,002053.SZ,10.13,8.29
20260826,002054.SZ,7.98,6.53
20260826,002055.SZ,6.8,5.56
20260826,002056.SZ,23.36,19.12
20260826,002057.SZ,9.69,7.93
20260826,002058.SZ,18.03,14.75
20260826,002059.SZ,4.99,4.09
20260826,002060.SZ,3.52,2.88
20260826,002061.SZ,3.88,3.18
20260826,002062.SZ,8.86,7.25
20260826,002063.SZ,5.92,4.84
20260826,002064.SZ,12.32,10.08
20260826,002065.SZ,7.55,6.17
20260826,002066.SZ,24.44,20.0
20260826,002067.SZ,4.42,3.62
20260826,002068.SZ,8.6,7.04
20260826,002069.SZ,3.93,3.21
20260826,002072.SZ,8.09,6.62
20260826,002073.SZ,6.55,5.36
20260826,002074.SZ,29.62,24.24
20260826,002075.SZ,4.05,3.31
20260826,002076.SZ,2.34,1.92
20260826,002077.SZ,13.35,10.93
20260826,002078.SZ,15.27,12.49
20260826,002079.SZ,10.31,8.43
20260826,002080.SZ,53.9,44.1
20260826,002081.SZ,6.05,4.95
20260826,002082.SZ,10.56,8.64
20260826,002083.SZ,11.22,9.18
20260826,002084.SZ,4.79,3.92
20260826,002085.SZ,11.37,9.31
20260826,002086.SZ,2.31,1.89
20260826,002088.SZ,9.27,7.59
20260826,002090.SZ,10.52,8.6
20260826,002091.SZ,8.57,7.01
20260826,002092.SZ,4.91,4.01
20260826,002093.SZ,7.55,6.17
20260826,002094.SZ,5.65,4.63
20260826,002095.SZ,15.75,12.89
20260826,002096.SZ,10.23,8.37
20260826,002097.SZ,8.03,6.57
20260826,002098.SZ,7.88,6.44
20260826,002099.SZ,5.71,4.67
20260826,002100.SZ,7.99,6.53
20260826,002101.SZ,9.69,7.93
20260826,002102.SZ,2.49,2.03
20260826,002103.SZ,7.29,5.97
20260826,002104.SZ,12.46,10.2
20260826,002105.SZ,6.64,5.44
20260826,002106.SZ,11.32,9.26
20260826,002107.SZ,6.95,5.69
20260826,002108.SZ,4.9,4.01
20260826,002109.SZ,3.06,2.5
20260826,002110.SZ,3.32,2.72
20260826,002111.SZ,10.49,8.59
20260826,002112.SZ,16.83,13.77
20260826,002114.SZ,8.2,6.71
20260826,002115.SZ,11.76,9.62
20260826,002116.SZ,7.95,6.51
20260826,002117.SZ,9.01,7.37
20260826,002119.SZ,25.03,20.48
20260826,002120.SZ,7.27,5.95
20260826,002121.SZ,5.54,4.54
20260826,002122.SZ,3.06,2.5
20260826,002123.SZ,8.67,7.09
20260826,002124.SZ,2.51,2.05
20260826,002125.SZ,14.16,11.58
20260826,002126.SZ,45.32,37.08
20260826,002127.SZ,3.18,2.6
20260826,002128.SZ,29.55,24.17
20260826,002129.SZ,10.14,8.3
20260826,002130.SZ,18.76,15.35
20260826,002131.SZ,4.95,4.05
20260826,002132.SZ,5.29,4.33
20260826,002133.SZ,3.07,2.51
20260826,002134.SZ,23.02,18.84
20260826,002135.SZ,7.19,5.89
20260826,002136.SZ,13.84,11.32
20260826,002137.SZ,8.36,6.84
20260826,002138.SZ,52.24,42.74
20260826,002139.SZ,10.65,8.71
20260826,002140.SZ,10.03,8.21
20260826,002141.SZ,6.74,5.52
20260826,002142.SZ,36.92,30.2
20260826,002144.SZ,12.42,10.16
20260826,002145.SZ,4.79,3.92
20260826,002146.SZ,1.28,1.04
20260826,002148.SZ,6.9,5.64
20260826,002149.SZ,39.93,32.67
20260826,002150.SZ,23.97,19.61
20260826,002151.SZ,31.25,25.57
20260826,002152.SZ,10.71,8.77
20260826,002153.SZ,8.55,6.99
20260826,002154.SZ,4.49,3.67
20260826,002155.SZ,27.02,22.1
20260826,002156.SZ,66.99,54.81
20260826,002157.SZ,3.26,2.66
20260826,002158.SZ,29.27,23.95
20260826,002159.SZ,14.94,12.22
20260826,002160.SZ,4.43,3.63
20260826,002161.SZ,6.55,5.36
20260826,002162.SZ,4.44,3.64
20260826,002163.SZ,9.02,7.38
20260826,002164.SZ,12.23,10.01
20260826,002165.SZ,8.58,7.02
20260826,002166.SZ,7.46,6.1
20260826,002167.SZ,17.81,14.57
20260826,002168.SZ,4.38,3.58
20260826,002169.SZ,13.44,11.0
20260826,002170.SZ,12.27,10.04
20260826,002171.SZ,10.67,8.73
20260826,002172.SZ,5.08,4.16
20260826,002173.SZ,20.47,16.75
20260826,002174.SZ,13.34,10.92
20260826,002175.SZ,2.83,2.31
20260826,002176.SZ,10.29,8.42
20260826,002177.SZ,6.57,5.37
20260826,002178.SZ,5.06,4.14
20260826,002179.SZ,36.71,30.03
20260826,002180.SZ,18.81,15.39
20260826,002181.SZ,9.2,7.52
20260826,002182.SZ,13.16,10.76
20260826,002183.SZ,4.92,4.02
20260826,002184.SZ,11.18,9.14
20260826,002185.SZ,18.52,15.16
20260826,002186.SZ,10.45,8.55
20260826,002187.SZ,6.03,4.93
20260826,002188.SZ,6.15,5.03
20260826,002189.SZ,20.34,16.64
20260826,002190.SZ,25.14,20.57
20260826,002191.SZ,4.07,3.33
20260826,002192.SZ,79.37,64.94
20260826,002193.SZ,5.4,4.42
20260826,002194.SZ,11.12,9.1
20260826,002195.SZ,6.96,5.7
20260826,002196.SZ,11.58,9.48
20260826,002197.SZ,7.33,5.99
20260826,002198.SZ,3.74,3.06
20260826,002199.SZ,13.41,10.97
20260826,002200.SZ,7.51,6.15
20260826,002201.SZ,8.95,7.33
20260826,002202.SZ,20.31,16.61
20260826,002203.SZ,21.01,17.19
20260826,002204.SZ,5.65,4.63
20260826,002205.SZ,11.91,9.75
20260826,002206.SZ,5.76,4.72
20260826,002207.SZ,6.33,5.18
20260826,002208.SZ,11.55,9.45
20260826,002209.SZ,14.85,12.15
20260826,002210.SZ,2.51,2.05
20260826,002211.SZ,4.26,3.48
20260826,002212.SZ,6.89,5.63
20260826,002213.SZ,35.89,29.37
20260826,002214.SZ,16.59,13.57
20260826,002215.SZ,10.47,8.57
20260826,002216.SZ,13.09,10.71
20260826,002217.SZ,1.61,1.31
20260826,002218.SZ,4.33,3.55
20260826,002219.SZ,2.41,1.97
20260826,002221.SZ,6.07,4.97
20260826,002222.SZ,70.13,57.38
20260826,002223.SZ,29.07,23.79
20260826,002224.SZ,4.07,3.33
20260826,002225.SZ,3.96,3.24
20260826,002226.SZ,5.61,4.59
20260826,002227.SZ,6.99,5.72
20260826,002228.SZ,3.49,2.85
20260826,002229.SZ,12.0,9.82
20260826,002230.SZ,43.29,35.42
20260826,002232.SZ,15.59,12.75
20260826,002233.SZ,7.95,6.51
20260826,002234.SZ,8.8,7.2
20260826,002235.SZ,9.67,7.91
20260826,002236.SZ,17.8,14.56
20260826,002237.SZ,16.38,13.4
20260826,002238.SZ,7.26,5.94
20260826,002239.SZ,2.81,2.3
20260826,002240.SZ,33.77,27.63
20260826,002241.SZ,25.38,20.76
20260826,002242.SZ,9.2,7.52
20260826,002243.SZ,8.25,6.75
20260826,002244.SZ,9.88,8.08
20260826,002245.SZ,19.42,15.89
20260826,002246.SZ,21.62,17.69
20260826,002247.SZ,2.67,2.19
20260826,002248.SZ,10.84,8.87
20260826,002249.SZ,7.36,6.02
20260826,002250.SZ,16.5,13.5
20260826,002251.SZ,4.05,3.31
20260826,002252.SZ,5.39,4.41
20260826,002253.SZ,10.69,8.75
20260826,002254.SZ,13.48,11.03
20260826,002255.SZ,8.47,6.93
20260826,002256.SZ,3.72,3.04
20260826,002258.SZ,15.66,12.82
20260826,002259.SZ,4.61,3.77
20260826,002261.SZ,27.7,22.66
20260826,002262.SZ,24.01,19.65
20260826,002263.SZ,3.34,2.74
20260826,002264.SZ,7.3,5.98
20260826,002265.SZ,20.04,16.4
20260826,002266.SZ,5.28,4.32
20260826,002267.SZ,7.79,6.37
20260826,002268.SZ,15.16,12.4
20260826,002269.SZ,1.6,1.31
20260826,002270.SZ,21.46,17.56
20260826,002271.SZ,11.91,9.75
20260826,002272.SZ,17.7,14.48
20260826,002273.SZ,27.91,22.83
20260826,002274.SZ,7.12,5.82
20260826,002275.SZ,13.79,11.29
20260826,002276.SZ,11.3,9.24
20260826,002277.SZ,7.24,5.92
20260826,002278.SZ,9.16,7.5
20260826,002279.SZ,7.0,5.72
20260826,002281.SZ,184.05,150.59
20260826,002282.SZ,6.78,5.54
20260826,002283.SZ,9.55,7.81
20260826,002284.SZ,10.49,8.59
20260826,002285.SZ,2.42,1.98
20260826,002286.SZ,8.77,7.17
20260826,002287.SZ,22.1,18.08
20260826,002289.SZ,43.11,35.27
20260826,002290.SZ,68.27,55.85
20260826,002291.SZ,5.71,4.67
20260826,002292.SZ,8.89,7.27
20260826,002293.SZ,12.69,10.39
20260826,002294.SZ,35.11,28.73
20260826,002295.SZ,10.09,8.25
20260826,002296.SZ,9.89,8.09
20260826,002297.SZ,19.31,15.8
20260826,002298.SZ,8.76,7.16
20260826,002299.SZ,18.21,14.9
20260826,002300.SZ,7.44,6.08
20260826,002301.SZ,8.61,7.05
20260826,002302.SZ,5.2,4.26
20260826,002303.SZ,5.38,4.4
20260826,002304.SZ,43.37,35.49
20260826,002305.SZ,2.35,1.93
20260826,002306.SZ,2.37,1.94
20260826,002307.SZ,3.27,2.67
20260826,002309.SZ,3.26,2.66
20260826,002310.SZ,2.59,2.12
20260826,002311.SZ,49.5,40.5
20260826,002312.SZ,9.03,7.39
20260826,002313.SZ,9.57,7.83
20260826,002314.SZ,2.4,1.96
20260826,002315.SZ,27.83,22.77
20260826,002316.SZ,5.05,4.13
20260826,002317.SZ,28.04,22.94
20260826,002318.SZ,21.54,17.62
20260826,002319.SZ,12.18,9.96
20260826,002320.SZ,7.17,5.87
20260826,002321.SZ,2.28,1.86
20260826,002322.SZ,13.08,10.7
20260826,002323.SZ,1.42,1.16
20260826,002324.SZ,9.88,8.08
20260826,002326.SZ,21.35,17.47
20260826,002327.SZ,7.36,6.02
20260826,002328.SZ,8.22,6.72
20260826,002329.SZ,4.3,3.52
20260826,002330.SZ,4.53,3.71
20260826,002331.SZ,7.67,6.27
20260826,002332.SZ,9.42,7.7
20260826,002333.SZ,6.24,5.1
20260826,002334.SZ,7.36,6.02
20260826,002335.SZ,33.36,27.3
20260826,002337.SZ,5.25,4.29
20260826,002338.SZ,46.97,38.43
20260826,002339.SZ,8.2,6.71
20260826,002340.SZ,7.16,5.86
20260826,002342.SZ,8.37,6.85
20260826,002343.SZ,5.69,4.65
20260826,002344.SZ,4.3,3.52
20260826,002345.SZ,10.51,8.6
20260826,002346.SZ,22.68,18.56
20260826,002347.SZ,6.66,5.45
20260826,002348.SZ,12.33,10.09
20260826,002349.SZ,7.7,6.3
20260826,002350.SZ,15.8,12.92
20260826,002351.SZ,11.17,9.14
20260826,002352.SZ,36.21,29.63
20260826,002353.SZ,155.52,127.24
20260826,002354.SZ,7.76,6.35
20260826,002355.SZ,5.29,4.33
20260826,002356.SZ,3.08,2.52
20260826,002357.SZ,12.24,10.02
20260826,002358.SZ,5.96,4.88
20260826,002360.SZ,6.28,5.14
20260826,002361.SZ,11.35,9.29
20260826,002362.SZ,17.6,14.4
20260826,002363.SZ,7.28,5.96
20260826,002364.SZ,41.95,34.33
20260826,002365.SZ,17.29,14.15
20260826,002366.SZ,6.24,5.1
20260826,002367.SZ,5.91,4.83
20260826,002368.SZ,14.83,12.13
20260826,002369.SZ,6.58,5.38
20260826,002370.SZ,6.16,5.04
20260826,002371.SZ,770.44,630.36
20260826,002372.SZ,9.31,7.61
20260826,002373.SZ,8.4,6.88
20260826,002374.SZ,3.38,2.76
20260826,002375.SZ,4.05,3.31
20260826,002376.SZ,7.46,6.1
20260826,002377.SZ,3.03,2.48
20260826,002378.SZ,27.45,22.46
20260826,002379.SZ,19.72,16.14
20260826,002380.SZ,30.82,25.22
20260826,002381.SZ,6.14,5.02
20260826,002382.SZ,6.6,5.4
20260826,002383.SZ,7.73,6.33
20260826,002384.SZ,209.92,171.76
20260826,002385.SZ,3.59,2.93
20260826,002386.SZ,6.5,5.32
20260826,002387.SZ,7.96,6.52
20260826,002388.SZ,7.1,5.81
20260826,002389.SZ,19.46,15.92
20260826,002390.SZ,3.41,2.79
20260826,002391.SZ,5.7,4.66
20260826,002392.SZ,8.53,6.98
20260826,002393.SZ,15.6,12.76
20260826,002394.SZ,11.21,9.17
20260826,002395.SZ,13.45,11.01
20260826,002396.SZ,33.92,27.76
20260826,002397.SZ,3.98,3.26
20260826,002398.SZ,4.6,3.76
20260826,002399.SZ,11.34,9.28
20260826,002400.SZ,7.12,5.82
20260826,002401.SZ,13.66,11.18
20260826,002402.SZ,20.52,16.79
20260826,002403.SZ,10.48,8.58
20260826,002404.SZ,6.35,5.19
20260826,002405.SZ,7.11,5.81
20260826,002406.SZ,7.39,6.05
20260826,002407.SZ,37.27,30.49
20260826,002408.SZ,5.98,4.9
20260826,002409.SZ,150.91,123.47
20260826,002410.SZ,9.47,7.75
20260826,002412.SZ,13.56,11.1
20260826,002413.SZ,8.56,7.0
20260826,002414.SZ,14.53,11.89
20260826,002415.SZ,38.23,31.28
20260826,002416.SZ,10.38,8.5
20260826,002418.SZ,4.46,3.65
20260826,002419.SZ,5.16,4.22
20260826,002420.SZ,6.6,5.4
20260826,002421.SZ,3.45,2.83
20260826,002422.SZ,46.83,38.31
20260826,002423.SZ,10.58,8.66
20260826,002424.SZ,5.04,4.12
20260826,002425.SZ,3.44,2.82
20260826,002426.SZ,2.94,2.4
20260826,002427.SZ,4.99,4.09
20260826,002428.SZ,103.65,84.81
20260826,002429.SZ,8.73,7.15
20260826,002430.SZ,25.54,20.9
20260826,002431.SZ,1.53,1.25
20260826,002432.SZ,72.16,59.04
20260826,002434.SZ,6.5,5.32
20260826,002436.SZ,36.64,29.98
20260826,002437.SZ,4.73,3.87
20260826,002438.SZ,15.13,12.38
20260826,002439.SZ,14.6,11.94
20260826,002440.SZ,13.3,10.88
20260826,002441.SZ,8.7,7.12
20260826,002442.SZ,5.52,4.52
20260826,002443.SZ,10.75,8.79
20260826,002444.SZ,32.43,26.53
20260826,002445.SZ,4.08,3.34
20260826,002446.SZ,9.37,7.67
20260826,002448.SZ,13.85,11.33
20260826,002449.SZ,7.27,5.95
20260826,002451.SZ,8.94,7.32
20260826,002452.SZ,12.4,10.14
20260826,002453.SZ,4.92,4.02
20260826,002454.SZ,5.75,4.71
20260826,002455.SZ,8.48,6.94
20260826,002456.SZ,7.88,6.44
20260826,002457.SZ,12.12,9.92
20260826,002458.SZ,9.74,7.97
20260826,002459.SZ,7.95,6.51
20260826,002460.SZ,58.36,47.75
20260826,002461.SZ,9.52,7.79
20260826,002462.SZ,13.46,11.02
20260826,002463.SZ,125.72,102.86
20260826,002465.SZ,10.99,8.99
20260826,002466.SZ,51.71,42.31
20260826,002467.SZ,4.98,4.08
20260826,002468.SZ,15.36,12.56
20260826,002469.SZ,7.33,5.99
20260826,002470.SZ,2.17,1.77
20260826,002471.SZ,5.89,4.82
20260826,002472.SZ,39.27,32.13
20260826,002474.SZ,6.85,5.61
20260826,002475.SZ,60.35,49.37
20260826,002476.SZ,5.65,4.63
20260826,002478.SZ,7.61,6.23
20260826,002479.SZ,6.36,5.2
20260826,002480.SZ,5.87,4.81
20260826,002481.SZ,4.68,3.83
20260826,002482.SZ,1.42,1.16
20260826,002483.SZ,5.89,4.82
20260826,002484.SZ,66.03,54.03
20260826,002485.SZ,6.66,5.45
20260826,002486.SZ,2.97,2.43
20260826,002487.SZ,38.68,31.64
20260826,002488.SZ,8.87,7.25
20260826,002489.SZ,3.11,2.55
20260826,002490.SZ,9.12,7.46
20260826,002491.SZ,23.54,19.26
20260826,002492.SZ,6.19,5.07
20260826,002493.SZ,14.54,11.9
20260826,002494.SZ,5.37,4.39
20260826,002495.SZ,2.65,2.17
20260826,002496.SZ,2.28,1.86
20260826,002497.SZ,20.5,16.78
20260826,002498.SZ,6.89,5.63
20260826,002500.SZ,5.84,4.78
20260826,002501.SZ,1.4,1.14
20260826,002506.SZ,3.01,2.47
20260826,002507.SZ,12.4,10.14
20260826,002508.SZ,18.22,14.9
20260826,002510.SZ,6.34,5.18
20260826,002511.SZ,7.83,6.41
20260826,002512.SZ,4.37,3.57
20260826,002513.SZ,5.92,4.84
20260826,002514.SZ,1.98,1.62
20260826,002515.SZ,9.19,7.52
20260826,002516.SZ,5.91,4.83
20260826,002517.SZ,18.19,14.89
20260826,002518.SZ,38.73,31.69
20260826,002519.SZ,5.94,4.86
20260826,002520.SZ,6.77,5.54
20260826,002521.SZ,7.44,6.08
20260826,002522.SZ,5.93,4.85
20260826,002523.SZ,3.8,3.11
20260826,002524.SZ,4.44,3.64
20260826,002526.SZ,2.99,2.45
20260826,002527.SZ,12.44,10.18
20260826,002528.SZ,6.33,5.18
20260826,002529.SZ,7.79,6.37
20260826,002530.SZ,8.11,6.63
20260826,002531.SZ,6.73,5.51
20260826,002532.SZ,13.83,11.31
20260826,002533.SZ,12.39,10.13
20260826,002534.SZ,16.31,13.35
20260826,002535.SZ,2.83,2.31
20260826,002536.SZ,56.72,46.4
20260826,002537.SZ,6.9,5.64
20260826,002538.SZ,8.06,6.6
20260826,002539.SZ,14.17,11.59
20260826,002540.SZ,5.63,4.61
20260826,002541.SZ,21.53,17.61
20260826,002542.SZ,2.0,1.64
20260826,002543.SZ,8.06,6.6
20260826,002544.SZ,17.71,14.49
20260826,002545.SZ,18.73,15.33
20260826,002546.SZ,8.71,7.13
20260826,002547.SZ,2.78,2.28
20260826,002548.SZ,4.53,3.71
20260826,002549.SZ,14.7,12.02
20260826,002550.SZ,7.25,5.93
20260826,002551.SZ,3.72,3.04
20260826,002552.SZ,61.16,50.04
20260826,002553.SZ,17.07,13.97
20260826,002554.SZ,3.27,2.67
20260826,002555.SZ,20.56,16.82
20260826,002556.SZ,5.69,4.65
20260826,002557.SZ,20.48,16.76
20260826,002558.SZ,29.38,24.04
20260826,002559.SZ,10.12,8.28
20260826,002560.SZ,6.69,5.47
20260826,002561.SZ,7.58,6.2
20260826,002562.SZ,5.49,4.49
20260826,002563.SZ,6.47,5.29
20260826,002564.SZ,4.86,3.98
20260826,002565.SZ,9.47,7.75
20260826,002566.SZ,7.82,6.4
20260826,002567.SZ,4.11,3.37
20260826,002568.SZ,19.69,16.11
20260826,002569.SZ,12.38,10.13
20260826,002570.SZ,5.02,4.1
20260826,002571.SZ,12.05,9.86
20260826,002572.SZ,9.01,7.37
20260826,002573.SZ,3.53,2.89
20260826,002574.SZ,5.49,4.49
20260826,002575.SZ,5.59,4.57
20260826,002576.SZ,15.82,12.94
20260826,002577.SZ,20.99,17.17
20260826,002578.SZ,4.41,3.61
20260826,002579.SZ,15.31,12.53
20260826,002580.SZ,23.35,19.11
20260826,002581.SZ,6.18,5.06
20260826,002582.SZ,11.21,9.17
20260826,002583.SZ,9.21,7.53
20260826,002584.SZ,8.95,7.33
20260826,002585.SZ,10.84,8.87
20260826,002586.SZ,4.82,3.94
20260826,002587.SZ,6.03,4.93
20260826,002588.SZ,8.5,6.96
20260826,002589.SZ,3.56,2.92
20260826,002590.SZ,10.52,8.6
20260826,002591.SZ,7.03,5.75
20260826,002592.SZ,7.76,6.35
20260826,002593.SZ,4.93,4.03
20260826,002594.SZ,100.5,82.22
20260826,002595.SZ,52.69,43.11
20260826,002596.SZ,3.58,2.93
20260826,002597.SZ,21.93,17.95
20260826,002598.SZ,7.37,6.03
20260826,002599.SZ,6.52,5.34
20260826,002600.SZ,13.39,10.95
20260826,002601.SZ,17.26,14.12
20260826,002602.SZ,15.47,12.65
20260826,002603.SZ,17.7,14.48
20260826,002605.SZ,19.26,15.76
20260826,002606.SZ,14.5,11.86
20260826,002607.SZ,2.26,1.85
20260826,002608.SZ,7.74,6.34
20260826,002609.SZ,8.57,7.01
20260826,002611.SZ,16.14,13.2
20260826,002612.SZ,16.35,13.37
20260826,002613.SZ,3.83,3.13
20260826,002614.SZ,6.37,5.21
20260826,002615.SZ,7.36,6.02
20260826,002616.SZ,5.3,4.34
20260826,002617.SZ,6.75,5.53
20260826,002620.SZ,6.31,5.17
20260826,002622.SZ,2.89,2.37
20260826,002623.SZ,17.36,14.2
20260826,002624.SZ,12.07,9.87
20260826,002625.SZ,31.22,25.54
20260826,002626.SZ,18.47,15.11
20260826,002627.SZ,7.57,6.19
20260826,002628.SZ,5.28,4.32
20260826,002629.SZ,5.38,4.4
20260826,002630.SZ,1.79,1.47
20260826,002631.SZ,9.69,7.93
20260826,002632.SZ,9.34,7.64
20260826,002633.SZ,16.17,13.23
20260826,002634.SZ,4.66,3.82
20260826,002635.SZ,17.2,14.08
20260826,002636.SZ,70.47,57.65
20260826,002637.SZ,12.28,10.04
20260826,002638.SZ,4.8,3.92
20260826,002639.SZ,13.0,10.64
20260826,002640.SZ,3.65,2.99
20260826,002641.SZ,4.38,3.58
20260826,002642.SZ,7.99,6.53
20260826,002643.SZ,14.32,11.72
20260826,002644.SZ,9.36,7.66
20260826,002645.SZ,20.74,16.97
20260826,002646.SZ,7.63,6.25
20260826,002647.SZ,12.41,10.15
20260826,002648.SZ,29.22,23.9
20260826,002649.SZ,10.79,8.83
20260826,002650.SZ,6.92,5.66
20260826,002651.SZ,9.16,7.5
20260826,002652.SZ,4.51,3.69
20260826,002653.SZ,70.75,57.89
20260826,002654.SZ,14.92,12.2
20260826,002655.SZ,41.24,33.74
20260826,002656.SZ,3.3,2.7
20260826,002657.SZ,17.34,14.18
20260826,002658.SZ,8.14,6.66
20260826,002659.SZ,5.03,4.11
20260826,002660.SZ,8.33,6.81
20260826,002661.SZ,8.95,7.33
20260826,002662.SZ,3.61,2.95
20260826,002663.SZ,1.89,1.55
20260826,002664.SZ,16.83,13.77
20260826,002666.SZ,4.64,3.8
20260826,002667.SZ,22.69,18.57
20260826,002668.SZ,10.89,8.91
20260826,002669.SZ,12.75,10.43
20260826,002670.SZ,11.94,9.77
20260826,002671.SZ,4.4,3.6
20260826,002672.SZ,4.1,3.36
20260826,002673.SZ,7.23,5.91
20260826,002674.SZ,28.82,23.58
20260826,002675.SZ,14.26,11.66
20260826,002676.SZ,5.69,4.65
20260826,002677.SZ,7.63,6.25
20260826,002678.SZ,5.3,4.34
20260826,002679.SZ,10.55,8.63
20260826,002681.SZ,4.9,4.01
20260826,002682.SZ,5.2,4.26
20260826,002683.SZ,32.12,26.28
20260826,002685.SZ,6.07,4.97
20260826,002686.SZ,7.5,6.14
20260826,002687.SZ,7.1,5.81
20260826,002688.SZ,5.8,4.74
20260826,002689.SZ,3.16,2.58
20260826,002690.SZ,16.84,13.78
20260826,002691.SZ,4.75,3.89
20260826,002692.SZ,4.69,3.83
20260826,002693.SZ,10.15,8.31
20260826,002694.SZ,2.57,2.11
20260826,002695.SZ,12.13,9.93
20260826,002696.SZ,6.94,5.68
20260826,002697.SZ,5.06,4.14
20260826,002698.SZ,13.59,11.12
20260826,002700.SZ,7.03,5.75
20260826,002701.SZ,5.27,4.31
20260826,002702.SZ,5.39,4.41
20260826,002703.SZ,17.46,14.28
20260826,002705.SZ,12.41,10.15
20260826,002706.SZ,10.76,8.8
20260826,002707.SZ,5.93,4.85
20260826,002708.SZ,13.02,10.66
20260826,002709.SZ,40.04,32.76
20260826,002712.SZ,5.32,4.36
20260826,002713.SZ,10.96,8.96
20260826,002714.SZ,43.92,35.94
20260826,002715.SZ,15.83,12.95
20260826,002716.SZ,11.85,9.69
20260826,002717.SZ,1.09,0.89
20260826,002718.SZ,92.97,76.07
20260826,002719.SZ,6.77,5.54
20260826,002721.SZ,3.08,2.52
20260826,002722.SZ,14.28,11.68
20260826,002723.SZ,8.39,6.87
20260826,002724.SZ,7.38,6.04
20260826,002725.SZ,12.54,10.26
20260826,002726.SZ,3.14,2.57
20260826,002727.SZ,12.95,10.59
20260826,002728.SZ,9.81,8.03
20260826,002729.SZ,15.3,12.52
20260826,002730.SZ,23.52,19.24
20260826,002731.SZ,1.27,1.04
20260826,002732.SZ,15.42,12.62
20260826,002733.SZ,20.39,16.69
20260826,002734.SZ,16.4,13.42
20260826,002735.SZ,12.67,10.37
20260826,002736.SZ,10.87,8.89
20260826,002737.SZ,14.58,11.93
20260826,002738.SZ,55.39,45.32
20260826,002739.SZ,9.14,7.48
20260826,002741.SZ,27.47,22.47
20260826,002742.SZ,5.15,4.21
20260826,002743.SZ,5.1,4.18
20260826,002745.SZ,12.32,10.08
20260826,002746.SZ,7.04,5.76
20260826,002747.SZ,34.85,28.51
20260826,002748.SZ,13.48,11.03
20260826,002749.SZ,9.55,7.81
20260826,002752.SZ,6.59,5.39
20260826,002753.SZ,7.62,6.24
20260826,002755.SZ,13.4,10.96
20260826,002756.SZ,49.1,40.18
20260826,002757.SZ,17.62,14.42
20260826,002758.SZ,8.89,7.27
20260826,002759.SZ,19.33,15.81
20260826,002760.SZ,19.53,15.98
20260826,002761.SZ,7.92,6.48
20260826,002762.SZ,10.42,8.52
20260826,002763.SZ,8.27,6.77
20260826,002765.SZ,7.71,6.31
20260826,002766.SZ,4.58,3.74
20260826,002767.SZ,19.87,16.25
20260826,002768.SZ,67.68,55.38
20260826,002769.SZ,7.76,6.35
20260826,002771.SZ,13.61,11.13
20260826,002772.SZ,11.81,9.67
20260826,002773.SZ,22.5,18.41
20260826,002774.SZ,18.15,14.85
20260826,002775.SZ,4.05,3.31
20260826,002777.SZ,14.05,11.49
20260826,002778.SZ,17.46,14.28
20260826,002779.SZ,82.83,67.77
20260826,002780.SZ,14.74,12.06
20260826,002782.SZ,16.73,13.69
20260826,002783.SZ,8.75,7.16
20260826,002785.SZ,37.55,30.73
20260826,002786.SZ,8.87,7.25
20260826,002787.SZ,23.44,19.18
20260826,002788.SZ,12.39,10.13
20260826,002789.SZ,11.25,9.21
20260826,002790.SZ,6.62,5.42
20260826,002791.SZ,16.37,13.39
20260826,002792.SZ,34.27,28.04
20260826,002793.SZ,5.31,4.35
20260826,002795.SZ,7.83,6.41
20260826,002796.SZ,32.45,26.55
20260826,002797.SZ,7.01,5.73
20260826,002798.SZ,6.31,5.17
20260826,002799.SZ,7.62,6.24
20260826,002800.SZ,15.81,12.93
20260826,002801.SZ,29.33,23.99
20260826,002802.SZ,13.34,10.92
20260826,002803.SZ,20.44,16.72
20260826,002805.SZ,20.6,16.86
20260826,002806.SZ,15.88,13.0
20260826,002807.SZ,4.43,3.63
20260826,002809.SZ,9.45,7.73
20260826,002810.SZ,23.6,19.31
20260826,002811.SZ,14.43,11.81
20260826,002812.SZ,59.17,48.41
20260826,002813.SZ,23.08,18.88
20260826,002815.SZ,14.78,12.1
20260826,002816.SZ,26.47,21.65
20260826,002817.SZ,7.38,6.04
20260826,002818.SZ,12.07,9.87
20260826,002819.SZ,23.18,18.96
20260826,002820.SZ,10.74,8.78
20260826,002821.SZ,189.45,155.01
20260826,002822.SZ,3.45,2.83
20260826,002823.SZ,14.39,11.77
20260826,002824.SZ,27.8,22.74
20260826,002825.SZ,9.92,8.12
20260826,002826.SZ,19.25,15.75
20260826,002827.SZ,58.52,47.88
20260826,002828.SZ,13.48,11.03
20260826,002829.SZ,21.43,17.53
20260826,002830.SZ,15.4,12.6
20260826,002831.SZ,27.64,22.62
20260826,002832.SZ,26.43,21.63
20260826,002833.SZ,19.8,16.2
20260826,002835.SZ,13.94,11.4
20260826,002836.SZ,11.15,9.13
20260826,002837.SZ,66.25,54.21
20260826,002838.SZ,26.09,21.35
20260826,002839.SZ,4.81,3.93
20260826,002840.SZ,9.09,7.43
20260826,002841.SZ,51.6,42.22
20260826,002842.SZ,41.15,33.67
20260826,002843.SZ,17.68,14.46
20260826,002845.SZ,14.54,11.9
20260826,002846.SZ,11.74,9.6
20260826,002847.SZ,49.83,40.77
20260826,002848.SZ,14.55,11.91
20260826,002849.SZ,20.72,16.96
20260826,002850.SZ,194.9,159.46
20260826,002851.SZ,133.45,109.19
20260826,002852.SZ,8.87,7.25
20260826,002853.SZ,25.07,20.51
20260826,002855.SZ,12.1,9.9
20260826,002856.SZ,17.04,13.94
20260826,002857.SZ,21.88,17.9
20260826,002858.SZ,13.05,10.67
20260826,002859.SZ,70.03,57.29
20260826,002860.SZ,17.07,13.97
20260826,002861.SZ,17.2,14.08
20260826,002862.SZ,15.14,12.38
20260826,002863.SZ,5.26,4.3
20260826,002864.SZ,24.62,20.14
20260826,002865.SZ,44.2,36.16
20260826,002866.SZ,16.47,13.47
20260826,002867.SZ,13.61,11.13
20260826,002868.SZ,24.28,19.86
20260826,002869.SZ,17.91,14.65
20260826,002870.SZ,51.79,42.37
20260826,002871.SZ,18.49,15.13
20260826,002872.SZ,5.92,4.84
20260826,002873.SZ,9.66,7.9
20260826,002875.SZ,14.43,11.81
20260826,002876.SZ,31.83,26.05
20260826,002877.SZ,8.28,6.78
20260826,002878.SZ,13.76,11.26
20260826,002879.SZ,18.08,14.8
20260826,002880.SZ,24.81,20.3
20260826,002881.SZ,43.78,35.82
20260826,002882.SZ,24.4,19.96
20260826,002883.SZ,10.23,8.37
20260826,002884.SZ,17.3,14.16
20260826,002885.SZ,31.3,25.61
20260826,002886.SZ,23.39,19.13
20260826,002887.SZ,10.41,8.51
20260826,002888.SZ,19.79,16.19
20260826,002889.SZ,14.15,11.57
20260826,002890.SZ,15.92,13.02
20260826,002891.SZ,31.68,25.92
20260826,002892.SZ,10.02,8.2
20260826,002893.SZ,11.03,9.03
20260826,002895.SZ,35.31,28.89
20260826,002896.SZ,71.23,58.28
20260826,002897.SZ,63.49,51.95
20260826,002899.SZ,21.65,17.71
20260826,002900.SZ,15.5,12.68
20260826,002901.SZ,50.35,41.19
20260826,002902.SZ,26.9,22.01
20260826,002903.SZ,34.14,27.94
20260826,002905.SZ,8.69,7.11
20260826,002906.SZ,30.15,24.67
20260826,002907.SZ,17.31,14.17
20260826,002908.SZ,7.91,6.47
20260826,002909.SZ,5.84,4.78
20260826,002910.SZ,10.79,8.83
20260826,002911.SZ,12.14,9.94
20260826,002912.SZ,21.16,17.32
20260826,002913.SZ,62.52,51.16
20260826,002915.SZ,18.44,15.08
20260826,002916.SZ,375.1,306.9
20260826,002917.SZ,11.37,9.31
20260826,002918.SZ,11.14,9.12
20260826,002919.SZ,19.17,15.69
20260826,002920.SZ,94.82,77.58
20260826,002921.SZ,23.93,19.58
20260826,002922.SZ,26.9,22.01
20260826,002923.SZ,12.29,10.05
20260826,002925.SZ,24.77,20.27
20260826,002926.SZ,9.11,7.45
20260826,002927.SZ,17.73,14.51
20260826,002928.SZ,6.88,5.63
20260826,002929.SZ,59.64,48.8
20260826,002930.SZ,9.68,7.92
20260826,002931.SZ,51.63,42.25
20260826,002932.SZ,16.86,13.8
20260826,002933.SZ,29.4,24.06
20260826,002935.SZ,17.28,14.14
20260826,002936.SZ,1.95,1.59
20260826,002937.SZ,33.0,27.0
20260826,002938.SZ,96.18,78.7
20260826,002939.SZ,8.79,7.19
20260826,002940.SZ,28.4,23.24
20260826,002941.SZ,11.96,9.78
20260826,002942.SZ,17.28,14.14
20260826,002943.SZ,35.99,29.45
20260826,002945.SZ,15.19,12.43
20260826,002946.SZ,17.86,14.62
20260826,002947.SZ,65.57,53.65
20260826,002948.SZ,6.5,5.32
20260826,002949.SZ,13.68,11.2
20260826,002950.SZ,10.35,8.47
20260826,002951.SZ,18.13,14.83
20260826,002952.SZ,21.8,17.84
20260826,002953.SZ,12.02,9.84
20260826,002955.SZ,38.56,31.55
20260826,002956.SZ,18.67,15.27
20260826,002957.SZ,45.11,36.91
20260826,002958.SZ,3.25,2.66
20260826,002959.SZ,36.42,29.8
20260826,002960.SZ,9.33,7.63
20260826,002961.SZ,20.67,16.91
20260826,002962.SZ,13.97,11.43
20260826,002963.SZ,22.35,18.29
20260826,002965.SZ,33.91,27.75
20260826,002966.SZ,9.47,7.75
20260826,002967.SZ,18.87,15.44
20260826,002968.SZ,10.33,8.45
20260826,002969.SZ,13.68,11.2
20260826,002970.SZ,55.58,45.48
20260826,002971.SZ,47.1,38.54
20260826,002972.SZ,13.89,11.37
20260826,002973.SZ,13.12,10.74
20260826,002975.SZ,117.9,96.46
20260826,002976.SZ,27.16,22.22
20260826,002977.SZ,23.17,18.95
20260826,002978.SZ,28.66,23.45
20260826,002979.SZ,60.94,49.86
20260826,002980.SZ,103.97,85.07
20260826,002981.SZ,26.0,21.28
20260826,002982.SZ,13.9,11.38
20260826,002983.SZ,21.33,17.45
20260826,002984.SZ,15.83,12.95
20260826,002985.SZ,28.11,23.0
20260826,002986.SZ,14.74,12.06
20260826,002987.SZ,12.74,10.42
20260826,002988.SZ,26.06,21.32
20260826,002989.SZ,26.81,21.93
20260826,002990.SZ,52.33,42.81
20260826,002991.SZ,43.2,35.34
20260826,002992.SZ,37.55,30.73
20260826,002993.SZ,41.66,34.08
20260826,002995.SZ,18.79,15.37
20260826,002996.SZ,6.99,5.72
20260826,002997.SZ,31.24,25.56
20260826,002998.SZ,8.8,7.2
20260826,002999.SZ,6.9,5.64
20260826,003000.SZ,10.74,8.78
20260826,003001.SZ,17.27,14.13
20260826,003002.SZ,18.33,14.99
20260826,003003.SZ,12.38,10.13
20260826,003004.SZ,75.72,61.96
20260826,003005.SZ,15.06,12.32
20260826,003006.SZ,14.84,12.14
20260826,003007.SZ,43.08,35.24
20260826,003008.SZ,21.8,17.84
20260826,003009.SZ,50.84,41.6
20260826,003010.SZ,33.0,27.0
20260826,003011.SZ,22.88,18.72
20260826,003012.SZ,5.21,4.27
20260826,003013.SZ,19.86,16.25
20260826,003015.SZ,13.45,11.01
20260826,003016.SZ,7.72,6.32
20260826,003017.SZ,25.19,20.61
20260826,003018.SZ,50.58,41.38
20260826,003019.SZ,27.27,22.31
20260826,003020.SZ,20.52,16.79
20260826,003021.SZ,80.06,65.5
20260826,003022.SZ,21.78,17.82
20260826,003023.SZ,29.54,24.17
20260826,003025.SZ,13.82,11.3
20260826,003026.SZ,31.9,26.1
20260826,003027.SZ,18.58,15.2
20260826,003028.SZ,25.28,20.68
20260826,003029.SZ,18.73,15.33
20260826,003030.SZ,24.24,19.84
20260826,003031.SZ,140.8,115.2
20260826,003032.SZ,11.2,9.16
20260826,003033.SZ,71.07,58.15
20260826,003035.SZ,6.26,5.12
20260826,003036.SZ,56.6,46.31
20260826,003037.SZ,6.28,5.14
20260826,003038.SZ,12.13,9.93
20260826,003039.SZ,13.22,10.82
20260826,003040.SZ,17.03,13.93
20260826,003041.SZ,42.96,35.15
20260826,003042.SZ,15.29,12.51
20260826,003043.SZ,84.05,68.77
20260826,003816.SZ,4.36,3.56
20260826,158000.SZ,1.122,0.918
20260826,158003.SZ,1.144,0.936
20260826,158005.SZ,1.076,0.88
20260826,158006.SZ,1.113,0.911
20260826,158009.SZ,1.089,0.891
20260826,158012.SZ,1.003,0.821
20260826,159001.SZ,110.0,90.0
20260826,159003.SZ,110.0,90.0
20260826,159005.SZ,110.0,90.0
20260826,159007.SZ,0.966,0.79
20260826,159008.SZ,1.096,0.896
20260826,159009.SZ,1.046,0.698
20260826,159010.SZ,0.99,0.81
20260826,159011.SZ,1.159,0.949
20260826,159012.SZ,1.054,0.702
20260826,159013.SZ,1.091,0.893
20260826,159015.SZ,0.975,0.797
20260826,159016.SZ,1.091,0.893
20260826,159017.SZ,1.025,0.839
20260826,159018.SZ,1.008,0.824
20260826,159019.SZ,1.027,0.841
20260826,159020.SZ,0.999,0.817
20260826,159021.SZ,1.106,0.905
20260826,159022.SZ,1.145,0.763
20260826,159023.SZ,1.167,0.955
20260826,159026.SZ,1.022,0.836
20260826,159027.SZ,0.994,0.814
20260826,159028.SZ,0.857,0.701
20260826,159029.SZ,1.016,0.832
20260826,159030.SZ,0.955,0.781
20260826,159031.SZ,1.056,0.864
20260826,159032.SZ,0.977,0.799
20260826,159033.SZ,1.082,0.886
20260826,159035.SZ,0.887,0.725
20260826,159036.SZ,1.001,0.819
20260826,159037.SZ,1.102,0.902
20260826,159038.SZ,1.023,0.837
20260826,159039.SZ,0.915,0.749
20260826,159040.SZ,1.18,0.966
20260826,159041.SZ,1.113,0.911
20260826,159042.SZ,1.104,0.904
20260826,159043.SZ,1.1,0.9
20260826,159045.SZ,0.883,0.723
20260826,159046.SZ,0.998,0.816
20260826,159048.SZ,0.939,0.769
20260826,159049.SZ,1.133,0.927
20260826,159050.SZ,0.928,0.76
20260826,159051.SZ,1.135,0.929
20260826,159052.SZ,0.944,0.772
20260826,159053.SZ,0.989,0.809
20260826,159055.SZ,1.005,0.823
20260826,159056.SZ,1.132,0.926
20260826,159057.SZ,1.115,0.913
20260826,159058.SZ,1.066,0.872
20260826,159059.SZ,1.115,0.913
20260826,159060.SZ,1.12,0.916
20260826,159061.SZ,1.009,0.825
20260826,159062.SZ,0.901,0.737
20260826,159063.SZ,1.139,0.932
20260826,159065.SZ,1.009,0.825
20260826,159066.SZ,1.0,0.818
20260826,159067.SZ,1.109,0.907
20260826,159068.SZ,1.076,0.88
20260826,159069.SZ,1.226,0.818
20260826,159070.SZ,1.027,0.841
20260826,159071.SZ,0.93,0.761
20260826,159072.SZ,1.224,1.002
20260826,159073.SZ,1.126,0.922
20260826,159075.SZ,0.992,0.812
20260826,159076.SZ,1.025,0.683
20260826,159077.SZ,1.051,0.86
20260826,159078.SZ,1.02,0.834
20260826,159079.SZ,1.104,0.904
20260826,159082.SZ,1.067,0.873
20260826,159083.SZ,1.098,0.898
20260826,159085.SZ,1.141,0.933
20260826,159086.SZ,1.146,0.938
20260826,159087.SZ,1.112,0.91
20260826,159091.SZ,1.17,0.958
20260826,159093.SZ,1.11,0.908
20260826,159095.SZ,1.011,0.827
20260826,159098.SZ,1.107,0.905
20260826,159099.SZ,1.044,0.854
20260826,159100.SZ,1.183,0.968
20260826,159101.SZ,0.813,0.665
20260826,159102.SZ,0.934,0.764
20260826,159103.SZ,0.719,0.589
20260826,159105.SZ,1.062,0.869
20260826,159106.SZ,1.14,0.932
20260826,159107.SZ,0.869,0.579
20260826,159108.SZ,1.044,0.854
20260826,159109.SZ,0.903,0.739
20260826,159110.SZ,112.61,92.136
20260826,159111.SZ,112.566,92.1
20260826,159112.SZ,112.419,91.979
20260826,159113.SZ,112.398,91.962
20260826,159115.SZ,112.406,91.968
20260826,159116.SZ,112.626,92.148
20260826,159117.SZ,1.118,0.914
20260826,159118.SZ,1.065,0.871
20260826,159119.SZ,1.076,0.88
20260826,159120.SZ,0.813,0.665
20260826,159121.SZ,0.827,0.677
20260826,159122.SZ,1.075,0.717
20260826,159123.SZ,0.987,0.807
20260826,159125.SZ,0.788,0.644
20260826,159126.SZ,1.041,0.851
20260826,159127.SZ,1.077,0.881
20260826,159128.SZ,0.798,0.653
20260826,159129.SZ,1.146,0.938
20260826,159130.SZ,1.06,0.868
20260826,159131.SZ,1.053,0.861
20260826,159132.SZ,1.098,0.898
20260826,159133.SZ,1.176,0.962
20260826,159135.SZ,0.861,0.705
20260826,159136.SZ,1.118,0.914
20260826,159137.SZ,1.112,0.91
20260826,159138.SZ,0.99,0.81
20260826,159139.SZ,1.428,0.952
20260826,159140.SZ,1.434,0.956
20260826,159141.SZ,1.333,0.889
20260826,159142.SZ,1.368,0.912
20260826,159143.SZ,1.058,0.866
20260826,159145.SZ,0.909,0.743
20260826,159146.SZ,1.102,0.902
20260826,159147.SZ,0.938,0.768
20260826,159148.SZ,1.095,0.896
20260826,159149.SZ,1.031,0.687
20260826,159150.SZ,1.75,1.432
20260826,159151.SZ,1.019,0.833
20260826,159152.SZ,0.843,0.689
20260826,159153.SZ,1.284,1.05
20260826,159155.SZ,0.936,0.766
20260826,159156.SZ,0.968,0.792
20260826,159157.SZ,0.919,0.752
20260826,159158.SZ,1.093,0.895
20260826,159159.SZ,1.107,0.905
20260826,159160.SZ,0.921,0.753
20260826,159161.SZ,1.024,0.838
20260826,159162.SZ,0.913,0.747
20260826,159163.SZ,0.846,0.692
20260826,159165.SZ,0.946,0.774
20260826,159166.SZ,0.946,0.774
20260826,159167.SZ,1.09,0.892
20260826,159168.SZ,0.955,0.781
20260826,159169.SZ,1.124,0.92
20260826,159170.SZ,0.928,0.76
20260826,159171.SZ,0.879,0.719
20260826,159172.SZ,0.912,0.746
20260826,159173.SZ,0.969,0.793
20260826,159175.SZ,0.997,0.815
20260826,159176.SZ,1.093,0.895
20260826,159177.SZ,1.025,0.839
20260826,159178.SZ,1.122,0.918
20260826,159179.SZ,0.903,0.739
20260826,159180.SZ,1.107,0.905
20260826,159181.SZ,0.983,0.805
20260826,159182.SZ,1.024,0.838
20260826,159183.SZ,0.946,0.774
20260826,159185.SZ,1.199,0.981
20260826,159186.SZ,0.832,0.68
20260826,159187.SZ,1.022,0.682
20260826,159188.SZ,1.038,0.85
20260826,159189.SZ,0.987,0.807
20260826,159190.SZ,1.019,0.679
20260826,159191.SZ,1.009,0.825
20260826,159192.SZ,1.064,0.87
20260826,159193.SZ,0.888,0.726
20260826,159195.SZ,1.001,0.819
20260826,159196.SZ,1.344,1.1
20260826,159197.SZ,1.0,0.818
20260826,159198.SZ,1.349,1.103
20260826,159199.SZ,0.993,0.813
20260826,159200.SZ,112.325,91.903
20260826,159201.SZ,1.302,1.066
20260826,159202.SZ,0.872,0.714
20260826,159203.SZ,1.491,1.22
20260826,159205.SZ,2.008,1.338
20260826,159206.SZ,1.454,1.19
20260826,159207.SZ,1.267,1.037
20260826,159208.SZ,1.125,0.921
20260826,159209.SZ,1.256,1.028
20260826,159210.SZ,0.932,0.762
20260826,159211.SZ,1.565,1.281
20260826,159212.SZ,1.595,1.305
20260826,159213.SZ,1.258,1.03
20260826,159215.SZ,1.42,1.162
20260826,159216.SZ,1.604,1.312
20260826,159217.SZ,1.319,1.079
20260826,159218.SZ,1.432,1.172
20260826,159219.SZ,1.502,1.229
20260826,159220.SZ,0.647,0.529
20260826,159221.SZ,1.289,1.055
20260826,159222.SZ,1.392,1.139
20260826,159223.SZ,1.252,1.024
20260826,159225.SZ,1.367,1.119
20260826,159226.SZ,1.386,1.134
20260826,159227.SZ,1.077,0.881
20260826,159228.SZ,1.13,0.924
20260826,159229.SZ,1.328,1.086
20260826,159230.SZ,1.029,0.842
20260826,159231.SZ,0.529,0.433
20260826,159232.SZ,1.319,1.079
20260826,159233.SZ,1.316,1.076
20260826,159235.SZ,1.346,1.102
20260826,159236.SZ,1.321,1.081
20260826,159237.SZ,0.971,0.795
20260826,159238.SZ,1.415,1.157
20260826,159239.SZ,0.87,0.712
20260826,159240.SZ,1.405,1.149
20260826,159241.SZ,1.109,0.907
20260826,159242.SZ,2.42,1.614
20260826,159243.SZ,1.462,0.974
20260826,159245.SZ,0.878,0.718
20260826,159246.SZ,1.348,0.898
20260826,159247.SZ,1.228,0.818
20260826,159248.SZ,1.855,1.517
20260826,159249.SZ,1.502,1.229
20260826,159251.SZ,0.843,0.689
20260826,159253.SZ,1.089,0.891
20260826,159255.SZ,0.919,0.752
20260826,159256.SZ,0.958,0.638
20260826,159257.SZ,0.916,0.75
20260826,159258.SZ,1.184,0.968
20260826,159259.SZ,1.428,1.168
20260826,159260.SZ,0.928,0.76
20260826,159261.SZ,1.67,1.114
20260826,159262.SZ,0.924,0.756
20260826,159263.SZ,1.268,1.038
20260826,159265.SZ,0.904,0.74
20260826,159266.SZ,1.077,0.881
20260826,159267.SZ,0.914,0.748
20260826,159268.SZ,0.871,0.713
20260826,159269.SZ,0.938,0.768
20260826,159270.SZ,1.333,0.889
20260826,159271.SZ,1.059,0.867
20260826,159272.SZ,0.879,0.719
20260826,159273.SZ,1.507,1.233
20260826,159275.SZ,0.943,0.771
20260826,159276.SZ,1.212,0.992
20260826,159277.SZ,1.11,0.908
20260826,159278.SZ,1.035,0.847
20260826,159279.SZ,1.627,1.085
20260826,159280.SZ,0.766,0.626
20260826,159281.SZ,1.062,0.869
20260826,159283.SZ,0.923,0.755
20260826,159285.SZ,0.869,0.711
20260826,159286.SZ,0.836,0.684
20260826,159287.SZ,1.324,0.882
20260826,159288.SZ,1.18,0.786
20260826,159289.SZ,1.29,0.86
20260826,159290.SZ,1.367,0.911
20260826,159291.SZ,1.4,0.934
20260826,159292.SZ,1.405,0.937
20260826,159293.SZ,1.279,0.853
20260826,159295.SZ,1.223,0.815
20260826,159296.SZ,1.11,0.908
20260826,159297.SZ,0.817,0.669
20260826,159298.SZ,1.432,0.954
20260826,159299.SZ,0.762,0.624
20260826,159300.SZ,5.445,4.455
20260826,159301.SZ,1.058,0.866
20260826,159302.SZ,1.481,1.211
20260826,159303.SZ,1.796,1.47
20260826,159305.SZ,0.915,0.749
20260826,159306.SZ,1.261,1.031
20260826,159307.SZ,1.131,0.925
20260826,159309.SZ,1.559,1.275
20260826,159310.SZ,3.025,2.475
20260826,159311.SZ,1.559,1.275
20260826,159312.SZ,1.306,1.068
20260826,159315.SZ,1.993,1.631
20260826,159316.SZ,1.285,1.051
20260826,159318.SZ,1.449,1.185
20260826,159320.SZ,0.688,0.563
20260826,159321.SZ,1.863,1.525
20260826,159322.SZ,1.953,1.598
20260826,159323.SZ,1.17,0.958
20260826,159325.SZ,2.279,1.865
20260826,159326.SZ,1.838,1.504
20260826,159327.SZ,1.244,1.018
20260826,159328.SZ,1.155,0.945
20260826,159329.SZ,1.021,0.835
20260826,159330.SZ,1.572,1.286
20260826,159331.SZ,1.454,1.19
20260826,159332.SZ,1.355,1.109
20260826,159333.SZ,1.503,1.229
20260826,159335.SZ,1.641,1.343
20260826,159336.SZ,1.342,1.098
20260826,159337.SZ,1.944,1.59
20260826,159338.SZ,1.324,1.084
20260826,159339.SZ,1.335,1.093
20260826,159350.SZ,1.707,1.397
20260826,159351.SZ,1.321,1.081
20260826,159352.SZ,1.379,1.129
20260826,159353.SZ,1.345,1.101
20260826,159355.SZ,1.148,0.94
20260826,159356.SZ,1.407,1.151
20260826,159357.SZ,1.4,1.146
20260826,159358.SZ,1.432,1.172
20260826,159359.SZ,1.388,1.136
20260826,159360.SZ,1.43,1.17
20260826,159361.SZ,1.351,1.105
20260826,159362.SZ,1.419,1.161
20260826,159363.SZ,1.433,0.955
20260826,159365.SZ,1.104,0.904
20260826,159366.SZ,1.667,1.364
20260826,159367.SZ,2.028,1.352
20260826,159368.SZ,0.802,0.534
20260826,159369.SZ,1.65,1.1
20260826,159370.SZ,2.138,1.426
20260826,159371.SZ,2.021,1.347
20260826,159372.SZ,2.161,1.441
20260826,159373.SZ,2.06,1.374
20260826,159375.SZ,0.863,0.575
20260826,159376.SZ,1.439,1.177
20260826,159377.SZ,1.217,0.811
20260826,159378.SZ,1.092,0.894
20260826,159379.SZ,1.48,1.211
20260826,159380.SZ,1.481,1.211
20260826,159381.SZ,1.358,0.906
20260826,159382.SZ,3.043,2.029
20260826,159383.SZ,2.011,1.341
20260826,159385.SZ,1.937,1.585
20260826,159386.SZ,1.394,1.14
20260826,159387.SZ,0.883,0.589
20260826,159388.SZ,1.174,0.782
20260826,159389.SZ,1.959,1.603
20260826,159390.SZ,1.367,1.119
20260826,159391.SZ,1.222,1.0
20260826,159392.SZ,1.01,0.826
20260826,159393.SZ,5.386,4.406
20260826,159395.SZ,113.906,93.196
20260826,159396.SZ,113.744,93.064
20260826,159397.SZ,113.519,92.879
20260826,159398.SZ,112.781,92.275
20260826,159399.SZ,1.114,0.912
20260826,159400.SZ,111.333,91.091
20260826,159500.SZ,1.277,1.045
20260826,159501.SZ,2.284,1.868
20260826,159502.SZ,1.83,1.498
20260826,159505.SZ,1.738,1.422
20260826,159506.SZ,1.441,1.179
20260826,159507.SZ,0.938,0.768
20260826,159508.SZ,0.915,0.749
20260826,159509.SZ,3.054,2.498
20260826,159510.SZ,1.377,1.127
20260826,159511.SZ,2.551,2.087
20260826,159512.SZ,1.146,0.938
20260826,159513.SZ,1.968,1.61
20260826,159515.SZ,1.328,1.086
20260826,159516.SZ,0.776,0.635
20260826,159517.SZ,1.472,1.204
20260826,159518.SZ,1.377,1.127
20260826,159519.SZ,1.96,1.604
20260826,159520.SZ,1.023,0.837
20260826,159521.SZ,1.381,1.13
20260826,159523.SZ,1.371,1.121
20260826,159525.SZ,1.219,0.997
20260826,159526.SZ,1.549,1.267
20260826,159527.SZ,0.759,0.621
20260826,159528.SZ,1.357,1.111
20260826,159529.SZ,1.453,1.189
20260826,159530.SZ,1.454,1.19
20260826,159531.SZ,1.595,1.305
20260826,159532.SZ,1.801,1.473
20260826,159533.SZ,2.111,1.727
20260826,159535.SZ,1.631,1.335
20260826,159536.SZ,1.525,1.247
20260826,159537.SZ,0.949,0.777
20260826,159538.SZ,0.963,0.788
20260826,159539.SZ,1.898,1.553
20260826,159540.SZ,2.037,1.667
20260826,159541.SZ,1.819,1.213
20260826,159542.SZ,1.447,1.184
20260826,159543.SZ,1.625,1.329
20260826,159545.SZ,1.455,1.191
20260826,159546.SZ,0.821,0.671
20260826,159547.SZ,1.334,1.092
20260826,159549.SZ,1.304,1.067
20260826,159550.SZ,0.866,0.708
20260826,159551.SZ,1.362,1.114
20260826,159552.SZ,2.468,2.02
20260826,159553.SZ,2.008,1.643
20260826,159555.SZ,1.929,1.579
20260826,159556.SZ,1.328,1.086
20260826,159557.SZ,1.65,1.35
20260826,159558.SZ,1.218,0.996
20260826,159559.SZ,1.317,1.077
20260826,159560.SZ,2.442,1.998
20260826,159561.SZ,1.515,1.239
20260826,159562.SZ,2.648,2.166
20260826,159563.SZ,2.14,1.426
20260826,159565.SZ,1.426,1.166
20260826,159566.SZ,2.049,1.677
20260826,159567.SZ,0.781,0.639
20260826,159568.SZ,1.24,1.014
20260826,159569.SZ,1.57,1.284
20260826,159570.SZ,1.614,1.32
20260826,159571.SZ,1.703,1.135
20260826,159572.SZ,1.711,1.141
20260826,159573.SZ,1.723,1.149
20260826,159575.SZ,1.673,1.115
20260826,159576.SZ,1.682,1.376
20260826,159577.SZ,1.794,1.468
20260826,159578.SZ,1.298,1.062
20260826,159581.SZ,1.183,0.968
20260826,159582.SZ,0.818,0.67
20260826,159583.SZ,1.762,1.442
20260826,159586.SZ,1.135,0.929
20260826,159587.SZ,1.309,1.071
20260826,159588.SZ,1.393,1.139
20260826,159589.SZ,1.219,0.997
20260826,159590.SZ,0.952,0.779
20260826,159591.SZ,1.514,1.238
20260826,159592.SZ,1.482,1.212
20260826,159593.SZ,1.498,1.226
20260826,159595.SZ,1.505,1.231
20260826,159596.SZ,0.717,0.587
20260826,159597.SZ,0.944,0.63
20260826,159599.SZ,2.991,2.447
20260826,159600.SZ,111.838,91.504
20260826,159601.SZ,1.227,1.004
20260826,159602.SZ,1.188,0.972
20260826,159603.SZ,1.972,1.314
20260826,159605.SZ,0.875,0.716
20260826,159606.SZ,1.464,1.198
20260826,159607.SZ,0.87,0.712
20260826,159608.SZ,1.185,0.969
20260826,159609.SZ,0.539,0.441
20260826,159610.SZ,1.374,1.124
20260826,159611.SZ,1.139,0.932
20260826,159612.SZ,2.288,1.872
20260826,159613.SZ,0.942,0.77
20260826,159615.SZ,1.287,1.053
20260826,159616.SZ,0.866,0.708
20260826,159617.SZ,1.493,1.221
20260826,159618.SZ,0.726,0.594
20260826,159619.SZ,1.031,0.843
20260826,159620.SZ,1.371,1.121
20260826,159621.SZ,1.269,1.039
20260826,159622.SZ,1.321,1.081
20260826,159623.SZ,1.063,0.869
20260826,159625.SZ,1.316,1.076
20260826,159627.SZ,1.418,1.16
20260826,159628.SZ,1.508,1.234
20260826,159629.SZ,3.461,2.831
20260826,159630.SZ,1.493,1.221
20260826,159631.SZ,1.362,1.114
20260826,159632.SZ,2.681,2.193
20260826,159633.SZ,3.54,2.896
20260826,159635.SZ,1.096,0.896
20260826,159636.SZ,0.573,0.469
20260826,159637.SZ,0.89,0.728
20260826,159638.SZ,0.888,0.726
20260826,159639.SZ,1.049,0.859
20260826,159640.SZ,1.023,0.837
20260826,159641.SZ,1.087,0.889
20260826,159642.SZ,1.03,0.842
20260826,159643.SZ,0.617,0.505
20260826,159645.SZ,0.689,0.563
20260826,159647.SZ,0.98,0.802
20260826,159649.SZ,121.347,99.284
20260826,159650.SZ,118.782,97.186
20260826,159651.SZ,118.872,97.259
20260826,159652.SZ,1.805,1.477
20260826,159653.SZ,1.302,1.066
20260826,159655.SZ,2.232,1.826
20260826,159656.SZ,1.315,1.076
20260826,159657.SZ,0.663,0.543
20260826,159658.SZ,1.849,1.513
20260826,159659.SZ,2.563,2.097
20260826,159660.SZ,2.586,2.116
20260826,159661.SZ,1.557,1.274
20260826,159662.SZ,1.089,0.891
20260826,159663.SZ,1.08,0.884
20260826,159665.SZ,2.603,2.129
20260826,159666.SZ,1.084,0.887
20260826,159667.SZ,0.721,0.59
20260826,159669.SZ,1.211,0.991
20260826,159670.SZ,0.961,0.787
20260826,159671.SZ,1.453,1.189
20260826,159672.SZ,0.692,0.566
20260826,159673.SZ,1.399,1.145
20260826,159675.SZ,1.684,1.122
20260826,159676.SZ,1.902,1.268
20260826,159677.SZ,1.58,1.292
20260826,159678.SZ,1.667,1.364
20260826,159679.SZ,1.385,1.133
20260826,159680.SZ,1.807,1.479
20260826,159681.SZ,1.896,1.264
20260826,159682.SZ,1.872,1.248
20260826,159685.SZ,1.594,1.304
20260826,159686.SZ,1.403,1.148
20260826,159687.SZ,2.004,1.64
20260826,159688.SZ,0.828,0.678
20260826,159689.SZ,0.696,0.57
20260826,159690.SZ,2.168,1.774
20260826,159691.SZ,1.351,1.105
20260826,159692.SZ,1.31,1.072
20260826,159695.SZ,1.029,0.842
20260826,159696.SZ,2.222,1.818
20260826,159697.SZ,1.467,1.201
20260826,159698.SZ,1.014,0.83
20260826,159699.SZ,0.994,0.814
20260826,159700.SZ,111.85,91.514
20260826,159701.SZ,1.364,1.116
20260826,159703.SZ,0.979,0.801
20260826,159706.SZ,1.012,0.828
20260826,159707.SZ,0.531,0.435
20260826,159708.SZ,0.891,0.729
20260826,159709.SZ,1.847,1.511
20260826,159711.SZ,1.471,1.203
20260826,159712.SZ,1.363,1.115
20260826,159713.SZ,1.382,1.13
20260826,159715.SZ,1.276,1.044
20260826,159716.SZ,1.219,0.997
20260826,159717.SZ,1.139,0.932
20260826,159718.SZ,1.014,0.83
20260826,159719.SZ,1.768,1.446
20260826,159720.SZ,0.784,0.642
20260826,159721.SZ,1.147,0.939
20260826,159723.SZ,1.162,0.95
20260826,159725.SZ,0.823,0.673
20260826,159726.SZ,1.515,1.239
20260826,159728.SZ,0.839,0.687
20260826,159729.SZ,0.754,0.617
20260826,159730.SZ,1.134,0.928
20260826,159731.SZ,1.021,0.835
20260826,159732.SZ,1.476,1.208
20260826,159735.SZ,0.745,0.609
20260826,159736.SZ,0.647,0.529
20260826,159738.SZ,2.173,1.778
20260826,159739.SZ,0.847,0.693
20260826,159740.SZ,0.629,0.515
20260826,159741.SZ,0.631,0.517
20260826,159742.SZ,0.647,0.529
20260826,159743.SZ,1.516,1.24
20260826,159745.SZ,0.582,0.476
20260826,159747.SZ,1.287,1.053
20260826,159748.SZ,0.937,0.767
20260826,159750.SZ,0.953,0.779
20260826,159751.SZ,0.975,0.797
20260826,159752.SZ,0.663,0.543
20260826,159755.SZ,1.034,0.846
20260826,159757.SZ,0.862,0.706
20260826,159758.SZ,1.241,1.015
20260826,159760.SZ,0.651,0.533
20260826,159761.SZ,0.87,0.712
20260826,159763.SZ,0.788,0.644
20260826,159766.SZ,0.618,0.506
20260826,159767.SZ,0.843,0.689
20260826,159768.SZ,0.477,0.391
20260826,159770.SZ,1.082,0.886
20260826,159773.SZ,1.543,1.029
20260826,159775.SZ,0.86,0.704
20260826,159776.SZ,1.354,1.108
20260826,159777.SZ,1.45,0.966
20260826,159778.SZ,1.3,1.064
20260826,159779.SZ,1.549,1.267
20260826,159780.SZ,1.276,0.85
20260826,159781.SZ,1.274,0.85
20260826,159782.SZ,1.282,0.854
20260826,159783.SZ,1.283,0.855
20260826,159786.SZ,1.235,1.011
20260826,159787.SZ,0.646,0.528
20260826,159788.SZ,1.342,1.098
20260826,159790.SZ,0.773,0.633
20260826,159791.SZ,1.207,0.987
20260826,159792.SZ,0.631,0.517
20260826,159793.SZ,0.845,0.691
20260826,159795.SZ,0.946,0.774
20260826,159796.SZ,0.932,0.762
20260826,159797.SZ,0.747,0.611
20260826,159798.SZ,0.952,0.779
20260826,159800.SZ,1.549,1.267
20260826,159801.SZ,1.221,0.999
20260826,159804.SZ,1.932,1.288
20260826,159805.SZ,1.243,1.017
20260826,159806.SZ,0.777,0.635
20260826,159807.SZ,0.987,0.807
20260826,159808.SZ,1.588,1.058
20260826,159810.SZ,1.643,1.095
20260826,159811.SZ,3.192,2.612
20260826,159812.SZ,10.447,8.547
20260826,159813.SZ,0.789,0.645
20260826,159814.SZ,0.848,0.566
20260826,159816.SZ,125.422,102.618
20260826,159819.SZ,1.854,1.517
20260826,159820.SZ,1.475,1.207
20260826,159821.SZ,1.538,1.026
20260826,159822.SZ,0.651,0.533
20260826,159824.SZ,1.187,0.971
20260826,159825.SZ,0.801,0.655
20260826,159827.SZ,0.866,0.708
20260826,159828.SZ,0.476,0.39
20260826,159830.SZ,10.955,8.963
20260826,159831.SZ,10.59,8.664
20260826,159834.SZ,10.956,8.964
20260826,159835.SZ,0.739,0.605
20260826,159836.SZ,1.505,1.003
20260826,159837.SZ,0.559,0.457
20260826,159838.SZ,0.65,0.532
20260826,159839.SZ,0.413,0.338
20260826,159840.SZ,0.835,0.683
20260826,159841.SZ,1.064,0.87
20260826,159842.SZ,1.117,0.914
20260826,159843.SZ,0.594,0.486
20260826,159845.SZ,3.446,2.82
20260826,159847.SZ,0.458,0.374
20260826,159848.SZ,0.935,0.765
20260826,159849.SZ,0.565,0.463
20260826,159850.SZ,0.898,0.734
20260826,159851.SZ,0.674,0.552
20260826,159852.SZ,0.729,0.597
20260826,159855.SZ,0.796,0.652
20260826,159856.SZ,0.631,0.517
20260826,159857.SZ,0.789,0.645
20260826,159858.SZ,0.77,0.63
20260826,159859.SZ,0.444,0.364
20260826,159861.SZ,1.128,0.923
20260826,159862.SZ,0.598,0.49
20260826,159863.SZ,0.619,0.507
20260826,159864.SZ,0.603,0.493
20260826,159865.SZ,0.59,0.482
20260826,159866.SZ,1.845,1.509
20260826,159867.SZ,0.601,0.491
20260826,159869.SZ,1.187,0.971
20260826,159870.SZ,0.864,0.707
20260826,159871.SZ,1.062,0.869
20260826,159872.SZ,0.912,0.746
20260826,159873.SZ,0.582,0.476
20260826,159875.SZ,0.646,0.528
20260826,159876.SZ,1.084,0.887
20260826,159877.SZ,0.569,0.465
20260826,159880.SZ,1.067,0.873
20260826,159881.SZ,1.014,0.83
20260826,159883.SZ,0.487,0.399
20260826,159885.SZ,0.782,0.64
20260826,159886.SZ,0.996,0.815
20260826,159887.SZ,1.478,1.21
20260826,159888.SZ,1.109,0.907
20260826,159889.SZ,0.959,0.785
20260826,159890.SZ,1.835,1.501
20260826,159891.SZ,0.424,0.347
20260826,159892.SZ,0.899,0.735
20260826,159895.SZ,1.497,1.225
20260826,159896.SZ,1.393,1.139
20260826,159898.SZ,0.547,0.447
20260826,159899.SZ,0.762,0.624
20260826,159901.SZ,3.931,3.217
20260826,159902.SZ,4.981,4.075
20260826,159903.SZ,1.848,1.512
20260826,159905.SZ,1.847,1.511
20260826,159906.SZ,1.829,1.497
20260826,159907.SZ,1.156,0.946
20260826,159908.SZ,3.835,2.557
20260826,159909.SZ,1.416,1.158
20260826,159910.SZ,2.592,2.12
20260826,159912.SZ,2.091,1.711
20260826,159913.SZ,2.679,2.192
20260826,159915.SZ,4.103,2.735
20260826,159916.SZ,5.624,4.602
20260826,159918.SZ,2.684,2.196
20260826,159919.SZ,5.301,4.337
20260826,159920.SZ,1.648,1.348
20260826,159922.SZ,3.456,2.828
20260826,159923.SZ,2.362,1.932
20260826,159925.SZ,5.157,4.219
20260826,159928.SZ,0.73,0.598
20260826,159929.SZ,1.475,1.207
20260826,159930.SZ,1.934,1.582
20260826,159931.SZ,2.036,1.666
20260826,159933.SZ,3.175,2.597
20260826,159934.SZ,10.962,8.969
20260826,159935.SZ,2.674,2.188
20260826,159936.SZ,2.114,1.73
20260826,159937.SZ,10.464,8.562
20260826,159938.SZ,0.718,0.588
20260826,159939.SZ,1.184,0.968
20260826,159940.SZ,1.327,1.085
20260826,159941.SZ,1.807,1.479
20260826,159943.SZ,1.674,1.37
20260826,159944.SZ,1.637,1.339
20260826,159945.SZ,1.549,1.267
20260826,159948.SZ,4.53,3.02
20260826,159949.SZ,1.922,1.282
20260826,159952.SZ,2.489,1.659
20260826,159954.SZ,1.014,0.83
20260826,159956.SZ,2.593,1.729
20260826,159957.SZ,2.687,1.791
20260826,159958.SZ,2.484,1.656
20260826,159959.SZ,1.778,1.454
20260826,159960.SZ,0.937,0.767
20260826,159961.SZ,2.416,1.976
20260826,159964.SZ,2.683,1.789
20260826,159965.SZ,1.788,1.463
20260826,159966.SZ,0.648,0.432
20260826,159967.SZ,0.919,0.613
20260826,159968.SZ,11.132,9.108
20260826,159970.SZ,1.129,0.923
20260826,159971.SZ,1.427,0.951
20260826,159972.SZ,131.835,107.865
20260826,159973.SZ,2.105,1.723
20260826,159974.SZ,1.94,1.588
20260826,159975.SZ,0.827,0.677
20260826,159976.SZ,1.419,1.161
20260826,159977.SZ,2.13,1.42
20260826,159980.SZ,2.366,1.936
20260826,159981.SZ,1.745,1.427
20260826,159982.SZ,2.287,1.871
20260826,159985.SZ,2.408,1.97
20260826,159991.SZ,0.968,0.646
20260826,159992.SZ,0.955,0.781
20260826,159993.SZ,1.267,1.037
20260826,159994.SZ,1.357,1.111
20260826,159995.SZ,1.23,1.006
20260826,159996.SZ,1.573,1.287
20260826,159997.SZ,2.245,1.837
20260826,159998.SZ,1.042,0.852
20260826,160105.SZ,1.43,1.17
20260826,160106.SZ,1.722,1.409
20260826,160119.SZ,2.404,1.967
20260826,160125.SZ,1.724,1.41
20260826,160127.SZ,0.942,0.77
20260826,160128.SZ,1.129,0.923
20260826,160133.SZ,4.78,3.911
20260826,160135.SZ,1.09,0.892
20260826,160140.SZ,1.608,1.316
20260826,160142.SZ,1.189,0.973
20260826,160143.SZ,1.92,1.28
20260826,160211.SZ,2.859,2.339
20260826,160212.SZ,3.746,3.065
20260826,160215.SZ,3.938,3.222
20260826,160216.SZ,0.74,0.606
20260826,160218.SZ,0.63,0.516
20260826,160219.SZ,0.633,0.518
20260826,160220.SZ,5.038,4.122
20260826,160221.SZ,2.519,2.061
20260826,160222.SZ,0.728,0.596
20260826,160223.SZ,2.293,1.529
20260826,160225.SZ,1.943,1.589
20260826,160311.SZ,1.565,1.281
20260826,160314.SZ,1.499,1.227
20260826,160322.SZ,1.165,0.953
20260826,160323.SZ,1.929,1.579
20260826,160324.SZ,3.542,2.898
20260826,160325.SZ,1.962,1.308
20260826,160326.SZ,1.012,0.828
20260826,160416.SZ,2.394,1.958
20260826,160421.SZ,1.796,1.47
20260826,160505.SZ,1.2,0.982
20260826,160512.SZ,3.179,2.601
20260826,160513.SZ,2.439,1.995
20260826,160515.SZ,1.14,0.932
20260826,160518.SZ,2.811,2.3
20260826,160526.SZ,1.447,1.184
20260826,160527.SZ,0.902,0.738
20260826,160529.SZ,1.739,1.159
20260826,160607.SZ,0.947,0.775
20260826,160610.SZ,1.39,1.138
20260826,160611.SZ,1.419,1.161
20260826,160613.SZ,1.332,1.09
20260826,160615.SZ,1.527,1.249
20260826,160616.SZ,2.521,2.063
20260826,160617.SZ,1.227,1.004
20260826,160618.SZ,1.792,1.466
20260826,160620.SZ,3.15,2.578
20260826,160621.SZ,1.531,1.253
20260826,160622.SZ,1.258,1.03
20260826,160625.SZ,0.913,0.747
20260826,160626.SZ,1.744,1.427
20260826,160628.SZ,0.526,0.43
20260826,160629.SZ,1.124,0.92
20260826,160630.SZ,1.044,0.854
20260826,160631.SZ,1.522,1.246
20260826,160632.SZ,0.29,0.238
20260826,160633.SZ,1.154,0.944
20260826,160635.SZ,0.988,0.808
20260826,160637.SZ,1.885,1.257
20260826,160638.SZ,3.306,2.705
20260826,160639.SZ,0.921,0.753
20260826,160641.SZ,115.06,94.14
20260826,160642.SZ,2.846,2.328
20260826,160643.SZ,1.247,1.021
20260826,160644.SZ,1.896,1.552
20260826,160706.SZ,1.299,1.063
20260826,160716.SZ,2.308,1.888
20260826,160717.SZ,0.793,0.649
20260826,160719.SZ,2.25,1.841
20260826,160722.SZ,2.432,1.99
20260826,160723.SZ,2.265,1.853
20260826,160726.SZ,1.319,1.079
20260826,160805.SZ,0.84,0.688
20260826,160806.SZ,2.268,1.856
20260826,160807.SZ,2.049,1.677
20260826,160812.SZ,2.647,2.165
20260826,160813.SZ,2.009,1.643
20260826,160910.SZ,1.035,0.847
20260826,160916.SZ,5.084,4.16
20260826,160918.SZ,2.853,2.335
20260826,160919.SZ,3.918,3.206
20260826,160921.SZ,1.55,1.268
20260826,160924.SZ,1.109,0.907
20260826,160925.SZ,1.439,1.177
20260826,160926.SZ,1.262,0.842
20260826,161005.SZ,3.427,2.804
20260826,161010.SZ,1.305,1.067
20260826,161014.SZ,1.614,1.32
20260826,161015.SZ,1.44,1.178
20260826,161017.SZ,2.781,2.275
20260826,161019.SZ,1.34,1.096
20260826,161024.SZ,1.18,0.966
20260826,161025.SZ,1.555,1.273
20260826,161026.SZ,1.318,1.078
20260826,161027.SZ,1.115,0.913
20260826,161028.SZ,1.119,0.915
20260826,161029.SZ,1.968,1.61
20260826,161030.SZ,1.108,0.906
20260826,161031.SZ,1.646,1.346
20260826,161032.SZ,2.604,2.13
20260826,161033.SZ,1.857,1.519
20260826,161035.SZ,1.44,1.178
20260826,161036.SZ,0.704,0.576
20260826,161037.SZ,3.113,2.547
20260826,161038.SZ,1.77,1.448
20260826,161039.SZ,2.863,2.343
20260826,161040.SZ,2.582,1.722
20260826,161115.SZ,1.932,1.58
20260826,161116.SZ,1.885,1.543
20260826,161117.SZ,1.145,0.937
20260826,161118.SZ,1.68,1.374
20260826,161119.SZ,1.982,1.622
20260826,161121.SZ,1.799,1.472
20260826,161122.SZ,0.642,0.526
20260826,161123.SZ,1.581,1.293
20260826,161124.SZ,0.993,0.813
20260826,161125.SZ,3.586,2.934
20260826,161126.SZ,2.408,1.97
20260826,161127.SZ,2.419,1.979
20260826,161128.SZ,7.546,6.174
20260826,161129.SZ,1.942,1.589
20260826,161130.SZ,5.08,4.156
20260826,161131.SZ,1.118,0.914
20260826,161132.SZ,3.299,2.699
20260826,161133.SZ,1.922,1.572
20260826,161216.SZ,1.526,1.248
20260826,161217.SZ,2.493,2.039
20260826,161219.SZ,3.519,2.879
20260826,161222.SZ,3.199,2.617
20260826,161224.SZ,1.47,1.202
20260826,161225.SZ,2.715,2.221
20260826,161226.SZ,2.25,1.841
20260826,161227.SZ,1.76,1.44
20260826,161229.SZ,1.531,1.253
20260826,161232.SZ,1.452,1.188
20260826,161233.SZ,1.978,1.618
20260826,161505.SZ,1.504,1.23
20260826,161607.SZ,1.299,1.063
20260826,161610.SZ,1.984,1.624
20260826,161614.SZ,1.239,1.013
20260826,161626.SZ,1.176,0.962
20260826,161631.SZ,2.99,2.446
20260826,161706.SZ,4.414,3.612
20260826,161713.SZ,1.174,0.96
20260826,161715.SZ,2.477,2.027
20260826,161716.SZ,1.821,1.49
20260826,161720.SZ,1.243,1.017
20260826,161722.SZ,1.672,1.368
20260826,161724.SZ,2.694,2.204
20260826,161725.SZ,0.604,0.494
20260826,161726.SZ,0.453,0.371
20260826,161727.SZ,1.904,1.558
20260826,161728.SZ,1.711,1.4
20260826,161729.SZ,2.186,1.788
20260826,161810.SZ,5.464,4.47
20260826,161811.SZ,1.154,0.944
20260826,161812.SZ,1.496,1.224
20260826,161815.SZ,1.207,0.987
20260826,161816.SZ,1.047,0.857
20260826,161820.SZ,1.276,1.044
20260826,161831.SZ,0.8,0.654
20260826,161834.SZ,2.013,1.647
20260826,161837.SZ,1.229,1.005
20260826,161903.SZ,1.84,1.506
20260826,161908.SZ,1.353,1.107
20260826,161912.SZ,4.765,3.899
20260826,161914.SZ,1.028,0.686
20260826,162006.SZ,1.937,1.585
20260826,162105.SZ,1.597,1.307
20260826,162108.SZ,1.487,1.217
20260826,162207.SZ,1.497,1.225
20260826,162215.SZ,1.205,0.986
20260826,162216.SZ,1.83,1.498
20260826,162307.SZ,1.702,1.392
20260826,162411.SZ,1.064,0.87
20260826,162412.SZ,0.66,0.54
20260826,162414.SZ,2.122,1.736
20260826,162415.SZ,3.187,2.607
20260826,162509.SZ,1.078,0.882
20260826,162605.SZ,1.731,1.417
20260826,162607.SZ,0.535,0.437
20260826,162703.SZ,2.528,2.068
20260826,162711.SZ,2.036,1.666
20260826,162712.SZ,1.579,1.292
20260826,162715.SZ,1.317,1.077
20260826,162719.SZ,3.329,2.723
20260826,162720.SZ,1.6,1.066
20260826,162721.SZ,1.393,1.139
20260826,163001.SZ,1.573,1.287
20260826,163003.SZ,0.739,0.605
20260826,163005.SZ,1.129,0.923
20260826,163109.SZ,0.84,0.688
20260826,163110.SZ,2.562,2.096
20260826,163111.SZ,1.66,1.358
20260826,163113.SZ,1.0,0.818
20260826,163114.SZ,1.348,1.103
20260826,163115.SZ,1.197,0.979
20260826,163116.SZ,2.1,1.718
20260826,163118.SZ,0.744,0.608
20260826,163208.SZ,1.531,1.253
20260826,163302.SZ,1.195,0.977
20260826,163402.SZ,0.955,0.781
20260826,163406.SZ,2.558,2.093
20260826,163407.SZ,2.951,2.415
20260826,163409.SZ,1.651,1.351
20260826,163412.SZ,4.472,3.659
20260826,163415.SZ,5.526,4.522
20260826,163417.SZ,2.288,1.872
20260826,163418.SZ,0.921,0.753
20260826,163503.SZ,0.46,0.376
20260826,163801.SZ,0.906,0.742
20260826,163819.SZ,1.329,1.087
20260826,163821.SZ,2.297,1.879
20260826,163907.SZ,0.878,0.718
20260826,164105.SZ,1.772,1.45
20260826,164206.SZ,1.818,1.488
20260826,164208.SZ,1.558,1.274
20260826,164210.SZ,1.383,1.131
20260826,164403.SZ,1.023,0.837
20260826,164508.SZ,1.437,1.175
20260826,164509.SZ,0.803,0.657
20260826,164606.SZ,1.377,1.127
20260826,164701.SZ,1.976,1.616
20260826,164703.SZ,0.963,0.788
20260826,164705.SZ,1.26,1.031
20260826,164808.SZ,1.214,0.994
20260826,164810.SZ,1.137,0.931
20260826,164814.SZ,1.188,0.972
20260826,164824.SZ,1.431,1.171
20260826,164902.SZ,1.286,1.052
20260826,164906.SZ,1.027,0.841
20260826,165309.SZ,2.104,1.722
20260826,165311.SZ,1.909,1.562
20260826,165313.SZ,4.51,3.69
20260826,165508.SZ,2.424,1.984
20260826,165509.SZ,1.352,1.106
20260826,165511.SZ,2.421,1.981
20260826,165512.SZ,1.403,1.148
20260826,165513.SZ,1.187,0.971
20260826,165515.SZ,1.432,1.172
20260826,165516.SZ,8.448,6.912
20260826,165517.SZ,1.141,0.933
20260826,165519.SZ,1.178,0.964
20260826,165520.SZ,3.123,2.555
20260826,165521.SZ,1.385,1.133
20260826,165522.SZ,1.54,1.26
20260826,165525.SZ,0.78,0.638
20260826,165528.SZ,2.761,2.259
20260826,166001.SZ,1.777,1.454
20260826,166006.SZ,2.691,2.201
20260826,166008.SZ,1.258,1.03
20260826,166009.SZ,3.838,3.14
20260826,166011.SZ,1.962,1.606
20260826,166016.SZ,1.241,1.015
20260826,166023.SZ,1.459,1.193
20260826,166024.SZ,1.146,0.938
20260826,166025.SZ,0.756,0.618
20260826,166027.SZ,1.0,0.666
20260826,166105.SZ,1.111,0.909
20260826,166107.SZ,1.551,1.269
20260826,166401.SZ,1.256,1.028
20260826,167001.SZ,2.061,1.687
20260826,167002.SZ,5.695,4.659
20260826,167003.SZ,1.273,1.041
20260826,167301.SZ,1.163,0.951
20260826,167302.SZ,1.099,0.899
20260826,167501.SZ,1.163,0.951
20260826,167506.SZ,1.823,1.491
20260826,167508.SZ,1.797,1.471
20260826,168101.SZ,1.608,1.316
20260826,168102.SZ,1.227,1.004
20260826,168103.SZ,1.516,1.24
20260826,168104.SZ,0.913,0.747
20260826,168105.SZ,2.47,2.021
20260826,168203.SZ,1.285,1.051
20260826,168204.SZ,2.397,1.961
20260826,168301.SZ,0.914,0.748
20260826,168401.SZ,6.523,5.337
20260826,168701.SZ,1.089,0.891
20260826,169101.SZ,2.206,1.805
20260826,169104.SZ,3.1,2.536
20260826,169105.SZ,2.346,1.92
20260826,169106.SZ,1.234,1.01
20260826,169201.SZ,2.068,1.692
20260826,180101.SZ,1.618,1.324
20260826,180102.SZ,1.095,0.896
20260826,180103.SZ,1.921,1.571
20260826,180105.SZ,1.383,1.131
20260826,180106.SZ,2.665,2.181
20260826,180201.SZ,7.871,6.44
20260826,180202.SZ,5.185,4.243
20260826,180203.SZ,7.893,6.458
20260826,180301.SZ,2.317,1.895
20260826,180302.SZ,2.947,2.411
20260826,180303.SZ,3.457,2.829
20260826,180305.SZ,3.728,3.05
20260826,180306.SZ,5.048,4.13
20260826,180401.SZ,6.23,5.098
20260826,180402.SZ,5.316,4.35
20260826,180501.SZ,3.567,2.919
20260826,180502.SZ,3.854,3.154
20260826,180503.SZ,3.185,2.606
20260826,180601.SZ,10.317,8.441
20260826,180602.SZ,4.073,3.333
20260826,180603.SZ,4.747,3.884
20260826,180605.SZ,4.593,3.758
20260826,180606.SZ,4.0,3.272
20260826,180607.SZ,5.922,4.846
20260826,180701.SZ,4.201,3.437
20260826,180801.SZ,12.613,10.319
20260826,180901.SZ,5.905,4.831
20260826,200011.SZ,2.81,2.3
20260826,200012.SZ,1.43,1.17
20260826,200016.SZ,0.77,0.63
20260826,200017.SZ,1.75,1.43
20260826,200019.SZ,3.54,2.9
20260826,200020.SZ,2.72,2.22
20260826,200025.SZ,4.41,3.61
20260826,200026.SZ,9.21,7.53
20260826,200028.SZ,13.17,10.77
20260826,200029.SZ,4.46,3.65
20260826,200030.SZ,3.07,2.51
20260826,200037.SZ,2.48,2.03
20260826,200045.SZ,4.42,3.62
20260826,200055.SZ,1.52,1.24
20260826,200056.SZ,0.57,0.47
20260826,200058.SZ,1.71,1.4
20260826,200429.SZ,10.31,8.43
20260826,200468.SZ,3.86,3.16
20260826,200488.SZ,0.63,0.51
20260826,200505.SZ,2.2,1.8
20260826,200512.SZ,2.37,1.94
20260826,200521.SZ,3.11,2.55
20260826,200530.SZ,1.78,1.46
20260826,200539.SZ,2.06,1.68
20260826,200541.SZ,2.08,1.7
20260826,200550.SZ,10.19,8.33
20260826,200553.SZ,3.1,2.54
20260826,200570.SZ,2.39,1.95
20260826,200581.SZ,12.87,10.53
20260826,200596.SZ,64.85,53.06
20260826,200625.SZ,3.73,3.05
20260826,200706.SZ,3.08,2.52
20260826,200725.SZ,5.58,4.56
20260826,200726.SZ,4.77,3.91
20260826,200761.SZ,1.02,0.84
20260826,200869.SZ,8.66,7.08
20260826,200992.SZ,1.89,1.55
20260826,201872.SZ,19.2,15.71
20260826,300001.SZ,43.58,29.06
20260826,300002.SZ,9.54,6.36
20260826,300003.SZ,14.35,9.57
20260826,300004.SZ,11.0,7.34
20260826,300005.SZ,12.46,8.3
20260826,300006.SZ,6.72,4.48
20260826,300007.SZ,37.48,24.98
20260826,300008.SZ,7.42,4.94
20260826,300009.SZ,10.37,6.91
20260826,300010.SZ,2.88,1.92
20260826,300011.SZ,7.27,4.85
20260826,300012.SZ,18.12,12.08
20260826,300013.SZ,4.91,3.27
20260826,300014.SZ,65.48,43.66
20260826,300015.SZ,10.21,6.81
20260826,300016.SZ,11.65,7.77
20260826,300017.SZ,18.12,12.08
20260826,300018.SZ,13.45,8.97
20260826,300019.SZ,17.12,11.42
20260826,300020.SZ,4.1,2.74
20260826,300021.SZ,4.76,3.18
20260826,300022.SZ,9.71,6.47
20260826,300024.SZ,17.34,11.56
20260826,300025.SZ,6.32,4.22
20260826,300026.SZ,4.14,2.76
20260826,300027.SZ,2.21,1.47
20260826,300030.SZ,8.39,5.59
20260826,300031.SZ,25.73,17.15
20260826,300032.SZ,4.68,3.12
20260826,300033.SZ,258.58,172.38
20260826,300034.SZ,18.94,12.62
20260826,300035.SZ,16.15,10.77
20260826,300036.SZ,13.49,8.99
20260826,300037.SZ,72.72,48.48
20260826,300039.SZ,6.72,4.48
20260826,300040.SZ,7.03,4.69
20260826,300041.SZ,12.8,8.54
20260826,300042.SZ,47.66,31.78
20260826,300043.SZ,5.35,3.57
20260826,300044.SZ,6.43,4.29
20260826,300045.SZ,15.12,10.08
20260826,300046.SZ,29.17,19.45
20260826,300047.SZ,11.1,7.4
20260826,300048.SZ,6.04,4.02
20260826,300049.SZ,52.73,35.15
20260826,300050.SZ,7.93,5.29
20260826,300051.SZ,10.09,6.73
20260826,300052.SZ,12.82,8.54
20260826,300053.SZ,14.23,9.49
20260826,300054.SZ,86.63,57.75
20260826,300055.SZ,7.16,4.78
20260826,300056.SZ,10.19,6.79
20260826,300057.SZ,7.85,5.23
20260826,300058.SZ,16.0,10.66
20260826,300059.SZ,22.72,15.14
20260826,300061.SZ,7.09,4.73
20260826,300062.SZ,7.55,5.03
20260826,300063.SZ,10.46,6.98
20260826,300065.SZ,18.3,12.2
20260826,300066.SZ,5.96,3.98
20260826,300067.SZ,6.26,4.18
20260826,300068.SZ,4.75,3.17
20260826,300069.SZ,31.98,21.32
20260826,300070.SZ,4.14,2.76
20260826,300071.SZ,4.78,3.18
20260826,300072.SZ,4.46,2.98
20260826,300073.SZ,48.5,32.34
20260826,300074.SZ,4.64,3.1
20260826,300075.SZ,13.09,8.73
20260826,300076.SZ,5.39,3.59
20260826,300077.SZ,24.26,16.18
20260826,300078.SZ,3.77,2.51
20260826,300079.SZ,5.47,3.65
20260826,300080.SZ,4.54,3.02
20260826,300081.SZ,3.7,2.46
20260826,300082.SZ,10.01,6.67
20260826,300083.SZ,16.54,11.02
20260826,300084.SZ,12.3,8.2
20260826,300085.SZ,34.64,23.1
20260826,300086.SZ,8.12,5.42
20260826,300087.SZ,6.79,4.53
20260826,300088.SZ,8.41,5.61
20260826,300091.SZ,2.99,1.99
20260826,300092.SZ,14.36,9.58
20260826,300093.SZ,30.26,20.18
20260826,300094.SZ,3.5,2.34
20260826,300095.SZ,9.79,6.53
20260826,300096.SZ,11.27,7.51
20260826,300097.SZ,12.65,8.43
20260826,300098.SZ,5.39,3.59
20260826,300099.SZ,7.25,4.83
20260826,300100.SZ,25.79,17.19
20260826,300101.SZ,17.11,11.41
20260826,300102.SZ,21.55,14.37
20260826,300103.SZ,9.24,6.16
20260826,300105.SZ,9.29,6.19
20260826,300106.SZ,12.72,8.48
20260826,300107.SZ,7.79,5.19
20260826,300109.SZ,18.96,12.64
20260826,300110.SZ,3.47,2.31
20260826,300111.SZ,3.64,2.42
20260826,300112.SZ,12.83,8.55
20260826,300113.SZ,19.22,12.82
20260826,300115.SZ,31.19,20.79
20260826,300118.SZ,11.86,7.9
20260826,300119.SZ,20.98,13.98
20260826,300120.SZ,10.93,7.29
20260826,300121.SZ,11.57,7.71
20260826,300122.SZ,15.65,10.43
20260826,300123.SZ,5.29,3.53
20260826,300124.SZ,73.67,49.11
20260826,300125.SZ,11.42,7.62
20260826,300126.SZ,7.87,5.25
20260826,300127.SZ,30.25,20.17
20260826,300128.SZ,5.83,3.89
20260826,300129.SZ,8.62,5.74
20260826,300130.SZ,22.75,15.17
20260826,300131.SZ,19.54,13.02
20260826,300132.SZ,7.64,5.1
20260826,300133.SZ,8.29,5.53
20260826,300134.SZ,10.02,6.68
20260826,300135.SZ,4.21,2.81
20260826,300136.SZ,71.81,47.87
20260826,300137.SZ,13.75,9.17
20260826,300138.SZ,13.28,8.86
20260826,300139.SZ,66.02,44.02
20260826,300140.SZ,6.54,4.36
20260826,300141.SZ,11.98,7.98
20260826,300142.SZ,17.3,11.54
20260826,300143.SZ,9.4,6.26
20260826,300144.SZ,7.09,4.73
20260826,300145.SZ,5.24,3.5
20260826,300146.SZ,11.68,7.78
20260826,300147.SZ,8.03,5.35
20260826,300148.SZ,4.1,2.74
20260826,300149.SZ,12.17,8.11
20260826,300150.SZ,5.22,3.48
20260826,300151.SZ,19.39,12.93
20260826,300152.SZ,2.04,1.36
20260826,300153.SZ,25.61,17.07
20260826,300154.SZ,14.4,9.6
20260826,300155.SZ,5.46,3.64
20260826,300157.SZ,4.81,3.21
20260826,300158.SZ,6.37,4.25
20260826,300159.SZ,3.54,2.36
20260826,300160.SZ,5.29,3.53
20260826,300161.SZ,31.55,21.03
20260826,300162.SZ,9.12,6.08
20260826,300163.SZ,7.97,5.31
20260826,300164.SZ,11.82,7.88
20260826,300165.SZ,6.42,4.28
20260826,300166.SZ,15.55,10.37
20260826,300167.SZ,4.82,3.22
20260826,300168.SZ,6.04,4.02
20260826,300169.SZ,6.67,4.45
20260826,300170.SZ,18.22,12.14
20260826,300171.SZ,17.09,11.39
20260826,300172.SZ,5.59,3.73
20260826,300173.SZ,3.94,2.62
20260826,300174.SZ,22.5,15.0
20260826,300175.SZ,7.15,4.77
20260826,300176.SZ,5.71,3.81
20260826,300177.SZ,7.58,5.06
20260826,300179.SZ,42.78,28.52
20260826,300180.SZ,5.89,3.93
20260826,300181.SZ,16.9,11.26
20260826,300182.SZ,5.87,3.91
20260826,300183.SZ,12.78,8.52
20260826,300184.SZ,14.24,9.5
20260826,300185.SZ,3.25,2.17
20260826,300187.SZ,5.62,3.74
20260826,300188.SZ,12.65,8.43
20260826,300189.SZ,7.48,4.98
20260826,300190.SZ,4.38,2.92
20260826,300191.SZ,41.54,27.7
20260826,300192.SZ,21.22,14.14
20260826,300193.SZ,9.3,6.2
20260826,300194.SZ,4.78,3.18
20260826,300195.SZ,6.78,4.52
20260826,300196.SZ,20.04,13.36
20260826,300197.SZ,2.45,1.63
20260826,300198.SZ,2.77,1.85
20260826,300199.SZ,28.18,18.78
20260826,300200.SZ,10.24,6.82
20260826,300201.SZ,17.05,11.37
20260826,300203.SZ,16.32,10.88
20260826,300204.SZ,25.58,17.06
20260826,300205.SZ,5.66,3.78
20260826,300206.SZ,14.42,9.62
20260826,300207.SZ,21.34,14.22
20260826,300209.SZ,41.65,27.77
20260826,300210.SZ,9.96,6.64
20260826,300211.SZ,9.0,6.0
20260826,300212.SZ,9.37,6.25
20260826,300213.SZ,7.68,5.12
20260826,300214.SZ,14.32,9.54
20260826,300215.SZ,7.28,4.86
20260826,300217.SZ,5.18,3.46
20260826,300218.SZ,15.3,10.2
20260826,300219.SZ,8.38,5.58
20260826,300220.SZ,13.39,8.93
20260826,300221.SZ,16.55,11.03
20260826,300222.SZ,12.32,8.22
20260826,300223.SZ,160.92,107.28
20260826,300224.SZ,13.31,8.87
20260826,300225.SZ,8.75,5.83
20260826,300226.SZ,20.24,13.5
20260826,300227.SZ,14.36,9.58
20260826,300228.SZ,8.77,5.85
20260826,300229.SZ,15.92,10.62
20260826,300230.SZ,5.18,3.46
20260826,300231.SZ,9.91,6.61
20260826,300232.SZ,6.56,4.38
20260826,300233.SZ,16.21,10.81
20260826,300234.SZ,11.63,7.75
20260826,300235.SZ,13.26,8.84
20260826,300236.SZ,104.04,69.36
20260826,300237.SZ,2.38,1.58
20260826,300238.SZ,14.22,9.48
20260826,300239.SZ,6.23,4.15
20260826,300240.SZ,7.44,4.96
20260826,300241.SZ,6.89,4.59
20260826,300242.SZ,4.84,3.22
20260826,300243.SZ,19.2,12.8
20260826,300244.SZ,23.35,15.57
20260826,300245.SZ,6.78,4.52
20260826,300246.SZ,18.53,12.35
20260826,300247.SZ,4.52,3.02
20260826,300248.SZ,10.44,6.96
20260826,300249.SZ,15.66,10.44
20260826,300250.SZ,18.41,12.27
20260826,300251.SZ,13.03,8.69
20260826,300252.SZ,13.98,9.32
20260826,300253.SZ,8.5,5.66
20260826,300254.SZ,11.1,7.4
20260826,300255.SZ,28.91,19.27
20260826,300256.SZ,3.5,2.34
20260826,300257.SZ,21.53,14.35
20260826,300258.SZ,11.48,7.66
20260826,300259.SZ,5.22,3.48
20260826,300260.SZ,69.05,46.03
20260826,300261.SZ,5.98,3.98
20260826,300263.SZ,11.94,7.96
20260826,300264.SZ,7.8,5.2
20260826,300265.SZ,16.54,11.02
20260826,300266.SZ,2.26,1.5
20260826,300267.SZ,3.95,2.63
20260826,300268.SZ,15.35,10.23
20260826,300269.SZ,5.84,3.9
20260826,300270.SZ,13.64,9.1
20260826,300271.SZ,6.59,4.39
20260826,300272.SZ,7.09,4.73
20260826,300274.SZ,131.51,87.67
20260826,300275.SZ,10.87,7.25
20260826,300276.SZ,7.48,4.98
20260826,300277.SZ,14.32,9.54
20260826,300278.SZ,4.58,3.06
20260826,300279.SZ,6.88,4.58
20260826,300281.SZ,7.72,5.14
20260826,300283.SZ,15.74,10.5
20260826,300284.SZ,6.32,4.22
20260826,300285.SZ,75.89,50.59
20260826,300286.SZ,23.69,15.79
20260826,300287.SZ,4.26,2.84
20260826,300288.SZ,12.05,8.03
20260826,300289.SZ,7.07,4.71
20260826,300290.SZ,7.3,4.86
20260826,300291.SZ,5.96,3.98
20260826,300292.SZ,5.11,3.41
20260826,300293.SZ,18.96,12.64
20260826,300294.SZ,17.87,11.91
20260826,300295.SZ,14.94,9.96
20260826,300296.SZ,6.14,4.1
20260826,300298.SZ,19.58,13.06
20260826,300299.SZ,6.48,4.32
20260826,300300.SZ,8.94,5.96
20260826,300301.SZ,3.89,2.59
20260826,300302.SZ,35.15,23.43
20260826,300303.SZ,8.36,5.58
20260826,300304.SZ,13.4,8.94
20260826,300305.SZ,7.37,4.91
20260826,300306.SZ,12.58,8.38
20260826,300307.SZ,8.94,5.96
20260826,300308.SZ,1015.2,676.8
20260826,300310.SZ,5.35,3.57
20260826,300311.SZ,6.35,4.23
20260826,300313.SZ,19.96,13.3
20260826,300314.SZ,14.75,9.83
20260826,300315.SZ,4.68,3.12
20260826,300316.SZ,52.02,34.68
20260826,300317.SZ,5.08,3.38
20260826,300318.SZ,6.06,4.04
20260826,300319.SZ,21.34,14.22
20260826,300320.SZ,10.18,6.78
20260826,300321.SZ,40.38,26.92
20260826,300322.SZ,21.19,14.13
20260826,300323.SZ,13.63,9.09
20260826,300324.SZ,4.08,2.72
20260826,300326.SZ,7.36,4.9
20260826,300327.SZ,27.29,18.19
20260826,300328.SZ,19.25,12.83
20260826,300329.SZ,14.52,9.68
20260826,300331.SZ,57.37,38.25
20260826,300332.SZ,6.07,4.05
20260826,300333.SZ,12.68,8.46
20260826,300334.SZ,10.14,6.76
20260826,300335.SZ,6.48,4.32
20260826,300337.SZ,11.78,7.86
20260826,300338.SZ,3.65,2.43
20260826,300339.SZ,42.73,28.49
20260826,300340.SZ,10.74,7.16
20260826,300341.SZ,16.32,10.88
20260826,300342.SZ,38.28,25.52
20260826,300343.SZ,6.83,4.55
20260826,300345.SZ,11.58,7.72
20260826,300346.SZ,65.94,43.96
20260826,300347.SZ,62.72,41.82
20260826,300348.SZ,11.75,7.83
20260826,300349.SZ,12.32,8.22
20260826,300350.SZ,5.32,3.54
20260826,300351.SZ,17.06,11.38
20260826,300352.SZ,2.8,1.86
20260826,300353.SZ,22.63,15.09
20260826,300354.SZ,32.39,21.59
20260826,300355.SZ,3.55,2.37
20260826,300357.SZ,28.45,18.97
20260826,300358.SZ,11.16,7.44
20260826,300359.SZ,5.0,3.34
20260826,300360.SZ,14.08,9.38
20260826,300363.SZ,25.06,16.7
20260826,300364.SZ,27.5,18.34
20260826,300365.SZ,5.71,3.81
20260826,300366.SZ,6.17,4.11
20260826,300368.SZ,9.34,6.22
20260826,300369.SZ,8.14,5.42
20260826,300370.SZ,2.69,1.79
20260826,300371.SZ,12.78,8.52
20260826,300373.SZ,111.9,74.6
20260826,300374.SZ,13.15,8.77
20260826,300375.SZ,4.88,3.26
20260826,300376.SZ,5.44,3.62
20260826,300377.SZ,16.98,11.32
20260826,300378.SZ,38.0,25.34
20260826,300380.SZ,34.56,23.04
20260826,300381.SZ,7.66,5.1
20260826,300382.SZ,21.2,14.14
20260826,300383.SZ,14.58,9.72
20260826,300384.SZ,14.66,9.78
20260826,300385.SZ,14.89,9.93
20260826,300386.SZ,15.11,10.07
20260826,300387.SZ,8.94,5.96
20260826,300388.SZ,8.4,5.6
20260826,300389.SZ,15.1,10.06
20260826,300390.SZ,74.53,49.69
20260826,300393.SZ,7.54,5.02
20260826,300394.SZ,308.52,205.68
20260826,300395.SZ,99.94,66.62
20260826,300396.SZ,8.82,5.88
20260826,300397.SZ,13.58,9.06
20260826,300398.SZ,41.84,27.9
20260826,300399.SZ,22.14,14.76
20260826,300400.SZ,34.24,22.82
20260826,300401.SZ,17.62,11.74
20260826,300402.SZ,17.96,11.98
20260826,300403.SZ,11.35,7.57
20260826,300404.SZ,16.9,11.26
20260826,300405.SZ,6.96,4.64
20260826,300406.SZ,13.98,9.32
20260826,300407.SZ,14.4,9.6
20260826,300408.SZ,130.92,87.28
20260826,300409.SZ,21.95,14.63
20260826,300410.SZ,9.48,6.32
20260826,300411.SZ,9.41,6.27
20260826,300412.SZ,5.62,3.74
20260826,300413.SZ,16.88,11.26
20260826,300414.SZ,13.04,8.7
20260826,300415.SZ,23.62,15.74
20260826,300416.SZ,17.4,11.6
20260826,300417.SZ,13.61,9.07
20260826,300418.SZ,48.38,32.26
20260826,300419.SZ,10.2,6.8
20260826,300420.SZ,10.27,6.85
20260826,300421.SZ,20.14,13.42
20260826,300422.SZ,4.99,3.33
20260826,300423.SZ,7.1,4.74
20260826,300424.SZ,17.16,11.44
20260826,300425.SZ,4.9,3.26
20260826,300426.SZ,7.63,5.09
20260826,300427.SZ,8.04,5.36
20260826,300428.SZ,22.19,14.79
20260826,300429.SZ,13.15,8.77
20260826,300430.SZ,5.12,3.42
20260826,300432.SZ,18.84,12.56
20260826,300433.SZ,45.48,30.32
20260826,300434.SZ,14.48,9.66
20260826,300435.SZ,19.93,13.29
20260826,300436.SZ,110.7,73.8
20260826,300437.SZ,13.5,9.0
20260826,300438.SZ,72.72,48.48
20260826,300439.SZ,11.35,7.57
20260826,300440.SZ,23.2,15.46
20260826,300441.SZ,8.12,5.42
20260826,300442.SZ,75.12,50.08
20260826,300443.SZ,22.38,14.92
20260826,300444.SZ,11.75,7.83
20260826,300445.SZ,23.35,15.57
20260826,300446.SZ,15.77,10.51
20260826,300447.SZ,16.27,10.85
20260826,300448.SZ,6.78,4.52
20260826,300449.SZ,8.51,5.67
20260826,300450.SZ,40.08,26.72
20260826,300451.SZ,4.2,2.8
20260826,300452.SZ,15.61,10.41
20260826,300453.SZ,11.64,7.76
20260826,300454.SZ,140.32,93.54
20260826,300455.SZ,20.76,13.84
20260826,300456.SZ,37.25,24.83
20260826,300457.SZ,24.98,16.66
20260826,300458.SZ,36.84,24.56
20260826,300459.SZ,4.24,2.82
20260826,300460.SZ,10.15,6.77
20260826,300461.SZ,37.86,25.24
20260826,300462.SZ,13.75,9.17
20260826,300463.SZ,11.23,7.49
20260826,300464.SZ,9.04,6.02
20260826,300465.SZ,14.58,9.72
20260826,300466.SZ,8.9,5.94
20260826,300467.SZ,39.92,26.62
20260826,300468.SZ,28.82,19.22
20260826,300469.SZ,66.58,44.38
20260826,300470.SZ,33.19,22.13
20260826,300471.SZ,12.05,8.03
20260826,300472.SZ,7.93,5.29
20260826,300473.SZ,29.51,19.67
20260826,300474.SZ,60.32,40.22
20260826,300475.SZ,184.44,122.96
20260826,300476.SZ,293.99,195.99
20260826,300477.SZ,3.01,2.01
20260826,300478.SZ,35.15,23.43
20260826,300479.SZ,17.98,11.98
20260826,300480.SZ,38.38,25.58
20260826,300481.SZ,16.94,11.3
20260826,300482.SZ,19.58,13.06
20260826,300483.SZ,28.82,19.22
20260826,300484.SZ,15.48,10.32
20260826,300485.SZ,11.17,7.45
20260826,300486.SZ,27.61,18.41
20260826,300487.SZ,75.16,50.1
20260826,300488.SZ,38.44,25.62
20260826,300489.SZ,260.8,173.86
20260826,300490.SZ,13.87,9.25
20260826,300491.SZ,37.78,25.18
20260826,300492.SZ,28.12,18.74
20260826,300493.SZ,14.54,9.7
20260826,300494.SZ,9.91,6.61
20260826,300496.SZ,67.58,45.06
20260826,300497.SZ,20.09,13.39
20260826,300498.SZ,16.97,11.31
20260826,300499.SZ,36.96,24.64
20260826,300500.SZ,11.46,7.64
20260826,300501.SZ,11.95,7.97
20260826,300502.SZ,481.04,320.7
20260826,300503.SZ,81.77,54.51
20260826,300504.SZ,18.6,12.4
20260826,300505.SZ,22.96,15.3
20260826,300506.SZ,6.29,4.19
20260826,300507.SZ,7.76,5.18
20260826,300508.SZ,49.87,33.25
20260826,300509.SZ,10.85,7.23
20260826,300510.SZ,4.21,2.81
20260826,300511.SZ,6.4,4.26
20260826,300512.SZ,8.84,5.9
20260826,300513.SZ,8.92,5.94
20260826,300514.SZ,12.22,8.14
20260826,300515.SZ,19.18,12.78
20260826,300516.SZ,37.1,24.74
20260826,300517.SZ,12.26,8.18
20260826,300518.SZ,28.31,18.87
20260826,300519.SZ,18.31,12.21
20260826,300520.SZ,27.65,18.43
20260826,300521.SZ,28.03,18.69
20260826,300522.SZ,16.51,11.01
20260826,300523.SZ,24.16,16.1
20260826,300525.SZ,9.79,6.53
20260826,300527.SZ,9.64,6.42
20260826,300528.SZ,15.44,10.3
20260826,300529.SZ,19.04,12.7
20260826,300530.SZ,22.82,15.22
20260826,300531.SZ,19.79,13.19
20260826,300532.SZ,8.28,5.52
20260826,300533.SZ,17.16,11.44
20260826,300534.SZ,20.12,13.42
20260826,300535.SZ,20.54,13.7
20260826,300536.SZ,10.81,7.21
20260826,300537.SZ,23.39,15.59
20260826,300538.SZ,18.23,12.15
20260826,300539.SZ,21.91,14.61
20260826,300540.SZ,33.79,22.53
20260826,300541.SZ,12.01,8.01
20260826,300542.SZ,16.74,11.16
20260826,300543.SZ,9.48,6.32
20260826,300545.SZ,40.32,26.88
20260826,300546.SZ,22.25,14.83
20260826,300547.SZ,31.45,20.97
20260826,300548.SZ,235.48,156.98
20260826,300549.SZ,17.59,11.73
20260826,300550.SZ,14.03,9.35
20260826,300551.SZ,12.89,8.59
20260826,300552.SZ,24.74,16.5
20260826,300553.SZ,52.68,35.12
20260826,300554.SZ,24.95,16.63
20260826,300555.SZ,15.13,10.09
20260826,300556.SZ,19.58,13.06
20260826,300557.SZ,31.04,20.7
20260826,300558.SZ,59.02,39.34
20260826,300559.SZ,12.76,8.5
20260826,300560.SZ,21.4,14.26
20260826,300561.SZ,18.3,12.2
20260826,300562.SZ,19.12,12.74
20260826,300563.SZ,29.83,19.89
20260826,300564.SZ,15.24,10.16
20260826,300565.SZ,11.88,7.92
20260826,300566.SZ,34.25,22.83
20260826,300567.SZ,247.54,165.02
20260826,300568.SZ,17.28,11.52
20260826,300569.SZ,5.6,3.74
20260826,300570.SZ,243.24,162.16
20260826,300571.SZ,35.96,23.98
20260826,300572.SZ,24.35,16.23
20260826,300573.SZ,47.5,31.66
20260826,300575.SZ,7.24,4.82
20260826,300576.SZ,35.54,23.7
20260826,300577.SZ,21.04,14.02
20260826,300578.SZ,18.6,12.4
20260826,300579.SZ,27.67,18.45
20260826,300580.SZ,24.01,16.01
20260826,300581.SZ,11.9,7.94
20260826,300582.SZ,13.51,9.01
20260826,300583.SZ,15.68,10.46
20260826,300584.SZ,38.82,25.88
20260826,300585.SZ,18.82,12.54
20260826,300586.SZ,10.84,7.22
20260826,300587.SZ,6.04,4.02
20260826,300588.SZ,25.28,16.86
20260826,300589.SZ,15.98,10.66
20260826,300590.SZ,13.14,8.76
20260826,300591.SZ,8.71,5.81
20260826,300592.SZ,17.77,11.85
20260826,300593.SZ,36.5,24.34
20260826,300594.SZ,17.48,11.66
20260826,300595.SZ,13.15,8.77
20260826,300596.SZ,51.22,34.14
20260826,300597.SZ,9.5,6.34
20260826,300598.SZ,38.82,25.88
20260826,300599.SZ,13.98,9.32
20260826,300600.SZ,12.23,8.15
20260826,300601.SZ,15.54,10.36
20260826,300602.SZ,54.96,36.64
20260826,300603.SZ,9.17,6.11
20260826,300604.SZ,316.34,210.9
20260826,300605.SZ,12.52,8.34
20260826,300606.SZ,42.76,28.5
20260826,300607.SZ,44.08,29.38
20260826,300608.SZ,11.83,7.89
20260826,300609.SZ,30.76,20.5
20260826,300610.SZ,12.58,8.38
20260826,300611.SZ,29.64,19.76
20260826,300612.SZ,14.29,9.53
20260826,300613.SZ,80.23,53.49
20260826,300614.SZ,13.03,8.69
20260826,300615.SZ,19.24,12.82
20260826,300616.SZ,13.0,8.66
20260826,300617.SZ,47.74,31.82
20260826,300618.SZ,41.62,27.74
20260826,300619.SZ,30.94,20.62
20260826,300620.SZ,348.82,232.54
20260826,300621.SZ,9.01,6.01
20260826,300622.SZ,17.68,11.78
20260826,300623.SZ,35.52,23.68
20260826,300624.SZ,56.88,37.92
20260826,300625.SZ,11.71,7.81
20260826,300626.SZ,37.8,25.2
20260826,300627.SZ,32.7,21.8
20260826,300628.SZ,49.1,32.74
20260826,300629.SZ,20.47,13.65
20260826,300631.SZ,26.27,17.51
20260826,300632.SZ,22.21,14.81
20260826,300633.SZ,22.88,15.26
20260826,300634.SZ,22.93,15.29
20260826,300635.SZ,14.9,9.94
20260826,300636.SZ,8.35,5.57
20260826,300637.SZ,10.97,7.31
20260826,300638.SZ,22.43,14.95
20260826,300639.SZ,7.38,4.92
20260826,300640.SZ,8.23,5.49
20260826,300641.SZ,16.72,11.14
20260826,300642.SZ,19.44,12.96
20260826,300643.SZ,21.4,14.26
20260826,300644.SZ,24.41,16.27
20260826,300645.SZ,16.04,10.7
20260826,300647.SZ,6.98,4.66
20260826,300648.SZ,49.07,32.71
20260826,300649.SZ,30.72,20.48
20260826,300650.SZ,13.84,9.22
20260826,300651.SZ,20.39,13.59
20260826,300652.SZ,34.66,23.1
20260826,300653.SZ,18.25,12.17
20260826,300654.SZ,11.86,7.9
20260826,300655.SZ,15.06,10.04
20260826,300656.SZ,31.03,20.69
20260826,300657.SZ,40.4,26.94
20260826,300658.SZ,12.78,8.52
20260826,300659.SZ,12.34,8.22
20260826,300660.SZ,28.96,19.3
20260826,300661.SZ,137.83,91.89
20260826,300662.SZ,23.86,15.9
20260826,300663.SZ,10.46,6.98
20260826,300664.SZ,5.51,3.67
20260826,300665.SZ,11.16,7.44
20260826,300666.SZ,282.6,188.4
20260826,300667.SZ,17.44,11.62
20260826,300668.SZ,39.6,26.4
20260826,300669.SZ,28.49,18.99
20260826,300670.SZ,7.98,5.32
20260826,300671.SZ,66.0,44.0
20260826,300672.SZ,188.94,125.96
20260826,300673.SZ,15.12,10.08
20260826,300674.SZ,18.68,12.46
20260826,300675.SZ,15.56,10.38
20260826,300676.SZ,48.82,32.54
20260826,300677.SZ,62.52,41.68
20260826,300678.SZ,26.32,17.54
20260826,300679.SZ,61.56,41.04
20260826,300680.SZ,24.74,16.5
20260826,300681.SZ,25.92,17.28
20260826,300682.SZ,11.27,7.51
20260826,300683.SZ,32.08,21.38
20260826,300684.SZ,103.21,68.81
20260826,300685.SZ,21.59,14.39
20260826,300686.SZ,17.28,11.52
20260826,300687.SZ,31.1,20.74
20260826,300688.SZ,37.43,24.95
20260826,300689.SZ,64.52,43.02
20260826,300690.SZ,28.03,18.69
20260826,300691.SZ,17.84,11.9
20260826,300692.SZ,11.32,7.54
20260826,300693.SZ,50.4,33.6
20260826,300694.SZ,12.82,8.54
20260826,300695.SZ,58.8,39.2
20260826,300696.SZ,24.32,16.22
20260826,300697.SZ,18.06,12.04
20260826,300698.SZ,31.69,21.13
20260826,300699.SZ,27.96,18.64
20260826,300700.SZ,22.21,14.81
20260826,300701.SZ,11.86,7.9
20260826,300702.SZ,25.88,17.26
20260826,300703.SZ,16.45,10.97
20260826,300705.SZ,13.73,9.15
20260826,300706.SZ,62.28,41.52
20260826,300707.SZ,14.87,9.91
20260826,300708.SZ,9.37,6.25
20260826,300709.SZ,48.5,32.34
20260826,300710.SZ,36.58,24.38
20260826,300711.SZ,22.44,14.96
20260826,300712.SZ,23.51,15.67
20260826,300713.SZ,16.16,10.78
20260826,300715.SZ,17.04,11.36
20260826,300716.SZ,22.8,15.2
20260826,300717.SZ,22.12,14.74
20260826,300718.SZ,67.08,44.72
20260826,300719.SZ,14.33,9.55
20260826,300720.SZ,86.24,57.5
20260826,300721.SZ,26.76,17.84
20260826,300722.SZ,25.54,17.02
20260826,300723.SZ,42.01,28.01
20260826,300724.SZ,67.92,45.28
20260826,300725.SZ,58.94,39.3
20260826,300726.SZ,61.78,41.18
20260826,300727.SZ,32.68,21.78
20260826,300729.SZ,12.38,8.26
20260826,300730.SZ,13.69,9.13
20260826,300731.SZ,50.62,33.74
20260826,300732.SZ,7.32,4.88
20260826,300733.SZ,16.42,10.94
20260826,300735.SZ,23.65,15.77
20260826,300736.SZ,35.52,23.68
20260826,300737.SZ,5.83,3.89
20260826,300738.SZ,25.08,16.72
20260826,300739.SZ,26.74,17.82
20260826,300740.SZ,26.24,17.5
20260826,300741.SZ,16.22,10.82
20260826,300743.SZ,17.57,11.71
20260826,300745.SZ,34.27,22.85
20260826,300746.SZ,15.78,10.52
20260826,300747.SZ,42.84,28.56
20260826,300748.SZ,32.48,21.66
20260826,300749.SZ,30.68,20.46
20260826,300750.SZ,452.08,301.38
20260826,300751.SZ,253.8,169.2
20260826,300752.SZ,13.4,8.94
20260826,300753.SZ,27.19,18.13
20260826,300755.SZ,13.56,9.04
20260826,300756.SZ,34.49,22.99
20260826,300757.SZ,590.54,393.7
20260826,300758.SZ,13.72,9.14
20260826,300759.SZ,55.7,37.14
20260826,300760.SZ,194.54,129.7
20260826,300761.SZ,22.62,15.08
20260826,300762.SZ,33.24,22.16
20260826,300763.SZ,73.92,49.28
20260826,300765.SZ,53.15,35.43
20260826,300766.SZ,25.2,16.8
20260826,300767.SZ,21.6,14.4
20260826,300768.SZ,17.39,11.59
20260826,300769.SZ,54.86,36.58
20260826,300770.SZ,40.33,26.89
20260826,300771.SZ,13.76,9.18
20260826,300772.SZ,13.21,8.81
20260826,300773.SZ,19.2,12.8
20260826,300774.SZ,13.3,8.86
20260826,300775.SZ,25.07,16.71
20260826,300776.SZ,133.5,89.0
20260826,300777.SZ,26.94,17.96
20260826,300778.SZ,12.48,8.32
20260826,300779.SZ,79.67,53.11
20260826,300780.SZ,23.87,15.91
20260826,300781.SZ,32.12,21.42
20260826,300782.SZ,91.02,60.68
20260826,300783.SZ,20.58,13.72
20260826,300784.SZ,50.03,33.35
20260826,300785.SZ,41.16,27.44
20260826,300786.SZ,18.76,12.5
20260826,300787.SZ,12.5,8.34
20260826,300788.SZ,28.62,19.08
20260826,300789.SZ,21.89,14.59
20260826,300790.SZ,22.97,15.31
20260826,300791.SZ,20.96,13.98
20260826,300792.SZ,27.9,18.6
20260826,300793.SZ,13.37,8.91
20260826,300795.SZ,15.23,10.15
20260826,300796.SZ,8.17,5.45
20260826,300797.SZ,16.54,11.02
20260826,300798.SZ,8.77,5.85
20260826,300800.SZ,12.23,8.15
20260826,300801.SZ,26.94,17.96
20260826,300802.SZ,28.16,18.78
20260826,300803.SZ,95.83,63.89
20260826,300804.SZ,52.12,34.74
20260826,300805.SZ,9.61,6.41
20260826,300806.SZ,61.2,40.8
20260826,300807.SZ,45.18,30.12
20260826,300808.SZ,24.04,16.02
20260826,300809.SZ,28.63,19.09
20260826,300810.SZ,29.03,19.35
20260826,300811.SZ,90.26,60.18
20260826,300812.SZ,23.08,15.38
20260826,300813.SZ,24.9,16.6
20260826,300814.SZ,165.19,110.13
20260826,300815.SZ,19.27,12.85
20260826,300816.SZ,62.8,41.86
20260826,300817.SZ,18.52,12.34
20260826,300818.SZ,22.25,14.83
20260826,300819.SZ,55.09,36.73
20260826,300820.SZ,62.34,41.56
20260826,300821.SZ,18.89,12.59
20260826,300822.SZ,13.19,8.79
20260826,300823.SZ,18.49,12.33
20260826,300824.SZ,9.36,6.24
20260826,300825.SZ,12.6,8.4
20260826,300826.SZ,17.93,11.95
20260826,300827.SZ,30.62,20.42
20260826,300828.SZ,20.76,13.84
20260826,300829.SZ,17.87,11.91
20260826,300830.SZ,9.79,6.53
20260826,300831.SZ,18.32,12.22
20260826,300832.SZ,61.69,41.13
20260826,300833.SZ,44.64,29.76
20260826,300834.SZ,46.02,30.68
20260826,300835.SZ,182.71,121.81
20260826,300836.SZ,59.56,39.7
20260826,300837.SZ,28.24,18.82
20260826,300838.SZ,16.84,11.22
20260826,300839.SZ,15.56,10.38
20260826,300840.SZ,21.85,14.57
20260826,300841.SZ,64.48,42.98
20260826,300842.SZ,76.1,50.74
20260826,300843.SZ,162.32,108.22
20260826,300844.SZ,28.7,19.14
20260826,300845.SZ,15.26,10.18
20260826,300846.SZ,22.45,14.97
20260826,300847.SZ,16.73,11.15
20260826,300848.SZ,15.18,10.12
20260826,300849.SZ,24.66,16.44
20260826,300850.SZ,30.08,20.06
20260826,300851.SZ,29.46,19.64
20260826,300852.SZ,54.0,36.0
20260826,300853.SZ,32.38,21.58
20260826,300854.SZ,21.25,14.17
20260826,300855.SZ,41.21,27.47
20260826,300856.SZ,13.46,8.98
20260826,300857.SZ,285.62,190.42
20260826,300858.SZ,17.82,11.88
20260826,300859.SZ,32.29,21.53
20260826,300860.SZ,32.94,21.96
20260826,300861.SZ,19.91,13.27
20260826,300862.SZ,64.08,42.72
20260826,300863.SZ,50.76,33.84
20260826,300864.SZ,30.64,20.42
20260826,300865.SZ,37.28,24.86
20260826,300866.SZ,146.52,97.68
20260826,300867.SZ,21.31,14.21
20260826,300868.SZ,111.96,74.64
20260826,300869.SZ,13.84,9.22
20260826,300870.SZ,252.01,168.01
20260826,300871.SZ,27.49,18.33
20260826,300872.SZ,19.0,12.66
20260826,300873.SZ,17.78,11.86
20260826,300875.SZ,38.77,25.85
20260826,300876.SZ,18.65,12.43
20260826,300877.SZ,34.5,23.0
20260826,300878.SZ,40.28,26.86
20260826,300879.SZ,19.98,13.32
20260826,300880.SZ,23.83,15.89
20260826,300881.SZ,37.39,24.93
20260826,300882.SZ,16.9,11.26
20260826,300883.SZ,8.08,5.38
20260826,300884.SZ,15.28,10.18
20260826,300885.SZ,23.84,15.9
20260826,300886.SZ,29.63,19.75
20260826,300887.SZ,8.66,5.78
20260826,300888.SZ,35.82,23.88
20260826,300889.SZ,26.36,17.58
20260826,300890.SZ,32.38,21.58
20260826,300891.SZ,9.19,6.13
20260826,300892.SZ,28.34,18.9
20260826,300893.SZ,17.0,11.34
20260826,300894.SZ,13.2,8.8
20260826,300895.SZ,63.5,42.34
20260826,300896.SZ,112.02,74.68
20260826,300897.SZ,20.12,13.42
20260826,300898.SZ,25.25,16.83
20260826,300899.SZ,35.05,23.37
20260826,300900.SZ,26.64,17.76
20260826,300901.SZ,19.98,13.32
20260826,300902.SZ,20.71,13.81
20260826,300903.SZ,94.74,63.16
20260826,300904.SZ,48.26,32.18
20260826,300905.SZ,42.66,28.44
20260826,300906.SZ,38.76,25.84
20260826,300907.SZ,59.68,39.78
20260826,300908.SZ,29.98,19.98
20260826,300909.SZ,65.88,43.92
20260826,300910.SZ,30.47,20.31
20260826,300911.SZ,26.8,17.86
20260826,300912.SZ,23.89,15.93
20260826,300913.SZ,42.96,28.64
20260826,300915.SZ,24.92,16.62
20260826,300916.SZ,33.8,22.54
20260826,300917.SZ,32.59,21.73
20260826,300918.SZ,12.47,8.31
20260826,300919.SZ,48.16,32.1
20260826,300920.SZ,38.76,25.84
20260826,300921.SZ,18.66,12.44
20260826,300922.SZ,24.64,16.42
20260826,300923.SZ,29.88,19.92
20260826,300925.SZ,17.71,11.81
20260826,300926.SZ,20.69,13.79
20260826,300927.SZ,34.2,22.8
20260826,300928.SZ,30.88,20.58
20260826,300929.SZ,20.94,13.96
20260826,300930.SZ,30.84,20.56
20260826,300931.SZ,18.01,12.01
20260826,300932.SZ,12.78,8.52
20260826,300933.SZ,8.05,5.37
20260826,300935.SZ,38.17,25.45
20260826,300936.SZ,93.37,62.25
20260826,300937.SZ,30.7,20.46
20260826,300938.SZ,32.66,21.78
20260826,300939.SZ,73.21,48.81
20260826,300940.SZ,16.64,11.1
20260826,300941.SZ,18.7,12.46
20260826,300942.SZ,8.21,5.47
20260826,300943.SZ,38.72,25.82
20260826,300945.SZ,15.52,10.34
20260826,300946.SZ,46.55,31.03
20260826,300947.SZ,17.42,11.62
20260826,300948.SZ,25.33,16.89
20260826,300949.SZ,27.4,18.26
20260826,300950.SZ,20.59,13.73
20260826,300951.SZ,83.87,55.91
20260826,300952.SZ,19.79,13.19
20260826,300953.SZ,114.08,76.06
20260826,300955.SZ,35.75,23.83
20260826,300956.SZ,13.62,9.08
20260826,300957.SZ,39.84,26.56
20260826,300958.SZ,15.11,10.07
20260826,300959.SZ,109.16,72.78
20260826,300960.SZ,20.83,13.89
20260826,300961.SZ,14.56,9.7
20260826,300962.SZ,16.56,11.04
20260826,300963.SZ,13.72,9.14
20260826,300964.SZ,68.11,45.41
20260826,300965.SZ,52.69,35.13
20260826,300966.SZ,29.77,19.85
20260826,300967.SZ,20.47,13.65
20260826,300968.SZ,12.42,8.28
20260826,300969.SZ,89.02,59.34
20260826,300970.SZ,22.78,15.18
20260826,300971.SZ,21.86,14.58
20260826,300972.SZ,226.81,151.21
20260826,300973.SZ,29.98,19.98
20260826,300975.SZ,30.02,20.02
20260826,300976.SZ,68.71,45.81
20260826,300977.SZ,19.8,13.2
20260826,300978.SZ,10.5,7.0
20260826,300979.SZ,40.78,27.18
20260826,300980.SZ,27.3,18.2
20260826,300981.SZ,17.72,11.82
20260826,300982.SZ,17.87,11.91
20260826,300983.SZ,46.48,30.98
20260826,300984.SZ,37.3,24.86
20260826,300985.SZ,46.32,30.88
20260826,300986.SZ,13.94,9.3
20260826,300987.SZ,16.38,10.92
20260826,300988.SZ,17.71,11.81
20260826,300989.SZ,17.03,11.35
20260826,300990.SZ,99.79,66.53
20260826,300991.SZ,33.29,22.19
20260826,300992.SZ,29.57,19.71
20260826,300993.SZ,11.94,7.96
20260826,300994.SZ,13.92,9.28
20260826,300995.SZ,32.64,21.76
20260826,300996.SZ,16.86,11.24
20260826,300997.SZ,20.11,13.41
20260826,300998.SZ,31.56,21.04
20260826,300999.SZ,30.48,20.32
20260826,301000.SZ,29.4,19.6
20260826,301001.SZ,28.97,19.31
20260826,301002.SZ,33.46,22.3
20260826,301003.SZ,69.24,46.16
20260826,301004.SZ,42.29,28.19
20260826,301005.SZ,84.47,56.31
20260826,301006.SZ,16.74,11.16
20260826,301007.SZ,34.86,23.24
20260826,301008.SZ,45.74,30.5
20260826,301009.SZ,11.0,7.34
20260826,301010.SZ,21.58,14.38
20260826,301011.SZ,18.35,12.23
20260826,301012.SZ,28.8,19.2
20260826,301013.SZ,47.32,31.54
20260826,301015.SZ,29.63,19.75
20260826,301016.SZ,14.75,9.83
20260826,301017.SZ,15.98,10.66
20260826,301018.SZ,125.04,83.36
20260826,301019.SZ,18.48,12.32
20260826,301020.SZ,25.07,16.71
20260826,301021.SZ,90.0,60.0
20260826,301022.SZ,27.96,18.64
20260826,301023.SZ,34.46,22.98
20260826,301024.SZ,38.96,25.98
20260826,301025.SZ,11.33,7.55
20260826,301026.SZ,24.91,16.61
20260826,301027.SZ,25.52,17.02
20260826,301028.SZ,15.9,10.6
20260826,301029.SZ,31.03,20.69
20260826,301030.SZ,9.95,6.63
20260826,301031.SZ,107.69,71.79
20260826,301032.SZ,12.36,8.24
20260826,301033.SZ,65.78,43.86
20260826,301035.SZ,65.71,43.81
20260826,301036.SZ,26.93,17.95
20260826,301037.SZ,16.2,10.8
20260826,301038.SZ,19.62,13.08
20260826,301039.SZ,9.96,6.64
20260826,301040.SZ,32.4,21.6
20260826,301041.SZ,32.02,21.34
20260826,301042.SZ,39.73,26.49
20260826,301043.SZ,54.28,36.18
20260826,301045.SZ,76.07,50.71
20260826,301046.SZ,27.73,18.49
20260826,301047.SZ,134.76,89.84
20260826,301048.SZ,10.98,7.32
20260826,301049.SZ,24.35,16.23
20260826,301050.SZ,34.13,22.75
20260826,301051.SZ,21.43,14.29
20260826,301052.SZ,27.62,18.42
20260826,301053.SZ,48.08,32.06
20260826,301055.SZ,35.59,23.73
20260826,301056.SZ,14.05,9.37
20260826,301057.SZ,26.9,17.94
20260826,301058.SZ,10.3,6.86
20260826,301059.SZ,14.66,9.78
20260826,301060.SZ,13.76,9.18
20260826,301061.SZ,41.57,27.71
20260826,301062.SZ,8.71,5.81
20260826,301063.SZ,21.96,14.64
20260826,301065.SZ,24.12,16.08
20260826,301066.SZ,14.65,9.77
20260826,301067.SZ,34.4,22.94
20260826,301068.SZ,34.08,22.72
20260826,301069.SZ,19.43,12.95
20260826,301070.SZ,76.46,50.98
20260826,301071.SZ,69.82,46.54
20260826,301072.SZ,52.43,34.95
20260826,301073.SZ,22.64,15.1
20260826,301075.SZ,66.17,44.11
20260826,301076.SZ,24.42,16.28
20260826,301077.SZ,25.0,16.66
20260826,301078.SZ,8.51,5.67
20260826,301079.SZ,33.68,22.46
20260826,301080.SZ,110.4,73.6
20260826,301081.SZ,16.4,10.94
20260826,301082.SZ,11.44,7.62
20260826,301083.SZ,16.99,11.33
20260826,301085.SZ,70.4,46.94
20260826,301086.SZ,154.33,102.89
20260826,301087.SZ,57.67,38.45
20260826,301088.SZ,15.23,10.15
20260826,301089.SZ,29.18,19.46
20260826,301090.SZ,8.28,5.52
20260826,301091.SZ,22.42,14.94
20260826,301092.SZ,52.73,35.15
20260826,301093.SZ,90.43,60.29
20260826,301095.SZ,86.77,57.85
20260826,301096.SZ,57.68,38.46
20260826,301097.SZ,40.48,26.98
20260826,301098.SZ,10.87,7.25
20260826,301099.SZ,61.28,40.86
20260826,301100.SZ,19.2,12.8
20260826,301101.SZ,35.47,23.65
20260826,301102.SZ,11.35,7.57
20260826,301103.SZ,20.23,13.49
20260826,301105.SZ,57.46,38.3
20260826,301106.SZ,24.74,16.5
20260826,301107.SZ,25.61,17.07
20260826,301108.SZ,45.6,30.4
20260826,301109.SZ,15.73,10.49
20260826,301110.SZ,41.41,27.61
20260826,301111.SZ,26.05,17.37
20260826,301112.SZ,37.1,24.74
20260826,301113.SZ,20.46,13.64
20260826,301115.SZ,33.88,22.58
20260826,301116.SZ,11.46,7.64
20260826,301117.SZ,17.02,11.34
20260826,301118.SZ,27.44,18.3
20260826,301119.SZ,26.82,17.88
20260826,301120.SZ,17.64,11.76
20260826,301121.SZ,42.83,28.55
20260826,301122.SZ,46.33,30.89
20260826,301123.SZ,92.45,61.63
20260826,301125.SZ,14.77,9.85
20260826,301126.SZ,12.41,8.27
20260826,301127.SZ,22.91,15.27
20260826,301128.SZ,135.6,90.4
20260826,301129.SZ,28.72,19.14
20260826,301130.SZ,46.46,30.98
20260826,301131.SZ,40.63,27.09
20260826,301132.SZ,43.1,28.74
20260826,301133.SZ,36.77,24.51
20260826,301135.SZ,20.64,13.76
20260826,301136.SZ,13.94,9.3
20260826,301137.SZ,36.19,24.13
20260826,301138.SZ,36.11,24.07
20260826,301139.SZ,4.13,2.75
20260826,301141.SZ,51.97,34.65
20260826,301148.SZ,61.44,40.96
20260826,301149.SZ,9.65,6.43
20260826,301150.SZ,46.37,30.91
20260826,301151.SZ,20.41,13.61
20260826,301152.SZ,28.78,19.18
20260826,301153.SZ,20.68,13.78
20260826,301155.SZ,49.39,32.93
20260826,301156.SZ,14.48,9.66
20260826,301157.SZ,72.1,48.06
20260826,301158.SZ,17.96,11.98
20260826,301159.SZ,38.22,25.48
20260826,301160.SZ,54.84,36.56
20260826,301161.SZ,35.18,23.46
20260826,301162.SZ,43.97,29.31
20260826,301163.SZ,28.72,19.14
20260826,301165.SZ,138.88,92.58
20260826,301166.SZ,35.59,23.73
20260826,301167.SZ,17.6,11.74
20260826,301168.SZ,50.17,33.45
20260826,301169.SZ,61.28,40.86
20260826,301170.SZ,28.04,18.7
20260826,301171.SZ,41.16,27.44
20260826,301172.SZ,20.29,13.53
20260826,301173.SZ,38.44,25.62
20260826,301175.SZ,6.67,4.45
20260826,301176.SZ,55.08,36.72
20260826,301177.SZ,28.73,19.15
20260826,301178.SZ,41.86,27.9
20260826,301179.SZ,23.94,15.96
20260826,301180.SZ,14.35,9.57
20260826,301181.SZ,28.42,18.94
20260826,301182.SZ,84.56,56.38
20260826,301183.SZ,280.02,186.68
20260826,301185.SZ,19.97,13.31
20260826,301186.SZ,40.68,27.12
20260826,301187.SZ,17.92,11.94
20260826,301188.SZ,43.87,29.25
20260826,301189.SZ,61.26,40.84
20260826,301190.SZ,25.44,16.96
20260826,301191.SZ,104.96,69.98
20260826,301192.SZ,24.67,16.45
20260826,301193.SZ,22.15,14.77
20260826,301195.SZ,31.44,20.96
20260826,301196.SZ,111.36,74.24
20260826,301197.SZ,31.03,20.69
20260826,301198.SZ,15.31,10.21
20260826,301199.SZ,21.38,14.26
20260826,301200.SZ,322.87,215.25
20260826,301201.SZ,44.94,29.96
20260826,301202.SZ,44.2,29.46
20260826,301203.SZ,41.21,27.47
20260826,301205.SZ,364.68,243.12
20260826,301206.SZ,28.81,19.21
20260826,301207.SZ,20.96,13.98
20260826,301208.SZ,36.04,24.02
20260826,301209.SZ,69.56,46.38
20260826,301210.SZ,29.14,19.42
20260826,301211.SZ,16.01,10.67
20260826,301212.SZ,29.42,19.62
20260826,301213.SZ,48.12,32.08
20260826,301215.SZ,6.43,4.29
20260826,301216.SZ,21.84,14.56
20260826,301217.SZ,132.64,88.42
20260826,301218.SZ,57.02,38.02
20260826,301219.SZ,53.77,35.85
20260826,301220.SZ,34.08,22.72
20260826,301221.SZ,33.54,22.36
20260826,301222.SZ,29.56,19.7
20260826,301223.SZ,20.09,13.39
20260826,301225.SZ,72.52,48.34
20260826,301226.SZ,34.49,22.99
20260826,301227.SZ,38.29,25.53
20260826,301228.SZ,75.22,50.14
20260826,301229.SZ,14.9,9.94
20260826,301230.SZ,40.87,27.25
20260826,301231.SZ,32.42,21.62
20260826,301232.SZ,115.26,76.84
20260826,301233.SZ,39.8,26.54
20260826,301234.SZ,124.8,83.2
20260826,301235.SZ,49.64,33.1
20260826,301236.SZ,44.71,29.81
20260826,301237.SZ,64.74,43.16
20260826,301238.SZ,19.21,12.81
20260826,301239.SZ,43.42,28.94
20260826,301246.SZ,24.86,16.58
20260826,301248.SZ,72.42,48.28
20260826,301251.SZ,56.35,37.57
20260826,301252.SZ,41.69,27.79
20260826,301255.SZ,25.08,16.72
20260826,301256.SZ,12.1,8.06
20260826,301257.SZ,55.6,37.06
20260826,301258.SZ,31.4,20.94
20260826,301259.SZ,27.2,18.14
20260826,301260.SZ,16.38,10.92
20260826,301261.SZ,68.8,45.86
20260826,301262.SZ,22.34,14.9
20260826,301263.SZ,22.38,14.92
20260826,301265.SZ,23.34,15.56
20260826,301266.SZ,27.86,18.58
20260826,301267.SZ,19.49,12.99
20260826,301268.SZ,16.19,10.79
20260826,301269.SZ,110.88,73.92
20260826,301270.SZ,38.83,25.89
20260826,301272.SZ,41.94,27.96
20260826,301273.SZ,48.86,32.58
20260826,301275.SZ,51.24,34.16
20260826,301276.SZ,24.22,16.14
20260826,301277.SZ,12.72,8.48
20260826,301278.SZ,33.72,22.48
20260826,301279.SZ,25.8,17.2
20260826,301280.SZ,53.51,35.67
20260826,301281.SZ,53.68,35.78
20260826,301282.SZ,40.8,27.2
20260826,301283.SZ,30.9,20.6
20260826,301285.SZ,104.54,69.7
20260826,301286.SZ,53.35,35.57
20260826,301287.SZ,49.79,33.19
20260826,301288.SZ,20.62,13.74
20260826,301289.SZ,53.05,35.37
20260826,301290.SZ,35.17,23.45
20260826,301291.SZ,45.41,30.27
20260826,301292.SZ,78.25,52.17
20260826,301293.SZ,61.8,41.2
20260826,301295.SZ,46.2,30.8
20260826,301296.SZ,7.73,5.15
20260826,301297.SZ,42.1,28.06
20260826,301298.SZ,15.73,10.49
20260826,301299.SZ,53.05,35.37
20260826,301300.SZ,39.07,26.05
20260826,301301.SZ,10.63,7.09
20260826,301302.SZ,24.97,16.65
20260826,301303.SZ,16.99,11.33
20260826,301305.SZ,29.46,19.64
20260826,301306.SZ,106.25,70.83
20260826,301307.SZ,63.06,42.04
20260826,301308.SZ,443.59,295.73
20260826,301309.SZ,35.81,23.87
20260826,301310.SZ,58.48,38.98
20260826,301311.SZ,16.57,11.05
20260826,301312.SZ,88.2,58.8
20260826,301313.SZ,40.08,26.72
20260826,301314.SZ,52.42,34.94
20260826,301315.SZ,48.04,32.02
20260826,301316.SZ,46.44,30.96
20260826,301317.SZ,53.88,35.92
20260826,301318.SZ,25.22,16.82
20260826,301319.SZ,121.46,80.98
20260826,301320.SZ,16.54,11.02
20260826,301321.SZ,50.38,33.58
20260826,301322.SZ,48.9,32.6
20260826,301323.SZ,81.6,54.4
20260826,301325.SZ,36.8,24.54
20260826,301326.SZ,132.41,88.27
20260826,301327.SZ,53.29,35.53
20260826,301328.SZ,66.2,44.14
20260826,301329.SZ,23.0,15.34
20260826,301330.SZ,28.84,19.22
20260826,301331.SZ,26.8,17.86
20260826,301332.SZ,9.58,6.38
20260826,301333.SZ,68.16,45.44
20260826,301335.SZ,30.14,20.1
20260826,301336.SZ,49.69,33.13
20260826,301337.SZ,31.4,20.94
20260826,301338.SZ,116.99,77.99
20260826,301339.SZ,13.34,8.9
20260826,301345.SZ,289.2,192.8
20260826,301348.SZ,25.01,16.67
20260826,301349.SZ,51.43,34.29
20260826,301353.SZ,23.38,15.58
20260826,301355.SZ,12.32,8.22
20260826,301356.SZ,23.78,15.86
20260826,301357.SZ,107.99,71.99
20260826,301358.SZ,75.05,50.03
20260826,301359.SZ,21.12,14.08
20260826,301360.SZ,65.4,43.6
20260826,301361.SZ,32.47,21.65
20260826,301362.SZ,136.73,91.15
20260826,301363.SZ,19.99,13.33
20260826,301365.SZ,47.64,31.76
20260826,301366.SZ,65.96,43.98
20260826,301367.SZ,52.39,34.93
20260826,301368.SZ,47.88,31.92
20260826,301369.SZ,155.6,103.74
20260826,301370.SZ,10.73,7.15
20260826,301371.SZ,25.99,17.33
20260826,301372.SZ,36.22,24.14
20260826,301373.SZ,113.99,75.99
20260826,301376.SZ,25.22,16.82
20260826,301377.SZ,471.12,314.08
20260826,301378.SZ,29.82,19.88
20260826,301379.SZ,25.98,17.32
20260826,301380.SZ,36.89,24.59
20260826,301381.SZ,27.96,18.64
20260826,301382.SZ,46.99,31.33
20260826,301383.SZ,28.03,18.69
20260826,301386.SZ,24.55,16.37
20260826,301387.SZ,67.16,44.78
20260826,301388.SZ,29.28,19.52
20260826,301389.SZ,62.52,41.68
20260826,301390.SZ,38.06,25.38
20260826,301391.SZ,55.87,37.25
20260826,301392.SZ,205.1,136.74
20260826,301393.SZ,73.28,48.86
20260826,301395.SZ,14.9,9.94
20260826,301396.SZ,207.53,138.35
20260826,301397.SZ,30.52,20.34
20260826,301398.SZ,38.4,25.6
20260826,301399.SZ,20.92,13.94
20260826,301408.SZ,18.46,12.3
20260826,301413.SZ,73.1,48.74
20260826,301418.SZ,43.52,29.02
20260826,301419.SZ,46.8,31.2
20260826,301421.SZ,91.72,61.14
20260826,301428.SZ,33.66,22.44
20260826,301429.SZ,21.06,14.04
20260826,301439.SZ,18.23,12.15
20260826,301446.SZ,41.99,27.99
20260826,301448.SZ,54.07,36.05
20260826,301449.SZ,56.29,37.53
20260826,301456.SZ,28.06,18.7
20260826,301458.SZ,43.85,29.23
20260826,301459.SZ,38.1,25.4
20260826,301468.SZ,40.22,26.82
20260826,301469.SZ,35.0,23.34
20260826,301479.SZ,59.16,39.44
20260826,301486.SZ,205.93,137.29
20260826,301487.SZ,19.68,13.12
20260826,301488.SZ,118.92,79.28
20260826,301489.SZ,141.59,94.39
20260826,301491.SZ,46.88,31.26
20260826,301498.SZ,46.7,31.14
20260826,301499.SZ,29.87,19.91
20260826,301500.SZ,26.74,17.82
20260826,301501.SZ,33.78,22.52
20260826,301502.SZ,62.28,41.52
20260826,301503.SZ,26.92,17.94
20260826,301505.SZ,19.2,12.8
20260826,301507.SZ,15.48,10.32
20260826,301508.SZ,29.38,19.58
20260826,301509.SZ,36.22,24.14
20260826,301510.SZ,31.52,21.02
20260826,301511.SZ,97.78,65.18
20260826,301512.SZ,39.42,26.28
20260826,301513.SZ,58.86,39.24
20260826,301515.SZ,23.86,15.9
20260826,301516.SZ,28.16,18.78
20260826,301517.SZ,45.54,30.36
20260826,301518.SZ,30.43,20.29
20260826,301519.SZ,14.8,9.86
20260826,301520.SZ,98.8,65.86
20260826,301522.SZ,27.62,18.42
20260826,301525.SZ,46.94,31.3
20260826,301526.SZ,36.18,24.12
20260826,301528.SZ,65.64,43.76
20260826,301529.SZ,140.41,93.61
20260826,301531.SZ,58.45,38.97
20260826,301533.SZ,32.94,21.96
20260826,301535.SZ,17.3,11.54
20260826,301536.SZ,137.02,91.34
20260826,301538.SZ,46.15,30.77
20260826,301539.SZ,17.83,11.89
20260826,301548.SZ,73.58,49.06
20260826,301550.SZ,102.96,68.64
20260826,301551.SZ,24.06,16.04
20260826,301552.SZ,30.66,20.44
20260826,301555.SZ,38.99,25.99
20260826,301556.SZ,69.49,46.33
20260826,301557.SZ,103.04,68.7
20260826,301558.SZ,8.03,5.35
20260826,301559.SZ,15.62,10.42
20260826,301560.SZ,27.64,18.42
20260826,301563.SZ,144.68,96.46
20260826,301565.SZ,24.24,16.16
20260826,301566.SZ,29.77,19.85
20260826,301567.SZ,44.33,29.55
20260826,301568.SZ,85.38,56.92
20260826,301571.SZ,77.27,51.51
20260826,301575.SZ,32.35,21.57
20260826,301577.SZ,67.98,45.32
20260826,301578.SZ,27.73,18.49
20260826,301580.SZ,61.08,40.72
20260826,301581.SZ,44.33,29.55
20260826,301583.SZ,147.68,98.46
20260826,301584.SZ,26.12,17.42
20260826,301585.SZ,31.75,21.17
20260826,301586.SZ,37.58,25.06
20260826,301587.SZ,25.96,17.3
20260826,301588.SZ,33.59,22.39
20260826,301589.SZ,168.79,112.53
20260826,301590.SZ,87.11,58.07
20260826,301591.SZ,47.78,31.86
20260826,301592.SZ,124.46,82.98
20260826,301595.SZ,46.91,31.27
20260826,301596.SZ,56.11,37.41
20260826,301598.SZ,63.72,42.48
20260826,301599.SZ,40.45,26.97
20260826,301600.SZ,103.38,68.92
20260826,301601.SZ,19.73,13.15
20260826,301602.SZ,19.93,13.29
20260826,301603.SZ,144.85,96.57
20260826,301606.SZ,66.12,44.08
20260826,301607.SZ,50.28,33.52
20260826,301608.SZ,55.34,36.9
20260826,301609.SZ,39.9,26.6
20260826,301611.SZ,119.21,79.47
20260826,301613.SZ,43.06,28.7
20260826,301616.SZ,42.62,28.42
20260826,301617.SZ,60.06,40.04
20260826,301618.SZ,38.87,25.91
20260826,301622.SZ,48.13,32.09
20260826,301626.SZ,310.4,206.94
20260826,301628.SZ,108.62,72.42
20260826,301629.SZ,307.08,204.72
20260826,301630.SZ,196.81,131.21
20260826,301631.SZ,74.1,49.4
20260826,301632.SZ,16.12,10.74
20260826,301633.SZ,67.74,45.16
20260826,301636.SZ,48.13,32.09
20260826,301638.SZ,26.83,17.89
20260826,301655.SZ,999999.999,0.01
20260826,301656.SZ,18.38,12.26
20260826,301658.SZ,28.44,18.96
20260826,301662.SZ,84.53,56.35
20260826,301665.SZ,29.41,19.61
20260826,301666.SZ,475.2,316.8
20260826,301667.SZ,76.72,51.14
20260826,301668.SZ,41.18,27.46
20260826,301669.SZ,33.73,22.49
20260826,301677.SZ,64.82,43.22
20260826,301678.SZ,53.23,35.49
20260826,301680.SZ,115.92,77.28
20260826,301682.SZ,130.97,87.31
20260826,301683.SZ,119.63,79.75
20260826,301687.SZ,60.1,40.06
20260826,301696.SZ,115.96,77.3
20260826,301707.SZ,94.0,62.66
20260826,301717.SZ,450.96,300.64
20260826,302132.SZ,67.3,44.86
20260826,501001.SH,1.685,1.379
20260826,501005.SH,1.201,0.983
20260826,501007.SH,0.9,0.736
20260826,501008.SH,0.869,0.711
20260826,501009.SH,1.403,1.148
20260826,501010.SH,1.368,1.12
20260826,501011.SH,1.111,0.909
20260826,501012.SH,1.074,0.878
20260826,501015.SH,3.229,2.642
20260826,501016.SH,1.287,1.053
20260826,501017.SH,1.482,1.212
20260826,501018.SH,2.006,1.642
20260826,501019.SH,1.293,1.058
20260826,501021.SH,1.489,1.219
20260826,501022.SH,2.968,2.428
20260826,501023.SH,1.304,1.067
20260826,501025.SH,2.057,1.683
20260826,501026.SH,2.647,2.165
20260826,501028.SH,1.598,1.308
20260826,501029.SH,1.938,1.586
20260826,501030.SH,0.59,0.482
20260826,501031.SH,0.569,0.465
20260826,501032.SH,1.876,1.535
20260826,501036.SH,1.636,1.338
20260826,501037.SH,1.601,1.31
20260826,501038.SH,1.683,1.377
20260826,501043.SH,1.73,1.416
20260826,501045.SH,1.691,1.383
20260826,501046.SH,12.546,10.265
20260826,501047.SH,1.206,0.986
20260826,501048.SH,1.187,0.971
20260826,501050.SH,1.885,1.543
20260826,501051.SH,2.335,1.911
20260826,501053.SH,1.183,0.968
20260826,501057.SH,2.356,1.928
20260826,501058.SH,2.316,1.895
20260826,501059.SH,2.499,2.045
20260826,501060.SH,2.618,2.142
20260826,501061.SH,2.552,2.088
20260826,501062.SH,2.275,1.861
20260826,501064.SH,3.858,3.156
20260826,501065.SH,1.373,1.123
20260826,501070.SH,1.324,1.084
20260826,501071.SH,1.056,0.864
20260826,501073.SH,2.347,1.921
20260826,501075.SH,3.681,3.011
20260826,501076.SH,1.839,1.505
20260826,501077.SH,3.512,2.874
20260826,501078.SH,3.19,2.61
20260826,501079.SH,4.854,3.972
20260826,501080.SH,1.701,1.391
20260826,501081.SH,3.275,2.679
20260826,501082.SH,4.212,3.446
20260826,501083.SH,2.187,1.789
20260826,501085.SH,3.532,2.89
20260826,501087.SH,1.496,1.224
20260826,501088.SH,0.856,0.7
20260826,501089.SH,1.13,0.924
20260826,501090.SH,1.199,0.981
20260826,501091.SH,1.139,0.932
20260826,501092.SH,1.418,1.16
20260826,501093.SH,1.353,1.107
20260826,501095.SH,0.958,0.784
20260826,501096.SH,1.675,1.371
20260826,501097.SH,2.108,1.724
20260826,501098.SH,1.88,1.538
20260826,501099.SH,3.298,2.698
20260826,501186.SH,0.902,0.738
20260826,501188.SH,1.154,0.944
20260826,501189.SH,1.123,0.919
20260826,501200.SH,1.526,1.248
20260826,501201.SH,2.615,2.139
20260826,501202.SH,1.399,1.145
20260826,501203.SH,1.686,1.38
20260826,501205.SH,1.019,0.833
20260826,501206.SH,0.987,0.807
20260826,501207.SH,0.865,0.707
20260826,501208.SH,1.426,1.166
20260826,501209.SH,0.525,0.429
20260826,501210.SH,1.398,1.144
20260826,501211.SH,1.175,0.961
20260826,501212.SH,1.144,0.936
20260826,501213.SH,0.965,0.789
20260826,501215.SH,1.192,0.976
20260826,501216.SH,0.991,0.811
20260826,501217.SH,1.137,0.931
20260826,501218.SH,1.065,0.871
20260826,501219.SH,1.789,1.463
20260826,501220.SH,1.14,0.932
20260826,501222.SH,1.147,0.939
20260826,501225.SH,3.856,3.155
20260826,501227.SH,1.188,0.972
20260826,501300.SH,1.021,0.835
20260826,501301.SH,1.34,1.096
20260826,501302.SH,1.266,1.036
20260826,501303.SH,1.074,0.878
20260826,501305.SH,1.453,1.189
20260826,501306.SH,1.405,1.149
20260826,501307.SH,1.411,1.155
20260826,501310.SH,1.464,1.198
20260826,501311.SH,1.045,0.855
20260826,501312.SH,2.63,2.152
20260826,502000.SH,2.179,1.783
20260826,502003.SH,1.489,1.219
20260826,502006.SH,1.719,1.407
20260826,502010.SH,1.357,1.111
20260826,502013.SH,1.575,1.289
20260826,502023.SH,1.703,1.393
20260826,502048.SH,1.374,1.124
20260826,502053.SH,1.179,0.965
20260826,502056.SH,0.759,0.621
20260826,506000.SH,1.514,1.01
20260826,506001.SH,2.084,1.39
20260826,506002.SH,2.504,1.67
20260826,506003.SH,1.438,0.958
20260826,506005.SH,1.742,1.162
20260826,506006.SH,1.579,1.053
20260826,506008.SH,1.488,0.992
20260826,508000.SH,2.096,1.715
20260826,508001.SH,5.178,4.236
20260826,508002.SH,2.945,2.409
20260826,508003.SH,3.608,2.952
20260826,508005.SH,4.407,3.605
20260826,508006.SH,3.84,3.142
20260826,508007.SH,8.807,7.205
20260826,508008.SH,8.157,6.674
20260826,508009.SH,6.457,5.283
20260826,508010.SH,2.638,2.158
20260826,508011.SH,3.698,3.026
20260826,508012.SH,2.002,1.638
20260826,508015.SH,5.983,4.895
20260826,508016.SH,4.687,3.835
20260826,508017.SH,4.03,3.298
20260826,508018.SH,6.344,5.19
20260826,508019.SH,1.374,1.124
20260826,508020.SH,5.635,4.611
20260826,508021.SH,3.604,2.948
20260826,508022.SH,2.657,2.174
20260826,508026.SH,4.106,3.36
20260826,508027.SH,2.709,2.217
20260826,508028.SH,10.78,8.82
20260826,508029.SH,2.727,2.231
20260826,508030.SH,7.149,5.849
20260826,508031.SH,4.246,3.474
20260826,508033.SH,6.925,5.666
20260826,508036.SH,8.392,6.866
20260826,508039.SH,3.926,3.212
20260826,508048.SH,3.351,2.741
20260826,508050.SH,6.996,5.724
20260826,508055.SH,3.582,2.93
20260826,508056.SH,2.597,2.125
20260826,508058.SH,4.272,3.496
20260826,508059.SH,8.806,7.205
20260826,508060.SH,4.089,3.345
20260826,508066.SH,6.038,4.94
20260826,508068.SH,4.393,3.595
20260826,508069.SH,5.971,4.885
20260826,508077.SH,2.94,2.406
20260826,508078.SH,2.078,1.7
20260826,508080.SH,2.902,2.374
20260826,508082.SH,4.289,3.509
20260826,508084.SH,4.131,3.38
20260826,508085.SH,3.779,3.092
20260826,508086.SH,4.783,3.913
20260826,508087.SH,11.765,9.626
20260826,508088.SH,3.807,3.115
20260826,508089.SH,4.62,3.78
20260826,508090.SH,3.678,3.01
20260826,508091.SH,5.976,4.89
20260826,508092.SH,3.215,2.631
20260826,508093.SH,9.105,7.449
20260826,508096.SH,10.149,8.303
20260826,508097.SH,2.213,1.811
20260826,508098.SH,3.662,2.996
20260826,508099.SH,1.244,1.018
20260826,508600.SH,3.937,3.221
20260826,508601.SH,3.288,2.69
20260826,508602.SH,7.026,5.748
20260826,508603.SH,4.292,3.512
20260826,510010.SH,1.935,1.583
20260826,510020.SH,4.263,3.488
20260826,510030.SH,1.17,0.958
20260826,510040.SH,1.264,1.034
20260826,510050.SH,3.28,2.684
20260826,510060.SH,2.882,2.358
20260826,510090.SH,2.796,2.288
20260826,510100.SH,3.233,2.645
20260826,510130.SH,8.019,6.561
20260826,510140.SH,1.123,0.919
20260826,510150.SH,0.551,0.451
20260826,510160.SH,0.991,0.811
20260826,510170.SH,1.528,1.25
20260826,510180.SH,4.31,3.526
20260826,510190.SH,4.683,3.831
20260826,510200.SH,1.276,1.044
20260826,510210.SH,1.096,0.896
20260826,510230.SH,1.449,1.185
20260826,510270.SH,1.693,1.385
20260826,510290.SH,2.891,2.365
20260826,510300.SH,5.078,4.154
20260826,510310.SH,4.931,4.035
20260826,510320.SH,1.366,1.118
20260826,510330.SH,5.294,4.332
20260826,510350.SH,5.346,4.374
20260826,510360.SH,1.944,1.59
20260826,510370.SH,1.124,0.92
20260826,510380.SH,1.513,1.238
20260826,510390.SH,5.766,4.718
20260826,510410.SH,2.156,1.764
20260826,510500.SH,8.499,6.953
20260826,510510.SH,2.765,2.263
20260826,510530.SH,9.563,7.825
20260826,510550.SH,2.184,1.787
20260826,510560.SH,2.136,1.748
20260826,510570.SH,1.337,1.094
20260826,510580.SH,4.476,3.662
20260826,510590.SH,9.24,7.56
20260826,510600.SH,4.216,3.45
20260826,510630.SH,0.895,0.733
20260826,510650.SH,3.196,2.615
20260826,510660.SH,2.76,2.258
20260826,510670.SH,1.082,0.886
20260826,510680.SH,3.467,2.837
20260826,510710.SH,4.684,3.832
20260826,510720.SH,1.175,0.961
20260826,510760.SH,1.453,1.189
20260826,510770.SH,0.977,0.799
20260826,510800.SH,1.52,1.244
20260826,510810.SH,0.919,0.752
20260826,510850.SH,3.887,3.181
20260826,510880.SH,3.75,3.068
20260826,510900.SH,1.147,0.939
20260826,510910.SH,1.071,0.877
20260826,510950.SH,1.079,0.883
20260826,510980.SH,1.524,1.247
20260826,510990.SH,1.154,0.944
20260826,511010.SH,155.432,127.172
20260826,511020.SH,130.06,106.412
20260826,511030.SH,119.158,97.493
20260826,511060.SH,119.671,97.913
20260826,511070.SH,113.204,92.622
20260826,511090.SH,131.157,107.311
20260826,511100.SH,121.847,99.693
20260826,511110.SH,113.515,92.876
20260826,511120.SH,112.076,91.698
20260826,511130.SH,119.627,97.877
20260826,511150.SH,112.459,92.012
20260826,511160.SH,112.267,91.855
20260826,511180.SH,13.835,11.319
20260826,511190.SH,113.037,92.485
20260826,511200.SH,113.605,92.949
20260826,511220.SH,11.45,9.368
20260826,511260.SH,149.438,122.268
20260826,511270.SH,133.455,109.191
20260826,511360.SH,125.225,102.457
20260826,511380.SH,15.046,12.31
20260826,511520.SH,130.449,106.731
20260826,511580.SH,120.638,98.704
20260826,511600.SH,110.0,90.0
20260826,511620.SH,110.007,90.005
20260826,511650.SH,110.0,90.0
20260826,511660.SH,110.02,90.016
20260826,511670.SH,110.0,90.0
20260826,511690.SH,110.002,90.002
20260826,511700.SH,110.006,90.005
20260826,511770.SH,110.002,90.002
20260826,511800.SH,110.013,90.011
20260826,511810.SH,110.01,90.008
20260826,511820.SH,110.0,90.0
20260826,511830.SH,110.001,90.001
20260826,511850.SH,110.006,90.005
20260826,511860.SH,110.0,90.0
20260826,511880.SH,110.834,90.682
20260826,511900.SH,110.0,90.0
20260826,511910.SH,110.0,90.0
20260826,511920.SH,110.001,90.001
20260826,511930.SH,110.001,90.001
20260826,511950.SH,110.0,90.0
20260826,511960.SH,110.0,90.0
20260826,511970.SH,109.999,89.999
20260826,511980.SH,110.056,90.046
20260826,511990.SH,110.002,90.002
20260826,512000.SH,0.56,0.458
20260826,512010.SH,0.421,0.345
20260826,512020.SH,1.406,1.15
20260826,512030.SH,1.23,1.006
20260826,512040.SH,1.334,1.092
20260826,512050.SH,1.319,1.079
20260826,512060.SH,1.315,1.076
20260826,512070.SH,0.868,0.71
20260826,512080.SH,1.417,1.159
20260826,512090.SH,2.167,1.773
20260826,512100.SH,3.353,2.743
20260826,512120.SH,0.517,0.423
20260826,512130.SH,1.291,1.057
20260826,512140.SH,1.001,0.819
20260826,512150.SH,2.078,1.7
20260826,512160.SH,1.665,1.363
20260826,512170.SH,0.382,0.312
20260826,512180.SH,1.847,1.511
20260826,512190.SH,3.189,2.609
20260826,512200.SH,1.331,1.089
20260826,512220.SH,4.095,3.351
20260826,512240.SH,1.269,1.039
20260826,512250.SH,1.331,1.089
20260826,512260.SH,2.099,1.717
20260826,512290.SH,1.158,0.948
20260826,512330.SH,2.0,1.636
20260826,512360.SH,1.936,1.584
20260826,512370.SH,1.308,1.07
20260826,512380.SH,1.75,1.432
20260826,512390.SH,1.349,1.103
20260826,512400.SH,2.086,1.706
20260826,512410.SH,1.206,0.986
20260826,512420.SH,1.056,0.864
20260826,512430.SH,0.994,0.814
20260826,512450.SH,0.983,0.805
20260826,512460.SH,0.931,0.761
20260826,512480.SH,1.109,0.907
20260826,512500.SH,4.814,3.938
20260826,512510.SH,2.556,2.092
20260826,512520.SH,1.599,1.309
20260826,512530.SH,1.807,1.479
20260826,512550.SH,1.986,1.625
20260826,512560.SH,0.76,0.622
20260826,512570.SH,1.179,0.965
20260826,512580.SH,1.301,1.065
20260826,512600.SH,0.629,0.515
20260826,512620.SH,0.977,0.799
20260826,512630.SH,1.175,0.961
20260826,512640.SH,2.611,2.137
20260826,512650.SH,1.466,1.2
20260826,512660.SH,1.205,0.986
20260826,512670.SH,0.813,0.665
20260826,512680.SH,1.234,1.01
20260826,512690.SH,0.464,0.38
20260826,512700.SH,1.669,1.365
20260826,512710.SH,0.662,0.542
20260826,512720.SH,1.254,1.026
20260826,512730.SH,1.852,1.516
20260826,512750.SH,1.596,1.306
20260826,512760.SH,1.173,0.959
20260826,512770.SH,2.786,2.28
20260826,512800.SH,0.903,0.739
20260826,512810.SH,0.702,0.574
20260826,512820.SH,1.587,1.299
20260826,512870.SH,1.585,1.297
20260826,512880.SH,1.174,0.96
20260826,512890.SH,1.304,1.067
20260826,512900.SH,1.162,0.95
20260826,512910.SH,1.444,1.182
20260826,512930.SH,0.658,0.538
20260826,512940.SH,0.932,0.762
20260826,512950.SH,1.641,1.343
20260826,512960.SH,1.588,1.3
20260826,512970.SH,1.619,1.325
20260826,512980.SH,0.888,0.726
20260826,512990.SH,2.221,1.817
20260826,513000.SH,2.512,2.056
20260826,513010.SH,0.658,0.538
20260826,513020.SH,1.045,0.855
20260826,513030.SH,2.102,1.72
20260826,513040.SH,1.019,0.833
20260826,513050.SH,1.179,0.965
20260826,513060.SH,0.648,0.53
20260826,513070.SH,1.229,1.005
20260826,513080.SH,1.977,1.617
20260826,513090.SH,2.009,1.643
20260826,513100.SH,2.415,1.976
20260826,513110.SH,2.712,2.219
20260826,513120.SH,1.46,1.194
20260826,513130.SH,0.628,0.514
20260826,513140.SH,1.867,1.527
20260826,513150.SH,1.058,0.866
20260826,513160.SH,1.051,0.86
20260826,513170.SH,1.761,1.441
20260826,513180.SH,0.637,0.521
20260826,513190.SH,1.98,1.62
20260826,513200.SH,1.21,0.99
20260826,513210.SH,1.664,1.362
20260826,513220.SH,1.033,0.845
20260826,513230.SH,0.969,0.793
20260826,513240.SH,1.112,0.91
20260826,513260.SH,1.227,1.004
20260826,513280.SH,1.269,1.039
20260826,513290.SH,2.057,1.683
20260826,513300.SH,2.938,2.404
20260826,513310.SH,5.191,4.247
20260826,513320.SH,1.192,0.976
20260826,513330.SH,0.408,0.334
20260826,513350.SH,1.445,1.183
20260826,513360.SH,0.51,0.418
20260826,513380.SH,0.579,0.473
20260826,513390.SH,2.651,2.169
20260826,513400.SH,1.481,1.211
20260826,513500.SH,2.965,2.426
20260826,513520.SH,2.5,2.046
20260826,513530.SH,1.784,1.46
20260826,513550.SH,1.24,1.014
20260826,513560.SH,1.245,1.019
20260826,513580.SH,0.635,0.519
20260826,513590.SH,0.862,0.706
20260826,513600.SH,3.057,2.501
20260826,513620.SH,1.254,1.026
20260826,513630.SH,1.764,1.444
20260826,513650.SH,2.229,1.823
20260826,513660.SH,1.66,1.358
20260826,513690.SH,1.291,1.057
20260826,513700.SH,0.719,0.589
20260826,513720.SH,0.716,0.586
20260826,513730.SH,1.279,1.047
20260826,513750.SH,1.668,1.364
20260826,513770.SH,0.387,0.317
20260826,513780.SH,1.895,1.551
20260826,513800.SH,2.049,1.677
20260826,513810.SH,1.924,1.574
20260826,513820.SH,1.392,1.139
20260826,513830.SH,1.348,1.103
20260826,513850.SH,2.002,1.638
20260826,513860.SH,0.668,0.546
20260826,513870.SH,2.255,1.845
20260826,513880.SH,2.351,1.923
20260826,513890.SH,0.976,0.798
20260826,513900.SH,1.098,0.898
20260826,513910.SH,1.727,1.413
20260826,513920.SH,1.72,1.408
20260826,513930.SH,1.181,0.967
20260826,513950.SH,1.382,1.13
20260826,513970.SH,0.916,0.75
20260826,513980.SH,0.671,0.549
20260826,513990.SH,1.231,1.007
20260826,515000.SH,1.361,1.113
20260826,515010.SH,1.35,1.104
20260826,515020.SH,1.939,1.587
20260826,515030.SH,1.772,1.45
20260826,515040.SH,1.157,0.947
20260826,515050.SH,1.107,0.905
20260826,515060.SH,0.64,0.524
20260826,515070.SH,1.173,0.959
20260826,515080.SH,1.753,1.435
20260826,515090.SH,1.513,1.238
20260826,515100.SH,1.554,1.272
20260826,515110.SH,1.8,1.472
20260826,515120.SH,0.714,0.584
20260826,515130.SH,1.68,1.374
20260826,515150.SH,1.703,1.393
20260826,515160.SH,1.767,1.445
20260826,515170.SH,0.51,0.418
20260826,515180.SH,1.59,1.301
20260826,515190.SH,1.784,1.46
20260826,515200.SH,2.723,2.228
20260826,515210.SH,1.286,1.052
20260826,515220.SH,1.433,1.173
20260826,515230.SH,0.745,0.609
20260826,515250.SH,1.013,0.829
20260826,515260.SH,0.901,0.737
20260826,515290.SH,1.625,1.329
20260826,515300.SH,1.439,1.177
20260826,515310.SH,1.509,1.235
20260826,515320.SH,1.626,1.33
20260826,515330.SH,1.461,1.195
20260826,515350.SH,6.81,5.572
20260826,515360.SH,7.378,6.036
20260826,515370.SH,0.882,0.722
20260826,515380.SH,5.902,4.829
20260826,515390.SH,1.481,1.211
20260826,515400.SH,0.925,0.757
20260826,515450.SH,1.554,1.272
20260826,515460.SH,1.003,0.821
20260826,515480.SH,1.174,0.96
20260826,515530.SH,4.697,3.843
20260826,515550.SH,1.914,1.566
20260826,515560.SH,1.077,0.881
20260826,515580.SH,1.503,1.229
20260826,515590.SH,2.09,1.71
20260826,515600.SH,1.821,1.49
20260826,515630.SH,1.376,1.126
20260826,515640.SH,1.054,0.862
20260826,515650.SH,1.185,0.969
20260826,515660.SH,6.343,5.189
20260826,515680.SH,1.829,1.497
20260826,515700.SH,2.372,1.94
20260826,515710.SH,0.547,0.447
20260826,515720.SH,0.759,0.621
20260826,515730.SH,0.932,0.762
20260826,515750.SH,2.204,1.804
20260826,515760.SH,1.481,1.211
20260826,515770.SH,1.526,1.248
20260826,515790.SH,0.922,0.754
20260826,515800.SH,1.397,1.143
20260826,515810.SH,1.859,1.521
20260826,515840.SH,1.135,0.929
20260826,515850.SH,1.462,1.196
20260826,515860.SH,2.273,1.859
20260826,515880.SH,0.713,0.583
20260826,515890.SH,1.634,1.337
20260826,515900.SH,1.795,1.469
20260826,515910.SH,0.75,0.614
20260826,515920.SH,1.301,1.065
20260826,515950.SH,1.052,0.86
20260826,515960.SH,0.927,0.759
20260826,515970.SH,0.924,0.756
20260826,515980.SH,1.085,0.887
20260826,515990.SH,1.669,1.365
20260826,516000.SH,1.018,0.833
20260826,516010.SH,1.178,0.964
20260826,516020.SH,0.924,0.756
20260826,516050.SH,1.47,1.202
20260826,516060.SH,0.664,0.544
20260826,516070.SH,0.638,0.522
20260826,516080.SH,0.761,0.623
20260826,516090.SH,0.539,0.441
20260826,516100.SH,1.13,0.924
20260826,516110.SH,1.224,1.002
20260826,516120.SH,0.947,0.775
20260826,516130.SH,0.758,0.62
20260826,516150.SH,1.891,1.547
20260826,516160.SH,2.713,2.219
20260826,516180.SH,0.762,0.624
20260826,516190.SH,1.067,0.873
20260826,516200.SH,1.122,0.918
20260826,516210.SH,1.543,1.263
20260826,516220.SH,0.968,0.792
20260826,516230.SH,0.854,0.698
20260826,516250.SH,1.035,0.847
20260826,516260.SH,1.466,1.2
20260826,516270.SH,0.641,0.525
20260826,516290.SH,0.572,0.468
20260826,516300.SH,3.488,2.854
20260826,516310.SH,1.499,1.227
20260826,516320.SH,1.02,0.834
20260826,516330.SH,1.697,1.389
20260826,516350.SH,1.752,1.434
20260826,516360.SH,1.119,0.915
20260826,516370.SH,1.002,0.82
20260826,516380.SH,0.953,0.779
20260826,516390.SH,0.946,0.774
20260826,516440.SH,1.032,0.844
20260826,516460.SH,1.354,1.108
20260826,516500.SH,0.717,0.587
20260826,516510.SH,1.791,1.465
20260826,516520.SH,1.14,0.932
20260826,516530.SH,1.125,0.921
20260826,516550.SH,0.77,0.63
20260826,516560.SH,0.835,0.683
20260826,516570.SH,1.112,0.91
20260826,516580.SH,0.64,0.524
20260826,516590.SH,1.2,0.982
20260826,516600.SH,0.667,0.545
20260826,516610.SH,0.475,0.389
20260826,516620.SH,0.899,0.735
20260826,516630.SH,1.749,1.431
20260826,516640.SH,1.55,1.268
20260826,516650.SH,2.043,1.671
20260826,516660.SH,1.076,0.88
20260826,516670.SH,0.663,0.543
20260826,516700.SH,0.963,0.788
20260826,516710.SH,0.817,0.669
20260826,516720.SH,1.254,1.026
20260826,516730.SH,1.067,0.873
20260826,516750.SH,0.636,0.52
20260826,516760.SH,0.635,0.519
20260826,516770.SH,1.245,1.019
20260826,516780.SH,0.922,0.754
20260826,516790.SH,0.573,0.469
20260826,516800.SH,1.047,0.857
20260826,516810.SH,0.826,0.676
20260826,516820.SH,0.388,0.318
20260826,516830.SH,1.124,0.92
20260826,516840.SH,0.826,0.676
20260826,516850.SH,1.001,0.819
20260826,516860.SH,1.163,0.951
20260826,516880.SH,0.785,0.643
20260826,516890.SH,0.846,0.692
20260826,516900.SH,0.542,0.444
20260826,516910.SH,1.307,1.069
20260826,516920.SH,1.503,1.229
20260826,516930.SH,0.558,0.456
20260826,516950.SH,1.14,0.932
20260826,516960.SH,0.968,0.792
20260826,516970.SH,1.216,0.995
20260826,516980.SH,1.152,0.942
20260826,517000.SH,1.102,0.902
20260826,517010.SH,1.225,1.003
20260826,517030.SH,1.24,1.014
20260826,517050.SH,0.721,0.59
20260826,517080.SH,1.091,0.893
20260826,517090.SH,1.764,1.444
20260826,517100.SH,1.111,0.909
20260826,517110.SH,0.884,0.724
20260826,517120.SH,0.85,0.696
20260826,517130.SH,1.022,0.836
20260826,517160.SH,1.052,0.86
20260826,517170.SH,1.098,0.898
20260826,517180.SH,1.669,1.365
20260826,517200.SH,0.638,0.522
20260826,517230.SH,1.038,0.85
20260826,517300.SH,1.038,0.85
20260826,517330.SH,1.06,0.868
20260826,517350.SH,0.997,0.815
20260826,517360.SH,1.033,0.845
20260826,517380.SH,0.966,0.79
20260826,517390.SH,2.055,1.681
20260826,517400.SH,1.925,1.575
20260826,517520.SH,2.439,1.995
20260826,517550.SH,0.732,0.599
20260826,517660.SH,1.368,1.12
20260826,517770.SH,0.947,0.775
20260826,517800.SH,1.047,0.857
20260826,517850.SH,1.386,1.134
20260826,517880.SH,0.822,0.672
20260826,517900.SH,1.694,1.386
20260826,517950.SH,1.261,1.031
20260826,517990.SH,1.009,0.825
20260826,518600.SH,10.924,8.938
20260826,518660.SH,10.525,8.611
20260826,518680.SH,10.984,8.987
20260826,518800.SH,10.996,8.996
20260826,518850.SH,10.594,8.668
20260826,518860.SH,10.506,8.596
20260826,518880.SH,10.486,8.58
20260826,518890.SH,10.506,8.596
20260826,520500.SH,1.585,1.297
20260826,520510.SH,1.089,0.891
20260826,520520.SH,1.063,0.869
20260826,520530.SH,0.895,0.733
20260826,520550.SH,1.214,0.994
20260826,520560.SH,0.903,0.739
20260826,520570.SH,0.809,0.662
20260826,520580.SH,1.048,0.858
20260826,520590.SH,0.861,0.705
20260826,520600.SH,1.135,0.929
20260826,520610.SH,1.047,0.857
20260826,520620.SH,0.911,0.745
20260826,520630.SH,0.727,0.595
20260826,520650.SH,0.656,0.536
20260826,520660.SH,1.109,0.907
20260826,520670.SH,0.837,0.685
20260826,520680.SH,0.916,0.75
20260826,520690.SH,0.823,0.673
20260826,520700.SH,1.826,1.494
20260826,520710.SH,0.986,0.806
20260826,520720.SH,0.838,0.686
20260826,520730.SH,0.865,0.707
20260826,520740.SH,1.008,0.824
20260826,520750.SH,0.98,0.802
20260826,520760.SH,1.102,0.902
20260826,520770.SH,1.042,0.852
20260826,520780.SH,0.921,0.753
20260826,520790.SH,0.906,0.742
20260826,520810.SH,1.155,0.945
20260826,520820.SH,1.029,0.842
20260826,520830.SH,1.007,0.824
20260826,520840.SH,0.832,0.68
20260826,520850.SH,1.025,0.839
20260826,520860.SH,0.867,0.709
20260826,520870.SH,1.177,0.963
20260826,520880.SH,0.507,0.415
20260826,520890.SH,1.47,1.202
20260826,520900.SH,1.114,0.912
20260826,520910.SH,0.694,0.568
20260826,520920.SH,0.751,0.615
20260826,520930.SH,1.101,0.901
20260826,520940.SH,1.108,0.906
20260826,520950.SH,0.931,0.761
20260826,520960.SH,1.011,0.827
20260826,520970.SH,1.019,0.833
20260826,520980.SH,0.944,0.772
20260826,520990.SH,1.109,0.907
20260826,526000.SH,1.296,1.06
20260826,526010.SH,1.179,0.965
20260826,526030.SH,0.953,0.779
20260826,526050.SH,1.169,0.957
20260826,526070.SH,1.093,0.895
20260826,530000.SH,1.506,1.232
20260826,530050.SH,1.291,1.057
20260826,530060.SH,1.087,0.889
20260826,530080.SH,1.343,1.099
20260826,530100.SH,1.244,1.018
20260826,530180.SH,1.304,1.067
20260826,530280.SH,1.312,1.074
20260826,530300.SH,1.346,1.102
20260826,530380.SH,1.212,0.992
20260826,530530.SH,1.241,1.015
20260826,530580.SH,1.274,1.042
20260826,530680.SH,1.272,1.04
20260826,530800.SH,1.309,1.071
20260826,530880.SH,1.235,1.011
20260826,551000.SH,112.231,91.825
20260826,551030.SH,112.127,91.741
20260826,551060.SH,112.155,91.763
20260826,551300.SH,112.427,91.985
20260826,551500.SH,112.46,92.012
20260826,551510.SH,112.635,92.156
20260826,551520.SH,112.289,91.873
20260826,551550.SH,111.965,91.607
20260826,551560.SH,112.169,91.775
20260826,551580.SH,112.446,92.002
20260826,551800.SH,111.233,91.009
20260826,551900.SH,111.981,91.621
20260826,560010.SH,3.446,2.82
20260826,560020.SH,1.244,1.018
20260826,560030.SH,1.431,1.171
20260826,560050.SH,1.199,0.981
20260826,560060.SH,1.007,0.824
20260826,560070.SH,1.299,1.063
20260826,560080.SH,1.055,0.863
20260826,560090.SH,1.258,1.03
20260826,560100.SH,1.449,1.185
20260826,560110.SH,1.245,1.019
20260826,560120.SH,1.334,1.092
20260826,560130.SH,1.014,0.83
20260826,560150.SH,1.247,1.021
20260826,560160.SH,1.023,0.837
20260826,560170.SH,1.327,1.085
20260826,560180.SH,1.301,1.065
20260826,560190.SH,1.115,0.913
20260826,560210.SH,0.893,0.731
20260826,560220.SH,1.569,1.283
20260826,560230.SH,0.827,0.677
20260826,560250.SH,1.091,0.893
20260826,560260.SH,0.971,0.795
20260826,560270.SH,1.034,0.846
20260826,560280.SH,1.652,1.352
20260826,560290.SH,0.911,0.745
20260826,560300.SH,2.47,2.021
20260826,560310.SH,0.835,0.683
20260826,560320.SH,1.031,0.843
20260826,560330.SH,1.356,1.11
20260826,560350.SH,1.396,1.142
20260826,560360.SH,1.32,1.08
20260826,560370.SH,0.99,0.81
20260826,560380.SH,1.382,1.13
20260826,560390.SH,0.963,0.788
20260826,560400.SH,1.063,0.869
20260826,560410.SH,0.923,0.755
20260826,560420.SH,1.031,0.843
20260826,560450.SH,1.024,0.838
20260826,560460.SH,0.985,0.806
20260826,560470.SH,0.998,0.816
20260826,560480.SH,0.978,0.8
20260826,560490.SH,1.047,0.857
20260826,560500.SH,1.508,1.234
20260826,560510.SH,1.293,1.058
20260826,560520.SH,1.21,0.99
20260826,560530.SH,1.326,1.085
20260826,560550.SH,1.052,0.86
20260826,560560.SH,0.739,0.605
20260826,560570.SH,1.101,0.901
20260826,560580.SH,1.202,0.984
20260826,560590.SH,1.572,1.286
20260826,560610.SH,1.291,1.057
20260826,560620.SH,1.042,0.852
20260826,560630.SH,1.185,0.969
20260826,560660.SH,1.153,0.943
20260826,560670.SH,1.17,0.958
20260826,560680.SH,0.802,0.656
20260826,560690.SH,2.371,1.94
20260826,560700.SH,1.328,1.086
20260826,560710.SH,0.99,0.81
20260826,560720.SH,1.087,0.889
20260826,560730.SH,1.147,0.939
20260826,560750.SH,1.452,1.188
20260826,560770.SH,1.043,0.853
20260826,560780.SH,1.145,0.937
20260826,560790.SH,0.889,0.727
20260826,560800.SH,1.236,1.012
20260826,560810.SH,1.388,1.136
20260826,560820.SH,1.317,1.077
20260826,560830.SH,0.983,0.805
20260826,560850.SH,1.444,1.182
20260826,560860.SH,1.756,1.436
20260826,560870.SH,1.011,0.827
20260826,560880.SH,1.676,1.372
20260826,560900.SH,1.026,0.84
20260826,560910.SH,0.832,0.68
20260826,560920.SH,1.063,0.869
20260826,560930.SH,0.964,0.788
20260826,560950.SH,1.488,1.218
20260826,560970.SH,1.031,0.843
20260826,560980.SH,0.713,0.583
20260826,560990.SH,1.236,1.012
20260826,561000.SH,1.431,1.171
20260826,561010.SH,0.934,0.764
20260826,561020.SH,1.122,0.918
20260826,561030.SH,0.959,0.785
20260826,561050.SH,0.954,0.78
20260826,561060.SH,1.289,1.055
20260826,561080.SH,1.307,1.069
20260826,561090.SH,1.335,1.093
20260826,561100.SH,1.728,1.414
20260826,561120.SH,1.387,1.135
20260826,561130.SH,1.142,0.934
20260826,561160.SH,0.805,0.659
20260826,561170.SH,1.246,1.02
20260826,561180.SH,1.434,1.174
20260826,561190.SH,1.052,0.86
20260826,561200.SH,1.603,1.311
20260826,561220.SH,1.933,1.581
20260826,561230.SH,1.465,1.199
20260826,561250.SH,1.113,0.911
20260826,561260.SH,1.367,1.119
20260826,561280.SH,1.744,1.427
20260826,561300.SH,1.163,0.951
20260826,561310.SH,0.758,0.62
20260826,561320.SH,1.047,0.857
20260826,561330.SH,1.062,0.869
20260826,561350.SH,1.35,1.104
20260826,561360.SH,1.619,1.325
20260826,561370.SH,1.546,1.265
20260826,561380.SH,0.816,0.668
20260826,561390.SH,1.075,0.879
20260826,561400.SH,1.106,0.905
20260826,561410.SH,1.073,0.878
20260826,561420.SH,1.202,0.984
20260826,561430.SH,1.151,0.941
20260826,561450.SH,1.067,0.873
20260826,561460.SH,0.857,0.701
20260826,561470.SH,1.126,0.922
20260826,561490.SH,1.117,0.914
20260826,561500.SH,0.873,0.715
20260826,561510.SH,1.037,0.849
20260826,561550.SH,1.522,1.246
20260826,561560.SH,1.381,1.13
20260826,561570.SH,1.53,1.252
20260826,561580.SH,1.383,1.131
20260826,561590.SH,1.634,1.337
20260826,561600.SH,0.788,0.644
20260826,561620.SH,1.107,0.905
20260826,561630.SH,1.141,0.933
20260826,561660.SH,0.95,0.778
20260826,561680.SH,1.095,0.896
20260826,561700.SH,1.206,0.986
20260826,561750.SH,1.284,1.05
20260826,561760.SH,1.503,1.229
20260826,561770.SH,1.366,1.118
20260826,561780.SH,1.696,1.388
20260826,561790.SH,1.378,1.128
20260826,561800.SH,1.107,0.905
20260826,561810.SH,1.111,0.909
20260826,561870.SH,1.295,1.059
20260826,561880.SH,1.393,1.139
20260826,561890.SH,1.103,0.903
20260826,561900.SH,1.07,0.876
20260826,561910.SH,0.798,0.653
20260826,561920.SH,0.735,0.601
20260826,561930.SH,1.709,1.399
20260826,561950.SH,1.499,1.227
20260826,561960.SH,1.407,1.151
20260826,561980.SH,0.743,0.608
20260826,561990.SH,1.111,0.909
20260826,562000.SH,0.657,0.537
20260826,562010.SH,0.964,0.788
20260826,562030.SH,0.54,0.442
20260826,562050.SH,1.014,0.83
20260826,562060.SH,0.677,0.554
20260826,562070.SH,1.146,0.938
20260826,562080.SH,0.684,0.56
20260826,562300.SH,0.738,0.604
20260826,562310.SH,1.154,0.944
20260826,562320.SH,1.469,1.202
20260826,562330.SH,1.36,1.112
20260826,562340.SH,1.554,1.272
20260826,562350.SH,1.198,0.98
20260826,562360.SH,1.129,0.923
20260826,562380.SH,1.343,1.099
20260826,562390.SH,0.961,0.787
20260826,562500.SH,1.044,0.854
20260826,562510.SH,0.629,0.515
20260826,562520.SH,1.493,1.221
20260826,562530.SH,1.377,1.127
20260826,562550.SH,1.24,1.014
20260826,562560.SH,2.417,1.977
20260826,562570.SH,1.465,1.199
20260826,562580.SH,1.188,0.972
20260826,562590.SH,1.098,0.898
20260826,562600.SH,0.864,0.707
20260826,562660.SH,2.055,1.681
20260826,562700.SH,1.32,1.08
20260826,562800.SH,1.026,0.84
20260826,562810.SH,1.267,1.037
20260826,562820.SH,1.023,0.837
20260826,562850.SH,1.384,1.132
20260826,562860.SH,0.729,0.597
20260826,562870.SH,0.996,0.815
20260826,562880.SH,0.825,0.675
20260826,562890.SH,1.517,1.241
20260826,562900.SH,0.763,0.625
20260826,562910.SH,0.913,0.747
20260826,562920.SH,0.999,0.817
20260826,562930.SH,0.76,0.622
20260826,562950.SH,1.663,1.361
20260826,562960.SH,1.241,1.015
20260826,562970.SH,1.076,0.88
20260826,562990.SH,1.057,0.865
20260826,563000.SH,1.23,1.006
20260826,563010.SH,2.347,1.921
20260826,563020.SH,1.297,1.061
20260826,563030.SH,1.705,1.395
20260826,563050.SH,1.418,1.16
20260826,563060.SH,1.187,0.971
20260826,563080.SH,1.516,1.24
20260826,563090.SH,1.543,1.263
20260826,563150.SH,1.486,1.216
20260826,563180.SH,1.282,1.049
20260826,563200.SH,1.66,1.358
20260826,563210.SH,2.192,1.794
20260826,563220.SH,1.381,1.13
20260826,563230.SH,1.169,0.957
20260826,563280.SH,1.547,1.265
20260826,563300.SH,1.554,1.272
20260826,563320.SH,0.902,0.738
20260826,563330.SH,4.566,3.736
20260826,563350.SH,1.554,1.272
20260826,563360.SH,1.399,1.145
20260826,563380.SH,1.005,0.823
20260826,563390.SH,1.341,1.097
20260826,563500.SH,0.688,0.563
20260826,563510.SH,1.107,0.905
20260826,563520.SH,1.308,1.07
20260826,563530.SH,1.175,0.961
20260826,563550.SH,1.363,1.115
20260826,563560.SH,1.279,1.047
20260826,563570.SH,0.795,0.651
20260826,563580.SH,1.24,1.014
20260826,563590.SH,1.08,0.884
20260826,563600.SH,1.134,0.928
20260826,563620.SH,1.187,0.971
20260826,563630.SH,1.389,1.137
20260826,563650.SH,1.399,1.145
20260826,563660.SH,1.36,1.112
20260826,563670.SH,0.732,0.599
20260826,563680.SH,1.316,1.076
20260826,563690.SH,1.125,0.921
20260826,563700.SH,1.18,0.966
20260826,563750.SH,1.19,0.974
20260826,563760.SH,1.29,1.056
20260826,563770.SH,1.305,1.067
20260826,563780.SH,1.341,1.097
20260826,563790.SH,0.884,0.724
20260826,563800.SH,1.324,1.084
20260826,563830.SH,1.287,1.053
20260826,563850.SH,1.051,0.86
20260826,563860.SH,1.422,1.164
20260826,563870.SH,0.688,0.563
20260826,563880.SH,1.368,1.12
20260826,563890.SH,1.18,0.966
20260826,563900.SH,1.289,1.055
20260826,563930.SH,1.154,0.944
20260826,563960.SH,1.054,0.862
20260826,563980.SH,1.071,0.877
20260826,563990.SH,1.376,1.126
20260826,588000.SH,2.032,1.354
20260826,588010.SH,1.246,0.83
20260826,588020.SH,1.012,0.674
20260826,588030.SH,2.098,1.398
20260826,588040.SH,1.962,1.308
20260826,588050.SH,1.973,1.315
20260826,588060.SH,1.224,0.816
20260826,588070.SH,2.585,1.723
20260826,588080.SH,1.972,1.314
20260826,588090.SH,1.982,1.322
20260826,588100.SH,1.014,0.676
20260826,588110.SH,0.74,0.494
20260826,588120.SH,1.067,0.711
20260826,588130.SH,1.242,0.828
20260826,588140.SH,1.428,0.952
20260826,588150.SH,1.37,0.914
20260826,588160.SH,1.278,0.852
20260826,588170.SH,1.171,0.781
20260826,588180.SH,1.258,0.838
20260826,588190.SH,2.089,1.393
20260826,588200.SH,1.356,0.904
20260826,588210.SH,2.111,1.407
20260826,588220.SH,2.098,1.398
20260826,588230.SH,2.116,1.41
20260826,588240.SH,1.951,1.301
20260826,588250.SH,1.265,0.843
20260826,588260.SH,2.923,1.949
20260826,588270.SH,1.986,1.324
20260826,588280.SH,1.384,0.922
20260826,588290.SH,1.327,0.885
20260826,588300.SH,1.326,0.884
20260826,588310.SH,1.378,0.918
20260826,588320.SH,2.04,1.36
20260826,588330.SH,1.303,0.869
20260826,588350.SH,1.996,1.33
20260826,588360.SH,1.396,0.93
20260826,588370.SH,2.046,1.364
20260826,588380.SH,1.303,0.869
20260826,588390.SH,1.403,0.935
20260826,588400.SH,1.303,0.869
20260826,588410.SH,1.364,0.91
20260826,588420.SH,1.349,0.899
20260826,588430.SH,1.397,0.931
20260826,588450.SH,2.502,1.668
20260826,588460.SH,2.383,1.589
20260826,588470.SH,0.959,0.639
20260826,588480.SH,1.024,0.682
20260826,588500.SH,2.998,1.998
20260826,588510.SH,0.976,0.65
20260826,588520.SH,1.663,1.109
20260826,588530.SH,1.069,0.713
20260826,588550.SH,1.564,1.042
20260826,588660.SH,2.135,1.423
20260826,588670.SH,2.052,1.368
20260826,588680.SH,3.066,2.044
20260826,588690.SH,1.402,0.934
20260826,588700.SH,1.219,0.813
20260826,588710.SH,1.21,0.806
20260826,588720.SH,1.964,1.31
20260826,588730.SH,1.691,1.127
20260826,588750.SH,2.714,1.81
20260826,588760.SH,0.857,0.571
20260826,588770.SH,2.132,1.422
20260826,588780.SH,1.124,0.75
20260826,588790.SH,0.904,0.602
20260826,588800.SH,2.08,1.386
20260826,588810.SH,2.91,1.94
20260826,588820.SH,2.273,1.515
20260826,588830.SH,1.477,0.985
20260826,588840.SH,1.784,1.19
20260826,588850.SH,2.144,1.43
20260826,588860.SH,0.812,0.542
20260826,588870.SH,1.958,1.306
20260826,588880.SH,2.083,1.389
20260826,588890.SH,1.534,1.022
20260826,588900.SH,2.16,1.44
20260826,588910.SH,1.8,1.2
20260826,588920.SH,1.304,0.87
20260826,588930.SH,1.774,1.182
20260826,588940.SH,0.997,0.665
20260826,588950.SH,2.02,1.346
20260826,588960.SH,1.363,0.909
20260826,588980.SH,1.931,1.287
20260826,588990.SH,4.247,2.831
20260826,589000.SH,1.83,1.22
20260826,589010.SH,1.6,1.066
20260826,589020.SH,1.426,0.95
20260826,589030.SH,1.308,0.872
20260826,589050.SH,1.583,1.055
20260826,589060.SH,1.926,1.284
20260826,589070.SH,1.222,0.814
20260826,589080.SH,1.825,1.217
20260826,589090.SH,1.211,0.807
20260826,589100.SH,1.05,0.7
20260826,589110.SH,1.049,0.699
20260826,589120.SH,1.016,0.678
20260826,589130.SH,1.614,1.076
20260826,589150.SH,1.396,0.93
20260826,589160.SH,1.478,0.986
20260826,589170.SH,1.232,0.822
20260826,589180.SH,2.038,1.358
20260826,589190.SH,0.739,0.493
20260826,589200.SH,1.612,1.074
20260826,589210.SH,0.773,0.515
20260826,589220.SH,1.192,0.794
20260826,589230.SH,0.979,0.653
20260826,589250.SH,1.418,0.946
20260826,589260.SH,1.424,0.95
20260826,589270.SH,1.334,0.89
20260826,589280.SH,1.086,0.724
20260826,589290.SH,0.902,0.602
20260826,589300.SH,2.006,1.338
20260826,589310.SH,0.932,0.622
20260826,589320.SH,1.013,0.675
20260826,589330.SH,1.032,0.688
20260826,589350.SH,0.876,0.584
20260826,589360.SH,0.994,0.662
20260826,589380.SH,1.616,1.078
20260826,589390.SH,0.868,0.578
20260826,589400.SH,0.869,0.579
20260826,589410.SH,0.95,0.634
20260826,589420.SH,0.872,0.582
20260826,589460.SH,1.147,0.765
20260826,589500.SH,1.864,1.242
20260826,589520.SH,0.68,0.454
20260826,589550.SH,1.568,1.046
20260826,589560.SH,1.081,0.721
20260826,589580.SH,1.824,1.216
20260826,589600.SH,1.831,1.221
20260826,589630.SH,0.911,0.607
20260826,589660.SH,1.844,1.23
20260826,589680.SH,1.776,1.184
20260826,589700.SH,2.574,1.716
20260826,589720.SH,1.1,0.734
20260826,589770.SH,1.856,1.238
20260826,589780.SH,1.445,0.963
20260826,589800.SH,1.842,1.228
20260826,589820.SH,1.466,0.978
20260826,589850.SH,1.85,1.234
20260826,589860.SH,1.824,1.216
20260826,589880.SH,1.812,1.208
20260826,589890.SH,1.829,1.219
20260826,589900.SH,1.835,1.223
20260826,589950.SH,1.571,1.047
20260826,589960.SH,1.045,0.697
20260826,589980.SH,2.172,1.448
20260826,589990.SH,1.921,1.281
20260826,600000.SH,9.99,8.17
20260826,600004.SH,8.28,6.78
20260826,600006.SH,5.91,4.83
20260826,600007.SH,20.65,16.89
20260826,600008.SH,3.15,2.57
20260826,600009.SH,25.72,21.04
20260826,600010.SH,2.48,2.03
20260826,600011.SH,7.36,6.02
20260826,600012.SH,18.03,14.75
20260826,600015.SH,7.43,6.08
20260826,600016.SH,3.85,3.15
20260826,600017.SH,2.97,2.43
20260826,600018.SH,5.76,4.72
20260826,600019.SH,6.44,5.27
20260826,600020.SH,4.18,3.42
20260826,600021.SH,15.07,12.33
20260826,600022.SH,1.47,1.21
20260826,600023.SH,5.38,4.4
20260826,600025.SH,10.77,8.81
20260826,600026.SH,20.94,17.14
20260826,600027.SH,5.06,4.14
20260826,600028.SH,5.9,4.82
20260826,600029.SH,5.57,4.55
20260826,600030.SH,29.87,24.44
20260826,600031.SH,20.85,17.06
20260826,600032.SH,7.51,6.15
20260826,600033.SH,3.86,3.16
20260826,600035.SH,3.74,3.06
20260826,600036.SH,43.45,35.55
20260826,600037.SH,7.76,6.35
20260826,600038.SH,29.92,24.48
20260826,600039.SH,9.44,7.72
20260826,600048.SH,5.62,4.6
20260826,600050.SH,4.76,3.9
20260826,600051.SH,6.97,5.71
20260826,600052.SH,4.29,3.51
20260826,600053.SH,8.54,6.98
20260826,600054.SH,12.47,10.21
20260826,600055.SH,12.24,10.02
20260826,600056.SH,10.35,8.47
20260826,600057.SH,6.78,5.54
20260826,600058.SH,11.01,9.01
20260826,600059.SH,8.95,7.33
20260826,600060.SH,28.8,23.56
20260826,600061.SH,6.94,5.68
20260826,600062.SH,17.61,14.41
20260826,600063.SH,6.25,5.11
20260826,600064.SH,8.45,6.91
20260826,600066.SH,32.99,26.99
20260826,600067.SH,3.12,2.56
20260826,600071.SH,17.29,14.15
20260826,600072.SH,9.67,7.91
20260826,600073.SH,5.91,4.83
20260826,600075.SH,5.13,4.19
20260826,600076.SH,3.47,2.84
20260826,600078.SH,11.92,9.76
20260826,600079.SH,19.82,16.22
20260826,600080.SH,5.3,4.34
20260826,600081.SH,11.15,9.13
20260826,600082.SH,3.25,2.66
20260826,600084.SH,4.63,3.79
20260826,600085.SH,26.68,21.83
20260826,600088.SH,12.71,10.4
20260826,600089.SH,20.9,17.1
20260826,600094.SH,4.42,3.62
20260826,600095.SH,8.67,7.09
20260826,600096.SH,32.76,26.8
20260826,600097.SH,9.63,7.88
20260826,600098.SH,6.91,5.65
20260826,600099.SH,10.13,8.29
20260826,600100.SH,7.38,6.04
20260826,600101.SH,8.73,7.15
20260826,600103.SH,3.47,2.84
20260826,600104.SH,11.34,9.28
20260826,600105.SH,42.33,34.63
20260826,600106.SH,4.7,3.84
20260826,600107.SH,6.47,5.29
20260826,600108.SH,3.71,3.03
20260826,600109.SH,9.39,7.69
20260826,600110.SH,12.38,10.13
20260826,600111.SH,43.84,35.87
20260826,600113.SH,32.69,26.75
20260826,600114.SH,32.35,26.47
20260826,600115.SH,3.88,3.18
20260826,600116.SH,6.9,5.64
20260826,600117.SH,2.5,2.04
20260826,600118.SH,66.26,54.22
20260826,600119.SH,5.23,4.28
20260826,600120.SH,5.3,4.34
20260826,600121.SH,4.6,3.76
20260826,600123.SH,7.99,6.53
20260826,600125.SH,5.98,4.9
20260826,600126.SH,7.49,6.13
20260826,600127.SH,10.24,8.38
20260826,600128.SH,9.25,7.57
20260826,600129.SH,16.13,13.19
20260826,600130.SH,4.8,3.92
20260826,600131.SH,16.37,13.39
20260826,600132.SH,43.68,35.74
20260826,600133.SH,9.09,7.43
20260826,600135.SH,8.07,6.61
20260826,600136.SH,1.61,1.31
20260826,600137.SH,20.09,16.43
20260826,600138.SH,7.84,6.42
20260826,600141.SH,32.47,26.57
20260826,600143.SH,15.53,12.71
20260826,600148.SH,17.3,14.16
20260826,600149.SH,5.5,4.5
20260826,600150.SH,37.22,30.46
20260826,600151.SH,11.23,9.19
20260826,600152.SH,9.11,7.45
20260826,600153.SH,9.66,7.9
20260826,600155.SH,6.53,5.35
20260826,600156.SH,9.05,7.41
20260826,600157.SH,1.73,1.41
20260826,600158.SH,7.74,6.34
20260826,600159.SH,2.86,2.34
20260826,600160.SH,41.71,34.13
20260826,600161.SH,13.55,11.09
20260826,600162.SH,4.75,3.89
20260826,600163.SH,5.48,4.48
20260826,600165.SH,3.6,2.94
20260826,600166.SH,3.15,2.57
20260826,600167.SH,6.27,5.13
20260826,600168.SH,4.86,3.98
20260826,600169.SH,2.26,1.85
20260826,600170.SH,2.51,2.05
20260826,600171.SH,24.68,20.2
20260826,600172.SH,15.39,12.59
20260826,600173.SH,6.74,5.52
20260826,600176.SH,43.77,35.81
20260826,600177.SH,8.69,7.11
20260826,600178.SH,10.51,8.6
20260826,600179.SH,4.84,3.96
20260826,600180.SH,1.68,1.38
20260826,600182.SH,14.29,12.93
20260826,600183.SH,141.9,116.1
20260826,600184.SH,19.32,15.8
20260826,600185.SH,5.14,4.2
20260826,600186.SH,12.71,10.4
20260826,600187.SH,1.49,1.22
20260826,600188.SH,23.88,19.54
20260826,600189.SH,8.25,6.75
20260826,600191.SH,12.79,10.47
20260826,600192.SH,7.73,6.33
20260826,600195.SH,7.51,6.15
20260826,600196.SH,25.32,20.72
20260826,600197.SH,11.07,9.05
20260826,600198.SH,8.66,7.08
20260826,600199.SH,7.73,6.33
20260826,600201.SH,13.94,11.4
20260826,600202.SH,5.67,4.64
20260826,600203.SH,11.48,9.4
20260826,600206.SH,56.27,46.04
20260826,600207.SH,4.85,3.97
20260826,600208.SH,3.21,2.63
20260826,600210.SH,6.69,5.47
20260826,600211.SH,42.39,34.69
20260826,600212.SH,6.69,5.47
20260826,600215.SH,7.16,5.86
20260826,600216.SH,14.16,11.58
20260826,600217.SH,3.52,2.88
20260826,600218.SH,8.53,6.98
20260826,600219.SH,5.29,4.33
20260826,600221.SH,1.44,1.18
20260826,600222.SH,8.78,7.18
20260826,600223.SH,6.36,5.2
20260826,600226.SH,6.57,5.37
20260826,600227.SH,4.19,3.43
20260826,600228.SH,9.15,7.49
20260826,600229.SH,5.7,4.66
20260826,600230.SH,15.81,12.93
20260826,600231.SH,1.93,1.58
20260826,600232.SH,7.21,5.9
20260826,600233.SH,18.6,15.22
20260826,600234.SH,22.73,18.59
20260826,600235.SH,6.4,5.24
20260826,600236.SH,10.88,8.9
20260826,600237.SH,9.08,7.43
20260826,600238.SH,5.35,4.37
20260826,600239.SH,1.57,1.29
20260826,600241.SH,8.23,6.73
20260826,600243.SH,4.11,3.37
20260826,600246.SH,12.65,10.35
20260826,600248.SH,3.21,2.63
20260826,600249.SH,5.85,4.79
20260826,600250.SH,10.46,8.56
20260826,600251.SH,11.43,9.35
20260826,600252.SH,2.49,2.03
20260826,600255.SH,3.63,2.97
20260826,600256.SH,6.79,5.55
20260826,600257.SH,6.2,5.08
20260826,600258.SH,13.5,11.04
20260826,600259.SH,89.41,73.15
20260826,600261.SH,3.48,2.84
20260826,600262.SH,17.45,14.27
20260826,600265.SH,25.23,20.65
20260826,600266.SH,4.52,3.7
20260826,600267.SH,13.51,11.05
20260826,600268.SH,11.61,9.5
20260826,600269.SH,4.2,3.44
20260826,600271.SH,7.5,6.14
20260826,600272.SH,21.1,17.26
20260826,600273.SH,7.23,5.91
20260826,600276.SH,51.14,41.84
20260826,600278.SH,6.89,5.63
20260826,600279.SH,4.86,3.98
20260826,600280.SH,3.39,2.77
20260826,600281.SH,5.56,4.55
20260826,600282.SH,5.21,4.27
20260826,600283.SH,8.66,7.08
20260826,600284.SH,5.62,4.6
20260826,600285.SH,21.64,17.7
20260826,600287.SH,5.41,4.43
20260826,600288.SH,12.27,10.04
20260826,600289.SH,4.96,4.06
20260826,600292.SH,13.33,10.91
20260826,600293.SH,3.15,2.57
20260826,600295.SH,14.25,11.66
20260826,600298.SH,45.51,37.23
20260826,600299.SH,9.22,7.54
20260826,600300.SH,3.48,2.84
20260826,600301.SH,50.56,41.36
20260826,600302.SH,7.12,5.82
20260826,600303.SH,3.26,2.66
20260826,600305.SH,7.48,6.12
20260826,600307.SH,1.6,1.31
20260826,600308.SH,3.58,2.93
20260826,600309.SH,80.16,65.58
20260826,600310.SH,4.59,3.75
20260826,600312.SH,22.07,18.05
20260826,600313.SH,7.71,6.31
20260826,600315.SH,20.17,16.51
20260826,600316.SH,31.79,26.01
20260826,600318.SH,7.25,5.93
20260826,600319.SH,6.96,5.7
20260826,600320.SH,4.53,3.71
20260826,600322.SH,2.94,2.4
20260826,600323.SH,32.7,26.76
20260826,600325.SH,2.59,2.12
20260826,600326.SH,7.85,6.43
20260826,600327.SH,4.49,3.67
20260826,600328.SH,7.1,5.81
20260826,600329.SH,39.69,32.47
20260826,600330.SH,30.15,24.67
20260826,600331.SH,13.61,11.13
20260826,600332.SH,22.24,18.2
20260826,600333.SH,6.91,5.65
20260826,600335.SH,5.72,4.68
20260826,600336.SH,6.86,5.62
20260826,600337.SH,3.62,2.96
20260826,600338.SH,14.99,12.27
20260826,600339.SH,3.75,3.07
20260826,600340.SH,1.2,0.98
20260826,600343.SH,20.0,16.36
20260826,600345.SH,52.8,43.2
20260826,600346.SH,20.13,16.47
20260826,600348.SH,9.87,8.07
20260826,600350.SH,11.99,9.81
20260826,600351.SH,7.7,6.3
20260826,600352.SH,13.93,11.39
20260826,600353.SH,38.84,31.78
20260826,600354.SH,7.8,6.38
20260826,600356.SH,9.92,8.12
20260826,600358.SH,5.59,4.57
20260826,600359.SH,7.49,6.13
20260826,600360.SH,11.4,9.32
20260826,600361.SH,4.09,3.35
20260826,600362.SH,48.57,39.74
20260826,600363.SH,19.51,15.97
20260826,600365.SH,3.12,2.56
20260826,600366.SH,12.69,10.39
20260826,600367.SH,42.1,34.44
20260826,600368.SH,4.55,3.73
20260826,600369.SH,4.43,3.63
20260826,600370.SH,1.67,1.37
20260826,600371.SH,9.54,7.8
20260826,600372.SH,11.97,9.79
20260826,600373.SH,7.83,6.41
20260826,600375.SH,4.2,3.44
20260826,600376.SH,3.69,3.02
20260826,600377.SH,13.48,11.03
20260826,600378.SH,47.67,39.01
20260826,600379.SH,16.26,13.3
20260826,600380.SH,10.16,8.32
20260826,600381.SH,5.31,4.35
20260826,600382.SH,7.11,5.81
20260826,600383.SH,2.45,2.01
20260826,600386.SH,3.81,3.11
20260826,600388.SH,19.16,15.68
20260826,600389.SH,20.24,16.56
20260826,600390.SH,5.49,4.49
20260826,600391.SH,34.32,28.08
20260826,600392.SH,24.55,20.09
20260826,600395.SH,6.03,4.93
20260826,600396.SH,15.55,12.73
20260826,600397.SH,19.32,15.8
20260826,600398.SH,6.64,5.44
20260826,600399.SH,4.76,3.9
20260826,600400.SH,3.26,2.66
20260826,600403.SH,7.82,6.4
20260826,600405.SH,5.03,4.11
20260826,600406.SH,25.47,20.84
20260826,600408.SH,3.25,2.66
20260826,600409.SH,7.65,6.26
20260826,600410.SH,14.7,12.02
20260826,600415.SH,13.39,10.95
20260826,600416.SH,9.38,7.68
20260826,600418.SH,23.34,19.1
20260826,600419.SH,9.57,7.83
20260826,600420.SH,9.44,7.72
20260826,600422.SH,9.42,7.7
20260826,600423.SH,3.18,2.6
20260826,600425.SH,4.03,3.29
20260826,600426.SH,21.96,17.96
20260826,600428.SH,12.39,10.13
20260826,600429.SH,5.14,4.2
20260826,600433.SH,3.72,3.04
20260826,600435.SH,11.61,9.5
20260826,600436.SH,138.75,113.53
20260826,600438.SH,13.21,10.81
20260826,600439.SH,2.07,1.69
20260826,600444.SH,15.83,12.95
20260826,600446.SH,11.8,9.66
20260826,600448.SH,3.28,2.68
20260826,600449.SH,13.79,11.29
20260826,600452.SH,10.01,8.19
20260826,600455.SH,26.86,21.98
20260826,600456.SH,30.14,24.66
20260826,600458.SH,12.71,10.4
20260826,600459.SH,23.18,18.96
20260826,600460.SH,37.75,30.89
20260826,600461.SH,9.82,8.04
20260826,600463.SH,9.14,7.48
20260826,600467.SH,2.61,2.13
20260826,600468.SH,6.57,5.37
20260826,600469.SH,5.78,4.73
20260826,600470.SH,6.52,5.34
20260826,600475.SH,16.78,13.73
20260826,600476.SH,10.54,8.62
20260826,600477.SH,2.71,2.21
20260826,600478.SH,5.42,4.44
20260826,600479.SH,11.02,9.02
20260826,600480.SH,9.26,7.58
20260826,600481.SH,4.7,3.84
20260826,600482.SH,35.04,28.67
20260826,600483.SH,11.73,9.59
20260826,600486.SH,59.42,48.62
20260826,600487.SH,71.06,58.14
20260826,600488.SH,6.0,4.91
20260826,600489.SH,28.86,23.62
20260826,600490.SH,8.07,6.61
20260826,600491.SH,1.98,1.62
20260826,600493.SH,6.81,5.57
20260826,600495.SH,4.53,3.71
20260826,600496.SH,3.76,3.08
20260826,600497.SH,10.92,8.94
20260826,600498.SH,44.73,36.59
20260826,600499.SH,15.69,12.83
20260826,600500.SH,5.81,4.75
20260826,600501.SH,15.6,12.76
20260826,600502.SH,5.02,4.1
20260826,600503.SH,2.43,1.99
20260826,600505.SH,11.7,9.58
20260826,600506.SH,16.81,13.75
20260826,600507.SH,4.76,3.9
20260826,600508.SH,11.96,9.78
20260826,600509.SH,8.14,6.66
20260826,600510.SH,7.92,6.48
20260826,600511.SH,29.38,24.04
20260826,600512.SH,2.24,1.84
20260826,600513.SH,17.9,14.64
20260826,600515.SH,3.07,2.51
20260826,600516.SH,5.57,4.55
20260826,600517.SH,5.42,4.44
20260826,600518.SH,1.51,1.23
20260826,600519.SH,1434.4,1173.6
20260826,600520.SH,26.33,21.55
20260826,600521.SH,18.07,14.79
20260826,600522.SH,37.28,30.5
20260826,600523.SH,13.15,10.76
20260826,600525.SH,6.36,5.2
20260826,600526.SH,5.19,4.25
20260826,600527.SH,2.46,2.02
20260826,600528.SH,7.74,6.34
20260826,600529.SH,21.14,17.3
20260826,600530.SH,4.17,3.41
20260826,600531.SH,14.77,12.09
20260826,600533.SH,2.42,1.98
20260826,600535.SH,16.23,13.28
20260826,600536.SH,35.81,29.3
20260826,600537.SH,2.31,1.89
20260826,600538.SH,5.8,4.74
20260826,600539.SH,16.34,13.37
20260826,600540.SH,4.52,3.7
20260826,600543.SH,4.58,3.74
20260826,600545.SH,4.68,3.83
20260826,600546.SH,14.64,11.98
20260826,600547.SH,38.47,31.47
20260826,600548.SH,9.04,7.4
20260826,600549.SH,57.63,47.15
20260826,600550.SH,12.06,9.86
20260826,600551.SH,7.59,6.21
20260826,600552.SH,19.59,16.03
20260826,600556.SH,5.03,4.11
20260826,600557.SH,13.44,11.0
20260826,600558.SH,5.35,4.37
20260826,600559.SH,12.87,10.53
20260826,600560.SH,12.41,10.15
20260826,600561.SH,6.39,5.23
20260826,600562.SH,29.11,23.81
20260826,600563.SH,138.8,113.56
20260826,600566.SH,27.43,22.45
20260826,600567.SH,1.47,1.21
20260826,600568.SH,2.37,1.94
20260826,600569.SH,1.98,1.62
20260826,600570.SH,23.49,19.22
20260826,600571.SH,11.88,9.72
20260826,600572.SH,4.73,3.87
20260826,600573.SH,10.88,8.9
20260826,600575.SH,3.69,3.02
20260826,600576.SH,6.08,4.98
20260826,600577.SH,9.47,7.75
20260826,600578.SH,6.13,5.01
20260826,600579.SH,7.59,6.21
20260826,600580.SH,32.71,26.77
20260826,600581.SH,2.55,2.09
20260826,600582.SH,5.39,4.41
20260826,600583.SH,6.67,5.45
20260826,600584.SH,81.46,66.65
20260826,600585.SH,19.36,15.84
20260826,600586.SH,4.64,3.8
20260826,600587.SH,13.73,11.23
20260826,600588.SH,11.2,9.16
20260826,600589.SH,8.2,6.71
20260826,600590.SH,9.11,7.45
20260826,600592.SH,15.65,12.81
20260826,600593.SH,44.25,36.21
20260826,600594.SH,4.22,3.46
20260826,600595.SH,6.77,5.54
20260826,600596.SH,11.41,9.33
20260826,600597.SH,7.48,6.12
20260826,600598.SH,14.5,11.86
20260826,600600.SH,56.36,46.12
20260826,600601.SH,12.71,10.4
20260826,600602.SH,20.25,16.57
20260826,600603.SH,5.03,4.11
20260826,600604.SH,5.1,4.18
20260826,600605.SH,29.24,23.92
20260826,600606.SH,1.4,1.14
20260826,600609.SH,3.67,3.01
20260826,600610.SH,9.61,7.87
20260826,600611.SH,5.06,4.14
20260826,600612.SH,39.11,32.0
20260826,600613.SH,11.3,9.24
20260826,600615.SH,10.45,8.55
20260826,600616.SH,4.81,3.93
20260826,600617.SH,3.7,3.02
20260826,600618.SH,11.17,9.14
20260826,600619.SH,15.7,12.84
20260826,600620.SH,4.94,4.04
20260826,600621.SH,14.1,11.54
20260826,600622.SH,2.5,2.04
20260826,600623.SH,8.88,7.26
20260826,600624.SH,4.57,3.74
20260826,600626.SH,3.99,3.27
20260826,600628.SH,6.9,5.64
20260826,600629.SH,17.84,14.6
20260826,600630.SH,7.49,6.13
20260826,600633.SH,11.11,9.09
20260826,600635.SH,5.03,4.11
20260826,600637.SH,9.19,7.52
20260826,600638.SH,5.59,4.57
20260826,600639.SH,10.43,8.53
20260826,600640.SH,11.64,9.52
20260826,600641.SH,34.61,28.31
20260826,600642.SH,9.23,7.55
20260826,600643.SH,4.48,3.66
20260826,600644.SH,9.68,7.92
20260826,600645.SH,21.65,17.71
20260826,600648.SH,10.2,8.34
20260826,600649.SH,4.24,3.47
20260826,600650.SH,11.51,9.41
20260826,600651.SH,6.25,5.11
20260826,600653.SH,1.87,1.53
20260826,600654.SH,3.27,2.67
20260826,600655.SH,5.13,4.19
20260826,600657.SH,2.9,2.38
20260826,600658.SH,4.46,3.65
20260826,600660.SH,63.44,51.9
20260826,600661.SH,9.48,7.76
20260826,600662.SH,4.66,3.82
20260826,600663.SH,10.31,8.43
20260826,600664.SH,9.03,7.39
20260826,600665.SH,3.81,3.11
20260826,600666.SH,3.78,3.1
20260826,600667.SH,21.93,17.95
20260826,600668.SH,8.14,6.66
20260826,600671.SH,21.91,17.93
20260826,600673.SH,35.28,28.86
20260826,600674.SH,17.09,13.99
20260826,600675.SH,2.5,2.04
20260826,600676.SH,7.28,5.96
20260826,600678.SH,5.94,4.86
20260826,600679.SH,10.64,8.7
20260826,600681.SH,3.82,3.12
20260826,600682.SH,6.33,5.18
20260826,600683.SH,11.21,9.17
20260826,600684.SH,3.91,3.2
20260826,600685.SH,28.49,23.31
20260826,600686.SH,12.43,10.17
20260826,600688.SH,3.14,2.57
20260826,600689.SH,12.08,9.88
20260826,600690.SH,23.35,19.11
20260826,600691.SH,2.86,2.34
20260826,600692.SH,7.14,5.84
20260826,600693.SH,9.86,8.06
20260826,600694.SH,16.08,13.16
20260826,600697.SH,12.13,9.93
20260826,600698.SH,8.01,6.55
20260826,600699.SH,21.05,17.23
20260826,600702.SH,38.83,31.77
20260826,600703.SH,14.54,11.9
20260826,600704.SH,5.38,4.4
20260826,600706.SH,8.81,7.21
20260826,600707.SH,10.2,8.34
20260826,600708.SH,3.36,2.75
20260826,600710.SH,11.67,9.55
20260826,600711.SH,12.66,10.36
20260826,600712.SH,6.0,4.91
20260826,600713.SH,5.78,4.73
20260826,600714.SH,18.99,15.53
20260826,600715.SH,1.74,1.42
20260826,600716.SH,3.94,3.22
20260826,600717.SH,4.74,3.88
20260826,600718.SH,9.01,7.37
20260826,600719.SH,7.63,6.25
20260826,600720.SH,5.71,4.67
20260826,600721.SH,16.46,13.46
20260826,600722.SH,15.42,12.62
20260826,600724.SH,5.62,4.6
20260826,600725.SH,3.64,2.98
20260826,600726.SH,6.11,5.0
20260826,600727.SH,8.31,6.8
20260826,600728.SH,5.07,4.15
20260826,600729.SH,21.41,17.51
20260826,600730.SH,10.33,8.45
20260826,600731.SH,6.44,5.27
20260826,600732.SH,12.65,10.35
20260826,600733.SH,5.48,4.48
20260826,600734.SH,1.84,1.5
20260826,600735.SH,6.74,5.52
20260826,600736.SH,7.45,6.09
20260826,600737.SH,16.21,13.27
20260826,600738.SH,4.55,3.73
20260826,600739.SH,11.86,9.7
20260826,600740.SH,4.2,3.44
20260826,600741.SH,16.9,13.82
20260826,600742.SH,8.51,6.97
20260826,600743.SH,2.54,2.08
20260826,600744.SH,7.12,5.82
20260826,600745.SH,20.81,17.03
20260826,600746.SH,7.41,6.07
20260826,600748.SH,4.25,3.47
20260826,600749.SH,16.46,13.46
20260826,600750.SH,25.47,20.84
20260826,600751.SH,3.47,2.84
20260826,600753.SH,11.0,9.0
20260826,600754.SH,20.74,16.97
20260826,600755.SH,6.37,5.21
20260826,600756.SH,15.52,12.7
20260826,600757.SH,8.53,6.98
20260826,600758.SH,3.92,3.2
20260826,600759.SH,2.89,2.37
20260826,600760.SH,48.75,39.89
20260826,600761.SH,17.81,14.57
20260826,600763.SH,38.92,31.84
20260826,600764.SH,19.36,15.84
20260826,600765.SH,14.56,11.92
20260826,600768.SH,16.85,13.79
20260826,600769.SH,16.16,13.22
20260826,600770.SH,5.58,4.56
20260826,600771.SH,14.97,12.25
20260826,600773.SH,11.53,9.43
20260826,600774.SH,8.15,6.67
20260826,600775.SH,10.38,8.5
20260826,600776.SH,14.16,11.58
20260826,600777.SH,4.39,3.59
20260826,600778.SH,6.22,5.09
20260826,600779.SH,29.87,24.44
20260826,600780.SH,6.44,5.27
20260826,600782.SH,3.11,2.55
20260826,600783.SH,18.07,14.79
20260826,600784.SH,8.45,6.91
20260826,600785.SH,12.96,10.6
20260826,600787.SH,5.13,4.19
20260826,600789.SH,8.12,6.64
20260826,600790.SH,3.72,3.04
20260826,600791.SH,8.5,6.96
20260826,600792.SH,4.2,3.44
20260826,600793.SH,15.83,12.95
20260826,600794.SH,3.54,2.9
20260826,600795.SH,5.65,4.63
20260826,600796.SH,5.69,4.65
20260826,600797.SH,7.44,6.08
20260826,600798.SH,3.64,2.98
20260826,600800.SH,3.7,3.02
20260826,600801.SH,25.63,20.97
20260826,600802.SH,5.15,4.21
20260826,600803.SH,19.65,16.07
20260826,600805.SH,5.1,4.18
20260826,600807.SH,2.92,2.39
20260826,600808.SH,2.86,2.34
20260826,600809.SH,128.33,104.99
20260826,600810.SH,6.97,5.71
20260826,600812.SH,5.29,4.33
20260826,600814.SH,7.52,6.16
20260826,600815.SH,4.29,3.51
20260826,600816.SH,2.77,2.27
20260826,600817.SH,10.68,8.74
20260826,600818.SH,8.14,6.66
20260826,600819.SH,6.06,4.96
20260826,600820.SH,6.02,4.92
20260826,600821.SH,6.57,5.37
20260826,600822.SH,9.36,7.66
20260826,600824.SH,4.0,3.28
20260826,600825.SH,5.51,4.51
20260826,600826.SH,8.73,7.15
20260826,600827.SH,8.48,6.94
20260826,600828.SH,4.43,3.63
20260826,600829.SH,11.15,9.13
20260826,600830.SH,9.17,7.51
20260826,600831.SH,3.72,3.04
20260826,600833.SH,11.99,9.81
20260826,600834.SH,8.23,6.73
20260826,600835.SH,19.71,16.13
20260826,600838.SH,8.82,7.22
20260826,600839.SH,7.61,6.23
20260826,600841.SH,6.27,5.13
20260826,600843.SH,7.8,6.38
20260826,600844.SH,4.09,3.35
20260826,600845.SH,19.07,15.61
20260826,600846.SH,12.72,10.4
20260826,600847.SH,14.25,11.66
20260826,600848.SH,9.39,7.69
20260826,600850.SH,16.03,13.11
20260826,600851.SH,9.43,7.71
20260826,600853.SH,3.66,3.0
20260826,600854.SH,5.12,4.19
20260826,600855.SH,13.23,10.83
20260826,600857.SH,22.36,18.3
20260826,600858.SH,5.41,4.43
20260826,600859.SH,10.98,8.98
20260826,600860.SH,9.34,7.64
20260826,600861.SH,14.38,11.76
20260826,600862.SH,19.18,15.7
20260826,600863.SH,5.14,4.2
20260826,600864.SH,6.0,4.91
20260826,600865.SH,9.67,7.91
20260826,600866.SH,4.73,3.87
20260826,600867.SH,8.91,7.29
20260826,600868.SH,3.08,2.52
20260826,600869.SH,17.82,14.58
20260826,600871.SH,2.45,2.01
20260826,600872.SH,20.33,16.63
20260826,600873.SH,8.64,7.07
20260826,600874.SH,6.14,5.02
20260826,600875.SH,28.16,23.04
20260826,600876.SH,7.81,6.39
20260826,600877.SH,13.23,10.83
20260826,600879.SH,15.65,12.81
20260826,600880.SH,4.28,3.5
20260826,600881.SH,2.13,1.75
20260826,600882.SH,22.41,18.33
20260826,600883.SH,8.77,7.17
20260826,600884.SH,13.24,10.84
20260826,600885.SH,37.8,30.92
20260826,600886.SH,15.29,12.51
20260826,600887.SH,28.49,23.31
20260826,600888.SH,11.43,9.35
20260826,600889.SH,14.41,11.79
20260826,600892.SH,4.29,3.51
20260826,600893.SH,39.91,32.65
20260826,600894.SH,8.02,6.56
20260826,600895.SH,33.26,27.22
20260826,600897.SH,16.12,13.19
20260826,600900.SH,31.03,25.39
20260826,600901.SH,7.25,5.93
20260826,600903.SH,6.85,5.61
20260826,600905.SH,4.09,3.35
20260826,600906.SH,7.08,5.8
20260826,600908.SH,6.01,4.91
20260826,600909.SH,8.93,7.31
20260826,600916.SH,8.78,7.18
20260826,600917.SH,5.34,4.37
20260826,600918.SH,6.22,5.09
20260826,600919.SH,13.24,10.84
20260826,600925.SH,4.91,4.01
20260826,600926.SH,18.28,14.96
20260826,600927.SH,14.2,11.62
20260826,600928.SH,3.93,3.21
20260826,600929.SH,5.74,4.7
20260826,600930.SH,4.37,3.57
20260826,600933.SH,15.24,12.47
20260826,600935.SH,2.53,2.07
20260826,600936.SH,5.6,4.58
20260826,600938.SH,36.86,30.16
20260826,600939.SH,2.92,2.39
20260826,600941.SH,108.75,88.97
20260826,600955.SH,13.86,11.34
20260826,600956.SH,7.77,6.35
20260826,600958.SH,9.86,8.06
20260826,600959.SH,3.34,2.74
20260826,600960.SH,4.5,3.68
20260826,600961.SH,28.7,23.48
20260826,600962.SH,28.62,23.42
20260826,600963.SH,3.75,3.07
20260826,600965.SH,3.04,2.48
20260826,600966.SH,5.4,4.42
20260826,600967.SH,12.12,9.92
20260826,600968.SH,4.41,3.61
20260826,600969.SH,9.5,7.78
20260826,600970.SH,8.64,7.07
20260826,600971.SH,9.6,7.86
20260826,600973.SH,6.83,5.59
20260826,600975.SH,5.49,4.49
20260826,600976.SH,30.4,24.88
20260826,600977.SH,13.48,11.03
20260826,600979.SH,4.32,3.54
20260826,600980.SH,21.85,17.87
20260826,600981.SH,2.73,2.23
20260826,600982.SH,5.3,4.34
20260826,600983.SH,8.64,7.07
20260826,600984.SH,5.43,4.45
20260826,600985.SH,19.28,15.78
20260826,600986.SH,7.78,6.36
20260826,600987.SH,7.28,5.96
20260826,600988.SH,52.43,42.89
20260826,600989.SH,25.56,20.92
20260826,600990.SH,19.61,16.05
20260826,600992.SH,10.82,8.86
20260826,600993.SH,25.54,20.9
20260826,600995.SH,13.52,11.06
20260826,600996.SH,7.34,6.0
20260826,600997.SH,6.23,5.09
20260826,600998.SH,5.41,4.43
20260826,600999.SH,19.43,15.89
20260826,601000.SH,5.01,4.1
20260826,601001.SH,19.47,15.93
20260826,601002.SH,5.85,4.79
20260826,601003.SH,4.04,3.3
20260826,601005.SH,1.32,1.08
20260826,601006.SH,5.19,4.25
20260826,601007.SH,7.58,6.2
20260826,601008.SH,4.93,4.03
20260826,601009.SH,12.76,10.44
20260826,601010.SH,1.57,1.29
20260826,601011.SH,3.23,2.65
20260826,601012.SH,13.39,10.95
20260826,601015.SH,3.95,3.23
20260826,601016.SH,3.75,3.07
20260826,601018.SH,3.8,3.11
20260826,601019.SH,7.74,6.34
20260826,601020.SH,23.98,19.62
20260826,601021.SH,48.15,39.39
20260826,601022.SH,9.17,7.51
20260826,601026.SH,17.15,14.03
20260826,601033.SH,15.59,12.75
20260826,601038.SH,14.33,11.73
20260826,601058.SH,15.19,12.43
20260826,601059.SH,18.04,14.76
20260826,601061.SH,12.58,10.3
20260826,601065.SH,7.57,6.19
20260826,601066.SH,27.1,22.18
20260826,601068.SH,4.97,4.07
20260826,601069.SH,34.52,28.24
20260826,601077.SH,7.56,6.18
20260826,601083.SH,14.33,11.73
20260826,601086.SH,8.37,6.85
20260826,601088.SH,51.89,42.45
20260826,601089.SH,17.91,14.65
20260826,601096.SH,4.63,3.79
20260826,601098.SH,11.29,9.23
20260826,601099.SH,3.73,3.05
20260826,601100.SH,110.81,90.67
20260826,601101.SH,14.51,11.87
20260826,601106.SH,3.38,2.76
20260826,601107.SH,6.36,5.2
20260826,601108.SH,9.21,7.53
20260826,601111.SH,6.51,5.33
20260826,601112.SH,16.64,13.62
20260826,601113.SH,3.82,3.12
20260826,601116.SH,11.84,9.68
20260826,601117.SH,8.27,6.77
20260826,601118.SH,6.72,5.5
20260826,601121.SH,8.0,6.54
20260826,601126.SH,48.61,39.77
20260826,601127.SH,55.8,45.66
20260826,601128.SH,6.96,5.7
20260826,601133.SH,27.29,22.33
20260826,601136.SH,15.2,12.44
20260826,601137.SH,21.66,17.72
20260826,601138.SH,66.17,54.14
20260826,601139.SH,6.95,5.69
20260826,601155.SH,12.22,10.0
20260826,601156.SH,20.45,16.73
20260826,601158.SH,4.57,3.74
20260826,601162.SH,4.0,3.28
20260826,601163.SH,14.27,11.67
20260826,601166.SH,19.82,16.22
20260826,601168.SH,40.13,32.83
20260826,601169.SH,5.65,4.63
20260826,601177.SH,14.99,12.27
20260826,601179.SH,14.1,11.54
20260826,601186.SH,6.67,5.45
20260826,601187.SH,7.95,6.51
20260826,601188.SH,3.18,2.6
20260826,601198.SH,15.0,12.28
20260826,601199.SH,6.92,5.66
20260826,601200.SH,7.7,6.3
20260826,601208.SH,48.73,39.87
20260826,601211.SH,19.04,15.58
20260826,601212.SH,7.24,5.92
20260826,601216.SH,4.92,4.02
20260826,601218.SH,4.93,4.03
20260826,601222.SH,6.06,4.96
20260826,601225.SH,29.17,23.87
20260826,601226.SH,7.15,5.85
20260826,601228.SH,3.39,2.77
20260826,601229.SH,10.69,8.75
20260826,601231.SH,29.1,23.81
20260826,601233.SH,26.08,21.34
20260826,601236.SH,7.51,6.15
20260826,601238.SH,5.76,4.72
20260826,601279.SH,3.67,3.01
20260826,601288.SH,7.54,6.17
20260826,601298.SH,9.87,8.07
20260826,601311.SH,8.14,6.66
20260826,601318.SH,60.51,49.51
20260826,601319.SH,7.81,6.39
20260826,601326.SH,3.74,3.06
20260826,601328.SH,7.88,6.44
20260826,601330.SH,7.76,6.35
20260826,601333.SH,3.25,2.66
20260826,601336.SH,65.3,53.42
20260826,601339.SH,8.5,6.96
20260826,601360.SH,9.48,7.76
20260826,601366.SH,4.03,3.29
20260826,601368.SH,5.1,4.18
20260826,601369.SH,9.69,7.93
20260826,601375.SH,4.44,3.64
20260826,601377.SH,6.41,5.25
20260826,601388.SH,3.76,3.08
20260826,601390.SH,4.82,3.94
20260826,601398.SH,8.69,7.11
20260826,601399.SH,3.47,2.84
20260826,601456.SH,9.64,7.88
20260826,601500.SH,4.44,3.64
20260826,601512.SH,8.53,6.98
20260826,601515.SH,3.72,3.04
20260826,601518.SH,3.07,2.51
20260826,601519.SH,8.76,7.16
20260826,601528.SH,5.49,4.49
20260826,601555.SH,8.65,7.07
20260826,601566.SH,9.24,7.56
20260826,601567.SH,16.02,13.1
20260826,601568.SH,4.16,3.4
20260826,601577.SH,10.49,8.59
20260826,601579.SH,21.67,17.73
20260826,601588.SH,1.9,1.56
20260826,601595.SH,18.07,14.79
20260826,601598.SH,7.29,5.97
20260826,601599.SH,3.4,2.78
20260826,601600.SH,10.31,8.43
20260826,601601.SH,34.63,28.33
20260826,601606.SH,34.69,28.39
20260826,601607.SH,18.01,14.73
20260826,601608.SH,5.21,4.27
20260826,601609.SH,14.81,12.11
20260826,601611.SH,11.69,9.57
20260826,601615.SH,11.9,9.74
20260826,601616.SH,4.37,3.57
20260826,601618.SH,2.85,2.33
20260826,601619.SH,4.46,3.65
20260826,601628.SH,41.36,33.84
20260826,601633.SH,16.94,13.86
20260826,601636.SH,6.33,5.18
20260826,601658.SH,5.54,4.54
20260826,601665.SH,7.17,5.87
20260826,601666.SH,10.52,8.6
20260826,601668.SH,4.92,4.02
20260826,601669.SH,5.12,4.19
20260826,601677.SH,18.03,14.75
20260826,601678.SH,6.85,5.61
20260826,601686.SH,5.75,4.71
20260826,601688.SH,20.45,16.73
20260826,601689.SH,51.48,42.12
20260826,601696.SH,12.77,10.45
20260826,601698.SH,26.17,21.41
20260826,601699.SH,18.4,15.06
20260826,601700.SH,8.26,6.76
20260826,601702.SH,17.42,14.26
20260826,601717.SH,16.6,13.58
20260826,601718.SH,2.04,1.67
20260826,601727.SH,7.15,5.85
20260826,601728.SH,7.1,5.81
20260826,601766.SH,6.74,5.52
20260826,601777.SH,8.97,7.34
20260826,601778.SH,3.97,3.25
20260826,601788.SH,15.77,12.91
20260826,601789.SH,4.68,3.83
20260826,601798.SH,8.61,7.05
20260826,601799.SH,92.86,75.98
20260826,601800.SH,6.55,5.36
20260826,601801.SH,5.98,4.9
20260826,601808.SH,13.67,11.19
20260826,601811.SH,13.29,10.87
20260826,601816.SH,5.36,4.38
20260826,601818.SH,3.38,2.76
20260826,601825.SH,9.69,7.93
20260826,601827.SH,9.1,7.44
20260826,601828.SH,2.39,1.95
20260826,601838.SH,20.59,16.85
20260826,601857.SH,12.31,10.07
20260826,601858.SH,24.18,19.78
20260826,601860.SH,2.82,2.3
20260826,601865.SH,11.22,9.18
20260826,601866.SH,2.64,2.16
20260826,601868.SH,2.77,2.27
20260826,601869.SH,433.95,355.05
20260826,601872.SH,20.71,16.95
20260826,601877.SH,28.55,23.36
20260826,601878.SH,10.13,8.29
20260826,601880.SH,1.61,1.31
20260826,601881.SH,13.24,10.84
20260826,601882.SH,21.78,17.82
20260826,601886.SH,14.71,12.03
20260826,601888.SH,57.87,47.35
20260826,601890.SH,9.56,7.82
20260826,601898.SH,16.35,13.37
20260826,601899.SH,37.05,30.31
20260826,601900.SH,13.04,10.67
20260826,601901.SH,7.36,6.02
20260826,601908.SH,3.3,2.7
20260826,601916.SH,3.22,2.64
20260826,601918.SH,11.52,9.42
20260826,601919.SH,18.78,15.36
20260826,601921.SH,8.15,6.67
20260826,601928.SH,9.69,7.93
20260826,601929.SH,2.56,2.1
20260826,601933.SH,3.42,2.8
20260826,601939.SH,11.73,9.59
20260826,601949.SH,5.74,4.7
20260826,601952.SH,9.83,8.05
20260826,601956.SH,5.51,4.51
20260826,601958.SH,24.28,19.86
20260826,601963.SH,12.28,10.04
20260826,601965.SH,15.5,12.68
20260826,601966.SH,12.31,10.07
20260826,601968.SH,4.93,4.03
20260826,601969.SH,10.37,8.49
20260826,601975.SH,4.44,3.64
20260826,601985.SH,9.72,7.96
20260826,601988.SH,6.75,5.53
20260826,601990.SH,7.27,5.95
20260826,601991.SH,6.39,5.23
20260826,601992.SH,1.53,1.25
20260826,601995.SH,37.05,30.31
20260826,601996.SH,2.86,2.34
20260826,601997.SH,6.02,4.92
20260826,601998.SH,9.36,7.66
20260826,601999.SH,6.74,5.52
20260826,603000.SH,18.15,14.85
20260826,603001.SH,8.93,7.31
20260826,603002.SH,17.07,13.97
20260826,603004.SH,20.71,16.95
20260826,603005.SH,33.36,27.3
20260826,603006.SH,12.69,10.39
20260826,603007.SH,5.2,4.26
20260826,603008.SH,8.99,7.35
20260826,603009.SH,49.12,40.19
20260826,603010.SH,12.47,10.21
20260826,603011.SH,25.08,20.52
20260826,603012.SH,9.66,7.9
20260826,603013.SH,17.99,14.72
20260826,603014.SH,35.48,29.03
20260826,603015.SH,12.0,9.82
20260826,603016.SH,31.7,25.94
20260826,603017.SH,10.97,8.97
20260826,603018.SH,5.84,4.78
20260826,603019.SH,91.51,74.87
20260826,603020.SH,10.97,8.97
20260826,603021.SH,6.0,4.91
20260826,603022.SH,9.87,8.07
20260826,603023.SH,4.5,3.68
20260826,603025.SH,15.09,12.35
20260826,603026.SH,68.42,55.98
20260826,603027.SH,8.1,6.62
20260826,603028.SH,7.81,6.39
20260826,603029.SH,17.84,14.6
20260826,603030.SH,2.32,1.9
20260826,603031.SH,43.07,35.24
20260826,603032.SH,21.3,17.42
20260826,603033.SH,8.11,6.63
20260826,603035.SH,12.39,10.13
20260826,603036.SH,17.44,14.27
20260826,603037.SH,11.3,9.24
20260826,603038.SH,19.01,15.55
20260826,603039.SH,44.11,36.09
20260826,603040.SH,57.57,47.11
20260826,603041.SH,12.35,10.11
20260826,603042.SH,15.3,12.52
20260826,603043.SH,14.98,12.26
20260826,603045.SH,59.97,49.07
20260826,603048.SH,24.21,19.81
20260826,603049.SH,54.18,44.33
20260826,603050.SH,19.73,16.15
20260826,603051.SH,22.64,18.52
20260826,603052.SH,62.55,51.17
20260826,603053.SH,9.64,7.88
20260826,603055.SH,10.07,8.24
20260826,603057.SH,23.87,19.53
20260826,603058.SH,10.02,8.2
20260826,603059.SH,27.54,22.54
20260826,603060.SH,6.04,4.94
20260826,603061.SH,373.53,305.61
20260826,603062.SH,42.99,35.17
20260826,603063.SH,33.74,27.6
20260826,603065.SH,19.6,16.04
20260826,603066.SH,10.09,8.25
20260826,603067.SH,37.08,30.34
20260826,603068.SH,40.21,32.9
20260826,603069.SH,14.29,11.69
20260826,603070.SH,12.77,10.45
20260826,603071.SH,13.94,11.4
20260826,603072.SH,34.72,28.4
20260826,603073.SH,18.43,15.08
20260826,603075.SH,21.2,17.34
20260826,603076.SH,22.95,18.77
20260826,603077.SH,2.63,2.15
20260826,603078.SH,38.15,31.21
20260826,603079.SH,15.28,12.5
20260826,603080.SH,21.54,17.62
20260826,603081.SH,10.66,8.72
20260826,603082.SH,47.74,39.06
20260826,603083.SH,190.85,156.15
20260826,603085.SH,11.04,9.04
20260826,603086.SH,6.23,5.09
20260826,603087.SH,75.66,61.9
20260826,603088.SH,10.78,8.82
20260826,603089.SH,12.2,9.98
20260826,603090.SH,42.42,34.7
20260826,603091.SH,54.45,44.55
20260826,603092.SH,46.02,37.66
20260826,603093.SH,12.71,10.4
20260826,603095.SH,18.04,14.76
20260826,603096.SH,16.58,13.56
20260826,603097.SH,20.88,17.08
20260826,603098.SH,11.15,9.13
20260826,603099.SH,41.89,34.27
20260826,603100.SH,19.25,15.75
20260826,603101.SH,8.1,6.62
20260826,603102.SH,44.09,36.07
20260826,603103.SH,16.37,13.39
20260826,603105.SH,8.38,6.86
20260826,603106.SH,8.2,6.71
20260826,603107.SH,13.0,10.64
20260826,603108.SH,10.75,8.79
20260826,603109.SH,19.64,16.07
20260826,603110.SH,27.07,22.15
20260826,603111.SH,6.44,5.27
20260826,603112.SH,18.11,14.81
20260826,603113.SH,6.03,4.93
20260826,603115.SH,83.82,68.58
20260826,603116.SH,7.23,5.91
20260826,603117.SH,4.31,3.53
20260826,603118.SH,17.88,14.63
20260826,603119.SH,54.87,44.89
20260826,603120.SH,50.6,41.4
20260826,603121.SH,13.83,11.31
20260826,603122.SH,13.46,11.02
20260826,603123.SH,10.88,8.9
20260826,603124.SH,139.71,114.31
20260826,603125.SH,25.08,20.52
20260826,603126.SH,6.72,5.5
20260826,603127.SH,53.12,43.46
20260826,603128.SH,6.11,5.0
20260826,603129.SH,335.53,274.53
20260826,603130.SH,45.72,37.4
20260826,603131.SH,15.91,13.01
20260826,603132.SH,20.31,16.61
20260826,603135.SH,10.08,8.24
20260826,603136.SH,10.18,8.33
20260826,603137.SH,23.95,19.59
20260826,603138.SH,14.08,11.52
20260826,603139.SH,37.72,30.86
20260826,603150.SH,57.12,46.74
20260826,603151.SH,16.78,13.73
20260826,603153.SH,14.53,11.89
20260826,603155.SH,14.74,12.06
20260826,603156.SH,47.26,38.66
20260826,603158.SH,11.63,9.51
20260826,603159.SH,24.45,20.01
20260826,603160.SH,52.82,43.22
20260826,603161.SH,17.58,14.38
20260826,603162.SH,13.16,10.76
20260826,603163.SH,87.49,71.59
20260826,603165.SH,15.13,12.38
20260826,603166.SH,12.1,9.9
20260826,603167.SH,9.63,7.88
20260826,603168.SH,6.34,5.18
20260826,603169.SH,7.04,5.76
20260826,603170.SH,13.67,11.19
20260826,603171.SH,45.28,37.04
20260826,603172.SH,19.29,15.79
20260826,603173.SH,34.31,28.07
20260826,603175.SH,97.61,79.87
20260826,603176.SH,5.65,4.63
20260826,603177.SH,11.85,9.69
20260826,603178.SH,18.26,14.94
20260826,603179.SH,41.27,33.77
20260826,603180.SH,16.97,13.89
20260826,603181.SH,13.94,11.4
20260826,603182.SH,14.65,11.99
20260826,603183.SH,5.18,4.24
20260826,603185.SH,18.06,14.78
20260826,603186.SH,192.12,157.19
20260826,603187.SH,12.23,10.01
20260826,603188.SH,5.24,4.28
20260826,603189.SH,9.9,8.1
20260826,603190.SH,18.41,15.07
20260826,603191.SH,16.18,13.24
20260826,603192.SH,22.17,18.14
20260826,603193.SH,23.38,19.13
20260826,603194.SH,37.63,30.79
20260826,603195.SH,44.14,36.12
20260826,603196.SH,21.32,17.44
20260826,603197.SH,33.53,27.43
20260826,603198.SH,43.41,35.51
20260826,603199.SH,37.54,30.72
20260826,603200.SH,42.69,34.93
20260826,603201.SH,16.43,13.45
20260826,603202.SH,58.0,47.46
20260826,603203.SH,46.93,38.39
20260826,603205.SH,24.71,20.21
20260826,603206.SH,15.14,12.38
20260826,603207.SH,25.66,21.0
20260826,603208.SH,12.68,10.38
20260826,603209.SH,15.77,12.91
20260826,603210.SH,14.71,12.03
20260826,603211.SH,24.4,19.96
20260826,603212.SH,12.83,10.49
20260826,603213.SH,15.39,12.59
20260826,603214.SH,15.17,12.41
20260826,603215.SH,15.92,13.02
20260826,603216.SH,23.01,18.83
20260826,603217.SH,31.23,25.55
20260826,603218.SH,10.66,8.72
20260826,603219.SH,15.42,12.62
20260826,603220.SH,20.39,16.69
20260826,603221.SH,29.61,24.23
20260826,603222.SH,9.11,7.45
20260826,603223.SH,11.23,9.19
20260826,603225.SH,20.89,17.09
20260826,603226.SH,39.75,32.53
20260826,603227.SH,8.42,6.89
20260826,603228.SH,100.13,81.93
20260826,603229.SH,8.97,7.34
20260826,603230.SH,10.15,8.31
20260826,603231.SH,18.03,14.75
20260826,603232.SH,16.45,13.46
20260826,603233.SH,20.25,16.57
20260826,603235.SH,25.51,20.87
20260826,603236.SH,62.32,50.99
20260826,603237.SH,15.8,12.92
20260826,603238.SH,13.66,11.18
20260826,603239.SH,15.61,12.77
20260826,603248.SH,20.19,16.52
20260826,603255.SH,33.77,27.63
20260826,603256.SH,146.48,119.84
20260826,603257.SH,70.63,57.79
20260826,603258.SH,14.25,11.66
20260826,603259.SH,177.1,144.9
20260826,603260.SH,36.53,29.89
20260826,603261.SH,55.0,45.0
20260826,603262.SH,20.19,16.52
20260826,603266.SH,17.44,14.27
20260826,603267.SH,52.07,42.61
20260826,603268.SH,210.32,172.08
20260826,603269.SH,20.27,16.59
20260826,603270.SH,31.13,25.47
20260826,603271.SH,47.17,38.59
20260826,603272.SH,15.53,12.71
20260826,603273.SH,16.18,13.24
20260826,603275.SH,39.3,32.16
20260826,603276.SH,17.34,14.18
20260826,603277.SH,13.82,11.3
20260826,603278.SH,10.08,8.24
20260826,603279.SH,13.88,11.36
20260826,603280.SH,29.03,23.75
20260826,603281.SH,20.61,16.87
20260826,603282.SH,17.38,14.22
20260826,603283.SH,51.81,42.39
20260826,603284.SH,47.87,39.17
20260826,603285.SH,38.06,31.14
20260826,603286.SH,45.51,37.23
20260826,603288.SH,39.56,32.36
20260826,603289.SH,9.93,8.13
20260826,603290.SH,102.29,83.69
20260826,603291.SH,9.89,8.09
20260826,603293.SH,39.08,31.98
20260826,603296.SH,82.5,67.5
20260826,603297.SH,115.64,94.62
20260826,603298.SH,28.82,23.58
20260826,603299.SH,9.6,7.86
20260826,603300.SH,5.28,4.32
20260826,603301.SH,91.15,74.57
20260826,603303.SH,25.22,20.64
20260826,603305.SH,12.39,10.13
20260826,603306.SH,80.39,65.77
20260826,603307.SH,27.97,22.89
20260826,603308.SH,47.78,39.1
20260826,603309.SH,12.55,10.27
20260826,603310.SH,16.18,13.24
20260826,603311.SH,30.8,25.2
20260826,603312.SH,35.1,28.72
20260826,603313.SH,6.74,5.52
20260826,603315.SH,12.84,10.5
20260826,603316.SH,15.32,12.54
20260826,603317.SH,14.78,12.1
20260826,603318.SH,11.26,9.22
20260826,603319.SH,28.83,23.59
20260826,603320.SH,19.69,16.11
20260826,603321.SH,7.07,5.79
20260826,603322.SH,27.94,22.86
20260826,603323.SH,4.64,3.8
20260826,603324.SH,29.84,24.42
20260826,603325.SH,59.26,48.48
20260826,603326.SH,7.89,6.45
20260826,603327.SH,10.57,8.65
20260826,603328.SH,12.0,9.82
20260826,603329.SH,11.66,9.54
20260826,603330.SH,12.03,9.85
20260826,603331.SH,14.08,11.52
20260826,603332.SH,12.74,10.42
20260826,603333.SH,10.73,8.78
20260826,603334.SH,34.89,28.55
20260826,603335.SH,7.33,5.99
20260826,603336.SH,9.89,8.09
20260826,603337.SH,43.0,35.18
20260826,603338.SH,64.68,52.92
20260826,603339.SH,15.74,12.88
20260826,603341.SH,40.61,33.23
20260826,603344.SH,25.44,20.82
20260826,603345.SH,84.98,69.53
20260826,603348.SH,15.86,12.98
20260826,603350.SH,31.21,25.53
20260826,603351.SH,29.82,24.4
20260826,603352.SH,28.18,23.06
20260826,603353.SH,34.02,27.84
20260826,603355.SH,31.74,25.97
20260826,603356.SH,18.6,15.22
20260826,603357.SH,6.7,5.48
20260826,603358.SH,50.58,41.38
20260826,603359.SH,2.39,1.95
20260826,603360.SH,15.15,12.39
20260826,603363.SH,3.2,2.62
20260826,603365.SH,19.8,16.2
20260826,603366.SH,8.18,6.7
20260826,603367.SH,16.18,13.24
20260826,603368.SH,17.46,14.28
20260826,603369.SH,30.6,25.04
20260826,603370.SH,35.75,29.25
20260826,603373.SH,43.96,35.96
20260826,603375.SH,41.26,33.76
20260826,603376.SH,29.59,24.21
20260826,603377.SH,3.18,2.6
20260826,603378.SH,7.43,6.08
20260826,603379.SH,65.47,53.57
20260826,603380.SH,37.32,30.54
20260826,603381.SH,17.37,14.21
20260826,603382.SH,20.92,17.12
20260826,603383.SH,31.46,25.74
20260826,603385.SH,6.18,5.06
20260826,603386.SH,15.22,12.46
20260826,603387.SH,10.27,8.41
20260826,603389.SH,48.32,39.54
20260826,603390.SH,10.88,8.9
20260826,603391.SH,76.11,62.27
20260826,603392.SH,30.91,25.29
20260826,603393.SH,27.79,22.73
20260826,603395.SH,31.41,25.7
20260826,603396.SH,28.44,23.27
20260826,603398.SH,11.13,9.11
20260826,603399.SH,15.98,13.08
20260826,603400.SH,48.51,39.69
20260826,603402.SH,70.16,57.4
20260826,603406.SH,32.14,26.3
20260826,603407.SH,61.37,50.21
20260826,603408.SH,12.54,10.26
20260826,603409.SH,20.03,16.39
20260826,603416.SH,49.64,40.62
20260826,603418.SH,47.8,39.11
20260826,603421.SH,6.58,5.38
20260826,603429.SH,9.89,8.09
20260826,603435.SH,54.08,44.24
20260826,603439.SH,13.59,11.12
20260826,603444.SH,423.6,346.58
20260826,603456.SH,18.14,14.84
20260826,603458.SH,10.6,8.68
20260826,603459.SH,95.74,78.34
20260826,603466.SH,12.25,10.03
20260826,603468.SH,26.11,21.37
20260826,603477.SH,16.19,13.25
20260826,603486.SH,61.83,50.59
20260826,603488.SH,9.1,7.44
20260826,603489.SH,31.11,25.45
20260826,603496.SH,26.26,21.48
20260826,603499.SH,13.02,10.66
20260826,603500.SH,10.29,8.42
20260826,603501.SH,94.11,77.0
20260826,603505.SH,16.72,13.68
20260826,603506.SH,12.2,9.98
20260826,603507.SH,25.69,21.02
20260826,603508.SH,23.82,19.49
20260826,603511.SH,13.97,11.43
20260826,603515.SH,18.33,14.99
20260826,603516.SH,109.07,89.24
20260826,603517.SH,12.52,10.24
20260826,603518.SH,8.93,7.31
20260826,603519.SH,19.03,15.57
20260826,603520.SH,9.81,8.03
20260826,603527.SH,11.15,9.13
20260826,603528.SH,6.99,5.72
20260826,603529.SH,23.51,19.23
20260826,603530.SH,51.59,42.21
20260826,603533.SH,22.99,18.81
20260826,603535.SH,6.89,5.63
20260826,603536.SH,10.49,8.59
20260826,603538.SH,29.66,24.26
20260826,603551.SH,10.26,8.4
20260826,603556.SH,27.84,22.78
20260826,603557.SH,3.76,3.08
20260826,603558.SH,12.96,10.6
20260826,603559.SH,9.94,8.14
20260826,603565.SH,13.78,11.28
20260826,603566.SH,11.24,9.2
20260826,603567.SH,6.17,5.05
20260826,603568.SH,16.18,13.24
20260826,603569.SH,6.6,5.4
20260826,603577.SH,11.37,9.31
20260826,603578.SH,14.63,11.97
20260826,603579.SH,20.06,16.42
20260826,603580.SH,82.08,67.16
20260826,603583.SH,26.07,21.33
20260826,603585.SH,11.22,9.18
20260826,603586.SH,15.02,12.29
20260826,603587.SH,12.97,10.61
20260826,603588.SH,15.07,12.33
20260826,603589.SH,21.12,17.28
20260826,603590.SH,33.94,27.77
20260826,603595.SH,29.37,24.03
20260826,603596.SH,28.27,23.13
20260826,603598.SH,18.57,15.19
20260826,603599.SH,11.09,9.07
20260826,603600.SH,10.66,8.72
20260826,603601.SH,9.9,8.1
20260826,603602.SH,12.86,10.52
20260826,603605.SH,67.32,55.08
20260826,603606.SH,38.28,31.32
20260826,603607.SH,23.82,19.49
20260826,603608.SH,19.5,15.96
20260826,603609.SH,7.07,5.79
20260826,603610.SH,16.69,13.65
20260826,603611.SH,18.91,15.47
20260826,603612.SH,18.51,15.15
20260826,603613.SH,20.0,16.36
20260826,603615.SH,18.61,15.23
20260826,603616.SH,6.12,5.0
20260826,603617.SH,7.48,6.12
20260826,603618.SH,31.92,26.12
20260826,603619.SH,25.27,20.67
20260826,603626.SH,22.06,18.05
20260826,603628.SH,10.71,8.77
20260826,603629.SH,131.23,107.37
20260826,603630.SH,15.36,12.56
20260826,603633.SH,7.18,5.88
20260826,603636.SH,7.66,6.26
20260826,603637.SH,15.43,12.63
20260826,603638.SH,20.81,17.03
20260826,603639.SH,11.8,9.66
20260826,603648.SH,10.41,8.51
20260826,603650.SH,68.34,55.92
20260826,603655.SH,35.97,29.43
20260826,603656.SH,19.09,15.62
20260826,603657.SH,26.95,22.05
20260826,603658.SH,37.59,30.75
20260826,603659.SH,26.1,21.36
20260826,603660.SH,11.7,9.58
20260826,603661.SH,36.01,29.47
20260826,603662.SH,53.81,44.03
20260826,603663.SH,45.32,37.08
20260826,603665.SH,22.77,18.63
20260826,603666.SH,28.69,23.47
20260826,603667.SH,55.92,45.76
20260826,603668.SH,10.99,8.99
20260826,603669.SH,6.16,5.04
20260826,603676.SH,10.32,8.44
20260826,603677.SH,15.02,12.29
20260826,603678.SH,50.11,41.0
20260826,603679.SH,24.68,20.2
20260826,603680.SH,11.41,9.33
20260826,603681.SH,20.08,16.43
20260826,603682.SH,12.86,10.52
20260826,603683.SH,17.33,14.18
20260826,603685.SH,26.95,22.05
20260826,603686.SH,14.22,11.64
20260826,603687.SH,15.85,12.97
20260826,603688.SH,51.37,42.03
20260826,603689.SH,8.37,6.85
20260826,603690.SH,28.26,23.12
20260826,603693.SH,12.38,10.13
20260826,603696.SH,14.65,11.99
20260826,603697.SH,10.49,8.59
20260826,603698.SH,23.73,19.41
20260826,603699.SH,58.21,47.63
20260826,603700.SH,13.04,10.67
20260826,603701.SH,21.19,17.33
20260826,603703.SH,11.07,9.05
20260826,603706.SH,21.19,17.33
20260826,603707.SH,8.95,7.33
20260826,603708.SH,10.21,8.35
20260826,603709.SH,13.44,11.0
20260826,603711.SH,12.73,10.41
20260826,603712.SH,12.06,9.86
20260826,603713.SH,70.03,57.29
20260826,603716.SH,17.71,14.49
20260826,603717.SH,7.18,5.88
20260826,603718.SH,3.31,2.71
20260826,603719.SH,10.36,8.48
20260826,603721.SH,19.79,16.19
20260826,603722.SH,32.89,26.91
20260826,603725.SH,13.79,11.29
20260826,603726.SH,26.4,21.6
20260826,603727.SH,20.1,16.44
20260826,603728.SH,51.52,42.16
20260826,603729.SH,12.61,10.31
20260826,603730.SH,11.73,9.59
20260826,603733.SH,22.83,18.68
20260826,603737.SH,27.65,22.63
20260826,603738.SH,41.47,33.93
20260826,603739.SH,13.79,11.29
20260826,603755.SH,25.96,21.24
20260826,603757.SH,72.72,59.5
20260826,603758.SH,13.33,10.91
20260826,603759.SH,8.32,6.8
20260826,603766.SH,16.35,13.37
20260826,603767.SH,15.99,13.09
20260826,603768.SH,12.98,10.62
20260826,603773.SH,105.47,86.29
20260826,603776.SH,22.48,18.4
20260826,603777.SH,14.84,12.14
20260826,603778.SH,10.33,8.45
20260826,603779.SH,8.76,7.16
20260826,603786.SH,43.31,35.43
20260826,603787.SH,11.4,9.32
20260826,603788.SH,15.44,12.64
20260826,603789.SH,6.79,5.55
20260826,603790.SH,26.4,21.6
20260826,603797.SH,5.21,4.27
20260826,603798.SH,14.49,11.85
20260826,603799.SH,43.04,35.22
20260826,603800.SH,72.78,59.54
20260826,603801.SH,7.37,6.03
20260826,603803.SH,12.38,10.13
20260826,603806.SH,16.91,13.83
20260826,603808.SH,9.5,7.78
20260826,603809.SH,9.94,8.14
20260826,603810.SH,13.7,11.21
20260826,603811.SH,8.17,6.69
20260826,603813.SH,31.63,25.88
20260826,603815.SH,5.97,4.89
20260826,603816.SH,27.57,22.55
20260826,603817.SH,6.31,5.17
20260826,603818.SH,4.08,3.34
20260826,603819.SH,15.09,12.35
20260826,603822.SH,63.25,51.75
20260826,603823.SH,73.65,60.26
20260826,603825.SH,8.92,7.3
20260826,603826.SH,17.38,14.22
20260826,603828.SH,5.85,4.79
20260826,603829.SH,16.97,13.89
20260826,603833.SH,35.75,29.25
20260826,603836.SH,10.13,8.29
20260826,603838.SH,12.83,10.49
20260826,603839.SH,8.01,6.55
20260826,603843.SH,8.01,6.55
20260826,603848.SH,14.67,12.01
20260826,603855.SH,17.64,14.44
20260826,603856.SH,12.53,10.25
20260826,603858.SH,16.84,13.78
20260826,603859.SH,41.37,33.85
20260826,603860.SH,29.39,24.05
20260826,603861.SH,13.12,10.74
20260826,603863.SH,14.06,11.5
20260826,603866.SH,4.7,3.84
20260826,603867.SH,31.8,26.02
20260826,603868.SH,33.37,27.31
20260826,603869.SH,9.6,7.86
20260826,603871.SH,14.17,11.59
20260826,603876.SH,24.82,20.3
20260826,603877.SH,13.87,11.35
20260826,603878.SH,5.67,4.64
20260826,603879.SH,6.14,5.02
20260826,603880.SH,9.94,8.14
20260826,603881.SH,27.49,22.49
20260826,603882.SH,32.23,26.37
20260826,603883.SH,14.54,11.9
20260826,603885.SH,11.58,9.48
20260826,603886.SH,13.26,10.85
20260826,603887.SH,10.21,8.35
20260826,603888.SH,17.82,14.58
20260826,603889.SH,6.29,5.15
20260826,603890.SH,20.21,16.53
20260826,603893.SH,192.57,157.55
20260826,603895.SH,27.43,22.45
20260826,603896.SH,16.67,13.64
20260826,603897.SH,34.16,27.95
20260826,603898.SH,12.42,10.16
20260826,603899.SH,24.92,20.39
20260826,603900.SH,7.22,5.9
20260826,603901.SH,10.45,8.55
20260826,603903.SH,15.61,12.77
20260826,603906.SH,21.16,17.32
20260826,603908.SH,21.4,17.51
20260826,603909.SH,10.77,8.81
20260826,603912.SH,9.99,8.17
20260826,603915.SH,14.5,11.86
20260826,603916.SH,12.76,10.44
20260826,603917.SH,13.95,11.41
20260826,603918.SH,11.96,9.78
20260826,603919.SH,18.05,14.77
20260826,603920.SH,40.89,33.45
20260826,603922.SH,15.22,12.46
20260826,603926.SH,17.52,14.34
20260826,603927.SH,14.78,12.1
20260826,603928.SH,13.49,11.03
20260826,603929.SH,177.0,144.82
20260826,603931.SH,38.59,31.57
20260826,603933.SH,21.02,17.2
20260826,603936.SH,18.93,15.49
20260826,603937.SH,13.15,10.76
20260826,603938.SH,45.75,37.43
20260826,603939.SH,26.18,21.42
20260826,603948.SH,22.52,18.42
20260826,603949.SH,15.55,12.73
20260826,603950.SH,71.42,58.44
20260826,603955.SH,22.11,18.09
20260826,603956.SH,6.77,5.54
20260826,603958.SH,24.49,20.03
20260826,603959.SH,5.7,4.66
20260826,603960.SH,17.52,14.34
20260826,603966.SH,8.79,7.19
20260826,603967.SH,13.02,10.66
20260826,603968.SH,11.63,9.51
20260826,603969.SH,8.11,6.63
20260826,603970.SH,11.83,9.68
20260826,603976.SH,31.0,25.36
20260826,603977.SH,12.66,10.36
20260826,603978.SH,20.93,17.13
20260826,603979.SH,80.71,66.03
20260826,603980.SH,7.21,5.9
20260826,603982.SH,6.84,5.6
20260826,603983.SH,29.0,23.72
20260826,603985.SH,18.04,14.76
20260826,603986.SH,435.06,355.96
20260826,603987.SH,8.28,6.78
20260826,603988.SH,22.07,18.05
20260826,603989.SH,30.15,24.67
20260826,603990.SH,25.8,21.11
20260826,603991.SH,147.94,121.04
20260826,603992.SH,23.73,19.41
20260826,603993.SH,20.26,16.58
20260826,603995.SH,26.92,22.02
20260826,603997.SH,12.6,10.31
20260826,603998.SH,11.11,9.09
20260826,603999.SH,6.28,5.14
20260826,605001.SH,6.62,5.42
20260826,605003.SH,24.73,20.23
20260826,605005.SH,17.63,14.43
20260826,605006.SH,15.08,12.34
20260826,605007.SH,16.37,13.39
20260826,605008.SH,14.2,11.62
20260826,605009.SH,27.65,22.63
20260826,605011.SH,18.3,14.98
20260826,605016.SH,22.11,18.09
20260826,605018.SH,13.45,11.01
20260826,605020.SH,34.07,27.87
20260826,605028.SH,26.69,21.83
20260826,605033.SH,21.21,17.35
20260826,605050.SH,11.31,9.25
20260826,605055.SH,10.86,8.88
20260826,605056.SH,15.51,12.69
20260826,605058.SH,29.57,24.19
20260826,605060.SH,46.62,38.14
20260826,605066.SH,7.93,6.49
20260826,605068.SH,19.36,15.84
20260826,605069.SH,11.98,9.8
20260826,605077.SH,12.06,9.86
20260826,605080.SH,24.33,19.91
20260826,605086.SH,28.15,23.03
20260826,605088.SH,22.36,18.3
20260826,605089.SH,22.41,18.33
20260826,605090.SH,38.64,31.62
20260826,605098.SH,62.54,51.17
20260826,605099.SH,36.6,29.94
20260826,605100.SH,36.53,29.89
20260826,605108.SH,14.07,11.51
20260826,605111.SH,64.54,52.8
20260826,605116.SH,21.98,17.98
20260826,605117.SH,104.51,85.51
20260826,605118.SH,31.56,25.82
20260826,605122.SH,12.84,10.5
20260826,605123.SH,83.56,68.36
20260826,605128.SH,25.55,20.91
20260826,605133.SH,30.86,25.25
20260826,605136.SH,8.99,7.35
20260826,605138.SH,6.39,5.23
20260826,605151.SH,21.37,17.49
20260826,605155.SH,15.61,12.77
20260826,605158.SH,8.68,7.1
20260826,605162.SH,9.9,8.1
20260826,605166.SH,9.15,7.49
20260826,605167.SH,15.95,13.05
20260826,605168.SH,51.56,42.18
20260826,605169.SH,12.41,10.15
20260826,605177.SH,22.42,18.34
20260826,605178.SH,72.64,59.44
20260826,605179.SH,32.93,26.95
20260826,605180.SH,14.36,11.75
20260826,605183.SH,15.68,12.83
20260826,605186.SH,28.55,23.36
20260826,605188.SH,13.26,10.85
20260826,605189.SH,16.29,13.33
20260826,605196.SH,37.18,30.42
20260826,605198.SH,70.48,57.66
20260826,605199.SH,6.6,5.4
20260826,605208.SH,15.5,12.68
20260826,605218.SH,16.15,13.21
20260826,605222.SH,22.06,18.05
20260826,605228.SH,11.54,9.44
20260826,605255.SH,73.96,60.52
20260826,605258.SH,31.16,25.5
20260826,605259.SH,19.28,15.78
20260826,605266.SH,18.55,15.17
20260826,605268.SH,10.44,8.54
20260826,605277.SH,16.69,13.65
20260826,605286.SH,29.69,24.29
20260826,605287.SH,42.66,34.9
20260826,605288.SH,61.59,50.39
20260826,605289.SH,117.65,96.26
20260826,605296.SH,35.29,28.87
20260826,605298.SH,52.53,42.98
20260826,605299.SH,14.15,11.57
20260826,605300.SH,10.8,8.84
20260826,605303.SH,25.14,20.57
20260826,605305.SH,41.27,33.77
20260826,605318.SH,81.29,66.51
20260826,605319.SH,28.29,23.15
20260826,605333.SH,18.94,15.5
20260826,605336.SH,11.84,9.68
20260826,605337.SH,10.3,8.42
20260826,605338.SH,20.43,16.71
20260826,605339.SH,15.35,12.56
20260826,605358.SH,47.54,38.9
20260826,605365.SH,15.74,12.88
20260826,605366.SH,8.54,6.98
20260826,605368.SH,7.4,6.06
20260826,605369.SH,18.52,15.16
20260826,605376.SH,162.31,132.8
20260826,605377.SH,9.74,7.97
20260826,605378.SH,15.83,12.95
20260826,605388.SH,6.71,5.49
20260826,605389.SH,76.45,62.55
20260826,605398.SH,22.34,18.28
20260826,605399.SH,11.83,9.68
20260826,605488.SH,32.99,26.99
20260826,605499.SH,136.07,111.33
20260826,605500.SH,7.87,6.44
20260826,605507.SH,16.93,13.85
20260826,605555.SH,13.22,10.82
20260826,605566.SH,28.18,23.06
20260826,605567.SH,10.21,8.35
20260826,605577.SH,10.99,8.99
20260826,605580.SH,19.2,15.71
20260826,605588.SH,51.49,42.13
20260826,605589.SH,41.04,33.58
20260826,605598.SH,29.48,24.12
20260826,605599.SH,18.16,14.86
20260826,688001.SH,61.55,41.03
20260826,688002.SH,189.92,126.62
20260826,688003.SH,98.16,65.44
20260826,688004.SH,25.86,17.24
20260826,688005.SH,31.31,20.87
20260826,688006.SH,26.6,17.74
20260826,688007.SH,12.46,8.3
20260826,688008.SH,233.3,155.54
20260826,688009.SH,5.95,3.97
20260826,688010.SH,31.58,21.06
20260826,688011.SH,92.72,61.82
20260826,688012.SH,424.8,283.2
20260826,688013.SH,30.52,20.34
20260826,688015.SH,19.12,12.74
20260826,688016.SH,109.67,73.11
20260826,688017.SH,362.11,241.41
20260826,688018.SH,130.8,87.2
20260826,688019.SH,280.32,186.88
20260826,688020.SH,146.7,97.8
20260826,688021.SH,25.42,16.94
20260826,688022.SH,10.37,6.91
20260826,688023.SH,45.37,30.25
20260826,688025.SH,498.12,332.08
20260826,688026.SH,19.22,12.82
20260826,688027.SH,448.31,298.87
20260826,688028.SH,107.58,71.72
20260826,688029.SH,92.11,61.41
20260826,688030.SH,19.91,13.27
20260826,688031.SH,121.75,81.17
20260826,688032.SH,89.04,59.36
20260826,688033.SH,7.31,4.87
20260826,688035.SH,77.47,51.65
20260826,688036.SH,70.92,47.28
20260826,688037.SH,426.78,284.52
20260826,688038.SH,21.61,14.41
20260826,688039.SH,39.35,26.23
20260826,688041.SH,278.47,185.65
20260826,688045.SH,69.49,46.33
20260826,688046.SH,41.39,27.59
20260826,688047.SH,124.08,82.72
20260826,688048.SH,347.52,231.68
20260826,688049.SH,47.62,31.74
20260826,688050.SH,50.16,33.44
20260826,688051.SH,29.87,19.91
20260826,688052.SH,282.22,188.14
20260826,688053.SH,43.48,28.98
20260826,688055.SH,4.44,2.96
20260826,688056.SH,50.23,33.49
20260826,688057.SH,21.96,14.64
20260826,688058.SH,27.43,18.29
20260826,688059.SH,103.19,68.79
20260826,688060.SH,42.26,28.18
20260826,688061.SH,45.8,30.54
20260826,688062.SH,35.99,23.99
20260826,688063.SH,52.2,34.8
20260826,688065.SH,51.97,34.65
20260826,688066.SH,9.76,6.5
20260826,688067.SH,27.82,18.54
20260826,688068.SH,118.82,79.22
20260826,688069.SH,43.21,28.81
20260826,688070.SH,40.85,27.23
20260826,688071.SH,39.19,26.13
20260826,688072.SH,785.99,523.99
20260826,688073.SH,78.0,52.0
20260826,688075.SH,35.66,23.78
20260826,688076.SH,33.52,22.34
20260826,688077.SH,35.06,23.38
20260826,688078.SH,28.54,19.02
20260826,688079.SH,18.73,12.49
20260826,688080.SH,44.14,29.42
20260826,688081.SH,34.63,23.09
20260826,688082.SH,350.86,233.9
20260826,688083.SH,63.49,42.33
20260826,688084.SH,51.12,34.08
20260826,688085.SH,16.02,10.68
20260826,688087.SH,50.27,33.51
20260826,688088.SH,35.18,23.46
20260826,688089.SH,9.34,6.22
20260826,688090.SH,85.81,57.21
20260826,688091.SH,44.16,29.44
20260826,688092.SH,27.49,18.33
20260826,688093.SH,25.81,17.21
20260826,688095.SH,69.77,46.51
20260826,688096.SH,10.28,6.86
20260826,688097.SH,56.96,37.98
20260826,688098.SH,9.74,6.5
20260826,688099.SH,109.62,73.08
20260826,688100.SH,31.1,20.74
20260826,688101.SH,17.59,11.73
20260826,688102.SH,38.88,25.92
20260826,688103.SH,88.38,58.92
20260826,688105.SH,26.95,17.97
20260826,688106.SH,32.24,21.5
20260826,688107.SH,36.18,24.12
20260826,688108.SH,21.0,14.0
20260826,688109.SH,85.12,56.74
20260826,688110.SH,136.76,91.18
20260826,688111.SH,281.7,187.8
20260826,688112.SH,82.74,55.16
20260826,688113.SH,44.54,29.7
20260826,688114.SH,83.02,55.34
20260826,688115.SH,76.04,50.7
20260826,688116.SH,38.76,25.84
20260826,688117.SH,29.53,19.69
20260826,688118.SH,24.44,16.3
20260826,688119.SH,4.72,3.14
20260826,688120.SH,315.0,210.0
20260826,688121.SH,2.18,1.46
20260826,688122.SH,57.96,38.64
20260826,688123.SH,156.04,104.02
20260826,688125.SH,144.1,96.06
20260826,688126.SH,28.99,19.33
20260826,688127.SH,74.71,49.81
20260826,688128.SH,25.49,16.99
20260826,688129.SH,26.23,17.49
20260826,688130.SH,28.24,18.82
20260826,688131.SH,117.62,78.42
20260826,688132.SH,16.26,10.84
20260826,688133.SH,28.54,19.02
20260826,688135.SH,30.36,20.24
20260826,688136.SH,27.47,18.31
20260826,688137.SH,100.22,66.82
20260826,688138.SH,40.52,27.02
20260826,688139.SH,36.01,24.01
20260826,688141.SH,140.78,93.86
20260826,688143.SH,202.56,135.04
20260826,688146.SH,296.4,197.6
20260826,688147.SH,134.36,89.58
20260826,688148.SH,7.56,5.04
20260826,688150.SH,45.42,30.28
20260826,688151.SH,19.16,12.78
20260826,688152.SH,37.8,25.2
20260826,688153.SH,29.75,19.83
20260826,688155.SH,72.01,48.01
20260826,688156.SH,23.51,15.67
20260826,688157.SH,23.29,15.53
20260826,688158.SH,35.7,23.8
20260826,688159.SH,39.1,26.06
20260826,688160.SH,119.22,79.48
20260826,688161.SH,26.81,17.87
20260826,688162.SH,29.21,19.47
20260826,688163.SH,41.15,27.43
20260826,688165.SH,19.8,13.2
20260826,688166.SH,41.82,27.88
20260826,688167.SH,317.51,211.67
20260826,688168.SH,42.43,28.29
20260826,688169.SH,162.0,108.0
20260826,688170.SH,62.89,41.93
20260826,688171.SH,33.32,22.22
20260826,688172.SH,62.44,41.62
20260826,688173.SH,16.46,10.98
20260826,688175.SH,23.82,15.88
20260826,688176.SH,14.18,9.46
20260826,688177.SH,24.17,16.11
20260826,688178.SH,32.56,21.7
20260826,688179.SH,24.3,16.2
20260826,688180.SH,42.3,28.2
20260826,688181.SH,45.68,30.46
20260826,688182.SH,33.6,22.4
20260826,688183.SH,123.6,82.4
20260826,688184.SH,13.12,8.74
20260826,688185.SH,85.62,57.08
20260826,688186.SH,16.48,10.98
20260826,688187.SH,56.89,37.93
20260826,688188.SH,119.68,79.78
20260826,688189.SH,7.8,5.2
20260826,688190.SH,87.05,58.03
20260826,688191.SH,25.64,17.1
20260826,688192.SH,72.24,48.16
20260826,688193.SH,57.91,38.61
20260826,688195.SH,199.18,132.78
20260826,688196.SH,42.83,28.55
20260826,688197.SH,42.73,28.49
20260826,688198.SH,91.73,61.15
20260826,688199.SH,27.66,18.44
20260826,688200.SH,459.28,306.18
20260826,688201.SH,8.7,5.8
20260826,688202.SH,123.84,82.56
20260826,688203.SH,15.55,10.37
20260826,688205.SH,183.48,122.32
20260826,688206.SH,49.7,33.14
20260826,688207.SH,21.47,14.31
20260826,688208.SH,30.5,20.34
20260826,688209.SH,27.01,18.01
20260826,688210.SH,37.2,24.8
20260826,688211.SH,37.51,25.01
20260826,688212.SH,33.7,22.46
20260826,688213.SH,119.04,79.36
20260826,688215.SH,53.52,35.68
20260826,688216.SH,35.76,23.84
20260826,688217.SH,30.04,20.02
20260826,688218.SH,50.04,33.36
20260826,688219.SH,12.55,8.37
20260826,688220.SH,109.32,72.88
20260826,688221.SH,23.23,15.49
20260826,688222.SH,41.92,27.94
20260826,688223.SH,5.21,3.47
20260826,688225.SH,14.44,9.62
20260826,688226.SH,34.9,23.26
20260826,688227.SH,82.68,55.12
20260826,688228.SH,97.38,64.92
20260826,688229.SH,77.46,51.64
20260826,688230.SH,65.0,43.34
20260826,688231.SH,37.06,24.7
20260826,688232.SH,21.7,14.46
20260826,688233.SH,129.25,86.17
20260826,688234.SH,127.69,85.13
20260826,688235.SH,330.12,220.08
20260826,688236.SH,17.44,11.62
20260826,688237.SH,66.0,44.0
20260826,688238.SH,8.76,5.84
20260826,688239.SH,60.7,40.46
20260826,688244.SH,18.31,12.21
20260826,688246.SH,21.0,14.0
20260826,688247.SH,11.9,7.94
20260826,688248.SH,48.79,32.53
20260826,688249.SH,44.84,29.9
20260826,688251.SH,25.69,17.13
20260826,688252.SH,23.51,15.67
20260826,688253.SH,65.4,43.6
20260826,688255.SH,31.08,20.72
20260826,688256.SH,1212.58,808.38
20260826,688257.SH,65.18,43.46
20260826,688258.SH,111.0,74.0
20260826,688259.SH,35.7,23.8
20260826,688260.SH,121.2,80.8
20260826,688261.SH,83.68,55.78
20260826,688262.SH,31.66,21.1
20260826,688265.SH,49.2,32.8
20260826,688266.SH,142.8,95.2
20260826,688267.SH,22.14,14.76
20260826,688268.SH,170.76,113.84
20260826,688269.SH,37.1,24.74
20260826,688270.SH,71.08,47.38
20260826,688271.SH,128.12,85.42
20260826,688272.SH,34.18,22.78
20260826,688273.SH,35.78,23.86
20260826,688275.SH,97.32,64.88
20260826,688276.SH,20.24,13.5
20260826,688277.SH,18.74,12.5
20260826,688278.SH,71.72,47.82
20260826,688279.SH,219.16,146.1
20260826,688280.SH,6.53,4.35
20260826,688281.SH,54.13,36.09
20260826,688282.SH,66.18,44.12
20260826,688283.SH,33.97,22.65
20260826,688285.SH,9.23,6.15
20260826,688286.SH,55.42,36.94
20260826,688288.SH,22.66,15.1
20260826,688289.SH,18.6,12.4
20260826,688290.SH,78.72,52.48
20260826,688291.SH,50.56,33.7
20260826,688292.SH,21.18,14.12
20260826,688293.SH,71.2,47.46
20260826,688295.SH,45.37,30.25
20260826,688296.SH,30.05,20.03
20260826,688297.SH,46.22,30.82
20260826,688298.SH,23.08,15.38
20260826,688299.SH,15.48,10.32
20260826,688300.SH,174.9,116.6
20260826,688301.SH,116.41,77.61
20260826,688302.SH,42.05,28.03
20260826,688303.SH,21.12,14.08
20260826,688305.SH,73.82,49.22
20260826,688306.SH,10.36,6.9
20260826,688307.SH,58.62,39.08
20260826,688308.SH,111.31,74.21
20260826,688309.SH,87.0,58.0
20260826,688310.SH,18.97,12.65
20260826,688311.SH,27.2,18.14
20260826,688312.SH,57.86,38.58
20260826,688313.SH,182.04,121.36
20260826,688314.SH,37.96,25.3
20260826,688315.SH,19.28,12.86
20260826,688316.SH,56.05,37.37
20260826,688317.SH,20.9,13.94
20260826,688318.SH,88.78,59.18
20260826,688319.SH,33.62,22.42
20260826,688320.SH,41.64,27.76
20260826,688321.SH,31.06,20.7
20260826,688322.SH,116.16,77.44
20260826,688323.SH,32.63,21.75
20260826,688325.SH,126.6,84.4
20260826,688326.SH,77.59,51.73
20260826,688327.SH,11.82,7.88
20260826,688328.SH,106.25,70.83
20260826,688329.SH,26.17,17.45
20260826,688330.SH,40.97,27.31
20260826,688331.SH,146.84,97.9
20260826,688332.SH,105.42,70.28
20260826,688333.SH,127.03,84.69
20260826,688334.SH,21.48,14.32
20260826,688335.SH,23.95,15.97
20260826,688336.SH,52.15,34.77
20260826,688337.SH,52.36,34.9
20260826,688338.SH,37.63,25.09
20260826,688339.SH,20.51,13.67
20260826,688343.SH,66.72,44.48
20260826,688345.SH,61.88,41.26
20260826,688347.SH,271.87,181.25
20260826,688348.SH,38.5,25.66
20260826,688349.SH,16.46,10.98
20260826,688350.SH,35.22,23.48
20260826,688351.SH,24.24,16.16
20260826,688352.SH,21.01,14.01
20260826,688353.SH,106.18,70.78
20260826,688355.SH,21.18,14.12
20260826,688356.SH,160.09,106.73
20260826,688357.SH,32.11,21.41
20260826,688358.SH,34.18,22.78
20260826,688359.SH,111.36,74.24
20260826,688360.SH,18.4,12.26
20260826,688361.SH,406.79,271.19
20260826,688362.SH,73.93,49.29
20260826,688363.SH,43.3,28.86
20260826,688365.SH,17.02,11.34
20260826,688366.SH,35.96,23.98
20260826,688367.SH,35.65,23.77
20260826,688368.SH,141.89,94.59
20260826,688369.SH,24.24,16.16
20260826,688370.SH,28.03,18.69
20260826,688371.SH,32.3,21.54
20260826,688372.SH,145.99,97.33
20260826,688373.SH,7.07,4.71
20260826,688375.SH,92.68,61.78
20260826,688376.SH,78.89,52.59
20260826,688377.SH,23.4,15.6
20260826,688378.SH,50.66,33.78
20260826,688379.SH,66.6,44.4
20260826,688380.SH,49.68,33.12
20260826,688381.SH,40.0,26.66
20260826,688382.SH,22.99,15.33
20260826,688383.SH,144.0,96.0
20260826,688385.SH,62.52,41.68
20260826,688386.SH,59.38,39.58
20260826,688387.SH,15.02,10.02
20260826,688388.SH,33.97,22.65
20260826,688389.SH,13.16,8.78
20260826,688390.SH,76.5,51.0
20260826,688391.SH,30.47,20.31
20260826,688392.SH,225.17,150.11
20260826,688393.SH,24.52,16.34
20260826,688395.SH,27.41,18.27
20260826,688396.SH,70.37,46.91
20260826,688398.SH,24.97,16.65
20260826,688399.SH,34.1,22.74
20260826,688400.SH,55.4,36.94
20260826,688401.SH,79.22,52.82
20260826,688403.SH,27.04,18.02
20260826,688408.SH,29.78,19.86
20260826,688409.SH,239.9,159.94
20260826,688410.SH,13.14,8.76
20260826,688411.SH,238.02,158.68
20260826,688416.SH,91.08,60.72
20260826,688418.SH,38.69,25.79
20260826,688419.SH,67.01,44.67
20260826,688420.SH,27.08,18.06
20260826,688425.SH,4.88,3.26
20260826,688426.SH,25.26,16.84
20260826,688428.SH,34.44,22.96
20260826,688429.SH,12.73,8.49
20260826,688432.SH,54.26,36.18
20260826,688433.SH,118.92,79.28
20260826,688435.SH,35.59,23.73
20260826,688439.SH,46.06,30.7
20260826,688443.SH,29.62,19.74
20260826,688448.SH,78.49,52.33
20260826,688449.SH,79.98,53.32
20260826,688450.SH,40.37,26.91
20260826,688455.SH,20.02,13.34
20260826,688456.SH,95.27,63.51
20260826,688458.SH,39.94,26.62
20260826,688459.SH,9.61,6.41
20260826,688466.SH,17.04,11.36
20260826,688468.SH,7.67,5.11
20260826,688469.SH,10.21,6.81
20260826,688472.SH,12.16,8.1
20260826,688475.SH,34.92,23.28
20260826,688478.SH,57.36,38.24
20260826,688479.SH,39.42,26.28
20260826,688480.SH,90.0,60.0
20260826,688484.SH,41.44,27.62
20260826,688485.SH,102.78,68.52
20260826,688486.SH,51.5,34.34
20260826,688488.SH,18.94,12.62
20260826,688489.SH,28.38,18.92
20260826,688496.SH,1.1,0.74
20260826,688498.SH,1863.6,1242.4
20260826,688499.SH,42.1,28.06
20260826,688500.SH,43.9,29.26
20260826,688501.SH,16.15,10.77
20260826,688502.SH,512.54,341.7
20260826,688503.SH,103.28,68.86
20260826,688505.SH,10.22,6.82
20260826,688506.SH,316.85,211.23
20260826,688507.SH,181.24,120.82
20260826,688508.SH,102.53,68.35
20260826,688509.SH,5.09,3.39
20260826,688510.SH,28.8,19.2
20260826,688511.SH,25.5,17.0
20260826,688512.SH,16.15,10.77
20260826,688513.SH,52.82,35.22
20260826,688515.SH,178.13,118.75
20260826,688516.SH,52.5,35.0
20260826,688517.SH,19.34,12.9
20260826,688518.SH,24.11,16.07
20260826,688519.SH,346.64,231.1
20260826,688520.SH,43.81,29.21
20260826,688521.SH,197.39,131.59
20260826,688522.SH,21.77,14.51
20260826,688523.SH,48.24,32.16
20260826,688525.SH,273.38,182.26
20260826,688526.SH,15.72,10.48
20260826,688528.SH,12.24,8.16
20260826,688529.SH,19.4,12.94
20260826,688530.SH,74.56,49.7
20260826,688531.SH,160.84,107.22
20260826,688533.SH,25.4,16.94
20260826,688535.SH,117.84,78.56
20260826,688536.SH,378.42,252.28
20260826,688538.SH,2.77,1.85
20260826,688539.SH,30.32,20.22
20260826,688543.SH,45.92,30.62
20260826,688545.SH,91.96,61.3
20260826,688548.SH,41.15,27.43
20260826,688549.SH,29.47,19.65
20260826,688550.SH,45.4,30.26
20260826,688551.SH,46.09,30.73
20260826,688552.SH,31.22,20.82
20260826,688553.SH,14.35,9.57
20260826,688556.SH,9.77,6.51
20260826,688557.SH,25.1,16.74
20260826,688558.SH,37.27,24.85
20260826,688559.SH,66.4,44.26
20260826,688560.SH,14.66,9.78
20260826,688561.SH,29.93,19.95
20260826,688562.SH,16.9,11.26
20260826,688563.SH,59.14,39.42
20260826,688565.SH,13.46,8.98
20260826,688566.SH,30.78,20.52
20260826,688567.SH,11.47,7.65
20260826,688568.SH,37.16,24.78
20260826,688569.SH,22.2,14.8
20260826,688570.SH,18.48,12.32
20260826,688571.SH,10.14,6.76
20260826,688573.SH,19.8,13.2
20260826,688575.SH,11.26,7.5
20260826,688576.SH,50.04,33.36
20260826,688577.SH,50.74,33.82
20260826,688578.SH,136.8,91.2
20260826,688579.SH,9.62,6.42
20260826,688580.SH,56.28,37.52
20260826,688581.SH,62.27,41.51
20260826,688582.SH,49.91,33.27
20260826,688583.SH,102.08,68.06
20260826,688584.SH,34.73,23.15
20260826,688585.SH,171.73,114.49
20260826,688586.SH,13.2,8.8
20260826,688588.SH,11.56,7.7
20260826,688589.SH,23.54,15.7
20260826,688590.SH,15.2,10.14
20260826,688591.SH,35.02,23.34
20260826,688592.SH,29.72,19.82
20260826,688593.SH,37.31,24.87
20260826,688595.SH,32.95,21.97
20260826,688596.SH,84.72,56.48
20260826,688597.SH,8.23,5.49
20260826,688598.SH,42.96,28.64
20260826,688599.SH,15.25,10.17
20260826,688600.SH,32.64,21.76
20260826,688601.SH,59.63,39.75
20260826,688602.SH,7.92,5.28
20260826,688603.SH,123.98,82.66
20260826,688605.SH,83.52,55.68
20260826,688606.SH,57.84,38.56
20260826,688607.SH,49.36,32.9
20260826,688608.SH,124.92,83.28
20260826,688609.SH,10.7,7.14
20260826,688610.SH,208.43,138.95
20260826,688611.SH,73.43,48.95
20260826,688612.SH,41.5,27.66
20260826,688613.SH,18.74,12.5
20260826,688615.SH,111.32,74.22
20260826,688616.SH,13.18,8.78
20260826,688617.SH,304.22,202.82
20260826,688618.SH,36.47,24.31
20260826,688619.SH,17.1,11.4
20260826,688620.SH,18.11,12.07
20260826,688621.SH,77.27,51.51
20260826,688622.SH,116.63,77.75
20260826,688623.SH,69.64,46.42
20260826,688625.SH,62.74,41.82
20260826,688626.SH,51.16,34.1
20260826,688627.SH,538.33,358.89
20260826,688628.SH,98.02,65.34
20260826,688629.SH,159.7,106.46
20260826,688630.SH,498.0,332.0
20260826,688631.SH,47.64,31.76
20260826,688633.SH,29.14,19.42
20260826,688635.SH,380.04,253.36
20260826,688636.SH,23.76,15.84
20260826,688638.SH,41.21,27.47
20260826,688639.SH,19.92,13.28
20260826,688646.SH,83.76,55.84
20260826,688648.SH,40.03,26.69
20260826,688651.SH,27.55,18.37
20260826,688652.SH,172.28,114.86
20260826,688653.SH,16.68,11.12
20260826,688655.SH,54.88,36.58
20260826,688656.SH,111.68,74.46
20260826,688657.SH,39.29,26.19
20260826,688658.SH,16.56,11.04
20260826,688659.SH,12.78,8.52
20260826,688660.SH,8.94,5.96
20260826,688661.SH,118.14,78.76
20260826,688662.SH,104.76,69.84
20260826,688663.SH,64.31,42.87
20260826,688665.SH,52.33,34.89
20260826,688667.SH,103.67,69.11
20260826,688668.SH,297.73,198.49
20260826,688669.SH,91.8,61.2
20260826,688670.SH,19.99,13.33
20260826,688671.SH,29.82,19.88
20260826,688676.SH,88.8,59.2
20260826,688677.SH,101.1,67.4
20260826,688678.SH,24.05,16.03
20260826,688679.SH,47.04,31.36
20260826,688680.SH,40.54,27.02
20260826,688681.SH,20.62,13.74
20260826,688682.SH,38.39,25.59
20260826,688683.SH,36.1,24.06
20260826,688685.SH,47.34,31.56
20260826,688686.SH,152.82,101.88
20260826,688687.SH,22.0,14.66
20260826,688689.SH,47.28,31.52
20260826,688690.SH,48.86,32.58
20260826,688691.SH,76.15,50.77
20260826,688692.SH,285.0,190.0
20260826,688693.SH,89.9,59.94
20260826,688695.SH,23.52,15.68
20260826,688696.SH,83.65,55.77
20260826,688697.SH,17.28,11.52
20260826,688698.SH,53.3,35.54
20260826,688699.SH,70.27,46.85
20260826,688700.SH,66.17,44.11
20260826,688701.SH,10.44,6.96
20260826,688702.SH,427.06,284.7
20260826,688707.SH,12.47,8.31
20260826,688708.SH,47.58,31.72
20260826,688709.SH,30.0,20.0
20260826,688710.SH,117.56,78.38
20260826,688711.SH,30.38,20.26
20260826,688712.SH,39.37,26.25
20260826,688716.SH,33.0,22.0
20260826,688717.SH,58.99,39.33
20260826,688718.SH,17.16,11.44
20260826,688719.SH,59.0,39.34
20260826,688720.SH,77.52,51.68
20260826,688721.SH,49.43,32.95
20260826,688722.SH,16.38,10.92
20260826,688726.SH,55.43,36.95
20260826,688727.SH,58.2,38.8
20260826,688728.SH,18.31,12.21
20260826,688729.SH,27.47,18.31
20260826,688733.SH,36.06,24.04
20260826,688737.SH,21.8,14.54
20260826,688739.SH,25.13,16.75
20260826,688750.SH,16.85,11.23
20260826,688755.SH,32.17,21.45
20260826,688757.SH,37.18,24.78
20260826,688758.SH,31.62,21.08
20260826,688759.SH,30.46,20.3
20260826,688765.SH,43.26,28.84
20260826,688766.SH,492.0,328.0
20260826,688767.SH,43.74,29.16
20260826,688768.SH,50.0,33.34
20260826,688772.SH,16.87,11.25
20260826,688775.SH,147.25,98.17
20260826,688776.SH,56.15,37.43
20260826,688777.SH,106.56,71.04
20260826,688778.SH,54.61,36.41
20260826,688779.SH,9.65,6.43
20260826,688781.SH,44.71,29.81
20260826,688783.SH,37.1,24.74
20260826,688785.SH,322.74,215.16
20260826,688786.SH,31.8,21.2
20260826,688787.SH,120.34,80.22
20260826,688788.SH,36.52,24.34
20260826,688789.SH,56.46,37.64
20260826,688790.SH,114.23,76.15
20260826,688793.SH,23.76,15.84
20260826,688795.SH,639.46,426.3
20260826,688796.SH,149.58,99.72
20260826,688797.SH,365.46,243.64
20260826,688798.SH,65.89,43.93
20260826,688799.SH,51.6,34.4
20260826,688800.SH,74.15,49.43
20260826,688802.SH,786.3,524.2
20260826,688805.SH,46.26,30.84
20260826,688806.SH,28.93,19.29
20260826,688807.SH,406.81,271.21
20260826,688808.SH,2650.8,1767.2
20260826,688809.SH,506.04,337.36
20260826,688811.SH,25.24,16.82
20260826,688813.SH,128.77,85.85
20260826,688816.SH,57.82,38.54
20260826,688818.SH,54.4,36.26
20260826,688819.SH,26.35,17.57
20260826,688820.SH,145.34,96.9
20260826,688825.SH,67.8,45.2
20260826,688826.SH,1152.0,768.0
20260826,688828.SH,123.55,82.37
20260826,688835.SH,99999.999,0.01
20260826,688836.SH,723.36,482.24
20260826,688981.SH,144.0,96.0
20260826,689009.SH,52.2,34.8
20260826,900901.BJ,0.76,0.622
20260826,900902.BJ,0.182,0.149
20260826,900903.BJ,0.205,0.167
20260826,900904.BJ,0.534,0.437
20260826,900905.BJ,3.208,2.624
20260826,900906.BJ,0.241,0.197
20260826,900908.BJ,0.705,0.577
20260826,900909.BJ,0.55,0.45
20260826,900910.BJ,0.697,0.571
20260826,900911.BJ,0.768,0.628
20260826,900912.BJ,0.702,0.574
20260826,900913.BJ,0.244,0.2
20260826,900914.BJ,0.474,0.388
20260826,900915.BJ,0.295,0.241
20260826,900916.BJ,0.568,0.464
20260826,900917.BJ,0.286,0.234
20260826,900918.BJ,0.347,0.284
20260826,900920.BJ,0.321,0.263
20260826,900921.BJ,0.212,0.174
20260826,900922.BJ,0.66,0.54
20260826,900923.BJ,0.64,0.524
20260826,900924.BJ,0.337,0.275
20260826,900925.BJ,1.585,1.297
20260826,900926.BJ,0.968,0.792
20260826,900927.BJ,0.369,0.302
20260826,900928.BJ,0.662,0.542
20260826,900929.BJ,1.035,0.847
20260826,900932.BJ,0.429,0.351
20260826,900934.BJ,1.656,1.355
20260826,900936.BJ,1.306,1.068
20260826,900937.BJ,0.231,0.189
20260826,900938.BJ,0.25,0.204
20260826,900939.BJ,0.51,0.418
20260826,900940.BJ,0.239,0.195
20260826,900941.BJ,0.52,0.426
20260826,900942.BJ,0.745,0.609
20260826,900943.BJ,0.483,0.395
20260826,900945.BJ,0.224,0.184
20260826,900946.BJ,0.219,0.179
20260826,900947.BJ,0.284,0.232
20260826,900948.BJ,3.306,2.705
20260826,920000.BJ,17.77,9.57
20260826,920001.BJ,14.26,7.68
20260826,920002.BJ,68.39,36.83
20260826,920003.BJ,19.91,10.73
20260826,920005.BJ,29.34,15.8
20260826,920006.BJ,19.7,10.62
20260826,920007.BJ,42.93,23.13
20260826,920008.BJ,24.81,13.37
20260826,920009.BJ,47.34,25.5
20260826,920010.BJ,11.07,5.97
20260826,920011.BJ,23.81,12.83
20260826,920012.BJ,69.49,37.43
20260826,920014.BJ,11.37,6.13
20260826,920015.BJ,51.35,27.65
20260826,920016.BJ,16.74,9.02
20260826,920017.BJ,21.56,11.62
20260826,920018.BJ,19.39,10.45
20260826,920019.BJ,18.62,10.04
20260826,920020.BJ,19.7,10.62
20260826,920021.BJ,8.6,4.64
20260826,920022.BJ,24.08,12.98
20260826,920023.BJ,2.39,1.29
20260826,920026.BJ,27.24,14.68
20260826,920027.BJ,15.01,8.09
20260826,920028.BJ,17.91,9.65
20260826,920029.BJ,45.48,24.5
20260826,920030.BJ,5.79,3.13
20260826,920033.BJ,19.27,10.39
20260826,920035.BJ,30.94,16.66
20260826,920036.BJ,37.92,20.42
20260826,920037.BJ,54.31,29.25
20260826,920038.BJ,49.16,26.48
20260826,920039.BJ,11.08,5.98
20260826,920045.BJ,625.87,337.01
20260826,920046.BJ,25.68,13.84
20260826,920047.BJ,21.8,11.74
20260826,920050.BJ,37.81,20.37
20260826,920055.BJ,35.26,19.0
20260826,920056.BJ,20.81,11.21
20260826,920057.BJ,6.35,3.43
20260826,920058.BJ,37.12,20.0
20260826,920059.BJ,19.56,10.54
20260826,920060.BJ,27.01,14.55
20260826,920061.BJ,23.86,12.86
20260826,920062.BJ,9.26,5.0
20260826,920065.BJ,44.48,23.96
20260826,920066.BJ,22.17,11.95
20260826,920068.BJ,20.64,11.12
20260826,920069.BJ,44.2,23.8
20260826,920072.BJ,32.56,17.54
20260826,920075.BJ,19.76,10.64
20260826,920076.BJ,16.57,8.93
20260826,920077.BJ,17.61,9.49
20260826,920078.BJ,27.82,14.98
20260826,920079.BJ,18.21,9.81
20260826,920080.BJ,27.35,14.73
20260826,920081.BJ,57.51,30.97
20260826,920082.BJ,10.21,5.51
20260826,920083.BJ,55.75,30.03
20260826,920086.BJ,26.16,14.1
20260826,920087.BJ,21.15,11.39
20260826,920088.BJ,57.31,30.87
20260826,920089.BJ,12.79,6.89
20260826,920090.BJ,4.88,2.64
20260826,920091.BJ,36.62,19.72
20260826,920092.BJ,36.25,19.53
20260826,920093.BJ,25.45,13.71
20260826,920096.BJ,43.27,23.31
20260826,920098.BJ,21.63,11.65
20260826,920099.BJ,23.25,12.53
20260826,920100.BJ,41.43,22.31
20260826,920101.BJ,20.93,11.27
20260826,920106.BJ,45.13,24.31
20260826,920107.BJ,27.31,14.71
20260826,920108.BJ,11.64,6.28
20260826,920110.BJ,33.39,17.99
20260826,920111.BJ,37.08,19.98
20260826,920112.BJ,20.13,10.85
20260826,920116.BJ,57.07,30.73
20260826,920117.BJ,38.57,20.77
20260826,920118.BJ,26.98,14.54
20260826,920119.BJ,66.04,35.56
20260826,920121.BJ,37.34,20.12
20260826,920122.BJ,28.88,15.56
20260826,920123.BJ,13.72,7.4
20260826,920124.BJ,16.05,8.65
20260826,920125.BJ,153.21,82.51
20260826,920126.BJ,13.06,7.04
20260826,920128.BJ,22.52,12.14
20260826,920130.BJ,21.76,11.72
20260826,920132.BJ,10.97,5.91
20260826,920136.BJ,27.87,15.01
20260826,920138.BJ,49.23,26.51
20260826,920139.BJ,19.24,10.36
20260826,920145.BJ,12.46,6.72
20260826,920146.BJ,6.5,3.5
20260826,920149.BJ,9.97,5.37
20260826,920152.BJ,16.27,8.77
20260826,920156.BJ,48.75,26.25
20260826,920158.BJ,10.43,5.63
20260826,920159.BJ,38.16,20.56
20260826,920160.BJ,26.55,14.31
20260826,920161.BJ,34.55,18.61
20260826,920163.BJ,14.63,7.89
20260826,920165.BJ,49.37,26.59
20260826,920166.BJ,26.59,14.33
20260826,920167.BJ,19.03,10.25
20260826,920168.BJ,19.81,10.67
20260826,920169.BJ,25.54,13.76
20260826,920171.BJ,20.68,11.14
20260826,920174.BJ,37.33,20.11
20260826,920175.BJ,10.03,5.41
20260826,920176.BJ,79.01,42.55
20260826,920177.BJ,31.85,17.15
20260826,920178.BJ,116.09,62.51
20260826,920179.BJ,64.98,35.0
20260826,920180.BJ,15.37,8.29
20260826,920181.BJ,98.8,53.2
20260826,920183.BJ,36.17,19.49
20260826,920184.BJ,14.04,7.56
20260826,920185.BJ,27.45,14.79
20260826,920186.BJ,94.84,51.08
20260826,920187.BJ,26.13,14.07
20260826,920188.BJ,27.62,14.88
20260826,920189.BJ,27.4,14.76
20260826,920190.BJ,34.24,18.44
20260826,920191.BJ,11.19,6.03
20260826,920193.BJ,41.4,22.3
20260826,920195.BJ,15.88,8.56
20260826,920198.BJ,9.81,5.29
20260826,920199.BJ,33.64,18.12
20260826,920200.BJ,34.95,18.83
20260826,920204.BJ,16.32,8.8
20260826,920206.BJ,60.45,32.55
20260826,920207.BJ,26.97,14.53
20260826,920208.BJ,15.66,8.44
20260826,920211.BJ,134.42,72.38
20260826,920212.BJ,12.49,6.73
20260826,920218.BJ,21.43,11.55
20260826,920220.BJ,51.9,27.96
20260826,920221.BJ,16.35,8.81
20260826,920222.BJ,32.63,17.57
20260826,920223.BJ,14.74,7.94
20260826,920225.BJ,19.21,10.35
20260826,920227.BJ,61.54,33.14
20260826,920230.BJ,13.57,7.31
20260826,920237.BJ,15.54,8.38
20260826,920238.BJ,91.84,49.46
20260826,920239.BJ,28.36,15.28
20260826,920242.BJ,17.66,9.52
20260826,920245.BJ,16.69,8.99
20260826,920247.BJ,18.0,9.7
20260826,920249.BJ,11.81,6.37
20260826,920252.BJ,20.77,11.19
20260826,920258.BJ,14.98,8.08
20260826,920260.BJ,10.25,5.53
20260826,920261.BJ,17.77,9.57
20260826,920262.BJ,17.65,9.51
20260826,920263.BJ,8.89,4.79
20260826,920266.BJ,9.71,5.23
20260826,920267.BJ,20.25,10.91
20260826,920270.BJ,16.04,8.64
20260826,920271.BJ,11.28,6.08
20260826,920273.BJ,22.63,12.19
20260826,920274.BJ,20.08,10.82
20260826,920275.BJ,8.24,4.44
20260826,920278.BJ,8.15,4.39
20260826,920284.BJ,20.72,11.16
20260826,920299.BJ,18.99,10.23
20260826,920300.BJ,12.29,6.63
20260826,920304.BJ,12.61,6.79
20260826,920339.BJ,13.55,7.31
20260826,920344.BJ,31.59,17.01
20260826,920346.BJ,18.73,10.09
20260826,920351.BJ,16.4,8.84
20260826,920357.BJ,19.69,10.61
20260826,920363.BJ,13.06,7.04
20260826,920367.BJ,35.68,19.22
20260826,920368.BJ,30.13,16.23
20260826,920370.BJ,3.7,2.0
20260826,920371.BJ,9.37,5.05
20260826,920374.BJ,18.98,10.22
20260826,920375.BJ,8.87,4.79
20260826,920378.BJ,8.95,4.83
20260826,920392.BJ,17.58,9.48
20260826,920394.BJ,54.96,29.6
20260826,920395.BJ,8.94,4.82
20260826,920396.BJ,25.02,13.48
20260826,920402.BJ,11.16,6.02
20260826,920403.BJ,27.3,14.7
20260826,920405.BJ,22.47,12.11
20260826,920407.BJ,13.65,7.35
20260826,920414.BJ,10.01,5.39
20260826,920415.BJ,11.07,5.97
20260826,920418.BJ,23.46,12.64
20260826,920419.BJ,13.7,7.38
20260826,920422.BJ,12.15,6.55
20260826,920425.BJ,18.29,9.85
20260826,920427.BJ,10.81,5.83
20260826,920429.BJ,14.23,7.67
20260826,920433.BJ,6.39,3.45
20260826,920436.BJ,13.37,7.21
20260826,920438.BJ,137.15,73.85
20260826,920445.BJ,8.98,4.84
20260826,920454.BJ,13.88,7.48
20260826,920455.BJ,7.6,4.1
20260826,920469.BJ,7.2,3.88
20260826,920471.BJ,15.79,8.51
20260826,920475.BJ,15.88,8.56
20260826,920476.BJ,32.77,17.65
20260826,920478.BJ,13.98,7.54
20260826,920489.BJ,16.18,8.72
20260826,920491.BJ,28.18,15.18
20260826,920493.BJ,146.27,78.77
20260826,920496.BJ,7.98,4.3
20260826,920504.BJ,22.62,12.18
20260826,920505.BJ,38.19,20.57
20260826,920508.BJ,18.44,9.94
20260826,920509.BJ,25.96,13.98
20260826,920510.BJ,28.91,15.57
20260826,920519.BJ,12.74,6.86
20260826,920522.BJ,23.81,12.83
20260826,920523.BJ,19.79,10.67
20260826,920526.BJ,24.81,13.37
20260826,920527.BJ,18.14,9.78
20260826,920533.BJ,23.94,12.9
20260826,920541.BJ,12.67,6.83
20260826,920547.BJ,24.45,13.17
20260826,920553.BJ,9.15,4.93
20260826,920556.BJ,8.58,4.62
20260826,920564.BJ,16.53,8.91
20260826,920566.BJ,12.8,6.9
20260826,920570.BJ,31.05,16.73
20260826,920571.BJ,11.6,6.26
20260826,920575.BJ,7.2,3.88
20260826,920576.BJ,50.47,27.19
20260826,920578.BJ,21.11,11.37
20260826,920579.BJ,18.72,10.08
20260826,920580.BJ,14.19,7.65
20260826,920592.BJ,25.45,13.71
20260826,920593.BJ,30.51,16.43
20260826,920599.BJ,22.8,12.28
20260826,920608.BJ,17.51,9.43
20260826,920627.BJ,18.62,10.04
20260826,920634.BJ,21.09,11.37
20260826,920639.BJ,8.0,4.32
20260826,920640.BJ,32.46,17.48
20260826,920641.BJ,17.61,9.49
20260826,920642.BJ,12.68,6.84
20260826,920651.BJ,33.82,18.22
20260826,920656.BJ,18.82,10.14
20260826,920662.BJ,25.59,13.79
20260826,920663.BJ,16.78,9.04
20260826,920665.BJ,10.84,5.84
20260826,920670.BJ,16.26,8.76
20260826,920675.BJ,9.32,5.02
20260826,920679.BJ,19.91,10.73
20260826,920682.BJ,7.46,4.02
20260826,920685.BJ,15.28,8.24
20260826,920689.BJ,25.79,13.89
20260826,920690.BJ,21.16,11.4
20260826,920693.BJ,29.25,15.75
20260826,920694.BJ,21.64,11.66
20260826,920699.BJ,104.0,56.0
20260826,920701.BJ,16.31,8.79
20260826,920703.BJ,12.81,6.91
20260826,920706.BJ,17.42,9.38
20260826,920717.BJ,10.11,5.45
20260826,920718.BJ,12.06,6.5
20260826,920719.BJ,9.07,4.89
20260826,920720.BJ,12.18,6.56
20260826,920725.BJ,95.95,51.67
20260826,920726.BJ,21.47,11.57
20260826,920729.BJ,8.76,4.72
20260826,920735.BJ,31.52,16.98
20260826,920748.BJ,33.44,18.02
20260826,920751.BJ,20.29,10.93
20260826,920753.BJ,19.64,10.58
20260826,920765.BJ,18.36,9.9
20260826,920768.BJ,9.16,4.94
20260826,920770.BJ,12.72,6.86
20260826,920779.BJ,31.68,17.06
20260826,920781.BJ,7.22,3.9
20260826,920786.BJ,9.52,5.14
20260826,920790.BJ,27.59,14.87
20260826,920792.BJ,12.76,6.88
20260826,920799.BJ,43.05,23.19
20260826,920802.BJ,13.45,7.25
20260826,920806.BJ,13.37,7.21
20260826,920807.BJ,12.2,6.58
20260826,920808.BJ,85.5,46.04
20260826,920809.BJ,9.88,5.32
20260826,920810.BJ,12.19,6.57
20260826,920819.BJ,3.95,2.13
20260826,920821.BJ,22.46,12.1
20260826,920826.BJ,11.44,6.16
20260826,920832.BJ,7.93,4.27
20260826,920833.BJ,12.89,6.95
20260826,920834.BJ,11.94,6.44
20260826,920837.BJ,12.49,6.73
20260826,920839.BJ,30.94,16.66
20260826,920855.BJ,16.12,8.68
20260826,920856.BJ,16.25,8.75
20260826,920857.BJ,26.27,14.15
20260826,920866.BJ,8.15,4.39
20260826,920870.BJ,15.44,8.32
20260826,920871.BJ,14.22,7.66
20260826,920873.BJ,8.91,4.81
20260826,920876.BJ,20.33,10.95
20260826,920879.BJ,16.36,8.82
20260826,920885.BJ,15.26,8.22
20260826,920892.BJ,12.98,7.0
20260826,920895.BJ,16.41,8.85
20260826,920896.BJ,15.49,8.35
20260826,920906.BJ,20.29,10.93
20260826,920914.BJ,21.76,11.72
20260826,920924.BJ,18.65,10.05
20260826,920925.BJ,15.18,8.18
20260826,920926.BJ,12.94,6.98
20260826,920931.BJ,13.62,7.34
20260826,920932.BJ,14.44,7.78
20260826,920942.BJ,21.26,11.46
20260826,920943.BJ,19.99,10.77
20260826,920946.BJ,13.13,7.07
20260826,920950.BJ,16.35,8.81
20260826,920953.BJ,28.67,15.45
20260826,920957.BJ,12.64,6.82
20260826,920961.BJ,25.19,13.57
20260826,920964.BJ,6.17,3.33
20260826,920970.BJ,7.87,4.25
20260826,920971.BJ,32.9,17.72
20260826,920974.BJ,7.99,4.31
20260826,920976.BJ,22.89,12.33
20260826,920978.BJ,26.09,14.05
20260826,920981.BJ,37.32,20.1
20260826,920982.BJ,155.62,83.8
20260826,920985.BJ,5.91,3.19
20260826,920992.BJ,14.66,7.9
