trade_date,ts_code,up_limit,down_limit
20260921,000001.SZ,12.87,10.53
20260921,000002.SZ,3.65,2.99
20260921,000006.SZ,7.77,6.35
20260921,000007.SZ,12.46,10.2
20260921,000008.SZ,2.64,2.16
20260921,000009.SZ,7.7,6.3
20260921,000010.SZ,1.74,1.42
20260921,000011.SZ,10.05,8.23
20260921,000012.SZ,4.09,3.35
20260921,000014.SZ,11.5,9.41
20260921,000016.SZ,2.71,2.21
20260921,000017.SZ,8.26,6.76
20260921,000019.SZ,7.87,6.44
20260921,000020.SZ,14.26,11.66
20260921,000021.SZ,40.65,33.26
20260921,000025.SZ,16.2,13.26
20260921,000026.SZ,21.77,17.81
20260921,000027.SZ,6.92,5.66
20260921,000028.SZ,21.8,17.84
20260921,000029.SZ,24.5,20.04
20260921,000030.SZ,4.35,3.56
20260921,000031.SZ,2.45,2.01
20260921,000032.SZ,16.09,13.17
20260921,000034.SZ,25.83,21.13
20260921,000035.SZ,5.25,4.29
20260921,000036.SZ,4.29,3.51
20260921,000037.SZ,10.34,8.46
20260921,000039.SZ,10.07,8.24
20260921,000042.SZ,9.08,7.43
20260921,000045.SZ,12.19,9.97
20260921,000048.SZ,20.32,16.62
20260921,000049.SZ,24.52,20.06
20260921,000050.SZ,7.27,5.95
20260921,000055.SZ,4.13,3.38
20260921,000056.SZ,2.75,2.25
20260921,000058.SZ,7.73,6.33
20260921,000059.SZ,5.94,4.86
20260921,000060.SZ,6.81,5.57
20260921,000061.SZ,6.62,5.42
20260921,000062.SZ,25.4,20.78
20260921,000063.SZ,35.68,29.2
20260921,000065.SZ,10.76,8.8
20260921,000066.SZ,15.53,12.71
20260921,000068.SZ,3.55,2.91
20260921,000069.SZ,2.01,1.65
20260921,000070.SZ,19.47,15.93
20260921,000078.SZ,1.67,1.37
20260921,000088.SZ,4.93,4.03
20260921,000089.SZ,7.11,5.81
20260921,000090.SZ,3.89,3.19
20260921,000096.SZ,8.77,7.17
20260921,000099.SZ,14.25,11.66
20260921,000100.SZ,5.49,4.49
20260921,000151.SZ,11.15,9.13
20260921,000153.SZ,6.59,5.39
20260921,000155.SZ,12.98,10.62
20260921,000156.SZ,7.73,6.33
20260921,000157.SZ,6.82,5.58
20260921,000158.SZ,14.08,11.52
20260921,000159.SZ,5.97,4.89
20260921,000166.SZ,4.84,3.96
20260921,000301.SZ,15.05,12.31
20260921,000333.SZ,92.84,75.96
20260921,000338.SZ,29.95,24.51
20260921,000400.SZ,22.41,18.33
20260921,000401.SZ,3.86,3.16
20260921,000402.SZ,2.77,2.27
20260921,000403.SZ,10.87,8.89
20260921,000404.SZ,7.57,6.19
20260921,000407.SZ,4.63,3.79
20260921,000408.SZ,79.38,64.94
20260921,000409.SZ,9.78,8.0
20260921,000410.SZ,6.13,5.01
20260921,000411.SZ,10.89,8.91
20260921,000415.SZ,4.86,3.98
20260921,000417.SZ,6.27,5.13
20260921,000419.SZ,5.48,4.48
20260921,000420.SZ,3.89,3.19
20260921,000421.SZ,6.2,5.08
20260921,000422.SZ,13.02,10.66
20260921,000423.SZ,49.79,40.73
20260921,000425.SZ,8.2,6.71
20260921,000426.SZ,39.02,31.92
20260921,000428.SZ,4.57,3.74
20260921,000429.SZ,13.9,11.38
20260921,000430.SZ,7.73,6.33
20260921,000488.SZ,2.19,1.79
20260921,000498.SZ,5.56,4.55
20260921,000501.SZ,7.84,6.42
20260921,000503.SZ,7.37,6.03
20260921,000504.SZ,11.01,9.01
20260921,000505.SZ,7.38,6.04
20260921,000506.SZ,20.44,16.72
20260921,000507.SZ,5.53,4.53
20260921,000509.SZ,4.15,3.39
20260921,000510.SZ,20.46,16.74
20260921,000513.SZ,28.85,23.61
20260921,000514.SZ,4.62,3.78
20260921,000516.SZ,4.66,3.82
20260921,000517.SZ,2.2,1.8
20260921,000518.SZ,4.2,3.44
20260921,000519.SZ,16.93,13.85
20260921,000520.SZ,4.51,3.69
20260921,000521.SZ,4.87,3.99
20260921,000523.SZ,3.73,3.05
20260921,000524.SZ,9.9,8.1
20260921,000525.SZ,4.98,4.08
20260921,000526.SZ,38.74,31.7
20260921,000528.SZ,8.42,6.89
20260921,000529.SZ,5.35,4.37
20260921,000530.SZ,5.72,4.68
20260921,000531.SZ,6.22,5.09
20260921,000532.SZ,14.26,11.66
20260921,000533.SZ,12.35,10.11
20260921,000534.SZ,26.26,21.48
20260921,000536.SZ,3.86,3.16
20260921,000537.SZ,8.28,6.78
20260921,000538.SZ,56.16,45.95
20260921,000539.SZ,5.73,4.69
20260921,000541.SZ,5.4,4.42
20260921,000543.SZ,8.09,6.62
20260921,000544.SZ,7.99,6.53
20260921,000545.SZ,2.42,1.98
20260921,000546.SZ,4.94,4.04
20260921,000547.SZ,16.42,13.44
20260921,000548.SZ,5.03,4.11
20260921,000550.SZ,18.36,15.02
20260921,000551.SZ,13.6,11.12
20260921,000552.SZ,2.71,2.21
20260921,000553.SZ,6.15,5.03
20260921,000554.SZ,7.0,5.72
20260921,000555.SZ,11.44,9.36
20260921,000557.SZ,4.04,3.3
20260921,000558.SZ,3.95,3.23
20260921,000559.SZ,12.12,9.92
20260921,000560.SZ,3.19,2.61
20260921,000561.SZ,8.65,7.07
20260921,000563.SZ,3.23,2.65
20260921,000564.SZ,1.67,1.37
20260921,000565.SZ,7.3,5.98
20260921,000566.SZ,5.07,4.15
20260921,000567.SZ,6.72,5.5
20260921,000568.SZ,79.11,64.73
20260921,000570.SZ,5.79,4.73
20260921,000571.SZ,7.21,5.9
20260921,000572.SZ,4.74,3.88
20260921,000573.SZ,4.1,3.36
20260921,000576.SZ,9.11,7.45
20260921,000581.SZ,19.97,16.34
20260921,000582.SZ,10.79,8.83
20260921,000586.SZ,14.98,12.26
20260921,000589.SZ,4.66,3.82
20260921,000590.SZ,9.77,7.99
20260921,000591.SZ,4.72,3.86
20260921,000592.SZ,9.49,7.77
20260921,000593.SZ,23.87,19.53
20260921,000595.SZ,5.8,4.74
20260921,000596.SZ,103.16,84.4
20260921,000597.SZ,5.13,4.19
20260921,000598.SZ,7.72,6.32
20260921,000599.SZ,4.96,4.06
20260921,000600.SZ,8.03,6.57
20260921,000601.SZ,6.9,5.64
20260921,000603.SZ,38.24,31.28
20260921,000605.SZ,6.36,5.2
20260921,000607.SZ,4.53,3.71
20260921,000608.SZ,7.81,6.39
20260921,000609.SZ,10.84,8.87
20260921,000610.SZ,9.04,7.4
20260921,000612.SZ,12.54,10.26
20260921,000615.SZ,3.55,2.91
20260921,000617.SZ,7.57,6.19
20260921,000619.SZ,5.48,4.48
20260921,000620.SZ,3.52,2.88
20260921,000623.SZ,19.32,15.8
20260921,000625.SZ,7.83,6.41
20260921,000626.SZ,9.74,7.97
20260921,000628.SZ,66.53,54.43
20260921,000629.SZ,3.18,2.6
20260921,000630.SZ,6.7,5.48
20260921,000631.SZ,3.2,2.62
20260921,000632.SZ,4.43,3.63
20260921,000633.SZ,5.65,4.63
20260921,000635.SZ,8.02,6.56
20260921,000636.SZ,64.02,52.38
20260921,000637.SZ,4.52,3.7
20260921,000639.SZ,1.78,1.46
20260921,000650.SZ,5.7,4.66
20260921,000651.SZ,42.42,34.7
20260921,000652.SZ,3.69,3.02
20260921,000655.SZ,7.83,6.41
20260921,000656.SZ,1.38,1.13
20260921,000657.SZ,67.94,55.58
20260921,000659.SZ,3.08,2.52
20260921,000661.SZ,78.65,64.35
20260921,000663.SZ,6.55,5.36
20260921,000665.SZ,4.48,3.66
20260921,000668.SZ,23.14,18.94
20260921,000669.SZ,4.58,3.74
20260921,000670.SZ,8.66,7.08
20260921,000672.SZ,16.52,13.52
20260921,000676.SZ,7.37,6.03
20260921,000677.SZ,1.98,1.62
20260921,000678.SZ,9.86,8.06
20260921,000679.SZ,7.07,5.79
20260921,000680.SZ,10.32,8.44
20260921,000681.SZ,17.95,14.69
20260921,000682.SZ,11.79,9.65
20260921,000683.SZ,6.27,5.13
20260921,000685.SZ,12.0,9.82
20260921,000686.SZ,8.5,6.96
20260921,000688.SZ,28.16,23.04
20260921,000690.SZ,5.84,4.78
20260921,000691.SZ,10.29,8.42
20260921,000692.SZ,4.64,3.8
20260921,000695.SZ,14.37,11.75
20260921,000697.SZ,9.91,8.11
20260921,000698.SZ,4.02,3.29
20260921,000700.SZ,13.1,10.72
20260921,000701.SZ,5.69,4.65
20260921,000702.SZ,6.18,5.06
20260921,000703.SZ,18.65,15.26
20260921,000705.SZ,7.6,6.22
20260921,000707.SZ,4.88,4.0
20260921,000708.SZ,14.3,11.7
20260921,000709.SZ,2.27,1.85
20260921,000710.SZ,9.96,8.15
20260921,000711.SZ,5.38,4.4
20260921,000712.SZ,11.0,9.0
20260921,000713.SZ,7.18,5.88
20260921,000715.SZ,5.93,4.85
20260921,000716.SZ,5.58,4.56
20260921,000717.SZ,2.41,1.97
20260921,000718.SZ,2.21,1.81
20260921,000719.SZ,13.46,11.02
20260921,000720.SZ,4.46,3.65
20260921,000721.SZ,6.8,5.56
20260921,000722.SZ,15.69,12.83
20260921,000723.SZ,3.95,3.23
20260921,000725.SZ,6.51,5.33
20260921,000726.SZ,6.82,5.58
20260921,000727.SZ,2.46,2.02
20260921,000728.SZ,8.22,6.72
20260921,000729.SZ,11.84,9.68
20260921,000731.SZ,8.62,7.06
20260921,000733.SZ,45.1,36.9
20260921,000735.SZ,6.56,5.36
20260921,000736.SZ,4.97,4.07
20260921,000737.SZ,15.84,12.96
20260921,000738.SZ,21.08,17.24
20260921,000739.SZ,25.83,21.13
20260921,000750.SZ,4.02,3.29
20260921,000751.SZ,5.09,4.17
20260921,000752.SZ,9.56,7.82
20260921,000753.SZ,5.91,4.83
20260921,000755.SZ,5.16,4.22
20260921,000756.SZ,14.67,12.01
20260921,000757.SZ,4.6,3.76
20260921,000758.SZ,6.58,5.38
20260921,000759.SZ,7.26,5.94
20260921,000761.SZ,2.5,2.04
20260921,000762.SZ,24.05,19.67
20260921,000766.SZ,17.14,14.02
20260921,000767.SZ,3.8,3.11
20260921,000768.SZ,24.59,20.12
20260921,000776.SZ,22.87,18.71
20260921,000777.SZ,18.4,15.06
20260921,000778.SZ,3.97,3.25
20260921,000779.SZ,9.72,7.96
20260921,000782.SZ,8.93,7.31
20260921,000783.SZ,9.3,7.61
20260921,000785.SZ,2.45,2.01
20260921,000786.SZ,17.52,14.34
20260921,000788.SZ,5.83,4.77
20260921,000789.SZ,4.46,3.65
20260921,000790.SZ,4.43,3.63
20260921,000791.SZ,8.15,6.67
20260921,000792.SZ,27.21,22.27
20260921,000793.SZ,2.3,1.88
20260921,000795.SZ,8.99,7.35
20260921,000796.SZ,4.08,3.34
20260921,000797.SZ,2.96,2.42
20260921,000798.SZ,11.17,9.14
20260921,000799.SZ,40.99,33.53
20260921,000800.SZ,6.5,5.32
20260921,000801.SZ,13.37,10.94
20260921,000802.SZ,4.32,3.54
20260921,000803.SZ,7.95,6.51
20260921,000807.SZ,30.11,24.63
20260921,000809.SZ,3.93,3.21
20260921,000810.SZ,10.67,8.73
20260921,000811.SZ,45.67,37.37
20260921,000812.SZ,4.18,3.42
20260921,000813.SZ,3.58,2.93
20260921,000815.SZ,17.11,14.0
20260921,000816.SZ,3.14,2.57
20260921,000818.SZ,12.9,10.56
20260921,000819.SZ,13.12,10.74
20260921,000820.SZ,3.88,3.18
20260921,000821.SZ,8.25,6.75
20260921,000822.SZ,4.69,3.83
20260921,000823.SZ,25.72,21.04
20260921,000825.SZ,3.73,3.05
20260921,000826.SZ,2.06,1.68
20260921,000828.SZ,11.11,9.09
20260921,000829.SZ,9.77,7.99
20260921,000830.SZ,12.93,10.58
20260921,000831.SZ,58.73,48.05
20260921,000833.SZ,22.1,18.08
20260921,000837.SZ,10.65,8.71
20260921,000838.SZ,2.5,2.04
20260921,000839.SZ,3.1,2.54
20260921,000848.SZ,8.97,7.34
20260921,000850.SZ,4.58,3.74
20260921,000852.SZ,6.01,4.91
20260921,000856.SZ,9.5,7.78
20260921,000858.SZ,77.0,63.0
20260921,000859.SZ,10.38,8.5
20260921,000860.SZ,11.21,9.17
20260921,000862.SZ,6.18,5.06
20260921,000863.SZ,5.15,4.21
20260921,000868.SZ,4.39,3.59
20260921,000869.SZ,17.83,14.59
20260921,000875.SZ,5.35,4.37
20260921,000876.SZ,7.88,6.44
20260921,000877.SZ,4.05,3.31
20260921,000878.SZ,18.43,15.08
20260921,000880.SZ,29.35,24.01
20260921,000881.SZ,7.1,5.81
20260921,000882.SZ,1.74,1.42
20260921,000883.SZ,4.88,4.0
20260921,000885.SZ,12.91,10.57
20260921,000886.SZ,5.15,4.21
20260921,000887.SZ,21.49,17.59
20260921,000888.SZ,10.3,8.42
20260921,000889.SZ,4.28,3.5
20260921,000890.SZ,8.45,6.91
20260921,000892.SZ,4.94,4.04
20260921,000893.SZ,43.75,35.79
20260921,000895.SZ,25.62,20.96
20260921,000897.SZ,2.08,1.7
20260921,000898.SZ,2.24,1.84
20260921,000899.SZ,10.31,8.43
20260921,000900.SZ,3.92,3.2
20260921,000901.SZ,15.81,12.93
20260921,000902.SZ,15.2,12.44
20260921,000903.SZ,2.28,1.86
20260921,000905.SZ,10.34,8.46
20260921,000906.SZ,6.77,5.54
20260921,000908.SZ,6.73,5.51
20260921,000909.SZ,6.12,5.0
20260921,000910.SZ,6.26,5.12
20260921,000911.SZ,5.74,4.7
20260921,000912.SZ,4.43,3.63
20260921,000913.SZ,11.76,9.62
20260921,000915.SZ,26.43,21.63
20260921,000917.SZ,7.47,6.11
20260921,000919.SZ,7.11,5.81
20260921,000920.SZ,14.48,11.84
20260921,000921.SZ,30.42,24.89
20260921,000922.SZ,13.38,10.94
20260921,000923.SZ,18.1,14.81
20260921,000925.SZ,8.93,7.31
20260921,000926.SZ,2.31,1.89
20260921,000927.SZ,2.73,2.23
20260921,000928.SZ,5.95,4.87
20260921,000929.SZ,9.93,8.13
20260921,000930.SZ,5.69,4.65
20260921,000931.SZ,4.87,3.99
20260921,000932.SZ,3.96,3.24
20260921,000933.SZ,29.49,24.13
20260921,000935.SZ,23.36,19.12
20260921,000936.SZ,6.11,5.0
20260921,000937.SZ,4.85,3.97
20260921,000938.SZ,37.35,30.56
20260921,000948.SZ,14.71,12.03
20260921,000949.SZ,7.52,6.16
20260921,000950.SZ,5.73,4.69
20260921,000951.SZ,22.35,18.29
20260921,000952.SZ,7.04,5.76
20260921,000953.SZ,6.47,5.29
20260921,000955.SZ,4.59,3.75
20260921,000957.SZ,10.85,8.87
20260921,000958.SZ,5.64,4.62
20260921,000959.SZ,3.83,3.13
20260921,000960.SZ,36.96,30.24
20260921,000962.SZ,66.0,54.0
20260921,000963.SZ,28.71,23.49
20260921,000965.SZ,3.6,2.94
20260921,000966.SZ,4.47,3.65
20260921,000967.SZ,9.09,7.43
20260921,000968.SZ,7.63,6.25
20260921,000969.SZ,18.99,15.53
20260921,000970.SZ,12.58,10.3
20260921,000972.SZ,4.29,3.51
20260921,000973.SZ,13.18,10.78
20260921,000975.SZ,28.06,22.96
20260921,000977.SZ,79.07,64.69
20260921,000978.SZ,9.2,7.52
20260921,000980.SZ,2.52,2.06
20260921,000981.SZ,3.3,2.7
20260921,000983.SZ,7.08,5.8
20260921,000985.SZ,18.85,15.43
20260921,000987.SZ,8.07,6.61
20260921,000988.SZ,118.58,97.02
20260921,000989.SZ,9.55,7.81
20260921,000990.SZ,7.11,5.81
20260921,000993.SZ,21.56,17.64
20260921,000995.SZ,11.92,9.76
20260921,000997.SZ,21.53,17.61
20260921,000998.SZ,9.89,8.09
20260921,000999.SZ,25.96,21.24
20260921,001201.SZ,16.08,13.16
20260921,001202.SZ,15.91,13.01
20260921,001203.SZ,25.84,21.14
20260921,001205.SZ,15.91,13.01
20260921,001206.SZ,18.25,14.93
20260921,001207.SZ,19.81,16.21
20260921,001208.SZ,15.51,12.69
20260921,001209.SZ,20.38,16.68
20260921,001210.SZ,32.12,26.28
20260921,001211.SZ,28.47,23.29
20260921,001212.SZ,41.78,34.18
20260921,001213.SZ,3.84,3.14
20260921,001215.SZ,33.5,27.41
20260921,001216.SZ,24.06,19.68
20260921,001217.SZ,11.26,9.22
20260921,001218.SZ,26.49,21.67
20260921,001219.SZ,13.72,11.22
20260921,001220.SZ,35.13,28.75
20260921,001221.SZ,38.53,31.53
20260921,001222.SZ,16.87,13.81
20260921,001223.SZ,49.95,40.87
20260921,001225.SZ,51.4,42.06
20260921,001226.SZ,50.6,41.4
20260921,001227.SZ,2.32,1.9
20260921,001228.SZ,36.21,29.63
20260921,001229.SZ,43.99,35.99
20260921,001230.SZ,20.64,16.88
20260921,001231.SZ,23.84,19.5
20260921,001232.SZ,215.38,176.22
20260921,001233.SZ,50.14,41.02
20260921,001234.SZ,26.59,21.75
20260921,001236.SZ,8.62,7.06
20260921,001237.SZ,57.85,47.33
20260921,001238.SZ,28.94,23.68
20260921,001239.SZ,12.98,10.62
20260921,001248.SZ,13.27,10.85
20260921,001255.SZ,29.22,23.9
20260921,001256.SZ,23.94,19.58
20260921,001257.SZ,25.72,21.04
20260921,001258.SZ,12.14,9.94
20260921,001259.SZ,51.08,41.8
20260921,001260.SZ,19.87,16.25
20260921,001266.SZ,37.3,30.52
20260921,001267.SZ,41.83,34.23
20260921,001268.SZ,26.46,21.65
20260921,001269.SZ,20.71,16.95
20260921,001270.SZ,111.11,90.91
20260921,001277.SZ,32.97,26.97
20260921,001278.SZ,17.77,14.54
20260921,001279.SZ,28.99,23.72
20260921,001280.SZ,70.18,57.42
20260921,001282.SZ,17.13,14.01
20260921,001283.SZ,52.14,42.66
20260921,001285.SZ,47.3,38.7
20260921,001286.SZ,10.63,8.69
20260921,001287.SZ,26.96,22.06
20260921,001288.SZ,32.87,26.89
20260921,001289.SZ,16.54,13.54
20260921,001296.SZ,21.24,17.38
20260921,001298.SZ,18.83,15.41
20260921,001299.SZ,10.84,8.87
20260921,001300.SZ,13.08,10.7
20260921,001301.SZ,57.18,46.78
20260921,001306.SZ,60.87,49.81
20260921,001308.SZ,19.9,16.28
20260921,001309.SZ,454.4,371.78
20260921,001311.SZ,18.36,15.02
20260921,001312.SZ,20.48,16.76
20260921,001313.SZ,7.87,6.44
20260921,001314.SZ,59.82,48.94
20260921,001316.SZ,30.92,25.3
20260921,001317.SZ,59.96,49.06
20260921,001318.SZ,12.54,10.26
20260921,001319.SZ,24.24,19.84
20260921,001322.SZ,6.77,5.54
20260921,001323.SZ,18.92,15.48
20260921,001324.SZ,22.74,18.6
20260921,001325.SZ,40.6,33.22
20260921,001326.SZ,102.25,83.66
20260921,001328.SZ,32.98,26.98
20260921,001330.SZ,6.02,4.92
20260921,001331.SZ,49.35,40.37
20260921,001332.SZ,31.79,26.01
20260921,001333.SZ,21.02,17.2
20260921,001335.SZ,35.68,29.2
20260921,001336.SZ,21.09,17.25
20260921,001337.SZ,55.44,45.36
20260921,001338.SZ,9.98,8.16
20260921,001339.SZ,88.21,72.17
20260921,001356.SZ,10.55,8.63
20260921,001358.SZ,27.02,22.1
20260921,001359.SZ,97.34,79.64
20260921,001360.SZ,22.62,18.5
20260921,001365.SZ,42.15,34.49
20260921,001366.SZ,14.32,11.72
20260921,001367.SZ,22.62,18.5
20260921,001368.SZ,35.7,29.21
20260921,001369.SZ,13.7,11.21
20260921,001373.SZ,32.44,26.54
20260921,001376.SZ,13.93,11.39
20260921,001378.SZ,25.93,21.21
20260921,001379.SZ,17.12,14.0
20260921,001380.SZ,20.35,16.65
20260921,001382.SZ,18.17,14.87
20260921,001386.SZ,17.55,14.36
20260921,001387.SZ,12.65,10.35
20260921,001388.SZ,22.37,18.31
20260921,001389.SZ,185.93,152.13
20260921,001390.SZ,18.65,15.26
20260921,001391.SZ,4.42,3.62
20260921,001393.SZ,48.29,39.51
20260921,001395.SZ,31.9,26.1
20260921,001396.SZ,35.78,29.28
20260921,001399.SZ,25.49,20.85
20260921,001400.SZ,82.95,67.87
20260921,001696.SZ,16.96,13.88
20260921,001872.SZ,25.4,20.78
20260921,001896.SZ,13.32,10.9
20260921,001914.SZ,9.8,8.02
20260921,001965.SZ,10.91,8.93
20260921,001979.SZ,7.78,6.36
20260921,002001.SZ,28.95,23.69
20260921,002003.SZ,12.69,10.39
20260921,002004.SZ,4.82,3.94
20260921,002005.SZ,2.93,2.39
20260921,002006.SZ,14.65,11.99
20260921,002007.SZ,14.22,11.64
20260921,002008.SZ,109.56,89.64
20260921,002009.SZ,17.14,14.02
20260921,002010.SZ,4.99,4.09
20260921,002011.SZ,15.62,12.78
20260921,002012.SZ,8.09,6.62
20260921,002014.SZ,12.07,9.87
20260921,002015.SZ,17.51,14.33
20260921,002016.SZ,4.99,4.09
20260921,002017.SZ,15.64,12.8
20260921,002019.SZ,10.31,8.43
20260921,002020.SZ,12.54,10.26
20260921,002021.SZ,2.9,2.38
20260921,002022.SZ,6.17,5.05
20260921,002023.SZ,10.44,8.54
20260921,002024.SZ,1.28,1.04
20260921,002025.SZ,81.62,66.78
20260921,002026.SZ,12.58,10.3
20260921,002027.SZ,5.13,4.19
20260921,002028.SZ,151.8,124.2
20260921,002029.SZ,9.9,8.1
20260921,002030.SZ,5.91,4.83
20260921,002031.SZ,5.78,4.73
20260921,002032.SZ,44.14,36.12
20260921,002033.SZ,9.31,7.61
20260921,002034.SZ,15.82,12.94
20260921,002035.SZ,4.97,4.07
20260921,002036.SZ,6.95,5.69
20260921,002037.SZ,7.43,6.08
20260921,002038.SZ,6.18,5.06
20260921,002039.SZ,21.24,17.38
20260921,002040.SZ,10.21,8.35
20260921,002041.SZ,11.32,9.26
20260921,002042.SZ,4.22,3.46
20260921,002043.SZ,12.12,9.92
20260921,002044.SZ,4.86,3.98
20260921,002045.SZ,9.96,8.15
20260921,002046.SZ,70.65,57.81
20260921,002047.SZ,3.74,3.06
20260921,002048.SZ,20.15,16.49
20260921,002049.SZ,67.41,55.15
20260921,002050.SZ,38.84,31.78
20260921,002051.SZ,9.75,7.97
20260921,002052.SZ,9.23,7.55
20260921,002053.SZ,10.59,8.67
20260921,002054.SZ,7.78,6.36
20260921,002055.SZ,7.33,5.99
20260921,002056.SZ,22.33,18.27
20260921,002057.SZ,9.85,8.06
20260921,002058.SZ,18.54,15.17
20260921,002059.SZ,5.01,4.1
20260921,002060.SZ,3.36,2.75
20260921,002061.SZ,3.67,3.01
20260921,002062.SZ,10.49,8.59
20260921,002063.SZ,5.89,4.82
20260921,002064.SZ,10.91,8.93
20260921,002065.SZ,7.33,5.99
20260921,002066.SZ,22.0,18.0
20260921,002067.SZ,4.5,3.68
20260921,002068.SZ,10.98,8.98
20260921,002069.SZ,4.02,3.29
20260921,002072.SZ,7.81,6.39
20260921,002073.SZ,6.29,5.15
20260921,002074.SZ,28.75,23.53
20260921,002075.SZ,3.92,3.2
20260921,002076.SZ,2.34,1.92
20260921,002077.SZ,15.95,13.05
20260921,002078.SZ,15.5,12.68
20260921,002079.SZ,10.1,8.26
20260921,002080.SZ,66.24,54.2
20260921,002081.SZ,5.41,4.43
20260921,002082.SZ,10.53,8.61
20260921,002083.SZ,10.73,8.78
20260921,002084.SZ,6.12,5.0
20260921,002085.SZ,10.54,8.62
20260921,002086.SZ,2.21,1.81
20260921,002088.SZ,8.76,7.16
20260921,002090.SZ,10.09,8.25
20260921,002091.SZ,8.38,6.86
20260921,002092.SZ,4.86,3.98
20260921,002093.SZ,8.14,6.66
20260921,002094.SZ,5.63,4.61
20260921,002095.SZ,17.78,14.54
20260921,002096.SZ,10.08,8.24
20260921,002097.SZ,7.79,6.37
20260921,002098.SZ,8.7,7.12
20260921,002099.SZ,5.9,4.82
20260921,002100.SZ,8.36,6.84
20260921,002101.SZ,9.55,7.81
20260921,002102.SZ,2.98,2.44
20260921,002103.SZ,7.14,5.84
20260921,002104.SZ,12.24,10.02
20260921,002105.SZ,6.5,5.32
20260921,002106.SZ,13.77,11.27
20260921,002107.SZ,7.55,6.17
20260921,002108.SZ,4.82,3.94
20260921,002109.SZ,3.05,2.49
20260921,002110.SZ,3.2,2.62
20260921,002111.SZ,10.44,8.54
20260921,002112.SZ,16.14,13.2
20260921,002114.SZ,7.95,6.51
20260921,002115.SZ,11.1,9.08
20260921,002116.SZ,7.87,6.44
20260921,002117.SZ,8.42,6.89
20260921,002119.SZ,27.3,22.34
20260921,002120.SZ,7.67,6.27
20260921,002121.SZ,5.28,4.32
20260921,002122.SZ,3.04,2.48
20260921,002123.SZ,8.39,6.87
20260921,002124.SZ,2.48,2.03
20260921,002125.SZ,13.31,10.89
20260921,002126.SZ,43.31,35.43
20260921,002127.SZ,3.31,2.71
20260921,002128.SZ,30.43,24.89
20260921,002129.SZ,9.65,7.89
20260921,002130.SZ,18.85,15.43
20260921,002131.SZ,4.95,4.05
20260921,002132.SZ,4.76,3.9
20260921,002133.SZ,3.07,2.51
20260921,002134.SZ,29.81,24.39
20260921,002135.SZ,6.71,5.49
20260921,002136.SZ,13.05,10.67
20260921,002137.SZ,9.54,7.8
20260921,002138.SZ,57.77,47.27
20260921,002139.SZ,10.58,8.66
20260921,002140.SZ,10.11,8.27
20260921,002141.SZ,7.15,5.85
20260921,002142.SZ,38.12,31.19
20260921,002144.SZ,11.51,9.41
20260921,002145.SZ,5.06,4.14
20260921,002146.SZ,1.32,1.08
20260921,002148.SZ,6.88,5.63
20260921,002149.SZ,37.36,30.56
20260921,002150.SZ,23.36,19.12
20260921,002151.SZ,31.69,25.93
20260921,002152.SZ,10.21,8.35
20260921,002153.SZ,8.33,6.81
20260921,002154.SZ,4.26,3.48
20260921,002155.SZ,28.34,23.18
20260921,002156.SZ,67.52,55.24
20260921,002157.SZ,3.33,2.73
20260921,002158.SZ,31.21,25.53
20260921,002159.SZ,14.52,11.88
20260921,002160.SZ,4.3,3.52
20260921,002161.SZ,7.98,6.53
20260921,002162.SZ,4.44,3.64
20260921,002163.SZ,8.5,6.96
20260921,002164.SZ,11.54,9.44
20260921,002165.SZ,7.77,6.35
20260921,002166.SZ,7.27,5.95
20260921,002167.SZ,17.88,14.63
20260921,002168.SZ,4.0,3.28
20260921,002169.SZ,15.02,12.29
20260921,002170.SZ,11.97,9.79
20260921,002171.SZ,11.81,9.67
20260921,002172.SZ,5.81,4.75
20260921,002173.SZ,19.68,16.1
20260921,002174.SZ,15.55,12.73
20260921,002175.SZ,2.78,2.28
20260921,002176.SZ,9.38,7.68
20260921,002177.SZ,6.19,5.07
20260921,002178.SZ,5.08,4.16
20260921,002179.SZ,39.07,31.97
20260921,002180.SZ,17.7,14.48
20260921,002181.SZ,10.38,8.5
20260921,002182.SZ,12.71,10.4
20260921,002183.SZ,4.73,3.87
20260921,002184.SZ,10.69,8.75
20260921,002185.SZ,19.83,16.23
20260921,002186.SZ,10.22,8.36
20260921,002187.SZ,6.15,5.03
20260921,002188.SZ,5.91,4.83
20260921,002189.SZ,21.29,17.42
20260921,002190.SZ,26.77,21.91
20260921,002191.SZ,3.99,3.27
20260921,002192.SZ,66.87,54.71
20260921,002193.SZ,5.14,4.2
20260921,002194.SZ,12.1,9.9
20260921,002195.SZ,6.78,5.54
20260921,002196.SZ,11.15,9.13
20260921,002197.SZ,7.23,5.91
20260921,002198.SZ,4.03,3.29
20260921,002199.SZ,13.64,11.16
20260921,002200.SZ,7.08,5.8
20260921,002201.SZ,11.7,9.58
20260921,002202.SZ,20.02,16.38
20260921,002203.SZ,20.31,16.61
20260921,002204.SZ,6.13,5.01
20260921,002205.SZ,11.39,9.32
20260921,002206.SZ,5.46,4.46
20260921,002207.SZ,6.18,5.06
20260921,002208.SZ,11.02,9.02
20260921,002209.SZ,14.3,11.7
20260921,002210.SZ,2.38,1.94
20260921,002211.SZ,4.2,3.44
20260921,002212.SZ,7.78,6.36
20260921,002213.SZ,32.32,26.44
20260921,002214.SZ,19.8,16.2
20260921,002215.SZ,10.64,8.7
20260921,002216.SZ,12.83,10.49
20260921,002217.SZ,1.78,1.46
20260921,002218.SZ,4.73,3.87
20260921,002219.SZ,2.31,1.89
20260921,002221.SZ,6.18,5.06
20260921,002222.SZ,76.67,62.73
20260921,002223.SZ,28.83,23.59
20260921,002224.SZ,4.09,3.35
20260921,002225.SZ,3.88,3.18
20260921,002226.SZ,5.61,4.59
20260921,002227.SZ,7.03,5.75
20260921,002228.SZ,3.49,2.85
20260921,002229.SZ,12.1,9.9
20260921,002230.SZ,42.33,34.63
20260921,002232.SZ,17.03,13.93
20260921,002233.SZ,7.84,6.42
20260921,002234.SZ,8.57,7.01
20260921,002235.SZ,8.94,7.32
20260921,002236.SZ,17.31,14.17
20260921,002237.SZ,15.27,12.49
20260921,002238.SZ,6.88,5.63
20260921,002239.SZ,2.74,2.24
20260921,002240.SZ,29.83,24.41
20260921,002241.SZ,25.66,21.0
20260921,002242.SZ,10.37,8.49
20260921,002243.SZ,7.78,6.36
20260921,002244.SZ,9.05,7.41
20260921,002245.SZ,20.08,16.43
20260921,002246.SZ,26.27,21.49
20260921,002247.SZ,2.62,2.14
20260921,002248.SZ,10.58,8.66
20260921,002249.SZ,7.01,5.73
20260921,002250.SZ,15.54,12.72
20260921,002251.SZ,3.86,3.16
20260921,002252.SZ,5.42,4.44
20260921,002253.SZ,10.78,8.82
20260921,002254.SZ,13.81,11.3
20260921,002255.SZ,8.45,6.91
20260921,002256.SZ,3.54,2.9
20260921,002258.SZ,16.16,13.22
20260921,002259.SZ,4.52,3.7
20260921,002261.SZ,28.6,23.4
20260921,002262.SZ,23.64,19.34
20260921,002263.SZ,3.54,2.9
20260921,002264.SZ,8.09,6.62
20260921,002265.SZ,22.19,18.15
20260921,002266.SZ,5.48,4.48
20260921,002267.SZ,7.83,6.41
20260921,002268.SZ,16.2,13.26
20260921,002269.SZ,1.56,1.28
20260921,002270.SZ,20.19,16.52
20260921,002271.SZ,11.37,9.31
20260921,002272.SZ,18.4,15.06
20260921,002273.SZ,28.02,22.92
20260921,002274.SZ,6.55,5.36
20260921,002275.SZ,13.32,10.9
20260921,002276.SZ,11.03,9.03
20260921,002277.SZ,6.09,4.99
20260921,002278.SZ,8.78,7.18
20260921,002279.SZ,7.47,6.11
20260921,002281.SZ,214.94,175.86
20260921,002282.SZ,6.6,5.4
20260921,002283.SZ,9.09,7.43
20260921,002284.SZ,10.52,8.6
20260921,002285.SZ,3.18,2.6
20260921,002286.SZ,8.47,6.93
20260921,002287.SZ,21.31,17.43
20260921,002289.SZ,40.51,33.15
20260921,002290.SZ,73.94,60.5
20260921,002291.SZ,6.08,4.98
20260921,002292.SZ,9.77,7.99
20260921,002293.SZ,11.99,9.81
20260921,002294.SZ,33.44,27.36
20260921,002295.SZ,11.03,9.03
20260921,002296.SZ,10.22,8.36
20260921,002297.SZ,24.23,19.83
20260921,002298.SZ,9.9,8.1
20260921,002299.SZ,17.57,14.37
20260921,002300.SZ,9.54,7.8
20260921,002301.SZ,8.59,7.03
20260921,002302.SZ,5.13,4.19
20260921,002303.SZ,6.27,5.13
20260921,002304.SZ,41.87,34.25
20260921,002305.SZ,2.22,1.82
20260921,002306.SZ,2.41,1.97
20260921,002307.SZ,3.29,2.69
20260921,002309.SZ,3.28,2.68
20260921,002310.SZ,2.53,2.07
20260921,002311.SZ,46.18,37.78
20260921,002312.SZ,9.37,7.67
20260921,002313.SZ,9.13,7.47
20260921,002314.SZ,2.46,2.02
20260921,002315.SZ,26.49,21.67
20260921,002316.SZ,4.69,3.83
20260921,002317.SZ,26.64,21.8
20260921,002318.SZ,20.09,16.43
20260921,002319.SZ,11.15,9.13
20260921,002320.SZ,7.35,6.01
20260921,002321.SZ,2.3,1.88
20260921,002322.SZ,12.84,10.5
20260921,002323.SZ,1.39,1.13
20260921,002324.SZ,10.1,8.26
20260921,002326.SZ,19.06,15.6
20260921,002327.SZ,6.72,5.5
20260921,002328.SZ,9.01,7.37
20260921,002329.SZ,3.97,3.25
20260921,002330.SZ,4.43,3.63
20260921,002331.SZ,7.34,6.0
20260921,002332.SZ,9.41,7.7
20260921,002333.SZ,5.82,4.76
20260921,002334.SZ,7.22,5.9
20260921,002335.SZ,32.62,26.69
20260921,002337.SZ,5.1,4.18
20260921,002338.SZ,47.01,38.47
20260921,002339.SZ,8.84,7.24
20260921,002340.SZ,6.85,5.61
20260921,002342.SZ,8.67,7.09
20260921,002343.SZ,6.11,5.0
20260921,002344.SZ,4.39,3.59
20260921,002345.SZ,9.83,8.05
20260921,002346.SZ,20.71,16.95
20260921,002347.SZ,6.49,5.31
20260921,002348.SZ,11.68,9.56
20260921,002349.SZ,8.71,7.13
20260921,002350.SZ,15.94,13.04
20260921,002351.SZ,11.0,9.0
20260921,002352.SZ,33.86,27.7
20260921,002353.SZ,138.49,113.31
20260921,002354.SZ,8.36,6.84
20260921,002355.SZ,5.14,4.2
20260921,002356.SZ,2.97,2.43
20260921,002357.SZ,13.06,10.68
20260921,002358.SZ,5.9,4.82
20260921,002360.SZ,5.86,4.8
20260921,002361.SZ,11.54,9.44
20260921,002362.SZ,18.21,14.9
20260921,002363.SZ,7.37,6.03
20260921,002364.SZ,39.78,32.54
20260921,002365.SZ,15.21,12.45
20260921,002366.SZ,6.27,5.13
20260921,002367.SZ,6.28,5.14
20260921,002368.SZ,14.38,11.76
20260921,002369.SZ,6.25,5.11
20260921,002370.SZ,5.75,4.71
20260921,002371.SZ,755.16,617.86
20260921,002372.SZ,8.89,7.27
20260921,002373.SZ,8.06,6.6
20260921,002374.SZ,3.41,2.79
20260921,002375.SZ,4.11,3.37
20260921,002376.SZ,7.22,5.9
20260921,002377.SZ,3.43,2.81
20260921,002378.SZ,26.17,21.41
20260921,002379.SZ,19.39,15.87
20260921,002380.SZ,29.52,24.16
20260921,002381.SZ,6.0,4.91
20260921,002382.SZ,6.44,5.27
20260921,002383.SZ,8.76,7.16
20260921,002384.SZ,215.77,176.54
20260921,002385.SZ,3.51,2.87
20260921,002386.SZ,6.46,5.28
20260921,002387.SZ,7.73,6.33
20260921,002388.SZ,7.95,6.51
20260921,002389.SZ,20.55,16.81
20260921,002390.SZ,3.23,2.65
20260921,002391.SZ,5.68,4.64
20260921,002392.SZ,8.57,7.01
20260921,002393.SZ,14.95,12.23
20260921,002394.SZ,11.51,9.41
20260921,002395.SZ,13.67,11.19
20260921,002396.SZ,42.79,35.01
20260921,002397.SZ,4.07,3.33
20260921,002398.SZ,4.59,3.75
20260921,002399.SZ,10.29,8.42
20260921,002400.SZ,7.21,5.9
20260921,002401.SZ,13.3,10.88
20260921,002402.SZ,20.89,17.09
20260921,002403.SZ,10.65,8.71
20260921,002404.SZ,6.4,5.24
20260921,002405.SZ,6.64,5.44
20260921,002406.SZ,7.15,5.85
20260921,002407.SZ,36.53,29.89
20260921,002408.SZ,5.94,4.86
20260921,002409.SZ,152.71,124.95
20260921,002410.SZ,9.24,7.56
20260921,002412.SZ,9.94,8.14
20260921,002413.SZ,9.05,7.41
20260921,002414.SZ,13.67,11.19
20260921,002415.SZ,36.23,29.65
20260921,002416.SZ,9.9,8.1
20260921,002418.SZ,5.14,4.2
20260921,002419.SZ,5.09,4.17
20260921,002420.SZ,6.62,5.42
20260921,002421.SZ,3.49,2.85
20260921,002422.SZ,43.75,35.79
20260921,002423.SZ,10.12,8.28
20260921,002424.SZ,4.95,4.05
20260921,002425.SZ,3.39,2.77
20260921,002426.SZ,2.87,2.35
20260921,002427.SZ,5.08,4.16
20260921,002428.SZ,102.85,84.15
20260921,002429.SZ,8.97,7.34
20260921,002430.SZ,28.55,23.36
20260921,002431.SZ,1.49,1.22
20260921,002432.SZ,68.33,55.91
20260921,002434.SZ,6.51,5.33
20260921,002436.SZ,47.17,38.59
20260921,002437.SZ,3.82,3.12
20260921,002438.SZ,14.81,12.11
20260921,002439.SZ,15.27,12.49
20260921,002440.SZ,13.33,10.91
20260921,002441.SZ,8.92,7.3
20260921,002442.SZ,6.17,5.05
20260921,002443.SZ,13.75,11.25
20260921,002444.SZ,30.77,25.17
20260921,002445.SZ,3.48,2.84
20260921,002446.SZ,8.94,7.32
20260921,002448.SZ,12.41,10.15
20260921,002449.SZ,7.22,5.9
20260921,002451.SZ,8.32,6.8
20260921,002452.SZ,13.32,10.9
20260921,002453.SZ,5.87,4.81
20260921,002454.SZ,5.47,4.47
20260921,002455.SZ,7.84,6.42
20260921,002456.SZ,7.72,6.32
20260921,002457.SZ,12.54,10.26
20260921,002458.SZ,9.23,7.55
20260921,002459.SZ,7.52,6.16
20260921,002460.SZ,50.82,41.58
20260921,002461.SZ,9.2,7.52
20260921,002462.SZ,13.42,10.98
20260921,002463.SZ,135.85,111.15
20260921,002465.SZ,11.24,9.2
20260921,002466.SZ,47.04,38.48
20260921,002467.SZ,5.01,4.1
20260921,002468.SZ,16.39,13.41
20260921,002469.SZ,6.63,5.43
20260921,002470.SZ,2.33,1.91
20260921,002471.SZ,6.56,5.36
20260921,002472.SZ,39.85,32.61
20260921,002474.SZ,6.97,5.71
20260921,002475.SZ,59.51,48.69
20260921,002476.SZ,5.35,4.37
20260921,002478.SZ,7.1,5.81
20260921,002479.SZ,6.4,5.24
20260921,002480.SZ,5.75,4.71
20260921,002481.SZ,4.65,3.81
20260921,002482.SZ,1.47,1.21
20260921,002483.SZ,6.56,5.36
20260921,002484.SZ,67.63,55.33
20260921,002485.SZ,6.47,5.29
20260921,002486.SZ,3.09,2.53
20260921,002487.SZ,43.56,35.64
20260921,002488.SZ,8.42,6.89
20260921,002489.SZ,3.44,2.82
20260921,002490.SZ,8.04,6.58
20260921,002491.SZ,26.16,21.4
20260921,002492.SZ,6.37,5.21
20260921,002493.SZ,14.14,11.57
20260921,002494.SZ,5.02,4.1
20260921,002495.SZ,2.61,2.13
20260921,002496.SZ,2.35,1.93
20260921,002497.SZ,18.27,14.95
20260921,002498.SZ,7.24,5.92
20260921,002500.SZ,5.73,4.69
20260921,002501.SZ,1.43,1.17
20260921,002506.SZ,2.74,2.24
20260921,002507.SZ,12.2,9.98
20260921,002508.SZ,18.03,14.75
20260921,002510.SZ,6.4,5.24
20260921,002511.SZ,7.7,6.3
20260921,002512.SZ,4.4,3.6
20260921,002513.SZ,5.75,4.71
20260921,002514.SZ,2.84,2.32
20260921,002515.SZ,8.35,6.83
20260921,002516.SZ,6.33,5.18
20260921,002517.SZ,18.27,14.95
20260921,002518.SZ,43.24,35.38
20260921,002519.SZ,6.71,5.49
20260921,002520.SZ,6.85,5.61
20260921,002521.SZ,7.04,5.76
20260921,002522.SZ,6.7,5.48
20260921,002523.SZ,3.75,3.07
20260921,002524.SZ,4.33,3.55
20260921,002526.SZ,2.9,2.38
20260921,002527.SZ,11.8,9.66
20260921,002528.SZ,7.11,5.81
20260921,002529.SZ,7.23,5.91
20260921,002530.SZ,7.87,6.44
20260921,002531.SZ,8.48,6.94
20260921,002532.SZ,14.09,11.53
20260921,002533.SZ,12.05,9.86
20260921,002534.SZ,18.37,15.03
20260921,002535.SZ,2.61,2.13
20260921,002536.SZ,59.0,48.28
20260921,002537.SZ,6.33,5.18
20260921,002538.SZ,7.38,6.04
20260921,002539.SZ,13.54,11.08
20260921,002540.SZ,5.47,4.47
20260921,002541.SZ,20.47,16.75
20260921,002542.SZ,1.85,1.51
20260921,002543.SZ,7.87,6.44
20260921,002544.SZ,17.78,14.54
20260921,002545.SZ,17.52,14.34
20260921,002546.SZ,8.37,6.85
20260921,002547.SZ,2.73,2.23
20260921,002548.SZ,4.41,3.61
20260921,002549.SZ,15.1,12.36
20260921,002550.SZ,7.07,5.79
20260921,002551.SZ,3.55,2.91
20260921,002552.SZ,59.66,48.82
20260921,002553.SZ,17.24,14.1
20260921,002554.SZ,3.05,2.49
20260921,002555.SZ,19.35,15.83
20260921,002556.SZ,5.69,4.65
20260921,002557.SZ,19.79,16.19
20260921,002558.SZ,27.47,22.47
20260921,002559.SZ,10.18,8.33
20260921,002560.SZ,8.11,6.63
20260921,002561.SZ,8.14,6.66
20260921,002562.SZ,5.27,4.31
20260921,002563.SZ,5.97,4.89
20260921,002564.SZ,5.38,4.4
20260921,002565.SZ,9.7,7.94
20260921,002566.SZ,7.66,6.26
20260921,002567.SZ,4.11,3.37
20260921,002568.SZ,19.71,16.13
20260921,002569.SZ,12.46,10.2
20260921,002570.SZ,4.83,3.95
20260921,002571.SZ,11.95,9.77
20260921,002572.SZ,8.03,6.57
20260921,002573.SZ,3.43,2.81
20260921,002574.SZ,5.53,4.53
20260921,002575.SZ,5.67,4.64
20260921,002576.SZ,15.59,12.75
20260921,002577.SZ,24.09,19.71
20260921,002578.SZ,4.33,3.55
20260921,002579.SZ,21.88,17.9
20260921,002580.SZ,21.47,17.57
20260921,002581.SZ,5.71,4.67
20260921,002582.SZ,10.71,8.77
20260921,002583.SZ,9.09,7.43
20260921,002584.SZ,10.73,8.78
20260921,002585.SZ,12.71,10.4
20260921,002586.SZ,4.17,3.41
20260921,002587.SZ,5.81,4.75
20260921,002588.SZ,8.45,6.91
20260921,002589.SZ,3.6,2.94
20260921,002590.SZ,10.6,8.68
20260921,002591.SZ,6.83,5.59
20260921,002592.SZ,7.04,5.76
20260921,002593.SZ,5.05,4.13
20260921,002594.SZ,92.73,75.87
20260921,002595.SZ,43.51,35.6
20260921,002596.SZ,3.72,3.04
20260921,002597.SZ,23.99,19.63
20260921,002598.SZ,7.74,6.34
20260921,002599.SZ,6.04,4.94
20260921,002600.SZ,13.84,11.32
20260921,002601.SZ,16.82,13.76
20260921,002602.SZ,16.16,13.22
20260921,002603.SZ,16.72,13.68
20260921,002605.SZ,18.33,14.99
20260921,002606.SZ,13.95,11.41
20260921,002607.SZ,2.09,1.71
20260921,002608.SZ,8.1,6.62
20260921,002609.SZ,8.39,6.87
20260921,002611.SZ,15.37,12.57
20260921,002612.SZ,18.81,15.39
20260921,002613.SZ,3.98,3.26
20260921,002614.SZ,6.25,5.11
20260921,002615.SZ,6.88,5.63
20260921,002616.SZ,5.35,4.37
20260921,002617.SZ,7.68,6.28
20260921,002620.SZ,6.37,5.21
20260921,002622.SZ,2.72,2.22
20260921,002623.SZ,20.37,16.67
20260921,002624.SZ,10.97,8.97
20260921,002625.SZ,30.36,24.84
20260921,002626.SZ,17.74,14.52
20260921,002627.SZ,7.45,6.09
20260921,002628.SZ,5.58,4.56
20260921,002629.SZ,4.68,3.83
20260921,002630.SZ,1.83,1.49
20260921,002631.SZ,14.55,11.91
20260921,002632.SZ,10.49,8.59
20260921,002633.SZ,15.51,12.69
20260921,002634.SZ,4.47,3.65
20260921,002635.SZ,16.43,13.45
20260921,002636.SZ,88.95,72.77
20260921,002637.SZ,12.41,10.15
20260921,002638.SZ,4.66,3.82
20260921,002639.SZ,15.51,12.69
20260921,002640.SZ,4.07,3.33
20260921,002641.SZ,4.16,3.4
20260921,002642.SZ,7.69,6.29
20260921,002643.SZ,14.86,12.16
20260921,002644.SZ,9.01,7.37
20260921,002645.SZ,20.1,16.44
20260921,002646.SZ,7.48,6.12
20260921,002647.SZ,11.98,9.8
20260921,002648.SZ,29.27,23.95
20260921,002649.SZ,10.21,8.35
20260921,002650.SZ,7.35,6.01
20260921,002651.SZ,9.16,7.5
20260921,002652.SZ,5.09,4.17
20260921,002653.SZ,69.89,57.19
20260921,002654.SZ,15.65,12.81
20260921,002655.SZ,44.99,36.81
20260921,002656.SZ,3.07,2.51
20260921,002657.SZ,16.42,13.44
20260921,002658.SZ,8.1,6.62
20260921,002659.SZ,4.88,4.0
20260921,002660.SZ,8.92,7.3
20260921,002661.SZ,8.25,6.75
20260921,002662.SZ,3.51,2.87
20260921,002663.SZ,1.89,1.55
20260921,002664.SZ,16.35,13.37
20260921,002666.SZ,4.58,3.74
20260921,002667.SZ,21.82,17.86
20260921,002668.SZ,9.96,8.15
20260921,002669.SZ,15.14,12.38
20260921,002670.SZ,12.86,10.52
20260921,002671.SZ,4.31,3.53
20260921,002672.SZ,3.93,3.21
20260921,002673.SZ,7.43,6.08
20260921,002674.SZ,21.58,17.66
20260921,002675.SZ,13.72,11.22
20260921,002676.SZ,5.89,4.82
20260921,002677.SZ,6.77,5.54
20260921,002678.SZ,4.77,3.91
20260921,002679.SZ,12.01,9.83
20260921,002681.SZ,5.06,4.14
20260921,002682.SZ,5.61,4.59
20260921,002683.SZ,30.92,25.3
20260921,002685.SZ,6.23,5.09
20260921,002686.SZ,6.84,5.6
20260921,002687.SZ,7.0,5.72
20260921,002688.SZ,5.65,4.63
20260921,002689.SZ,3.2,2.62
20260921,002690.SZ,16.93,13.85
20260921,002691.SZ,4.71,3.85
20260921,002692.SZ,4.71,3.85
20260921,002693.SZ,10.14,8.3
20260921,002694.SZ,2.6,2.12
20260921,002695.SZ,11.88,9.72
20260921,002696.SZ,7.37,6.03
20260921,002697.SZ,5.15,4.21
20260921,002698.SZ,12.55,10.27
20260921,002700.SZ,7.0,5.72
20260921,002701.SZ,4.82,3.94
20260921,002702.SZ,6.09,4.99
20260921,002703.SZ,16.95,13.87
20260921,002705.SZ,12.85,10.51
20260921,002706.SZ,9.34,7.64
20260921,002707.SZ,5.62,4.6
20260921,002708.SZ,18.73,15.33
20260921,002709.SZ,36.7,30.02
20260921,002712.SZ,5.49,4.49
20260921,002713.SZ,12.01,9.83
20260921,002714.SZ,45.49,37.22
20260921,002715.SZ,14.42,11.8
20260921,002716.SZ,10.84,8.87
20260921,002717.SZ,1.05,0.86
20260921,002718.SZ,93.45,76.46
20260921,002719.SZ,7.05,5.77
20260921,002721.SZ,2.99,2.45
20260921,002722.SZ,14.27,11.67
20260921,002723.SZ,8.43,6.89
20260921,002724.SZ,7.84,6.42
20260921,002725.SZ,12.17,9.95
20260921,002726.SZ,2.62,2.14
20260921,002727.SZ,11.92,9.76
20260921,002728.SZ,10.6,8.68
20260921,002729.SZ,15.33,12.55
20260921,002730.SZ,26.51,21.69
20260921,002731.SZ,0.85,0.69
20260921,002732.SZ,15.03,12.29
20260921,002733.SZ,20.06,16.42
20260921,002734.SZ,20.48,16.76
20260921,002735.SZ,14.25,11.66
20260921,002736.SZ,10.8,8.84
20260921,002737.SZ,12.38,10.13
20260921,002738.SZ,48.44,39.64
20260921,002739.SZ,9.48,7.76
20260921,002741.SZ,27.92,22.84
20260921,002742.SZ,4.49,3.67
20260921,002743.SZ,5.76,4.72
20260921,002745.SZ,13.45,11.01
20260921,002746.SZ,7.07,5.79
20260921,002747.SZ,32.77,26.81
20260921,002748.SZ,13.55,11.09
20260921,002749.SZ,9.2,7.52
20260921,002752.SZ,6.89,5.63
20260921,002753.SZ,7.39,6.05
20260921,002755.SZ,12.45,10.19
20260921,002756.SZ,45.02,36.84
20260921,002757.SZ,19.47,15.93
20260921,002758.SZ,9.44,7.72
20260921,002759.SZ,15.88,13.0
20260921,002760.SZ,18.78,15.36
20260921,002761.SZ,7.98,6.53
20260921,002762.SZ,11.2,9.16
20260921,002763.SZ,7.96,6.52
20260921,002765.SZ,7.55,6.17
20260921,002766.SZ,4.43,3.63
20260921,002767.SZ,20.1,16.44
20260921,002768.SZ,74.68,61.1
20260921,002769.SZ,7.37,6.03
20260921,002771.SZ,15.24,12.47
20260921,002772.SZ,12.07,9.87
20260921,002773.SZ,21.51,17.6
20260921,002774.SZ,19.68,16.1
20260921,002775.SZ,3.56,2.92
20260921,002777.SZ,13.67,11.19
20260921,002778.SZ,16.67,13.64
20260921,002779.SZ,91.29,74.69
20260921,002780.SZ,15.51,12.69
20260921,002782.SZ,16.73,13.69
20260921,002783.SZ,8.54,6.98
20260921,002785.SZ,43.33,35.45
20260921,002786.SZ,8.68,7.1
20260921,002787.SZ,28.64,23.44
20260921,002788.SZ,12.21,9.99
20260921,002789.SZ,15.38,12.58
20260921,002790.SZ,7.13,5.83
20260921,002791.SZ,15.93,13.03
20260921,002792.SZ,34.54,28.26
20260921,002793.SZ,5.08,4.16
20260921,002795.SZ,8.04,6.58
20260921,002796.SZ,34.95,28.59
20260921,002797.SZ,7.0,5.72
20260921,002798.SZ,7.3,5.98
20260921,002799.SZ,7.33,5.99
20260921,002800.SZ,16.25,13.29
20260921,002801.SZ,29.17,23.87
20260921,002802.SZ,13.16,10.76
20260921,002803.SZ,22.54,18.44
20260921,002805.SZ,18.59,15.21
20260921,002806.SZ,16.52,13.52
20260921,002807.SZ,4.55,3.73
20260921,002809.SZ,9.0,7.36
20260921,002810.SZ,23.05,18.86
20260921,002811.SZ,16.91,13.83
20260921,002812.SZ,53.44,43.72
20260921,002813.SZ,23.82,19.49
20260921,002815.SZ,25.74,21.06
20260921,002816.SZ,25.01,20.47
20260921,002817.SZ,7.12,5.82
20260921,002818.SZ,12.63,10.33
20260921,002819.SZ,23.54,19.26
20260921,002820.SZ,10.65,8.71
20260921,002821.SZ,203.72,166.68
20260921,002822.SZ,3.31,2.71
20260921,002823.SZ,14.03,11.48
20260921,002824.SZ,31.21,25.53
20260921,002825.SZ,10.51,8.6
20260921,002826.SZ,18.73,15.33
20260921,002827.SZ,74.91,61.29
20260921,002828.SZ,11.81,9.67
20260921,002829.SZ,22.26,18.22
20260921,002830.SZ,16.02,13.1
20260921,002831.SZ,30.93,25.31
20260921,002832.SZ,28.19,23.07
20260921,002833.SZ,20.15,16.49
20260921,002835.SZ,14.21,11.63
20260921,002836.SZ,13.11,10.73
20260921,002837.SZ,69.61,56.95
20260921,002838.SZ,27.76,22.72
20260921,002839.SZ,4.73,3.87
20260921,002840.SZ,8.87,7.25
20260921,002841.SZ,51.98,42.53
20260921,002842.SZ,38.96,31.88
20260921,002843.SZ,18.05,14.77
20260921,002845.SZ,15.4,12.6
20260921,002846.SZ,13.04,10.67
20260921,002847.SZ,46.7,38.21
20260921,002848.SZ,16.83,13.77
20260921,002849.SZ,22.35,18.29
20260921,002850.SZ,190.3,155.7
20260921,002851.SZ,139.48,114.12
20260921,002852.SZ,8.95,7.33
20260921,002853.SZ,24.07,19.69
20260921,002855.SZ,14.03,11.48
20260921,002856.SZ,25.52,20.88
20260921,002857.SZ,18.96,15.52
20260921,002858.SZ,12.46,10.2
20260921,002859.SZ,75.35,61.65
20260921,002860.SZ,18.39,15.05
20260921,002861.SZ,16.02,13.1
20260921,002862.SZ,16.92,13.84
20260921,002863.SZ,5.16,4.22
20260921,002864.SZ,22.62,18.5
20260921,002865.SZ,42.32,34.62
20260921,002866.SZ,15.96,13.06
20260921,002867.SZ,11.36,9.3
20260921,002868.SZ,25.3,20.7
20260921,002869.SZ,17.04,13.94
20260921,002870.SZ,54.43,44.53
20260921,002871.SZ,19.37,15.85
20260921,002872.SZ,6.47,5.29
20260921,002873.SZ,8.83,7.23
20260921,002875.SZ,14.23,11.65
20260921,002876.SZ,34.86,28.52
20260921,002877.SZ,8.1,6.62
20260921,002878.SZ,13.86,11.34
20260921,002879.SZ,18.12,14.82
20260921,002880.SZ,22.88,18.72
20260921,002881.SZ,49.83,40.77
20260921,002882.SZ,25.65,20.99
20260921,002883.SZ,10.05,8.23
20260921,002884.SZ,17.03,13.93
20260921,002885.SZ,31.35,25.65
20260921,002886.SZ,29.04,23.76
20260921,002887.SZ,10.0,8.18
20260921,002888.SZ,20.65,16.89
20260921,002889.SZ,13.09,10.71
20260921,002890.SZ,16.3,13.34
20260921,002891.SZ,30.33,24.81
20260921,002892.SZ,9.52,7.79
20260921,002893.SZ,11.36,9.3
20260921,002895.SZ,33.87,27.71
20260921,002896.SZ,67.61,55.31
20260921,002897.SZ,77.12,63.1
20260921,002899.SZ,21.62,17.69
20260921,002900.SZ,13.04,10.67
20260921,002901.SZ,42.72,34.96
20260921,002902.SZ,34.32,28.08
20260921,002903.SZ,33.84,27.68
20260921,002905.SZ,9.42,7.7
20260921,002906.SZ,30.29,24.79
20260921,002907.SZ,15.25,12.47
20260921,002908.SZ,7.52,6.16
20260921,002909.SZ,7.14,5.84
20260921,002910.SZ,10.75,8.79
20260921,002911.SZ,12.33,10.09
20260921,002912.SZ,27.01,22.1
20260921,002913.SZ,92.47,75.65
20260921,002915.SZ,19.12,15.64
20260921,002916.SZ,422.95,346.05
20260921,002917.SZ,11.13,9.11
20260921,002918.SZ,12.21,9.99
20260921,002919.SZ,18.47,15.11
20260921,002920.SZ,93.2,76.26
20260921,002921.SZ,22.46,18.38
20260921,002922.SZ,25.87,21.17
20260921,002923.SZ,12.01,9.83
20260921,002925.SZ,27.01,22.1
20260921,002926.SZ,9.01,7.37
20260921,002927.SZ,21.4,17.51
20260921,002928.SZ,7.11,5.81
20260921,002929.SZ,57.42,46.98
20260921,002930.SZ,9.98,8.16
20260921,002931.SZ,45.44,37.18
20260921,002932.SZ,16.84,13.78
20260921,002933.SZ,30.17,24.69
20260921,002935.SZ,17.56,14.36
20260921,002936.SZ,1.91,1.57
20260921,002937.SZ,30.1,24.62
20260921,002938.SZ,98.87,80.89
20260921,002939.SZ,8.64,7.07
20260921,002940.SZ,25.48,20.84
20260921,002941.SZ,11.59,9.49
20260921,002942.SZ,18.07,14.79
20260921,002943.SZ,33.35,27.29
20260921,002945.SZ,15.68,12.83
20260921,002946.SZ,15.88,13.0
20260921,002947.SZ,73.29,59.97
20260921,002948.SZ,6.66,5.45
20260921,002949.SZ,13.83,11.31
20260921,002950.SZ,9.27,7.59
20260921,002951.SZ,17.51,14.33
20260921,002952.SZ,20.86,17.06
20260921,002953.SZ,11.59,9.49
20260921,002955.SZ,40.76,33.35
20260921,002956.SZ,19.58,16.02
20260921,002957.SZ,46.68,38.2
20260921,002958.SZ,3.26,2.66
20260921,002959.SZ,34.87,28.53
20260921,002960.SZ,9.57,7.83
20260921,002961.SZ,23.33,19.09
20260921,002962.SZ,14.85,12.15
20260921,002963.SZ,22.62,18.5
20260921,002965.SZ,34.22,28.0
20260921,002966.SZ,9.97,8.15
20260921,002967.SZ,18.83,15.41
20260921,002968.SZ,10.14,8.3
20260921,002969.SZ,12.56,10.28
20260921,002970.SZ,47.87,39.17
20260921,002971.SZ,46.95,38.41
20260921,002972.SZ,14.43,11.81
20260921,002973.SZ,14.92,12.2
20260921,002975.SZ,115.35,94.37
20260921,002976.SZ,29.59,24.21
20260921,002977.SZ,22.43,18.35
20260921,002978.SZ,27.67,22.64
20260921,002979.SZ,60.7,49.66
20260921,002980.SZ,140.83,115.23
20260921,002981.SZ,28.3,23.16
20260921,002982.SZ,13.55,11.09
20260921,002983.SZ,24.17,19.77
20260921,002984.SZ,14.19,11.61
20260921,002985.SZ,30.15,24.67
20260921,002986.SZ,14.37,11.75
20260921,002987.SZ,11.92,9.76
20260921,002988.SZ,34.62,28.32
20260921,002989.SZ,26.73,21.87
20260921,002990.SZ,55.35,45.29
20260921,002991.SZ,41.55,33.99
20260921,002992.SZ,37.57,30.74
20260921,002993.SZ,40.15,32.85
20260921,002995.SZ,18.5,15.14
20260921,002996.SZ,6.55,5.36
20260921,002997.SZ,29.33,23.99
20260921,002998.SZ,8.59,7.03
20260921,002999.SZ,6.91,5.65
20260921,003000.SZ,10.34,8.46
20260921,003001.SZ,22.0,18.0
20260921,003002.SZ,17.94,14.68
20260921,003003.SZ,11.57,9.47
20260921,003004.SZ,67.25,55.03
20260921,003005.SZ,16.15,13.21
20260921,003006.SZ,23.38,19.13
20260921,003007.SZ,44.0,36.0
20260921,003008.SZ,20.61,16.87
20260921,003009.SZ,52.91,43.29
20260921,003010.SZ,32.49,26.59
20260921,003011.SZ,21.12,17.28
20260921,003012.SZ,4.98,4.08
20260921,003013.SZ,21.09,17.25
20260921,003015.SZ,13.73,11.23
20260921,003016.SZ,8.17,6.69
20260921,003017.SZ,24.42,19.98
20260921,003018.SZ,54.69,44.75
20260921,003019.SZ,30.29,24.79
20260921,003020.SZ,18.72,15.32
20260921,003021.SZ,75.88,62.08
20260921,003022.SZ,21.66,17.72
20260921,003023.SZ,28.07,22.97
20260921,003025.SZ,13.2,10.8
20260921,003026.SZ,40.92,33.48
20260921,003027.SZ,17.67,14.45
20260921,003028.SZ,25.52,20.88
20260921,003029.SZ,19.5,15.96
20260921,003030.SZ,28.8,23.56
20260921,003031.SZ,149.05,121.95
20260921,003032.SZ,9.88,8.08
20260921,003033.SZ,93.36,76.38
20260921,003035.SZ,6.25,5.11
20260921,003036.SZ,60.26,49.3
20260921,003037.SZ,6.27,5.13
20260921,003038.SZ,11.57,9.47
20260921,003039.SZ,13.98,11.44
20260921,003040.SZ,18.02,14.74
20260921,003041.SZ,46.22,37.82
20260921,003042.SZ,15.35,12.56
20260921,003043.SZ,71.67,58.64
20260921,003816.SZ,4.66,3.82
20260921,200011.SZ,3.03,2.48
20260921,200012.SZ,1.35,1.11
20260921,200016.SZ,0.78,0.64
20260921,200017.SZ,1.74,1.42
20260921,200019.SZ,3.54,2.9
20260921,200020.SZ,2.79,2.29
20260921,200025.SZ,4.39,3.59
20260921,200026.SZ,9.57,7.83
20260921,200028.SZ,13.19,10.79
20260921,200029.SZ,4.42,3.62
20260921,200030.SZ,2.97,2.43
20260921,200037.SZ,2.52,2.06
20260921,200045.SZ,4.54,3.72
20260921,200055.SZ,1.53,1.25
20260921,200056.SZ,0.63,0.51
20260921,200058.SZ,1.74,1.42
20260921,200429.SZ,10.21,8.35
20260921,200468.SZ,4.18,3.42
20260921,200488.SZ,0.66,0.54
20260921,200505.SZ,2.16,1.76
20260921,200512.SZ,2.28,1.86
20260921,200521.SZ,3.23,2.65
20260921,200530.SZ,1.78,1.46
20260921,200539.SZ,2.05,1.67
20260921,200541.SZ,2.07,1.69
20260921,200550.SZ,10.49,8.59
20260921,200553.SZ,3.17,2.59
20260921,200570.SZ,2.23,1.83
20260921,200581.SZ,14.21,11.63
20260921,200596.SZ,61.27,50.13
20260921,200625.SZ,3.67,3.01
20260921,200706.SZ,3.08,2.52
20260921,200725.SZ,5.75,4.71
20260921,200726.SZ,4.87,3.99
20260921,200761.SZ,1.01,0.83
20260921,200869.SZ,8.58,7.02
20260921,200992.SZ,1.79,1.47
20260921,201872.SZ,20.09,16.43
20260921,300001.SZ,39.0,26.0
20260921,300002.SZ,9.54,6.36
20260921,300003.SZ,13.74,9.16
20260921,300004.SZ,9.9,6.6
20260921,300005.SZ,13.64,9.1
20260921,300006.SZ,6.3,4.2
20260921,300007.SZ,36.4,24.26
20260921,300008.SZ,7.74,5.16
20260921,300009.SZ,9.79,6.53
20260921,300010.SZ,6.11,4.07
20260921,300011.SZ,6.9,4.6
20260921,300012.SZ,17.44,11.62
20260921,300013.SZ,5.18,3.46
20260921,300014.SZ,61.87,41.25
20260921,300015.SZ,9.65,6.43
20260921,300016.SZ,9.96,6.64
20260921,300017.SZ,18.18,12.12
20260921,300018.SZ,14.46,9.64
20260921,300019.SZ,17.15,11.43
20260921,300020.SZ,4.81,3.21
20260921,300021.SZ,4.64,3.1
20260921,300022.SZ,9.61,6.41
20260921,300024.SZ,15.86,10.58
20260921,300025.SZ,6.6,4.4
20260921,300026.SZ,3.84,2.56
20260921,300027.SZ,2.09,1.39
20260921,300030.SZ,7.87,5.25
20260921,300031.SZ,25.52,17.02
20260921,300032.SZ,4.68,3.12
20260921,300033.SZ,248.64,165.76
20260921,300034.SZ,19.09,12.73
20260921,300035.SZ,15.06,10.04
20260921,300036.SZ,12.14,8.1
20260921,300037.SZ,87.76,58.5
20260921,300039.SZ,6.08,4.06
20260921,300040.SZ,7.0,4.66
20260921,300041.SZ,13.45,8.97
20260921,300042.SZ,48.14,32.1
20260921,300043.SZ,5.3,3.54
20260921,300044.SZ,7.22,4.82
20260921,300045.SZ,13.98,9.32
20260921,300046.SZ,30.22,20.14
20260921,300047.SZ,10.9,7.26
20260921,300048.SZ,5.83,3.89
20260921,300049.SZ,57.47,38.31
20260921,300050.SZ,8.64,5.76
20260921,300051.SZ,10.16,6.78
20260921,300052.SZ,12.31,8.21
20260921,300053.SZ,14.83,9.89
20260921,300054.SZ,87.1,58.06
20260921,300055.SZ,7.08,4.72
20260921,300056.SZ,9.37,6.25
20260921,300057.SZ,7.85,5.23
20260921,300058.SZ,15.78,10.52
20260921,300059.SZ,22.04,14.7
20260921,300061.SZ,8.28,5.52
20260921,300062.SZ,7.76,5.18
20260921,300063.SZ,10.42,6.94
20260921,300065.SZ,18.77,12.51
20260921,300066.SZ,5.58,3.72
20260921,300067.SZ,6.35,4.23
20260921,300068.SZ,5.21,3.47
20260921,300069.SZ,30.3,20.2
20260921,300070.SZ,4.03,2.69
20260921,300071.SZ,4.97,3.31
20260921,300072.SZ,4.33,2.89
20260921,300073.SZ,46.69,31.13
20260921,300074.SZ,4.32,2.88
20260921,300075.SZ,12.44,8.3
20260921,300076.SZ,5.08,3.38
20260921,300077.SZ,26.62,17.74
20260921,300078.SZ,3.22,2.14
20260921,300079.SZ,5.75,3.83
20260921,300080.SZ,4.48,2.98
20260921,300081.SZ,4.15,2.77
20260921,300082.SZ,10.3,6.86
20260921,300083.SZ,15.34,10.22
20260921,300084.SZ,12.26,8.18
20260921,300085.SZ,37.69,25.13
20260921,300086.SZ,7.52,5.02
20260921,300087.SZ,6.85,4.57
20260921,300088.SZ,8.68,5.78
20260921,300091.SZ,2.87,1.91
20260921,300092.SZ,13.61,9.07
20260921,300093.SZ,26.69,17.79
20260921,300094.SZ,3.5,2.34
20260921,300095.SZ,11.02,7.34
20260921,300096.SZ,11.08,7.38
20260921,300097.SZ,13.02,8.68
20260921,300098.SZ,5.2,3.46
20260921,300099.SZ,7.45,4.97
20260921,300100.SZ,24.85,16.57
20260921,300101.SZ,16.76,11.18
20260921,300102.SZ,20.77,13.85
20260921,300103.SZ,9.17,6.11
20260921,300105.SZ,8.7,5.8
20260921,300106.SZ,12.95,8.63
20260921,300107.SZ,7.88,5.26
20260921,300109.SZ,15.48,10.32
20260921,300110.SZ,3.29,2.19
20260921,300111.SZ,3.6,2.4
20260921,300112.SZ,13.94,9.3
20260921,300113.SZ,19.3,12.86
20260921,300115.SZ,29.38,19.58
20260921,300118.SZ,11.03,7.35
20260921,300119.SZ,20.11,13.41
20260921,300120.SZ,9.22,6.14
20260921,300121.SZ,11.52,7.68
20260921,300122.SZ,15.3,10.2
20260921,300123.SZ,5.46,3.64
20260921,300124.SZ,62.94,41.96
20260921,300125.SZ,11.17,7.45
20260921,300126.SZ,7.72,5.14
20260921,300127.SZ,28.84,19.22
20260921,300128.SZ,6.05,4.03
20260921,300129.SZ,9.25,6.17
20260921,300130.SZ,21.29,14.19
20260921,300131.SZ,19.38,12.92
20260921,300132.SZ,7.37,4.91
20260921,300133.SZ,8.6,5.74
20260921,300134.SZ,10.1,6.74
20260921,300135.SZ,4.18,2.78
20260921,300136.SZ,71.41,47.61
20260921,300137.SZ,13.8,9.2
20260921,300138.SZ,13.19,8.79
20260921,300139.SZ,58.18,38.78
20260921,300140.SZ,6.43,4.29
20260921,300141.SZ,12.18,8.12
20260921,300142.SZ,15.97,10.65
20260921,300143.SZ,8.72,5.82
20260921,300144.SZ,6.9,4.6
20260921,300145.SZ,5.84,3.9
20260921,300146.SZ,11.08,7.38
20260921,300147.SZ,7.84,5.22
20260921,300148.SZ,4.16,2.78
20260921,300149.SZ,11.1,7.4
20260921,300150.SZ,4.82,3.22
20260921,300151.SZ,24.84,16.56
20260921,300152.SZ,2.0,1.34
20260921,300153.SZ,34.76,23.18
20260921,300154.SZ,16.8,11.2
20260921,300155.SZ,5.12,3.42
20260921,300157.SZ,4.55,3.03
20260921,300158.SZ,6.42,4.28
20260921,300159.SZ,3.47,2.31
20260921,300160.SZ,5.22,3.48
20260921,300161.SZ,33.0,22.0
20260921,300162.SZ,9.36,6.24
20260921,300163.SZ,8.81,5.87
20260921,300164.SZ,11.06,7.38
20260921,300165.SZ,6.11,4.07
20260921,300166.SZ,14.53,9.69
20260921,300167.SZ,4.44,2.96
20260921,300168.SZ,5.66,3.78
20260921,300169.SZ,6.6,4.4
20260921,300170.SZ,18.36,12.24
20260921,300171.SZ,18.54,12.36
20260921,300172.SZ,5.36,3.58
20260921,300173.SZ,3.95,2.63
20260921,300174.SZ,22.55,15.03
20260921,300175.SZ,6.62,4.42
20260921,300176.SZ,5.22,3.48
20260921,300177.SZ,7.31,4.87
20260921,300179.SZ,54.41,36.27
20260921,300180.SZ,5.32,3.54
20260921,300181.SZ,15.96,10.64
20260921,300182.SZ,6.02,4.02
20260921,300183.SZ,13.09,8.73
20260921,300184.SZ,14.74,9.82
20260921,300185.SZ,3.34,2.22
20260921,300187.SZ,5.46,3.64
20260921,300188.SZ,12.34,8.22
20260921,300189.SZ,7.84,5.22
20260921,300190.SZ,4.55,3.03
20260921,300191.SZ,37.55,25.03
20260921,300192.SZ,22.22,14.82
20260921,300193.SZ,9.36,6.24
20260921,300194.SZ,4.54,3.02
20260921,300195.SZ,7.33,4.89
20260921,300196.SZ,24.61,16.41
20260921,300197.SZ,2.36,1.58
20260921,300198.SZ,2.72,1.82
20260921,300199.SZ,28.2,18.8
20260921,300200.SZ,10.22,6.82
20260921,300201.SZ,15.85,10.57
20260921,300203.SZ,15.31,10.21
20260921,300204.SZ,23.82,15.88
20260921,300205.SZ,6.0,4.0
20260921,300206.SZ,13.7,9.14
20260921,300207.SZ,24.04,16.02
20260921,300209.SZ,40.99,27.33
20260921,300210.SZ,8.9,5.94
20260921,300211.SZ,8.42,5.62
20260921,300212.SZ,9.48,6.32
20260921,300213.SZ,7.56,5.04
20260921,300214.SZ,12.18,8.12
20260921,300215.SZ,7.61,5.07
20260921,300217.SZ,4.86,3.24
20260921,300218.SZ,14.87,9.91
20260921,300219.SZ,8.26,5.5
20260921,300220.SZ,13.14,8.76
20260921,300221.SZ,16.97,11.31
20260921,300222.SZ,12.22,8.14
20260921,300223.SZ,171.56,114.38
20260921,300224.SZ,13.69,9.13
20260921,300225.SZ,9.88,6.58
20260921,300226.SZ,19.92,13.28
20260921,300227.SZ,13.5,9.0
20260921,300228.SZ,8.06,5.38
20260921,300229.SZ,15.62,10.42
20260921,300230.SZ,5.16,3.44
20260921,300231.SZ,9.9,6.6
20260921,300232.SZ,6.47,4.31
20260921,300233.SZ,15.88,10.58
20260921,300234.SZ,14.34,9.56
20260921,300235.SZ,14.48,9.66
20260921,300236.SZ,110.4,73.6
20260921,300237.SZ,2.71,1.81
20260921,300238.SZ,13.5,9.0
20260921,300239.SZ,5.89,3.93
20260921,300240.SZ,7.22,4.82
20260921,300241.SZ,7.15,4.77
20260921,300242.SZ,4.66,3.1
20260921,300243.SZ,26.34,17.56
20260921,300244.SZ,22.81,15.21
20260921,300245.SZ,7.09,4.73
20260921,300246.SZ,18.86,12.58
20260921,300247.SZ,4.31,2.87
20260921,300248.SZ,9.83,6.55
20260921,300249.SZ,16.16,10.78
20260921,300250.SZ,18.0,12.0
20260921,300251.SZ,13.3,8.86
20260921,300252.SZ,15.25,10.17
20260921,300253.SZ,8.11,5.41
20260921,300254.SZ,10.4,6.94
20260921,300255.SZ,27.67,18.45
20260921,300256.SZ,3.2,2.14
20260921,300257.SZ,22.98,15.32
20260921,300258.SZ,10.66,7.1
20260921,300259.SZ,4.76,3.18
20260921,300260.SZ,77.12,51.42
20260921,300261.SZ,5.71,3.81
20260921,300263.SZ,12.3,8.2
20260921,300264.SZ,7.22,4.82
20260921,300265.SZ,16.6,11.06
20260921,300266.SZ,2.23,1.49
20260921,300267.SZ,3.86,2.58
20260921,300268.SZ,13.96,9.3
20260921,300269.SZ,5.56,3.7
20260921,300270.SZ,12.6,8.4
20260921,300271.SZ,6.71,4.47
20260921,300272.SZ,6.76,4.5
20260921,300274.SZ,104.7,69.8
20260921,300275.SZ,10.75,7.17
20260921,300276.SZ,7.2,4.8
20260921,300277.SZ,15.59,10.39
20260921,300278.SZ,4.22,2.82
20260921,300279.SZ,7.21,4.81
20260921,300281.SZ,8.03,5.35
20260921,300283.SZ,17.17,11.45
20260921,300284.SZ,6.12,4.08
20260921,300285.SZ,80.59,53.73
20260921,300286.SZ,23.17,15.45
20260921,300287.SZ,4.24,2.82
20260921,300288.SZ,11.39,7.59
20260921,300289.SZ,6.94,4.62
20260921,300290.SZ,8.57,5.71
20260921,300291.SZ,6.38,4.26
20260921,300292.SZ,5.56,3.7
20260921,300293.SZ,17.95,11.97
20260921,300294.SZ,17.28,11.52
20260921,300295.SZ,14.33,9.55
20260921,300296.SZ,5.87,3.91
20260921,300298.SZ,18.76,12.5
20260921,300299.SZ,6.48,4.32
20260921,300300.SZ,11.34,7.56
20260921,300301.SZ,4.16,2.78
20260921,300302.SZ,34.4,22.94
20260921,300303.SZ,8.3,5.54
20260921,300304.SZ,13.8,9.2
20260921,300305.SZ,7.73,5.15
20260921,300306.SZ,12.16,8.1
20260921,300307.SZ,8.52,5.68
20260921,300308.SZ,1111.72,741.14
20260921,300310.SZ,5.15,3.43
20260921,300311.SZ,6.9,4.6
20260921,300313.SZ,15.7,10.46
20260921,300314.SZ,13.92,9.28
20260921,300315.SZ,4.81,3.21
20260921,300316.SZ,51.26,34.18
20260921,300317.SZ,4.98,3.32
20260921,300318.SZ,5.87,3.91
20260921,300319.SZ,25.87,17.25
20260921,300320.SZ,10.04,6.7
20260921,300321.SZ,42.96,28.64
20260921,300322.SZ,22.13,14.75
20260921,300323.SZ,13.74,9.16
20260921,300324.SZ,4.06,2.7
20260921,300326.SZ,7.45,4.97
20260921,300327.SZ,30.5,20.34
20260921,300328.SZ,14.81,9.87
20260921,300329.SZ,14.39,9.59
20260921,300331.SZ,58.27,38.85
20260921,300332.SZ,5.9,3.94
20260921,300333.SZ,13.96,9.3
20260921,300334.SZ,10.49,6.99
20260921,300335.SZ,6.62,4.42
20260921,300337.SZ,11.28,7.52
20260921,300338.SZ,3.68,2.46
20260921,300339.SZ,41.72,27.82
20260921,300340.SZ,10.12,6.74
20260921,300341.SZ,15.58,10.38
20260921,300342.SZ,38.6,25.74
20260921,300343.SZ,6.6,4.4
20260921,300345.SZ,9.43,6.29
20260921,300346.SZ,67.2,44.8
20260921,300347.SZ,68.87,45.91
20260921,300348.SZ,11.26,7.5
20260921,300349.SZ,12.04,8.02
20260921,300350.SZ,5.2,3.46
20260921,300351.SZ,17.22,11.48
20260921,300352.SZ,3.29,2.19
20260921,300353.SZ,20.04,13.36
20260921,300354.SZ,32.56,21.7
20260921,300355.SZ,3.34,2.22
20260921,300357.SZ,23.34,15.56
20260921,300358.SZ,10.34,6.9
20260921,300359.SZ,4.81,3.21
20260921,300360.SZ,13.28,8.86
20260921,300363.SZ,27.35,18.23
20260921,300364.SZ,29.28,19.52
20260921,300365.SZ,5.39,3.59
20260921,300366.SZ,6.48,4.32
20260921,300368.SZ,11.09,7.39
20260921,300369.SZ,10.0,6.66
20260921,300370.SZ,2.51,1.67
20260921,300371.SZ,11.81,7.87
20260921,300373.SZ,111.88,74.58
20260921,300374.SZ,12.84,8.56
20260921,300375.SZ,4.86,3.24
20260921,300376.SZ,5.08,3.38
20260921,300377.SZ,16.87,11.25
20260921,300378.SZ,44.24,29.5
20260921,300380.SZ,34.2,22.8
20260921,300381.SZ,6.65,4.43
20260921,300382.SZ,19.68,13.12
20260921,300383.SZ,13.56,9.04
20260921,300384.SZ,13.88,9.26
20260921,300385.SZ,15.77,10.51
20260921,300386.SZ,13.27,8.85
20260921,300387.SZ,8.76,5.84
20260921,300388.SZ,8.06,5.38
20260921,300389.SZ,15.28,10.18
20260921,300390.SZ,65.04,43.36
20260921,300393.SZ,7.38,4.92
20260921,300394.SZ,341.59,227.73
20260921,300395.SZ,112.06,74.7
20260921,300396.SZ,8.45,5.63
20260921,300397.SZ,12.84,8.56
20260921,300398.SZ,46.02,30.68
20260921,300399.SZ,23.46,15.64
20260921,300400.SZ,44.26,29.5
20260921,300401.SZ,19.74,13.16
20260921,300402.SZ,17.56,11.7
20260921,300403.SZ,10.39,6.93
20260921,300404.SZ,16.08,10.72
20260921,300405.SZ,6.67,4.45
20260921,300406.SZ,13.68,9.12
20260921,300407.SZ,12.68,8.46
20260921,300408.SZ,157.15,104.77
20260921,300409.SZ,20.51,13.67
20260921,300410.SZ,10.55,7.03
20260921,300411.SZ,10.18,6.78
20260921,300412.SZ,5.21,3.47
20260921,300413.SZ,21.7,14.46
20260921,300414.SZ,13.63,9.09
20260921,300415.SZ,22.67,15.11
20260921,300416.SZ,17.17,11.45
20260921,300417.SZ,13.63,9.09
20260921,300418.SZ,52.55,35.03
20260921,300419.SZ,9.05,6.03
20260921,300420.SZ,9.05,6.03
20260921,300421.SZ,20.68,13.78
20260921,300422.SZ,4.81,3.21
20260921,300423.SZ,6.65,4.43
20260921,300424.SZ,19.31,12.87
20260921,300425.SZ,4.75,3.17
20260921,300426.SZ,8.8,5.86
20260921,300427.SZ,8.33,5.55
20260921,300428.SZ,23.36,15.58
20260921,300429.SZ,13.97,9.31
20260921,300430.SZ,5.81,3.87
20260921,300432.SZ,16.58,11.06
20260921,300433.SZ,40.18,26.78
20260921,300434.SZ,14.7,9.8
20260921,300435.SZ,20.33,13.55
20260921,300436.SZ,103.87,69.25
20260921,300437.SZ,12.84,8.56
20260921,300438.SZ,62.9,41.94
20260921,300439.SZ,11.39,7.59
20260921,300440.SZ,21.26,14.18
20260921,300441.SZ,8.41,5.61
20260921,300442.SZ,75.95,50.63
20260921,300443.SZ,24.37,16.25
20260921,300444.SZ,10.84,7.22
20260921,300445.SZ,22.8,15.2
20260921,300446.SZ,15.6,10.4
20260921,300447.SZ,17.02,11.34
20260921,300448.SZ,6.59,4.39
20260921,300449.SZ,8.2,5.46
20260921,300450.SZ,39.04,26.02
20260921,300451.SZ,4.03,2.69
20260921,300452.SZ,15.32,10.22
20260921,300453.SZ,10.81,7.21
20260921,300454.SZ,171.67,114.45
20260921,300455.SZ,20.69,13.79
20260921,300456.SZ,43.9,29.26
20260921,300457.SZ,26.6,17.74
20260921,300458.SZ,37.52,25.02
20260921,300459.SZ,4.3,2.86
20260921,300460.SZ,10.56,7.04
20260921,300461.SZ,39.9,26.6
20260921,300462.SZ,13.5,9.0
20260921,300463.SZ,10.9,7.26
20260921,300464.SZ,13.93,9.29
20260921,300465.SZ,13.69,9.13
20260921,300466.SZ,8.48,5.66
20260921,300467.SZ,39.84,26.56
20260921,300468.SZ,26.39,17.59
20260921,300469.SZ,59.3,39.54
20260921,300470.SZ,33.43,22.29
20260921,300471.SZ,11.93,7.95
20260921,300472.SZ,8.12,5.42
20260921,300473.SZ,36.54,24.36
20260921,300474.SZ,61.4,40.94
20260921,300475.SZ,209.18,139.46
20260921,300476.SZ,272.46,181.64
20260921,300477.SZ,3.16,2.1
20260921,300478.SZ,40.51,27.01
20260921,300479.SZ,17.41,11.61
20260921,300480.SZ,39.5,26.34
20260921,300481.SZ,16.98,11.32
20260921,300482.SZ,19.03,12.69
20260921,300483.SZ,28.38,18.92
20260921,300484.SZ,15.12,10.08
20260921,300485.SZ,10.09,6.73
20260921,300486.SZ,21.71,14.47
20260921,300487.SZ,82.54,55.02
20260921,300488.SZ,44.3,29.54
20260921,300489.SZ,269.54,179.7
20260921,300490.SZ,12.92,8.62
20260921,300491.SZ,45.67,30.45
20260921,300492.SZ,25.93,17.29
20260921,300493.SZ,15.42,10.28
20260921,300494.SZ,9.59,6.39
20260921,300496.SZ,66.47,44.31
20260921,300497.SZ,25.66,17.1
20260921,300498.SZ,17.75,11.83
20260921,300499.SZ,45.26,30.18
20260921,300500.SZ,11.05,7.37
20260921,300501.SZ,11.32,7.54
20260921,300502.SZ,534.0,356.0
20260921,300503.SZ,80.28,53.52
20260921,300504.SZ,21.4,14.26
20260921,300505.SZ,23.14,15.42
20260921,300506.SZ,5.69,3.79
20260921,300507.SZ,7.79,5.19
20260921,300508.SZ,47.4,31.6
20260921,300509.SZ,10.55,7.03
20260921,300510.SZ,4.14,2.76
20260921,300511.SZ,6.01,4.01
20260921,300512.SZ,8.78,5.86
20260921,300513.SZ,8.52,5.68
20260921,300514.SZ,12.04,8.02
20260921,300515.SZ,18.77,12.51
20260921,300516.SZ,42.34,28.22
20260921,300517.SZ,14.22,9.48
20260921,300518.SZ,29.28,19.52
20260921,300519.SZ,16.7,11.14
20260921,300520.SZ,27.26,18.18
20260921,300521.SZ,30.0,20.0
20260921,300522.SZ,17.54,11.7
20260921,300523.SZ,25.57,17.05
20260921,300525.SZ,9.26,6.18
20260921,300527.SZ,9.7,6.46
20260921,300528.SZ,16.93,11.29
20260921,300529.SZ,18.01,12.01
20260921,300530.SZ,23.24,15.5
20260921,300531.SZ,18.48,12.32
20260921,300532.SZ,8.41,5.61
20260921,300533.SZ,17.02,11.34
20260921,300534.SZ,15.35,10.23
20260921,300535.SZ,18.3,12.2
20260921,300536.SZ,10.51,7.01
20260921,300537.SZ,26.06,17.38
20260921,300538.SZ,17.38,11.58
20260921,300539.SZ,21.71,14.47
20260921,300540.SZ,33.14,22.1
20260921,300541.SZ,11.44,7.62
20260921,300542.SZ,14.56,9.7
20260921,300543.SZ,8.98,5.98
20260921,300545.SZ,32.9,21.94
20260921,300546.SZ,20.17,13.45
20260921,300547.SZ,30.37,20.25
20260921,300548.SZ,286.56,191.04
20260921,300549.SZ,17.06,11.38
20260921,300550.SZ,17.27,11.51
20260921,300551.SZ,13.45,8.97
20260921,300552.SZ,24.72,16.48
20260921,300553.SZ,82.42,54.94
20260921,300554.SZ,27.56,18.38
20260921,300555.SZ,14.89,9.93
20260921,300556.SZ,18.76,12.5
20260921,300557.SZ,30.91,20.61
20260921,300558.SZ,56.66,37.78
20260921,300559.SZ,15.25,10.17
20260921,300560.SZ,21.62,14.42
20260921,300561.SZ,18.86,12.58
20260921,300562.SZ,20.39,13.59
20260921,300563.SZ,32.42,21.62
20260921,300564.SZ,14.62,9.74
20260921,300565.SZ,11.9,7.94
20260921,300566.SZ,30.77,20.51
20260921,300567.SZ,262.98,175.32
20260921,300568.SZ,19.08,12.72
20260921,300569.SZ,6.07,4.05
20260921,300570.SZ,275.22,183.48
20260921,300571.SZ,34.84,23.22
20260921,300572.SZ,29.62,19.74
20260921,300573.SZ,43.34,28.9
20260921,300575.SZ,7.21,4.81
20260921,300576.SZ,35.99,23.99
20260921,300577.SZ,24.0,16.0
20260921,300578.SZ,18.42,12.28
20260921,300579.SZ,27.36,18.24
20260921,300580.SZ,22.13,14.75
20260921,300581.SZ,12.32,8.22
20260921,300582.SZ,12.7,8.46
20260921,300583.SZ,15.67,10.45
20260921,300584.SZ,37.5,25.0
20260921,300585.SZ,19.25,12.83
20260921,300586.SZ,11.54,7.7
20260921,300587.SZ,5.54,3.7
20260921,300588.SZ,26.16,17.44
20260921,300589.SZ,16.6,11.06
20260921,300590.SZ,13.74,9.16
20260921,300591.SZ,7.98,5.32
20260921,300592.SZ,25.19,16.79
20260921,300593.SZ,39.12,26.08
20260921,300594.SZ,18.01,12.01
20260921,300595.SZ,12.05,8.03
20260921,300596.SZ,48.48,32.32
20260921,300597.SZ,9.37,6.25
20260921,300598.SZ,36.49,24.33
20260921,300599.SZ,14.21,9.47
20260921,300600.SZ,12.55,8.37
20260921,300601.SZ,14.58,9.72
20260921,300602.SZ,46.9,31.26
20260921,300603.SZ,9.65,6.43
20260921,300604.SZ,335.68,223.78
20260921,300605.SZ,11.93,7.95
20260921,300606.SZ,41.41,27.61
20260921,300607.SZ,40.32,26.88
20260921,300608.SZ,11.62,7.74
20260921,300609.SZ,29.29,19.53
20260921,300610.SZ,12.1,8.06
20260921,300611.SZ,32.36,21.58
20260921,300612.SZ,14.39,9.59
20260921,300613.SZ,95.76,63.84
20260921,300614.SZ,11.93,7.95
20260921,300615.SZ,17.0,11.34
20260921,300616.SZ,12.04,8.02
20260921,300617.SZ,43.86,29.24
20260921,300618.SZ,38.39,25.59
20260921,300619.SZ,31.15,20.77
20260921,300620.SZ,356.89,237.93
20260921,300621.SZ,8.17,5.45
20260921,300622.SZ,18.19,12.13
20260921,300623.SZ,42.36,28.24
20260921,300624.SZ,60.58,40.38
20260921,300625.SZ,11.7,7.8
20260921,300626.SZ,34.66,23.1
20260921,300627.SZ,31.69,21.13
20260921,300628.SZ,49.15,32.77
20260921,300629.SZ,21.43,14.29
20260921,300631.SZ,25.57,17.05
20260921,300632.SZ,22.88,15.26
20260921,300633.SZ,22.8,15.2
20260921,300634.SZ,24.53,16.35
20260921,300635.SZ,14.06,9.38
20260921,300636.SZ,8.05,5.37
20260921,300637.SZ,11.16,7.44
20260921,300638.SZ,23.75,15.83
20260921,300639.SZ,7.08,4.72
20260921,300640.SZ,7.31,4.87
20260921,300641.SZ,16.46,10.98
20260921,300642.SZ,20.35,13.57
20260921,300643.SZ,21.54,14.36
20260921,300644.SZ,23.22,15.48
20260921,300645.SZ,15.7,10.46
20260921,300647.SZ,9.62,6.42
20260921,300648.SZ,51.0,34.0
20260921,300649.SZ,33.91,22.61
20260921,300650.SZ,14.69,9.79
20260921,300651.SZ,19.1,12.74
20260921,300652.SZ,32.16,21.44
20260921,300653.SZ,18.17,12.11
20260921,300654.SZ,11.83,7.89
20260921,300655.SZ,16.1,10.74
20260921,300656.SZ,38.06,25.38
20260921,300657.SZ,44.52,29.68
20260921,300658.SZ,12.53,8.35
20260921,300659.SZ,12.43,8.29
20260921,300660.SZ,28.08,18.72
20260921,300661.SZ,150.16,100.1
20260921,300662.SZ,25.51,17.01
20260921,300663.SZ,9.16,6.1
20260921,300664.SZ,5.57,3.71
20260921,300665.SZ,10.46,6.98
20260921,300666.SZ,312.53,208.35
20260921,300667.SZ,17.86,11.9
20260921,300668.SZ,38.52,25.68
20260921,300669.SZ,27.1,18.06
20260921,300670.SZ,8.46,5.64
20260921,300671.SZ,72.65,48.43
20260921,300672.SZ,222.59,148.39
20260921,300673.SZ,17.88,11.92
20260921,300674.SZ,19.62,13.08
20260921,300675.SZ,15.07,10.05
20260921,300676.SZ,47.64,31.76
20260921,300677.SZ,62.16,41.44
20260921,300678.SZ,25.66,17.1
20260921,300679.SZ,54.47,36.31
20260921,300680.SZ,24.67,16.45
20260921,300681.SZ,25.07,16.71
20260921,300682.SZ,10.66,7.1
20260921,300683.SZ,30.08,20.06
20260921,300684.SZ,117.47,78.31
20260921,300685.SZ,21.85,14.57
20260921,300686.SZ,17.83,11.89
20260921,300687.SZ,34.88,23.26
20260921,300688.SZ,43.92,29.28
20260921,300689.SZ,80.16,53.44
20260921,300690.SZ,29.41,19.61
20260921,300691.SZ,17.76,11.84
20260921,300692.SZ,10.92,7.28
20260921,300693.SZ,46.44,30.96
20260921,300694.SZ,12.71,8.47
20260921,300695.SZ,64.51,43.01
20260921,300696.SZ,24.36,16.24
20260921,300697.SZ,17.99,11.99
20260921,300698.SZ,32.56,21.7
20260921,300699.SZ,28.26,18.84
20260921,300700.SZ,22.39,14.93
20260921,300701.SZ,11.82,7.88
20260921,300702.SZ,24.06,16.04
20260921,300703.SZ,16.61,11.07
20260921,300705.SZ,12.66,8.44
20260921,300706.SZ,61.5,41.0
20260921,300707.SZ,13.97,9.31
20260921,300708.SZ,10.5,7.0
20260921,300709.SZ,46.18,30.78
20260921,300710.SZ,36.19,24.13
20260921,300711.SZ,22.88,15.26
20260921,300712.SZ,25.04,16.7
20260921,300713.SZ,15.35,10.23
20260921,300715.SZ,16.78,11.18
20260921,300716.SZ,22.1,14.74
20260921,300717.SZ,21.4,14.26
20260921,300718.SZ,64.14,42.76
20260921,300719.SZ,14.27,9.51
20260921,300720.SZ,73.97,49.31
20260921,300721.SZ,27.41,18.27
20260921,300722.SZ,26.22,17.48
20260921,300723.SZ,40.52,27.02
20260921,300724.SZ,64.93,43.29
20260921,300725.SZ,56.66,37.78
20260921,300726.SZ,70.16,46.78
20260921,300727.SZ,42.4,28.26
20260921,300729.SZ,13.06,8.7
20260921,300730.SZ,13.4,8.94
20260921,300731.SZ,58.67,39.11
20260921,300732.SZ,6.82,4.54
20260921,300733.SZ,16.32,10.88
20260921,300735.SZ,21.7,14.46
20260921,300736.SZ,39.14,26.1
20260921,300737.SZ,5.6,3.74
20260921,300738.SZ,23.5,15.66
20260921,300739.SZ,37.69,25.13
20260921,300740.SZ,27.24,18.16
20260921,300741.SZ,30.18,20.12
20260921,300743.SZ,16.87,11.25
20260921,300745.SZ,33.74,22.5
20260921,300746.SZ,17.12,11.42
20260921,300747.SZ,49.57,33.05
20260921,300748.SZ,30.43,20.29
20260921,300749.SZ,30.12,20.08
20260921,300750.SZ,362.34,241.56
20260921,300751.SZ,243.4,162.26
20260921,300752.SZ,15.94,10.62
20260921,300753.SZ,24.43,16.29
20260921,300755.SZ,13.52,9.02
20260921,300756.SZ,39.66,26.44
20260921,300757.SZ,744.72,496.48
20260921,300758.SZ,13.56,9.04
20260921,300759.SZ,51.96,34.64
20260921,300760.SZ,188.24,125.5
20260921,300761.SZ,24.59,16.39
20260921,300762.SZ,32.75,21.83
20260921,300763.SZ,68.9,45.94
20260921,300765.SZ,52.66,35.1
20260921,300766.SZ,26.28,17.52
20260921,300767.SZ,26.06,17.38
20260921,300768.SZ,17.78,11.86
20260921,300769.SZ,50.4,33.6
20260921,300770.SZ,41.46,27.64
20260921,300771.SZ,13.58,9.06
20260921,300772.SZ,11.24,7.5
20260921,300773.SZ,17.92,11.94
20260921,300774.SZ,11.96,7.98
20260921,300775.SZ,25.27,16.85
20260921,300776.SZ,149.58,99.72
20260921,300777.SZ,25.39,16.93
20260921,300778.SZ,12.46,8.3
20260921,300779.SZ,65.17,43.45
20260921,300780.SZ,23.4,15.6
20260921,300781.SZ,31.74,21.16
20260921,300782.SZ,88.49,58.99
20260921,300783.SZ,19.98,13.32
20260921,300784.SZ,48.97,32.65
20260921,300785.SZ,40.86,27.24
20260921,300786.SZ,18.96,12.64
20260921,300787.SZ,12.77,8.51
20260921,300788.SZ,43.99,29.33
20260921,300789.SZ,18.41,12.27
20260921,300790.SZ,23.99,15.99
20260921,300791.SZ,20.76,13.84
20260921,300792.SZ,29.03,19.35
20260921,300793.SZ,14.04,9.36
20260921,300795.SZ,14.47,9.65
20260921,300796.SZ,8.16,5.44
20260921,300797.SZ,15.72,10.48
20260921,300798.SZ,9.94,6.62
20260921,300800.SZ,12.02,8.02
20260921,300801.SZ,26.14,17.42
20260921,300802.SZ,34.26,22.84
20260921,300803.SZ,98.4,65.6
20260921,300804.SZ,54.54,36.36
20260921,300805.SZ,9.96,6.64
20260921,300806.SZ,69.49,46.33
20260921,300807.SZ,43.18,28.78
20260921,300808.SZ,27.19,18.13
20260921,300809.SZ,29.47,19.65
20260921,300810.SZ,30.05,20.03
20260921,300811.SZ,101.63,67.75
20260921,300812.SZ,23.83,15.89
20260921,300813.SZ,26.09,17.39
20260921,300814.SZ,174.97,116.65
20260921,300815.SZ,18.62,12.42
20260921,300816.SZ,79.24,52.82
20260921,300817.SZ,19.57,13.05
20260921,300818.SZ,20.44,13.62
20260921,300819.SZ,58.67,39.11
20260921,300820.SZ,85.72,57.14
20260921,300821.SZ,18.8,12.54
20260921,300822.SZ,13.7,9.14
20260921,300823.SZ,16.76,11.18
20260921,300824.SZ,9.16,6.1
20260921,300825.SZ,15.73,10.49
20260921,300826.SZ,18.58,12.38
20260921,300827.SZ,30.79,20.53
20260921,300828.SZ,20.32,13.54
20260921,300829.SZ,25.72,17.14
20260921,300830.SZ,9.6,6.4
20260921,300831.SZ,17.4,11.6
20260921,300832.SZ,58.73,39.15
20260921,300833.SZ,48.48,32.32
20260921,300834.SZ,47.93,31.95
20260921,300835.SZ,224.4,149.6
20260921,300836.SZ,75.12,50.08
20260921,300837.SZ,27.0,18.0
20260921,300838.SZ,16.75,11.17
20260921,300839.SZ,15.5,10.34
20260921,300840.SZ,23.4,15.6
20260921,300841.SZ,61.86,41.24
20260921,300842.SZ,77.47,51.65
20260921,300843.SZ,173.77,115.85
20260921,300844.SZ,28.26,18.84
20260921,300845.SZ,16.33,10.89
20260921,300846.SZ,24.2,16.14
20260921,300847.SZ,16.54,11.02
20260921,300848.SZ,13.3,8.86
20260921,300849.SZ,26.06,17.38
20260921,300850.SZ,34.62,23.08
20260921,300851.SZ,28.03,18.69
20260921,300852.SZ,81.94,54.62
20260921,300853.SZ,35.26,23.5
20260921,300854.SZ,18.34,12.22
20260921,300855.SZ,41.9,27.94
20260921,300856.SZ,12.46,8.3
20260921,300857.SZ,321.47,214.31
20260921,300858.SZ,17.22,11.48
20260921,300859.SZ,29.81,19.87
20260921,300860.SZ,34.12,22.74
20260921,300861.SZ,19.38,12.92
20260921,300862.SZ,65.96,43.98
20260921,300863.SZ,52.85,35.23
20260921,300864.SZ,30.72,20.48
20260921,300865.SZ,38.74,25.82
20260921,300866.SZ,152.39,101.59
20260921,300867.SZ,21.35,14.23
20260921,300868.SZ,111.12,74.08
20260921,300869.SZ,12.84,8.56
20260921,300870.SZ,255.84,170.56
20260921,300871.SZ,25.67,17.11
20260921,300872.SZ,18.19,12.13
20260921,300873.SZ,19.9,13.26
20260921,300875.SZ,38.9,25.94
20260921,300876.SZ,17.42,11.62
20260921,300877.SZ,33.18,22.12
20260921,300878.SZ,38.78,25.86
20260921,300879.SZ,20.87,13.91
20260921,300880.SZ,24.47,16.31
20260921,300881.SZ,35.45,23.63
20260921,300882.SZ,16.14,10.76
20260921,300883.SZ,7.61,5.07
20260921,300884.SZ,14.53,9.69
20260921,300885.SZ,22.8,15.2
20260921,300886.SZ,27.43,18.29
20260921,300887.SZ,8.17,5.45
20260921,300888.SZ,34.5,23.0
20260921,300889.SZ,28.7,19.14
20260921,300890.SZ,31.91,21.27
20260921,300891.SZ,9.19,6.13
20260921,300892.SZ,26.4,17.6
20260921,300893.SZ,16.44,10.96
20260921,300894.SZ,12.52,8.34
20260921,300895.SZ,67.75,45.17
20260921,300896.SZ,107.36,71.58
20260921,300897.SZ,19.0,12.66
20260921,300898.SZ,23.38,15.58
20260921,300899.SZ,35.23,23.49
20260921,300900.SZ,28.28,18.86
20260921,300901.SZ,21.38,14.26
20260921,300902.SZ,20.82,13.88
20260921,300903.SZ,133.43,88.95
20260921,300904.SZ,52.56,35.04
20260921,300905.SZ,46.18,30.78
20260921,300906.SZ,34.33,22.89
20260921,300907.SZ,64.24,42.82
20260921,300908.SZ,20.16,13.44
20260921,300909.SZ,71.38,47.58
20260921,300910.SZ,33.31,22.21
20260921,300911.SZ,38.34,25.56
20260921,300912.SZ,23.47,15.65
20260921,300913.SZ,51.58,34.38
20260921,300915.SZ,25.13,16.75
20260921,300916.SZ,30.72,20.48
20260921,300917.SZ,35.5,23.66
20260921,300918.SZ,12.96,8.64
20260921,300919.SZ,45.64,30.42
20260921,300920.SZ,41.89,27.93
20260921,300921.SZ,19.26,12.84
20260921,300922.SZ,21.61,14.41
20260921,300923.SZ,27.77,18.51
20260921,300925.SZ,16.78,11.18
20260921,300926.SZ,19.69,13.13
20260921,300927.SZ,32.33,21.55
20260921,300928.SZ,27.31,18.21
20260921,300929.SZ,19.03,12.69
20260921,300930.SZ,29.62,19.74
20260921,300931.SZ,20.22,13.48
20260921,300932.SZ,13.02,8.68
20260921,300933.SZ,7.94,5.3
20260921,300935.SZ,32.41,21.61
20260921,300936.SZ,96.65,64.43
20260921,300937.SZ,29.5,19.66
20260921,300938.SZ,39.0,26.0
20260921,300939.SZ,114.55,76.37
20260921,300940.SZ,16.14,10.76
20260921,300941.SZ,17.57,11.71
20260921,300942.SZ,7.7,5.14
20260921,300943.SZ,40.79,27.19
20260921,300945.SZ,14.26,9.5
20260921,300946.SZ,43.7,29.14
20260921,300947.SZ,17.3,11.54
20260921,300948.SZ,22.74,15.16
20260921,300949.SZ,27.31,18.21
20260921,300950.SZ,24.65,16.43
20260921,300951.SZ,111.78,74.52
20260921,300952.SZ,19.18,12.78
20260921,300953.SZ,118.08,78.72
20260921,300955.SZ,34.57,23.05
20260921,300956.SZ,13.44,8.96
20260921,300957.SZ,37.91,25.27
20260921,300958.SZ,14.24,9.5
20260921,300959.SZ,110.42,73.62
20260921,300960.SZ,19.45,12.97
20260921,300961.SZ,14.28,9.52
20260921,300962.SZ,15.38,10.26
20260921,300963.SZ,13.34,8.9
20260921,300964.SZ,87.42,58.28
20260921,300965.SZ,49.69,33.13
20260921,300966.SZ,28.81,19.21
20260921,300967.SZ,20.0,13.34
20260921,300968.SZ,11.66,7.78
20260921,300969.SZ,97.26,64.84
20260921,300970.SZ,20.96,13.98
20260921,300971.SZ,20.6,13.74
20260921,300972.SZ,203.45,135.63
20260921,300973.SZ,30.07,20.05
20260921,300975.SZ,32.41,21.61
20260921,300976.SZ,75.71,50.47
20260921,300977.SZ,21.54,14.36
20260921,300978.SZ,10.36,6.9
20260921,300979.SZ,38.84,25.9
20260921,300980.SZ,28.1,18.74
20260921,300981.SZ,21.78,14.52
20260921,300982.SZ,17.0,11.34
20260921,300983.SZ,46.38,30.92
20260921,300984.SZ,36.78,24.52
20260921,300985.SZ,46.02,30.68
20260921,300986.SZ,13.5,9.0
20260921,300987.SZ,18.3,12.2
20260921,300988.SZ,18.84,12.56
20260921,300989.SZ,18.9,12.6
20260921,300990.SZ,121.39,80.93
20260921,300991.SZ,37.69,25.13
20260921,300992.SZ,37.02,24.68
20260921,300993.SZ,11.52,7.68
20260921,300994.SZ,13.08,8.72
20260921,300995.SZ,30.6,20.4
20260921,300996.SZ,15.12,10.08
20260921,300997.SZ,18.49,12.33
20260921,300998.SZ,37.63,25.09
20260921,300999.SZ,30.0,20.0
20260921,301000.SZ,29.48,19.66
20260921,301001.SZ,29.83,19.89
20260921,301002.SZ,32.8,21.86
20260921,301003.SZ,65.22,43.48
20260921,301004.SZ,39.84,26.56
20260921,301005.SZ,76.3,50.86
20260921,301006.SZ,15.65,10.43
20260921,301007.SZ,39.02,26.02
20260921,301008.SZ,54.25,36.17
20260921,301009.SZ,10.5,7.0
20260921,301010.SZ,22.06,14.7
20260921,301011.SZ,18.72,12.48
20260921,301012.SZ,27.2,18.14
20260921,301013.SZ,48.0,32.0
20260921,301015.SZ,30.66,20.44
20260921,301016.SZ,17.77,11.85
20260921,301017.SZ,14.92,9.94
20260921,301018.SZ,126.02,84.02
20260921,301019.SZ,18.66,12.44
20260921,301020.SZ,25.44,16.96
20260921,301021.SZ,111.6,74.4
20260921,301022.SZ,26.63,17.75
20260921,301023.SZ,34.26,22.84
20260921,301024.SZ,38.62,25.74
20260921,301025.SZ,12.34,8.22
20260921,301026.SZ,23.41,15.61
20260921,301027.SZ,23.88,15.92
20260921,301028.SZ,16.14,10.76
20260921,301029.SZ,29.54,19.7
20260921,301030.SZ,7.78,5.18
20260921,301031.SZ,115.87,77.25
20260921,301032.SZ,11.94,7.96
20260921,301033.SZ,64.3,42.86
20260921,301035.SZ,63.16,42.1
20260921,301036.SZ,25.57,17.05
20260921,301037.SZ,14.47,9.65
20260921,301038.SZ,20.26,13.5
20260921,301039.SZ,8.82,5.88
20260921,301040.SZ,32.29,21.53
20260921,301041.SZ,43.16,28.78
20260921,301042.SZ,37.14,24.76
20260921,301043.SZ,59.6,39.74
20260921,301045.SZ,87.23,58.15
20260921,301046.SZ,38.77,25.85
20260921,301047.SZ,135.68,90.46
20260921,301048.SZ,10.76,7.18
20260921,301049.SZ,23.75,15.83
20260921,301050.SZ,33.19,22.13
20260921,301051.SZ,21.48,14.32
20260921,301052.SZ,28.44,18.96
20260921,301053.SZ,43.61,29.07
20260921,301055.SZ,36.74,24.5
20260921,301056.SZ,16.56,11.04
20260921,301057.SZ,25.24,16.82
20260921,301058.SZ,10.38,6.92
20260921,301059.SZ,14.74,9.82
20260921,301060.SZ,13.19,8.79
20260921,301061.SZ,50.9,33.94
20260921,301062.SZ,8.45,5.63
20260921,301063.SZ,20.48,13.66
20260921,301065.SZ,22.93,15.29
20260921,301066.SZ,14.48,9.66
20260921,301067.SZ,39.06,26.04
20260921,301068.SZ,31.02,20.68
20260921,301069.SZ,19.39,12.93
20260921,301070.SZ,80.32,53.54
20260921,301071.SZ,85.32,56.88
20260921,301072.SZ,61.09,40.73
20260921,301073.SZ,21.3,14.2
20260921,301075.SZ,78.08,52.06
20260921,301076.SZ,25.13,16.75
20260921,301077.SZ,26.52,17.68
20260921,301078.SZ,8.34,5.56
20260921,301079.SZ,32.99,21.99
20260921,301080.SZ,131.38,87.58
20260921,301081.SZ,21.06,14.04
20260921,301082.SZ,11.87,7.91
20260921,301083.SZ,16.2,10.8
20260921,301085.SZ,91.92,61.28
20260921,301086.SZ,198.95,132.63
20260921,301087.SZ,63.36,42.24
20260921,301088.SZ,15.49,10.33
20260921,301089.SZ,26.84,17.9
20260921,301090.SZ,8.27,5.51
20260921,301091.SZ,23.16,15.44
20260921,301092.SZ,53.26,35.5
20260921,301093.SZ,77.08,51.38
20260921,301095.SZ,94.5,63.0
20260921,301096.SZ,63.22,42.14
20260921,301097.SZ,40.39,26.93
20260921,301098.SZ,10.36,6.9
20260921,301099.SZ,63.91,42.61
20260921,301100.SZ,18.13,12.09
20260921,301101.SZ,35.75,23.83
20260921,301102.SZ,11.04,7.36
20260921,301103.SZ,18.97,12.65
20260921,301105.SZ,58.49,38.99
20260921,301106.SZ,22.82,15.22
20260921,301107.SZ,28.4,18.94
20260921,301108.SZ,55.51,37.01
20260921,301109.SZ,15.55,10.37
20260921,301110.SZ,42.77,28.51
20260921,301111.SZ,26.7,17.8
20260921,301112.SZ,35.82,23.88
20260921,301113.SZ,20.7,13.8
20260921,301115.SZ,39.62,26.42
20260921,301116.SZ,10.75,7.17
20260921,301117.SZ,16.19,10.79
20260921,301118.SZ,27.59,18.39
20260921,301119.SZ,30.73,20.49
20260921,301120.SZ,17.87,11.91
20260921,301121.SZ,42.26,28.18
20260921,301122.SZ,59.63,39.75
20260921,301123.SZ,96.49,64.33
20260921,301125.SZ,15.98,10.66
20260921,301126.SZ,12.29,8.19
20260921,301127.SZ,20.57,13.71
20260921,301128.SZ,148.74,99.16
20260921,301129.SZ,28.12,18.74
20260921,301130.SZ,32.42,21.62
20260921,301131.SZ,38.38,25.58
20260921,301132.SZ,72.35,48.23
20260921,301133.SZ,32.33,21.55
20260921,301135.SZ,20.63,13.75
20260921,301136.SZ,14.64,9.76
20260921,301137.SZ,38.28,25.52
20260921,301138.SZ,33.36,22.24
20260921,301139.SZ,3.97,2.65
20260921,301141.SZ,44.5,29.66
20260921,301148.SZ,71.63,47.75
20260921,301149.SZ,10.44,6.96
20260921,301150.SZ,49.68,33.12
20260921,301151.SZ,26.62,17.74
20260921,301152.SZ,25.36,16.9
20260921,301153.SZ,20.44,13.62
20260921,301155.SZ,50.51,33.67
20260921,301156.SZ,13.69,9.13
20260921,301157.SZ,77.82,51.88
20260921,301158.SZ,16.97,11.31
20260921,301159.SZ,37.09,24.73
20260921,301160.SZ,50.38,33.58
20260921,301161.SZ,37.25,24.83
20260921,301162.SZ,43.27,28.85
20260921,301163.SZ,26.03,17.35
20260921,301165.SZ,141.06,94.04
20260921,301166.SZ,35.16,23.44
20260921,301167.SZ,15.3,10.2
20260921,301168.SZ,48.52,32.34
20260921,301169.SZ,66.46,44.3
20260921,301170.SZ,26.88,17.92
20260921,301171.SZ,41.4,27.6
20260921,301172.SZ,22.31,14.87
20260921,301173.SZ,38.62,25.74
20260921,301175.SZ,6.78,4.52
20260921,301176.SZ,68.4,45.6
20260921,301177.SZ,27.5,18.34
20260921,301178.SZ,44.22,29.48
20260921,301179.SZ,24.44,16.3
20260921,301180.SZ,13.78,9.18
20260921,301181.SZ,28.08,18.72
20260921,301182.SZ,85.54,57.02
20260921,301183.SZ,363.76,242.5
20260921,301185.SZ,19.97,13.31
20260921,301186.SZ,42.88,28.58
20260921,301187.SZ,17.82,11.88
20260921,301188.SZ,41.11,27.41
20260921,301189.SZ,81.42,54.28
20260921,301190.SZ,22.34,14.9
20260921,301191.SZ,105.82,70.54
20260921,301192.SZ,22.5,15.0
20260921,301193.SZ,25.01,16.67
20260921,301195.SZ,31.67,21.11
20260921,301196.SZ,110.62,73.74
20260921,301197.SZ,30.32,20.22
20260921,301198.SZ,14.64,9.76
20260921,301199.SZ,21.79,14.53
20260921,301200.SZ,325.4,216.94
20260921,301201.SZ,41.18,27.46
20260921,301202.SZ,44.82,29.88
20260921,301203.SZ,40.12,26.74
20260921,301205.SZ,388.37,258.91
20260921,301206.SZ,28.08,18.72
20260921,301207.SZ,22.06,14.7
20260921,301208.SZ,35.9,23.94
20260921,301209.SZ,73.86,49.24
20260921,301210.SZ,37.08,24.72
20260921,301211.SZ,14.21,9.47
20260921,301212.SZ,30.37,20.25
20260921,301213.SZ,48.26,32.18
20260921,301215.SZ,6.32,4.22
20260921,301216.SZ,20.86,13.9
20260921,301217.SZ,135.95,90.63
20260921,301218.SZ,53.36,35.58
20260921,301219.SZ,49.69,33.13
20260921,301220.SZ,37.62,25.08
20260921,301221.SZ,31.03,20.69
20260921,301222.SZ,30.71,20.47
20260921,301223.SZ,21.19,14.13
20260921,301225.SZ,71.72,47.82
20260921,301226.SZ,36.2,24.14
20260921,301227.SZ,40.13,26.75
20260921,301228.SZ,68.26,45.5
20260921,301229.SZ,13.7,9.14
20260921,301230.SZ,42.25,28.17
20260921,301231.SZ,33.74,22.5
20260921,301232.SZ,111.72,74.48
20260921,301233.SZ,37.78,25.18
20260921,301234.SZ,136.98,91.32
20260921,301235.SZ,56.64,37.76
20260921,301236.SZ,44.39,29.59
20260921,301237.SZ,47.82,31.88
20260921,301238.SZ,19.38,12.92
20260921,301239.SZ,37.52,25.02
20260921,301246.SZ,21.0,14.0
20260921,301248.SZ,67.64,45.1
20260921,301251.SZ,92.5,61.66
20260921,301252.SZ,44.26,29.5
20260921,301255.SZ,22.5,15.0
20260921,301256.SZ,11.8,7.86
20260921,301257.SZ,47.62,31.74
20260921,301258.SZ,29.66,19.78
20260921,301259.SZ,23.82,15.88
20260921,301260.SZ,13.96,9.3
20260921,301261.SZ,67.8,45.2
20260921,301262.SZ,24.06,16.04
20260921,301263.SZ,23.14,15.42
20260921,301265.SZ,28.03,18.69
20260921,301266.SZ,29.29,19.53
20260921,301267.SZ,17.86,11.9
20260921,301268.SZ,14.18,9.46
20260921,301269.SZ,106.74,71.16
20260921,301270.SZ,38.96,25.98
20260921,301272.SZ,40.81,27.21
20260921,301273.SZ,44.82,29.88
20260921,301275.SZ,49.73,33.15
20260921,301276.SZ,20.5,13.66
20260921,301277.SZ,11.83,7.89
20260921,301278.SZ,34.24,22.82
20260921,301279.SZ,27.24,18.16
20260921,301280.SZ,54.01,36.01
20260921,301281.SZ,60.61,40.41
20260921,301282.SZ,54.42,36.28
20260921,301283.SZ,30.77,20.51
20260921,301285.SZ,114.9,76.6
20260921,301286.SZ,56.17,37.45
20260921,301287.SZ,49.04,32.7
20260921,301288.SZ,19.16,12.78
20260921,301289.SZ,52.36,34.9
20260921,301290.SZ,32.8,21.86
20260921,301291.SZ,41.2,27.46
20260921,301292.SZ,73.79,49.19
20260921,301293.SZ,59.5,39.66
20260921,301295.SZ,44.14,29.42
20260921,301296.SZ,7.49,4.99
20260921,301297.SZ,57.17,38.11
20260921,301298.SZ,14.47,9.65
20260921,301299.SZ,56.29,37.53
20260921,301300.SZ,41.05,27.37
20260921,301301.SZ,9.7,6.46
20260921,301302.SZ,25.21,16.81
20260921,301303.SZ,16.69,11.13
20260921,301305.SZ,31.18,20.78
20260921,301306.SZ,120.04,80.02
20260921,301307.SZ,73.13,48.75
20260921,301308.SZ,416.35,277.57
20260921,301309.SZ,36.22,24.14
20260921,301310.SZ,62.36,41.58
20260921,301311.SZ,16.34,10.9
20260921,301312.SZ,104.84,69.9
20260921,301313.SZ,36.8,24.54
20260921,301314.SZ,53.76,35.84
20260921,301315.SZ,46.73,31.15
20260921,301316.SZ,46.72,31.14
20260921,301317.SZ,61.34,40.9
20260921,301318.SZ,24.86,16.58
20260921,301319.SZ,118.91,79.27
20260921,301320.SZ,16.63,11.09
20260921,301321.SZ,58.64,39.1
20260921,301322.SZ,54.41,36.27
20260921,301323.SZ,91.39,60.93
20260921,301325.SZ,38.57,25.71
20260921,301326.SZ,130.56,87.04
20260921,301327.SZ,48.6,32.4
20260921,301328.SZ,63.29,42.19
20260921,301329.SZ,25.06,16.7
20260921,301330.SZ,30.88,20.58
20260921,301331.SZ,24.74,16.5
20260921,301332.SZ,9.12,6.08
20260921,301333.SZ,77.22,51.48
20260921,301335.SZ,30.52,20.34
20260921,301336.SZ,53.53,35.69
20260921,301337.SZ,31.19,20.79
20260921,301338.SZ,123.77,82.51
20260921,301339.SZ,13.26,8.84
20260921,301345.SZ,288.83,192.55
20260921,301348.SZ,26.86,17.9
20260921,301349.SZ,55.03,36.69
20260921,301353.SZ,22.72,15.14
20260921,301355.SZ,14.02,9.34
20260921,301356.SZ,22.73,15.15
20260921,301357.SZ,117.58,78.38
20260921,301358.SZ,64.67,43.11
20260921,301359.SZ,22.06,14.7
20260921,301360.SZ,76.38,50.92
20260921,301361.SZ,32.27,21.51
20260921,301362.SZ,143.03,95.35
20260921,301363.SZ,18.71,12.47
20260921,301365.SZ,45.2,30.14
20260921,301366.SZ,89.3,59.54
20260921,301367.SZ,53.06,35.38
20260921,301368.SZ,45.23,30.15
20260921,301369.SZ,166.02,110.68
20260921,301370.SZ,10.12,6.74
20260921,301371.SZ,24.97,16.65
20260921,301372.SZ,40.45,26.97
20260921,301373.SZ,142.13,94.75
20260921,301376.SZ,26.94,17.96
20260921,301377.SZ,490.67,327.11
20260921,301378.SZ,28.92,19.28
20260921,301379.SZ,26.11,17.41
20260921,301380.SZ,40.15,26.77
20260921,301381.SZ,28.81,19.21
20260921,301382.SZ,44.89,29.93
20260921,301383.SZ,26.96,17.98
20260921,301386.SZ,23.58,15.72
20260921,301387.SZ,68.76,45.84
20260921,301388.SZ,29.22,19.48
20260921,301389.SZ,72.16,48.1
20260921,301390.SZ,64.8,43.2
20260921,301391.SZ,53.4,35.6
20260921,301392.SZ,214.2,142.8
20260921,301393.SZ,72.53,48.35
20260921,301395.SZ,14.33,9.55
20260921,301396.SZ,215.66,143.78
20260921,301397.SZ,27.88,18.58
20260921,301398.SZ,44.77,29.85
20260921,301399.SZ,25.79,17.19
20260921,301408.SZ,17.7,11.8
20260921,301413.SZ,69.16,46.1
20260921,301418.SZ,41.02,27.34
20260921,301419.SZ,57.44,38.3
20260921,301421.SZ,97.68,65.12
20260921,301428.SZ,31.69,21.13
20260921,301429.SZ,20.35,13.57
20260921,301439.SZ,17.26,11.5
20260921,301446.SZ,45.0,30.0
20260921,301448.SZ,57.96,38.64
20260921,301449.SZ,49.61,33.07
20260921,301456.SZ,29.93,19.95
20260921,301458.SZ,47.51,31.67
20260921,301459.SZ,39.06,26.04
20260921,301468.SZ,38.54,25.7
20260921,301469.SZ,34.16,22.78
20260921,301479.SZ,63.84,42.56
20260921,301486.SZ,256.93,171.29
20260921,301487.SZ,19.49,12.99
20260921,301488.SZ,111.74,74.5
20260921,301489.SZ,154.07,102.71
20260921,301491.SZ,44.32,29.54
20260921,301498.SZ,44.62,29.74
20260921,301499.SZ,30.05,20.03
20260921,301500.SZ,32.21,21.47
20260921,301501.SZ,32.77,21.85
20260921,301502.SZ,62.83,41.89
20260921,301503.SZ,25.55,17.03
20260921,301505.SZ,22.6,15.06
20260921,301507.SZ,14.33,9.55
20260921,301508.SZ,28.57,19.05
20260921,301509.SZ,35.83,23.89
20260921,301510.SZ,32.81,21.87
20260921,301511.SZ,132.6,88.4
20260921,301512.SZ,36.94,24.62
20260921,301513.SZ,55.57,37.05
20260921,301515.SZ,22.52,15.02
20260921,301516.SZ,23.46,15.64
20260921,301517.SZ,45.36,30.24
20260921,301518.SZ,27.6,18.4
20260921,301519.SZ,13.75,9.17
20260921,301520.SZ,86.5,57.66
20260921,301522.SZ,28.03,18.69
20260921,301525.SZ,46.26,30.84
20260921,301526.SZ,37.42,24.94
20260921,301528.SZ,89.86,59.9
20260921,301529.SZ,152.53,101.69
20260921,301531.SZ,65.84,43.9
20260921,301533.SZ,34.55,23.03
20260921,301535.SZ,16.31,10.87
20260921,301536.SZ,150.92,100.62
20260921,301538.SZ,49.56,33.04
20260921,301539.SZ,17.94,11.96
20260921,301548.SZ,65.18,43.46
20260921,301550.SZ,113.87,75.91
20260921,301551.SZ,27.9,18.6
20260921,301552.SZ,29.08,19.38
20260921,301555.SZ,43.02,28.68
20260921,301556.SZ,74.4,49.6
20260921,301557.SZ,102.83,68.55
20260921,301558.SZ,8.0,5.34
20260921,301559.SZ,15.38,10.26
20260921,301560.SZ,28.44,18.96
20260921,301563.SZ,139.19,92.79
20260921,301565.SZ,23.22,15.48
20260921,301566.SZ,32.15,21.43
20260921,301567.SZ,42.2,28.14
20260921,301568.SZ,87.66,58.44
20260921,301571.SZ,89.66,59.78
20260921,301575.SZ,30.3,20.2
20260921,301577.SZ,73.39,48.93
20260921,301578.SZ,27.7,18.46
20260921,301580.SZ,68.4,45.6
20260921,301581.SZ,43.09,28.73
20260921,301583.SZ,171.07,114.05
20260921,301584.SZ,24.0,16.0
20260921,301585.SZ,34.51,23.01
20260921,301586.SZ,34.93,23.29
20260921,301587.SZ,25.51,17.01
20260921,301588.SZ,33.6,22.4
20260921,301589.SZ,191.64,127.76
20260921,301590.SZ,83.56,55.7
20260921,301591.SZ,53.32,35.54
20260921,301592.SZ,139.28,92.86
20260921,301595.SZ,54.58,36.38
20260921,301596.SZ,56.21,37.47
20260921,301598.SZ,60.83,40.55
20260921,301599.SZ,40.52,27.02
20260921,301600.SZ,93.72,62.48
20260921,301601.SZ,17.96,11.98
20260921,301602.SZ,19.09,12.73
20260921,301603.SZ,152.74,101.82
20260921,301606.SZ,66.08,44.06
20260921,301607.SZ,53.36,35.58
20260921,301608.SZ,60.31,40.21
20260921,301609.SZ,38.36,25.58
20260921,301611.SZ,118.73,79.15
20260921,301613.SZ,41.66,27.78
20260921,301616.SZ,41.75,27.83
20260921,301617.SZ,65.16,43.44
20260921,301618.SZ,37.13,24.75
20260921,301622.SZ,44.72,29.82
20260921,301626.SZ,384.08,256.06
20260921,301628.SZ,138.0,92.0
20260921,301629.SZ,343.09,228.73
20260921,301630.SZ,243.79,162.53
20260921,301631.SZ,74.78,49.86
20260921,301632.SZ,15.85,10.57
20260921,301633.SZ,74.86,49.9
20260921,301636.SZ,45.71,30.47
20260921,301638.SZ,26.47,17.65
20260921,301655.SZ,28.18,18.78
20260921,301656.SZ,17.6,11.74
20260921,301658.SZ,26.71,17.81
20260921,301662.SZ,82.46,54.98
20260921,301665.SZ,26.92,17.94
20260921,301666.SZ,480.36,320.24
20260921,301667.SZ,70.42,46.94
20260921,301668.SZ,39.34,26.22
20260921,301669.SZ,32.04,21.36
20260921,301677.SZ,64.02,42.68
20260921,301678.SZ,60.25,40.17
20260921,301680.SZ,128.36,85.58
20260921,301682.SZ,136.03,90.69
20260921,301683.SZ,118.33,78.89
20260921,301687.SZ,62.58,41.72
20260921,301688.SZ,46.93,31.29
20260921,301689.SZ,75.6,50.4
20260921,301696.SZ,115.19,76.79
20260921,301697.SZ,33.52,22.34
20260921,301699.SZ,38.53,25.69
20260921,301707.SZ,90.48,60.32
20260921,301717.SZ,446.04,297.36
20260921,302132.SZ,70.97,47.31
20260921,600000.SH,9.98,8.16
20260921,600004.SH,8.39,6.87
20260921,600006.SH,5.8,4.74
20260921,600007.SH,21.87,17.89
20260921,600008.SH,3.03,2.48
20260921,600009.SH,24.95,20.41
20260921,600010.SH,2.33,1.91
20260921,600011.SH,7.48,6.12
20260921,600012.SH,17.57,14.37
20260921,600015.SH,6.85,5.61
20260921,600016.SH,3.81,3.11
20260921,600017.SH,3.1,2.54
20260921,600018.SH,5.9,4.82
20260921,600019.SH,6.34,5.18
20260921,600020.SH,4.2,3.44
20260921,600021.SH,14.73,12.05
20260921,600022.SH,1.44,1.18
20260921,600023.SH,5.59,4.57
20260921,600025.SH,10.65,8.71
20260921,600026.SH,24.28,19.86
20260921,600027.SH,5.29,4.33
20260921,600028.SH,5.68,4.64
20260921,600029.SH,5.42,4.44
20260921,600030.SH,29.19,23.89
20260921,600031.SH,19.68,16.1
20260921,600032.SH,7.77,6.35
20260921,600033.SH,4.04,3.3
20260921,600035.SH,4.03,3.29
20260921,600036.SH,44.65,36.53
20260921,600037.SH,7.66,6.26
20260921,600038.SH,29.76,24.35
20260921,600039.SH,9.58,7.84
20260921,600048.SH,5.85,4.79
20260921,600050.SH,4.64,3.8
20260921,600051.SH,6.68,5.46
20260921,600052.SH,4.06,3.32
20260921,600053.SH,7.83,6.41
20260921,600054.SH,11.87,9.71
20260921,600055.SH,11.23,9.19
20260921,600056.SH,9.83,8.05
20260921,600057.SH,6.68,5.46
20260921,600058.SH,9.91,8.11
20260921,600059.SH,11.77,9.63
20260921,600060.SH,30.66,25.08
20260921,600061.SH,6.85,5.61
20260921,600062.SH,17.46,14.28
20260921,600063.SH,6.06,4.96
20260921,600064.SH,8.54,6.98
20260921,600066.SH,28.61,23.41
20260921,600067.SH,2.94,2.4
20260921,600071.SH,18.08,14.8
20260921,600072.SH,9.81,8.03
20260921,600073.SH,6.09,4.99
20260921,600075.SH,5.01,4.1
20260921,600076.SH,2.41,1.97
20260921,600078.SH,11.29,9.23
20260921,600079.SH,20.31,16.61
20260921,600080.SH,5.25,4.29
20260921,600081.SH,11.37,9.31
20260921,600082.SH,3.48,2.84
20260921,600084.SH,4.81,3.93
20260921,600085.SH,25.54,20.9
20260921,600088.SH,17.34,14.18
20260921,600089.SH,19.94,16.32
20260921,600094.SH,4.44,3.64
20260921,600095.SH,9.54,7.8
20260921,600096.SH,30.69,25.11
20260921,600097.SH,10.13,8.29
20260921,600098.SH,6.91,5.65
20260921,600099.SH,9.93,8.13
20260921,600100.SH,7.48,6.12
20260921,600101.SH,8.73,7.15
20260921,600103.SH,4.1,3.36
20260921,600104.SH,12.21,9.99
20260921,600105.SH,51.12,41.82
20260921,600106.SH,4.88,4.0
20260921,600107.SH,6.22,5.09
20260921,600108.SH,4.58,3.74
20260921,600109.SH,9.08,7.43
20260921,600110.SH,13.51,11.05
20260921,600111.SH,40.55,33.17
20260921,600113.SH,33.23,27.19
20260921,600114.SH,30.89,25.27
20260921,600115.SH,3.75,3.07
20260921,600116.SH,6.8,5.56
20260921,600117.SH,2.41,1.97
20260921,600118.SH,65.56,53.64
20260921,600119.SH,5.48,4.48
20260921,600120.SH,5.2,4.26
20260921,600121.SH,5.45,4.46
20260921,600123.SH,7.66,6.26
20260921,600125.SH,5.81,4.75
20260921,600126.SH,6.8,5.56
20260921,600127.SH,15.75,12.89
20260921,600128.SH,9.1,7.44
20260921,600129.SH,14.81,12.11
20260921,600130.SH,4.87,3.99
20260921,600131.SH,15.73,12.87
20260921,600132.SH,41.55,33.99
20260921,600133.SH,8.89,7.27
20260921,600135.SH,8.7,7.12
20260921,600136.SH,1.64,1.34
20260921,600137.SH,18.93,15.49
20260921,600138.SH,7.76,6.35
20260921,600141.SH,32.26,26.4
20260921,600143.SH,14.49,11.85
20260921,600148.SH,17.18,14.06
20260921,600149.SH,5.42,4.44
20260921,600150.SH,43.42,35.52
20260921,600151.SH,10.71,8.77
20260921,600152.SH,8.79,7.19
20260921,600153.SH,9.21,7.53
20260921,600155.SH,6.58,5.38
20260921,600156.SH,9.85,8.06
20260921,600157.SH,1.67,1.37
20260921,600158.SH,7.77,6.35
20260921,600159.SH,2.98,2.44
20260921,600160.SH,38.21,31.27
20260921,600161.SH,13.39,10.95
20260921,600162.SH,5.09,4.17
20260921,600163.SH,6.8,5.56
20260921,600165.SH,3.56,2.92
20260921,600166.SH,3.06,2.5
20260921,600167.SH,6.28,5.14
20260921,600168.SH,4.76,3.9
20260921,600169.SH,2.37,1.94
20260921,600170.SH,2.43,1.99
20260921,600171.SH,25.52,20.88
20260921,600172.SH,17.6,14.4
20260921,600173.SH,6.48,5.3
20260921,600176.SH,49.52,40.52
20260921,600177.SH,8.95,7.33
20260921,600178.SH,10.57,8.65
20260921,600179.SH,5.01,4.1
20260921,600180.SH,1.79,1.47
20260921,600182.SH,13.41,12.13
20260921,600183.SH,158.32,129.54
20260921,600184.SH,23.94,19.58
20260921,600185.SH,5.27,4.31
20260921,600186.SH,13.87,11.35
20260921,600187.SH,1.42,1.16
20260921,600188.SH,21.65,17.71
20260921,600189.SH,8.67,7.09
20260921,600191.SH,10.67,8.73
20260921,600192.SH,8.4,6.88
20260921,600195.SH,7.28,5.96
20260921,600196.SH,24.23,19.83
20260921,600197.SH,10.24,8.38
20260921,600198.SH,8.34,6.82
20260921,600199.SH,7.71,6.31
20260921,600201.SH,12.9,10.56
20260921,600202.SH,5.47,4.47
20260921,600203.SH,11.11,9.09
20260921,600206.SH,56.76,46.44
20260921,600207.SH,5.3,4.34
20260921,600208.SH,3.15,2.57
20260921,600210.SH,6.85,5.61
20260921,600211.SH,39.77,32.54
20260921,600212.SH,6.52,5.34
20260921,600215.SH,6.79,5.55
20260921,600216.SH,13.81,11.3
20260921,600217.SH,3.55,2.91
20260921,600218.SH,8.27,6.77
20260921,600219.SH,5.26,4.3
20260921,600221.SH,1.36,1.12
20260921,600222.SH,8.59,7.03
20260921,600223.SH,6.06,4.96
20260921,600226.SH,6.67,5.45
20260921,600227.SH,4.29,3.51
20260921,600228.SH,12.74,10.42
20260921,600229.SH,6.34,5.18
20260921,600230.SH,14.98,12.26
20260921,600231.SH,1.86,1.52
20260921,600232.SH,7.12,5.82
20260921,600233.SH,20.16,16.5
20260921,600234.SH,23.76,19.44
20260921,600235.SH,6.3,5.16
20260921,600236.SH,10.58,8.66
20260921,600237.SH,10.4,8.51
20260921,600238.SH,5.09,4.17
20260921,600239.SH,1.57,1.29
20260921,600241.SH,7.87,6.44
20260921,600243.SH,3.73,3.05
20260921,600246.SH,15.07,12.33
20260921,600248.SH,3.14,2.57
20260921,600249.SH,5.94,4.86
20260921,600250.SH,9.9,8.1
20260921,600251.SH,11.24,9.2
20260921,600252.SH,2.4,1.96
20260921,600255.SH,3.99,3.27
20260921,600256.SH,7.39,6.05
20260921,600257.SH,6.12,5.0
20260921,600258.SH,12.49,10.22
20260921,600259.SH,89.51,73.23
20260921,600261.SH,3.86,3.16
20260921,600262.SH,16.6,13.58
20260921,600265.SH,24.55,20.09
20260921,600266.SH,4.6,3.76
20260921,600267.SH,12.52,10.24
20260921,600268.SH,11.42,9.34
20260921,600269.SH,4.19,3.43
20260921,600271.SH,7.36,6.02
20260921,600272.SH,16.82,13.76
20260921,600273.SH,6.97,5.71
20260921,600276.SH,48.3,39.52
20260921,600278.SH,7.19,5.89
20260921,600279.SH,4.76,3.9
20260921,600280.SH,3.37,2.75
20260921,600281.SH,4.98,4.08
20260921,600282.SH,4.95,4.05
20260921,600283.SH,8.82,7.22
20260921,600284.SH,5.58,4.56
20260921,600285.SH,21.02,17.2
20260921,600287.SH,5.35,4.37
20260921,600288.SH,12.07,9.87
20260921,600289.SH,4.66,3.82
20260921,600292.SH,12.98,10.62
20260921,600293.SH,3.67,3.01
20260921,600295.SH,14.53,11.89
20260921,600298.SH,43.78,35.82
20260921,600299.SH,9.12,7.46
20260921,600300.SH,3.45,2.83
20260921,600301.SH,49.97,40.89
20260921,600302.SH,7.89,6.45
20260921,600303.SH,3.28,2.68
20260921,600305.SH,7.3,5.98
20260921,600307.SH,1.63,1.33
20260921,600308.SH,3.54,2.9
20260921,600309.SH,78.27,64.04
20260921,600310.SH,5.19,4.25
20260921,600312.SH,21.44,17.54
20260921,600313.SH,7.77,6.35
20260921,600315.SH,19.68,16.1
20260921,600316.SH,35.49,29.03
20260921,600318.SH,7.57,6.19
20260921,600319.SH,6.74,5.52
20260921,600320.SH,4.59,3.75
20260921,600322.SH,2.94,2.4
20260921,600323.SH,31.82,26.04
20260921,600325.SH,2.73,2.23
20260921,600326.SH,7.51,6.15
20260921,600327.SH,4.24,3.47
20260921,600328.SH,6.2,5.08
20260921,600329.SH,37.96,31.06
20260921,600330.SH,32.31,26.43
20260921,600331.SH,12.52,10.24
20260921,600332.SH,21.47,17.57
20260921,600333.SH,7.36,6.02
20260921,600335.SH,5.68,4.64
20260921,600336.SH,7.06,5.78
20260921,600337.SH,3.42,2.8
20260921,600338.SH,13.89,11.37
20260921,600339.SH,3.63,2.97
20260921,600340.SH,1.22,1.0
20260921,600343.SH,23.84,19.5
20260921,600345.SH,59.94,49.04
20260921,600346.SH,18.06,14.78
20260921,600348.SH,9.83,8.05
20260921,600350.SH,11.0,9.0
20260921,600351.SH,7.27,5.95
20260921,600352.SH,12.96,10.6
20260921,600353.SH,37.98,31.08
20260921,600354.SH,11.25,9.21
20260921,600356.SH,11.34,9.28
20260921,600358.SH,5.51,4.51
20260921,600359.SH,8.68,7.1
20260921,600360.SH,12.05,9.86
20260921,600361.SH,3.85,3.15
20260921,600362.SH,48.43,39.63
20260921,600363.SH,17.67,14.45
20260921,600365.SH,3.11,2.55
20260921,600366.SH,12.35,10.11
20260921,600367.SH,41.8,34.2
20260921,600368.SH,4.51,3.69
20260921,600369.SH,4.36,3.56
20260921,600370.SH,1.63,1.33
20260921,600371.SH,16.94,13.86
20260921,600372.SH,12.55,10.27
20260921,600373.SH,8.12,6.64
20260921,600375.SH,4.05,3.31
20260921,600376.SH,3.49,2.85
20260921,600377.SH,13.93,11.39
20260921,600378.SH,52.8,43.2
20260921,600379.SH,15.87,12.99
20260921,600380.SH,10.11,8.27
20260921,600381.SH,4.28,3.5
20260921,600382.SH,6.83,5.59
20260921,600383.SH,2.48,2.03
20260921,600386.SH,3.83,3.13
20260921,600388.SH,19.2,15.71
20260921,600389.SH,20.79,17.01
20260921,600390.SH,5.37,4.39
20260921,600391.SH,45.12,36.92
20260921,600392.SH,23.69,19.39
20260921,600395.SH,5.53,4.53
20260921,600396.SH,15.02,12.29
20260921,600397.SH,18.9,15.46
20260921,600398.SH,6.37,5.21
20260921,600399.SH,4.87,3.99
20260921,600400.SH,3.81,3.11
20260921,600403.SH,7.41,6.07
20260921,600405.SH,5.49,4.49
20260921,600406.SH,24.26,19.85
20260921,600408.SH,3.33,2.73
20260921,600409.SH,6.94,5.68
20260921,600410.SH,18.17,14.87
20260921,600415.SH,13.0,10.64
20260921,600416.SH,9.37,7.67
20260921,600418.SH,21.18,17.33
20260921,600419.SH,9.42,7.7
20260921,600420.SH,8.94,7.32
20260921,600422.SH,8.95,7.33
20260921,600423.SH,3.0,2.46
20260921,600425.SH,3.93,3.21
20260921,600426.SH,21.42,17.52
20260921,600428.SH,12.29,10.05
20260921,600429.SH,5.04,4.12
20260921,600433.SH,3.64,2.98
20260921,600435.SH,12.55,10.27
20260921,600436.SH,130.14,106.48
20260921,600438.SH,12.49,10.22
20260921,600439.SH,2.07,1.69
20260921,600444.SH,15.27,12.49
20260921,600446.SH,11.53,9.43
20260921,600448.SH,3.89,3.19
20260921,600449.SH,14.59,11.93
20260921,600452.SH,10.02,8.2
20260921,600455.SH,25.6,20.94
20260921,600456.SH,27.78,22.73
20260921,600458.SH,12.51,10.23
20260921,600459.SH,21.15,17.31
20260921,600460.SH,36.05,29.49
20260921,600461.SH,9.85,8.06
20260921,600463.SH,8.72,7.14
20260921,600467.SH,2.63,2.15
20260921,600468.SH,7.05,5.77
20260921,600469.SH,5.49,4.49
20260921,600470.SH,6.26,5.12
20260921,600475.SH,16.36,13.38
20260921,600476.SH,11.26,9.22
20260921,600477.SH,2.66,2.18
20260921,600478.SH,5.08,4.16
20260921,600479.SH,12.78,10.46
20260921,600480.SH,8.48,6.94
20260921,600481.SH,4.57,3.74
20260921,600482.SH,37.35,30.56
20260921,600483.SH,12.11,9.91
20260921,600486.SH,57.64,47.16
20260921,600487.SH,76.44,62.54
20260921,600488.SH,6.71,5.49
20260921,600489.SH,26.46,21.65
20260921,600490.SH,7.91,6.47
20260921,600491.SH,1.87,1.53
20260921,600493.SH,6.89,5.63
20260921,600495.SH,4.46,3.65
20260921,600496.SH,3.67,3.01
20260921,600497.SH,10.52,8.6
20260921,600498.SH,48.39,39.59
20260921,600499.SH,14.78,12.1
20260921,600500.SH,6.45,5.27
20260921,600501.SH,16.43,13.45
20260921,600502.SH,4.7,3.84
20260921,600503.SH,2.43,1.99
20260921,600505.SH,11.72,9.59
20260921,600506.SH,18.69,15.29
20260921,600507.SH,4.51,3.69
20260921,600508.SH,11.7,9.58
20260921,600509.SH,7.99,6.53
20260921,600510.SH,7.18,5.88
20260921,600511.SH,28.67,23.45
20260921,600512.SH,2.27,1.85
20260921,600513.SH,16.34,13.37
20260921,600515.SH,3.03,2.48
20260921,600516.SH,6.16,5.04
20260921,600517.SH,5.5,4.5
20260921,600518.SH,1.49,1.22
20260921,600519.SH,1382.83,1131.41
20260921,600520.SH,28.85,23.61
20260921,600521.SH,17.75,14.53
20260921,600522.SH,39.58,32.38
20260921,600523.SH,13.0,10.64
20260921,600525.SH,5.38,4.4
20260921,600526.SH,5.02,4.1
20260921,600527.SH,2.42,1.98
20260921,600528.SH,7.52,6.16
20260921,600529.SH,20.27,16.59
20260921,600530.SH,4.1,3.36
20260921,600531.SH,13.54,11.08
20260921,600533.SH,2.42,1.98
20260921,600535.SH,15.25,12.47
20260921,600536.SH,34.83,28.49
20260921,600537.SH,2.32,1.9
20260921,600538.SH,5.39,4.41
20260921,600539.SH,14.64,11.98
20260921,600540.SH,6.03,4.93
20260921,600543.SH,4.49,3.67
20260921,600545.SH,5.01,4.1
20260921,600546.SH,14.73,12.05
20260921,600547.SH,36.05,29.49
20260921,600548.SH,8.94,7.32
20260921,600549.SH,55.54,45.44
20260921,600550.SH,11.97,9.79
20260921,600551.SH,8.27,6.77
20260921,600552.SH,19.66,16.08
20260921,600556.SH,5.1,4.18
20260921,600557.SH,13.29,10.87
20260921,600558.SH,5.24,4.28
20260921,600559.SH,12.13,9.93
20260921,600560.SH,12.09,9.89
20260921,600561.SH,6.28,5.14
20260921,600562.SH,30.29,24.79
20260921,600563.SH,136.91,112.01
20260921,600566.SH,27.71,22.67
20260921,600567.SH,1.47,1.21
20260921,600568.SH,2.63,2.15
20260921,600569.SH,1.96,1.6
20260921,600570.SH,22.17,18.14
20260921,600571.SH,11.42,9.34
20260921,600572.SH,4.69,3.83
20260921,600573.SH,10.67,8.73
20260921,600575.SH,3.56,2.92
20260921,600576.SH,5.93,4.85
20260921,600577.SH,9.59,7.85
20260921,600578.SH,5.91,4.83
20260921,600579.SH,7.89,6.45
20260921,600580.SH,30.0,24.54
20260921,600581.SH,2.67,2.19
20260921,600582.SH,5.38,4.4
20260921,600583.SH,6.67,5.45
20260921,600584.SH,80.3,65.7
20260921,600585.SH,18.72,15.32
20260921,600586.SH,4.47,3.65
20260921,600587.SH,13.4,10.96
20260921,600588.SH,10.41,8.51
20260921,600589.SH,8.6,7.04
20260921,600590.SH,9.57,7.83
20260921,600592.SH,16.1,13.18
20260921,600593.SH,48.57,39.74
20260921,600594.SH,3.92,3.2
20260921,600595.SH,6.71,5.49
20260921,600596.SH,13.19,10.79
20260921,600597.SH,7.33,5.99
20260921,600598.SH,13.9,11.38
20260921,600600.SH,55.07,45.05
20260921,600601.SH,15.95,13.05
20260921,600602.SH,18.79,15.37
20260921,600603.SH,5.37,4.39
20260921,600604.SH,5.07,4.15
20260921,600605.SH,29.48,24.12
20260921,600606.SH,1.6,1.31
20260921,600609.SH,3.95,3.23
20260921,600610.SH,8.35,6.83
20260921,600611.SH,4.98,4.08
20260921,600612.SH,34.6,28.31
20260921,600613.SH,9.25,7.57
20260921,600615.SH,10.24,8.38
20260921,600616.SH,5.39,4.41
20260921,600617.SH,3.6,2.94
20260921,600618.SH,10.8,8.84
20260921,600619.SH,14.59,11.93
20260921,600620.SH,4.69,3.83
20260921,600621.SH,15.51,12.69
20260921,600622.SH,2.64,2.16
20260921,600623.SH,9.25,7.57
20260921,600624.SH,5.03,4.11
20260921,600626.SH,4.05,3.31
20260921,600628.SH,6.85,5.61
20260921,600629.SH,17.89,14.63
20260921,600630.SH,9.12,7.46
20260921,600633.SH,11.31,9.25
20260921,600635.SH,4.97,4.07
20260921,600637.SH,9.54,7.8
20260921,600638.SH,5.49,4.49
20260921,600639.SH,10.84,8.87
20260921,600640.SH,13.27,10.85
20260921,600641.SH,41.03,33.57
20260921,600642.SH,9.54,7.8
20260921,600643.SH,4.46,3.65
20260921,600644.SH,10.76,8.8
20260921,600645.SH,20.01,16.37
20260921,600648.SH,10.38,8.5
20260921,600649.SH,4.35,3.56
20260921,600650.SH,11.34,9.28
20260921,600651.SH,5.72,4.68
20260921,600653.SH,1.87,1.53
20260921,600654.SH,3.37,2.75
20260921,600655.SH,5.03,4.11
20260921,600657.SH,3.22,2.64
20260921,600658.SH,4.48,3.66
20260921,600660.SH,59.05,48.31
20260921,600661.SH,9.27,7.59
20260921,600662.SH,4.63,3.79
20260921,600663.SH,9.79,8.01
20260921,600664.SH,8.25,6.75
20260921,600665.SH,3.73,3.05
20260921,600666.SH,3.89,3.19
20260921,600667.SH,22.51,18.41
20260921,600668.SH,7.91,6.47
20260921,600671.SH,24.87,20.35
20260921,600673.SH,35.33,28.91
20260921,600674.SH,17.34,14.18
20260921,600675.SH,2.54,2.08
20260921,600676.SH,7.41,6.07
20260921,600678.SH,6.41,5.25
20260921,600679.SH,11.31,9.25
20260921,600681.SH,3.83,3.13
20260921,600682.SH,6.13,5.01
20260921,600683.SH,10.6,8.68
20260921,600684.SH,3.83,3.13
20260921,600685.SH,31.66,25.9
20260921,600686.SH,11.9,9.74
20260921,600688.SH,3.08,2.52
20260921,600689.SH,13.45,11.01
20260921,600690.SH,22.75,18.61
20260921,600691.SH,3.18,2.6
20260921,600692.SH,7.01,5.73
20260921,600693.SH,10.44,8.54
20260921,600694.SH,15.86,12.98
20260921,600697.SH,12.53,10.25
20260921,600698.SH,7.81,6.39
20260921,600699.SH,22.15,18.13
20260921,600702.SH,36.14,29.57
20260921,600703.SH,14.28,11.68
20260921,600704.SH,5.39,4.41
20260921,600706.SH,9.05,7.41
20260921,600707.SH,10.16,8.32
20260921,600708.SH,3.34,2.74
20260921,600710.SH,12.54,10.26
20260921,600711.SH,12.13,9.93
20260921,600712.SH,5.89,4.82
20260921,600713.SH,5.53,4.53
20260921,600714.SH,19.25,15.75
20260921,600715.SH,1.79,1.47
20260921,600716.SH,3.92,3.2
20260921,600717.SH,4.68,3.83
20260921,600718.SH,8.7,7.12
20260921,600719.SH,9.26,7.58
20260921,600720.SH,5.7,4.66
20260921,600721.SH,13.15,10.76
20260921,600722.SH,17.62,14.42
20260921,600724.SH,5.46,4.46
20260921,600725.SH,3.62,2.96
20260921,600726.SH,5.8,4.74
20260921,600727.SH,8.24,6.74
20260921,600728.SH,4.96,4.06
20260921,600729.SH,20.23,16.55
20260921,600730.SH,10.02,8.2
20260921,600731.SH,6.35,5.19
20260921,600732.SH,11.92,9.76
20260921,600733.SH,4.99,4.09
20260921,600734.SH,2.12,1.74
20260921,600735.SH,7.36,6.02
20260921,600736.SH,7.19,5.89
20260921,600737.SH,16.26,13.3
20260921,600738.SH,4.66,3.82
20260921,600739.SH,11.39,9.32
20260921,600740.SH,4.14,3.38
20260921,600741.SH,16.37,13.39
20260921,600742.SH,8.5,6.96
20260921,600743.SH,2.33,1.91
20260921,600744.SH,7.03,5.75
20260921,600745.SH,18.41,15.07
20260921,600746.SH,8.0,6.54
20260921,600748.SH,4.25,3.47
20260921,600749.SH,15.03,12.29
20260921,600750.SH,24.46,20.02
20260921,600751.SH,3.3,2.7
20260921,600753.SH,13.07,10.69
20260921,600754.SH,20.34,16.64
20260921,600755.SH,6.16,5.04
20260921,600756.SH,15.09,12.35
20260921,600757.SH,7.94,6.5
20260921,600758.SH,4.04,3.3
20260921,600759.SH,2.6,2.12
20260921,600760.SH,48.29,39.51
20260921,600761.SH,17.01,13.91
20260921,600763.SH,35.99,29.45
20260921,600764.SH,20.53,16.79
20260921,600765.SH,14.78,12.1
20260921,600768.SH,15.79,12.92
20260921,600769.SH,17.86,14.62
20260921,600770.SH,6.31,5.17
20260921,600771.SH,15.09,12.35
20260921,600773.SH,11.06,9.05
20260921,600774.SH,8.25,6.75
20260921,600775.SH,10.7,8.76
20260921,600776.SH,14.86,12.16
20260921,600777.SH,4.48,3.66
20260921,600778.SH,6.35,5.19
20260921,600779.SH,28.51,23.33
20260921,600780.SH,6.77,5.54
20260921,600782.SH,2.95,2.41
20260921,600783.SH,16.89,13.82
20260921,600784.SH,7.79,6.37
20260921,600785.SH,11.35,9.29
20260921,600787.SH,5.02,4.1
20260921,600789.SH,8.34,6.82
20260921,600790.SH,3.99,3.27
20260921,600791.SH,7.66,6.26
20260921,600792.SH,5.83,4.77
20260921,600793.SH,19.03,15.57
20260921,600794.SH,3.53,2.89
20260921,600795.SH,5.79,4.73
20260921,600796.SH,5.51,4.51
20260921,600797.SH,7.27,5.95
20260921,600798.SH,3.82,3.12
20260921,600800.SH,3.6,2.94
20260921,600801.SH,26.73,21.87
20260921,600802.SH,6.31,5.17
20260921,600803.SH,20.54,16.8
20260921,600805.SH,4.93,4.03
20260921,600807.SH,2.85,2.33
20260921,600808.SH,2.83,2.31
20260921,600809.SH,123.97,101.43
20260921,600810.SH,6.94,5.68
20260921,600812.SH,5.08,4.16
20260921,600814.SH,7.62,6.24
20260921,600815.SH,3.99,3.27
20260921,600816.SH,2.66,2.18
20260921,600817.SH,10.71,8.77
20260921,600818.SH,9.75,7.97
20260921,600819.SH,6.13,5.01
20260921,600820.SH,5.79,4.73
20260921,600821.SH,6.78,5.54
20260921,600822.SH,10.34,8.46
20260921,600824.SH,4.0,3.28
20260921,600825.SH,5.84,4.78
20260921,600826.SH,8.38,6.86
20260921,600827.SH,8.57,7.01
20260921,600828.SH,4.68,3.83
20260921,600829.SH,10.58,8.66
20260921,600830.SH,9.34,7.64
20260921,600831.SH,3.56,2.92
20260921,600833.SH,11.48,9.4
20260921,600834.SH,8.33,6.81
20260921,600835.SH,19.56,16.0
20260921,600838.SH,9.45,7.73
20260921,600839.SH,7.37,6.03
20260921,600841.SH,6.44,5.27
20260921,600843.SH,7.57,6.19
20260921,600844.SH,3.72,3.04
20260921,600845.SH,19.77,16.17
20260921,600846.SH,12.05,9.86
20260921,600847.SH,15.31,12.53
20260921,600848.SH,9.36,7.66
20260921,600850.SH,15.41,12.61
20260921,600851.SH,9.1,7.44
20260921,600853.SH,3.59,2.93
20260921,600854.SH,5.07,4.15
20260921,600855.SH,14.61,11.95
20260921,600857.SH,23.41,19.15
20260921,600858.SH,5.46,4.46
20260921,600859.SH,10.69,8.75
20260921,600860.SH,8.88,7.26
20260921,600861.SH,13.97,11.43
20260921,600862.SH,19.78,16.18
20260921,600863.SH,5.2,4.26
20260921,600864.SH,6.46,5.28
20260921,600865.SH,11.95,9.77
20260921,600866.SH,4.5,3.68
20260921,600867.SH,8.64,7.07
20260921,600868.SH,3.11,2.55
20260921,600869.SH,23.55,19.27
20260921,600871.SH,2.39,1.95
20260921,600872.SH,18.88,15.44
20260921,600873.SH,8.28,6.78
20260921,600874.SH,6.09,4.99
20260921,600875.SH,26.86,21.98
20260921,600876.SH,9.24,7.56
20260921,600877.SH,13.45,11.01
20260921,600879.SH,16.19,13.25
20260921,600880.SH,5.59,4.57
20260921,600881.SH,2.12,1.74
20260921,600882.SH,21.03,17.21
20260921,600883.SH,8.58,7.02
20260921,600884.SH,12.3,10.06
20260921,600885.SH,37.49,30.67
20260921,600886.SH,15.73,12.87
20260921,600887.SH,29.26,23.94
20260921,600888.SH,10.97,8.97
20260921,600889.SH,14.64,11.98
20260921,600892.SH,4.41,3.61
20260921,600893.SH,43.11,35.27
20260921,600894.SH,7.92,6.48
20260921,600895.SH,31.42,25.7
20260921,600897.SH,16.63,13.61
20260921,600900.SH,31.1,25.44
20260921,600901.SH,7.37,6.03
20260921,600903.SH,7.33,5.99
20260921,600905.SH,4.02,3.29
20260921,600906.SH,7.11,5.81
20260921,600908.SH,6.34,5.18
20260921,600909.SH,8.69,7.11
20260921,600916.SH,8.23,6.73
20260921,600917.SH,5.37,4.39
20260921,600918.SH,6.0,4.91
20260921,600919.SH,13.39,10.95
20260921,600925.SH,4.51,3.69
20260921,600926.SH,18.85,15.43
20260921,600927.SH,13.52,11.06
20260921,600928.SH,3.85,3.15
20260921,600929.SH,6.71,5.49
20260921,600930.SH,4.37,3.57
20260921,600933.SH,15.43,12.63
20260921,600935.SH,2.55,2.09
20260921,600936.SH,4.98,4.08
20260921,600938.SH,35.53,29.07
20260921,600939.SH,2.88,2.36
20260921,600941.SH,106.29,86.97
20260921,600955.SH,13.64,11.16
20260921,600956.SH,7.93,6.49
20260921,600958.SH,9.71,7.95
20260921,600959.SH,3.43,2.81
20260921,600960.SH,4.29,3.51
20260921,600961.SH,28.05,22.95
20260921,600962.SH,28.94,23.68
20260921,600963.SH,3.73,3.05
20260921,600965.SH,3.01,2.47
20260921,600966.SH,5.43,4.45
20260921,600967.SH,14.92,12.2
20260921,600968.SH,4.35,3.56
20260921,600969.SH,10.85,8.87
20260921,600970.SH,8.47,6.93
20260921,600971.SH,9.17,7.51
20260921,600973.SH,6.72,5.5
20260921,600975.SH,5.73,4.69
20260921,600976.SH,29.08,23.8
20260921,600977.SH,14.22,11.64
20260921,600979.SH,4.43,3.63
20260921,600980.SH,20.75,16.97
20260921,600981.SH,2.63,2.15
20260921,600982.SH,5.72,4.68
20260921,600983.SH,8.1,6.62
20260921,600984.SH,3.87,3.17
20260921,600985.SH,18.08,14.8
20260921,600986.SH,7.81,6.39
20260921,600987.SH,6.97,5.71
20260921,600988.SH,48.69,39.83
20260921,600989.SH,25.95,21.23
20260921,600990.SH,19.87,16.25
20260921,600992.SH,10.57,8.65
20260921,600993.SH,24.94,20.4
20260921,600995.SH,13.55,11.09
20260921,600996.SH,7.61,6.23
20260921,600997.SH,5.68,4.64
20260921,600998.SH,5.5,4.5
20260921,600999.SH,19.35,15.83
20260921,601000.SH,4.92,4.02
20260921,601001.SH,18.49,15.13
20260921,601002.SH,5.76,4.72
20260921,601003.SH,3.92,3.2
20260921,601005.SH,1.32,1.08
20260921,601006.SH,5.17,4.23
20260921,601007.SH,7.44,6.08
20260921,601008.SH,4.88,4.0
20260921,601009.SH,12.98,10.62
20260921,601010.SH,1.62,1.32
20260921,601011.SH,3.19,2.61
20260921,601012.SH,12.35,10.11
20260921,601015.SH,3.98,3.26
20260921,601016.SH,3.77,3.09
20260921,601018.SH,3.76,3.08
20260921,601019.SH,7.4,6.06
20260921,601020.SH,23.58,19.3
20260921,601021.SH,46.09,37.71
20260921,601022.SH,9.39,7.69
20260921,601026.SH,17.55,14.36
20260921,601033.SH,15.82,12.94
20260921,601038.SH,15.7,12.84
20260921,601058.SH,15.24,12.47
20260921,601059.SH,17.12,14.0
20260921,601061.SH,12.69,10.39
20260921,601065.SH,7.37,6.03
20260921,601066.SH,25.98,21.26
20260921,601068.SH,4.84,3.96
20260921,601069.SH,30.8,25.2
20260921,601077.SH,7.18,5.88
20260921,601083.SH,13.82,11.3
20260921,601086.SH,17.67,14.45
20260921,601088.SH,50.85,41.61
20260921,601089.SH,17.34,14.18
20260921,601091.SH,99999.999,0.01
20260921,601096.SH,4.52,3.7
20260921,601098.SH,11.31,9.25
20260921,601099.SH,3.82,3.12
20260921,601100.SH,101.42,82.98
20260921,601101.SH,14.21,11.63
20260921,601106.SH,3.34,2.74
20260921,601107.SH,6.55,5.36
20260921,601108.SH,9.28,7.6
20260921,601111.SH,6.41,5.25
20260921,601112.SH,18.7,15.3
20260921,601113.SH,3.73,3.05
20260921,601116.SH,11.02,9.02
20260921,601117.SH,7.91,6.47
20260921,601118.SH,6.77,5.54
20260921,601121.SH,7.91,6.47
20260921,601123.SH,19.56,16.0
20260921,601126.SH,45.1,36.9
20260921,601127.SH,51.91,42.47
20260921,601128.SH,6.9,5.64
20260921,601133.SH,28.55,23.36
20260921,601136.SH,15.63,12.79
20260921,601137.SH,22.55,18.45
20260921,601138.SH,68.98,56.44
20260921,601139.SH,6.97,5.71
20260921,601155.SH,13.46,11.02
20260921,601156.SH,19.89,16.27
20260921,601158.SH,4.41,3.61
20260921,601162.SH,3.99,3.27
20260921,601163.SH,13.63,11.15
20260921,601166.SH,19.56,16.0
20260921,601168.SH,39.63,32.43
20260921,601169.SH,6.09,4.99
20260921,601177.SH,14.95,12.23
20260921,601179.SH,13.45,11.01
20260921,601186.SH,6.63,5.43
20260921,601187.SH,7.57,6.19
20260921,601188.SH,3.15,2.57
20260921,601198.SH,14.37,11.75
20260921,601199.SH,7.22,5.9
20260921,601200.SH,7.51,6.15
20260921,601208.SH,56.43,46.17
20260921,601211.SH,19.25,15.75
20260921,601212.SH,6.92,5.66
20260921,601216.SH,5.08,4.16
20260921,601218.SH,6.11,5.0
20260921,601222.SH,6.53,5.35
20260921,601225.SH,27.72,22.68
20260921,601226.SH,7.23,5.91
20260921,601228.SH,3.38,2.76
20260921,601229.SH,10.52,8.6
20260921,601231.SH,29.69,24.29
20260921,601233.SH,26.19,21.43
20260921,601236.SH,7.4,6.06
20260921,601238.SH,5.6,4.58
20260921,601279.SH,3.83,3.13
20260921,601288.SH,7.49,6.13
20260921,601298.SH,10.62,8.69
20260921,601311.SH,8.13,6.65
20260921,601318.SH,58.71,48.03
20260921,601319.SH,8.6,7.04
20260921,601326.SH,3.86,3.16
20260921,601328.SH,8.21,6.71
20260921,601330.SH,9.21,7.53
20260921,601333.SH,3.4,2.78
20260921,601336.SH,64.0,52.36
20260921,601339.SH,8.0,6.54
20260921,601360.SH,9.65,7.89
20260921,601366.SH,3.96,3.24
20260921,601368.SH,4.9,4.01
20260921,601369.SH,9.92,8.12
20260921,601375.SH,4.38,3.58
20260921,601377.SH,6.5,5.32
20260921,601388.SH,3.56,2.92
20260921,601390.SH,4.73,3.87
20260921,601398.SH,8.88,7.26
20260921,601399.SH,3.52,2.88
20260921,601456.SH,9.53,7.79
20260921,601500.SH,4.28,3.5
20260921,601512.SH,9.28,7.6
20260921,601515.SH,3.62,2.96
20260921,601518.SH,3.06,2.5
20260921,601519.SH,9.26,7.58
20260921,601528.SH,5.49,4.49
20260921,601555.SH,9.13,7.47
20260921,601566.SH,9.92,8.12
20260921,601567.SH,15.7,12.84
20260921,601568.SH,4.0,3.28
20260921,601577.SH,10.77,8.81
20260921,601579.SH,36.12,29.56
20260921,601588.SH,1.89,1.55
20260921,601595.SH,26.96,22.06
20260921,601598.SH,7.12,5.82
20260921,601599.SH,3.55,2.91
20260921,601600.SH,10.29,8.42
20260921,601601.SH,35.29,28.87
20260921,601606.SH,36.04,29.48
20260921,601607.SH,17.49,14.31
20260921,601608.SH,5.2,4.26
20260921,601609.SH,14.61,11.95
20260921,601611.SH,11.46,9.38
20260921,601615.SH,10.71,8.77
20260921,601616.SH,4.19,3.43
20260921,601618.SH,2.79,2.29
20260921,601619.SH,4.52,3.7
20260921,601628.SH,41.58,34.02
20260921,601633.SH,15.46,12.65
20260921,601636.SH,6.12,5.0
20260921,601658.SH,5.86,4.8
20260921,601665.SH,7.59,6.21
20260921,601666.SH,9.74,7.97
20260921,601668.SH,4.71,3.85
20260921,601669.SH,5.07,4.15
20260921,601677.SH,18.6,15.22
20260921,601678.SH,6.6,5.4
20260921,601686.SH,5.59,4.57
20260921,601688.SH,20.16,16.5
20260921,601689.SH,49.5,40.5
20260921,601696.SH,12.43,10.17
20260921,601698.SH,26.63,21.79
20260921,601699.SH,16.71,13.67
20260921,601700.SH,6.99,5.72
20260921,601702.SH,16.58,13.56
20260921,601717.SH,15.29,12.51
20260921,601718.SH,2.17,1.77
20260921,601727.SH,7.15,5.85
20260921,601728.SH,6.81,5.57
20260921,601766.SH,6.6,5.4
20260921,601777.SH,8.58,7.02
20260921,601778.SH,3.91,3.2
20260921,601788.SH,15.33,12.55
20260921,601789.SH,4.55,3.73
20260921,601798.SH,8.2,6.71
20260921,601799.SH,80.06,65.5
20260921,601800.SH,6.42,5.26
20260921,601801.SH,5.87,4.81
20260921,601808.SH,13.37,10.94
20260921,601811.SH,15.29,12.51
20260921,601816.SH,5.23,4.28
20260921,601818.SH,3.32,2.72
20260921,601825.SH,9.63,7.88
20260921,601827.SH,8.68,7.1
20260921,601828.SH,2.37,1.94
20260921,601838.SH,21.05,17.23
20260921,601857.SH,11.62,9.5
20260921,601858.SH,22.26,18.22
20260921,601860.SH,2.83,2.31
20260921,601865.SH,10.22,8.36
20260921,601866.SH,2.72,2.22
20260921,601868.SH,2.67,2.19
20260921,601869.SH,500.49,409.49
20260921,601872.SH,24.6,20.12
20260921,601877.SH,27.79,22.73
20260921,601878.SH,9.99,8.17
20260921,601880.SH,1.62,1.32
20260921,601881.SH,13.29,10.87
20260921,601882.SH,25.08,20.52
20260921,601886.SH,14.75,12.07
20260921,601888.SH,57.2,46.8
20260921,601890.SH,10.84,8.87
20260921,601898.SH,15.25,12.47
20260921,601899.SH,34.55,28.27
20260921,601900.SH,13.32,10.9
20260921,601901.SH,7.51,6.15
20260921,601908.SH,3.27,2.67
20260921,601916.SH,3.19,2.61
20260921,601918.SH,11.34,9.28
20260921,601919.SH,17.71,14.49
20260921,601921.SH,8.1,6.62
20260921,601928.SH,9.08,7.43
20260921,601929.SH,2.65,2.17
20260921,601933.SH,3.36,2.75
20260921,601939.SH,11.89,9.73
20260921,601949.SH,6.72,5.5
20260921,601952.SH,10.49,8.59
20260921,601956.SH,5.29,4.33
20260921,601958.SH,22.5,18.41
20260921,601963.SH,11.99,9.81
20260921,601965.SH,14.48,11.84
20260921,601966.SH,11.46,9.38
20260921,601968.SH,4.98,4.08
20260921,601969.SH,10.2,8.34
20260921,601975.SH,5.1,4.18
20260921,601985.SH,9.83,8.05
20260921,601988.SH,7.19,5.89
20260921,601990.SH,7.3,5.98
20260921,601991.SH,6.14,5.02
20260921,601992.SH,1.54,1.26
20260921,601995.SH,34.98,28.62
20260921,601996.SH,3.3,2.7
20260921,601997.SH,6.14,5.02
20260921,601998.SH,9.86,8.06
20260921,601999.SH,7.5,6.14
20260921,603000.SH,19.09,15.62
20260921,603001.SH,11.47,9.39
20260921,603002.SH,21.1,17.26
20260921,603004.SH,20.63,16.88
20260921,603005.SH,33.69,27.57
20260921,603006.SH,11.7,9.58
20260921,603007.SH,5.16,4.22
20260921,603008.SH,10.4,8.51
20260921,603009.SH,54.22,44.36
20260921,603010.SH,13.52,11.06
20260921,603011.SH,30.12,24.64
20260921,603012.SH,9.97,8.15
20260921,603013.SH,15.75,12.89
20260921,603014.SH,34.35,28.11
20260921,603015.SH,11.79,9.65
20260921,603016.SH,33.53,27.43
20260921,603017.SH,10.78,8.82
20260921,603018.SH,5.64,4.62
20260921,603019.SH,92.73,75.87
20260921,603020.SH,12.57,10.29
20260921,603021.SH,6.06,4.96
20260921,603022.SH,9.46,7.74
20260921,603023.SH,4.5,3.68
20260921,603025.SH,14.93,12.21
20260921,603026.SH,67.27,55.04
20260921,603027.SH,8.01,6.55
20260921,603028.SH,7.43,6.08
20260921,603029.SH,18.12,14.82
20260921,603030.SH,2.29,1.87
20260921,603031.SH,46.96,38.42
20260921,603032.SH,20.71,16.95
20260921,603033.SH,8.05,6.59
20260921,603035.SH,11.21,9.17
20260921,603036.SH,14.72,12.04
20260921,603037.SH,10.77,8.81
20260921,603038.SH,19.09,15.62
20260921,603039.SH,39.55,32.36
20260921,603040.SH,52.64,43.07
20260921,603041.SH,11.97,9.79
20260921,603042.SH,19.03,15.57
20260921,603043.SH,14.52,11.88
20260921,603045.SH,57.28,46.86
20260921,603048.SH,26.76,21.9
20260921,603049.SH,49.62,40.6
20260921,603050.SH,19.9,16.28
20260921,603051.SH,28.24,23.1
20260921,603052.SH,66.41,54.33
20260921,603053.SH,9.59,7.85
20260921,603055.SH,10.31,8.43
20260921,603057.SH,20.37,16.67
20260921,603058.SH,9.64,7.88
20260921,603059.SH,26.99,22.09
20260921,603060.SH,5.92,4.84
20260921,603061.SH,383.67,313.91
20260921,603062.SH,40.17,32.87
20260921,603063.SH,33.86,27.7
20260921,603065.SH,15.7,12.84
20260921,603066.SH,9.96,8.15
20260921,603067.SH,38.65,31.63
20260921,603068.SH,43.79,35.83
20260921,603069.SH,15.03,12.29
20260921,603070.SH,12.63,10.33
20260921,603071.SH,13.55,11.09
20260921,603072.SH,33.41,27.33
20260921,603073.SH,17.49,14.31
20260921,603075.SH,21.78,17.82
20260921,603076.SH,21.54,17.62
20260921,603077.SH,2.49,2.03
20260921,603078.SH,36.42,29.8
20260921,603079.SH,14.08,11.52
20260921,603080.SH,21.43,17.53
20260921,603081.SH,10.29,8.42
20260921,603082.SH,56.54,46.26
20260921,603083.SH,250.78,205.18
20260921,603085.SH,10.89,8.91
20260921,603086.SH,6.31,5.17
20260921,603087.SH,75.8,62.02
20260921,603088.SH,11.32,9.26
20260921,603089.SH,10.44,8.54
20260921,603090.SH,43.51,35.6
20260921,603091.SH,51.59,42.21
20260921,603092.SH,49.62,40.6
20260921,603093.SH,13.99,11.45
20260921,603095.SH,15.79,12.92
20260921,603096.SH,16.97,13.89
20260921,603097.SH,20.35,16.65
20260921,603098.SH,11.72,9.59
20260921,603099.SH,43.19,35.33
20260921,603100.SH,19.8,16.2
20260921,603101.SH,8.17,6.69
20260921,603102.SH,39.55,32.36
20260921,603103.SH,18.06,14.78
20260921,603105.SH,9.0,7.36
20260921,603106.SH,8.23,6.73
20260921,603107.SH,13.3,10.88
20260921,603108.SH,10.56,8.64
20260921,603109.SH,18.92,15.48
20260921,603110.SH,27.64,22.62
20260921,603111.SH,6.61,5.41
20260921,603112.SH,18.35,15.01
20260921,603113.SH,5.38,4.4
20260921,603115.SH,103.05,84.31
20260921,603116.SH,7.26,5.94
20260921,603117.SH,4.31,3.53
20260921,603118.SH,20.27,16.59
20260921,603119.SH,60.57,49.55
20260921,603120.SH,65.13,53.29
20260921,603121.SH,13.57,11.11
20260921,603122.SH,15.0,12.28
20260921,603123.SH,10.62,8.69
20260921,603124.SH,145.84,119.32
20260921,603125.SH,26.29,21.51
20260921,603126.SH,6.86,5.62
20260921,603127.SH,50.34,41.18
20260921,603128.SH,5.85,4.79
20260921,603129.SH,319.43,261.35
20260921,603130.SH,42.22,34.54
20260921,603131.SH,15.28,12.5
20260921,603132.SH,19.97,16.34
20260921,603135.SH,9.67,7.91
20260921,603136.SH,10.04,8.22
20260921,603137.SH,21.57,17.65
20260921,603138.SH,17.13,14.01
20260921,603139.SH,41.72,34.14
20260921,603150.SH,75.85,62.06
20260921,603151.SH,18.35,15.01
20260921,603153.SH,14.45,11.83
20260921,603155.SH,16.6,13.58
20260921,603156.SH,48.95,40.05
20260921,603158.SH,11.45,9.37
20260921,603159.SH,24.63,20.15
20260921,603160.SH,58.58,47.93
20260921,603161.SH,16.73,13.69
20260921,603162.SH,15.47,12.65
20260921,603163.SH,92.81,75.93
20260921,603165.SH,14.83,12.13
20260921,603166.SH,12.13,9.93
20260921,603167.SH,8.89,7.27
20260921,603168.SH,6.14,5.02
20260921,603169.SH,6.82,5.58
20260921,603170.SH,13.07,10.69
20260921,603171.SH,43.05,35.23
20260921,603172.SH,20.43,16.71
20260921,603173.SH,32.33,26.45
20260921,603175.SH,110.17,90.14
20260921,603176.SH,5.71,4.67
20260921,603177.SH,12.47,10.21
20260921,603178.SH,17.27,14.13
20260921,603179.SH,44.0,36.0
20260921,603180.SH,16.62,13.6
20260921,603181.SH,13.61,11.13
20260921,603182.SH,14.42,11.8
20260921,603183.SH,5.64,4.62
20260921,603185.SH,15.92,13.02
20260921,603186.SH,249.46,204.1
20260921,603187.SH,11.8,9.66
20260921,603188.SH,4.92,4.02
20260921,603189.SH,10.53,8.61
20260921,603190.SH,17.3,14.16
20260921,603191.SH,14.94,12.22
20260921,603192.SH,22.18,18.14
20260921,603193.SH,21.91,17.93
20260921,603194.SH,36.85,30.15
20260921,603195.SH,41.8,34.2
20260921,603196.SH,21.26,17.4
20260921,603197.SH,31.87,26.07
20260921,603198.SH,41.55,33.99
20260921,603199.SH,36.07,29.51
20260921,603200.SH,44.14,36.12
20260921,603201.SH,16.65,13.63
20260921,603202.SH,56.93,46.58
20260921,603203.SH,51.54,42.17
20260921,603205.SH,24.2,19.8
20260921,603206.SH,14.93,12.21
20260921,603207.SH,26.58,21.74
20260921,603208.SH,11.85,9.69
20260921,603209.SH,16.05,13.13
20260921,603210.SH,14.38,11.76
20260921,603211.SH,22.2,18.16
20260921,603212.SH,13.0,10.64
20260921,603213.SH,14.84,12.14
20260921,603214.SH,14.45,11.83
20260921,603215.SH,15.47,12.65
20260921,603216.SH,22.17,18.14
20260921,603217.SH,29.93,24.49
20260921,603218.SH,10.3,8.42
20260921,603219.SH,14.06,11.5
20260921,603220.SH,20.09,16.43
20260921,603221.SH,34.35,28.11
20260921,603222.SH,8.55,6.99
20260921,603223.SH,11.02,9.02
20260921,603225.SH,18.68,15.28
20260921,603226.SH,42.99,35.17
20260921,603227.SH,8.22,6.72
20260921,603228.SH,114.9,94.01
20260921,603229.SH,8.34,6.82
20260921,603230.SH,14.83,12.13
20260921,603231.SH,18.37,15.03
20260921,603232.SH,17.94,14.68
20260921,603233.SH,20.22,16.54
20260921,603235.SH,27.47,22.47
20260921,603236.SH,79.79,65.29
20260921,603237.SH,16.29,13.33
20260921,603238.SH,13.07,10.69
20260921,603239.SH,15.2,12.44
20260921,603248.SH,27.03,22.11
20260921,603255.SH,36.12,29.56
20260921,603256.SH,163.67,133.91
20260921,603257.SH,79.2,64.8
20260921,603258.SH,14.19,11.61
20260921,603259.SH,176.0,144.0
20260921,603260.SH,35.86,29.34
20260921,603261.SH,58.16,47.58
20260921,603262.SH,20.02,16.38
20260921,603266.SH,18.84,15.42
20260921,603267.SH,55.99,45.81
20260921,603268.SH,228.8,187.2
20260921,603269.SH,28.96,23.7
20260921,603270.SH,40.51,33.15
20260921,603271.SH,42.55,34.81
20260921,603272.SH,18.58,15.2
20260921,603273.SH,15.85,12.97
20260921,603275.SH,40.14,32.84
20260921,603276.SH,19.75,16.16
20260921,603277.SH,12.4,10.14
20260921,603278.SH,9.99,8.17
20260921,603279.SH,12.25,10.03
20260921,603280.SH,28.58,23.38
20260921,603281.SH,20.54,16.8
20260921,603282.SH,17.75,14.53
20260921,603283.SH,52.1,42.62
20260921,603284.SH,45.29,37.05
20260921,603285.SH,41.65,34.07
20260921,603286.SH,48.6,39.76
20260921,603288.SH,37.24,30.47
20260921,603289.SH,10.51,8.6
20260921,603290.SH,97.36,79.66
20260921,603291.SH,9.86,8.06
20260921,603293.SH,41.33,33.81
20260921,603296.SH,88.39,72.32
20260921,603297.SH,124.31,101.71
20260921,603298.SH,25.87,21.17
20260921,603299.SH,9.55,7.81
20260921,603300.SH,5.1,4.18
20260921,603301.SH,90.17,73.77
20260921,603303.SH,30.57,25.01
20260921,603305.SH,12.23,10.01
20260921,603306.SH,91.87,75.17
20260921,603307.SH,26.91,22.01
20260921,603308.SH,47.75,39.07
20260921,603309.SH,11.9,9.74
20260921,603310.SH,16.31,13.35
20260921,603311.SH,28.59,23.39
20260921,603312.SH,34.8,28.48
20260921,603313.SH,7.49,6.13
20260921,603315.SH,11.92,9.76
20260921,603316.SH,18.36,15.02
20260921,603317.SH,14.08,11.52
20260921,603318.SH,10.02,8.2
20260921,603319.SH,32.18,26.33
20260921,603320.SH,20.17,16.51
20260921,603321.SH,7.9,6.46
20260921,603322.SH,36.21,29.63
20260921,603323.SH,4.84,3.96
20260921,603324.SH,29.59,24.21
20260921,603325.SH,57.46,47.02
20260921,603326.SH,7.93,6.49
20260921,603327.SH,9.25,7.57
20260921,603328.SH,14.54,11.9
20260921,603329.SH,10.86,8.88
20260921,603330.SH,10.64,8.7
20260921,603331.SH,14.11,11.55
20260921,603332.SH,12.58,10.3
20260921,603333.SH,10.33,8.45
20260921,603334.SH,34.6,28.31
20260921,603335.SH,6.81,5.57
20260921,603336.SH,11.4,9.32
20260921,603337.SH,40.34,33.0
20260921,603338.SH,59.55,48.73
20260921,603339.SH,14.14,11.57
20260921,603341.SH,39.02,31.92
20260921,603344.SH,26.31,21.53
20260921,603345.SH,87.43,71.53
20260921,603348.SH,15.2,12.44
20260921,603350.SH,30.45,24.91
20260921,603351.SH,27.85,22.79
20260921,603352.SH,28.27,23.13
20260921,603353.SH,53.41,43.7
20260921,603355.SH,32.42,26.52
20260921,603356.SH,18.71,15.31
20260921,603357.SH,6.42,5.26
20260921,603358.SH,49.19,40.25
20260921,603359.SH,2.53,2.07
20260921,603360.SH,14.2,11.62
20260921,603363.SH,3.18,2.6
20260921,603365.SH,17.77,14.54
20260921,603366.SH,7.85,6.43
20260921,603367.SH,15.29,12.51
20260921,603368.SH,16.91,13.83
20260921,603369.SH,30.53,24.98
20260921,603370.SH,30.55,24.99
20260921,603373.SH,44.86,36.7
20260921,603375.SH,56.86,46.52
20260921,603376.SH,30.2,24.71
20260921,603377.SH,3.64,2.98
20260921,603378.SH,6.24,5.1
20260921,603379.SH,56.25,46.03
20260921,603380.SH,38.64,31.62
20260921,603381.SH,16.13,13.19
20260921,603382.SH,20.74,16.97
20260921,603383.SH,29.73,24.33
20260921,603385.SH,5.97,4.89
20260921,603386.SH,19.4,15.88
20260921,603387.SH,10.36,8.48
20260921,603389.SH,53.47,43.75
20260921,603390.SH,11.87,9.71
20260921,603391.SH,72.66,59.45
20260921,603392.SH,27.96,22.88
20260921,603393.SH,27.59,22.57
20260921,603395.SH,28.14,23.02
20260921,603396.SH,31.06,25.42
20260921,603398.SH,10.23,8.37
20260921,603399.SH,15.18,12.42
20260921,603400.SH,60.14,49.2
20260921,603402.SH,70.61,57.77
20260921,603406.SH,30.42,24.89
20260921,603407.SH,64.44,52.72
20260921,603408.SH,13.11,10.73
20260921,603409.SH,19.51,15.97
20260921,603416.SH,51.54,42.17
20260921,603418.SH,50.34,41.18
20260921,603421.SH,7.62,6.24
20260921,603429.SH,9.47,7.75
20260921,603435.SH,55.35,45.29
20260921,603439.SH,14.96,12.24
20260921,603444.SH,382.48,312.94
20260921,603448.SH,70.47,57.65
20260921,603456.SH,17.07,13.97
20260921,603458.SH,11.84,9.68
20260921,603459.SH,98.23,80.37
20260921,603466.SH,13.85,11.33
20260921,603468.SH,25.07,20.51
20260921,603477.SH,15.95,13.05
20260921,603486.SH,54.92,44.94
20260921,603488.SH,8.79,7.19
20260921,603489.SH,31.83,26.05
20260921,603496.SH,25.95,21.23
20260921,603499.SH,15.13,12.38
20260921,603500.SH,10.1,8.26
20260921,603501.SH,89.4,73.14
20260921,603505.SH,16.96,13.88
20260921,603506.SH,12.64,10.34
20260921,603507.SH,26.62,21.78
20260921,603508.SH,23.12,18.92
20260921,603511.SH,13.4,10.96
20260921,603515.SH,16.02,13.1
20260921,603516.SH,95.57,78.19
20260921,603517.SH,12.84,10.5
20260921,603518.SH,8.39,6.87
20260921,603519.SH,17.11,14.0
20260921,603520.SH,9.24,7.56
20260921,603527.SH,10.9,8.92
20260921,603528.SH,7.04,5.76
20260921,603529.SH,23.57,19.29
20260921,603530.SH,48.46,39.65
20260921,603533.SH,25.55,20.91
20260921,603535.SH,6.72,5.5
20260921,603536.SH,10.79,8.83
20260921,603538.SH,29.27,23.95
20260921,603551.SH,10.15,8.31
20260921,603556.SH,25.88,21.18
20260921,603557.SH,3.74,3.06
20260921,603558.SH,14.61,11.95
20260921,603559.SH,10.27,8.41
20260921,603565.SH,12.96,10.6
20260921,603566.SH,11.13,9.11
20260921,603567.SH,5.83,4.77
20260921,603568.SH,14.74,12.06
20260921,603569.SH,6.3,5.16
20260921,603577.SH,10.57,8.65
20260921,603578.SH,15.68,12.83
20260921,603579.SH,18.72,15.32
20260921,603580.SH,71.53,58.53
20260921,603583.SH,29.47,24.11
20260921,603585.SH,11.42,9.34
20260921,603586.SH,14.88,12.18
20260921,603587.SH,13.32,10.9
20260921,603588.SH,17.75,14.53
20260921,603589.SH,19.31,15.8
20260921,603590.SH,31.68,25.92
20260921,603595.SH,35.09,28.71
20260921,603596.SH,31.22,25.54
20260921,603598.SH,18.96,15.52
20260921,603599.SH,11.52,9.42
20260921,603600.SH,11.14,9.12
20260921,603601.SH,11.23,9.19
20260921,603602.SH,12.49,10.22
20260921,603605.SH,61.41,50.25
20260921,603606.SH,39.47,32.29
20260921,603607.SH,26.73,21.87
20260921,603608.SH,23.21,18.99
20260921,603609.SH,6.95,5.69
20260921,603610.SH,15.08,12.34
20260921,603611.SH,17.42,14.26
20260921,603612.SH,18.26,14.94
20260921,603613.SH,23.4,19.14
20260921,603615.SH,22.0,18.0
20260921,603616.SH,6.05,4.95
20260921,603617.SH,7.35,6.01
20260921,603618.SH,43.9,35.92
20260921,603619.SH,23.53,19.25
20260921,603626.SH,25.76,21.08
20260921,603628.SH,11.42,9.34
20260921,603629.SH,124.96,102.24
20260921,603630.SH,14.95,12.23
20260921,603633.SH,7.1,5.81
20260921,603636.SH,7.28,5.96
20260921,603637.SH,16.26,13.3
20260921,603638.SH,20.14,16.48
20260921,603639.SH,11.34,9.28
20260921,603648.SH,10.31,8.43
20260921,603650.SH,80.91,66.2
20260921,603655.SH,33.22,27.18
20260921,603656.SH,19.05,15.59
20260921,603657.SH,39.14,32.02
20260921,603658.SH,35.39,28.95
20260921,603659.SH,24.5,20.04
20260921,603660.SH,10.65,8.71
20260921,603661.SH,35.88,29.36
20260921,603662.SH,53.96,44.15
20260921,603663.SH,49.82,40.76
20260921,603665.SH,23.39,19.13
20260921,603666.SH,28.49,23.31
20260921,603667.SH,56.22,46.0
20260921,603668.SH,14.27,11.67
20260921,603669.SH,6.14,5.02
20260921,603676.SH,9.59,7.85
20260921,603677.SH,15.58,12.74
20260921,603678.SH,55.33,45.27
20260921,603679.SH,28.16,23.04
20260921,603680.SH,11.63,9.51
20260921,603681.SH,21.22,17.36
20260921,603682.SH,10.66,8.72
20260921,603683.SH,18.13,14.83
20260921,603685.SH,30.28,24.78
20260921,603686.SH,17.02,13.92
20260921,603687.SH,17.68,14.46
20260921,603688.SH,54.63,44.69
20260921,603689.SH,8.38,6.86
20260921,603690.SH,26.82,21.94
20260921,603693.SH,13.68,11.2
20260921,603696.SH,15.38,12.58
20260921,603697.SH,9.96,8.15
20260921,603698.SH,24.15,19.76
20260921,603699.SH,49.41,40.43
20260921,603700.SH,12.31,10.07
20260921,603701.SH,21.91,17.93
20260921,603703.SH,11.26,9.22
20260921,603706.SH,18.7,15.3
20260921,603707.SH,8.21,6.71
20260921,603708.SH,9.9,8.1
20260921,603709.SH,13.5,11.04
20260921,603711.SH,12.8,10.48
20260921,603712.SH,12.47,10.21
20260921,603713.SH,71.58,58.56
20260921,603716.SH,17.79,14.55
20260921,603717.SH,6.38,5.22
20260921,603718.SH,3.33,2.73
20260921,603719.SH,9.7,7.94
20260921,603721.SH,20.06,16.42
20260921,603722.SH,31.85,26.06
20260921,603725.SH,12.93,10.58
20260921,603726.SH,26.62,21.78
20260921,603727.SH,19.36,15.84
20260921,603728.SH,55.06,45.05
20260921,603729.SH,13.85,11.33
20260921,603730.SH,10.64,8.7
20260921,603733.SH,20.97,17.15
20260921,603737.SH,22.67,18.55
20260921,603738.SH,41.68,34.1
20260921,603739.SH,13.46,11.02
20260921,603755.SH,26.2,21.44
20260921,603757.SH,75.02,61.38
20260921,603758.SH,11.78,9.64
20260921,603759.SH,8.58,7.02
20260921,603766.SH,16.29,13.33
20260921,603767.SH,14.75,12.07
20260921,603768.SH,12.47,10.21
20260921,603773.SH,103.51,84.69
20260921,603776.SH,21.57,17.65
20260921,603777.SH,14.5,11.86
20260921,603778.SH,10.01,8.19
20260921,603779.SH,9.06,7.42
20260921,603786.SH,41.38,33.86
20260921,603787.SH,11.07,9.05
20260921,603788.SH,14.93,12.21
20260921,603789.SH,6.57,5.37
20260921,603790.SH,26.99,22.09
20260921,603797.SH,5.09,4.17
20260921,603798.SH,14.32,11.72
20260921,603799.SH,39.36,32.2
20260921,603800.SH,65.11,53.27
20260921,603801.SH,6.47,5.29
20260921,603803.SH,12.93,10.58
20260921,603806.SH,15.81,12.93
20260921,603808.SH,9.46,7.74
20260921,603809.SH,9.43,7.71
20260921,603810.SH,12.82,10.49
20260921,603811.SH,7.45,6.09
20260921,603813.SH,29.05,23.77
20260921,603815.SH,5.71,4.67
20260921,603816.SH,24.75,20.25
20260921,603817.SH,6.31,5.17
20260921,603818.SH,4.51,3.69
20260921,603819.SH,17.33,14.18
20260921,603822.SH,72.6,59.4
20260921,603823.SH,60.94,49.86
20260921,603825.SH,8.6,7.04
20260921,603826.SH,18.12,14.82
20260921,603828.SH,6.17,5.05
20260921,603829.SH,17.13,14.01
20260921,603833.SH,31.7,25.94
20260921,603836.SH,10.15,8.31
20260921,603838.SH,15.17,12.41
20260921,603839.SH,7.26,5.94
20260921,603843.SH,7.56,6.18
20260921,603848.SH,14.43,11.81
20260921,603855.SH,18.39,15.05
20260921,603856.SH,12.56,10.28
20260921,603858.SH,15.98,13.08
20260921,603859.SH,42.52,34.79
20260921,603860.SH,27.68,22.64
20260921,603861.SH,12.33,10.09
20260921,603863.SH,13.57,11.11
20260921,603866.SH,4.58,3.74
20260921,603867.SH,35.75,29.25
20260921,603868.SH,34.84,28.5
20260921,603869.SH,9.34,7.64
20260921,603871.SH,13.52,11.06
20260921,603876.SH,20.86,17.06
20260921,603877.SH,12.93,10.58
20260921,603878.SH,5.36,4.38
20260921,603879.SH,5.43,4.45
20260921,603880.SH,9.77,7.99
20260921,603881.SH,26.6,21.76
20260921,603882.SH,30.81,25.21
20260921,603883.SH,13.86,11.34
20260921,603885.SH,11.11,9.09
20260921,603886.SH,13.32,10.9
20260921,603887.SH,9.78,8.0
20260921,603888.SH,20.32,16.62
20260921,603889.SH,6.78,5.54
20260921,603890.SH,19.15,15.67
20260921,603893.SH,209.04,171.04
20260921,603895.SH,28.23,23.09
20260921,603896.SH,15.52,12.7
20260921,603897.SH,33.74,27.6
20260921,603898.SH,11.98,9.8
20260921,603899.SH,23.91,19.57
20260921,603900.SH,7.5,6.14
20260921,603901.SH,10.21,8.35
20260921,603903.SH,15.33,12.55
20260921,603906.SH,20.12,16.46
20260921,603908.SH,20.3,16.61
20260921,603909.SH,10.57,8.65
20260921,603912.SH,9.57,7.83
20260921,603915.SH,14.38,11.76
20260921,603916.SH,11.91,9.75
20260921,603917.SH,15.04,12.3
20260921,603918.SH,11.79,9.65
20260921,603919.SH,17.84,14.6
20260921,603920.SH,47.96,39.24
20260921,603922.SH,14.16,11.58
20260921,603926.SH,18.89,15.45
20260921,603927.SH,14.95,12.23
20260921,603928.SH,13.39,10.95
20260921,603929.SH,180.05,147.31
20260921,603931.SH,39.69,32.47
20260921,603933.SH,21.36,17.48
20260921,603936.SH,23.47,19.21
20260921,603937.SH,12.73,10.41
20260921,603938.SH,55.36,45.3
20260921,603939.SH,25.06,20.5
20260921,603948.SH,21.55,17.63
20260921,603949.SH,15.26,12.48
20260921,603950.SH,66.67,54.55
20260921,603955.SH,25.62,20.96
20260921,603956.SH,7.78,6.36
20260921,603958.SH,18.37,15.03
20260921,603959.SH,4.91,4.01
20260921,603960.SH,18.83,15.41
20260921,603966.SH,8.05,6.59
20260921,603967.SH,12.84,10.5
20260921,603968.SH,11.34,9.28
20260921,603969.SH,8.38,6.86
20260921,603970.SH,12.0,9.82
20260921,603976.SH,33.32,27.26
20260921,603977.SH,12.49,10.22
20260921,603978.SH,25.1,20.54
20260921,603979.SH,80.66,66.0
20260921,603980.SH,9.7,7.94
20260921,603982.SH,6.83,5.59
20260921,603983.SH,32.26,26.4
20260921,603985.SH,18.7,15.3
20260921,603986.SH,427.0,349.36
20260921,603987.SH,8.09,6.62
20260921,603988.SH,20.2,16.52
20260921,603989.SH,38.26,31.3
20260921,603990.SH,22.32,18.26
20260921,603991.SH,197.8,161.84
20260921,603992.SH,22.03,18.03
20260921,603993.SH,19.26,15.76
20260921,603995.SH,28.64,23.44
20260921,603997.SH,13.83,11.31
20260921,603998.SH,11.43,9.35
20260921,603999.SH,7.21,5.9
20260921,605001.SH,6.24,5.1
20260921,605003.SH,26.42,21.62
20260921,605005.SH,18.0,14.72
20260921,605006.SH,18.58,15.2
20260921,605007.SH,16.61,13.59
20260921,605008.SH,15.8,12.92
20260921,605009.SH,27.18,22.24
20260921,605011.SH,20.04,16.4
20260921,605016.SH,22.72,18.59
20260921,605018.SH,12.67,10.37
20260921,605020.SH,35.44,29.0
20260921,605028.SH,26.68,21.83
20260921,605033.SH,20.33,16.63
20260921,605050.SH,11.18,9.14
20260921,605055.SH,9.85,8.06
20260921,605056.SH,14.83,12.13
20260921,605058.SH,52.14,42.66
20260921,605060.SH,43.56,35.64
20260921,605066.SH,7.43,6.08
20260921,605068.SH,21.35,17.47
20260921,605069.SH,13.6,11.12
20260921,605077.SH,12.54,10.26
20260921,605080.SH,24.98,20.44
20260921,605086.SH,26.11,21.37
20260921,605088.SH,26.62,21.78
20260921,605089.SH,22.5,18.41
20260921,605090.SH,35.94,29.4
20260921,605098.SH,59.08,48.34
20260921,605099.SH,31.57,25.83
20260921,605100.SH,37.19,30.43
20260921,605108.SH,13.08,10.7
20260921,605111.SH,69.14,56.57
20260921,605116.SH,21.74,17.78
20260921,605117.SH,93.09,76.17
20260921,605118.SH,36.39,29.77
20260921,605122.SH,12.61,10.31
20260921,605123.SH,88.35,72.29
20260921,605128.SH,24.96,20.42
20260921,605133.SH,26.8,21.92
20260921,605136.SH,9.32,7.62
20260921,605138.SH,6.55,5.36
20260921,605151.SH,20.03,16.39
20260921,605155.SH,15.79,12.92
20260921,605158.SH,8.48,6.94
20260921,605162.SH,13.59,11.12
20260921,605166.SH,9.1,7.44
20260921,605167.SH,18.47,15.11
20260921,605168.SH,58.45,47.83
20260921,605169.SH,14.08,11.52
20260921,605177.SH,27.16,22.22
20260921,605178.SH,75.87,62.07
20260921,605179.SH,28.25,23.11
20260921,605180.SH,14.59,11.93
20260921,605183.SH,17.69,14.47
20260921,605186.SH,28.04,22.94
20260921,605188.SH,14.43,11.81
20260921,605189.SH,15.46,12.65
20260921,605196.SH,34.62,28.32
20260921,605198.SH,94.47,77.29
20260921,605199.SH,6.35,5.19
20260921,605208.SH,16.1,13.18
20260921,605218.SH,15.6,12.76
20260921,605222.SH,24.63,20.15
20260921,605228.SH,11.73,9.59
20260921,605255.SH,67.4,55.14
20260921,605258.SH,41.2,33.71
20260921,605259.SH,19.06,15.6
20260921,605266.SH,16.79,13.73
20260921,605268.SH,10.59,8.67
20260921,605277.SH,19.43,15.89
20260921,605286.SH,27.5,22.5
20260921,605287.SH,39.27,32.13
20260921,605288.SH,76.09,62.25
20260921,605289.SH,115.63,94.61
20260921,605296.SH,36.16,29.58
20260921,605298.SH,48.62,39.78
20260921,605299.SH,13.64,11.16
20260921,605300.SH,10.96,8.96
20260921,605303.SH,26.05,21.31
20260921,605305.SH,34.66,28.36
20260921,605318.SH,86.98,71.16
20260921,605319.SH,24.83,20.31
20260921,605333.SH,18.02,14.74
20260921,605336.SH,12.4,10.14
20260921,605337.SH,9.79,8.01
20260921,605338.SH,19.15,15.67
20260921,605339.SH,14.1,11.54
20260921,605358.SH,51.15,41.85
20260921,605365.SH,15.47,12.65
20260921,605366.SH,9.3,7.61
20260921,605368.SH,7.32,5.99
20260921,605369.SH,18.29,14.97
20260921,605376.SH,153.03,125.21
20260921,605377.SH,8.91,7.29
20260921,605378.SH,16.31,13.35
20260921,605388.SH,6.44,5.27
20260921,605389.SH,73.25,59.93
20260921,605398.SH,22.45,18.37
20260921,605399.SH,12.43,10.17
20260921,605488.SH,33.11,27.09
20260921,605499.SH,122.69,100.39
20260921,605500.SH,8.11,6.63
20260921,605507.SH,19.99,16.35
20260921,605555.SH,13.74,11.24
20260921,605566.SH,30.44,24.9
20260921,605567.SH,9.93,8.13
20260921,605577.SH,17.29,14.15
20260921,605580.SH,24.97,20.43
20260921,605588.SH,51.81,42.39
20260921,605589.SH,45.2,36.98
20260921,605598.SH,27.51,22.51
20260921,605599.SH,15.65,12.81
20260921,688001.SH,90.44,60.3
20260921,688002.SH,224.16,149.44
20260921,688003.SH,100.44,66.96
20260921,688004.SH,42.32,28.22
20260921,688005.SH,28.87,19.25
20260921,688006.SH,25.13,16.75
20260921,688007.SH,12.43,8.29
20260921,688008.SH,243.04,162.02
20260921,688009.SH,5.6,3.74
20260921,688010.SH,33.36,22.24
20260921,688011.SH,94.8,63.2
20260921,688012.SH,425.9,283.94
20260921,688013.SH,26.92,17.94
20260921,688015.SH,19.31,12.87
20260921,688016.SH,101.71,67.81
20260921,688017.SH,353.06,235.38
20260921,688018.SH,134.53,89.69
20260921,688019.SH,281.76,187.84
20260921,688020.SH,180.24,120.16
20260921,688021.SH,23.12,15.42
20260921,688022.SH,10.51,7.01
20260921,688023.SH,52.82,35.22
20260921,688025.SH,531.07,354.05
20260921,688026.SH,25.22,16.82
20260921,688027.SH,430.8,287.2
20260921,688028.SH,152.54,101.7
20260921,688029.SH,96.94,64.62
20260921,688030.SH,21.48,14.32
20260921,688031.SH,134.22,89.48
20260921,688032.SH,83.53,55.69
20260921,688033.SH,8.78,5.86
20260921,688035.SH,94.19,62.79
20260921,688036.SH,63.32,42.22
20260921,688037.SH,436.78,291.18
20260921,688038.SH,22.69,15.13
20260921,688039.SH,40.26,26.84
20260921,688041.SH,289.66,193.1
20260921,688045.SH,72.42,48.28
20260921,688046.SH,42.34,28.22
20260921,688047.SH,123.73,82.49
20260921,688048.SH,410.4,273.6
20260921,688049.SH,50.16,33.44
20260921,688050.SH,45.22,30.14
20260921,688051.SH,28.76,19.18
20260921,688052.SH,300.56,200.38
20260921,688053.SH,48.28,32.18
20260921,688055.SH,4.48,2.98
20260921,688056.SH,50.75,33.83
20260921,688057.SH,19.49,12.99
20260921,688058.SH,29.08,19.38
20260921,688059.SH,105.84,70.56
20260921,688060.SH,43.22,28.82
20260921,688061.SH,54.44,36.3
20260921,688062.SH,31.94,21.3
20260921,688063.SH,50.03,33.35
20260921,688065.SH,45.59,30.39
20260921,688066.SH,11.16,7.44
20260921,688067.SH,27.19,18.13
20260921,688068.SH,105.91,70.61
20260921,688069.SH,44.05,29.37
20260921,688070.SH,39.67,26.45
20260921,688071.SH,40.31,26.87
20260921,688072.SH,864.07,576.05
20260921,688073.SH,81.79,54.53
20260921,688075.SH,34.79,23.19
20260921,688076.SH,34.57,23.05
20260921,688077.SH,32.28,21.52
20260921,688078.SH,34.75,23.17
20260921,688079.SH,20.21,13.47
20260921,688080.SH,44.75,29.83
20260921,688081.SH,31.81,21.21
20260921,688082.SH,351.32,234.22
20260921,688083.SH,61.42,40.94
20260921,688084.SH,52.08,34.72
20260921,688085.SH,14.96,9.98
20260921,688087.SH,39.91,26.61
20260921,688088.SH,35.59,23.73
20260921,688089.SH,10.16,6.78
20260921,688090.SH,103.93,69.29
20260921,688091.SH,47.8,31.86
20260921,688092.SH,25.6,17.06
20260921,688093.SH,27.23,18.15
20260921,688095.SH,69.02,46.02
20260921,688096.SH,9.11,6.07
20260921,688097.SH,55.82,37.22
20260921,688098.SH,10.01,6.67
20260921,688099.SH,106.2,70.8
20260921,688100.SH,29.6,19.74
20260921,688101.SH,17.42,11.62
20260921,688102.SH,37.8,25.2
20260921,688103.SH,94.9,63.26
20260921,688105.SH,26.15,17.43
20260921,688106.SH,33.42,22.28
20260921,688107.SH,36.42,24.28
20260921,688108.SH,18.76,12.5
20260921,688109.SH,89.4,59.6
20260921,688110.SH,146.83,97.89
20260921,688111.SH,268.33,178.89
20260921,688112.SH,91.79,61.19
20260921,688113.SH,41.77,27.85
20260921,688114.SH,86.36,57.58
20260921,688115.SH,78.18,52.12
20260921,688116.SH,40.98,27.32
20260921,688117.SH,28.86,19.24
20260921,688118.SH,23.24,15.5
20260921,688119.SH,4.57,3.05
20260921,688120.SH,316.12,210.74
20260921,688121.SH,1.38,0.92
20260921,688122.SH,60.05,40.03
20260921,688123.SH,175.2,116.8
20260921,688125.SH,148.07,98.71
20260921,688126.SH,29.29,19.53
20260921,688127.SH,84.59,56.39
20260921,688128.SH,26.33,17.55
20260921,688129.SH,26.04,17.36
20260921,688130.SH,30.96,20.64
20260921,688131.SH,118.44,78.96
20260921,688132.SH,19.82,13.22
20260921,688133.SH,24.7,16.46
20260921,688135.SH,50.03,33.35
20260921,688136.SH,25.19,16.79
20260921,688137.SH,118.84,79.22
20260921,688138.SH,45.53,30.35
20260921,688139.SH,37.63,25.09
20260921,688141.SH,135.8,90.54
20260921,688143.SH,234.62,156.42
20260921,688146.SH,287.04,191.36
20260921,688147.SH,146.4,97.6
20260921,688148.SH,7.2,4.8
20260921,688150.SH,51.84,34.56
20260921,688151.SH,20.03,13.35
20260921,688152.SH,43.34,28.9
20260921,688153.SH,30.8,20.54
20260921,688155.SH,65.77,43.85
20260921,688156.SH,26.7,17.8
20260921,688157.SH,22.55,15.03
20260921,688158.SH,35.65,23.77
20260921,688159.SH,43.84,29.22
20260921,688160.SH,117.18,78.12
20260921,688161.SH,25.61,17.07
20260921,688162.SH,29.22,19.48
20260921,688163.SH,43.27,28.85
20260921,688165.SH,17.9,11.94
20260921,688166.SH,42.04,28.02
20260921,688167.SH,373.94,249.3
20260921,688168.SH,53.52,35.68
20260921,688169.SH,142.32,94.88
20260921,688170.SH,84.38,56.26
20260921,688171.SH,28.12,18.74
20260921,688172.SH,56.29,37.53
20260921,688173.SH,15.71,10.47
20260921,688175.SH,26.09,17.39
20260921,688176.SH,15.24,10.16
20260921,688177.SH,20.64,13.76
20260921,688178.SH,35.41,23.61
20260921,688179.SH,24.53,16.35
20260921,688180.SH,40.0,26.66
20260921,688181.SH,54.54,36.36
20260921,688182.SH,34.98,23.32
20260921,688183.SH,145.44,96.96
20260921,688184.SH,12.9,8.6
20260921,688185.SH,81.66,54.44
20260921,688186.SH,16.94,11.3
20260921,688187.SH,54.88,36.58
20260921,688188.SH,114.44,76.3
20260921,688189.SH,7.78,5.18
20260921,688190.SH,86.39,57.59
20260921,688191.SH,25.58,17.06
20260921,688192.SH,68.94,45.96
20260921,688193.SH,54.66,36.44
20260921,688195.SH,239.38,159.58
20260921,688196.SH,39.89,26.59
20260921,688197.SH,42.35,28.23
20260921,688198.SH,87.13,58.09
20260921,688199.SH,30.1,20.06
20260921,688200.SH,489.52,326.34
20260921,688201.SH,9.11,6.07
20260921,688202.SH,127.44,84.96
20260921,688203.SH,21.2,14.14
20260921,688205.SH,263.82,175.88
20260921,688206.SH,47.33,31.55
20260921,688207.SH,23.94,15.96
20260921,688208.SH,29.86,19.9
20260921,688209.SH,44.8,29.86
20260921,688210.SH,34.02,22.68
20260921,688211.SH,37.87,25.25
20260921,688212.SH,33.12,22.08
20260921,688213.SH,113.1,75.4
20260921,688215.SH,57.6,38.4
20260921,688216.SH,46.55,31.03
20260921,688217.SH,28.66,19.1
20260921,688218.SH,49.48,32.98
20260921,688219.SH,12.18,8.12
20260921,688220.SH,120.37,80.25
20260921,688221.SH,19.73,13.15
20260921,688222.SH,47.96,31.98
20260921,688223.SH,4.66,3.1
20260921,688225.SH,16.19,10.79
20260921,688226.SH,34.66,23.1
20260921,688227.SH,93.13,62.09
20260921,688228.SH,95.88,63.92
20260921,688229.SH,73.6,49.06
20260921,688230.SH,73.49,48.99
20260921,688231.SH,38.11,25.41
20260921,688232.SH,20.94,13.96
20260921,688233.SH,124.58,83.06
20260921,688234.SH,128.76,85.84
20260921,688235.SH,307.2,204.8
20260921,688236.SH,16.58,11.06
20260921,688237.SH,70.19,46.79
20260921,688238.SH,8.38,5.58
20260921,688239.SH,68.04,45.36
20260921,688244.SH,19.08,12.72
20260921,688246.SH,19.61,13.07
20260921,688247.SH,11.1,7.4
20260921,688248.SH,66.29,44.19
20260921,688249.SH,44.1,29.4
20260921,688251.SH,22.13,14.75
20260921,688252.SH,25.73,17.15
20260921,688253.SH,68.09,45.39
20260921,688255.SH,31.04,20.7
20260921,688256.SH,1335.77,890.51
20260921,688257.SH,69.84,46.56
20260921,688258.SH,108.48,72.32
20260921,688259.SH,38.3,25.54
20260921,688260.SH,146.99,97.99
20260921,688261.SH,97.64,65.1
20260921,688262.SH,33.91,22.61
20260921,688265.SH,53.74,35.82
20260921,688266.SH,134.16,89.44
20260921,688267.SH,26.18,17.46
20260921,688268.SH,165.85,110.57
20260921,688269.SH,32.29,21.53
20260921,688270.SH,68.9,45.94
20260921,688271.SH,121.2,80.8
20260921,688272.SH,33.38,22.26
20260921,688273.SH,34.5,23.0
20260921,688275.SH,85.56,57.04
20260921,688276.SH,20.16,13.44
20260921,688277.SH,17.95,11.97
20260921,688278.SH,61.8,41.2
20260921,688279.SH,251.32,167.54
20260921,688280.SH,6.01,4.01
20260921,688281.SH,61.2,40.8
20260921,688282.SH,64.32,42.88
20260921,688283.SH,32.8,21.86
20260921,688285.SH,8.96,5.98
20260921,688286.SH,58.94,39.3
20260921,688288.SH,21.59,14.39
20260921,688289.SH,19.25,12.83
20260921,688290.SH,77.16,51.44
20260921,688291.SH,47.04,31.36
20260921,688292.SH,27.62,18.42
20260921,688293.SH,84.84,56.56
20260921,688295.SH,46.46,30.98
20260921,688296.SH,31.87,21.25
20260921,688297.SH,51.89,34.59
20260921,688298.SH,21.47,14.31
20260921,688299.SH,15.74,10.5
20260921,688300.SH,212.16,141.44
20260921,688301.SH,109.5,73.0
20260921,688302.SH,37.19,24.79
20260921,688303.SH,19.61,13.07
20260921,688305.SH,69.56,46.38
20260921,688306.SH,10.85,7.23
20260921,688307.SH,58.44,38.96
20260921,688308.SH,105.78,70.52
20260921,688309.SH,93.5,62.34
20260921,688310.SH,18.56,12.38
20260921,688311.SH,28.2,18.8
20260921,688312.SH,61.92,41.28
20260921,688313.SH,204.46,136.3
20260921,688314.SH,36.25,24.17
20260921,688315.SH,18.18,12.12
20260921,688316.SH,55.26,36.84
20260921,688317.SH,19.78,13.18
20260921,688318.SH,96.62,64.42
20260921,688319.SH,33.24,22.16
20260921,688320.SH,40.32,26.88
20260921,688321.SH,30.02,20.02
20260921,688322.SH,110.86,73.9
20260921,688323.SH,31.92,21.28
20260921,688325.SH,130.91,87.27
20260921,688326.SH,70.13,46.75
20260921,688327.SH,11.99,7.99
20260921,688328.SH,102.0,68.0
20260921,688329.SH,26.17,17.45
20260921,688330.SH,43.63,29.09
20260921,688331.SH,137.81,91.87
20260921,688332.SH,114.05,76.03
20260921,688333.SH,128.72,85.82
20260921,688334.SH,21.48,14.32
20260921,688335.SH,21.82,14.54
20260921,688336.SH,48.58,32.38
20260921,688337.SH,52.91,35.27
20260921,688338.SH,35.5,23.66
20260921,688339.SH,20.23,13.49
20260921,688343.SH,78.72,52.48
20260921,688345.SH,60.47,40.31
20260921,688347.SH,280.8,187.2
20260921,688348.SH,36.19,24.13
20260921,688349.SH,15.77,10.51
20260921,688350.SH,32.93,21.95
20260921,688351.SH,21.36,14.24
20260921,688352.SH,23.36,15.58
20260921,688353.SH,100.96,67.3
20260921,688355.SH,19.8,13.2
20260921,688356.SH,102.61,68.41
20260921,688357.SH,30.62,20.42
20260921,688358.SH,33.32,22.22
20260921,688359.SH,129.44,86.3
20260921,688360.SH,18.0,12.0
20260921,688361.SH,463.63,309.09
20260921,688362.SH,77.75,51.83
20260921,688363.SH,41.34,27.56
20260921,688365.SH,17.09,11.39
20260921,688366.SH,34.64,23.1
20260921,688367.SH,36.12,24.08
20260921,688368.SH,178.8,119.2
20260921,688369.SH,22.78,15.18
20260921,688370.SH,30.8,20.54
20260921,688371.SH,31.52,21.02
20260921,688372.SH,144.6,96.4
20260921,688373.SH,6.5,4.34
20260921,688375.SH,86.27,57.51
20260921,688376.SH,79.92,53.28
20260921,688377.SH,20.44,13.62
20260921,688378.SH,62.04,41.36
20260921,688379.SH,67.2,44.8
20260921,688380.SH,49.6,33.06
20260921,688381.SH,50.63,33.75
20260921,688382.SH,22.46,14.98
20260921,688383.SH,170.76,113.84
20260921,688385.SH,71.51,47.67
20260921,688386.SH,56.42,37.62
20260921,688387.SH,15.24,10.16
20260921,688388.SH,37.06,24.7
20260921,688389.SH,12.94,8.62
20260921,688390.SH,72.41,48.27
20260921,688391.SH,31.61,21.07
20260921,688392.SH,211.44,140.96
20260921,688393.SH,23.66,15.78
20260921,688395.SH,28.87,19.25
20260921,688396.SH,72.95,48.63
20260921,688398.SH,28.58,19.06
20260921,688399.SH,30.26,20.18
20260921,688400.SH,56.75,37.83
20260921,688401.SH,84.31,56.21
20260921,688403.SH,31.67,21.11
20260921,688408.SH,27.13,18.09
20260921,688409.SH,241.08,160.72
20260921,688410.SH,11.44,7.62
20260921,688411.SH,204.94,136.62
20260921,688416.SH,97.36,64.9
20260921,688418.SH,39.35,26.23
20260921,688419.SH,63.7,42.46
20260921,688420.SH,25.66,17.1
20260921,688425.SH,4.75,3.17
20260921,688426.SH,25.54,17.02
20260921,688428.SH,34.03,22.69
20260921,688429.SH,11.5,7.66
20260921,688432.SH,68.18,45.46
20260921,688433.SH,113.17,75.45
20260921,688435.SH,35.65,23.77
20260921,688439.SH,45.23,30.15
20260921,688443.SH,27.48,18.32
20260921,688448.SH,85.33,56.89
20260921,688449.SH,78.24,52.16
20260921,688450.SH,39.13,26.09
20260921,688455.SH,20.28,13.52
20260921,688456.SH,91.62,61.08
20260921,688458.SH,45.86,30.58
20260921,688459.SH,9.78,6.52
20260921,688466.SH,16.15,10.77
20260921,688468.SH,7.48,4.98
20260921,688469.SH,10.46,6.98
20260921,688472.SH,10.32,6.88
20260921,688475.SH,33.61,22.41
20260921,688478.SH,57.73,38.49
20260921,688479.SH,41.28,27.52
20260921,688480.SH,83.52,55.68
20260921,688484.SH,41.92,27.94
20260921,688485.SH,135.6,90.4
20260921,688486.SH,54.65,36.43
20260921,688488.SH,18.41,12.27
20260921,688489.SH,29.12,19.42
20260921,688496.SH,0.7,0.46
20260921,688498.SH,2202.0,1468.0
20260921,688499.SH,42.96,28.64
20260921,688500.SH,38.46,25.64
20260921,688501.SH,18.48,12.32
20260921,688502.SH,543.61,362.41
20260921,688503.SH,94.98,63.32
20260921,688505.SH,9.28,6.18
20260921,688506.SH,298.75,199.17
20260921,688507.SH,174.41,116.27
20260921,688508.SH,110.3,73.54
20260921,688509.SH,4.92,3.28
20260921,688510.SH,29.41,19.61
20260921,688511.SH,27.94,18.62
20260921,688512.SH,17.02,11.34
20260921,688513.SH,58.25,38.83
20260921,688515.SH,183.86,122.58
20260921,688516.SH,54.07,36.05
20260921,688517.SH,19.1,12.74
20260921,688518.SH,25.51,17.01
20260921,688519.SH,379.57,253.05
20260921,688520.SH,40.45,26.97
20260921,688521.SH,246.22,164.14
20260921,688522.SH,21.72,14.48
20260921,688523.SH,50.0,33.34
20260921,688525.SH,260.26,173.5
20260921,688526.SH,14.84,9.9
20260921,688528.SH,11.87,7.91
20260921,688529.SH,17.28,11.52
20260921,688530.SH,75.8,50.54
20260921,688531.SH,176.36,117.58
20260921,688533.SH,23.3,15.54
20260921,688535.SH,134.76,89.84
20260921,688536.SH,423.84,282.56
20260921,688538.SH,2.47,1.65
20260921,688539.SH,29.44,19.62
20260921,688543.SH,52.2,34.8
20260921,688545.SH,98.18,65.46
20260921,688548.SH,39.48,26.32
20260921,688549.SH,29.23,19.49
20260921,688550.SH,45.82,30.54
20260921,688551.SH,48.54,32.36
20260921,688552.SH,37.13,24.75
20260921,688553.SH,13.31,8.87
20260921,688556.SH,9.36,6.24
20260921,688557.SH,23.7,15.8
20260921,688558.SH,40.26,26.84
20260921,688559.SH,71.42,47.62
20260921,688560.SH,14.78,9.86
20260921,688561.SH,33.34,22.22
20260921,688562.SH,17.14,11.42
20260921,688563.SH,66.48,44.32
20260921,688565.SH,13.32,8.88
20260921,688566.SH,31.44,20.96
20260921,688567.SH,10.9,7.26
20260921,688568.SH,37.48,24.98
20260921,688569.SH,22.1,14.74
20260921,688570.SH,17.5,11.66
20260921,688571.SH,9.88,6.58
20260921,688573.SH,18.53,12.35
20260921,688575.SH,11.69,7.79
20260921,688576.SH,46.56,31.04
20260921,688577.SH,48.91,32.61
20260921,688578.SH,120.49,80.33
20260921,688579.SH,9.25,6.17
20260921,688580.SH,51.3,34.2
20260921,688581.SH,66.16,44.1
20260921,688582.SH,47.4,31.6
20260921,688583.SH,96.61,64.41
20260921,688584.SH,33.96,22.64
20260921,688585.SH,185.04,123.36
20260921,688586.SH,13.32,8.88
20260921,688588.SH,10.54,7.02
20260921,688589.SH,24.78,16.52
20260921,688590.SH,13.92,9.28
20260921,688591.SH,36.23,24.15
20260921,688592.SH,27.58,18.38
20260921,688593.SH,37.36,24.9
20260921,688595.SH,36.64,24.42
20260921,688596.SH,81.6,54.4
20260921,688597.SH,7.42,4.94
20260921,688598.SH,42.08,28.06
20260921,688599.SH,13.48,8.98
20260921,688600.SH,44.52,29.68
20260921,688601.SH,74.03,49.35
20260921,688602.SH,8.22,5.48
20260921,688603.SH,149.24,99.5
20260921,688605.SH,108.07,72.05
20260921,688606.SH,55.12,36.74
20260921,688607.SH,47.68,31.78
20260921,688608.SH,123.9,82.6
20260921,688609.SH,11.46,7.64
20260921,688610.SH,204.35,136.23
20260921,688611.SH,83.52,55.68
20260921,688612.SH,43.8,29.2
20260921,688613.SH,21.62,14.42
20260921,688615.SH,104.64,69.76
20260921,688616.SH,12.66,8.44
20260921,688617.SH,288.0,192.0
20260921,688618.SH,35.36,23.58
20260921,688619.SH,17.88,11.92
20260921,688620.SH,21.59,14.39
20260921,688621.SH,87.98,58.66
20260921,688622.SH,156.29,104.19
20260921,688623.SH,69.26,46.18
20260921,688625.SH,84.84,56.56
20260921,688626.SH,47.62,31.74
20260921,688627.SH,603.6,402.4
20260921,688628.SH,96.49,64.33
20260921,688629.SH,160.0,106.66
20260921,688630.SH,527.8,351.86
20260921,688631.SH,44.9,29.94
20260921,688633.SH,26.84,17.9
20260921,688635.SH,354.04,236.02
20260921,688636.SH,24.91,16.61
20260921,688638.SH,38.96,25.98
20260921,688639.SH,20.45,13.63
20260921,688646.SH,95.78,63.86
20260921,688648.SH,35.04,23.36
20260921,688651.SH,27.91,18.61
20260921,688652.SH,182.9,121.94
20260921,688653.SH,18.06,12.04
20260921,688655.SH,78.01,52.01
20260921,688656.SH,136.32,90.88
20260921,688657.SH,39.29,26.19
20260921,688658.SH,15.41,10.27
20260921,688659.SH,10.75,7.17
20260921,688660.SH,11.28,7.52
20260921,688661.SH,131.72,87.82
20260921,688662.SH,115.08,76.72
20260921,688663.SH,67.44,44.96
20260921,688665.SH,53.3,35.54
20260921,688667.SH,118.31,78.87
20260921,688668.SH,323.52,215.68
20260921,688669.SH,82.56,55.04
20260921,688670.SH,21.14,14.1
20260921,688671.SH,29.89,19.93
20260921,688676.SH,78.43,52.29
20260921,688677.SH,98.4,65.6
20260921,688678.SH,29.62,19.74
20260921,688679.SH,51.08,34.06
20260921,688680.SH,40.8,27.2
20260921,688681.SH,17.95,11.97
20260921,688682.SH,36.42,24.28
20260921,688683.SH,38.18,25.46
20260921,688685.SH,43.2,28.8
20260921,688686.SH,172.56,115.04
20260921,688687.SH,20.66,13.78
20260921,688689.SH,49.14,32.76
20260921,688690.SH,56.64,37.76
20260921,688691.SH,78.04,52.02
20260921,688692.SH,243.96,162.64
20260921,688693.SH,95.32,63.54
20260921,688695.SH,22.5,15.0
20260921,688696.SH,100.61,67.07
20260921,688697.SH,18.12,12.08
20260921,688698.SH,51.96,34.64
20260921,688699.SH,82.26,54.84
20260921,688700.SH,78.22,52.14
20260921,688701.SH,10.33,6.89
20260921,688702.SH,401.76,267.84
20260921,688707.SH,12.3,8.2
20260921,688708.SH,48.18,32.12
20260921,688709.SH,30.02,20.02
20260921,688710.SH,113.9,75.94
20260921,688711.SH,35.18,23.46
20260921,688712.SH,37.28,24.86
20260921,688716.SH,31.04,20.7
20260921,688717.SH,52.94,35.3
20260921,688718.SH,16.93,11.29
20260921,688719.SH,67.2,44.8
20260921,688720.SH,81.22,54.14
20260921,688721.SH,49.54,33.02
20260921,688722.SH,16.91,11.27
20260921,688726.SH,55.86,37.24
20260921,688727.SH,59.03,39.35
20260921,688728.SH,17.9,11.94
20260921,688729.SH,29.88,19.92
20260921,688733.SH,35.41,23.61
20260921,688737.SH,20.38,13.58
20260921,688739.SH,24.17,16.11
20260921,688750.SH,16.99,11.33
20260921,688755.SH,33.36,22.24
20260921,688757.SH,37.69,25.13
20260921,688758.SH,39.36,26.24
20260921,688759.SH,26.94,17.96
20260921,688765.SH,45.3,30.2
20260921,688766.SH,516.0,344.0
20260921,688767.SH,49.13,32.75
20260921,688768.SH,49.38,32.92
20260921,688772.SH,16.42,10.94
20260921,688775.SH,116.7,77.8
20260921,688776.SH,55.73,37.15
20260921,688777.SH,105.6,70.4
20260921,688778.SH,54.26,36.18
20260921,688779.SH,9.29,6.19
20260921,688781.SH,47.59,31.73
20260921,688783.SH,35.35,23.57
20260921,688785.SH,450.02,300.02
20260921,688786.SH,34.61,23.07
20260921,688787.SH,109.92,73.28
20260921,688788.SH,35.16,23.44
20260921,688789.SH,51.02,34.02
20260921,688790.SH,123.54,82.36
20260921,688793.SH,20.94,13.96
20260921,688795.SH,492.0,328.0
20260921,688796.SH,161.12,107.42
20260921,688797.SH,356.4,237.6
20260921,688798.SH,66.73,44.49
20260921,688799.SH,67.32,44.88
20260921,688800.SH,83.18,55.46
20260921,688801.SH,620.56,413.7
20260921,688802.SH,665.8,443.86
20260921,688805.SH,48.1,32.06
20260921,688806.SH,27.24,18.16
20260921,688807.SH,443.88,295.92
20260921,688808.SH,2961.6,1974.4
20260921,688809.SH,639.36,426.24
20260921,688811.SH,25.24,16.82
20260921,688813.SH,167.32,111.54
20260921,688816.SH,57.83,38.55
20260921,688818.SH,51.72,34.48
20260921,688819.SH,24.84,16.56
20260921,688820.SH,171.44,114.3
20260921,688825.SH,66.65,44.43
20260921,688826.SH,1020.61,680.41
20260921,688828.SH,115.32,76.88
20260921,688835.SH,414.01,276.01
20260921,688836.SH,617.98,411.98
20260921,688837.SH,99999.999,0.01
20260921,688981.SH,146.4,97.6
20260921,689009.SH,45.6,30.4
20260921,900901.BJ,0.704,0.576
20260921,900902.BJ,0.178,0.146
20260921,900903.BJ,0.201,0.165
20260921,900904.BJ,0.486,0.398
20260921,900905.BJ,2.977,2.435
20260921,900906.BJ,0.215,0.176
20260921,900908.BJ,0.666,0.545
20260921,900909.BJ,0.551,0.451
20260921,900910.BJ,0.692,0.566
20260921,900911.BJ,0.755,0.617
20260921,900912.BJ,0.697,0.571
20260921,900913.BJ,0.231,0.189
20260921,900914.BJ,0.464,0.38
20260921,900915.BJ,0.305,0.249
20260921,900916.BJ,0.605,0.495
20260921,900917.BJ,0.278,0.228
20260921,900918.BJ,0.347,0.284
20260921,900920.BJ,0.301,0.247
20260921,900921.BJ,0.216,0.176
20260921,900922.BJ,0.702,0.574
20260921,900923.BJ,0.614,0.502
20260921,900924.BJ,0.32,0.262
20260921,900925.BJ,1.377,1.127
20260921,900926.BJ,0.935,0.765
20260921,900927.BJ,0.36,0.294
20260921,900928.BJ,0.614,0.502
20260921,900929.BJ,1.002,0.82
20260921,900932.BJ,0.418,0.342
20260921,900934.BJ,1.639,1.341
20260921,900936.BJ,1.418,1.16
20260921,900937.BJ,0.222,0.182
20260921,900938.BJ,0.252,0.206
20260921,900939.BJ,0.471,0.385
20260921,900940.BJ,0.231,0.189
20260921,900941.BJ,0.545,0.446
20260921,900942.BJ,0.746,0.61
20260921,900943.BJ,0.469,0.383
20260921,900945.BJ,0.221,0.181
20260921,900946.BJ,0.216,0.176
20260921,900947.BJ,0.276,0.226
20260921,900948.BJ,3.732,3.054
20260921,920000.BJ,17.78,9.58
20260921,920001.BJ,15.21,8.19
20260921,920002.BJ,65.02,35.02
20260921,920003.BJ,19.83,10.69
20260921,920005.BJ,30.92,16.66
20260921,920006.BJ,23.29,12.55
20260921,920007.BJ,42.95,23.13
20260921,920008.BJ,28.39,15.29
20260921,920009.BJ,44.87,24.17
20260921,920010.BJ,11.47,6.19
20260921,920011.BJ,23.67,12.75
20260921,920012.BJ,64.94,34.98
20260921,920014.BJ,11.23,6.05
20260921,920015.BJ,49.45,26.63
20260921,920016.BJ,19.38,10.44
20260921,920017.BJ,20.37,10.97
20260921,920018.BJ,18.99,10.23
20260921,920019.BJ,19.82,10.68
20260921,920020.BJ,19.09,10.29
20260921,920021.BJ,10.5,5.66
20260921,920022.BJ,24.4,13.14
20260921,920023.BJ,1.83,0.99
20260921,920026.BJ,22.71,12.23
20260921,920027.BJ,14.93,8.05
20260921,920028.BJ,20.03,10.79
20260921,920029.BJ,41.67,22.45
20260921,920030.BJ,5.99,3.23
20260921,920033.BJ,17.48,9.42
20260921,920035.BJ,31.49,16.97
20260921,920036.BJ,42.08,22.66
20260921,920037.BJ,48.89,26.33
20260921,920038.BJ,50.18,27.02
20260921,920039.BJ,9.78,5.28
20260921,920045.BJ,742.28,399.7
20260921,920046.BJ,26.14,14.08
20260921,920047.BJ,19.33,10.41
20260921,920050.BJ,36.84,19.84
20260921,920055.BJ,33.55,18.07
20260921,920056.BJ,18.64,10.04
20260921,920057.BJ,6.11,3.29
20260921,920058.BJ,35.43,19.09
20260921,920059.BJ,16.73,9.01
20260921,920060.BJ,37.57,20.23
20260921,920061.BJ,22.2,11.96
20260921,920062.BJ,9.3,5.02
20260921,920065.BJ,50.33,27.11
20260921,920066.BJ,23.53,12.67
20260921,920068.BJ,20.3,10.94
20260921,920069.BJ,42.23,22.75
20260921,920071.BJ,35.38,19.06
20260921,920072.BJ,30.55,16.45
20260921,920075.BJ,21.28,11.46
20260921,920076.BJ,16.32,8.8
20260921,920077.BJ,17.03,9.17
20260921,920078.BJ,24.29,13.09
20260921,920079.BJ,16.92,9.12
20260921,920080.BJ,26.74,14.4
20260921,920081.BJ,54.97,29.61
20260921,920082.BJ,10.34,5.58
20260921,920083.BJ,49.86,26.86
20260921,920086.BJ,26.26,14.14
20260921,920087.BJ,20.83,11.23
20260921,920088.BJ,55.62,29.96
20260921,920089.BJ,12.8,6.9
20260921,920090.BJ,4.52,2.44
20260921,920091.BJ,36.76,19.8
20260921,920092.BJ,33.2,17.88
20260921,920093.BJ,25.37,13.67
20260921,920096.BJ,41.56,22.38
20260921,920098.BJ,24.02,12.94
20260921,920099.BJ,21.22,11.44
20260921,920100.BJ,38.18,20.56
20260921,920101.BJ,20.96,11.3
20260921,920106.BJ,44.12,23.76
20260921,920107.BJ,25.94,13.98
20260921,920108.BJ,11.15,6.01
20260921,920110.BJ,33.63,18.11
20260921,920111.BJ,34.74,18.72
20260921,920112.BJ,18.64,10.04
20260921,920116.BJ,56.22,30.28
20260921,920117.BJ,37.45,20.17
20260921,920118.BJ,27.17,14.63
20260921,920119.BJ,73.06,39.34
20260921,920121.BJ,35.64,19.2
20260921,920122.BJ,31.64,17.04
20260921,920123.BJ,13.84,7.46
20260921,920124.BJ,16.25,8.75
20260921,920125.BJ,191.51,103.13
20260921,920126.BJ,13.03,7.03
20260921,920128.BJ,25.57,13.77
20260921,920130.BJ,21.51,11.59
20260921,920132.BJ,12.19,6.57
20260921,920136.BJ,28.66,15.44
20260921,920138.BJ,45.87,24.71
20260921,920139.BJ,19.33,10.41
20260921,920145.BJ,13.13,7.07
20260921,920146.BJ,6.65,3.59
20260921,920149.BJ,11.05,5.95
20260921,920152.BJ,15.8,8.52
20260921,920156.BJ,47.16,25.4
20260921,920158.BJ,10.28,5.54
20260921,920159.BJ,38.67,20.83
20260921,920160.BJ,24.49,13.19
20260921,920161.BJ,27.72,14.94
20260921,920163.BJ,12.87,6.93
20260921,920165.BJ,46.28,24.92
20260921,920166.BJ,25.38,13.68
20260921,920167.BJ,17.57,9.47
20260921,920168.BJ,19.94,10.74
20260921,920169.BJ,26.48,14.26
20260921,920171.BJ,20.52,11.06
20260921,920174.BJ,40.19,21.65
20260921,920175.BJ,10.14,5.46
20260921,920176.BJ,89.28,48.08
20260921,920177.BJ,30.34,16.34
20260921,920178.BJ,121.75,65.57
20260921,920179.BJ,77.22,41.58
20260921,920180.BJ,15.08,8.12
20260921,920181.BJ,92.74,49.94
20260921,920183.BJ,38.48,20.72
20260921,920184.BJ,14.96,8.06
20260921,920185.BJ,25.76,13.88
20260921,920186.BJ,95.16,51.24
20260921,920187.BJ,22.2,11.96
20260921,920188.BJ,28.36,15.28
20260921,920189.BJ,27.32,14.72
20260921,920190.BJ,31.77,17.11
20260921,920191.BJ,11.4,6.14
20260921,920193.BJ,39.75,21.41
20260921,920195.BJ,16.31,8.79
20260921,920198.BJ,10.23,5.51
20260921,920199.BJ,31.6,17.02
20260921,920200.BJ,41.34,22.26
20260921,920204.BJ,17.48,9.42
20260921,920206.BJ,51.31,27.63
20260921,920207.BJ,27.75,14.95
20260921,920208.BJ,14.07,7.59
20260921,920211.BJ,123.9,66.72
20260921,920212.BJ,13.8,7.44
20260921,920218.BJ,19.64,10.58
20260921,920220.BJ,55.78,30.04
20260921,920221.BJ,16.0,8.62
20260921,920222.BJ,35.97,19.37
20260921,920223.BJ,17.48,9.42
20260921,920225.BJ,21.55,11.61
20260921,920227.BJ,61.99,33.39
20260921,920230.BJ,13.65,7.35
20260921,920237.BJ,14.52,7.82
20260921,920238.BJ,89.57,48.23
20260921,920239.BJ,26.2,14.12
20260921,920242.BJ,17.88,9.64
20260921,920245.BJ,17.71,9.55
20260921,920247.BJ,18.26,9.84
20260921,920249.BJ,11.72,6.32
20260921,920252.BJ,19.05,10.27
20260921,920258.BJ,13.92,7.5
20260921,920260.BJ,10.68,5.76
20260921,920261.BJ,17.26,9.3
20260921,920262.BJ,18.46,9.94
20260921,920263.BJ,8.46,4.56
20260921,920266.BJ,9.13,4.93
20260921,920267.BJ,20.78,11.2
20260921,920268.BJ,45.48,24.5
20260921,920269.BJ,45.99,24.77
20260921,920270.BJ,14.83,7.99
20260921,920271.BJ,11.6,6.26
20260921,920273.BJ,23.06,12.42
20260921,920274.BJ,19.86,10.7
20260921,920275.BJ,8.6,4.64
20260921,920278.BJ,8.19,4.41
20260921,920284.BJ,21.32,11.48
20260921,920288.BJ,24.5,13.2
20260921,920289.BJ,38.97,20.99
20260921,920298.BJ,117.62,63.34
20260921,920299.BJ,18.26,9.84
20260921,920300.BJ,12.53,6.75
20260921,920304.BJ,12.01,6.47
20260921,920339.BJ,13.5,7.28
20260921,920344.BJ,26.54,14.3
20260921,920346.BJ,19.17,10.33
20260921,920351.BJ,16.73,9.01
20260921,920357.BJ,19.92,10.74
20260921,920363.BJ,12.8,6.9
20260921,920367.BJ,33.24,17.9
20260921,920368.BJ,29.75,16.03
20260921,920370.BJ,3.78,2.04
20260921,920371.BJ,9.81,5.29
20260921,920374.BJ,19.56,10.54
20260921,920375.BJ,8.35,4.51
20260921,920378.BJ,8.99,4.85
20260921,920392.BJ,17.42,9.38
20260921,920394.BJ,65.68,35.38
20260921,920395.BJ,8.87,4.79
20260921,920396.BJ,24.08,12.98
20260921,920402.BJ,10.71,5.77
20260921,920403.BJ,26.52,14.28
20260921,920405.BJ,21.58,11.62
20260921,920407.BJ,13.92,7.5
20260921,920414.BJ,10.27,5.53
20260921,920415.BJ,11.49,6.19
20260921,920418.BJ,22.69,12.23
20260921,920419.BJ,14.11,7.61
20260921,920422.BJ,11.84,6.38
20260921,920425.BJ,18.26,9.84
20260921,920427.BJ,11.03,5.95
20260921,920429.BJ,13.33,7.19
20260921,920433.BJ,6.14,3.32
20260921,920436.BJ,14.09,7.59
20260921,920438.BJ,145.37,78.29
20260921,920445.BJ,9.38,5.06
20260921,920454.BJ,14.41,7.77
20260921,920455.BJ,8.54,4.6
20260921,920469.BJ,7.6,4.1
20260921,920471.BJ,15.0,8.08
20260921,920475.BJ,14.87,8.01
20260921,920476.BJ,30.42,16.38
20260921,920478.BJ,12.38,6.68
20260921,920489.BJ,16.36,8.82
20260921,920491.BJ,27.76,14.96
20260921,920493.BJ,142.74,76.86
20260921,920496.BJ,8.37,4.51
20260921,920504.BJ,23.6,12.72
20260921,920505.BJ,33.82,18.22
20260921,920508.BJ,19.03,10.25
20260921,920509.BJ,27.97,15.07
20260921,920510.BJ,26.2,14.12
20260921,920519.BJ,13.63,7.35
20260921,920522.BJ,22.42,12.08
20260921,920523.BJ,18.75,10.11
20260921,920526.BJ,25.36,13.66
20260921,920527.BJ,20.08,10.82
20260921,920533.BJ,21.26,11.46
20260921,920541.BJ,12.32,6.64
20260921,920547.BJ,24.07,12.97
20260921,920553.BJ,8.85,4.77
20260921,920556.BJ,8.61,4.65
20260921,920564.BJ,18.09,9.75
20260921,920566.BJ,12.02,6.48
20260921,920570.BJ,31.82,17.14
20260921,920571.BJ,12.14,6.54
20260921,920575.BJ,6.46,3.48
20260921,920576.BJ,49.17,26.49
20260921,920578.BJ,21.69,11.69
20260921,920579.BJ,18.13,9.77
20260921,920580.BJ,14.04,7.56
20260921,920592.BJ,33.69,18.15
20260921,920593.BJ,29.71,16.01
20260921,920599.BJ,22.17,11.95
20260921,920608.BJ,17.83,9.61
20260921,920627.BJ,17.6,9.48
20260921,920634.BJ,20.67,11.13
20260921,920639.BJ,7.87,4.25
20260921,920640.BJ,33.35,17.97
20260921,920641.BJ,16.93,9.13
20260921,920642.BJ,12.94,6.98
20260921,920651.BJ,26.06,14.04
20260921,920656.BJ,19.14,10.32
20260921,920662.BJ,24.68,13.3
20260921,920663.BJ,16.12,8.68
20260921,920665.BJ,10.8,5.82
20260921,920670.BJ,16.41,8.85
20260921,920675.BJ,9.62,5.18
20260921,920679.BJ,19.74,10.64
20260921,920682.BJ,7.51,4.05
20260921,920685.BJ,14.63,7.89
20260921,920689.BJ,25.8,13.9
20260921,920690.BJ,19.89,10.71
20260921,920693.BJ,30.43,16.39
20260921,920694.BJ,21.3,11.48
20260921,920699.BJ,87.03,46.87
20260921,920701.BJ,14.19,7.65
20260921,920703.BJ,12.44,6.7
20260921,920706.BJ,19.61,10.57
20260921,920717.BJ,8.69,4.69
20260921,920718.BJ,14.23,7.67
20260921,920719.BJ,8.99,4.85
20260921,920720.BJ,10.33,5.57
20260921,920725.BJ,119.14,64.16
20260921,920726.BJ,20.38,10.98
20260921,920729.BJ,8.69,4.69
20260921,920735.BJ,32.25,17.37
20260921,920748.BJ,37.41,20.15
20260921,920751.BJ,19.27,10.39
20260921,920753.BJ,19.5,10.5
20260921,920765.BJ,15.23,8.21
20260921,920768.BJ,9.37,5.05
20260921,920770.BJ,13.49,7.27
20260921,920779.BJ,30.18,16.26
20260921,920781.BJ,7.37,3.97
20260921,920786.BJ,9.81,5.29
20260921,920790.BJ,30.91,16.65
20260921,920792.BJ,12.12,6.54
20260921,920799.BJ,41.21,22.19
20260921,920802.BJ,13.84,7.46
20260921,920806.BJ,13.03,7.03
20260921,920807.BJ,11.6,6.26
20260921,920808.BJ,77.97,41.99
20260921,920809.BJ,8.76,4.72
20260921,920810.BJ,11.42,6.16
20260921,920819.BJ,3.92,2.12
20260921,920821.BJ,27.46,14.8
20260921,920826.BJ,11.16,6.02
20260921,920832.BJ,8.26,4.46
20260921,920833.BJ,12.64,6.82
20260921,920834.BJ,11.81,6.37
20260921,920837.BJ,12.75,6.87
20260921,920839.BJ,30.21,16.27
20260921,920855.BJ,17.06,9.2
20260921,920856.BJ,15.45,8.33
20260921,920857.BJ,25.59,13.79
20260921,920866.BJ,8.54,4.6
20260921,920870.BJ,14.98,8.08
20260921,920871.BJ,14.37,7.75
20260921,920873.BJ,9.06,4.88
20260921,920876.BJ,21.51,11.59
20260921,920879.BJ,15.76,8.5
20260921,920885.BJ,15.8,8.52
20260921,920892.BJ,14.76,7.96
20260921,920895.BJ,34.32,18.48
20260921,920896.BJ,15.92,8.58
20260921,920906.BJ,19.79,10.67
20260921,920914.BJ,21.33,11.49
20260921,920924.BJ,18.75,10.11
20260921,920925.BJ,14.61,7.87
20260921,920926.BJ,12.97,6.99
20260921,920931.BJ,13.14,7.08
20260921,920932.BJ,13.52,7.28
20260921,920942.BJ,22.63,12.19
20260921,920943.BJ,18.94,10.2
20260921,920946.BJ,12.9,6.96
20260921,920950.BJ,17.09,9.21
20260921,920953.BJ,29.41,15.85
20260921,920957.BJ,13.29,7.17
20260921,920961.BJ,25.07,13.51
20260921,920964.BJ,6.38,3.44
20260921,920970.BJ,8.43,4.55
20260921,920971.BJ,35.65,19.21
20260921,920974.BJ,8.13,4.39
20260921,920976.BJ,29.39,15.83
20260921,920978.BJ,22.16,11.94
20260921,920981.BJ,39.78,21.42
20260921,920982.BJ,147.4,79.38
20260921,920985.BJ,5.96,3.22
20260921,920992.BJ,14.61,7.87
