ts_code,trade_date,close,open,high,low,vol,amount,vwap
000001.SZ,20260921,11.68,11.7,11.72,11.68,356400.0,4168244.48,11.7
000002.SZ,20260921,3.3,3.3,3.31,3.29,13282499.84,43833886.72,3.3
000006.SZ,20260921,7.01,6.97,7.01,6.97,70300.0,490031.0,6.97
000007.SZ,20260921,11.43,11.43,11.43,11.43,26000.0,297180.0,11.43
000008.SZ,20260921,2.41,2.41,2.41,2.4,92200.0,222199.0,2.41
000009.SZ,20260921,7.0,7.0,7.01,7.0,113000.0,791000.96,7.0
000010.SZ,20260921,1.57,1.57,1.57,1.57,200200.0,314314.0,1.57
000011.SZ,20260921,9.09,9.08,9.1,9.08,233100.0,2118324.0,9.09
000012.SZ,20260921,3.73,3.73,3.73,3.73,254500.0,949284.96,3.73
000014.SZ,20260921,10.34,10.43,10.43,10.34,30400.0,316734.0,10.42
000016.SZ,20260921,2.46,2.46,2.46,2.46,0.0,0.0,2.46
000017.SZ,20260921,7.58,7.58,7.65,7.56,895000.0,6786565.76,7.58
000019.SZ,20260921,7.07,7.1,7.11,7.06,153100.0,1086620.0,7.1
000020.SZ,20260921,12.96,12.99,13.06,12.96,139200.0,1807684.0,12.99
000021.SZ,20260921,37.36,37.33,37.48,37.33,1211486.0,45237160.96,37.34
000025.SZ,20260921,14.79,14.8,14.8,14.79,23400.0,346312.0,14.8
000026.SZ,20260921,20.05,20.05,20.17,20.05,132200.0,2651142.08,20.05
000027.SZ,20260921,6.27,6.3,6.3,6.27,147900.0,931428.96,6.3
000028.SZ,20260921,19.89,19.88,19.89,19.88,15860.0,315315.82,19.88
000029.SZ,20260921,22.18,22.18,22.18,22.18,32700.0,725286.0,22.18
000030.SZ,20260921,3.95,3.96,3.96,3.95,60900.0,240801.0,3.95
000031.SZ,20260921,2.2,2.21,2.21,2.2,482600.0,1065012.0,2.21
000032.SZ,20260921,14.64,14.65,14.66,14.63,149800.0,2194188.96,14.65
000034.SZ,20260921,23.48,23.49,23.5,23.48,288900.0,6786231.04,23.49
000035.SZ,20260921,4.78,4.77,4.79,4.77,91200.0,435098.0,4.77
000036.SZ,20260921,3.88,3.88,3.89,3.87,156200.0,605738.0,3.88
000037.SZ,20260921,9.34,9.34,9.34,9.32,55900.0,522051.0,9.34
000039.SZ,20260921,9.13,9.1,9.13,9.1,30300.0,275750.0,9.1
000042.SZ,20260921,8.25,8.23,8.25,8.23,35400.0,291355.0,8.23
000045.SZ,20260921,11.11,11.13,11.13,11.08,8300.0,92334.0,11.13
000048.SZ,20260921,18.09,18.09,18.1,18.06,233100.0,4216760.96,18.09
000049.SZ,20260921,22.31,22.31,22.33,22.31,13400.0,298964.0,22.31
000050.SZ,20260921,6.64,6.63,6.64,6.63,94600.0,627225.0,6.63
000055.SZ,20260921,3.71,3.75,3.75,3.7,809100.0,3029416.0,3.74
000056.SZ,20260921,2.5,2.49,2.5,2.49,1319400.0,3285311.04,2.49
000058.SZ,20260921,7.03,7.03,7.03,7.03,22200.0,156066.0,7.03
000059.SZ,20260921,5.38,5.4,5.4,5.38,308500.0,1665769.92,5.4
000060.SZ,20260921,6.19,6.19,6.2,6.18,424700.0,2628719.04,6.19
000061.SZ,20260921,6.0,6.01,6.01,6.0,45300.0,272117.0,6.01
000062.SZ,20260921,23.41,23.4,23.47,23.37,404000.0,9455171.84,23.4
000063.SZ,20260921,32.58,32.46,32.58,32.46,382059.0,12406672.64,32.47
000065.SZ,20260921,9.82,9.8,9.89,9.8,374400.0,3673878.08,9.81
000066.SZ,20260921,14.2,14.15,14.27,14.15,808100.0,11445006.08,14.16
000068.SZ,20260921,3.24,3.22,3.24,3.22,27700.0,89201.0,3.22
000069.SZ,20260921,1.81,1.82,1.82,1.81,673700.0,1225911.04,1.82
000070.SZ,20260921,17.65,17.53,17.65,17.5,1315900.0,23069504.0,17.53
000078.SZ,20260921,1.53,1.53,1.53,1.52,425200.0,650079.0,1.53
000088.SZ,20260921,4.48,4.48,4.49,4.48,170800.0,765184.96,4.48
000089.SZ,20260921,6.47,6.49,6.49,6.47,121800.0,789612.96,6.48
000090.SZ,20260921,3.52,3.52,3.54,3.52,94700.0,333604.0,3.52
000096.SZ,20260921,8.0,8.0,8.0,7.97,22500.0,179743.0,7.99
000099.SZ,20260921,13.05,13.0,13.05,13.0,9600.0,124900.0,13.01
000100.SZ,20260921,4.99,4.98,4.99,4.98,2382000.0,11866763.52,4.98
000151.SZ,20260921,10.11,10.1,10.13,10.1,108900.0,1101334.0,10.11
000153.SZ,20260921,6.01,6.02,6.02,6.01,6800.0,40934.0,6.02
000155.SZ,20260921,11.81,11.8,11.82,11.8,87500.0,1032507.04,11.8
000156.SZ,20260921,7.12,7.09,7.12,7.09,142200.0,1009127.04,7.1
000157.SZ,20260921,6.19,6.19,6.2,6.19,166000.0,1027700.96,6.19
000158.SZ,20260921,12.83,12.83,12.85,12.83,227000.0,2912659.84,12.83
000159.SZ,20260921,5.43,5.39,5.43,5.39,40400.0,217810.0,5.39
000166.SZ,20260921,4.41,4.41,4.41,4.41,239600.0,1056636.0,4.41
000301.SZ,20260921,13.66,13.61,13.66,13.6,86900.0,1183231.04,13.62
000333.SZ,20260921,84.08,84.08,84.15,84.08,453250.0,38109562.88,84.08
000338.SZ,20260921,27.18,27.24,27.26,27.18,576400.0,15700680.96,27.24
000400.SZ,20260921,20.44,20.44,20.44,20.39,53600.0,1095280.0,20.43
000401.SZ,20260921,3.51,3.51,3.51,3.51,161100.0,565461.0,3.51
000402.SZ,20260921,2.51,2.51,2.52,2.5,815600.0,2047644.96,2.51
000403.SZ,20260921,9.9,9.89,9.9,9.89,8300.0,82142.0,9.9
000404.SZ,20260921,6.87,6.86,6.87,6.86,57900.0,397207.0,6.86
000407.SZ,20260921,4.2,4.2,4.2,4.19,50000.0,209988.0,4.2
000408.SZ,20260921,72.3,72.4,72.5,72.2,82200.0,5951445.12,72.4
000409.SZ,20260921,8.9,8.84,8.9,8.84,19900.0,176053.0,8.85
000410.SZ,20260921,5.29,5.3,5.3,5.2,5744300.16,30355852.8,5.29
000411.SZ,20260921,9.89,9.89,9.89,9.89,33900.0,335271.0,9.89
000415.SZ,20260921,4.44,4.43,4.44,4.43,42400.0,187845.0,4.43
000417.SZ,20260921,5.72,5.72,5.74,5.72,184900.0,1057874.0,5.72
000419.SZ,20260921,4.97,4.97,4.97,4.97,20400.0,101388.0,4.97
000420.SZ,20260921,3.53,3.53,3.53,3.53,353500.0,1247855.04,3.53
000421.SZ,20260921,5.62,5.62,5.62,5.62,4200.0,23604.0,5.62
000422.SZ,20260921,11.88,11.87,11.88,11.87,87900.0,1043383.04,11.87
000423.SZ,20260921,45.32,45.31,45.34,45.28,24300.0,1101000.96,45.31
000425.SZ,20260921,7.43,7.42,7.45,7.42,431100.0,3199744.96,7.42
000426.SZ,20260921,35.52,35.5,35.6,35.5,475008.0,16869980.16,35.52
000428.SZ,20260921,4.14,4.14,4.18,4.14,1281300.0,5307232.96,4.14
000429.SZ,20260921,12.6,12.61,12.62,12.6,51600.0,650597.0,12.61
000430.SZ,20260921,6.97,6.95,6.98,6.95,114500.0,796712.96,6.96
000488.SZ,20260921,2.0,2.0,2.0,2.0,69600.0,139200.0,2.0
000498.SZ,20260921,5.05,5.05,5.05,5.04,38900.0,196444.0,5.05
000501.SZ,20260921,7.13,7.13,7.13,7.13,42500.0,303025.0,7.13
000503.SZ,20260921,6.77,6.74,6.77,6.74,69900.0,471226.0,6.74
000504.SZ,20260921,11.01,11.01,11.01,11.01,2268100.0,24971781.12,11.01
000505.SZ,20260921,6.71,6.73,6.73,6.66,271600.0,1825886.08,6.72
000506.SZ,20260921,18.52,18.58,18.58,18.44,579300.0,10760523.52,18.58
000507.SZ,20260921,5.03,5.04,5.04,5.03,128500.0,647436.0,5.04
000509.SZ,20260921,3.81,3.8,3.84,3.79,4184200.0,15911912.96,3.8
000510.SZ,20260921,18.58,18.6,18.6,18.45,514600.0,9568154.88,18.59
000513.SZ,20260921,26.32,26.3,26.32,26.3,15500.0,407665.0,26.3
000514.SZ,20260921,4.18,4.19,4.19,4.17,133400.0,558551.0,4.19
000516.SZ,20260921,4.25,4.23,4.25,4.23,57900.0,245427.0,4.24
000517.SZ,20260921,2.01,2.02,2.02,2.01,604200.0,1220128.0,2.02
000518.SZ,20260921,3.81,3.81,3.81,3.81,48400.0,184404.0,3.81
000519.SZ,20260921,15.45,15.44,15.46,15.41,414700.0,6403598.08,15.44
000520.SZ,20260921,4.1,4.1,4.12,4.09,141600.0,580452.0,4.1
000521.SZ,20260921,4.43,4.42,4.43,4.42,87000.0,384553.0,4.42
000523.SZ,20260921,3.37,3.37,3.38,3.36,1194500.0,4024769.92,3.37
000524.SZ,20260921,9.0,9.0,9.0,8.98,19900.0,179090.0,9.0
000525.SZ,20260921,4.54,4.53,4.54,4.53,45400.0,205695.0,4.53
000526.SZ,20260921,35.0,35.0,35.0,34.98,28200.0,986998.0,35.0
000528.SZ,20260921,7.65,7.65,7.66,7.64,237000.0,1813040.0,7.65
000529.SZ,20260921,4.85,4.85,4.85,4.85,23820.0,115527.0,4.85
000530.SZ,20260921,5.22,5.22,5.22,5.22,88500.0,461970.0,5.22
000531.SZ,20260921,5.65,5.65,5.65,5.65,18500.0,104525.0,5.65
000532.SZ,20260921,12.72,12.55,12.72,12.55,1445700.0,18157236.48,12.56
000533.SZ,20260921,11.22,11.23,11.36,11.2,1071100.0,12035088.64,11.24
000534.SZ,20260921,23.99,23.89,23.99,23.89,46800.0,1118423.04,23.9
000536.SZ,20260921,3.59,3.57,3.59,3.57,1589000.0,5675301.12,3.57
000537.SZ,20260921,7.49,7.5,7.51,7.49,71800.0,538450.0,7.5
000538.SZ,20260921,51.0,51.0,51.03,50.98,75300.0,3840543.04,51.0
000539.SZ,20260921,5.19,5.2,5.2,5.19,224600.0,1167840.0,5.2
000541.SZ,20260921,4.9,4.9,4.9,4.9,28800.0,141120.0,4.9
000543.SZ,20260921,7.34,7.34,7.35,7.34,115700.0,849352.96,7.34
000544.SZ,20260921,7.26,7.26,7.26,7.26,15700.0,113982.0,7.26
000545.SZ,20260921,2.19,2.2,2.2,2.19,337100.0,741455.04,2.2
000546.SZ,20260921,4.48,4.52,4.52,4.48,18700.0,84239.0,4.51
000547.SZ,20260921,14.98,14.96,15.0,14.96,625300.0,9356126.08,14.96
000548.SZ,20260921,4.55,4.55,4.55,4.55,12900.0,58695.0,4.55
000550.SZ,20260921,16.69,16.67,16.69,16.66,35000.0,583458.0,16.67
000551.SZ,20260921,12.33,12.36,12.36,12.33,67500.0,834275.04,12.36
000552.SZ,20260921,2.46,2.46,2.47,2.46,441800.0,1086919.04,2.46
000553.SZ,20260921,5.65,5.65,5.65,5.65,28200.0,159330.0,5.65
000554.SZ,20260921,6.31,6.32,6.32,6.3,159900.0,1009700.96,6.32
000555.SZ,20260921,10.51,10.5,10.51,10.5,73400.0,770724.0,10.5
000557.SZ,20260921,3.66,3.65,3.66,3.65,113700.0,415241.0,3.65
000558.SZ,20260921,3.59,3.59,3.6,3.59,250700.0,900112.96,3.59
000559.SZ,20260921,11.01,11.01,11.02,10.98,1013600.0,11158897.92,11.01
000560.SZ,20260921,2.82,2.81,2.83,2.8,8762730.24,24631091.2,2.81
000561.SZ,20260921,7.92,7.88,7.93,7.87,81800.0,644511.0,7.88
000563.SZ,20260921,2.94,2.94,2.94,2.94,103200.0,303408.0,2.94
000564.SZ,20260921,1.52,1.52,1.52,1.51,2493300.0,3789436.16,1.52
000565.SZ,20260921,6.61,6.61,6.62,6.61,172100.0,1137588.96,6.61
000566.SZ,20260921,4.67,4.66,4.68,4.66,335900.0,1566464.0,4.66
000567.SZ,20260921,6.09,6.07,6.09,6.06,140400.0,852152.96,6.07
000568.SZ,20260921,72.1,72.28,72.28,72.02,62600.0,4523495.04,72.26
000570.SZ,20260921,5.23,5.26,5.26,5.23,60400.0,317475.0,5.26
000571.SZ,20260921,6.61,6.6,6.61,6.6,320900.0,2118020.0,6.6
000572.SZ,20260921,4.3,4.31,4.32,4.29,2265500.0,9764744.96,4.31
000573.SZ,20260921,3.7,3.71,3.71,3.7,104000.0,384931.0,3.7
000576.SZ,20260921,8.23,8.21,8.23,8.21,93600.0,768475.04,8.21
000581.SZ,20260921,18.13,18.14,18.14,18.13,14200.0,257554.0,18.14
000582.SZ,20260921,9.88,9.86,9.88,9.86,354200.0,3493093.12,9.86
000586.SZ,20260921,13.78,13.8,13.8,13.78,24900.0,343599.0,13.8
000589.SZ,20260921,4.24,4.24,4.24,4.23,74000.0,313675.0,4.24
000590.SZ,20260921,8.89,8.89,8.89,8.89,1600.0,14224.0,8.89
000591.SZ,20260921,4.29,4.29,4.29,4.29,236900.0,1016300.96,4.29
000592.SZ,20260921,8.61,8.6,8.68,8.6,7678867.2,66131220.48,8.61
000593.SZ,20260921,21.81,21.82,21.92,21.81,77300.0,1689230.08,21.85
000595.SZ,20260921,5.27,5.27,5.27,5.26,30000.0,158076.0,5.27
000596.SZ,20260921,93.28,93.28,93.76,93.1,15600.0,1455204.0,93.28
000597.SZ,20260921,4.7,4.69,4.71,4.69,30200.0,141788.0,4.7
000598.SZ,20260921,7.01,7.01,7.01,7.01,33700.0,236237.0,7.01
000599.SZ,20260921,4.51,4.51,4.51,4.5,28000.0,126276.0,4.51
000600.SZ,20260921,7.33,7.3,7.33,7.3,66200.0,483914.0,7.31
000601.SZ,20260921,6.22,6.24,6.24,6.22,78100.0,487244.0,6.24
000603.SZ,20260921,34.75,34.75,34.82,34.65,494500.0,17185318.4,34.75
000605.SZ,20260921,5.81,5.8,5.81,5.8,30600.0,177483.0,5.8
000607.SZ,20260921,4.53,4.53,4.53,4.53,7016017.28,31782558.72,4.53
000608.SZ,20260921,7.11,7.1,7.12,7.1,92300.0,655351.0,7.1
000609.SZ,20260921,9.81,9.84,9.84,9.77,41300.0,406169.0,9.84
000610.SZ,20260921,8.2,8.2,8.2,8.19,142700.0,1170111.04,8.2
000612.SZ,20260921,11.38,11.36,11.38,11.36,168500.0,1914806.08,11.36
000615.SZ,20260921,3.23,3.24,3.24,3.23,9600.0,31098.0,3.24
000617.SZ,20260921,6.95,6.93,6.95,6.93,902700.0,6259374.08,6.93
000619.SZ,20260921,4.97,4.97,4.97,4.97,30100.0,149597.0,4.97
000620.SZ,20260921,3.21,3.23,3.24,3.21,3794400.0,12252290.56,3.23
000623.SZ,20260921,17.55,17.55,17.55,17.53,126600.0,2221510.08,17.55
000625.SZ,20260921,7.11,7.11,7.12,7.11,131600.0,935756.0,7.11
000626.SZ,20260921,8.93,8.84,8.93,8.82,137500.0,1216292.96,8.85
000628.SZ,20260921,59.5,60.0,60.0,59.41,122700.0,7354257.28,59.94
000629.SZ,20260921,2.9,2.9,2.91,2.9,360246.0,1044754.4,2.9
000630.SZ,20260921,6.1,6.1,6.11,6.09,1045200.0,6375130.24,6.1
000631.SZ,20260921,2.91,2.91,2.91,2.91,8200.0,23862.0,2.91
000632.SZ,20260921,3.99,3.99,3.99,3.98,127700.0,509489.0,3.99
000633.SZ,20260921,5.15,5.15,5.15,5.14,28300.0,145744.0,5.15
000635.SZ,20260921,7.23,7.24,7.24,7.21,116400.0,842671.04,7.24
000636.SZ,20260921,60.85,60.77,60.9,60.63,5175408.0,314453913.6,60.76
000637.SZ,20260921,4.09,4.1,4.12,4.09,50900.0,208716.0,4.1
000639.SZ,20260921,1.59,1.58,1.61,1.58,2161200.0,3417218.88,1.58
000650.SZ,20260921,5.18,5.19,5.19,5.18,37500.0,194593.0,5.19
000651.SZ,20260921,38.45,38.55,38.55,38.44,132900.0,5122840.0,38.55
000652.SZ,20260921,3.35,3.35,3.35,3.35,39600.0,132660.0,3.35
000655.SZ,20260921,7.13,7.13,7.13,7.13,11800.0,84134.0,7.13
000656.SZ,20260921,1.24,1.24,1.24,1.23,1892300.0,2342087.04,1.24
000657.SZ,20260921,61.19,61.29,61.5,60.94,1776900.0,108847411.2,61.26
000659.SZ,20260921,2.81,2.8,2.81,2.8,66100.0,185088.0,2.8
000661.SZ,20260921,72.0,72.0,72.1,71.99,34700.0,2498548.96,72.0
000663.SZ,20260921,5.95,5.95,5.96,5.95,52900.0,315051.0,5.96
000665.SZ,20260921,4.1,4.1,4.1,4.09,33300.0,136529.0,4.1
000668.SZ,20260921,20.88,20.95,20.95,20.88,10500.0,219450.0,20.9
000669.SZ,20260921,4.12,4.12,4.14,4.1,130500.0,535853.0,4.11
000670.SZ,20260921,7.92,7.88,7.92,7.88,1013500.0,7993091.2,7.89
000672.SZ,20260921,15.26,15.29,15.3,15.26,264500.0,4043564.8,15.29
000676.SZ,20260921,6.74,6.74,6.74,6.71,203000.0,1368151.04,6.74
000677.SZ,20260921,1.8,1.79,1.8,1.79,113400.0,202991.0,1.79
000678.SZ,20260921,8.93,8.95,8.96,8.93,26800.0,239838.0,8.95
000679.SZ,20260921,6.46,6.47,6.47,6.42,64500.0,417298.0,6.47
000680.SZ,20260921,9.36,9.36,9.36,9.35,54100.0,506222.0,9.36
000681.SZ,20260921,16.45,16.42,16.46,16.41,135000.0,2216964.0,16.42
000682.SZ,20260921,10.73,10.73,10.76,10.73,69500.0,745975.04,10.73
000683.SZ,20260921,5.71,5.7,5.71,5.69,210400.0,1199296.0,5.7
000685.SZ,20260921,10.89,10.89,10.9,10.89,90300.0,983511.04,10.89
000686.SZ,20260921,7.73,7.73,7.75,7.73,102500.0,792819.04,7.74
000688.SZ,20260921,25.71,25.68,25.74,25.68,76712.0,1970252.16,25.68
000690.SZ,20260921,5.28,5.29,5.29,5.28,251000.0,1327544.0,5.29
000691.SZ,20260921,9.36,9.36,9.36,9.36,300.0,2808.0,9.36
000692.SZ,20260921,4.21,4.22,4.22,4.21,36700.0,154768.0,4.22
000695.SZ,20260921,13.01,13.01,13.01,13.01,68600.0,892486.0,13.01
000697.SZ,20260921,9.05,9.06,9.06,9.04,71300.0,645938.0,9.06
000698.SZ,20260921,3.63,3.59,3.63,3.59,322100.0,1157187.04,3.59
000700.SZ,20260921,11.97,11.92,12.0,11.91,321700.0,3837459.84,11.93
000701.SZ,20260921,5.19,5.15,5.19,5.15,33500.0,172567.0,5.15
000702.SZ,20260921,5.64,5.64,5.64,5.62,47200.0,266150.0,5.64
000703.SZ,20260921,16.72,16.79,16.79,16.7,803100.0,13478480.64,16.78
000705.SZ,20260921,6.99,6.99,7.0,6.95,61800.0,431959.0,6.99
000707.SZ,20260921,4.44,4.42,4.44,4.42,24400.0,107922.0,4.42
000708.SZ,20260921,12.97,12.97,12.97,12.97,44000.0,570680.0,12.97
000709.SZ,20260921,2.06,2.06,2.06,2.06,137624.0,283505.44,2.06
000710.SZ,20260921,9.35,9.29,9.39,9.29,2524932.96,23484103.68,9.3
000711.SZ,20260921,4.87,4.88,4.88,4.86,833100.0,4064941.12,4.88
000712.SZ,20260921,10.0,9.99,10.01,9.99,938000.0,9375290.88,10.0
000713.SZ,20260921,6.48,6.47,6.48,6.42,424300.0,2741106.88,6.46
000715.SZ,20260921,5.36,5.36,5.36,5.36,6300.0,33768.0,5.36
000716.SZ,20260921,5.08,5.08,5.08,5.07,116600.0,592154.0,5.08
000717.SZ,20260921,2.19,2.19,2.19,2.19,64700.0,141693.0,2.19
000718.SZ,20260921,2.02,2.02,2.03,2.02,241600.0,488033.0,2.02
000719.SZ,20260921,12.25,12.25,12.25,12.24,20200.0,247444.0,12.25
000720.SZ,20260921,4.06,4.07,4.07,4.03,618100.0,2512248.0,4.06
000721.SZ,20260921,6.2,6.18,6.2,6.18,154500.0,955288.0,6.18
000722.SZ,20260921,14.2,14.2,14.26,14.16,240100.0,3409541.12,14.2
000723.SZ,20260921,3.57,3.57,3.57,3.56,320800.0,1144780.96,3.57
000725.SZ,20260921,6.01,6.0,6.04,6.0,29354398.72,176247746.56,6.0
000726.SZ,20260921,6.2,6.2,6.2,6.18,137200.0,850411.04,6.2
000727.SZ,20260921,2.24,2.24,2.24,2.24,163700.0,366688.0,2.24
000728.SZ,20260921,7.49,7.49,7.49,7.48,103300.0,773674.0,7.49
000729.SZ,20260921,10.82,10.81,10.82,10.78,66700.0,720687.04,10.81
000731.SZ,20260921,7.85,7.84,7.85,7.79,65900.0,516550.0,7.84
000733.SZ,20260921,41.88,41.83,41.96,41.83,271000.0,11341131.52,41.85
000735.SZ,20260921,5.92,5.93,5.93,5.91,443500.0,2629052.96,5.93
000736.SZ,20260921,4.47,4.47,4.48,4.47,95500.0,426914.0,4.47
000737.SZ,20260921,14.54,14.54,14.56,14.5,921200.0,13392738.56,14.54
000738.SZ,20260921,19.16,19.14,19.16,19.14,44300.0,847960.0,19.14
000739.SZ,20260921,23.49,23.5,23.55,23.48,113700.0,2671587.04,23.5
000750.SZ,20260921,3.66,3.65,3.66,3.65,235185.0,859502.24,3.66
000751.SZ,20260921,4.65,4.65,4.65,4.65,97800.0,454770.0,4.65
000752.SZ,20260921,8.7,8.7,8.7,8.7,7300.0,63510.0,8.7
000753.SZ,20260921,5.35,5.37,5.37,5.34,1601900.0,8600757.12,5.37
000755.SZ,20260921,4.69,4.69,4.7,4.69,45900.0,215273.0,4.69
000756.SZ,20260921,14.2,14.17,14.44,14.12,2062800.0,29319884.8,14.21
000757.SZ,20260921,4.18,4.16,4.18,4.16,23700.0,98711.0,4.17
000758.SZ,20260921,5.96,5.94,5.96,5.94,105200.0,624910.0,5.94
000759.SZ,20260921,6.56,6.57,6.6,6.54,2092600.0,13749913.6,6.57
000761.SZ,20260921,2.28,2.28,2.28,2.27,162500.0,370347.0,2.28
000762.SZ,20260921,21.86,21.86,21.88,21.86,50700.0,1108407.04,21.86
000766.SZ,20260921,15.59,15.6,15.62,15.58,54900.0,856252.0,15.6
000767.SZ,20260921,3.44,3.45,3.45,3.44,280900.0,968792.0,3.45
000768.SZ,20260921,22.39,22.35,22.42,22.35,277700.0,6206912.0,22.35
000776.SZ,20260921,20.72,20.78,20.78,20.72,559600.0,11626891.52,20.78
000777.SZ,20260921,16.73,16.73,16.76,16.73,34000.0,568823.0,16.73
000778.SZ,20260921,3.6,3.61,3.61,3.6,114200.0,412207.0,3.61
000779.SZ,20260921,8.8,8.81,8.81,8.8,234800.0,2068124.96,8.81
000782.SZ,20260921,8.15,8.13,8.15,8.12,160200.0,1301924.0,8.13
000783.SZ,20260921,8.42,8.42,8.43,8.41,1022800.0,8611989.76,8.42
000785.SZ,20260921,2.22,2.22,2.23,2.22,284229.0,631231.36,2.22
000786.SZ,20260921,15.92,15.88,15.92,15.85,74700.0,1186218.0,15.88
000788.SZ,20260921,5.33,5.33,5.33,5.33,36400.0,194012.0,5.33
000789.SZ,20260921,4.06,4.08,4.08,4.06,87300.0,356072.0,4.08
000790.SZ,20260921,4.04,4.04,4.06,4.03,651500.0,2632232.0,4.04
000791.SZ,20260921,7.36,7.39,7.39,7.36,110400.0,815667.04,7.39
000792.SZ,20260921,24.85,24.84,24.86,24.84,311900.0,7747900.16,24.84
000793.SZ,20260921,2.09,2.08,2.09,2.08,35800.0,74472.0,2.08
000795.SZ,20260921,8.21,8.18,8.21,8.18,31300.0,256131.0,8.18
000796.SZ,20260921,3.7,3.7,3.71,3.7,213100.0,788474.0,3.7
000797.SZ,20260921,2.66,2.66,2.67,2.65,3320000.0,8832142.72,2.66
000798.SZ,20260921,10.17,10.12,10.18,10.12,187400.0,1898092.96,10.13
000799.SZ,20260921,37.26,37.3,37.3,37.26,19900.0,741944.0,37.28
000800.SZ,20260921,5.91,5.91,5.92,5.91,122100.0,721820.96,5.91
000801.SZ,20260921,12.21,12.2,12.21,12.2,25400.0,309881.0,12.2
000802.SZ,20260921,3.96,3.95,3.97,3.95,254700.0,1006908.0,3.95
000803.SZ,20260921,7.18,7.19,7.2,7.14,56300.0,404334.0,7.18
000807.SZ,20260921,27.18,27.18,27.23,27.17,458000.0,12448509.44,27.18
000809.SZ,20260921,3.55,3.54,3.56,3.53,196600.0,696135.04,3.54
000810.SZ,20260921,9.71,9.71,9.71,9.7,91000.0,883531.04,9.71
000811.SZ,20260921,41.1,41.0,41.1,40.95,957000.0,39248791.04,41.01
000812.SZ,20260921,3.78,3.78,3.79,3.76,519400.0,1963036.96,3.78
000813.SZ,20260921,3.25,3.25,3.26,3.25,207700.0,675047.04,3.25
000815.SZ,20260921,15.59,15.6,15.61,15.58,139700.0,2179185.92,15.6
000816.SZ,20260921,2.84,2.84,2.85,2.84,109300.0,310452.0,2.84
000818.SZ,20260921,11.81,11.8,11.81,11.79,99200.0,1170772.96,11.8
000819.SZ,20260921,11.93,11.93,11.97,11.93,61900.0,738479.04,11.93
000820.SZ,20260921,3.52,3.52,3.52,3.52,131900.0,464288.0,3.52
000821.SZ,20260921,7.53,7.53,7.53,7.53,21300.0,160389.0,7.53
000822.SZ,20260921,4.27,4.26,4.27,4.26,22700.0,96784.0,4.26
000823.SZ,20260921,23.33,23.26,23.38,23.26,2055300.0,47835033.6,23.27
000825.SZ,20260921,3.4,3.4,3.4,3.4,166200.0,565080.0,3.4
000826.SZ,20260921,1.88,1.88,1.88,1.88,98200.0,184616.0,1.88
000828.SZ,20260921,10.09,10.1,10.1,10.09,9300.0,93922.0,10.1
000829.SZ,20260921,8.89,8.88,8.9,8.88,33700.0,299337.0,8.88
000830.SZ,20260921,11.71,11.74,11.74,11.71,147500.0,1729912.0,11.73
000831.SZ,20260921,53.92,53.98,53.99,53.71,192100.0,10364947.2,53.96
000833.SZ,20260921,20.07,20.09,20.1,20.02,145900.0,2930485.12,20.09
000837.SZ,20260921,9.64,9.65,9.65,9.64,164600.0,1587608.96,9.65
000838.SZ,20260921,2.17,2.16,2.2,2.16,3451800.0,7461511.68,2.16
000839.SZ,20260921,2.79,2.8,2.81,2.79,2163500.0,6057328.0,2.8
000848.SZ,20260921,8.13,8.14,8.14,8.13,43200.0,351643.0,8.14
000850.SZ,20260921,4.16,4.16,4.17,4.16,218400.0,908566.0,4.16
000852.SZ,20260921,5.44,5.45,5.45,5.44,37800.0,205985.0,5.45
000856.SZ,20260921,8.61,8.6,8.61,8.6,23700.0,203821.0,8.6
000858.SZ,20260921,69.9,69.96,69.97,69.81,152400.0,10660933.76,69.95
000859.SZ,20260921,9.66,9.61,9.66,9.61,757100.0,7280976.0,9.62
000860.SZ,20260921,10.23,10.23,10.23,10.22,31500.0,322242.0,10.23
000862.SZ,20260921,5.58,5.6,5.6,5.56,130000.0,727010.0,5.59
000863.SZ,20260921,4.65,4.65,4.65,4.64,178600.0,830460.96,4.65
000868.SZ,20260921,3.98,3.99,4.0,3.98,3305500.16,13187526.4,3.99
000869.SZ,20260921,16.15,16.15,16.19,16.15,15900.0,256793.0,16.15
000875.SZ,20260921,4.87,4.87,4.87,4.87,78900.0,384243.0,4.87
000876.SZ,20260921,7.19,7.19,7.2,7.18,453800.0,3262816.0,7.19
000877.SZ,20260921,3.66,3.67,3.67,3.66,75200.0,275980.0,3.67
000878.SZ,20260921,16.78,16.8,16.8,16.77,253100.0,4251302.08,16.8
000880.SZ,20260921,26.06,26.0,26.1,26.0,648912.0,16875850.24,26.01
000881.SZ,20260921,6.42,6.42,6.44,6.42,59500.0,382014.0,6.42
000882.SZ,20260921,1.57,1.58,1.58,1.56,1516100.0,2389160.96,1.58
000883.SZ,20260921,4.46,4.45,4.46,4.45,73800.0,328437.0,4.45
000885.SZ,20260921,11.74,11.72,11.74,11.71,54800.0,642444.0,11.72
000886.SZ,20260921,4.66,4.67,4.67,4.66,28700.0,133992.0,4.67
000887.SZ,20260921,19.61,19.63,19.66,19.61,146700.0,2879562.88,19.63
000888.SZ,20260921,9.33,9.34,9.34,9.32,25300.0,236247.0,9.34
000889.SZ,20260921,3.89,3.88,3.9,3.88,190800.0,740672.0,3.88
000890.SZ,20260921,7.72,7.73,7.73,7.7,98700.0,762790.0,7.73
000892.SZ,20260921,4.58,4.57,4.6,4.57,1020800.0,4669644.16,4.57
000893.SZ,20260921,39.78,39.8,39.82,39.73,56300.0,2240336.0,39.79
000895.SZ,20260921,23.3,23.3,23.31,23.3,54100.0,1260540.0,23.3
000897.SZ,20260921,1.89,1.89,1.89,1.88,190600.0,360232.0,1.89
000898.SZ,20260921,2.04,2.03,2.05,2.03,100600.0,204531.0,2.03
000899.SZ,20260921,9.37,9.37,9.37,9.37,23600.0,221132.0,9.37
000900.SZ,20260921,3.55,3.55,3.56,3.55,70000.0,248625.0,3.55
000901.SZ,20260921,14.39,14.37,14.4,14.37,56300.0,809228.0,14.37
000902.SZ,20260921,13.8,13.82,13.82,13.76,22500.0,310776.0,13.81
000903.SZ,20260921,2.07,2.07,2.07,2.07,25200.0,52164.0,2.07
000905.SZ,20260921,9.39,9.39,9.4,9.38,128300.0,1204742.0,9.39
000906.SZ,20260921,6.13,6.13,6.13,6.11,89400.0,547679.0,6.13
000908.SZ,20260921,6.12,6.12,6.12,6.1,71800.0,439376.0,6.12
000909.SZ,20260921,5.61,5.61,5.63,5.61,41600.0,233430.0,5.61
000910.SZ,20260921,6.13,6.0,6.13,6.0,2931600.0,17602684.16,6.0
000911.SZ,20260921,5.16,5.2,5.2,5.16,59400.0,308344.0,5.19
000912.SZ,20260921,4.01,4.0,4.01,4.0,326000.0,1304118.0,4.0
000913.SZ,20260921,10.72,10.66,10.72,10.63,20500.0,218677.0,10.67
000915.SZ,20260921,24.09,24.11,24.11,24.09,3400.0,81940.0,24.1
000917.SZ,20260921,6.85,6.85,6.85,6.81,164800.0,1128471.04,6.85
000919.SZ,20260921,6.49,6.49,6.49,6.48,33900.0,219966.0,6.49
000920.SZ,20260921,13.25,13.16,13.25,13.15,2465300.0,32460400.64,13.17
000921.SZ,20260921,27.38,27.34,27.75,27.34,16800.0,460344.8,27.4
000922.SZ,20260921,12.11,12.15,12.15,12.11,19600.0,238045.0,12.15
000923.SZ,20260921,16.45,16.45,16.45,16.45,55200.0,908040.0,16.45
000925.SZ,20260921,8.15,8.14,8.17,8.14,126100.0,1026870.0,8.14
000926.SZ,20260921,2.09,2.09,2.09,2.08,189500.0,395885.0,2.09
000927.SZ,20260921,2.47,2.48,2.48,2.47,68100.0,168815.0,2.48
000928.SZ,20260921,5.42,5.43,5.43,5.42,74000.0,401716.0,5.43
000929.SZ,20260921,9.0,9.0,9.0,9.0,18500.0,166500.0,9.0
000930.SZ,20260921,5.15,5.16,5.17,5.13,1511800.0,7800295.68,5.16
000931.SZ,20260921,4.45,4.45,4.45,4.45,70200.0,312390.0,4.45
000932.SZ,20260921,3.59,3.59,3.59,3.58,184300.0,661466.0,3.59
000933.SZ,20260921,26.78,26.82,26.83,26.76,229700.0,6159950.08,26.82
000935.SZ,20260921,21.25,21.24,21.25,21.24,11300.0,240023.0,21.24
000936.SZ,20260921,5.55,5.55,5.56,5.52,878500.0,4874496.0,5.55
000937.SZ,20260921,4.41,4.41,4.41,4.4,281000.0,1238126.0,4.41
000938.SZ,20260921,34.05,34.0,34.1,33.96,1363100.0,46352307.2,34.01
000948.SZ,20260921,13.4,13.44,13.45,13.4,17500.0,235183.0,13.44
000949.SZ,20260921,6.82,6.83,6.84,6.82,152900.0,1044104.96,6.83
000950.SZ,20260921,5.23,5.21,5.23,5.21,71500.0,372711.0,5.21
000951.SZ,20260921,20.44,20.48,20.48,20.32,97400.0,1993953.92,20.47
000952.SZ,20260921,6.45,6.42,6.45,6.42,33300.0,214041.0,6.43
000953.SZ,20260921,5.92,5.9,5.92,5.9,8700.0,51332.0,5.9
000955.SZ,20260921,4.16,4.16,4.17,4.16,16700.0,69497.0,4.16
000957.SZ,20260921,9.86,9.87,9.9,9.86,111500.0,1100774.0,9.87
000958.SZ,20260921,5.12,5.12,5.12,5.12,52400.0,268288.0,5.12
000959.SZ,20260921,3.48,3.48,3.48,3.47,70100.0,243923.0,3.48
000960.SZ,20260921,33.92,33.89,33.94,33.86,281700.0,9546901.76,33.89
000962.SZ,20260921,61.64,60.5,61.7,60.38,255900.0,15555924.48,60.79
000963.SZ,20260921,26.28,26.25,26.38,26.24,137824.0,3620317.76,26.27
000965.SZ,20260921,3.24,3.25,3.25,3.24,174400.0,566764.0,3.25
000966.SZ,20260921,4.05,4.05,4.06,4.05,138300.0,560116.0,4.05
000967.SZ,20260921,8.28,8.28,8.3,8.28,319100.0,2642670.08,8.28
000968.SZ,20260921,6.89,6.89,6.91,6.89,266900.0,1839336.96,6.89
000969.SZ,20260921,17.3,17.29,17.34,17.29,76300.0,1319483.04,17.29
000970.SZ,20260921,11.49,11.47,11.49,11.47,118900.0,1363929.92,11.47
000972.SZ,20260921,3.92,3.9,3.93,3.9,143500.0,559887.0,3.9
000973.SZ,20260921,12.04,11.99,12.04,11.95,363200.0,4354839.04,11.99
000975.SZ,20260921,25.3,25.29,25.38,25.29,218043.0,5515485.44,25.3
000977.SZ,20260921,72.1,72.01,72.16,72.01,506123.0,36452672.0,72.02
000978.SZ,20260921,8.45,8.42,8.48,8.42,3519400.0,29657336.32,8.43
000980.SZ,20260921,2.24,2.22,2.25,2.22,5759600.0,12797410.56,2.22
000981.SZ,20260921,2.96,2.96,2.98,2.95,17186475.52,50894525.44,2.96
000983.SZ,20260921,6.42,6.42,6.43,6.42,296200.0,1901638.08,6.42
000985.SZ,20260921,17.12,17.12,17.12,17.12,24100.0,412592.0,17.12
000987.SZ,20260921,7.37,7.37,7.37,7.36,167200.0,1232220.96,7.37
000988.SZ,20260921,110.49,110.0,110.65,110.0,933335.04,102762209.28,110.1
000989.SZ,20260921,8.71,8.68,8.74,8.68,40600.0,352971.0,8.69
000990.SZ,20260921,6.46,6.46,6.46,6.45,104720.0,676448.16,6.46
000993.SZ,20260921,19.9,19.99,20.19,19.8,5033500.16,100593100.8,19.99
000995.SZ,20260921,10.84,10.84,10.84,10.84,65300.0,707852.0,10.84
000997.SZ,20260921,19.69,19.69,19.69,19.63,78400.0,1543486.08,19.69
000998.SZ,20260921,8.9,8.91,8.92,8.88,322200.0,2869982.08,8.91
000999.SZ,20260921,23.6,23.58,23.6,23.57,57900.0,1365296.96,23.58
001201.SZ,20260921,14.72,14.88,14.88,14.72,149300.0,2221452.96,14.88
001202.SZ,20260921,14.46,14.46,14.46,14.46,4400.0,63624.0,14.46
001203.SZ,20260921,23.79,23.78,23.79,23.75,78909.0,1876937.12,23.79
001205.SZ,20260921,14.44,14.44,14.44,14.44,11100.0,160284.0,14.44
001206.SZ,20260921,16.64,16.75,16.75,16.64,32400.0,542500.0,16.74
001207.SZ,20260921,17.9,18.0,18.0,17.9,34100.0,613322.0,17.99
001208.SZ,20260921,14.07,14.1,14.24,14.07,72100.0,1017568.96,14.11
001209.SZ,20260921,18.09,18.09,18.11,18.07,192800.0,3487804.16,18.09
001210.SZ,20260921,29.37,29.37,29.37,29.21,17600.0,516738.0,29.36
001211.SZ,20260921,26.6,26.51,26.88,26.45,414600.0,10998035.2,26.53
001212.SZ,20260921,37.68,37.78,37.89,37.66,284400.0,10739512.32,37.76
001213.SZ,20260921,3.5,3.5,3.5,3.5,16700.0,58450.0,3.5
001215.SZ,20260921,30.3,30.44,30.44,30.3,9700.0,295212.0,30.43
001216.SZ,20260921,24.06,24.06,24.06,24.06,931340.96,22408064.0,24.06
001217.SZ,20260921,10.3,10.3,10.3,10.29,9900.0,101959.0,10.3
001218.SZ,20260921,23.98,24.0,24.03,23.98,11800.0,283256.0,24.01
001219.SZ,20260921,12.54,12.54,12.54,12.4,6100.0,76191.0,12.49
001220.SZ,20260921,32.09,32.08,32.09,32.06,21500.0,689722.0,32.08
001221.SZ,20260921,35.3,35.3,35.3,35.27,48900.0,1726148.0,35.3
001222.SZ,20260921,15.38,15.39,15.44,15.36,107800.0,1659158.08,15.39
001223.SZ,20260921,45.4,45.0,45.41,45.0,50700.0,2282192.96,45.01
001225.SZ,20260921,46.7,46.77,46.77,46.7,5100.0,238505.0,46.77
001226.SZ,20260921,45.95,45.99,45.99,45.95,1100.0,50565.0,45.97
001227.SZ,20260921,2.11,2.11,2.12,2.11,963300.0,2032564.0,2.11
001228.SZ,20260921,33.26,33.26,33.26,33.0,12800.0,425623.0,33.25
001229.SZ,20260921,40.18,40.3,40.3,39.99,172900.0,6959891.84,40.25
001230.SZ,20260921,18.96,18.79,19.0,18.78,13100.0,247120.0,18.86
001231.SZ,20260921,21.67,21.67,21.67,21.67,2600.0,56342.0,21.67
001232.SZ,20260921,200.08,199.72,201.37,199.71,191299.0,38242892.8,199.91
001233.SZ,20260921,46.89,46.76,46.94,46.76,271700.0,12710178.56,46.78
001234.SZ,20260921,24.1,24.1,24.24,24.1,22800.0,549669.0,24.11
001236.SZ,20260921,7.82,7.82,7.82,7.81,18700.0,146222.0,7.82
001237.SZ,20260921,52.02,52.02,52.07,51.93,58300.0,3032796.16,52.02
001238.SZ,20260921,27.31,27.09,27.48,27.09,181700.0,4929502.08,27.13
001239.SZ,20260921,11.85,11.85,11.85,11.85,1900.0,22515.0,11.85
001248.SZ,20260921,11.95,11.96,11.97,11.91,1457900.0,17425226.24,11.95
001255.SZ,20260921,26.58,26.56,26.67,26.56,2300.0,61105.0,26.57
001256.SZ,20260921,21.76,21.74,21.76,21.74,15100.0,328280.0,21.74
001257.SZ,20260921,23.37,23.37,23.4,23.36,55800.0,1304128.96,23.37
001258.SZ,20260921,10.99,10.98,11.0,10.98,184900.0,2030526.08,10.98
001259.SZ,20260921,47.0,46.81,47.0,46.81,2900.0,135770.0,46.82
001260.SZ,20260921,18.14,18.07,18.14,18.07,1700.0,30733.0,18.08
001266.SZ,20260921,33.77,33.77,33.84,33.75,8800.0,297193.0,33.77
001267.SZ,20260921,38.33,38.12,38.41,38.12,375200.0,14309414.4,38.14
001268.SZ,20260921,24.2,24.2,24.2,24.2,2300.0,55660.0,24.2
001269.SZ,20260921,18.73,18.73,18.73,18.73,8100.0,151713.0,18.73
001270.SZ,20260921,103.02,103.0,103.48,103.0,110300.0,11368040.96,103.07
001277.SZ,20260921,30.15,30.15,30.17,30.15,3200.0,96490.0,30.15
001278.SZ,20260921,16.23,16.21,16.23,16.21,9200.0,149143.0,16.21
001279.SZ,20260921,26.39,26.4,26.4,26.37,5100.0,134619.0,26.4
001280.SZ,20260921,63.64,63.6,63.65,63.53,35000.0,2226035.04,63.6
001282.SZ,20260921,15.59,15.72,15.72,15.59,3100.0,48667.0,15.7
001283.SZ,20260921,47.35,47.45,47.45,47.35,7800.0,370085.0,47.45
001285.SZ,20260921,43.0,42.99,43.0,42.8,4300.0,184633.0,42.94
001286.SZ,20260921,9.65,9.62,9.66,9.62,62000.0,596772.0,9.63
001287.SZ,20260921,24.9,24.68,24.91,24.66,229000.0,5666312.96,24.74
001288.SZ,20260921,30.15,30.21,30.22,30.15,15100.0,455889.0,30.19
001289.SZ,20260921,15.04,15.03,15.09,15.02,21900.0,329290.0,15.04
001296.SZ,20260921,19.22,19.22,19.37,19.22,21300.0,409555.0,19.23
001298.SZ,20260921,17.23,17.24,17.24,17.18,40100.0,691152.96,17.24
001299.SZ,20260921,9.8,9.85,9.85,9.75,141000.0,1385832.0,9.83
001300.SZ,20260921,11.92,11.93,11.93,11.92,6200.0,73964.0,11.93
001301.SZ,20260921,52.0,51.98,52.19,51.98,13000.0,676071.04,52.01
001306.SZ,20260921,55.36,55.34,55.55,55.06,28100.0,1555192.0,55.35
001308.SZ,20260921,18.2,18.2,18.25,18.2,25500.0,464164.0,18.2
001309.SZ,20260921,420.88,421.0,423.0,420.54,150200.0,63248650.24,421.1
001311.SZ,20260921,16.87,16.9,16.9,16.87,28600.0,483334.0,16.9
001312.SZ,20260921,18.48,18.5,18.5,18.48,163500.0,3024309.12,18.5
001313.SZ,20260921,7.15,7.15,7.15,7.15,24000.0,171600.0,7.15
001314.SZ,20260921,54.45,54.39,54.55,54.39,35500.0,1931612.0,54.41
001316.SZ,20260921,28.02,27.94,28.02,27.94,21700.0,606414.2,27.95
001317.SZ,20260921,56.29,56.03,56.88,55.58,478900.0,26858880.0,56.09
001318.SZ,20260921,11.4,11.4,11.4,11.4,14600.0,166440.0,11.4
001319.SZ,20260921,22.09,22.09,22.09,22.09,7500.0,165675.0,22.09
001322.SZ,20260921,6.15,6.16,6.16,6.15,18100.0,111468.0,6.16
001323.SZ,20260921,17.34,17.27,17.34,17.27,6200.0,107132.0,17.28
001324.SZ,20260921,20.51,20.51,20.67,20.51,53800.0,1103626.0,20.51
001325.SZ,20260921,36.91,36.94,36.94,36.91,2400.0,88644.0,36.94
001326.SZ,20260921,92.73,93.3,93.33,92.73,35700.0,3327600.96,93.21
001328.SZ,20260921,30.01,29.99,30.01,29.99,3300.0,98969.0,29.99
001330.SZ,20260921,5.55,5.51,5.55,5.5,1158000.0,6392071.04,5.52
001331.SZ,20260921,46.46,46.43,47.2,46.43,159345.0,7415212.8,46.54
001332.SZ,20260921,29.28,29.28,29.3,28.98,184700.0,5400087.04,29.24
001333.SZ,20260921,19.24,19.24,19.24,19.24,2100.0,40404.0,19.24
001335.SZ,20260921,32.53,32.87,32.87,32.53,11100.0,364287.0,32.82
001336.SZ,20260921,19.26,19.17,19.3,19.17,52890.0,1015367.28,19.2
001337.SZ,20260921,49.84,49.78,49.97,49.78,110800.0,5519761.92,49.82
001338.SZ,20260921,9.1,9.08,9.1,9.07,91100.0,827380.0,9.08
001339.SZ,20260921,80.25,80.27,80.39,80.25,36560.0,2934603.2,80.27
001356.SZ,20260921,9.59,9.6,9.63,9.57,245500.0,2356512.96,9.6
001358.SZ,20260921,24.46,24.42,24.54,24.42,6200.0,151436.0,24.43
001359.SZ,20260921,88.9,88.75,88.9,88.75,4720.0,419033.52,88.78
001360.SZ,20260921,20.5,20.55,20.56,20.5,51100.0,1050054.0,20.55
001365.SZ,20260921,37.4,37.37,37.8,37.37,432000.0,16156294.4,37.4
001366.SZ,20260921,13.02,13.02,13.1,12.96,40900.0,532306.0,13.02
001367.SZ,20260921,20.57,20.57,20.61,20.57,18400.0,378536.0,20.57
001368.SZ,20260921,32.23,32.23,32.38,32.09,118700.0,3824671.04,32.22
001369.SZ,20260921,12.44,12.49,12.49,12.44,128900.0,1609136.0,12.48
001373.SZ,20260921,29.81,29.63,29.81,29.63,30400.0,901182.0,29.64
001376.SZ,20260921,13.64,13.89,13.9,13.55,2447700.0,33935528.96,13.86
001378.SZ,20260921,23.59,23.68,23.68,23.57,163700.0,3874224.0,23.67
001379.SZ,20260921,15.54,15.48,15.54,15.48,62100.0,961364.0,15.48
001380.SZ,20260921,18.5,18.56,18.59,18.5,15100.0,280160.0,18.55
001382.SZ,20260921,16.52,16.52,16.52,16.52,6300.0,104076.0,16.52
001386.SZ,20260921,15.9,15.94,15.94,15.9,40500.0,645448.0,15.94
001387.SZ,20260921,11.48,11.45,11.48,11.45,11300.0,129415.0,11.45
001388.SZ,20260921,20.49,20.47,20.59,20.4,23800.0,487224.0,20.47
001389.SZ,20260921,174.08,174.0,174.66,173.6,140500.0,24466951.68,174.14
001390.SZ,20260921,17.0,17.05,17.05,17.0,38000.0,647876.0,17.05
001391.SZ,20260921,4.01,4.01,4.02,4.01,56400.0,226215.0,4.01
001393.SZ,20260921,43.6,43.62,43.7,43.45,48400.0,2111379.04,43.62
001395.SZ,20260921,28.98,28.98,28.98,28.98,16000.0,463680.0,28.98
001396.SZ,20260921,32.4,32.24,32.4,32.24,37900.0,1222088.0,32.25
001399.SZ,20260921,23.86,23.88,23.9,23.72,2988200.0,71303413.76,23.86
001400.SZ,20260921,75.42,75.41,75.43,75.0,4400.0,331492.0,75.34
001696.SZ,20260921,15.46,15.46,15.49,15.44,222100.0,3433032.96,15.46
001872.SZ,20260921,23.07,23.09,23.09,23.07,6000.0,138464.0,23.08
001896.SZ,20260921,12.01,11.98,12.04,11.97,659600.0,7903774.72,11.98
001914.SZ,20260921,8.85,8.87,8.88,8.85,74900.0,664070.0,8.87
001965.SZ,20260921,9.9,9.9,9.92,9.9,62800.0,621835.0,9.9
001979.SZ,20260921,6.94,6.97,6.98,6.93,1922500.0,13387043.84,6.96
002001.SZ,20260921,26.23,26.23,26.27,26.23,159792.0,4192307.2,26.24
002003.SZ,20260921,11.58,11.57,11.58,11.55,17800.0,205960.0,11.57
002004.SZ,20260921,4.39,4.41,4.41,4.38,288500.0,1268384.96,4.4
002005.SZ,20260921,2.64,2.66,2.67,2.64,2586100.0,6877420.16,2.66
002006.SZ,20260921,13.33,13.32,13.33,13.32,32300.0,430311.0,13.32
002007.SZ,20260921,12.96,12.95,12.96,12.95,55300.0,716170.0,12.95
002008.SZ,20260921,99.94,99.67,99.99,99.66,686900.0,68476656.64,99.69
002009.SZ,20260921,15.61,15.61,15.65,15.59,38700.0,604150.0,15.61
002010.SZ,20260921,4.55,4.55,4.55,4.54,122800.0,558523.0,4.55
002011.SZ,20260921,14.23,14.11,14.35,14.11,386800.0,5469704.96,14.14
002012.SZ,20260921,7.31,7.31,7.32,7.31,50500.0,369185.0,7.31
002014.SZ,20260921,10.97,10.99,10.99,10.97,14200.0,155956.0,10.98
002015.SZ,20260921,15.87,15.88,15.9,15.83,395000.0,6270906.24,15.88
002016.SZ,20260921,4.56,4.56,4.57,4.53,500300.0,2279929.92,4.56
002017.SZ,20260921,14.55,14.49,14.59,14.49,445300.0,6462131.84,14.51
002019.SZ,20260921,9.4,9.4,9.41,9.4,26000.0,244416.0,9.4
002020.SZ,20260921,11.47,11.44,11.47,11.44,172500.0,1974784.96,11.45
002021.SZ,20260921,2.63,2.63,2.63,2.63,55600.0,146228.0,2.63
002022.SZ,20260921,5.72,5.68,5.72,5.68,126900.0,722876.0,5.7
002023.SZ,20260921,9.55,9.56,9.56,9.55,37000.0,353681.0,9.56
002024.SZ,20260921,1.16,1.16,1.16,1.16,294500.0,341620.0,1.16
002025.SZ,20260921,73.98,74.0,74.0,73.5,60600.0,4481798.08,73.96
002026.SZ,20260921,11.63,11.63,11.67,11.58,208400.0,2423972.0,11.63
002027.SZ,20260921,4.67,4.66,4.68,4.66,710600.0,3315036.16,4.67
002028.SZ,20260921,137.86,138.0,138.24,137.86,105700.0,14587138.56,138.01
002029.SZ,20260921,9.23,9.25,9.25,9.11,2394900.0,22140684.8,9.25
002030.SZ,20260921,5.38,5.43,5.43,5.38,325820.0,1768777.6,5.43
002031.SZ,20260921,5.19,5.2,5.2,5.18,1011300.0,5256842.88,5.2
002032.SZ,20260921,40.13,39.88,40.13,39.88,8000.0,319563.0,39.95
002033.SZ,20260921,8.44,8.43,8.44,8.43,138158.0,1164847.04,8.43
002034.SZ,20260921,14.38,14.38,14.39,14.38,33500.0,481731.0,14.38
002035.SZ,20260921,4.52,4.51,4.53,4.51,55700.0,251380.0,4.51
002036.SZ,20260921,6.32,6.3,6.32,6.3,208400.0,1313604.0,6.3
002037.SZ,20260921,6.79,6.79,6.8,6.79,36000.0,244441.0,6.79
002038.SZ,20260921,5.7,5.72,5.76,5.69,265300.0,1519825.92,5.73
002039.SZ,20260921,19.27,19.28,19.28,19.27,18800.0,362458.0,19.28
002040.SZ,20260921,9.26,9.26,9.27,9.25,194000.0,1796449.92,9.26
002041.SZ,20260921,10.21,10.2,10.28,10.2,382500.0,3905703.04,10.21
002042.SZ,20260921,3.86,3.85,3.86,3.84,430900.0,1659179.04,3.85
002043.SZ,20260921,10.95,11.0,11.0,10.92,64800.0,711554.0,10.98
002044.SZ,20260921,4.42,4.41,4.44,4.39,2426000.0,10698272.0,4.41
002045.SZ,20260921,9.1,9.06,9.1,9.05,73100.0,662333.0,9.06
002046.SZ,20260921,64.2,64.23,64.23,64.1,172700.0,11091403.52,64.22
002047.SZ,20260921,3.42,3.42,3.42,3.42,117400.0,401508.0,3.42
002048.SZ,20260921,18.32,18.32,18.37,18.3,104800.0,1919904.96,18.32
002049.SZ,20260921,61.63,61.58,61.66,61.58,114900.0,7076746.88,61.59
002050.SZ,20260921,35.45,35.43,35.5,35.4,255900.0,9068542.72,35.44
002051.SZ,20260921,9.15,9.07,9.18,9.07,1619612.96,14722458.88,9.09
002052.SZ,20260921,8.41,8.41,8.45,8.41,11200.0,94300.0,8.42
002053.SZ,20260921,9.61,9.63,9.63,9.6,24800.0,238732.0,9.63
002054.SZ,20260921,7.09,7.09,7.09,7.06,14900.0,105607.0,7.09
002055.SZ,20260921,6.7,6.71,6.71,6.7,112700.0,756216.0,6.71
002056.SZ,20260921,20.36,20.33,20.4,20.33,120400.0,2448580.0,20.34
002057.SZ,20260921,8.94,8.94,8.95,8.91,110500.0,987744.96,8.94
002058.SZ,20260921,16.89,16.99,16.99,16.89,12900.0,219132.0,16.99
002059.SZ,20260921,4.53,4.52,4.54,4.52,1010800.0,4569535.04,4.52
002060.SZ,20260921,3.05,3.05,3.06,3.05,87300.0,266584.0,3.05
002061.SZ,20260921,3.33,3.34,3.34,3.33,38100.0,127253.0,3.34
002062.SZ,20260921,9.65,9.75,9.75,9.64,491600.0,4790069.12,9.74
002063.SZ,20260921,5.36,5.36,5.37,5.36,27200.0,145795.0,5.36
002064.SZ,20260921,9.9,9.91,9.91,9.87,62300.0,617021.0,9.9
002065.SZ,20260921,6.68,6.66,6.69,6.66,85600.0,570294.0,6.66
002066.SZ,20260921,20.1,20.1,20.1,20.1,12300.0,247230.0,20.1
002067.SZ,20260921,4.09,4.09,4.09,4.08,229600.0,939014.0,4.09
002068.SZ,20260921,9.7,9.58,9.8,9.58,1497895.04,14379054.08,9.6
002069.SZ,20260921,3.66,3.67,3.67,3.65,98300.0,360716.0,3.67
002072.SZ,20260921,7.09,7.11,7.13,7.06,107800.0,766392.96,7.11
002073.SZ,20260921,5.72,5.72,5.73,5.72,16500.0,94388.0,5.72
002074.SZ,20260921,26.17,26.16,26.19,26.16,257600.0,6741591.04,26.17
002075.SZ,20260921,3.55,3.55,3.56,3.55,47400.0,168369.0,3.55
002076.SZ,20260921,2.13,2.13,2.14,2.13,156200.0,332936.0,2.13
002077.SZ,20260921,14.6,14.51,14.65,14.51,1034500.0,15022329.6,14.52
002078.SZ,20260921,14.21,14.27,14.27,14.2,223800.0,3192370.88,14.26
002079.SZ,20260921,9.25,9.25,9.25,9.21,253600.0,2345192.96,9.25
002080.SZ,20260921,59.18,59.01,59.6,59.0,3756088.96,221911511.04,59.08
002081.SZ,20260921,4.92,4.91,4.93,4.91,2233400.0,10970211.84,4.91
002082.SZ,20260921,9.55,9.55,9.56,9.53,47500.0,453702.0,9.55
002083.SZ,20260921,9.92,9.93,9.99,9.91,850900.0,8458414.72,9.94
002084.SZ,20260921,5.65,5.62,5.68,5.62,2366452.0,13324395.52,5.63
002085.SZ,20260921,9.58,9.56,9.59,9.56,143500.0,1372027.04,9.56
002086.SZ,20260921,2.0,2.0,2.01,2.0,335300.0,670787.0,2.0
002088.SZ,20260921,7.95,7.95,7.95,7.95,15500.0,123225.0,7.95
002090.SZ,20260921,9.06,9.06,9.08,9.06,131900.0,1195364.96,9.06
002091.SZ,20260921,7.64,7.63,7.66,7.62,63700.0,486426.0,7.64
002092.SZ,20260921,4.4,4.41,4.41,4.4,197600.0,870603.04,4.41
002093.SZ,20260921,7.4,7.4,7.47,7.4,329900.0,2448300.96,7.42
002094.SZ,20260921,5.12,5.12,5.14,5.1,249700.0,1279256.0,5.12
002095.SZ,20260921,16.5,16.62,16.72,16.47,662000.0,11004647.68,16.62
002096.SZ,20260921,9.17,9.18,9.18,9.16,25400.0,233087.0,9.18
002097.SZ,20260921,6.99,7.0,7.0,6.96,461100.0,3224876.16,6.99
002098.SZ,20260921,7.96,7.96,7.96,7.96,4900.0,39004.0,7.96
002099.SZ,20260921,5.37,5.37,5.37,5.37,68800.0,369456.0,5.37
002100.SZ,20260921,7.62,7.58,7.62,7.55,57200.0,433576.0,7.58
002101.SZ,20260921,8.75,8.7,8.75,8.69,17700.0,154020.0,8.7
002102.SZ,20260921,2.71,2.71,2.71,2.71,30400.0,82384.0,2.71
002103.SZ,20260921,6.5,6.49,6.5,6.49,27100.0,175883.0,6.49
002104.SZ,20260921,11.6,11.5,11.6,11.5,2393704.0,27564203.52,11.52
002105.SZ,20260921,5.93,5.93,5.95,5.93,33500.0,198690.0,5.93
002106.SZ,20260921,12.33,12.4,12.4,12.33,531700.0,6588328.96,12.39
002107.SZ,20260921,6.92,6.9,6.93,6.9,141800.0,979068.0,6.91
002108.SZ,20260921,4.39,4.4,4.4,4.38,141600.0,622442.0,4.4
002109.SZ,20260921,2.76,2.76,2.76,2.76,41300.0,113988.0,2.76
002110.SZ,20260921,2.91,2.91,2.91,2.91,39100.0,113781.0,2.91
002111.SZ,20260921,9.34,9.38,9.38,9.33,198700.0,1860019.04,9.36
002112.SZ,20260921,14.68,14.67,14.7,14.67,24000.0,352119.0,14.67
002114.SZ,20260921,7.29,7.28,7.29,7.28,34800.0,253346.0,7.28
002115.SZ,20260921,10.13,10.12,10.15,10.12,133700.0,1353592.96,10.12
002116.SZ,20260921,7.15,7.15,7.15,7.15,32560.0,232804.0,7.15
002117.SZ,20260921,7.64,7.64,7.65,7.64,67200.0,513412.0,7.64
002119.SZ,20260921,25.05,24.97,25.1,24.97,512810.0,12812340.48,24.99
002120.SZ,20260921,6.99,6.97,6.99,6.97,605100.0,4219161.92,6.97
002121.SZ,20260921,4.57,4.57,4.58,4.56,3241400.0,14812776.96,4.57
002122.SZ,20260921,2.77,2.76,2.77,2.76,150200.0,415397.0,2.77
002123.SZ,20260921,7.67,7.66,7.67,7.66,50300.0,385336.0,7.66
002124.SZ,20260921,2.25,2.25,2.25,2.24,702900.0,1581144.96,2.25
002125.SZ,20260921,12.11,12.1,12.12,12.1,27800.0,336481.0,12.1
002126.SZ,20260921,39.44,39.47,39.47,39.37,87100.0,3436896.0,39.46
002127.SZ,20260921,3.01,3.01,3.02,3.01,128500.0,386790.0,3.01
002128.SZ,20260921,27.66,27.66,27.72,27.66,104300.0,2885095.04,27.66
002129.SZ,20260921,8.77,8.76,8.79,8.76,693100.0,6074481.28,8.76
002130.SZ,20260921,17.2,17.21,17.25,17.18,262700.0,4520618.88,17.21
002131.SZ,20260921,4.51,4.5,4.53,4.5,1906500.0,8589363.84,4.51
002132.SZ,20260921,4.33,4.34,4.34,4.32,161700.0,701588.96,4.34
002133.SZ,20260921,2.76,2.75,2.77,2.74,907300.0,2495121.92,2.75
002134.SZ,20260921,27.31,27.57,27.59,27.14,1433900.0,39461992.96,27.52
002135.SZ,20260921,6.12,6.1,6.12,6.1,35000.0,213598.0,6.1
002136.SZ,20260921,11.86,11.85,11.86,11.85,22800.0,270218.0,11.85
002137.SZ,20260921,8.68,8.69,8.72,8.67,2030000.0,17640344.32,8.69
002138.SZ,20260921,54.0,53.91,54.5,53.8,948500.0,51186329.6,53.97
002139.SZ,20260921,9.64,9.64,9.65,9.64,55200.0,532250.0,9.64
002140.SZ,20260921,9.19,9.18,9.19,9.16,29600.0,271785.0,9.18
002141.SZ,20260921,6.49,6.51,6.52,6.48,719100.0,4678970.88,6.51
002142.SZ,20260921,34.52,34.52,34.59,34.5,123000.0,4245789.12,34.52
002144.SZ,20260921,10.47,10.46,10.47,10.46,28600.0,299196.0,10.46
002145.SZ,20260921,4.62,4.62,4.65,4.62,830800.0,3839934.08,4.62
002146.SZ,20260921,1.18,1.18,1.19,1.18,2685100.16,3168684.16,1.18
002148.SZ,20260921,6.25,6.25,6.25,6.25,99600.0,622500.0,6.25
002149.SZ,20260921,33.98,33.95,34.05,33.95,159700.0,5424181.12,33.97
002150.SZ,20260921,21.27,21.25,21.31,21.24,53000.0,1126796.96,21.26
002151.SZ,20260921,29.02,28.99,29.02,28.93,47100.0,1365347.84,28.99
002152.SZ,20260921,9.31,9.31,9.32,9.3,116300.0,1082499.04,9.31
002153.SZ,20260921,7.6,7.6,7.61,7.57,41100.0,312101.0,7.59
002154.SZ,20260921,3.87,3.87,3.88,3.87,30600.0,118439.0,3.87
002155.SZ,20260921,25.5,25.5,25.53,25.46,823472.96,20998464.0,25.5
002156.SZ,20260921,61.85,61.9,61.98,61.8,1898300.0,117454131.2,61.87
002157.SZ,20260921,3.02,3.02,3.02,3.01,735500.0,2218649.92,3.02
002158.SZ,20260921,28.63,28.6,28.8,28.6,160200.0,4591209.92,28.66
002159.SZ,20260921,13.44,13.3,13.44,13.3,77900.0,1038520.0,13.33
002160.SZ,20260921,3.91,3.9,3.91,3.9,61600.0,240298.0,3.9
002161.SZ,20260921,7.24,7.25,7.3,7.21,2962800.0,21478210.56,7.25
002162.SZ,20260921,4.16,4.17,4.19,4.15,1458900.0,6086140.16,4.17
002163.SZ,20260921,7.7,7.7,7.72,7.7,276900.0,2132192.96,7.7
002164.SZ,20260921,10.49,10.49,10.49,10.41,46100.0,483450.0,10.49
002165.SZ,20260921,7.05,7.05,7.06,7.03,238000.0,1677711.04,7.05
002166.SZ,20260921,6.62,6.61,6.62,6.61,106300.0,703162.0,6.62
002167.SZ,20260921,16.59,16.57,16.62,16.55,723900.0,12001172.48,16.58
002168.SZ,20260921,3.64,3.64,3.64,3.64,123600.0,449904.0,3.64
002169.SZ,20260921,14.03,13.99,14.1,13.98,838700.0,11746654.72,14.01
002170.SZ,20260921,10.91,10.92,10.92,10.91,124700.0,1361663.04,10.92
002171.SZ,20260921,10.73,10.73,10.75,10.71,395200.0,4240057.92,10.73
002172.SZ,20260921,5.72,5.69,5.81,5.67,13059362.56,74772070.4,5.73
002173.SZ,20260921,18.58,18.45,18.61,18.45,803672.96,14852728.32,18.48
002174.SZ,20260921,14.05,14.02,14.1,14.02,214300.0,3005843.84,14.03
002175.SZ,20260921,2.53,2.53,2.53,2.53,14700.0,37191.0,2.53
002176.SZ,20260921,8.53,8.52,8.53,8.51,171100.0,1457807.04,8.52
002177.SZ,20260921,5.67,5.67,5.7,5.66,235000.0,1333754.0,5.68
002178.SZ,20260921,4.6,4.6,4.61,4.6,117900.0,542342.0,4.6
002179.SZ,20260921,35.55,35.52,35.56,35.52,163100.0,5794124.16,35.53
002180.SZ,20260921,16.86,16.87,16.91,16.71,453000.0,7641685.12,16.87
002181.SZ,20260921,9.8,9.83,9.85,9.74,1444900.0,14189319.68,9.82
002182.SZ,20260921,11.58,11.57,11.58,11.57,15400.0,178187.0,11.57
002183.SZ,20260921,4.3,4.28,4.3,4.28,141400.0,605457.0,4.28
002184.SZ,20260921,9.72,9.72,9.73,9.72,19100.0,185655.0,9.72
002185.SZ,20260921,18.69,18.68,18.79,18.5,28351211.52,529532190.72,18.68
002186.SZ,20260921,9.27,9.27,9.29,9.27,37600.0,348728.04,9.27
002187.SZ,20260921,5.61,5.61,5.62,5.61,157100.0,881832.96,5.61
002188.SZ,20260921,5.38,5.37,5.38,5.37,64800.0,348108.0,5.37
002189.SZ,20260921,19.43,19.45,19.45,19.43,9300.0,180880.0,19.45
002190.SZ,20260921,24.43,24.4,24.43,24.4,16600.0,405106.0,24.4
002191.SZ,20260921,3.64,3.63,3.64,3.63,31000.0,112560.0,3.63
002192.SZ,20260921,61.08,61.05,61.18,61.05,122500.0,7482494.08,61.08
002193.SZ,20260921,4.64,4.64,4.64,4.64,25800.0,119712.0,4.64
002194.SZ,20260921,10.98,10.94,11.0,10.93,611100.0,6689013.76,10.95
002195.SZ,20260921,6.19,6.17,6.2,6.17,289400.0,1787631.04,6.18
002196.SZ,20260921,10.11,10.13,10.13,10.11,112800.0,1142372.0,10.13
002197.SZ,20260921,6.5,6.51,6.54,6.49,309100.0,2011696.0,6.51
002198.SZ,20260921,3.66,3.66,3.66,3.66,11800.0,43188.0,3.66
002199.SZ,20260921,12.4,12.32,12.5,12.32,67000.0,827948.96,12.36
002200.SZ,20260921,6.43,6.44,6.44,6.43,60900.0,392167.0,6.44
002201.SZ,20260921,10.51,10.51,10.61,10.48,1218992.0,12818142.72,10.52
002202.SZ,20260921,18.16,18.19,18.19,18.15,421300.0,7660188.8,18.18
002203.SZ,20260921,18.54,18.49,18.6,18.48,68000.0,1257922.0,18.5
002204.SZ,20260921,5.54,5.55,5.55,5.53,669800.0,3715746.88,5.55
002205.SZ,20260921,10.34,10.35,10.42,10.34,23500.0,243559.0,10.36
002206.SZ,20260921,4.96,4.95,4.96,4.95,69500.0,344027.0,4.95
002207.SZ,20260921,5.58,5.6,5.6,5.58,31200.0,174627.0,5.6
002208.SZ,20260921,9.94,9.98,10.0,9.94,200600.0,2001544.0,9.98
002209.SZ,20260921,13.05,13.01,13.06,13.01,13200.0,171858.0,13.02
002210.SZ,20260921,2.16,2.16,2.16,2.16,52300.0,112968.0,2.16
002211.SZ,20260921,3.81,3.8,3.81,3.8,84600.0,321787.0,3.8
002212.SZ,20260921,7.13,7.13,7.14,7.1,2824000.0,20129080.32,7.13
002213.SZ,20260921,29.53,29.5,29.57,29.48,157361.0,4644000.64,29.51
002214.SZ,20260921,18.3,18.03,18.3,18.03,36400.0,657510.0,18.06
002215.SZ,20260921,9.65,9.67,9.67,9.63,109200.0,1055519.04,9.67
002216.SZ,20260921,11.66,11.66,11.7,11.66,59600.0,695222.48,11.67
002217.SZ,20260921,1.61,1.61,1.62,1.6,5919399.68,9539603.2,1.61
002218.SZ,20260921,4.26,4.26,4.27,4.25,804400.0,3426870.08,4.26
002219.SZ,20260921,2.12,2.12,2.13,2.12,696800.0,1478020.96,2.12
002221.SZ,20260921,5.6,5.6,5.6,5.6,50500.0,282800.0,5.6
002222.SZ,20260921,69.95,69.88,69.99,69.88,164300.0,11484924.16,69.9
002223.SZ,20260921,26.27,26.25,26.33,26.25,28800.0,756372.96,26.26
002224.SZ,20260921,3.73,3.73,3.73,3.72,33700.0,125700.0,3.73
002225.SZ,20260921,3.52,3.52,3.53,3.52,116900.0,411872.0,3.52
002226.SZ,20260921,5.1,5.1,5.1,5.1,19000.0,96900.0,5.1
002227.SZ,20260921,6.37,6.37,6.37,6.37,100.0,637.0,6.37
002228.SZ,20260921,3.17,3.16,3.17,3.16,151000.0,477618.0,3.16
002229.SZ,20260921,11.05,11.01,11.08,11.01,354200.0,3900422.08,11.01
002230.SZ,20260921,38.59,38.51,38.59,38.51,110900.0,4271782.08,38.52
002232.SZ,20260921,15.35,15.38,15.4,15.32,226700.0,3485564.16,15.38
002233.SZ,20260921,7.14,7.15,7.15,7.14,130600.0,933695.04,7.15
002234.SZ,20260921,7.77,7.79,7.79,7.76,14800.0,115251.0,7.79
002235.SZ,20260921,8.17,8.17,8.2,8.17,89200.0,728839.04,8.17
002236.SZ,20260921,15.79,15.79,15.79,15.77,129100.0,2038380.0,15.79
002237.SZ,20260921,13.79,13.77,13.86,13.77,133100.0,1833912.96,13.78
002238.SZ,20260921,6.25,6.22,6.25,6.22,8900.0,55414.0,6.23
002239.SZ,20260921,2.49,2.49,2.5,2.49,124400.0,309819.0,2.49
002240.SZ,20260921,27.41,27.46,27.48,27.26,248100.0,6810247.04,27.45
002241.SZ,20260921,23.43,23.5,23.53,23.43,1341400.0,31523599.36,23.5
002242.SZ,20260921,9.45,9.4,9.47,9.39,222700.0,2095156.96,9.41
002243.SZ,20260921,7.04,7.05,7.1,7.04,59800.0,421763.0,7.05
002244.SZ,20260921,8.1,8.13,8.15,8.09,480600.0,3902643.84,8.12
002245.SZ,20260921,18.29,18.29,18.3,18.27,128500.0,2350248.96,18.29
002246.SZ,20260921,23.81,23.8,23.87,23.78,55700.0,1325860.0,23.8
002247.SZ,20260921,2.39,2.39,2.39,2.38,95600.0,228425.0,2.39
002248.SZ,20260921,9.54,9.55,9.56,9.51,258400.0,2466560.96,9.55
002249.SZ,20260921,6.4,6.41,6.41,6.39,161900.0,1037416.0,6.41
002250.SZ,20260921,14.15,14.14,14.15,14.14,48500.0,685804.96,14.14
002251.SZ,20260921,3.51,3.5,3.51,3.5,703500.0,2463088.0,3.5
002252.SZ,20260921,4.95,4.93,4.95,4.93,180600.0,890516.96,4.93
002253.SZ,20260921,9.84,9.74,9.84,9.74,9100.0,89032.0,9.78
002254.SZ,20260921,12.66,12.65,12.67,12.63,71100.0,899500.96,12.65
002255.SZ,20260921,7.69,7.68,7.69,7.68,14700.0,112935.0,7.68
002256.SZ,20260921,3.23,3.23,3.25,3.23,70800.0,229128.0,3.24
002258.SZ,20260921,14.65,14.68,14.68,14.65,91200.0,1338486.0,14.68
002259.SZ,20260921,4.08,4.08,4.1,4.08,72200.0,294580.0,4.08
002261.SZ,20260921,25.79,25.74,25.87,25.74,566000.0,14574580.48,25.75
002262.SZ,20260921,21.5,21.5,21.5,21.48,21900.0,470779.0,21.5
002263.SZ,20260921,3.21,3.21,3.22,3.2,182400.0,585561.0,3.21
002264.SZ,20260921,7.33,7.35,7.35,7.25,3189100.16,23422213.12,7.34
002265.SZ,20260921,20.11,20.11,20.12,20.11,126300.0,2539926.08,20.11
002266.SZ,20260921,5.0,4.99,5.01,4.98,669400.0,3341832.0,4.99
002267.SZ,20260921,7.14,7.12,7.14,7.12,5900.0,42016.0,7.12
002268.SZ,20260921,14.95,14.95,14.95,14.8,229300.0,3421655.04,14.92
002269.SZ,20260921,1.42,1.43,1.43,1.42,62200.0,88906.0,1.43
002270.SZ,20260921,18.51,18.51,18.51,18.41,53300.0,986236.96,18.5
002271.SZ,20260921,10.27,10.3,10.3,10.27,137200.0,1412476.0,10.3
002272.SZ,20260921,16.69,16.65,16.7,16.65,215800.0,3595264.0,16.66
002273.SZ,20260921,25.62,25.6,25.67,25.58,258300.0,6612677.76,25.6
002274.SZ,20260921,5.93,5.94,5.95,5.92,181949.0,1080357.12,5.94
002275.SZ,20260921,12.13,12.12,12.13,12.12,16200.0,196369.0,12.12
002276.SZ,20260921,10.05,10.05,10.09,10.04,30400.0,305591.0,10.05
002277.SZ,20260921,5.45,5.47,5.47,5.44,362200.0,1980104.96,5.47
002278.SZ,20260921,8.02,8.02,8.02,7.98,86700.0,694384.96,8.01
002279.SZ,20260921,6.84,6.83,6.85,6.8,252900.0,1727295.04,6.83
002281.SZ,20260921,198.01,198.0,198.38,197.5,386215.0,76446760.96,197.94
002282.SZ,20260921,6.05,5.98,6.05,5.98,42900.0,257507.0,6.0
002283.SZ,20260921,8.25,8.27,8.28,8.21,108900.0,899467.04,8.26
002284.SZ,20260921,9.56,9.54,9.58,9.54,44900.0,428608.0,9.55
002285.SZ,20260921,2.83,2.87,2.87,2.78,14460099.84,41367255.04,2.86
002286.SZ,20260921,7.71,7.72,7.72,7.71,53000.0,409131.0,7.72
002287.SZ,20260921,19.46,19.43,19.46,19.43,7900.0,153541.0,19.44
002289.SZ,20260921,37.13,37.18,37.3,36.95,60400.0,2244111.04,37.15
002290.SZ,20260921,69.0,68.5,69.0,68.5,121700.0,8356652.8,68.67
002291.SZ,20260921,5.57,5.54,5.57,5.54,118300.0,656120.0,5.55
002292.SZ,20260921,8.91,8.89,8.95,8.89,458800.0,4083078.08,8.9
002293.SZ,20260921,10.93,10.9,10.93,10.9,4200.0,45789.0,10.9
002294.SZ,20260921,30.65,30.6,30.66,30.55,43100.0,1318918.0,30.6
002295.SZ,20260921,10.07,10.03,10.07,10.03,446400.0,4478280.0,10.03
002296.SZ,20260921,9.38,9.39,9.4,9.35,159800.0,1500408.0,9.39
002297.SZ,20260921,22.11,22.25,22.26,22.01,901400.0,20032981.76,22.22
002298.SZ,20260921,8.97,9.18,9.18,8.96,4476200.0,40917552.64,9.14
002299.SZ,20260921,15.95,15.97,15.97,15.92,33400.0,533344.0,15.97
002300.SZ,20260921,8.56,8.6,8.6,8.43,4110300.16,35290170.88,8.59
002301.SZ,20260921,7.81,7.81,7.82,7.8,26000.0,203015.5,7.81
002302.SZ,20260921,4.63,4.65,4.65,4.63,22000.0,102193.0,4.65
002303.SZ,20260921,6.1,5.98,6.11,5.97,2330600.0,14055284.48,6.03
002304.SZ,20260921,38.05,38.1,38.26,38.05,46900.0,1786363.04,38.09
002305.SZ,20260921,2.01,2.01,2.01,2.01,147600.0,296676.0,2.01
002306.SZ,20260921,2.18,2.17,2.18,2.17,193300.0,419612.0,2.17
002307.SZ,20260921,2.99,2.99,3.0,2.99,194000.0,580354.0,2.99
002309.SZ,20260921,2.97,2.97,2.98,2.97,420000.0,1247472.96,2.97
002310.SZ,20260921,2.29,2.29,2.3,2.29,450000.0,1030604.96,2.29
002311.SZ,20260921,41.95,41.95,41.98,41.93,12100.0,507600.0,41.95
002312.SZ,20260921,8.5,8.5,8.51,8.49,168000.0,1427871.04,8.5
002313.SZ,20260921,8.33,8.35,8.38,8.33,81100.0,677167.04,8.35
002314.SZ,20260921,2.22,2.23,2.23,2.22,60700.0,135057.0,2.22
002315.SZ,20260921,24.09,24.08,24.18,24.06,32260.0,777601.84,24.1
002316.SZ,20260921,4.27,4.28,4.29,4.27,146600.0,627360.0,4.28
002317.SZ,20260921,24.37,24.33,24.39,24.33,43500.0,1058641.6,24.34
002318.SZ,20260921,18.25,18.27,18.27,18.24,18100.0,330639.0,18.27
002319.SZ,20260921,10.05,10.05,10.14,10.05,25800.0,259615.0,10.06
002320.SZ,20260921,6.65,6.63,6.65,6.63,239600.0,1589103.04,6.63
002321.SZ,20260921,2.08,2.09,2.09,2.07,1752400.0,3657565.12,2.09
002322.SZ,20260921,11.74,11.75,11.76,11.74,41200.0,484133.0,11.75
002323.SZ,20260921,1.25,1.25,1.25,1.25,527300.0,659125.0,1.25
002324.SZ,20260921,9.2,9.2,9.23,9.19,111200.0,1023276.96,9.2
002326.SZ,20260921,17.46,17.5,17.52,17.43,156300.0,2733774.08,17.49
002327.SZ,20260921,6.11,6.11,6.12,6.11,21200.0,129543.0,6.11
002328.SZ,20260921,8.18,8.2,8.22,8.16,533200.0,4373198.08,8.2
002329.SZ,20260921,3.6,3.61,3.61,3.59,88500.0,318970.0,3.6
002330.SZ,20260921,4.02,4.03,4.03,4.02,35500.0,143056.0,4.03
002331.SZ,20260921,6.67,6.65,6.67,6.65,76500.0,508759.0,6.65
002332.SZ,20260921,8.55,8.58,8.58,8.55,13500.0,115737.0,8.57
002333.SZ,20260921,5.29,5.29,5.29,5.29,104700.0,553863.0,5.29
002334.SZ,20260921,6.57,6.57,6.58,6.57,74900.0,492100.0,6.57
002335.SZ,20260921,29.94,29.94,29.99,29.8,204400.0,6120357.12,29.94
002337.SZ,20260921,4.66,4.66,4.66,4.66,29200.0,136072.0,4.66
002338.SZ,20260921,42.7,42.57,42.7,42.57,67600.0,2880353.92,42.61
002339.SZ,20260921,7.98,8.0,8.01,7.95,2096600.0,16766567.68,8.0
002340.SZ,20260921,6.22,6.23,6.23,6.22,479300.0,2985152.96,6.23
002342.SZ,20260921,7.87,7.91,7.92,7.87,713900.0,5645580.8,7.91
002343.SZ,20260921,5.64,5.62,5.65,5.62,323000.0,1816953.92,5.63
002344.SZ,20260921,4.0,3.99,4.0,3.99,27900.0,111368.0,3.99
002345.SZ,20260921,9.0,9.03,9.03,8.99,110800.0,999570.0,9.02
002346.SZ,20260921,18.99,18.9,18.99,18.9,66400.0,1255936.96,18.92
002347.SZ,20260921,5.89,5.88,5.9,5.87,27300.0,160458.0,5.88
002348.SZ,20260921,10.72,10.72,10.72,10.64,28800.0,308696.0,10.72
002349.SZ,20260921,7.99,7.98,8.0,7.97,1104000.0,8817413.76,7.99
002350.SZ,20260921,14.56,14.6,14.6,14.42,27000.0,393409.0,14.57
002351.SZ,20260921,9.99,10.0,10.0,9.98,26400.0,263957.0,10.0
002352.SZ,20260921,30.7,30.7,30.78,30.69,147000.0,4513046.08,30.7
002353.SZ,20260921,128.03,128.41,128.45,127.7,225400.0,28937103.36,128.38
002354.SZ,20260921,7.71,7.67,7.71,7.66,2661024.96,20433738.24,7.68
002355.SZ,20260921,4.66,4.66,4.67,4.66,19400.0,90411.0,4.66
002356.SZ,20260921,2.7,2.7,2.7,2.7,78100.0,210870.0,2.7
002357.SZ,20260921,11.88,11.88,11.9,11.88,27000.0,320871.0,11.88
002358.SZ,20260921,5.34,5.34,5.34,5.34,33400.0,178356.0,5.34
002360.SZ,20260921,5.25,5.27,5.27,5.21,286700.0,1508238.08,5.26
002361.SZ,20260921,10.59,10.59,10.62,10.49,864100.0,9141523.2,10.58
002362.SZ,20260921,16.56,16.55,16.6,16.55,130400.0,2159108.0,16.56
002363.SZ,20260921,6.72,6.7,6.72,6.7,8000.0,53608.0,6.7
002364.SZ,20260921,36.55,36.5,36.63,36.38,152200.0,5556753.92,36.51
002365.SZ,20260921,13.92,13.9,13.96,13.9,57600.0,800975.04,13.91
002366.SZ,20260921,5.72,5.71,5.72,5.71,285000.0,1627814.08,5.71
002367.SZ,20260921,6.02,6.07,6.11,6.02,3173100.16,19262443.52,6.07
002368.SZ,20260921,13.09,13.08,13.09,13.06,84700.0,1107742.64,13.08
002369.SZ,20260921,5.7,5.69,5.74,5.69,85300.0,485754.0,5.7
002370.SZ,20260921,5.25,5.23,5.25,5.23,40900.0,213993.0,5.23
002371.SZ,20260921,688.0,688.0,689.99,687.0,63600.0,43758760.96,688.03
002372.SZ,20260921,8.08,8.09,8.1,8.08,80400.0,650127.0,8.09
002373.SZ,20260921,7.37,7.36,7.37,7.36,39000.0,287112.0,7.36
002374.SZ,20260921,3.1,3.1,3.1,3.09,71500.0,221630.0,3.1
002375.SZ,20260921,3.79,3.76,3.83,3.76,565800.0,2140649.92,3.78
002376.SZ,20260921,6.57,6.57,6.57,6.57,26000.0,170820.0,6.57
002377.SZ,20260921,3.09,3.09,3.1,3.08,1094700.0,3382186.88,3.09
002378.SZ,20260921,23.71,23.7,23.78,23.63,201300.0,4773738.88,23.72
002379.SZ,20260921,17.53,17.51,17.58,17.51,137900.0,2416443.04,17.52
002380.SZ,20260921,26.9,27.0,27.0,26.89,21900.0,590845.0,26.98
002381.SZ,20260921,5.46,5.49,5.49,5.46,49500.0,271446.0,5.48
002382.SZ,20260921,5.86,5.84,5.87,5.84,29500.0,172435.0,5.85
002383.SZ,20260921,8.0,7.98,8.09,7.98,298100.0,2388156.0,8.01
002384.SZ,20260921,197.22,197.0,197.76,196.66,698542.0,137635133.44,197.03
002385.SZ,20260921,3.18,3.18,3.19,3.17,562200.0,1787636.0,3.18
002386.SZ,20260921,5.88,5.88,5.88,5.87,713700.0,4196535.04,5.88
002387.SZ,20260921,6.99,7.0,7.0,6.97,325400.0,2272384.96,6.98
002388.SZ,20260921,7.18,7.19,7.21,7.14,442700.0,3182576.0,7.19
002389.SZ,20260921,18.8,18.76,18.8,18.71,195500.0,3668784.0,18.77
002390.SZ,20260921,2.95,2.95,2.96,2.95,102100.0,301200.0,2.95
002391.SZ,20260921,5.16,5.17,5.17,5.16,24000.0,124041.0,5.17
002392.SZ,20260921,7.8,7.8,7.8,7.76,34200.0,266631.0,7.8
002393.SZ,20260921,13.64,13.65,13.65,13.6,2500.0,34074.0,13.63
002394.SZ,20260921,10.4,10.45,10.45,10.4,31500.0,328615.0,10.43
002395.SZ,20260921,12.45,12.43,12.45,12.41,31600.0,392820.0,12.43
002396.SZ,20260921,38.35,38.3,38.5,38.3,1056710.0,40493872.64,38.32
002397.SZ,20260921,3.68,3.68,3.69,3.67,150900.0,555404.0,3.68
002398.SZ,20260921,4.16,4.16,4.18,4.15,287200.0,1194956.96,4.16
002399.SZ,20260921,9.42,9.37,9.42,9.37,80100.0,750722.0,9.37
002400.SZ,20260921,6.59,6.59,6.6,6.57,659600.0,4346924.16,6.59
002401.SZ,20260921,12.09,12.09,12.09,12.09,20900.0,252681.0,12.09
002402.SZ,20260921,19.03,19.0,19.08,18.99,126200.0,2398419.04,19.0
002403.SZ,20260921,9.74,9.69,9.76,9.69,178400.0,1731270.08,9.7
002404.SZ,20260921,5.84,5.8,5.84,5.8,159200.0,923516.0,5.8
002405.SZ,20260921,6.06,6.04,6.06,6.04,131500.0,794494.0,6.04
002406.SZ,20260921,6.49,6.49,6.5,6.46,115300.0,748212.96,6.49
002407.SZ,20260921,33.3,33.22,33.35,33.22,440200.0,14629344.0,33.23
002408.SZ,20260921,5.39,5.39,5.39,5.38,155300.0,837058.0,5.39
002409.SZ,20260921,140.88,140.88,141.05,140.01,316100.0,44532869.12,140.88
002410.SZ,20260921,8.43,8.41,8.43,8.4,47200.0,396984.0,8.41
002412.SZ,20260921,9.14,9.15,9.15,9.08,734000.0,6709450.88,9.14
002413.SZ,20260921,8.29,8.32,8.32,8.28,244000.0,2028871.04,8.31
002414.SZ,20260921,12.41,12.43,12.43,12.39,507200.0,6298428.8,12.42
002415.SZ,20260921,33.0,32.99,33.02,32.97,225345.0,7434277.12,32.99
002416.SZ,20260921,9.04,9.0,9.04,9.0,115700.0,1041692.96,9.0
002418.SZ,20260921,4.67,4.67,4.68,4.65,658100.0,3072611.84,4.67
002419.SZ,20260921,4.61,4.62,4.62,4.61,39400.0,181899.0,4.62
002420.SZ,20260921,6.03,6.02,6.03,6.02,30600.0,184229.0,6.02
002421.SZ,20260921,3.2,3.19,3.2,3.18,548100.0,1749071.04,3.19
002422.SZ,20260921,39.89,39.88,39.98,39.88,87900.0,3507722.88,39.91
002423.SZ,20260921,9.21,9.2,9.21,9.2,67700.0,622894.0,9.2
002424.SZ,20260921,4.49,4.49,4.49,4.49,29400.0,132006.0,4.49
002425.SZ,20260921,3.07,3.08,3.09,3.06,352800.0,1083330.0,3.07
002426.SZ,20260921,2.61,2.62,2.62,2.61,293400.0,768292.0,2.62
002427.SZ,20260921,4.62,4.61,4.62,4.61,25000.0,115275.0,4.61
002428.SZ,20260921,94.0,94.0,94.27,93.91,512412.0,48172088.32,94.01
002429.SZ,20260921,8.17,8.16,8.18,8.16,218200.0,1781499.04,8.17
002430.SZ,20260921,26.03,25.95,26.03,25.95,36500.0,947428.0,25.96
002431.SZ,20260921,1.34,1.35,1.35,1.34,167500.0,226123.0,1.35
002432.SZ,20260921,61.88,61.8,61.96,61.7,120000.0,7417552.0,61.81
002434.SZ,20260921,5.88,5.88,5.91,5.85,165100.0,970566.0,5.88
002436.SZ,20260921,43.31,43.33,43.46,43.12,2077300.0,89973073.92,43.31
002437.SZ,20260921,3.51,3.5,3.53,3.5,3332880.0,11680203.52,3.51
002438.SZ,20260921,13.45,13.46,13.48,13.45,34900.0,469633.0,13.46
002439.SZ,20260921,13.97,14.0,14.01,13.97,323700.0,4531260.16,14.0
002440.SZ,20260921,12.55,12.63,12.67,12.55,1453200.0,18351441.92,12.63
002441.SZ,20260921,8.11,8.1,8.11,8.09,70300.0,569460.0,8.1
002442.SZ,20260921,5.56,5.59,5.59,5.55,789900.0,4412639.04,5.59
002443.SZ,20260921,12.74,12.72,12.75,12.72,360000.0,4581384.0,12.73
002444.SZ,20260921,28.47,28.5,28.55,28.28,126700.0,3610224.96,28.49
002445.SZ,20260921,3.17,3.15,3.17,3.15,627740.0,1978284.0,3.15
002446.SZ,20260921,8.16,8.14,8.17,8.14,47300.0,385235.0,8.15
002448.SZ,20260921,11.32,11.28,11.32,11.28,139400.0,1574326.08,11.29
002449.SZ,20260921,6.58,6.56,6.58,6.56,149300.0,979516.96,6.56
002451.SZ,20260921,7.58,7.55,7.6,7.55,112400.0,849135.04,7.56
002452.SZ,20260921,12.14,12.11,12.14,12.11,35600.0,431157.0,12.11
002453.SZ,20260921,5.87,5.85,5.87,5.73,22755998.72,133314734.08,5.86
002454.SZ,20260921,5.0,5.0,5.0,5.0,110800.0,554000.0,5.0
002455.SZ,20260921,7.13,7.14,7.14,7.13,62800.0,448376.0,7.14
002456.SZ,20260921,7.02,7.02,7.02,7.0,254500.0,1785656.96,7.02
002457.SZ,20260921,11.36,11.37,11.37,11.35,167700.0,1906369.92,11.37
002458.SZ,20260921,8.38,8.38,8.39,8.37,92900.0,778448.96,8.38
002459.SZ,20260921,6.83,6.84,6.84,6.82,463400.0,3168249.92,6.84
002460.SZ,20260921,46.22,46.21,46.29,46.21,374670.0,17316408.32,46.22
002461.SZ,20260921,8.33,8.37,8.37,8.33,27000.0,225887.0,8.37
002462.SZ,20260921,12.2,12.2,12.21,12.2,50400.0,614925.0,12.2
002463.SZ,20260921,125.72,125.72,125.9,125.0,557400.0,70060129.28,125.69
002465.SZ,20260921,10.29,10.29,10.3,10.27,228400.0,2349872.96,10.29
002466.SZ,20260921,42.91,42.87,42.93,42.87,235700.0,10106652.16,42.88
002467.SZ,20260921,4.54,4.55,4.55,4.53,404000.0,1837484.96,4.55
002468.SZ,20260921,15.12,15.15,15.15,15.04,542500.0,8217244.16,15.15
002469.SZ,20260921,6.03,6.03,6.03,6.02,29000.0,174823.0,6.03
002470.SZ,20260921,2.1,2.09,2.11,2.09,1798500.0,3765472.96,2.09
002471.SZ,20260921,5.85,5.86,5.88,5.81,3819744.0,22371143.68,5.86
002472.SZ,20260921,36.46,36.44,36.49,36.36,54100.0,1971448.96,36.44
002474.SZ,20260921,6.35,6.34,6.35,6.34,26600.0,168674.0,6.34
002475.SZ,20260921,54.63,54.63,54.65,54.4,765600.0,41808463.36,54.61
002476.SZ,20260921,4.85,4.85,4.85,4.85,31200.0,151320.0,4.85
002478.SZ,20260921,6.49,6.5,6.5,6.45,161700.0,1049246.0,6.49
002479.SZ,20260921,5.81,5.82,5.82,5.81,114200.0,664606.0,5.82
002480.SZ,20260921,5.21,5.21,5.21,5.21,33600.0,175056.0,5.21
002481.SZ,20260921,4.21,4.21,4.24,4.21,69500.0,293203.0,4.22
002482.SZ,20260921,1.34,1.34,1.34,1.34,480500.0,643870.0,1.34
002483.SZ,20260921,6.0,6.02,6.05,5.98,145200.0,874040.0,6.02
002484.SZ,20260921,62.48,62.46,62.48,62.25,563500.0,35190863.36,62.45
002485.SZ,20260921,5.9,5.9,5.9,5.9,36600.0,215940.0,5.9
002486.SZ,20260921,2.8,2.81,2.81,2.8,78600.0,220808.0,2.81
002487.SZ,20260921,39.0,39.01,39.2,39.0,1615100.0,63027466.24,39.02
002488.SZ,20260921,7.68,7.68,7.7,7.68,161200.0,1238142.0,7.68
002489.SZ,20260921,3.16,3.15,3.17,3.15,1306300.0,4119568.96,3.15
002490.SZ,20260921,7.18,7.19,7.19,7.15,613000.0,4403001.92,7.18
002491.SZ,20260921,24.2,24.23,24.29,24.15,3068600.0,74333429.76,24.22
002492.SZ,20260921,5.8,5.8,5.8,5.79,26900.0,155986.0,5.8
002493.SZ,20260921,12.83,12.83,12.84,12.81,185000.0,2373131.04,12.83
002494.SZ,20260921,4.53,4.53,4.55,4.53,270800.0,1227208.96,4.53
002495.SZ,20260921,2.36,2.36,2.37,2.36,85900.0,202730.0,2.36
002496.SZ,20260921,2.14,2.14,2.14,2.14,146700.0,313938.0,2.14
002497.SZ,20260921,16.71,16.7,16.73,16.7,329100.0,5496778.88,16.7
002498.SZ,20260921,6.53,6.52,6.55,6.52,1387700.0,9051198.08,6.52
002500.SZ,20260921,5.23,5.22,5.23,5.22,163000.0,850898.0,5.22
002501.SZ,20260921,1.34,1.34,1.35,1.33,2898700.16,3883527.04,1.34
002506.SZ,20260921,2.5,2.5,2.5,2.49,1130000.0,2823502.08,2.5
002507.SZ,20260921,11.1,11.1,11.1,11.07,118100.0,1310035.04,11.09
002508.SZ,20260921,16.35,16.33,16.39,16.33,23000.0,375749.0,16.34
002510.SZ,20260921,5.79,5.78,5.8,5.78,215400.0,1245723.04,5.78
002511.SZ,20260921,7.0,6.99,7.0,6.98,61100.0,427173.0,6.99
002512.SZ,20260921,3.97,3.98,3.98,3.97,194900.0,775359.04,3.98
002513.SZ,20260921,5.26,5.25,5.27,5.25,114300.0,600227.0,5.25
002514.SZ,20260921,2.56,2.54,2.56,2.54,564200.0,1434260.0,2.54
002515.SZ,20260921,7.72,7.65,7.72,7.62,848400.0,6510538.88,7.67
002516.SZ,20260921,5.75,5.74,5.75,5.74,74500.0,427736.0,5.74
002517.SZ,20260921,16.49,16.46,16.49,16.46,180500.0,2972263.04,16.47
002518.SZ,20260921,40.59,40.67,40.86,40.41,848700.0,34508935.68,40.66
002519.SZ,20260921,6.14,6.13,6.14,6.1,716600.0,4391568.0,6.13
002520.SZ,20260921,6.22,6.2,6.22,6.2,81400.0,504761.0,6.2
002521.SZ,20260921,6.4,6.37,6.4,6.37,34300.0,218552.0,6.37
002522.SZ,20260921,6.0,6.02,6.03,6.0,1460003.04,8786284.16,6.02
002523.SZ,20260921,3.4,3.41,3.41,3.39,74900.0,255092.0,3.41
002524.SZ,20260921,3.96,3.94,3.96,3.94,96300.0,379568.0,3.94
002526.SZ,20260921,2.63,2.63,2.64,2.63,60600.0,159528.0,2.63
002527.SZ,20260921,10.93,10.98,10.98,10.91,96700.0,1061390.0,10.98
002528.SZ,20260921,6.18,6.22,6.22,6.15,1250700.0,7769546.24,6.21
002529.SZ,20260921,6.56,6.56,6.56,6.51,33600.0,220355.0,6.56
002530.SZ,20260921,7.18,7.19,7.2,7.18,57400.0,412812.0,7.19
002531.SZ,20260921,7.55,7.53,7.6,7.53,2302852.96,17355321.6,7.54
002532.SZ,20260921,12.79,12.81,12.82,12.79,376100.0,4817712.96,12.81
002533.SZ,20260921,10.92,10.96,10.96,10.92,72500.0,794492.0,10.96
002534.SZ,20260921,16.74,16.76,16.86,16.7,280600.0,4703325.12,16.76
002535.SZ,20260921,2.38,2.37,2.39,2.37,176800.0,419715.0,2.37
002536.SZ,20260921,53.9,53.94,54.0,53.88,443800.0,23940856.32,53.95
002537.SZ,20260921,5.86,5.84,5.88,5.84,416600.0,2434872.0,5.85
002538.SZ,20260921,6.64,6.64,6.64,6.64,118400.0,786176.0,6.64
002539.SZ,20260921,12.22,12.27,12.27,12.22,47100.0,577282.0,12.26
002540.SZ,20260921,4.96,4.97,4.97,4.95,28400.0,141122.0,4.97
002541.SZ,20260921,18.75,18.76,18.76,18.68,42200.0,791112.96,18.75
002542.SZ,20260921,1.67,1.67,1.68,1.67,89900.0,150233.0,1.67
002543.SZ,20260921,7.16,7.14,7.16,7.14,95400.0,681356.96,7.14
002544.SZ,20260921,16.2,16.19,16.2,16.18,73000.0,1181943.04,16.19
002545.SZ,20260921,15.9,15.9,15.9,15.88,80200.0,1274984.96,15.9
002546.SZ,20260921,7.58,7.6,7.6,7.57,121000.0,918986.0,7.6
002547.SZ,20260921,2.46,2.46,2.47,2.46,146600.0,360770.0,2.46
002548.SZ,20260921,4.01,4.02,4.02,4.01,212000.0,852031.04,4.02
002549.SZ,20260921,13.72,13.65,13.72,13.65,68200.0,931292.0,13.66
002550.SZ,20260921,6.45,6.44,6.45,6.44,15400.0,99196.0,6.44
002551.SZ,20260921,3.25,3.24,3.25,3.24,170724.0,553461.76,3.24
002552.SZ,20260921,54.5,54.27,54.6,54.27,195300.0,10612190.08,54.34
002553.SZ,20260921,15.8,15.75,15.81,15.75,33200.0,523415.0,15.77
002554.SZ,20260921,2.76,2.77,2.77,2.76,175700.0,485580.0,2.76
002555.SZ,20260921,17.58,17.59,17.6,17.58,142607.0,2508326.08,17.59
002556.SZ,20260921,5.16,5.16,5.17,5.16,21000.0,108361.0,5.16
002557.SZ,20260921,17.98,17.98,17.99,17.97,19800.0,356011.0,17.98
002558.SZ,20260921,24.81,24.83,24.86,24.79,581700.0,14440756.48,24.83
002559.SZ,20260921,9.26,9.26,9.27,9.25,201800.0,1868494.08,9.26
002560.SZ,20260921,7.33,7.34,7.36,7.27,2326680.0,17064679.68,7.33
002561.SZ,20260921,7.38,7.39,7.4,7.37,123800.0,914508.0,7.39
002562.SZ,20260921,4.78,4.77,4.78,4.77,43600.0,208084.0,4.77
002563.SZ,20260921,5.44,5.44,5.44,5.44,73100.0,397664.0,5.44
002564.SZ,20260921,4.86,4.84,4.87,4.84,161400.0,781738.0,4.84
002565.SZ,20260921,8.97,8.95,8.98,8.93,605600.0,5422552.96,8.95
002566.SZ,20260921,6.99,6.98,7.0,6.98,19600.0,136815.0,6.98
002567.SZ,20260921,3.75,3.74,3.75,3.74,128200.0,480020.0,3.74
002568.SZ,20260921,17.94,17.88,17.94,17.88,66600.0,1191296.0,17.89
002569.SZ,20260921,11.22,11.3,11.3,11.22,12700.0,143502.0,11.3
002570.SZ,20260921,4.38,4.37,4.41,4.37,163400.0,718343.04,4.4
002571.SZ,20260921,10.85,10.85,10.85,10.85,1700.0,18445.0,10.85
002572.SZ,20260921,7.31,7.31,7.31,7.3,86400.0,631534.0,7.31
002573.SZ,20260921,3.11,3.12,3.12,3.11,113300.0,352841.0,3.11
002574.SZ,20260921,5.04,5.05,5.05,5.04,11000.0,55545.0,5.05
002575.SZ,20260921,5.13,5.15,5.15,5.12,51300.0,264076.0,5.15
002576.SZ,20260921,14.19,14.18,14.23,14.18,10000.0,141902.0,14.19
002577.SZ,20260921,22.06,22.05,22.1,22.05,264900.0,5843210.24,22.06
002578.SZ,20260921,3.96,3.94,3.97,3.94,32800.0,129394.0,3.95
002579.SZ,20260921,19.35,19.35,19.5,19.33,2378302.08,46054589.44,19.36
002580.SZ,20260921,19.42,19.42,19.47,19.35,269000.0,5222990.08,19.42
002581.SZ,20260921,5.18,5.17,5.18,5.17,14300.0,73963.0,5.17
002582.SZ,20260921,9.75,9.76,9.77,9.75,140500.0,1371060.96,9.76
002583.SZ,20260921,8.26,8.26,8.3,8.26,23400.0,193423.0,8.27
002584.SZ,20260921,9.63,9.58,9.68,9.58,6384099.84,61200455.68,9.59
002585.SZ,20260921,11.95,11.86,11.99,11.85,10146099.84,120458004.48,11.87
002586.SZ,20260921,3.78,3.79,3.79,3.78,28900.0,109530.0,3.79
002587.SZ,20260921,5.27,5.27,5.28,5.25,170100.0,896258.0,5.27
002588.SZ,20260921,7.68,7.66,7.68,7.66,42500.0,325567.0,7.66
002589.SZ,20260921,3.36,3.36,3.39,3.32,8196899.84,27552307.2,3.36
002590.SZ,20260921,9.67,9.67,9.67,9.65,31400.0,303595.0,9.67
002591.SZ,20260921,6.19,6.19,6.19,6.19,22300.0,138037.0,6.19
002592.SZ,20260921,6.4,6.4,6.4,6.4,10100.0,64640.0,6.4
002593.SZ,20260921,4.57,4.59,4.59,4.57,60400.0,277041.0,4.59
002594.SZ,20260921,84.27,84.27,84.28,84.2,309800.0,26106088.96,84.27
002595.SZ,20260921,39.59,39.56,39.6,39.56,15700.0,621237.32,39.57
002596.SZ,20260921,3.41,3.41,3.42,3.39,430200.0,1466815.04,3.41
002597.SZ,20260921,21.86,21.94,21.94,21.83,35100.0,769888.96,21.93
002598.SZ,20260921,6.97,6.97,6.98,6.97,215900.0,1504876.0,6.97
002599.SZ,20260921,5.49,5.49,5.5,5.49,32400.0,177877.0,5.49
002600.SZ,20260921,12.56,12.52,12.56,12.52,627851.0,7862903.68,12.52
002601.SZ,20260921,15.33,15.33,15.35,15.32,26500.0,406284.0,15.33
002602.SZ,20260921,14.7,14.76,14.78,14.7,766200.0,11299627.52,14.75
002603.SZ,20260921,15.27,15.27,15.28,15.23,93300.0,1424356.96,15.27
002605.SZ,20260921,16.66,16.66,16.7,16.66,18900.0,314982.0,16.67
002606.SZ,20260921,12.68,12.67,12.72,12.67,83700.0,1061428.0,12.68
002607.SZ,20260921,1.9,1.9,1.91,1.9,466300.0,886239.04,1.9
002608.SZ,20260921,7.33,7.33,7.33,7.32,32300.0,236670.0,7.33
002609.SZ,20260921,7.65,7.63,7.65,7.6,31000.0,236516.0,7.63
002611.SZ,20260921,14.0,13.97,14.0,13.97,117600.0,1643211.04,13.97
002612.SZ,20260921,17.07,17.05,17.1,17.05,62900.0,1072968.0,17.06
002613.SZ,20260921,3.61,3.61,3.63,3.6,1076599.04,3886946.56,3.61
002614.SZ,20260921,6.25,6.2,6.25,6.2,3565029.12,22193062.4,6.23
002615.SZ,20260921,6.25,6.18,6.25,6.18,315200.0,1948444.96,6.18
002616.SZ,20260921,4.87,4.87,4.87,4.86,27100.0,131971.0,4.87
002617.SZ,20260921,7.0,6.98,7.02,6.98,1901600.0,13280369.92,6.98
002620.SZ,20260921,5.77,5.77,5.78,5.77,35800.0,206578.0,5.77
002622.SZ,20260921,2.49,2.48,2.49,2.48,174700.0,433739.0,2.48
002623.SZ,20260921,19.15,18.68,19.15,18.66,1175900.0,22003973.12,18.71
002624.SZ,20260921,9.97,9.96,9.99,9.96,527358.0,5257319.36,9.97
002625.SZ,20260921,27.6,27.6,27.61,27.58,181100.0,4998286.08,27.6
002626.SZ,20260921,16.14,16.23,16.23,16.14,7200.0,116784.0,16.22
002627.SZ,20260921,6.81,6.82,6.82,6.8,86300.0,588320.0,6.82
002628.SZ,20260921,5.06,5.06,5.08,5.06,33639.0,170239.34,5.06
002629.SZ,20260921,4.28,4.27,4.28,4.25,125400.0,535542.0,4.27
002630.SZ,20260921,1.66,1.66,1.66,1.66,138800.0,230408.0,1.66
002631.SZ,20260921,13.32,13.29,13.49,13.29,1881056.96,25040058.88,13.31
002632.SZ,20260921,9.54,9.6,9.6,9.5,335500.0,3218741.12,9.59
002633.SZ,20260921,14.15,14.1,14.16,14.09,8900.0,125560.0,14.11
002634.SZ,20260921,4.04,4.04,4.04,4.04,50900.0,205636.0,4.04
002635.SZ,20260921,14.96,14.94,15.04,14.94,91400.0,1366527.04,14.95
002636.SZ,20260921,82.03,82.0,82.13,81.56,559300.0,45850680.32,81.98
002637.SZ,20260921,11.23,11.23,11.35,11.23,76700.0,861943.04,11.24
002638.SZ,20260921,4.23,4.23,4.23,4.2,187100.0,790966.0,4.23
002639.SZ,20260921,14.09,14.08,14.1,14.06,846200.0,11915645.44,14.08
002640.SZ,20260921,3.73,3.75,3.77,3.73,7110099.84,26662696.96,3.75
002641.SZ,20260921,3.8,3.8,3.8,3.79,45500.0,172681.0,3.8
002642.SZ,20260921,6.99,6.99,6.99,6.98,44900.0,313769.0,6.99
002643.SZ,20260921,13.58,13.58,13.6,13.53,209300.0,2841749.12,13.58
002644.SZ,20260921,8.26,8.24,8.26,8.24,15600.0,128734.0,8.25
002645.SZ,20260921,18.44,18.43,18.45,18.4,66770.0,1230540.16,18.43
002646.SZ,20260921,6.82,6.82,6.82,6.82,15100.0,102982.0,6.82
002647.SZ,20260921,10.9,10.9,10.92,10.9,39200.0,427286.0,10.9
002648.SZ,20260921,26.67,26.65,26.68,26.61,369960.0,9858277.76,26.65
002649.SZ,20260921,9.33,9.31,9.33,9.31,38900.0,362491.0,9.32
002650.SZ,20260921,6.65,6.65,6.65,6.65,52800.0,351120.0,6.65
002651.SZ,20260921,8.28,8.28,8.3,8.28,59100.0,489564.0,8.28
002652.SZ,20260921,4.65,4.65,4.65,4.64,78900.0,366879.0,4.65
002653.SZ,20260921,64.49,64.5,64.5,64.2,30700.0,1979521.92,64.48
002654.SZ,20260921,14.3,14.3,14.35,14.29,206800.0,2957825.92,14.3
002655.SZ,20260921,40.9,40.89,41.07,40.89,1051100.0,43015726.08,40.92
002656.SZ,20260921,2.79,2.79,2.8,2.79,197200.0,550369.0,2.79
002657.SZ,20260921,15.1,15.1,15.12,15.06,84500.0,1275854.0,15.1
002658.SZ,20260921,7.41,7.42,7.42,7.41,15300.0,113506.0,7.42
002659.SZ,20260921,4.44,4.44,4.46,4.44,16200.0,71997.0,4.44
002660.SZ,20260921,8.1,8.1,8.11,8.1,31800.0,257585.0,8.1
002661.SZ,20260921,7.44,7.44,7.45,7.43,123800.0,921118.0,7.44
002662.SZ,20260921,3.19,3.2,3.2,3.19,100800.0,322417.0,3.2
002663.SZ,20260921,1.72,1.72,1.72,1.72,63000.0,108360.0,1.72
002664.SZ,20260921,14.86,14.86,15.0,14.86,19900.0,295742.0,14.86
002666.SZ,20260921,4.15,4.15,4.17,4.15,309000.0,1282394.0,4.15
002667.SZ,20260921,19.84,19.84,19.94,19.82,212300.0,4215325.12,19.86
002668.SZ,20260921,9.09,9.08,9.09,9.07,75540.0,685908.64,9.08
002669.SZ,20260921,14.0,13.99,14.05,13.99,646100.0,9042654.08,14.0
002670.SZ,20260921,11.7,11.71,11.71,11.69,104500.0,1223456.96,11.71
002671.SZ,20260921,3.92,3.93,3.93,3.92,143900.0,565358.0,3.93
002672.SZ,20260921,3.6,3.59,3.6,3.59,22600.0,81135.0,3.59
002673.SZ,20260921,6.75,6.76,6.76,6.74,229500.0,1550886.08,6.76
002674.SZ,20260921,20.29,20.0,20.29,20.0,208600.0,4178405.12,20.03
002675.SZ,20260921,12.46,12.47,12.47,12.46,31000.0,386440.0,12.47
002676.SZ,20260921,5.3,5.28,5.32,5.28,383000.0,2022835.04,5.28
002677.SZ,20260921,6.17,6.18,6.18,6.17,37900.0,234221.0,6.18
002678.SZ,20260921,4.36,4.36,4.36,4.36,123600.0,538896.0,4.36
002679.SZ,20260921,10.92,10.87,10.93,10.87,145000.0,1577289.92,10.88
002681.SZ,20260921,4.62,4.62,4.62,4.6,143500.0,662864.0,4.62
002682.SZ,20260921,5.1,5.11,5.11,5.1,54600.0,278948.0,5.11
002683.SZ,20260921,28.1,28.28,28.35,28.1,19500.0,551002.0,28.26
002685.SZ,20260921,5.6,5.63,5.63,5.58,2973600.0,16710831.36,5.62
002686.SZ,20260921,6.22,6.22,6.22,6.2,13400.0,83328.0,6.22
002687.SZ,20260921,6.42,6.47,6.47,6.37,133500.0,863444.96,6.47
002688.SZ,20260921,5.13,5.12,5.13,5.12,34400.0,176131.0,5.12
002689.SZ,20260921,2.93,2.93,2.94,2.93,276700.0,810862.0,2.93
002690.SZ,20260921,15.39,15.39,15.39,15.39,12600.0,193914.0,15.39
002691.SZ,20260921,4.27,4.27,4.27,4.27,41100.0,175497.0,4.27
002692.SZ,20260921,4.29,4.29,4.3,4.29,16700.0,71680.0,4.29
002693.SZ,20260921,9.29,9.28,9.35,9.27,1386900.0,12877274.88,9.29
002694.SZ,20260921,2.39,2.37,2.39,2.37,15100.0,35915.0,2.38
002695.SZ,20260921,10.81,10.81,10.81,10.81,6200.0,67022.0,10.81
002696.SZ,20260921,6.67,6.68,6.74,6.66,638300.0,4264978.88,6.68
002697.SZ,20260921,4.66,4.65,4.69,4.65,156100.0,726826.0,4.66
002698.SZ,20260921,11.46,11.43,11.46,11.43,45200.0,516841.0,11.44
002700.SZ,20260921,6.33,6.34,6.35,6.33,13800.0,87492.0,6.34
002701.SZ,20260921,4.38,4.38,4.38,4.38,110500.0,483990.0,4.38
002702.SZ,20260921,5.53,5.52,5.54,5.51,470800.0,2598972.0,5.52
002703.SZ,20260921,15.48,15.49,15.49,15.42,239800.0,3713034.88,15.48
002705.SZ,20260921,11.85,11.78,11.85,11.78,158000.0,1863110.08,11.79
002706.SZ,20260921,8.53,8.54,8.54,8.51,159200.0,1358441.92,8.53
002707.SZ,20260921,5.1,5.09,5.1,5.09,155800.0,793668.0,5.09
002708.SZ,20260921,16.85,16.88,16.88,16.81,442000.0,7457299.84,16.87
002709.SZ,20260921,33.38,33.37,33.48,33.37,252500.0,8428106.88,33.38
002712.SZ,20260921,5.04,5.05,5.06,5.04,87100.0,439837.0,5.05
002713.SZ,20260921,11.0,10.94,11.15,10.93,2667148.96,29230044.16,10.96
002714.SZ,20260921,41.36,41.38,41.38,41.34,379700.0,15708313.6,41.37
002715.SZ,20260921,13.04,13.04,13.12,13.04,17700.0,231044.0,13.05
002716.SZ,20260921,9.94,9.99,9.99,9.92,3893000.0,38865571.84,9.98
002717.SZ,20260921,1.01,1.0,1.01,0.99,8780199.68,8774693.12,1.0
002718.SZ,20260921,85.1,85.09,85.1,85.09,2900.0,246763.0,85.09
002719.SZ,20260921,6.38,6.38,6.38,6.38,3300.0,21054.0,6.38
002721.SZ,20260921,2.73,2.72,2.74,2.72,707600.0,1926032.96,2.72
002722.SZ,20260921,13.05,12.96,13.05,12.96,6100.0,79101.0,12.97
002723.SZ,20260921,7.65,7.66,7.66,7.65,34500.0,264269.0,7.66
002724.SZ,20260921,7.24,7.21,7.26,7.2,1177900.0,8499537.28,7.22
002725.SZ,20260921,11.1,11.06,11.1,11.06,800.0,8854.0,11.07
002726.SZ,20260921,2.39,2.39,2.41,2.38,489900.0,1173452.96,2.4
002727.SZ,20260921,10.92,10.87,10.92,10.85,40800.0,443497.0,10.87
002728.SZ,20260921,9.7,9.69,9.73,9.69,230600.0,2235425.92,9.69
002729.SZ,20260921,13.94,13.94,13.94,13.93,19300.0,269017.0,13.94
002730.SZ,20260921,24.11,24.11,24.2,23.98,79200.0,1909385.92,24.11
002731.SZ,20260921,0.77,0.77,0.77,0.77,0.0,0.0,0.77
002732.SZ,20260921,13.76,13.73,13.76,13.71,23000.0,315858.0,13.73
002733.SZ,20260921,18.27,18.28,18.28,18.24,22900.0,418568.0,18.28
002734.SZ,20260921,18.93,18.91,18.97,18.91,619300.0,11714439.68,18.92
002735.SZ,20260921,12.91,12.95,13.0,12.88,1901900.0,24641438.72,12.96
002736.SZ,20260921,9.83,9.83,9.85,9.82,191000.0,1877622.24,9.83
002737.SZ,20260921,11.28,11.28,11.33,11.28,21900.0,247312.0,11.29
002738.SZ,20260921,44.2,44.12,44.2,44.12,76600.0,3381267.84,44.14
002739.SZ,20260921,8.6,8.6,8.61,8.59,512800.0,4410065.92,8.6
002741.SZ,20260921,25.52,25.5,25.52,25.45,181000.0,4615520.96,25.5
002742.SZ,20260921,4.12,4.11,4.13,4.1,338900.0,1393216.96,4.11
002743.SZ,20260921,5.19,5.19,5.19,5.15,231900.0,1203216.0,5.19
002745.SZ,20260921,12.31,12.31,12.33,12.28,382300.0,4705686.08,12.31
002746.SZ,20260921,6.43,6.43,6.46,6.42,67500.0,434001.0,6.43
002747.SZ,20260921,29.95,29.97,30.0,29.88,423700.0,12697960.96,29.97
002748.SZ,20260921,12.26,12.3,12.35,12.25,56500.0,695024.0,12.3
002749.SZ,20260921,8.37,8.36,8.37,8.36,11900.0,99500.0,8.36
002752.SZ,20260921,6.23,6.25,6.25,6.22,111500.0,695498.0,6.24
002753.SZ,20260921,6.7,6.69,6.71,6.69,31700.0,212077.0,6.69
002755.SZ,20260921,11.39,11.39,11.46,11.39,92400.0,1053308.0,11.4
002756.SZ,20260921,40.99,40.97,41.0,40.96,15500.0,635051.0,40.97
002757.SZ,20260921,17.88,17.9,17.95,17.88,152600.0,2731911.04,17.9
002758.SZ,20260921,8.57,8.56,8.57,8.54,26400.0,225908.0,8.56
002759.SZ,20260921,14.55,14.54,14.56,14.54,132400.0,1925404.96,14.54
002760.SZ,20260921,17.01,17.05,17.05,17.0,11600.0,197625.0,17.04
002761.SZ,20260921,7.28,7.26,7.28,7.25,61000.0,442981.0,7.26
002762.SZ,20260921,10.15,10.19,10.22,10.15,102300.0,1042836.0,10.19
002763.SZ,20260921,7.24,7.22,7.24,7.22,18900.0,136460.0,7.22
002765.SZ,20260921,6.87,6.88,6.88,6.85,25500.0,175025.0,6.86
002766.SZ,20260921,4.03,4.03,4.03,4.03,64300.0,259129.0,4.03
002767.SZ,20260921,18.48,18.28,18.48,18.28,218000.0,3986142.08,18.29
002768.SZ,20260921,68.87,68.88,68.99,68.6,55300.0,3806293.76,68.83
002769.SZ,20260921,6.72,6.73,6.73,6.71,63500.0,427344.0,6.73
002771.SZ,20260921,13.85,13.83,13.88,13.78,87100.0,1204498.0,13.83
002772.SZ,20260921,10.92,10.92,10.97,10.92,88200.0,963195.04,10.92
002773.SZ,20260921,19.6,19.57,19.6,19.56,13900.0,272022.0,19.57
002774.SZ,20260921,17.5,17.22,17.5,17.22,610600.0,10557477.12,17.29
002775.SZ,20260921,3.24,3.24,3.25,3.24,30600.0,99145.0,3.24
002777.SZ,20260921,12.5,12.5,12.5,12.44,24300.0,303687.0,12.5
002778.SZ,20260921,15.18,15.2,15.2,15.17,2600.0,39500.0,15.19
002779.SZ,20260921,82.94,82.99,83.0,82.94,8100.0,672216.0,82.99
002780.SZ,20260921,14.13,14.15,14.15,14.1,213000.0,3013277.12,14.15
002782.SZ,20260921,15.22,15.21,15.25,15.18,49500.0,752746.0,15.21
002783.SZ,20260921,7.75,7.75,7.75,7.75,10600.0,82150.0,7.75
002785.SZ,20260921,40.88,40.96,41.0,40.72,435900.0,17848756.48,40.95
002786.SZ,20260921,7.86,7.86,7.86,7.84,421000.0,3308209.92,7.86
002787.SZ,20260921,26.18,26.1,26.46,26.1,279500.0,7318439.04,26.18
002788.SZ,20260921,11.15,11.1,11.18,11.06,200600.0,2229092.0,11.11
002789.SZ,20260921,13.89,13.89,13.89,13.89,24500.0,340305.0,13.89
002790.SZ,20260921,6.42,6.42,6.45,6.42,532800.0,3421740.16,6.42
002791.SZ,20260921,14.45,14.37,14.51,14.37,26900.0,389232.0,14.47
002792.SZ,20260921,32.7,32.51,32.7,32.36,824490.0,26846097.92,32.56
002793.SZ,20260921,4.66,4.67,4.67,4.65,214700.0,1002436.0,4.67
002795.SZ,20260921,7.31,7.27,7.31,7.27,89400.0,650296.0,7.27
002796.SZ,20260921,31.92,31.77,32.09,31.77,302598.0,9621664.0,31.8
002797.SZ,20260921,6.36,6.34,6.36,6.34,226900.0,1439502.08,6.34
002798.SZ,20260921,6.64,6.64,6.64,6.63,8200.0,54446.0,6.64
002799.SZ,20260921,6.66,6.65,6.68,6.65,24500.0,163120.0,6.66
002800.SZ,20260921,14.76,14.77,14.77,14.76,6900.0,101904.0,14.77
002801.SZ,20260921,26.88,26.96,26.96,26.83,1400.0,37643.0,26.89
002802.SZ,20260921,11.92,11.91,11.92,11.91,5100.0,60748.0,11.91
002803.SZ,20260921,20.6,20.6,20.76,20.51,188000.0,3875481.92,20.61
002805.SZ,20260921,16.8,16.89,16.89,16.79,30500.0,514593.0,16.87
002806.SZ,20260921,15.24,15.27,15.39,15.11,306100.0,4669632.96,15.26
002807.SZ,20260921,4.14,4.15,4.15,4.14,373816.0,1549378.24,4.15
002809.SZ,20260921,8.13,8.13,8.17,8.12,25600.0,208323.0,8.14
002810.SZ,20260921,20.91,20.9,20.94,20.85,16100.0,336486.0,20.9
002811.SZ,20260921,15.5,15.49,15.53,15.48,39000.0,604121.0,15.49
002812.SZ,20260921,48.83,48.91,48.91,48.75,45700.0,2233750.08,48.88
002813.SZ,20260921,21.74,21.74,21.74,21.74,2400.0,52176.0,21.74
002815.SZ,20260921,23.2,23.4,23.45,23.18,1473600.0,34465349.12,23.39
002816.SZ,20260921,22.75,22.85,22.85,22.75,14600.0,333206.0,22.82
002817.SZ,20260921,6.47,6.51,6.51,6.47,55000.0,357942.0,6.51
002818.SZ,20260921,11.51,11.5,11.51,11.45,47000.0,540462.0,11.5
002819.SZ,20260921,21.4,21.39,21.4,21.29,3900.0,83378.0,21.38
002820.SZ,20260921,9.72,9.72,9.72,9.71,29500.0,286734.0,9.72
002821.SZ,20260921,188.0,188.0,188.8,187.18,153785.0,28920878.08,188.06
002822.SZ,20260921,2.99,3.0,3.0,2.99,45600.0,136790.0,3.0
002823.SZ,20260921,12.78,12.73,12.78,12.73,39300.0,500349.0,12.73
002824.SZ,20260921,28.66,28.77,28.78,28.62,586314.0,16862645.76,28.76
002825.SZ,20260921,9.57,9.57,9.57,9.57,7100.0,67947.0,9.57
002826.SZ,20260921,17.15,17.12,17.16,17.12,13700.0,234833.0,17.14
002827.SZ,20260921,68.6,68.98,68.99,68.5,122300.0,8429527.04,68.93
002828.SZ,20260921,10.74,10.75,10.78,10.7,133800.0,1438297.92,10.75
002829.SZ,20260921,20.2,20.3,20.3,20.2,44300.0,897276.96,20.25
002830.SZ,20260921,14.62,14.56,14.63,14.56,12500.0,182194.0,14.58
002831.SZ,20260921,28.12,28.12,28.12,28.01,12500.0,351446.0,28.12
002832.SZ,20260921,25.73,25.54,25.73,25.51,36200.0,924844.0,25.55
002833.SZ,20260921,18.44,18.32,18.44,18.32,16200.0,297279.0,18.35
002835.SZ,20260921,12.91,12.9,12.97,12.86,29100.0,375436.0,12.9
002836.SZ,20260921,13.09,12.93,13.09,12.93,2479020.0,32075973.12,12.94
002837.SZ,20260921,63.5,63.5,63.61,63.4,467673.0,29688783.36,63.48
002838.SZ,20260921,25.3,25.3,25.3,25.24,11500.0,290938.0,25.3
002839.SZ,20260921,4.3,4.29,4.3,4.29,240272.0,1031371.84,4.29
002840.SZ,20260921,8.07,8.07,8.08,8.06,107400.0,866404.0,8.07
002841.SZ,20260921,46.5,46.55,46.7,46.35,126900.0,5905470.72,46.54
002842.SZ,20260921,35.08,34.98,35.17,34.98,340700.0,11921908.48,34.99
002843.SZ,20260921,16.46,16.41,16.46,16.41,50700.0,832856.0,16.43
002845.SZ,20260921,14.03,14.03,14.1,14.03,39800.0,559474.0,14.06
002846.SZ,20260921,11.68,11.78,11.78,11.62,475700.0,5583063.04,11.74
002847.SZ,20260921,42.5,42.5,42.5,42.38,5500.0,233647.0,42.48
002848.SZ,20260921,15.36,15.3,15.42,15.3,179400.0,2747100.16,15.31
002849.SZ,20260921,21.09,20.99,21.13,20.7,1508009.92,31648048.64,20.99
002850.SZ,20260921,172.9,172.9,172.9,172.01,21100.0,3646397.12,172.82
002851.SZ,20260921,127.8,127.79,128.79,127.78,215500.0,27554112.0,127.86
002852.SZ,20260921,8.09,8.09,8.1,8.06,61000.0,493389.0,8.09
002853.SZ,20260921,22.0,21.88,22.0,21.88,3400.0,74524.0,21.92
002855.SZ,20260921,12.79,12.75,12.79,12.7,170600.0,2176356.96,12.76
002856.SZ,20260921,23.45,23.5,23.5,23.2,160900.0,3777002.88,23.47
002857.SZ,20260921,17.43,17.42,17.43,17.35,9200.0,159961.0,17.39
002858.SZ,20260921,11.39,11.38,11.39,11.35,41000.0,466559.0,11.38
002859.SZ,20260921,70.6,70.5,71.08,70.5,464300.0,32761364.48,70.56
002860.SZ,20260921,17.52,17.35,17.52,17.35,497567.0,8658796.8,17.4
002861.SZ,20260921,14.59,14.58,14.6,14.58,38400.0,560086.0,14.59
002862.SZ,20260921,15.42,15.42,15.43,15.41,17300.0,266762.0,15.42
002863.SZ,20260921,4.68,4.69,4.69,4.68,69100.0,323907.0,4.69
002864.SZ,20260921,20.55,20.54,20.57,20.54,8760.0,179997.0,20.55
002865.SZ,20260921,38.61,38.61,38.61,38.49,66000.0,2547831.04,38.6
002866.SZ,20260921,14.51,14.51,14.51,14.45,27700.0,401903.0,14.51
002867.SZ,20260921,10.32,10.33,10.34,10.32,40800.0,421453.0,10.33
002868.SZ,20260921,22.99,22.99,22.99,22.98,6800.0,156314.0,22.99
002869.SZ,20260921,15.43,15.43,15.46,15.43,37200.0,573999.0,15.43
002870.SZ,20260921,49.5,49.49,49.54,49.49,18000.0,890924.0,49.5
002871.SZ,20260921,17.61,17.61,17.61,17.61,4100.0,72201.0,17.61
002872.SZ,20260921,5.88,5.88,5.88,5.88,28600.0,168168.0,5.88
002873.SZ,20260921,8.08,8.05,8.08,8.05,28900.0,233001.0,8.06
002875.SZ,20260921,12.95,12.95,12.95,12.95,21130.0,273633.5,12.95
002876.SZ,20260921,31.8,31.69,31.83,31.69,13300.0,421717.0,31.71
002877.SZ,20260921,7.35,7.35,7.35,7.35,11800.0,86730.0,7.35
002878.SZ,20260921,12.61,12.6,12.7,12.6,22600.0,284876.0,12.61
002879.SZ,20260921,16.47,16.47,16.5,16.47,12300.0,202643.0,16.48
002880.SZ,20260921,20.95,20.95,20.96,20.94,19000.0,398074.0,20.95
002881.SZ,20260921,46.07,46.11,46.12,45.83,125500.0,5784833.28,46.09
002882.SZ,20260921,23.1,23.09,23.23,23.09,389300.0,8994460.8,23.1
002883.SZ,20260921,9.14,9.14,9.14,9.14,0.0,0.0,9.14
002884.SZ,20260921,15.5,15.47,15.5,15.47,16400.0,253860.0,15.48
002885.SZ,20260921,28.55,28.54,28.62,28.51,85000.0,2425887.04,28.54
002886.SZ,20260921,26.05,26.0,26.19,26.0,599300.0,15586735.36,26.01
002887.SZ,20260921,9.11,9.11,9.11,9.11,11100.0,101121.0,9.11
002888.SZ,20260921,18.84,18.85,18.87,18.84,8200.0,154568.0,18.85
002889.SZ,20260921,11.89,11.89,11.89,11.89,4200.0,49938.0,11.89
002890.SZ,20260921,14.87,14.86,14.87,14.82,31500.0,468041.0,14.86
002891.SZ,20260921,27.46,27.46,27.55,27.41,26700.0,733038.0,27.46
002892.SZ,20260921,8.66,8.7,8.7,8.66,13600.0,118308.0,8.7
002893.SZ,20260921,10.34,10.35,10.35,10.3,113600.0,1174323.04,10.34
002895.SZ,20260921,30.88,30.89,30.89,30.83,38400.0,1185352.0,30.87
002896.SZ,20260921,61.55,61.5,61.69,61.48,37800.0,2324892.0,61.51
002897.SZ,20260921,70.05,70.0,70.28,69.99,205400.0,14383656.96,70.03
002899.SZ,20260921,19.82,19.64,19.82,19.64,4800.0,94307.0,19.65
002900.SZ,20260921,11.88,11.88,11.94,11.88,55700.0,661918.0,11.88
002901.SZ,20260921,38.89,38.82,38.89,38.8,5500.0,213513.0,38.82
002902.SZ,20260921,30.49,30.6,30.69,30.34,2211500.0,67658798.08,30.59
002903.SZ,20260921,30.99,30.9,30.99,30.9,126500.0,3909677.12,30.91
002905.SZ,20260921,8.64,8.65,8.66,8.63,13700.0,118494.0,8.65
002906.SZ,20260921,27.53,27.48,27.53,27.46,14800.0,406711.0,27.48
002907.SZ,20260921,13.88,13.85,13.92,13.85,74700.0,1035116.0,13.86
002908.SZ,20260921,6.86,6.85,6.86,6.84,103600.0,709675.04,6.85
002909.SZ,20260921,6.48,6.49,6.49,6.41,215600.0,1398076.96,6.49
002910.SZ,20260921,9.74,9.79,9.79,9.73,46600.0,455947.0,9.78
002911.SZ,20260921,11.21,11.21,11.22,11.21,13500.0,151342.0,11.21
002912.SZ,20260921,24.12,24.23,24.29,24.08,1001800.0,24264192.0,24.22
002913.SZ,20260921,86.5,86.7,86.7,86.2,210300.0,18226393.6,86.67
002915.SZ,20260921,17.38,17.38,17.38,17.33,30700.0,533462.0,17.38
002916.SZ,20260921,391.41,392.19,393.2,391.41,120600.0,47306368.0,392.26
002917.SZ,20260921,10.2,10.2,10.2,10.19,42500.0,433494.0,10.2
002918.SZ,20260921,11.19,11.18,11.19,11.12,233000.0,2603678.08,11.18
002919.SZ,20260921,16.85,16.82,16.85,16.82,28800.0,484428.0,16.82
002920.SZ,20260921,84.74,84.74,84.91,84.74,26400.0,2238531.04,84.79
002921.SZ,20260921,20.38,20.4,20.4,20.32,16800.0,342614.0,20.39
002922.SZ,20260921,23.6,23.55,23.67,23.55,54200.0,1277312.0,23.57
002923.SZ,20260921,10.89,10.85,10.9,10.85,184200.0,1999369.92,10.85
002925.SZ,20260921,24.52,24.48,24.55,24.47,134500.0,3294711.04,24.5
002926.SZ,20260921,8.21,8.23,8.23,8.2,172400.0,1417760.96,8.22
002927.SZ,20260921,19.88,19.88,19.93,19.79,306600.0,6092259.2,19.87
002928.SZ,20260921,6.58,6.57,6.59,6.55,765300.0,5030044.16,6.57
002929.SZ,20260921,52.42,52.37,52.59,52.37,40700.0,2132044.0,52.38
002930.SZ,20260921,9.07,9.06,9.07,9.06,19100.0,173056.0,9.06
002931.SZ,20260921,41.5,41.5,41.5,41.35,24300.0,1008026.0,41.48
002932.SZ,20260921,15.33,15.33,15.33,15.33,700.0,10731.0,15.33
002933.SZ,20260921,27.4,27.27,27.4,27.27,40900.0,1115447.04,27.27
002935.SZ,20260921,16.03,15.97,16.03,15.97,19900.0,318108.0,15.99
002936.SZ,20260921,1.75,1.74,1.75,1.74,491373.0,855539.04,1.74
002937.SZ,20260921,27.6,27.78,27.79,27.6,77100.0,2141700.0,27.78
002938.SZ,20260921,91.29,91.32,91.48,91.0,106600.0,9732483.2,91.3
002939.SZ,20260921,7.85,7.85,7.85,7.84,80400.0,631094.0,7.85
002940.SZ,20260921,23.14,23.15,23.17,23.1,68900.0,1594836.96,23.15
002941.SZ,20260921,10.5,10.52,10.52,10.49,32100.0,337171.0,10.5
002942.SZ,20260921,16.44,16.44,16.45,16.44,23000.0,378133.0,16.44
002943.SZ,20260921,30.58,30.56,30.66,30.56,84700.0,2590244.96,30.58
002945.SZ,20260921,14.33,14.29,14.35,14.25,227554.0,3253397.44,14.3
002946.SZ,20260921,14.43,14.44,14.44,14.43,2300.0,33207.0,14.44
002947.SZ,20260921,67.59,67.5,67.66,67.35,138400.0,9344892.16,67.52
002948.SZ,20260921,6.03,6.03,6.04,6.01,241100.0,1453422.08,6.03
002949.SZ,20260921,12.57,12.62,12.62,12.5,47500.0,598582.0,12.6
002950.SZ,20260921,8.45,8.45,8.48,8.45,47700.0,403207.0,8.45
002951.SZ,20260921,16.0,15.93,16.0,15.93,14400.0,229459.0,15.94
002952.SZ,20260921,19.0,19.08,19.09,18.99,12700.0,242278.0,19.08
002953.SZ,20260921,10.55,10.54,10.57,10.52,115000.0,1212100.96,10.54
002955.SZ,20260921,37.51,37.23,37.56,37.23,59700.0,2226953.92,37.3
002956.SZ,20260921,17.7,17.72,17.75,17.65,65480.0,1159944.0,17.71
002957.SZ,20260921,42.8,42.77,42.99,42.76,228100.0,9763712.0,42.81
002958.SZ,20260921,2.95,2.95,2.96,2.95,460300.0,1357972.96,2.95
002959.SZ,20260921,31.8,31.94,31.94,31.8,3000.0,95770.0,31.92
002960.SZ,20260921,8.76,8.75,8.77,8.75,64040.0,560586.2,8.75
002961.SZ,20260921,21.1,21.05,21.11,21.0,254500.0,5357219.84,21.05
002962.SZ,20260921,13.5,13.5,13.52,13.48,66300.0,895260.0,13.5
002963.SZ,20260921,20.77,20.64,20.77,20.56,106200.0,2192356.96,20.64
002965.SZ,20260921,32.88,33.0,33.66,32.75,1333900.0,44080921.6,33.05
002966.SZ,20260921,9.05,9.04,9.06,9.04,124600.0,1126475.04,9.04
002967.SZ,20260921,17.18,17.12,17.18,17.11,24900.0,427284.0,17.16
002968.SZ,20260921,9.22,9.22,9.22,9.21,39200.0,361368.0,9.22
002969.SZ,20260921,11.38,11.38,11.42,11.36,167500.0,1906772.0,11.38
002970.SZ,20260921,43.69,43.71,43.71,43.52,14100.0,615891.0,43.68
002971.SZ,20260921,42.13,42.08,42.5,42.08,695818.0,29299194.88,42.11
002972.SZ,20260921,13.11,13.11,13.12,13.11,25200.0,330389.0,13.11
002973.SZ,20260921,13.47,13.5,13.5,13.47,29800.0,402081.0,13.49
002975.SZ,20260921,106.98,106.96,108.0,106.96,191000.0,20460034.56,107.12
002976.SZ,20260921,27.8,27.38,28.0,27.38,180530.0,4961571.52,27.48
002977.SZ,20260921,20.2,20.2,20.2,20.2,2700.0,54540.0,20.2
002978.SZ,20260921,25.25,25.16,25.25,25.16,6400.0,161044.0,25.16
002979.SZ,20260921,55.29,55.28,55.31,55.18,19500.0,1077904.0,55.28
002980.SZ,20260921,128.35,128.38,128.57,128.03,376900.0,48378214.4,128.36
002981.SZ,20260921,25.57,24.96,25.57,24.96,110900.0,2776957.12,25.04
002982.SZ,20260921,12.32,12.32,12.35,12.3,26500.0,326487.0,12.32
002983.SZ,20260921,21.96,21.89,21.96,21.89,4700.0,102962.0,21.91
002984.SZ,20260921,12.88,12.88,12.88,12.87,47400.0,610371.0,12.88
002985.SZ,20260921,27.42,27.41,27.49,27.41,4100.0,112392.0,27.41
002986.SZ,20260921,12.85,12.92,12.92,12.85,71100.0,917979.04,12.91
002987.SZ,20260921,10.96,10.89,10.97,10.89,119400.0,1303440.96,10.92
002988.SZ,20260921,31.67,31.7,31.7,31.55,24900.0,789204.0,31.7
002989.SZ,20260921,24.3,24.29,24.3,24.03,63000.0,1529200.96,24.27
002990.SZ,20260921,51.19,50.96,51.5,50.96,94300.0,4812778.88,51.04
002991.SZ,20260921,37.85,37.89,37.89,37.77,9200.0,348485.0,37.88
002992.SZ,20260921,33.8,34.01,34.07,33.69,41000.0,1392056.96,33.95
002993.SZ,20260921,36.77,36.87,36.88,36.77,36700.0,1352987.04,36.87
002995.SZ,20260921,16.98,17.0,17.05,16.93,36900.0,627427.0,17.0
002996.SZ,20260921,5.97,5.97,5.98,5.96,59600.0,355821.0,5.97
002997.SZ,20260921,26.69,26.69,26.69,26.66,31400.0,837746.0,26.68
002998.SZ,20260921,7.78,7.77,7.78,7.77,27300.0,212246.0,7.78
002999.SZ,20260921,6.28,6.28,6.28,6.27,95400.0,598906.0,6.28
003000.SZ,20260921,9.42,9.43,9.43,9.4,30300.0,285554.0,9.42
003001.SZ,20260921,19.79,19.82,20.0,19.79,1358700.0,26946347.52,19.83
003002.SZ,20260921,16.21,16.24,16.24,16.2,94200.0,1528406.08,16.23
003003.SZ,20260921,10.54,10.54,10.62,10.53,37300.0,393501.0,10.55
003004.SZ,20260921,62.0,61.78,62.01,61.67,18300.0,1131088.0,61.81
003005.SZ,20260921,14.79,14.8,14.8,14.7,76200.0,1126312.0,14.78
003006.SZ,20260921,21.3,21.3,21.6,21.25,637500.0,13583019.52,21.31
003007.SZ,20260921,40.6,40.22,41.0,40.22,29700.0,1198878.0,40.37
003008.SZ,20260921,18.85,18.73,18.85,18.73,16300.0,305682.0,18.75
003009.SZ,20260921,48.3,48.3,48.38,48.29,15300.0,738987.04,48.3
003010.SZ,20260921,29.47,29.48,29.48,29.45,15900.0,468578.0,29.47
003011.SZ,20260921,19.25,19.25,19.26,19.23,23700.0,456209.0,19.25
003012.SZ,20260921,4.52,4.53,4.53,4.51,75300.0,340468.0,4.52
003013.SZ,20260921,18.96,18.95,18.97,18.86,83100.0,1574467.04,18.95
003015.SZ,20260921,12.51,12.51,12.51,12.5,27500.0,343985.0,12.51
003016.SZ,20260921,7.41,7.41,7.41,7.41,20900.0,154869.0,7.41
003017.SZ,20260921,22.22,22.23,22.23,22.22,2700.0,60019.0,22.23
003018.SZ,20260921,49.98,49.91,50.2,49.91,153800.0,7687189.76,49.98
003019.SZ,20260921,27.56,27.74,27.74,27.39,17500.0,484792.0,27.7
003020.SZ,20260921,17.02,16.98,17.02,16.98,12100.0,205650.0,17.0
003021.SZ,20260921,69.11,69.0,69.11,69.0,19500.0,1345608.96,69.01
003022.SZ,20260921,19.63,19.63,19.63,19.62,55900.0,1097286.0,19.63
003023.SZ,20260921,25.77,25.77,25.77,25.76,6400.0,164927.0,25.77
003025.SZ,20260921,12.02,12.01,12.02,12.01,5100.0,61252.0,12.01
003026.SZ,20260921,37.35,37.21,37.7,37.21,2507753.92,93438443.52,37.26
003027.SZ,20260921,16.0,16.06,16.06,16.0,6400.0,102758.0,16.06
003028.SZ,20260921,23.19,23.19,23.19,23.19,6300.0,146097.0,23.19
003029.SZ,20260921,17.92,17.82,17.92,17.82,37500.0,668999.0,17.84
003030.SZ,20260921,26.14,26.01,26.14,26.01,15600.0,405898.0,26.02
003031.SZ,20260921,136.66,136.67,136.97,136.39,169700.0,23195123.2,136.68
003032.SZ,20260921,9.09,9.1,9.16,9.08,584200.0,5316966.08,9.1
003033.SZ,20260921,83.77,84.02,84.02,83.5,48300.0,4055365.12,83.96
003035.SZ,20260921,5.66,5.63,5.66,5.63,218900.0,1232912.0,5.63
003036.SZ,20260921,54.7,54.75,54.78,54.65,48800.0,2671804.0,54.75
003037.SZ,20260921,5.68,5.7,5.7,5.68,28700.0,163466.0,5.7
003038.SZ,20260921,10.49,10.49,10.52,10.49,56000.0,587578.0,10.49
003039.SZ,20260921,12.68,12.71,12.71,12.64,30700.0,389621.0,12.69
003040.SZ,20260921,18.02,17.9,18.02,17.9,11152459.52,200198737.92,17.95
003041.SZ,20260921,42.1,42.08,42.18,42.02,107400.0,4520103.04,42.09
003042.SZ,20260921,13.99,13.99,13.99,13.83,30600.0,427809.0,13.98
003043.SZ,20260921,65.7,65.5,65.88,65.33,38999.0,2555478.72,65.53
003816.SZ,20260921,4.24,4.23,4.24,4.23,309000.0,1307388.96,4.23
300001.SZ,20260921,32.56,32.47,32.59,32.47,70300.0,2283767.04,32.49
300002.SZ,20260921,7.98,7.96,7.98,7.96,55500.0,442028.0,7.96
300003.SZ,20260921,11.5,11.45,11.51,11.45,137400.0,1575767.04,11.47
300004.SZ,20260921,8.2,8.22,8.23,8.2,54000.0,443260.0,8.21
300005.SZ,20260921,11.42,11.4,11.47,11.39,468296.0,5341325.12,11.41
300006.SZ,20260921,5.26,5.27,5.27,5.25,197100.0,1037112.0,5.26
300007.SZ,20260921,30.84,30.9,30.95,30.8,129100.0,3988759.04,30.9
300008.SZ,20260921,6.42,6.43,6.43,6.41,364300.0,2339271.04,6.42
300009.SZ,20260921,8.2,8.2,8.21,8.18,273800.0,2245235.04,8.2
300010.SZ,20260921,5.16,5.16,5.17,5.13,2241300.0,11557717.76,5.16
300011.SZ,20260921,5.75,5.75,5.75,5.75,100.0,575.0,5.75
300012.SZ,20260921,14.56,14.56,14.59,14.55,60800.0,885278.0,14.56
300013.SZ,20260921,4.37,4.37,4.37,4.36,147700.0,645361.0,4.37
300014.SZ,20260921,51.16,51.21,51.31,51.03,1042392.0,53378949.12,51.21
300015.SZ,20260921,8.03,8.03,8.04,8.02,186900.0,1500771.04,8.03
300016.SZ,20260921,8.34,8.35,8.38,8.32,264900.0,2212251.04,8.35
300017.SZ,20260921,15.12,15.16,15.16,15.1,1150800.0,17437600.0,15.15
300018.SZ,20260921,12.01,12.05,12.05,11.95,122400.0,1471524.96,12.02
300019.SZ,20260921,14.3,14.29,14.3,14.29,15800.0,225788.0,14.29
300020.SZ,20260921,4.02,4.01,4.02,4.01,130400.0,523097.0,4.01
300021.SZ,20260921,3.87,3.88,3.88,3.87,82200.0,318476.0,3.87
300022.SZ,20260921,8.01,8.0,8.01,7.99,10900.0,87247.0,8.0
300024.SZ,20260921,13.17,13.17,13.2,13.15,153300.0,2018222.08,13.17
300025.SZ,20260921,5.5,5.5,5.54,5.5,267900.0,1473664.0,5.5
300026.SZ,20260921,3.22,3.22,3.22,3.21,70800.0,227886.0,3.22
300027.SZ,20260921,1.78,1.77,1.78,1.77,4183699.84,7414810.88,1.77
300030.SZ,20260921,6.58,6.59,6.6,6.56,28000.0,184549.0,6.59
300031.SZ,20260921,21.35,21.31,21.35,21.31,43500.0,927167.04,21.31
300032.SZ,20260921,3.9,3.91,3.91,3.88,76400.0,298443.0,3.91
300033.SZ,20260921,206.73,207.0,207.2,206.51,129800.0,26865530.88,206.98
300034.SZ,20260921,15.9,15.89,15.91,15.88,79700.0,1266804.96,15.9
300035.SZ,20260921,12.56,12.52,12.56,12.51,72700.0,910212.96,12.52
300036.SZ,20260921,10.17,10.17,10.17,10.15,25200.0,256264.0,10.17
300037.SZ,20260921,73.11,73.06,73.2,73.0,71800.0,5246419.84,73.07
300039.SZ,20260921,5.11,5.08,5.12,5.08,107050.0,544621.0,5.09
300040.SZ,20260921,5.84,5.84,5.85,5.81,349200.0,2038742.08,5.84
300041.SZ,20260921,11.14,11.15,11.17,11.12,159600.0,1778756.96,11.15
300042.SZ,20260921,40.66,40.6,40.69,40.6,166800.0,6773511.04,40.61
300043.SZ,20260921,4.42,4.43,4.43,4.41,106900.0,473229.0,4.43
300044.SZ,20260921,6.3,6.23,6.35,6.23,1328100.0,8302419.2,6.25
300045.SZ,20260921,11.73,11.71,11.75,11.7,60500.0,709224.96,11.72
300046.SZ,20260921,25.25,25.18,25.37,25.18,29100.0,733680.0,25.21
300047.SZ,20260921,9.05,9.04,9.07,9.04,159334.0,1440656.32,9.04
300048.SZ,20260921,4.84,4.84,4.86,4.84,77520.0,375402.4,4.84
300049.SZ,20260921,47.81,47.77,47.91,47.73,59200.0,2829657.92,47.8
300050.SZ,20260921,7.15,7.2,7.2,7.15,150200.0,1080075.04,7.19
300051.SZ,20260921,8.51,8.5,8.55,8.5,326600.0,2778493.12,8.51
300052.SZ,20260921,10.27,10.27,10.3,10.26,69800.0,716963.04,10.27
300053.SZ,20260921,12.42,12.43,12.45,12.38,256400.0,3185296.96,12.42
300054.SZ,20260921,73.66,73.65,73.88,73.59,451900.0,33290388.48,73.67
300055.SZ,20260921,5.89,5.89,5.89,5.87,43500.0,256118.0,5.89
300056.SZ,20260921,7.81,7.84,7.84,7.81,22600.0,177123.0,7.84
300057.SZ,20260921,6.51,6.52,6.52,6.5,32500.0,211675.0,6.51
300058.SZ,20260921,13.24,13.2,13.26,13.2,2371499.04,31335004.16,13.21
300059.SZ,20260921,18.4,18.38,18.4,18.37,2237244.0,41130280.96,18.38
300061.SZ,20260921,6.88,6.83,6.89,6.83,553100.0,3782942.08,6.84
300062.SZ,20260921,6.43,6.45,6.47,6.41,297400.0,1915887.04,6.44
300063.SZ,20260921,8.76,8.75,8.77,8.72,339800.0,2973768.0,8.75
300065.SZ,20260921,15.65,15.64,15.65,15.62,167000.0,2611868.96,15.64
300066.SZ,20260921,4.67,4.67,4.67,4.66,66000.0,308129.0,4.67
300067.SZ,20260921,5.34,5.31,5.35,5.31,276400.0,1470502.08,5.32
300068.SZ,20260921,4.3,4.3,4.32,4.28,679400.0,2918905.92,4.3
300069.SZ,20260921,25.3,25.17,25.3,25.17,24900.0,627705.0,25.21
300070.SZ,20260921,3.36,3.36,3.37,3.35,243400.0,817856.96,3.36
300071.SZ,20260921,4.15,4.15,4.16,4.15,311900.0,1295556.0,4.15
300072.SZ,20260921,3.57,3.58,3.58,3.56,456500.0,1631355.04,3.57
300073.SZ,20260921,38.88,38.92,39.03,38.88,108100.0,4208802.88,38.93
300074.SZ,20260921,3.61,3.62,3.62,3.61,63600.0,230227.0,3.62
300075.SZ,20260921,10.43,10.44,10.44,10.43,36600.0,382010.0,10.44
300076.SZ,20260921,4.23,4.24,4.24,4.23,21400.0,90538.0,4.23
300077.SZ,20260921,22.21,22.2,22.29,22.15,1477800.0,32812218.88,22.2
300078.SZ,20260921,2.69,2.69,2.7,2.69,145000.0,390395.0,2.69
300079.SZ,20260921,4.8,4.78,4.81,4.78,90900.0,435092.0,4.79
300080.SZ,20260921,3.73,3.73,3.73,3.72,43000.0,160378.0,3.73
300081.SZ,20260921,3.47,3.46,3.47,3.46,35200.0,122054.0,3.47
300082.SZ,20260921,8.58,8.58,8.58,8.58,0.0,0.0,8.58
300083.SZ,20260921,12.85,12.85,12.89,12.83,572300.0,7354535.04,12.85
300084.SZ,20260921,10.21,10.22,10.22,10.18,20300.0,207080.0,10.2
300085.SZ,20260921,31.42,31.41,31.59,31.4,709300.0,22286952.96,31.42
300086.SZ,20260921,5.6,5.56,5.62,5.56,3502700.16,19507573.76,5.57
300087.SZ,20260921,5.71,5.65,5.71,5.65,224675.0,1274492.24,5.67
300088.SZ,20260921,7.32,7.29,7.33,7.26,1662400.0,12126664.96,7.3
300091.SZ,20260921,2.4,2.39,2.4,2.39,136400.0,327017.0,2.4
300092.SZ,20260921,11.35,11.36,11.36,11.35,2300.0,26117.0,11.36
300093.SZ,20260921,22.26,22.25,22.27,22.21,35200.0,783219.04,22.25
300094.SZ,20260921,2.9,2.91,2.91,2.89,232100.0,674267.04,2.91
300095.SZ,20260921,9.15,9.14,9.17,9.1,81800.0,747440.96,9.14
300096.SZ,20260921,9.23,9.23,9.26,9.23,56900.0,525846.0,9.24
300097.SZ,20260921,11.0,11.0,11.05,10.94,550500.0,6055923.2,11.0
300098.SZ,20260921,4.35,4.36,4.36,4.35,91400.0,398052.0,4.36
300099.SZ,20260921,6.3,6.29,6.31,6.25,726711.04,4568049.92,6.29
300100.SZ,20260921,20.69,20.66,20.71,20.62,25100.0,518556.0,20.66
300101.SZ,20260921,13.95,13.99,14.0,13.95,36200.0,506002.0,13.98
300102.SZ,20260921,17.41,17.39,17.45,17.38,177900.0,3094631.04,17.4
300103.SZ,20260921,7.65,7.59,7.65,7.59,31600.0,240336.0,7.61
300105.SZ,20260921,7.26,7.23,7.3,7.23,8300.0,60125.0,7.24
300106.SZ,20260921,10.85,10.85,10.92,10.81,63300.0,686663.04,10.85
300107.SZ,20260921,6.57,6.56,6.6,6.56,158600.0,1040531.04,6.56
300109.SZ,20260921,13.08,13.05,13.12,13.05,137100.0,1790391.04,13.06
300110.SZ,20260921,2.74,2.74,2.75,2.74,101500.0,278327.0,2.74
300111.SZ,20260921,3.01,3.01,3.02,3.01,66000.0,198675.0,3.01
300112.SZ,20260921,11.63,11.65,11.7,11.55,918900.0,10702464.0,11.65
300113.SZ,20260921,16.15,16.14,16.17,16.14,71949.0,1161441.84,16.14
300115.SZ,20260921,24.53,24.5,24.58,24.5,113300.0,2777127.04,24.51
300118.SZ,20260921,9.2,9.2,9.22,9.2,85300.0,785171.04,9.21
300119.SZ,20260921,16.76,16.77,16.8,16.76,19000.0,318662.0,16.77
300120.SZ,20260921,7.55,7.65,7.65,7.52,668000.0,5081171.84,7.61
300121.SZ,20260921,9.66,9.6,9.66,9.6,65500.0,629314.0,9.61
300122.SZ,20260921,12.74,12.75,12.75,12.7,308800.0,3935327.04,12.74
300123.SZ,20260921,4.54,4.55,4.55,4.53,294000.0,1337632.96,4.55
300124.SZ,20260921,52.69,52.6,52.79,52.6,217900.0,11470242.56,52.64
300125.SZ,20260921,9.38,9.38,9.38,9.35,23700.0,222255.0,9.38
300126.SZ,20260921,6.47,6.44,6.47,6.44,23600.0,152249.0,6.45
300127.SZ,20260921,24.1,24.1,24.14,24.09,12100.0,291682.0,24.11
300128.SZ,20260921,5.03,5.03,5.04,5.02,125300.0,630288.0,5.03
300129.SZ,20260921,7.69,7.69,7.72,7.69,387000.0,2978362.88,7.7
300130.SZ,20260921,17.99,17.99,18.07,17.93,193600.0,3483288.0,17.99
300131.SZ,20260921,16.21,16.14,16.26,16.14,1182600.0,19099008.0,16.15
300132.SZ,20260921,6.15,6.18,6.2,6.15,177600.0,1097790.0,6.18
300133.SZ,20260921,7.24,7.21,7.25,7.21,525300.0,3792535.04,7.22
300134.SZ,20260921,8.46,8.46,8.48,8.44,38700.0,327414.0,8.46
300135.SZ,20260921,3.48,3.48,3.49,3.48,151000.0,525596.0,3.48
300136.SZ,20260921,60.59,60.55,60.66,60.44,859500.0,52041359.36,60.55
300137.SZ,20260921,11.35,11.35,11.4,11.28,499900.0,5666375.68,11.34
300138.SZ,20260921,10.96,10.95,10.96,10.95,54600.0,597932.0,10.95
300139.SZ,20260921,48.2,48.01,48.28,48.01,400053.0,19232280.32,48.07
300140.SZ,20260921,5.35,5.34,5.35,5.34,73300.0,391507.0,5.34
300141.SZ,20260921,10.18,10.17,10.18,10.17,25300.0,257313.0,10.17
300142.SZ,20260921,13.3,13.27,13.3,13.26,1411500.0,18739644.16,13.28
300143.SZ,20260921,7.38,7.34,7.38,7.34,62080.0,456300.4,7.35
300144.SZ,20260921,5.76,5.75,5.77,5.75,196800.0,1132558.0,5.76
300145.SZ,20260921,4.91,4.89,4.92,4.89,566500.0,2773905.92,4.9
300146.SZ,20260921,9.26,9.23,9.27,9.23,123200.0,1137792.96,9.23
300147.SZ,20260921,6.53,6.52,6.53,6.5,103300.0,673367.04,6.52
300148.SZ,20260921,3.5,3.5,3.52,3.49,304404.0,1066060.0,3.5
300149.SZ,20260921,9.39,9.31,9.41,9.31,538700.0,5025894.08,9.33
300150.SZ,20260921,4.03,4.01,4.05,4.01,103800.0,416786.0,4.02
300151.SZ,20260921,20.52,20.73,20.93,20.52,266300.0,5523278.72,20.74
300152.SZ,20260921,1.67,1.67,1.67,1.66,56300.0,93997.0,1.67
300153.SZ,20260921,28.34,28.29,28.54,28.2,434061.0,12281274.88,28.29
300154.SZ,20260921,13.95,13.92,13.96,13.85,46300.0,644819.0,13.93
300155.SZ,20260921,4.27,4.25,4.27,4.25,156300.0,664911.0,4.25
300157.SZ,20260921,3.78,3.79,3.79,3.78,218300.0,826620.0,3.79
300158.SZ,20260921,5.5,5.44,5.51,5.44,1454200.0,7921980.8,5.45
300159.SZ,20260921,2.89,2.9,2.9,2.89,380000.0,1101248.0,2.9
300160.SZ,20260921,4.36,4.36,4.37,4.36,146100.0,637006.0,4.36
300161.SZ,20260921,27.34,27.3,27.37,27.21,81600.0,2228256.0,27.31
300162.SZ,20260921,7.85,7.83,7.88,7.81,354800.0,2781141.12,7.84
300163.SZ,20260921,7.34,7.41,7.42,7.34,572100.0,4233429.12,7.4
300164.SZ,20260921,8.98,8.99,8.99,8.93,2147300.0,19284871.68,8.98
300165.SZ,20260921,5.09,5.09,5.09,5.09,403900.0,2055851.04,5.09
300166.SZ,20260921,12.23,12.23,12.23,12.21,272300.0,3329882.88,12.23
300167.SZ,20260921,3.68,3.69,3.69,3.65,127300.0,467071.0,3.67
300168.SZ,20260921,4.74,4.72,4.74,4.72,36000.0,170142.0,4.73
300169.SZ,20260921,5.49,5.5,5.5,5.48,15300.0,84127.0,5.5
300170.SZ,20260921,15.95,15.99,16.07,15.84,2137200.0,34154270.72,15.98
300171.SZ,20260921,15.55,15.52,15.66,15.5,294000.0,4569866.88,15.54
300172.SZ,20260921,4.48,4.48,4.48,4.47,20800.0,93181.0,4.48
300173.SZ,20260921,3.31,3.3,3.31,3.3,13500.0,44553.0,3.3
300174.SZ,20260921,18.94,18.9,19.06,18.9,90100.0,1707028.0,18.95
300175.SZ,20260921,5.53,5.53,5.53,5.52,21200.0,117186.0,5.53
300176.SZ,20260921,4.35,4.35,4.35,4.35,37800.0,164430.0,4.35
300177.SZ,20260921,6.11,6.1,6.12,6.07,26500.0,162002.0,6.11
300179.SZ,20260921,45.5,45.55,45.64,45.3,762500.0,34701219.84,45.51
300180.SZ,20260921,4.45,4.45,4.47,4.44,479900.0,2138783.04,4.46
300181.SZ,20260921,13.35,13.36,13.36,13.32,93100.0,1243330.0,13.36
300182.SZ,20260921,5.04,5.03,5.05,5.03,693800.0,3492610.88,5.03
300183.SZ,20260921,10.9,10.85,10.94,10.85,214100.0,2324880.0,10.86
300184.SZ,20260921,12.41,12.39,12.45,12.38,673494.0,8350129.28,12.4
300185.SZ,20260921,2.78,2.78,2.79,2.78,447000.0,1242791.04,2.78
300187.SZ,20260921,4.55,4.55,4.56,4.55,12500.0,56881.0,4.55
300188.SZ,20260921,10.3,10.28,10.32,10.28,144200.0,1482942.08,10.28
300189.SZ,20260921,6.49,6.49,6.56,6.48,4595379.84,29878179.84,6.5
300190.SZ,20260921,3.77,3.79,3.79,3.77,154400.0,583978.0,3.78
300191.SZ,20260921,30.86,30.86,30.98,30.8,113100.0,3490552.0,30.86
300192.SZ,20260921,18.4,18.4,18.48,18.4,83700.0,1540983.68,18.41
300193.SZ,20260921,7.87,7.86,7.88,7.86,149800.0,1177552.0,7.86
300194.SZ,20260921,3.79,3.8,3.8,3.79,67700.0,256962.0,3.8
300195.SZ,20260921,6.1,6.09,6.12,6.09,78800.0,479937.0,6.09
300196.SZ,20260921,20.01,20.05,20.05,19.91,546500.0,10935022.08,20.01
300197.SZ,20260921,1.96,1.96,1.97,1.96,998400.0,1957740.96,1.96
300198.SZ,20260921,2.27,2.28,2.28,2.27,48900.0,111290.0,2.28
300199.SZ,20260921,23.5,23.5,23.55,23.41,451381.0,10605936.0,23.5
300200.SZ,20260921,8.57,8.55,8.58,8.55,24100.0,206201.0,8.56
300201.SZ,20260921,13.46,13.46,13.48,13.4,357700.0,4812668.16,13.45
300203.SZ,20260921,12.65,12.7,12.71,12.63,42500.0,539589.0,12.7
300204.SZ,20260921,20.1,20.06,20.32,20.05,282600.0,5677315.2,20.09
300205.SZ,20260921,5.04,5.01,5.04,5.01,21000.0,105810.0,5.04
300206.SZ,20260921,11.5,11.46,11.5,11.46,25700.0,294919.0,11.48
300207.SZ,20260921,19.98,19.99,20.0,19.93,918111.04,18348006.4,19.99
300209.SZ,20260921,34.32,34.3,34.49,34.17,996800.0,34198248.96,34.31
300210.SZ,20260921,7.36,7.36,7.38,7.33,41900.0,308154.0,7.36
300211.SZ,20260921,6.99,6.99,6.99,6.97,9000.0,62900.0,6.99
300212.SZ,20260921,7.89,7.87,7.89,7.87,44500.0,350261.0,7.87
300213.SZ,20260921,6.36,6.35,6.37,6.35,100000.0,635257.0,6.35
300214.SZ,20260921,10.4,10.45,10.47,10.38,353400.0,3689146.88,10.44
300215.SZ,20260921,6.3,6.31,6.33,6.3,52500.0,331138.0,6.31
300217.SZ,20260921,4.07,4.07,4.07,4.07,110500.0,449735.0,4.07
300218.SZ,20260921,12.41,12.45,12.45,12.4,10800.0,134337.0,12.44
300219.SZ,20260921,6.89,6.87,6.89,6.86,110800.0,761418.0,6.87
300220.SZ,20260921,11.3,11.3,11.36,11.27,149900.0,1692721.92,11.29
300221.SZ,20260921,14.1,14.18,14.2,14.09,222400.0,3147864.0,14.15
300222.SZ,20260921,10.2,10.21,10.22,10.15,97400.0,993630.0,10.2
300223.SZ,20260921,145.9,146.0,146.2,145.0,710400.0,103666247.68,145.93
300224.SZ,20260921,11.6,11.61,11.62,11.55,216000.0,2507527.04,11.61
300225.SZ,20260921,8.3,8.23,8.3,8.23,102500.0,844488.0,8.24
300226.SZ,20260921,16.7,16.66,16.7,16.6,76900.0,1280027.04,16.65
300227.SZ,20260921,11.23,11.23,11.26,11.22,78300.0,879732.0,11.24
300228.SZ,20260921,6.73,6.74,6.74,6.73,84600.0,569737.0,6.73
300229.SZ,20260921,13.1,13.13,13.13,13.07,164300.0,2154332.96,13.11
300230.SZ,20260921,4.29,4.33,4.33,4.28,29000.0,125527.0,4.33
300231.SZ,20260921,8.26,8.26,8.27,8.26,25600.0,211473.0,8.26
300232.SZ,20260921,5.4,5.41,5.41,5.4,12100.0,65446.0,5.41
300233.SZ,20260921,13.24,13.28,13.3,13.21,50400.0,668308.0,13.26
300234.SZ,20260921,12.03,12.0,12.06,12.0,404600.0,4858325.12,12.01
300235.SZ,20260921,12.1,12.07,12.2,12.07,56850.0,687555.04,12.09
300236.SZ,20260921,92.0,92.5,92.7,92.0,76500.0,7067431.68,92.39
300237.SZ,20260921,2.25,2.26,2.26,2.25,81000.0,182948.0,2.26
300238.SZ,20260921,11.4,11.38,11.49,11.37,164200.0,1871158.08,11.4
300239.SZ,20260921,4.92,4.92,4.92,4.92,4500.0,22140.0,4.92
300240.SZ,20260921,6.01,6.02,6.02,6.01,59200.0,356321.0,6.02
300241.SZ,20260921,5.98,5.96,5.98,5.96,128200.0,764180.96,5.96
300242.SZ,20260921,3.89,3.88,3.91,3.88,428300.0,1661936.96,3.88
300243.SZ,20260921,22.33,22.33,22.5,22.08,1321600.0,29518899.2,22.34
300244.SZ,20260921,19.18,19.21,19.25,19.11,582900.0,11191397.12,19.2
300245.SZ,20260921,5.9,5.9,5.9,5.88,37300.0,219961.0,5.9
300246.SZ,20260921,15.8,15.9,15.9,15.8,58800.0,933790.0,15.88
300247.SZ,20260921,3.6,3.58,3.6,3.58,51300.0,184001.0,3.59
300248.SZ,20260921,8.25,8.23,8.25,8.21,20700.0,170354.0,8.23
300249.SZ,20260921,13.46,13.45,13.58,13.41,171500.0,2308964.96,13.46
300250.SZ,20260921,14.97,14.97,15.04,14.97,60600.0,907484.96,14.98
300251.SZ,20260921,11.12,11.1,11.14,11.09,149200.0,1656883.04,11.11
300252.SZ,20260921,12.66,12.66,12.7,12.65,392600.0,4971936.96,12.66
300253.SZ,20260921,6.78,6.75,6.78,6.74,164460.0,1110400.64,6.75
300254.SZ,20260921,8.76,8.66,8.76,8.66,94100.0,816152.96,8.67
300255.SZ,20260921,23.3,23.32,23.33,23.2,237900.0,5545848.96,23.31
300256.SZ,20260921,2.69,2.68,2.69,2.68,65200.0,174817.0,2.68
300257.SZ,20260921,19.27,19.19,19.29,19.14,174700.0,3354002.88,19.2
300258.SZ,20260921,8.91,8.94,8.94,8.91,19000.0,169662.0,8.93
300259.SZ,20260921,4.0,3.98,4.01,3.98,266300.0,1063847.04,4.0
300260.SZ,20260921,63.8,63.4,63.9,63.4,283602.0,17997710.08,63.46
300261.SZ,20260921,4.83,4.84,4.84,4.81,208800.0,1010130.0,4.84
300263.SZ,20260921,10.31,10.35,10.35,10.29,583400.0,6033304.32,10.34
300264.SZ,20260921,6.03,6.03,6.06,6.02,75800.0,457108.0,6.03
300265.SZ,20260921,14.0,13.99,14.01,13.97,170800.0,2389739.04,13.99
300266.SZ,20260921,1.85,1.85,1.86,1.85,264200.0,488790.0,1.85
300267.SZ,20260921,3.23,3.24,3.26,3.23,126300.0,409157.0,3.24
300268.SZ,20260921,11.7,11.7,11.75,11.7,15100.0,176691.0,11.7
300269.SZ,20260921,4.64,4.65,4.65,4.63,85300.0,396190.0,4.65
300270.SZ,20260921,10.58,10.53,10.6,10.52,94500.0,995864.0,10.54
300271.SZ,20260921,5.62,5.63,5.63,5.61,108900.0,611992.0,5.62
300272.SZ,20260921,5.65,5.64,5.67,5.64,135300.0,763430.0,5.64
300274.SZ,20260921,87.69,87.9,87.94,87.52,1103200.0,96955330.56,87.89
300275.SZ,20260921,8.93,8.96,8.96,8.93,17300.0,155000.0,8.96
300276.SZ,20260921,6.01,6.01,6.04,6.01,93200.0,560677.0,6.02
300277.SZ,20260921,12.99,13.0,13.0,12.95,127200.0,1652921.92,13.0
300278.SZ,20260921,3.54,3.54,3.54,3.52,164100.0,580203.0,3.54
300279.SZ,20260921,6.01,6.02,6.02,6.01,132500.0,797590.0,6.02
300281.SZ,20260921,6.72,6.69,6.76,6.69,25900.0,173384.0,6.69
300283.SZ,20260921,14.34,14.32,14.43,14.32,577400.0,8275656.96,14.33
300284.SZ,20260921,5.09,5.1,5.1,5.08,95300.0,485506.0,5.09
300285.SZ,20260921,69.39,69.36,69.9,69.3,3014394.88,209210777.6,69.4
300286.SZ,20260921,19.32,19.17,19.33,19.15,19800.0,379963.0,19.19
300287.SZ,20260921,3.55,3.54,3.55,3.54,66300.0,234707.0,3.54
300288.SZ,20260921,9.53,9.49,9.59,9.49,106200.0,1008363.04,9.5
300289.SZ,20260921,5.83,5.81,5.83,5.81,12300.0,71647.0,5.83
300290.SZ,20260921,7.22,7.25,7.25,7.14,542700.0,3926204.16,7.24
300291.SZ,20260921,5.56,5.58,5.6,5.54,1577500.0,8796044.8,5.58
300292.SZ,20260921,4.64,4.64,4.66,4.64,370000.0,1718020.0,4.64
300293.SZ,20260921,14.91,14.89,14.91,14.89,20500.0,305270.0,14.89
300294.SZ,20260921,14.4,14.43,14.43,14.4,11700.0,168717.0,14.42
300295.SZ,20260921,11.92,11.84,11.96,11.84,11800.0,139933.0,11.86
300296.SZ,20260921,4.91,4.91,4.91,4.89,177300.0,869872.0,4.91
300298.SZ,20260921,15.67,15.6,15.67,15.6,27500.0,429201.0,15.61
300299.SZ,20260921,5.38,5.36,5.38,5.36,255000.0,1367180.96,5.36
300300.SZ,20260921,9.54,9.62,9.69,9.5,2850099.84,27405084.16,9.62
300301.SZ,20260921,3.47,3.47,3.47,3.47,5600.0,19432.0,3.47
300302.SZ,20260921,28.97,28.97,29.01,28.89,318600.0,9228992.0,28.97
300303.SZ,20260921,6.96,6.97,6.97,6.95,367200.0,2558739.04,6.97
300304.SZ,20260921,11.56,11.56,11.74,11.56,90200.0,1045870.0,11.6
300305.SZ,20260921,6.55,6.51,6.55,6.5,198800.0,1295879.04,6.52
300306.SZ,20260921,10.18,10.18,10.2,10.18,44300.0,451112.0,10.18
300307.SZ,20260921,7.11,7.11,7.13,7.11,58500.0,416090.0,7.11
300308.SZ,20260921,940.0,939.5,942.6,937.99,709722.0,666892861.44,939.65
300310.SZ,20260921,4.3,4.29,4.3,4.27,109900.0,471696.0,4.29
300311.SZ,20260921,5.7,5.71,5.74,5.68,1282400.0,7319879.04,5.71
300313.SZ,20260921,12.4,12.38,12.59,12.36,920100.0,11410086.4,12.4
300314.SZ,20260921,11.67,11.67,11.7,11.67,71300.0,832200.96,11.67
300315.SZ,20260921,4.02,4.02,4.02,4.01,309500.0,1243756.0,4.02
300316.SZ,20260921,42.75,42.71,42.77,42.7,77200.0,3297537.92,42.71
300317.SZ,20260921,4.17,4.15,4.17,4.15,504200.0,2094294.08,4.15
300318.SZ,20260921,4.89,4.87,4.89,4.87,85869.0,418902.04,4.88
300319.SZ,20260921,21.99,21.98,22.14,21.98,1692400.0,37231096.32,22.0
300320.SZ,20260921,8.36,8.33,8.37,8.33,44400.0,369939.0,8.33
300321.SZ,20260921,35.65,35.54,35.85,35.54,26600.0,946584.0,35.59
300322.SZ,20260921,18.5,18.52,18.55,18.43,458300.0,8483267.2,18.51
300323.SZ,20260921,11.65,11.62,11.8,11.62,728752.0,8502663.04,11.67
300324.SZ,20260921,3.4,3.4,3.4,3.39,99400.0,337783.0,3.4
300326.SZ,20260921,6.22,6.21,6.22,6.21,22100.0,137280.0,6.21
300327.SZ,20260921,25.32,25.33,25.43,25.25,130100.0,3293665.92,25.32
300328.SZ,20260921,12.39,12.38,12.45,12.38,146500.0,1814896.96,12.39
300329.SZ,20260921,12.0,12.01,12.01,11.99,11002.0,132043.02,12.0
300331.SZ,20260921,48.87,48.87,49.08,48.66,67800.0,3317141.12,48.93
300332.SZ,20260921,4.91,4.92,4.92,4.9,94000.0,462095.0,4.92
300333.SZ,20260921,11.58,11.56,11.63,11.56,345500.0,3997566.08,11.57
300334.SZ,20260921,8.68,8.7,8.72,8.68,41400.0,360314.0,8.7
300335.SZ,20260921,5.5,5.52,5.52,5.5,21400.0,118107.0,5.52
300337.SZ,20260921,9.38,9.4,9.4,9.36,48600.0,456445.0,9.39
300338.SZ,20260921,3.08,3.08,3.1,3.08,155400.0,478645.0,3.08
300339.SZ,20260921,34.7,34.7,34.76,34.6,123700.0,4290656.96,34.69
300340.SZ,20260921,8.49,8.44,8.5,8.42,28500.0,240848.0,8.45
300341.SZ,20260921,12.99,13.0,13.0,12.99,12300.0,159896.0,13.0
300342.SZ,20260921,32.35,32.28,32.46,32.28,45400.0,1466396.96,32.3
300343.SZ,20260921,5.5,5.51,5.51,5.5,68600.0,377808.0,5.51
300345.SZ,20260921,7.95,7.9,7.99,7.88,541200.0,4280457.92,7.91
300346.SZ,20260921,56.6,56.57,56.68,56.5,867200.0,49066321.92,56.58
300347.SZ,20260921,58.47,58.43,58.63,58.0,171300.0,10006142.72,58.41
300348.SZ,20260921,9.41,9.4,9.43,9.4,81500.0,766879.04,9.41
300349.SZ,20260921,10.07,10.08,10.08,10.04,2900.0,29223.0,10.08
300350.SZ,20260921,4.32,4.33,4.33,4.32,74400.0,321897.0,4.33
300351.SZ,20260921,14.38,14.38,14.38,14.37,33800.0,486020.0,14.38
300352.SZ,20260921,2.75,2.74,2.75,2.74,310000.0,849899.04,2.74
300353.SZ,20260921,16.7,16.76,16.76,16.68,30900.0,517173.0,16.74
300354.SZ,20260921,27.57,27.28,27.57,27.28,11100.0,305185.0,27.49
300355.SZ,20260921,2.77,2.77,2.78,2.77,205900.0,570458.0,2.77
300357.SZ,20260921,19.63,19.6,19.64,19.56,119100.0,2334870.08,19.6
300358.SZ,20260921,8.71,8.69,8.72,8.66,676100.0,5878892.16,8.7
300359.SZ,20260921,4.01,4.01,4.02,4.01,49900.0,200100.0,4.01
300360.SZ,20260921,11.07,11.07,11.07,11.05,31300.0,346202.0,11.06
300363.SZ,20260921,23.2,23.21,23.29,23.2,283200.0,6576069.12,23.22
300364.SZ,20260921,24.75,24.7,24.75,24.59,1272819.04,31425203.2,24.69
300365.SZ,20260921,4.49,4.49,4.51,4.49,60800.0,273081.0,4.49
300366.SZ,20260921,5.43,5.44,5.44,5.43,53000.0,288220.0,5.44
300368.SZ,20260921,9.33,9.36,9.4,9.29,967400.0,9043347.2,9.35
300369.SZ,20260921,8.31,8.3,8.36,8.3,782579.04,6502982.4,8.31
300370.SZ,20260921,2.1,2.1,2.1,2.09,53400.0,112021.0,2.1
300371.SZ,20260921,9.87,9.87,9.87,9.86,18000.0,177651.0,9.87
300373.SZ,20260921,95.08,94.91,95.2,94.91,273800.0,25992734.72,94.93
300374.SZ,20260921,9.92,9.92,9.98,9.84,860960.0,8534885.12,9.91
300375.SZ,20260921,4.04,4.04,4.05,4.04,34700.0,140208.0,4.04
300376.SZ,20260921,4.24,4.24,4.25,4.23,176100.0,746687.04,4.24
300377.SZ,20260921,14.14,14.28,14.29,14.14,511700.0,7288814.72,14.24
300378.SZ,20260921,38.55,38.5,39.0,38.45,610800.0,23613767.68,38.66
300380.SZ,20260921,28.47,28.47,28.7,28.41,18700.0,532759.0,28.49
300381.SZ,20260921,5.58,5.56,5.58,5.56,9500.0,52838.0,5.56
300382.SZ,20260921,16.3,16.4,16.4,16.3,117900.0,1931600.96,16.38
300383.SZ,20260921,11.29,11.29,11.3,11.29,245700.0,2774517.12,11.29
300384.SZ,20260921,11.61,11.61,11.61,11.61,13800.0,160218.0,11.61
300385.SZ,20260921,13.18,13.15,13.19,13.15,57700.0,758898.0,13.15
300386.SZ,20260921,11.22,11.16,11.32,11.16,128000.0,1433235.04,11.2
300387.SZ,20260921,7.3,7.31,7.31,7.28,32400.0,236599.0,7.3
300388.SZ,20260921,6.73,6.72,6.73,6.72,14100.0,94770.0,6.72
300389.SZ,20260921,12.69,12.62,12.78,12.62,49000.0,619046.0,12.63
300390.SZ,20260921,54.19,54.2,54.23,54.01,201200.0,10900956.16,54.18
300393.SZ,20260921,6.18,6.19,6.2,6.17,134900.0,835068.96,6.19
300394.SZ,20260921,286.52,286.17,288.0,286.08,433360.0,124142387.2,286.47
300395.SZ,20260921,94.1,94.0,94.5,93.9,126100.0,11864628.48,94.09
300396.SZ,20260921,7.07,7.07,7.07,7.07,61300.0,433391.0,7.07
300397.SZ,20260921,10.77,10.75,10.79,10.75,20800.0,223792.0,10.76
300398.SZ,20260921,39.12,39.09,39.3,39.04,1573931.04,61543777.28,39.1
300399.SZ,20260921,19.55,19.43,19.55,19.43,41200.0,801095.04,19.44
300400.SZ,20260921,36.62,36.56,36.72,36.56,37500.0,1372967.04,36.61
300401.SZ,20260921,16.4,16.45,16.46,16.21,350600.0,5755571.84,16.42
300402.SZ,20260921,14.68,14.69,14.69,14.68,3800.0,55808.0,14.69
300403.SZ,20260921,8.65,8.66,8.66,8.65,83400.0,722082.0,8.66
300404.SZ,20260921,13.68,13.53,13.68,13.53,722500.0,9791904.0,13.55
300405.SZ,20260921,5.58,5.56,5.58,5.56,55300.0,307502.0,5.56
300406.SZ,20260921,11.47,11.47,11.47,11.45,10100.0,115841.0,11.47
300407.SZ,20260921,10.59,10.62,10.62,10.59,10600.0,112563.0,10.62
300408.SZ,20260921,136.25,136.21,137.0,136.21,2070823.04,282287943.68,136.32
300409.SZ,20260921,17.07,16.98,17.07,16.96,533100.0,9052099.2,16.98
300410.SZ,20260921,8.84,8.8,8.85,8.8,125800.0,1108416.96,8.81
300411.SZ,20260921,8.5,8.55,8.55,8.5,52900.0,450800.0,8.52
300412.SZ,20260921,4.32,4.31,4.33,4.31,121500.0,524454.0,4.32
300413.SZ,20260921,17.95,17.9,17.98,17.88,1476100.0,26442316.8,17.91
300414.SZ,20260921,11.41,11.41,11.44,11.38,35600.0,406223.0,11.41
300415.SZ,20260921,18.91,18.91,18.92,18.9,10300.0,194762.0,18.91
300416.SZ,20260921,14.35,14.35,14.36,14.33,52800.0,757616.96,14.35
300417.SZ,20260921,11.29,11.28,11.36,11.28,32800.0,370156.0,11.29
300418.SZ,20260921,43.98,43.99,44.0,43.85,825400.0,36294748.16,43.97
300419.SZ,20260921,7.7,7.72,7.72,7.7,102000.0,787208.0,7.72
300420.SZ,20260921,7.64,7.65,7.68,7.62,624120.0,4774796.48,7.65
300421.SZ,20260921,17.26,17.24,17.26,17.24,14000.0,241412.0,17.24
300422.SZ,20260921,4.03,4.04,4.04,4.03,20200.0,81602.0,4.04
300423.SZ,20260921,5.56,5.56,5.56,5.55,5400.0,30022.0,5.56
300424.SZ,20260921,15.15,15.0,15.22,14.84,1664500.0,24978787.84,15.01
300425.SZ,20260921,3.97,3.97,3.97,3.96,25200.0,100042.0,3.97
300426.SZ,20260921,7.5,7.45,7.5,7.41,318000.0,2369654.08,7.45
300427.SZ,20260921,7.0,7.03,7.04,6.97,526500.0,3699296.0,7.03
300428.SZ,20260921,19.45,19.47,19.5,19.45,27400.0,533333.0,19.47
300429.SZ,20260921,11.7,11.7,11.71,11.65,242000.0,2830496.96,11.7
300430.SZ,20260921,4.86,4.86,4.88,4.86,284200.0,1381822.08,4.86
300432.SZ,20260921,13.81,13.82,13.85,13.8,151800.0,2097456.96,13.82
300433.SZ,20260921,33.71,33.7,34.0,33.66,1955199.04,66064368.64,33.79
300434.SZ,20260921,12.32,12.27,12.34,12.27,2871900.16,35286558.72,12.29
300435.SZ,20260921,16.99,16.95,17.05,16.94,57300.0,971952.0,16.96
300436.SZ,20260921,86.88,86.66,86.98,86.66,11800.0,1023703.04,86.75
300437.SZ,20260921,10.74,10.71,10.75,10.71,9600.0,102847.0,10.71
300438.SZ,20260921,52.63,52.42,52.63,52.42,147700.0,7747399.68,52.45
300439.SZ,20260921,9.54,9.5,9.54,9.46,43500.0,411882.0,9.47
300440.SZ,20260921,17.82,17.82,17.82,17.82,9700.0,172854.0,17.82
300441.SZ,20260921,7.02,7.0,7.02,7.0,13000.0,91038.0,7.0
300442.SZ,20260921,63.19,63.14,63.29,63.13,176700.0,11160866.56,63.16
300443.SZ,20260921,20.15,20.15,20.19,20.13,73300.0,1477187.04,20.15
300444.SZ,20260921,9.07,9.1,9.1,9.05,106900.0,971360.0,9.09
300445.SZ,20260921,19.08,19.08,19.08,18.97,2400.0,45714.0,19.05
300446.SZ,20260921,13.0,13.0,13.02,12.99,63200.0,821584.96,13.0
300447.SZ,20260921,14.28,14.18,14.28,14.18,54300.0,770288.0,14.19
300448.SZ,20260921,5.54,5.5,5.54,5.49,38400.0,211498.0,5.51
300449.SZ,20260921,6.87,6.87,6.87,6.84,66200.0,454382.0,6.86
300450.SZ,20260921,32.33,32.39,32.4,32.28,286000.0,9254101.76,32.36
300451.SZ,20260921,3.36,3.36,3.37,3.35,56300.0,188967.0,3.36
300452.SZ,20260921,12.86,12.82,12.86,12.82,20800.0,267066.0,12.84
300453.SZ,20260921,9.03,9.0,9.03,9.0,40600.0,365450.0,9.0
300454.SZ,20260921,142.5,142.03,142.92,142.03,143400.0,20388217.6,142.18
300455.SZ,20260921,17.4,17.35,17.44,17.26,26300.0,456138.0,17.34
300456.SZ,20260921,36.47,36.57,36.6,36.47,433300.0,15839467.52,36.56
300457.SZ,20260921,21.95,21.95,21.99,21.82,172000.0,3773672.0,21.94
300458.SZ,20260921,31.41,31.41,31.45,31.27,480100.0,15077875.2,31.41
300459.SZ,20260921,3.58,3.58,3.58,3.57,224700.0,804316.96,3.58
300460.SZ,20260921,8.84,8.8,8.84,8.8,4500.0,39620.0,8.8
300461.SZ,20260921,33.41,33.43,33.5,33.16,53500.0,1789016.96,33.44
300462.SZ,20260921,11.25,11.25,11.25,11.2,8200.0,91950.0,11.21
300463.SZ,20260921,9.11,9.13,9.14,9.1,24800.0,226381.0,9.13
300464.SZ,20260921,11.75,11.56,11.87,11.56,1318000.0,15285757.44,11.6
300465.SZ,20260921,11.53,11.5,11.53,11.5,34900.0,401530.0,11.51
300466.SZ,20260921,7.15,7.08,7.15,7.08,157200.0,1116731.04,7.1
300467.SZ,20260921,33.19,33.19,33.19,33.19,12400.0,411556.0,33.19
300468.SZ,20260921,22.61,22.58,22.79,22.55,1058451.04,23939699.2,22.62
300469.SZ,20260921,49.38,49.0,49.4,49.0,15200.0,745071.04,49.02
300470.SZ,20260921,27.79,27.84,27.84,27.78,16500.0,459140.0,27.83
300471.SZ,20260921,9.92,9.92,9.93,9.91,34000.0,337251.0,9.92
300472.SZ,20260921,6.76,6.77,6.77,6.76,11800.0,79839.0,6.77
300473.SZ,20260921,30.5,30.5,30.59,30.44,42800.0,1305834.0,30.51
300474.SZ,20260921,51.16,51.0,51.16,50.88,73400.0,3743491.84,51.0
300475.SZ,20260921,177.5,177.18,177.89,176.66,643639.0,114053959.68,177.2
300476.SZ,20260921,232.49,232.23,233.5,231.59,750100.0,174255534.08,232.31
300477.SZ,20260921,2.64,2.64,2.64,2.63,127500.0,336358.0,2.64
300478.SZ,20260921,33.85,33.76,33.85,33.76,49800.0,1681649.92,33.77
300479.SZ,20260921,14.64,14.61,14.68,14.61,6800.0,99508.0,14.63
300480.SZ,20260921,33.19,33.1,33.24,33.08,100700.0,3335234.88,33.12
300481.SZ,20260921,14.17,14.17,14.2,14.15,78300.0,1110207.04,14.18
300482.SZ,20260921,15.91,15.86,15.99,15.86,32798.0,520820.28,15.88
300483.SZ,20260921,23.45,23.44,23.5,23.4,75900.0,1780348.96,23.46
300484.SZ,20260921,12.6,12.52,12.66,12.52,46600.0,583780.0,12.53
300485.SZ,20260921,8.46,8.49,8.49,8.43,25000.0,211532.0,8.46
300486.SZ,20260921,18.17,18.17,18.2,18.17,34700.0,630714.0,18.18
300487.SZ,20260921,69.23,69.09,69.48,69.01,43300.0,2993394.88,69.13
300488.SZ,20260921,36.84,36.94,36.96,36.84,30900.0,1141132.0,36.93
300489.SZ,20260921,223.01,223.0,223.9,223.0,196500.0,43855626.24,223.18
300490.SZ,20260921,10.83,10.84,10.99,10.8,228500.0,2483204.0,10.87
300491.SZ,20260921,38.61,38.8,39.0,38.55,239000.0,9258887.68,38.74
300492.SZ,20260921,21.75,21.63,21.76,21.63,16500.0,357061.0,21.64
300493.SZ,20260921,13.02,12.86,13.05,12.86,295700.0,3834904.0,12.97
300494.SZ,20260921,8.01,8.0,8.01,8.0,42800.0,342409.0,8.0
300496.SZ,20260921,56.43,56.35,56.49,56.18,315500.0,17783768.32,56.37
300497.SZ,20260921,20.79,21.01,21.01,20.53,2135900.0,44632273.92,20.9
300498.SZ,20260921,14.73,14.73,14.77,14.73,171100.0,2521435.04,14.74
300499.SZ,20260921,37.34,37.35,37.35,37.2,288800.0,10779068.16,37.32
300500.SZ,20260921,9.2,9.17,9.2,9.17,18600.0,170694.0,9.18
300501.SZ,20260921,9.47,9.45,9.47,9.45,11292.0,106855.4,9.46
300502.SZ,20260921,457.0,455.04,458.26,455.04,702850.0,320490250.24,455.99
300503.SZ,20260921,67.47,67.5,67.57,67.17,81300.0,5484618.24,67.46
300504.SZ,20260921,17.71,17.69,17.75,17.63,80700.0,1427308.96,17.69
300505.SZ,20260921,19.2,19.2,19.24,19.18,142600.0,2738113.92,19.2
300506.SZ,20260921,4.76,4.81,4.81,4.75,92000.0,441449.0,4.8
300507.SZ,20260921,6.5,6.46,6.5,6.46,53800.0,347934.0,6.47
300508.SZ,20260921,39.5,39.5,39.5,39.46,9400.0,371291.0,39.5
300509.SZ,20260921,8.81,8.86,8.86,8.78,27100.0,238559.0,8.8
300510.SZ,20260921,3.43,3.43,3.44,3.43,94800.0,325228.0,3.43
300511.SZ,20260921,4.99,4.99,4.99,4.99,263600.0,1315364.0,4.99
300512.SZ,20260921,7.32,7.33,7.33,7.28,75300.0,551841.0,7.33
300513.SZ,20260921,7.11,7.07,7.12,7.07,83800.0,592836.0,7.07
300514.SZ,20260921,10.01,10.13,10.13,10.01,77500.0,784666.0,10.13
300515.SZ,20260921,15.7,15.6,15.7,15.6,17500.0,274520.0,15.69
300516.SZ,20260921,35.27,35.27,35.65,35.27,49420.0,1744422.4,35.3
300517.SZ,20260921,11.76,11.76,11.84,11.76,19200.0,226034.0,11.77
300518.SZ,20260921,24.3,24.4,24.43,24.3,63300.0,1543928.96,24.39
300519.SZ,20260921,13.98,13.92,13.98,13.92,4500.0,62652.0,13.92
300520.SZ,20260921,22.82,22.79,22.87,22.7,49900.0,1137670.0,22.8
300521.SZ,20260921,25.19,25.1,25.19,25.1,5100.0,128361.0,25.17
300522.SZ,20260921,14.61,14.59,14.67,14.55,472000.0,6889642.24,14.6
300523.SZ,20260921,21.18,21.18,21.33,21.18,38200.0,809178.0,21.18
300525.SZ,20260921,7.74,7.75,7.75,7.74,78700.0,609528.0,7.75
300527.SZ,20260921,8.09,8.06,8.09,8.06,50300.0,406069.0,8.07
300528.SZ,20260921,14.16,14.16,14.17,14.11,195400.0,2764701.12,14.15
300529.SZ,20260921,15.03,15.03,15.04,15.03,20000.0,300623.0,15.03
300530.SZ,20260921,19.61,19.5,19.61,19.48,47900.0,934476.96,19.51
300531.SZ,20260921,15.48,15.44,15.49,15.44,164200.0,2535744.96,15.44
300532.SZ,20260921,7.11,7.1,7.13,7.09,177800.0,1263079.04,7.1
300533.SZ,20260921,14.19,14.19,14.2,14.18,41100.0,583228.0,14.19
300534.SZ,20260921,12.91,12.87,12.94,12.87,533700.0,6874892.8,12.88
300535.SZ,20260921,15.25,15.25,15.25,15.25,18300.0,279075.0,15.25
300536.SZ,20260921,8.78,8.76,8.88,8.76,51200.0,449441.0,8.78
300537.SZ,20260921,21.71,21.55,21.75,21.55,159500.0,3443993.92,21.59
300538.SZ,20260921,14.68,14.65,14.68,14.51,35200.0,515586.0,14.65
300539.SZ,20260921,17.97,17.99,18.01,17.95,88900.0,1598660.0,17.98
300540.SZ,20260921,27.69,27.7,27.72,27.62,88600.0,2452572.96,27.68
300541.SZ,20260921,9.56,9.56,9.6,9.56,30300.0,289735.0,9.56
300542.SZ,20260921,12.27,12.2,12.27,12.2,64100.0,782296.96,12.2
300543.SZ,20260921,7.53,7.5,7.55,7.48,73100.0,548621.0,7.51
300545.SZ,20260921,27.68,27.7,27.75,27.61,21700.0,601026.0,27.7
300546.SZ,20260921,17.09,17.06,17.1,17.03,120100.0,2049982.08,17.07
300547.SZ,20260921,25.42,25.48,25.48,25.4,52200.0,1328872.0,25.46
300548.SZ,20260921,242.95,242.0,243.86,242.0,201400.0,48765030.4,242.13
300549.SZ,20260921,14.33,14.28,14.34,14.26,24800.0,354256.0,14.29
300550.SZ,20260921,14.39,14.39,14.43,14.39,17000.0,244750.0,14.4
300551.SZ,20260921,11.18,11.14,11.2,11.14,141200.0,1573212.0,11.14
300552.SZ,20260921,20.61,20.61,20.61,20.61,6900.0,142209.0,20.61
300553.SZ,20260921,69.21,69.5,69.5,69.21,91000.0,6321550.08,69.47
300554.SZ,20260921,22.92,22.92,22.96,22.86,77400.0,1774056.96,22.92
300555.SZ,20260921,12.41,12.41,12.41,12.41,100.0,1241.0,12.41
300556.SZ,20260921,15.63,15.58,15.63,15.58,58000.0,904023.04,15.59
300557.SZ,20260921,25.81,25.82,25.82,25.76,8900.0,229555.0,25.79
300558.SZ,20260921,47.94,47.9,48.0,47.9,189900.0,9099912.96,47.92
300559.SZ,20260921,12.7,12.7,12.74,12.7,7300.0,92735.0,12.7
300560.SZ,20260921,18.03,18.09,18.09,18.0,44900.0,811204.96,18.07
300561.SZ,20260921,15.76,15.7,15.81,15.7,161900.0,2545128.96,15.72
300562.SZ,20260921,17.11,17.0,17.11,16.99,135400.0,2304854.08,17.02
300563.SZ,20260921,26.85,26.8,26.92,26.8,256200.0,6870904.32,26.82
300564.SZ,20260921,12.18,12.18,12.19,12.18,9400.0,114495.0,12.18
300565.SZ,20260921,9.93,9.98,9.99,9.92,30900.0,307868.0,9.96
300566.SZ,20260921,25.75,25.66,25.76,25.66,264600.0,6800380.8,25.7
300567.SZ,20260921,219.09,219.16,219.16,216.08,96500.0,21115764.48,218.82
300568.SZ,20260921,15.9,15.9,15.95,15.85,646900.0,10286652.8,15.9
300569.SZ,20260921,5.04,5.03,5.05,5.0,323400.0,1624135.04,5.02
300570.SZ,20260921,228.99,228.25,230.0,228.01,667535.0,152524912.64,228.49
300571.SZ,20260921,29.03,29.03,29.39,29.03,182800.0,5312290.88,29.06
300572.SZ,20260921,24.85,24.78,24.85,24.73,30900.0,766224.96,24.8
300573.SZ,20260921,36.3,36.2,36.3,36.19,49985.0,1810040.0,36.21
300575.SZ,20260921,5.9,5.91,5.92,5.88,757900.0,4476070.08,5.91
300576.SZ,20260921,30.07,30.16,30.2,30.04,144000.0,4342242.88,30.15
300577.SZ,20260921,20.13,20.0,20.13,19.93,35100.0,702056.0,20.0
300578.SZ,20260921,15.35,15.36,15.36,15.35,16700.0,256433.0,15.36
300579.SZ,20260921,23.28,23.3,23.3,23.07,90700.0,2111169.92,23.28
300580.SZ,20260921,18.5,18.5,18.5,18.44,17900.0,330945.0,18.49
300581.SZ,20260921,10.33,10.31,10.35,10.31,27900.0,287696.0,10.31
300582.SZ,20260921,10.6,10.56,10.7,10.56,67700.0,715884.96,10.57
300583.SZ,20260921,13.0,13.09,13.09,13.0,14300.0,187151.0,13.09
300584.SZ,20260921,31.31,31.26,31.45,31.26,5300.0,165715.0,31.27
300585.SZ,20260921,16.04,16.04,16.04,16.04,0.0,0.0,16.04
300586.SZ,20260921,9.62,9.62,9.65,9.6,88600.0,852591.04,9.62
300587.SZ,20260921,4.62,4.63,4.64,4.62,58600.0,270987.0,4.62
300588.SZ,20260921,21.85,21.84,21.98,21.84,12600.0,275587.0,21.87
300589.SZ,20260921,13.8,13.83,13.85,13.7,211200.0,2919194.88,13.82
300590.SZ,20260921,11.49,11.46,11.5,11.46,116000.0,1330428.96,11.47
300591.SZ,20260921,6.67,6.66,6.69,6.64,70100.0,466318.0,6.65
300592.SZ,20260921,20.8,20.79,20.89,20.51,510300.0,10607390.72,20.79
300593.SZ,20260921,32.77,32.61,32.83,32.61,60440.0,1974571.36,32.67
300594.SZ,20260921,14.99,15.0,15.01,14.99,22200.0,332990.0,15.0
300595.SZ,20260921,10.06,10.06,10.06,10.04,37400.0,376195.0,10.06
300596.SZ,20260921,40.62,40.62,40.62,40.62,4300.0,174666.0,40.62
300597.SZ,20260921,7.8,7.77,7.85,7.75,83900.0,652348.0,7.78
300598.SZ,20260921,30.6,30.53,30.66,30.53,54899.0,1676805.44,30.54
300599.SZ,20260921,11.6,11.75,11.8,11.57,92000.0,1074082.0,11.68
300600.SZ,20260921,10.37,10.35,10.4,10.35,66800.0,691868.0,10.36
300601.SZ,20260921,12.17,12.18,12.2,12.17,130000.0,1583560.0,12.18
300602.SZ,20260921,39.33,39.32,39.47,39.1,211600.0,8322122.88,39.33
300603.SZ,20260921,8.06,8.06,8.06,8.05,67500.0,543876.0,8.06
300604.SZ,20260921,288.14,286.0,289.97,285.61,505773.0,145151365.12,286.99
300605.SZ,20260921,10.0,10.0,10.05,9.97,47100.0,470989.0,10.0
300606.SZ,20260921,34.33,34.32,34.48,34.32,35300.0,1212040.96,34.34
300607.SZ,20260921,33.65,33.6,33.74,33.6,142800.0,4800591.04,33.62
300608.SZ,20260921,9.86,9.8,9.89,9.8,212300.0,2091219.04,9.85
300609.SZ,20260921,24.51,24.41,24.51,24.41,14700.0,358907.0,24.42
300610.SZ,20260921,10.12,10.12,10.13,10.12,16400.0,165972.0,10.12
300611.SZ,20260921,26.97,26.78,26.97,26.75,37500.0,1004852.96,26.8
300612.SZ,20260921,12.13,12.15,12.17,12.11,110300.0,1339922.0,12.15
300613.SZ,20260921,80.61,80.96,81.0,80.21,245500.0,19854356.48,80.87
300614.SZ,20260921,10.16,10.2,10.2,9.98,50200.0,511431.0,10.19
300615.SZ,20260921,14.24,14.18,14.26,14.18,153800.0,2183292.0,14.2
300616.SZ,20260921,10.02,10.02,10.02,10.0,30700.0,307572.0,10.02
300617.SZ,20260921,36.1,36.58,36.7,36.1,59700.0,2173260.96,36.4
300618.SZ,20260921,31.95,31.98,31.98,31.95,31800.0,1016591.04,31.97
300619.SZ,20260921,25.87,25.8,25.96,25.77,79300.0,2046578.56,25.81
300620.SZ,20260921,299.9,299.9,300.6,298.06,140600.0,42167751.68,299.91
300621.SZ,20260921,6.84,6.81,6.84,6.8,14800.0,100779.0,6.81
300622.SZ,20260921,15.14,15.18,15.18,15.14,36200.0,549397.0,15.18
300623.SZ,20260921,36.0,35.97,36.07,35.9,765900.0,27559022.08,35.98
300624.SZ,20260921,51.0,50.99,51.1,50.8,94400.0,4813239.04,50.99
300625.SZ,20260921,9.79,9.79,9.81,9.79,79000.0,773551.04,9.79
300626.SZ,20260921,29.23,29.23,29.27,29.17,34900.0,1019692.96,29.22
300627.SZ,20260921,26.55,26.55,26.55,26.5,11700.0,310589.0,26.55
300628.SZ,20260921,41.18,41.1,41.19,41.1,59500.0,2447371.04,41.13
300629.SZ,20260921,17.94,17.87,17.95,17.87,12000.0,214898.0,17.91
300631.SZ,20260921,21.34,21.34,21.34,21.29,400.0,8527.0,21.32
300632.SZ,20260921,19.25,19.15,19.25,19.15,354700.0,6802851.2,19.18
300633.SZ,20260921,19.12,19.05,19.12,19.05,9900.0,188986.0,19.09
300634.SZ,20260921,21.5,21.49,21.78,21.47,1515088.0,32592583.68,21.51
300635.SZ,20260921,11.76,11.76,11.77,11.71,16800.0,197558.0,11.76
300636.SZ,20260921,6.69,6.7,6.76,6.69,60500.0,406841.0,6.73
300637.SZ,20260921,9.31,9.26,9.35,9.26,30500.0,282666.0,9.27
300638.SZ,20260921,20.18,20.19,20.24,20.0,375200.0,7571788.8,20.18
300639.SZ,20260921,5.9,5.89,5.92,5.88,190450.0,1121886.48,5.89
300640.SZ,20260921,6.08,6.08,6.08,6.08,43600.0,265088.0,6.08
300641.SZ,20260921,13.76,13.72,13.76,13.72,10200.0,140030.0,13.73
300642.SZ,20260921,18.31,18.17,18.5,18.17,1329500.0,24245908.48,18.24
300643.SZ,20260921,18.07,18.15,18.15,18.07,8400.0,152420.0,18.15
300644.SZ,20260921,19.38,19.42,19.42,19.34,19600.0,380285.0,19.4
300645.SZ,20260921,13.15,13.14,13.19,13.14,31200.0,410098.0,13.14
300647.SZ,20260921,7.95,8.0,8.01,7.92,250800.0,2003508.0,7.99
300648.SZ,20260921,42.29,42.3,42.3,42.1,29200.0,1234946.0,42.29
300649.SZ,20260921,29.0,29.02,29.14,28.89,144500.0,4190954.88,29.0
300650.SZ,20260921,12.27,12.28,12.31,12.25,44200.0,542499.0,12.27
300651.SZ,20260921,15.78,15.98,15.98,15.76,50400.0,800031.04,15.87
300652.SZ,20260921,26.35,26.24,26.8,26.24,157200.0,4143158.08,26.36
300653.SZ,20260921,15.35,15.25,15.35,15.17,7900.0,120519.0,15.26
300654.SZ,20260921,9.85,9.85,9.87,9.85,187000.0,1841956.0,9.85
300655.SZ,20260921,13.61,13.65,13.66,13.55,856200.0,11679984.64,13.64
300656.SZ,20260921,31.5,31.58,31.64,31.3,317100.0,10008791.04,31.56
300657.SZ,20260921,37.4,37.5,37.54,37.2,436100.0,16341121.28,37.47
300658.SZ,20260921,10.46,10.47,10.5,10.46,57200.0,598959.0,10.47
300659.SZ,20260921,10.5,10.49,10.6,10.49,366900.0,3857285.12,10.51
300660.SZ,20260921,23.61,23.6,23.66,23.6,41300.0,975180.0,23.61
300661.SZ,20260921,124.88,124.99,124.99,124.5,121200.0,15143568.64,124.95
300662.SZ,20260921,21.22,21.26,21.26,21.12,7700.0,163331.0,21.21
300663.SZ,20260921,7.7,7.7,7.76,7.7,169900.0,1308740.0,7.7
300664.SZ,20260921,4.6,4.64,4.64,4.6,158800.0,731176.96,4.6
300665.SZ,20260921,8.67,8.68,8.68,8.67,30900.0,268155.0,8.68
300666.SZ,20260921,262.12,262.0,262.7,261.0,155500.0,40739343.36,261.99
300667.SZ,20260921,14.89,14.88,14.97,14.88,9900.0,147342.0,14.88
300668.SZ,20260921,32.17,32.1,32.23,32.1,16600.0,533150.0,32.12
300669.SZ,20260921,22.98,22.76,22.98,22.74,12600.0,287296.0,22.8
300670.SZ,20260921,6.99,7.0,7.06,6.97,596700.0,4176349.12,7.0
300671.SZ,20260921,60.97,60.98,60.98,60.16,161000.0,9797031.68,60.85
300672.SZ,20260921,192.78,192.78,194.3,191.58,331519.0,63926968.32,192.83
300673.SZ,20260921,14.89,14.9,14.9,14.8,34100.0,507860.0,14.89
300674.SZ,20260921,16.68,16.67,16.77,16.66,571100.0,9531813.12,16.69
300675.SZ,20260921,12.6,12.6,12.6,12.54,7000.0,88188.0,12.6
300676.SZ,20260921,39.97,39.97,40.1,39.76,144700.0,5780318.72,39.95
300677.SZ,20260921,51.66,51.65,51.66,51.53,12100.0,624890.0,51.64
300678.SZ,20260921,21.56,21.49,21.56,21.48,18900.0,406238.0,21.49
300679.SZ,20260921,45.53,45.57,45.69,45.4,181300.0,8254949.12,45.53
300680.SZ,20260921,20.62,20.63,20.65,20.6,18800.0,387728.0,20.62
300681.SZ,20260921,20.97,20.98,20.98,20.88,19700.0,412946.0,20.96
300682.SZ,20260921,8.93,8.93,8.94,8.91,87400.0,780214.0,8.93
300683.SZ,20260921,25.14,25.1,25.25,25.0,361100.0,9067788.8,25.11
300684.SZ,20260921,100.79,100.98,101.56,100.0,474800.0,47911029.76,100.91
300685.SZ,20260921,18.18,18.16,18.21,18.16,151090.0,2745019.52,18.17
300686.SZ,20260921,14.77,14.84,14.86,14.76,68400.0,1011682.0,14.79
300687.SZ,20260921,29.07,28.98,29.11,28.91,273500.0,7930748.8,29.0
300688.SZ,20260921,37.0,36.9,37.1,36.72,114400.0,4220912.96,36.9
300689.SZ,20260921,66.68,66.79,66.95,66.48,50000.0,3337781.12,66.76
300690.SZ,20260921,24.34,24.31,24.5,24.31,55400.0,1349640.0,24.36
300691.SZ,20260921,14.8,14.78,14.85,14.78,66756.0,987214.24,14.79
300692.SZ,20260921,9.29,9.24,9.31,9.24,527300.0,4886620.16,9.27
300693.SZ,20260921,39.01,39.02,39.08,38.94,183500.0,7161363.2,39.03
300694.SZ,20260921,10.58,10.58,10.58,10.54,9500.0,100494.0,10.58
300695.SZ,20260921,53.68,54.03,54.03,53.68,8900.0,479225.0,53.85
300696.SZ,20260921,20.25,20.25,20.28,20.25,4600.0,93172.0,20.25
300697.SZ,20260921,14.96,14.98,15.0,14.9,68900.0,1031387.04,14.97
300698.SZ,20260921,27.28,27.17,27.28,27.17,52500.0,1426903.04,27.18
300699.SZ,20260921,23.68,23.71,23.71,23.68,91200.0,2161820.0,23.7
300700.SZ,20260921,18.57,18.48,18.57,18.47,25400.0,469665.0,18.49
300701.SZ,20260921,9.86,9.92,9.92,9.86,25300.0,250678.0,9.91
300702.SZ,20260921,20.2,20.2,20.2,20.06,15300.0,308071.0,20.14
300703.SZ,20260921,13.88,13.95,13.95,13.87,89500.0,1247704.96,13.94
300705.SZ,20260921,10.59,10.55,10.61,10.55,11700.0,123911.0,10.59
300706.SZ,20260921,51.69,51.7,51.7,51.35,115800.0,5982284.8,51.66
300707.SZ,20260921,11.66,11.66,11.66,11.66,5600.0,65296.0,11.66
300708.SZ,20260921,8.84,8.81,8.87,8.8,329500.0,2906402.24,8.82
300709.SZ,20260921,38.68,38.59,38.79,38.59,44800.0,1729611.04,38.61
300710.SZ,20260921,30.03,30.0,30.11,30.0,9500.0,285037.0,30.0
300711.SZ,20260921,18.95,19.09,19.16,18.95,186600.0,3561132.16,19.08
300712.SZ,20260921,20.87,20.87,20.88,20.87,14000.0,292206.0,20.87
300713.SZ,20260921,12.92,12.92,12.92,12.91,11700.0,151160.0,12.92
300715.SZ,20260921,13.98,13.91,13.98,13.91,40500.0,563400.0,13.91
300716.SZ,20260921,18.7,18.79,18.79,18.42,3100.0,57569.0,18.57
300717.SZ,20260921,17.83,17.83,17.83,17.83,4900.0,87367.0,17.83
300718.SZ,20260921,53.31,53.3,53.33,53.2,21800.0,1161967.04,53.3
300719.SZ,20260921,11.89,11.83,11.89,11.81,19000.0,224922.0,11.84
300720.SZ,20260921,62.1,62.45,62.45,62.05,98300.0,6127877.12,62.34
300721.SZ,20260921,22.98,22.86,22.98,22.84,53600.0,1226808.0,22.89
300722.SZ,20260921,21.87,21.86,21.98,21.86,8500.0,185893.0,21.87
300723.SZ,20260921,34.12,34.02,34.12,34.02,31560.0,1074742.24,34.05
300724.SZ,20260921,54.51,54.51,54.6,54.5,80300.0,4377480.96,54.51
300725.SZ,20260921,48.1,48.0,48.49,48.0,364900.0,17553355.52,48.11
300726.SZ,20260921,61.32,61.1,61.83,61.05,788091.04,48219371.52,61.19
300727.SZ,20260921,35.0,34.98,35.1,34.95,53900.0,1886416.96,35.0
300729.SZ,20260921,11.0,11.01,11.03,10.83,86100.0,947238.0,11.0
300730.SZ,20260921,11.25,11.25,11.29,11.25,47000.0,529067.0,11.26
300731.SZ,20260921,48.91,48.83,49.0,48.57,482500.0,23547955.2,48.8
300732.SZ,20260921,5.69,5.68,5.71,5.68,10800.0,61379.0,5.68
300733.SZ,20260921,13.52,13.65,13.72,13.52,111600.0,1521011.04,13.63
300735.SZ,20260921,18.2,18.17,18.22,18.17,48400.0,879900.96,18.18
300736.SZ,20260921,33.0,33.02,33.09,33.0,20000.0,660477.0,33.02
300737.SZ,20260921,4.84,4.84,4.88,4.81,1300000.0,6300414.72,4.85
300738.SZ,20260921,19.62,19.59,19.66,19.59,209500.0,4106476.16,19.6
300739.SZ,20260921,31.88,31.88,31.98,31.62,389800.0,12421446.4,31.87
300740.SZ,20260921,22.95,22.9,23.1,22.9,885998.0,20310513.92,22.92
300741.SZ,20260921,24.4,24.5,24.65,24.32,874800.0,21410310.4,24.48
300743.SZ,20260921,14.06,14.05,14.06,14.05,21000.0,295059.0,14.05
300745.SZ,20260921,28.25,28.21,28.36,28.19,12200.0,344366.0,28.23
300746.SZ,20260921,14.25,14.26,14.26,14.2,23100.0,329216.0,14.25
300747.SZ,20260921,41.38,41.25,41.4,41.1,203931.0,8420188.8,41.29
300748.SZ,20260921,25.52,25.48,25.56,25.46,69400.0,1769196.0,25.49
300749.SZ,20260921,25.11,25.12,25.12,25.11,30700.0,771140.0,25.12
300750.SZ,20260921,302.9,303.04,303.6,301.95,823680.0,249548513.28,302.97
300751.SZ,20260921,208.01,208.98,209.0,208.0,90400.0,18872540.16,208.77
300752.SZ,20260921,13.52,13.27,13.52,13.27,69500.0,931371.04,13.4
300753.SZ,20260921,21.04,21.15,21.2,21.01,197300.0,4172056.0,21.15
300755.SZ,20260921,11.26,11.26,11.27,11.16,53600.0,601280.0,11.22
300756.SZ,20260921,34.04,34.05,34.33,34.0,105800.0,3611112.0,34.13
300757.SZ,20260921,621.0,621.14,624.0,620.7,118400.0,73540254.72,621.12
300758.SZ,20260921,11.27,11.27,11.27,11.16,28800.0,323609.0,11.24
300759.SZ,20260921,44.46,44.52,44.6,44.19,989500.0,44018549.76,44.49
300760.SZ,20260921,157.08,157.12,157.2,157.03,44700.0,7023441.28,157.12
300761.SZ,20260921,20.41,20.48,20.48,20.38,19000.0,388853.0,20.47
300762.SZ,20260921,27.44,27.37,27.44,27.3,57800.0,1581855.04,27.37
300763.SZ,20260921,57.4,57.35,57.55,57.35,75500.0,4331408.96,57.37
300765.SZ,20260921,44.89,44.8,44.95,44.65,290400.0,13013326.08,44.81
300766.SZ,20260921,22.38,22.35,22.5,22.35,223558.0,5004938.88,22.39
300767.SZ,20260921,21.86,21.86,21.97,21.77,152300.0,3331872.0,21.88
300768.SZ,20260921,14.92,14.89,14.96,14.89,58700.0,874535.04,14.9
300769.SZ,20260921,41.94,42.0,42.02,41.93,62400.0,2620675.2,42.0
300770.SZ,20260921,34.72,34.67,34.84,34.67,45396.0,1575236.16,34.7
300771.SZ,20260921,11.27,11.28,11.29,11.26,47300.0,533463.0,11.28
300772.SZ,20260921,9.41,9.4,9.44,9.38,178200.0,1675596.0,9.4
300773.SZ,20260921,15.18,15.2,15.22,15.15,1130800.0,17180597.76,15.19
300774.SZ,20260921,9.94,9.92,9.95,9.92,13300.0,132041.0,9.93
300775.SZ,20260921,21.15,21.09,21.17,21.09,29600.0,624802.0,21.11
300776.SZ,20260921,128.48,128.55,129.6,128.42,197900.0,25491020.8,128.81
300777.SZ,20260921,21.13,21.13,21.13,21.1,42200.0,891556.96,21.13
300778.SZ,20260921,10.44,10.39,10.44,10.38,6000.0,62384.0,10.4
300779.SZ,20260921,54.23,54.31,54.4,54.23,55600.0,3019662.08,54.31
300780.SZ,20260921,19.59,19.6,19.67,19.52,24600.0,481928.0,19.59
300781.SZ,20260921,26.41,26.41,26.44,26.4,29200.0,771328.96,26.42
300782.SZ,20260921,75.35,75.35,75.48,75.0,193800.0,14595402.24,75.31
300783.SZ,20260921,16.67,16.67,16.7,16.64,20000.0,333419.0,16.67
300784.SZ,20260921,40.97,40.81,41.01,40.81,14200.0,579704.0,40.82
300785.SZ,20260921,34.11,34.25,34.29,34.1,12000.0,410789.0,34.23
300786.SZ,20260921,15.66,15.58,15.8,15.54,606300.0,9459857.92,15.6
300787.SZ,20260921,10.79,10.78,10.8,10.76,81100.0,874253.28,10.78
300788.SZ,20260921,35.01,34.91,35.56,34.66,1136300.0,39633438.72,34.88
300789.SZ,20260921,15.4,15.4,15.4,15.39,32700.0,503566.0,15.4
300790.SZ,20260921,20.1,20.02,20.1,20.02,139000.0,2785682.88,20.04
300791.SZ,20260921,17.34,17.4,17.4,17.34,7600.0,132232.0,17.4
300792.SZ,20260921,24.21,24.31,24.31,24.2,37200.0,903664.96,24.29
300793.SZ,20260921,12.0,11.99,12.08,11.98,551860.0,6620313.6,12.0
300795.SZ,20260921,12.18,12.27,12.27,12.12,150100.0,1839107.04,12.25
300796.SZ,20260921,6.79,6.79,6.79,6.78,26900.0,182623.0,6.79
300797.SZ,20260921,13.12,13.13,13.13,13.12,26600.0,349216.0,13.13
300798.SZ,20260921,8.58,8.6,8.65,8.57,1191100.0,10243818.88,8.6
300800.SZ,20260921,10.02,10.02,10.02,10.02,11700.0,117234.0,10.02
300801.SZ,20260921,21.9,21.9,21.9,21.81,22800.0,499119.0,21.89
300802.SZ,20260921,28.02,28.0,28.16,27.9,278500.0,7802725.12,28.02
300803.SZ,20260921,81.9,82.0,82.02,81.8,112600.0,9230572.16,81.98
300804.SZ,20260921,45.48,45.45,45.48,45.19,23400.0,1063604.96,45.45
300805.SZ,20260921,8.36,8.37,8.37,8.34,20600.0,172268.0,8.36
300806.SZ,20260921,58.8,58.75,58.99,58.6,342000.0,20104035.84,58.78
300807.SZ,20260921,35.78,35.78,35.98,35.78,6200.0,222288.0,35.85
300808.SZ,20260921,23.0,23.11,23.16,22.9,69700.0,1610136.96,23.1
300809.SZ,20260921,24.65,24.55,24.68,24.53,52400.0,1289936.96,24.62
300810.SZ,20260921,24.85,24.79,25.0,24.79,23000.0,570445.0,24.8
300811.SZ,20260921,86.6,86.5,86.8,86.1,267001.0,23091514.88,86.49
300812.SZ,20260921,19.87,19.87,19.98,19.86,38400.0,763324.4,19.88
300813.SZ,20260921,21.82,21.75,21.83,21.75,31700.0,689919.04,21.76
300814.SZ,20260921,146.9,146.68,146.98,146.0,113800.0,16688392.96,146.65
300815.SZ,20260921,15.48,15.42,15.48,15.39,156600.0,2415668.0,15.43
300816.SZ,20260921,66.2,66.0,66.2,65.9,58000.0,3829712.0,66.03
300817.SZ,20260921,16.48,16.32,16.53,16.32,3700.0,60792.0,16.43
300818.SZ,20260921,17.05,17.0,17.1,17.0,35830.0,609401.0,17.01
300819.SZ,20260921,49.0,48.89,49.08,48.89,62350.0,3050390.4,48.92
300820.SZ,20260921,72.27,72.41,72.79,72.18,75400.0,5459038.08,72.4
300821.SZ,20260921,15.7,15.67,15.71,15.66,469100.0,7355568.0,15.68
300822.SZ,20260921,11.4,11.36,11.43,11.36,19700.0,224021.0,11.37
300823.SZ,20260921,13.91,13.96,13.96,13.91,18100.0,252620.0,13.96
300824.SZ,20260921,7.63,7.63,7.64,7.63,42800.0,326617.0,7.63
300825.SZ,20260921,13.15,13.15,13.2,13.11,132600.0,1743612.0,13.15
300826.SZ,20260921,15.48,15.37,15.48,15.37,44000.0,678494.72,15.42
300827.SZ,20260921,25.5,25.66,25.66,25.35,234700.0,6011358.72,25.61
300828.SZ,20260921,16.92,16.92,16.93,16.84,12500.0,211365.0,16.91
300829.SZ,20260921,21.44,21.45,21.45,21.43,614400.0,13177788.16,21.45
300830.SZ,20260921,8.03,8.08,8.08,8.03,114900.0,925884.0,8.06
300831.SZ,20260921,14.49,14.46,14.49,14.44,37300.0,539580.0,14.47
300832.SZ,20260921,49.18,49.09,49.18,49.09,2000.0,98225.0,49.11
300833.SZ,20260921,40.5,40.3,40.6,40.3,10600.0,427712.0,40.35
300834.SZ,20260921,39.92,39.92,39.96,39.92,20200.0,806728.0,39.94
300835.SZ,20260921,190.03,190.0,191.18,189.37,52400.0,9957429.76,190.03
300836.SZ,20260921,61.7,61.8,62.6,61.5,166100.0,10268995.84,61.82
300837.SZ,20260921,22.4,22.4,22.42,22.4,6600.0,147860.0,22.4
300838.SZ,20260921,13.96,13.93,14.02,13.93,12700.0,176967.0,13.93
300839.SZ,20260921,13.05,13.05,13.06,12.93,137000.0,1786940.96,13.04
300840.SZ,20260921,19.02,19.38,19.4,19.0,247200.0,4769261.12,19.29
300841.SZ,20260921,51.61,51.55,51.91,51.55,20700.0,1067628.0,51.58
300842.SZ,20260921,65.17,65.6,65.6,65.04,38500.0,2524598.08,65.57
300843.SZ,20260921,146.0,146.0,146.21,145.0,52400.0,7641763.84,145.84
300844.SZ,20260921,23.68,23.69,23.69,23.45,11800.0,278930.0,23.64
300845.SZ,20260921,13.55,13.54,13.59,13.5,21900.0,297045.0,13.56
300846.SZ,20260921,20.29,20.3,20.32,20.21,239300.0,4854605.12,20.29
300847.SZ,20260921,13.78,13.8,13.81,13.78,4600.0,63451.0,13.79
300848.SZ,20260921,11.17,11.09,11.17,11.09,32500.0,361693.0,11.13
300849.SZ,20260921,21.65,21.7,21.7,21.6,5200.0,112810.0,21.69
300850.SZ,20260921,28.8,28.84,28.84,28.7,122600.0,3534489.92,28.83
300851.SZ,20260921,23.45,23.47,23.47,23.36,5900.0,138429.0,23.46
300852.SZ,20260921,68.88,68.37,68.96,68.37,357400.0,24463191.04,68.45
300853.SZ,20260921,29.63,29.58,29.68,29.38,40980.0,1212341.6,29.58
300854.SZ,20260921,15.21,15.2,15.27,15.2,20400.0,310100.0,15.2
300855.SZ,20260921,34.92,34.85,34.92,34.81,16900.0,588959.0,34.85
300856.SZ,20260921,10.44,10.4,10.44,10.4,7900.0,82236.0,10.41
300857.SZ,20260921,268.97,268.3,269.99,268.3,234469.0,62955253.76,268.5
300858.SZ,20260921,14.37,14.3,14.37,14.3,43900.0,627777.0,14.3
300859.SZ,20260921,24.66,24.65,24.69,24.6,68600.0,1690000.96,24.64
300860.SZ,20260921,28.5,28.6,28.65,28.5,11200.0,319773.0,28.55
300861.SZ,20260921,16.1,16.06,16.13,16.06,71600.0,1151404.96,16.08
300862.SZ,20260921,54.2,54.12,54.48,54.12,508600.0,27539112.96,54.15
300863.SZ,20260921,44.89,44.91,45.36,44.73,169300.0,7606505.6,44.93
300864.SZ,20260921,25.93,26.0,26.0,25.8,51800.0,1344894.08,25.96
300865.SZ,20260921,32.5,32.62,32.7,32.44,42500.0,1384902.08,32.59
300866.SZ,20260921,127.4,127.15,127.66,127.1,26976.0,3433141.44,127.27
300867.SZ,20260921,17.85,17.84,17.87,17.8,32300.0,576128.0,17.84
300868.SZ,20260921,92.7,92.7,93.8,92.7,56500.0,5240974.08,92.76
300869.SZ,20260921,10.75,10.75,10.75,10.74,38900.0,418174.0,10.75
300870.SZ,20260921,216.2,215.6,218.0,215.27,95820.0,20695805.44,215.99
300871.SZ,20260921,21.5,21.54,21.57,21.5,4900.0,105453.0,21.52
300872.SZ,20260921,15.27,15.26,15.3,15.26,78700.0,1201460.96,15.27
300873.SZ,20260921,16.77,16.82,16.89,16.75,520800.0,8756876.16,16.81
300875.SZ,20260921,32.2,32.3,32.3,32.2,21500.0,694116.0,32.28
300876.SZ,20260921,14.54,14.46,14.54,14.46,1660.0,24019.4,14.47
300877.SZ,20260921,27.77,27.72,27.81,27.5,21700.0,601293.0,27.71
300878.SZ,20260921,32.78,32.86,32.86,32.78,6300.0,206884.0,32.84
300879.SZ,20260921,17.55,17.54,17.68,17.39,535300.0,9396769.92,17.55
300880.SZ,20260921,20.27,20.3,20.3,20.2,6300.0,127808.0,20.29
300881.SZ,20260921,29.7,29.8,29.8,29.7,4300.0,128120.0,29.8
300882.SZ,20260921,13.49,13.56,13.56,13.45,15800.0,213742.0,13.53
300883.SZ,20260921,6.34,6.31,6.34,6.31,69500.0,438643.0,6.31
300884.SZ,20260921,12.05,12.07,12.16,12.05,46900.0,566013.0,12.07
300885.SZ,20260921,19.17,19.18,19.18,19.01,14100.0,270195.0,19.16
300886.SZ,20260921,22.9,22.9,22.9,22.87,12400.0,283829.0,22.89
300887.SZ,20260921,6.8,6.83,6.83,6.79,37700.0,257360.0,6.83
300888.SZ,20260921,28.75,28.75,28.86,28.75,17600.0,506059.0,28.75
300889.SZ,20260921,24.03,24.0,24.07,23.92,137300.0,3295449.92,24.0
300890.SZ,20260921,26.59,26.56,26.71,26.56,35600.0,945751.04,26.57
300891.SZ,20260921,7.61,7.64,7.67,7.6,52000.0,396354.0,7.62
300892.SZ,20260921,22.12,22.03,22.12,22.01,5700.0,125652.0,22.04
300893.SZ,20260921,13.72,13.72,13.74,13.71,19900.0,273036.0,13.72
300894.SZ,20260921,10.48,10.48,10.48,10.47,19300.0,202256.0,10.48
300895.SZ,20260921,56.8,57.0,57.0,56.77,74700.0,4253831.04,56.95
300896.SZ,20260921,89.53,89.49,89.89,89.49,17300.0,1549924.0,89.59
300897.SZ,20260921,15.89,15.83,15.89,15.82,17000.0,269133.0,15.83
300898.SZ,20260921,19.51,19.51,19.55,19.5,7000.0,136615.0,19.52
300899.SZ,20260921,29.4,29.5,29.5,29.4,3700.0,109138.0,29.5
300900.SZ,20260921,23.65,23.55,23.75,23.55,43100.0,1015702.0,23.57
300901.SZ,20260921,17.81,17.81,17.81,17.8,49200.0,876248.96,17.81
300902.SZ,20260921,17.33,17.39,17.39,17.33,27800.0,483016.0,17.38
300903.SZ,20260921,111.2,111.51,111.88,111.0,260795.0,29076613.12,111.49
300904.SZ,20260921,43.27,43.06,43.7,43.06,84600.0,3648236.16,43.12
300905.SZ,20260921,38.51,38.57,38.58,38.48,69800.0,2690265.92,38.54
300906.SZ,20260921,28.74,28.76,28.76,28.69,2100.0,60379.0,28.75
300907.SZ,20260921,54.42,54.49,54.86,54.42,39900.0,2174903.04,54.51
300908.SZ,20260921,16.8,16.8,16.81,16.7,8798.0,147797.6,16.8
300909.SZ,20260921,60.08,60.0,60.48,60.0,29400.0,1764449.92,60.02
300910.SZ,20260921,27.85,27.68,27.86,27.68,41920.0,1161291.76,27.7
300911.SZ,20260921,31.59,31.65,31.8,31.49,209900.0,6641621.12,31.64
300912.SZ,20260921,19.56,19.56,19.69,19.56,24000.0,469490.0,19.56
300913.SZ,20260921,42.87,42.87,42.95,42.74,320800.0,13746471.68,42.85
300915.SZ,20260921,21.02,21.02,21.1,21.0,18400.0,386798.0,21.02
300916.SZ,20260921,25.91,25.9,25.98,25.71,26200.0,677927.04,25.88
300917.SZ,20260921,29.36,29.5,29.56,29.1,352400.0,10379509.76,29.45
300918.SZ,20260921,10.81,10.84,10.84,10.74,42700.0,462436.0,10.83
300919.SZ,20260921,38.11,38.12,38.2,38.03,34900.0,1330948.96,38.14
300920.SZ,20260921,34.91,34.97,34.97,34.91,500.0,17477.0,34.95
300921.SZ,20260921,16.05,16.04,16.12,16.04,130600.0,2096233.92,16.05
300922.SZ,20260921,17.91,18.0,18.0,17.91,31400.0,564546.0,17.98
300923.SZ,20260921,23.16,23.16,23.24,23.16,5300.0,122967.0,23.2
300925.SZ,20260921,14.06,14.0,14.11,14.0,15600.0,219656.0,14.08
300926.SZ,20260921,16.42,16.49,16.5,16.42,13300.0,219319.0,16.49
300927.SZ,20260921,26.71,26.71,26.94,26.63,94200.0,2516728.0,26.72
300928.SZ,20260921,22.64,22.75,22.79,22.64,23400.0,531584.0,22.72
300929.SZ,20260921,15.8,15.85,15.85,15.8,13100.0,207615.0,15.85
300930.SZ,20260921,24.78,24.79,24.85,24.56,17300.0,426322.0,24.64
300931.SZ,20260921,16.8,16.95,16.96,16.8,242500.0,4106784.0,16.94
300932.SZ,20260921,11.07,11.18,11.18,11.07,491600.0,5490815.36,11.17
300933.SZ,20260921,6.64,6.6,6.64,6.6,25200.0,167020.0,6.63
300935.SZ,20260921,27.17,27.07,27.17,27.07,8700.0,235556.0,27.08
300936.SZ,20260921,81.75,80.01,81.99,80.01,73400.0,5880344.96,80.11
300937.SZ,20260921,24.58,24.58,24.59,24.58,18900.0,464600.0,24.58
300938.SZ,20260921,32.4,32.5,32.54,32.18,157600.0,5113662.08,32.45
300939.SZ,20260921,94.0,94.51,94.79,93.5,128600.0,12142922.24,94.42
300940.SZ,20260921,13.51,13.46,13.51,13.46,18400.0,247714.0,13.46
300941.SZ,20260921,14.76,14.66,14.85,14.66,60900.0,894020.96,14.68
300942.SZ,20260921,6.47,6.47,6.5,6.45,162500.0,1050618.0,6.47
300943.SZ,20260921,34.17,34.2,34.22,34.0,92600.0,3166326.08,34.19
300945.SZ,20260921,11.85,11.85,11.9,11.8,36100.0,427646.0,11.85
300946.SZ,20260921,36.56,36.42,36.62,36.42,1200.0,43860.0,36.55
300947.SZ,20260921,14.35,14.43,14.43,14.35,34500.0,497215.0,14.41
300948.SZ,20260921,19.14,19.1,19.14,19.1,22500.0,430202.0,19.12
300949.SZ,20260921,22.67,22.76,22.88,22.67,7800.0,177594.0,22.77
300950.SZ,20260921,20.0,20.5,20.5,20.0,117900.0,2406739.04,20.41
300951.SZ,20260921,92.8,92.8,94.5,92.79,22100.0,2052952.0,92.89
300952.SZ,20260921,16.01,16.0,16.18,16.0,25400.0,406901.0,16.02
300953.SZ,20260921,99.63,99.99,100.0,98.45,91900.0,9175139.84,99.84
300955.SZ,20260921,28.81,28.81,28.82,28.81,2600.0,74907.0,28.81
300956.SZ,20260921,11.26,11.26,11.26,11.2,60100.0,676679.04,11.26
300957.SZ,20260921,31.56,31.53,31.62,31.53,35600.0,1123340.0,31.55
300958.SZ,20260921,11.85,11.86,11.86,11.85,17000.0,201595.0,11.86
300959.SZ,20260921,92.02,91.98,92.88,91.95,16099.0,1482484.96,92.09
300960.SZ,20260921,16.31,16.36,16.36,16.31,17900.0,292799.0,16.36
300961.SZ,20260921,11.91,11.97,11.98,11.91,107900.0,1290976.0,11.97
300962.SZ,20260921,12.95,12.95,12.99,12.92,25200.0,326398.0,12.95
300963.SZ,20260921,11.16,11.05,11.22,11.05,11620.0,129746.0,11.17
300964.SZ,20260921,73.21,72.91,73.39,72.91,102800.0,7506302.72,73.02
300965.SZ,20260921,41.6,41.46,41.6,41.46,1700.0,70538.0,41.49
300966.SZ,20260921,24.21,24.2,24.25,24.2,9600.0,232383.0,24.21
300967.SZ,20260921,16.72,16.8,16.81,16.57,35300.0,592557.0,16.79
300968.SZ,20260921,9.79,9.79,9.79,9.78,33100.0,324038.0,9.79
300969.SZ,20260921,81.63,80.6,81.88,80.3,13100.0,1060580.96,80.96
300970.SZ,20260921,17.47,17.4,17.48,17.4,156900.0,2732989.12,17.42
300971.SZ,20260921,17.19,17.23,17.23,17.19,9000.0,154878.0,17.21
300972.SZ,20260921,169.41,169.54,169.99,169.41,3800.0,644193.0,169.52
300973.SZ,20260921,25.09,25.09,25.09,25.06,10000.0,250804.0,25.08
300975.SZ,20260921,27.55,27.49,27.62,27.49,779300.0,21438580.48,27.51
300976.SZ,20260921,64.84,64.9,65.2,64.8,147400.0,9569582.08,64.92
300977.SZ,20260921,17.92,17.9,17.94,17.8,26600.0,476133.0,17.9
300978.SZ,20260921,8.67,8.7,8.7,8.62,48300.0,419958.0,8.7
300979.SZ,20260921,32.66,32.8,32.84,32.66,37400.0,1225716.0,32.77
300980.SZ,20260921,23.29,23.39,23.42,23.21,22400.0,522803.0,23.34
300981.SZ,20260921,18.18,18.15,18.34,18.15,636629.0,11571979.52,18.18
300982.SZ,20260921,14.1,14.11,14.18,14.1,177300.0,2501846.08,14.11
300983.SZ,20260921,38.7,38.68,38.7,38.6,6200.0,239824.68,38.68
300984.SZ,20260921,30.81,30.81,30.93,30.65,16000.0,492798.0,30.8
300985.SZ,20260921,38.35,38.35,38.56,38.35,13600.0,521684.0,38.36
300986.SZ,20260921,11.27,11.22,11.3,11.22,122000.0,1369407.04,11.23
300987.SZ,20260921,15.48,15.37,15.49,15.37,786700.0,12129132.8,15.42
300988.SZ,20260921,15.66,15.7,15.7,15.66,9500.0,149124.0,15.7
300989.SZ,20260921,15.92,15.72,15.92,15.72,169600.0,2669635.04,15.74
300990.SZ,20260921,103.24,103.36,104.0,101.8,167200.0,17284092.16,103.37
300991.SZ,20260921,31.42,31.45,31.55,31.22,55100.0,1733088.0,31.45
300992.SZ,20260921,30.8,30.82,30.85,30.24,124300.0,3827814.08,30.8
300993.SZ,20260921,9.6,9.65,9.65,9.6,18400.0,177370.0,9.64
300994.SZ,20260921,11.0,10.97,11.02,10.97,27300.0,299521.0,10.97
300995.SZ,20260921,25.42,25.41,25.61,25.41,4400.0,112466.0,25.56
300996.SZ,20260921,12.67,12.67,12.69,12.66,109400.0,1386369.92,12.67
300997.SZ,20260921,15.31,15.28,15.33,15.28,112561.0,1720755.2,15.29
300998.SZ,20260921,31.45,31.37,31.6,31.37,28500.0,894199.04,31.38
300999.SZ,20260921,24.94,24.91,24.95,24.88,87100.0,2170960.96,24.93
301000.SZ,20260921,24.57,24.47,24.57,24.46,44700.0,1094276.0,24.48
301001.SZ,20260921,24.96,25.0,25.01,24.86,15800.0,394896.0,24.99
301002.SZ,20260921,27.39,27.39,27.5,27.3,29500.0,807728.96,27.38
301003.SZ,20260921,54.81,54.78,54.81,54.5,8300.0,454671.0,54.78
301004.SZ,20260921,33.33,33.34,33.34,33.1,11400.0,379932.0,33.33
301005.SZ,20260921,63.98,63.77,64.15,63.77,37600.0,2401643.04,63.87
301006.SZ,20260921,13.04,13.04,13.04,13.03,7100.0,92581.0,13.04
301007.SZ,20260921,32.52,32.51,32.52,32.06,3500.0,113074.0,32.31
301008.SZ,20260921,46.66,45.6,46.66,45.6,162690.0,7442762.88,45.75
301009.SZ,20260921,8.9,8.95,8.95,8.9,66200.0,591770.0,8.94
301010.SZ,20260921,18.46,18.45,18.5,18.4,59200.0,1092340.0,18.45
301011.SZ,20260921,15.42,15.49,15.57,15.4,351900.0,5449738.24,15.49
301012.SZ,20260921,22.8,22.8,22.85,22.8,105300.0,2401016.96,22.8
301013.SZ,20260921,41.0,41.02,41.08,40.8,732200.0,30033807.36,41.02
301015.SZ,20260921,25.63,25.59,25.64,25.43,208954.0,5345889.92,25.58
301016.SZ,20260921,14.8,14.8,14.89,14.8,7300.0,108155.0,14.82
301017.SZ,20260921,12.5,12.5,12.51,12.5,27900.0,348760.0,12.5
301018.SZ,20260921,107.72,107.88,108.0,107.12,360000.0,38815201.28,107.82
301019.SZ,20260921,15.54,15.53,15.54,15.53,18500.0,287318.0,15.53
301020.SZ,20260921,21.5,21.4,21.5,21.4,39400.0,845527.04,21.46
301021.SZ,20260921,93.93,94.01,94.5,93.9,162500.0,15279476.48,94.03
301022.SZ,20260921,22.21,22.4,22.4,22.21,5200.0,116446.0,22.39
301023.SZ,20260921,28.65,28.7,28.7,28.65,1400.0,40145.0,28.68
301024.SZ,20260921,32.16,32.1,32.16,32.1,11000.0,353124.0,32.1
301025.SZ,20260921,10.43,10.46,10.48,10.39,345300.0,3611114.88,10.46
301026.SZ,20260921,19.51,19.51,19.51,19.5,10600.0,206788.0,19.51
301027.SZ,20260921,20.01,20.08,20.08,20.0,25300.0,507369.0,20.05
301028.SZ,20260921,13.49,13.53,13.53,13.48,48900.0,661179.0,13.52
301029.SZ,20260921,24.71,24.7,24.88,24.7,35500.0,878236.0,24.74
301030.SZ,20260921,6.31,6.3,6.32,6.3,494200.0,3114376.96,6.3
301031.SZ,20260921,96.57,96.55,96.57,96.5,11612.0,1121096.96,96.55
301032.SZ,20260921,9.98,10.0,10.0,9.96,40100.0,400939.0,10.0
301033.SZ,20260921,54.0,54.0,54.0,54.0,1600.0,86400.0,54.0
301035.SZ,20260921,52.69,52.81,52.98,52.68,5400.0,285091.0,52.8
301036.SZ,20260921,21.47,21.47,21.58,21.47,15800.0,339291.0,21.47
301037.SZ,20260921,12.07,12.05,12.11,12.05,12000.0,144717.0,12.06
301038.SZ,20260921,16.92,16.88,16.92,16.88,59060.0,997032.8,16.88
301039.SZ,20260921,7.32,7.34,7.34,7.31,67400.0,494597.0,7.34
301040.SZ,20260921,27.0,27.0,27.36,27.0,1100.0,29987.0,27.26
301041.SZ,20260921,35.69,35.73,35.83,35.6,142200.0,5082414.08,35.74
301042.SZ,20260921,30.88,30.88,31.01,30.73,11300.0,349131.0,30.9
301043.SZ,20260921,49.66,49.42,49.66,49.4,12700.0,629806.0,49.59
301045.SZ,20260921,78.71,78.88,79.0,78.0,229100.0,18048079.36,78.78
301046.SZ,20260921,32.48,32.56,32.61,32.48,28700.0,934270.0,32.55
301047.SZ,20260921,116.99,116.0,117.21,115.28,226900.0,26402956.8,116.36
301048.SZ,20260921,8.97,8.98,8.98,8.97,1200.0,10773.0,8.98
301049.SZ,20260921,19.82,19.87,19.87,19.82,3900.0,77488.0,19.87
301050.SZ,20260921,27.79,27.8,27.87,27.7,12100.0,336674.0,27.82
301051.SZ,20260921,17.9,17.88,17.98,17.88,7900.0,141391.0,17.9
301052.SZ,20260921,24.1,24.1,24.45,24.06,70600.0,1703088.0,24.12
301053.SZ,20260921,36.11,36.11,36.11,36.11,900.0,32499.0,36.11
301055.SZ,20260921,30.9,30.98,30.98,30.67,12100.0,373865.0,30.9
301056.SZ,20260921,13.92,13.87,13.92,13.87,24000.0,333057.0,13.88
301057.SZ,20260921,21.03,21.03,21.1,21.03,6800.0,143082.0,21.04
301058.SZ,20260921,8.7,8.7,8.7,8.66,33300.0,289529.0,8.7
301059.SZ,20260921,12.29,12.23,12.29,12.23,7200.0,88134.0,12.24
301060.SZ,20260921,11.11,11.09,11.16,11.09,189400.0,2102868.96,11.1
301061.SZ,20260921,42.4,42.42,42.53,42.17,77300.0,3278960.0,42.42
301062.SZ,20260921,7.17,7.18,7.2,7.15,104300.0,748864.0,7.18
301063.SZ,20260921,17.07,17.04,17.07,17.04,13900.0,236933.0,17.05
301065.SZ,20260921,19.14,19.1,19.19,19.01,9100.0,173818.0,19.1
301066.SZ,20260921,12.1,12.1,12.22,12.07,73800.0,894355.04,12.12
301067.SZ,20260921,33.28,33.2,33.4,33.16,103300.0,3432533.12,33.23
301068.SZ,20260921,25.88,26.19,26.19,25.88,5100.0,133447.0,26.17
301069.SZ,20260921,16.22,16.11,16.22,16.1,22100.0,356407.0,16.13
301070.SZ,20260921,67.5,67.8,67.88,67.5,6600.0,447264.0,67.77
301071.SZ,20260921,70.39,70.39,70.6,70.1,322200.0,22679562.24,70.39
301072.SZ,20260921,51.21,51.28,51.28,51.1,71900.0,3686282.88,51.27
301073.SZ,20260921,17.7,17.74,17.74,17.61,61900.0,1096216.96,17.71
301075.SZ,20260921,65.8,65.88,65.88,65.79,5400.0,355654.0,65.86
301076.SZ,20260921,21.0,21.0,21.0,20.9,39500.0,828979.04,20.99
301077.SZ,20260921,22.1,22.1,22.11,22.1,19200.0,424330.0,22.1
301078.SZ,20260921,6.92,6.91,6.94,6.9,222000.0,1534217.92,6.91
301079.SZ,20260921,27.6,27.54,27.61,27.54,9400.0,259142.0,27.57
301080.SZ,20260921,113.24,112.12,114.4,112.12,644150.0,72480414.72,112.52
301081.SZ,20260921,17.53,17.54,17.57,17.4,56100.0,982392.96,17.51
301082.SZ,20260921,9.88,9.89,9.89,9.87,16900.0,167073.0,9.89
301083.SZ,20260921,13.56,13.59,13.59,13.56,3800.0,51634.0,13.59
301085.SZ,20260921,77.13,77.11,77.3,77.01,62300.0,4804734.08,77.12
301086.SZ,20260921,168.81,168.77,169.55,168.66,135240.0,22831808.0,168.82
301087.SZ,20260921,52.73,52.74,53.53,52.73,11700.0,618586.0,52.87
301088.SZ,20260921,13.05,13.05,13.07,13.05,19900.0,259731.0,13.05
301089.SZ,20260921,22.56,22.38,22.57,22.38,11900.0,266600.0,22.4
301090.SZ,20260921,6.94,6.94,6.94,6.91,30300.0,210267.0,6.94
301091.SZ,20260921,19.48,19.37,19.48,19.37,8400.0,162903.0,19.39
301092.SZ,20260921,44.43,44.38,44.5,44.38,34400.0,1526846.08,44.39
301093.SZ,20260921,65.35,65.0,65.43,64.87,148800.0,9680197.76,65.06
301095.SZ,20260921,78.74,78.75,78.99,78.74,47900.0,3773408.0,78.78
301096.SZ,20260921,52.68,52.55,52.98,52.55,15400.0,809928.96,52.59
301097.SZ,20260921,34.1,34.1,34.1,34.1,1800.0,61380.0,34.1
301098.SZ,20260921,8.61,8.62,8.63,8.6,33200.0,286068.0,8.62
301099.SZ,20260921,53.88,53.5,53.95,53.5,205200.0,10993341.44,53.57
301100.SZ,20260921,15.13,15.19,15.19,15.13,6100.0,92557.0,15.17
301101.SZ,20260921,30.0,30.0,30.0,29.8,7700.0,230831.0,29.98
301102.SZ,20260921,9.33,9.34,9.39,9.26,57300.0,535193.0,9.34
301103.SZ,20260921,15.87,15.87,15.89,15.86,26800.0,425463.0,15.88
301105.SZ,20260921,48.68,48.69,48.69,48.68,900.0,43819.0,48.69
301106.SZ,20260921,19.05,19.01,19.09,19.01,12800.0,243576.0,19.03
301107.SZ,20260921,23.3,23.5,23.54,23.02,54600.0,1274300.96,23.34
301108.SZ,20260921,45.0,45.8,45.8,45.0,23000.0,1050611.04,45.68
301109.SZ,20260921,12.97,12.97,12.97,12.96,19500.0,252823.0,12.97
301110.SZ,20260921,35.52,35.63,35.63,35.5,21000.0,747156.96,35.58
301111.SZ,20260921,22.35,22.35,22.6,22.3,40500.0,905512.0,22.36
301112.SZ,20260921,30.0,30.01,30.01,30.0,4100.0,123034.0,30.01
301113.SZ,20260921,17.25,17.25,17.29,17.25,33700.0,581539.0,17.26
301115.SZ,20260921,33.04,32.92,33.08,32.92,98100.0,3234407.04,32.97
301116.SZ,20260921,8.95,8.95,8.95,8.94,20400.0,182579.0,8.95
301117.SZ,20260921,13.48,13.48,13.49,13.42,23600.0,318024.0,13.48
301118.SZ,20260921,22.98,22.97,22.98,22.81,14500.0,332938.0,22.96
301119.SZ,20260921,25.74,25.74,25.95,25.58,20800.0,535649.0,25.75
301120.SZ,20260921,15.02,15.0,15.14,14.98,36500.0,548319.0,15.02
301121.SZ,20260921,35.02,35.22,35.36,35.02,5800.0,203608.0,35.11
301122.SZ,20260921,50.8,50.41,50.8,50.09,145800.0,7355320.32,50.45
301123.SZ,20260921,81.2,81.0,81.28,81.0,59700.0,4836881.92,81.02
301125.SZ,20260921,13.31,13.26,13.32,13.26,7300.0,97069.0,13.3
301126.SZ,20260921,10.27,10.22,10.28,10.22,93000.0,950527.04,10.22
301127.SZ,20260921,17.43,17.4,17.48,17.4,229200.0,3991214.08,17.41
301128.SZ,20260921,125.0,125.42,125.9,124.15,90800.0,11384078.08,125.38
301129.SZ,20260921,23.45,23.45,23.48,23.45,10700.0,250930.0,23.45
301130.SZ,20260921,27.13,27.13,27.19,27.03,79200.0,2148744.96,27.13
301131.SZ,20260921,31.99,31.99,31.99,31.94,8500.0,271800.0,31.98
301132.SZ,20260921,59.98,59.68,60.2,59.68,347300.0,20755462.4,59.76
301133.SZ,20260921,26.88,26.88,26.9,26.88,8100.0,217738.0,26.88
301135.SZ,20260921,17.1,17.18,17.18,17.1,11400.0,195808.0,17.18
301136.SZ,20260921,12.18,12.18,12.18,12.07,96800.0,1177707.04,12.17
301137.SZ,20260921,31.99,32.09,32.09,31.93,12000.0,384635.0,32.05
301138.SZ,20260921,27.97,27.99,27.99,27.84,6600.0,184616.0,27.97
301139.SZ,20260921,3.31,3.31,3.31,3.31,0.0,0.0,3.31
301141.SZ,20260921,36.92,36.91,37.0,36.91,10800.0,398878.0,36.93
301148.SZ,20260921,60.0,60.0,60.4,59.8,26400.0,1584652.96,60.03
301149.SZ,20260921,8.75,8.74,8.76,8.71,221100.0,1932391.04,8.74
301150.SZ,20260921,41.85,41.96,42.1,41.79,488900.0,20504432.64,41.94
301151.SZ,20260921,22.14,22.18,22.2,22.14,44679.0,990774.08,22.18
301152.SZ,20260921,21.16,21.14,21.3,21.11,48500.0,1025772.96,21.15
301153.SZ,20260921,17.05,17.1,17.12,17.05,15700.0,268440.0,17.1
301155.SZ,20260921,41.85,41.89,42.02,41.63,113800.0,4768720.0,41.9
301156.SZ,20260921,11.39,11.38,11.39,11.38,11500.0,130890.0,11.38
301157.SZ,20260921,64.51,64.69,64.85,64.5,6200.0,401087.0,64.69
301158.SZ,20260921,14.1,14.14,14.14,14.08,65000.0,918535.04,14.13
301159.SZ,20260921,31.0,31.03,31.1,31.0,15600.0,484244.0,31.04
301160.SZ,20260921,42.0,42.0,42.0,41.88,17500.0,734775.04,41.99
301161.SZ,20260921,31.09,31.14,31.23,31.06,48100.0,1497710.08,31.14
301162.SZ,20260921,36.31,36.28,36.32,36.1,23200.0,841824.96,36.29
301163.SZ,20260921,21.71,21.71,21.81,21.71,8300.0,180383.0,21.73
301165.SZ,20260921,118.5,118.3,118.9,118.3,202041.0,23917875.2,118.38
301166.SZ,20260921,30.0,30.0,30.0,29.42,30300.0,908336.0,29.98
301167.SZ,20260921,12.76,12.7,12.76,12.68,16000.0,203231.0,12.7
301168.SZ,20260921,40.72,40.95,40.95,40.72,3000.0,122549.0,40.85
301169.SZ,20260921,55.05,55.04,55.15,55.04,46800.0,2576064.0,55.04
301170.SZ,20260921,22.31,22.38,22.38,22.31,17400.0,388376.0,22.32
301171.SZ,20260921,34.98,34.8,35.0,34.8,795700.0,27721405.44,34.84
301172.SZ,20260921,18.67,18.61,18.72,18.61,18800.0,350252.0,18.63
301173.SZ,20260921,32.06,32.18,32.18,32.06,2300.0,73978.0,32.16
301175.SZ,20260921,5.64,5.65,5.65,5.64,84100.0,474907.0,5.65
301176.SZ,20260921,56.63,56.37,56.87,56.37,222800.0,12574421.76,56.44
301177.SZ,20260921,22.92,22.92,22.92,22.92,15900.0,364428.0,22.92
301178.SZ,20260921,37.03,36.98,37.08,36.96,29400.0,1087443.04,36.99
301179.SZ,20260921,20.42,20.4,20.5,20.4,26100.0,532614.0,20.41
301180.SZ,20260921,11.55,11.52,11.65,11.52,7200.0,83273.0,11.57
301181.SZ,20260921,23.33,23.4,23.4,23.33,1200.0,28035.0,23.36
301182.SZ,20260921,71.35,71.26,72.0,71.26,60900.0,4347190.08,71.38
301183.SZ,20260921,301.0,300.9,303.0,300.9,47500.0,14311860.48,301.3
301185.SZ,20260921,16.8,16.7,16.82,16.7,3700.0,61940.0,16.74
301186.SZ,20260921,36.17,36.16,36.25,36.09,16300.0,589414.0,36.16
301187.SZ,20260921,14.81,14.85,14.85,14.73,118100.0,1752367.04,14.84
301188.SZ,20260921,34.92,34.88,35.5,34.65,407000.0,14210800.64,34.92
301189.SZ,20260921,68.81,68.88,69.5,68.6,126200.0,8693992.96,68.89
301190.SZ,20260921,18.69,18.71,18.74,18.66,27000.0,505135.0,18.71
301191.SZ,20260921,88.46,88.21,88.59,88.21,25000.0,2206199.04,88.25
301192.SZ,20260921,18.75,18.78,18.78,18.75,1800.0,33786.0,18.77
301193.SZ,20260921,20.94,20.94,20.99,20.73,111200.0,2326336.0,20.92
301195.SZ,20260921,26.46,26.4,26.46,26.4,7700.0,203413.0,26.42
301196.SZ,20260921,91.89,91.77,91.9,89.8,44700.0,4094161.92,91.59
301197.SZ,20260921,25.38,25.38,25.38,25.38,16200.0,411156.0,25.38
301198.SZ,20260921,12.09,11.9,12.09,11.9,14900.0,177691.0,11.93
301199.SZ,20260921,18.16,18.23,18.23,18.16,10600.0,193154.0,18.22
301200.SZ,20260921,271.0,271.0,273.23,271.0,41300.0,11196971.52,271.11
301201.SZ,20260921,34.79,34.8,34.8,34.61,57200.0,1988955.52,34.77
301202.SZ,20260921,37.34,37.01,37.35,37.01,13100.0,485650.0,37.07
301203.SZ,20260921,33.56,33.56,33.56,33.56,1700.0,57052.0,33.56
301205.SZ,20260921,325.0,325.6,326.27,323.65,69200.0,22526100.48,325.52
301206.SZ,20260921,23.26,23.27,23.3,23.26,48700.0,1133230.0,23.27
301207.SZ,20260921,18.28,18.3,18.39,18.26,184900.0,3383517.12,18.3
301208.SZ,20260921,30.0,29.89,30.0,29.89,4400.0,131571.0,29.9
301209.SZ,20260921,61.3,61.5,61.5,61.3,6000.0,368878.0,61.48
301210.SZ,20260921,30.69,30.75,30.79,30.58,172900.0,5312017.92,30.72
301211.SZ,20260921,11.96,11.98,11.98,11.81,149000.0,1773636.96,11.9
301212.SZ,20260921,25.35,25.34,25.42,25.34,7000.0,177659.0,25.38
301213.SZ,20260921,41.07,41.09,41.2,40.7,56020.0,2301823.04,41.09
301215.SZ,20260921,5.28,5.28,5.3,5.28,57100.0,301598.0,5.28
301216.SZ,20260921,17.36,17.35,17.36,17.34,112211.0,1946762.88,17.35
301217.SZ,20260921,113.05,113.03,113.43,112.79,372997.0,42169548.8,113.06
301218.SZ,20260921,44.47,44.3,44.5,44.3,103000.0,4567304.96,44.34
301219.SZ,20260921,41.39,41.4,41.48,41.36,27800.0,1150964.96,41.4
301220.SZ,20260921,31.4,31.36,31.68,31.36,42700.0,1341276.96,31.41
301221.SZ,20260921,25.9,26.19,26.3,25.75,9500.0,248457.0,26.15
301222.SZ,20260921,25.59,25.59,25.62,25.59,21800.0,558084.0,25.6
301223.SZ,20260921,17.74,17.74,17.74,17.73,7000.0,124177.0,17.74
301225.SZ,20260921,59.89,59.89,60.06,59.77,60500.0,3624584.0,59.91
301226.SZ,20260921,30.19,30.19,30.24,30.19,3900.0,117791.0,30.2
301227.SZ,20260921,33.17,33.11,33.44,33.03,14300.0,473858.0,33.14
301228.SZ,20260921,56.68,56.89,56.99,56.68,11600.0,660048.0,56.9
301229.SZ,20260921,11.46,11.48,11.58,11.44,19000.0,218253.0,11.49
301230.SZ,20260921,38.03,38.37,38.37,38.01,2021200.0,77414543.36,38.3
301231.SZ,20260921,31.28,31.57,31.57,30.93,395300.0,12436381.44,31.46
301232.SZ,20260921,93.99,93.6,93.99,93.51,24500.0,2293798.08,93.62
301233.SZ,20260921,31.47,31.48,31.48,31.47,1000.0,31478.0,31.48
301234.SZ,20260921,115.3,116.23,116.29,115.3,37200.0,4317744.0,116.07
301235.SZ,20260921,47.91,47.9,48.06,47.59,103000.0,4930055.04,47.87
301236.SZ,20260921,37.21,37.15,37.25,37.08,118700.0,4410140.16,37.15
301237.SZ,20260921,40.07,39.98,40.49,39.97,21800.0,872048.96,40.0
301238.SZ,20260921,16.2,16.2,16.23,16.18,71100.0,1151937.28,16.2
301239.SZ,20260921,31.2,31.2,31.5,31.2,6900.0,215704.0,31.26
301246.SZ,20260921,17.58,17.58,17.59,17.51,22600.0,397271.0,17.58
301248.SZ,20260921,57.05,56.37,57.39,56.37,50700.0,2864704.0,56.5
301251.SZ,20260921,77.74,77.74,78.48,77.44,334401.0,26009523.2,77.78
301252.SZ,20260921,36.88,36.87,37.33,36.87,16600.0,612919.0,36.92
301255.SZ,20260921,18.93,18.82,19.07,18.81,8900.0,167651.0,18.84
301256.SZ,20260921,9.8,9.85,9.85,9.8,16300.0,160140.0,9.83
301257.SZ,20260921,40.07,39.99,40.42,39.91,38800.0,1555190.08,40.08
301258.SZ,20260921,24.79,24.79,24.79,24.73,7200.0,178449.0,24.79
301259.SZ,20260921,20.43,20.5,20.56,20.43,110000.0,2254812.0,20.5
301260.SZ,20260921,11.75,11.7,11.75,11.65,15800.0,184848.0,11.7
301261.SZ,20260921,56.16,56.09,56.4,56.09,11400.0,640308.0,56.17
301262.SZ,20260921,20.2,20.16,20.29,20.1,131900.0,2662331.04,20.18
301263.SZ,20260921,19.38,19.35,19.45,19.35,9000.0,174399.0,19.38
301265.SZ,20260921,23.0,22.95,23.01,22.95,122100.0,2803516.16,22.96
301266.SZ,20260921,24.4,24.4,24.49,24.22,56300.0,1372848.96,24.39
301267.SZ,20260921,14.84,14.88,14.95,14.84,42100.0,626816.0,14.89
301268.SZ,20260921,11.88,11.89,11.89,11.88,27800.0,330480.0,11.89
301269.SZ,20260921,87.88,87.8,87.99,87.63,161500.0,14178709.76,87.79
301270.SZ,20260921,32.41,32.43,32.43,32.4,6800.0,220507.0,32.43
301272.SZ,20260921,33.91,33.91,34.0,33.91,2300.0,78092.0,33.95
301273.SZ,20260921,37.15,37.2,37.2,37.07,21200.0,788443.04,37.19
301275.SZ,20260921,41.27,41.1,41.32,41.1,16200.0,666495.0,41.14
301276.SZ,20260921,17.08,17.08,17.08,17.03,11400.0,194532.0,17.06
301277.SZ,20260921,9.93,9.93,9.93,9.86,2400.0,23756.0,9.9
301278.SZ,20260921,28.5,28.53,28.53,28.5,16900.0,482121.0,28.53
301279.SZ,20260921,22.93,22.88,22.93,22.88,10600.0,242571.0,22.88
301280.SZ,20260921,45.0,45.01,45.09,44.99,11500.0,517626.0,45.01
301281.SZ,20260921,50.88,50.88,50.88,50.75,48000.0,2441427.04,50.86
301282.SZ,20260921,45.58,45.39,45.78,45.39,81800.0,3717703.04,45.45
301283.SZ,20260921,25.64,25.64,25.64,25.64,3500.0,89740.0,25.64
301285.SZ,20260921,96.15,95.25,97.0,95.25,17000.0,1631280.96,95.96
301286.SZ,20260921,46.86,46.85,46.87,46.7,8400.0,393545.0,46.85
301287.SZ,20260921,40.96,40.96,40.96,40.96,300.0,12288.0,40.96
301288.SZ,20260921,16.03,15.92,16.03,15.92,12200.0,194334.0,15.93
301289.SZ,20260921,43.88,43.88,43.88,43.88,1200.0,52656.0,43.88
301290.SZ,20260921,28.2,28.5,28.5,28.0,27900.0,789308.0,28.29
301291.SZ,20260921,34.43,34.55,34.58,34.43,37300.0,1288198.0,34.54
301292.SZ,20260921,61.95,61.98,61.98,61.5,28200.0,1745976.96,61.91
301293.SZ,20260921,50.8,50.8,50.84,50.61,214400.0,10889030.4,50.79
301295.SZ,20260921,37.15,37.08,37.15,37.03,10000.0,370830.0,37.08
301296.SZ,20260921,6.27,6.26,6.27,6.26,16500.0,103337.0,6.26
301297.SZ,20260921,47.96,47.63,47.99,47.13,517800.0,24658846.72,47.62
301298.SZ,20260921,12.12,12.13,12.13,12.12,13000.0,157602.0,12.12
301299.SZ,20260921,46.87,46.91,46.91,46.72,62300.0,2921303.04,46.89
301300.SZ,20260921,33.75,33.8,33.8,33.7,44200.0,1493116.0,33.78
301301.SZ,20260921,8.13,8.13,8.14,8.13,93300.0,758832.0,8.13
301302.SZ,20260921,22.35,22.14,23.0,22.14,326800.0,7294515.2,22.32
301303.SZ,20260921,13.9,13.89,13.9,13.86,13800.0,191706.0,13.89
301305.SZ,20260921,25.88,25.66,26.0,25.64,62700.0,1617222.08,25.79
301306.SZ,20260921,100.04,99.89,100.3,99.89,13600.0,1359952.96,100.0
301307.SZ,20260921,61.0,60.94,61.19,60.94,37000.0,2255384.96,60.96
301308.SZ,20260921,351.53,350.4,351.53,350.4,104400.0,36598707.2,350.56
301309.SZ,20260921,29.7,29.81,30.17,29.7,85500.0,2550020.96,29.83
301310.SZ,20260921,52.8,52.5,53.26,52.5,12500.0,658460.0,52.68
301311.SZ,20260921,13.61,13.63,13.63,13.61,40900.0,557377.0,13.63
301312.SZ,20260921,87.65,87.37,87.99,87.27,80200.0,7014540.16,87.46
301313.SZ,20260921,30.98,30.75,31.05,30.75,15800.0,487003.0,30.82
301314.SZ,20260921,45.0,44.8,45.02,44.8,7300.0,327572.0,44.87
301315.SZ,20260921,39.11,39.19,39.2,38.72,9200.0,359917.0,39.12
301316.SZ,20260921,38.85,38.87,38.93,38.72,119700.0,4651225.92,38.86
301317.SZ,20260921,51.52,51.52,51.52,51.38,17100.0,880819.04,51.51
301318.SZ,20260921,20.78,20.85,20.85,20.78,3500.0,72931.0,20.84
301319.SZ,20260921,100.3,100.03,101.42,100.0,182496.0,18274470.4,100.14
301320.SZ,20260921,13.8,13.8,13.86,13.79,34800.0,480675.0,13.81
301321.SZ,20260921,49.24,49.25,49.38,48.9,36700.0,1806796.96,49.23
301322.SZ,20260921,45.35,45.24,45.45,45.24,33800.0,1530195.52,45.27
301323.SZ,20260921,76.5,76.5,76.58,76.42,4600.0,351968.0,76.52
301325.SZ,20260921,31.88,31.8,32.01,31.8,34100.0,1085147.04,31.82
301326.SZ,20260921,109.0,109.0,109.11,108.79,7500.0,817539.04,109.01
301327.SZ,20260921,40.6,40.51,40.94,40.51,7800.0,317061.0,40.65
301328.SZ,20260921,52.91,52.74,52.91,52.74,700.0,36936.0,52.77
301329.SZ,20260921,20.94,20.91,20.96,20.91,29200.0,610857.0,20.92
301330.SZ,20260921,25.8,25.85,25.85,25.8,56100.0,1449976.96,25.85
301331.SZ,20260921,20.72,20.73,20.73,20.64,11700.0,242355.0,20.71
301332.SZ,20260921,7.59,7.6,7.6,7.59,19200.0,145910.0,7.6
301333.SZ,20260921,65.48,65.51,65.6,64.64,33400.0,2186716.96,65.47
301335.SZ,20260921,25.29,25.39,25.39,25.28,28900.0,733348.96,25.38
301336.SZ,20260921,44.32,44.32,44.4,44.06,78130.0,3462099.52,44.31
301337.SZ,20260921,26.4,25.99,26.4,25.99,3100.0,81355.0,26.24
301338.SZ,20260921,104.6,104.5,105.0,104.39,62300.0,6513424.0,104.55
301339.SZ,20260921,11.01,11.04,11.04,11.01,14200.0,156709.0,11.04
301345.SZ,20260921,240.9,241.6,242.15,240.9,4400.0,1062958.0,241.58
301348.SZ,20260921,22.48,22.4,22.53,22.4,41000.0,919454.0,22.43
301349.SZ,20260921,45.56,45.86,45.86,45.56,7800.0,357067.0,45.78
301353.SZ,20260921,18.97,18.95,18.97,18.95,4500.0,85281.0,18.95
301355.SZ,20260921,11.85,11.71,11.85,11.71,16500.0,193749.0,11.74
301356.SZ,20260921,19.12,18.94,19.18,18.94,4000.0,76226.0,19.06
301357.SZ,20260921,97.52,97.52,97.78,95.8,80200.0,7766776.32,96.84
301358.SZ,20260921,53.77,53.87,53.87,53.76,111800.0,6019557.76,53.84
301359.SZ,20260921,18.42,18.2,18.42,18.2,33300.0,606494.0,18.21
301360.SZ,20260921,63.96,63.84,63.96,63.84,27600.0,1762377.92,63.85
301361.SZ,20260921,26.88,26.88,26.88,26.78,22800.0,612759.0,26.88
301362.SZ,20260921,119.75,119.7,119.9,119.59,11700.0,1400703.04,119.72
301363.SZ,20260921,15.88,15.8,15.92,15.8,170100.0,2692963.84,15.83
301365.SZ,20260921,37.68,37.8,37.8,37.68,4200.0,158474.0,37.73
301366.SZ,20260921,73.6,73.72,73.99,73.11,461100.0,33948641.28,73.63
301367.SZ,20260921,44.6,44.84,44.88,44.24,6900.0,308643.0,44.73
301368.SZ,20260921,37.68,37.68,37.71,37.11,11900.0,446698.0,37.54
301369.SZ,20260921,139.0,138.84,139.94,138.84,22600.0,3144490.88,139.14
301370.SZ,20260921,8.43,8.43,8.43,8.43,4400.0,37092.0,8.43
301371.SZ,20260921,20.87,20.87,20.91,20.87,22700.0,473798.0,20.87
301372.SZ,20260921,33.49,33.44,33.67,33.33,27700.0,926506.0,33.45
301373.SZ,20260921,118.19,118.0,118.44,118.0,82600.0,9751379.84,118.06
301376.SZ,20260921,22.17,22.3,22.3,22.1,39400.0,878352.0,22.29
301377.SZ,20260921,415.2,416.97,417.99,415.06,22100.0,9207998.08,416.65
301378.SZ,20260921,23.9,23.99,24.04,23.88,74800.0,1790960.32,23.94
301379.SZ,20260921,21.83,21.78,21.87,21.78,54400.0,1185378.0,21.79
301380.SZ,20260921,33.55,33.54,33.58,33.46,17300.0,580229.0,33.54
301381.SZ,20260921,24.1,24.07,24.29,24.01,115900.0,2791363.84,24.08
301382.SZ,20260921,37.37,37.35,37.48,37.33,77700.0,2903106.88,37.36
301383.SZ,20260921,22.6,22.63,22.63,22.49,4700.0,106257.0,22.61
301386.SZ,20260921,19.65,19.64,19.69,19.64,24200.0,475376.0,19.64
301387.SZ,20260921,57.51,57.16,57.51,57.16,14400.0,823512.0,57.19
301388.SZ,20260921,24.35,24.37,24.37,24.35,2900.0,70671.0,24.37
301389.SZ,20260921,60.32,60.1,60.5,60.1,73500.0,4419250.88,60.13
301390.SZ,20260921,51.46,51.33,51.99,50.96,1191947.04,61269790.72,51.4
301391.SZ,20260921,44.68,44.08,44.75,44.08,31300.0,1382083.04,44.16
301392.SZ,20260921,178.5,178.02,178.5,177.0,29800.0,5304207.04,177.99
301393.SZ,20260921,60.92,60.92,60.92,60.57,46700.0,2844291.84,60.91
301395.SZ,20260921,11.9,12.0,12.08,11.9,14700.0,176398.0,12.0
301396.SZ,20260921,181.8,182.94,182.94,180.0,182000.0,33234887.68,182.61
301397.SZ,20260921,23.3,23.19,23.3,23.19,23280.0,540572.2,23.22
301398.SZ,20260921,37.28,37.11,37.28,37.1,7300.0,271282.0,37.16
301399.SZ,20260921,21.35,21.17,21.44,21.17,58700.0,1246440.96,21.23
301408.SZ,20260921,14.7,14.67,14.74,14.66,441015.0,6476756.48,14.69
301413.SZ,20260921,57.97,57.97,57.98,57.6,16800.0,973260.96,57.93
301418.SZ,20260921,34.5,34.5,34.67,34.5,8500.0,293516.0,34.53
301419.SZ,20260921,47.2,46.93,47.33,46.93,422900.0,19876999.68,47.0
301421.SZ,20260921,81.14,81.0,81.3,81.0,26900.0,2180318.08,81.05
301428.SZ,20260921,26.7,26.6,26.7,26.6,8000.0,212896.0,26.61
301429.SZ,20260921,17.04,16.96,17.04,16.96,13000.0,220672.0,16.98
301439.SZ,20260921,14.36,14.35,14.38,14.35,34400.0,493935.0,14.36
301446.SZ,20260921,37.3,37.5,37.5,37.3,2400.0,89804.0,37.42
301448.SZ,20260921,48.55,48.9,49.1,48.5,44000.0,2149716.0,48.86
301449.SZ,20260921,41.19,40.98,41.28,40.8,45100.0,1848929.92,41.0
301456.SZ,20260921,24.8,24.8,24.8,24.66,40700.0,1008198.0,24.77
301458.SZ,20260921,39.93,39.88,40.0,39.85,54500.0,2174964.96,39.91
301459.SZ,20260921,32.55,32.55,32.55,32.54,5200.0,169259.0,32.55
301468.SZ,20260921,32.39,32.26,32.4,32.25,29800.0,961522.0,32.27
301469.SZ,20260921,28.6,28.63,28.63,28.49,15900.0,453705.0,28.54
301479.SZ,20260921,53.24,53.18,53.28,53.18,8700.0,462908.0,53.21
301486.SZ,20260921,218.98,218.4,221.0,218.12,189800.0,41512120.32,218.72
301487.SZ,20260921,16.2,16.27,16.31,16.2,205100.0,3336536.96,16.27
301488.SZ,20260921,93.49,93.14,93.49,93.04,3100.0,288783.0,93.16
301489.SZ,20260921,129.2,129.48,129.75,129.1,50600.0,6550962.56,129.47
301491.SZ,20260921,36.93,36.8,36.93,36.8,24600.0,905471.04,36.81
301498.SZ,20260921,37.29,37.33,37.34,37.16,34400.0,1282834.0,37.29
301499.SZ,20260921,25.14,25.05,25.16,25.05,10700.0,268637.0,25.11
301500.SZ,20260921,27.08,27.1,27.17,26.83,121600.0,3289597.12,27.05
301501.SZ,20260921,27.31,27.31,27.31,27.31,2400.0,65544.0,27.31
301502.SZ,20260921,52.68,52.6,52.68,52.0,5300.0,278386.0,52.53
301503.SZ,20260921,21.29,21.29,21.29,21.29,11010.0,234402.9,21.29
301505.SZ,20260921,18.86,18.77,18.86,18.77,24900.0,467769.0,18.79
301507.SZ,20260921,11.97,11.97,12.07,11.97,4600.0,55296.0,12.02
301508.SZ,20260921,23.96,24.0,24.0,23.82,12500.0,299898.0,23.99
301509.SZ,20260921,30.21,29.93,30.42,29.93,51600.0,1545404.0,29.95
301510.SZ,20260921,27.46,27.35,27.46,27.34,56500.0,1546127.04,27.37
301511.SZ,20260921,112.2,112.71,113.0,112.2,492000.0,55440701.44,112.68
301512.SZ,20260921,30.99,30.99,30.99,30.87,11800.0,365569.0,30.98
301513.SZ,20260921,46.09,46.03,46.09,46.0,14100.0,648960.0,46.03
301515.SZ,20260921,18.91,18.92,18.92,18.91,4000.0,75675.0,18.92
301516.SZ,20260921,19.36,19.4,19.47,19.25,69700.0,1352074.4,19.4
301517.SZ,20260921,38.09,38.09,38.09,38.0,26700.0,1016798.0,38.08
301518.SZ,20260921,23.05,23.0,23.06,23.0,2000.0,46078.0,23.04
301519.SZ,20260921,11.44,11.43,11.44,11.43,3700.0,42292.0,11.43
301520.SZ,20260921,73.88,73.9,74.0,73.1,490100.0,36178908.16,73.82
301522.SZ,20260921,23.37,23.36,23.43,23.36,45600.0,1065610.0,23.37
301525.SZ,20260921,39.02,38.95,39.18,38.74,50700.0,1976708.96,38.99
301526.SZ,20260921,30.99,30.88,31.17,30.88,2381807.04,73630602.24,30.91
301528.SZ,20260921,74.35,74.69,74.69,74.0,14600.0,1088684.0,74.57
301529.SZ,20260921,126.69,127.1,127.11,126.67,60400.0,7673882.24,127.05
301531.SZ,20260921,55.19,54.94,56.0,54.94,87900.0,4846161.92,55.13
301533.SZ,20260921,28.96,28.94,29.29,28.92,26600.0,770106.0,28.95
301535.SZ,20260921,13.64,13.65,13.65,13.63,2700.0,36852.0,13.65
301536.SZ,20260921,124.06,124.0,124.77,124.0,167300.0,20764061.44,124.11
301538.SZ,20260921,41.01,41.3,41.33,41.01,9880.0,407649.8,41.26
301539.SZ,20260921,15.02,15.01,15.03,15.01,2600.0,39035.0,15.01
301548.SZ,20260921,54.79,54.79,54.82,54.72,17700.0,969852.96,54.79
301550.SZ,20260921,95.51,95.51,95.92,94.9,90400.0,8633457.28,95.5
301551.SZ,20260921,22.96,22.9,23.02,22.9,847352.0,19422927.36,22.92
301552.SZ,20260921,24.2,24.19,24.2,24.19,5790.0,140061.1,24.19
301555.SZ,20260921,35.85,35.85,35.99,35.85,9000.0,322720.0,35.86
301556.SZ,20260921,62.2,62.99,62.99,62.2,26400.0,1661470.08,62.93
301557.SZ,20260921,85.56,85.56,85.57,85.56,14300.0,1223512.96,85.56
301558.SZ,20260921,6.66,6.66,6.69,6.65,69400.0,463255.0,6.68
301559.SZ,20260921,12.74,12.74,12.77,12.74,52200.0,665367.0,12.75
301560.SZ,20260921,23.82,23.82,23.82,23.6,11800.0,280843.0,23.8
301563.SZ,20260921,116.8,116.8,117.01,116.5,28900.0,3375022.08,116.78
301565.SZ,20260921,19.33,19.32,19.34,19.31,26200.0,506237.0,19.32
301566.SZ,20260921,27.8,27.81,27.89,27.64,1371700.0,38136404.48,27.8
301567.SZ,20260921,35.36,35.36,35.56,35.35,6900.0,244198.0,35.39
301568.SZ,20260921,73.28,73.27,73.77,73.27,23300.0,1708116.96,73.31
301571.SZ,20260921,75.09,75.09,75.16,74.8,161300.0,12101912.32,75.03
301575.SZ,20260921,25.58,25.52,25.67,25.52,143300.0,3662832.96,25.56
301577.SZ,20260921,61.19,61.16,61.41,61.08,17500.0,1070508.0,61.17
301578.SZ,20260921,23.08,23.08,23.08,23.08,200.0,4616.0,23.08
301580.SZ,20260921,57.83,57.73,58.35,57.73,81700.0,4728448.0,57.88
301581.SZ,20260921,35.95,35.95,36.0,35.95,5700.0,204920.0,35.95
301583.SZ,20260921,138.7,138.7,139.7,137.2,559400.0,77506872.32,138.55
301584.SZ,20260921,20.07,20.07,20.12,20.07,16100.0,323351.0,20.08
301585.SZ,20260921,28.78,28.78,28.96,28.78,900.0,25973.0,28.86
301586.SZ,20260921,29.14,29.14,29.15,29.0,10100.0,294290.0,29.14
301587.SZ,20260921,21.26,21.26,21.26,21.2,19200.0,408174.0,21.26
301588.SZ,20260921,28.0,28.16,28.16,28.0,8000.0,224652.0,28.08
301589.SZ,20260921,160.5,159.9,160.5,159.9,11500.0,1839656.96,159.97
301590.SZ,20260921,69.39,69.66,69.66,69.39,3100.0,215851.0,69.63
301591.SZ,20260921,44.83,44.6,44.88,44.6,143200.0,6400220.16,44.69
301592.SZ,20260921,116.82,116.07,116.82,116.07,10000.0,1161388.0,116.14
301595.SZ,20260921,45.77,45.78,45.78,45.0,13100.0,597888.0,45.64
301596.SZ,20260921,46.99,46.65,47.0,46.65,2500.0,116945.0,46.78
301598.SZ,20260921,50.58,50.58,50.58,50.4,3800.0,192094.0,50.55
301599.SZ,20260921,33.74,33.5,33.75,33.5,53000.0,1779710.08,33.58
301600.SZ,20260921,78.35,78.73,78.73,78.35,5600.0,440720.0,78.7
301601.SZ,20260921,14.97,15.08,15.08,14.95,6800.0,102266.0,15.04
301602.SZ,20260921,16.05,15.95,16.06,15.95,32958.0,527320.88,16.0
301603.SZ,20260921,129.0,128.52,129.12,128.52,25800.0,3317830.08,128.6
301606.SZ,20260921,55.3,55.15,55.7,55.15,36300.0,2006928.96,55.29
301607.SZ,20260921,44.58,44.44,44.89,44.43,97760.0,4349600.96,44.49
301608.SZ,20260921,49.86,49.8,50.25,49.8,44621.0,2223667.68,49.84
301609.SZ,20260921,32.2,31.97,32.25,31.97,7200.0,230359.0,31.99
301611.SZ,20260921,99.55,99.01,99.9,99.01,70800.0,7019612.16,99.15
301613.SZ,20260921,34.93,34.93,34.93,34.72,16800.0,585864.0,34.87
301616.SZ,20260921,34.9,34.98,34.98,34.9,3700.0,129234.0,34.93
301617.SZ,20260921,53.7,53.97,53.97,53.0,191200.0,10317146.24,53.96
301618.SZ,20260921,30.9,30.66,30.9,30.65,25600.0,786472.96,30.72
301622.SZ,20260921,37.23,37.04,37.28,36.91,14500.0,537667.0,37.08
301626.SZ,20260921,326.0,324.97,326.5,324.96,57470.0,18696753.92,325.33
301628.SZ,20260921,115.5,115.66,116.15,115.01,37100.0,4290120.0,115.64
301629.SZ,20260921,288.0,288.89,289.9,287.02,24500.0,7076588.16,288.84
301630.SZ,20260921,203.5,205.0,205.0,203.5,20500.0,4200483.84,204.9
301631.SZ,20260921,62.7,62.99,63.08,62.7,22800.0,1435384.0,62.96
301632.SZ,20260921,13.14,13.2,13.2,13.14,18400.0,242736.0,13.19
301633.SZ,20260921,61.98,61.99,61.99,61.0,16200.0,1000343.04,61.75
301636.SZ,20260921,38.07,38.07,38.48,38.07,10100.0,384920.0,38.11
301638.SZ,20260921,22.07,22.07,22.08,21.93,126300.0,2784753.92,22.05
301655.SZ,20260921,23.1,23.02,23.26,23.02,310178.0,7153310.08,23.06
301656.SZ,20260921,14.66,14.67,14.67,14.65,28100.0,412101.0,14.67
301658.SZ,20260921,22.29,22.26,22.29,22.26,22200.0,494253.0,22.26
301662.SZ,20260921,68.83,68.72,68.88,68.2,22000.0,1511974.08,68.73
301665.SZ,20260921,22.41,22.43,22.45,22.38,24100.0,540609.0,22.43
301666.SZ,20260921,406.0,405.0,412.0,405.0,44400.0,18017922.56,405.81
301667.SZ,20260921,58.8,58.79,58.8,58.68,24800.0,1457768.96,58.78
301668.SZ,20260921,32.58,32.58,32.74,32.5,30000.0,977451.04,32.58
301669.SZ,20260921,26.6,26.45,26.6,26.41,95296.0,2522816.0,26.47
301677.SZ,20260921,52.06,52.25,52.25,51.7,115500.0,6023944.32,52.16
301678.SZ,20260921,50.53,50.22,50.66,50.22,97900.0,4923000.0,50.29
301680.SZ,20260921,106.6,106.05,106.97,106.05,18200.0,1933104.0,106.22
301682.SZ,20260921,116.3,116.0,116.77,116.0,95424.0,11077739.52,116.09
301683.SZ,20260921,98.04,98.57,98.58,98.03,10000.0,983834.0,98.38
301687.SZ,20260921,52.57,52.45,52.59,52.45,45700.0,2399100.96,52.5
301688.SZ,20260921,38.97,38.74,38.97,38.74,526189.0,20416586.24,38.8
301689.SZ,20260921,62.88,62.2,64.0,62.2,2083486.08,129972531.2,62.38
301696.SZ,20260921,95.33,95.0,95.5,95.0,31100.0,2959592.96,95.16
301697.SZ,20260921,27.67,27.56,27.88,27.56,548800.0,15148313.6,27.6
301699.SZ,20260921,31.49,31.51,31.8,31.42,1830879.04,57778283.52,31.56
301707.SZ,20260921,74.99,74.8,75.1,74.05,288166.0,21551667.2,74.79
301717.SZ,20260921,365.0,365.0,366.0,363.81,49900.0,18208952.32,364.91
302132.SZ,20260921,59.19,59.16,59.37,59.16,41200.0,2438369.92,59.18
600000.SH,20260921,9.04,9.04,9.04,9.04,179800.0,1625392.0,9.04
600004.SH,20260921,7.64,7.64,7.64,7.64,15700.0,119948.0,7.64
600006.SH,20260921,5.27,5.27,5.27,5.27,88100.0,464287.0,5.27
600007.SH,20260921,19.9,19.9,19.9,19.9,9100.0,181090.0,19.9
600008.SH,20260921,2.75,2.75,2.75,2.75,137900.0,379225.0,2.75
600009.SH,20260921,22.75,22.75,22.75,22.75,38100.0,866775.04,22.75
600010.SH,20260921,2.12,2.12,2.12,2.12,1465000.0,3105800.0,2.12
600011.SH,20260921,6.8,6.8,6.8,6.8,304400.0,2069920.0,6.8
600012.SH,20260921,15.91,15.91,15.91,15.91,23600.0,375476.0,15.91
600015.SH,20260921,6.23,6.23,6.24,6.23,475006.0,2959337.92,6.23
600016.SH,20260921,3.46,3.46,3.46,3.46,1979300.0,6848378.24,3.46
600017.SH,20260921,2.82,2.82,2.82,2.82,46000.0,129720.0,2.82
600018.SH,20260921,5.36,5.36,5.36,5.36,79600.0,426656.0,5.36
600019.SH,20260921,5.76,5.76,5.76,5.76,217700.0,1253952.0,5.76
600020.SH,20260921,3.84,3.84,3.84,3.84,64300.0,246912.0,3.84
600021.SH,20260921,13.38,13.38,13.38,13.38,89000.0,1190820.0,13.38
600022.SH,20260921,1.31,1.31,1.31,1.31,169810.0,222451.0,1.31
600023.SH,20260921,5.05,5.05,5.05,5.04,248200.0,1253402.0,5.05
600025.SH,20260921,9.68,9.68,9.68,9.68,141500.0,1369720.0,9.68
600026.SH,20260921,22.12,22.12,22.12,22.12,737200.0,16306864.64,22.12
600027.SH,20260921,4.79,4.79,4.79,4.79,450300.0,2156936.96,4.79
600028.SH,20260921,5.14,5.14,5.14,5.14,814860.0,4188380.16,5.14
600029.SH,20260921,4.95,4.95,4.95,4.95,562000.0,2781900.16,4.95
600030.SH,20260921,26.55,26.55,26.55,26.55,415105.0,11021038.08,26.55
600031.SH,20260921,17.9,17.9,17.9,17.9,295500.0,5289449.92,17.9
600032.SH,20260921,7.05,7.05,7.05,7.05,113900.0,802995.04,7.05
600033.SH,20260921,3.63,3.63,3.63,3.63,689100.0,2501432.96,3.63
600035.SH,20260921,3.66,3.66,3.66,3.66,18700.0,68442.0,3.66
600036.SH,20260921,40.65,40.65,40.65,40.65,341274.0,13872788.48,40.65
600037.SH,20260921,6.99,6.99,6.99,6.99,25500.0,178245.0,6.99
600038.SH,20260921,27.06,27.06,27.06,27.06,8900.0,240834.0,27.06
600039.SH,20260921,8.72,8.72,8.72,8.72,41508.0,361950.0,8.72
600048.SH,20260921,5.25,5.25,5.25,5.25,2230560.0,11710439.68,5.25
600050.SH,20260921,4.22,4.22,4.22,4.22,280300.0,1182866.0,4.22
600051.SH,20260921,6.07,6.07,6.07,6.07,10300.0,62521.0,6.07
600052.SH,20260921,3.7,3.7,3.7,3.7,13700.0,50690.0,3.7
600053.SH,20260921,6.8,6.8,6.8,6.8,1677900.0,11409720.32,6.8
600054.SH,20260921,10.83,10.83,10.83,10.83,58600.0,634638.0,10.83
600055.SH,20260921,10.29,10.29,10.29,10.29,10200.0,104958.0,10.29
600056.SH,20260921,8.97,8.97,8.97,8.97,42640.0,382481.0,8.97
600057.SH,20260921,6.08,6.08,6.08,6.08,23700.0,144096.0,6.08
600058.SH,20260921,9.05,9.05,9.05,9.05,31000.0,280550.0,9.05
600059.SH,20260921,10.87,10.87,10.87,10.87,2116500.0,23006356.48,10.87
600060.SH,20260921,27.88,27.88,27.88,27.88,13500.0,376380.0,27.88
600061.SH,20260921,6.24,6.24,6.24,6.24,135100.0,843024.0,6.24
600062.SH,20260921,15.9,15.9,15.9,15.9,5300.0,84270.0,15.9
600063.SH,20260921,5.56,5.56,5.56,5.56,516500.0,2871740.16,5.56
600064.SH,20260921,7.76,7.76,7.76,7.76,68200.0,529232.0,7.76
600066.SH,20260921,25.79,25.79,25.79,25.79,236000.0,6086439.68,25.79
600067.SH,20260921,2.67,2.67,2.67,2.67,304200.0,812214.0,2.67
600071.SH,20260921,16.54,16.54,16.54,16.54,10800.0,178632.0,16.54
600072.SH,20260921,8.9,8.9,8.9,8.9,41200.0,366680.0,8.9
600073.SH,20260921,5.5,5.5,5.5,5.5,62200.0,342100.0,5.5
600075.SH,20260921,4.55,4.55,4.55,4.55,27100.0,123305.0,4.55
600076.SH,20260921,2.2,2.2,2.2,2.2,363100.0,798820.0,2.2
600078.SH,20260921,10.34,10.34,10.34,10.34,52600.0,543884.0,10.34
600079.SH,20260921,18.58,18.58,18.58,18.58,141400.0,2627212.0,18.58
600080.SH,20260921,4.75,4.75,4.75,4.75,16600.0,78850.0,4.75
600081.SH,20260921,10.3,10.3,10.3,10.3,10200.0,105060.0,10.3
600082.SH,20260921,3.15,3.15,3.15,3.15,22100.0,69615.0,3.15
600084.SH,20260921,4.35,4.35,4.35,4.35,41000.0,178350.0,4.35
600085.SH,20260921,23.2,23.2,23.2,23.2,38100.0,883920.0,23.2
600088.SH,20260921,15.2,15.2,15.2,15.2,786800.0,11959360.0,15.2
600089.SH,20260921,18.15,18.14,18.15,18.14,292000.0,5297097.92,18.14
600094.SH,20260921,4.02,4.02,4.02,4.02,79500.0,319590.0,4.02
600095.SH,20260921,8.61,8.61,8.63,8.6,620300.0,5340760.0,8.61
600096.SH,20260921,28.1,28.1,28.1,28.1,134600.0,3782259.84,28.1
600097.SH,20260921,9.21,9.21,9.21,9.21,8200.0,75522.0,9.21
600098.SH,20260921,6.26,6.26,6.26,6.26,25200.0,157752.0,6.26
600099.SH,20260921,9.07,9.07,9.07,9.07,17600.0,159632.0,9.07
600100.SH,20260921,6.82,6.82,6.82,6.82,69400.0,473308.0,6.82
600101.SH,20260921,7.91,7.9,7.91,7.9,24400.0,192761.0,7.9
600103.SH,20260921,3.77,3.77,3.77,3.77,4092460.16,15428573.44,3.77
600104.SH,20260921,11.09,11.1,11.1,11.08,143800.0,1595992.0,11.1
600105.SH,20260921,47.17,47.17,47.17,47.17,1376100.0,64910638.08,47.17
600106.SH,20260921,4.45,4.45,4.45,4.45,32731.0,145653.0,4.45
600107.SH,20260921,5.8,5.8,5.8,5.8,32100.0,186180.0,5.8
600108.SH,20260921,4.12,4.12,4.12,4.12,2290400.0,9436448.0,4.12
600109.SH,20260921,8.25,8.25,8.25,8.25,71400.0,589050.0,8.25
600110.SH,20260921,12.37,12.31,12.39,12.29,1705294.08,21001696.0,12.32
600111.SH,20260921,36.88,36.88,36.88,36.88,182000.0,6712160.0,36.88
600113.SH,20260921,30.33,30.33,30.33,30.29,12200.0,369919.0,30.32
600114.SH,20260921,28.23,28.23,28.23,28.23,36800.0,1038864.0,28.23
600115.SH,20260921,3.44,3.44,3.44,3.44,1533400.0,5274896.0,3.44
600116.SH,20260921,6.18,6.18,6.18,6.18,35000.0,216300.0,6.18
600117.SH,20260921,2.18,2.18,2.18,2.18,41100.0,89598.0,2.18
600118.SH,20260921,59.67,59.67,59.67,59.67,102800.0,6134076.16,59.67
600119.SH,20260921,4.98,4.98,4.98,4.98,100.0,498.0,4.98
600120.SH,20260921,4.73,4.73,4.73,4.73,55321.0,261668.0,4.73
600121.SH,20260921,4.85,4.85,4.85,4.85,711100.0,3448834.88,4.85
600123.SH,20260921,6.96,6.96,6.96,6.96,124100.0,863736.0,6.96
600125.SH,20260921,5.28,5.28,5.28,5.28,8000.0,42240.0,5.28
600126.SH,20260921,6.19,6.19,6.19,6.19,33300.0,206127.0,6.19
600127.SH,20260921,14.46,14.5,14.57,14.44,5867500.16,85111910.4,14.51
600128.SH,20260921,8.34,8.34,8.34,8.34,31800.0,265212.0,8.34
600129.SH,20260921,13.58,13.54,13.58,13.54,33300.0,451191.0,13.55
600130.SH,20260921,4.51,4.51,4.51,4.51,122700.0,553377.0,4.51
600131.SH,20260921,14.31,14.31,14.31,14.31,7600.0,108756.0,14.31
600132.SH,20260921,37.84,37.84,37.84,37.84,7600.0,287584.0,37.84
600133.SH,20260921,8.08,8.08,8.08,8.08,124300.0,1004344.0,8.08
600135.SH,20260921,7.9,7.9,7.9,7.9,87400.0,690460.0,7.9
600136.SH,20260921,1.49,1.49,1.49,1.49,59100.0,88059.0,1.49
600137.SH,20260921,17.21,17.21,17.21,17.21,3800.0,65398.0,17.21
600138.SH,20260921,7.05,7.05,7.05,7.05,37600.0,265080.0,7.05
600141.SH,20260921,29.39,29.39,29.39,29.39,78900.0,2318871.04,29.39
600143.SH,20260921,13.16,13.16,13.16,13.16,51500.0,677740.0,13.16
600148.SH,20260921,15.58,15.58,15.58,15.58,8500.0,132430.0,15.58
600149.SH,20260921,4.92,4.92,4.92,4.92,18000.0,88560.0,4.92
600150.SH,20260921,39.34,39.34,39.34,39.34,480600.0,18906804.48,39.34
600151.SH,20260921,9.74,9.74,9.74,9.73,60700.0,591212.0,9.74
600152.SH,20260921,8.0,8.0,8.0,8.0,13200.0,105600.0,8.0
600153.SH,20260921,8.32,8.33,8.33,8.32,39100.0,325690.0,8.33
600155.SH,20260921,5.99,5.99,5.99,5.99,42700.0,255773.0,5.99
600156.SH,20260921,9.04,9.04,9.04,9.04,824900.0,7457095.68,9.04
600157.SH,20260921,1.52,1.52,1.52,1.52,2211316.0,3361200.0,1.52
600158.SH,20260921,7.1,7.1,7.1,7.1,140800.0,999680.0,7.1
600159.SH,20260921,2.71,2.71,2.71,2.71,129100.0,349861.0,2.71
600160.SH,20260921,34.75,34.75,34.75,34.74,189400.0,6581552.0,34.75
600161.SH,20260921,12.17,12.17,12.17,12.17,22307.0,271476.0,12.17
600162.SH,20260921,4.6,4.61,4.62,4.6,465100.0,2144252.0,4.61
600163.SH,20260921,6.0,6.0,6.0,6.0,3530400.0,21182400.0,6.0
600165.SH,20260921,3.29,3.29,3.29,3.29,179200.0,589568.0,3.29
600166.SH,20260921,2.78,2.78,2.78,2.78,272500.0,757550.0,2.78
600167.SH,20260921,5.69,5.69,5.69,5.69,49200.0,279948.0,5.69
600168.SH,20260921,4.3,4.3,4.3,4.3,21600.0,92880.0,4.3
600169.SH,20260921,2.15,2.15,2.15,2.15,29700.0,63855.0,2.15
600170.SH,20260921,2.21,2.21,2.21,2.21,292400.0,646204.0,2.21
600171.SH,20260921,23.27,23.22,23.29,23.22,64800.0,1504960.0,23.23
600172.SH,20260921,16.07,16.07,16.07,16.07,934000.0,15009379.84,16.07
600173.SH,20260921,5.89,5.89,5.89,5.89,4800.0,28272.0,5.89
600176.SH,20260921,44.99,44.99,44.99,44.99,3354099.84,150900961.28,44.99
600177.SH,20260921,8.1,8.1,8.1,8.1,202400.0,1639440.0,8.1
600178.SH,20260921,9.6,9.6,9.6,9.6,9600.0,92160.0,9.6
600179.SH,20260921,4.56,4.56,4.56,4.56,55800.0,254448.0,4.56
600180.SH,20260921,1.64,1.64,1.64,1.64,360100.0,590564.0,1.64
600182.SH,20260921,12.75,12.76,12.77,12.75,9900.0,126369.0,12.77
600183.SH,20260921,145.0,145.0,145.0,145.0,493395.0,71542272.0,145.0
600184.SH,20260921,21.76,21.76,21.76,21.76,290200.0,6314752.0,21.76
600185.SH,20260921,4.75,4.75,4.75,4.75,100900.0,479275.0,4.75
600186.SH,20260921,12.59,12.61,12.61,12.59,811800.0,10236542.08,12.61
600187.SH,20260921,1.29,1.29,1.29,1.29,394800.0,509292.0,1.29
600188.SH,20260921,19.58,19.6,19.62,19.58,190300.0,3729901.12,19.6
600189.SH,20260921,7.89,7.89,7.89,7.89,28400.0,224076.0,7.89
600191.SH,20260921,9.73,9.74,9.8,9.69,144800.0,1409327.04,9.73
600192.SH,20260921,7.68,7.68,7.68,7.68,234300.0,1799424.0,7.68
600195.SH,20260921,6.64,6.64,6.64,6.64,30900.0,205176.0,6.64
600196.SH,20260921,22.12,22.12,22.12,22.12,111800.0,2473016.0,22.12
600197.SH,20260921,9.3,9.3,9.3,9.3,27600.0,256680.0,9.3
600198.SH,20260921,7.57,7.57,7.57,7.57,203400.0,1539737.92,7.57
600199.SH,20260921,6.99,6.99,6.99,6.98,49000.0,342506.0,6.99
600201.SH,20260921,11.78,11.78,11.78,11.78,29800.0,351044.0,11.78
600202.SH,20260921,4.94,4.94,4.94,4.94,39600.0,195624.0,4.94
600203.SH,20260921,10.05,10.05,10.05,10.05,39700.0,398985.0,10.05
600206.SH,20260921,51.6,51.6,51.6,51.6,670800.0,34613278.72,51.6
600207.SH,20260921,4.83,4.83,4.83,4.83,117300.0,566559.0,4.83
600208.SH,20260921,2.85,2.84,2.85,2.84,390200.0,1108192.96,2.84
600210.SH,20260921,6.24,6.24,6.24,6.24,20600.0,128544.0,6.24
600211.SH,20260921,36.2,36.15,36.2,36.12,7600.0,274815.0,36.16
600212.SH,20260921,5.93,5.93,5.93,5.93,36700.0,217631.0,5.93
600215.SH,20260921,6.15,6.15,6.15,6.15,8700.0,53505.0,6.15
600216.SH,20260921,12.59,12.59,12.59,12.59,49100.0,618169.0,12.59
600217.SH,20260921,3.23,3.23,3.23,3.23,8400.0,27132.0,3.23
600218.SH,20260921,7.52,7.52,7.52,7.52,12100.0,90992.0,7.52
600219.SH,20260921,4.78,4.79,4.79,4.78,478500.0,2291911.04,4.79
600221.SH,20260921,1.25,1.25,1.25,1.25,2386400.0,2983000.0,1.25
600222.SH,20260921,7.77,7.79,7.81,7.77,114800.0,892972.96,7.78
600223.SH,20260921,5.5,5.5,5.5,5.5,22700.0,124850.0,5.5
600226.SH,20260921,6.08,6.08,6.08,6.08,399700.0,2430176.0,6.08
600227.SH,20260921,3.9,3.9,3.9,3.9,1049100.0,4091489.92,3.9
600228.SH,20260921,11.58,11.58,11.58,11.58,157500.0,1823849.92,11.58
600229.SH,20260921,5.82,5.82,5.82,5.82,382700.0,2227313.92,5.82
600230.SH,20260921,13.63,13.65,13.65,13.63,22200.0,303006.0,13.65
600231.SH,20260921,1.69,1.69,1.69,1.69,117700.0,198913.0,1.69
600232.SH,20260921,6.5,6.5,6.5,6.5,15000.0,97500.0,6.5
600233.SH,20260921,18.38,18.38,18.38,18.38,226800.0,4168584.0,18.38
600234.SH,20260921,21.6,21.6,21.6,21.6,8000.0,172800.0,21.6
600235.SH,20260921,5.74,5.74,5.74,5.74,20300.0,116522.0,5.74
600236.SH,20260921,9.64,9.64,9.64,9.64,34200.0,329688.0,9.64
600237.SH,20260921,9.51,9.51,9.51,9.51,200000.0,1902000.0,9.51
600238.SH,20260921,4.59,4.6,4.6,4.59,23900.0,109839.0,4.6
600239.SH,20260921,1.42,1.42,1.42,1.42,457500.0,649650.0,1.42
600241.SH,20260921,7.16,7.16,7.16,7.16,15600.0,111696.0,7.16
600243.SH,20260921,3.39,3.39,3.39,3.39,6000.0,20340.0,3.39
600246.SH,20260921,13.69,13.69,13.69,13.69,638800.0,8745171.84,13.69
600248.SH,20260921,2.84,2.84,2.84,2.84,63600.0,180624.0,2.84
600249.SH,20260921,5.37,5.37,5.37,5.37,62200.0,334014.0,5.37
600250.SH,20260921,8.97,8.97,8.97,8.97,28800.0,258336.0,8.97
600251.SH,20260921,10.13,10.12,10.13,10.12,134700.0,1363176.96,10.12
600252.SH,20260921,2.19,2.19,2.19,2.19,46400.0,101616.0,2.19
600255.SH,20260921,3.62,3.62,3.62,3.62,504900.0,1827737.92,3.62
600256.SH,20260921,6.78,6.78,6.78,6.78,1829700.0,12405365.76,6.78
600257.SH,20260921,5.53,5.53,5.53,5.53,25100.0,138803.0,5.53
600258.SH,20260921,11.37,11.37,11.37,11.37,43600.0,495732.0,11.37
600259.SH,20260921,81.9,81.9,81.9,81.9,34600.0,2833740.16,81.9
600261.SH,20260921,3.55,3.55,3.55,3.55,2852200.0,10125310.08,3.55
600262.SH,20260921,15.08,15.1,15.1,15.08,18200.0,274791.0,15.1
600265.SH,20260921,22.2,22.2,22.2,22.2,1200.0,26640.0,22.2
600266.SH,20260921,4.17,4.17,4.17,4.17,160700.0,670119.0,4.17
600267.SH,20260921,11.48,11.48,11.48,11.48,150100.0,1723148.0,11.48
600268.SH,20260921,10.4,10.4,10.4,10.4,18600.0,193440.0,10.4
600269.SH,20260921,3.81,3.81,3.81,3.81,78300.0,298323.0,3.81
600271.SH,20260921,6.7,6.7,6.7,6.7,28900.0,193630.0,6.7
600272.SH,20260921,15.39,15.39,15.39,15.39,104300.0,1605176.96,15.39
600273.SH,20260921,6.35,6.36,6.36,6.35,94400.0,600001.0,6.36
600276.SH,20260921,44.5,44.5,44.5,44.5,925200.0,41171399.68,44.5
600278.SH,20260921,6.54,6.54,6.54,6.54,78200.0,511428.0,6.54
600279.SH,20260921,4.32,4.32,4.32,4.32,2500.0,10800.0,4.32
600280.SH,20260921,3.04,3.04,3.04,3.04,206300.0,627152.0,3.04
600281.SH,20260921,4.54,4.54,4.54,4.54,19200.0,87168.0,4.54
600282.SH,20260921,4.51,4.51,4.51,4.51,141500.0,638165.0,4.51
600283.SH,20260921,8.0,8.0,8.0,8.0,8900.0,71200.0,8.0
600284.SH,20260921,5.07,5.07,5.07,5.07,900.0,4563.0,5.07
600285.SH,20260921,19.11,19.11,19.11,19.11,13900.0,265629.0,19.11
600287.SH,20260921,4.89,4.89,4.89,4.89,16200.0,79218.0,4.89
600288.SH,20260921,10.98,10.98,10.98,10.98,67300.0,738954.0,10.98
600289.SH,20260921,4.24,4.24,4.24,4.24,3800.0,16112.0,4.24
600292.SH,20260921,11.77,11.77,11.77,11.77,5500.0,64735.0,11.77
600293.SH,20260921,3.29,3.29,3.29,3.29,2611500.0,8591834.88,3.29
600295.SH,20260921,13.3,13.3,13.3,13.3,22200.0,295260.0,13.3
600298.SH,20260921,39.72,39.7,39.73,39.6,7800.0,309566.0,39.69
600299.SH,20260921,8.32,8.32,8.33,8.32,91100.0,757958.0,8.32
600300.SH,20260921,3.12,3.12,3.12,3.12,269800.0,841776.0,3.12
600301.SH,20260921,49.97,49.97,49.97,49.97,1059000.0,52918231.04,49.97
600302.SH,20260921,7.08,7.08,7.08,7.08,29700.0,210276.0,7.08
600303.SH,20260921,2.98,2.99,2.99,2.98,200800.0,600226.0,2.99
600305.SH,20260921,6.66,6.66,6.66,6.66,19500.0,129870.0,6.66
600307.SH,20260921,1.48,1.48,1.48,1.48,134100.0,198468.0,1.48
600308.SH,20260921,3.24,3.24,3.24,3.24,81600.0,264384.0,3.24
600309.SH,20260921,70.5,70.5,70.5,70.49,192000.0,13535989.76,70.5
600310.SH,20260921,4.68,4.68,4.68,4.68,374400.0,1752192.0,4.68
600312.SH,20260921,19.4,19.4,19.4,19.4,46500.0,902100.0,19.4
600313.SH,20260921,7.0,7.0,7.0,7.0,363200.0,2542400.0,7.0
600315.SH,20260921,17.85,17.85,17.85,17.85,15600.0,278460.0,17.85
600316.SH,20260921,32.0,32.0,32.0,32.0,64400.0,2060800.0,32.0
600318.SH,20260921,6.92,6.92,6.92,6.92,250700.0,1734844.0,6.92
600319.SH,20260921,6.17,6.17,6.17,6.17,41300.0,254821.0,6.17
600320.SH,20260921,4.16,4.16,4.16,4.16,185856.0,773160.96,4.16
600322.SH,20260921,2.67,2.67,2.67,2.67,67700.0,180759.0,2.67
600323.SH,20260921,28.96,28.96,28.96,28.96,2400.0,69504.0,28.96
600325.SH,20260921,2.46,2.46,2.46,2.46,1157200.0,2846712.0,2.46
600326.SH,20260921,6.83,6.82,6.83,6.82,38600.0,263253.0,6.82
600327.SH,20260921,3.86,3.86,3.86,3.86,16700.0,64462.0,3.86
600328.SH,20260921,5.64,5.64,5.64,5.64,93100.0,525084.0,5.64
600329.SH,20260921,34.51,34.51,34.51,34.51,6300.0,217413.0,34.51
600330.SH,20260921,29.4,29.39,29.5,29.39,352640.0,10366064.0,29.4
600331.SH,20260921,11.38,11.38,11.38,11.38,122900.0,1398601.92,11.38
600332.SH,20260921,19.52,19.52,19.52,19.52,18100.0,353312.0,19.52
600333.SH,20260921,6.66,6.66,6.66,6.66,102000.0,679320.0,6.66
600335.SH,20260921,5.17,5.17,5.17,5.17,56300.0,291071.0,5.17
600336.SH,20260921,6.41,6.41,6.41,6.41,22100.0,141661.0,6.41
600337.SH,20260921,3.18,3.18,3.18,3.18,751300.0,2389134.08,3.18
600338.SH,20260921,12.6,12.6,12.6,12.6,56100.0,706860.0,12.6
600339.SH,20260921,3.27,3.28,3.28,3.27,271700.0,890248.0,3.28
600340.SH,20260921,1.09,1.09,1.09,1.09,2706000.0,2949539.84,1.09
600343.SH,20260921,21.36,21.36,21.36,21.36,611400.0,13059504.64,21.36
600345.SH,20260921,54.5,54.5,54.5,54.5,54300.0,2959350.08,54.5
600346.SH,20260921,16.39,16.39,16.4,16.38,76100.0,1247279.04,16.39
600348.SH,20260921,8.89,8.89,8.89,8.89,86200.0,766318.0,8.89
600350.SH,20260921,10.0,10.0,10.0,10.0,62600.0,626000.0,10.0
600351.SH,20260921,6.66,6.66,6.66,6.66,78600.0,523476.0,6.66
600352.SH,20260921,11.9,11.88,11.95,11.88,415828.0,4943880.96,11.89
600353.SH,20260921,34.54,34.54,34.54,34.54,524300.0,18109322.24,34.54
600354.SH,20260921,10.23,10.23,10.23,10.23,1539900.0,15753177.6,10.23
600356.SH,20260921,10.41,10.41,10.41,10.41,361500.0,3763215.04,10.41
600358.SH,20260921,5.01,5.0,5.01,5.0,47600.0,238006.0,5.0
600359.SH,20260921,7.89,7.89,7.89,7.89,549100.0,4332399.04,7.89
600360.SH,20260921,11.0,11.0,11.0,11.0,538600.0,5924600.32,11.0
600361.SH,20260921,3.51,3.51,3.51,3.51,87500.0,307125.0,3.51
600362.SH,20260921,44.25,44.25,44.25,44.2,291100.0,12880934.4,44.25
600363.SH,20260921,16.0,16.0,16.0,16.0,210100.0,3361600.0,16.0
600365.SH,20260921,2.83,2.83,2.83,2.83,100.0,283.0,2.83
600366.SH,20260921,11.25,11.25,11.25,11.25,74500.0,838124.96,11.25
600367.SH,20260921,38.88,39.0,39.2,38.8,1197900.0,46715975.68,39.0
600368.SH,20260921,4.11,4.11,4.11,4.11,74100.0,304551.0,4.11
600369.SH,20260921,3.97,3.97,3.97,3.97,42300.0,167931.0,3.97
600370.SH,20260921,1.48,1.48,1.48,1.48,83500.0,123580.0,1.48
600371.SH,20260921,15.4,15.4,15.45,15.2,2406800.0,37050808.32,15.39
600372.SH,20260921,11.38,11.38,11.38,11.38,36000.0,409680.0,11.38
600373.SH,20260921,7.45,7.45,7.45,7.45,91400.0,680930.0,7.45
600375.SH,20260921,3.69,3.69,3.69,3.69,67400.0,248706.0,3.69
600376.SH,20260921,3.15,3.15,3.15,3.15,251100.0,790964.96,3.15
600377.SH,20260921,12.66,12.66,12.66,12.66,34700.0,439302.0,12.66
600378.SH,20260921,48.37,48.37,48.37,48.37,295100.0,14273986.56,48.37
600379.SH,20260921,14.57,14.57,14.57,14.57,85900.0,1251563.04,14.57
600380.SH,20260921,9.2,9.23,9.23,9.2,60900.0,561821.0,9.23
600381.SH,20260921,3.88,3.88,3.88,3.88,13900.0,53932.0,3.88
600382.SH,20260921,6.23,6.23,6.23,6.23,30600.0,190638.0,6.23
600383.SH,20260921,2.21,2.21,2.21,2.21,2326100.0,5140680.96,2.21
600386.SH,20260921,3.49,3.49,3.49,3.49,16000.0,55840.0,3.49
600388.SH,20260921,17.45,17.45,17.45,17.45,9800.0,171010.0,17.45
600389.SH,20260921,18.95,18.95,18.95,18.95,138200.0,2618889.92,18.95
600390.SH,20260921,4.88,4.88,4.88,4.88,70900.0,345992.0,4.88
600391.SH,20260921,41.0,41.02,41.02,40.85,45800.0,1878660.96,41.02
600392.SH,20260921,21.9,21.9,21.9,21.9,424600.0,9298739.84,21.9
600395.SH,20260921,5.03,5.03,5.03,5.03,83500.0,420005.0,5.03
600396.SH,20260921,13.52,13.52,13.52,13.52,757400.0,10240048.0,13.52
600397.SH,20260921,17.1,17.1,17.1,17.1,340400.0,5820839.68,17.1
600398.SH,20260921,5.79,5.79,5.79,5.79,77900.0,451041.0,5.79
600399.SH,20260921,4.43,4.43,4.43,4.43,85000.0,376550.0,4.43
600400.SH,20260921,3.4,3.4,3.4,3.4,892000.0,3032800.0,3.4
600403.SH,20260921,6.64,6.63,6.65,6.63,1555600.0,10321726.08,6.64
600405.SH,20260921,4.99,4.99,4.99,4.99,16400.0,81836.0,4.99
600406.SH,20260921,22.07,22.08,22.08,22.07,214300.0,4731741.12,22.08
600408.SH,20260921,3.01,3.01,3.01,3.01,190000.0,571900.0,3.01
600409.SH,20260921,6.3,6.3,6.3,6.3,42900.0,270270.0,6.3
600410.SH,20260921,16.62,16.62,16.62,16.62,1802215.04,29952811.52,16.62
600415.SH,20260921,11.85,11.83,11.85,11.83,215700.0,2551808.0,11.83
600416.SH,20260921,8.53,8.53,8.53,8.53,48000.0,409440.0,8.53
600418.SH,20260921,19.25,19.25,19.27,19.18,537700.0,10349475.2,19.25
600419.SH,20260921,8.59,8.59,8.59,8.59,9700.0,83323.0,8.59
600420.SH,20260921,8.13,8.13,8.13,8.13,28500.0,231705.0,8.13
600422.SH,20260921,8.15,8.15,8.15,8.15,15100.0,123065.0,8.15
600423.SH,20260921,2.72,2.72,2.72,2.72,1200.0,3264.0,2.72
600425.SH,20260921,3.6,3.6,3.6,3.6,119220.0,429192.0,3.6
600426.SH,20260921,19.5,19.5,19.5,19.5,91600.0,1786200.0,19.5
600428.SH,20260921,11.24,11.24,11.24,11.24,190300.0,2138972.0,11.24
600429.SH,20260921,4.56,4.56,4.56,4.56,33800.0,154128.0,4.56
600433.SH,20260921,3.32,3.32,3.32,3.32,34300.0,113876.0,3.32
600435.SH,20260921,11.43,11.43,11.43,11.41,58700.0,670919.0,11.43
600436.SH,20260921,118.31,118.31,118.31,118.31,10200.0,1206762.0,118.31
600438.SH,20260921,11.32,11.32,11.32,11.32,144000.0,1630080.0,11.32
600439.SH,20260921,1.88,1.88,1.88,1.88,123000.0,231240.0,1.88
600444.SH,20260921,13.99,13.99,13.99,13.99,26100.0,365139.0,13.99
600446.SH,20260921,10.48,10.48,10.48,10.48,41000.0,429680.0,10.48
600448.SH,20260921,3.8,3.8,3.8,3.8,24980700.16,94926653.44,3.8
600449.SH,20260921,13.14,13.14,13.14,13.14,109800.0,1442772.0,13.14
600452.SH,20260921,9.1,9.1,9.1,9.09,74400.0,676940.0,9.1
600455.SH,20260921,23.29,23.29,23.29,23.29,13600.0,316744.0,23.29
600456.SH,20260921,25.26,25.26,25.26,25.26,12800.0,323328.0,25.26
600458.SH,20260921,11.38,11.38,11.38,11.38,32300.0,367574.0,11.38
600459.SH,20260921,19.28,19.32,19.32,19.28,103500.0,1999596.96,19.32
600460.SH,20260921,33.13,33.13,33.13,33.13,986000.0,32666181.12,33.13
600461.SH,20260921,9.02,9.02,9.02,9.02,81500.0,735130.0,9.02
600463.SH,20260921,7.9,7.9,7.9,7.9,5800.0,45820.0,7.9
600467.SH,20260921,2.39,2.39,2.39,2.39,110300.0,263617.0,2.39
600468.SH,20260921,6.4,6.4,6.4,6.4,333500.0,2134400.0,6.4
600469.SH,20260921,4.98,4.98,4.98,4.98,9700.0,48306.0,4.98
600470.SH,20260921,5.7,5.7,5.7,5.7,62900.0,358530.0,5.7
600475.SH,20260921,14.88,14.88,14.88,14.88,7200.0,107136.0,14.88
600476.SH,20260921,10.23,10.23,10.23,10.23,2500.0,25575.0,10.23
600477.SH,20260921,2.42,2.42,2.42,2.42,16556.0,40066.0,2.42
600478.SH,20260921,4.61,4.61,4.61,4.61,50700.0,233727.0,4.61
600479.SH,20260921,11.71,11.69,11.71,11.65,364600.0,4261971.84,11.69
600480.SH,20260921,7.72,7.72,7.72,7.72,60729.0,468828.0,7.72
600481.SH,20260921,4.14,4.14,4.14,4.14,92200.0,381708.0,4.14
600482.SH,20260921,33.94,33.94,33.94,33.94,24500.0,831530.0,33.94
600483.SH,20260921,10.99,10.93,10.99,10.93,44500.0,486403.0,10.93
600486.SH,20260921,52.62,52.62,52.62,52.62,9400.0,494628.0,52.62
600487.SH,20260921,71.68,71.68,71.68,71.68,2421100.0,173544448.0,71.68
600488.SH,20260921,6.05,6.05,6.05,6.05,1110900.0,6720945.28,6.05
600489.SH,20260921,23.95,23.95,23.99,23.93,524700.0,12567088.64,23.95
600490.SH,20260921,7.19,7.19,7.19,7.19,174900.0,1257531.04,7.19
600491.SH,20260921,1.68,1.68,1.68,1.68,752800.0,1264704.0,1.68
600493.SH,20260921,6.27,6.27,6.27,6.27,142000.0,890340.0,6.27
600495.SH,20260921,4.07,4.06,4.07,4.06,29000.0,117896.0,4.07
600496.SH,20260921,3.32,3.32,3.32,3.32,63200.0,209824.0,3.32
600497.SH,20260921,9.59,9.59,9.59,9.59,182100.0,1746339.04,9.59
600498.SH,20260921,44.5,44.5,44.5,44.5,384700.0,17119150.08,44.5
600499.SH,20260921,13.44,13.44,13.44,13.43,58600.0,787567.04,13.44
600500.SH,20260921,5.83,5.83,5.83,5.83,603400.0,3517822.08,5.83
600501.SH,20260921,15.03,15.03,15.03,15.03,15600.0,234468.0,15.03
600502.SH,20260921,4.18,4.18,4.18,4.18,2131283.04,8908762.88,4.18
600503.SH,20260921,2.2,2.21,2.21,2.2,224000.0,494793.0,2.21
600505.SH,20260921,10.61,10.61,10.61,10.61,38300.0,406363.0,10.61
600506.SH,20260921,16.83,16.83,16.83,16.83,145130.0,2442537.92,16.83
600507.SH,20260921,4.1,4.1,4.1,4.1,4500.0,18450.0,4.1
600508.SH,20260921,10.44,10.44,10.52,10.44,92240.0,963568.0,10.45
600509.SH,20260921,7.3,7.3,7.3,7.3,213900.0,1561470.08,7.3
600510.SH,20260921,6.53,6.53,6.53,6.53,6300.0,41139.0,6.53
600511.SH,20260921,26.09,26.09,26.09,26.09,8700.0,226983.0,26.09
600512.SH,20260921,2.06,2.07,2.07,2.06,555000.0,1148844.96,2.07
600513.SH,20260921,14.99,14.99,14.99,14.99,29900.0,448201.0,14.99
600515.SH,20260921,2.74,2.74,2.74,2.74,138375.0,379148.0,2.74
600516.SH,20260921,5.56,5.56,5.56,5.56,687800.0,3824168.0,5.56
600517.SH,20260921,5.0,5.0,5.02,5.0,67600.0,338053.0,5.0
600518.SH,20260921,1.35,1.35,1.35,1.35,307858.0,415608.0,1.35
600519.SH,20260921,1259.0,1259.0,1259.0,1259.0,24100.0,30341900.8,1259.0
600520.SH,20260921,26.23,26.23,26.23,26.23,98000.0,2570540.0,26.23
600521.SH,20260921,16.18,16.18,16.18,16.18,62700.0,1014486.0,16.18
600522.SH,20260921,36.1,36.1,36.1,36.1,1564400.0,56474839.04,36.1
600523.SH,20260921,11.88,11.88,11.88,11.88,13200.0,156816.0,11.88
600525.SH,20260921,4.9,4.9,4.9,4.9,17800.0,87220.0,4.9
600526.SH,20260921,4.55,4.56,4.56,4.55,113600.0,518011.0,4.56
600527.SH,20260921,2.21,2.21,2.21,2.21,345200.0,762892.0,2.21
600528.SH,20260921,6.84,6.84,6.84,6.84,18600.0,127224.0,6.84
600529.SH,20260921,18.44,18.44,18.44,18.44,18000.0,331920.0,18.44
600530.SH,20260921,3.8,3.8,3.8,3.8,166700.0,633460.0,3.8
600531.SH,20260921,12.23,12.23,12.23,12.23,156700.0,1916440.96,12.23
600533.SH,20260921,2.2,2.2,2.2,2.2,32400.0,71280.0,2.2
600535.SH,20260921,13.88,13.88,13.88,13.88,28300.0,392804.0,13.88
600536.SH,20260921,31.66,31.66,31.66,31.66,40800.0,1291728.0,31.66
600537.SH,20260921,2.1,2.1,2.1,2.1,296600.0,622860.0,2.1
600538.SH,20260921,4.9,4.9,4.9,4.9,23900.0,117110.0,4.9
600539.SH,20260921,13.4,13.4,13.4,13.4,32300.0,432820.0,13.4
600540.SH,20260921,5.46,5.46,5.46,5.46,480200.0,2621892.0,5.46
600543.SH,20260921,4.08,4.08,4.08,4.08,6100.0,24888.0,4.08
600545.SH,20260921,4.54,4.54,4.54,4.54,546700.0,2482017.92,4.54
600546.SH,20260921,13.28,13.28,13.28,13.28,74300.0,986704.0,13.28
600547.SH,20260921,32.42,32.42,32.42,32.42,547913.0,17763339.52,32.42
600548.SH,20260921,8.13,8.13,8.13,8.13,48100.0,391053.0,8.13
600549.SH,20260921,50.48,50.48,50.48,50.48,305900.0,15441831.68,50.48
600550.SH,20260921,10.92,10.92,10.92,10.92,80200.0,875784.0,10.92
600551.SH,20260921,7.63,7.63,7.63,7.63,206900.0,1578647.04,7.63
600552.SH,20260921,18.19,18.19,18.19,18.19,505500.0,9195045.12,18.19
600556.SH,20260921,4.64,4.64,4.64,4.64,66300.0,307632.0,4.64
600557.SH,20260921,12.14,12.14,12.14,12.14,13300.0,161462.0,12.14
600558.SH,20260921,4.73,4.73,4.73,4.73,93000.0,439890.0,4.73
600559.SH,20260921,11.04,11.04,11.04,11.04,35400.0,390816.0,11.04
600560.SH,20260921,11.0,11.0,11.0,11.0,8200.0,90200.0,11.0
600561.SH,20260921,5.71,5.71,5.71,5.71,31600.0,180436.0,5.71
600562.SH,20260921,27.39,27.39,27.39,27.39,23100.0,632709.0,27.39
600563.SH,20260921,126.78,126.78,126.78,126.78,46500.0,5895269.76,126.78
600566.SH,20260921,25.22,25.22,25.22,25.22,8100.0,204282.0,25.22
600567.SH,20260921,1.34,1.34,1.34,1.34,101900.0,136546.0,1.34
600568.SH,20260921,2.4,2.4,2.4,2.4,27700.0,66480.0,2.4
600569.SH,20260921,1.79,1.79,1.79,1.79,52100.0,93259.0,1.79
600570.SH,20260921,20.21,20.21,20.21,20.21,43239.0,873860.0,20.21
600571.SH,20260921,10.38,10.38,10.38,10.38,19800.0,205524.0,10.38
600572.SH,20260921,4.27,4.27,4.27,4.27,107500.0,459025.0,4.27
600573.SH,20260921,9.7,9.7,9.7,9.7,10900.0,105730.0,9.7
600575.SH,20260921,3.24,3.24,3.24,3.24,190200.0,616248.0,3.24
600576.SH,20260921,5.39,5.39,5.39,5.39,41220.0,222176.0,5.39
600577.SH,20260921,8.86,8.86,8.86,8.86,4548899.84,40303255.04,8.86
600578.SH,20260921,5.35,5.35,5.35,5.35,200400.0,1072140.0,5.35
600579.SH,20260921,7.17,7.17,7.17,7.17,16000.0,114720.0,7.17
600580.SH,20260921,27.31,27.31,27.31,27.31,67700.0,1848887.04,27.31
600581.SH,20260921,2.43,2.43,2.43,2.43,89400.0,217242.0,2.43
600582.SH,20260921,4.9,4.9,4.9,4.9,100100.0,490490.0,4.9
600583.SH,20260921,6.03,6.03,6.03,6.03,59900.0,361197.0,6.03
600584.SH,20260921,73.1,73.1,73.1,73.1,1209000.0,88377907.2,73.1
600585.SH,20260921,17.02,17.02,17.02,17.02,74900.0,1274798.0,17.02
600586.SH,20260921,4.06,4.06,4.06,4.06,55900.0,226954.0,4.06
600587.SH,20260921,12.33,12.33,12.33,12.33,187200.0,2308176.0,12.33
600588.SH,20260921,9.53,9.53,9.53,9.53,227000.0,2163310.08,9.53
600589.SH,20260921,7.82,7.82,7.82,7.82,112800.0,882096.0,7.82
600590.SH,20260921,8.7,8.7,8.7,8.7,176600.0,1536420.0,8.7
600592.SH,20260921,14.64,14.64,14.64,14.64,16300.0,238632.0,14.64
600593.SH,20260921,44.19,44.19,44.19,44.19,387800.0,17136881.92,44.19
600594.SH,20260921,3.56,3.56,3.56,3.56,38300.0,136348.0,3.56
600595.SH,20260921,6.09,6.09,6.09,6.09,226500.0,1379384.96,6.09
600596.SH,20260921,11.91,11.91,11.91,11.91,312500.0,3721874.88,11.91
600597.SH,20260921,6.69,6.69,6.69,6.69,48700.0,325803.0,6.69
600598.SH,20260921,12.59,12.59,12.59,12.59,116500.0,1466735.04,12.59
600600.SH,20260921,50.06,50.06,50.06,50.06,12800.0,640768.0,50.06
600601.SH,20260921,14.65,14.65,14.65,14.65,1029800.0,15086570.24,14.65
600602.SH,20260921,17.1,17.1,17.1,17.1,36900.0,630990.0,17.1
600603.SH,20260921,4.87,4.87,4.87,4.87,55200.0,268824.0,4.87
600604.SH,20260921,4.59,4.59,4.59,4.59,97800.0,448902.0,4.59
600605.SH,20260921,26.8,26.8,26.8,26.8,7000.0,187600.0,26.8
600606.SH,20260921,1.54,1.54,1.54,1.54,26270899.2,40457185.28,1.54
600609.SH,20260921,3.7,3.7,3.7,3.7,3831299.84,14175810.56,3.7
600610.SH,20260921,7.59,7.59,7.59,7.59,88100.0,668679.0,7.59
600611.SH,20260921,4.51,4.51,4.51,4.51,275900.0,1244308.96,4.51
600612.SH,20260921,31.7,31.7,31.7,31.7,9600.0,304320.0,31.7
600613.SH,20260921,8.46,8.46,8.46,8.46,619900.0,5244353.92,8.46
600615.SH,20260921,9.36,9.36,9.36,9.36,11600.0,108576.0,9.36
600616.SH,20260921,5.0,5.0,5.0,5.0,1604990.08,8024949.76,5.0
600617.SH,20260921,3.25,3.25,3.25,3.25,190700.0,619775.0,3.25
600618.SH,20260921,9.82,9.82,9.82,9.82,3100.0,30442.0,9.82
600619.SH,20260921,13.25,13.25,13.25,13.25,34700.0,459775.0,13.25
600620.SH,20260921,4.31,4.31,4.31,4.31,268300.0,1156372.96,4.31
600621.SH,20260921,14.49,14.49,14.49,14.49,2900099.84,42022448.64,14.49
600622.SH,20260921,2.39,2.39,2.39,2.39,151300.0,361607.0,2.39
600623.SH,20260921,8.37,8.37,8.37,8.37,59700.0,499689.0,8.37
600624.SH,20260921,4.56,4.56,4.56,4.56,8200.0,37392.0,4.56
600626.SH,20260921,3.7,3.69,3.7,3.69,232200.0,856962.0,3.69
600628.SH,20260921,6.29,6.29,6.29,6.29,174400.0,1096976.0,6.29
600629.SH,20260921,16.2,16.2,16.2,16.2,140560.0,2277072.0,16.2
600630.SH,20260921,9.12,9.12,9.12,9.12,3506600.96,31980200.96,9.12
600633.SH,20260921,10.5,10.5,10.5,10.5,485700.0,5099849.92,10.5
600635.SH,20260921,4.53,4.53,4.53,4.53,65700.0,297621.0,4.53
600637.SH,20260921,8.7,8.7,8.7,8.7,661700.0,5756789.76,8.7
600638.SH,20260921,4.91,4.91,4.91,4.91,301700.0,1481347.04,4.91
600639.SH,20260921,9.75,9.77,9.77,9.75,24500.0,239328.0,9.77
600640.SH,20260921,12.8,12.8,12.8,12.8,1880000.0,24064000.0,12.8
600641.SH,20260921,38.0,38.0,38.0,38.0,676800.0,25718400.0,38.0
600642.SH,20260921,8.66,8.66,8.66,8.66,96400.0,834824.0,8.66
600643.SH,20260921,4.05,4.05,4.05,4.05,51900.0,210195.0,4.05
600644.SH,20260921,9.7,9.7,9.7,9.7,641900.0,6226430.08,9.7
600645.SH,20260921,18.29,18.29,18.29,18.29,45500.0,832195.04,18.29
600648.SH,20260921,9.35,9.35,9.35,9.35,42100.0,393635.0,9.35
600649.SH,20260921,3.93,3.93,3.93,3.93,116800.0,459024.0,3.93
600650.SH,20260921,10.3,10.3,10.3,10.3,9300.0,95790.0,10.3
600651.SH,20260921,5.2,5.2,5.2,5.2,105700.0,549640.0,5.2
600653.SH,20260921,1.7,1.7,1.7,1.7,193100.0,328270.0,1.7
600654.SH,20260921,3.06,3.06,3.06,3.06,270400.0,827424.0,3.06
600655.SH,20260921,4.56,4.56,4.56,4.56,22200.0,101232.0,4.56
600657.SH,20260921,2.93,2.93,2.93,2.93,663000.0,1942590.08,2.93
600658.SH,20260921,4.06,4.06,4.06,4.06,12600.0,51156.0,4.06
600660.SH,20260921,53.69,53.75,53.75,53.69,42900.0,2305793.92,53.75
600661.SH,20260921,8.47,8.47,8.47,8.47,26800.0,226996.0,8.47
600662.SH,20260921,4.2,4.2,4.2,4.2,15900.0,66780.0,4.2
600663.SH,20260921,8.87,8.87,8.87,8.87,14700.0,130389.0,8.87
600664.SH,20260921,7.56,7.56,7.56,7.56,6193777.92,46824960.0,7.56
600665.SH,20260921,3.37,3.37,3.37,3.37,46500.0,156705.0,3.37
600666.SH,20260921,3.49,3.49,3.49,3.49,1653900.0,5772110.72,3.49
600667.SH,20260921,20.64,20.64,20.64,20.64,1586265.92,32740531.2,20.64
600668.SH,20260921,7.21,7.21,7.21,7.21,16700.0,120407.0,7.21
600671.SH,20260921,22.64,22.64,22.64,22.64,7400.0,167536.0,22.64
600673.SH,20260921,32.08,32.08,32.08,32.08,134100.0,4301928.0,32.08
600674.SH,20260921,15.73,15.73,15.73,15.73,145000.0,2280849.92,15.73
600675.SH,20260921,2.29,2.29,2.29,2.29,314400.0,719976.0,2.29
600676.SH,20260921,6.74,6.74,6.74,6.74,32500.0,219050.0,6.74
600678.SH,20260921,5.81,5.81,5.81,5.81,600.0,3486.0,5.81
600679.SH,20260921,10.25,10.25,10.25,10.25,241600.0,2476400.0,10.25
600681.SH,20260921,3.48,3.48,3.48,3.48,51400.0,178872.0,3.48
600682.SH,20260921,5.6,5.6,5.6,5.6,44100.0,246960.0,5.6
600683.SH,20260921,9.64,9.64,9.64,9.64,98800.0,952432.0,9.64
600684.SH,20260921,3.47,3.47,3.47,3.47,15700.0,54479.0,3.47
600685.SH,20260921,28.77,28.77,28.77,28.77,94300.0,2713010.88,28.77
600686.SH,20260921,10.83,10.83,10.83,10.83,57100.0,618393.0,10.83
600688.SH,20260921,2.79,2.79,2.79,2.79,63400.0,176886.0,2.79
600689.SH,20260921,12.15,12.15,12.15,12.15,41600.0,505440.0,12.15
600690.SH,20260921,20.75,20.72,20.75,20.72,69900.0,1448553.92,20.72
600691.SH,20260921,2.86,2.86,2.86,2.86,303200.0,867152.0,2.86
600692.SH,20260921,6.37,6.37,6.37,6.37,64800.0,412776.0,6.37
600693.SH,20260921,9.35,9.35,9.35,9.35,667100.0,6237384.96,9.35
600694.SH,20260921,14.35,14.35,14.35,14.35,26300.0,377405.0,14.35
600697.SH,20260921,11.3,11.3,11.3,11.3,119100.0,1345830.08,11.3
600698.SH,20260921,7.11,7.11,7.11,7.11,244100.0,1735551.04,7.11
600699.SH,20260921,20.15,20.15,20.15,20.15,496400.0,10002460.16,20.15
600702.SH,20260921,32.67,32.69,32.78,32.67,29300.0,958128.96,32.7
600703.SH,20260921,13.01,13.01,13.01,13.01,495600.0,6447756.16,13.01
600704.SH,20260921,4.89,4.89,4.89,4.89,138700.0,678243.04,4.89
600706.SH,20260921,8.18,8.18,8.18,8.18,53800.0,440084.0,8.18
600707.SH,20260921,9.38,9.38,9.38,9.38,859200.0,8059296.0,9.38
600708.SH,20260921,3.02,3.02,3.02,3.02,140600.0,424612.0,3.02
600710.SH,20260921,11.46,11.46,11.46,11.46,25600.0,293376.0,11.46
600711.SH,20260921,11.05,11.05,11.05,11.05,181400.0,2004470.08,11.05
600712.SH,20260921,5.38,5.4,5.4,5.37,720000.0,3886393.92,5.4
600713.SH,20260921,5.03,5.03,5.03,5.03,20600.0,103618.0,5.03
600714.SH,20260921,17.61,17.61,17.61,17.61,92500.0,1628924.96,17.61
600715.SH,20260921,1.62,1.62,1.62,1.62,99000.0,160380.0,1.62
600716.SH,20260921,3.57,3.57,3.57,3.57,13000.0,46410.0,3.57
600717.SH,20260921,4.25,4.25,4.25,4.25,49400.0,209950.0,4.25
600718.SH,20260921,7.95,7.95,7.95,7.95,18700.0,148665.0,7.95
600719.SH,20260921,8.34,8.34,8.34,8.34,905700.0,7553537.92,8.34
600720.SH,20260921,5.17,5.18,5.18,5.17,16300.0,84426.0,5.18
600721.SH,20260921,12.01,12.01,12.01,12.01,2037409.92,24469294.08,12.01
600722.SH,20260921,15.96,15.96,15.96,15.96,871500.0,13909140.48,15.96
600724.SH,20260921,4.96,4.96,4.96,4.96,44300.0,219728.0,4.96
600725.SH,20260921,3.3,3.3,3.3,3.3,72400.0,238920.0,3.3
600726.SH,20260921,5.21,5.21,5.21,5.21,219500.0,1143595.04,5.21
600727.SH,20260921,7.5,7.5,7.5,7.5,4700.0,35250.0,7.5
600728.SH,20260921,4.52,4.52,4.52,4.52,30000.0,135600.0,4.52
600729.SH,20260921,18.39,18.39,18.4,18.39,9300.0,171042.0,18.39
600730.SH,20260921,8.79,8.79,8.79,8.79,269900.0,2372420.96,8.79
600731.SH,20260921,5.78,5.78,5.78,5.78,11800.0,68204.0,5.78
600732.SH,20260921,10.83,10.83,10.83,10.83,744800.0,8066183.68,10.83
600733.SH,20260921,4.56,4.56,4.56,4.56,447300.0,2039688.0,4.56
600734.SH,20260921,1.91,1.91,1.91,1.91,719700.0,1374627.04,1.91
600735.SH,20260921,6.72,6.72,6.72,6.72,52700.0,354144.0,6.72
600736.SH,20260921,6.52,6.52,6.52,6.52,94700.0,617444.0,6.52
600737.SH,20260921,14.58,14.54,14.62,14.54,1232800.0,17937418.24,14.55
600738.SH,20260921,4.22,4.22,4.22,4.22,329000.0,1388380.0,4.22
600739.SH,20260921,10.34,10.34,10.34,10.34,83100.0,859254.0,10.34
600740.SH,20260921,3.73,3.73,3.73,3.73,74400.0,277512.0,3.73
600741.SH,20260921,14.88,14.88,14.88,14.88,65000.0,967200.0,14.88
600742.SH,20260921,7.71,7.71,7.71,7.71,3400.0,26214.0,7.71
600743.SH,20260921,2.33,2.33,2.33,2.33,4299000.0,10016670.08,2.33
600744.SH,20260921,6.4,6.4,6.4,6.4,630700.0,4036480.0,6.4
600745.SH,20260921,16.64,16.64,16.68,16.63,469300.0,7810336.0,16.64
600746.SH,20260921,7.11,7.11,7.11,7.11,275200.0,1956672.0,7.11
600748.SH,20260921,3.83,3.83,3.83,3.83,29000.0,111070.0,3.83
600749.SH,20260921,13.67,13.67,13.67,13.67,27500.0,375925.0,13.67
600750.SH,20260921,22.26,22.26,22.26,22.26,9500.0,211470.0,22.26
600751.SH,20260921,2.99,2.99,2.99,2.99,61100.0,182689.0,2.99
600753.SH,20260921,11.95,11.95,11.95,11.95,200.0,2390.0,11.95
600754.SH,20260921,18.51,18.51,18.51,18.51,49400.0,914394.0,18.51
600755.SH,20260921,5.6,5.6,5.6,5.6,41300.0,231280.0,5.6
600756.SH,20260921,13.7,13.7,13.7,13.7,6900.0,94530.0,13.7
600757.SH,20260921,7.27,7.27,7.27,7.27,115200.0,837504.0,7.27
600758.SH,20260921,3.64,3.64,3.64,3.64,97900.0,356356.0,3.64
600759.SH,20260921,2.34,2.34,2.34,2.34,1588200.0,3716387.84,2.34
600760.SH,20260921,43.9,43.9,43.9,43.9,58600.0,2572540.0,43.9
600761.SH,20260921,15.46,15.46,15.46,15.46,13700.0,211802.0,15.46
600763.SH,20260921,32.83,32.83,32.83,32.83,31600.0,1037428.0,32.83
600764.SH,20260921,18.68,18.68,18.68,18.68,8500.0,158780.0,18.68
600765.SH,20260921,13.45,13.45,13.45,13.45,33200.0,446540.0,13.45
600768.SH,20260921,14.43,14.43,14.43,14.43,11900.0,171717.0,14.43
600769.SH,20260921,16.24,16.24,16.24,16.24,72100.0,1170904.0,16.24
600770.SH,20260921,5.74,5.73,5.74,5.73,564500.0,3234615.04,5.73
600771.SH,20260921,13.72,13.72,13.72,13.72,27200.0,373184.0,13.72
600773.SH,20260921,10.06,10.06,10.06,10.06,46700.0,469802.0,10.06
600774.SH,20260921,7.53,7.53,7.53,7.53,16700.0,125751.0,7.53
600775.SH,20260921,9.81,9.81,9.81,9.81,45800.0,449298.0,9.81
600776.SH,20260921,13.45,13.45,13.45,13.45,111200.0,1495640.0,13.45
600777.SH,20260921,4.04,4.04,4.04,4.04,145600.0,588224.0,4.04
600778.SH,20260921,5.76,5.76,5.76,5.76,51000.0,293760.0,5.76
600779.SH,20260921,25.92,25.92,25.92,25.92,7100.0,184032.0,25.92
600780.SH,20260921,6.18,6.18,6.18,6.18,25500.0,157590.0,6.18
600782.SH,20260921,2.68,2.68,2.69,2.68,33200.0,88985.0,2.68
600783.SH,20260921,15.48,15.48,15.48,15.48,61800.0,956664.0,15.48
600784.SH,20260921,7.09,7.09,7.09,7.09,5400.0,38286.0,7.09
600785.SH,20260921,10.49,10.49,10.49,10.49,407700.0,4276773.12,10.49
600787.SH,20260921,4.56,4.56,4.56,4.56,34400.0,156864.0,4.56
600789.SH,20260921,7.62,7.62,7.62,7.62,66000.0,502920.0,7.62
600790.SH,20260921,3.61,3.61,3.62,3.61,890100.0,3213288.96,3.61
600791.SH,20260921,6.96,6.96,6.96,6.96,175100.0,1218696.0,6.96
600792.SH,20260921,5.23,5.2,5.26,5.18,2293500.0,11932239.36,5.2
600793.SH,20260921,17.3,17.3,17.3,17.3,98900.0,1710969.92,17.3
600794.SH,20260921,3.21,3.21,3.21,3.21,20300.0,65163.0,3.21
600795.SH,20260921,5.24,5.24,5.24,5.24,282700.0,1481348.0,5.24
600796.SH,20260921,5.01,5.01,5.01,5.01,3600.0,18036.0,5.01
600797.SH,20260921,6.61,6.61,6.61,6.61,22900.0,151369.0,6.61
600798.SH,20260921,3.45,3.47,3.47,3.45,162300.0,562270.0,3.46
600800.SH,20260921,3.27,3.27,3.27,3.27,70900.0,231843.0,3.27
600801.SH,20260921,24.12,24.12,24.12,24.12,3500.0,84420.0,24.12
600802.SH,20260921,5.7,5.7,5.7,5.7,392200.0,2235540.0,5.7
600803.SH,20260921,18.53,18.53,18.53,18.53,14800.0,274244.0,18.53
600805.SH,20260921,4.47,4.47,4.47,4.47,88800.0,396936.0,4.47
600807.SH,20260921,2.58,2.58,2.58,2.58,34000.0,87720.0,2.58
600808.SH,20260921,2.56,2.56,2.56,2.56,171500.0,439040.0,2.56
600809.SH,20260921,112.2,112.13,112.2,112.0,26500.0,2971117.12,112.12
600810.SH,20260921,6.3,6.3,6.3,6.3,14700.0,92610.0,6.3
600812.SH,20260921,4.64,4.63,4.66,4.63,242900.0,1126138.0,4.64
600814.SH,20260921,6.91,6.91,6.91,6.91,88900.0,614299.0,6.91
600815.SH,20260921,3.59,3.59,3.59,3.59,167800.0,602402.0,3.59
600816.SH,20260921,2.41,2.41,2.41,2.41,250800.0,604428.0,2.41
600817.SH,20260921,9.74,9.74,9.74,9.74,15200.0,148048.0,9.74
600818.SH,20260921,8.86,8.86,8.86,8.86,80500.0,713230.0,8.86
600819.SH,20260921,5.56,5.56,5.56,5.56,6500.0,36140.0,5.56
600820.SH,20260921,5.25,5.25,5.25,5.25,132600.0,696150.0,5.25
600821.SH,20260921,6.12,6.12,6.16,6.12,319100.0,1953606.08,6.12
600822.SH,20260921,9.44,9.44,9.44,9.44,1515500.0,14306319.36,9.44
600824.SH,20260921,3.64,3.64,3.64,3.64,29200.0,106288.0,3.64
600825.SH,20260921,5.84,5.84,5.84,5.84,310200.0,1811568.0,5.84
600826.SH,20260921,7.6,7.61,7.61,7.6,51000.0,388065.0,7.61
600827.SH,20260921,7.81,7.81,7.81,7.81,135300.0,1056692.96,7.81
600828.SH,20260921,4.25,4.25,4.26,4.25,242500.0,1030675.04,4.25
600829.SH,20260921,9.66,9.66,9.66,9.66,68700.0,663642.0,9.66
600830.SH,20260921,8.5,8.5,8.5,8.5,81700.0,694450.0,8.5
600831.SH,20260921,3.24,3.24,3.24,3.24,7800.0,25272.0,3.24
600833.SH,20260921,10.43,10.43,10.43,10.43,48700.0,507941.0,10.43
600834.SH,20260921,7.59,7.59,7.59,7.59,3900.0,29601.0,7.59
600835.SH,20260921,18.5,18.5,18.5,18.4,366300.0,6776078.08,18.5
600838.SH,20260921,8.76,8.76,8.76,8.76,885200.0,7754352.0,8.76
600839.SH,20260921,6.67,6.67,6.68,6.67,265500.0,1770980.96,6.67
600841.SH,20260921,5.86,5.86,5.86,5.86,69300.0,406098.0,5.86
600843.SH,20260921,6.85,6.85,6.85,6.85,14000.0,95900.0,6.85
600844.SH,20260921,3.37,3.37,3.37,3.37,195600.0,659172.0,3.37
600845.SH,20260921,17.99,17.99,17.99,17.99,325400.0,5853946.24,17.99
600846.SH,20260921,10.99,10.99,10.99,10.99,1700.0,18683.0,10.99
600847.SH,20260921,13.56,13.79,13.79,13.5,232400.0,3201271.04,13.78
600848.SH,20260921,8.51,8.51,8.51,8.51,17700.0,150627.0,8.51
600850.SH,20260921,14.03,14.04,14.09,14.03,43540.0,611356.0,14.04
600851.SH,20260921,8.36,8.36,8.36,8.36,38500.0,321860.0,8.36
600853.SH,20260921,3.26,3.26,3.26,3.26,66800.0,217768.0,3.26
600854.SH,20260921,4.61,4.61,4.61,4.61,58700.0,270607.0,4.61
600855.SH,20260921,13.26,13.26,13.26,13.26,40000.0,530400.0,13.26
600857.SH,20260921,21.28,21.28,21.28,21.28,19100.0,406448.0,21.28
600858.SH,20260921,4.95,4.96,4.96,4.95,29300.0,145321.0,4.96
600859.SH,20260921,9.7,9.7,9.7,9.7,30200.0,292940.0,9.7
600860.SH,20260921,7.65,7.65,7.65,7.65,1394100.0,10664865.28,7.65
600861.SH,20260921,12.68,12.68,12.68,12.68,2300.0,29164.0,12.68
600862.SH,20260921,17.99,17.99,17.99,17.99,34300.0,617057.0,17.99
600863.SH,20260921,4.73,4.73,4.73,4.73,365600.0,1729288.0,4.73
600864.SH,20260921,5.86,5.86,5.86,5.86,684400.0,4010584.0,5.86
600865.SH,20260921,10.91,10.91,10.91,10.91,633100.0,6907121.28,10.91
600866.SH,20260921,4.1,4.11,4.11,4.1,42000.0,172555.0,4.11
600867.SH,20260921,7.85,7.85,7.85,7.85,49300.0,387005.0,7.85
600868.SH,20260921,2.83,2.83,2.83,2.83,217200.0,614676.0,2.83
600869.SH,20260921,21.69,21.69,21.69,21.69,813763.04,17650520.32,21.69
600871.SH,20260921,2.16,2.16,2.16,2.16,625400.0,1350864.0,2.16
600872.SH,20260921,17.16,17.16,17.16,17.16,16300.0,279708.0,17.16
600873.SH,20260921,7.53,7.53,7.53,7.53,33500.0,252255.0,7.53
600874.SH,20260921,5.52,5.52,5.52,5.52,60800.0,335616.0,5.52
600875.SH,20260921,24.45,24.45,24.49,24.44,127800.0,3124927.04,24.45
600876.SH,20260921,8.39,8.39,8.39,8.39,235900.0,1979200.96,8.39
600877.SH,20260921,12.28,12.28,12.28,12.28,59500.0,730660.0,12.28
600879.SH,20260921,14.72,14.72,14.72,14.72,411500.0,6057280.0,14.72
600880.SH,20260921,5.19,5.19,5.19,5.19,7799500.16,40479403.52,5.19
600881.SH,20260921,1.88,1.88,1.88,1.88,4209900.16,7914611.84,1.88
600882.SH,20260921,19.14,19.14,19.14,19.14,5300.0,101442.0,19.14
600883.SH,20260921,7.83,7.83,7.83,7.83,16000.0,125280.0,7.83
600884.SH,20260921,11.2,11.18,11.2,11.18,127300.0,1423230.08,11.18
600885.SH,20260921,34.1,34.1,34.1,34.1,25100.0,855910.0,34.1
600886.SH,20260921,14.3,14.3,14.3,14.3,47900.0,684970.0,14.3
600887.SH,20260921,26.56,26.56,26.56,26.56,143100.0,3800736.0,26.56
600888.SH,20260921,9.97,9.97,9.97,9.97,111251.0,1109172.0,9.97
600889.SH,20260921,13.26,13.26,13.26,13.26,3800.0,50388.0,13.26
600892.SH,20260921,4.03,4.03,4.03,4.03,179700.0,724191.04,4.03
600893.SH,20260921,39.2,39.2,39.2,39.2,84600.0,3316320.0,39.2
600894.SH,20260921,7.5,7.49,7.51,7.49,881700.0,6605512.96,7.49
600895.SH,20260921,28.42,28.42,28.42,28.42,97800.0,2779475.84,28.42
600897.SH,20260921,15.19,15.19,15.19,15.19,15500.0,235445.0,15.19
600900.SH,20260921,28.16,28.16,28.16,28.16,560100.0,15772416.0,28.16
600901.SH,20260921,6.67,6.67,6.67,6.67,135300.0,902451.04,6.67
600903.SH,20260921,6.57,6.57,6.58,6.56,649500.0,4267162.88,6.57
600905.SH,20260921,3.63,3.63,3.63,3.63,1008900.0,3662306.88,3.63
600906.SH,20260921,6.44,6.44,6.44,6.44,102400.0,659456.0,6.44
600908.SH,20260921,5.75,5.75,5.76,5.75,83500.0,480159.0,5.75
600909.SH,20260921,7.93,7.93,7.93,7.93,981600.0,7784088.32,7.93
600916.SH,20260921,7.49,7.49,7.49,7.49,167700.0,1256072.96,7.49
600917.SH,20260921,4.86,4.86,4.86,4.86,15900.0,77274.0,4.86
600918.SH,20260921,5.45,5.45,5.45,5.45,238900.0,1302004.96,5.45
600919.SH,20260921,12.12,12.13,12.14,12.11,327300.0,3969671.04,12.13
600925.SH,20260921,4.11,4.11,4.11,4.11,8800.0,36168.0,4.11
600926.SH,20260921,17.19,17.19,17.19,17.19,352200.0,6054318.08,17.19
600927.SH,20260921,12.28,12.28,12.28,12.24,29700.0,363931.0,12.25
600928.SH,20260921,3.5,3.5,3.5,3.5,248700.0,870450.0,3.5
600929.SH,20260921,6.04,6.04,6.04,6.04,1356200.0,8191448.32,6.04
600930.SH,20260921,3.98,3.98,3.98,3.98,1020500.0,4061590.08,3.98
600933.SH,20260921,13.93,13.93,13.93,13.93,162500.0,2263624.96,13.93
600935.SH,20260921,2.32,2.31,2.32,2.31,115200.0,266138.0,2.31
600936.SH,20260921,4.58,4.58,4.58,4.58,121700.0,557386.0,4.58
600938.SH,20260921,32.01,32.01,32.01,32.01,304600.0,9750245.76,32.01
600939.SH,20260921,2.64,2.64,2.64,2.63,71000.0,187339.0,2.64
600941.SH,20260921,96.86,96.85,96.86,96.8,46100.0,4464778.88,96.85
600955.SH,20260921,12.37,12.37,12.37,12.37,3000.0,37110.0,12.37
600956.SH,20260921,7.21,7.21,7.21,7.21,12100.0,87241.0,7.21
600958.SH,20260921,8.83,8.83,8.83,8.83,168700.0,1489620.96,8.83
600959.SH,20260921,3.13,3.13,3.13,3.13,73700.0,230681.0,3.13
600960.SH,20260921,3.89,3.89,3.89,3.89,65700.0,255573.0,3.89
600961.SH,20260921,25.59,25.59,25.59,25.59,184100.0,4711119.04,25.59
600962.SH,20260921,26.3,26.3,26.3,26.3,8400.0,220920.0,26.3
600963.SH,20260921,3.39,3.39,3.4,3.39,109400.0,370910.0,3.39
600965.SH,20260921,2.72,2.72,2.72,2.72,10100.0,27472.0,2.72
600966.SH,20260921,4.96,4.96,4.96,4.96,34000.0,168640.0,4.96
600967.SH,20260921,13.66,13.66,13.66,13.66,930600.0,12711996.16,13.66
600968.SH,20260921,3.92,3.93,3.93,3.92,161400.0,633831.0,3.93
600969.SH,20260921,9.85,9.85,9.85,9.85,71600.0,705260.0,9.85
600970.SH,20260921,7.71,7.71,7.71,7.71,20100.0,154971.0,7.71
600971.SH,20260921,8.32,8.32,8.32,8.32,5400.0,44928.0,8.32
600973.SH,20260921,6.1,6.11,6.11,6.1,56000.0,342128.0,6.11
600975.SH,20260921,5.18,5.18,5.18,5.18,651600.0,3375288.0,5.18
600976.SH,20260921,26.4,26.4,26.4,26.4,2500.0,66000.0,26.4
600977.SH,20260921,12.93,12.93,12.93,12.93,62500.0,808124.96,12.93
600979.SH,20260921,4.03,4.02,4.03,4.02,49500.0,199015.0,4.02
600980.SH,20260921,18.87,18.87,18.87,18.87,2100.0,39627.0,18.87
600981.SH,20260921,2.39,2.39,2.39,2.39,20800.0,49712.0,2.39
600982.SH,20260921,5.2,5.2,5.2,5.2,63800.0,331760.0,5.2
600983.SH,20260921,7.42,7.41,7.42,7.4,18400.0,136371.0,7.41
600984.SH,20260921,3.53,3.53,3.53,3.53,159800.0,564094.0,3.53
600985.SH,20260921,16.3,16.3,16.3,16.3,72912.0,1188466.0,16.3
600986.SH,20260921,7.14,7.14,7.14,7.14,105900.0,756126.0,7.14
600987.SH,20260921,6.36,6.36,6.36,6.36,38183.0,242844.0,6.36
600988.SH,20260921,43.85,43.85,43.85,43.85,159800.0,7007230.08,43.85
600989.SH,20260921,23.3,23.3,23.3,23.3,221600.0,5163280.0,23.3
600990.SH,20260921,17.99,17.99,17.99,17.99,5900.0,106141.0,17.99
600992.SH,20260921,9.74,9.76,9.76,9.66,58200.0,567654.0,9.75
600993.SH,20260921,22.66,22.66,22.66,22.66,3200.0,72512.0,22.66
600995.SH,20260921,12.31,12.31,12.31,12.31,24200.0,297902.0,12.31
600996.SH,20260921,6.92,6.92,6.92,6.92,76100.0,526612.0,6.92
600997.SH,20260921,5.14,5.15,5.15,5.14,33600.0,173039.0,5.15
600998.SH,20260921,5.0,5.0,5.0,5.0,76000.0,380000.0,5.0
600999.SH,20260921,17.6,17.6,17.6,17.6,215700.0,3796320.0,17.6
601000.SH,20260921,4.47,4.47,4.47,4.47,67184.0,300312.0,4.47
601001.SH,20260921,16.7,16.75,16.75,16.7,40100.0,671635.04,16.75
601002.SH,20260921,5.25,5.25,5.25,5.25,32000.0,168000.0,5.25
601003.SH,20260921,3.57,3.57,3.57,3.57,67700.0,241689.0,3.57
601005.SH,20260921,1.2,1.2,1.2,1.2,254400.0,305280.0,1.2
601006.SH,20260921,4.7,4.7,4.71,4.7,251600.0,1182550.0,4.7
601007.SH,20260921,6.75,6.75,6.75,6.75,7900.0,53325.0,6.75
601008.SH,20260921,4.43,4.43,4.43,4.43,71800.0,318074.0,4.43
601009.SH,20260921,11.76,11.76,11.76,11.76,69500.0,817320.0,11.76
601010.SH,20260921,1.47,1.47,1.47,1.47,31800.0,46746.0,1.47
601011.SH,20260921,2.9,2.9,2.9,2.9,75300.0,218370.0,2.9
601012.SH,20260921,11.2,11.2,11.2,11.2,476200.0,5333440.0,11.2
601015.SH,20260921,3.58,3.58,3.58,3.58,326800.0,1169944.0,3.58
601016.SH,20260921,3.4,3.4,3.4,3.4,391600.0,1331440.0,3.4
601018.SH,20260921,3.41,3.41,3.41,3.41,233100.0,794871.04,3.41
601019.SH,20260921,6.74,6.74,6.74,6.74,20400.0,137496.0,6.74
601020.SH,20260921,21.49,21.49,21.49,21.49,139000.0,2987110.08,21.49
601021.SH,20260921,42.2,42.15,42.26,42.15,27100.0,1142672.0,42.17
601022.SH,20260921,8.8,8.8,8.8,8.8,465200.0,4093760.0,8.8
601026.SH,20260921,15.83,15.83,15.83,15.83,403100.0,6381073.28,15.83
601033.SH,20260921,14.4,14.4,14.4,14.4,10500.0,151200.0,14.4
601038.SH,20260921,14.35,14.35,14.35,14.35,45600.0,654360.0,14.35
601058.SH,20260921,13.85,13.85,13.85,13.85,77500.0,1073375.04,13.85
601059.SH,20260921,15.56,15.56,15.56,15.56,0.0,0.0,15.56
601061.SH,20260921,11.62,11.62,11.62,11.62,50200.0,583324.0,11.62
601065.SH,20260921,6.69,6.69,6.69,6.69,12900.0,86301.0,6.69
601066.SH,20260921,23.65,23.65,23.65,23.65,38900.0,919984.96,23.65
601068.SH,20260921,4.4,4.4,4.4,4.4,21200.0,93280.0,4.4
601069.SH,20260921,27.96,27.96,27.96,27.96,149000.0,4166040.0,27.96
601077.SH,20260921,6.54,6.54,6.54,6.54,217300.0,1421142.08,6.54
601083.SH,20260921,12.56,12.56,12.56,12.56,76100.0,955816.0,12.56
601086.SH,20260921,16.7,16.57,16.75,16.57,3834499.84,63546572.8,16.57
601088.SH,20260921,46.18,46.18,46.18,46.18,93700.0,4327065.92,46.18
601089.SH,20260921,15.84,15.88,15.89,15.84,12300.0,195133.0,15.86
601091.SH,20260921,30.0,30.0,30.0,30.0,5949500.16,178485002.24,30.0
601096.SH,20260921,4.13,4.1,4.13,4.1,50400.0,206709.0,4.1
601098.SH,20260921,10.3,10.3,10.3,10.3,84900.0,874470.0,10.3
601099.SH,20260921,3.47,3.47,3.47,3.47,642600.0,2229822.08,3.47
601100.SH,20260921,93.0,93.0,93.0,93.0,44400.0,4129200.0,93.0
601101.SH,20260921,12.81,12.82,12.82,12.81,41800.0,535869.0,12.82
601106.SH,20260921,3.02,3.02,3.02,3.02,91500.0,276330.0,3.02
601107.SH,20260921,5.96,5.96,5.96,5.96,51400.0,306344.0,5.96
601108.SH,20260921,8.46,8.46,8.46,8.46,184200.0,1558332.0,8.46
601111.SH,20260921,5.87,5.86,5.87,5.86,302100.0,1770584.96,5.86
601112.SH,20260921,16.67,16.67,16.67,16.67,258100.0,4302527.04,16.67
601113.SH,20260921,3.4,3.4,3.4,3.4,101000.0,343400.0,3.4
601116.SH,20260921,10.03,10.03,10.03,10.03,101900.0,1022056.96,10.03
601117.SH,20260921,7.2,7.2,7.2,7.2,137400.0,989280.0,7.2
601118.SH,20260921,6.14,6.14,6.14,6.14,460600.0,2828083.84,6.14
601121.SH,20260921,7.21,7.21,7.21,7.21,10300.0,74263.0,7.21
601123.SH,20260921,19.31,19.31,19.31,19.31,3854855.04,74437248.0,19.31
601126.SH,20260921,41.41,41.35,41.5,41.35,125400.0,5185750.08,41.35
601127.SH,20260921,47.19,47.19,47.19,47.19,171900.0,8111960.96,47.19
601128.SH,20260921,6.26,6.26,6.26,6.26,152700.0,955902.0,6.26
601133.SH,20260921,26.18,26.18,26.18,26.18,523700.0,13710466.56,26.18
601136.SH,20260921,14.26,14.26,14.26,14.23,71700.0,1022394.0,14.26
601137.SH,20260921,20.59,20.59,20.59,20.59,66900.0,1377471.04,20.59
601138.SH,20260921,63.99,63.99,63.99,63.99,1109300.0,70984104.96,63.99
601139.SH,20260921,6.34,6.34,6.34,6.34,44800.0,284032.0,6.34
601155.SH,20260921,12.0,12.0,12.01,11.99,619600.0,7435235.84,12.0
601156.SH,20260921,18.04,18.04,18.04,18.04,9000.0,162360.0,18.04
601158.SH,20260921,4.02,4.02,4.02,4.02,90500.0,363810.0,4.02
601162.SH,20260921,3.64,3.64,3.64,3.64,484600.0,1763944.0,3.64
601163.SH,20260921,12.42,12.42,12.42,12.42,2100.0,26082.0,12.42
601166.SH,20260921,17.76,17.76,17.76,17.76,352500.0,6260400.0,17.76
601168.SH,20260921,36.03,36.03,36.03,36.03,348200.0,12545646.08,36.03
601169.SH,20260921,5.51,5.51,5.51,5.51,1267600.0,6984476.16,5.51
601177.SH,20260921,13.65,13.64,13.65,13.64,11900.0,162318.0,13.64
601179.SH,20260921,12.3,12.3,12.3,12.3,286200.0,3520259.84,12.3
601186.SH,20260921,6.02,6.02,6.02,6.02,76300.0,459326.0,6.02
601187.SH,20260921,6.85,6.85,6.85,6.85,254400.0,1742640.0,6.85
601188.SH,20260921,2.85,2.85,2.85,2.85,126600.0,360810.0,2.85
601198.SH,20260921,13.06,13.06,13.06,13.06,0.0,0.0,13.06
601199.SH,20260921,6.57,6.57,6.57,6.57,96500.0,634005.0,6.57
601200.SH,20260921,6.83,6.83,6.83,6.83,5500.0,37565.0,6.83
601208.SH,20260921,52.09,52.05,52.26,52.02,597330.0,31095232.0,52.06
601211.SH,20260921,17.59,17.59,17.59,17.59,180900.0,3182031.04,17.59
601212.SH,20260921,6.2,6.2,6.2,6.2,4267299.84,26457259.52,6.2
601216.SH,20260921,4.61,4.61,4.61,4.61,107300.0,494653.0,4.61
601218.SH,20260921,5.47,5.43,5.49,5.43,3563900.16,19362560.0,5.43
601222.SH,20260921,5.95,5.95,5.95,5.95,163600.0,973420.0,5.95
601225.SH,20260921,25.1,25.1,25.1,25.1,182520.0,4581251.84,25.1
601226.SH,20260921,6.61,6.61,6.61,6.61,33600.0,222096.0,6.61
601228.SH,20260921,3.07,3.07,3.07,3.07,16600.0,50962.0,3.07
601229.SH,20260921,9.55,9.55,9.55,9.55,570156.0,5444990.08,9.55
601231.SH,20260921,27.01,27.01,27.01,27.01,94400.0,2549744.0,27.01
601233.SH,20260921,23.8,23.8,23.8,23.8,79700.0,1896860.0,23.8
601236.SH,20260921,6.73,6.72,6.74,6.72,14200.0,95449.0,6.72
601238.SH,20260921,5.09,5.09,5.09,5.09,0.0,0.0,5.09
601279.SH,20260921,3.48,3.48,3.48,3.48,44500.0,154860.0,3.48
601288.SH,20260921,6.79,6.79,6.79,6.79,2153200.0,14620227.84,6.79
601298.SH,20260921,9.59,9.62,9.62,9.59,46000.0,442494.0,9.62
601311.SH,20260921,7.41,7.41,7.41,7.41,22500.0,166725.0,7.41
601318.SH,20260921,53.3,53.3,53.3,53.3,301200.0,16053959.68,53.3
601319.SH,20260921,7.82,7.82,7.82,7.82,728900.0,5699998.08,7.82
601326.SH,20260921,3.51,3.51,3.52,3.51,68200.0,239392.0,3.51
601328.SH,20260921,7.45,7.45,7.45,7.45,1170700.0,8721715.2,7.45
601330.SH,20260921,8.32,8.32,8.32,8.32,42100.0,350272.0,8.32
601333.SH,20260921,3.1,3.1,3.1,3.1,247600.0,767560.0,3.1
601336.SH,20260921,58.05,58.0,58.08,57.9,92100.0,5341632.0,58.0
601339.SH,20260921,7.3,7.3,7.3,7.3,29100.0,212430.0,7.3
601360.SH,20260921,8.79,8.79,8.79,8.79,504900.0,4438071.04,8.79
601366.SH,20260921,3.61,3.61,3.61,3.61,20900.0,75449.0,3.61
601368.SH,20260921,4.46,4.46,4.46,4.46,62500.0,278750.0,4.46
601369.SH,20260921,8.83,8.83,8.83,8.83,1807849.92,15963316.48,8.83
601375.SH,20260921,3.99,3.99,3.99,3.99,414400.0,1653456.0,3.99
601377.SH,20260921,5.92,5.92,5.92,5.92,107200.0,634624.0,5.92
601388.SH,20260921,3.26,3.25,3.26,3.25,73600.0,239213.0,3.25
601390.SH,20260921,4.29,4.29,4.29,4.29,410700.0,1761903.04,4.29
601398.SH,20260921,8.06,8.06,8.06,8.06,2416300.0,19475377.92,8.06
601399.SH,20260921,3.19,3.19,3.19,3.19,65200.0,207988.0,3.19
601456.SH,20260921,8.64,8.64,8.64,8.64,29300.0,253152.0,8.64
601500.SH,20260921,3.88,3.88,3.88,3.88,9900.0,38412.0,3.88
601512.SH,20260921,8.34,8.34,8.34,8.34,22400.0,186816.0,8.34
601515.SH,20260921,3.31,3.31,3.31,3.31,29000.0,95990.0,3.31
601518.SH,20260921,2.77,2.78,2.78,2.77,54300.0,150918.0,2.78
601519.SH,20260921,8.38,8.38,8.38,8.38,206600.0,1731308.0,8.38
601528.SH,20260921,4.98,4.98,4.98,4.98,126500.0,629970.0,4.98
601555.SH,20260921,8.28,8.28,8.28,8.28,69900.0,578772.0,8.28
601566.SH,20260921,9.02,9.02,9.02,9.02,226900.0,2046638.08,9.02
601567.SH,20260921,14.26,14.26,14.26,14.26,60700.0,865582.0,14.26
601568.SH,20260921,3.64,3.64,3.64,3.64,13100.0,47684.0,3.64
601577.SH,20260921,9.75,9.75,9.75,9.75,42700.0,416325.0,9.75
601579.SH,20260921,33.5,33.5,33.5,33.5,921300.0,30863549.44,33.5
601588.SH,20260921,1.71,1.71,1.71,1.71,110600.0,189126.0,1.71
601595.SH,20260921,24.51,24.51,24.51,24.51,236900.0,5806419.2,24.51
601598.SH,20260921,6.47,6.47,6.47,6.47,28100.0,181807.0,6.47
601599.SH,20260921,3.25,3.25,3.25,3.25,120600.0,391950.0,3.25
601600.SH,20260921,9.35,9.35,9.35,9.35,807700.0,7551994.88,9.35
601601.SH,20260921,32.0,32.0,32.0,32.0,165900.0,5308800.0,32.0
601606.SH,20260921,32.77,32.77,32.77,32.77,94625.0,3100861.12,32.77
601607.SH,20260921,15.96,15.96,15.96,15.96,23900.0,381444.0,15.96
601608.SH,20260921,4.7,4.7,4.7,4.7,48200.0,226540.0,4.7
601609.SH,20260921,13.2,13.2,13.2,13.2,126700.0,1672440.0,13.2
601611.SH,20260921,10.41,10.41,10.41,10.41,67500.0,702675.04,10.41
601615.SH,20260921,9.74,9.74,9.74,9.74,90200.0,878548.0,9.74
601616.SH,20260921,3.8,3.8,3.8,3.8,17900.0,68020.0,3.8
601618.SH,20260921,2.53,2.53,2.53,2.53,128800.0,325864.0,2.53
601619.SH,20260921,4.09,4.09,4.09,4.09,63200.0,258488.0,4.09
601628.SH,20260921,37.61,37.61,37.61,37.61,185900.0,6991699.2,37.61
601633.SH,20260921,14.05,14.05,14.05,14.05,59800.0,840190.0,14.05
601636.SH,20260921,5.54,5.54,5.54,5.54,170900.0,946786.0,5.54
601658.SH,20260921,5.32,5.32,5.32,5.32,767300.0,4082035.84,5.32
601665.SH,20260921,6.86,6.86,6.86,6.86,96000.0,658560.0,6.86
601666.SH,20260921,8.8,8.8,8.8,8.8,66300.0,583440.0,8.8
601668.SH,20260921,4.27,4.27,4.27,4.27,567300.0,2422371.04,4.27
601669.SH,20260921,4.6,4.6,4.6,4.6,379300.0,1744780.0,4.6
601677.SH,20260921,16.91,16.91,16.91,16.91,30200.0,510682.0,16.91
601678.SH,20260921,5.98,5.98,5.98,5.98,252100.0,1507558.08,5.98
601686.SH,20260921,5.09,5.09,5.09,5.09,19800.0,100782.0,5.09
601688.SH,20260921,18.36,18.36,18.36,18.36,171800.0,3154248.0,18.36
601689.SH,20260921,45.5,45.5,45.5,45.5,260800.0,11866400.0,45.5
601696.SH,20260921,11.3,11.3,11.3,11.3,65700.0,742410.0,11.3
601698.SH,20260921,24.22,24.22,24.22,24.22,72800.0,1763216.0,24.22
601699.SH,20260921,15.18,15.18,15.18,15.18,67100.0,1018578.0,15.18
601700.SH,20260921,6.31,6.31,6.31,6.31,503800.0,3178977.92,6.31
601702.SH,20260921,15.07,15.07,15.07,15.07,4300.0,64801.0,15.07
601717.SH,20260921,13.87,13.87,13.87,13.87,44200.0,613054.0,13.87
601718.SH,20260921,1.97,1.97,1.97,1.97,443500.0,873695.04,1.97
601727.SH,20260921,6.46,6.46,6.46,6.46,420100.0,2713846.08,6.46
601728.SH,20260921,6.18,6.18,6.18,6.18,128400.0,793512.0,6.18
601766.SH,20260921,6.0,6.0,6.0,6.0,212900.0,1277400.0,6.0
601777.SH,20260921,7.8,7.8,7.8,7.8,44400.0,346320.0,7.8
601778.SH,20260921,3.56,3.56,3.56,3.56,248500.0,884660.0,3.56
601788.SH,20260921,13.97,13.97,13.97,13.97,65500.0,915035.04,13.97
601789.SH,20260921,4.14,4.14,4.14,4.14,29500.0,122130.0,4.14
601798.SH,20260921,7.46,7.46,7.46,7.46,15100.0,112646.0,7.46
601799.SH,20260921,72.78,72.78,72.78,72.78,12400.0,902472.0,72.78
601800.SH,20260921,5.84,5.84,5.84,5.84,62100.0,362664.0,5.84
601801.SH,20260921,5.71,5.71,5.71,5.71,2175900.0,12424389.12,5.71
601808.SH,20260921,12.13,12.13,12.13,12.13,75200.0,912176.0,12.13
601811.SH,20260921,14.5,14.5,14.5,14.5,4986600.0,72305694.72,14.5
601816.SH,20260921,4.75,4.75,4.75,4.75,585600.0,2781600.0,4.75
601818.SH,20260921,3.02,3.02,3.02,3.02,1494200.0,4512483.84,3.02
601825.SH,20260921,8.75,8.75,8.75,8.75,61400.0,537250.0,8.75
601827.SH,20260921,7.9,7.9,7.9,7.9,8800.0,69520.0,7.9
601828.SH,20260921,2.14,2.14,2.14,2.14,124100.0,265574.0,2.14
601838.SH,20260921,19.04,19.04,19.04,19.04,237700.0,4525808.0,19.04
601857.SH,20260921,10.52,10.52,10.52,10.52,608600.0,6402471.68,10.52
601858.SH,20260921,20.38,20.38,20.38,20.38,80000.0,1630400.0,20.38
601860.SH,20260921,2.57,2.57,2.57,2.57,289200.0,743244.0,2.57
601865.SH,20260921,9.29,9.29,9.29,9.29,68600.0,637294.0,9.29
601866.SH,20260921,2.47,2.47,2.47,2.47,151000.0,372970.0,2.47
601868.SH,20260921,2.43,2.43,2.43,2.43,732372.96,1779665.92,2.43
601869.SH,20260921,460.0,460.0,460.0,460.0,101000.0,46460001.28,460.0
601872.SH,20260921,22.14,22.14,22.14,22.14,1822100.0,40341296.64,22.14
601877.SH,20260921,25.2,25.2,25.2,25.2,43000.0,1083600.0,25.2
601878.SH,20260921,9.08,9.08,9.08,9.08,24500.0,222460.0,9.08
601880.SH,20260921,1.46,1.46,1.46,1.46,168500.0,246010.0,1.46
601881.SH,20260921,12.07,12.07,12.07,12.07,85000.0,1025950.0,12.07
601882.SH,20260921,22.66,22.66,22.66,22.66,35500.0,804430.0,22.66
601886.SH,20260921,13.41,13.41,13.41,13.41,74600.0,1000386.0,13.41
601888.SH,20260921,51.98,51.98,51.98,51.98,127400.0,6622252.16,51.98
601890.SH,20260921,9.79,9.79,9.79,9.79,516300.0,5054576.96,9.79
601898.SH,20260921,13.78,13.78,13.78,13.78,208300.0,2870374.08,13.78
601899.SH,20260921,31.48,31.48,31.48,31.48,1328200.0,41811735.04,31.48
601900.SH,20260921,12.19,12.19,12.19,12.19,39700.0,483943.0,12.19
601901.SH,20260921,6.84,6.84,6.84,6.84,133700.0,914508.0,6.84
601908.SH,20260921,2.96,2.96,2.96,2.96,61700.0,182632.0,2.96
601916.SH,20260921,2.91,2.91,2.91,2.91,547700.0,1593807.04,2.91
601918.SH,20260921,10.25,10.25,10.25,10.25,35400.0,362850.0,10.25
601919.SH,20260921,16.1,16.1,16.1,16.1,318300.0,5124630.08,16.1
601921.SH,20260921,7.43,7.43,7.43,7.43,68900.0,511927.0,7.43
601928.SH,20260921,8.27,8.27,8.27,8.27,56100.0,463947.0,8.27
601929.SH,20260921,2.43,2.43,2.43,2.43,650200.0,1579985.92,2.43
601933.SH,20260921,3.03,3.03,3.03,3.03,1086500.0,3292095.04,3.03
601939.SH,20260921,10.78,10.77,10.78,10.77,701256.0,7552542.72,10.77
601949.SH,20260921,6.23,6.23,6.23,6.23,890200.0,5545946.24,6.23
601952.SH,20260921,9.54,9.54,9.54,9.54,183700.0,1752497.92,9.54
601956.SH,20260921,4.81,4.81,4.81,4.81,2900.0,13949.0,4.81
601958.SH,20260921,20.52,20.52,20.52,20.52,120800.0,2478816.0,20.52
601963.SH,20260921,10.85,10.85,10.85,10.85,49300.0,534905.0,10.85
601965.SH,20260921,13.25,13.25,13.25,13.25,54000.0,715500.0,13.25
601966.SH,20260921,10.43,10.43,10.43,10.43,22600.0,235718.0,10.43
601968.SH,20260921,4.52,4.52,4.52,4.52,31400.0,141928.0,4.52
601969.SH,20260921,9.26,9.26,9.26,9.26,34700.0,321322.0,9.26
601975.SH,20260921,4.65,4.65,4.65,4.65,1759000.0,8179349.76,4.65
601985.SH,20260921,8.93,8.93,8.93,8.93,192300.0,1717239.04,8.93
601988.SH,20260921,6.52,6.52,6.52,6.52,1806800.0,11780336.64,6.52
601990.SH,20260921,6.65,6.65,6.65,6.65,49800.0,331170.0,6.65
601991.SH,20260921,5.58,5.58,5.58,5.58,839300.0,4683294.08,5.58
601992.SH,20260921,1.4,1.4,1.4,1.4,73200.0,102480.0,1.4
601995.SH,20260921,31.8,31.8,31.8,31.8,0.0,0.0,31.8
601996.SH,20260921,3.0,3.0,3.0,3.0,96900.0,290700.0,3.0
601997.SH,20260921,5.57,5.57,5.57,5.57,106900.0,595433.0,5.57
601998.SH,20260921,8.94,8.94,8.94,8.94,343100.0,3067313.92,8.94
601999.SH,20260921,7.05,7.05,7.05,7.05,1199100.0,8453655.04,7.05
603000.SH,20260921,17.55,17.55,17.55,17.55,355700.0,6242535.04,17.55
603001.SH,20260921,10.59,10.59,10.59,10.59,560500.0,5935694.72,10.59
603002.SH,20260921,19.3,19.3,19.3,19.3,438900.0,8470769.92,19.3
603004.SH,20260921,18.81,18.81,18.81,18.81,16100.0,302841.0,18.81
603005.SH,20260921,30.8,30.8,30.8,30.8,145300.0,4475240.0,30.8
603006.SH,20260921,10.62,10.62,10.62,10.62,23000.0,244260.0,10.62
603007.SH,20260921,4.69,4.69,4.69,4.69,17600.0,82544.0,4.69
603008.SH,20260921,9.85,9.85,9.85,9.85,297500.0,2930375.04,9.85
603009.SH,20260921,49.29,49.29,49.29,49.29,120500.0,5939445.12,49.29
603010.SH,20260921,12.37,12.37,12.37,12.37,41100.0,508407.0,12.37
603011.SH,20260921,27.43,27.43,27.43,27.43,99200.0,2721056.0,27.43
603012.SH,20260921,9.15,9.15,9.15,9.13,54700.0,500481.0,9.15
603013.SH,20260921,14.33,14.33,14.33,14.33,6400.0,91712.0,14.33
603014.SH,20260921,31.2,31.2,31.2,31.2,6300.0,196560.0,31.2
603015.SH,20260921,10.72,10.72,10.72,10.72,27700.0,296944.0,10.72
603016.SH,20260921,31.35,31.35,31.35,31.35,463100.0,14518184.96,31.35
603017.SH,20260921,9.8,9.8,9.8,9.8,11500.0,112700.0,9.8
603018.SH,20260921,5.14,5.14,5.14,5.14,102196.0,525287.0,5.14
603019.SH,20260921,84.62,84.62,84.62,84.62,137700.0,11652174.08,84.62
603020.SH,20260921,11.42,11.43,11.43,11.42,109000.0,1245856.96,11.43
603021.SH,20260921,5.41,5.41,5.41,5.41,55500.0,300255.0,5.41
603022.SH,20260921,8.66,8.66,8.66,8.66,48000.0,415680.0,8.66
603023.SH,20260921,4.17,4.17,4.17,4.17,140700.0,586719.0,4.17
603025.SH,20260921,13.56,13.56,13.56,13.56,14500.0,196620.0,13.56
603026.SH,20260921,61.19,61.19,61.19,61.19,19700.0,1205443.04,61.19
603027.SH,20260921,7.27,7.27,7.27,7.27,20500.0,149035.0,7.27
603028.SH,20260921,6.79,6.79,6.79,6.79,33500.0,227465.0,6.79
603029.SH,20260921,16.72,16.72,16.72,16.72,32700.0,546744.0,16.72
603030.SH,20260921,2.08,2.08,2.08,2.08,96300.0,200304.0,2.08
603031.SH,20260921,42.79,42.79,42.79,42.79,10245.0,438384.0,42.79
603032.SH,20260921,18.72,18.72,18.72,18.72,9400.0,175968.0,18.72
603033.SH,20260921,7.33,7.33,7.33,7.33,92600.0,678758.0,7.33
603035.SH,20260921,10.21,10.21,10.21,10.21,5500.0,56155.0,10.21
603036.SH,20260921,13.4,13.4,13.4,13.4,12000.0,160800.0,13.4
603037.SH,20260921,9.89,9.89,9.89,9.89,31700.0,313513.0,9.89
603038.SH,20260921,17.34,17.24,17.34,17.24,78200.0,1348543.04,17.25
603039.SH,20260921,36.5,36.5,36.5,36.5,152700.0,5573550.08,36.5
603040.SH,20260921,47.47,47.47,47.47,47.47,26570.0,1261278.0,47.47
603041.SH,20260921,10.93,10.93,10.93,10.93,16600.0,181438.0,10.93
603042.SH,20260921,17.25,17.25,17.25,17.25,332700.0,5739075.2,17.25
603043.SH,20260921,13.17,13.17,13.17,13.17,8200.0,107994.0,13.17
603045.SH,20260921,51.89,52.07,52.08,51.89,87700.0,4565445.12,52.06
603048.SH,20260921,24.5,24.5,24.5,24.5,22200.0,543900.0,24.5
603049.SH,20260921,45.15,45.15,45.15,45.14,2100.0,94813.0,45.15
603050.SH,20260921,18.09,18.09,18.09,18.09,2500.0,45225.0,18.09
603051.SH,20260921,25.66,25.66,25.66,25.66,70600.0,1811596.0,25.66
603052.SH,20260921,60.37,60.37,60.37,60.37,18200.0,1098734.0,60.37
603053.SH,20260921,8.72,8.72,8.72,8.72,23400.0,204048.0,8.72
603055.SH,20260921,9.4,9.4,9.4,9.4,6400.0,60160.0,9.4
603057.SH,20260921,18.45,18.45,18.45,18.45,25400.0,468630.0,18.45
603058.SH,20260921,8.8,8.8,8.8,8.8,99900.0,879120.0,8.8
603059.SH,20260921,24.6,24.55,24.6,24.55,33900.0,832262.0,24.55
603060.SH,20260921,5.41,5.41,5.41,5.41,15200.0,82232.0,5.41
603061.SH,20260921,355.0,355.0,355.0,355.0,25950.0,9212250.24,355.0
603062.SH,20260921,36.62,36.62,36.62,36.62,500.0,18310.0,36.62
603063.SH,20260921,30.7,30.7,30.7,30.7,47000.0,1442900.0,30.7
603065.SH,20260921,14.26,14.26,14.26,14.26,133500.0,1903710.08,14.26
603066.SH,20260921,9.05,9.05,9.05,9.05,41900.0,379195.0,9.05
603067.SH,20260921,35.41,35.41,35.41,35.41,35300.0,1249972.96,35.41
603068.SH,20260921,40.78,40.79,40.8,40.5,432600.0,17635982.08,40.77
603069.SH,20260921,14.0,14.0,14.0,14.0,103100.0,1443400.0,14.0
603070.SH,20260921,11.6,11.6,11.6,11.6,15500.0,179800.0,11.6
603071.SH,20260921,12.36,12.36,12.36,12.36,17800.0,220008.0,12.36
603072.SH,20260921,30.45,30.45,30.45,30.45,1800.0,54810.0,30.45
603073.SH,20260921,15.88,15.88,15.88,15.88,11000.0,174680.0,15.88
603075.SH,20260921,19.7,19.73,19.73,19.7,24600.0,485328.0,19.73
603076.SH,20260921,19.58,19.58,19.58,19.58,8800.0,172304.0,19.58
603077.SH,20260921,2.26,2.25,2.26,2.25,555700.0,1250528.0,2.25
603078.SH,20260921,33.26,33.26,33.26,33.26,48400.0,1609784.0,33.26
603079.SH,20260921,12.79,12.79,12.79,12.79,12100.0,154759.0,12.79
603080.SH,20260921,19.48,19.48,19.48,19.48,7900.0,153892.0,19.48
603081.SH,20260921,9.5,9.5,9.5,9.5,34300.0,325850.0,9.5
603082.SH,20260921,51.4,51.4,51.4,51.4,194400.0,9992160.0,51.4
603083.SH,20260921,230.68,230.0,231.99,229.95,188412.0,43346396.16,230.06
603085.SH,20260921,9.84,9.84,9.84,9.84,56200.0,553008.0,9.84
603086.SH,20260921,5.75,5.75,5.75,5.75,7600.0,43700.0,5.75
603087.SH,20260921,69.02,69.02,69.02,69.02,16000.0,1104320.0,69.02
603088.SH,20260921,10.38,10.38,10.38,10.38,21900.0,227322.0,10.38
603089.SH,20260921,9.5,9.5,9.5,9.5,9900.0,94050.0,9.5
603090.SH,20260921,39.5,39.5,39.5,39.5,30200.0,1192900.0,39.5
603091.SH,20260921,47.0,47.0,47.0,47.0,700.0,32900.0,47.0
603092.SH,20260921,44.62,44.62,44.64,44.6,31046.0,1385275.04,44.62
603093.SH,20260921,12.72,12.72,12.72,12.72,61500.0,782280.0,12.72
603095.SH,20260921,14.34,14.34,14.34,14.34,18100.0,259554.0,14.34
603096.SH,20260921,15.64,15.64,15.64,15.64,23300.0,364412.0,15.64
603097.SH,20260921,18.5,18.5,18.5,18.5,700.0,12950.0,18.5
603098.SH,20260921,10.67,10.67,10.67,10.67,12400.0,132308.0,10.67
603099.SH,20260921,39.33,39.33,39.33,39.31,127700.0,5022423.04,39.33
603100.SH,20260921,18.09,18.09,18.09,18.09,12000.0,217080.0,18.09
603101.SH,20260921,7.41,7.43,7.43,7.41,8700.0,64625.0,7.43
603102.SH,20260921,35.8,35.8,35.8,35.8,7800.0,279240.0,35.8
603103.SH,20260921,16.6,16.6,16.6,16.6,95200.0,1580320.0,16.6
603105.SH,20260921,8.1,8.1,8.1,8.1,237200.0,1921320.0,8.1
603106.SH,20260921,7.68,7.68,7.68,7.68,237500.0,1824000.0,7.68
603107.SH,20260921,12.05,12.05,12.05,12.05,31500.0,379575.0,12.05
603108.SH,20260921,9.68,9.7,9.7,9.6,94700.0,918476.0,9.7
603109.SH,20260921,17.15,17.15,17.15,17.15,47600.0,816340.0,17.15
603110.SH,20260921,25.2,25.19,25.32,25.14,35500.0,894495.04,25.2
603111.SH,20260921,5.99,5.99,5.99,5.99,11200.0,67088.0,5.99
603112.SH,20260921,16.75,16.75,16.75,16.75,21100.0,353425.0,16.75
603113.SH,20260921,4.85,4.85,4.85,4.85,87300.0,423405.0,4.85
603115.SH,20260921,93.5,93.5,93.5,93.5,64000.0,5984000.0,93.5
603116.SH,20260921,6.55,6.55,6.55,6.55,110600.0,724430.0,6.55
603117.SH,20260921,3.92,3.92,3.92,3.92,21900.0,85848.0,3.92
603118.SH,20260921,18.35,18.35,18.35,18.35,2335600.0,42858260.48,18.35
603119.SH,20260921,55.0,55.1,55.4,55.0,67000.0,3691015.04,55.09
603120.SH,20260921,60.43,60.43,60.43,60.43,117600.0,7106567.68,60.43
603121.SH,20260921,12.36,12.36,12.36,12.36,9700.0,119892.0,12.36
603122.SH,20260921,13.66,13.66,13.66,13.66,1695700.0,23163261.44,13.66
603123.SH,20260921,9.96,9.96,9.96,9.96,707800.0,7049688.32,9.96
603124.SH,20260921,132.98,132.98,132.98,132.98,15600.0,2074488.0,132.98
603125.SH,20260921,24.01,24.01,24.01,24.01,10400.0,249704.0,24.01
603126.SH,20260921,6.23,6.23,6.23,6.23,23000.0,143290.0,6.23
603127.SH,20260921,46.39,46.38,46.57,46.36,582140.0,27010252.8,46.4
603128.SH,20260921,5.35,5.35,5.35,5.35,34900.0,186715.0,5.35
603129.SH,20260921,294.58,294.58,294.58,294.58,10000.0,2945800.0,294.58
603130.SH,20260921,38.5,38.5,38.5,38.5,3700.0,142450.0,38.5
603131.SH,20260921,13.96,13.96,13.96,13.96,19300.0,269428.0,13.96
603132.SH,20260921,18.08,18.08,18.08,18.08,55900.0,1010672.0,18.08
603135.SH,20260921,8.78,8.78,8.78,8.78,18300.0,160674.0,8.78
603136.SH,20260921,9.2,9.2,9.2,9.2,441300.0,4059960.0,9.2
603137.SH,20260921,20.5,20.6,20.6,20.33,315400.0,6492439.04,20.59
603138.SH,20260921,15.99,15.99,15.99,15.99,1377400.0,22024627.2,15.99
603139.SH,20260921,37.93,37.93,37.93,37.93,66100.0,2507172.96,37.93
603150.SH,20260921,68.95,68.95,68.95,68.95,5800.0,399910.0,68.95
603151.SH,20260921,16.71,16.69,16.71,16.69,14500.0,242079.0,16.7
603153.SH,20260921,13.15,13.15,13.15,13.15,5400.0,71010.0,13.15
603155.SH,20260921,15.25,15.1,15.25,15.1,159280.0,2407135.04,15.11
603156.SH,20260921,44.11,44.11,44.11,44.11,202100.0,8914631.04,44.11
603158.SH,20260921,10.4,10.41,10.41,10.4,23900.0,248738.0,10.41
603159.SH,20260921,22.39,22.39,22.39,22.39,100100.0,2241239.04,22.39
603160.SH,20260921,53.1,53.1,53.1,53.1,23358.0,1240310.0,53.1
603161.SH,20260921,15.22,15.22,15.22,15.22,5600.0,85232.0,15.22
603162.SH,20260921,13.9,13.9,13.96,13.9,367748.0,5111775.04,13.9
603163.SH,20260921,84.99,84.99,84.99,84.99,19300.0,1640307.04,84.99
603165.SH,20260921,13.5,13.5,13.5,13.5,40500.0,546750.0,13.5
603166.SH,20260921,11.02,11.02,11.02,11.02,37100.0,408842.0,11.02
603167.SH,20260921,8.07,8.07,8.07,8.07,8000.0,64560.0,8.07
603168.SH,20260921,5.7,5.7,5.7,5.7,102000.0,581400.0,5.7
603169.SH,20260921,6.21,6.21,6.21,6.21,29900.0,185679.0,6.21
603170.SH,20260921,11.87,11.87,11.87,11.87,18800.0,223156.0,11.87
603171.SH,20260921,39.86,39.66,39.86,39.66,78400.0,3110106.88,39.67
603172.SH,20260921,18.55,18.55,18.55,18.55,2900.0,53795.0,18.55
603173.SH,20260921,29.39,29.39,29.39,29.39,0.0,0.0,29.39
603175.SH,20260921,99.15,99.15,99.15,99.15,18700.0,1854104.96,99.15
603176.SH,20260921,5.15,5.15,5.15,5.15,44900.0,231235.0,5.15
603177.SH,20260921,11.34,11.34,11.34,11.34,82600.0,936684.0,11.34
603178.SH,20260921,15.83,15.83,15.83,15.83,25100.0,397333.0,15.83
603179.SH,20260921,39.92,39.92,39.92,39.92,40000.0,1596800.0,39.92
603180.SH,20260921,15.18,15.19,15.19,15.18,5200.0,78975.0,15.19
603181.SH,20260921,12.43,12.43,12.43,12.43,5300.0,65879.0,12.43
603182.SH,20260921,13.17,13.17,13.17,13.17,3700.0,48729.0,13.17
603183.SH,20260921,5.11,5.11,5.11,5.11,285900.0,1460948.96,5.11
603185.SH,20260921,14.47,14.47,14.47,14.47,125100.0,1810196.96,14.47
603186.SH,20260921,228.18,228.18,228.18,228.18,135300.0,30872755.2,228.18
603187.SH,20260921,10.75,10.75,10.75,10.75,7200.0,77400.0,10.75
603188.SH,20260921,4.48,4.48,4.48,4.48,23300.0,104384.0,4.48
603189.SH,20260921,9.57,9.57,9.57,9.57,1200.0,11484.0,9.57
603190.SH,20260921,15.57,15.57,15.57,15.57,18300.0,284931.0,15.57
603191.SH,20260921,13.58,13.58,13.58,13.58,57700.0,783566.0,13.58
603192.SH,20260921,20.16,20.16,20.16,20.16,2800.0,56448.0,20.16
603193.SH,20260921,19.99,19.99,19.99,19.99,7800.0,155922.0,19.99
603194.SH,20260921,33.63,33.63,33.63,33.63,1500.0,50445.0,33.63
603195.SH,20260921,38.1,38.1,38.1,38.1,2900.0,110490.0,38.1
603196.SH,20260921,19.25,19.25,19.25,19.25,8200.0,157850.0,19.25
603197.SH,20260921,28.93,28.88,28.93,28.88,9500.0,274385.0,28.88
603198.SH,20260921,37.44,37.44,37.44,37.44,16400.0,614016.0,37.44
603199.SH,20260921,32.8,32.8,32.8,32.8,1100.0,36080.0,32.8
603200.SH,20260921,39.57,39.57,39.57,39.57,71400.0,2825297.92,39.57
603201.SH,20260921,15.14,15.14,15.14,15.14,6600.0,99924.0,15.14
603202.SH,20260921,51.59,51.59,51.59,51.59,3800.0,196042.0,51.59
603203.SH,20260921,47.55,47.55,47.55,47.55,80200.0,3813510.08,47.55
603205.SH,20260921,21.85,21.85,21.85,21.85,25200.0,550620.0,21.85
603206.SH,20260921,13.6,13.6,13.6,13.6,5900.0,80240.0,13.6
603207.SH,20260921,23.95,23.95,23.95,23.95,36400.0,871780.0,23.95
603208.SH,20260921,10.78,10.78,10.78,10.78,8900.0,95942.0,10.78
603209.SH,20260921,14.6,14.6,14.6,14.6,7400.0,108040.0,14.6
603210.SH,20260921,13.03,13.03,13.03,13.03,8900.0,115967.0,13.03
603211.SH,20260921,20.17,20.17,20.17,20.17,24000.0,484080.0,20.17
603212.SH,20260921,11.94,11.94,11.94,11.94,79700.0,951618.0,11.94
603213.SH,20260921,13.46,13.46,13.46,13.46,48400.0,651464.0,13.46
603214.SH,20260921,13.12,13.11,13.12,13.11,10800.0,141589.0,13.11
603215.SH,20260921,14.08,14.08,14.08,14.08,11100.0,156288.0,14.08
603216.SH,20260921,19.95,19.95,19.95,19.95,88700.0,1769564.96,19.95
603217.SH,20260921,27.2,27.2,27.2,27.2,7700.0,209440.0,27.2
603218.SH,20260921,9.36,9.36,9.36,9.36,43400.0,406224.0,9.36
603219.SH,20260921,12.99,12.99,12.99,12.99,6400.0,83136.0,12.99
603220.SH,20260921,18.26,18.26,18.26,18.26,61200.0,1117512.0,18.26
603221.SH,20260921,31.65,31.65,31.65,31.65,283000.0,8956949.76,31.65
603222.SH,20260921,7.77,7.8,7.8,7.77,21400.0,166753.0,7.79
603223.SH,20260921,9.99,9.99,9.99,9.99,18400.0,183816.0,9.99
603225.SH,20260921,17.0,17.0,17.0,17.0,53500.0,909500.0,17.0
603226.SH,20260921,39.09,39.09,39.09,39.09,546000.0,21343139.84,39.09
603227.SH,20260921,7.44,7.44,7.44,7.44,5200.0,38688.0,7.44
603228.SH,20260921,106.44,106.02,106.51,106.02,403800.0,42826204.16,106.06
603229.SH,20260921,7.57,7.57,7.57,7.57,2400.0,18168.0,7.57
603230.SH,20260921,14.83,14.83,14.83,14.83,6456316.16,95747164.16,14.83
603231.SH,20260921,16.88,16.87,16.88,16.87,8200.0,138348.0,16.87
603232.SH,20260921,16.32,16.32,16.32,16.32,467100.0,7623072.0,16.32
603233.SH,20260921,18.38,18.38,18.38,18.38,9000.0,165420.0,18.38
603235.SH,20260921,24.94,24.94,24.94,24.94,2300.0,57362.0,24.94
603236.SH,20260921,72.1,72.1,72.1,72.1,104700.0,7548869.76,72.1
603237.SH,20260921,14.83,14.81,14.83,14.81,5700.0,84421.0,14.81
603238.SH,20260921,11.88,11.88,11.88,11.88,24200.0,287496.0,11.88
603239.SH,20260921,13.88,13.88,13.88,13.88,1300.0,18044.0,13.88
603248.SH,20260921,25.8,25.68,25.8,25.2,2467696.96,63334328.32,25.67
603255.SH,20260921,32.52,32.52,32.8,32.52,36300.0,1180904.0,32.53
603256.SH,20260921,150.0,150.0,150.0,150.0,337800.0,50669998.08,150.0
603257.SH,20260921,70.9,70.9,70.9,70.9,36100.0,2559489.92,70.9
603258.SH,20260921,13.05,13.05,13.05,13.05,24900.0,324945.0,13.05
603259.SH,20260921,161.98,161.99,162.0,161.8,421400.0,68259630.08,161.98
603260.SH,20260921,32.75,32.75,32.75,32.75,33300.0,1090575.04,32.75
603261.SH,20260921,52.47,52.47,52.47,52.47,2200.0,115434.0,52.47
603262.SH,20260921,18.17,18.2,18.2,18.17,5800.0,105533.0,18.2
603266.SH,20260921,16.93,16.86,16.93,16.85,126400.0,2131214.08,16.86
603267.SH,20260921,52.89,52.89,52.89,52.89,263500.0,13936514.56,52.89
603268.SH,20260921,209.9,209.9,209.9,209.9,46900.0,9844309.76,209.9
603269.SH,20260921,26.55,26.55,26.55,26.55,187000.0,4964849.92,26.55
603270.SH,20260921,36.66,36.82,36.82,36.5,30300.0,1115020.0,36.8
603271.SH,20260921,38.8,38.8,38.8,38.8,6000.0,232800.0,38.8
603272.SH,20260921,17.11,17.11,17.11,17.11,64900.0,1110439.04,17.11
603273.SH,20260921,14.35,14.35,14.35,14.35,36400.0,522340.0,14.35
603275.SH,20260921,36.43,36.43,36.43,36.43,13800.0,502734.0,36.43
603276.SH,20260921,17.98,17.98,17.98,17.98,25500.0,458490.0,17.98
603277.SH,20260921,11.21,11.21,11.21,11.21,20300.0,227563.0,11.21
603278.SH,20260921,9.05,9.05,9.05,9.05,11500.0,104075.0,9.05
603279.SH,20260921,11.17,11.16,11.17,11.16,19000.0,212063.0,11.16
603280.SH,20260921,25.88,25.88,25.88,25.88,2700.0,69876.0,25.88
603281.SH,20260921,18.64,18.64,18.64,18.64,6100.0,113704.0,18.64
603282.SH,20260921,16.13,16.13,16.13,16.13,9200.0,148396.0,16.13
603283.SH,20260921,47.88,47.86,47.88,47.8,95030.0,4548044.16,47.86
603284.SH,20260921,41.17,41.17,41.17,41.17,9600.0,395232.0,41.17
603285.SH,20260921,37.87,37.87,37.87,37.87,8500.0,321895.0,37.87
603286.SH,20260921,44.66,44.66,44.66,44.66,13800.0,616308.0,44.66
603288.SH,20260921,33.83,33.85,33.85,33.83,33600.0,1137320.0,33.85
603289.SH,20260921,9.55,9.55,9.55,9.55,11400.0,108870.0,9.55
603290.SH,20260921,89.1,89.1,89.1,89.1,33900.0,3020489.92,89.1
603291.SH,20260921,8.98,8.98,8.98,8.98,7400.0,66452.0,8.98
603293.SH,20260921,37.8,37.89,37.89,37.8,34300.0,1299359.04,37.88
603296.SH,20260921,80.75,80.75,80.75,80.75,104580.0,8444835.2,80.75
603297.SH,20260921,112.91,112.91,112.91,112.91,3000.0,338730.0,112.91
603298.SH,20260921,23.52,23.52,23.52,23.52,23500.0,552720.0,23.52
603299.SH,20260921,8.68,8.68,8.68,8.67,18300.0,158843.0,8.68
603300.SH,20260921,4.63,4.63,4.63,4.63,92800.0,429664.0,4.63
603301.SH,20260921,82.02,82.02,82.02,82.02,8100.0,664362.0,82.02
603303.SH,20260921,27.7,27.7,27.7,27.7,9200.0,254840.0,27.7
603305.SH,20260921,11.15,11.14,11.15,11.14,75600.0,842328.96,11.14
603306.SH,20260921,83.55,83.55,83.55,83.55,74000.0,6182700.16,83.55
603307.SH,20260921,24.47,24.47,24.47,24.47,4200.0,102774.0,24.47
603308.SH,20260921,43.5,43.5,43.5,43.5,120620.0,5246969.92,43.5
603309.SH,20260921,10.82,10.82,10.82,10.82,6500.0,70330.0,10.82
603310.SH,20260921,14.8,14.8,14.8,14.8,6100.0,90280.0,14.8
603311.SH,20260921,25.99,25.99,25.99,25.99,12600.0,327474.0,25.99
603312.SH,20260921,31.61,31.61,31.61,31.61,300.0,9483.0,31.61
603313.SH,20260921,6.81,6.81,6.81,6.8,76000.0,517558.0,6.81
603315.SH,20260921,10.86,10.86,10.86,10.86,18500.0,200910.0,10.86
603316.SH,20260921,17.46,17.46,17.46,17.46,1895700.0,33098920.96,17.46
603317.SH,20260921,12.8,12.8,12.8,12.8,12000.0,153600.0,12.8
603318.SH,20260921,9.05,9.02,9.05,9.01,490400.0,4424225.92,9.02
603319.SH,20260921,29.68,29.68,29.68,29.68,29900.0,887432.0,29.68
603320.SH,20260921,18.35,18.35,18.35,18.35,5100.0,93585.0,18.35
603321.SH,20260921,7.41,7.41,7.41,7.41,377800.0,2799497.92,7.41
603322.SH,20260921,33.0,33.0,33.0,32.95,34500.0,1138488.0,33.0
603323.SH,20260921,4.39,4.39,4.39,4.39,71800.0,315202.0,4.39
603324.SH,20260921,26.99,26.99,26.99,26.99,11300.0,304987.0,26.99
603325.SH,20260921,52.38,52.38,52.38,52.38,2500.0,130950.0,52.38
603326.SH,20260921,7.24,7.24,7.24,7.24,26600.0,192584.0,7.24
603327.SH,20260921,8.41,8.41,8.41,8.41,72600.0,610566.0,8.41
603328.SH,20260921,13.01,13.01,13.01,13.01,462200.0,6013221.76,13.01
603329.SH,20260921,9.95,9.95,9.95,9.95,20900.0,207955.0,9.95
603330.SH,20260921,9.67,9.65,9.68,9.64,524300.0,5060522.88,9.65
603331.SH,20260921,12.84,12.84,12.84,12.84,27500.0,353100.0,12.84
603332.SH,20260921,11.5,11.5,11.5,11.5,5700.0,65550.0,11.5
603333.SH,20260921,9.43,9.43,9.43,9.43,24700.0,232921.0,9.43
603334.SH,20260921,31.39,31.39,31.39,31.39,10800.0,339012.0,31.39
603335.SH,20260921,6.25,6.25,6.25,6.25,53600.0,335000.0,6.25
603336.SH,20260921,10.3,10.3,10.3,10.3,96700.0,996010.0,10.3
603337.SH,20260921,36.53,36.53,36.53,36.53,2900.0,105937.0,36.53
603338.SH,20260921,54.28,54.25,54.28,54.25,2200.0,119353.0,54.25
603339.SH,20260921,12.85,12.85,12.85,12.85,93500.0,1201475.04,12.85
603341.SH,20260921,35.52,35.6,35.6,35.52,44300.0,1577072.0,35.6
603344.SH,20260921,24.06,24.06,24.06,24.06,9000.0,216540.0,24.06
603345.SH,20260921,78.99,78.99,78.99,78.99,53600.0,4233864.0,78.99
603348.SH,20260921,13.89,13.89,13.89,13.89,9900.0,137511.0,13.89
603350.SH,20260921,27.95,27.95,27.95,27.95,3500.0,97825.0,27.95
603351.SH,20260921,25.21,25.21,25.21,25.21,4300.0,108403.0,25.21
603352.SH,20260921,25.57,25.64,25.64,25.57,1600.0,40982.0,25.61
603353.SH,20260921,49.28,49.28,49.28,49.28,319700.0,15754816.0,49.28
603355.SH,20260921,29.45,29.45,29.45,29.45,19000.0,559550.0,29.45
603356.SH,20260921,17.1,17.1,17.1,17.1,14400.0,246240.0,17.1
603357.SH,20260921,5.84,5.84,5.84,5.84,5300.0,30952.0,5.84
603358.SH,20260921,45.0,45.0,45.0,45.0,14500.0,652500.0,45.0
603359.SH,20260921,2.29,2.28,2.29,2.28,34600.0,78895.0,2.28
603360.SH,20260921,12.98,12.98,12.98,12.98,82000.0,1064360.0,12.98
603363.SH,20260921,2.9,2.91,2.91,2.9,391100.0,1137723.04,2.91
603365.SH,20260921,16.25,16.25,16.25,16.25,9500.0,154375.0,16.25
603366.SH,20260921,7.2,7.2,7.2,7.19,245400.0,1766847.04,7.2
603367.SH,20260921,13.94,13.94,13.94,13.94,18100.0,252314.0,13.94
603368.SH,20260921,15.45,15.45,15.45,15.45,10600.0,163770.0,15.45
603369.SH,20260921,27.62,27.62,27.62,27.62,20400.0,563448.0,27.62
603370.SH,20260921,27.77,27.8,27.8,27.77,18400.0,511115.0,27.78
603373.SH,20260921,40.58,40.58,40.58,40.58,11000.0,446380.0,40.58
603375.SH,20260921,53.01,53.01,53.01,53.01,159600.0,8460396.16,53.01
603376.SH,20260921,27.42,27.42,27.42,27.42,24100.0,660822.0,27.42
603377.SH,20260921,3.31,3.31,3.31,3.31,31900.0,105589.0,3.31
603378.SH,20260921,5.82,5.82,5.82,5.82,109200.0,635544.0,5.82
603379.SH,20260921,51.15,51.15,51.15,51.15,7800.0,398970.0,51.15
603380.SH,20260921,35.02,35.02,35.02,35.02,5200.0,182104.0,35.02
603381.SH,20260921,14.64,14.64,14.64,14.64,7400.0,108336.0,14.64
603382.SH,20260921,18.86,18.86,18.86,18.86,2500.0,47150.0,18.86
603383.SH,20260921,27.1,27.1,27.1,27.1,13300.0,360430.0,27.1
603385.SH,20260921,5.43,5.43,5.43,5.43,16900.0,91767.0,5.43
603386.SH,20260921,17.64,17.82,17.82,17.64,74700.0,1330924.0,17.82
603387.SH,20260921,9.48,9.48,9.48,9.48,41700.0,395316.0,9.48
603389.SH,20260921,48.12,48.12,48.12,48.12,16100.0,774732.0,48.12
603390.SH,20260921,10.73,10.73,10.73,10.73,42200.0,452806.0,10.73
603391.SH,20260921,66.99,66.99,66.99,66.99,1400.0,93786.0,66.99
603392.SH,20260921,25.5,25.5,25.5,25.5,16000.0,408000.0,25.5
603393.SH,20260921,24.89,24.89,24.89,24.89,19200.0,477888.0,24.89
603395.SH,20260921,25.58,25.58,25.58,25.58,126600.0,3238428.16,25.58
603396.SH,20260921,28.22,28.0,28.24,28.0,55100.0,1543707.04,28.02
603398.SH,20260921,9.3,9.3,9.3,9.3,24200.0,225060.0,9.3
603399.SH,20260921,13.84,13.84,13.84,13.84,148700.0,2058008.0,13.84
603400.SH,20260921,54.67,54.67,54.67,54.67,0.0,0.0,54.67
603402.SH,20260921,65.2,65.0,65.49,65.0,146034.0,9494718.08,65.02
603406.SH,20260921,27.65,27.65,27.65,27.65,7400.0,204610.0,27.65
603407.SH,20260921,58.58,58.58,58.58,58.58,48500.0,2841129.92,58.58
603408.SH,20260921,11.92,11.92,11.92,11.92,3300.0,39336.0,11.92
603409.SH,20260921,17.9,17.75,17.9,17.75,3294.0,58619.0,17.8
603416.SH,20260921,46.81,46.81,46.81,46.81,5600.0,262136.0,46.81
603418.SH,20260921,45.97,45.97,45.97,45.97,16300.0,749311.04,45.97
603421.SH,20260921,6.86,6.86,6.86,6.86,594600.0,4078956.16,6.86
603429.SH,20260921,8.68,8.58,8.68,8.58,8400.0,72302.0,8.61
603435.SH,20260921,50.12,50.12,50.12,50.12,15500.0,776860.0,50.12
603439.SH,20260921,13.51,13.51,13.51,13.51,386700.0,5224317.12,13.51
603444.SH,20260921,347.65,347.65,347.65,347.65,8300.0,2885495.04,347.65
603448.SH,20260921,62.52,62.5,62.58,62.5,282200.0,17638001.92,62.5
603456.SH,20260921,15.66,15.66,15.66,15.66,66800.0,1046088.0,15.66
603458.SH,20260921,10.77,10.77,10.77,10.77,51900.0,558963.0,10.77
603459.SH,20260921,89.62,89.62,89.62,89.62,53100.0,4758822.08,89.62
603466.SH,20260921,12.72,12.72,12.75,12.71,364600.0,4638189.12,12.72
603468.SH,20260921,22.7,22.7,22.7,22.7,138994.0,3155164.16,22.7
603477.SH,20260921,14.47,14.47,14.47,14.47,50500.0,730735.04,14.47
603486.SH,20260921,49.94,49.94,49.94,49.94,19944.0,996003.04,49.94
603488.SH,20260921,8.06,8.06,8.08,8.06,48900.0,394410.0,8.07
603489.SH,20260921,28.8,28.8,28.8,28.8,11100.0,319680.0,28.8
603496.SH,20260921,23.45,23.45,23.45,23.45,52100.0,1221744.96,23.45
603499.SH,20260921,13.75,13.75,13.75,13.75,7300.0,100375.0,13.75
603500.SH,20260921,9.16,9.14,9.16,9.14,35500.0,324639.0,9.15
603501.SH,20260921,81.36,81.36,81.36,81.36,51600.0,4198176.0,81.36
603505.SH,20260921,15.42,15.42,15.42,15.42,56600.0,872772.0,15.42
603506.SH,20260921,11.54,11.54,11.54,11.54,10100.0,116554.0,11.54
603507.SH,20260921,24.26,24.22,24.3,24.22,89280.0,2162623.04,24.22
603508.SH,20260921,21.02,21.02,21.02,21.02,1700.0,35734.0,21.02
603511.SH,20260921,12.18,12.18,12.18,12.18,0.0,0.0,12.18
603515.SH,20260921,14.69,14.69,14.69,14.69,18400.0,270296.0,14.69
603516.SH,20260921,87.61,87.51,87.88,87.51,19027.0,1665382.08,87.53
603517.SH,20260921,11.71,11.71,11.71,11.71,34000.0,398140.0,11.71
603518.SH,20260921,7.62,7.62,7.62,7.62,18800.0,143256.0,7.62
603519.SH,20260921,15.56,15.56,15.56,15.56,25400.0,395224.0,15.56
603520.SH,20260921,8.4,8.41,8.41,8.4,11200.0,94171.0,8.41
603527.SH,20260921,9.92,9.92,9.92,9.92,41100.0,407712.0,9.92
603528.SH,20260921,6.38,6.38,6.38,6.38,56300.0,359194.0,6.38
603529.SH,20260921,21.4,21.4,21.4,21.4,11900.0,254660.0,21.4
603530.SH,20260921,45.48,45.48,45.48,45.48,85300.0,3879443.84,45.48
603533.SH,20260921,23.52,23.52,23.52,23.52,97400.0,2290848.0,23.52
603535.SH,20260921,6.13,6.13,6.13,6.13,28900.0,177157.0,6.13
603536.SH,20260921,9.83,9.83,9.83,9.83,11600.0,114028.0,9.83
603538.SH,20260921,27.1,27.07,27.15,27.05,568240.0,15387147.52,27.08
603551.SH,20260921,9.32,9.32,9.32,9.32,21800.0,203176.0,9.32
603556.SH,20260921,23.46,23.46,23.46,23.46,7700.0,180642.0,23.46
603557.SH,20260921,3.41,3.41,3.41,3.41,11100.0,37851.0,3.41
603558.SH,20260921,13.19,13.19,13.19,13.19,50900.0,671371.04,13.19
603559.SH,20260921,9.35,9.35,9.35,9.35,79800.0,746130.0,9.35
603565.SH,20260921,11.67,11.67,11.67,11.67,57300.0,668691.0,11.67
603566.SH,20260921,10.14,10.14,10.14,10.14,25800.0,261612.0,10.14
603567.SH,20260921,5.31,5.31,5.31,5.31,36100.0,191691.0,5.31
603568.SH,20260921,13.44,13.44,13.44,13.44,19700.0,264768.0,13.44
603569.SH,20260921,5.77,5.77,5.77,5.77,8000.0,46160.0,5.77
603577.SH,20260921,9.62,9.62,9.62,9.62,400.0,3848.0,9.62
603578.SH,20260921,14.2,14.2,14.2,14.2,4000.0,56800.0,14.2
603579.SH,20260921,17.21,17.21,17.21,17.21,72500.0,1247724.96,17.21
603580.SH,20260921,65.95,65.95,65.95,65.95,75700.0,4992415.04,65.95
603583.SH,20260921,26.86,26.86,26.86,26.86,7000.0,188020.0,26.86
603585.SH,20260921,10.46,10.46,10.46,10.46,2300.0,24058.0,10.46
603586.SH,20260921,13.61,13.61,13.61,13.61,7900.0,107519.0,13.61
603587.SH,20260921,12.15,12.15,12.15,12.15,18700.0,227205.0,12.15
603588.SH,20260921,16.13,16.13,16.13,16.13,174259.0,2810798.08,16.13
603589.SH,20260921,17.54,17.54,17.54,17.54,32800.0,575312.0,17.54
603590.SH,20260921,28.8,28.8,28.8,28.8,8400.0,241920.0,28.8
603595.SH,20260921,32.0,32.0,32.0,32.0,9200.0,294400.0,32.0
603596.SH,20260921,28.2,28.2,28.2,28.2,96544.0,2722541.12,28.2
603598.SH,20260921,17.45,17.45,17.45,17.45,48600.0,848070.0,17.45
603599.SH,20260921,10.46,10.46,10.46,10.46,9100.0,95186.0,10.46
603600.SH,20260921,10.13,10.13,10.13,10.13,24900.0,252237.0,10.13
603601.SH,20260921,10.23,10.23,10.23,10.23,607100.0,6210632.96,10.23
603602.SH,20260921,11.41,11.41,11.41,11.41,5300.0,60473.0,11.41
603605.SH,20260921,55.85,55.85,55.85,55.85,17100.0,955035.04,55.85
603606.SH,20260921,35.8,35.8,35.8,35.8,43140.0,1544412.0,35.8
603607.SH,20260921,24.03,24.03,24.03,24.03,67700.0,1626831.04,24.03
603608.SH,20260921,21.7,21.7,21.7,21.7,89000.0,1931300.0,21.7
603609.SH,20260921,6.32,6.32,6.32,6.32,12200.0,77104.0,6.32
603610.SH,20260921,13.75,13.75,13.75,13.75,10100.0,138875.0,13.75
603611.SH,20260921,15.84,15.84,15.84,15.84,3900.0,61776.0,15.84
603612.SH,20260921,16.6,16.6,16.6,16.6,11800.0,195880.0,16.6
603613.SH,20260921,21.2,21.2,21.2,21.2,94200.0,1997040.0,21.2
603615.SH,20260921,19.81,19.81,19.81,19.81,69100.0,1368871.04,19.81
603616.SH,20260921,5.49,5.49,5.49,5.49,31900.0,175131.0,5.49
603617.SH,20260921,6.66,6.66,6.66,6.66,34500.0,229770.0,6.66
603618.SH,20260921,40.1,40.1,40.1,40.1,484500.0,19428450.56,40.1
603619.SH,20260921,21.03,21.03,21.03,21.03,342200.0,7196465.92,21.03
603626.SH,20260921,23.05,23.05,23.05,23.05,1795700.0,41390883.84,23.05
603628.SH,20260921,10.46,10.46,10.46,10.46,43300.0,452918.0,10.46
603629.SH,20260921,112.51,112.51,112.51,112.51,127720.0,14369776.64,112.51
603630.SH,20260921,13.5,13.5,13.5,13.5,61000.0,823500.0,13.5
603633.SH,20260921,6.42,6.42,6.42,6.42,121100.0,777462.0,6.42
603636.SH,20260921,6.97,6.97,6.97,6.97,320100.0,2231096.96,6.97
603637.SH,20260921,14.78,14.78,14.78,14.78,51400.0,759692.0,14.78
603638.SH,20260921,18.31,18.31,18.31,18.31,23700.0,433947.0,18.31
603639.SH,20260921,10.35,10.35,10.35,10.35,2700.0,27945.0,10.35
603648.SH,20260921,9.37,9.37,9.37,9.37,33500.0,313895.0,9.37
603650.SH,20260921,73.88,73.88,73.88,73.88,239100.0,17664707.84,73.88
603655.SH,20260921,30.8,30.8,30.8,30.8,6800.0,209440.0,30.8
603656.SH,20260921,17.33,17.33,17.33,17.33,5800.0,100514.0,17.33
603657.SH,20260921,35.58,35.58,35.58,35.58,23700.0,843246.0,35.58
603658.SH,20260921,32.17,32.17,32.17,32.17,8400.0,270228.0,32.17
603659.SH,20260921,22.25,22.25,22.25,22.25,64300.0,1430675.04,22.25
603660.SH,20260921,9.68,9.68,9.68,9.68,118800.0,1149984.0,9.68
603661.SH,20260921,33.34,33.34,33.34,33.34,47300.0,1576982.08,33.34
603662.SH,20260921,49.0,49.0,49.0,49.0,21300.0,1043700.0,49.0
603663.SH,20260921,47.07,47.07,47.07,47.07,320150.0,15069460.48,47.07
603665.SH,20260921,21.48,21.48,21.48,21.48,14700.0,315756.0,21.48
603666.SH,20260921,25.99,25.99,25.99,25.99,3600.0,93564.0,25.99
603667.SH,20260921,51.09,51.09,51.09,51.09,50200.0,2564718.08,51.09
603668.SH,20260921,12.92,12.92,12.92,12.92,206200.0,2664104.0,12.92
603669.SH,20260921,5.57,5.57,5.57,5.57,204400.0,1138508.0,5.57
603676.SH,20260921,8.81,8.81,8.81,8.81,12400.0,109244.0,8.81
603677.SH,20260921,14.16,14.16,14.16,14.16,12300.0,174168.0,14.16
603678.SH,20260921,52.01,52.01,52.01,52.01,308800.0,16060687.36,52.01
603679.SH,20260921,25.48,25.48,25.48,25.48,235200.0,5992896.0,25.48
603680.SH,20260921,10.57,10.57,10.57,10.57,126000.0,1331820.0,10.57
603681.SH,20260921,19.34,19.34,19.34,19.34,22500.0,435150.0,19.34
603682.SH,20260921,9.69,9.69,9.69,9.69,74100.0,718028.96,9.69
603683.SH,20260921,16.48,16.48,16.48,16.48,72000.0,1186560.0,16.48
603685.SH,20260921,27.53,27.53,27.53,27.53,4700.0,129391.0,27.53
603686.SH,20260921,16.85,16.85,16.85,16.85,2608100.0,43946485.76,16.85
603687.SH,20260921,15.96,15.96,15.96,15.96,80600.0,1286376.0,15.96
603688.SH,20260921,49.99,49.99,49.99,49.99,123200.0,6158768.0,49.99
603689.SH,20260921,7.6,7.6,7.6,7.6,40500.0,307800.0,7.6
603690.SH,20260921,24.5,24.5,24.5,24.5,83500.0,2045750.08,24.5
603693.SH,20260921,12.33,12.33,12.33,12.33,60900.0,750896.96,12.33
603696.SH,20260921,13.94,13.94,13.94,13.94,106400.0,1483216.0,13.94
603697.SH,20260921,9.08,9.08,9.08,9.08,9700.0,88076.0,9.08
603698.SH,20260921,21.98,21.98,21.98,21.98,46500.0,1022070.0,21.98
603699.SH,20260921,44.8,44.8,44.8,44.8,11300.0,506240.0,44.8
603700.SH,20260921,11.19,11.19,11.19,11.19,5400.0,60426.0,11.19
603701.SH,20260921,19.9,19.9,19.9,19.9,800.0,15920.0,19.9
603703.SH,20260921,10.26,10.26,10.26,10.26,41900.0,429894.0,10.26
603706.SH,20260921,17.02,17.02,17.02,17.02,4800.0,81696.0,17.02
603707.SH,20260921,7.47,7.47,7.47,7.47,10700.0,79929.0,7.47
603708.SH,20260921,8.95,8.95,8.95,8.95,23400.0,209430.0,8.95
603709.SH,20260921,12.26,12.26,12.26,12.26,21200.0,259912.0,12.26
603711.SH,20260921,11.65,11.65,11.65,11.65,1700.0,19805.0,11.65
603712.SH,20260921,11.32,11.32,11.32,11.32,19900.0,225268.0,11.32
603713.SH,20260921,65.08,65.08,65.08,65.08,4500.0,292860.0,65.08
603716.SH,20260921,16.44,16.44,16.44,16.44,75400.0,1239576.0,16.44
603717.SH,20260921,5.77,5.77,5.77,5.77,41400.0,238878.0,5.77
603718.SH,20260921,3.03,3.03,3.03,3.03,9900.0,29997.0,3.03
603719.SH,20260921,8.89,8.89,8.89,8.89,16400.0,145796.0,8.89
603721.SH,20260921,18.26,18.26,18.26,18.26,31100.0,567886.0,18.26
603722.SH,20260921,29.09,29.09,29.09,29.09,7500.0,218175.0,29.09
603725.SH,20260921,11.93,11.93,11.93,11.93,196300.0,2341859.04,11.93
603726.SH,20260921,24.2,24.2,24.2,24.2,12600.0,304920.0,24.2
603727.SH,20260921,17.78,17.78,17.78,17.78,35300.0,627634.0,17.78
603728.SH,20260921,50.09,50.09,50.09,50.09,57500.0,2880175.04,50.09
603729.SH,20260921,12.56,12.56,12.56,12.56,6900.0,86664.0,12.56
603730.SH,20260921,9.7,9.7,9.7,9.7,15600.0,151320.0,9.7
603733.SH,20260921,19.04,19.04,19.04,19.04,41300.0,786352.0,19.04
603737.SH,20260921,20.61,20.61,20.61,20.61,80100.0,1650860.96,20.61
603738.SH,20260921,38.2,38.2,38.2,38.2,158400.0,6050880.0,38.2
603739.SH,20260921,12.24,12.24,12.24,12.24,6800.0,83232.0,12.24
603755.SH,20260921,24.1,24.1,24.1,24.1,1200.0,28920.0,24.1
603757.SH,20260921,67.8,67.8,67.8,67.8,26300.0,1783140.0,67.8
603758.SH,20260921,10.68,10.68,10.68,10.68,14800.0,158064.0,10.68
603759.SH,20260921,7.8,7.8,7.8,7.8,83300.0,649740.0,7.8
603766.SH,20260921,14.81,14.81,14.81,14.81,18300.0,271023.0,14.81
603767.SH,20260921,13.39,13.39,13.39,13.39,8900.0,119171.0,13.39
603768.SH,20260921,11.35,11.35,11.35,11.35,28300.0,321205.0,11.35
603773.SH,20260921,94.99,94.99,94.99,94.99,333800.0,31707660.8,94.99
603776.SH,20260921,19.55,19.55,19.55,19.55,3800.0,74290.0,19.55
603777.SH,20260921,13.26,13.26,13.26,13.26,27200.0,360672.0,13.26
603778.SH,20260921,9.01,9.01,9.01,9.0,427200.0,3848646.08,9.01
603779.SH,20260921,8.21,8.21,8.21,8.21,43000.0,353030.0,8.21
603786.SH,20260921,37.69,37.69,37.69,37.69,4600.0,173374.0,37.69
603787.SH,20260921,10.05,10.05,10.05,10.05,4200.0,42210.0,10.05
603788.SH,20260921,13.58,13.58,13.58,13.58,4800.0,65184.0,13.58
603789.SH,20260921,5.93,5.93,5.93,5.93,9800.0,58114.0,5.93
603790.SH,20260921,24.45,24.45,24.45,24.45,15000.0,366750.0,24.45
603797.SH,20260921,4.63,4.63,4.63,4.63,5400.0,25002.0,4.63
603798.SH,20260921,13.1,13.09,13.1,13.05,12600.0,164919.0,13.09
603799.SH,20260921,35.85,35.85,35.85,35.85,235800.0,8453429.76,35.85
603800.SH,20260921,59.32,59.32,59.32,59.32,7400.0,438968.0,59.32
603801.SH,20260921,5.88,5.88,5.88,5.88,25600.0,150528.0,5.88
603803.SH,20260921,11.66,11.66,11.66,11.66,53500.0,623810.0,11.66
603806.SH,20260921,14.47,14.47,14.47,14.47,64500.0,933315.04,14.47
603808.SH,20260921,8.62,8.62,8.62,8.62,2600.0,22412.0,8.62
603809.SH,20260921,8.56,8.56,8.56,8.56,32200.0,275632.0,8.56
603810.SH,20260921,11.67,11.67,11.71,11.67,24500.0,286017.0,11.67
603811.SH,20260921,6.81,6.81,6.81,6.81,15200.0,103512.0,6.81
603813.SH,20260921,27.71,27.71,27.71,27.71,31200.0,864552.0,27.71
603815.SH,20260921,5.19,5.19,5.19,5.19,5200.0,26988.0,5.19
603816.SH,20260921,22.41,22.41,22.41,22.41,18200.0,407862.0,22.41
603817.SH,20260921,5.73,5.73,5.73,5.73,54100.0,309993.0,5.73
603818.SH,20260921,4.1,4.1,4.1,4.1,288000.0,1180800.0,4.1
603819.SH,20260921,15.9,15.9,15.9,15.9,29900.0,475410.0,15.9
603822.SH,20260921,67.0,67.0,67.0,66.99,6600.0,442199.0,67.0
603823.SH,20260921,55.2,55.2,55.2,55.2,122300.0,6750960.0,55.2
603825.SH,20260921,7.85,7.85,7.85,7.85,6100.0,47885.0,7.85
603826.SH,20260921,16.48,16.48,16.48,16.48,39100.0,644368.0,16.48
603828.SH,20260921,5.65,5.65,5.65,5.65,7700.0,43505.0,5.65
603829.SH,20260921,15.63,15.63,15.63,15.63,21100.0,329793.0,15.63
603833.SH,20260921,28.72,28.71,28.72,28.71,17700.0,508172.0,28.71
603836.SH,20260921,9.21,9.21,9.21,9.21,4700.0,43287.0,9.21
603838.SH,20260921,13.78,13.78,13.78,13.78,29700.0,409266.0,13.78
603839.SH,20260921,6.64,6.64,6.64,6.64,16300.0,108232.0,6.64
603843.SH,20260921,6.9,6.9,6.9,6.9,116400.0,803160.0,6.9
603848.SH,20260921,13.17,13.17,13.17,13.17,9500.0,125115.0,13.17
603855.SH,20260921,16.7,16.7,16.7,16.7,400.0,6680.0,16.7
603856.SH,20260921,11.41,11.41,11.41,11.41,3200.0,36512.0,11.41
603858.SH,20260921,14.53,14.53,14.53,14.53,26700.0,387951.0,14.53
603859.SH,20260921,38.76,38.76,38.76,38.76,15400.0,596904.0,38.76
603860.SH,20260921,25.2,25.2,25.2,25.2,4800.0,120960.0,25.2
603861.SH,20260921,11.3,11.3,11.3,11.3,33500.0,378550.0,11.3
603863.SH,20260921,12.4,12.4,12.4,12.4,6300.0,78120.0,12.4
603866.SH,20260921,4.15,4.15,4.15,4.15,88000.0,365200.0,4.15
603867.SH,20260921,32.9,32.9,32.9,32.9,36800.0,1210720.0,32.9
603868.SH,20260921,31.71,31.71,31.71,31.71,13200.0,418572.0,31.71
603869.SH,20260921,8.5,8.5,8.5,8.5,8100.0,68850.0,8.5
603871.SH,20260921,12.33,12.33,12.33,12.33,47300.0,583209.0,12.33
603876.SH,20260921,19.04,19.06,19.08,19.04,77900.0,1484790.08,19.06
603877.SH,20260921,11.81,11.81,11.81,11.81,13200.0,155892.0,11.81
603878.SH,20260921,4.9,4.9,4.9,4.9,8100.0,39690.0,4.9
603879.SH,20260921,4.92,4.92,4.92,4.92,22300.0,109716.0,4.92
603880.SH,20260921,8.88,8.88,8.88,8.88,111900.0,993672.0,8.88
603881.SH,20260921,24.28,24.28,24.28,24.28,87400.0,2122072.0,24.28
603882.SH,20260921,28.03,27.99,28.03,27.99,180200.0,5044288.0,27.99
603883.SH,20260921,12.62,12.62,12.62,12.62,34700.0,437914.0,12.62
603885.SH,20260921,10.13,10.11,10.14,10.1,94500.0,955900.0,10.12
603886.SH,20260921,12.08,12.08,12.08,12.08,38900.0,469912.0,12.08
603887.SH,20260921,8.89,8.89,8.89,8.89,33800.0,300482.0,8.89
603888.SH,20260921,18.21,18.21,18.21,18.21,1241000.0,22598609.92,18.21
603889.SH,20260921,6.17,6.17,6.17,6.17,28000.0,172760.0,6.17
603890.SH,20260921,17.41,17.41,17.41,17.41,94700.0,1648727.04,17.41
603893.SH,20260921,190.04,190.04,190.66,190.04,71977.0,13682695.68,190.1
603895.SH,20260921,25.72,25.72,25.72,25.72,3000.0,77160.0,25.72
603896.SH,20260921,14.21,14.21,14.21,14.21,15300.0,217413.0,14.21
603897.SH,20260921,30.6,30.6,30.6,30.6,26900.0,823140.0,30.6
603898.SH,20260921,10.9,10.9,10.9,10.9,4200.0,45780.0,10.9
603899.SH,20260921,21.7,21.7,21.7,21.7,11500.0,249550.0,21.7
603900.SH,20260921,6.82,6.82,6.82,6.82,412500.0,2813249.92,6.82
603901.SH,20260921,9.3,9.3,9.3,9.3,71000.0,660300.0,9.3
603903.SH,20260921,14.03,14.03,14.03,14.03,6800.0,95404.0,14.03
603906.SH,20260921,18.29,18.29,18.29,18.29,30800.0,563332.0,18.29
603908.SH,20260921,18.33,18.33,18.33,18.33,18900.0,346437.0,18.33
603909.SH,20260921,9.61,9.61,9.61,9.61,8900.0,85529.0,9.61
603912.SH,20260921,8.7,8.7,8.7,8.7,101200.0,880440.0,8.7
603915.SH,20260921,13.14,13.14,13.14,13.14,3900.0,51246.0,13.14
603916.SH,20260921,10.83,10.83,10.83,10.83,9700.0,105051.0,10.83
603917.SH,20260921,13.71,13.71,13.71,13.71,27900.0,382509.0,13.71
603918.SH,20260921,10.83,10.89,10.95,10.83,432200.0,4707152.96,10.89
603919.SH,20260921,16.22,16.22,16.22,16.22,9000.0,145980.0,16.22
603920.SH,20260921,43.81,43.81,43.81,43.81,102000.0,4468620.16,43.81
603922.SH,20260921,12.87,12.87,12.87,12.87,0.0,0.0,12.87
603926.SH,20260921,17.23,17.23,17.23,17.23,15500.0,267065.0,17.23
603927.SH,20260921,13.71,13.71,13.71,13.71,24200.0,331782.0,13.71
603928.SH,20260921,12.06,12.09,12.09,12.06,46100.0,557292.0,12.09
603929.SH,20260921,164.8,164.8,164.8,164.8,18300.0,3015840.0,164.8
603931.SH,20260921,36.24,36.22,36.26,36.22,50000.0,1811060.0,36.22
603933.SH,20260921,19.53,19.53,19.53,19.53,5500.0,107415.0,19.53
603936.SH,20260921,21.35,21.35,21.35,21.35,138600.0,2959110.08,21.35
603937.SH,20260921,11.6,11.6,11.6,11.6,2600.0,30160.0,11.6
603938.SH,20260921,50.83,50.83,50.83,50.83,162300.0,8249708.8,50.83
603939.SH,20260921,22.76,22.76,22.76,22.76,3000.0,68280.0,22.76
603948.SH,20260921,19.55,19.55,19.55,19.55,8800.0,172040.0,19.55
603949.SH,20260921,13.88,13.88,13.88,13.88,900.0,12492.0,13.88
603950.SH,20260921,59.31,59.0,59.33,59.0,67600.0,3990684.16,59.03
603955.SH,20260921,23.28,23.28,23.28,23.28,5300.0,123384.0,23.28
603956.SH,20260921,7.03,7.03,7.03,7.03,225300.0,1583859.04,7.03
603958.SH,20260921,16.72,16.72,16.72,16.72,55100.0,921272.0,16.72
603959.SH,20260921,4.47,4.47,4.47,4.47,11600.0,51852.0,4.47
603960.SH,20260921,17.04,17.04,17.04,17.04,225900.0,3849336.0,17.04
603966.SH,20260921,7.32,7.32,7.32,7.32,5300.0,38796.0,7.32
603967.SH,20260921,11.67,11.67,11.67,11.67,2000.0,23340.0,11.67
603968.SH,20260921,10.5,10.35,10.5,10.35,11300.0,117542.0,10.4
603969.SH,20260921,7.61,7.61,7.61,7.61,1000.0,7610.0,7.61
603970.SH,20260921,10.91,10.91,10.91,10.91,7100.0,77461.0,10.91
603976.SH,20260921,30.5,30.5,30.5,30.5,13800.0,420900.0,30.5
603977.SH,20260921,11.32,11.32,11.32,11.32,8500.0,96220.0,11.32
603978.SH,20260921,22.85,22.85,22.85,22.85,130500.0,2981925.12,22.85
603979.SH,20260921,73.33,73.33,73.33,73.28,16700.0,1224580.0,73.33
603980.SH,20260921,8.82,8.82,8.82,8.82,934900.0,8245818.24,8.82
603982.SH,20260921,6.21,6.21,6.21,6.21,208200.0,1292922.0,6.21
603983.SH,20260921,29.15,29.15,29.15,29.15,24700.0,720004.96,29.15
603985.SH,20260921,17.0,17.0,17.0,17.0,32400.0,550800.0,17.0
603986.SH,20260921,396.0,396.0,396.0,396.0,559324.0,221492305.92,396.0
603987.SH,20260921,7.37,7.37,7.37,7.37,12500.0,92125.0,7.37
603988.SH,20260921,18.36,18.36,18.36,18.36,4300.0,78948.0,18.36
603989.SH,20260921,34.97,34.7,35.0,34.7,590349.0,20503128.32,34.73
603990.SH,20260921,20.28,20.28,20.28,20.28,71900.0,1458132.0,20.28
603991.SH,20260921,180.06,180.07,180.07,179.82,13200.0,2376068.96,180.01
603992.SH,20260921,20.13,20.13,20.13,20.13,19100.0,384483.0,20.13
603993.SH,20260921,17.52,17.52,17.52,17.52,513000.0,8987760.0,17.52
603995.SH,20260921,25.94,25.94,25.94,25.94,14900.0,386506.0,25.94
603997.SH,20260921,12.81,12.8,12.86,12.8,539300.0,6903432.96,12.8
603998.SH,20260921,10.47,10.47,10.47,10.47,33900.0,354933.0,10.47
603999.SH,20260921,6.6,6.66,6.66,6.6,673700.0,4483320.96,6.66
605001.SH,20260921,5.68,5.68,5.68,5.68,24400.0,138592.0,5.68
605003.SH,20260921,23.9,23.9,23.9,23.9,13500.0,322650.0,23.9
605005.SH,20260921,16.36,16.36,16.36,16.36,300.0,4908.0,16.36
605006.SH,20260921,16.59,16.59,16.59,16.59,526600.0,8736293.76,16.59
605007.SH,20260921,15.21,15.21,15.21,15.21,26000.0,395460.0,15.21
605008.SH,20260921,14.34,14.34,14.34,14.34,9800.0,140532.0,14.34
605009.SH,20260921,24.61,24.61,24.61,24.61,3500.0,86135.0,24.61
605011.SH,20260921,18.1,18.05,18.12,18.02,146300.0,2641046.08,18.05
605016.SH,20260921,20.7,20.7,20.7,20.7,4900.0,101430.0,20.7
605018.SH,20260921,11.52,11.52,11.52,11.52,4900.0,56448.0,11.52
605020.SH,20260921,32.2,32.2,32.2,32.2,30700.0,988540.0,32.2
605028.SH,20260921,24.15,24.15,24.15,24.15,700.0,16905.0,24.15
605033.SH,20260921,18.58,18.58,18.58,18.58,20700.0,384606.0,18.58
605050.SH,20260921,10.35,10.35,10.35,10.35,12900.0,133515.0,10.35
605055.SH,20260921,9.01,9.01,9.01,9.01,33000.0,297330.0,9.01
605056.SH,20260921,13.42,13.42,13.42,13.42,26000.0,348920.0,13.42
605058.SH,20260921,48.0,48.0,48.0,48.0,575910.0,27643678.72,48.0
605060.SH,20260921,39.53,39.53,39.53,39.53,7500.0,296475.0,39.53
605066.SH,20260921,6.75,6.75,6.75,6.75,10000.0,67500.0,6.75
605068.SH,20260921,19.63,19.63,19.63,19.63,19200.0,376896.0,19.63
605069.SH,20260921,12.37,12.37,12.37,12.37,141200.0,1746644.0,12.37
605077.SH,20260921,11.36,11.37,11.37,11.36,86600.0,984603.04,11.37
605080.SH,20260921,22.88,22.88,22.88,22.88,1100.0,25168.0,22.88
605086.SH,20260921,23.74,23.74,23.74,23.74,2100.0,49854.0,23.74
605088.SH,20260921,24.17,24.17,24.17,24.17,691100.0,16703887.36,24.17
605089.SH,20260921,20.36,20.36,20.36,20.36,500.0,10180.0,20.36
605090.SH,20260921,32.67,32.67,32.67,32.67,26100.0,852687.04,32.67
605098.SH,20260921,53.71,53.71,53.71,53.71,8800.0,472648.0,53.71
605099.SH,20260921,28.99,28.99,28.99,28.99,9500.0,275405.0,28.99
605100.SH,20260921,34.15,34.15,34.15,34.1,34500.0,1178170.0,34.15
605108.SH,20260921,11.85,11.85,11.85,11.85,15900.0,188415.0,11.85
605111.SH,20260921,63.0,63.0,63.0,63.0,163500.0,10300499.84,63.0
605116.SH,20260921,19.77,19.77,19.77,19.77,3500.0,69195.0,19.77
605117.SH,20260921,84.63,84.63,84.63,84.63,21700.0,1836471.04,84.63
605118.SH,20260921,33.18,33.18,33.18,33.18,4900.0,162582.0,33.18
605122.SH,20260921,11.41,11.41,11.41,11.41,27300.0,311493.0,11.41
605123.SH,20260921,80.04,80.04,80.04,80.04,2500.0,200100.0,80.04
605128.SH,20260921,22.71,22.69,22.84,22.69,8300.0,188389.0,22.7
605133.SH,20260921,24.59,24.59,24.59,24.59,34200.0,840978.0,24.59
605136.SH,20260921,8.43,8.43,8.43,8.43,17600.0,148368.0,8.43
605138.SH,20260921,5.96,5.96,5.96,5.96,2900.0,17284.0,5.96
605151.SH,20260921,18.21,18.21,18.21,18.21,6000.0,109260.0,18.21
605155.SH,20260921,14.43,14.43,14.43,14.43,3400.0,49062.0,14.43
605158.SH,20260921,7.7,7.7,7.7,7.7,6300.0,48510.0,7.7
605162.SH,20260921,12.09,12.09,12.09,12.09,732500.0,8855925.12,12.09
605166.SH,20260921,8.25,8.25,8.25,8.25,12900.0,106425.0,8.25
605167.SH,20260921,16.8,16.8,16.8,16.8,17900.0,300720.0,16.8
605168.SH,20260921,53.16,53.16,53.16,53.16,21700.0,1153572.0,53.16
605169.SH,20260921,12.78,12.78,12.78,12.78,4600.0,58788.0,12.78
605177.SH,20260921,24.02,24.02,24.02,24.02,41300.0,992026.0,24.02
605178.SH,20260921,69.33,69.33,69.6,69.33,32800.0,2274267.04,69.34
605179.SH,20260921,25.68,25.68,25.68,25.68,217500.0,5585400.32,25.68
605180.SH,20260921,13.3,13.3,13.3,13.3,52900.0,703570.0,13.3
605183.SH,20260921,16.16,16.08,16.16,16.08,15700.0,252488.0,16.08
605186.SH,20260921,25.48,25.48,25.48,25.48,12900.0,328692.0,25.48
605188.SH,20260921,13.12,13.12,13.12,13.12,401000.0,5261120.0,13.12
605189.SH,20260921,14.05,14.05,14.05,14.05,27000.0,379350.0,14.05
605196.SH,20260921,31.81,31.81,31.81,31.81,23400.0,744354.0,31.81
605198.SH,20260921,80.62,80.62,80.62,80.0,141800.0,11419536.64,80.53
605199.SH,20260921,5.79,5.79,5.79,5.79,1000.0,5790.0,5.79
605208.SH,20260921,14.61,14.61,14.61,14.61,48700.0,711507.04,14.61
605218.SH,20260921,14.27,14.18,14.27,14.18,35600.0,504907.0,14.18
605222.SH,20260921,22.38,22.38,22.38,22.38,32900.0,736302.0,22.38
605228.SH,20260921,10.68,10.68,10.68,10.68,25700.0,274476.0,10.68
605255.SH,20260921,61.14,61.14,61.14,61.14,3100.0,189534.0,61.14
605258.SH,20260921,37.79,37.79,37.79,37.79,30700.0,1160152.96,37.79
605259.SH,20260921,17.4,17.4,17.4,17.4,1400.0,24360.0,17.4
605266.SH,20260921,15.34,15.34,15.34,15.34,4000.0,61360.0,15.34
605268.SH,20260921,9.59,9.59,9.59,9.59,10300.0,98777.0,9.59
605277.SH,20260921,17.62,17.53,17.66,17.53,69700.0,1222650.0,17.54
605286.SH,20260921,25.48,25.48,25.48,25.48,18100.0,461188.0,25.48
605287.SH,20260921,36.0,36.0,36.0,36.0,5900.0,212400.0,36.0
605288.SH,20260921,68.98,68.98,68.98,68.98,35700.0,2462585.92,68.98
605289.SH,20260921,105.12,105.12,105.12,105.12,11200.0,1177344.0,105.12
605296.SH,20260921,32.94,32.87,32.94,32.87,6500.0,213689.0,32.88
605298.SH,20260921,44.28,44.28,44.28,44.28,1000.0,44280.0,44.28
605299.SH,20260921,12.58,12.58,12.58,12.58,78800.0,991304.0,12.58
605300.SH,20260921,9.95,9.95,9.95,9.95,25599.0,254710.0,9.95
605303.SH,20260921,23.68,23.68,23.68,23.68,0.0,0.0,23.68
605305.SH,20260921,31.36,31.36,31.36,31.36,26600.0,834176.0,31.36
605318.SH,20260921,78.99,78.99,78.99,78.99,2500.0,197475.0,78.99
605319.SH,20260921,22.88,22.88,22.88,22.88,29700.0,679536.0,22.88
605333.SH,20260921,16.4,16.4,16.4,16.4,34600.0,567440.0,16.4
605336.SH,20260921,11.27,11.27,11.27,11.27,900.0,10143.0,11.27
605337.SH,20260921,8.96,8.96,8.96,8.96,12100.0,108416.0,8.96
605338.SH,20260921,17.46,17.46,17.46,17.46,5800.0,101268.0,17.46
605339.SH,20260921,12.82,12.82,12.82,12.82,4600.0,58972.0,12.82
605358.SH,20260921,46.66,46.66,46.66,46.66,207500.0,9681950.08,46.66
605365.SH,20260921,14.16,14.16,14.16,14.16,12300.0,174168.0,14.16
605366.SH,20260921,8.44,8.44,8.44,8.44,77700.0,655788.0,8.44
605368.SH,20260921,6.67,6.67,6.67,6.67,13400.0,89378.0,6.67
605369.SH,20260921,16.72,16.72,16.72,16.72,13896.0,232341.0,16.72
605376.SH,20260921,143.5,143.5,143.5,143.5,141100.0,20247850.24,143.5
605377.SH,20260921,8.09,8.09,8.09,8.09,14100.0,114069.0,8.09
605378.SH,20260921,14.84,14.85,14.85,14.84,79500.0,1180543.04,14.85
605388.SH,20260921,5.85,5.85,5.85,5.85,600.0,3510.0,5.85
605389.SH,20260921,66.49,66.49,66.49,66.49,12900.0,857720.96,66.49
605398.SH,20260921,20.89,20.89,20.89,20.89,49400.0,1031966.0,20.89
605399.SH,20260921,11.31,11.3,11.31,11.3,10000.0,113085.0,11.31
605488.SH,20260921,29.97,29.97,29.97,29.97,13300.0,398601.0,29.97
605499.SH,20260921,111.6,111.6,111.6,111.6,12770.0,1425132.0,111.6
605500.SH,20260921,7.39,7.39,7.39,7.39,13700.0,101243.0,7.39
605507.SH,20260921,18.17,18.3,18.3,18.17,161100.0,2947358.08,18.3
605555.SH,20260921,12.64,12.64,12.64,12.64,34000.0,429760.0,12.64
605566.SH,20260921,27.95,27.95,27.95,27.95,28200.0,788190.0,27.95
605567.SH,20260921,8.99,8.99,8.99,8.99,20500.0,184295.0,8.99
605577.SH,20260921,15.98,15.75,15.98,15.75,1345300.0,21205159.68,15.76
605580.SH,20260921,22.65,22.65,22.65,22.65,94700.0,2144955.04,22.65
605588.SH,20260921,47.15,47.15,47.15,47.15,9000.0,424350.0,47.15
605589.SH,20260921,41.19,41.19,41.19,41.19,232400.0,9572556.16,41.19
605598.SH,20260921,25.01,25.01,25.01,25.01,12700.0,317627.0,25.01
605599.SH,20260921,14.27,14.27,14.27,14.27,48900.0,697803.04,14.27
688001.SH,20260921,73.99,73.99,73.99,73.99,70822.0,5240120.0,73.99
688002.SH,20260921,187.2,187.2,187.2,187.2,31571.0,5910090.88,187.2
688003.SH,20260921,83.78,83.5,83.78,83.5,9571.0,799291.04,83.51
688004.SH,20260921,35.0,35.0,35.0,35.0,199200.0,6972000.0,35.0
688005.SH,20260921,23.98,23.98,23.98,23.98,13961.0,334785.0,23.98
688006.SH,20260921,20.94,20.94,20.94,20.94,16072.0,336548.0,20.94
688007.SH,20260921,10.48,10.45,10.48,10.45,25670.0,268272.0,10.45
688008.SH,20260921,210.0,210.0,210.0,210.0,451880.0,94894796.8,210.0
688009.SH,20260921,4.65,4.65,4.65,4.65,60993.0,283617.0,4.65
688010.SH,20260921,28.0,28.0,28.0,28.0,10879.0,304612.0,28.0
688011.SH,20260921,78.5,78.55,78.55,78.5,23777.0,1867523.04,78.54
688012.SH,20260921,358.0,358.0,358.0,358.0,114629.0,41037184.0,358.0
688013.SH,20260921,22.66,22.66,22.66,22.66,2235.0,50645.0,22.66
688015.SH,20260921,16.17,16.17,16.17,16.17,29858.0,482804.0,16.17
688016.SH,20260921,85.0,84.8,85.0,84.8,2200.0,186600.0,84.82
688017.SH,20260921,294.3,294.3,294.3,294.3,17378.0,5114344.96,294.3
688018.SH,20260921,113.0,113.0,113.0,113.0,30131.0,3404802.88,113.0
688019.SH,20260921,235.8,235.8,235.8,235.8,18377.0,4333296.96,235.8
688020.SH,20260921,150.0,150.0,150.0,150.0,64484.0,9672600.32,150.0
688021.SH,20260921,19.27,19.27,19.27,19.27,3921.0,75558.0,19.27
688022.SH,20260921,8.74,8.74,8.74,8.74,3000.0,26220.0,8.74
688023.SH,20260921,44.03,44.03,44.03,44.03,11535.0,507886.0,44.03
688025.SH,20260921,451.0,453.0,453.0,451.0,53911.0,24420165.12,452.97
688026.SH,20260921,21.96,21.96,21.96,21.96,142271.0,3124271.04,21.96
688027.SH,20260921,361.0,361.0,361.0,361.0,5938.0,2143617.92,361.0
688028.SH,20260921,127.0,127.0,127.0,127.0,41775.0,5305424.96,127.0
688029.SH,20260921,80.8,80.8,80.8,80.8,6400.0,517120.0,80.8
688030.SH,20260921,18.07,18.07,18.07,18.07,22326.0,403431.0,18.07
688031.SH,20260921,111.98,111.98,111.98,111.98,21983.0,2461656.0,111.98
688032.SH,20260921,69.31,69.31,69.31,69.31,2629.0,182216.0,69.31
688033.SH,20260921,7.26,7.26,7.26,7.26,32696.0,237373.0,7.26
688035.SH,20260921,78.8,78.8,78.8,78.8,30270.0,2385276.0,78.8
688036.SH,20260921,53.0,53.0,53.0,52.99,28913.0,1532388.96,53.0
688037.SH,20260921,363.98,363.98,363.98,363.98,9939.0,3617597.12,363.98
688038.SH,20260921,18.9,18.9,18.9,18.9,27749.0,524456.0,18.9
688039.SH,20260921,33.47,33.47,33.47,33.47,12523.0,419145.0,33.47
688041.SH,20260921,247.06,247.0,247.15,247.0,295526.0,72995425.28,247.0
688045.SH,20260921,59.91,59.91,59.91,59.91,4664.0,279420.0,59.91
688046.SH,20260921,36.01,36.0,36.5,35.98,83858.0,3022102.08,36.04
688047.SH,20260921,103.79,103.79,103.79,103.79,16487.0,1711185.92,103.79
688048.SH,20260921,345.1,344.82,345.83,344.0,106152.0,36602191.36,344.81
688049.SH,20260921,41.9,41.9,41.9,41.9,56826.0,2381008.96,41.9
688050.SH,20260921,37.64,37.64,37.64,37.64,5435.0,204573.0,37.64
688051.SH,20260921,23.83,23.83,23.83,23.83,23168.0,552093.0,23.83
688052.SH,20260921,252.72,252.72,252.72,252.72,7278.0,1839296.0,252.72
688053.SH,20260921,40.23,40.23,40.23,40.23,3500.0,140805.0,40.23
688055.SH,20260921,3.74,3.74,3.74,3.74,26345.0,98530.0,3.74
688056.SH,20260921,42.48,42.48,42.48,42.48,4200.0,178416.0,42.48
688057.SH,20260921,16.28,16.28,16.28,16.28,493.0,8026.0,16.28
688058.SH,20260921,24.39,24.39,24.39,24.39,10045.0,244998.0,24.39
688059.SH,20260921,88.0,88.0,88.0,88.0,12379.0,1089352.0,88.0
688060.SH,20260921,35.8,35.8,35.8,35.8,3475.0,124405.0,35.8
688061.SH,20260921,45.37,45.7,45.7,45.37,7327.0,334778.0,45.69
688062.SH,20260921,27.04,27.04,27.04,27.04,58379.0,1578568.0,27.04
688063.SH,20260921,41.68,41.68,41.68,41.68,18810.0,784000.96,41.68
688065.SH,20260921,38.06,38.06,38.06,38.06,11979.0,455921.0,38.06
688066.SH,20260921,9.3,9.3,9.3,9.3,314902.0,2928589.12,9.3
688067.SH,20260921,22.61,22.61,22.61,22.61,12502.0,282670.0,22.61
688068.SH,20260921,87.5,87.5,87.5,87.5,3006.0,263025.0,87.5
688069.SH,20260921,36.9,36.9,36.9,36.9,4950.0,182655.0,36.9
688070.SH,20260921,33.31,33.31,33.31,33.31,13452.0,448086.0,33.31
688071.SH,20260921,33.66,33.66,33.66,33.66,3612.0,121580.0,33.66
688072.SH,20260921,725.0,725.0,725.0,725.0,23972.0,17379700.48,725.0
688073.SH,20260921,69.2,69.2,69.2,69.2,56559.0,3913882.88,69.2
688075.SH,20260921,29.34,29.34,29.34,29.34,1800.0,52812.0,29.34
688076.SH,20260921,28.81,28.81,28.81,28.81,7797.0,224632.0,28.81
688077.SH,20260921,27.25,27.25,27.25,27.25,1141.0,31092.0,27.25
688078.SH,20260921,29.58,29.58,29.58,29.58,14179.0,419415.0,29.58
688079.SH,20260921,16.84,16.83,16.88,16.8,215262.0,3623584.96,16.83
688080.SH,20260921,37.83,37.83,37.83,37.83,13906.0,526064.0,37.83
688081.SH,20260921,27.0,27.0,27.0,27.0,13900.0,375300.0,27.0
688082.SH,20260921,296.5,296.5,296.5,296.5,23762.0,7045432.96,296.5
688083.SH,20260921,51.41,51.4,51.41,51.4,1300.0,66822.0,51.4
688084.SH,20260921,44.0,44.0,44.0,44.0,5942.0,261448.0,44.0
688085.SH,20260921,12.5,12.5,12.5,12.5,7441.0,93013.0,12.5
688087.SH,20260921,33.25,33.25,33.25,33.25,1100.0,36575.0,33.25
688088.SH,20260921,29.81,29.98,29.98,29.81,15389.0,461086.0,29.96
688089.SH,20260921,8.47,8.47,8.47,8.47,2250.0,19058.0,8.47
688090.SH,20260921,90.0,90.0,90.0,90.0,225425.0,20288249.6,90.0
688091.SH,20260921,40.3,40.3,40.3,40.3,1000.0,40300.0,40.3
688092.SH,20260921,21.44,21.44,21.44,21.44,1018.0,21826.0,21.44
688093.SH,20260921,22.8,22.8,22.8,22.8,9800.0,223440.0,22.8
688095.SH,20260921,57.56,57.56,57.56,57.56,10275.0,591429.0,57.56
688096.SH,20260921,7.55,7.55,7.55,7.55,27579.0,208221.0,7.55
688097.SH,20260921,46.87,46.99,46.99,46.87,20687.0,972032.0,46.99
688098.SH,20260921,8.58,8.58,8.58,8.58,74789.0,641690.0,8.58
688099.SH,20260921,88.99,88.99,88.99,88.99,30769.0,2738133.12,88.99
688100.SH,20260921,24.74,24.74,24.74,24.74,2560.0,63334.0,24.74
688101.SH,20260921,14.52,14.52,14.52,14.52,3600.0,52272.0,14.52
688102.SH,20260921,31.38,31.38,31.38,31.38,20801.0,652735.0,31.38
688103.SH,20260921,79.85,79.85,79.85,79.85,6311.0,503933.0,79.85
688105.SH,20260921,22.2,22.2,22.2,22.2,61544.0,1366276.96,22.2
688106.SH,20260921,27.9,27.87,27.98,27.87,100253.0,2794170.88,27.87
688107.SH,20260921,30.79,30.79,30.79,30.79,13216.0,406921.0,30.79
688108.SH,20260921,15.75,15.75,15.75,15.75,24302.0,382757.0,15.75
688109.SH,20260921,74.5,74.5,74.5,74.5,200.0,14900.0,74.5
688110.SH,20260921,123.6,123.6,123.97,123.5,113613.0,14044209.92,123.61
688111.SH,20260921,224.5,224.5,224.5,224.5,20797.0,4668927.04,224.5
688112.SH,20260921,81.8,81.8,81.8,81.8,67654.0,5534097.28,81.8
688113.SH,20260921,34.81,34.81,34.81,34.81,0.0,0.0,34.81
688114.SH,20260921,72.33,72.03,72.33,72.03,63663.0,4586736.0,72.05
688115.SH,20260921,65.41,65.41,65.41,65.41,6850.0,448059.0,65.41
688116.SH,20260921,34.11,34.11,34.11,34.11,12310.0,419894.0,34.11
688117.SH,20260921,24.03,24.03,24.03,24.03,95575.0,2296667.04,24.03
688118.SH,20260921,19.37,19.37,19.37,19.37,13478.0,261069.0,19.37
688119.SH,20260921,3.8,3.8,3.8,3.8,14700.0,55860.0,3.8
688120.SH,20260921,263.98,263.98,263.98,263.98,44571.0,11765853.44,263.98
688121.SH,20260921,1.17,1.17,1.17,1.17,352450.0,412367.0,1.17
688122.SH,20260921,50.04,50.05,50.05,50.04,35757.0,1789590.08,50.05
688123.SH,20260921,148.92,148.92,148.92,148.92,58890.0,8769898.88,148.92
688125.SH,20260921,123.0,123.0,123.0,123.0,3130.0,384990.0,123.0
688126.SH,20260921,24.58,24.58,24.58,24.58,212196.0,5215777.92,24.58
688127.SH,20260921,70.81,70.81,70.9,70.52,21494.0,1521801.92,70.8
688128.SH,20260921,22.03,22.03,22.03,22.03,12166.0,268017.0,22.03
688129.SH,20260921,21.86,21.86,21.86,21.86,10906.0,238405.0,21.86
688130.SH,20260921,25.82,25.82,25.82,25.82,10339.0,266953.0,25.82
688131.SH,20260921,99.98,99.98,99.98,99.98,24114.0,2410918.08,99.98
688132.SH,20260921,16.5,16.5,16.5,16.5,23001.0,379517.0,16.5
688133.SH,20260921,21.0,21.0,21.0,21.0,23185.0,486885.0,21.0
688135.SH,20260921,41.5,41.5,41.5,41.5,65848.0,2732691.84,41.5
688136.SH,20260921,21.12,21.04,21.12,21.04,39205.0,825138.0,21.05
688137.SH,20260921,103.98,103.98,103.98,103.98,258412.0,26869680.64,103.98
688138.SH,20260921,38.33,38.33,38.33,38.33,32013.0,1227058.0,38.33
688139.SH,20260921,31.5,31.5,31.5,31.5,6984.0,219996.0,31.5
688141.SH,20260921,118.53,118.53,118.53,118.53,133731.0,15851134.72,118.53
688143.SH,20260921,193.8,193.8,193.8,193.8,55190.0,10695822.08,193.8
688146.SH,20260921,243.08,243.08,243.08,243.08,182569.0,44378869.76,243.08
688147.SH,20260921,121.0,121.0,121.0,121.0,47468.0,5743628.16,121.0
688148.SH,20260921,5.99,5.99,5.99,5.99,5900.0,35341.0,5.99
688150.SH,20260921,43.48,43.48,43.48,43.48,34951.0,1519668.96,43.48
688151.SH,20260921,16.82,16.82,16.82,16.82,7784.0,130927.0,16.82
688152.SH,20260921,35.98,35.98,35.98,35.98,20740.0,746224.96,35.98
688153.SH,20260921,25.79,25.79,25.79,25.79,10520.0,271311.0,25.79
688155.SH,20260921,54.53,54.53,54.53,54.53,18118.0,987975.04,54.53
688156.SH,20260921,22.16,22.16,22.16,22.16,4664.0,103354.0,22.16
688157.SH,20260921,19.02,19.02,19.02,19.02,9700.0,184494.0,19.02
688158.SH,20260921,29.93,29.93,29.93,29.93,31425.0,940550.0,29.93
688159.SH,20260921,36.8,36.8,36.8,36.8,41082.0,1511817.92,36.8
688160.SH,20260921,98.9,98.9,98.9,98.9,3438.0,340018.0,98.9
688161.SH,20260921,21.32,21.32,21.32,21.32,600.0,12792.0,21.32
688162.SH,20260921,24.25,24.25,24.25,24.25,3795.0,92029.0,24.25
688163.SH,20260921,36.29,36.29,36.29,36.29,1700.0,61693.0,36.29
688165.SH,20260921,14.69,14.69,14.69,14.69,98165.0,1442044.0,14.69
688166.SH,20260921,35.2,35.2,35.2,35.2,20332.0,715686.0,35.2
688167.SH,20260921,311.0,311.0,311.0,311.0,33641.0,10462350.72,311.0
688168.SH,20260921,45.43,45.43,45.43,45.43,54739.0,2486792.96,45.43
688169.SH,20260921,118.5,118.5,118.5,118.5,17027.0,2017700.0,118.5
688170.SH,20260921,71.7,71.7,71.7,71.7,92885.0,6659854.72,71.7
688171.SH,20260921,23.4,23.4,23.4,23.4,10370.0,242658.0,23.4
688172.SH,20260921,47.01,47.01,47.01,47.01,44719.0,2102240.0,47.01
688173.SH,20260921,13.2,13.2,13.2,13.2,42401.0,559693.0,13.2
688175.SH,20260921,21.96,21.96,21.96,21.96,214854.0,4718193.92,21.96
688176.SH,20260921,12.85,12.85,12.85,12.85,38991.0,501034.0,12.85
688177.SH,20260921,17.31,17.31,17.31,17.31,15858.0,274502.0,17.31
688178.SH,20260921,29.55,29.55,29.55,29.55,5040.0,148932.0,29.55
688179.SH,20260921,20.48,20.48,20.48,20.48,22537.0,461558.0,20.48
688180.SH,20260921,33.5,33.5,33.5,33.5,36757.0,1231360.0,33.5
688181.SH,20260921,46.13,46.13,46.13,46.13,149854.0,6912764.8,46.13
688182.SH,20260921,29.23,29.23,29.23,29.23,4463.0,130453.0,29.23
688183.SH,20260921,122.05,122.05,122.05,122.05,47990.0,5857180.16,122.05
688184.SH,20260921,10.72,10.72,10.72,10.72,1050.0,11256.0,10.72
688185.SH,20260921,68.97,68.97,68.97,68.97,43803.0,3021093.12,68.97
688186.SH,20260921,14.29,14.29,14.29,14.29,5238.0,74851.0,14.29
688187.SH,20260921,46.05,46.05,46.05,46.05,23798.0,1095898.0,46.05
688188.SH,20260921,95.89,95.89,95.89,95.89,10738.0,1029667.04,95.89
688189.SH,20260921,6.55,6.55,6.55,6.55,102449.0,671041.0,6.55
688190.SH,20260921,71.99,71.99,71.99,71.99,1300.0,93587.0,71.99
688191.SH,20260921,21.5,21.5,21.5,21.5,30695.0,659943.0,21.5
688192.SH,20260921,57.97,57.97,57.97,57.97,40507.0,2348191.04,57.97
688193.SH,20260921,45.57,45.57,45.57,45.57,1289.0,58740.0,45.57
688195.SH,20260921,199.0,199.0,199.0,199.0,22801.0,4537399.04,199.0
688196.SH,20260921,33.33,33.33,33.33,33.33,5437.0,181215.0,33.33
688197.SH,20260921,35.49,35.49,35.49,35.49,4637.0,164567.0,35.49
688198.SH,20260921,72.61,72.61,72.61,72.61,600.0,43566.0,72.61
688199.SH,20260921,25.12,25.12,25.12,25.12,8933.0,224397.0,25.12
688200.SH,20260921,407.0,407.0,407.0,407.0,56648.0,23055736.32,407.0
688201.SH,20260921,7.57,7.57,7.57,7.57,1000.0,7570.0,7.57
688202.SH,20260921,108.0,108.0,108.0,108.0,24299.0,2624292.0,108.0
688203.SH,20260921,17.66,17.66,17.66,17.66,179954.0,3177987.84,17.66
688205.SH,20260921,221.0,221.0,221.0,221.0,71656.0,15835975.68,221.0
688206.SH,20260921,37.94,37.94,37.94,37.94,154341.0,5855697.92,37.94
688207.SH,20260921,19.94,19.94,19.94,19.94,22953.0,457683.0,19.94
688208.SH,20260921,24.85,24.85,24.85,24.85,26506.0,658674.0,24.85
688209.SH,20260921,37.71,37.71,37.71,37.71,107887.0,4068418.88,37.71
688210.SH,20260921,28.38,28.38,28.38,28.38,11892.0,337495.0,28.38
688211.SH,20260921,31.6,31.6,31.6,31.6,3000.0,94800.0,31.6
688212.SH,20260921,28.1,28.1,28.1,28.1,600.0,16860.0,28.1
688213.SH,20260921,94.2,94.2,94.2,94.2,30916.0,2912287.04,94.2
688215.SH,20260921,48.42,48.42,48.42,48.42,9883.0,478535.0,48.42
688216.SH,20260921,39.46,39.46,39.46,39.46,78590.0,3101160.96,39.46
688217.SH,20260921,24.22,24.22,24.22,24.22,9400.0,227668.0,24.22
688218.SH,20260921,40.86,40.86,40.86,40.86,6466.0,264201.0,40.86
688219.SH,20260921,10.18,10.18,10.18,10.18,19260.0,196067.0,10.18
688220.SH,20260921,99.97,99.97,99.97,99.97,54600.0,5458362.24,99.97
688221.SH,20260921,16.58,16.58,16.58,16.58,35418.0,587230.0,16.58
688222.SH,20260921,41.65,41.65,41.65,41.65,239910.0,9992252.16,41.65
688223.SH,20260921,3.86,3.86,3.86,3.86,395325.0,1525955.04,3.86
688225.SH,20260921,13.49,13.49,13.49,13.49,70588.0,952232.0,13.49
688226.SH,20260921,28.96,28.96,28.96,28.96,9000.0,260640.0,28.96
688227.SH,20260921,77.24,77.24,77.24,77.24,8127.0,627729.0,77.24
688228.SH,20260921,80.28,80.28,80.28,80.28,1005.0,80681.0,80.28
688229.SH,20260921,62.33,62.33,62.33,62.33,800.0,49864.0,62.33
688230.SH,20260921,61.72,61.72,61.72,61.72,8445.0,521225.0,61.72
688231.SH,20260921,31.78,31.78,31.78,31.78,2397.0,76177.0,31.78
688232.SH,20260921,17.5,17.5,17.5,17.5,4832.0,84560.0,17.5
688233.SH,20260921,105.68,105.68,105.68,105.68,49544.0,5235809.92,105.68
688234.SH,20260921,108.65,108.65,108.65,108.65,41690.0,4529618.88,108.65
688235.SH,20260921,258.68,258.68,258.68,258.68,19178.0,4960965.12,258.68
688236.SH,20260921,13.75,13.75,13.75,13.75,7639.0,105036.0,13.75
688237.SH,20260921,58.92,58.92,58.92,58.92,5400.0,318168.0,58.92
688238.SH,20260921,7.05,7.05,7.05,7.05,122830.0,865952.0,7.05
688239.SH,20260921,56.7,56.71,56.71,56.7,15936.0,903728.96,56.71
688244.SH,20260921,15.9,15.9,15.9,15.9,374667.0,5957205.12,15.9
688246.SH,20260921,16.36,16.36,16.36,16.36,11277.0,184492.0,16.36
688247.SH,20260921,9.26,9.26,9.26,9.26,4075.0,37735.0,9.26
688248.SH,20260921,56.23,56.23,56.23,56.23,44942.0,2527088.96,56.23
688249.SH,20260921,36.92,36.92,36.92,36.92,59618.0,2201096.96,36.92
688251.SH,20260921,18.7,18.7,18.7,18.7,5800.0,108460.0,18.7
688252.SH,20260921,21.47,21.47,21.47,21.47,7737.0,166113.0,21.47
688253.SH,20260921,57.31,57.31,57.31,57.0,1400.0,80028.0,57.16
688255.SH,20260921,25.73,25.73,25.73,25.73,13904.0,357750.0,25.73
688256.SH,20260921,1123.94,1123.94,1123.94,1123.94,51372.0,57739048.96,1123.94
688257.SH,20260921,57.7,57.7,57.7,57.7,95983.0,5538218.88,57.7
688258.SH,20260921,91.0,91.0,91.0,91.0,2679.0,243789.0,91.0
688259.SH,20260921,32.32,32.32,32.32,32.32,7378.0,238457.0,32.32
688260.SH,20260921,129.0,129.0,129.0,129.0,307413.0,39656276.48,129.0
688261.SH,20260921,81.37,81.37,81.37,81.37,320549.0,26083072.0,81.37
688262.SH,20260921,28.49,28.45,28.49,28.38,28538.0,811944.0,28.45
688265.SH,20260921,44.55,44.55,44.55,44.55,19829.0,883382.0,44.55
688266.SH,20260921,113.5,113.5,113.5,113.5,27471.0,3117959.04,113.5
688267.SH,20260921,22.02,22.02,22.02,22.02,40100.0,883002.0,22.02
688268.SH,20260921,141.98,141.98,141.98,141.98,30238.0,4293191.04,141.98
688269.SH,20260921,27.05,27.05,27.05,27.05,4952.0,133952.0,27.05
688270.SH,20260921,57.98,57.98,57.98,57.98,26836.0,1555951.04,57.98
688271.SH,20260921,101.76,101.76,101.76,101.76,12259.0,1247476.0,101.76
688272.SH,20260921,27.92,27.92,27.92,27.92,1400.0,39088.0,27.92
688273.SH,20260921,29.02,29.02,29.02,29.02,6700.0,194434.0,29.02
688275.SH,20260921,71.3,71.3,71.3,71.3,8427.0,600845.0,71.3
688276.SH,20260921,16.8,16.8,16.8,16.8,33684.0,565891.0,16.8
688277.SH,20260921,15.08,15.08,15.08,15.08,8357.0,126024.0,15.08
688278.SH,20260921,51.98,51.98,51.98,51.98,12391.0,644084.0,51.98
688279.SH,20260921,209.33,209.33,209.33,209.33,2500.0,523325.0,209.33
688280.SH,20260921,5.0,5.0,5.0,5.0,29579.0,147895.0,5.0
688281.SH,20260921,50.9,50.9,50.9,50.9,7500.0,381750.0,50.9
688282.SH,20260921,54.55,54.55,54.55,54.55,2141.0,116792.0,54.55
688283.SH,20260921,27.52,27.52,27.52,27.52,13030.0,358586.0,27.52
688285.SH,20260921,7.5,7.5,7.5,7.5,2200.0,16500.0,7.5
688286.SH,20260921,49.7,49.7,49.7,49.7,11369.0,565039.0,49.7
688288.SH,20260921,17.9,17.9,17.9,17.9,600.0,10740.0,17.9
688289.SH,20260921,16.03,16.03,16.03,16.03,46281.0,741884.0,16.03
688290.SH,20260921,64.3,64.3,64.3,64.3,0.0,0.0,64.3
688291.SH,20260921,39.39,39.22,39.39,39.22,13969.0,548514.0,39.27
688292.SH,20260921,22.06,22.06,22.06,22.06,480068.0,10590300.16,22.06
688293.SH,20260921,72.98,72.98,72.98,72.98,86512.0,6313646.08,72.98
688295.SH,20260921,38.5,38.5,38.5,38.5,41112.0,1582812.0,38.5
688296.SH,20260921,26.1,26.1,26.1,26.1,89541.0,2337020.0,26.1
688297.SH,20260921,44.88,44.88,44.88,44.88,93848.0,4211897.92,44.88
688298.SH,20260921,18.01,18.01,18.01,18.01,22727.0,409313.0,18.01
688299.SH,20260921,13.19,13.19,13.19,13.19,16564.0,218479.0,13.19
688300.SH,20260921,176.8,176.5,176.85,176.5,111733.0,19729506.56,176.58
688301.SH,20260921,91.93,91.93,91.93,91.93,7318.0,672744.0,91.93
688302.SH,20260921,30.99,30.99,30.99,30.99,4062.0,125881.0,30.99
688303.SH,20260921,16.39,16.39,16.39,16.39,8629.0,141429.0,16.39
688305.SH,20260921,57.7,57.7,57.7,57.7,18028.0,1040216.0,57.7
688306.SH,20260921,9.15,9.15,9.15,9.15,97269.0,890011.04,9.15
688307.SH,20260921,49.1,49.1,49.1,49.1,6824.0,335058.0,49.1
688308.SH,20260921,89.32,89.32,89.32,89.32,51238.0,4576577.92,89.32
688309.SH,20260921,78.7,78.7,78.7,78.7,5919.0,465825.0,78.7
688310.SH,20260921,15.69,15.69,15.69,15.69,4530.0,71076.0,15.69
688311.SH,20260921,23.78,23.78,23.78,23.78,16101.0,382882.0,23.78
688312.SH,20260921,56.59,56.59,56.59,56.59,205358.0,11621209.6,56.59
688313.SH,20260921,175.07,175.07,175.07,175.07,243161.0,42570196.48,175.07
688314.SH,20260921,30.43,30.43,30.43,30.43,3188.0,97011.0,30.43
688315.SH,20260921,16.77,16.59,16.77,16.59,314396.0,5217219.84,16.59
688316.SH,20260921,46.07,46.07,46.07,46.07,8293.0,382059.0,46.07
688317.SH,20260921,16.41,16.41,16.41,16.41,2700.0,44307.0,16.41
688318.SH,20260921,81.6,81.6,81.6,81.6,45369.0,3702110.08,81.6
688319.SH,20260921,27.9,27.9,27.9,27.9,9200.0,256680.0,27.9
688320.SH,20260921,33.75,33.75,33.75,33.75,4262.0,143843.0,33.75
688321.SH,20260921,25.26,25.26,25.26,25.26,131998.0,3334269.12,25.26
688322.SH,20260921,92.9,92.9,92.9,92.9,24614.0,2286640.96,92.9
688323.SH,20260921,26.7,26.63,26.7,26.63,27444.0,730868.96,26.63
688325.SH,20260921,110.05,110.05,110.05,110.05,1400.0,154070.0,110.05
688326.SH,20260921,58.05,58.05,58.3,58.05,27536.0,1599584.96,58.09
688327.SH,20260921,10.05,10.05,10.05,10.05,65826.0,661551.0,10.05
688328.SH,20260921,85.43,85.43,85.43,85.43,30176.0,2577936.0,85.43
688329.SH,20260921,21.7,21.7,21.7,21.7,19758.0,428749.0,21.7
688330.SH,20260921,36.38,36.38,36.38,36.38,8340.0,303409.0,36.38
688331.SH,20260921,116.5,116.5,116.5,116.5,43046.0,5014858.88,116.5
688332.SH,20260921,96.0,96.0,96.0,96.0,16062.0,1541952.0,96.0
688333.SH,20260921,107.47,107.47,107.47,107.47,24326.0,2614315.04,107.47
688334.SH,20260921,17.92,17.95,17.95,17.92,5025.0,90188.0,17.95
688335.SH,20260921,18.25,18.25,18.25,18.25,15738.0,287219.0,18.25
688336.SH,20260921,40.5,40.5,40.5,40.5,30982.0,1254771.04,40.5
688337.SH,20260921,44.5,44.5,44.5,44.5,18182.0,809099.04,44.5
688338.SH,20260921,29.76,29.76,29.76,29.76,3704.0,110231.0,29.76
688339.SH,20260921,16.98,16.98,16.98,16.98,26576.0,451260.0,16.98
688343.SH,20260921,66.12,66.0,66.12,65.8,128721.0,8495608.32,66.0
688345.SH,20260921,50.49,50.49,50.49,50.49,592.0,29890.0,50.49
688347.SH,20260921,236.7,235.99,238.18,235.57,174942.0,41335582.72,236.28
688348.SH,20260921,30.6,30.6,30.6,30.6,3293.0,100766.0,30.6
688349.SH,20260921,13.14,13.14,13.14,13.14,9815.0,128969.0,13.14
688350.SH,20260921,27.45,27.45,27.45,27.45,700.0,19215.0,27.45
688351.SH,20260921,17.85,17.85,17.85,17.85,15975.0,285154.0,17.85
688352.SH,20260921,19.8,19.8,19.8,19.8,107669.0,2131846.08,19.8
688353.SH,20260921,85.0,84.9,85.0,84.9,30883.0,2622200.0,84.91
688355.SH,20260921,16.57,16.57,16.57,16.57,1400.0,23198.0,16.57
688356.SH,20260921,85.63,85.63,85.63,85.63,43798.0,3750423.04,85.63
688357.SH,20260921,25.76,25.76,25.76,25.76,10302.0,265380.0,25.76
688358.SH,20260921,27.74,27.74,27.74,27.74,7677.0,212960.0,27.74
688359.SH,20260921,108.0,108.0,108.0,108.0,14302.0,1544616.0,108.0
688360.SH,20260921,15.0,15.0,15.0,15.0,49880.0,748200.0,15.0
688361.SH,20260921,388.0,388.0,388.0,388.0,37609.0,14592291.84,388.0
688362.SH,20260921,65.4,65.43,65.46,65.0,183003.0,11972780.8,65.42
688363.SH,20260921,34.35,34.35,34.35,34.35,10744.0,369056.0,34.35
688365.SH,20260921,14.39,14.39,14.39,14.39,11640.0,167500.0,14.39
688366.SH,20260921,28.87,28.87,28.87,28.87,1700.0,49079.0,28.87
688367.SH,20260921,29.96,29.96,29.96,29.96,1800.0,53928.0,29.96
688368.SH,20260921,149.59,149.59,149.59,149.59,46335.0,6931253.12,149.59
688369.SH,20260921,19.35,19.33,19.35,19.33,14036.0,271416.0,19.34
688370.SH,20260921,25.61,25.61,25.61,25.61,7836.0,200680.0,25.61
688371.SH,20260921,26.19,26.18,26.25,26.18,21400.0,560332.0,26.18
688372.SH,20260921,121.09,121.09,121.09,121.09,22949.0,2778894.08,121.09
688373.SH,20260921,5.45,5.45,5.45,5.45,7306.0,39818.0,5.45
688375.SH,20260921,72.07,72.07,72.07,72.07,6414.0,462257.0,72.07
688376.SH,20260921,67.03,67.03,67.03,67.03,7667.0,513919.0,67.03
688377.SH,20260921,17.08,17.08,17.08,17.08,7209.0,123130.0,17.08
688378.SH,20260921,53.66,53.0,53.66,53.0,73574.0,3900537.92,53.02
688379.SH,20260921,56.02,56.02,56.02,56.02,17779.0,995980.0,56.02
688380.SH,20260921,42.2,42.2,42.3,42.11,217077.0,9161571.84,42.2
688381.SH,20260921,42.1,42.1,42.1,42.1,74023.0,3116368.0,42.1
688382.SH,20260921,19.05,19.05,19.05,19.05,61251.0,1166832.0,19.05
688383.SH,20260921,143.33,143.33,143.33,143.33,12219.0,1751348.96,143.33
688385.SH,20260921,59.62,59.62,59.62,59.62,87298.0,5204706.88,59.62
688386.SH,20260921,47.8,47.8,47.8,47.8,27201.0,1300208.0,47.8
688387.SH,20260921,12.73,12.71,12.73,12.71,49656.0,631194.0,12.71
688388.SH,20260921,30.83,30.83,30.83,30.83,358828.0,11062667.52,30.83
688389.SH,20260921,10.85,10.85,10.85,10.85,19053.0,206725.0,10.85
688390.SH,20260921,60.54,60.54,60.54,60.54,11348.0,687008.0,60.54
688391.SH,20260921,26.55,26.55,26.55,26.55,4025.0,106864.0,26.55
688392.SH,20260921,179.01,179.01,179.01,179.01,17913.0,3206606.08,179.01
688393.SH,20260921,19.66,19.66,19.66,19.66,20144.0,396031.0,19.66
688395.SH,20260921,23.94,23.94,23.94,23.94,26461.0,633476.0,23.94
688396.SH,20260921,62.29,61.92,62.3,61.92,202983.0,12574723.84,61.95
688398.SH,20260921,25.1,25.1,25.1,25.1,72200.0,1812220.0,25.1
688399.SH,20260921,25.38,25.37,25.38,25.37,34508.0,875470.0,25.37
688400.SH,20260921,47.57,47.57,47.57,47.57,48291.0,2297203.04,47.57
688401.SH,20260921,70.0,70.0,70.0,70.0,37978.0,2658460.0,70.0
688403.SH,20260921,26.61,26.61,26.61,26.61,217619.0,5790842.24,26.61
688408.SH,20260921,22.6,22.6,22.6,22.6,8250.0,186450.0,22.6
688409.SH,20260921,201.0,201.0,201.0,201.0,31433.0,6318033.28,201.0
688410.SH,20260921,9.55,9.5,9.55,9.5,43798.0,416426.0,9.51
688411.SH,20260921,170.8,170.8,170.8,170.8,17266.0,2949032.96,170.8
688416.SH,20260921,83.4,83.0,83.5,83.0,71692.0,5966636.16,83.23
688418.SH,20260921,33.1,33.1,33.1,33.1,10980.0,363438.0,33.1
688419.SH,20260921,53.55,53.55,53.55,53.55,19309.0,1033996.96,53.55
688420.SH,20260921,21.46,21.46,21.46,21.46,200.0,4292.0,21.46
688425.SH,20260921,3.96,3.96,3.96,3.96,45430.0,179903.0,3.96
688426.SH,20260921,21.19,21.19,21.19,21.19,1542.0,32675.0,21.19
688428.SH,20260921,28.91,28.85,28.91,28.85,29189.0,842288.96,28.86
688429.SH,20260921,9.68,9.68,9.68,9.68,4252.0,41159.0,9.68
688432.SH,20260921,57.42,56.97,57.51,56.88,1056495.04,60330424.32,57.1
688433.SH,20260921,93.86,93.86,93.86,93.86,9770.0,917012.0,93.86
688435.SH,20260921,29.9,29.9,29.9,29.9,9076.0,271372.0,29.9
688439.SH,20260921,37.78,37.78,37.78,37.78,7018.0,265140.0,37.78
688443.SH,20260921,23.13,23.13,23.13,23.13,5039.0,116552.0,23.13
688448.SH,20260921,70.3,70.3,70.3,70.3,9247.0,650064.0,70.3
688449.SH,20260921,66.49,66.5,66.5,66.46,58618.0,3898015.04,66.5
688450.SH,20260921,32.72,32.72,32.72,32.72,4619.0,151134.0,32.72
688455.SH,20260921,16.83,16.83,16.83,16.83,8094.0,136222.0,16.83
688456.SH,20260921,77.01,77.01,77.01,77.01,41946.0,3230261.12,77.01
688458.SH,20260921,38.65,38.65,38.65,38.65,7812.0,301934.0,38.65
688459.SH,20260921,8.15,8.15,8.15,8.15,0.0,0.0,8.15
688466.SH,20260921,13.49,13.55,13.55,13.49,9570.0,129660.0,13.55
688468.SH,20260921,6.26,6.26,6.26,6.26,17195.0,107641.0,6.26
688469.SH,20260921,8.79,8.77,8.79,8.77,526642.0,4619219.84,8.77
688472.SH,20260921,8.62,8.62,8.62,8.62,219163.0,1889184.96,8.62
688475.SH,20260921,28.07,28.07,28.07,28.07,17558.0,492853.0,28.07
688478.SH,20260921,49.13,49.13,49.13,49.13,36441.0,1790345.92,49.13
688479.SH,20260921,34.89,34.89,34.89,34.89,633.0,22085.0,34.89
688480.SH,20260921,69.6,69.6,69.6,69.6,0.0,0.0,69.6
688484.SH,20260921,35.08,35.05,35.08,35.05,10561.0,370208.0,35.05
688485.SH,20260921,112.99,112.99,112.99,112.99,112905.0,12757135.36,112.99
688486.SH,20260921,46.13,46.0,46.39,46.0,52261.0,2408561.92,46.09
688488.SH,20260921,15.42,15.42,15.42,15.42,10020.0,154508.0,15.42
688489.SH,20260921,24.37,24.37,24.37,24.37,5681.0,138446.0,24.37
688496.SH,20260921,0.58,0.58,0.58,0.58,0.0,0.0,0.58
688498.SH,20260921,1850.0,1850.0,1850.0,1850.0,16210.0,29988500.48,1850.0
688499.SH,20260921,35.7,35.7,35.7,35.7,34356.0,1226508.96,35.7
688500.SH,20260921,32.15,32.15,32.15,32.15,640.0,20576.0,32.15
688501.SH,20260921,15.55,15.55,15.55,15.55,12987.0,201948.0,15.55
688502.SH,20260921,451.39,451.39,451.39,451.39,1552.0,700556.96,451.39
688503.SH,20260921,81.3,81.3,81.3,81.3,126770.0,10306401.28,81.3
688505.SH,20260921,7.8,7.8,7.8,7.8,26119.0,203728.0,7.8
688506.SH,20260921,252.8,252.8,252.8,252.8,19685.0,4976368.0,252.8
688507.SH,20260921,147.0,147.0,147.0,147.0,24040.0,3533880.0,147.0
688508.SH,20260921,92.3,92.3,92.3,92.3,28605.0,2640241.92,92.3
688509.SH,20260921,4.11,4.11,4.11,4.11,12518.0,51449.0,4.11
688510.SH,20260921,24.51,24.51,24.51,24.51,17100.0,419121.0,24.51
688511.SH,20260921,23.51,23.51,23.51,23.51,6943.0,163230.0,23.51
688512.SH,20260921,14.24,14.24,14.24,14.24,268976.0,3830217.92,14.24
688513.SH,20260921,48.76,48.76,48.76,48.76,2400.0,117024.0,48.76
688515.SH,20260921,154.27,154.27,154.27,154.27,7064.0,1089763.04,154.27
688516.SH,20260921,45.24,45.24,45.24,45.24,39547.0,1789105.92,45.24
688517.SH,20260921,16.01,16.01,16.01,16.01,6000.0,96060.0,16.01
688518.SH,20260921,21.24,21.18,21.24,21.16,44279.0,937794.0,21.18
688519.SH,20260921,319.89,319.89,319.89,319.89,30290.0,9689468.16,319.89
688520.SH,20260921,33.81,33.81,33.81,33.81,33051.0,1117454.0,33.81
688521.SH,20260921,207.0,207.0,207.0,207.0,148631.0,30766615.04,207.0
688522.SH,20260921,18.21,18.21,18.21,18.21,39712.0,723156.0,18.21
688523.SH,20260921,41.89,41.89,41.89,41.89,8400.0,351876.0,41.89
688525.SH,20260921,220.98,220.98,220.98,220.98,179947.0,39764687.36,220.98
688526.SH,20260921,12.38,12.38,12.38,12.38,1937.0,23980.0,12.38
688528.SH,20260921,9.94,9.94,9.94,9.94,25586.0,254325.0,9.94
688529.SH,20260921,14.52,14.52,14.52,14.52,7861.0,114142.0,14.52
688530.SH,20260921,63.37,63.37,63.37,63.37,72678.0,4605605.12,63.37
688531.SH,20260921,147.95,147.95,147.95,147.95,14550.0,2152672.96,147.95
688533.SH,20260921,19.5,19.5,19.5,19.5,31493.0,614114.0,19.5
688535.SH,20260921,113.42,113.43,113.66,113.19,76282.0,8652881.92,113.43
688536.SH,20260921,353.0,353.0,353.0,353.0,13810.0,4874929.92,353.0
688538.SH,20260921,2.07,2.07,2.07,2.07,175400.0,363078.0,2.07
688539.SH,20260921,24.58,24.53,24.58,24.45,6100.0,149634.0,24.53
688543.SH,20260921,43.35,43.35,43.35,43.35,45668.0,1979708.0,43.35
688545.SH,20260921,81.9,81.9,81.9,81.9,115948.0,9496140.8,81.9
688548.SH,20260921,33.59,33.59,33.59,33.59,375383.0,12609114.88,33.59
688549.SH,20260921,24.87,24.87,24.87,24.87,1039618.0,25855301.12,24.87
688550.SH,20260921,38.5,38.44,38.5,38.44,41311.0,1589588.96,38.48
688551.SH,20260921,40.2,40.2,40.2,40.2,6910.0,277782.0,40.2
688552.SH,20260921,31.0,31.0,31.0,31.0,11814.0,366234.0,31.0
688553.SH,20260921,11.2,11.25,11.25,11.2,54919.0,617799.0,11.25
688556.SH,20260921,7.85,7.85,7.85,7.85,80653.0,633126.0,7.85
688557.SH,20260921,19.98,19.98,19.98,19.98,7549.0,150829.0,19.98
688558.SH,20260921,33.6,33.6,33.6,33.6,5212.0,175123.0,33.6
688559.SH,20260921,59.95,59.95,59.95,59.95,31897.0,1912224.96,59.95
688560.SH,20260921,12.32,12.32,12.32,12.32,11157.0,137454.0,12.32
688561.SH,20260921,28.0,28.0,28.0,28.0,52079.0,1458212.0,28.0
688562.SH,20260921,14.27,14.27,14.27,14.27,3280.0,46806.0,14.27
688563.SH,20260921,55.0,55.29,55.29,55.0,3700.0,204305.0,55.22
688565.SH,20260921,11.14,11.14,11.14,11.14,2100.0,23394.0,11.14
688566.SH,20260921,26.2,26.2,26.2,26.2,5400.0,141480.0,26.2
688567.SH,20260921,9.08,9.08,9.08,9.08,1225.0,11123.0,9.08
688568.SH,20260921,31.6,31.6,31.6,31.6,24243.0,766079.04,31.6
688569.SH,20260921,18.42,18.42,18.42,18.42,1800.0,33156.0,18.42
688570.SH,20260921,14.58,14.58,14.58,14.58,0.0,0.0,14.58
688571.SH,20260921,8.22,8.22,8.22,8.22,7102.0,58378.0,8.22
688573.SH,20260921,15.43,15.43,15.43,15.43,5700.0,87951.0,15.43
688575.SH,20260921,9.68,9.68,9.68,9.68,42457.0,410984.0,9.68
688576.SH,20260921,38.8,38.8,38.8,38.8,0.0,0.0,38.8
688577.SH,20260921,41.2,41.2,41.2,41.2,6666.0,274639.0,41.2
688578.SH,20260921,101.48,101.48,101.48,101.48,35898.0,3642928.96,101.48
688579.SH,20260921,7.68,7.68,7.68,7.68,2300.0,17664.0,7.68
688580.SH,20260921,43.08,43.08,43.08,43.08,5451.0,234829.0,43.08
688581.SH,20260921,55.48,55.48,55.48,55.48,14774.0,819662.0,55.48
688582.SH,20260921,39.89,39.89,39.89,39.89,27510.0,1097374.0,39.89
688583.SH,20260921,81.04,81.04,81.04,81.04,1408.0,114104.0,81.04
688584.SH,20260921,28.3,28.3,28.3,28.3,35159.0,995000.0,28.3
688585.SH,20260921,158.0,158.0,158.0,158.0,51683.0,8165914.24,158.0
688586.SH,20260921,11.12,11.12,11.12,11.12,14854.0,165176.0,11.12
688588.SH,20260921,8.88,8.88,8.88,8.88,25067.0,222595.0,8.88
688589.SH,20260921,20.81,20.81,20.81,20.81,20712.0,431017.0,20.81
688590.SH,20260921,11.69,11.69,11.69,11.69,40041.0,468079.0,11.69
688591.SH,20260921,30.18,30.18,30.18,30.18,25290.0,763252.0,30.18
688592.SH,20260921,22.98,22.98,22.98,22.98,0.0,0.0,22.98
688593.SH,20260921,31.27,31.27,31.27,31.27,74631.0,2333711.04,31.27
688595.SH,20260921,30.86,30.86,30.86,30.86,9332.0,287986.0,30.86
688596.SH,20260921,68.0,68.0,68.0,68.0,61165.0,4159219.84,68.0
688597.SH,20260921,6.25,6.25,6.25,6.25,31184.0,194900.0,6.25
688598.SH,20260921,35.24,35.24,35.24,35.24,60334.0,2126169.92,35.24
688599.SH,20260921,11.12,11.12,11.12,11.12,230944.0,2568096.96,11.12
688600.SH,20260921,36.84,36.84,36.84,36.84,90969.0,3351297.92,36.84
688601.SH,20260921,62.07,62.07,62.07,62.07,2669.0,165665.0,62.07
688602.SH,20260921,6.86,6.86,6.86,6.86,7200.0,49392.0,6.86
688603.SH,20260921,125.0,125.0,125.0,125.0,18815.0,2351875.04,125.0
688605.SH,20260921,90.0,90.0,90.0,90.0,30818.0,2773619.84,90.0
688606.SH,20260921,46.45,46.45,46.45,46.45,7758.0,360359.0,46.45
688607.SH,20260921,39.73,39.73,39.73,39.73,1300.0,51649.0,39.73
688608.SH,20260921,103.99,103.99,103.99,103.99,17293.0,1798299.04,103.99
688609.SH,20260921,9.59,9.59,9.59,9.59,163119.0,1564311.04,9.59
688610.SH,20260921,176.65,175.76,178.37,175.76,33180.0,5862752.0,176.7
688611.SH,20260921,69.79,69.79,69.79,69.79,1200.0,83748.0,69.79
688612.SH,20260921,36.2,36.2,36.2,36.2,11793.0,426907.0,36.2
688613.SH,20260921,18.02,18.02,18.02,18.02,90594.0,1632504.0,18.02
688615.SH,20260921,87.26,87.3,87.44,87.26,13389.0,1168920.0,87.31
688616.SH,20260921,10.62,10.62,10.62,10.62,14449.0,153448.0,10.62
688617.SH,20260921,240.7,240.7,240.7,240.7,4504.0,1084112.96,240.7
688618.SH,20260921,29.71,29.71,29.71,29.71,4519.0,134259.0,29.71
688619.SH,20260921,14.96,14.97,14.97,14.96,9105.0,136299.0,14.97
688620.SH,20260921,18.1,18.1,18.1,18.1,102968.0,1863720.96,18.1
688621.SH,20260921,74.79,74.79,74.79,74.79,5490.0,410597.0,74.79
688622.SH,20260921,130.0,130.0,130.0,130.0,12767.0,1659710.08,130.0
688623.SH,20260921,57.7,57.7,57.7,57.7,1959.0,113034.0,57.7
688625.SH,20260921,73.98,73.98,73.98,73.98,68342.0,5055941.12,73.98
688626.SH,20260921,40.87,40.87,40.87,40.87,31595.0,1291288.0,40.87
688627.SH,20260921,513.0,513.0,513.0,513.0,41487.0,21282831.36,513.0
688628.SH,20260921,79.92,79.69,79.92,79.69,10535.0,839828.96,79.72
688629.SH,20260921,134.99,134.99,134.99,134.99,67856.0,9159880.96,134.99
688630.SH,20260921,442.0,442.0,442.0,442.0,11091.0,4902222.08,442.0
688631.SH,20260921,37.27,37.27,37.27,37.27,200.0,7454.0,37.27
688633.SH,20260921,22.49,22.49,22.49,22.49,3200.0,71968.0,22.49
688635.SH,20260921,294.13,294.13,294.13,294.13,9468.0,2784823.04,294.13
688636.SH,20260921,20.95,20.95,20.95,20.95,72725.0,1523588.96,20.95
688638.SH,20260921,32.65,32.65,32.65,32.65,3100.0,101215.0,32.65
688639.SH,20260921,17.29,17.16,17.29,17.16,49829.0,855503.04,17.17
688646.SH,20260921,79.4,79.4,79.4,79.4,2355.0,186987.0,79.4
688648.SH,20260921,29.55,29.55,29.55,29.55,2200.0,65010.0,29.55
688651.SH,20260921,23.28,23.28,23.28,23.28,10867.0,252984.0,23.28
688652.SH,20260921,153.23,153.23,153.23,153.23,16171.0,2477881.92,153.23
688653.SH,20260921,15.3,15.3,15.3,15.3,86149.0,1318080.0,15.3
688655.SH,20260921,66.2,66.2,66.2,66.2,163966.0,10854548.48,66.2
688656.SH,20260921,114.2,114.2,114.2,114.2,600.0,68520.0,114.2
688657.SH,20260921,32.87,32.66,32.87,32.66,7640.0,249596.0,32.67
688658.SH,20260921,12.98,12.98,12.98,12.98,37563.0,487568.0,12.98
688659.SH,20260921,9.02,9.02,9.02,9.02,1900.0,17138.0,9.02
688660.SH,20260921,9.3,9.3,9.3,9.3,203699.0,1894400.96,9.3
688661.SH,20260921,111.0,111.0,111.0,111.0,20837.0,2312907.04,111.0
688662.SH,20260921,100.31,100.31,100.31,100.31,154771.0,15525079.04,100.31
688663.SH,20260921,56.2,56.2,56.2,56.2,3946.0,221765.0,56.2
688665.SH,20260921,43.71,43.71,43.71,43.71,13357.0,583834.0,43.71
688667.SH,20260921,98.59,98.59,98.59,98.59,5634.0,555456.0,98.59
688668.SH,20260921,272.51,272.51,272.51,272.51,10506.0,2862990.08,272.51
688669.SH,20260921,69.23,69.23,69.23,69.23,5200.0,359996.0,69.23
688670.SH,20260921,17.6,17.6,17.6,17.6,13991.0,246242.0,17.6
688671.SH,20260921,24.81,24.81,24.81,24.81,5466.0,135611.0,24.81
688676.SH,20260921,66.0,66.0,66.0,66.0,46625.0,3077249.92,66.0
688677.SH,20260921,82.8,82.8,82.8,82.8,8874.0,734767.04,82.8
688678.SH,20260921,24.68,24.68,24.68,24.68,164187.0,4052135.04,24.68
688679.SH,20260921,42.99,43.0,43.0,42.85,5387.0,231549.0,42.98
688680.SH,20260921,34.37,34.37,34.37,34.37,21691.0,745520.0,34.37
688681.SH,20260921,14.92,15.15,15.15,14.92,13250.0,200692.0,15.15
688682.SH,20260921,30.97,30.97,30.97,30.97,1200.0,37164.0,30.97
688683.SH,20260921,32.1,32.1,32.1,32.1,6109.0,196099.0,32.1
688685.SH,20260921,36.0,36.0,36.0,36.0,14118.0,508248.0,36.0
688686.SH,20260921,142.44,142.44,142.44,142.44,2678.0,381454.0,142.44
688687.SH,20260921,17.26,17.26,17.26,17.26,31469.0,543155.0,17.26
688689.SH,20260921,41.58,41.58,41.58,41.58,35183.0,1462908.96,41.58
688690.SH,20260921,47.6,47.6,47.6,47.6,20062.0,954951.04,47.6
688691.SH,20260921,66.0,65.51,66.0,65.51,11665.0,764366.0,65.53
688692.SH,20260921,204.55,204.55,204.55,204.55,5064.0,1035840.96,204.55
688693.SH,20260921,80.6,80.6,80.6,80.6,8573.0,690984.0,80.6
688695.SH,20260921,18.83,18.83,18.83,18.83,3600.0,67788.0,18.83
688696.SH,20260921,83.01,84.3,84.3,83.01,6936.0,582040.0,83.92
688697.SH,20260921,15.1,15.1,15.1,15.1,79643.0,1202608.96,15.1
688698.SH,20260921,43.3,43.3,43.3,43.3,9167.0,396931.0,43.3
688699.SH,20260921,68.55,68.55,68.55,68.55,24170.0,1656854.08,68.55
688700.SH,20260921,65.99,65.84,65.99,65.84,42727.0,2813688.0,65.85
688701.SH,20260921,8.7,8.7,8.7,8.7,17134.0,149066.0,8.7
688702.SH,20260921,337.1,337.1,337.1,337.1,36888.0,12434945.28,337.1
688707.SH,20260921,10.26,10.26,10.26,10.26,3915.0,40168.0,10.26
688708.SH,20260921,40.67,40.07,40.67,40.07,9298.0,374958.0,40.33
688709.SH,20260921,25.19,25.19,25.19,25.19,8694.0,219002.0,25.19
688710.SH,20260921,94.9,94.9,94.9,94.9,8168.0,775143.04,94.9
688711.SH,20260921,29.32,29.32,29.32,29.32,54052.0,1584804.96,29.32
688712.SH,20260921,31.43,31.95,31.95,31.43,80555.0,2572713.92,31.94
688716.SH,20260921,25.95,25.95,25.95,25.95,3031.0,78654.0,25.95
688717.SH,20260921,44.12,44.12,44.12,44.12,21833.0,963272.0,44.12
688718.SH,20260921,14.17,14.17,14.17,14.17,5436.0,77028.0,14.17
688719.SH,20260921,56.88,56.63,56.88,56.63,43853.0,2483439.04,56.63
688720.SH,20260921,68.57,68.57,68.57,68.57,26878.0,1843024.0,68.57
688721.SH,20260921,41.46,41.46,41.46,41.46,11735.0,486533.0,41.46
688722.SH,20260921,14.15,14.15,14.15,14.15,15800.0,223570.0,14.15
688726.SH,20260921,47.33,47.19,47.45,47.19,94312.0,4451312.96,47.2
688727.SH,20260921,49.8,49.8,49.8,49.8,15098.0,751880.0,49.8
688728.SH,20260921,15.0,15.0,15.0,15.0,214104.0,3211560.0,15.0
688729.SH,20260921,25.3,25.3,25.3,25.3,249039.0,6300686.72,25.3
688733.SH,20260921,29.52,29.52,29.52,29.52,34232.0,1010528.96,29.52
688737.SH,20260921,17.05,17.05,17.05,17.05,400.0,6820.0,17.05
688739.SH,20260921,20.44,20.44,20.44,20.44,54392.0,1111772.0,20.44
688750.SH,20260921,14.16,14.16,14.16,14.16,0.0,0.0,14.16
688755.SH,20260921,28.15,27.95,28.15,27.95,2749.0,77153.0,28.07
688757.SH,20260921,31.66,31.66,31.66,31.66,111845.0,3541013.12,31.66
688758.SH,20260921,33.13,33.13,33.13,33.13,80908.0,2680481.92,33.13
688759.SH,20260921,22.65,22.65,22.65,22.65,10165.0,230237.0,22.65
688765.SH,20260921,37.98,37.98,37.98,37.98,15688.0,595830.0,37.98
688766.SH,20260921,438.67,438.67,438.67,438.67,146927.0,64452469.76,438.67
688767.SH,20260921,41.05,41.05,41.05,41.05,46145.0,1894252.0,41.05
688768.SH,20260921,41.61,41.61,41.61,41.61,1600.0,66576.0,41.61
688772.SH,20260921,13.71,13.7,13.71,13.7,52470.0,718842.0,13.7
688775.SH,20260921,97.88,97.88,97.88,97.88,15301.0,1497662.08,97.88
688776.SH,20260921,46.59,46.59,46.59,46.59,3651.0,170100.0,46.59
688777.SH,20260921,88.56,88.56,88.56,88.56,37250.0,3298860.16,88.56
688778.SH,20260921,44.9,44.96,44.98,44.9,60807.0,2733730.88,44.96
688779.SH,20260921,7.72,7.72,7.72,7.72,65955.0,509173.0,7.72
688781.SH,20260921,40.0,40.0,40.0,40.0,26874.0,1074960.0,40.0
688783.SH,20260921,29.9,29.9,29.9,29.9,156082.0,4666851.84,29.9
688785.SH,20260921,370.55,374.0,374.0,370.0,25428.0,9504830.08,373.79
688786.SH,20260921,28.92,28.92,28.92,28.92,13300.0,384636.0,28.92
688787.SH,20260921,93.0,93.0,93.0,93.0,5026.0,467418.0,93.0
688788.SH,20260921,29.68,29.68,29.68,29.68,15000.0,445200.0,29.68
688789.SH,20260921,42.93,42.93,42.93,42.93,11973.0,514001.0,42.93
688790.SH,20260921,103.5,103.5,103.5,103.5,43629.0,4515601.92,103.5
688793.SH,20260921,17.45,17.45,17.45,17.45,3378.0,58946.0,17.45
688795.SH,20260921,407.99,407.99,407.99,407.99,40103.0,16361623.04,407.99
688796.SH,20260921,135.43,135.0,136.23,134.5,42593.0,5753735.04,135.09
688797.SH,20260921,300.01,300.01,300.01,300.01,66959.0,20088369.92,300.01
688798.SH,20260921,56.0,56.0,56.0,56.0,18449.0,1033144.0,56.0
688799.SH,20260921,55.95,55.95,55.95,55.95,2914.0,163038.0,55.95
688800.SH,20260921,70.0,70.0,70.0,70.0,32089.0,2246230.08,70.0
688801.SH,20260921,510.0,510.0,510.0,510.0,44662.0,22777620.48,510.0
688802.SH,20260921,551.0,551.0,551.0,551.0,93111.0,51304161.28,551.0
688805.SH,20260921,40.08,40.08,40.08,40.08,700.0,28056.0,40.08
688806.SH,20260921,23.03,23.0,23.13,23.0,87743.0,2018816.0,23.01
688807.SH,20260921,378.0,378.0,378.0,378.0,20061.0,7583057.92,378.0
688808.SH,20260921,2478.0,2478.0,2478.0,2478.0,3800.0,9416400.0,2478.0
688809.SH,20260921,536.0,536.0,536.0,536.0,5181.0,2777016.0,536.0
688811.SH,20260921,20.98,20.98,20.98,20.98,47173.0,989690.0,20.98
688813.SH,20260921,141.98,141.98,141.98,141.98,19227.0,2729848.96,141.98
688816.SH,20260921,47.95,47.95,47.95,47.95,1896.0,90913.0,47.95
688818.SH,20260921,43.38,43.38,43.38,43.38,24628.0,1068363.04,43.38
688819.SH,20260921,20.7,20.7,20.7,20.7,4900.0,101430.0,20.7
688820.SH,20260921,143.0,143.0,143.0,143.0,127948.0,18296564.48,143.0
688825.SH,20260921,57.0,57.0,57.0,57.0,5404904.96,308079575.04,57.0
688826.SH,20260921,852.68,852.68,852.68,852.68,20389.0,17385291.52,852.68
688828.SH,20260921,95.29,95.29,95.29,95.29,23301.0,2220352.0,95.29
688835.SH,20260921,335.0,335.0,335.0,335.0,71046.0,23800409.6,335.0
688836.SH,20260921,502.88,502.88,502.88,502.88,64682.0,32527283.2,502.88
688837.SH,20260921,51.0,51.0,51.0,51.0,1266492.0,64591093.76,51.0
688981.SH,20260921,122.6,122.6,122.6,122.6,187849.0,23030287.36,122.6
689009.SH,20260921,37.86,37.86,37.86,37.86,19363.0,733083.04,37.86
920000.BJ,20260921,13.68,13.68,13.68,13.68,10960.0,149932.8,13.68
920001.BJ,20260921,11.77,11.77,11.77,11.77,21813.0,256594.44,11.76
920002.BJ,20260921,49.68,50.01,50.01,49.68,1433.0,71277.44,49.74
920003.BJ,20260921,15.26,15.26,15.26,15.26,100.0,1526.0,15.26
920006.BJ,20260921,17.9,17.9,17.9,17.9,22892.0,409819.92,17.9
920007.BJ,20260921,33.14,33.14,33.14,33.14,1311.0,43446.54,33.14
920008.BJ,20260921,21.85,21.85,21.85,21.85,32904.0,718934.16,21.85
920009.BJ,20260921,34.41,34.41,34.41,34.41,300.0,10323.0,34.41
920010.BJ,20260921,8.81,8.76,8.81,8.76,97102.0,850643.84,8.76
920011.BJ,20260921,18.08,18.08,18.08,18.08,15496.0,280222.1,18.08
920012.BJ,20260921,50.08,50.02,50.08,50.02,5457.0,272972.04,50.02
920014.BJ,20260921,8.62,8.62,8.62,8.62,3000.0,25860.0,8.62
920015.BJ,20260921,38.5,38.5,38.5,38.5,41477.0,1596890.4,38.5
920016.BJ,20260921,14.73,14.72,14.73,14.72,21471.0,316104.12,14.72
920017.BJ,20260921,15.8,15.7,15.8,15.7,16114.0,253905.52,15.76
920018.BJ,20260921,14.9,14.59,14.9,14.59,9780.0,142984.2,14.62
920019.BJ,20260921,15.32,15.3,15.32,15.3,7880.0,120568.0,15.3
920020.BJ,20260921,14.73,14.73,14.73,14.73,800.0,11784.0,14.73
920021.BJ,20260921,8.4,8.35,8.4,8.35,920784.0,7688805.12,8.35
920022.BJ,20260921,18.9,18.69,18.9,18.69,3000.0,56227.0,18.74
920023.BJ,20260921,1.41,1.41,1.41,1.41,28165.0,39712.65,1.41
920026.BJ,20260921,17.71,17.7,17.71,17.7,10934.0,193462.1,17.69
920028.BJ,20260921,15.5,15.5,15.5,15.5,8381.0,129853.5,15.49
920029.BJ,20260921,31.75,31.82,31.82,31.75,6094.0,193980.24,31.83
920030.BJ,20260921,4.59,4.6,4.6,4.59,53391.0,245523.66,4.6
920033.BJ,20260921,13.45,13.45,13.45,13.45,910.0,12239.5,13.45
920035.BJ,20260921,24.13,24.13,24.13,24.13,700.0,16898.0,24.14
920036.BJ,20260921,32.18,32.4,32.4,32.18,3099.0,100093.02,32.3
920037.BJ,20260921,37.61,37.6,37.61,37.6,5766.0,216811.36,37.6
920038.BJ,20260921,38.26,38.06,38.26,38.06,20433.0,778626.32,38.11
920039.BJ,20260921,7.55,7.54,7.55,7.54,4899.0,36941.46,7.54
920045.BJ,20260921,573.0,573.95,573.95,573.0,23776.0,13642666.24,573.8
920046.BJ,20260921,20.06,20.01,20.06,20.01,9396.0,188569.14,20.07
920047.BJ,20260921,14.99,14.94,14.99,14.94,33504.0,501486.52,14.97
920050.BJ,20260921,28.48,28.41,28.48,28.41,600.0,17081.0,28.47
920055.BJ,20260921,25.82,25.82,25.82,25.82,100.0,2582.0,25.82
920056.BJ,20260921,14.47,14.44,14.47,14.44,11800.0,170498.46,14.45
920057.BJ,20260921,4.7,4.7,4.7,4.7,3700.0,17390.0,4.7
920058.BJ,20260921,27.4,27.53,27.53,27.4,5734.0,157818.02,27.52
920059.BJ,20260921,12.81,12.85,12.85,12.81,88645.0,1137330.72,12.83
920060.BJ,20260921,28.6,28.6,28.6,28.6,102707.0,2941475.2,28.64
920062.BJ,20260921,7.24,7.24,7.24,7.24,5100.0,36924.0,7.24
920065.BJ,20260921,37.35,37.4,37.4,37.35,198934.0,7439584.64,37.4
920068.BJ,20260921,15.62,15.62,15.62,15.62,100.0,1562.0,15.62
920069.BJ,20260921,32.5,32.5,32.5,32.5,300.0,9750.0,32.5
920071.BJ,20260921,26.24,26.23,26.24,26.23,330266.0,8662300.16,26.23
920072.BJ,20260921,23.5,23.5,23.5,23.5,4527.0,106296.38,23.48
920075.BJ,20260921,16.43,16.43,16.43,16.43,9031.0,148379.34,16.43
920076.BJ,20260921,12.56,12.51,12.56,12.51,40000.0,501893.0,12.55
920077.BJ,20260921,13.1,13.08,13.1,13.08,1900.0,24861.56,13.09
920078.BJ,20260921,18.67,18.69,18.69,18.67,20530.0,383685.92,18.69
920079.BJ,20260921,12.98,13.0,13.0,12.98,26996.0,350892.0,13.0
920080.BJ,20260921,20.76,20.76,20.76,20.76,1900.0,39444.0,20.76
920081.BJ,20260921,42.29,42.29,42.29,42.29,17629.0,745901.52,42.31
920083.BJ,20260921,39.66,39.48,39.66,39.48,184625.0,7298992.0,39.53
920086.BJ,20260921,20.21,20.21,20.21,20.21,4824.0,97483.04,20.21
920087.BJ,20260921,15.55,15.55,15.55,15.55,351810.0,5479868.8,15.58
920088.BJ,20260921,41.99,41.98,41.99,41.98,132262.0,5555508.48,42.0
920091.BJ,20260921,28.67,28.44,28.67,28.44,2800.0,79677.0,28.46
920092.BJ,20260921,25.53,25.4,25.53,25.4,4978.0,126558.2,25.42
920093.BJ,20260921,19.35,19.5,19.5,19.35,95676.0,1863778.56,19.48
920096.BJ,20260921,31.9,31.94,31.94,31.9,16358.0,522374.52,31.93
920099.BJ,20260921,16.33,16.33,16.33,16.33,1000.0,16330.0,16.33
920100.BJ,20260921,29.48,29.39,29.48,29.39,413.0,12166.24,29.46
920101.BJ,20260921,16.13,16.13,16.13,16.13,700.0,11291.0,16.13
920106.BJ,20260921,34.1,34.1,34.1,34.1,2789.0,95104.9,34.1
920107.BJ,20260921,19.71,19.87,19.87,19.71,35998.0,714384.88,19.85
920108.BJ,20260921,8.55,8.55,8.55,8.55,1957.0,16732.35,8.55
920110.BJ,20260921,25.76,25.76,25.76,25.76,2852.0,73467.53,25.76
920111.BJ,20260921,26.76,26.76,26.76,26.76,3200.0,85152.0,26.61
920112.BJ,20260921,14.34,14.31,14.34,14.31,3734.0,53467.41,14.32
920116.BJ,20260921,43.35,43.35,43.35,43.35,6050.0,262315.5,43.36
920117.BJ,20260921,30.98,30.38,30.98,30.38,303523.0,9250311.04,30.48
920118.BJ,20260921,20.89,20.89,20.89,20.89,500.0,10445.0,20.89
920119.BJ,20260921,56.52,56.52,56.52,56.52,780.0,44155.2,56.61
920122.BJ,20260921,24.19,24.33,24.33,24.19,19030.0,462677.64,24.31
920123.BJ,20260921,10.76,10.56,10.76,10.56,55901.0,590710.92,10.57
920124.BJ,20260921,12.57,12.57,12.57,12.57,7970.0,100182.9,12.57
920125.BJ,20260921,151.0,150.0,151.0,150.0,48103.0,7218556.8,150.07
920126.BJ,20260921,10.03,10.03,10.03,10.03,22312.0,223789.36,10.03
920128.BJ,20260921,19.97,19.97,19.97,19.97,22801.0,454794.92,19.95
920130.BJ,20260921,17.23,16.72,17.23,16.72,4895.0,83464.9,17.05
920132.BJ,20260921,9.23,9.3,9.3,9.23,29047.0,269817.38,9.29
920136.BJ,20260921,22.16,22.16,22.16,22.16,26497.0,586853.76,22.15
920138.BJ,20260921,34.88,34.8,34.88,34.8,127253.0,4427701.12,34.79
920139.BJ,20260921,14.87,14.87,14.87,14.87,27979.0,416405.56,14.88
920145.BJ,20260921,10.2,10.2,10.2,10.2,1700.0,17340.0,10.2
920146.BJ,20260921,5.09,5.15,5.15,5.09,10700.0,54871.0,5.13
920149.BJ,20260921,8.46,8.47,8.47,8.46,2910.0,24620.6,8.46
920156.BJ,20260921,36.41,36.48,36.48,36.41,9350.0,340962.48,36.47
920158.BJ,20260921,7.97,7.97,7.97,7.97,554.0,4415.38,7.97
920159.BJ,20260921,29.57,29.65,29.65,29.57,12292.0,364370.12,29.64
920160.BJ,20260921,18.86,18.85,18.86,18.85,10347.0,195067.38,18.85
920161.BJ,20260921,21.44,21.34,21.44,21.34,13674.0,292146.56,21.37
920163.BJ,20260921,9.92,9.92,9.92,9.92,600.0,5952.0,9.92
920165.BJ,20260921,35.59,35.59,35.59,35.59,6826.0,242937.34,35.59
920167.BJ,20260921,13.47,13.47,13.47,13.47,189.0,2545.83,13.47
920168.BJ,20260921,15.29,15.29,15.29,15.29,700.0,10703.0,15.29
920169.BJ,20260921,20.51,20.52,20.52,20.51,3801.0,77997.01,20.52
920171.BJ,20260921,16.0,15.81,16.0,15.81,5731.0,90986.16,15.88
920174.BJ,20260921,31.01,31.01,31.01,31.01,212.0,6574.12,31.01
920175.BJ,20260921,7.79,7.77,7.79,7.77,4329.0,33673.33,7.78
920176.BJ,20260921,67.0,68.93,68.93,67.0,25507.0,1749201.6,68.58
920177.BJ,20260921,23.24,23.31,23.31,23.24,5000.0,116480.0,23.3
920178.BJ,20260921,95.5,95.51,95.51,95.5,18221.0,1740138.88,95.5
920179.BJ,20260921,60.0,59.71,60.0,59.71,39161.0,2339627.04,59.74
920180.BJ,20260921,11.64,11.64,11.64,11.64,5000.0,58200.0,11.64
920181.BJ,20260921,71.53,71.5,71.53,71.5,4203.0,301041.54,71.63
920183.BJ,20260921,29.47,29.47,29.47,29.47,1679.0,49498.29,29.48
920184.BJ,20260921,11.45,11.45,11.45,11.45,2650.0,30342.5,11.45
920185.BJ,20260921,19.8,19.81,19.81,19.8,46496.0,921001.92,19.81
920186.BJ,20260921,73.19,73.19,73.19,73.19,99841.0,7310590.08,73.22
920187.BJ,20260921,17.08,17.08,17.08,17.08,100.0,1708.0,17.08
920188.BJ,20260921,21.73,21.84,21.84,21.73,1600.0,34839.5,21.78
920189.BJ,20260921,21.03,21.05,21.05,21.03,61510.0,1294668.16,21.05
920190.BJ,20260921,24.38,24.34,24.38,24.34,12446.0,302942.68,24.34
920191.BJ,20260921,8.75,8.75,8.75,8.75,20200.0,176750.0,8.75
920193.BJ,20260921,30.93,30.98,30.98,30.93,38380.0,1188324.96,30.96
920195.BJ,20260921,12.52,12.52,12.52,12.52,500.0,6260.0,12.52
920198.BJ,20260921,7.84,7.84,7.84,7.84,16526.0,129593.52,7.84
920199.BJ,20260921,25.3,25.28,25.3,25.28,65133.0,1648323.36,25.31
920200.BJ,20260921,31.0,30.9,31.0,30.9,48287.0,1499428.32,31.05
920204.BJ,20260921,13.58,13.58,13.58,13.58,14017.0,190350.86,13.58
920206.BJ,20260921,39.48,39.66,39.66,39.48,20254.0,802833.12,39.64
920207.BJ,20260921,21.69,21.7,21.7,21.69,22340.0,484667.0,21.7
920208.BJ,20260921,10.74,10.75,10.75,10.74,35980.0,386726.0,10.75
920211.BJ,20260921,95.7,95.79,95.79,95.7,2465.0,236109.34,95.79
920212.BJ,20260921,10.65,10.58,10.65,10.58,17512.0,185367.98,10.59
920218.BJ,20260921,15.1,15.1,15.1,15.1,6500.0,98150.0,15.1
920220.BJ,20260921,42.6,42.89,42.89,42.6,7374.0,316071.94,42.86
920222.BJ,20260921,27.76,27.67,27.76,27.67,16394.0,453681.96,27.67
920223.BJ,20260921,13.48,13.48,13.48,13.48,25859.0,348745.68,13.49
920225.BJ,20260921,16.7,16.71,16.71,16.7,9708.0,162137.6,16.7
920227.BJ,20260921,48.13,47.47,48.13,47.47,1700.0,80963.0,47.63
920230.BJ,20260921,10.61,10.61,10.61,10.61,21335.0,227301.46,10.65
920237.BJ,20260921,11.13,11.13,11.13,11.13,8551.0,95182.64,11.13
920238.BJ,20260921,67.77,67.99,67.99,67.77,52486.0,3564963.84,67.92
920239.BJ,20260921,20.22,20.22,20.22,20.22,600.0,12126.0,20.21
920242.BJ,20260921,13.8,13.8,13.8,13.8,500.0,6898.0,13.8
920245.BJ,20260921,13.57,13.57,13.57,13.57,7454.0,101240.78,13.58
920247.BJ,20260921,14.05,14.01,14.05,14.01,3400.0,47674.0,14.02
920249.BJ,20260921,9.08,9.07,9.08,9.07,49305.0,447516.08,9.08
920252.BJ,20260921,14.51,14.83,14.83,14.51,6652.0,97920.16,14.72
920258.BJ,20260921,10.65,10.65,10.65,10.65,33892.0,360749.8,10.64
920260.BJ,20260921,8.23,8.23,8.23,8.23,100.0,823.0,8.23
920262.BJ,20260921,14.7,14.75,14.75,14.7,61209.0,896678.72,14.65
920263.BJ,20260921,6.56,6.56,6.56,6.56,11224.0,73651.76,6.56
920267.BJ,20260921,16.23,16.51,16.51,16.23,37169.0,613468.08,16.51
920268.BJ,20260921,32.78,32.82,32.82,32.78,225436.0,7386490.24,32.77
920269.BJ,20260921,34.68,34.68,34.68,34.68,44125.0,1530075.68,34.68
920270.BJ,20260921,11.6,11.6,11.6,11.6,1041.0,12075.6,11.6
920273.BJ,20260921,17.63,17.63,17.63,17.63,13360.0,235657.8,17.64
920274.BJ,20260921,15.38,15.38,15.38,15.38,403.0,6198.14,15.38
920275.BJ,20260921,6.6,6.6,6.6,6.6,800.0,5280.0,6.6
920278.BJ,20260921,6.28,6.3,6.3,6.28,1284.0,8069.2,6.28
920284.BJ,20260921,16.56,16.42,16.56,16.42,18321.0,300994.82,16.43
920288.BJ,20260921,18.22,18.2,18.22,18.2,249961.0,4557818.88,18.23
920289.BJ,20260921,28.85,28.95,28.95,28.85,198814.0,5753066.24,28.94
920298.BJ,20260921,93.4,92.99,93.4,92.99,716092.96,66473446.4,92.83
920299.BJ,20260921,14.19,14.19,14.19,14.19,4695.0,66435.05,14.15
920300.BJ,20260921,9.68,9.67,9.68,9.67,7000.0,67711.69,9.67
920304.BJ,20260921,9.24,9.25,9.25,9.24,1600.0,14795.0,9.25
920339.BJ,20260921,10.5,10.39,10.5,10.39,3400.0,35601.0,10.47
920344.BJ,20260921,20.63,20.63,20.63,20.63,53862.0,1110342.48,20.62
920346.BJ,20260921,14.78,14.78,14.78,14.78,2100.0,31038.0,14.78
920351.BJ,20260921,12.83,12.87,12.87,12.83,8902.0,114544.74,12.87
920357.BJ,20260921,15.38,15.23,15.38,15.23,3584.0,54838.64,15.3
920363.BJ,20260921,9.9,9.9,9.9,9.9,1800.0,17820.0,9.9
920367.BJ,20260921,26.22,26.2,26.22,26.2,101150.0,2649284.32,26.19
920368.BJ,20260921,22.98,22.97,22.98,22.97,43153.0,990065.12,22.94
920370.BJ,20260921,2.91,2.91,2.91,2.91,7105.0,20675.55,2.91
920371.BJ,20260921,7.56,7.56,7.56,7.56,99644.0,752082.8,7.55
920374.BJ,20260921,15.12,15.12,15.12,15.12,3300.0,49896.0,15.12
920375.BJ,20260921,6.46,6.45,6.46,6.45,9633.0,62182.27,6.46
920378.BJ,20260921,6.93,6.93,6.93,6.93,400.0,2772.0,6.93
920392.BJ,20260921,13.5,13.54,13.54,13.5,11277.0,152674.9,13.54
920394.BJ,20260921,50.1,50.1,50.1,50.1,13172.0,660020.2,50.11
920395.BJ,20260921,6.81,6.81,6.81,6.81,2268.0,15445.08,6.81
920396.BJ,20260921,18.45,18.45,18.45,18.45,1200.0,22140.0,18.45
920402.BJ,20260921,8.25,8.25,8.25,8.25,7545.0,62246.25,8.25
920403.BJ,20260921,20.1,20.12,20.12,20.1,64344.0,1293822.64,20.11
920407.BJ,20260921,11.0,10.71,11.0,10.71,7171.0,77671.41,10.83
920414.BJ,20260921,7.98,7.91,7.98,7.91,10044.0,79613.04,7.93
920415.BJ,20260921,8.94,8.83,8.94,8.83,22788.0,201665.04,8.85
920418.BJ,20260921,17.46,17.46,17.46,17.46,12704.0,221811.84,17.46
920419.BJ,20260921,10.86,10.86,10.86,10.86,22600.0,245436.0,10.86
920425.BJ,20260921,14.0,14.0,14.0,14.0,10200.0,142794.0,14.0
920427.BJ,20260921,8.46,8.49,8.49,8.46,7755.0,65670.3,8.47
920433.BJ,20260921,4.72,4.72,4.72,4.72,100.0,472.0,4.72
920436.BJ,20260921,10.9,10.9,10.9,10.9,1856.0,20218.4,10.89
920438.BJ,20260921,112.57,112.39,112.57,112.39,55744.0,6273301.76,112.54
920445.BJ,20260921,7.18,7.18,7.18,7.18,14622.0,104803.04,7.17
920454.BJ,20260921,11.11,11.11,11.11,11.11,3428.0,38085.08,11.11
920455.BJ,20260921,6.55,6.57,6.57,6.55,3000.0,19652.0,6.55
920469.BJ,20260921,5.83,5.83,5.83,5.83,27.0,157.41,5.83
920471.BJ,20260921,11.56,11.56,11.56,11.56,400.0,4624.0,11.56
920475.BJ,20260921,11.92,11.4,11.92,11.4,1460.0,16748.0,11.47
920476.BJ,20260921,23.46,23.5,23.5,23.46,4310.0,101281.0,23.5
920478.BJ,20260921,9.6,9.6,9.6,9.6,15257.0,146341.2,9.59
920489.BJ,20260921,12.58,12.54,12.58,12.54,53612.0,672312.48,12.54
920491.BJ,20260921,21.47,21.4,21.47,21.4,7568.0,162047.82,21.41
920493.BJ,20260921,116.0,115.5,116.0,115.5,66528.0,7695738.24,115.68
920496.BJ,20260921,6.45,6.46,6.46,6.45,22407.0,144744.22,6.46
920504.BJ,20260921,18.15,18.15,18.15,18.15,300.0,5445.0,18.15
920505.BJ,20260921,26.46,26.58,26.58,26.46,19377.0,514540.12,26.55
920509.BJ,20260921,21.6,21.58,21.6,21.58,107490.0,2320100.8,21.58
920510.BJ,20260921,20.14,20.08,20.14,20.08,66225.0,1330561.52,20.09
920519.BJ,20260921,10.52,10.52,10.52,10.52,3100.0,32612.0,10.52
920522.BJ,20260921,17.38,17.38,17.38,17.38,23404.0,406554.52,17.37
920526.BJ,20260921,19.45,19.39,19.45,19.39,43658.0,847757.92,19.42
920527.BJ,20260921,15.58,15.4,15.58,15.4,3100.0,48000.0,15.48
920533.BJ,20260921,16.36,16.36,16.36,16.36,7630.0,124826.8,16.36
920541.BJ,20260921,9.47,9.45,9.47,9.45,1835.0,17360.75,9.46
920547.BJ,20260921,18.58,18.44,18.58,18.44,1489.0,27531.08,18.49
920553.BJ,20260921,6.8,6.8,6.8,6.8,1700.0,11560.0,6.8
920564.BJ,20260921,13.89,13.84,13.89,13.84,80481.0,1113825.76,13.84
920566.BJ,20260921,9.3,9.3,9.3,9.3,1623.0,15093.9,9.3
920570.BJ,20260921,24.65,24.61,24.65,24.61,8300.0,204307.0,24.62
920571.BJ,20260921,9.32,9.28,9.32,9.28,310000.0,2876189.12,9.28
920575.BJ,20260921,4.94,4.94,4.94,4.94,14460.0,71432.4,4.94
920576.BJ,20260921,37.96,37.98,37.98,37.96,1780.0,67574.8,37.96
920578.BJ,20260921,16.72,16.72,16.72,16.72,1891.0,31617.52,16.72
920579.BJ,20260921,13.9,13.9,13.9,13.9,4662.0,64818.74,13.9
920580.BJ,20260921,10.77,10.77,10.77,10.77,7200.0,77583.0,10.78
920592.BJ,20260921,25.99,25.92,25.99,25.92,176997.0,4588757.44,25.93
920593.BJ,20260921,23.06,22.91,23.06,22.91,11897.0,274005.5,23.03
920599.BJ,20260921,17.08,17.09,17.09,17.08,18260.0,312093.24,17.09
920608.BJ,20260921,13.79,13.71,13.79,13.71,10500.0,144163.92,13.73
920634.BJ,20260921,15.9,15.9,15.9,15.9,575.0,9142.5,15.9
920639.BJ,20260921,6.04,6.04,6.04,6.04,1500.0,9060.0,6.04
920640.BJ,20260921,25.79,25.79,25.79,25.79,8255.0,212535.14,25.75
920641.BJ,20260921,13.03,13.03,13.03,13.03,9620.0,125348.6,13.03
920642.BJ,20260921,10.01,10.01,10.01,10.01,1600.0,16016.0,10.01
920651.BJ,20260921,20.14,20.14,20.14,20.14,5555.0,111757.7,20.12
920656.BJ,20260921,14.68,14.84,14.84,14.68,4600.0,68056.0,14.8
920662.BJ,20260921,19.01,19.1,19.1,19.01,3048.0,58182.4,19.09
920663.BJ,20260921,12.29,12.29,12.29,12.29,3000.0,37057.3,12.35
920670.BJ,20260921,12.77,12.77,12.77,12.77,800.0,10216.0,12.77
920675.BJ,20260921,7.38,7.38,7.38,7.38,900.0,6642.0,7.38
920679.BJ,20260921,15.14,15.14,15.14,15.14,683.0,10340.62,15.14
920685.BJ,20260921,11.15,11.15,11.15,11.15,21963.0,245104.8,11.16
920689.BJ,20260921,19.85,19.85,19.85,19.85,400.0,7940.0,19.85
920690.BJ,20260921,15.38,15.38,15.38,15.38,220.0,3383.6,15.38
920693.BJ,20260921,23.48,23.51,23.51,23.48,2500.0,58767.8,23.51
920694.BJ,20260921,16.41,16.41,16.41,16.41,800.0,13128.0,16.41
920699.BJ,20260921,67.29,66.39,67.29,66.39,7778.0,516841.4,66.45
920701.BJ,20260921,11.01,11.01,11.01,11.01,1500.0,16545.0,11.03
920703.BJ,20260921,9.54,9.54,9.54,9.54,400.0,3816.0,9.54
920706.BJ,20260921,15.15,15.16,15.16,15.15,28411.0,430413.92,15.15
920717.BJ,20260921,6.79,6.79,6.79,6.79,300.0,2037.0,6.79
920718.BJ,20260921,10.81,10.81,10.81,10.81,7800.0,84318.0,10.81
920719.BJ,20260921,7.0,7.0,7.0,7.0,5000.0,35000.0,7.0
920720.BJ,20260921,7.93,7.93,7.93,7.93,2231.0,17691.83,7.93
920725.BJ,20260921,91.07,91.3,91.3,91.07,46716.0,4267965.12,91.36
920726.BJ,20260921,15.68,15.68,15.68,15.68,2192.0,34370.56,15.68
920729.BJ,20260921,6.77,6.76,6.77,6.76,1800.0,12183.0,6.77
920735.BJ,20260921,24.84,24.94,24.94,24.84,12869.0,320912.88,24.94
920748.BJ,20260921,29.3,29.18,29.3,29.18,43468.0,1270806.4,29.24
920751.BJ,20260921,14.79,14.79,14.79,14.79,200.0,2958.0,14.79
920753.BJ,20260921,14.95,14.95,14.95,14.95,2000.0,29908.0,14.95
920765.BJ,20260921,11.86,11.72,11.86,11.72,13979.0,165360.22,11.83
920768.BJ,20260921,7.19,7.19,7.19,7.19,1700.0,12223.0,7.19
920770.BJ,20260921,10.41,10.42,10.42,10.41,7100.0,73977.05,10.42
920779.BJ,20260921,23.23,23.01,23.23,23.01,7930.0,182687.84,23.04
920781.BJ,20260921,5.69,5.69,5.69,5.69,5753.0,32734.57,5.69
920786.BJ,20260921,7.6,7.6,7.6,7.6,353935.0,2688584.64,7.6
920790.BJ,20260921,23.78,23.6,23.78,23.6,18006.0,425813.64,23.65
920799.BJ,20260921,32.0,31.95,32.0,31.95,67040.0,2142654.08,31.96
920802.BJ,20260921,10.74,10.74,10.74,10.74,2900.0,31146.0,10.74
920806.BJ,20260921,10.03,10.03,10.03,10.03,22536.0,226037.26,10.03
920807.BJ,20260921,9.02,9.02,9.02,9.02,15100.0,136070.0,9.01
920808.BJ,20260921,61.0,61.0,61.0,61.0,24621.0,1501363.68,60.98
920809.BJ,20260921,6.82,6.8,6.82,6.8,84744.0,576273.76,6.8
920810.BJ,20260921,8.79,8.79,8.79,8.79,280.0,2461.2,8.79
920819.BJ,20260921,3.04,3.03,3.04,3.03,1018.0,3086.54,3.03
920821.BJ,20260921,21.29,21.21,21.29,21.21,74136.0,1572708.8,21.21
920826.BJ,20260921,8.58,8.59,8.59,8.58,11457.0,98355.64,8.59
920833.BJ,20260921,9.83,9.83,9.83,9.83,1000.0,9830.0,9.83
920837.BJ,20260921,9.8,9.8,9.8,9.8,300.0,2940.0,9.8
920839.BJ,20260921,23.27,23.29,23.29,23.27,2200.0,51226.54,23.29
920855.BJ,20260921,13.3,13.25,13.3,13.25,31062.0,411954.8,13.26
920856.BJ,20260921,12.0,12.0,12.0,12.0,3271.0,39252.0,12.0
920857.BJ,20260921,19.89,19.89,19.89,19.89,2638.0,52437.82,19.88
920866.BJ,20260921,6.51,6.53,6.53,6.51,6664.0,43475.92,6.52
920870.BJ,20260921,11.49,11.49,11.49,11.49,6315.0,72559.35,11.49
920871.BJ,20260921,11.18,11.11,11.18,11.11,37689.0,421145.32,11.17
920873.BJ,20260921,7.34,7.3,7.34,7.3,253295.0,1861897.44,7.35
920876.BJ,20260921,16.53,16.49,16.53,16.49,1894.0,31272.06,16.51
920879.BJ,20260921,12.23,12.23,12.23,12.23,2118.0,25903.14,12.23
920885.BJ,20260921,12.2,12.18,12.2,12.18,6644.0,80941.92,12.18
920892.BJ,20260921,11.32,11.32,11.32,11.32,68294.0,773677.52,11.33
920895.BJ,20260921,26.66,26.58,26.66,26.58,170656.0,4538983.36,26.6
920896.BJ,20260921,12.3,12.69,12.69,12.3,40341.0,511713.64,12.69
920914.BJ,20260921,16.37,16.34,16.37,16.34,1587.0,25974.58,16.37
920924.BJ,20260921,14.36,14.5,14.5,14.36,14587.0,211371.32,14.49
920925.BJ,20260921,11.3,11.3,11.3,11.3,912.0,10305.6,11.3
920926.BJ,20260921,9.98,9.98,9.98,9.98,14303.0,143273.94,10.02
920931.BJ,20260921,10.05,10.1,10.1,10.05,6880.0,69357.0,10.08
920932.BJ,20260921,10.53,10.45,10.53,10.45,3900.0,40763.0,10.45
920943.BJ,20260921,14.6,14.6,14.6,14.6,800.0,11680.0,14.6
920946.BJ,20260921,9.96,9.96,9.96,9.96,32088.0,319556.46,9.96
920950.BJ,20260921,13.11,13.11,13.11,13.11,1500.0,19665.0,13.11
920953.BJ,20260921,23.0,22.98,23.0,22.98,13788.0,315818.32,22.91
920957.BJ,20260921,10.21,10.22,10.22,10.21,26960.0,275398.4,10.22
920961.BJ,20260921,19.65,19.51,19.65,19.51,19559.0,382135.6,19.54
920964.BJ,20260921,4.92,4.92,4.92,4.92,10400.0,51131.0,4.92
920970.BJ,20260921,6.48,6.48,6.48,6.48,17015.0,110257.2,6.48
920971.BJ,20260921,28.5,28.21,28.5,28.21,53466.0,1509819.84,28.24
920974.BJ,20260921,6.24,6.28,6.28,6.24,10900.0,68332.0,6.27
920976.BJ,20260921,22.7,22.7,22.7,22.7,37139.0,843029.84,22.7
920978.BJ,20260921,17.11,17.11,17.11,17.11,6592.0,112789.12,17.11
920981.BJ,20260921,31.0,31.42,31.42,31.0,29251.0,914068.72,31.25
920982.BJ,20260921,113.88,113.41,113.88,113.41,1840.0,208959.8,113.57
920985.BJ,20260921,4.58,4.58,4.58,4.58,12972.0,59411.76,4.58
920992.BJ,20260921,11.29,11.29,11.29,11.29,630.0,7112.7,11.29
