ts_code,trade_date,close,open,high,low,vol,amount,vwap
000001.SZ,20260930,11.34,11.36,11.36,11.33,419200.0,4760039.04,11.36
000002.SZ,20260930,3.8,3.8,3.8,3.75,52205368.32,198129971.2,3.8
000006.SZ,20260930,6.96,6.92,7.0,6.92,2351364.0,16301808.64,6.93
000007.SZ,20260930,11.23,11.07,11.23,11.07,14100.0,157171.0,11.15
000008.SZ,20260930,2.39,2.39,2.39,2.38,27700.0,66202.0,2.39
000009.SZ,20260930,6.88,6.88,6.88,6.86,159800.0,1099316.96,6.88
000010.SZ,20260930,1.47,1.48,1.48,1.47,89500.0,132198.0,1.48
000011.SZ,20260930,10.32,10.1,10.32,10.08,8257022.72,83463782.4,10.11
000012.SZ,20260930,3.67,3.67,3.67,3.66,42300.0,155235.0,3.67
000014.SZ,20260930,11.12,11.02,11.14,11.02,643700.0,7110572.16,11.05
000016.SZ,20260930,2.46,2.46,2.46,2.46,0.0,0.0,2.46
000017.SZ,20260930,7.57,7.65,7.66,7.55,441100.0,3369759.04,7.64
000019.SZ,20260930,6.76,6.77,6.77,6.7,35700.0,241406.0,6.76
000020.SZ,20260930,14.09,13.72,14.21,13.72,4679317.12,64244162.56,13.73
000021.SZ,20260930,33.98,34.01,34.02,33.9,287000.0,9758997.12,34.0
000025.SZ,20260930,15.07,15.06,15.07,15.03,273700.0,4120392.96,15.05
000026.SZ,20260930,18.84,18.84,18.88,18.84,26900.0,506892.0,18.84
000027.SZ,20260930,6.25,6.24,6.25,6.24,29900.0,186632.0,6.24
000028.SZ,20260930,19.4,19.4,19.4,19.4,3400.0,65960.0,19.4
000029.SZ,20260930,21.52,21.51,21.65,21.51,383500.0,8254775.04,21.53
000030.SZ,20260930,3.89,3.89,3.9,3.89,18600.0,72416.0,3.89
000031.SZ,20260930,2.36,2.36,2.38,2.36,2682200.0,6336965.12,2.36
000032.SZ,20260930,13.55,13.53,13.55,13.52,88500.0,1197542.0,13.53
000034.SZ,20260930,23.58,23.59,23.68,23.56,108900.0,2570672.0,23.61
000035.SZ,20260930,4.66,4.66,4.66,4.66,305300.0,1422697.92,4.66
000036.SZ,20260930,4.11,4.13,4.14,4.05,4255800.0,17537625.6,4.12
000037.SZ,20260930,9.0,9.0,9.0,8.97,123200.0,1108436.0,9.0
000039.SZ,20260930,8.56,8.56,8.57,8.56,5150.0,44094.0,8.56
000042.SZ,20260930,8.24,8.25,8.29,8.21,242400.0,1998791.04,8.25
000045.SZ,20260930,11.2,11.25,11.28,11.2,65500.0,736752.96,11.25
000048.SZ,20260930,18.0,18.25,18.25,18.0,88200.0,1606734.08,18.22
000049.SZ,20260930,22.06,22.06,22.07,22.06,19000.0,419144.0,22.06
000050.SZ,20260930,6.31,6.31,6.31,6.3,38100.0,240397.0,6.31
000055.SZ,20260930,3.89,3.88,3.9,3.88,69200.0,268599.0,3.88
000056.SZ,20260930,2.7,2.7,2.7,2.7,150800.0,407160.0,2.7
000058.SZ,20260930,7.23,7.26,7.26,7.19,353800.0,2566150.08,7.25
000059.SZ,20260930,5.51,5.51,5.51,5.51,206200.0,1136162.0,5.51
000060.SZ,20260930,5.85,5.84,5.85,5.83,210500.0,1229276.0,5.84
000061.SZ,20260930,5.86,5.86,5.86,5.85,96800.0,567209.0,5.86
000062.SZ,20260930,21.85,21.81,21.86,21.81,57969.0,1265038.64,21.82
000063.SZ,20260930,30.87,30.88,30.89,30.84,251716.0,7772641.28,30.88
000065.SZ,20260930,9.69,9.67,9.7,9.66,334700.0,3237057.92,9.67
000066.SZ,20260930,14.51,14.43,14.52,14.43,856000.0,12367147.52,14.45
000068.SZ,20260930,3.42,3.47,3.47,3.39,2552900.0,8839098.88,3.46
000069.SZ,20260930,1.92,1.92,1.93,1.91,5223000.0,10028478.72,1.92
000070.SZ,20260930,16.44,16.45,16.49,16.39,376900.0,6198494.08,16.45
000078.SZ,20260930,1.49,1.49,1.5,1.49,488200.0,727498.0,1.49
000088.SZ,20260930,4.61,4.62,4.63,4.61,122460.0,565695.2,4.62
000089.SZ,20260930,6.61,6.61,6.63,6.61,44300.0,292919.0,6.61
000090.SZ,20260930,3.53,3.53,3.54,3.51,1045900.0,3691631.04,3.53
000096.SZ,20260930,7.91,7.91,7.91,7.91,10700.0,84637.0,7.91
000099.SZ,20260930,12.6,12.58,12.6,12.58,18400.0,231576.0,12.59
000100.SZ,20260930,4.79,4.79,4.79,4.78,917600.0,4395247.04,4.79
000151.SZ,20260930,10.08,10.04,10.08,10.04,37000.0,371652.0,10.05
000153.SZ,20260930,6.1,6.1,6.11,6.1,16000.0,97675.0,6.11
000155.SZ,20260930,10.76,10.76,10.77,10.75,48000.0,516581.0,10.76
000156.SZ,20260930,7.05,7.05,7.05,7.05,85500.0,602775.0,7.05
000157.SZ,20260930,5.87,5.88,5.88,5.87,144700.0,850708.96,5.88
000158.SZ,20260930,12.28,12.3,12.3,12.25,121900.0,1498969.92,12.3
000159.SZ,20260930,5.51,5.5,5.52,5.5,184500.0,1015238.0,5.5
000166.SZ,20260930,4.36,4.36,4.37,4.35,140600.0,613045.0,4.36
000301.SZ,20260930,12.78,12.79,12.81,12.75,74200.0,948987.04,12.79
000333.SZ,20260930,81.5,81.66,81.8,81.33,428900.0,35015756.8,81.64
000338.SZ,20260930,25.14,25.17,25.17,25.0,244300.0,6144540.8,25.15
000400.SZ,20260930,21.03,21.03,21.12,21.03,71800.0,1510603.04,21.04
000401.SZ,20260930,3.58,3.59,3.59,3.58,82000.0,294304.0,3.59
000402.SZ,20260930,2.64,2.64,2.67,2.64,3362700.16,8883249.28,2.64
000403.SZ,20260930,9.71,9.74,9.74,9.71,8000.0,77878.0,9.73
000404.SZ,20260930,6.77,6.77,6.77,6.77,20300.0,137431.0,6.77
000407.SZ,20260930,4.22,4.22,4.22,4.22,73900.0,311858.0,4.22
000408.SZ,20260930,70.49,70.5,70.68,70.26,151068.0,10648327.68,70.49
000409.SZ,20260930,8.86,8.86,8.86,8.86,7500.0,66450.0,8.86
000410.SZ,20260930,5.15,5.16,5.16,5.15,66700.0,343945.0,5.16
000411.SZ,20260930,10.01,10.02,10.02,10.01,7500.0,75145.0,10.02
000415.SZ,20260930,4.07,4.07,4.08,4.07,85450.0,347792.48,4.07
000417.SZ,20260930,5.7,5.7,5.71,5.7,219000.0,1248304.96,5.7
000419.SZ,20260930,5.06,5.06,5.07,5.06,12800.0,64829.0,5.07
000420.SZ,20260930,3.48,3.47,3.48,3.47,143500.0,498038.0,3.47
000421.SZ,20260930,5.73,5.74,5.74,5.73,40600.0,233041.0,5.74
000422.SZ,20260930,11.51,11.48,11.51,11.48,37600.0,431679.0,11.48
000423.SZ,20260930,45.3,45.26,45.3,45.26,12100.0,547671.0,45.26
000425.SZ,20260930,7.05,7.05,7.07,7.05,558200.0,3937374.08,7.05
000426.SZ,20260930,31.61,31.62,31.66,31.58,255100.0,8064673.92,31.61
000428.SZ,20260930,3.88,3.85,3.88,3.85,199500.0,768522.0,3.85
000429.SZ,20260930,12.28,12.27,12.28,12.26,31900.0,391414.0,12.27
000430.SZ,20260930,6.69,6.71,6.71,6.66,185200.0,1242582.0,6.71
000488.SZ,20260930,2.21,2.23,2.23,2.18,1450100.0,3227047.04,2.22
000498.SZ,20260930,5.64,5.63,5.67,5.63,781200.0,4403752.96,5.64
000501.SZ,20260930,7.07,7.06,7.07,7.06,27900.0,197055.0,7.06
000503.SZ,20260930,7.47,7.46,7.5,7.46,1708900.0,12753854.72,7.46
000504.SZ,20260930,10.89,10.79,10.9,10.72,1482600.0,16021027.84,10.81
000505.SZ,20260930,6.18,6.16,6.18,6.16,227900.0,1403988.96,6.16
000506.SZ,20260930,16.7,16.68,16.75,16.65,308100.0,5140280.0,16.68
000507.SZ,20260930,4.94,4.93,4.94,4.93,32300.0,159449.0,4.94
000509.SZ,20260930,3.51,3.51,3.52,3.51,31600.0,110923.0,3.51
000510.SZ,20260930,17.3,17.27,17.32,17.27,35700.0,616624.0,17.27
000513.SZ,20260930,31.6,31.65,31.8,31.52,833200.0,26364546.56,31.64
000514.SZ,20260930,4.46,4.48,4.5,4.46,1382600.0,6193726.08,4.48
000516.SZ,20260930,4.29,4.29,4.3,4.29,22800.0,97820.0,4.29
000517.SZ,20260930,2.09,2.1,2.1,2.09,825700.0,1732819.04,2.1
000518.SZ,20260930,3.63,3.63,3.63,3.62,159500.0,578795.0,3.63
000519.SZ,20260930,14.5,14.5,14.52,14.46,148200.0,2148799.04,14.5
000520.SZ,20260930,4.05,4.03,4.06,4.03,45100.0,182397.0,4.04
000521.SZ,20260930,4.31,4.31,4.31,4.31,12500.0,53875.0,4.31
000523.SZ,20260930,3.25,3.26,3.27,3.25,1736600.0,5660535.04,3.26
000524.SZ,20260930,8.78,8.78,8.78,8.78,37800.0,331884.0,8.78
000525.SZ,20260930,4.41,4.41,4.42,4.41,54100.0,238774.0,4.41
000526.SZ,20260930,34.98,34.91,34.98,34.91,9300.0,324726.0,34.92
000528.SZ,20260930,7.37,7.37,7.37,7.36,104700.0,771612.96,7.37
000529.SZ,20260930,5.04,5.04,5.04,5.04,14600.0,73584.0,5.04
000530.SZ,20260930,5.21,5.21,5.21,5.21,6300.0,32823.0,5.21
000531.SZ,20260930,5.52,5.52,5.52,5.51,20400.0,112602.0,5.52
000532.SZ,20260930,12.58,12.55,12.61,12.55,186300.0,2338712.0,12.55
000533.SZ,20260930,10.11,10.1,10.12,10.09,47800.0,482861.0,10.1
000534.SZ,20260930,21.96,21.97,21.97,21.96,12600.0,276812.0,21.97
000536.SZ,20260930,3.39,3.39,3.39,3.38,321600.0,1089896.96,3.39
000537.SZ,20260930,7.29,7.29,7.32,7.29,57100.0,416398.0,7.29
000538.SZ,20260930,50.27,50.25,50.27,50.25,22800.0,1145743.04,50.25
000539.SZ,20260930,5.02,5.04,5.04,5.02,115900.0,583828.0,5.04
000541.SZ,20260930,4.87,4.88,4.88,4.87,19500.0,95136.0,4.88
000543.SZ,20260930,7.07,7.05,7.07,7.05,227500.0,1603935.04,7.05
000544.SZ,20260930,7.22,7.23,7.23,7.22,15650.0,113035.0,7.22
000545.SZ,20260930,2.25,2.24,2.25,2.23,1311300.0,2935509.12,2.24
000546.SZ,20260930,4.34,4.34,4.34,4.34,13100.0,56854.0,4.34
000547.SZ,20260930,14.01,14.02,14.06,13.99,352700.0,4945190.08,14.02
000548.SZ,20260930,4.66,4.66,4.67,4.66,30100.0,140269.0,4.66
000550.SZ,20260930,16.21,16.22,16.25,16.2,11500.0,186466.0,16.21
000551.SZ,20260930,11.73,11.7,11.73,11.7,8900.0,104169.0,11.7
000552.SZ,20260930,2.47,2.46,2.47,2.46,193400.0,475783.0,2.46
000553.SZ,20260930,5.45,5.46,5.46,5.41,42900.0,234179.0,5.46
000554.SZ,20260930,6.18,6.18,6.19,6.17,46700.0,288607.0,6.18
000555.SZ,20260930,10.18,10.18,10.19,10.15,135400.0,1378300.96,10.18
000557.SZ,20260930,3.62,3.62,3.62,3.62,18800.0,68056.0,3.62
000558.SZ,20260930,3.55,3.55,3.56,3.55,32050.0,113864.5,3.55
000559.SZ,20260930,10.79,10.79,10.83,10.78,150800.0,1627780.0,10.79
000560.SZ,20260930,3.38,3.38,3.38,3.38,40408698.88,136581406.72,3.38
000561.SZ,20260930,7.65,7.64,7.68,7.64,144900.0,1108844.0,7.65
000563.SZ,20260930,2.89,2.89,2.89,2.89,94500.0,273105.0,2.89
000564.SZ,20260930,1.46,1.45,1.46,1.45,4888259.84,7128177.28,1.46
000565.SZ,20260930,6.44,6.42,6.44,6.42,61000.0,391801.0,6.42
000566.SZ,20260930,4.66,4.67,4.69,4.66,569300.0,2659584.0,4.67
000567.SZ,20260930,5.9,5.9,5.9,5.9,50000.0,295000.0,5.9
000568.SZ,20260930,69.54,69.5,69.54,69.49,31200.0,2168464.0,69.5
000570.SZ,20260930,5.3,5.3,5.3,5.27,13900.0,73664.0,5.3
000571.SZ,20260930,6.5,6.57,6.57,6.48,108300.0,710518.0,6.56
000572.SZ,20260930,4.02,4.03,4.04,4.0,833400.0,3355756.16,4.03
000573.SZ,20260930,3.85,3.87,3.88,3.85,564000.0,2182384.96,3.87
000576.SZ,20260930,8.29,8.29,8.29,8.29,17600.0,145904.0,8.29
000581.SZ,20260930,17.95,18.02,18.02,17.95,15600.0,281085.0,18.02
000582.SZ,20260930,9.01,9.0,9.02,9.0,134300.0,1209168.0,9.0
000586.SZ,20260930,12.9,12.89,12.96,12.89,8900.0,114803.0,12.9
000589.SZ,20260930,4.19,4.19,4.19,4.19,12300.0,51537.0,4.19
000590.SZ,20260930,9.3,9.19,9.3,9.14,29600.0,272352.0,9.2
000591.SZ,20260930,4.15,4.14,4.16,4.14,76500.0,316946.0,4.14
000592.SZ,20260930,8.78,8.73,8.83,8.72,4758989.12,41580692.48,8.74
000593.SZ,20260930,20.31,20.36,20.36,20.2,80200.0,1631894.08,20.35
000595.SZ,20260930,5.45,5.42,5.45,5.42,175300.0,950238.0,5.42
000596.SZ,20260930,89.03,89.03,89.89,89.0,5200.0,463511.0,89.14
000597.SZ,20260930,4.7,4.7,4.7,4.7,6600.0,31020.0,4.7
000598.SZ,20260930,7.01,7.03,7.03,7.01,14000.0,98407.0,7.03
000599.SZ,20260930,4.47,4.47,4.47,4.47,55900.0,249873.0,4.47
000600.SZ,20260930,6.97,6.97,6.98,6.97,61400.0,428018.0,6.97
000601.SZ,20260930,6.03,6.02,6.03,6.02,84900.0,511240.0,6.02
000603.SZ,20260930,31.01,31.0,31.18,30.88,222000.0,6884156.8,31.01
000605.SZ,20260930,6.09,6.1,6.11,6.09,18800.0,114684.0,6.1
000607.SZ,20260930,4.04,4.03,4.08,4.03,2667100.0,10760213.76,4.03
000608.SZ,20260930,7.17,7.18,7.18,7.16,26600.0,190805.0,7.17
000609.SZ,20260930,9.34,9.34,9.34,9.34,21900.0,204546.0,9.34
000610.SZ,20260930,7.52,7.58,7.58,7.52,25900.0,195810.0,7.56
000612.SZ,20260930,10.52,10.55,10.55,10.52,449500.0,4740446.08,10.55
000615.SZ,20260930,3.25,3.25,3.25,3.25,4300.0,13975.0,3.25
000617.SZ,20260930,6.58,6.57,6.58,6.57,168505.0,1107242.88,6.57
000619.SZ,20260930,5.27,5.26,5.27,5.26,35300.0,185704.0,5.26
000620.SZ,20260930,3.13,3.12,3.14,3.12,2454599.04,7660892.16,3.12
000623.SZ,20260930,17.25,17.27,17.27,17.25,18800.0,324662.0,17.27
000625.SZ,20260930,7.06,7.05,7.06,7.05,278260.0,1963064.96,7.06
000626.SZ,20260930,8.68,8.63,8.68,8.63,14400.0,124312.0,8.63
000628.SZ,20260930,55.1,55.12,55.47,55.1,46100.0,2543156.96,55.17
000629.SZ,20260930,2.79,2.79,2.79,2.79,160700.0,448353.0,2.79
000630.SZ,20260930,5.79,5.79,5.8,5.78,704500.0,4079145.92,5.79
000631.SZ,20260930,3.04,3.04,3.05,3.04,73900.0,224813.0,3.04
000632.SZ,20260930,3.71,3.71,3.71,3.71,24400.0,90524.0,3.71
000633.SZ,20260930,5.39,5.36,5.39,5.36,36000.0,193116.0,5.36
000635.SZ,20260930,7.61,7.61,7.66,7.6,48600.0,370011.0,7.61
000636.SZ,20260930,51.58,51.52,51.69,51.5,491900.0,25346772.48,51.53
000637.SZ,20260930,4.26,4.26,4.26,4.25,21800.0,92866.0,4.26
000639.SZ,20260930,1.51,1.52,1.52,1.51,61800.0,93931.0,1.52
000650.SZ,20260930,5.16,5.16,5.16,5.16,17300.0,89268.0,5.16
000651.SZ,20260930,38.13,38.13,38.16,38.13,62000.0,2364344.0,38.13
000652.SZ,20260930,3.36,3.36,3.36,3.33,81300.0,273129.0,3.36
000655.SZ,20260930,7.22,7.22,7.22,7.22,20800.0,150176.0,7.22
000656.SZ,20260930,1.25,1.25,1.25,1.24,15246499.84,19057880.32,1.25
000657.SZ,20260930,53.99,53.9,54.0,53.9,115600.0,6232257.28,53.91
000659.SZ,20260930,2.74,2.73,2.74,2.73,23300.0,63632.0,2.73
000661.SZ,20260930,70.61,70.56,70.63,70.56,8000.0,564495.0,70.56
000663.SZ,20260930,6.15,6.14,6.15,6.14,65500.0,402218.0,6.14
000665.SZ,20260930,4.19,4.2,4.21,4.17,1104100.0,4634918.08,4.2
000668.SZ,20260930,16.94,16.95,17.02,16.9,33000.0,559374.0,16.95
000669.SZ,20260930,4.04,4.04,4.04,4.04,7800.0,31512.0,4.04
000670.SZ,20260930,7.66,7.65,7.67,7.63,187300.0,1433408.0,7.65
000672.SZ,20260930,14.72,14.77,14.77,14.72,88600.0,1308514.0,14.77
000676.SZ,20260930,6.6,6.6,6.64,6.6,515300.0,3403770.88,6.61
000677.SZ,20260930,1.76,1.76,1.76,1.76,177400.0,312224.0,1.76
000678.SZ,20260930,10.94,10.69,10.95,10.69,5781600.0,61880427.52,10.7
000679.SZ,20260930,6.36,6.36,6.36,6.32,31100.0,197210.0,6.34
000680.SZ,20260930,8.83,8.82,8.83,8.82,17700.0,156119.0,8.82
000681.SZ,20260930,16.03,15.99,16.03,15.98,296400.0,4740608.96,15.99
000682.SZ,20260930,10.3,10.3,10.3,10.3,51100.0,526330.0,10.3
000683.SZ,20260930,5.58,5.59,5.59,5.58,381900.0,2134788.96,5.59
000685.SZ,20260930,10.64,10.64,10.64,10.64,8300.0,88312.0,10.64
000686.SZ,20260930,7.52,7.53,7.53,7.52,15000.0,112947.0,7.53
000688.SZ,20260930,24.13,24.15,24.16,24.12,10500.0,253576.0,24.15
000690.SZ,20260930,5.13,5.14,5.14,5.13,134100.0,689244.0,5.14
000691.SZ,20260930,9.16,9.16,9.18,9.05,131800.0,1206216.96,9.15
000692.SZ,20260930,4.2,4.2,4.2,4.2,38300.0,160860.0,4.2
000695.SZ,20260930,12.92,12.86,12.92,12.86,18400.0,236901.0,12.88
000697.SZ,20260930,9.3,9.4,9.41,9.29,77600.0,728720.96,9.39
000698.SZ,20260930,3.69,3.69,3.69,3.69,30100.0,111069.0,3.69
000700.SZ,20260930,12.14,12.1,12.17,12.09,573100.0,6938170.24,12.11
000701.SZ,20260930,5.14,5.13,5.14,5.13,46200.0,237014.0,5.13
000702.SZ,20260930,5.9,5.89,5.93,5.89,44000.0,259495.0,5.9
000703.SZ,20260930,15.69,15.66,15.7,15.63,1171616.96,18352806.4,15.67
000705.SZ,20260930,7.16,7.14,7.16,7.14,23600.0,168636.0,7.15
000707.SZ,20260930,4.62,4.62,4.62,4.62,56400.0,260568.0,4.62
000708.SZ,20260930,12.78,12.8,12.8,12.78,32700.0,418518.0,12.8
000709.SZ,20260930,2.01,2.0,2.01,2.0,77100.0,154284.0,2.0
000710.SZ,20260930,10.01,9.92,10.06,9.92,850600.0,8465854.72,9.95
000711.SZ,20260930,4.75,4.74,4.75,4.72,675400.0,3202617.92,4.74
000712.SZ,20260930,9.94,9.95,9.95,9.91,195800.0,1947505.92,9.95
000713.SZ,20260930,6.08,6.07,6.08,6.07,127900.0,776372.96,6.07
000715.SZ,20260930,5.32,5.32,5.32,5.3,12600.0,67030.0,5.32
000716.SZ,20260930,4.97,4.97,4.97,4.96,73300.0,364298.0,4.97
000717.SZ,20260930,2.16,2.17,2.17,2.16,38000.0,82393.0,2.17
000718.SZ,20260930,2.11,2.12,2.12,2.1,635700.0,1346232.96,2.12
000719.SZ,20260930,11.9,11.88,11.9,11.88,3700.0,43958.0,11.88
000720.SZ,20260930,3.63,3.63,3.63,3.63,362300.0,1315148.96,3.63
000721.SZ,20260930,6.09,6.06,6.09,6.06,7600.0,46065.0,6.06
000722.SZ,20260930,12.97,12.99,12.99,12.97,96900.0,1258427.04,12.99
000723.SZ,20260930,3.48,3.47,3.48,3.46,151700.0,526201.0,3.47
000725.SZ,20260930,5.75,5.73,5.75,5.72,6779100.16,38850411.52,5.73
000726.SZ,20260930,5.96,5.95,5.97,5.95,43700.0,260166.0,5.95
000727.SZ,20260930,2.18,2.18,2.19,2.18,108400.0,236334.0,2.18
000728.SZ,20260930,7.24,7.22,7.24,7.22,104500.0,755095.04,7.23
000729.SZ,20260930,10.8,10.8,10.8,10.78,20300.0,219220.0,10.8
000731.SZ,20260930,8.01,8.0,8.01,8.0,8200.0,65651.0,8.01
000733.SZ,20260930,39.22,39.19,39.25,39.19,46700.0,1830340.0,39.19
000735.SZ,20260930,5.77,5.76,5.79,5.75,307900.0,1774019.04,5.76
000736.SZ,20260930,4.67,4.69,4.69,4.65,1042100.0,4883488.96,4.69
000737.SZ,20260930,13.47,13.43,13.48,13.4,485500.0,6522017.28,13.43
000738.SZ,20260930,18.74,18.65,18.74,18.65,21700.0,405325.0,18.68
000739.SZ,20260930,25.67,25.77,25.77,25.62,150100.0,3862410.88,25.73
000750.SZ,20260930,3.6,3.59,3.6,3.59,160600.0,576924.0,3.59
000751.SZ,20260930,4.4,4.38,4.4,4.38,12200.0,53460.0,4.38
000752.SZ,20260930,8.67,8.68,8.68,8.67,11400.0,98946.0,8.68
000753.SZ,20260930,5.45,5.47,5.49,5.45,924900.0,5059868.16,5.47
000755.SZ,20260930,4.7,4.7,4.7,4.7,5800.0,27260.0,4.7
000756.SZ,20260930,14.02,14.0,14.03,14.0,612700.0,8578897.28,14.0
000757.SZ,20260930,4.31,4.31,4.31,4.31,37200.0,160332.0,4.31
000758.SZ,20260930,5.7,5.7,5.7,5.7,43500.0,247950.0,5.7
000759.SZ,20260930,6.25,6.29,6.3,6.25,938800.0,5900888.96,6.29
000761.SZ,20260930,2.27,2.28,2.28,2.27,16200.0,36931.0,2.28
000762.SZ,20260930,20.55,20.5,20.55,20.5,23400.0,479909.0,20.51
000766.SZ,20260930,15.2,15.19,15.27,15.19,18400.0,279739.0,15.2
000767.SZ,20260930,3.26,3.27,3.27,3.25,266600.0,870620.96,3.27
000768.SZ,20260930,22.52,22.51,22.63,22.51,160700.0,3620485.12,22.53
000776.SZ,20260930,19.81,19.8,19.84,19.8,273200.0,5410284.16,19.8
000777.SZ,20260930,16.24,16.19,16.24,16.18,2800.0,45337.0,16.19
000778.SZ,20260930,3.53,3.53,3.53,3.53,191400.0,675642.0,3.53
000779.SZ,20260930,8.49,8.5,8.5,8.44,128800.0,1093383.04,8.49
000782.SZ,20260930,8.23,8.22,8.28,8.22,86400.0,710332.96,8.22
000783.SZ,20260930,7.99,7.99,7.99,7.98,271500.0,2169032.96,7.99
000785.SZ,20260930,2.28,2.28,2.29,2.27,691100.0,1575584.0,2.28
000786.SZ,20260930,16.14,16.15,16.17,16.07,308085.0,4973941.12,16.15
000788.SZ,20260930,5.45,5.46,5.46,5.45,24300.0,132677.0,5.46
000789.SZ,20260930,4.18,4.19,4.19,4.18,100200.0,419831.0,4.19
000790.SZ,20260930,4.36,4.35,4.38,4.35,1601900.0,6976417.92,4.36
000791.SZ,20260930,6.99,6.99,6.99,6.98,69200.0,483651.0,6.99
000792.SZ,20260930,23.46,23.49,23.49,23.45,230600.0,5416236.16,23.49
000793.SZ,20260930,2.0,2.0,2.0,2.0,48500.0,97000.0,2.0
000795.SZ,20260930,8.19,8.17,8.2,8.17,27800.0,227190.0,8.17
000796.SZ,20260930,3.53,3.53,3.53,3.52,143400.0,506103.0,3.53
000797.SZ,20260930,2.64,2.64,2.65,2.64,1898200.0,5013064.0,2.64
000798.SZ,20260930,9.72,9.71,9.73,9.71,104900.0,1018687.04,9.71
000799.SZ,20260930,36.08,36.02,36.1,36.0,14400.0,518852.0,36.03
000800.SZ,20260930,5.83,5.83,5.83,5.83,59500.0,346885.0,5.83
000801.SZ,20260930,11.57,11.57,11.57,11.57,19200.0,222144.0,11.57
000802.SZ,20260930,3.91,3.91,3.92,3.91,300900.0,1176934.0,3.91
000803.SZ,20260930,6.92,6.93,6.95,6.92,40000.0,277149.0,6.93
000807.SZ,20260930,25.96,25.99,25.99,25.91,1030400.0,26775621.12,25.99
000809.SZ,20260930,3.47,3.48,3.49,3.47,215400.0,749691.04,3.48
000810.SZ,20260930,9.1,9.1,9.15,9.1,25500.0,232055.0,9.1
000811.SZ,20260930,37.98,38.0,38.13,37.89,64500.0,2450232.0,37.99
000812.SZ,20260930,3.77,3.76,3.77,3.76,188000.0,707128.96,3.76
000813.SZ,20260930,3.22,3.21,3.22,3.21,32100.0,103096.0,3.21
000815.SZ,20260930,14.67,14.65,14.67,14.65,188000.0,2754798.08,14.65
000816.SZ,20260930,2.8,2.8,2.8,2.79,71100.0,199009.0,2.8
000818.SZ,20260930,11.37,11.31,11.37,11.31,43400.0,491096.0,11.32
000819.SZ,20260930,12.26,12.26,12.26,12.26,33200.0,407032.0,12.26
000820.SZ,20260930,3.66,3.64,3.66,3.64,239900.0,873312.96,3.64
000821.SZ,20260930,7.29,7.3,7.3,7.29,15000.0,109499.0,7.3
000822.SZ,20260930,4.24,4.25,4.25,4.24,12000.0,50999.0,4.25
000823.SZ,20260930,24.18,24.5,24.59,24.07,5152600.0,126131804.16,24.48
000825.SZ,20260930,3.35,3.36,3.36,3.35,56800.0,190794.0,3.36
000826.SZ,20260930,1.74,1.74,1.74,1.74,37500.0,65250.0,1.74
000828.SZ,20260930,9.91,9.93,9.93,9.91,4600.0,45668.0,9.93
000829.SZ,20260930,9.2,9.26,9.27,9.2,280800.0,2599713.92,9.26
000830.SZ,20260930,11.24,11.24,11.25,11.23,40900.0,459821.0,11.24
000831.SZ,20260930,53.82,53.88,53.9,53.53,133900.0,7209502.08,53.84
000833.SZ,20260930,18.53,18.53,18.55,18.45,81600.0,1511991.04,18.53
000837.SZ,20260930,9.54,9.52,9.54,9.51,19300.0,183774.0,9.52
000838.SZ,20260930,2.32,2.31,2.34,2.31,1841300.0,4258592.0,2.31
000839.SZ,20260930,2.88,2.87,2.91,2.87,1165300.0,3349496.96,2.87
000848.SZ,20260930,7.95,7.96,7.96,7.95,35900.0,285734.0,7.96
000850.SZ,20260930,4.45,4.39,4.49,4.39,13016180.48,57174604.8,4.39
000852.SZ,20260930,5.28,5.26,5.28,5.26,43900.0,231411.0,5.27
000856.SZ,20260930,8.96,8.97,8.99,8.96,39300.0,352614.0,8.97
000858.SZ,20260930,68.89,68.84,68.89,68.84,37700.0,2595521.92,68.85
000859.SZ,20260930,8.67,8.66,8.69,8.66,169200.0,1465735.04,8.66
000860.SZ,20260930,10.13,10.13,10.13,10.13,12600.0,127638.0,10.13
000862.SZ,20260930,5.32,5.39,5.4,5.3,253300.0,1358969.92,5.37
000863.SZ,20260930,4.5,4.52,4.52,4.49,286100.0,1291632.96,4.52
000868.SZ,20260930,4.22,4.24,4.24,4.21,1458900.0,6184168.96,4.24
000869.SZ,20260930,16.8,16.78,16.8,16.78,13800.0,231584.0,16.78
000875.SZ,20260930,4.61,4.6,4.61,4.6,56375.0,259340.0,4.6
000876.SZ,20260930,6.86,6.86,6.88,6.86,118600.0,813646.0,6.86
000877.SZ,20260930,3.69,3.7,3.7,3.69,185400.0,685350.0,3.7
000878.SZ,20260930,15.95,15.95,15.98,15.95,203800.0,3250990.08,15.95
000880.SZ,20260930,24.0,23.9,24.1,23.9,58300.0,1396152.0,23.95
000881.SZ,20260930,6.39,6.39,6.4,6.39,13100.0,83711.0,6.39
000882.SZ,20260930,1.55,1.56,1.56,1.55,1347200.0,2099864.0,1.56
000883.SZ,20260930,4.33,4.34,4.34,4.33,15600.0,67692.0,4.34
000885.SZ,20260930,11.67,11.65,11.67,11.65,13000.0,151593.0,11.66
000886.SZ,20260930,4.71,4.76,4.78,4.71,484400.0,2301343.04,4.75
000887.SZ,20260930,18.5,18.51,18.52,18.5,38500.0,712468.0,18.51
000888.SZ,20260930,9.11,9.09,9.11,9.09,21900.0,199155.0,9.09
000889.SZ,20260930,3.7,3.7,3.71,3.7,63600.0,235429.0,3.7
000890.SZ,20260930,7.16,7.16,7.16,7.12,34300.0,245549.0,7.16
000892.SZ,20260930,4.62,4.6,4.62,4.6,3711000.0,17079992.32,4.6
000893.SZ,20260930,35.96,35.95,36.0,35.95,35600.0,1280120.0,35.96
000895.SZ,20260930,23.45,23.45,23.46,23.45,29300.0,687123.04,23.45
000897.SZ,20260930,1.94,1.95,1.95,1.93,1043600.0,2029139.04,1.94
000898.SZ,20260930,2.02,2.03,2.03,2.02,103800.0,210711.0,2.03
000899.SZ,20260930,9.0,9.03,9.03,8.99,11200.0,101076.0,9.02
000900.SZ,20260930,3.56,3.56,3.56,3.56,9800.0,34888.0,3.56
000901.SZ,20260930,13.87,13.86,13.87,13.85,26600.0,368704.0,13.86
000902.SZ,20260930,13.37,13.44,13.44,13.37,3100.0,41636.0,13.43
000903.SZ,20260930,1.92,1.93,1.93,1.91,60000.0,115406.0,1.92
000905.SZ,20260930,9.2,9.16,9.2,9.16,150300.0,1377323.04,9.16
000906.SZ,20260930,6.18,6.18,6.18,6.18,13400.0,82812.0,6.18
000908.SZ,20260930,5.97,5.97,5.97,5.97,21500.0,128355.0,5.97
000909.SZ,20260930,5.21,5.21,5.21,5.21,14000.0,72940.0,5.21
000910.SZ,20260930,6.5,6.46,6.52,6.46,3050518.08,19732834.56,6.47
000911.SZ,20260930,5.09,5.07,5.1,5.05,204600.0,1038591.04,5.08
000912.SZ,20260930,3.9,3.89,3.9,3.89,51700.0,201228.0,3.89
000913.SZ,20260930,10.51,10.59,10.59,10.51,4900.0,51811.0,10.57
000915.SZ,20260930,23.7,23.7,23.7,23.69,2600.0,61619.0,23.7
000917.SZ,20260930,6.84,6.81,6.84,6.81,84100.0,573440.0,6.82
000919.SZ,20260930,6.46,6.45,6.46,6.45,86200.0,556036.0,6.45
000920.SZ,20260930,12.29,12.29,12.32,12.24,75700.0,930272.0,12.29
000921.SZ,20260930,26.6,26.6,26.6,26.59,6800.0,180879.0,26.6
000922.SZ,20260930,11.99,12.0,12.09,11.99,46200.0,554579.0,12.0
000923.SZ,20260930,15.51,15.53,15.53,15.51,29400.0,456562.0,15.53
000925.SZ,20260930,7.93,7.93,7.96,7.92,265100.0,2101992.0,7.93
000926.SZ,20260930,2.16,2.17,2.17,2.15,962500.0,2086888.96,2.17
000927.SZ,20260930,2.44,2.45,2.45,2.44,292900.0,717404.96,2.45
000928.SZ,20260930,5.31,5.31,5.31,5.29,48700.0,258523.0,5.31
000929.SZ,20260930,9.51,9.51,9.51,9.49,22700.0,215875.0,9.51
000930.SZ,20260930,5.06,5.05,5.1,5.05,453800.0,2295984.96,5.06
000931.SZ,20260930,4.52,4.51,4.52,4.51,97700.0,440801.0,4.51
000932.SZ,20260930,3.45,3.45,3.45,3.45,70400.0,242880.0,3.45
000933.SZ,20260930,25.71,25.72,25.77,25.66,407800.0,10487669.76,25.72
000935.SZ,20260930,19.2,19.2,19.2,19.2,1200.0,23040.0,19.2
000936.SZ,20260930,5.47,5.48,5.48,5.47,337100.0,1847131.04,5.48
000937.SZ,20260930,4.35,4.34,4.35,4.34,86800.0,376731.0,4.34
000938.SZ,20260930,31.79,31.75,31.79,31.73,534100.0,16959256.32,31.75
000948.SZ,20260930,13.29,13.27,13.29,13.22,11191.0,148477.56,13.27
000949.SZ,20260930,6.4,6.44,6.44,6.4,55000.0,354106.0,6.44
000950.SZ,20260930,5.2,5.2,5.21,5.2,24500.0,127500.0,5.2
000951.SZ,20260930,19.91,19.92,19.92,19.91,35700.0,711104.0,19.92
000952.SZ,20260930,6.59,6.58,6.6,6.58,55340.0,364211.2,6.58
000953.SZ,20260930,6.07,6.01,6.07,6.01,13400.0,81016.0,6.05
000955.SZ,20260930,4.14,4.12,4.14,4.12,187700.0,773988.0,4.12
000957.SZ,20260930,9.87,9.88,9.88,9.85,77000.0,760690.0,9.88
000958.SZ,20260930,4.93,4.91,4.93,4.91,28700.0,140956.0,4.91
000959.SZ,20260930,3.44,3.45,3.45,3.44,68600.0,236669.0,3.45
000960.SZ,20260930,30.73,30.7,30.73,30.69,62400.0,1915888.96,30.7
000962.SZ,20260930,55.7,55.67,55.8,55.67,25000.0,1391936.0,55.68
000963.SZ,20260930,26.72,26.73,26.76,26.7,149200.0,3988297.92,26.73
000965.SZ,20260930,3.41,3.43,3.45,3.4,1180100.0,4043948.16,3.43
000966.SZ,20260930,3.96,3.96,3.97,3.96,122700.0,485955.0,3.96
000967.SZ,20260930,7.97,7.97,8.0,7.95,1008976.0,8046270.72,7.98
000968.SZ,20260930,6.84,6.86,6.86,6.84,73700.0,505548.0,6.86
000969.SZ,20260930,16.35,16.35,16.39,16.35,29700.0,485768.0,16.36
000970.SZ,20260930,10.99,10.99,10.99,10.97,56200.0,617597.0,10.99
000972.SZ,20260930,3.88,3.88,3.88,3.86,70000.0,271500.0,3.88
000973.SZ,20260930,11.5,11.51,11.52,11.4,104900.0,1206743.04,11.5
000975.SZ,20260930,22.35,22.3,22.37,22.3,209700.0,4676952.96,22.3
000977.SZ,20260930,67.52,67.53,67.61,67.48,280200.0,18921328.64,67.53
000978.SZ,20260930,7.3,7.27,7.33,7.27,777400.0,5656108.8,7.28
000980.SZ,20260930,2.27,2.25,2.28,2.25,13783297.28,31041121.28,2.25
000981.SZ,20260930,2.72,2.72,2.73,2.71,8403399.68,22857047.04,2.72
000983.SZ,20260930,6.36,6.36,6.37,6.36,256000.0,1628223.04,6.36
000985.SZ,20260930,17.25,17.25,17.29,17.25,8000.0,138004.0,17.25
000987.SZ,20260930,7.17,7.16,7.18,7.15,75290.0,539211.64,7.16
000988.SZ,20260930,94.99,94.99,94.99,94.52,156100.0,14822940.16,94.96
000989.SZ,20260930,8.55,8.55,8.55,8.55,18900.0,161595.0,8.55
000990.SZ,20260930,6.11,6.11,6.11,6.1,257900.0,1575708.96,6.11
000993.SZ,20260930,16.77,16.81,16.94,16.76,1999300.0,33613888.0,16.81
000995.SZ,20260930,11.44,11.42,11.45,11.42,107500.0,1228040.0,11.42
000997.SZ,20260930,19.46,19.47,19.47,19.46,41200.0,802130.0,19.47
000998.SZ,20260930,8.44,8.44,8.48,8.41,64400.0,543817.0,8.44
000999.SZ,20260930,23.49,23.44,23.49,23.44,18692.0,438215.48,23.44
001201.SZ,20260930,16.11,16.03,16.19,16.03,282100.0,4525289.92,16.04
001202.SZ,20260930,15.02,15.02,15.02,15.02,2000.0,30040.0,15.02
001203.SZ,20260930,21.7,21.65,21.71,21.57,38800.0,840083.04,21.65
001205.SZ,20260930,14.59,14.59,14.59,14.59,300.0,4377.0,14.59
001206.SZ,20260930,18.62,18.31,18.62,18.31,991400.96,18347906.56,18.51
001207.SZ,20260930,19.03,18.96,19.03,18.96,40700.0,771862.0,18.97
001208.SZ,20260930,13.2,13.22,13.22,13.16,41100.0,542787.0,13.21
001209.SZ,20260930,18.95,18.95,18.97,18.89,39700.0,752294.0,18.95
001210.SZ,20260930,27.4,27.34,27.4,27.34,25080.0,686695.04,27.38
001211.SZ,20260930,27.56,27.51,27.68,27.51,52200.0,1436367.04,27.52
001212.SZ,20260930,37.05,36.87,37.12,36.87,13200.0,487204.0,36.91
001213.SZ,20260930,3.5,3.5,3.5,3.5,7200.0,25200.0,3.5
001215.SZ,20260930,32.33,32.59,32.59,32.33,1600.0,52088.0,32.56
001216.SZ,20260930,28.7,28.8,28.99,28.5,1875000.0,53955686.4,28.78
001217.SZ,20260930,11.24,11.22,11.24,11.22,30600.0,343334.0,11.22
001218.SZ,20260930,23.69,23.69,23.69,23.69,800.0,18952.0,23.69
001219.SZ,20260930,12.92,12.93,12.93,12.92,9500.0,122830.0,12.93
001220.SZ,20260930,31.43,31.43,31.43,31.43,4000.0,125720.0,31.43
001221.SZ,20260930,32.98,32.94,33.0,32.93,48700.0,1604739.04,32.95
001222.SZ,20260930,15.37,15.39,15.41,15.3,58400.0,898424.96,15.38
001223.SZ,20260930,42.51,42.54,42.55,42.5,16500.0,701786.0,42.53
001225.SZ,20260930,33.63,33.35,33.63,33.35,9080.0,303045.0,33.38
001226.SZ,20260930,48.11,48.3,48.3,47.93,3500.0,168964.0,48.28
001227.SZ,20260930,2.09,2.09,2.09,2.08,124000.0,259159.0,2.09
001228.SZ,20260930,37.78,37.35,37.82,37.35,19200.0,718536.0,37.42
001229.SZ,20260930,38.67,38.55,38.71,38.55,19900.0,767796.96,38.58
001230.SZ,20260930,19.32,19.48,19.49,19.32,100900.0,1965414.08,19.48
001231.SZ,20260930,22.81,22.82,22.82,22.81,1600.0,36511.0,22.82
001232.SZ,20260930,188.69,188.09,188.69,188.09,19400.0,3650312.96,188.16
001233.SZ,20260930,44.39,43.82,44.39,43.82,7900.0,347925.0,44.04
001234.SZ,20260930,27.81,28.35,28.38,27.81,703500.0,19920551.68,28.32
001236.SZ,20260930,7.85,7.85,7.86,7.84,10200.0,80075.0,7.85
001237.SZ,20260930,49.57,49.57,49.68,49.57,10400.0,515625.0,49.58
001238.SZ,20260930,26.35,26.35,26.45,26.35,7700.0,202915.0,26.35
001239.SZ,20260930,12.3,12.33,12.33,12.3,9500.0,117126.0,12.33
001246.SZ,20260930,66.24,65.0,66.88,65.0,8488976.0,552756879.36,65.12
001248.SZ,20260930,11.53,11.51,11.53,11.51,217600.0,2505627.04,11.52
001255.SZ,20260930,27.82,27.95,27.95,27.53,8300.0,231716.0,27.92
001256.SZ,20260930,21.62,21.68,21.69,21.62,13500.0,292663.0,21.68
001257.SZ,20260930,20.96,20.95,21.03,20.95,280308.0,5873609.6,20.95
001258.SZ,20260930,10.17,10.18,10.2,10.15,140600.0,1431168.96,10.18
001259.SZ,20260930,45.12,44.9,45.12,44.9,7000.0,314354.0,44.91
001260.SZ,20260930,19.26,19.18,19.3,19.18,57200.0,1097740.96,19.19
001266.SZ,20260930,36.44,36.35,36.88,36.35,46700.0,1699900.0,36.4
001267.SZ,20260930,33.9,34.01,34.24,33.88,250400.0,8517729.92,34.02
001268.SZ,20260930,25.49,25.5,25.64,25.1,34100.0,868458.0,25.47
001269.SZ,20260930,19.23,19.22,19.23,19.22,11200.0,215267.0,19.22
001270.SZ,20260930,92.42,92.22,92.96,92.22,198507.0,18314968.32,92.26
001277.SZ,20260930,30.58,30.58,30.58,30.58,7500.0,229350.0,30.58
001278.SZ,20260930,17.15,17.12,17.15,17.12,42100.0,720758.0,17.12
001279.SZ,20260930,26.3,26.32,26.32,26.3,10700.0,281622.0,26.32
001280.SZ,20260930,60.33,60.4,60.4,60.33,5800.0,350291.0,60.4
001282.SZ,20260930,16.42,16.41,16.42,16.41,10900.0,178884.0,16.41
001283.SZ,20260930,46.5,46.56,46.68,46.3,82400.0,3836597.12,46.56
001285.SZ,20260930,42.14,42.14,42.14,42.1,3800.0,160080.0,42.13
001286.SZ,20260930,9.39,9.4,9.42,9.39,133700.0,1256715.04,9.4
001287.SZ,20260930,23.58,23.58,23.65,23.57,94700.0,2233228.0,23.58
001288.SZ,20260930,32.7,32.58,32.7,32.58,61000.0,1987803.04,32.59
001289.SZ,20260930,14.82,14.81,14.85,14.81,20600.0,305265.0,14.82
001296.SZ,20260930,19.56,19.51,19.61,19.51,4900.0,95745.0,19.54
001298.SZ,20260930,16.45,16.38,16.46,16.38,12125.0,198771.5,16.39
001299.SZ,20260930,10.11,10.13,10.13,10.02,22800.0,230686.0,10.12
001300.SZ,20260930,12.49,12.49,12.49,12.48,5400.0,67426.0,12.49
001301.SZ,20260930,46.02,46.0,46.02,45.99,29200.0,1343268.96,46.0
001306.SZ,20260930,57.0,57.2,57.2,56.63,1200.0,68487.0,57.07
001308.SZ,20260930,18.04,18.02,18.04,18.02,7000.0,126146.0,18.02
001309.SZ,20260930,373.0,373.0,373.99,372.57,40600.0,15144948.48,373.03
001311.SZ,20260930,16.99,16.82,16.99,16.82,9600.0,162287.0,16.91
001312.SZ,20260930,17.84,17.83,17.85,17.83,1600.0,28539.0,17.84
001313.SZ,20260930,7.19,7.19,7.19,7.19,11200.0,80528.0,7.19
001314.SZ,20260930,51.04,50.91,51.3,50.91,14700.0,749183.04,50.97
001316.SZ,20260930,27.78,27.6,27.78,27.6,10900.0,301018.0,27.62
001317.SZ,20260930,63.01,62.99,63.35,62.99,218200.0,13755444.48,63.04
001318.SZ,20260930,11.93,11.88,11.95,11.88,42000.0,499182.0,11.89
001319.SZ,20260930,21.59,21.59,21.59,21.59,2100.0,45339.0,21.59
001322.SZ,20260930,6.48,6.5,6.51,6.48,103500.0,672782.0,6.5
001323.SZ,20260930,18.11,18.08,18.12,18.08,13210.0,238965.1,18.09
001324.SZ,20260930,20.74,20.56,20.75,20.56,28600.0,589958.0,20.63
001325.SZ,20260930,36.32,36.25,36.32,36.25,3900.0,141397.0,36.26
001326.SZ,20260930,103.79,103.27,103.79,103.27,18300.0,1891705.92,103.37
001328.SZ,20260930,30.58,30.66,30.66,30.58,7300.0,223370.0,30.6
001330.SZ,20260930,6.71,6.69,6.74,6.68,10882800.64,72886993.92,6.7
001331.SZ,20260930,39.27,39.3,39.87,38.96,138300.0,5437059.2,39.31
001332.SZ,20260930,27.31,27.3,27.43,27.3,15900.0,434451.0,27.32
001333.SZ,20260930,20.17,20.13,20.19,20.13,13200.0,265778.0,20.14
001335.SZ,20260930,33.16,33.0,33.16,33.0,5400.0,178375.0,33.03
001336.SZ,20260930,19.27,19.24,19.27,19.23,8700.0,167380.0,19.24
001337.SZ,20260930,44.55,44.55,44.68,44.55,69100.0,3079107.84,44.56
001338.SZ,20260930,9.09,9.1,9.1,9.08,36300.0,330300.0,9.1
001339.SZ,20260930,70.8,70.99,70.99,70.8,19600.0,1391286.08,70.98
001356.SZ,20260930,9.31,9.27,9.31,9.27,25000.0,231854.0,9.27
001358.SZ,20260930,24.7,24.99,24.99,24.7,9500.0,237071.0,24.96
001359.SZ,20260930,83.39,82.94,83.39,82.94,12900.0,1072732.96,83.16
001360.SZ,20260930,19.05,19.0,19.07,19.0,7300.0,138827.0,19.02
001365.SZ,20260930,36.03,36.03,36.29,36.01,75400.0,2717313.92,36.04
001366.SZ,20260930,13.21,13.21,13.22,13.21,15900.0,210081.0,13.21
001367.SZ,20260930,22.3,22.22,22.33,22.22,5100.0,113475.0,22.25
001368.SZ,20260930,37.62,37.02,38.0,37.02,910398.0,33760468.48,37.08
001369.SZ,20260930,12.0,11.99,12.02,11.99,11200.0,134325.0,11.99
001373.SZ,20260930,31.73,31.72,31.95,31.72,13700.0,434919.0,31.75
001376.SZ,20260930,12.36,12.33,12.4,12.33,152000.0,1875304.96,12.34
001378.SZ,20260930,22.31,22.27,22.37,22.27,74700.0,1665961.92,22.3
001379.SZ,20260930,15.9,15.97,15.97,15.9,15300.0,244313.0,15.97
001380.SZ,20260930,18.86,18.84,18.86,18.84,4300.0,81024.0,18.84
001382.SZ,20260930,16.68,16.65,16.68,16.65,33000.0,549557.0,16.65
001386.SZ,20260930,16.04,16.01,16.04,16.01,17400.0,278724.0,16.02
001387.SZ,20260930,12.54,12.54,12.54,12.52,26900.0,337310.0,12.54
001388.SZ,20260930,19.77,19.71,19.77,19.71,20900.0,412080.0,19.72
001389.SZ,20260930,192.54,193.0,193.66,192.01,172100.0,33220157.44,193.03
001390.SZ,20260930,17.18,17.16,17.18,17.15,12100.0,207633.0,17.16
001391.SZ,20260930,3.81,3.81,3.81,3.8,45000.0,171449.0,3.81
001393.SZ,20260930,41.78,41.46,41.91,41.46,22400.0,929754.0,41.51
001395.SZ,20260930,30.15,30.18,30.18,30.1,7900.0,238330.0,30.17
001396.SZ,20260930,31.65,31.65,31.65,31.65,1800.0,56970.0,31.65
001399.SZ,20260930,22.28,22.3,22.3,22.23,107700.0,2400528.0,22.29
001400.SZ,20260930,84.81,84.99,84.99,84.36,24600.0,2089427.04,84.94
001696.SZ,20260930,15.4,15.35,15.4,15.35,171100.0,2627495.04,15.36
001872.SZ,20260930,23.87,23.94,23.96,23.87,71300.0,1706563.04,23.94
001896.SZ,20260930,10.43,10.45,10.45,10.39,474200.0,4953605.12,10.45
001914.SZ,20260930,9.05,9.0,9.14,9.0,655300.0,5901368.32,9.01
001965.SZ,20260930,9.99,10.0,10.0,9.99,20300.0,202967.0,10.0
001979.SZ,20260930,7.24,7.25,7.25,7.23,6277799.68,45501926.4,7.25
002001.SZ,20260930,25.34,25.33,25.34,25.33,72400.0,1833967.04,25.33
002003.SZ,20260930,11.36,11.33,11.36,11.33,20900.0,236827.0,11.33
002004.SZ,20260930,4.26,4.24,4.26,4.24,95800.0,406292.0,4.24
002005.SZ,20260930,2.76,2.76,2.76,2.72,95500.0,263564.0,2.76
002006.SZ,20260930,13.44,13.5,13.52,13.33,45600.0,615064.0,13.49
002007.SZ,20260930,13.05,13.05,13.08,13.05,10800.0,140962.0,13.05
002008.SZ,20260930,82.37,82.26,82.54,82.26,144000.0,11848006.4,82.28
002009.SZ,20260930,15.43,15.46,15.46,15.4,22100.0,341517.0,15.45
002010.SZ,20260930,4.59,4.57,4.59,4.57,161400.0,738122.0,4.57
002011.SZ,20260930,12.68,12.65,12.78,12.65,216400.0,2742160.0,12.67
002012.SZ,20260930,6.98,6.98,6.98,6.98,19800.0,138204.0,6.98
002014.SZ,20260930,11.07,11.08,11.09,11.07,3300.0,36562.0,11.08
002015.SZ,20260930,14.68,14.71,14.71,14.66,371500.0,5461989.76,14.7
002016.SZ,20260930,4.81,4.86,4.87,4.81,296300.0,1439451.04,4.86
002017.SZ,20260930,13.97,13.93,13.98,13.91,80100.0,1116116.0,13.93
002019.SZ,20260930,9.25,9.24,9.25,9.24,23300.0,215330.0,9.24
002020.SZ,20260930,11.38,11.39,11.43,11.36,174100.0,1987280.0,11.42
002021.SZ,20260930,2.64,2.64,2.64,2.62,416300.0,1097964.0,2.64
002022.SZ,20260930,6.0,6.0,6.0,5.97,41400.0,248378.0,6.0
002023.SZ,20260930,9.57,9.58,9.59,9.54,147500.0,1412268.96,9.58
002024.SZ,20260930,1.15,1.15,1.15,1.15,329000.0,378350.0,1.15
002025.SZ,20260930,68.59,68.61,68.67,68.57,56700.0,3889192.96,68.59
002026.SZ,20260930,11.12,11.12,11.12,11.08,16100.0,179028.0,11.12
002027.SZ,20260930,4.66,4.65,4.66,4.65,357400.0,1662720.96,4.65
002028.SZ,20260930,120.39,120.43,121.47,120.1,100200.0,12067778.56,120.44
002029.SZ,20260930,9.14,9.14,9.15,9.02,557787.0,5088750.4,9.12
002030.SZ,20260930,5.65,5.65,5.66,5.65,109500.0,618734.0,5.65
002031.SZ,20260930,5.54,5.54,5.58,5.53,2848700.16,15791560.96,5.54
002032.SZ,20260930,39.61,39.56,39.63,39.55,8000.0,316630.0,39.58
002033.SZ,20260930,8.2,8.19,8.2,8.19,43000.0,352261.0,8.19
002034.SZ,20260930,14.0,14.06,14.06,14.0,3200.0,44959.0,14.05
002035.SZ,20260930,4.8,4.78,4.82,4.78,218100.0,1045042.0,4.79
002036.SZ,20260930,6.05,6.08,6.08,6.05,111300.0,676386.0,6.08
002037.SZ,20260930,6.77,6.75,6.77,6.75,8400.0,56724.0,6.75
002038.SZ,20260930,5.61,5.65,5.65,5.6,134200.0,756920.0,5.64
002039.SZ,20260930,19.08,19.08,19.08,19.05,11700.0,223227.0,19.08
002040.SZ,20260930,8.83,8.86,8.86,8.83,64000.0,566991.0,8.86
002041.SZ,20260930,9.39,9.39,9.4,9.39,84700.0,795384.96,9.39
002042.SZ,20260930,3.68,3.68,3.68,3.65,374000.0,1375779.04,3.68
002043.SZ,20260930,11.2,11.16,11.2,11.16,459400.0,5127519.04,11.16
002044.SZ,20260930,4.48,4.48,4.49,4.48,208000.0,931844.96,4.48
002045.SZ,20260930,8.85,8.81,8.85,8.81,37700.0,332198.0,8.81
002046.SZ,20260930,60.71,60.54,60.75,60.54,48700.0,2949352.96,60.56
002047.SZ,20260930,3.18,3.19,3.19,3.17,216600.0,690247.04,3.19
002048.SZ,20260930,17.83,17.83,17.84,17.83,33700.0,600873.0,17.83
002049.SZ,20260930,58.87,58.59,58.87,58.59,64100.0,3757190.08,58.62
002050.SZ,20260930,35.56,35.6,35.6,35.52,181900.0,6471825.92,35.58
002051.SZ,20260930,8.78,8.8,8.82,8.75,821000.0,7220112.0,8.79
002052.SZ,20260930,8.11,8.11,8.11,8.11,7400.0,60014.0,8.11
002053.SZ,20260930,9.57,9.53,9.57,9.53,21500.0,204934.0,9.53
002054.SZ,20260930,7.1,7.09,7.1,7.09,75600.0,536036.0,7.09
002055.SZ,20260930,6.6,6.61,6.61,6.6,28000.0,185067.0,6.61
002056.SZ,20260930,19.61,19.61,19.72,19.59,33500.0,657820.0,19.64
002057.SZ,20260930,8.81,8.81,8.84,8.81,26500.0,233740.0,8.82
002058.SZ,20260930,20.2,20.2,20.2,20.2,1372800.96,27730580.48,20.2
002059.SZ,20260930,4.25,4.25,4.26,4.25,347700.0,1477911.04,4.25
002060.SZ,20260930,3.03,3.03,3.03,3.03,94600.0,286638.0,3.03
002061.SZ,20260930,3.3,3.31,3.31,3.3,32900.0,108814.0,3.31
002062.SZ,20260930,8.95,8.96,9.0,8.95,213000.0,1908736.96,8.96
002063.SZ,20260930,5.27,5.24,5.27,5.24,34300.0,179829.0,5.24
002064.SZ,20260930,9.41,9.4,9.42,9.38,67600.0,635573.0,9.4
002065.SZ,20260930,6.5,6.5,6.51,6.49,86400.0,561642.0,6.5
002066.SZ,20260930,19.64,19.64,19.64,19.64,3100.0,60884.0,19.64
002067.SZ,20260930,3.98,3.97,3.98,3.97,570200.0,2266318.08,3.98
002068.SZ,20260930,9.15,9.15,9.15,9.1,238400.0,2180396.0,9.15
002069.SZ,20260930,3.68,3.67,3.69,3.67,59400.0,218250.0,3.67
002072.SZ,20260930,7.24,7.25,7.25,7.22,22100.0,160109.0,7.25
002073.SZ,20260930,5.65,5.65,5.65,5.65,30600.0,172890.0,5.65
002074.SZ,20260930,30.25,30.49,30.49,29.98,6651600.0,202308075.52,30.42
002075.SZ,20260930,3.5,3.49,3.5,3.49,19800.0,69103.0,3.49
002076.SZ,20260930,2.13,2.13,2.14,2.13,445300.0,948552.96,2.13
002077.SZ,20260930,14.45,14.4,14.46,14.4,294200.0,4238736.96,14.41
002078.SZ,20260930,13.6,13.6,13.61,13.58,47800.0,650041.0,13.6
002079.SZ,20260930,8.62,8.64,8.64,8.61,62200.0,537275.0,8.64
002080.SZ,20260930,54.97,54.9,55.2,54.9,330000.0,18127548.16,54.93
002081.SZ,20260930,4.99,4.98,5.01,4.98,5184403.84,25852008.96,4.99
002082.SZ,20260930,12.81,12.8,12.85,12.8,588300.0,7531292.8,12.8
002083.SZ,20260930,9.29,9.29,9.31,9.29,108700.0,1010118.0,9.29
002084.SZ,20260930,5.82,5.8,5.82,5.8,838500.0,4864287.04,5.8
002085.SZ,20260930,9.21,9.22,9.22,9.2,78200.0,720547.04,9.21
002086.SZ,20260930,2.02,2.02,2.03,2.02,652800.0,1318659.04,2.02
002088.SZ,20260930,8.07,8.07,8.07,8.07,6100.0,49227.0,8.07
002090.SZ,20260930,9.06,8.94,9.06,8.94,4300.0,38874.0,9.04
002091.SZ,20260930,7.47,7.47,7.47,7.47,23600.0,176292.0,7.47
002092.SZ,20260930,4.32,4.32,4.33,4.32,128200.0,553825.0,4.32
002093.SZ,20260930,8.02,8.01,8.05,8.01,354100.0,2838111.04,8.02
002094.SZ,20260930,5.11,5.12,5.12,5.08,137700.0,704588.96,5.12
002095.SZ,20260930,15.74,15.7,15.76,15.7,56900.0,893610.0,15.71
002096.SZ,20260930,8.95,8.95,8.95,8.95,12900.0,115455.0,8.95
002097.SZ,20260930,6.82,6.82,6.85,6.82,38300.0,261288.0,6.82
002098.SZ,20260930,8.29,8.3,8.3,8.27,15500.0,128570.0,8.3
002099.SZ,20260930,6.02,6.02,6.06,6.01,540900.0,3256239.04,6.02
002100.SZ,20260930,7.87,7.87,7.88,7.87,66600.0,524144.0,7.87
002101.SZ,20260930,8.53,8.55,8.55,8.53,13100.0,111973.0,8.55
002102.SZ,20260930,2.55,2.55,2.55,2.55,163700.0,417435.0,2.55
002103.SZ,20260930,6.8,6.78,6.8,6.75,44500.0,301689.0,6.78
002104.SZ,20260930,10.26,10.26,10.3,10.25,202400.0,2078492.0,10.27
002105.SZ,20260930,6.08,6.08,6.11,6.08,37400.0,227564.0,6.09
002106.SZ,20260930,12.11,12.08,12.15,12.08,239800.0,2898545.92,12.09
002107.SZ,20260930,7.16,7.13,7.18,7.13,89300.0,637493.0,7.14
002108.SZ,20260930,4.26,4.27,4.27,4.26,37900.0,161655.0,4.27
002109.SZ,20260930,2.79,2.79,2.79,2.79,7200.0,20088.0,2.79
002110.SZ,20260930,2.88,2.88,2.88,2.87,221500.0,637918.0,2.88
002111.SZ,20260930,9.08,9.11,9.11,9.07,51600.0,469891.0,9.11
002112.SZ,20260930,13.94,13.89,13.94,13.89,5400.0,75151.0,13.92
002114.SZ,20260930,7.28,7.29,7.29,7.28,37300.0,271901.0,7.29
002115.SZ,20260930,9.49,9.49,9.5,9.46,170600.0,1618584.0,9.49
002116.SZ,20260930,7.18,7.18,7.19,7.18,15900.0,114167.0,7.18
002117.SZ,20260930,7.85,7.85,7.85,7.84,17100.0,134230.0,7.85
002119.SZ,20260930,27.88,27.81,27.98,27.81,1211428.0,33701644.8,27.82
002120.SZ,20260930,6.8,6.8,6.81,6.8,41700.0,283575.0,6.8
002121.SZ,20260930,4.16,4.17,4.17,4.16,139600.0,581943.0,4.17
002122.SZ,20260930,2.78,2.78,2.78,2.77,44100.0,122576.0,2.78
002123.SZ,20260930,7.75,7.82,7.82,7.72,238200.0,1861081.92,7.81
002124.SZ,20260930,2.0,2.0,2.01,2.0,1939140.0,3880938.88,2.0
002125.SZ,20260930,11.96,11.96,11.99,11.96,90800.0,1086003.04,11.96
002126.SZ,20260930,34.5,34.5,34.51,34.44,37900.0,1307346.0,34.5
002127.SZ,20260930,2.98,2.99,2.99,2.98,674100.0,2015263.04,2.99
002128.SZ,20260930,27.94,27.98,27.99,27.86,129900.0,3633238.08,27.97
002129.SZ,20260930,9.18,9.18,9.2,9.16,533850.0,4900928.96,9.18
002130.SZ,20260930,15.75,15.75,15.76,15.71,85000.0,1338506.0,15.75
002131.SZ,20260930,4.27,4.26,4.28,4.25,478400.0,2038516.96,4.26
002132.SZ,20260930,4.01,4.02,4.03,4.01,690800.0,2778144.0,4.02
002133.SZ,20260930,2.9,2.92,2.92,2.9,220300.0,642503.0,2.92
002134.SZ,20260930,25.46,25.5,25.55,25.29,124800.0,3180510.08,25.49
002135.SZ,20260930,5.94,5.94,5.94,5.93,152400.0,905248.96,5.94
002136.SZ,20260930,11.78,11.79,11.79,11.78,9400.0,110757.0,11.78
002137.SZ,20260930,7.99,8.0,8.05,7.97,1158300.0,9268177.28,8.0
002138.SZ,20260930,49.24,49.02,49.24,49.0,77500.0,3802266.88,49.06
002139.SZ,20260930,9.64,9.6,9.65,9.6,60637.0,582860.2,9.61
002140.SZ,20260930,8.98,8.97,8.99,8.97,33900.0,304237.0,8.98
002141.SZ,20260930,6.51,6.52,6.54,6.49,1601600.0,10438643.84,6.52
002142.SZ,20260930,34.8,34.8,34.82,34.78,75100.0,2613487.04,34.8
002144.SZ,20260930,11.15,11.15,11.17,11.11,24200.0,269809.0,11.15
002145.SZ,20260930,4.6,4.6,4.61,4.6,134800.0,620183.0,4.6
002146.SZ,20260930,1.28,1.28,1.3,1.26,39868999.68,51051074.56,1.28
002148.SZ,20260930,6.29,6.29,6.29,6.29,51000.0,320790.0,6.29
002149.SZ,20260930,31.56,31.68,31.68,31.56,34000.0,1077036.0,31.68
002150.SZ,20260930,19.73,19.67,19.73,19.66,14400.0,283492.0,19.69
002151.SZ,20260930,28.39,28.4,28.43,28.36,53300.0,1513225.92,28.39
002152.SZ,20260930,8.96,8.96,8.96,8.95,64300.0,576118.0,8.96
002153.SZ,20260930,7.42,7.41,7.42,7.41,31700.0,234899.0,7.41
002154.SZ,20260930,3.83,3.84,3.84,3.83,118300.0,454147.0,3.84
002155.SZ,20260930,23.07,23.08,23.09,23.03,407400.0,9402001.28,23.08
002156.SZ,20260930,60.21,60.27,60.36,59.98,740800.0,44607779.84,60.22
002157.SZ,20260930,2.92,2.93,2.93,2.92,1223600.0,3575097.92,2.92
002158.SZ,20260930,24.98,24.98,25.09,24.98,37000.0,924776.0,24.99
002159.SZ,20260930,13.35,13.35,13.35,13.29,9300.0,123908.0,13.32
002160.SZ,20260930,3.9,3.92,3.92,3.9,61700.0,241824.0,3.92
002161.SZ,20260930,6.57,6.57,6.6,6.56,520800.0,3423511.04,6.57
002162.SZ,20260930,4.19,4.17,4.2,4.17,91400.0,381905.0,4.18
002163.SZ,20260930,7.58,7.62,7.62,7.55,174900.0,1331562.0,7.61
002164.SZ,20260930,12.25,12.26,12.26,12.19,324700.0,3972493.12,12.23
002165.SZ,20260930,6.8,6.79,6.8,6.78,291400.0,1978574.08,6.79
002166.SZ,20260930,6.68,6.67,6.68,6.67,22300.0,148840.0,6.67
002167.SZ,20260930,15.75,15.77,15.78,15.68,241500.0,3805584.96,15.76
002168.SZ,20260930,3.58,3.58,3.58,3.58,2900.0,10382.0,3.58
002169.SZ,20260930,12.31,12.3,12.35,12.28,184000.0,2265008.96,12.31
002170.SZ,20260930,10.5,10.53,10.53,10.46,146000.0,1536388.0,10.52
002171.SZ,20260930,9.72,9.7,9.72,9.7,262000.0,2542160.0,9.7
002172.SZ,20260930,5.38,5.43,5.46,5.37,8272000.0,44882135.04,5.43
002173.SZ,20260930,17.25,17.12,17.25,17.12,81000.0,1389961.92,17.16
002174.SZ,20260930,13.4,13.43,13.6,13.38,640000.0,8592378.88,13.43
002175.SZ,20260930,2.48,2.47,2.48,2.47,77300.0,190972.0,2.47
002176.SZ,20260930,8.24,8.23,8.26,8.22,112200.0,923614.0,8.23
002177.SZ,20260930,5.52,5.49,5.52,5.49,91200.0,500900.0,5.49
002178.SZ,20260930,5.05,5.05,5.09,5.03,669800.0,3386143.04,5.05
002179.SZ,20260930,33.2,33.3,33.3,33.14,112300.0,3739010.88,33.29
002180.SZ,20260930,16.3,16.24,16.33,16.24,37400.0,608011.0,16.26
002181.SZ,20260930,9.0,9.02,9.05,8.99,1444200.0,13024820.48,9.02
002182.SZ,20260930,11.07,11.02,11.07,11.02,8500.0,93795.0,11.04
002183.SZ,20260930,4.14,4.16,4.16,4.14,367100.0,1526632.0,4.16
002184.SZ,20260930,9.98,9.99,10.0,9.98,4900.0,48948.0,9.99
002185.SZ,20260930,17.12,17.1,17.15,17.1,1129100.0,19316326.4,17.11
002186.SZ,20260930,9.39,9.39,9.4,9.39,13400.0,125836.0,9.39
002187.SZ,20260930,5.47,5.46,5.49,5.46,15900.0,86966.0,5.47
002188.SZ,20260930,5.81,5.82,5.83,5.78,355000.0,2066345.92,5.82
002189.SZ,20260930,19.14,19.12,19.19,19.12,33000.0,631429.0,19.13
002190.SZ,20260930,22.99,22.92,22.99,22.92,24500.0,563178.0,22.99
002191.SZ,20260930,3.51,3.51,3.51,3.51,22700.0,79677.0,3.51
002192.SZ,20260930,57.04,57.0,57.18,56.98,107176.0,6109317.76,57.0
002193.SZ,20260930,4.57,4.57,4.57,4.57,600.0,2742.0,4.57
002194.SZ,20260930,10.04,10.04,10.05,10.01,82200.0,825260.96,10.04
002195.SZ,20260930,5.98,5.98,5.98,5.97,148800.0,889812.96,5.98
002196.SZ,20260930,10.18,10.21,10.25,10.18,59100.0,603959.0,10.22
002197.SZ,20260930,6.54,6.54,6.54,6.53,68400.0,447314.0,6.54
002198.SZ,20260930,3.61,3.61,3.61,3.61,17200.0,62092.0,3.61
002199.SZ,20260930,11.63,11.6,11.68,11.6,123100.0,1429940.96,11.62
002200.SZ,20260930,6.88,6.88,6.88,6.88,24900.0,171312.0,6.88
002201.SZ,20260930,9.48,9.47,9.5,9.42,222400.0,2106180.96,9.47
002202.SZ,20260930,17.11,17.1,17.15,17.09,317500.0,5429226.88,17.1
002203.SZ,20260930,17.5,17.45,17.5,17.45,30000.0,523705.0,17.46
002204.SZ,20260930,5.28,5.28,5.29,5.28,158200.0,835306.0,5.28
002205.SZ,20260930,12.51,12.44,12.63,12.44,745151.04,9285617.92,12.46
002206.SZ,20260930,4.85,4.85,4.86,4.85,33400.0,162013.0,4.85
002207.SZ,20260930,5.41,5.41,5.41,5.41,23600.0,127676.0,5.41
002208.SZ,20260930,10.09,10.09,10.13,10.07,362800.0,3661424.96,10.09
002209.SZ,20260930,13.42,13.4,13.45,13.37,12300.0,164974.0,13.41
002210.SZ,20260930,2.1,2.1,2.1,2.09,271700.0,570569.0,2.1
002211.SZ,20260930,3.74,3.72,3.74,3.72,10700.0,39964.0,3.74
002212.SZ,20260930,7.37,7.38,7.41,7.35,2589500.0,19107719.68,7.38
002213.SZ,20260930,28.0,27.95,28.1,27.9,31900.0,892006.0,27.96
002214.SZ,20260930,17.86,17.8,17.95,17.8,16000.0,285418.0,17.84
002215.SZ,20260930,9.26,9.26,9.27,9.25,110200.0,1020456.0,9.26
002216.SZ,20260930,11.34,11.34,11.34,11.32,13800.0,156463.0,11.34
002217.SZ,20260930,1.53,1.52,1.53,1.52,419800.0,638836.0,1.52
002218.SZ,20260930,3.77,3.76,3.77,3.76,103300.0,388695.0,3.76
002219.SZ,20260930,2.08,2.08,2.08,2.08,72400.0,150592.0,2.08
002221.SZ,20260930,5.58,5.58,5.6,5.58,18200.0,101610.0,5.58
002222.SZ,20260930,63.0,62.98,63.06,62.8,87400.0,5503230.08,62.97
002223.SZ,20260930,25.67,25.68,25.68,25.6,25700.0,659831.0,25.67
002224.SZ,20260930,3.77,3.73,3.79,3.73,297200.0,1117430.0,3.76
002225.SZ,20260930,3.42,3.41,3.42,3.41,256100.0,874206.0,3.41
002226.SZ,20260930,4.89,4.88,4.89,4.88,97100.0,473916.0,4.88
002227.SZ,20260930,6.41,6.41,6.41,6.41,5100.0,32691.0,6.41
002228.SZ,20260930,3.25,3.24,3.25,3.24,274200.0,889219.04,3.24
002229.SZ,20260930,10.31,10.32,10.32,10.29,94700.0,976714.0,10.31
002230.SZ,20260930,37.38,37.34,37.38,37.34,29850.0,1114856.96,37.35
002232.SZ,20260930,16.46,16.51,16.52,16.31,1071600.0,17673952.0,16.49
002233.SZ,20260930,6.68,6.68,6.69,6.66,105500.0,704195.84,6.68
002234.SZ,20260930,7.98,7.85,8.02,7.85,36200.0,286347.0,7.91
002235.SZ,20260930,7.73,7.74,7.74,7.73,269300.0,2084335.04,7.74
002236.SZ,20260930,15.26,15.26,15.27,15.25,39800.0,607362.0,15.26
002237.SZ,20260930,12.38,12.4,12.4,12.37,229800.0,2848736.0,12.4
002238.SZ,20260930,7.32,7.31,7.35,7.31,4355500.16,31876211.2,7.32
002239.SZ,20260930,2.47,2.47,2.47,2.47,50300.0,124241.0,2.47
002240.SZ,20260930,25.06,25.05,25.11,25.05,164600.0,4123941.12,25.05
002241.SZ,20260930,23.14,23.13,23.15,23.11,255750.0,5916135.68,23.13
002242.SZ,20260930,12.5,12.5,12.5,12.5,6640823.04,83010288.64,12.5
002243.SZ,20260930,6.95,6.94,6.96,6.94,60400.0,419193.0,6.94
002244.SZ,20260930,8.96,8.99,8.99,8.91,6432000.0,57786649.6,8.98
002245.SZ,20260930,16.17,16.17,16.19,16.16,209500.0,3387894.08,16.17
002246.SZ,20260930,25.16,25.25,25.25,25.08,65300.0,1647103.04,25.22
002247.SZ,20260930,2.49,2.49,2.5,2.49,78100.0,194729.0,2.49
002248.SZ,20260930,9.51,9.47,9.52,9.45,170300.0,1616304.0,9.49
002249.SZ,20260930,6.43,6.43,6.45,6.43,186200.0,1198190.0,6.44
002250.SZ,20260930,13.93,13.91,13.95,13.9,41900.0,583109.0,13.92
002251.SZ,20260930,3.42,3.43,3.43,3.42,438500.0,1503241.92,3.43
002252.SZ,20260930,5.16,5.16,5.17,5.14,387500.0,1996518.08,5.15
002253.SZ,20260930,8.7,8.73,8.81,8.68,169400.0,1479456.0,8.73
002254.SZ,20260930,11.66,11.66,11.66,11.61,30300.0,353174.0,11.66
002255.SZ,20260930,7.29,7.29,7.29,7.29,7400.0,53946.0,7.29
002256.SZ,20260930,3.15,3.15,3.15,3.13,40100.0,126212.0,3.15
002258.SZ,20260930,13.91,13.93,13.93,13.88,40900.0,569565.0,13.93
002259.SZ,20260930,5.02,4.99,5.05,4.97,467200.0,2332292.96,4.99
002261.SZ,20260930,24.19,24.21,24.22,24.13,96700.0,2338584.96,24.18
002262.SZ,20260930,23.65,23.65,23.65,23.65,4136902.08,97837731.84,23.65
002263.SZ,20260930,3.22,3.21,3.23,3.21,377100.0,1211860.0,3.21
002264.SZ,20260930,7.65,7.63,7.66,7.63,693500.0,5292497.92,7.63
002265.SZ,20260930,19.06,18.94,19.16,18.94,31300.0,594975.0,19.01
002266.SZ,20260930,4.55,4.55,4.55,4.54,309600.0,1407955.04,4.55
002267.SZ,20260930,7.15,7.15,7.15,7.14,12700.0,90802.0,7.15
002268.SZ,20260930,14.95,14.95,14.96,14.92,160400.0,2397550.08,14.95
002269.SZ,20260930,1.38,1.39,1.39,1.38,579900.0,806030.0,1.39
002270.SZ,20260930,17.06,17.05,17.09,17.05,12000.0,204674.0,17.06
002271.SZ,20260930,10.33,10.37,10.37,10.31,410400.0,4249617.92,10.36
002272.SZ,20260930,14.49,14.44,14.63,14.44,262700.0,3806760.0,14.49
002273.SZ,20260930,23.94,23.94,23.98,23.85,383400.0,9180286.08,23.94
002274.SZ,20260930,5.84,5.83,5.85,5.81,40700.0,237318.0,5.83
002275.SZ,20260930,12.08,12.12,12.12,12.08,5600.0,67850.0,12.12
002276.SZ,20260930,9.78,9.78,9.78,9.78,24300.0,237654.0,9.78
002277.SZ,20260930,4.89,4.88,4.92,4.88,956500.0,4671850.88,4.88
002278.SZ,20260930,8.25,8.31,8.33,8.21,1040100.0,8639146.24,8.31
002279.SZ,20260930,6.64,6.63,6.66,6.63,142200.0,943795.04,6.64
002281.SZ,20260930,169.6,169.62,169.62,169.01,186200.0,31578424.32,169.59
002282.SZ,20260930,6.11,6.11,6.15,6.11,38500.0,235339.0,6.11
002283.SZ,20260930,7.5,7.5,7.52,7.49,97700.0,733644.96,7.51
002284.SZ,20260930,9.28,9.28,9.3,9.28,41200.0,382728.0,9.29
002285.SZ,20260930,2.94,2.89,2.98,2.89,42440837.12,122730393.6,2.89
002286.SZ,20260930,8.29,8.29,8.3,8.28,146700.0,1216148.0,8.29
002287.SZ,20260930,19.12,19.12,19.12,19.08,5200.0,99404.0,19.12
002289.SZ,20260930,33.67,33.62,33.67,33.62,3000.0,100910.0,33.64
002290.SZ,20260930,70.55,70.55,70.9,70.02,62300.0,4393130.88,70.52
002291.SZ,20260930,5.63,5.63,5.65,5.63,281300.0,1583876.0,5.63
002292.SZ,20260930,8.62,8.6,8.62,8.6,289009.0,2486588.48,8.6
002293.SZ,20260930,10.6,10.6,10.6,10.6,1800.0,19080.0,10.6
002294.SZ,20260930,30.0,30.1,30.1,30.0,25800.0,775650.0,30.06
002295.SZ,20260930,9.89,10.0,10.03,9.88,75400.0,754014.0,10.0
002296.SZ,20260930,9.63,9.61,9.64,9.61,32100.0,308734.0,9.62
002297.SZ,20260930,20.21,20.18,20.24,20.16,199600.0,4028128.96,20.18
002298.SZ,20260930,8.89,8.88,8.99,8.85,1044800.0,9284792.32,8.89
002299.SZ,20260930,15.53,15.53,15.54,15.53,18800.0,292067.0,15.54
002300.SZ,20260930,7.8,7.78,7.84,7.77,260400.0,2027360.96,7.79
002301.SZ,20260930,8.89,8.92,9.0,8.87,685400.0,6116759.04,8.92
002302.SZ,20260930,4.73,4.75,4.75,4.69,110500.0,524511.0,4.75
002303.SZ,20260930,6.74,6.65,6.74,6.65,3669313.92,24435919.36,6.66
002304.SZ,20260930,36.99,36.93,37.0,36.93,16859.0,622769.88,36.94
002305.SZ,20260930,2.09,2.07,2.09,2.07,2481000.0,5139246.08,2.07
002306.SZ,20260930,2.1,2.1,2.1,2.1,15200.0,31920.0,2.1
002307.SZ,20260930,2.96,2.96,2.96,2.96,54900.0,162504.0,2.96
002309.SZ,20260930,2.81,2.81,2.81,2.8,497600.0,1398240.0,2.81
002310.SZ,20260930,2.26,2.26,2.27,2.26,585500.0,1323614.0,2.26
002311.SZ,20260930,41.23,41.3,41.33,41.23,19000.0,784672.0,41.3
002312.SZ,20260930,8.14,8.13,8.15,8.13,66500.0,540737.0,8.13
002313.SZ,20260930,9.0,9.02,9.04,8.95,933700.0,8419265.28,9.02
002314.SZ,20260930,2.37,2.37,2.37,2.36,916300.0,2171395.04,2.37
002315.SZ,20260930,25.01,25.03,25.15,25.0,61600.0,1541990.08,25.03
002316.SZ,20260930,4.62,4.53,4.62,4.5,201900.0,922566.0,4.57
002317.SZ,20260930,22.9,22.88,22.9,22.86,50700.0,1160068.0,22.88
002318.SZ,20260930,17.56,17.48,17.56,17.48,24500.0,428395.0,17.49
002319.SZ,20260930,10.24,10.17,10.25,10.17,38300.0,390561.0,10.2
002320.SZ,20260930,6.33,6.3,6.33,6.3,153000.0,964238.0,6.3
002321.SZ,20260930,2.09,2.08,2.1,2.08,1164700.0,2429704.0,2.09
002322.SZ,20260930,11.91,11.96,11.97,11.9,15100.0,180502.0,11.95
002323.SZ,20260930,1.22,1.22,1.22,1.22,1164900.0,1421177.92,1.22
002324.SZ,20260930,8.85,8.85,8.87,8.85,41100.0,363755.0,8.85
002326.SZ,20260930,16.19,16.17,16.24,16.17,41400.0,670074.0,16.19
002327.SZ,20260930,6.08,6.09,6.09,6.08,32700.0,199134.0,6.09
002328.SZ,20260930,8.34,8.35,8.38,8.34,584000.0,4877319.36,8.35
002329.SZ,20260930,3.7,3.71,3.71,3.7,182000.0,674567.04,3.71
002330.SZ,20260930,4.12,4.12,4.12,4.11,32700.0,134653.0,4.12
002331.SZ,20260930,7.04,7.07,7.07,7.04,50200.0,354713.0,7.07
002332.SZ,20260930,8.57,8.58,8.58,8.57,28300.0,242731.0,8.58
002333.SZ,20260930,5.5,5.45,5.51,5.45,57100.0,311480.0,5.46
002334.SZ,20260930,6.48,6.48,6.48,6.48,25200.0,163296.0,6.48
002335.SZ,20260930,31.2,31.24,31.27,31.0,201800.0,6301333.76,31.23
002337.SZ,20260930,4.79,4.78,4.79,4.78,4500.0,21516.0,4.78
002338.SZ,20260930,43.6,43.65,43.91,43.6,29300.0,1279964.96,43.69
002339.SZ,20260930,7.11,7.12,7.12,7.1,166700.0,1186524.0,7.12
002340.SZ,20260930,6.04,6.04,6.05,6.04,302500.0,1827107.04,6.04
002342.SZ,20260930,8.52,8.5,8.54,8.49,3990099.84,33947328.0,8.51
002343.SZ,20260930,5.74,5.72,5.75,5.72,98700.0,565265.0,5.73
002344.SZ,20260930,4.0,4.01,4.01,4.0,7500.0,30063.0,4.01
002345.SZ,20260930,8.13,8.12,8.13,8.11,68500.0,556199.0,8.12
002346.SZ,20260930,18.03,18.11,18.11,18.03,42300.0,765940.96,18.11
002347.SZ,20260930,6.41,6.5,6.51,6.41,2683800.0,17428473.6,6.49
002348.SZ,20260930,10.87,10.89,10.94,10.87,76400.0,832124.0,10.89
002349.SZ,20260930,8.46,8.44,8.48,8.42,1089100.0,9194638.72,8.44
002350.SZ,20260930,13.5,13.58,13.58,13.5,23400.0,317647.0,13.58
002351.SZ,20260930,9.88,9.87,9.89,9.87,3000.0,29623.0,9.87
002352.SZ,20260930,30.47,30.46,30.49,30.46,43800.0,1334319.04,30.46
002353.SZ,20260930,110.09,110.16,110.16,110.0,56900.0,6266380.16,110.13
002354.SZ,20260930,7.27,7.26,7.3,7.26,731500.0,5313381.12,7.26
002355.SZ,20260930,4.62,4.65,4.65,4.56,64700.0,299464.0,4.63
002356.SZ,20260930,2.68,2.68,2.68,2.68,70100.0,187868.0,2.68
002357.SZ,20260930,11.66,11.67,11.69,11.66,45700.0,533550.0,11.68
002358.SZ,20260930,5.14,5.13,5.15,5.13,47400.0,243173.0,5.13
002360.SZ,20260930,5.35,5.35,5.35,5.32,62600.0,334697.0,5.35
002361.SZ,20260930,9.86,9.85,9.88,9.83,313800.0,3092074.88,9.85
002362.SZ,20260930,15.95,15.87,15.95,15.87,54100.0,858804.96,15.87
002363.SZ,20260930,6.99,6.98,6.99,6.98,35000.0,244301.0,6.98
002364.SZ,20260930,33.11,33.11,33.16,33.01,73400.0,2430432.0,33.11
002365.SZ,20260930,13.13,13.1,13.15,13.1,58900.0,771896.0,13.11
002366.SZ,20260930,5.49,5.47,5.49,5.47,29400.0,160983.0,5.48
002367.SZ,20260930,6.11,6.1,6.15,6.1,679800.0,4148527.04,6.1
002368.SZ,20260930,12.74,12.73,12.75,12.73,17300.0,220289.0,12.73
002369.SZ,20260930,5.62,5.62,5.65,5.61,46000.0,258627.0,5.62
002370.SZ,20260930,5.15,5.14,5.15,5.14,179000.0,920340.0,5.14
002371.SZ,20260930,635.21,635.01,636.86,634.65,39800.0,25283596.8,635.27
002372.SZ,20260930,8.4,8.38,8.42,8.38,390200.0,3273832.0,8.39
002373.SZ,20260930,7.38,7.37,7.38,7.37,17200.0,126810.0,7.37
002374.SZ,20260930,3.31,3.31,3.32,3.31,107800.0,356967.0,3.31
002375.SZ,20260930,3.88,3.88,3.89,3.87,503200.0,1952512.96,3.88
002376.SZ,20260930,6.62,6.62,6.63,6.62,40300.0,266825.0,6.62
002377.SZ,20260930,2.93,2.93,2.95,2.93,241000.0,706560.96,2.93
002378.SZ,20260930,21.35,21.34,21.36,21.3,68900.0,1470129.92,21.34
002379.SZ,20260930,16.01,16.0,16.02,15.92,468300.0,7492467.84,16.0
002380.SZ,20260930,26.96,26.9,27.01,26.9,12900.0,347321.0,26.92
002381.SZ,20260930,5.67,5.67,5.67,5.66,26800.0,151955.0,5.67
002382.SZ,20260930,6.09,6.08,6.12,6.08,250000.0,1520788.0,6.08
002383.SZ,20260930,8.07,8.07,8.09,8.07,183400.0,1481014.08,8.08
002384.SZ,20260930,172.98,173.0,173.0,172.0,354600.0,61315742.72,172.92
002385.SZ,20260930,3.08,3.08,3.08,3.07,135900.0,418429.0,3.08
002386.SZ,20260930,5.79,5.78,5.85,5.78,312800.0,1809713.92,5.79
002387.SZ,20260930,6.75,6.74,6.76,6.74,229000.0,1544712.96,6.75
002388.SZ,20260930,8.63,8.61,8.67,8.59,1673100.0,14413073.92,8.62
002389.SZ,20260930,17.98,17.93,17.99,17.93,30700.0,551156.0,17.95
002390.SZ,20260930,2.93,2.92,2.93,2.92,67500.0,197178.0,2.92
002391.SZ,20260930,5.12,5.12,5.12,5.12,21300.0,109056.0,5.12
002392.SZ,20260930,7.41,7.45,7.45,7.41,41600.0,309712.0,7.45
002393.SZ,20260930,13.93,13.9,13.93,13.9,5900.0,82129.0,13.92
002394.SZ,20260930,10.57,10.63,10.63,10.57,39900.0,424014.0,10.63
002395.SZ,20260930,13.77,13.83,13.86,13.75,244700.0,3382337.92,13.82
002396.SZ,20260930,33.45,33.41,33.58,33.41,418630.0,13998320.64,33.44
002397.SZ,20260930,3.62,3.63,3.63,3.62,9600.0,34835.0,3.63
002398.SZ,20260930,4.28,4.28,4.29,4.28,85900.0,367773.0,4.28
002399.SZ,20260930,9.56,9.61,9.63,9.56,17200.0,164899.0,9.59
002400.SZ,20260930,6.48,6.45,6.48,6.45,464900.0,3001276.16,6.46
002401.SZ,20260930,12.1,12.15,12.15,12.1,7400.0,89887.0,12.15
002402.SZ,20260930,17.97,17.95,17.99,17.95,37600.0,675124.96,17.96
002403.SZ,20260930,10.23,10.24,10.29,10.2,250500.0,2564779.04,10.24
002404.SZ,20260930,5.84,5.83,5.84,5.83,22200.0,129450.0,5.83
002405.SZ,20260930,5.94,5.91,5.94,5.91,28600.0,169085.0,5.91
002406.SZ,20260930,6.44,6.42,6.44,6.42,20200.0,129753.0,6.42
002407.SZ,20260930,30.06,30.05,30.09,30.02,273600.0,8222968.96,30.06
002408.SZ,20260930,5.08,5.08,5.09,5.08,83700.0,425403.0,5.08
002409.SZ,20260930,125.5,125.47,125.8,125.47,39800.0,4994680.0,125.49
002410.SZ,20260930,8.47,8.45,8.48,8.45,24900.0,210594.0,8.46
002412.SZ,20260930,8.97,8.99,9.02,8.82,647800.0,5821710.08,8.99
002413.SZ,20260930,8.91,8.89,8.93,8.89,2828200.0,25160691.2,8.9
002414.SZ,20260930,11.29,11.28,11.31,11.28,284600.0,3211880.96,11.29
002415.SZ,20260930,32.22,32.17,32.22,32.17,77600.0,2497091.04,32.18
002416.SZ,20260930,8.92,8.94,8.94,8.9,29500.0,263371.0,8.93
002418.SZ,20260930,4.4,4.41,4.41,4.38,220400.0,971012.0,4.41
002419.SZ,20260930,4.63,4.63,4.63,4.63,67500.0,312525.0,4.63
002420.SZ,20260930,6.14,6.13,6.14,6.12,14100.0,86440.0,6.13
002421.SZ,20260930,3.22,3.22,3.24,3.22,797000.0,2568352.96,3.22
002422.SZ,20260930,39.02,38.97,39.11,38.96,47000.0,1832049.92,38.98
002423.SZ,20260930,9.15,9.15,9.15,9.13,30100.0,275191.0,9.14
002424.SZ,20260930,4.62,4.61,4.62,4.61,47500.0,219203.0,4.61
002425.SZ,20260930,3.13,3.13,3.15,3.12,84400.0,264676.0,3.14
002426.SZ,20260930,2.66,2.66,2.67,2.66,1424000.0,3789960.0,2.66
002427.SZ,20260930,4.53,4.53,4.54,4.53,8400.0,38105.0,4.54
002428.SZ,20260930,88.22,88.2,88.4,88.15,273200.0,24100254.72,88.22
002429.SZ,20260930,8.19,8.17,8.21,8.17,137500.0,1124316.0,8.18
002430.SZ,20260930,24.06,24.08,24.08,24.04,28100.0,676640.0,24.08
002431.SZ,20260930,1.31,1.31,1.31,1.31,162300.0,212613.0,1.31
002432.SZ,20260930,60.98,60.78,61.06,60.78,86780.0,5282666.56,60.87
002434.SZ,20260930,6.3,6.29,6.31,6.29,499500.0,3143261.12,6.29
002436.SZ,20260930,42.28,42.22,42.48,42.22,887800.0,37525306.88,42.27
002437.SZ,20260930,3.49,3.48,3.49,3.47,959200.0,3338864.96,3.48
002438.SZ,20260930,13.78,13.78,13.79,13.78,25500.0,351396.0,13.78
002439.SZ,20260930,14.79,14.8,14.83,14.77,800700.0,11850849.28,14.8
002440.SZ,20260930,13.01,13.0,13.05,13.0,226600.0,2947304.96,13.01
002441.SZ,20260930,8.23,8.23,8.23,8.21,97199.0,799514.72,8.23
002442.SZ,20260930,5.37,5.34,5.37,5.34,301600.0,1612065.92,5.35
002443.SZ,20260930,13.07,13.11,13.11,13.0,407400.0,5333516.16,13.09
002444.SZ,20260930,26.65,26.66,26.72,26.65,31900.0,850539.04,26.66
002445.SZ,20260930,3.1,3.1,3.11,3.1,307700.0,953882.0,3.1
002446.SZ,20260930,7.79,7.8,7.8,7.77,63600.0,495950.0,7.8
002448.SZ,20260930,11.08,11.05,11.2,11.0,600800.0,6648862.08,11.07
002449.SZ,20260930,6.56,6.55,6.57,6.55,52600.0,345020.0,6.56
002451.SZ,20260930,7.57,7.56,7.59,7.56,20900.0,158026.0,7.56
002452.SZ,20260930,11.42,11.42,11.43,11.41,30900.0,352864.0,11.42
002453.SZ,20260930,4.78,4.8,4.8,4.77,1759900.0,8442055.04,4.8
002454.SZ,20260930,5.12,5.1,5.12,5.1,26100.0,133118.0,5.1
002455.SZ,20260930,6.86,6.82,6.87,6.82,81000.0,553086.0,6.83
002456.SZ,20260930,6.52,6.52,6.53,6.51,321300.0,2095048.96,6.52
002457.SZ,20260930,11.46,11.44,11.5,11.43,592000.0,6777779.2,11.45
002458.SZ,20260930,8.08,8.08,8.1,8.06,196900.0,1591256.0,8.08
002459.SZ,20260930,6.64,6.63,6.64,6.62,50700.0,336187.8,6.63
002460.SZ,20260930,43.4,43.51,43.51,43.37,284500.0,12371604.48,43.49
002461.SZ,20260930,8.32,8.38,8.38,8.32,49200.0,412201.0,8.38
002462.SZ,20260930,12.26,12.27,12.28,12.15,36800.0,450482.0,12.24
002463.SZ,20260930,119.69,119.66,120.08,119.53,195467.0,23397422.08,119.7
002465.SZ,20260930,10.1,10.1,10.11,10.05,312000.0,3150526.08,10.1
002466.SZ,20260930,40.61,40.59,40.63,40.55,217200.0,8815900.8,40.59
002467.SZ,20260930,4.97,5.0,5.0,4.97,1442400.0,7202734.08,4.99
002468.SZ,20260930,14.7,14.69,14.7,14.68,63500.0,933123.04,14.7
002469.SZ,20260930,6.03,6.02,6.04,6.02,13400.0,80719.0,6.02
002470.SZ,20260930,2.0,2.0,2.01,2.0,1960500.0,3921032.96,2.0
002471.SZ,20260930,5.3,5.3,5.32,5.26,935700.0,4959452.16,5.3
002472.SZ,20260930,38.58,38.57,38.6,38.57,40500.0,1562235.04,38.57
002474.SZ,20260930,6.65,6.65,6.68,6.61,1424600.0,9472380.8,6.65
002475.SZ,20260930,50.54,50.5,50.54,50.5,282000.0,14242080.0,50.5
002476.SZ,20260930,4.89,4.91,4.91,4.88,20300.0,99626.0,4.91
002478.SZ,20260930,6.31,6.3,6.31,6.3,33700.0,212330.0,6.3
002479.SZ,20260930,5.72,5.73,5.75,5.72,138400.0,793024.0,5.73
002480.SZ,20260930,5.56,5.55,5.6,5.53,1930200.0,10718135.04,5.55
002481.SZ,20260930,4.22,4.22,4.23,4.22,24800.0,104658.0,4.22
002482.SZ,20260930,1.39,1.39,1.4,1.38,5652199.68,7852071.04,1.39
002483.SZ,20260930,6.02,6.0,6.05,6.0,253899.0,1524431.04,6.0
002484.SZ,20260930,53.38,53.4,53.41,53.3,137900.0,7362668.16,53.39
002485.SZ,20260930,5.87,5.87,5.87,5.87,8500.0,49895.0,5.87
002486.SZ,20260930,2.7,2.7,2.71,2.69,56800.0,153309.0,2.7
002487.SZ,20260930,42.73,42.79,42.9,42.67,1572200.0,67253288.96,42.78
002488.SZ,20260930,7.21,7.18,7.21,7.18,24200.0,173860.0,7.18
002489.SZ,20260930,2.92,2.91,2.92,2.91,110100.0,320795.0,2.91
002490.SZ,20260930,6.95,6.96,6.96,6.94,185500.0,1290428.96,6.96
002491.SZ,20260930,20.89,20.88,20.99,20.86,1471500.0,30743070.72,20.89
002492.SZ,20260930,6.56,6.56,6.56,6.52,41000.0,268664.0,6.55
002493.SZ,20260930,13.17,13.14,13.25,13.14,177300.0,2331732.0,13.15
002494.SZ,20260930,5.11,5.24,5.24,5.06,2997699.84,15679180.8,5.23
002495.SZ,20260930,2.44,2.44,2.44,2.44,221540.0,540557.64,2.44
002496.SZ,20260930,2.11,2.1,2.11,2.1,11900.0,24992.0,2.1
002497.SZ,20260930,15.72,15.77,15.77,15.7,118800.0,1872404.96,15.76
002498.SZ,20260930,6.1,6.09,6.11,6.07,165300.0,1006752.96,6.09
002500.SZ,20260930,5.15,5.15,5.16,5.14,97400.0,501610.0,5.15
002501.SZ,20260930,1.27,1.27,1.28,1.27,305100.0,387528.0,1.27
002506.SZ,20260930,2.37,2.37,2.38,2.36,1009600.0,2392678.08,2.37
002507.SZ,20260930,11.08,11.08,11.09,11.08,21320.0,236230.6,11.08
002508.SZ,20260930,16.58,16.58,16.61,16.58,56800.0,941958.0,16.58
002510.SZ,20260930,5.7,5.69,5.74,5.68,225300.0,1283391.04,5.7
002511.SZ,20260930,6.92,6.92,6.92,6.92,22400.0,155008.0,6.92
002512.SZ,20260930,3.75,3.75,3.75,3.74,138500.0,519275.0,3.75
002513.SZ,20260930,5.54,5.54,5.54,5.53,56700.0,314098.0,5.54
002514.SZ,20260930,2.41,2.39,2.41,2.39,932400.0,2232228.0,2.39
002515.SZ,20260930,7.29,7.27,7.3,7.26,256100.0,1862927.04,7.27
002516.SZ,20260930,5.65,5.65,5.67,5.62,358000.0,2022156.96,5.65
002517.SZ,20260930,15.92,15.92,15.94,15.91,76100.0,1211544.96,15.92
002518.SZ,20260930,35.1,35.28,35.28,35.01,119400.0,4209205.12,35.25
002519.SZ,20260930,5.71,5.71,5.72,5.69,155600.0,888099.04,5.71
002520.SZ,20260930,6.38,6.38,6.39,6.38,105800.0,675056.96,6.38
002521.SZ,20260930,6.22,6.22,6.22,6.22,36300.0,225786.0,6.22
002522.SZ,20260930,5.37,5.36,5.39,5.36,139600.0,748950.0,5.37
002523.SZ,20260930,3.45,3.45,3.46,3.45,56700.0,195721.0,3.45
002524.SZ,20260930,4.22,4.23,4.25,4.2,1385100.0,5862234.24,4.23
002526.SZ,20260930,2.6,2.6,2.61,2.6,179200.0,466067.0,2.6
002527.SZ,20260930,10.7,10.65,10.7,10.65,6400.0,68263.0,10.67
002528.SZ,20260930,6.3,6.3,6.31,6.3,283700.0,1788401.92,6.3
002529.SZ,20260930,6.9,6.9,6.95,6.9,64300.0,444143.0,6.91
002530.SZ,20260930,7.1,7.08,7.1,7.08,8100.0,57436.0,7.09
002531.SZ,20260930,7.58,7.56,7.63,7.56,4421784.96,33472888.32,7.57
002532.SZ,20260930,12.15,12.17,12.18,12.11,443300.0,5392688.0,12.17
002533.SZ,20260930,10.9,10.89,10.9,10.89,30800.0,335429.0,10.89
002534.SZ,20260930,17.27,17.29,17.3,17.2,75800.0,1309726.0,17.28
002535.SZ,20260930,2.52,2.52,2.55,2.51,93500.0,235865.0,2.52
002536.SZ,20260930,46.66,46.57,46.77,46.57,81900.0,3816099.84,46.6
002537.SZ,20260930,5.65,5.65,5.66,5.64,79800.0,451144.0,5.65
002538.SZ,20260930,6.88,6.92,6.92,6.88,47800.0,330648.0,6.92
002539.SZ,20260930,11.67,11.57,11.67,11.57,24200.0,280809.0,11.6
002540.SZ,20260930,4.99,4.98,4.99,4.98,18400.0,91644.0,4.98
002541.SZ,20260930,18.6,18.47,18.6,18.46,50900.0,940455.04,18.48
002542.SZ,20260930,1.61,1.61,1.61,1.6,391500.0,630288.0,1.61
002543.SZ,20260930,7.36,7.36,7.39,7.34,190600.0,1403096.96,7.36
002544.SZ,20260930,15.42,15.45,15.45,15.42,86900.0,1342324.96,15.45
002545.SZ,20260930,13.74,13.77,13.77,13.67,161500.0,2222391.04,13.76
002546.SZ,20260930,7.32,7.32,7.32,7.31,31500.0,230527.0,7.32
002547.SZ,20260930,2.52,2.51,2.52,2.51,242600.0,609171.0,2.51
002548.SZ,20260930,3.94,3.95,3.95,3.94,118000.0,465864.0,3.95
002549.SZ,20260930,12.5,12.52,12.52,12.5,77600.0,971411.04,12.52
002550.SZ,20260930,6.32,6.32,6.34,6.32,113000.0,714172.0,6.32
002551.SZ,20260930,3.38,3.37,3.38,3.37,32400.0,109234.0,3.37
002552.SZ,20260930,47.1,47.15,47.15,46.97,63600.0,2997823.04,47.14
002553.SZ,20260930,16.78,16.76,16.81,16.72,218500.0,3660984.0,16.75
002554.SZ,20260930,2.72,2.73,2.73,2.72,2900.0,7908.0,2.73
002555.SZ,20260930,17.06,17.05,17.07,17.05,90500.0,1543360.0,17.05
002556.SZ,20260930,5.06,5.06,5.06,5.06,52700.0,266662.0,5.06
002557.SZ,20260930,18.16,18.16,18.19,18.16,8100.0,147128.0,18.16
002558.SZ,20260930,22.4,22.35,22.41,22.33,818200.0,18296125.44,22.36
002559.SZ,20260930,8.75,8.73,8.75,8.73,57900.0,505623.0,8.73
002560.SZ,20260930,6.61,6.64,6.67,6.59,703800.0,4669971.84,6.64
002561.SZ,20260930,7.28,7.26,7.28,7.26,5900.0,42850.0,7.26
002562.SZ,20260930,4.84,4.84,4.84,4.84,42100.0,203764.0,4.84
002563.SZ,20260930,5.42,5.4,5.42,5.4,11700.0,63184.0,5.4
002564.SZ,20260930,5.15,5.14,5.16,5.14,467800.0,2405155.04,5.14
002565.SZ,20260930,8.36,8.34,8.37,8.34,349000.0,2912165.12,8.34
002566.SZ,20260930,7.11,7.1,7.11,7.1,22100.0,156914.0,7.1
002567.SZ,20260930,3.66,3.66,3.68,3.66,165800.0,607596.0,3.67
002568.SZ,20260930,19.0,18.99,19.03,18.92,70600.0,1340895.04,18.99
002569.SZ,20260930,12.01,11.99,12.01,11.99,7100.0,85193.0,12.0
002570.SZ,20260930,4.41,4.41,4.43,4.41,247700.0,1092644.96,4.41
002571.SZ,20260930,10.66,10.66,10.66,10.66,0.0,0.0,10.66
002572.SZ,20260930,7.59,7.63,7.63,7.59,73400.0,559367.0,7.62
002573.SZ,20260930,3.12,3.12,3.12,3.11,146800.0,458015.0,3.12
002574.SZ,20260930,5.04,5.05,5.06,5.02,14700.0,74249.0,5.05
002575.SZ,20260930,5.12,5.1,5.14,5.08,189100.0,967916.96,5.12
002576.SZ,20260930,14.7,14.66,14.7,14.66,12300.0,180482.0,14.67
002577.SZ,20260930,21.0,20.91,21.02,20.91,41400.0,865952.0,20.92
002578.SZ,20260930,4.16,4.16,4.16,4.14,20100.0,83576.0,4.16
002579.SZ,20260930,18.01,18.01,18.02,17.91,994700.0,17911718.4,18.01
002580.SZ,20260930,18.55,18.4,18.7,18.4,1121200.0,20661685.76,18.43
002581.SZ,20260930,4.83,4.76,4.83,4.76,41800.0,199687.0,4.78
002582.SZ,20260930,9.34,9.35,9.35,9.33,95100.0,888518.0,9.34
002583.SZ,20260930,7.88,7.87,7.89,7.85,512500.0,4033226.88,7.87
002584.SZ,20260930,8.73,8.7,8.79,8.7,396600.0,3457257.92,8.72
002585.SZ,20260930,10.73,10.69,10.73,10.69,967700.0,10349831.04,10.7
002586.SZ,20260930,3.66,3.66,3.66,3.66,156500.0,572790.0,3.66
002587.SZ,20260930,5.29,5.32,5.33,5.29,161000.0,855976.96,5.32
002588.SZ,20260930,7.37,7.38,7.38,7.37,56500.0,416882.0,7.38
002589.SZ,20260930,3.29,3.3,3.31,3.26,1338100.0,4413459.84,3.3
002590.SZ,20260930,9.6,9.59,9.6,9.59,6800.0,65219.0,9.59
002591.SZ,20260930,6.57,6.56,6.58,6.55,90800.0,595983.0,6.56
002592.SZ,20260930,6.25,6.22,6.25,6.22,9300.0,57948.0,6.23
002593.SZ,20260930,4.62,4.61,4.65,4.61,22000.0,101619.0,4.62
002594.SZ,20260930,82.14,82.1,82.2,82.05,270400.0,22199726.08,82.1
002595.SZ,20260930,38.59,38.39,38.59,38.39,6500.0,249856.0,38.44
002596.SZ,20260930,3.31,3.32,3.32,3.31,123000.0,408265.0,3.32
002597.SZ,20260930,21.29,21.16,21.29,21.16,3600.0,76411.0,21.23
002598.SZ,20260930,6.88,6.88,6.88,6.88,3300.0,22704.0,6.88
002599.SZ,20260930,5.59,5.57,5.59,5.57,78700.0,438432.0,5.57
002600.SZ,20260930,12.05,12.04,12.07,12.04,269900.0,3250668.16,12.04
002601.SZ,20260930,14.64,14.62,14.69,14.62,10900.0,159434.0,14.63
002602.SZ,20260930,14.0,14.03,14.04,13.87,633400.0,8875866.24,14.01
002603.SZ,20260930,15.03,15.03,15.07,15.02,44100.0,662793.0,15.03
002605.SZ,20260930,16.45,16.49,16.49,16.45,5700.0,93985.0,16.49
002606.SZ,20260930,11.94,11.93,11.95,11.92,65400.0,780388.0,11.93
002607.SZ,20260930,1.86,1.86,1.87,1.85,2118300.0,3940112.0,1.86
002608.SZ,20260930,7.23,7.23,7.24,7.23,46800.0,338379.0,7.23
002609.SZ,20260930,7.97,7.95,7.97,7.95,9800.0,77958.0,7.96
002611.SZ,20260930,14.43,14.43,14.49,14.43,86672.0,1251086.0,14.44
002612.SZ,20260930,17.0,17.15,17.15,16.98,44400.0,759668.0,17.11
002613.SZ,20260930,3.38,3.38,3.39,3.36,172400.0,582773.0,3.38
002614.SZ,20260930,8.03,8.04,8.13,8.0,2481400.0,19953304.32,8.04
002615.SZ,20260930,6.37,6.38,6.38,6.31,30900.0,196697.0,6.37
002616.SZ,20260930,4.85,4.85,4.85,4.85,25100.0,121735.0,4.85
002617.SZ,20260930,6.83,6.8,6.83,6.78,703200.0,4783678.08,6.8
002620.SZ,20260930,5.38,5.38,5.38,5.37,90200.0,485247.0,5.38
002622.SZ,20260930,2.54,2.54,2.55,2.54,2098300.0,5330616.96,2.54
002623.SZ,20260930,18.55,18.45,18.55,18.45,38000.0,701218.0,18.45
002624.SZ,20260930,9.63,9.61,9.63,9.61,160500.0,1543180.0,9.62
002625.SZ,20260930,23.15,23.15,23.18,23.08,430469.0,9964805.76,23.15
002626.SZ,20260930,16.0,16.0,16.08,16.0,4800.0,76906.0,16.02
002627.SZ,20260930,6.68,6.69,6.7,6.6,181900.0,1216008.96,6.69
002628.SZ,20260930,4.94,4.96,4.96,4.88,81500.0,404052.0,4.96
002629.SZ,20260930,4.42,4.42,4.43,4.41,75300.0,332826.0,4.42
002630.SZ,20260930,1.46,1.46,1.46,1.46,192000.0,280320.0,1.46
002631.SZ,20260930,13.9,13.93,13.97,13.76,657400.0,9147736.32,13.92
002632.SZ,20260930,9.13,9.12,9.14,9.12,172200.0,1571224.0,9.12
002633.SZ,20260930,15.47,15.37,15.53,15.37,117900.0,1815592.96,15.4
002634.SZ,20260930,3.93,3.93,3.95,3.93,74700.0,293786.0,3.93
002635.SZ,20260930,14.98,14.99,15.0,14.88,473500.0,7095285.12,14.99
002636.SZ,20260930,82.12,82.2,82.61,81.71,702000.0,57669570.56,82.15
002637.SZ,20260930,10.16,10.12,10.19,10.12,86800.0,879152.96,10.13
002638.SZ,20260930,4.96,4.96,4.97,4.96,516800.0,2563583.04,4.96
002639.SZ,20260930,13.95,13.95,13.99,13.93,788700.0,11003627.52,13.95
002640.SZ,20260930,3.88,3.81,3.89,3.81,24803799.04,94789191.68,3.82
002641.SZ,20260930,3.81,3.81,3.81,3.8,31700.0,120776.0,3.81
002642.SZ,20260930,7.03,7.01,7.03,7.0,33500.0,234937.0,7.01
002643.SZ,20260930,12.78,12.78,12.83,12.74,72300.0,924124.96,12.78
002644.SZ,20260930,8.25,8.25,8.25,8.17,18200.0,150099.0,8.25
002645.SZ,20260930,17.22,17.19,17.23,17.19,53380.0,918251.2,17.2
002646.SZ,20260930,7.07,7.07,7.09,7.07,57700.0,407997.0,7.07
002647.SZ,20260930,11.5,11.55,11.57,11.5,137400.0,1585574.08,11.54
002648.SZ,20260930,25.9,25.9,26.05,25.89,160100.0,4147398.08,25.91
002649.SZ,20260930,9.21,9.18,9.24,9.18,7400.0,67995.0,9.19
002650.SZ,20260930,6.3,6.3,6.38,6.3,9500.0,59930.0,6.31
002651.SZ,20260930,7.89,7.88,7.92,7.88,207900.0,1638598.08,7.88
002652.SZ,20260930,4.52,4.52,4.52,4.51,82900.0,374700.0,4.52
002653.SZ,20260930,61.94,61.88,62.2,61.88,19700.0,1219372.96,61.9
002654.SZ,20260930,12.75,12.75,12.75,12.73,92500.0,1179128.0,12.75
002655.SZ,20260930,34.86,34.85,34.95,34.85,121400.0,4231166.08,34.85
002656.SZ,20260930,2.84,2.84,2.85,2.84,49000.0,139220.0,2.84
002657.SZ,20260930,14.98,14.87,14.98,14.87,18300.0,272402.0,14.89
002658.SZ,20260930,7.28,7.28,7.29,7.27,75700.0,551096.0,7.28
002659.SZ,20260930,4.74,4.74,4.75,4.74,100500.0,476382.0,4.74
002660.SZ,20260930,8.12,8.14,8.14,8.02,46400.0,377218.0,8.13
002661.SZ,20260930,7.54,7.53,7.54,7.53,2700.0,20335.0,7.53
002662.SZ,20260930,3.12,3.12,3.12,3.12,41100.0,128232.0,3.12
002663.SZ,20260930,1.76,1.76,1.77,1.76,439400.0,773396.0,1.76
002664.SZ,20260930,14.5,14.55,14.55,14.45,12500.0,181695.0,14.54
002666.SZ,20260930,4.23,4.24,4.25,4.23,106000.0,449355.0,4.24
002667.SZ,20260930,22.19,22.19,22.19,22.19,0.0,0.0,22.19
002668.SZ,20260930,8.71,8.68,8.71,8.68,32800.0,284813.0,8.68
002669.SZ,20260930,14.21,14.27,14.27,14.05,436800.0,6225813.76,14.25
002670.SZ,20260930,11.3,11.3,11.3,11.28,115300.0,1302628.0,11.3
002671.SZ,20260930,4.07,4.07,4.08,4.07,69900.0,284515.0,4.07
002672.SZ,20260930,3.76,3.72,3.79,3.72,854400.0,3195936.96,3.74
002673.SZ,20260930,6.62,6.61,6.62,6.61,58200.0,384931.0,6.61
002674.SZ,20260930,19.74,19.75,19.75,19.72,75800.0,1496640.0,19.75
002675.SZ,20260930,12.72,12.7,12.72,12.7,11500.0,146070.0,12.7
002676.SZ,20260930,5.2,5.2,5.21,5.2,60000.0,312003.0,5.2
002677.SZ,20260930,6.2,6.2,6.2,6.19,45300.0,280858.0,6.2
002678.SZ,20260930,4.43,4.45,4.45,4.43,115400.0,513514.0,4.45
002679.SZ,20260930,11.3,11.28,11.32,11.28,328200.0,3704067.84,11.29
002681.SZ,20260930,4.5,4.49,4.53,4.49,103100.0,463236.0,4.49
002682.SZ,20260930,4.99,4.99,4.99,4.97,169900.0,847668.0,4.99
002683.SZ,20260930,27.1,27.2,27.2,27.06,11300.0,307130.0,27.18
002685.SZ,20260930,5.31,5.34,5.35,5.3,450400.0,2404056.0,5.34
002686.SZ,20260930,6.24,6.25,6.26,6.22,30100.0,188049.0,6.25
002687.SZ,20260930,5.71,5.74,5.74,5.62,272200.0,1561848.96,5.74
002688.SZ,20260930,5.15,5.15,5.16,5.14,13200.0,67977.0,5.15
002689.SZ,20260930,2.9,2.9,2.9,2.9,36400.0,105560.0,2.9
002690.SZ,20260930,15.36,15.33,15.36,15.33,5600.0,85851.0,15.33
002691.SZ,20260930,3.97,3.97,3.97,3.97,12700.0,50419.0,3.97
002692.SZ,20260930,4.33,4.33,4.33,4.32,12500.0,54092.0,4.33
002693.SZ,20260930,9.07,9.09,9.09,9.03,106700.0,969118.0,9.08
002694.SZ,20260930,2.54,2.51,2.54,2.51,12000.0,30129.0,2.51
002695.SZ,20260930,10.6,10.59,10.62,10.59,18800.0,199134.0,10.59
002696.SZ,20260930,6.75,6.68,6.75,6.68,183500.0,1226804.96,6.69
002697.SZ,20260930,4.66,4.66,4.67,4.65,46600.0,217161.0,4.66
002698.SZ,20260930,11.07,11.07,11.07,11.06,31800.0,352010.0,11.07
002700.SZ,20260930,6.41,6.41,6.41,6.41,6100.0,39101.0,6.41
002701.SZ,20260930,4.22,4.21,4.22,4.21,26200.0,110308.0,4.21
002702.SZ,20260930,5.36,5.36,5.38,5.36,209500.0,1123852.96,5.36
002703.SZ,20260930,15.29,15.24,15.31,15.24,191700.0,2924483.84,15.26
002705.SZ,20260930,11.56,11.56,11.58,11.54,220900.0,2553638.08,11.56
002706.SZ,20260930,8.45,8.46,8.46,8.44,127200.0,1075327.04,8.45
002707.SZ,20260930,5.04,5.04,5.04,5.03,284600.0,1434264.96,5.04
002708.SZ,20260930,17.34,17.32,17.38,17.2,228300.0,3953920.0,17.32
002709.SZ,20260930,31.39,31.45,31.48,31.3,374900.0,11786393.6,31.44
002712.SZ,20260930,5.16,5.14,5.17,5.14,113700.0,584692.0,5.14
002713.SZ,20260930,9.97,9.95,9.99,9.94,66305.0,660150.68,9.96
002714.SZ,20260930,42.2,42.2,42.23,42.15,243800.0,10288314.88,42.2
002715.SZ,20260930,13.3,13.36,13.4,13.3,27700.0,369444.0,13.34
002716.SZ,20260930,8.71,8.71,8.73,8.67,1128100.0,9822067.84,8.71
002717.SZ,20260930,0.62,0.62,0.62,0.62,4075100.16,2526561.92,0.62
002718.SZ,20260930,80.99,80.88,80.99,79.9,1900.0,152324.0,80.17
002719.SZ,20260930,6.08,6.08,6.08,6.08,0.0,0.0,6.08
002721.SZ,20260930,2.63,2.63,2.64,2.62,915900.0,2409240.96,2.63
002722.SZ,20260930,13.22,13.21,13.22,13.21,4000.0,52841.0,13.21
002723.SZ,20260930,7.47,7.46,7.47,7.46,27100.0,202169.0,7.46
002724.SZ,20260930,7.15,7.15,7.18,7.12,491700.0,3515862.08,7.15
002725.SZ,20260930,11.08,11.08,11.08,11.08,800.0,8864.0,11.08
002726.SZ,20260930,2.3,2.27,2.3,2.26,4842840.0,11008980.48,2.27
002727.SZ,20260930,10.65,10.68,10.68,10.65,9700.0,103560.0,10.68
002728.SZ,20260930,9.76,9.72,9.76,9.7,124600.0,1211272.96,9.72
002729.SZ,20260930,13.86,14.0,14.0,13.85,36300.0,506586.0,13.96
002730.SZ,20260930,20.89,20.87,20.92,20.87,25400.0,530220.0,20.88
002731.SZ,20260930,0.77,0.77,0.77,0.77,0.0,0.0,0.77
002732.SZ,20260930,14.25,14.21,14.25,14.21,15800.0,224554.0,14.21
002733.SZ,20260930,17.36,17.33,17.37,17.3,57800.0,1002763.04,17.35
002734.SZ,20260930,18.68,18.6,18.72,18.6,84300.0,1570580.96,18.63
002735.SZ,20260930,10.85,10.86,10.88,10.73,297500.0,3229792.0,10.86
002736.SZ,20260930,9.74,9.72,9.74,9.72,35500.0,345189.0,9.72
002737.SZ,20260930,11.19,11.19,11.19,11.18,27000.0,302129.0,11.19
002738.SZ,20260930,43.23,43.37,43.39,43.15,197700.0,8568074.24,43.34
002739.SZ,20260930,8.31,8.29,8.31,8.28,609800.0,5056328.96,8.29
002741.SZ,20260930,26.66,26.65,26.69,26.51,240500.0,6408090.24,26.65
002742.SZ,20260930,4.12,4.11,4.12,4.11,126500.0,519950.0,4.11
002743.SZ,20260930,4.35,4.3,4.35,4.3,328200.0,1411414.08,4.3
002745.SZ,20260930,11.98,12.01,12.01,11.9,327600.0,3930028.16,12.0
002746.SZ,20260930,6.19,6.2,6.2,6.19,30300.0,187663.0,6.19
002747.SZ,20260930,28.29,28.39,28.39,28.19,152400.0,4324085.12,28.37
002748.SZ,20260930,11.96,11.9,11.99,11.9,12100.0,144050.0,11.91
002749.SZ,20260930,8.4,8.4,8.4,8.4,4800.0,40320.0,8.4
002752.SZ,20260930,6.05,6.03,6.05,6.03,6000.0,36184.0,6.03
002753.SZ,20260930,6.71,6.72,6.72,6.69,28900.0,194165.0,6.72
002755.SZ,20260930,12.33,12.31,12.38,12.31,60800.0,748752.0,12.32
002756.SZ,20260930,38.77,38.77,38.78,38.77,10900.0,422594.0,38.77
002757.SZ,20260930,19.35,19.27,19.4,19.26,880500.0,16977008.64,19.28
002758.SZ,20260930,8.59,8.63,8.64,8.52,109700.0,945786.0,8.62
002759.SZ,20260930,13.6,13.55,13.7,13.55,379900.0,5153301.12,13.57
002760.SZ,20260930,17.95,17.95,17.96,17.93,28500.0,511560.0,17.95
002761.SZ,20260930,7.44,7.45,7.46,7.4,254700.0,1897424.96,7.45
002762.SZ,20260930,9.4,9.38,9.4,9.38,82300.0,772508.96,9.39
002763.SZ,20260930,7.39,7.4,7.4,7.37,8800.0,65090.0,7.4
002765.SZ,20260930,6.87,6.86,6.87,6.86,6000.0,41162.0,6.86
002766.SZ,20260930,4.08,4.09,4.09,4.04,71900.0,293873.0,4.09
002767.SZ,20260930,18.65,18.53,18.65,18.53,3400.0,63092.0,18.56
002768.SZ,20260930,71.1,71.05,71.46,71.02,37100.0,2636372.0,71.06
002769.SZ,20260930,6.84,6.84,6.89,6.84,46000.0,314657.0,6.84
002771.SZ,20260930,14.05,14.03,14.09,14.03,65000.0,912307.04,14.04
002772.SZ,20260930,10.47,10.6,10.66,10.46,166000.0,1759024.0,10.6
002773.SZ,20260930,21.9,21.7,21.97,21.7,680200.0,14786511.36,21.74
002774.SZ,20260930,17.0,16.9,17.0,16.81,25700.0,434453.0,16.91
002775.SZ,20260930,3.42,3.45,3.46,3.42,174800.0,601525.0,3.44
002777.SZ,20260930,12.72,12.72,12.75,12.72,4700.0,59810.0,12.73
002778.SZ,20260930,16.06,16.02,16.07,16.02,13100.0,209937.0,16.03
002779.SZ,20260930,76.98,76.66,76.98,76.58,12900.0,988900.0,76.66
002780.SZ,20260930,14.7,14.7,14.71,14.69,33300.0,489494.0,14.7
002782.SZ,20260930,14.57,14.64,14.64,14.37,46200.0,673320.0,14.57
002783.SZ,20260930,8.08,8.05,8.08,8.05,5500.0,44335.0,8.06
002785.SZ,20260930,35.2,35.15,35.36,35.15,87000.0,3065216.0,35.23
002786.SZ,20260930,7.66,7.62,7.68,7.62,39500.0,301273.0,7.63
002787.SZ,20260930,25.53,25.51,25.73,25.51,41500.0,1059983.04,25.54
002788.SZ,20260930,10.66,10.69,10.69,10.6,184800.0,1963887.04,10.63
002789.SZ,20260930,14.4,14.38,14.4,14.32,82800.0,1187835.04,14.35
002790.SZ,20260930,6.52,6.54,6.54,6.51,95500.0,624230.0,6.54
002791.SZ,20260930,15.65,15.7,15.73,15.65,112400.0,1764801.92,15.7
002792.SZ,20260930,30.56,30.51,30.56,30.4,110000.0,3355729.92,30.51
002793.SZ,20260930,4.79,4.78,4.8,4.78,118800.0,568215.0,4.78
002795.SZ,20260930,7.45,7.42,7.46,7.42,140400.0,1044132.0,7.44
002796.SZ,20260930,26.93,27.0,27.02,26.81,91400.0,2465479.04,26.98
002797.SZ,20260930,6.14,6.12,6.14,6.12,147000.0,900003.04,6.12
002798.SZ,20260930,6.63,6.63,6.63,6.63,14700.0,97461.0,6.63
002799.SZ,20260930,8.31,8.31,8.31,8.31,4190684.16,34824583.68,8.31
002800.SZ,20260930,14.91,15.01,15.01,14.91,6600.0,99041.0,15.01
002801.SZ,20260930,26.94,26.7,26.94,26.7,6500.0,173838.0,26.74
002802.SZ,20260930,12.49,12.43,12.49,12.43,9100.0,113320.0,12.45
002803.SZ,20260930,21.05,21.08,21.1,21.0,133100.0,2804261.12,21.07
002805.SZ,20260930,16.01,16.02,16.1,15.95,294000.0,4709251.84,16.02
002806.SZ,20260930,14.87,14.92,14.94,14.85,188000.0,2802177.92,14.91
002807.SZ,20260930,4.17,4.17,4.17,4.17,89400.0,372798.0,4.17
002809.SZ,20260930,8.72,8.6,8.72,8.57,38900.0,335547.0,8.63
002810.SZ,20260930,20.19,20.18,20.2,20.18,7900.0,159448.0,20.18
002811.SZ,20260930,16.58,16.61,16.61,16.56,106900.0,1774348.0,16.6
002812.SZ,20260930,45.46,45.41,45.49,45.36,54300.0,2465912.0,45.41
002813.SZ,20260930,26.38,26.38,26.38,26.38,0.0,0.0,26.38
002815.SZ,20260930,24.1,24.2,24.35,24.0,1131600.0,27364538.88,24.18
002816.SZ,20260930,21.92,21.92,21.95,21.92,7700.0,168805.0,21.92
002817.SZ,20260930,6.87,6.87,6.87,6.86,13300.0,91356.0,6.87
002818.SZ,20260930,11.16,11.13,11.16,11.13,48300.0,537699.0,11.13
002819.SZ,20260930,24.8,24.71,25.22,24.71,506400.0,12541634.56,24.77
002820.SZ,20260930,9.86,9.86,9.88,9.86,68600.0,676912.96,9.87
002821.SZ,20260930,177.0,177.81,178.0,177.0,128400.0,22821012.48,177.73
002822.SZ,20260930,3.01,3.01,3.01,3.01,26400.0,79464.0,3.01
002823.SZ,20260930,12.83,12.83,12.84,12.82,18000.0,230939.0,12.83
002824.SZ,20260930,25.3,25.25,25.35,25.25,28200.0,712331.04,25.26
002825.SZ,20260930,9.26,9.26,9.29,9.26,6300.0,58491.0,9.28
002826.SZ,20260930,17.69,17.66,17.73,17.66,39400.0,696583.04,17.68
002827.SZ,20260930,62.04,61.99,62.22,61.98,236800.0,14685646.08,62.02
002828.SZ,20260930,10.87,10.83,10.91,10.83,17300.0,187700.0,10.85
002829.SZ,20260930,19.49,19.44,19.49,19.43,12600.0,245321.0,19.47
002830.SZ,20260930,15.07,15.07,15.15,15.07,14100.0,212521.0,15.07
002831.SZ,20260930,27.95,27.96,28.0,27.82,71000.0,1984856.96,27.96
002832.SZ,20260930,25.39,25.4,25.4,25.39,8800.0,223518.0,25.4
002833.SZ,20260930,18.85,18.84,18.96,18.84,41400.0,780732.96,18.86
002835.SZ,20260930,13.28,13.21,13.32,13.21,22100.0,292089.0,13.22
002836.SZ,20260930,12.2,12.11,12.22,12.11,400100.0,4852058.88,12.13
002837.SZ,20260930,56.04,56.1,56.1,55.75,176200.0,9874702.08,56.04
002838.SZ,20260930,24.23,24.13,24.23,24.1,13600.0,328217.0,24.13
002839.SZ,20260930,4.25,4.25,4.26,4.25,46800.0,198935.0,4.25
002840.SZ,20260930,7.98,7.99,7.99,7.98,41800.0,333906.0,7.99
002841.SZ,20260930,44.85,44.99,44.99,44.7,27000.0,1213727.04,44.95
002842.SZ,20260930,31.38,31.4,31.4,31.31,278000.0,8726784.0,31.39
002843.SZ,20260930,15.07,15.08,15.08,15.0,17300.0,260791.0,15.08
002845.SZ,20260930,13.98,13.98,13.99,13.98,34500.0,482318.0,13.98
002846.SZ,20260930,11.7,11.67,11.74,11.67,1499800.0,17511448.32,11.68
002847.SZ,20260930,42.8,42.78,42.9,42.78,2600.0,111256.0,42.79
002848.SZ,20260930,15.03,15.0,15.1,15.0,38500.0,578609.0,15.03
002849.SZ,20260930,24.6,24.75,24.8,24.0,1138800.0,28086707.2,24.66
002850.SZ,20260930,158.75,158.3,158.87,158.3,17500.0,2771251.84,158.36
002851.SZ,20260930,119.88,120.0,120.12,119.19,202200.0,24255603.2,119.96
002852.SZ,20260930,8.71,8.71,8.8,8.71,415100.0,3620544.96,8.72
002853.SZ,20260930,21.24,21.24,21.45,21.09,7800.0,165790.0,21.26
002855.SZ,20260930,12.66,12.65,12.67,12.65,41500.0,525035.0,12.65
002856.SZ,20260930,18.53,18.41,18.53,18.41,45100.0,830762.0,18.42
002857.SZ,20260930,17.98,17.91,17.98,17.9,5300.0,94929.0,17.91
002858.SZ,20260930,11.8,11.84,11.84,11.78,10700.0,126614.0,11.83
002859.SZ,20260930,60.36,60.38,60.38,60.11,26000.0,1569108.0,60.35
002860.SZ,20260930,18.39,18.39,18.39,18.39,0.0,0.0,18.39
002861.SZ,20260930,14.26,14.4,14.4,14.26,22800.0,328078.0,14.39
002862.SZ,20260930,15.37,15.36,15.4,15.36,55500.0,853108.0,15.37
002863.SZ,20260930,4.79,4.81,4.81,4.79,64400.0,309674.0,4.81
002864.SZ,20260930,20.94,20.84,21.01,20.84,6400.0,133672.0,20.89
002865.SZ,20260930,36.39,36.35,36.5,36.33,46200.0,1679823.04,36.36
002866.SZ,20260930,16.62,16.57,16.88,16.3,4383000.0,72637301.76,16.57
002867.SZ,20260930,10.06,10.05,10.06,10.05,54300.0,545753.0,10.05
002868.SZ,20260930,22.48,22.4,22.48,22.19,23500.0,526172.0,22.39
002869.SZ,20260930,17.2,17.44,17.44,17.2,181900.0,3169957.12,17.43
002870.SZ,20260930,46.67,46.67,46.67,46.67,2100.0,98007.0,46.67
002871.SZ,20260930,17.53,17.53,17.53,17.53,4300.0,75379.0,17.53
002872.SZ,20260930,6.21,6.21,6.22,6.21,309000.0,1919254.08,6.21
002873.SZ,20260930,8.58,8.58,8.6,8.56,13600.0,116767.0,8.59
002875.SZ,20260930,12.95,13.0,13.0,12.95,29100.0,378267.0,13.0
002876.SZ,20260930,31.39,31.31,31.39,31.31,8900.0,278747.0,31.32
002877.SZ,20260930,7.54,7.53,7.54,7.53,5000.0,37659.0,7.53
002878.SZ,20260930,12.86,12.81,12.86,12.8,17100.0,219201.0,12.82
002879.SZ,20260930,17.36,17.33,17.4,17.33,96500.0,1673272.96,17.34
002880.SZ,20260930,21.73,21.73,21.73,21.73,3000.0,65190.0,21.73
002881.SZ,20260930,42.37,42.3,42.44,42.3,12400.0,525543.0,42.38
002882.SZ,20260930,23.98,24.0,24.0,23.65,1644100.0,39407464.96,23.97
002883.SZ,20260930,9.15,9.15,9.15,9.15,1100.0,10065.0,9.15
002884.SZ,20260930,15.28,15.27,15.28,15.27,44800.0,684320.0,15.28
002885.SZ,20260930,27.2,26.98,27.22,26.98,96500.0,2615108.96,27.1
002886.SZ,20260930,24.98,24.88,24.98,24.8,79100.0,1968344.0,24.88
002887.SZ,20260930,9.01,9.02,9.05,8.99,135200.0,1219498.0,9.02
002888.SZ,20260930,18.84,18.75,18.84,18.75,7300.0,137049.0,18.77
002889.SZ,20260930,12.11,12.1,12.11,12.1,18000.0,217801.0,12.1
002890.SZ,20260930,15.26,15.26,15.26,15.2,2300.0,35056.0,15.24
002891.SZ,20260930,27.3,27.25,27.31,27.25,9593.0,261474.9,27.26
002892.SZ,20260930,8.56,8.58,8.58,8.55,22900.0,196295.0,8.57
002893.SZ,20260930,10.37,10.38,10.39,10.3,123700.0,1282188.0,10.37
002895.SZ,20260930,29.92,29.92,29.92,29.92,2600.0,77792.0,29.92
002896.SZ,20260930,60.43,60.4,60.97,60.39,87800.0,5309276.16,60.47
002897.SZ,20260930,59.35,59.35,59.39,59.14,51800.0,3072784.96,59.32
002899.SZ,20260930,20.72,20.66,20.72,20.6,18700.0,386338.0,20.66
002900.SZ,20260930,13.01,13.05,13.05,12.9,229900.0,2995935.04,13.03
002901.SZ,20260930,40.57,40.53,40.57,40.53,6700.0,271591.0,40.54
002902.SZ,20260930,26.45,26.36,26.48,26.36,103600.0,2732688.0,26.38
002903.SZ,20260930,28.9,28.99,28.99,28.8,51400.0,1486548.0,28.92
002905.SZ,20260930,8.92,8.84,8.92,8.84,58000.0,513612.0,8.85
002906.SZ,20260930,26.86,26.87,26.87,26.79,5800.0,155783.0,26.86
002907.SZ,20260930,14.49,14.45,14.51,14.45,97900.0,1417219.04,14.48
002908.SZ,20260930,7.15,7.15,7.15,7.15,6800.0,48620.0,7.15
002909.SZ,20260930,6.93,6.95,6.95,6.9,2086900.0,14486929.92,6.94
002910.SZ,20260930,10.58,10.42,10.64,10.42,296500.0,3098129.92,10.45
002911.SZ,20260930,11.25,11.17,11.25,11.17,63400.0,709606.0,11.19
002912.SZ,20260930,28.57,28.57,28.67,28.21,1908000.0,54455654.4,28.54
002913.SZ,20260930,93.88,94.81,94.98,92.9,476700.0,45154754.56,94.72
002915.SZ,20260930,16.55,16.6,16.6,16.26,48300.0,800048.0,16.56
002916.SZ,20260930,379.0,378.0,379.0,377.02,42400.0,16038525.44,378.27
002917.SZ,20260930,10.15,10.11,10.15,10.11,5800.0,58661.0,10.11
002918.SZ,20260930,10.6,10.58,10.61,10.58,80600.0,853128.0,10.59
002919.SZ,20260930,16.11,16.1,16.18,16.1,30500.0,491173.0,16.1
002920.SZ,20260930,79.27,79.26,79.28,79.25,26400.0,2092505.92,79.26
002921.SZ,20260930,19.91,19.83,19.91,19.83,27800.0,551402.0,19.83
002922.SZ,20260930,21.67,21.65,21.71,21.65,25000.0,541610.0,21.66
002923.SZ,20260930,10.79,10.79,10.8,10.71,195900.0,2113638.08,10.79
002925.SZ,20260930,22.77,22.8,22.8,22.55,42500.0,968003.04,22.78
002926.SZ,20260930,8.15,8.13,8.15,8.13,13700.0,111441.0,8.13
002927.SZ,20260930,19.41,19.48,19.48,19.41,43500.0,847075.04,19.47
002928.SZ,20260930,6.18,6.19,6.19,6.17,415400.0,2570084.96,6.19
002929.SZ,20260930,47.9,47.92,47.93,47.84,48900.0,2342897.92,47.91
002930.SZ,20260930,9.06,9.03,9.06,9.03,19600.0,177016.0,9.03
002931.SZ,20260930,39.1,39.01,39.14,38.99,62800.0,2451001.92,39.03
002932.SZ,20260930,15.16,15.16,15.16,15.16,5200.0,78832.0,15.16
002933.SZ,20260930,28.02,28.02,28.03,28.02,7600.0,212953.0,28.02
002935.SZ,20260930,18.25,18.12,18.26,18.12,114100.0,2068408.96,18.13
002936.SZ,20260930,1.71,1.71,1.72,1.71,546921.0,935363.92,1.71
002937.SZ,20260930,26.01,26.02,26.14,26.0,98500.0,2564286.08,26.03
002938.SZ,20260930,81.08,81.0,81.55,81.0,133900.0,10859092.48,81.1
002939.SZ,20260930,7.72,7.71,7.72,7.71,43500.0,335450.0,7.71
002940.SZ,20260930,22.36,22.34,22.4,22.32,34800.0,777514.0,22.34
002941.SZ,20260930,10.48,10.47,10.5,10.47,5100.0,53429.0,10.48
002942.SZ,20260930,16.63,16.6,16.63,16.6,21000.0,348826.0,16.61
002943.SZ,20260930,29.06,29.06,29.07,28.87,7200.0,208781.0,29.0
002945.SZ,20260930,14.18,14.19,14.19,14.16,59400.0,842674.0,14.19
002946.SZ,20260930,14.25,14.25,14.29,14.25,26300.0,374922.0,14.26
002947.SZ,20260930,58.05,57.95,58.4,57.95,14000.0,812235.04,58.02
002948.SZ,20260930,6.05,6.05,6.06,6.05,97200.0,588062.0,6.05
002949.SZ,20260930,13.6,13.62,13.62,13.59,78500.0,1069091.04,13.62
002950.SZ,20260930,8.49,8.43,8.49,8.43,11900.0,100534.0,8.45
002951.SZ,20260930,16.12,16.1,16.2,16.1,106400.0,1716480.0,16.13
002952.SZ,20260930,19.4,19.3,19.4,19.3,8500.0,164440.0,19.35
002953.SZ,20260930,10.07,10.08,10.08,10.07,55800.0,562409.0,10.08
002955.SZ,20260930,36.11,36.0,36.11,36.0,18400.0,663049.0,36.04
002956.SZ,20260930,17.45,17.45,17.62,17.45,13100.0,228990.0,17.48
002957.SZ,20260930,36.99,36.98,37.02,36.9,125000.0,4621447.04,36.97
002958.SZ,20260930,2.9,2.91,2.91,2.9,51200.0,148933.0,2.91
002959.SZ,20260930,34.9,35.0,35.17,34.81,201300.0,7041429.12,34.98
002960.SZ,20260930,8.5,8.49,8.5,8.49,6700.0,56884.0,8.49
002961.SZ,20260930,13.59,13.58,13.61,13.56,274440.0,3727181.76,13.58
002962.SZ,20260930,14.8,14.73,14.8,14.73,1283800.0,18921579.52,14.74
002963.SZ,20260930,22.68,22.7,22.8,22.27,39100.0,886500.0,22.67
002965.SZ,20260930,30.35,30.19,30.35,30.19,29400.0,888186.0,30.21
002966.SZ,20260930,9.23,9.23,9.25,9.21,79000.0,729190.0,9.23
002967.SZ,20260930,17.75,17.7,17.75,17.7,12100.0,214313.0,17.71
002968.SZ,20260930,9.95,9.97,10.0,9.93,202000.0,2015625.92,9.98
002969.SZ,20260930,10.7,10.78,10.79,10.7,171800.0,1845580.0,10.74
002970.SZ,20260930,41.3,41.37,41.37,41.05,7600.0,314359.0,41.36
002971.SZ,20260930,41.11,41.03,41.24,41.01,420600.0,17265283.84,41.05
002972.SZ,20260930,13.2,13.25,13.25,13.2,28700.0,379557.0,13.23
002973.SZ,20260930,12.25,12.25,12.25,12.25,6800.0,83300.0,12.25
002975.SZ,20260930,105.17,105.9,106.21,105.16,157300.0,16654451.2,105.88
002976.SZ,20260930,22.95,22.98,23.0,22.93,57500.0,1320714.0,22.97
002977.SZ,20260930,18.78,18.78,18.8,18.78,600.0,11274.0,18.79
002978.SZ,20260930,24.95,24.9,24.95,24.9,40000.0,996740.0,24.92
002979.SZ,20260930,51.89,52.0,52.0,51.66,52600.0,2733756.16,51.97
002980.SZ,20260930,106.62,106.62,106.63,105.02,97700.0,10407015.68,106.52
002981.SZ,20260930,23.73,23.68,23.99,23.68,181100.0,4291746.88,23.7
002982.SZ,20260930,12.75,12.75,12.75,12.69,10700.0,136353.0,12.74
002983.SZ,20260930,22.08,22.1,22.1,21.95,7400.0,163453.0,22.09
002984.SZ,20260930,12.84,12.89,12.89,12.84,16200.0,208239.0,12.85
002985.SZ,20260930,26.21,26.13,26.21,26.13,18000.0,470904.0,26.16
002986.SZ,20260930,12.61,12.61,12.61,12.61,2300.0,29003.0,12.61
002987.SZ,20260930,10.61,10.61,10.65,10.61,5800.0,61619.0,10.62
002988.SZ,20260930,31.11,31.1,31.11,31.1,6200.0,192825.0,31.1
002989.SZ,20260930,23.7,23.7,23.79,23.7,34600.0,820304.96,23.71
002990.SZ,20260930,54.1,54.11,54.2,53.93,126300.0,6834346.88,54.11
002991.SZ,20260930,37.06,37.06,37.06,37.06,1900.0,70414.0,37.06
002992.SZ,20260930,33.34,33.34,33.39,33.34,7900.0,263577.0,33.36
002993.SZ,20260930,33.09,32.99,33.12,32.99,11700.0,386241.0,33.01
002995.SZ,20260930,17.48,17.58,17.6,17.48,81900.0,1439380.96,17.58
002996.SZ,20260930,5.95,5.95,5.95,5.93,18300.0,108752.0,5.94
002997.SZ,20260930,25.77,25.77,25.77,25.77,12200.0,314394.0,25.77
002998.SZ,20260930,8.06,8.06,8.06,8.04,97700.0,787407.04,8.06
002999.SZ,20260930,6.44,6.46,6.46,6.4,177200.0,1142960.0,6.45
003000.SZ,20260930,9.39,9.39,9.42,9.39,12900.0,121146.0,9.39
003001.SZ,20260930,20.34,20.41,20.43,20.2,452900.0,9236250.24,20.39
003002.SZ,20260930,16.0,15.9,16.0,15.9,40700.0,649199.0,15.95
003003.SZ,20260930,11.3,11.3,11.35,11.29,21100.0,238650.0,11.31
003004.SZ,20260930,60.74,61.2,61.29,60.25,25000.0,1525104.0,61.0
003005.SZ,20260930,15.11,15.11,15.15,15.11,76740.0,1159931.28,15.12
003006.SZ,20260930,21.99,21.9,22.07,21.9,839700.0,18438176.0,21.96
003007.SZ,20260930,40.78,40.92,40.98,40.78,13000.0,531934.0,40.92
003008.SZ,20260930,20.06,19.91,20.06,19.91,13300.0,265544.0,19.97
003009.SZ,20260930,44.79,44.74,44.84,44.74,12000.0,537059.0,44.76
003010.SZ,20260930,27.7,27.7,27.83,27.7,13300.0,368792.0,27.73
003011.SZ,20260930,20.2,20.09,20.2,20.09,3600.0,72489.0,20.14
003012.SZ,20260930,4.66,4.65,4.67,4.65,153700.0,716484.0,4.66
003013.SZ,20260930,15.89,15.91,15.96,15.86,107600.0,1711408.96,15.91
003015.SZ,20260930,12.4,12.45,12.45,12.39,20600.0,256389.0,12.45
003016.SZ,20260930,7.51,7.51,7.51,7.51,500.0,3755.0,7.51
003017.SZ,20260930,22.66,22.67,22.73,22.66,15200.0,344783.0,22.68
003018.SZ,20260930,45.4,45.49,45.5,44.95,31000.0,1408198.08,45.43
003019.SZ,20260930,26.73,26.66,26.81,26.66,6500.0,173382.0,26.67
003020.SZ,20260930,17.03,17.29,17.29,17.03,9800.0,168944.0,17.24
003021.SZ,20260930,69.25,69.21,69.4,69.21,5600.0,388127.0,69.31
003022.SZ,20260930,18.41,18.41,18.45,18.41,37400.0,688878.0,18.42
003023.SZ,20260930,25.42,25.03,25.5,25.03,6700.0,168589.0,25.16
003025.SZ,20260930,12.29,12.25,12.29,12.22,4800.0,58782.0,12.25
003026.SZ,20260930,33.78,33.71,33.8,33.7,136100.0,4589600.96,33.72
003027.SZ,20260930,16.83,16.83,16.83,16.82,49100.0,826343.04,16.83
003028.SZ,20260930,23.83,23.83,23.98,23.81,6800.0,162242.0,23.86
003029.SZ,20260930,18.01,17.98,18.01,17.98,43500.0,782392.96,17.99
003030.SZ,20260930,25.84,25.85,25.97,25.84,5300.0,137086.0,25.87
003031.SZ,20260930,120.03,119.59,120.3,119.58,33900.0,4057974.08,119.7
003032.SZ,20260930,8.85,8.83,8.88,8.83,429800.0,3800688.96,8.84
003033.SZ,20260930,87.18,86.59,87.4,86.59,8000.0,693826.0,86.73
003035.SZ,20260930,5.28,5.26,5.28,5.26,117200.0,616800.0,5.26
003036.SZ,20260930,46.79,46.7,46.94,46.51,117000.0,5466394.88,46.72
003037.SZ,20260930,5.89,5.9,5.91,5.88,30000.0,176969.0,5.9
003038.SZ,20260930,10.82,10.8,10.82,10.79,19400.0,209606.0,10.8
003039.SZ,20260930,12.55,12.53,12.56,12.53,14200.0,178046.0,12.54
003040.SZ,20260930,14.32,14.3,14.36,14.3,381800.0,5462529.92,14.31
003041.SZ,20260930,38.74,39.56,39.56,38.74,2900.0,113366.0,39.09
003042.SZ,20260930,14.4,14.36,14.45,14.36,40800.0,586290.0,14.37
003043.SZ,20260930,60.18,60.0,60.33,60.0,17400.0,1045343.04,60.08
003816.SZ,20260930,4.23,4.22,4.23,4.22,358000.0,1511036.96,4.22
300001.SZ,20260930,34.51,34.4,34.54,34.3,34300.0,1180708.96,34.42
300002.SZ,20260930,7.95,7.94,7.97,7.94,37836.0,300795.18,7.95
300003.SZ,20260930,11.39,11.39,11.41,11.38,104200.0,1187102.0,11.39
300004.SZ,20260930,7.68,7.67,7.71,7.67,24600.0,189018.0,7.68
300005.SZ,20260930,10.69,10.66,10.7,10.66,95500.0,1019440.96,10.68
300006.SZ,20260930,5.33,5.32,5.35,5.32,76400.0,406926.0,5.33
300007.SZ,20260930,30.63,30.63,30.69,30.61,15300.0,468694.0,30.63
300008.SZ,20260930,6.24,6.24,6.25,6.23,190900.0,1191362.0,6.24
300009.SZ,20260930,8.32,8.32,8.33,8.31,71600.0,595728.0,8.32
300010.SZ,20260930,5.03,5.01,5.04,5.01,1808300.0,9069105.92,5.02
300011.SZ,20260930,5.89,5.89,5.9,5.89,19400.0,114293.0,5.89
300012.SZ,20260930,13.59,13.57,13.59,13.55,129000.0,1750335.04,13.57
300013.SZ,20260930,4.24,4.24,4.25,4.24,32200.0,136634.0,4.24
300014.SZ,20260930,48.47,48.39,48.53,48.39,305100.0,14774946.56,48.43
300015.SZ,20260930,7.87,7.87,7.88,7.86,135000.0,1062323.04,7.87
300016.SZ,20260930,9.5,9.5,9.52,9.49,302600.0,2875240.96,9.5
300017.SZ,20260930,14.84,14.8,14.86,14.75,1047800.0,15506069.76,14.8
300018.SZ,20260930,11.81,11.84,11.84,11.81,11400.0,134835.0,11.83
300019.SZ,20260930,13.82,13.81,13.82,13.8,21000.0,290011.0,13.81
300020.SZ,20260930,3.59,3.59,3.62,3.59,12700.0,45770.0,3.6
300021.SZ,20260930,3.8,3.79,3.82,3.79,90200.0,342453.0,3.8
300022.SZ,20260930,7.82,7.84,7.84,7.82,3100.0,24302.0,7.84
300024.SZ,20260930,12.9,12.85,12.9,12.85,93300.0,1201086.0,12.87
300025.SZ,20260930,5.79,5.77,5.8,5.77,38800.0,224471.0,5.79
300026.SZ,20260930,3.19,3.19,3.2,3.19,133900.0,427158.0,3.19
300027.SZ,20260930,1.66,1.66,1.66,1.65,519500.0,860876.0,1.66
300030.SZ,20260930,6.91,6.92,6.92,6.91,45400.0,314156.0,6.92
300031.SZ,20260930,20.23,20.35,20.35,20.21,31200.0,632837.0,20.28
300032.SZ,20260930,3.81,3.8,3.81,3.8,20300.0,77269.0,3.81
300033.SZ,20260930,199.9,199.9,200.0,199.72,80614.0,16116336.64,199.92
300034.SZ,20260930,15.35,15.33,15.42,15.33,56000.0,859019.04,15.34
300035.SZ,20260930,12.32,12.25,12.34,12.23,93500.0,1146774.0,12.27
300036.SZ,20260930,10.26,10.26,10.28,10.24,66500.0,682228.96,10.26
300037.SZ,20260930,66.49,65.98,66.66,65.98,37300.0,2467087.04,66.14
300039.SZ,20260930,5.16,5.14,5.16,5.14,164600.0,846976.96,5.15
300040.SZ,20260930,5.66,5.66,5.68,5.66,149700.0,848008.96,5.67
300041.SZ,20260930,10.76,10.78,10.79,10.74,184400.0,1987232.0,10.78
300042.SZ,20260930,37.3,37.3,37.33,36.94,54400.0,2028203.04,37.28
300043.SZ,20260930,4.32,4.31,4.33,4.31,146400.0,631205.0,4.31
300044.SZ,20260930,5.91,5.9,5.94,5.9,163500.0,965928.0,5.91
300045.SZ,20260930,11.38,11.41,11.41,11.21,64500.0,734256.96,11.38
300046.SZ,20260930,24.54,24.5,24.56,24.5,4600.0,112831.0,24.53
300047.SZ,20260930,9.09,9.09,9.15,9.09,55200.0,502205.0,9.1
300048.SZ,20260930,4.72,4.73,4.73,4.7,60500.0,286074.0,4.73
300049.SZ,20260930,46.14,46.13,46.35,46.13,16200.0,747842.0,46.16
300050.SZ,20260930,6.96,6.95,7.03,6.95,259400.0,1804755.04,6.96
300051.SZ,20260930,7.99,7.97,8.0,7.97,10800.0,86178.0,7.98
300052.SZ,20260930,10.37,10.41,10.46,10.36,360900.0,3759400.0,10.42
300053.SZ,20260930,11.77,11.75,11.78,11.75,38600.0,454071.0,11.76
300054.SZ,20260930,69.4,69.48,69.5,69.32,221800.0,15405672.96,69.46
300055.SZ,20260930,5.81,5.81,5.83,5.81,426500.0,2478936.96,5.81
300056.SZ,20260930,7.43,7.42,7.48,7.42,34500.0,256799.0,7.44
300057.SZ,20260930,6.24,6.28,6.3,6.24,104500.0,654459.0,6.26
300058.SZ,20260930,12.96,12.91,12.98,12.91,1639900.0,21194488.32,12.92
300059.SZ,20260930,17.87,17.85,17.88,17.84,1169700.0,20884610.56,17.86
300061.SZ,20260930,6.94,6.93,6.97,6.92,723844.96,5018095.04,6.93
300062.SZ,20260930,6.03,6.03,6.03,6.02,63300.0,381689.0,6.03
300063.SZ,20260930,8.56,8.53,8.59,8.53,310300.0,2653227.04,8.55
300065.SZ,20260930,14.8,14.8,14.81,14.75,105200.0,1556952.96,14.8
300066.SZ,20260930,4.6,4.62,4.62,4.6,13700.0,63239.0,4.62
300067.SZ,20260930,5.32,5.32,5.33,5.3,525700.0,2796892.16,5.32
300068.SZ,20260930,4.06,4.03,4.06,4.03,464400.0,1872918.08,4.03
300069.SZ,20260930,24.95,24.78,24.95,24.61,41900.0,1038592.96,24.79
300070.SZ,20260930,3.39,3.38,3.39,3.38,50700.0,171428.0,3.38
300071.SZ,20260930,4.08,4.07,4.1,4.07,305200.0,1243132.96,4.07
300072.SZ,20260930,3.41,3.41,3.41,3.4,143200.0,487759.0,3.41
300073.SZ,20260930,37.93,38.0,38.18,37.88,291300.0,11069532.16,38.0
300074.SZ,20260930,3.88,3.88,3.9,3.88,71900.0,279783.0,3.89
300075.SZ,20260930,10.89,10.94,10.94,10.77,316500.0,3440067.84,10.87
300076.SZ,20260930,4.09,4.1,4.1,4.09,21300.0,87295.0,4.1
300077.SZ,20260930,21.6,21.5,21.73,21.5,192200.0,4147205.12,21.58
300078.SZ,20260930,2.74,2.75,2.76,2.74,217400.0,597828.0,2.75
300079.SZ,20260930,4.82,4.82,4.82,4.81,272511.0,1312433.84,4.82
300080.SZ,20260930,3.69,3.69,3.72,3.69,22400.0,82710.0,3.69
300081.SZ,20260930,3.28,3.28,3.29,3.28,17600.0,57775.0,3.28
300082.SZ,20260930,8.58,8.58,8.58,8.58,0.0,0.0,8.58
300083.SZ,20260930,11.78,11.78,11.8,11.72,194600.0,2292156.0,11.78
300084.SZ,20260930,10.01,10.01,10.01,9.99,8700.0,87065.0,10.01
300085.SZ,20260930,30.12,30.21,30.34,30.0,448100.0,13520811.52,30.17
300086.SZ,20260930,5.35,5.39,5.39,5.35,45700.0,245959.0,5.38
300087.SZ,20260930,5.56,5.55,5.56,5.55,77800.0,432018.0,5.55
300088.SZ,20260930,6.88,6.86,6.88,6.86,377900.0,2594759.04,6.87
300091.SZ,20260930,2.38,2.38,2.38,2.38,400.0,952.0,2.38
300092.SZ,20260930,11.25,11.26,11.26,11.25,13200.0,148629.0,11.26
300093.SZ,20260930,20.32,20.28,20.32,20.28,13800.0,280358.0,20.32
300094.SZ,20260930,2.91,2.9,2.92,2.9,284500.0,826532.96,2.91
300095.SZ,20260930,8.93,8.94,8.96,8.93,44000.0,393071.0,8.93
300096.SZ,20260930,8.88,8.87,8.9,8.87,129700.0,1150512.0,8.87
300097.SZ,20260930,10.13,10.13,10.26,10.13,171200.0,1736784.96,10.15
300098.SZ,20260930,4.22,4.21,4.22,4.2,111800.0,470530.0,4.21
300099.SZ,20260930,6.26,6.25,6.27,6.25,30500.0,190775.0,6.26
300100.SZ,20260930,22.38,22.39,22.46,22.21,294400.0,6587719.04,22.38
300101.SZ,20260930,13.95,13.95,13.96,13.9,30606.0,426653.4,13.94
300102.SZ,20260930,16.03,16.02,16.05,16.0,46000.0,737176.0,16.03
300103.SZ,20260930,8.12,8.2,8.2,8.12,33000.0,270312.0,8.19
300105.SZ,20260930,7.14,7.19,7.19,7.09,60600.0,435362.0,7.18
300106.SZ,20260930,10.61,10.59,10.66,10.58,62700.0,664458.0,10.6
300107.SZ,20260930,6.76,6.78,6.83,6.75,233400.0,1587878.08,6.8
300109.SZ,20260930,12.68,12.68,12.72,12.6,38300.0,485732.0,12.68
300110.SZ,20260930,3.24,3.24,3.26,3.24,2179300.0,7066055.68,3.24
300111.SZ,20260930,2.97,2.98,2.98,2.97,65200.0,194221.0,2.98
300112.SZ,20260930,10.17,10.13,10.2,10.12,265200.0,2691151.04,10.15
300113.SZ,20260930,16.15,16.26,16.26,16.06,101200.0,1643624.96,16.24
300115.SZ,20260930,22.53,22.52,22.59,22.47,68674.0,1546990.56,22.53
300118.SZ,20260930,8.9,8.92,8.94,8.9,120600.0,1075450.0,8.92
300119.SZ,20260930,16.53,16.53,16.53,16.53,2700.0,44631.0,16.53
300120.SZ,20260930,7.59,7.6,7.62,7.58,863900.0,6565166.72,7.6
300121.SZ,20260930,9.48,9.45,9.49,9.45,49000.0,464240.0,9.47
300122.SZ,20260930,13.04,13.05,13.06,13.01,145300.0,1895487.04,13.05
300123.SZ,20260930,4.23,4.21,4.23,4.21,190100.0,801204.96,4.22
300124.SZ,20260930,52.28,52.26,52.55,52.25,170700.0,8922897.92,52.27
300125.SZ,20260930,8.63,8.59,8.63,8.59,107600.0,924432.96,8.59
300126.SZ,20260930,6.79,6.78,6.8,6.78,31200.0,211672.0,6.78
300127.SZ,20260930,23.17,23.17,23.28,23.12,12200.0,282779.0,23.18
300128.SZ,20260930,4.86,4.8,4.86,4.79,165600.0,801750.0,4.84
300129.SZ,20260930,7.46,7.45,7.46,7.44,312800.0,2329971.04,7.45
300130.SZ,20260930,18.14,18.14,18.15,18.11,27400.0,496989.0,18.14
300131.SZ,20260930,13.8,13.75,13.86,13.7,659900.0,9089054.72,13.77
300132.SZ,20260930,6.12,6.16,6.16,6.12,30000.0,184646.0,6.16
300133.SZ,20260930,7.63,7.62,7.66,7.62,930000.0,7089722.88,7.62
300134.SZ,20260930,8.38,8.39,8.39,8.35,28200.0,236225.0,8.38
300135.SZ,20260930,3.46,3.47,3.47,3.46,62200.0,215789.0,3.47
300136.SZ,20260930,53.12,53.06,53.29,53.06,162184.0,8610021.76,53.09
300137.SZ,20260930,9.81,9.82,9.93,9.72,218800.0,2147735.04,9.82
300138.SZ,20260930,11.25,11.25,11.25,11.25,500.0,5625.0,11.25
300139.SZ,20260930,43.0,43.32,43.36,42.7,334400.0,14452573.44,43.22
300140.SZ,20260930,5.29,5.27,5.3,5.27,16400.0,86570.0,5.28
300141.SZ,20260930,10.03,10.03,10.07,10.01,19400.0,194784.0,10.04
300142.SZ,20260930,13.57,13.56,13.62,13.53,441500.0,5990090.88,13.57
300143.SZ,20260930,7.85,7.87,7.87,7.84,108500.0,853655.04,7.87
300144.SZ,20260930,5.6,5.59,5.6,5.59,170300.0,952296.0,5.59
300145.SZ,20260930,4.73,4.72,4.75,4.72,204500.0,966348.0,4.73
300146.SZ,20260930,9.29,9.3,9.33,9.29,49200.0,457786.0,9.31
300147.SZ,20260930,5.95,5.93,5.97,5.93,627500.0,3723116.16,5.93
300148.SZ,20260930,3.57,3.56,3.59,3.56,198400.0,707730.0,3.57
300149.SZ,20260930,9.65,9.61,9.65,9.61,182400.0,1754492.96,9.62
300150.SZ,20260930,4.22,4.24,4.24,4.21,48400.0,204815.0,4.23
300151.SZ,20260930,20.44,20.44,20.65,20.4,155100.0,3175996.16,20.48
300152.SZ,20260930,1.59,1.58,1.59,1.58,143400.0,226641.0,1.58
300153.SZ,20260930,24.68,24.64,24.68,24.56,48100.0,1185480.96,24.65
300154.SZ,20260930,14.22,14.21,14.26,14.18,70900.0,1007814.0,14.22
300155.SZ,20260930,4.59,4.62,4.64,4.52,3576300.16,16523755.52,4.62
300157.SZ,20260930,3.62,3.61,3.63,3.61,237800.0,860152.0,3.62
300158.SZ,20260930,5.14,5.14,5.14,5.12,90100.0,462544.0,5.13
300159.SZ,20260930,2.75,2.75,2.76,2.74,314200.0,864370.0,2.75
300160.SZ,20260930,4.45,4.47,4.47,4.45,29200.0,130520.0,4.47
300161.SZ,20260930,26.17,26.12,26.3,26.12,17800.0,465507.0,26.15
300162.SZ,20260930,8.5,8.5,8.53,8.44,1093900.0,9293601.92,8.5
300163.SZ,20260930,7.74,7.72,7.79,7.71,178900.0,1381971.04,7.73
300164.SZ,20260930,8.76,8.77,8.8,8.74,1272400.0,11155860.48,8.77
300165.SZ,20260930,5.04,5.04,5.05,5.04,21300.0,107370.0,5.04
300166.SZ,20260930,11.76,11.85,11.85,11.76,248300.0,2936943.04,11.83
300167.SZ,20260930,3.75,3.76,3.76,3.75,37800.0,142113.0,3.76
300168.SZ,20260930,4.81,4.8,4.81,4.78,91500.0,439089.0,4.8
300169.SZ,20260930,5.61,5.61,5.62,5.58,140600.0,788704.96,5.61
300170.SZ,20260930,15.64,15.6,15.68,15.6,965800.0,15073665.28,15.61
300171.SZ,20260930,15.96,15.9,16.02,15.9,89300.0,1421247.04,15.92
300172.SZ,20260930,4.55,4.55,4.57,4.55,42700.0,194485.0,4.55
300173.SZ,20260930,3.31,3.31,3.32,3.31,34100.0,112881.0,3.31
300174.SZ,20260930,17.16,17.15,17.2,17.14,48300.0,829248.0,17.17
300175.SZ,20260930,5.52,5.52,5.52,5.5,26700.0,147382.0,5.52
300176.SZ,20260930,4.46,4.47,4.47,4.46,48300.0,215857.0,4.47
300177.SZ,20260930,6.13,6.14,6.14,6.09,16900.0,103683.0,6.14
300179.SZ,20260930,42.15,42.1,42.24,42.02,369800.0,15570425.6,42.11
300180.SZ,20260930,4.35,4.35,4.36,4.34,269000.0,1170156.0,4.35
300181.SZ,20260930,12.97,12.96,12.97,12.96,11200.0,145181.0,12.96
300182.SZ,20260930,5.05,5.05,5.07,5.04,1409200.0,7117102.72,5.05
300183.SZ,20260930,11.0,11.0,11.08,10.96,20200.0,222737.0,11.03
300184.SZ,20260930,11.25,11.26,11.27,11.23,196700.0,2213656.0,11.25
300185.SZ,20260930,2.81,2.8,2.82,2.8,3180099.84,8914339.84,2.8
300187.SZ,20260930,4.53,4.53,4.53,4.53,14400.0,65232.0,4.53
300188.SZ,20260930,10.75,10.78,10.78,10.72,467716.0,5034365.12,10.76
300189.SZ,20260930,5.88,5.87,5.9,5.87,1911200.0,11235653.12,5.88
300190.SZ,20260930,3.79,3.79,3.79,3.78,28900.0,109509.0,3.79
300191.SZ,20260930,30.54,30.59,30.59,30.34,30500.0,932268.0,30.57
300192.SZ,20260930,24.17,24.21,24.3,24.07,268100.0,6492604.8,24.22
300193.SZ,20260930,7.92,7.93,7.93,7.88,11100.0,87923.0,7.92
300194.SZ,20260930,3.85,3.85,3.87,3.85,33500.0,129027.0,3.85
300195.SZ,20260930,6.34,6.33,6.34,6.33,19100.0,120957.0,6.33
300196.SZ,20260930,17.75,17.7,17.77,17.7,43000.0,761414.0,17.71
300197.SZ,20260930,1.95,1.95,1.95,1.94,356700.0,694284.0,1.95
300198.SZ,20260930,2.39,2.37,2.39,2.37,475400.0,1130772.96,2.38
300199.SZ,20260930,22.79,22.7,22.88,22.7,203500.0,4624808.0,22.73
300200.SZ,20260930,8.26,8.23,8.27,8.23,5100.0,41992.0,8.23
300201.SZ,20260930,13.0,13.0,13.08,13.0,77200.0,1003896.96,13.0
300203.SZ,20260930,13.68,13.69,13.69,13.65,43000.0,588222.0,13.68
300204.SZ,20260930,19.8,19.74,19.9,19.74,78600.0,1555040.0,19.78
300205.SZ,20260930,5.07,4.98,5.07,4.98,222600.0,1113706.0,5.0
300206.SZ,20260930,11.6,11.6,11.63,11.6,21700.0,251809.0,11.6
300207.SZ,20260930,21.58,21.5,21.7,21.49,3645600.0,78472529.92,21.53
300209.SZ,20260930,34.6,34.6,34.72,34.3,1149000.0,39734607.36,34.58
300210.SZ,20260930,7.07,7.03,7.1,7.03,33400.0,234912.0,7.03
300211.SZ,20260930,7.68,7.69,7.73,7.64,1271500.0,9774716.16,7.69
300212.SZ,20260930,7.66,7.66,7.66,7.65,58100.0,444926.0,7.66
300213.SZ,20260930,6.61,6.62,6.64,6.57,192200.0,1273584.96,6.63
300214.SZ,20260930,9.69,9.7,9.71,9.64,96500.0,935291.04,9.69
300215.SZ,20260930,6.3,6.36,6.38,6.3,122100.0,776084.96,6.36
300217.SZ,20260930,3.99,3.99,3.99,3.99,110700.0,441693.0,3.99
300218.SZ,20260930,12.56,12.6,12.61,12.51,11200.0,141017.0,12.59
300219.SZ,20260930,6.72,6.74,6.75,6.72,83400.0,561927.0,6.74
300220.SZ,20260930,11.56,11.54,11.74,11.54,25500.0,294797.0,11.56
300221.SZ,20260930,13.14,13.14,13.18,13.13,60600.0,796524.0,13.14
300222.SZ,20260930,9.7,9.7,9.7,9.63,49700.0,481976.0,9.7
300223.SZ,20260930,136.02,136.07,136.47,135.45,225500.0,30689587.2,136.1
300224.SZ,20260930,11.8,11.77,11.8,11.77,46200.0,544040.0,11.78
300225.SZ,20260930,7.84,7.84,7.87,7.84,36100.0,283261.0,7.85
300226.SZ,20260930,16.97,16.95,17.04,16.95,57600.0,977180.0,16.97
300227.SZ,20260930,10.1,10.18,10.19,10.1,103200.0,1049872.0,10.17
300228.SZ,20260930,6.46,6.46,6.46,6.46,25000.0,161500.0,6.46
300229.SZ,20260930,12.94,12.9,12.95,12.9,55100.0,711564.96,12.91
300230.SZ,20260930,4.37,4.36,4.37,4.36,59300.0,258698.0,4.36
300231.SZ,20260930,8.26,8.26,8.32,8.25,73400.0,606535.0,8.26
300232.SZ,20260930,5.34,5.34,5.34,5.32,68400.0,365190.0,5.34
300233.SZ,20260930,13.3,13.33,13.33,13.25,75400.0,1005000.96,13.33
300234.SZ,20260930,10.14,10.15,10.16,10.12,90200.0,914895.04,10.14
300235.SZ,20260930,12.16,12.03,12.16,12.03,8400.0,101390.0,12.07
300236.SZ,20260930,86.91,86.69,86.99,86.69,15700.0,1361796.0,86.74
300237.SZ,20260930,2.39,2.4,2.4,2.38,57400.0,137467.0,2.4
300238.SZ,20260930,11.93,11.89,11.97,11.89,9500.0,113292.0,11.93
300239.SZ,20260930,5.43,5.43,5.45,5.43,77500.0,421131.0,5.43
300240.SZ,20260930,6.2,6.17,6.2,6.17,71000.0,438569.0,6.18
300241.SZ,20260930,5.76,5.78,5.78,5.76,100100.0,578342.0,5.78
300242.SZ,20260930,3.97,3.97,3.97,3.95,72000.0,285736.0,3.97
300243.SZ,20260930,22.05,22.01,22.11,22.01,368400.0,8119288.96,22.04
300244.SZ,20260930,20.39,20.39,20.4,20.19,212600.0,4330328.96,20.37
300245.SZ,20260930,5.93,5.92,5.93,5.92,98800.0,585286.0,5.92
300246.SZ,20260930,16.04,16.12,16.12,16.03,47700.0,767912.96,16.1
300247.SZ,20260930,3.71,3.71,3.72,3.71,109500.0,406272.0,3.71
300248.SZ,20260930,8.35,8.37,8.38,8.35,30800.0,257687.0,8.37
300249.SZ,20260930,12.74,12.7,12.8,12.65,46900.0,596820.0,12.73
300250.SZ,20260930,15.0,14.87,15.05,14.87,7900.0,118202.0,14.96
300251.SZ,20260930,10.96,10.92,10.96,10.92,212000.0,2315848.0,10.92
300252.SZ,20260930,11.67,11.66,11.68,11.65,151700.0,1769273.92,11.66
300253.SZ,20260930,6.98,7.0,7.0,6.95,131500.0,919358.0,6.99
300254.SZ,20260930,9.13,9.09,9.13,9.09,118200.0,1074691.04,9.09
300255.SZ,20260930,22.46,22.5,22.58,22.4,178500.0,4014312.0,22.49
300256.SZ,20260930,2.61,2.62,2.62,2.59,131300.0,343812.0,2.62
300257.SZ,20260930,17.96,17.98,17.99,17.94,29200.0,524840.0,17.97
300258.SZ,20260930,8.81,8.8,8.85,8.8,74600.0,657240.0,8.81
300259.SZ,20260930,3.97,3.96,3.98,3.96,109500.0,434242.0,3.97
300260.SZ,20260930,57.87,58.24,58.24,57.87,68800.0,4000870.08,58.15
300261.SZ,20260930,4.93,4.94,4.94,4.93,126400.0,624294.0,4.94
300263.SZ,20260930,10.09,10.12,10.13,10.08,181100.0,1831710.08,10.11
300264.SZ,20260930,6.06,6.03,6.06,6.03,33200.0,200560.0,6.04
300265.SZ,20260930,12.14,12.17,12.19,12.14,165900.0,2018366.72,12.17
300266.SZ,20260930,1.86,1.85,1.86,1.85,83500.0,154800.0,1.85
300267.SZ,20260930,3.23,3.23,3.26,3.22,203600.0,657464.0,3.23
300268.SZ,20260930,12.06,12.01,12.08,12.01,9700.0,116594.0,12.02
300269.SZ,20260930,4.71,4.71,4.73,4.71,481100.0,2267926.08,4.71
300270.SZ,20260930,10.72,10.7,10.78,10.61,226000.0,2417120.0,10.7
300271.SZ,20260930,5.82,5.82,5.83,5.8,43600.0,253739.0,5.82
300272.SZ,20260930,6.0,6.0,6.02,6.0,60300.0,361823.0,6.0
300274.SZ,20260930,82.48,82.41,82.79,82.4,151600.0,12498613.76,82.45
300275.SZ,20260930,8.95,8.99,9.0,8.95,17900.0,160733.0,8.98
300276.SZ,20260930,6.19,6.2,6.21,6.16,811400.0,5025464.96,6.19
300277.SZ,20260930,12.7,12.71,12.71,12.7,166400.0,2114784.0,12.71
300278.SZ,20260930,3.54,3.56,3.56,3.54,20500.0,72742.0,3.55
300279.SZ,20260930,5.96,5.95,5.96,5.93,85900.0,511305.0,5.95
300281.SZ,20260930,7.08,7.09,7.09,7.08,4500.0,31897.0,7.09
300283.SZ,20260930,13.64,13.58,13.64,13.57,270200.0,3671248.96,13.59
300284.SZ,20260930,5.08,5.08,5.08,5.08,21000.0,106680.0,5.08
300285.SZ,20260930,65.62,65.62,65.65,65.32,873000.0,57258787.84,65.59
300286.SZ,20260930,19.1,19.19,19.19,19.1,3300.0,63277.0,19.17
300287.SZ,20260930,3.61,3.61,3.61,3.6,85700.0,309028.0,3.61
300288.SZ,20260930,9.78,9.78,9.78,9.75,47700.0,466463.0,9.78
300289.SZ,20260930,5.93,5.94,5.95,5.93,10300.0,61189.0,5.94
300290.SZ,20260930,6.89,6.87,6.89,6.86,306833.0,2108761.76,6.87
300291.SZ,20260930,5.1,5.1,5.15,5.07,2038000.0,10400993.92,5.1
300292.SZ,20260930,4.46,4.46,4.47,4.45,256100.0,1142284.96,4.46
300293.SZ,20260930,14.09,14.1,14.1,13.93,48100.0,675835.04,14.05
300294.SZ,20260930,14.36,14.34,14.36,14.34,25100.0,360043.0,14.34
300295.SZ,20260930,11.65,11.65,11.65,11.6,11400.0,132620.0,11.63
300296.SZ,20260930,4.76,4.75,4.76,4.71,247300.0,1173076.0,4.74
300298.SZ,20260930,16.13,16.11,16.16,16.11,8200.0,132280.0,16.13
300299.SZ,20260930,5.42,5.41,5.43,5.41,15100.0,81728.0,5.41
300300.SZ,20260930,11.03,10.99,11.14,10.99,3948300.16,43497738.24,11.02
300301.SZ,20260930,3.82,3.82,3.88,3.82,222200.0,852056.96,3.84
300302.SZ,20260930,26.82,26.83,26.89,26.69,115900.0,3107320.0,26.81
300303.SZ,20260930,6.5,6.5,6.51,6.49,254900.0,1656903.04,6.5
300304.SZ,20260930,12.0,12.0,12.05,12.0,64900.0,779215.04,12.01
300305.SZ,20260930,6.53,6.52,6.55,6.52,192100.0,1252696.96,6.52
300306.SZ,20260930,10.55,10.52,10.55,10.52,38100.0,401115.0,10.53
300307.SZ,20260930,6.98,6.96,6.98,6.96,17300.0,120450.0,6.96
300308.SZ,20260930,821.99,821.99,822.0,816.66,263064.0,216118087.68,821.54
300310.SZ,20260930,4.33,4.32,4.33,4.32,34400.0,148864.0,4.33
300311.SZ,20260930,6.28,6.29,6.29,6.26,1804300.0,11337506.56,6.28
300313.SZ,20260930,11.98,11.95,12.0,11.95,168500.0,2016316.96,11.97
300314.SZ,20260930,12.85,12.86,12.86,12.8,27100.0,348183.0,12.85
300315.SZ,20260930,3.96,3.96,3.97,3.95,181700.0,719055.04,3.96
300316.SZ,20260930,38.38,38.48,38.5,38.38,33900.0,1303840.96,38.46
300317.SZ,20260930,4.2,4.21,4.21,4.17,425800.0,1790728.0,4.21
300318.SZ,20260930,5.15,5.15,5.2,5.13,20200.0,104224.0,5.16
300319.SZ,20260930,18.98,18.98,19.06,18.96,347600.0,6600156.16,18.99
300320.SZ,20260930,8.18,8.17,8.18,8.17,37400.0,305843.0,8.18
300321.SZ,20260930,33.15,33.03,33.35,33.03,8900.0,295815.0,33.24
300322.SZ,20260930,16.59,16.56,16.59,16.53,67100.0,1110820.96,16.56
300323.SZ,20260930,11.08,11.05,11.09,10.99,391447.0,4324066.56,11.05
300324.SZ,20260930,3.8,3.79,3.8,3.78,776000.0,2940911.04,3.79
300326.SZ,20260930,6.25,6.22,6.25,6.22,49800.0,310137.0,6.23
300327.SZ,20260930,25.4,25.35,25.45,25.35,42100.0,1068419.04,25.38
300328.SZ,20260930,12.43,12.42,12.43,12.3,212600.0,2640284.0,12.42
300329.SZ,20260930,11.94,11.9,11.94,11.9,15400.0,183519.0,11.92
300331.SZ,20260930,44.57,44.99,45.32,44.57,174500.0,7844147.84,44.95
300332.SZ,20260930,4.84,4.84,4.85,4.81,181600.0,878608.96,4.84
300333.SZ,20260930,11.52,11.49,11.59,11.49,118000.0,1357252.0,11.5
300334.SZ,20260930,8.67,8.64,8.69,8.64,22300.0,193311.0,8.67
300335.SZ,20260930,5.59,5.59,5.62,5.58,24300.0,135967.0,5.6
300337.SZ,20260930,9.0,9.0,9.01,8.99,50500.0,454484.0,9.0
300338.SZ,20260930,2.71,2.72,2.72,2.7,143400.0,388492.0,2.71
300339.SZ,20260930,33.93,33.82,33.93,33.82,34800.0,1177778.0,33.84
300340.SZ,20260930,9.14,9.13,9.17,9.06,1334500.0,12191207.68,9.14
300341.SZ,20260930,12.71,12.7,12.73,12.7,8200.0,104177.0,12.71
300342.SZ,20260930,30.23,30.28,30.44,30.08,146200.0,4423767.04,30.26
300343.SZ,20260930,5.19,5.2,5.2,5.18,69000.0,358298.0,5.19
300345.SZ,20260930,6.65,6.68,6.7,6.64,673700.0,4499116.16,6.68
300346.SZ,20260930,51.88,51.88,51.93,51.74,224716.0,11657149.44,51.88
300347.SZ,20260930,56.54,56.53,56.79,56.52,47300.0,2675507.04,56.57
300348.SZ,20260930,9.35,9.31,9.36,9.31,4200.0,39128.0,9.32
300349.SZ,20260930,10.29,10.23,10.3,10.23,10000.0,102624.0,10.26
300350.SZ,20260930,4.77,4.77,4.83,4.71,990100.0,4714490.88,4.76
300351.SZ,20260930,13.64,13.66,13.66,13.62,9800.0,133632.0,13.64
300352.SZ,20260930,3.0,2.99,3.04,2.99,298800.0,897050.0,3.0
300353.SZ,20260930,16.46,16.46,16.5,16.36,160100.0,2636428.0,16.47
300354.SZ,20260930,27.81,27.8,27.87,27.8,10600.0,294716.0,27.8
300355.SZ,20260930,2.76,2.75,2.77,2.75,63100.0,173946.0,2.76
300357.SZ,20260930,19.85,19.84,19.85,19.82,22800.0,452229.0,19.83
300358.SZ,20260930,9.57,9.52,9.57,9.52,115600.0,1101804.96,9.53
300359.SZ,20260930,4.21,4.2,4.24,4.2,155900.0,656085.0,4.21
300360.SZ,20260930,10.99,11.0,11.0,10.99,36500.0,401475.0,11.0
300363.SZ,20260930,23.68,23.72,23.95,23.6,123700.0,2933308.16,23.71
300364.SZ,20260930,24.0,23.98,24.15,23.98,767800.0,18418396.16,23.99
300365.SZ,20260930,4.58,4.56,4.58,4.55,51400.0,234429.0,4.56
300366.SZ,20260930,5.56,5.54,5.56,5.54,38100.0,211190.0,5.54
300368.SZ,20260930,9.54,9.55,9.55,9.48,400600.0,3819415.04,9.53
300369.SZ,20260930,9.04,9.06,9.09,9.01,2809600.0,25449111.04,9.06
300370.SZ,20260930,2.14,2.14,2.15,2.14,121400.0,260023.0,2.14
300371.SZ,20260930,10.26,10.26,10.29,10.26,25500.0,261991.0,10.27
300373.SZ,20260930,86.47,86.6,86.7,86.21,43800.0,3789794.24,86.53
300374.SZ,20260930,10.17,10.24,10.25,10.15,8600.0,88041.0,10.24
300375.SZ,20260930,4.13,4.13,4.13,4.13,27500.0,113575.0,4.13
300376.SZ,20260930,4.08,4.08,4.08,4.08,23600.0,96288.0,4.08
300377.SZ,20260930,13.59,13.56,13.64,13.56,136400.0,1850263.04,13.57
300378.SZ,20260930,38.53,38.79,38.79,38.4,226200.0,8762430.08,38.74
300380.SZ,20260930,27.99,27.75,27.99,27.75,2700.0,75260.0,27.87
300381.SZ,20260930,5.74,5.76,5.76,5.71,43900.0,251807.0,5.74
300382.SZ,20260930,14.9,14.95,14.96,14.87,76800.0,1147410.0,14.94
300383.SZ,20260930,10.95,10.95,10.98,10.92,213900.0,2342542.08,10.95
300384.SZ,20260930,11.94,11.92,11.94,11.92,7100.0,84760.0,11.94
300385.SZ,20260930,13.12,13.12,13.29,13.12,21300.0,279609.0,13.13
300386.SZ,20260930,10.8,10.77,10.8,10.77,17900.0,192795.0,10.77
300387.SZ,20260930,7.47,7.47,7.48,7.46,28400.0,212226.0,7.47
300388.SZ,20260930,6.7,6.71,6.71,6.69,33400.0,224041.0,6.71
300389.SZ,20260930,12.99,12.92,12.99,12.92,19900.0,257766.0,12.95
300390.SZ,20260930,49.1,49.1,49.19,49.09,213100.0,10464517.76,49.11
300393.SZ,20260930,5.97,5.97,5.97,5.95,31500.0,187893.0,5.97
300394.SZ,20260930,256.49,256.01,257.0,255.11,368100.0,94223923.2,255.97
300395.SZ,20260930,95.94,96.39,96.88,95.2,352100.0,33865272.32,96.18
300396.SZ,20260930,7.03,7.02,7.03,7.02,7580.0,53221.6,7.02
300397.SZ,20260930,11.35,11.38,11.38,11.32,203000.0,2307376.96,11.37
300398.SZ,20260930,35.28,35.24,35.3,35.24,186800.0,6585066.24,35.25
300399.SZ,20260930,19.63,19.47,19.65,19.47,7300.0,143055.0,19.6
300400.SZ,20260930,33.56,33.42,33.56,33.42,13100.0,438204.0,33.45
300401.SZ,20260930,15.48,15.33,15.48,15.33,16500.0,253735.0,15.38
300402.SZ,20260930,14.6,14.66,14.66,14.6,40400.0,589882.0,14.6
300403.SZ,20260930,8.74,8.73,8.74,8.73,14100.0,123143.0,8.73
300404.SZ,20260930,14.55,14.63,14.65,14.5,1130200.0,16517419.52,14.62
300405.SZ,20260930,5.97,5.97,5.98,5.95,72300.0,431677.0,5.97
300406.SZ,20260930,11.83,11.82,11.85,11.82,6100.0,72119.0,11.82
300407.SZ,20260930,10.62,10.61,10.68,10.61,6100.0,64851.0,10.63
300408.SZ,20260930,119.51,119.49,120.0,119.0,254100.0,30371443.2,119.53
300409.SZ,20260930,16.91,16.9,16.94,16.87,114400.0,1934276.0,16.91
300410.SZ,20260930,8.85,8.87,8.9,8.83,263000.0,2330729.92,8.86
300411.SZ,20260930,8.5,8.45,8.5,8.45,41800.0,354431.0,8.48
300412.SZ,20260930,4.58,4.58,4.58,4.58,79600.0,364568.0,4.58
300413.SZ,20260930,19.69,19.7,19.75,19.61,1448000.0,28517483.52,19.69
300414.SZ,20260930,10.85,10.86,10.86,10.77,85500.0,926814.0,10.84
300415.SZ,20260930,18.95,18.95,18.95,18.95,2200.0,41690.0,18.95
300416.SZ,20260930,13.76,13.75,13.78,13.75,41300.0,567985.0,13.75
300417.SZ,20260930,12.28,12.28,12.34,12.28,23800.0,292626.78,12.3
300418.SZ,20260930,41.14,41.0,41.48,41.0,498554.0,20504963.84,41.13
300419.SZ,20260930,7.89,7.91,7.94,7.89,48800.0,386152.0,7.91
300420.SZ,20260930,7.43,7.42,7.45,7.41,153400.0,1138896.0,7.42
300421.SZ,20260930,17.04,17.09,17.09,16.98,9800.0,167209.0,17.06
300422.SZ,20260930,4.18,4.17,4.18,4.16,130200.0,542441.0,4.17
300423.SZ,20260930,5.45,5.45,5.48,5.45,17800.0,97144.0,5.46
300424.SZ,20260930,13.21,13.2,13.23,13.2,133900.0,1767652.0,13.2
300425.SZ,20260930,4.09,4.09,4.1,4.07,103200.0,422064.0,4.09
300426.SZ,20260930,7.62,7.61,7.65,7.61,279100.0,2126072.0,7.62
300427.SZ,20260930,6.17,6.15,6.18,6.15,251800.0,1550574.08,6.16
300428.SZ,20260930,19.29,19.29,19.3,19.19,12800.0,246958.0,19.29
300429.SZ,20260930,11.07,11.08,11.08,11.03,56800.0,628861.0,11.07
300430.SZ,20260930,4.36,4.36,4.37,4.36,100800.0,439988.0,4.36
300432.SZ,20260930,12.8,12.8,12.86,12.8,52400.0,670904.0,12.8
300433.SZ,20260930,31.62,31.58,31.64,31.56,234700.0,7413571.84,31.59
300434.SZ,20260930,12.46,12.46,12.5,12.46,283200.0,3530398.08,12.47
300435.SZ,20260930,15.63,15.6,15.63,15.54,75800.0,1182544.96,15.6
300436.SZ,20260930,83.22,83.22,83.23,83.0,13400.0,1114912.0,83.2
300437.SZ,20260930,10.76,10.67,10.77,10.67,15900.0,170008.0,10.69
300438.SZ,20260930,47.53,47.5,47.67,47.3,147550.0,7012426.24,47.53
300439.SZ,20260930,10.15,10.1,10.15,10.1,145000.0,1464711.04,10.1
300440.SZ,20260930,16.55,16.41,16.55,16.31,16000.0,263083.0,16.44
300441.SZ,20260930,7.11,7.12,7.13,7.11,24300.0,173021.0,7.12
300442.SZ,20260930,66.85,66.93,66.99,66.55,281400.0,18819407.36,66.88
300443.SZ,20260930,20.6,20.58,20.79,20.53,122000.0,2510976.96,20.58
300444.SZ,20260930,8.52,8.55,8.55,8.48,97900.0,836599.04,8.55
300445.SZ,20260930,18.78,18.78,18.88,18.78,5700.0,107305.0,18.83
300446.SZ,20260930,12.45,12.45,12.45,12.43,27500.0,342057.0,12.44
300447.SZ,20260930,13.98,13.96,14.02,13.96,9200.0,128724.0,13.99
300448.SZ,20260930,5.48,5.5,5.56,5.48,60100.0,330541.0,5.5
300449.SZ,20260930,6.63,6.65,6.65,6.63,65900.0,438164.0,6.65
300450.SZ,20260930,33.3,33.16,33.4,33.15,1764300.0,58575088.64,33.2
300451.SZ,20260930,3.5,3.5,3.53,3.5,72400.0,254067.0,3.51
300452.SZ,20260930,13.18,13.15,13.2,13.15,11200.0,147550.0,13.17
300453.SZ,20260930,8.99,9.06,9.06,8.99,62800.0,567238.0,9.03
300454.SZ,20260930,140.07,140.52,140.7,139.34,165500.0,23233500.16,140.38
300455.SZ,20260930,16.54,16.46,16.6,16.46,18400.0,303164.0,16.48
300456.SZ,20260930,36.89,37.0,37.0,36.71,371600.0,13742414.08,36.98
300457.SZ,20260930,21.12,21.25,21.25,21.06,282700.0,5990572.16,21.19
300458.SZ,20260930,32.52,32.62,32.63,32.43,186200.0,6070430.72,32.6
300459.SZ,20260930,3.52,3.52,3.53,3.52,169300.0,596243.0,3.52
300460.SZ,20260930,9.11,9.1,9.11,9.1,35200.0,320523.0,9.11
300461.SZ,20260930,36.96,37.11,37.15,36.52,46600.0,1728168.96,37.09
300462.SZ,20260930,11.27,11.21,11.33,11.21,3500.0,39397.0,11.26
300463.SZ,20260930,9.34,9.34,9.34,9.34,4600.0,42964.0,9.34
300464.SZ,20260930,10.65,10.65,10.77,10.58,731300.0,7790350.72,10.65
300465.SZ,20260930,11.21,11.19,11.22,11.19,10000.0,111990.0,11.2
300466.SZ,20260930,7.28,7.29,7.29,7.23,30800.0,224148.0,7.28
300467.SZ,20260930,32.63,32.4,32.63,32.4,4400.0,142583.0,32.41
300468.SZ,20260930,20.95,20.9,20.95,20.85,196800.0,4113992.0,20.9
300469.SZ,20260930,49.66,49.66,49.76,49.41,43100.0,2140451.04,49.66
300470.SZ,20260930,27.03,27.04,27.05,27.03,3300.0,89221.0,27.04
300471.SZ,20260930,9.92,9.92,9.92,9.92,17300.0,171616.0,9.92
300472.SZ,20260930,6.65,6.62,6.65,6.62,5700.0,37752.0,6.62
300473.SZ,20260930,38.0,38.18,38.18,37.9,74800.0,2850578.88,38.11
300474.SZ,20260930,51.8,51.83,51.88,51.65,31800.0,1648332.0,51.83
300475.SZ,20260930,161.33,161.15,161.78,161.15,224000.0,36116707.84,161.24
300476.SZ,20260930,218.2,217.66,219.29,217.66,136753.0,29803814.4,217.94
300477.SZ,20260930,2.65,2.65,2.66,2.65,75600.0,200583.0,2.65
300478.SZ,20260930,32.34,32.78,32.78,32.34,33000.0,1081212.96,32.76
300479.SZ,20260930,15.08,15.04,15.08,15.03,22500.0,338594.0,15.05
300480.SZ,20260930,30.59,30.55,30.61,30.26,74500.0,2275206.08,30.54
300481.SZ,20260930,13.6,13.58,13.6,13.57,142648.0,1937511.36,13.58
300482.SZ,20260930,16.43,16.36,16.43,16.36,34800.0,569704.0,16.37
300483.SZ,20260930,22.62,22.62,22.69,22.6,43800.0,990892.0,22.62
300484.SZ,20260930,13.2,13.15,13.2,13.15,43800.0,576472.0,13.16
300485.SZ,20260930,8.5,8.5,8.5,8.5,15100.0,128350.0,8.5
300486.SZ,20260930,17.47,17.4,17.5,17.4,10100.0,175940.0,17.42
300487.SZ,20260930,67.21,67.38,67.38,66.95,10700.0,720463.04,67.33
300488.SZ,20260930,36.33,36.34,36.34,36.2,8500.0,308669.0,36.31
300489.SZ,20260930,264.74,265.0,265.8,263.08,257700.0,68276623.36,264.95
300490.SZ,20260930,10.68,10.69,10.77,10.66,88700.0,948874.0,10.7
300491.SZ,20260930,35.89,35.8,35.89,35.61,17300.0,619290.0,35.8
300492.SZ,20260930,20.76,20.98,20.98,20.76,30900.0,647677.0,20.96
300493.SZ,20260930,12.96,12.97,12.97,12.9,23900.0,309757.0,12.96
300494.SZ,20260930,8.02,8.01,8.02,8.0,12100.0,96927.0,8.01
300496.SZ,20260930,53.55,53.5,53.64,53.49,28500.0,1526326.08,53.56
300497.SZ,20260930,17.7,17.75,17.84,17.68,358700.0,6370035.2,17.76
300498.SZ,20260930,15.06,15.06,15.08,15.01,75000.0,1128554.0,15.05
300499.SZ,20260930,33.78,33.61,33.8,33.61,50000.0,1684168.96,33.68
300500.SZ,20260930,10.03,10.01,10.09,10.01,47700.0,477726.0,10.02
300501.SZ,20260930,11.0,11.07,11.13,10.97,465100.0,5147436.16,11.07
300502.SZ,20260930,397.0,397.98,398.0,395.17,394000.0,156737935.36,397.81
300503.SZ,20260930,62.54,62.51,62.78,62.31,80300.0,5020988.16,62.53
300504.SZ,20260930,17.62,17.57,17.71,17.57,30000.0,528317.0,17.61
300505.SZ,20260930,18.72,18.72,18.79,18.68,114400.0,2140868.96,18.71
300506.SZ,20260930,4.71,4.72,4.72,4.71,196300.0,925823.04,4.72
300507.SZ,20260930,6.32,6.32,6.32,6.3,89600.0,566122.0,6.32
300508.SZ,20260930,37.0,37.0,37.05,37.0,13400.0,495820.0,37.0
300509.SZ,20260930,9.01,9.01,9.07,9.01,294800.0,2657504.0,9.02
300510.SZ,20260930,3.48,3.5,3.5,3.48,125900.0,440166.0,3.5
300511.SZ,20260930,4.78,4.76,4.79,4.76,78800.0,376117.0,4.77
300512.SZ,20260930,7.55,7.57,7.58,7.55,6300.0,47688.0,7.57
300513.SZ,20260930,7.53,7.48,7.53,7.48,64700.0,485030.0,7.5
300514.SZ,20260930,10.3,10.28,10.32,10.28,22100.0,227391.0,10.29
300515.SZ,20260930,16.28,16.2,16.36,16.2,20800.0,337856.0,16.24
300516.SZ,20260930,34.35,34.34,34.41,34.0,42300.0,1452708.0,34.34
300517.SZ,20260930,11.43,11.42,11.43,11.42,5900.0,67379.0,11.42
300518.SZ,20260930,26.61,26.61,26.8,26.61,36300.0,966904.0,26.64
300519.SZ,20260930,14.83,14.81,14.83,14.8,16300.0,241442.0,14.81
300520.SZ,20260930,23.43,23.36,23.43,23.34,190174.0,4444298.88,23.37
300521.SZ,20260930,24.46,24.46,24.47,24.46,3800.0,92951.0,24.46
300522.SZ,20260930,14.92,14.69,14.93,14.69,85800.0,1266514.0,14.76
300523.SZ,20260930,23.0,23.0,23.02,22.92,95800.0,2203028.96,23.0
300525.SZ,20260930,7.79,7.78,7.79,7.78,6000.0,46701.0,7.78
300527.SZ,20260930,8.15,8.18,8.2,8.09,1418100.0,11594407.68,8.18
300528.SZ,20260930,13.5,13.5,13.6,13.46,65900.0,890128.96,13.51
300529.SZ,20260930,14.95,14.93,15.0,14.93,18200.0,271959.0,14.94
300530.SZ,20260930,19.35,18.9,19.35,18.9,157900.0,2995407.04,18.97
300531.SZ,20260930,15.26,15.24,15.34,15.24,8500.0,129640.0,15.25
300532.SZ,20260930,7.44,7.44,7.47,7.44,27500.0,204664.0,7.44
300533.SZ,20260930,13.94,13.89,13.94,13.89,2000.0,27830.0,13.92
300534.SZ,20260930,12.8,12.82,12.86,12.76,390000.0,5000800.0,12.82
300535.SZ,20260930,16.01,15.98,16.02,15.98,8700.0,139152.0,15.99
300536.SZ,20260930,8.19,8.17,8.19,8.17,6400.0,52290.0,8.17
300537.SZ,20260930,20.53,20.53,20.56,20.52,39900.0,819231.04,20.53
300538.SZ,20260930,14.75,14.75,14.75,14.7,5800.0,85488.0,14.74
300539.SZ,20260930,17.7,17.58,17.7,17.58,4500.0,79366.0,17.64
300540.SZ,20260930,25.45,25.5,25.5,25.4,48100.0,1225055.04,25.47
300541.SZ,20260930,9.37,9.43,9.43,9.37,48500.0,454835.0,9.38
300542.SZ,20260930,12.35,12.35,12.46,12.35,9900.0,122476.0,12.37
300543.SZ,20260930,7.95,7.99,7.99,7.94,3200.0,25559.0,7.99
300545.SZ,20260930,27.0,26.98,27.0,26.88,34600.0,933263.04,26.97
300546.SZ,20260930,16.9,16.83,16.9,16.83,3400.0,57313.0,16.86
300547.SZ,20260930,23.72,23.72,23.74,23.72,27200.0,645446.0,23.73
300548.SZ,20260930,223.2,223.01,223.8,222.6,189800.0,42354316.8,223.15
300549.SZ,20260930,15.28,15.25,15.28,15.25,15500.0,236516.0,15.26
300550.SZ,20260930,14.03,14.02,14.21,14.02,26300.0,369353.0,14.04
300551.SZ,20260930,11.85,11.95,11.95,11.83,37800.0,450148.0,11.91
300552.SZ,20260930,20.26,20.23,20.35,20.23,18100.0,366553.0,20.25
300553.SZ,20260930,59.25,57.82,59.25,57.82,2900.0,168414.0,58.07
300554.SZ,20260930,23.15,23.07,23.2,23.07,23500.0,543267.0,23.12
300555.SZ,20260930,12.18,12.18,12.18,12.18,0.0,0.0,12.18
300556.SZ,20260930,16.26,16.25,16.27,16.21,14700.0,238959.0,16.26
300557.SZ,20260930,24.34,24.35,24.35,24.03,17200.0,418664.0,24.34
300558.SZ,20260930,49.0,49.0,49.2,48.85,85300.0,4178463.04,48.99
300559.SZ,20260930,12.87,12.89,12.89,12.86,12500.0,160896.0,12.87
300560.SZ,20260930,16.16,16.2,16.36,16.15,26600.0,431129.0,16.21
300561.SZ,20260930,14.58,14.59,14.6,14.48,179000.0,2608065.92,14.57
300562.SZ,20260930,15.54,15.48,15.54,15.48,46400.0,719210.0,15.5
300563.SZ,20260930,24.8,24.95,24.99,24.71,66300.0,1652807.04,24.93
300564.SZ,20260930,12.73,12.73,12.73,12.72,17400.0,221419.0,12.73
300565.SZ,20260930,9.88,9.87,9.93,9.87,37000.0,365849.0,9.89
300566.SZ,20260930,24.25,24.13,24.25,24.13,175100.0,4233855.04,24.18
300567.SZ,20260930,200.09,200.21,200.3,200.0,36400.0,7286716.8,200.19
300568.SZ,20260930,16.08,16.1,16.17,16.05,446400.0,7192549.12,16.11
300569.SZ,20260930,5.41,5.43,5.45,5.38,679800.0,3689442.88,5.43
300570.SZ,20260930,218.1,218.0,218.98,217.0,245108.0,53452124.16,218.08
300571.SZ,20260930,28.15,28.04,28.22,28.04,34600.0,972371.04,28.1
300572.SZ,20260930,23.98,24.1,24.1,23.98,11600.0,278854.0,24.04
300573.SZ,20260930,35.73,35.88,35.96,35.69,154337.0,5530309.76,35.83
300575.SZ,20260930,6.13,6.13,6.14,6.13,67200.0,411976.0,6.13
300576.SZ,20260930,27.73,27.72,27.78,27.69,78000.0,2162318.08,27.72
300577.SZ,20260930,18.89,18.93,18.94,18.68,10700.0,202487.0,18.92
300578.SZ,20260930,15.45,15.48,15.51,15.45,30900.0,478486.0,15.49
300579.SZ,20260930,24.15,24.06,24.24,23.96,82900.0,1995923.04,24.08
300580.SZ,20260930,17.96,17.96,17.97,17.92,13300.0,238799.0,17.96
300581.SZ,20260930,10.1,10.1,10.11,10.09,18600.0,187863.0,10.1
300582.SZ,20260930,10.66,10.68,10.68,10.66,26600.0,283954.0,10.68
300583.SZ,20260930,13.64,13.59,13.67,13.59,17700.0,241059.0,13.62
300584.SZ,20260930,31.05,31.0,31.05,30.95,44500.0,1379615.04,31.0
300585.SZ,20260930,14.22,14.23,14.25,14.13,74000.0,1052447.04,14.22
300586.SZ,20260930,8.89,8.84,8.89,8.84,26800.0,237041.0,8.85
300587.SZ,20260930,4.51,4.53,4.53,4.5,25900.0,117267.0,4.53
300588.SZ,20260930,21.2,21.2,21.2,21.2,13100.0,277720.0,21.2
300589.SZ,20260930,13.9,13.81,13.92,13.81,260200.0,3600880.0,13.84
300590.SZ,20260930,11.36,11.33,11.37,11.33,136500.0,1547975.04,11.34
300591.SZ,20260930,6.28,6.29,6.31,6.26,90800.0,571050.0,6.29
300592.SZ,20260930,19.25,19.3,19.34,19.25,15600.0,300936.0,19.29
300593.SZ,20260930,29.71,29.65,29.8,29.65,98900.0,2933117.12,29.66
300594.SZ,20260930,15.36,15.36,15.36,15.36,6500.0,99840.0,15.36
300595.SZ,20260930,10.05,10.06,10.07,10.01,35400.0,356151.0,10.06
300596.SZ,20260930,39.0,39.01,39.01,39.0,2500.0,97513.0,39.01
300597.SZ,20260930,8.13,8.1,8.13,8.1,43800.0,355091.0,8.11
300598.SZ,20260930,30.61,30.6,30.7,30.56,13000.0,397829.0,30.6
300599.SZ,20260930,14.3,14.2,14.34,14.2,299000.0,4255520.0,14.23
300600.SZ,20260930,10.26,10.26,10.26,10.26,1800.0,18468.0,10.26
300601.SZ,20260930,12.86,12.86,12.87,12.8,45100.0,579819.0,12.86
300602.SZ,20260930,36.28,36.3,36.47,36.19,67900.0,2464839.04,36.3
300603.SZ,20260930,8.0,8.0,8.02,7.95,101900.0,815270.0,8.0
300604.SZ,20260930,248.35,248.03,249.03,248.03,140584.0,34889359.36,248.17
300605.SZ,20260930,10.64,10.62,10.68,10.62,87200.0,926942.0,10.63
300606.SZ,20260930,33.12,33.45,33.45,33.12,49600.0,1656443.04,33.4
300607.SZ,20260930,30.8,30.98,30.99,30.78,132300.0,4095030.08,30.95
300608.SZ,20260930,9.98,9.96,10.02,9.96,40100.0,400224.0,9.98
300609.SZ,20260930,24.25,24.21,24.44,24.21,16300.0,395272.0,24.25
300610.SZ,20260930,10.46,10.46,10.46,10.41,6100.0,63746.0,10.45
300611.SZ,20260930,28.16,27.79,28.18,27.79,3900.0,108763.0,27.89
300612.SZ,20260930,12.46,12.49,12.5,12.43,42000.0,524138.0,12.48
300613.SZ,20260930,83.5,83.55,83.78,83.0,133100.0,11114850.56,83.51
300614.SZ,20260930,10.61,10.59,10.64,10.54,24100.0,255391.0,10.6
300615.SZ,20260930,13.43,13.45,13.48,13.43,43200.0,581350.0,13.46
300616.SZ,20260930,11.08,11.07,11.2,11.07,165500.0,1837216.0,11.1
300617.SZ,20260930,34.9,34.95,34.95,34.53,16900.0,590053.0,34.91
300618.SZ,20260930,30.42,30.41,30.51,30.41,15900.0,483841.0,30.43
300619.SZ,20260930,24.1,24.05,24.2,24.05,50870.0,1225322.0,24.09
300620.SZ,20260930,264.03,264.01,264.16,262.0,63200.0,16679907.84,263.92
300621.SZ,20260930,7.28,7.28,7.28,7.27,122700.0,892568.0,7.27
300622.SZ,20260930,14.9,14.9,14.9,14.81,17600.0,262126.0,14.89
300623.SZ,20260930,32.99,32.9,32.99,32.9,157600.0,5187858.88,32.92
300624.SZ,20260930,49.32,49.52,49.52,49.2,77600.0,3835672.96,49.43
300625.SZ,20260930,10.17,10.19,10.2,10.16,32600.0,332207.0,10.19
300626.SZ,20260930,29.73,29.61,29.73,29.58,16000.0,473990.0,29.62
300627.SZ,20260930,26.2,26.26,26.33,26.16,36400.0,955835.6,26.26
300628.SZ,20260930,40.26,40.3,40.44,40.02,50400.0,2030691.04,40.29
300629.SZ,20260930,18.09,18.08,18.13,18.08,49300.0,891991.04,18.09
300631.SZ,20260930,21.58,21.58,21.58,21.46,11900.0,256599.0,21.56
300632.SZ,20260930,18.32,18.23,18.32,18.23,160000.0,2918760.0,18.24
300633.SZ,20260930,19.45,19.51,19.51,19.45,3600.0,70230.0,19.51
300634.SZ,20260930,21.05,21.1,21.15,21.01,114600.0,2417766.08,21.1
300635.SZ,20260930,12.1,12.09,12.15,12.09,28900.0,349565.0,12.1
300636.SZ,20260930,7.12,7.09,7.12,7.09,66400.0,470929.0,7.09
300637.SZ,20260930,9.5,9.5,9.5,9.5,25000.0,237500.0,9.5
300638.SZ,20260930,19.92,19.91,20.02,19.85,58700.0,1169120.96,19.92
300639.SZ,20260930,6.2,6.22,6.25,6.2,11400.0,70940.0,6.22
300640.SZ,20260930,6.38,6.35,6.39,6.35,116100.0,738112.0,6.36
300641.SZ,20260930,12.93,12.93,12.93,12.93,13800.0,178434.0,12.93
300642.SZ,20260930,20.03,20.05,20.15,19.89,850300.0,17056995.84,20.06
300643.SZ,20260930,18.36,18.41,18.41,18.36,44900.0,826272.0,18.4
300644.SZ,20260930,21.16,21.15,21.18,21.15,4400.0,93068.0,21.15
300645.SZ,20260930,14.17,14.09,14.17,14.09,23000.0,324363.0,14.1
300647.SZ,20260930,9.77,9.83,9.83,9.75,1241800.0,12187948.8,9.81
300648.SZ,20260930,38.38,38.17,38.38,38.17,6000.0,229062.0,38.18
300649.SZ,20260930,26.88,27.02,27.02,26.88,9900.0,267458.0,27.02
300650.SZ,20260930,12.27,12.29,12.29,12.26,9500.0,116610.0,12.28
300651.SZ,20260930,16.09,16.09,16.09,16.08,5400.0,86885.0,16.09
300652.SZ,20260930,27.8,27.75,27.85,27.75,12800.0,355316.0,27.76
300653.SZ,20260930,15.81,15.81,15.88,15.8,7300.0,115499.0,15.82
300654.SZ,20260930,9.62,9.67,9.67,9.52,74900.0,718188.0,9.59
300655.SZ,20260930,12.77,12.76,12.8,12.76,220741.0,2818846.4,12.77
300656.SZ,20260930,29.88,29.73,30.22,29.73,57800.0,1724876.0,29.84
300657.SZ,20260930,34.3,34.24,34.36,34.2,115423.0,3955318.72,34.27
300658.SZ,20260930,10.5,10.5,10.52,10.5,60100.0,631281.0,10.5
300659.SZ,20260930,11.3,11.27,11.34,11.27,225100.0,2538844.0,11.28
300660.SZ,20260930,23.67,23.51,23.67,23.51,3900.0,91953.0,23.58
300661.SZ,20260930,113.0,112.98,114.3,112.2,74500.0,8413696.0,112.94
300662.SZ,20260930,20.8,20.79,20.81,20.65,20300.0,422029.0,20.79
300663.SZ,20260930,7.55,7.57,7.57,7.46,124300.0,939643.04,7.56
300664.SZ,20260930,4.63,4.61,4.64,4.61,22200.0,102689.0,4.63
300665.SZ,20260930,8.8,8.8,8.83,8.8,38900.0,342558.0,8.81
300666.SZ,20260930,231.74,231.67,232.56,231.55,44673.0,10352496.0,231.74
300667.SZ,20260930,14.96,15.0,15.0,14.84,16600.0,248497.0,14.97
300668.SZ,20260930,31.07,31.0,31.19,31.0,12300.0,381660.0,31.03
300669.SZ,20260930,24.72,24.78,24.78,24.72,3700.0,91662.0,24.77
300670.SZ,20260930,7.5,7.53,7.55,7.49,176900.0,1331278.0,7.53
300671.SZ,20260930,59.47,59.73,59.86,59.13,149200.0,8894120.96,59.61
300672.SZ,20260930,186.07,186.23,186.99,185.77,79600.0,14829382.4,186.3
300673.SZ,20260930,14.93,14.93,14.93,14.88,500.0,7455.0,14.91
300674.SZ,20260930,16.08,16.1,16.1,16.01,64000.0,1029632.96,16.09
300675.SZ,20260930,14.01,14.05,14.15,14.01,822200.0,11563395.84,14.06
300676.SZ,20260930,44.0,43.92,44.17,43.92,42100.0,1851299.04,43.97
300677.SZ,20260930,49.28,49.26,49.7,49.25,19200.0,947266.0,49.34
300678.SZ,20260930,21.0,21.1,21.1,21.0,7100.0,149699.0,21.08
300679.SZ,20260930,41.41,41.21,41.46,41.21,30200.0,1246784.0,41.28
300680.SZ,20260930,20.26,20.31,20.31,20.25,13100.0,265938.0,20.3
300681.SZ,20260930,22.0,21.95,22.0,21.88,102500.0,2250468.96,21.96
300682.SZ,20260930,8.66,8.67,8.68,8.64,78800.0,682718.0,8.66
300683.SZ,20260930,25.04,24.99,25.13,24.99,23900.0,597605.0,25.0
300684.SZ,20260930,109.28,108.09,109.53,108.08,288300.0,31251886.08,108.4
300685.SZ,20260930,20.9,20.9,21.0,20.9,48000.0,1003810.0,20.91
300686.SZ,20260930,14.53,14.61,14.95,14.53,114600.0,1674939.04,14.62
300687.SZ,20260930,29.18,29.0,29.18,29.0,77900.0,2263119.04,29.05
300688.SZ,20260930,34.5,34.54,34.7,34.5,74900.0,2588020.96,34.55
300689.SZ,20260930,61.21,61.88,61.88,61.21,50900.0,3145040.0,61.79
300690.SZ,20260930,25.92,25.95,25.99,25.8,320500.0,8310483.2,25.93
300691.SZ,20260930,20.9,20.64,21.1,20.64,255400.0,5300544.96,20.75
300692.SZ,20260930,8.84,8.84,8.84,8.83,33300.0,294367.0,8.84
300693.SZ,20260930,36.41,36.48,36.55,36.41,34300.0,1251352.0,36.48
300694.SZ,20260930,10.78,10.78,10.78,10.78,2900.0,31262.0,10.78
300695.SZ,20260930,50.46,50.46,51.23,50.41,7800.0,393988.0,50.51
300696.SZ,20260930,20.59,20.58,20.61,20.56,47300.0,973780.0,20.59
300697.SZ,20260930,14.26,14.25,14.27,14.25,35900.0,511775.0,14.26
300698.SZ,20260930,27.25,27.28,27.29,27.25,10300.0,280974.0,27.28
300699.SZ,20260930,22.69,22.69,22.75,22.69,17800.0,404016.0,22.7
300700.SZ,20260930,17.2,17.18,17.32,17.18,44585.0,769358.32,17.26
300701.SZ,20260930,10.12,10.1,10.16,10.1,47700.0,482105.0,10.11
300702.SZ,20260930,21.9,22.01,22.01,21.86,45400.0,998655.04,22.0
300703.SZ,20260930,14.14,14.15,14.15,13.97,82200.0,1162695.04,14.15
300705.SZ,20260930,10.71,10.71,10.75,10.71,56200.0,602126.0,10.71
300706.SZ,20260930,48.5,48.59,48.6,48.3,49700.0,2413144.0,48.55
300707.SZ,20260930,12.26,12.21,12.28,12.21,37500.0,458363.0,12.22
300708.SZ,20260930,9.39,9.36,9.45,9.36,543100.0,5092525.12,9.38
300709.SZ,20260930,35.4,35.4,35.4,35.12,17100.0,604856.0,35.37
300710.SZ,20260930,30.02,30.35,30.35,30.02,4200.0,126743.0,30.18
300711.SZ,20260930,17.3,17.41,17.5,17.3,145900.0,2540208.0,17.41
300712.SZ,20260930,20.05,20.04,20.05,20.02,3600.0,72115.0,20.03
300713.SZ,20260930,14.6,14.56,14.7,14.51,188600.0,2746982.08,14.57
300715.SZ,20260930,13.88,13.88,13.9,13.87,29900.0,415123.0,13.88
300716.SZ,20260930,17.62,17.62,17.62,17.59,1100.0,19367.0,17.61
300717.SZ,20260930,20.01,19.88,20.22,19.88,36900.0,736010.0,19.95
300718.SZ,20260930,54.4,54.38,54.85,54.27,150095.0,8164042.24,54.39
300719.SZ,20260930,11.95,11.95,11.95,11.88,19300.0,230345.0,11.94
300720.SZ,20260930,57.66,57.92,57.92,57.66,71000.0,4108792.96,57.87
300721.SZ,20260930,20.61,20.55,20.7,20.55,108800.0,2237300.0,20.56
300722.SZ,20260930,21.19,21.27,21.27,21.08,50000.0,1061869.84,21.24
300723.SZ,20260930,32.51,32.47,32.51,32.47,22300.0,724288.96,32.48
300724.SZ,20260930,54.02,54.05,54.05,53.93,33800.0,1826272.0,54.03
300725.SZ,20260930,52.5,52.91,52.92,52.33,348300.0,18395658.24,52.82
300726.SZ,20260930,53.48,53.78,53.78,53.48,68400.0,3673872.32,53.71
300727.SZ,20260930,33.5,33.76,33.78,33.5,71800.0,2419580.96,33.7
300729.SZ,20260930,11.25,11.28,11.32,11.25,12400.0,139836.0,11.28
300730.SZ,20260930,11.81,11.77,11.81,11.73,21500.0,253016.0,11.77
300731.SZ,20260930,45.14,45.22,45.26,45.0,30800.0,1392299.04,45.21
300732.SZ,20260930,5.93,5.9,5.93,5.9,21100.0,124855.0,5.92
300733.SZ,20260930,12.8,12.71,12.8,12.71,51400.0,657491.68,12.79
300735.SZ,20260930,17.91,18.0,18.0,17.91,65200.0,1172954.0,17.99
300736.SZ,20260930,34.45,34.47,34.61,34.38,66000.0,2275294.08,34.47
300737.SZ,20260930,4.61,4.58,4.61,4.58,413200.0,1894724.0,4.59
300738.SZ,20260930,18.72,18.7,18.75,18.69,77700.0,1453427.04,18.71
300739.SZ,20260930,29.74,29.81,29.89,29.61,124700.0,3717913.92,29.82
300740.SZ,20260930,20.86,20.8,20.9,20.72,217700.0,4530473.92,20.81
300741.SZ,20260930,25.55,25.67,25.7,25.5,433300.0,11115674.88,25.65
300743.SZ,20260930,14.65,14.65,14.65,14.64,10700.0,156715.0,14.65
300745.SZ,20260930,26.76,26.65,26.88,26.65,46500.0,1240288.0,26.67
300746.SZ,20260930,16.58,16.66,16.66,16.51,417100.0,6933589.12,16.62
300747.SZ,20260930,36.89,36.9,36.9,36.71,121200.0,4470143.04,36.88
300748.SZ,20260930,24.12,24.12,24.13,24.1,99036.0,2388643.04,24.12
300749.SZ,20260930,22.36,22.25,22.36,22.25,8500.0,189205.0,22.26
300750.SZ,20260930,289.02,290.0,290.0,288.0,618300.0,179200000.0,289.83
300751.SZ,20260930,182.99,182.14,182.99,182.13,13700.0,2498088.96,182.34
300752.SZ,20260930,13.16,13.17,13.18,13.11,27200.0,358212.0,13.17
300753.SZ,20260930,20.67,20.67,20.85,20.67,500.0,10401.0,20.8
300755.SZ,20260930,11.16,11.1,11.16,11.1,15500.0,172204.0,11.11
300756.SZ,20260930,29.91,29.78,30.08,29.78,19200.0,572246.0,29.8
300757.SZ,20260930,531.12,530.0,532.5,530.0,40200.0,21319932.16,530.35
300758.SZ,20260930,11.13,11.12,11.16,11.12,12800.0,142369.0,11.12
300759.SZ,20260930,42.99,43.17,43.2,42.97,373400.0,16109640.96,43.14
300760.SZ,20260930,158.55,158.2,158.9,158.2,60200.0,9530439.04,158.31
300761.SZ,20260930,20.87,20.87,20.95,20.87,7200.0,150329.0,20.88
300762.SZ,20260930,25.23,25.23,25.27,25.05,122600.0,3092376.0,25.22
300763.SZ,20260930,52.95,53.0,53.18,52.85,90500.0,4796431.04,53.0
300765.SZ,20260930,44.16,44.18,44.18,43.73,55200.0,2431854.08,44.06
300766.SZ,20260930,21.61,21.7,21.74,21.59,258000.0,5594026.88,21.68
300767.SZ,20260930,19.81,19.89,19.89,19.78,52600.0,1045563.04,19.88
300768.SZ,20260930,15.19,15.1,15.19,15.1,95700.0,1446006.08,15.11
300769.SZ,20260930,39.4,39.3,39.4,39.27,117400.0,4615414.08,39.31
300770.SZ,20260930,34.15,34.2,34.2,34.1,135800.0,4640309.12,34.17
300771.SZ,20260930,11.48,11.42,11.48,11.42,12500.0,143228.0,11.46
300772.SZ,20260930,9.89,9.89,9.94,9.87,348100.0,3443263.04,9.89
300773.SZ,20260930,14.55,14.55,14.55,14.51,134800.0,1960751.04,14.55
300774.SZ,20260930,9.82,9.77,9.82,9.77,10000.0,98157.0,9.82
300775.SZ,20260930,20.08,20.08,20.09,20.08,32500.0,652616.0,20.08
300776.SZ,20260930,128.2,128.0,128.5,127.27,139000.0,17795888.64,128.03
300777.SZ,20260930,20.28,20.29,20.29,20.24,29700.0,602519.0,20.29
300778.SZ,20260930,11.18,11.13,11.19,11.13,110100.0,1226254.0,11.14
300779.SZ,20260930,51.08,51.02,51.08,50.99,27100.0,1382884.0,51.03
300780.SZ,20260930,19.3,19.21,19.3,19.18,13500.0,259755.0,19.24
300781.SZ,20260930,27.88,27.87,27.98,27.87,47100.0,1313546.0,27.89
300782.SZ,20260930,71.0,71.03,71.38,70.09,179000.0,12679347.2,70.83
300783.SZ,20260930,16.37,16.35,16.37,16.35,19300.0,315572.0,16.35
300784.SZ,20260930,43.3,43.3,43.41,43.3,13500.0,584713.0,43.31
300785.SZ,20260930,37.12,37.41,37.66,37.12,522100.0,19518556.16,37.38
300786.SZ,20260930,14.47,14.48,14.49,14.39,18700.0,270462.0,14.46
300787.SZ,20260930,11.9,11.96,11.97,11.9,94000.0,1124122.0,11.96
300788.SZ,20260930,30.41,30.2,30.49,30.2,289000.0,8740213.12,30.24
300789.SZ,20260930,16.21,16.19,16.23,16.18,15200.0,246125.0,16.19
300790.SZ,20260930,18.45,18.46,18.64,18.36,394200.0,7285168.0,18.48
300791.SZ,20260930,17.75,17.7,17.75,17.7,21000.0,371745.0,17.7
300792.SZ,20260930,24.78,24.71,24.85,24.71,72000.0,1779955.04,24.72
300793.SZ,20260930,11.91,11.93,11.93,11.88,39100.0,466053.0,11.92
300795.SZ,20260930,12.99,12.88,13.0,12.88,156400.0,2018596.96,12.91
300796.SZ,20260930,6.94,6.94,6.94,6.92,18700.0,129708.0,6.94
300797.SZ,20260930,13.21,13.24,13.24,13.21,14400.0,190552.0,13.23
300798.SZ,20260930,8.48,8.43,8.55,8.43,130000.0,1097520.0,8.44
300800.SZ,20260930,10.8,10.78,10.82,10.72,29800.0,321187.0,10.78
300801.SZ,20260930,21.49,21.29,21.49,21.29,24900.0,532152.0,21.37
300802.SZ,20260930,24.75,24.61,24.75,24.61,17900.0,440967.0,24.64
300803.SZ,20260930,54.91,54.83,55.0,54.83,65830.0,3613207.68,54.89
300804.SZ,20260930,49.1,49.26,49.7,49.01,34600.0,1704936.0,49.28
300805.SZ,20260930,8.86,8.88,8.9,8.82,168600.0,1496672.0,8.88
300806.SZ,20260930,49.44,49.31,49.5,49.2,106600.0,5259864.0,49.34
300807.SZ,20260930,35.6,35.73,35.73,35.6,1100.0,39238.0,35.67
300808.SZ,20260930,20.28,20.29,20.3,20.28,2400.0,48694.0,20.29
300809.SZ,20260930,24.05,23.99,24.15,23.99,12600.0,302764.0,24.03
300810.SZ,20260930,24.58,24.58,24.58,24.58,1800.0,44244.0,24.58
300811.SZ,20260930,80.91,81.03,81.08,80.85,30400.0,2463111.04,81.02
300812.SZ,20260930,19.29,19.19,19.29,19.19,1500.0,28847.0,19.23
300813.SZ,20260930,22.6,22.45,22.6,22.29,15000.0,336485.0,22.43
300814.SZ,20260930,128.11,128.0,128.88,128.0,37900.0,4856435.84,128.14
300815.SZ,20260930,15.11,15.12,15.12,15.11,12700.0,192005.0,15.12
300816.SZ,20260930,58.49,58.98,59.0,58.49,3500.0,206332.0,58.95
300817.SZ,20260930,17.08,17.04,17.08,17.04,142500.0,2428923.04,17.05
300818.SZ,20260930,16.16,16.16,16.16,16.16,300.0,4848.0,16.16
300819.SZ,20260930,45.29,45.0,45.45,45.0,10800.0,487985.0,45.18
300820.SZ,20260930,67.27,67.3,67.41,67.12,23900.0,1607956.0,67.28
300821.SZ,20260930,14.57,14.57,14.6,14.57,192800.0,2809856.0,14.57
300822.SZ,20260930,11.47,11.49,11.49,11.47,30100.0,345743.0,11.49
300823.SZ,20260930,14.96,14.96,14.96,14.94,36300.0,542824.0,14.95
300824.SZ,20260930,8.24,8.21,8.26,8.21,142400.0,1170416.96,8.22
300825.SZ,20260930,11.57,11.5,11.65,11.5,90900.0,1048455.04,11.53
300826.SZ,20260930,15.1,15.1,15.29,15.09,10400.0,157523.0,15.15
300827.SZ,20260930,24.65,24.66,24.66,24.53,26500.0,652869.0,24.64
300828.SZ,20260930,17.85,17.71,17.85,17.71,28800.0,511353.0,17.75
300829.SZ,20260930,22.97,22.97,23.19,22.9,493100.0,11332058.88,22.98
300830.SZ,20260930,8.08,8.06,8.11,8.06,85600.0,690476.0,8.07
300831.SZ,20260930,13.5,13.48,13.5,13.48,7600.0,102468.0,13.48
300832.SZ,20260930,49.54,49.71,49.71,49.4,8100.0,402035.0,49.63
300833.SZ,20260930,44.46,44.68,44.7,43.84,7300.0,324904.0,44.51
300834.SZ,20260930,38.0,38.37,38.37,38.0,2000.0,76222.0,38.11
300835.SZ,20260930,194.0,193.81,195.0,193.81,24300.0,4714965.12,194.03
300836.SZ,20260930,53.83,53.83,53.95,53.64,18500.0,996100.0,53.84
300837.SZ,20260930,22.65,22.75,22.75,22.65,4100.0,93215.0,22.74
300838.SZ,20260930,14.69,14.66,14.78,14.66,15300.0,224638.0,14.68
300839.SZ,20260930,12.72,12.72,12.75,12.71,71700.0,912106.0,12.72
300840.SZ,20260930,18.66,18.61,18.67,18.6,24100.0,448755.0,18.62
300841.SZ,20260930,55.59,56.0,56.0,55.06,31600.0,1761911.04,55.76
300842.SZ,20260930,60.38,60.8,60.8,60.38,17200.0,1043766.0,60.68
300843.SZ,20260930,120.67,121.39,121.39,120.36,79204.0,9597022.08,121.17
300844.SZ,20260930,25.0,24.99,25.12,24.99,37600.0,940152.0,25.0
300845.SZ,20260930,14.47,14.48,14.48,14.46,6400.0,92640.0,14.48
300846.SZ,20260930,18.98,18.84,18.98,18.84,75200.0,1418919.04,18.87
300847.SZ,20260930,14.49,14.45,14.49,14.4,21400.0,309457.0,14.46
300848.SZ,20260930,11.09,11.1,11.1,11.0,1900.0,21060.0,11.08
300849.SZ,20260930,21.39,21.47,21.47,21.39,2600.0,55708.0,21.43
300850.SZ,20260930,31.35,31.33,31.42,31.21,615000.0,19271549.44,31.34
300851.SZ,20260930,25.2,25.17,25.2,25.17,11200.0,281969.0,25.18
300852.SZ,20260930,75.55,75.6,75.8,75.0,234300.0,17698786.56,75.54
300853.SZ,20260930,29.81,29.81,30.01,29.81,18200.0,543297.0,29.85
300854.SZ,20260930,15.28,15.31,15.34,15.23,9780.0,149590.0,15.3
300855.SZ,20260930,33.82,33.89,33.89,33.82,4300.0,145694.0,33.88
300856.SZ,20260930,10.38,10.39,10.42,10.3,12900.0,134065.0,10.39
300857.SZ,20260930,253.0,254.0,254.2,251.71,238100.0,60409077.76,253.71
300858.SZ,20260930,15.02,14.72,15.02,14.72,40900.0,608588.0,14.88
300859.SZ,20260930,22.99,22.93,22.99,22.93,14300.0,328173.0,22.95
300860.SZ,20260930,29.5,28.92,29.5,28.92,9500.0,278068.0,29.27
300861.SZ,20260930,15.32,15.28,15.32,15.28,47089.0,719766.0,15.29
300862.SZ,20260930,46.63,46.45,46.78,46.45,303430.0,14103648.0,46.48
300863.SZ,20260930,37.87,37.86,38.1,37.86,26600.0,1008363.04,37.91
300864.SZ,20260930,24.96,24.7,24.96,24.7,18600.0,459514.0,24.71
300865.SZ,20260930,29.22,29.16,29.22,29.16,11200.0,326749.0,29.17
300866.SZ,20260930,125.0,125.0,125.18,123.85,17300.0,2161236.0,124.93
300867.SZ,20260930,16.88,16.8,16.9,16.8,13000.0,218805.0,16.83
300868.SZ,20260930,76.34,76.83,76.83,76.3,19600.0,1503968.96,76.73
300869.SZ,20260930,11.34,11.34,11.35,11.28,94200.0,1068132.96,11.34
300870.SZ,20260930,183.0,183.0,183.51,182.7,17900.0,3276268.16,183.03
300871.SZ,20260930,20.61,20.72,20.72,20.6,2500.0,51542.0,20.62
300872.SZ,20260930,15.23,15.23,15.26,15.23,41400.0,630890.0,15.24
300873.SZ,20260930,14.75,14.76,15.0,14.7,91700.0,1362100.96,14.85
300875.SZ,20260930,31.86,31.96,31.96,31.8,11900.0,379920.0,31.93
300876.SZ,20260930,15.69,15.61,15.7,15.61,39400.0,615189.0,15.61
300877.SZ,20260930,27.15,27.37,27.37,27.15,17700.0,483991.0,27.34
300878.SZ,20260930,29.3,30.17,30.17,29.3,10000.0,301352.0,30.14
300879.SZ,20260930,17.51,17.5,17.51,17.42,52500.0,918275.04,17.49
300880.SZ,20260930,18.28,18.28,18.28,18.28,4200.0,76776.0,18.28
300881.SZ,20260930,29.66,30.0,30.0,29.66,2800.0,83452.0,29.8
300882.SZ,20260930,13.28,13.28,13.31,13.25,10800.0,143476.0,13.29
300883.SZ,20260930,6.48,6.44,6.48,6.44,9600.0,62040.0,6.46
300884.SZ,20260930,11.96,11.95,12.0,11.95,30700.0,367151.0,11.96
300885.SZ,20260930,18.63,18.61,18.72,18.6,23400.0,435772.0,18.62
300886.SZ,20260930,24.06,24.06,24.14,24.06,13300.0,320275.0,24.08
300887.SZ,20260930,7.03,7.02,7.04,7.01,75000.0,526661.0,7.02
300888.SZ,20260930,29.04,29.04,29.04,28.81,6800.0,197398.0,29.03
300889.SZ,20260930,22.14,22.06,22.22,22.06,57500.0,1269356.96,22.08
300890.SZ,20260930,27.04,27.0,27.18,27.0,303700.0,8207523.84,27.03
300891.SZ,20260930,7.65,7.67,7.7,7.62,205200.0,1571084.32,7.66
300892.SZ,20260930,22.61,22.5,22.66,22.49,14700.0,331773.0,22.57
300893.SZ,20260930,12.81,12.76,12.85,12.76,89200.0,1139838.0,12.78
300894.SZ,20260930,10.14,10.15,10.18,10.14,37100.0,376636.0,10.15
300895.SZ,20260930,59.08,59.08,59.2,59.0,35300.0,2085542.08,59.08
300896.SZ,20260930,91.8,91.71,91.93,91.71,32800.0,3009976.96,91.77
300897.SZ,20260930,16.78,16.7,16.78,16.7,26800.0,447840.0,16.71
300898.SZ,20260930,20.17,20.18,20.24,20.12,8800.0,177572.0,20.18
300899.SZ,20260930,30.7,30.67,30.76,30.67,4800.0,147275.0,30.68
300900.SZ,20260930,22.16,22.1,22.17,22.1,48100.0,1063939.04,22.12
300901.SZ,20260930,16.84,16.84,16.84,16.83,900.0,15149.0,16.83
300902.SZ,20260930,18.35,18.21,18.41,18.21,20000.0,365640.0,18.28
300903.SZ,20260930,96.68,96.16,96.89,96.16,134700.0,12977771.52,96.35
300904.SZ,20260930,47.88,47.91,47.98,47.8,103900.0,4976170.88,47.89
300905.SZ,20260930,38.29,38.44,38.44,38.08,172900.0,6634561.92,38.37
300906.SZ,20260930,28.73,28.73,28.73,28.73,1600.0,45968.0,28.73
300907.SZ,20260930,52.0,51.98,52.8,51.9,16200.0,844947.04,52.16
300908.SZ,20260930,16.9,16.89,16.9,16.89,19753.0,333748.1,16.9
300909.SZ,20260930,66.71,66.43,66.79,66.43,48600.0,3232304.0,66.51
300910.SZ,20260930,28.11,28.09,28.11,28.08,24810.0,697019.84,28.09
300911.SZ,20260930,32.22,32.11,32.79,32.11,84900.0,2730362.88,32.16
300912.SZ,20260930,19.69,19.72,19.81,19.69,12000.0,236786.0,19.73
300913.SZ,20260930,36.64,36.63,36.79,36.59,81100.0,2971608.0,36.64
300915.SZ,20260930,23.33,23.35,23.37,23.32,12500.0,291839.0,23.35
300916.SZ,20260930,27.49,27.51,27.51,27.47,15300.0,420860.0,27.51
300917.SZ,20260930,32.88,33.45,33.99,32.86,2304700.0,76915624.96,33.37
300918.SZ,20260930,10.7,10.7,10.7,10.68,10800.0,115558.0,10.7
300919.SZ,20260930,37.26,37.09,37.26,37.07,55500.0,2059096.0,37.1
300920.SZ,20260930,30.99,30.96,31.0,30.96,9700.0,300560.0,30.99
300921.SZ,20260930,16.3,16.3,16.35,16.28,40500.0,660231.0,16.3
300922.SZ,20260930,17.16,17.16,17.3,17.16,8600.0,147985.0,17.21
300923.SZ,20260930,24.09,24.1,24.17,24.08,16300.0,392869.0,24.1
300925.SZ,20260930,13.9,13.93,13.99,13.9,9400.0,130971.0,13.93
300926.SZ,20260930,15.94,15.96,15.96,15.94,18600.0,296824.0,15.96
300927.SZ,20260930,26.63,26.3,26.63,26.3,26100.0,691487.04,26.49
300928.SZ,20260930,24.96,24.99,24.99,24.93,36400.0,909184.0,24.98
300929.SZ,20260930,16.03,15.95,16.03,15.94,12800.0,204138.0,15.95
300930.SZ,20260930,26.2,25.97,26.2,25.97,2100.0,54652.0,26.03
300931.SZ,20260930,17.47,17.5,17.65,17.35,333100.0,5832032.0,17.51
300932.SZ,20260930,11.07,11.09,11.13,11.07,73700.0,817470.0,11.09
300933.SZ,20260930,6.52,6.53,6.53,6.46,24300.0,157958.0,6.5
300935.SZ,20260930,27.73,27.78,28.0,27.72,14800.0,411204.0,27.78
300936.SZ,20260930,73.61,73.39,73.76,73.39,6600.0,484982.0,73.48
300937.SZ,20260930,24.13,24.09,24.28,24.09,11200.0,270292.0,24.13
300938.SZ,20260930,31.32,31.38,31.38,31.0,43200.0,1354320.0,31.35
300939.SZ,20260930,100.88,101.69,101.96,100.88,59100.0,5997171.2,101.48
300940.SZ,20260930,13.69,13.67,13.7,13.67,10300.0,140939.0,13.68
300941.SZ,20260930,15.26,15.23,15.3,15.16,10400.0,158252.0,15.22
300942.SZ,20260930,6.6,6.61,6.61,6.6,12400.0,81945.0,6.61
300943.SZ,20260930,33.5,33.5,33.59,33.1,153700.0,5145320.96,33.48
300945.SZ,20260930,11.34,11.3,11.34,11.3,28700.0,324599.0,11.31
300946.SZ,20260930,36.93,37.0,37.0,36.93,2000.0,73965.0,36.98
300947.SZ,20260930,15.63,15.71,15.8,15.46,248900.0,3899532.16,15.67
300948.SZ,20260930,18.0,18.0,18.0,17.88,6200.0,111568.0,18.0
300949.SZ,20260930,24.45,24.45,24.6,24.37,34500.0,843588.96,24.45
300950.SZ,20260930,20.66,20.31,20.66,20.3,15100.0,307728.0,20.38
300951.SZ,20260930,78.94,78.93,79.0,78.69,21300.0,1681191.04,78.93
300952.SZ,20260930,16.71,16.71,16.71,16.51,28200.0,470434.0,16.68
300953.SZ,20260930,93.05,93.73,93.75,93.05,26200.0,2454425.92,93.68
300955.SZ,20260930,27.96,27.91,27.96,27.91,5000.0,139671.0,27.93
300956.SZ,20260930,11.7,11.73,11.73,11.56,207400.0,2426614.08,11.7
300957.SZ,20260930,32.2,32.19,32.28,32.18,56000.0,1802911.04,32.2
300958.SZ,20260930,12.6,12.6,12.65,12.6,36100.0,455147.0,12.61
300959.SZ,20260930,90.66,90.66,90.99,90.64,21200.0,1923302.08,90.72
300960.SZ,20260930,19.35,19.42,19.53,19.35,30600.0,593765.0,19.4
300961.SZ,20260930,12.3,12.13,12.3,12.13,62100.0,756144.0,12.18
300962.SZ,20260930,12.98,12.98,12.98,12.98,2700.0,35046.0,12.98
300963.SZ,20260930,10.87,10.92,10.92,10.7,30200.0,328506.0,10.88
300964.SZ,20260930,74.8,74.31,74.95,74.31,23400.0,1742284.0,74.46
300965.SZ,20260930,42.78,42.57,42.79,42.57,4000.0,170614.0,42.65
300966.SZ,20260930,25.76,25.88,25.88,25.46,23500.0,605561.0,25.77
300967.SZ,20260930,16.0,15.96,16.0,15.96,11800.0,188336.0,15.96
300968.SZ,20260930,9.7,9.7,9.73,9.68,20700.0,200763.0,9.7
300969.SZ,20260930,75.24,75.6,75.6,75.0,2400.0,180943.0,75.39
300970.SZ,20260930,17.18,17.14,17.3,17.14,62300.0,1069372.96,17.17
300971.SZ,20260930,17.88,17.8,17.89,17.8,6600.0,117872.0,17.86
300972.SZ,20260930,150.2,148.2,150.5,148.2,25500.0,3785359.04,148.45
300973.SZ,20260930,25.52,25.5,25.55,25.5,11300.0,288267.0,25.51
300975.SZ,20260930,24.3,24.3,24.35,24.2,159200.0,3868844.16,24.3
300976.SZ,20260930,59.35,59.53,59.55,59.29,5500.0,326993.0,59.45
300977.SZ,20260930,19.22,19.63,19.67,19.22,154900.0,3034785.92,19.59
300978.SZ,20260930,8.85,8.85,8.87,8.85,8800.0,77907.0,8.85
300979.SZ,20260930,33.67,33.67,33.86,33.66,6200.0,208776.0,33.67
300980.SZ,20260930,16.54,16.63,16.63,16.47,26520.0,440144.4,16.6
300981.SZ,20260930,18.04,18.01,18.12,18.01,234800.0,4231720.0,18.02
300982.SZ,20260930,14.47,14.47,14.48,14.47,15200.0,219955.0,14.47
300983.SZ,20260930,38.45,38.19,38.57,38.19,2600.0,99575.0,38.3
300984.SZ,20260930,32.84,32.98,33.31,32.7,37400.0,1232499.04,32.96
300985.SZ,20260930,35.36,34.98,35.36,34.98,1300.0,45555.0,35.04
300986.SZ,20260930,11.27,11.28,11.3,11.23,76800.0,866120.96,11.28
300987.SZ,20260930,14.74,14.55,14.74,14.55,130300.0,1904076.0,14.61
300988.SZ,20260930,16.58,16.5,16.6,16.5,61200.0,1012651.04,16.55
300989.SZ,20260930,14.85,14.85,14.85,14.85,12500.0,185625.0,14.85
300990.SZ,20260930,98.8,98.8,99.07,98.6,18671.0,1844504.32,98.79
300991.SZ,20260930,27.35,27.44,27.44,27.34,15400.0,422308.0,27.42
300992.SZ,20260930,27.79,27.7,27.85,27.69,18100.0,503085.0,27.8
300993.SZ,20260930,9.86,9.82,9.86,9.82,26900.0,264352.0,9.83
300994.SZ,20260930,11.56,11.6,11.6,11.56,10000.0,115947.0,11.6
300995.SZ,20260930,26.6,26.62,26.63,26.6,2000.0,53239.0,26.62
300996.SZ,20260930,12.31,12.3,12.33,12.3,133400.0,1641116.0,12.3
300997.SZ,20260930,15.19,15.22,15.22,15.12,70500.0,1070676.0,15.19
300998.SZ,20260930,29.75,29.76,29.8,29.47,12300.0,365610.0,29.72
300999.SZ,20260930,24.02,23.99,24.05,23.98,53200.0,1277343.04,24.01
301000.SZ,20260930,23.56,23.56,23.56,23.56,4700.0,110732.0,23.56
301001.SZ,20260930,25.86,25.81,25.93,25.81,5500.0,142203.0,25.86
301002.SZ,20260930,28.0,28.18,28.18,28.0,31800.0,895116.96,28.15
301003.SZ,20260930,57.09,56.69,57.36,56.69,8600.0,488180.0,56.77
301004.SZ,20260930,36.49,36.49,36.5,35.74,104900.0,3821872.0,36.43
301005.SZ,20260930,57.96,57.83,58.0,57.83,42100.0,2436057.92,57.86
301006.SZ,20260930,14.17,14.16,14.2,14.16,23800.0,337209.0,14.17
301007.SZ,20260930,31.94,31.95,31.95,31.58,5300.0,168855.0,31.86
301008.SZ,20260930,54.92,55.48,55.48,54.64,93000.0,5143862.08,55.31
301009.SZ,20260930,9.33,9.38,9.38,9.33,6000.0,56270.0,9.38
301010.SZ,20260930,19.79,19.7,19.97,19.7,57300.0,1130151.04,19.72
301011.SZ,20260930,15.86,15.66,15.96,15.66,45700.0,720572.0,15.77
301012.SZ,20260930,22.15,22.12,22.2,22.12,6900.0,152737.0,22.14
301013.SZ,20260930,34.4,34.39,34.65,34.39,94900.0,3267030.08,34.43
301015.SZ,20260930,25.07,25.01,25.44,25.01,40800.0,1022408.96,25.06
301016.SZ,20260930,15.28,15.25,15.32,15.25,18600.0,284011.0,15.27
301017.SZ,20260930,14.14,14.13,14.15,14.0,141700.0,2001398.08,14.12
301018.SZ,20260930,92.38,92.19,92.75,92.19,31140.0,2873490.56,92.28
301019.SZ,20260930,15.99,15.99,15.99,15.84,23000.0,367289.0,15.97
301020.SZ,20260930,22.26,22.17,22.26,22.17,14200.0,314929.0,22.18
301021.SZ,20260930,81.24,81.13,81.49,81.07,44900.0,3644773.12,81.18
301022.SZ,20260930,22.6,22.94,22.94,22.6,1600.0,36670.0,22.92
301023.SZ,20260930,29.9,30.03,30.04,29.7,25100.0,752906.0,30.0
301024.SZ,20260930,34.12,33.99,34.29,33.99,22100.0,752934.0,34.07
301025.SZ,20260930,10.17,10.17,10.2,10.16,114400.0,1163862.0,10.17
301026.SZ,20260930,18.79,18.79,18.79,18.75,7200.0,135268.0,18.79
301027.SZ,20260930,18.58,18.41,18.58,18.41,5000.0,92154.0,18.43
301028.SZ,20260930,13.24,13.29,13.29,13.23,30200.0,400874.0,13.27
301029.SZ,20260930,24.3,24.3,24.38,24.3,19600.0,476403.0,24.31
301030.SZ,20260930,4.94,4.92,4.94,4.9,242000.0,1191216.96,4.92
301031.SZ,20260930,94.94,94.94,95.42,94.94,10000.0,950235.04,95.02
301032.SZ,20260930,10.49,10.48,10.49,10.44,61500.0,644532.0,10.48
301033.SZ,20260930,54.14,53.87,54.44,53.87,9100.0,490838.0,53.94
301035.SZ,20260930,48.9,49.14,49.19,48.9,7100.0,348583.0,49.1
301036.SZ,20260930,22.67,22.68,22.68,22.67,1100.0,24942.0,22.68
301037.SZ,20260930,13.41,13.41,13.48,13.4,15300.0,205416.0,13.43
301038.SZ,20260930,17.37,17.35,17.55,17.25,256300.0,4445935.04,17.35
301039.SZ,20260930,7.13,7.15,7.15,7.12,28000.0,199936.0,7.14
301040.SZ,20260930,26.43,26.32,26.43,26.32,1000.0,26404.0,26.4
301041.SZ,20260930,39.42,39.5,39.5,39.11,392800.0,15495389.44,39.45
301042.SZ,20260930,29.76,29.73,29.85,29.73,26500.0,789143.04,29.78
301043.SZ,20260930,48.78,48.78,48.78,47.85,200.0,9663.0,48.32
301045.SZ,20260930,65.98,65.93,66.11,65.93,10700.0,706198.0,66.0
301046.SZ,20260930,33.56,33.43,33.56,33.43,8500.0,284365.0,33.46
301047.SZ,20260930,143.98,142.89,144.5,142.89,202000.0,28909690.88,143.12
301048.SZ,20260930,9.12,9.12,9.12,9.07,17100.0,155881.0,9.12
301049.SZ,20260930,21.2,21.16,21.39,21.14,18100.0,383419.0,21.18
301050.SZ,20260930,27.15,27.1,27.15,27.1,20700.0,561136.0,27.11
301051.SZ,20260930,17.91,17.91,17.93,17.87,22800.0,408351.0,17.91
301052.SZ,20260930,24.91,24.86,24.98,24.86,49400.0,1229918.0,24.9
301053.SZ,20260930,34.14,34.03,34.14,34.03,13000.0,442928.0,34.07
301055.SZ,20260930,30.0,29.91,30.19,29.91,9000.0,269702.0,29.97
301056.SZ,20260930,13.38,13.44,13.44,13.26,66100.0,886476.0,13.41
301057.SZ,20260930,24.39,24.42,24.46,24.05,62500.0,1525190.08,24.4
301058.SZ,20260930,8.51,8.49,8.52,8.49,64700.0,549499.0,8.49
301059.SZ,20260930,13.08,13.03,13.08,13.03,18800.0,245213.0,13.04
301060.SZ,20260930,11.94,11.95,11.96,11.8,102500.0,1222792.0,11.93
301061.SZ,20260930,40.75,40.84,40.84,40.57,30700.0,1253220.96,40.82
301062.SZ,20260930,6.98,6.99,7.0,6.94,29500.0,206055.0,6.99
301063.SZ,20260930,19.03,19.09,19.15,19.03,117900.0,2251211.04,19.09
301065.SZ,20260930,20.21,20.21,20.22,20.12,21800.0,440496.0,20.21
301066.SZ,20260930,12.39,12.32,12.55,12.32,17100.0,210965.0,12.34
301067.SZ,20260930,33.15,33.26,33.3,33.15,7200.0,239492.0,33.26
301068.SZ,20260930,23.72,23.72,23.72,23.72,3400.0,80648.0,23.72
301069.SZ,20260930,15.53,15.56,15.56,15.53,8600.0,133756.0,15.55
301070.SZ,20260930,65.0,64.56,65.0,64.56,6100.0,394036.0,64.6
301071.SZ,20260930,64.42,64.0,64.42,64.0,131400.0,8414101.76,64.03
301072.SZ,20260930,45.25,45.21,45.5,45.21,5100.0,230739.0,45.24
301073.SZ,20260930,17.3,17.3,17.3,17.3,13800.0,238740.0,17.3
301075.SZ,20260930,64.1,64.1,64.1,64.1,3200.0,205120.0,64.1
301076.SZ,20260930,20.71,20.69,20.8,20.69,7300.0,151239.0,20.72
301077.SZ,20260930,21.5,21.55,21.58,21.5,10000.0,215433.0,21.54
301078.SZ,20260930,6.87,6.87,6.88,6.87,64800.0,445410.0,6.87
301079.SZ,20260930,26.97,26.96,26.97,26.71,14400.0,388042.0,26.95
301080.SZ,20260930,120.8,120.51,122.0,120.51,299167.0,36095104.0,120.65
301081.SZ,20260930,18.6,18.5,18.6,18.5,188600.0,3496328.96,18.54
301082.SZ,20260930,9.69,9.68,9.7,9.68,12100.0,117177.0,9.68
301083.SZ,20260930,14.43,14.44,14.44,14.43,4700.0,67854.0,14.44
301085.SZ,20260930,77.98,76.47,77.98,76.36,93300.0,7168149.12,76.83
301086.SZ,20260930,160.26,159.22,160.26,159.22,31200.0,4977926.08,159.55
301087.SZ,20260930,52.35,52.34,52.45,52.34,14300.0,748686.0,52.36
301088.SZ,20260930,13.61,13.59,13.61,13.59,40500.0,550464.0,13.59
301089.SZ,20260930,24.58,24.15,24.59,24.15,4300.0,104531.0,24.31
301090.SZ,20260930,6.87,6.86,6.88,6.85,23700.0,162753.0,6.87
301091.SZ,20260930,20.0,20.1,20.1,19.97,201800.0,4048213.12,20.06
301092.SZ,20260930,42.95,42.9,42.97,42.9,2000.0,85900.0,42.95
301093.SZ,20260930,63.46,63.77,63.82,63.46,15600.0,993832.0,63.71
301095.SZ,20260930,71.26,71.13,71.32,71.13,27500.0,1957134.08,71.17
301096.SZ,20260930,47.77,47.78,47.78,47.15,6900.0,329575.0,47.76
301097.SZ,20260930,34.6,34.85,34.85,34.59,2900.0,100939.0,34.81
301098.SZ,20260930,8.78,8.78,8.81,8.76,30400.0,267062.0,8.79
301099.SZ,20260930,54.28,54.12,54.48,54.12,140900.0,7636312.32,54.2
301100.SZ,20260930,15.96,16.01,16.1,15.96,16800.0,269253.0,16.03
301101.SZ,20260930,30.22,30.25,30.29,30.15,8700.0,263091.0,30.24
301102.SZ,20260930,9.57,9.58,9.58,9.54,10700.0,102481.0,9.58
301103.SZ,20260930,17.02,17.2,17.24,17.02,322300.0,5536803.2,17.18
301105.SZ,20260930,50.5,50.09,50.5,50.08,2100.0,105233.0,50.11
301106.SZ,20260930,19.13,19.01,19.13,19.0,5200.0,98917.0,19.02
301107.SZ,20260930,24.29,24.5,24.5,24.2,14400.0,350684.0,24.35
301108.SZ,20260930,55.42,55.4,55.73,55.01,122900.0,6811383.04,55.42
301109.SZ,20260930,12.71,12.78,12.78,12.71,10500.0,134073.0,12.77
301110.SZ,20260930,36.38,36.41,36.41,36.3,9600.0,349441.0,36.4
301111.SZ,20260930,22.38,22.23,22.45,22.23,55900.0,1248750.0,22.34
301112.SZ,20260930,29.8,30.03,30.09,29.8,8100.0,242169.0,29.9
301113.SZ,20260930,17.91,17.87,17.91,17.87,5900.0,105520.0,17.89
301115.SZ,20260930,34.54,34.46,35.0,34.46,30200.0,1043912.96,34.57
301116.SZ,20260930,9.18,9.18,9.22,9.18,26900.0,247098.0,9.19
301117.SZ,20260930,12.15,12.21,12.21,12.15,32100.0,391148.0,12.19
301118.SZ,20260930,23.39,23.4,23.42,23.3,17400.0,407201.0,23.4
301119.SZ,20260930,26.27,26.33,26.33,26.17,8000.0,210440.0,26.31
301120.SZ,20260930,14.61,14.6,14.68,14.59,12300.0,179657.0,14.61
301121.SZ,20260930,35.92,35.91,36.18,35.91,56700.0,2037380.0,35.93
301122.SZ,20260930,67.22,67.12,67.88,67.12,150600.0,10117080.32,67.18
301123.SZ,20260930,70.39,70.11,70.4,70.11,17500.0,1229299.04,70.25
301125.SZ,20260930,14.95,14.95,14.96,14.95,27200.0,406646.0,14.95
301126.SZ,20260930,10.58,10.54,10.63,10.54,40900.0,431657.0,10.55
301127.SZ,20260930,15.52,15.54,15.59,15.43,58700.0,909732.0,15.5
301128.SZ,20260930,108.37,108.5,108.5,107.62,27700.0,3001934.08,108.37
301129.SZ,20260930,23.84,23.74,23.84,23.74,1900.0,45238.0,23.81
301130.SZ,20260930,28.13,27.98,28.18,27.98,32200.0,902210.0,28.02
301131.SZ,20260930,34.08,34.06,34.29,34.06,4400.0,150041.0,34.1
301132.SZ,20260930,71.31,71.41,71.82,71.03,288317.0,20582859.52,71.39
301133.SZ,20260930,25.7,25.99,25.99,25.7,2300.0,59365.0,25.81
301135.SZ,20260930,18.45,18.45,18.48,18.4,37400.0,690200.96,18.46
301136.SZ,20260930,12.43,12.5,12.52,12.41,237900.0,2971937.92,12.49
301137.SZ,20260930,30.31,30.31,30.55,30.31,12600.0,382227.0,30.34
301138.SZ,20260930,28.69,28.69,28.8,28.69,3900.0,111922.0,28.7
301139.SZ,20260930,0.86,0.8,0.88,0.8,5257000.96,4251954.88,0.81
301141.SZ,20260930,36.03,36.18,36.19,36.03,11400.0,412312.0,36.17
301148.SZ,20260930,59.05,59.05,59.15,58.6,26500.0,1564752.0,59.05
301149.SZ,20260930,7.88,7.86,7.89,7.86,392420.0,3086359.36,7.87
301150.SZ,20260930,44.4,44.36,44.6,44.17,851300.0,37775352.32,44.37
301151.SZ,20260930,21.1,21.14,21.24,21.1,17500.0,370111.0,21.15
301152.SZ,20260930,22.75,22.76,22.87,22.66,312000.0,7100483.2,22.76
301153.SZ,20260930,17.36,17.35,17.36,17.25,13204.0,229043.4,17.35
301155.SZ,20260930,43.01,43.01,43.19,42.95,94000.0,4043975.04,43.02
301156.SZ,20260930,11.97,11.87,11.97,11.87,3500.0,41785.0,11.94
301157.SZ,20260930,64.38,64.38,64.38,64.38,5600.0,360528.0,64.38
301158.SZ,20260930,14.3,14.3,14.43,14.3,30300.0,433917.0,14.32
301159.SZ,20260930,32.58,32.61,32.68,32.08,8900.0,289134.0,32.49
301160.SZ,20260930,41.35,41.34,41.57,41.34,11900.0,493025.0,41.43
301161.SZ,20260930,29.44,29.42,29.48,29.42,14600.0,429761.0,29.44
301162.SZ,20260930,37.65,37.65,37.66,37.5,7600.0,285856.0,37.61
301163.SZ,20260930,23.82,23.82,23.88,23.82,11200.0,266906.0,23.83
301165.SZ,20260930,103.7,103.6,104.2,103.6,42600.0,4420288.96,103.76
301166.SZ,20260930,33.02,32.98,33.02,32.98,10200.0,336400.0,32.98
301167.SZ,20260930,13.74,13.73,13.76,13.73,58400.0,802447.04,13.74
301168.SZ,20260930,41.47,41.48,41.78,40.88,4000.0,166009.0,41.5
301169.SZ,20260930,51.27,51.06,51.27,51.06,2400.0,122803.0,51.17
301170.SZ,20260930,23.18,23.23,23.28,23.18,12600.0,292399.0,23.21
301171.SZ,20260930,33.8,33.8,33.96,33.77,598834.0,20248177.92,33.81
301172.SZ,20260930,17.76,17.87,17.87,17.66,9200.0,163998.0,17.83
301173.SZ,20260930,33.73,33.83,33.83,33.73,7100.0,239956.0,33.8
301175.SZ,20260930,5.61,5.61,5.63,5.6,71700.0,402550.0,5.61
301176.SZ,20260930,55.28,55.28,55.8,55.27,227700.0,12602873.6,55.35
301177.SZ,20260930,23.09,23.05,23.09,22.97,3000.0,69115.0,23.04
301178.SZ,20260930,35.34,35.48,35.48,35.28,28800.0,1019872.0,35.41
301179.SZ,20260930,19.7,19.51,19.7,19.51,3200.0,62660.0,19.58
301180.SZ,20260930,11.93,11.95,11.96,11.93,16900.0,201847.0,11.94
301181.SZ,20260930,25.69,25.67,25.73,25.67,36700.0,943038.0,25.7
301182.SZ,20260930,61.04,61.0,61.3,61.0,11400.0,695970.0,61.05
301183.SZ,20260930,294.0,294.0,295.74,293.53,37900.0,11157182.72,294.39
301185.SZ,20260930,17.45,17.4,17.45,17.4,13300.0,231690.0,17.42
301186.SZ,20260930,32.98,32.98,33.01,32.98,5300.0,174803.0,32.98
301187.SZ,20260930,15.84,16.13,16.13,15.84,11700.0,188135.0,16.08
301188.SZ,20260930,33.58,33.61,34.33,33.58,122700.0,4133688.96,33.69
301189.SZ,20260930,69.01,69.0,69.01,68.88,41500.0,2863621.12,69.0
301190.SZ,20260930,34.09,33.2,34.4,33.2,2122600.0,70654704.64,33.29
301191.SZ,20260930,79.33,79.21,79.55,79.06,12100.0,959172.96,79.27
301192.SZ,20260930,19.99,19.99,20.1,19.85,82400.0,1647287.04,19.99
301193.SZ,20260930,22.33,22.28,22.35,22.28,23000.0,512785.0,22.3
301195.SZ,20260930,27.03,27.19,27.19,27.03,2900.0,78771.0,27.16
301196.SZ,20260930,85.15,85.2,85.5,84.9,24500.0,2087382.08,85.2
301197.SZ,20260930,26.7,26.84,26.89,26.7,10100.0,270806.0,26.81
301198.SZ,20260930,14.61,14.47,14.61,14.47,60900.0,882634.0,14.49
301199.SZ,20260930,18.29,18.2,18.35,18.2,8400.0,153007.0,18.22
301200.SZ,20260930,232.1,232.06,232.48,232.06,6900.0,1602723.04,232.28
301201.SZ,20260930,29.8,29.91,29.95,29.58,54100.0,1615640.96,29.86
301202.SZ,20260930,37.22,37.22,37.99,37.22,7600.0,284244.0,37.4
301203.SZ,20260930,33.59,33.69,33.69,33.59,3100.0,104409.0,33.68
301205.SZ,20260930,268.0,267.0,268.74,266.82,93900.0,25110748.16,267.42
301206.SZ,20260930,23.87,23.85,23.96,23.85,16800.0,400991.0,23.87
301207.SZ,20260930,19.4,19.4,19.54,19.3,62500.0,1213538.0,19.42
301208.SZ,20260930,30.8,30.75,30.8,30.75,8800.0,270635.0,30.75
301209.SZ,20260930,59.7,59.7,59.7,59.0,4200.0,250026.0,59.53
301210.SZ,20260930,30.1,30.2,30.35,30.1,18800.0,567547.64,30.19
301211.SZ,20260930,12.47,12.5,12.55,12.44,79900.0,998191.04,12.49
301212.SZ,20260930,26.42,26.42,26.45,26.42,6500.0,171763.0,26.43
301213.SZ,20260930,42.57,42.57,42.6,42.44,21100.0,897976.96,42.56
301215.SZ,20260930,5.31,5.28,5.32,5.28,29600.0,156319.0,5.28
301216.SZ,20260930,16.55,16.56,16.56,16.42,100300.0,1657836.0,16.53
301217.SZ,20260930,103.36,103.11,103.59,103.05,157200.0,16220244.48,103.18
301218.SZ,20260930,61.51,61.81,62.0,61.29,535800.0,33054003.2,61.69
301219.SZ,20260930,39.34,39.18,39.34,39.18,20800.0,815696.96,39.22
301220.SZ,20260930,30.06,30.15,30.15,29.69,8000.0,239442.0,29.93
301221.SZ,20260930,27.11,27.07,27.11,27.06,2700.0,73093.0,27.07
301222.SZ,20260930,25.84,25.27,25.84,25.27,60580.0,1548342.72,25.56
301223.SZ,20260930,18.22,18.19,18.22,18.19,4900.0,89149.0,18.19
301225.SZ,20260930,57.7,58.28,58.37,57.7,13700.0,797880.0,58.24
301226.SZ,20260930,37.1,37.07,37.4,37.01,48100.0,1784923.04,37.11
301227.SZ,20260930,32.3,32.42,32.62,32.3,80800.0,2620515.04,32.43
301228.SZ,20260930,52.07,52.58,52.6,51.93,17100.0,898182.0,52.53
301229.SZ,20260930,12.12,12.13,12.13,12.12,8600.0,104282.0,12.13
301230.SZ,20260930,37.63,37.34,37.76,37.34,105300.0,3948917.12,37.5
301231.SZ,20260930,29.92,29.81,30.0,29.81,48400.0,1444358.08,29.84
301232.SZ,20260930,80.56,81.5,81.66,80.56,16400.0,1334188.0,81.35
301233.SZ,20260930,36.04,36.08,36.2,35.95,18100.0,652820.0,36.07
301234.SZ,20260930,134.0,134.03,134.3,131.02,62300.0,8338654.08,133.85
301235.SZ,20260930,42.47,42.44,42.5,42.4,49500.0,2100627.04,42.44
301236.SZ,20260930,35.97,35.88,35.99,35.8,46800.0,1680052.96,35.9
301237.SZ,20260930,37.67,37.73,37.73,37.67,4500.0,169779.0,37.73
301238.SZ,20260930,15.78,15.71,15.79,15.71,131200.0,2065340.0,15.74
301239.SZ,20260930,31.96,31.91,31.96,31.91,25100.0,801019.04,31.91
301246.SZ,20260930,17.49,17.58,17.58,17.49,15000.0,263302.0,17.55
301248.SZ,20260930,56.64,56.9,56.9,56.64,21800.0,1240062.0,56.88
301251.SZ,20260930,87.37,87.38,87.8,87.0,217200.0,18975392.0,87.36
301252.SZ,20260930,37.21,37.17,37.88,37.17,18200.0,678388.0,37.27
301255.SZ,20260930,19.14,19.05,19.14,19.05,3900.0,74420.0,19.08
301256.SZ,20260930,9.8,9.79,9.86,9.79,5500.0,53932.0,9.81
301257.SZ,20260930,40.85,40.95,40.99,40.64,30000.0,1227512.96,40.92
301258.SZ,20260930,27.24,27.11,27.24,27.11,2500.0,67788.0,27.12
301259.SZ,20260930,19.57,19.61,19.62,19.57,102700.0,2013489.92,19.61
301260.SZ,20260930,11.77,11.72,11.77,11.72,6300.0,73886.0,11.73
301261.SZ,20260930,54.1,54.39,54.39,53.93,3100.0,168047.0,54.21
301262.SZ,20260930,20.14,20.1,20.16,20.09,132781.0,2669179.04,20.1
301263.SZ,20260930,19.15,19.12,19.19,19.12,18800.0,359531.0,19.12
301265.SZ,20260930,22.71,22.86,22.86,22.65,20800.0,474894.0,22.83
301266.SZ,20260930,24.83,24.8,24.9,24.8,11100.0,275556.0,24.83
301267.SZ,20260930,14.95,15.0,15.1,14.93,31500.0,471594.0,14.97
301268.SZ,20260930,11.81,11.84,11.84,11.75,30400.0,359895.0,11.84
301269.SZ,20260930,87.3,87.29,87.41,87.18,20100.0,1754263.04,87.28
301270.SZ,20260930,32.41,32.38,32.41,32.38,2300.0,74477.0,32.38
301272.SZ,20260930,35.37,35.37,35.56,35.37,12200.0,431924.0,35.4
301273.SZ,20260930,35.62,35.48,35.62,35.48,7699.0,273504.38,35.53
301275.SZ,20260930,39.15,39.15,39.19,39.01,12300.0,481602.0,39.16
301276.SZ,20260930,17.45,17.45,17.5,17.45,24200.0,423270.0,17.49
301277.SZ,20260930,10.37,10.32,10.39,10.32,5400.0,55824.0,10.34
301278.SZ,20260930,29.53,29.39,29.53,29.39,12400.0,364646.0,29.41
301279.SZ,20260930,23.93,23.83,23.98,23.83,1500.0,35878.0,23.92
301280.SZ,20260930,41.73,41.97,42.46,41.73,8100.0,342105.0,42.24
301281.SZ,20260930,47.77,47.74,47.94,47.74,9900.0,472957.0,47.77
301282.SZ,20260930,44.83,44.88,45.2,44.52,297400.0,13360934.4,44.93
301283.SZ,20260930,25.78,25.58,25.78,25.58,1400.0,35910.0,25.65
301285.SZ,20260930,91.23,91.19,91.68,91.19,5200.0,474567.0,91.26
301286.SZ,20260930,46.52,46.77,46.77,46.52,5900.0,275530.0,46.7
301287.SZ,20260930,41.51,41.5,41.96,41.5,7700.0,320032.0,41.56
301288.SZ,20260930,17.41,17.54,17.54,17.4,12700.0,222472.0,17.52
301289.SZ,20260930,44.58,44.38,44.66,44.38,11200.0,498174.0,44.48
301290.SZ,20260930,29.05,28.9,29.08,28.9,64000.0,1852670.08,28.95
301291.SZ,20260930,35.33,35.0,35.33,35.0,30700.0,1077640.0,35.1
301292.SZ,20260930,55.76,55.77,56.0,55.41,38700.0,2158134.08,55.77
301293.SZ,20260930,48.69,48.51,48.73,48.51,10500.0,510328.0,48.6
301295.SZ,20260930,36.59,35.93,36.73,35.93,11700.0,421029.0,35.99
301296.SZ,20260930,6.44,6.46,6.47,6.44,71600.0,462492.0,6.46
301297.SZ,20260930,47.2,47.01,47.61,47.01,225800.0,10677354.88,47.29
301298.SZ,20260930,13.07,13.07,13.09,13.07,31500.0,411749.0,13.07
301299.SZ,20260930,46.3,46.29,46.67,46.29,7100.0,328985.0,46.34
301300.SZ,20260930,33.15,32.73,33.31,32.73,8200.0,269698.0,32.89
301301.SZ,20260930,8.04,8.04,8.05,8.04,19200.0,154397.0,8.04
301302.SZ,20260930,21.08,21.32,21.35,21.08,34000.0,721771.04,21.23
301303.SZ,20260930,14.09,14.16,14.16,14.09,24800.0,350955.0,14.15
301305.SZ,20260930,24.95,24.7,24.95,24.7,38600.0,960162.0,24.88
301306.SZ,20260930,89.98,88.88,90.0,88.88,6300.0,561757.0,89.17
301307.SZ,20260930,56.52,56.39,56.98,56.39,11200.0,632406.0,56.47
301308.SZ,20260930,316.05,317.0,317.0,313.0,112700.0,35685632.0,316.64
301309.SZ,20260930,30.34,30.48,30.48,30.34,44800.0,1365006.08,30.47
301310.SZ,20260930,58.96,58.95,59.57,58.62,160100.0,9452645.12,59.04
301311.SZ,20260930,18.81,18.66,18.99,18.64,1383200.0,25854960.64,18.69
301312.SZ,20260930,81.78,81.3,82.3,81.3,11900.0,971770.0,81.66
301313.SZ,20260930,30.35,30.4,30.4,30.1,38900.0,1179972.96,30.33
301314.SZ,20260930,50.46,50.55,51.38,50.27,35100.0,1778468.96,50.67
301315.SZ,20260930,44.58,44.3,44.95,44.3,38300.0,1698665.92,44.35
301316.SZ,20260930,40.28,40.29,40.5,40.28,80800.0,3256794.88,40.31
301317.SZ,20260930,44.7,44.68,44.99,44.68,7400.0,332194.0,44.89
301318.SZ,20260930,21.6,21.56,21.66,21.56,5200.0,112480.0,21.63
301319.SZ,20260930,88.13,88.0,88.58,87.25,79800.0,7026304.0,88.05
301320.SZ,20260930,14.36,14.31,14.36,14.31,22300.0,319652.0,14.33
301321.SZ,20260930,46.97,46.45,47.0,46.45,18700.0,870468.96,46.55
301322.SZ,20260930,44.5,44.44,44.68,44.4,5300.0,235674.0,44.47
301323.SZ,20260930,73.17,73.15,73.19,73.15,4500.0,329243.0,73.17
301325.SZ,20260930,32.0,32.09,32.09,31.51,46200.0,1481412.96,32.06
301326.SZ,20260930,98.0,97.05,98.0,97.05,3900.0,378845.0,97.14
301327.SZ,20260930,41.48,41.48,41.5,41.48,5800.0,240594.0,41.48
301328.SZ,20260930,47.67,47.95,47.95,47.67,7000.0,334812.0,47.83
301329.SZ,20260930,20.95,20.71,20.96,20.71,36301.0,758214.96,20.89
301330.SZ,20260930,25.96,26.0,26.0,25.75,20300.0,527392.0,25.98
301331.SZ,20260930,21.61,21.61,21.72,21.61,9000.0,194715.0,21.64
301332.SZ,20260930,7.72,7.7,7.72,7.7,70000.0,539087.0,7.7
301333.SZ,20260930,65.5,65.3,65.58,65.3,21800.0,1424391.04,65.34
301335.SZ,20260930,25.26,25.24,25.26,25.24,15100.0,381382.0,25.26
301336.SZ,20260930,42.57,42.58,42.58,42.32,6720.0,286020.6,42.56
301337.SZ,20260930,27.81,27.81,28.12,27.81,32000.0,891230.0,27.85
301338.SZ,20260930,90.35,90.18,90.6,89.88,22800.0,2055142.08,90.14
301339.SZ,20260930,12.52,12.5,12.52,12.5,48800.0,610099.0,12.5
301345.SZ,20260930,229.0,227.92,229.0,227.92,2700.0,615888.0,228.11
301348.SZ,20260930,22.4,22.27,22.4,22.27,20500.0,457099.0,22.3
301349.SZ,20260930,44.1,44.1,44.3,44.09,9000.0,397412.0,44.16
301353.SZ,20260930,20.63,20.65,20.65,20.63,15300.0,315890.0,20.65
301355.SZ,20260930,12.32,12.3,12.35,12.23,29700.0,364853.0,12.29
301356.SZ,20260930,19.86,19.78,19.96,19.78,5400.0,106962.0,19.81
301357.SZ,20260930,91.0,91.0,91.58,89.9,24700.0,2247883.04,91.01
301358.SZ,20260930,50.07,50.07,50.2,50.07,63300.0,3170335.04,50.08
301359.SZ,20260930,20.35,20.13,20.5,20.13,39100.0,787822.0,20.15
301360.SZ,20260930,61.89,61.7,61.89,61.7,5700.0,351958.0,61.75
301361.SZ,20260930,27.38,27.34,27.38,27.34,3600.0,98471.0,27.35
301362.SZ,20260930,107.25,108.08,108.08,107.24,33400.0,3608837.12,108.05
301363.SZ,20260930,16.06,16.12,16.15,16.06,148300.0,2389742.08,16.11
301365.SZ,20260930,34.01,34.0,34.01,34.0,600.0,20401.0,34.0
301366.SZ,20260930,75.75,75.65,75.97,75.65,252100.0,19089141.76,75.72
301367.SZ,20260930,46.66,46.65,46.79,46.65,11700.0,546938.0,46.75
301368.SZ,20260930,39.69,39.8,39.82,39.48,3600.0,142767.0,39.66
301369.SZ,20260930,142.0,142.0,142.48,140.98,15700.0,2228759.04,141.96
301370.SZ,20260930,8.58,8.62,8.62,8.58,36900.0,317889.0,8.62
301371.SZ,20260930,20.66,20.68,20.68,20.65,2600.0,53751.0,20.67
301372.SZ,20260930,34.17,34.11,34.17,34.11,9200.0,313818.0,34.11
301373.SZ,20260930,131.99,132.87,132.87,131.5,76600.0,10162012.16,132.66
301376.SZ,20260930,22.3,22.52,22.56,22.03,42800.0,961232.0,22.46
301377.SZ,20260930,352.21,352.21,354.4,350.77,13700.0,4827647.04,352.38
301378.SZ,20260930,25.52,25.59,25.6,25.51,4000.0,102328.0,25.58
301379.SZ,20260930,20.23,20.25,20.25,20.12,28800.0,582715.0,20.23
301380.SZ,20260930,33.96,33.96,34.0,33.95,28100.0,954646.0,33.97
301381.SZ,20260930,23.39,23.38,23.5,23.38,26900.0,629202.0,23.39
301382.SZ,20260930,39.17,39.0,39.39,38.82,705500.0,27530892.8,39.02
301383.SZ,20260930,23.7,23.74,23.74,23.7,7000.0,166176.0,23.74
301386.SZ,20260930,21.06,21.02,21.15,21.02,75800.0,1596859.04,21.07
301387.SZ,20260930,52.71,53.0,53.0,52.71,8800.0,465942.0,52.95
301388.SZ,20260930,25.88,25.9,25.9,25.79,21400.0,554067.0,25.89
301389.SZ,20260930,55.06,55.2,55.3,55.01,48900.0,2698384.96,55.18
301390.SZ,20260930,41.01,40.93,41.22,40.93,66900.0,2740613.12,40.97
301391.SZ,20260930,44.49,44.55,44.59,44.37,12500.0,556567.0,44.53
301392.SZ,20260930,157.0,157.5,157.5,155.5,16600.0,2608491.04,157.14
301393.SZ,20260930,65.9,65.73,66.25,65.73,28600.0,1881355.04,65.78
301395.SZ,20260930,12.13,12.16,12.16,12.13,1100.0,13373.0,12.16
301396.SZ,20260930,164.39,164.07,165.0,164.05,65300.0,10727395.84,164.28
301397.SZ,20260930,22.26,22.25,22.3,22.25,10900.0,242586.0,22.26
301398.SZ,20260930,38.46,38.46,38.6,38.46,6200.0,238485.0,38.47
301399.SZ,20260930,21.09,21.15,21.41,21.09,71800.0,1518007.04,21.14
301408.SZ,20260930,14.68,14.65,14.69,14.64,198600.0,2909514.88,14.65
301413.SZ,20260930,52.86,53.25,53.33,52.86,14100.0,748779.04,53.11
301418.SZ,20260930,35.27,35.16,35.27,35.0,2300.0,80858.0,35.16
301419.SZ,20260930,43.18,43.0,43.3,43.0,38000.0,1636270.08,43.06
301421.SZ,20260930,74.2,73.77,74.3,73.77,13300.0,983036.96,73.91
301428.SZ,20260930,26.81,26.81,27.2,26.81,12900.0,348889.0,27.05
301429.SZ,20260930,17.6,17.65,17.72,17.6,40200.0,709188.0,17.64
301439.SZ,20260930,14.01,14.02,14.03,13.98,38200.0,535293.0,14.01
301446.SZ,20260930,38.8,38.84,38.89,38.8,11500.0,446701.0,38.84
301448.SZ,20260930,53.65,53.69,53.69,53.64,8300.0,445484.0,53.67
301449.SZ,20260930,41.28,41.28,41.28,40.99,40200.0,1657039.04,41.22
301456.SZ,20260930,26.15,26.15,26.18,25.96,38300.0,1000786.0,26.13
301458.SZ,20260930,36.91,37.0,37.02,36.82,21100.0,780490.0,36.99
301459.SZ,20260930,31.5,31.79,31.93,31.5,1800.0,57129.0,31.74
301468.SZ,20260930,30.76,30.76,30.82,30.76,12000.0,369215.0,30.77
301469.SZ,20260930,29.26,29.19,29.33,29.19,20000.0,584134.0,29.21
301479.SZ,20260930,49.99,50.0,50.0,49.97,8600.0,429987.0,50.0
301486.SZ,20260930,193.68,193.7,195.0,192.75,116245.0,22559513.6,194.07
301487.SZ,20260930,15.84,15.82,15.92,15.72,134200.0,2123944.0,15.83
301488.SZ,20260930,91.88,91.4,91.88,91.4,1500.0,137195.0,91.46
301489.SZ,20260930,113.7,113.6,114.34,113.6,14000.0,1592838.08,113.77
301491.SZ,20260930,36.59,36.59,36.59,36.59,2700.0,98793.0,36.59
301498.SZ,20260930,38.51,38.5,38.51,38.44,16000.0,615993.0,38.5
301499.SZ,20260930,25.98,25.9,26.0,25.9,15200.0,393852.0,25.91
301500.SZ,20260930,24.9,24.84,24.98,24.84,151100.0,3756239.04,24.86
301501.SZ,20260930,27.05,27.37,27.37,27.05,6300.0,172064.0,27.31
301502.SZ,20260930,51.42,51.68,51.68,51.41,3900.0,201415.0,51.65
301503.SZ,20260930,22.62,22.52,22.62,22.52,3100.0,69899.0,22.55
301505.SZ,20260930,18.31,18.31,18.35,18.15,17100.0,312197.0,18.26
301507.SZ,20260930,13.42,13.45,13.45,13.4,25600.0,343677.0,13.43
301508.SZ,20260930,24.1,24.1,24.1,24.1,3300.0,79530.0,24.1
301509.SZ,20260930,30.93,30.99,31.0,30.71,14600.0,452339.0,30.98
301510.SZ,20260930,27.71,27.57,27.78,27.56,24500.0,677347.04,27.65
301511.SZ,20260930,97.03,97.01,97.58,97.01,233400.0,22659048.96,97.08
301512.SZ,20260930,32.6,32.22,32.6,31.86,37960.0,1223256.96,32.22
301513.SZ,20260930,54.85,54.5,55.0,54.0,531700.0,28966584.32,54.48
301515.SZ,20260930,20.44,20.4,20.49,20.4,4300.0,87832.0,20.43
301516.SZ,20260930,18.83,18.77,18.9,18.77,13900.0,261380.0,18.8
301517.SZ,20260930,35.83,35.88,35.9,35.81,24800.0,889799.04,35.88
301518.SZ,20260930,24.19,24.03,24.19,24.03,9100.0,219390.0,24.11
301519.SZ,20260930,12.32,12.3,12.4,12.3,12200.0,150241.0,12.32
301520.SZ,20260930,71.01,71.38,72.0,71.0,254600.0,18171184.64,71.37
301522.SZ,20260930,22.13,21.99,22.13,21.97,10600.0,233572.0,22.04
301525.SZ,20260930,40.8,40.34,41.2,40.34,76800.0,3127592.0,40.72
301526.SZ,20260930,28.13,28.0,28.19,28.0,1325418.0,37149271.04,28.03
301528.SZ,20260930,72.56,72.52,72.56,72.3,3700.0,268342.0,72.53
301529.SZ,20260930,139.0,137.0,139.0,137.0,23500.0,3247200.0,138.18
301531.SZ,20260930,50.0,49.9,50.08,49.6,13900.0,694150.0,49.94
301533.SZ,20260930,28.65,28.65,28.7,28.6,5500.0,157640.0,28.66
301535.SZ,20260930,13.52,13.52,13.52,13.52,300.0,4056.0,13.52
301536.SZ,20260930,125.3,125.0,125.33,125.0,132312.0,16553760.0,125.11
301538.SZ,20260930,40.35,40.23,40.62,40.23,5900.0,237675.0,40.28
301539.SZ,20260930,15.51,15.5,15.51,15.5,6800.0,105402.0,15.5
301548.SZ,20260930,53.57,53.69,53.72,52.88,14500.0,777420.96,53.62
301550.SZ,20260930,95.3,95.49,96.99,94.01,222100.0,21217166.08,95.53
301551.SZ,20260930,22.32,22.2,22.32,22.2,44000.0,977595.04,22.22
301552.SZ,20260930,24.74,24.74,24.76,24.62,14700.0,363566.0,24.73
301555.SZ,20260930,35.8,35.7,35.87,35.64,16200.0,578433.0,35.71
301556.SZ,20260930,61.66,61.76,61.8,61.41,35200.0,2172272.96,61.71
301557.SZ,20260930,81.61,81.77,81.77,81.61,1200.0,98108.0,81.76
301558.SZ,20260930,6.74,6.73,6.76,6.72,308800.0,2080383.04,6.74
301559.SZ,20260930,12.8,12.74,12.8,12.74,6400.0,81902.0,12.8
301560.SZ,20260930,35.19,34.45,35.35,34.42,661804.0,22863134.72,34.55
301563.SZ,20260930,107.86,107.86,108.2,107.27,99000.0,10670485.12,107.78
301565.SZ,20260930,19.5,19.5,19.55,19.5,11443.0,223197.5,19.5
301566.SZ,20260930,24.9,24.85,24.98,24.84,160300.0,3986200.96,24.87
301567.SZ,20260930,37.37,37.16,37.37,37.16,4900.0,182250.0,37.19
301568.SZ,20260930,70.7,70.7,70.9,70.68,26800.0,1895120.0,70.71
301571.SZ,20260930,69.0,68.94,69.19,68.94,15000.0,1034676.0,68.98
301575.SZ,20260930,23.96,23.88,24.04,23.88,41500.0,991986.0,23.9
301577.SZ,20260930,56.58,56.3,57.0,56.3,1800.0,101447.0,56.36
301578.SZ,20260930,24.13,23.98,24.18,23.98,7700.0,184944.0,24.02
301580.SZ,20260930,52.49,52.51,52.51,52.29,13400.0,703147.04,52.47
301581.SZ,20260930,36.81,36.8,37.09,36.8,4400.0,162125.0,36.85
301583.SZ,20260930,133.0,132.7,133.2,132.7,131000.0,17398581.76,132.81
301584.SZ,20260930,18.02,17.99,18.06,17.99,27604.0,497320.96,18.02
301585.SZ,20260930,27.95,27.96,27.96,27.94,4900.0,136955.0,27.95
301586.SZ,20260930,29.31,29.47,29.5,29.31,8100.0,238653.0,29.46
301587.SZ,20260930,22.53,22.58,22.7,22.43,174700.0,3945839.04,22.59
301588.SZ,20260930,26.11,25.87,26.12,25.87,3100.0,80641.0,26.01
301589.SZ,20260930,157.28,157.46,159.01,157.28,7500.0,1181012.0,157.47
301590.SZ,20260930,67.31,67.03,67.31,67.03,11400.0,764556.96,67.07
301591.SZ,20260930,42.15,42.13,42.36,42.13,39700.0,1672871.04,42.14
301592.SZ,20260930,109.51,109.98,109.99,109.5,3400.0,373744.0,109.93
301595.SZ,20260930,46.85,46.6,46.85,46.0,31600.0,1458803.04,46.17
301596.SZ,20260930,45.54,45.67,45.67,45.54,1900.0,86727.0,45.65
301598.SZ,20260930,51.53,51.5,51.53,51.5,1600.0,82424.0,51.52
301599.SZ,20260930,33.59,33.36,33.59,33.36,263300.0,8791900.8,33.39
301600.SZ,20260930,76.3,76.91,76.91,76.0,1000.0,76607.0,76.61
301601.SZ,20260930,16.4,16.35,16.43,16.35,109000.0,1784099.04,16.37
301602.SZ,20260930,16.04,16.01,16.04,16.01,15600.0,249762.0,16.01
301603.SZ,20260930,118.92,118.81,119.43,118.81,20700.0,2460831.04,118.88
301606.SZ,20260930,50.87,50.98,50.98,50.77,8200.0,417591.0,50.93
301607.SZ,20260930,42.78,42.77,42.88,42.77,16800.0,719170.0,42.81
301608.SZ,20260930,51.4,51.25,51.49,51.15,6435.0,329971.0,51.28
301609.SZ,20260930,30.32,30.39,30.39,30.07,7700.0,233728.0,30.35
301611.SZ,20260930,88.84,88.71,88.9,88.71,27300.0,2423432.0,88.77
301613.SZ,20260930,34.48,34.48,34.48,34.33,5000.0,172385.0,34.48
301616.SZ,20260930,36.26,36.01,36.3,36.01,13100.0,473141.0,36.12
301617.SZ,20260930,54.88,54.58,54.9,54.52,35400.0,1933486.08,54.62
301618.SZ,20260930,30.38,30.31,30.5,30.31,8260.0,250446.2,30.32
301622.SZ,20260930,36.79,36.24,36.88,36.24,3200.0,116777.0,36.49
301626.SZ,20260930,298.2,298.88,298.88,298.2,4300.0,1284664.96,298.76
301628.SZ,20260930,116.39,116.51,117.23,116.0,21500.0,2506512.96,116.58
301629.SZ,20260930,271.0,270.2,275.0,270.2,18600.0,5058192.0,271.95
301630.SZ,20260930,203.99,203.26,204.4,203.26,15740.0,3203631.36,203.53
301631.SZ,20260930,62.0,61.41,62.19,61.41,14600.0,898604.96,61.55
301632.SZ,20260930,13.21,13.22,13.25,13.2,93700.0,1238971.04,13.22
301633.SZ,20260930,61.26,61.16,61.78,61.06,34100.0,2087222.08,61.21
301636.SZ,20260930,41.02,41.0,41.2,41.0,20800.0,853372.96,41.03
301638.SZ,20260930,20.85,20.81,20.85,20.8,60041.0,1249546.72,20.81
301655.SZ,20260930,25.5,25.59,25.59,25.22,308200.0,7871966.08,25.54
301656.SZ,20260930,13.73,13.68,13.73,13.68,19100.0,261479.0,13.69
301658.SZ,20260930,21.76,21.74,21.76,21.74,10400.0,226178.0,21.75
301662.SZ,20260930,69.6,69.77,69.85,69.01,154700.0,10781511.68,69.69
301665.SZ,20260930,21.83,21.99,22.08,21.83,19300.0,424398.0,21.99
301666.SZ,20260930,362.9,362.92,362.92,360.95,22100.0,8009486.08,362.42
301667.SZ,20260930,56.08,56.12,56.94,56.01,20500.0,1150508.24,56.12
301668.SZ,20260930,30.04,29.81,30.39,29.81,123400.0,3681468.16,29.83
301669.SZ,20260930,25.45,25.37,25.47,25.37,35000.0,888508.96,25.39
301677.SZ,20260930,52.48,51.97,52.49,51.97,82600.0,4302069.12,52.08
301678.SZ,20260930,53.0,53.0,53.3,52.66,70800.0,3750374.08,52.97
301680.SZ,20260930,97.41,97.27,97.98,97.27,2300.0,224591.0,97.65
301682.SZ,20260930,104.53,104.53,104.89,104.2,18872.0,1972972.32,104.55
301683.SZ,20260930,101.0,101.85,101.85,100.9,18600.0,1891996.96,101.72
301686.SZ,20260930,187.08,186.88,189.0,186.88,102102.0,19099445.76,187.06
301687.SZ,20260930,50.99,50.9,50.99,50.8,9100.0,463524.0,50.94
301688.SZ,20260930,38.48,38.14,38.52,38.14,51800.0,1981577.92,38.25
301689.SZ,20260930,75.51,75.03,76.16,75.03,725632.0,54584616.96,75.22
301696.SZ,20260930,88.91,88.95,88.98,88.8,9000.0,800299.04,88.92
301697.SZ,20260930,27.61,27.34,27.65,27.34,293300.0,8040739.84,27.42
301699.SZ,20260930,38.57,38.38,38.85,38.38,1420544.96,54654515.2,38.47
301707.SZ,20260930,71.14,71.0,71.52,71.0,42400.0,3014577.92,71.1
301716.SZ,20260930,601.0,598.0,606.0,596.33,438662.0,262582005.76,598.6
301717.SZ,20260930,355.0,355.0,355.07,352.35,8000.0,2835423.04,354.43
302132.SZ,20260930,57.2,57.19,57.25,57.16,37900.0,2167732.0,57.2
600000.SH,20260930,9.22,9.22,9.22,9.22,237000.0,2185140.0,9.22
600004.SH,20260930,7.63,7.65,7.65,7.63,45300.0,346517.0,7.65
600006.SH,20260930,5.57,5.57,5.57,5.57,371000.0,2066470.08,5.57
600007.SH,20260930,20.15,20.15,20.15,20.15,26100.0,525915.0,20.15
600008.SH,20260930,2.71,2.71,2.71,2.71,133350.0,361379.0,2.71
600009.SH,20260930,22.39,22.39,22.39,22.39,2400.0,53736.0,22.39
600010.SH,20260930,2.08,2.08,2.08,2.08,740859.04,1540987.04,2.08
600011.SH,20260930,6.95,6.95,6.95,6.95,148700.0,1033464.96,6.95
600012.SH,20260930,15.44,15.44,15.44,15.44,2200.0,33968.0,15.44
600015.SH,20260930,6.22,6.22,6.22,6.22,227100.0,1412561.92,6.22
600016.SH,20260930,3.47,3.47,3.47,3.47,370738.0,1286460.96,3.47
600017.SH,20260930,2.81,2.81,2.81,2.81,27600.0,77556.0,2.81
600018.SH,20260930,5.42,5.42,5.42,5.42,83400.0,452028.0,5.42
600019.SH,20260930,5.86,5.86,5.86,5.86,418560.0,2452761.92,5.86
600020.SH,20260930,3.83,3.83,3.83,3.83,33500.0,128305.0,3.83
600021.SH,20260930,12.81,12.81,12.81,12.81,8800.0,112728.0,12.81
600022.SH,20260930,1.29,1.29,1.29,1.29,328000.0,423120.0,1.29
600023.SH,20260930,5.19,5.19,5.19,5.19,137400.0,713106.0,5.19
600025.SH,20260930,9.8,9.8,9.8,9.8,58900.0,577220.0,9.8
600026.SH,20260930,20.31,20.31,20.31,20.31,305600.0,6206736.0,20.31
600027.SH,20260930,4.87,4.87,4.87,4.87,111000.0,540570.0,4.87
600028.SH,20260930,5.21,5.21,5.21,5.21,2230900.0,11622988.8,5.21
600029.SH,20260930,4.85,4.85,4.85,4.85,262900.0,1275064.96,4.85
600030.SH,20260930,25.9,25.9,25.9,25.9,343400.0,8894060.16,25.9
600031.SH,20260930,17.06,17.06,17.06,17.06,183500.0,3130510.08,17.06
600032.SH,20260930,8.09,8.09,8.09,8.09,4325299.84,34991674.88,8.09
600033.SH,20260930,3.62,3.62,3.62,3.62,80600.0,291772.0,3.62
600035.SH,20260930,3.67,3.67,3.67,3.67,33300.0,122211.0,3.67
600036.SH,20260930,40.59,40.59,40.59,40.59,207000.0,8402129.92,40.59
600037.SH,20260930,7.11,7.11,7.11,7.11,131000.0,931410.0,7.11
600038.SH,20260930,26.73,26.73,26.73,26.73,18700.0,499851.0,26.73
600039.SH,20260930,8.78,8.78,8.78,8.78,116500.0,1022870.0,8.78
600048.SH,20260930,5.63,5.63,5.63,5.63,12416199.68,69903206.4,5.63
600050.SH,20260930,4.17,4.17,4.17,4.17,222200.0,926574.0,4.17
600051.SH,20260930,6.39,6.39,6.39,6.39,96800.0,618552.0,6.39
600052.SH,20260930,3.8,3.8,3.8,3.8,59900.0,227620.0,3.8
600053.SH,20260930,7.73,7.73,7.73,7.73,7100.0,54883.0,7.73
600054.SH,20260930,10.53,10.53,10.53,10.53,21100.0,222183.0,10.53
600055.SH,20260930,10.5,10.5,10.5,10.5,15700.0,164850.0,10.5
600056.SH,20260930,8.78,8.78,8.78,8.78,27800.0,244084.0,8.78
600057.SH,20260930,6.0,6.0,6.0,6.0,5700.0,34200.0,6.0
600058.SH,20260930,8.56,8.56,8.56,8.56,20000.0,171200.0,8.56
600059.SH,20260930,11.37,11.37,11.37,11.37,1238103.04,14077231.36,11.37
600060.SH,20260930,27.34,27.34,27.34,27.34,5100.0,139434.0,27.34
600061.SH,20260930,6.15,6.15,6.15,6.15,118300.0,727544.96,6.15
600062.SH,20260930,15.97,15.97,15.97,15.97,9600.0,153312.0,15.97
600063.SH,20260930,5.37,5.37,5.37,5.37,296400.0,1591668.0,5.37
600064.SH,20260930,7.75,7.75,7.75,7.75,130100.0,1008275.04,7.75
600066.SH,20260930,26.1,26.1,26.1,26.1,380200.0,9923219.84,26.1
600067.SH,20260930,2.63,2.63,2.63,2.63,150300.0,395289.0,2.63
600071.SH,20260930,16.25,16.25,16.25,16.25,800.0,13000.0,16.25
600072.SH,20260930,8.85,8.85,8.85,8.85,25300.0,223905.0,8.85
600073.SH,20260930,5.49,5.49,5.49,5.49,13500.0,74115.0,5.49
600075.SH,20260930,4.54,4.54,4.54,4.54,34300.0,155722.0,4.54
600076.SH,20260930,2.15,2.15,2.15,2.15,312200.0,671230.0,2.15
600078.SH,20260930,9.8,9.8,9.8,9.8,9400.0,92120.0,9.8
600079.SH,20260930,18.92,18.92,18.92,18.92,39900.0,754908.0,18.92
600080.SH,20260930,4.63,4.63,4.63,4.63,48400.0,224092.0,4.63
600081.SH,20260930,10.77,10.77,10.77,10.77,21900.0,235863.0,10.77
600082.SH,20260930,3.34,3.34,3.34,3.34,55600.0,185704.0,3.34
600084.SH,20260930,4.35,4.35,4.35,4.35,100.0,435.0,4.35
600085.SH,20260930,23.38,23.38,23.38,23.38,23400.0,547092.0,23.38
600088.SH,20260930,13.55,13.55,13.55,13.55,169800.0,2300790.08,13.55
600089.SH,20260930,17.18,17.18,17.18,17.18,110400.0,1896672.0,17.18
600094.SH,20260930,4.09,4.09,4.09,4.09,88100.0,360329.0,4.09
600095.SH,20260930,8.93,8.93,8.93,8.93,645400.0,5763422.08,8.93
600096.SH,20260930,27.32,27.32,27.32,27.32,39600.0,1081872.0,27.32
600097.SH,20260930,9.34,9.34,9.34,9.34,8400.0,78456.0,9.34
600098.SH,20260930,6.22,6.22,6.22,6.22,50200.0,312244.0,6.22
600099.SH,20260930,9.51,9.51,9.51,9.51,20200.0,192102.0,9.51
600100.SH,20260930,6.54,6.54,6.54,6.54,67800.0,443412.0,6.54
600101.SH,20260930,7.81,7.81,7.81,7.81,7800.0,60918.0,7.81
600103.SH,20260930,3.46,3.46,3.46,3.46,900900.0,3117113.92,3.46
600104.SH,20260930,10.71,10.71,10.71,10.71,102000.0,1092420.0,10.71
600105.SH,20260930,37.49,37.47,37.49,37.41,681100.0,25520215.04,37.47
600106.SH,20260930,4.45,4.45,4.45,4.45,9200.0,40940.0,4.45
600107.SH,20260930,5.58,5.58,5.58,5.58,4100.0,22878.0,5.58
600108.SH,20260930,3.9,3.9,3.9,3.9,286700.0,1118130.0,3.9
600109.SH,20260930,8.11,8.11,8.11,8.11,22200.0,180042.0,8.11
600110.SH,20260930,11.26,11.26,11.26,11.26,438300.0,4935257.92,11.26
600111.SH,20260930,35.5,35.5,35.5,35.5,73500.0,2609249.92,35.5
600113.SH,20260930,27.89,27.89,27.89,27.89,2500.0,69725.0,27.89
600114.SH,20260930,25.43,25.43,25.43,25.43,5700.0,144951.0,25.43
600115.SH,20260930,3.35,3.35,3.35,3.35,1839400.0,6161989.76,3.35
600116.SH,20260930,6.08,6.08,6.08,6.08,15400.0,93632.0,6.08
600117.SH,20260930,2.17,2.17,2.17,2.17,1900.0,4123.0,2.17
600118.SH,20260930,55.65,55.65,55.65,55.65,79700.0,4435304.96,55.65
600119.SH,20260930,4.83,4.83,4.83,4.83,5000.0,24150.0,4.83
600120.SH,20260930,4.63,4.63,4.63,4.63,47000.0,217610.0,4.63
600121.SH,20260930,5.33,5.33,5.33,5.33,1729900.0,9220366.72,5.33
600123.SH,20260930,6.82,6.82,6.82,6.82,64800.0,441936.0,6.82
600125.SH,20260930,5.23,5.23,5.23,5.23,10600.0,55438.0,5.23
600126.SH,20260930,6.08,6.08,6.08,6.08,126300.0,767904.0,6.08
600127.SH,20260930,12.8,12.8,12.83,12.8,4570919.04,58508216.32,12.8
600128.SH,20260930,8.67,8.67,8.67,8.67,11300.0,97971.0,8.67
600129.SH,20260930,13.21,13.21,13.21,13.21,29700.0,392337.0,13.21
600130.SH,20260930,4.61,4.61,4.61,4.61,33400.0,153974.0,4.61
600131.SH,20260930,14.05,14.05,14.05,14.05,10200.0,143310.0,14.05
600132.SH,20260930,37.39,37.4,37.4,37.39,14900.0,557259.0,37.4
600133.SH,20260930,7.76,7.76,7.76,7.76,10100.0,78376.0,7.76
600135.SH,20260930,7.54,7.54,7.54,7.54,10600.0,79924.0,7.54
600136.SH,20260930,1.46,1.46,1.46,1.46,112800.0,164688.0,1.46
600137.SH,20260930,18.4,18.4,18.4,18.4,8000.0,147200.0,18.4
600138.SH,20260930,6.94,6.94,6.94,6.94,19000.0,131860.0,6.94
600141.SH,20260930,26.6,26.6,26.6,26.6,75300.0,2002980.0,26.6
600143.SH,20260930,12.75,12.75,12.75,12.75,29000.0,369750.0,12.75
600148.SH,20260930,15.92,15.92,15.92,15.92,14700.0,234024.0,15.92
600149.SH,20260930,5.14,5.14,5.14,5.14,54400.0,279616.0,5.14
600150.SH,20260930,39.13,39.13,39.14,39.13,768983.04,30090316.8,39.13
600151.SH,20260930,9.18,9.18,9.18,9.18,23100.0,212058.0,9.18
600152.SH,20260930,8.81,8.81,8.81,8.81,2407600.0,21210955.52,8.81
600153.SH,20260930,8.6,8.6,8.6,8.6,316900.0,2725340.16,8.6
600155.SH,20260930,5.94,5.94,5.94,5.94,30800.0,182952.0,5.94
600156.SH,20260930,7.77,7.77,7.77,7.77,856900.0,6658113.28,7.77
600157.SH,20260930,1.45,1.45,1.46,1.45,3713800.0,5385059.84,1.45
600158.SH,20260930,6.99,6.99,6.99,6.99,7900.0,55221.0,6.99
600159.SH,20260930,2.81,2.8,2.81,2.8,659200.0,1846328.96,2.8
600160.SH,20260930,33.29,33.27,33.29,33.21,48900.0,1626908.96,33.27
600161.SH,20260930,12.12,12.12,12.12,12.12,6900.0,83628.0,12.12
600162.SH,20260930,4.37,4.37,4.37,4.37,395300.0,1727460.96,4.37
600163.SH,20260930,5.55,5.55,5.55,5.55,1191100.0,6610604.8,5.55
600165.SH,20260930,3.32,3.32,3.32,3.32,177400.0,588968.0,3.32
600166.SH,20260930,2.77,2.76,2.77,2.76,167300.0,461953.0,2.76
600167.SH,20260930,5.55,5.55,5.55,5.55,4300.0,23865.0,5.55
600168.SH,20260930,4.41,4.41,4.41,4.41,39100.0,172431.0,4.41
600169.SH,20260930,2.18,2.18,2.18,2.18,192300.0,419214.0,2.18
600170.SH,20260930,2.21,2.21,2.21,2.21,708400.0,1565564.0,2.21
600171.SH,20260930,22.27,22.27,22.27,22.27,11900.0,265013.0,22.27
600172.SH,20260930,14.93,14.93,14.93,14.93,978300.0,14606018.56,14.93
600173.SH,20260930,5.93,5.93,5.93,5.93,37900.0,224747.0,5.93
600176.SH,20260930,39.92,39.91,39.94,39.88,1011100.0,40347975.68,39.91
600177.SH,20260930,8.3,8.3,8.3,8.3,48884.0,405737.0,8.3
600178.SH,20260930,10.01,10.01,10.02,10.01,85700.0,857872.0,10.01
600179.SH,20260930,4.36,4.36,4.36,4.36,48300.0,210588.0,4.36
600180.SH,20260930,1.51,1.51,1.51,1.51,102000.0,154020.0,1.51
600182.SH,20260930,12.42,12.42,12.42,12.42,18000.0,223560.0,12.42
600183.SH,20260930,133.9,133.9,133.9,133.9,179100.0,23981491.2,133.9
600184.SH,20260930,18.39,18.39,18.39,18.39,61900.0,1138340.96,18.39
600185.SH,20260930,4.78,4.78,4.78,4.77,69300.0,331245.0,4.78
600186.SH,20260930,11.63,11.63,11.63,11.63,510900.0,5941767.04,11.63
600187.SH,20260930,1.25,1.25,1.25,1.25,41400.0,51750.0,1.25
600188.SH,20260930,19.15,19.14,19.15,19.13,55300.0,1058467.04,19.14
600189.SH,20260930,9.1,9.1,9.1,9.1,1735700.0,15794869.76,9.1
600191.SH,20260930,8.72,8.72,8.72,8.72,8700.0,75864.0,8.72
600192.SH,20260930,7.28,7.28,7.28,7.28,49800.0,362544.0,7.28
600195.SH,20260930,6.69,6.69,6.69,6.69,4800.0,32112.0,6.69
600196.SH,20260930,23.44,23.47,23.5,23.4,148800.0,3491920.96,23.47
600197.SH,20260930,9.19,9.19,9.19,9.19,4100.0,37679.0,9.19
600198.SH,20260930,7.33,7.32,7.33,7.32,27000.0,197673.0,7.32
600199.SH,20260930,7.02,7.02,7.03,7.02,221885.0,1557807.04,7.02
600201.SH,20260930,11.43,11.43,11.43,11.43,4500.0,51435.0,11.43
600202.SH,20260930,5.26,5.26,5.26,5.26,50600.0,266156.0,5.26
600203.SH,20260930,9.9,9.9,9.9,9.9,36600.0,362340.0,9.9
600206.SH,20260930,49.05,49.05,49.05,49.05,460600.0,22592430.08,49.05
600207.SH,20260930,5.38,5.38,5.38,5.38,413700.0,2225705.92,5.38
600208.SH,20260930,2.88,2.88,2.88,2.88,828600.0,2386368.0,2.88
600210.SH,20260930,6.28,6.26,6.28,6.25,53700.0,336229.0,6.26
600211.SH,20260930,35.76,35.76,35.76,35.76,7700.0,275352.0,35.76
600212.SH,20260930,5.82,5.82,5.82,5.82,58300.0,339306.0,5.82
600215.SH,20260930,6.38,6.38,6.38,6.38,30500.0,194590.0,6.38
600216.SH,20260930,12.22,12.22,12.22,12.22,30500.0,372710.0,12.22
600217.SH,20260930,3.27,3.27,3.27,3.27,36400.0,119028.0,3.27
600218.SH,20260930,7.93,7.93,7.93,7.93,42500.0,337025.0,7.93
600219.SH,20260930,4.67,4.67,4.67,4.67,1092900.0,5103842.88,4.67
600221.SH,20260930,1.21,1.21,1.22,1.21,1058800.0,1281164.96,1.21
600222.SH,20260930,7.93,7.93,7.93,7.93,94900.0,752556.96,7.93
600223.SH,20260930,5.67,5.67,5.67,5.67,6100.0,34587.0,5.67
600226.SH,20260930,5.32,5.32,5.32,5.32,53500.0,284620.0,5.32
600227.SH,20260930,3.85,3.85,3.85,3.85,427900.0,1647415.04,3.85
600228.SH,20260930,10.27,10.27,10.27,10.27,63700.0,654199.0,10.27
600229.SH,20260930,5.86,5.86,5.86,5.86,20900.0,122474.0,5.86
600230.SH,20260930,13.3,13.3,13.3,13.3,56000.0,744800.0,13.3
600231.SH,20260930,1.66,1.66,1.66,1.65,419100.0,695704.96,1.66
600232.SH,20260930,6.81,6.81,6.81,6.81,78700.0,535947.0,6.81
600233.SH,20260930,17.88,17.88,17.88,17.88,42700.0,763476.0,17.88
600234.SH,20260930,19.71,19.71,19.71,19.71,1100.0,21681.0,19.71
600235.SH,20260930,5.97,5.97,5.97,5.97,9200.0,54924.0,5.97
600236.SH,20260930,9.23,9.23,9.23,9.23,30700.0,283361.0,9.23
600237.SH,20260930,9.21,9.21,9.21,9.21,237000.0,2182769.92,9.21
600238.SH,20260930,4.02,4.02,4.02,4.02,1800.0,7236.0,4.02
600239.SH,20260930,1.42,1.42,1.42,1.42,1219500.0,1731689.92,1.42
600241.SH,20260930,9.72,9.72,9.72,9.72,1858900.0,18068508.16,9.72
600243.SH,20260930,3.59,3.59,3.59,3.59,75600.0,271404.0,3.59
600246.SH,20260930,13.15,13.15,13.15,13.15,281400.0,3700409.92,13.15
600248.SH,20260930,2.83,2.83,2.83,2.83,11900.0,33677.0,2.83
600249.SH,20260930,5.38,5.38,5.38,5.38,10600.0,57028.0,5.38
600250.SH,20260930,8.91,8.91,8.91,8.91,6500.0,57915.0,8.91
600251.SH,20260930,9.79,9.79,9.79,9.79,88900.0,870331.04,9.79
600252.SH,20260930,2.17,2.17,2.17,2.17,15500.0,33635.0,2.17
600255.SH,20260930,3.4,3.4,3.4,3.4,85600.0,291040.0,3.4
600256.SH,20260930,6.65,6.65,6.65,6.65,402500.0,2676624.96,6.65
600257.SH,20260930,5.47,5.47,5.47,5.47,28100.0,153707.0,5.47
600258.SH,20260930,11.01,11.01,11.01,11.01,51500.0,567015.0,11.01
600259.SH,20260930,74.4,74.4,74.4,74.4,8500.0,632400.0,74.4
600261.SH,20260930,3.27,3.27,3.27,3.27,35500.0,116085.0,3.27
600262.SH,20260930,14.59,14.59,14.59,14.59,34980.0,510358.0,14.59
600265.SH,20260930,22.55,22.55,22.55,22.55,1000.0,22550.0,22.55
600266.SH,20260930,4.42,4.42,4.42,4.42,1000300.0,4421326.08,4.42
600267.SH,20260930,11.4,11.4,11.4,11.4,44300.0,505020.0,11.4
600268.SH,20260930,10.06,10.06,10.06,10.06,30200.0,303812.0,10.06
600269.SH,20260930,3.77,3.77,3.77,3.77,8700.0,32799.0,3.77
600271.SH,20260930,6.66,6.66,6.66,6.66,12200.0,81252.0,6.66
600272.SH,20260930,15.0,15.0,15.0,15.0,38300.0,574500.0,15.0
600273.SH,20260930,6.15,6.15,6.15,6.15,14300.0,87945.0,6.15
600276.SH,20260930,45.55,45.6,45.62,45.3,944000.0,43024046.08,45.58
600278.SH,20260930,6.55,6.55,6.55,6.55,12200.0,79910.0,6.55
600279.SH,20260930,4.29,4.29,4.29,4.29,13700.0,58773.0,4.29
600280.SH,20260930,3.02,3.02,3.02,3.02,51600.0,155832.0,3.02
600281.SH,20260930,4.7,4.7,4.7,4.7,61500.0,289050.0,4.7
600282.SH,20260930,4.43,4.43,4.43,4.43,93800.0,415534.0,4.43
600283.SH,20260930,8.08,8.08,8.08,8.08,26200.0,211696.0,8.08
600284.SH,20260930,5.1,5.1,5.1,5.1,59500.0,303450.0,5.1
600285.SH,20260930,18.7,18.68,18.72,18.68,20900.0,390486.0,18.68
600287.SH,20260930,5.05,5.05,5.05,5.05,10300.0,52015.0,5.05
600288.SH,20260930,10.62,10.62,10.62,10.62,39300.0,417366.0,10.62
600289.SH,20260930,4.26,4.26,4.26,4.26,6000.0,25560.0,4.26
600292.SH,20260930,11.15,11.15,11.15,11.15,7600.0,84740.0,11.15
600293.SH,20260930,3.93,3.93,3.93,3.93,0.0,0.0,3.93
600295.SH,20260930,12.83,12.83,12.83,12.83,11800.0,151394.0,12.83
600298.SH,20260930,37.39,37.39,37.39,37.39,21800.0,815102.0,37.39
600299.SH,20260930,8.08,8.08,8.08,8.08,65800.0,531664.0,8.08
600300.SH,20260930,3.05,3.05,3.05,3.05,16000.0,48800.0,3.05
600301.SH,20260930,48.98,48.98,48.98,48.98,43400.0,2125732.0,48.98
600302.SH,20260930,6.74,6.74,6.74,6.74,32200.0,217028.0,6.74
600303.SH,20260930,3.07,3.07,3.07,3.07,256100.0,786227.04,3.07
600305.SH,20260930,6.66,6.66,6.66,6.66,20900.0,139194.0,6.66
600307.SH,20260930,1.47,1.47,1.47,1.47,146500.0,215355.0,1.47
600308.SH,20260930,3.26,3.26,3.26,3.26,16300.0,53138.0,3.26
600309.SH,20260930,67.72,67.72,67.72,67.72,93500.0,6331820.16,67.72
600310.SH,20260930,4.6,4.6,4.6,4.6,537800.0,2473880.0,4.6
600312.SH,20260930,19.95,19.95,19.95,19.95,72700.0,1450364.96,19.95
600313.SH,20260930,6.54,6.54,6.54,6.54,200100.0,1308654.0,6.54
600315.SH,20260930,17.77,17.76,17.77,17.76,65000.0,1154404.96,17.76
600316.SH,20260930,33.11,33.11,33.11,33.11,23500.0,778084.96,33.11
600318.SH,20260930,6.87,6.87,6.87,6.87,67700.0,465099.0,6.87
600319.SH,20260930,6.33,6.33,6.33,6.33,2700.0,17091.0,6.33
600320.SH,20260930,4.01,4.01,4.01,4.01,104000.0,417040.0,4.01
600322.SH,20260930,2.78,2.78,2.78,2.78,771400.0,2144492.0,2.78
600323.SH,20260930,29.1,29.1,29.1,29.1,1500.0,43650.0,29.1
600325.SH,20260930,2.91,2.91,2.91,2.91,7598599.68,22111925.76,2.91
600326.SH,20260930,6.71,6.7,6.71,6.7,112000.0,750455.04,6.7
600327.SH,20260930,3.87,3.87,3.87,3.87,83200.0,321984.0,3.87
600328.SH,20260930,5.6,5.6,5.6,5.6,28900.0,161840.0,5.6
600329.SH,20260930,34.85,34.85,34.85,34.85,10900.0,379865.0,34.85
600330.SH,20260930,28.15,28.15,28.15,28.15,231500.0,6516725.12,28.15
600331.SH,20260930,11.73,11.73,11.73,11.73,86700.0,1016991.04,11.73
600332.SH,20260930,19.4,19.4,19.4,19.4,7900.0,153260.0,19.4
600333.SH,20260930,6.71,6.71,6.71,6.71,36000.0,241560.0,6.71
600335.SH,20260930,5.2,5.2,5.2,5.2,47400.0,246480.0,5.2
600336.SH,20260930,6.39,6.39,6.39,6.39,4000.0,25560.0,6.39
600337.SH,20260930,3.7,3.7,3.7,3.7,791200.0,2927440.0,3.7
600338.SH,20260930,11.9,11.9,11.9,11.9,48900.0,581910.0,11.9
600339.SH,20260930,3.2,3.2,3.2,3.2,210200.0,672640.0,3.2
600340.SH,20260930,1.33,1.33,1.33,1.33,4316200.0,5740545.92,1.33
600343.SH,20260930,19.3,19.3,19.3,19.3,146000.0,2817800.0,19.3
600345.SH,20260930,47.4,47.4,47.4,47.4,22300.0,1057020.0,47.4
600346.SH,20260930,16.07,16.09,16.09,16.07,127100.0,2044808.0,16.09
600348.SH,20260930,8.72,8.72,8.72,8.72,155400.0,1355088.0,8.72
600350.SH,20260930,9.95,9.95,9.95,9.95,25700.0,255715.0,9.95
600351.SH,20260930,6.7,6.7,6.7,6.7,80800.0,541360.0,6.7
600352.SH,20260930,12.17,12.17,12.17,12.17,135900.0,1653903.04,12.17
600353.SH,20260930,29.5,29.5,29.5,29.5,83300.0,2457350.08,29.5
600354.SH,20260930,9.05,9.05,9.05,9.05,339100.0,3068855.04,9.05
600356.SH,20260930,10.84,10.84,10.84,10.84,368600.0,3995624.0,10.84
600358.SH,20260930,5.8,5.85,5.85,5.8,327500.0,1915158.08,5.85
600359.SH,20260930,7.26,7.26,7.26,7.26,136000.0,987360.0,7.26
600360.SH,20260930,11.42,11.42,11.42,11.42,1577600.0,18016192.0,11.42
600361.SH,20260930,3.46,3.46,3.46,3.46,33700.0,116602.0,3.46
600362.SH,20260930,41.74,41.74,41.74,41.74,127700.0,5330198.08,41.74
600363.SH,20260930,12.2,12.2,12.2,12.2,463700.0,5657139.84,12.2
600365.SH,20260930,2.85,2.85,2.85,2.85,100.0,285.0,2.85
600366.SH,20260930,10.76,10.76,10.76,10.76,16500.0,177540.0,10.76
600367.SH,20260930,34.73,34.59,34.86,34.59,107100.0,3706326.08,34.61
600368.SH,20260930,4.13,4.13,4.13,4.13,51900.0,214347.0,4.13
600369.SH,20260930,3.91,3.91,3.91,3.91,124100.0,485231.0,3.91
600370.SH,20260930,1.44,1.44,1.44,1.44,48300.0,69552.0,1.44
600371.SH,20260930,12.6,12.6,12.6,12.6,955000.0,12032999.68,12.6
600372.SH,20260930,11.15,11.15,11.15,11.15,82300.0,917644.96,11.15
600373.SH,20260930,7.52,7.52,7.52,7.52,18900.0,142128.0,7.52
600375.SH,20260930,3.68,3.68,3.68,3.68,105000.0,386400.0,3.68
600376.SH,20260930,3.28,3.32,3.33,3.27,5736099.84,18982626.56,3.31
600377.SH,20260930,12.99,12.99,12.99,12.99,17300.0,224727.0,12.99
600378.SH,20260930,42.08,42.08,42.08,42.08,106420.0,4478153.92,42.08
600379.SH,20260930,14.29,14.29,14.29,14.29,7840.0,112034.0,14.29
600380.SH,20260930,9.93,9.93,9.93,9.93,381600.0,3789288.0,9.93
600381.SH,20260930,4.14,4.14,4.14,4.14,3400.0,14076.0,4.14
600382.SH,20260930,5.57,5.57,5.57,5.57,166300.0,926291.04,5.57
600383.SH,20260930,2.47,2.47,2.47,2.47,12641871.36,31225423.36,2.47
600386.SH,20260930,3.57,3.57,3.57,3.57,41100.0,146727.0,3.57
600388.SH,20260930,16.69,16.69,16.69,16.69,4700.0,78443.0,16.69
600389.SH,20260930,17.49,17.49,17.49,17.49,7100.0,124179.0,17.49
600390.SH,20260930,4.8,4.8,4.8,4.8,95200.0,456960.0,4.8
600391.SH,20260930,41.11,41.11,41.11,41.11,23700.0,974307.04,41.11
600392.SH,20260930,20.28,20.28,20.28,20.28,107800.0,2186184.0,20.28
600395.SH,20260930,4.95,4.95,4.95,4.95,61100.0,302445.0,4.95
600396.SH,20260930,12.47,12.47,12.47,12.47,411000.0,5125169.92,12.47
600397.SH,20260930,16.1,16.15,16.15,16.06,223000.0,3599518.08,16.14
600398.SH,20260930,5.62,5.62,5.62,5.62,30100.0,169162.0,5.62
600399.SH,20260930,4.27,4.27,4.27,4.27,63700.0,271999.0,4.27
600400.SH,20260930,3.33,3.33,3.33,3.33,146600.0,488178.0,3.33
600403.SH,20260930,7.03,7.03,7.03,7.03,628100.0,4415543.04,7.03
600405.SH,20260930,5.02,5.02,5.02,5.02,14700.0,73794.0,5.02
600406.SH,20260930,22.25,22.25,22.25,22.25,187500.0,4171874.88,22.25
600408.SH,20260930,3.03,3.03,3.03,3.03,100500.0,304515.0,3.03
600409.SH,20260930,6.06,6.06,6.06,6.06,10600.0,64236.0,6.06
600410.SH,20260930,14.72,14.72,14.72,14.72,204100.0,3004352.0,14.72
600415.SH,20260930,10.73,10.73,10.73,10.73,119700.0,1284380.96,10.73
600416.SH,20260930,8.17,8.17,8.17,8.17,5400.0,44118.0,8.17
600418.SH,20260930,26.03,26.03,26.03,26.03,3243968.0,84440488.96,26.03
600419.SH,20260930,8.82,8.82,8.82,8.82,4200.0,37044.0,8.82
600420.SH,20260930,8.23,8.23,8.23,8.23,10700.0,88061.0,8.23
600422.SH,20260930,8.0,8.0,8.0,8.0,20100.0,160800.0,8.0
600423.SH,20260930,2.63,2.63,2.63,2.63,26900.0,70747.0,2.63
600425.SH,20260930,3.65,3.65,3.65,3.65,187300.0,683644.96,3.65
600426.SH,20260930,19.11,19.11,19.11,19.11,43800.0,837018.0,19.11
600428.SH,20260930,10.45,10.45,10.45,10.45,35900.0,375155.0,10.45
600429.SH,20260930,4.75,4.75,4.75,4.75,126200.0,599450.0,4.75
600433.SH,20260930,3.24,3.24,3.24,3.24,28100.0,91044.0,3.24
600435.SH,20260930,10.9,10.9,10.9,10.9,19100.0,208190.0,10.9
600436.SH,20260930,115.26,115.26,115.26,115.26,4000.0,461040.0,115.26
600438.SH,20260930,11.09,11.09,11.09,11.09,206600.0,2291193.92,11.09
600439.SH,20260930,1.84,1.84,1.84,1.84,1800.0,3312.0,1.84
600444.SH,20260930,14.67,14.67,14.67,14.67,11700.0,171639.0,14.67
600446.SH,20260930,10.56,10.56,10.56,10.56,102500.0,1082400.0,10.56
600448.SH,20260930,3.15,3.15,3.15,3.15,991700.0,3123855.04,3.15
600449.SH,20260930,12.53,12.53,12.53,12.53,8400.0,105252.0,12.53
600452.SH,20260930,8.72,8.72,8.72,8.72,29500.0,257240.0,8.72
600455.SH,20260930,24.99,24.99,24.99,24.99,12900.0,322371.0,24.99
600456.SH,20260930,24.59,24.59,24.59,24.59,7000.0,172130.0,24.59
600458.SH,20260930,10.95,10.95,10.95,10.95,32200.0,352590.0,10.95
600459.SH,20260930,18.05,18.05,18.05,18.05,25600.0,462080.0,18.05
600460.SH,20260930,32.29,32.29,32.29,32.29,130200.0,4204158.08,32.29
600461.SH,20260930,8.76,8.76,8.76,8.76,43900.0,384564.0,8.76
600463.SH,20260930,8.41,8.41,8.41,8.41,77000.0,647570.0,8.41
600467.SH,20260930,2.43,2.43,2.43,2.43,97500.0,236925.0,2.43
600468.SH,20260930,5.9,5.9,5.9,5.9,15400.0,90860.0,5.9
600469.SH,20260930,4.91,4.91,4.91,4.91,9500.0,46645.0,4.91
600470.SH,20260930,5.5,5.5,5.5,5.5,17600.0,96800.0,5.5
600475.SH,20260930,14.34,14.34,14.34,14.34,2600.0,37284.0,14.34
600476.SH,20260930,9.97,9.97,9.97,9.97,2500.0,24925.0,9.97
600477.SH,20260930,2.42,2.42,2.42,2.42,11200.0,27104.0,2.42
600478.SH,20260930,4.5,4.5,4.5,4.5,62800.0,282600.0,4.5
600479.SH,20260930,11.95,11.95,11.95,11.95,780700.0,9329365.12,11.95
600480.SH,20260930,7.66,7.66,7.66,7.66,39300.0,301038.0,7.66
600481.SH,20260930,3.96,3.96,3.96,3.96,207500.0,821700.0,3.96
600482.SH,20260930,33.89,33.89,33.89,33.89,22800.0,772692.0,33.89
600483.SH,20260930,10.83,10.83,10.83,10.83,50200.0,543666.0,10.83
600486.SH,20260930,50.26,50.26,50.26,50.26,3600.0,180936.0,50.26
600487.SH,20260930,57.55,57.55,57.55,57.55,1485000.0,85461749.76,57.55
600488.SH,20260930,6.85,6.85,6.85,6.85,7160600.32,49050112.0,6.85
600489.SH,20260930,21.59,21.59,21.59,21.59,590500.0,12748894.72,21.59
600490.SH,20260930,6.7,6.7,6.7,6.7,45400.0,304180.0,6.7
600491.SH,20260930,1.54,1.54,1.54,1.54,488700.0,752598.0,1.54
600493.SH,20260930,6.58,6.58,6.58,6.58,32800.0,215824.0,6.58
600495.SH,20260930,4.09,4.09,4.09,4.09,13500.0,55215.0,4.09
600496.SH,20260930,3.33,3.33,3.33,3.33,7400.0,24642.0,3.33
600497.SH,20260930,8.94,8.94,8.94,8.94,394952.0,3530871.04,8.94
600498.SH,20260930,36.6,36.6,36.6,36.6,278000.0,10174800.0,36.6
600499.SH,20260930,11.08,11.08,11.08,11.08,185400.0,2054232.0,11.08
600500.SH,20260930,5.1,5.1,5.1,5.1,394300.0,2010929.92,5.1
600501.SH,20260930,14.57,14.57,14.57,14.57,7900.0,115103.0,14.57
600502.SH,20260930,4.17,4.17,4.17,4.17,121100.0,504987.0,4.17
600503.SH,20260930,2.45,2.45,2.45,2.45,4956700.16,12143915.52,2.45
600505.SH,20260930,10.34,10.34,10.34,10.34,17800.0,184052.0,10.34
600506.SH,20260930,16.37,16.37,16.37,16.37,137500.0,2250875.04,16.37
600507.SH,20260930,3.99,3.99,3.99,3.99,16500.0,65835.0,3.99
600508.SH,20260930,10.37,10.37,10.37,10.37,12800.0,132736.0,10.37
600509.SH,20260930,7.19,7.19,7.19,7.19,33700.0,242303.0,7.19
600510.SH,20260930,6.62,6.62,6.62,6.62,50100.0,331662.0,6.62
600511.SH,20260930,25.83,25.83,25.83,25.83,3800.0,98154.0,25.83
600512.SH,20260930,2.09,2.09,2.09,2.09,165900.0,346731.0,2.09
600513.SH,20260930,15.0,15.0,15.0,15.0,48300.0,724500.0,15.0
600515.SH,20260930,2.7,2.7,2.7,2.7,145100.0,391770.0,2.7
600516.SH,20260930,5.28,5.28,5.28,5.28,123800.0,653664.0,5.28
600517.SH,20260930,4.87,4.87,4.87,4.87,21900.0,106653.0,4.87
600518.SH,20260930,1.33,1.33,1.33,1.33,394900.0,525217.0,1.33
600519.SH,20260930,1239.53,1239.53,1239.53,1239.53,16100.0,19956431.36,1239.53
600520.SH,20260930,25.41,25.41,25.41,25.41,18900.0,480249.0,25.41
600521.SH,20260930,15.97,15.97,15.97,15.97,31400.0,501458.0,15.97
600522.SH,20260930,31.71,31.7,31.71,31.7,754486.0,23917271.04,31.7
600523.SH,20260930,11.87,11.87,11.87,11.87,13500.0,160245.0,11.87
600525.SH,20260930,4.86,4.86,4.86,4.86,161000.0,782460.0,4.86
600526.SH,20260930,4.59,4.59,4.59,4.59,12500.0,57375.0,4.59
600527.SH,20260930,2.17,2.17,2.17,2.17,41500.0,90055.0,2.17
600528.SH,20260930,6.76,6.76,6.76,6.76,16900.0,114244.0,6.76
600529.SH,20260930,17.97,17.97,17.97,17.97,12500.0,224625.0,17.97
600530.SH,20260930,3.78,3.78,3.78,3.78,3800.0,14364.0,3.78
600531.SH,20260930,11.14,11.15,11.15,11.14,35800.0,399168.0,11.15
600533.SH,20260930,2.29,2.29,2.29,2.29,392500.0,898824.96,2.29
600535.SH,20260930,13.75,13.75,13.75,13.75,20200.0,277750.0,13.75
600536.SH,20260930,30.99,30.99,30.99,30.99,31500.0,976184.96,30.99
600537.SH,20260930,2.11,2.11,2.11,2.11,85300.0,179983.0,2.11
600538.SH,20260930,4.73,4.73,4.73,4.73,19300.0,91289.0,4.73
600539.SH,20260930,13.64,13.65,13.65,13.64,23300.0,318043.0,13.65
600540.SH,20260930,5.61,5.61,5.61,5.61,782200.0,4388142.08,5.61
600543.SH,20260930,4.04,4.04,4.04,4.04,22400.0,90496.0,4.04
600545.SH,20260930,3.99,3.99,3.99,3.99,64100.0,255759.0,3.99
600546.SH,20260930,12.94,12.94,12.94,12.94,66600.0,861804.0,12.94
600547.SH,20260930,26.69,26.7,26.7,26.65,1090600.0,29118592.0,26.7
600548.SH,20260930,8.08,8.08,8.08,8.08,89700.0,724776.0,8.08
600549.SH,20260930,43.95,43.95,43.95,43.95,44300.0,1946984.96,43.95
600550.SH,20260930,10.18,10.2,10.2,10.18,86900.0,886283.04,10.2
600551.SH,20260930,7.92,7.92,7.92,7.92,116728.0,924486.0,7.92
600552.SH,20260930,17.34,17.3,17.34,17.29,329800.0,5706090.88,17.3
600556.SH,20260930,4.66,4.66,4.66,4.66,174900.0,815034.0,4.66
600557.SH,20260930,12.1,12.1,12.1,12.1,3300.0,39930.0,12.1
600558.SH,20260930,4.77,4.77,4.77,4.77,66300.0,316251.0,4.77
600559.SH,20260930,10.8,10.81,10.81,10.8,12400.0,134022.0,10.81
600560.SH,20260930,11.55,11.55,11.55,11.55,11000.0,127050.0,11.55
600561.SH,20260930,6.07,6.08,6.08,6.07,34100.0,207327.0,6.08
600562.SH,20260930,26.57,26.57,26.57,26.57,17300.0,459661.0,26.57
600563.SH,20260930,116.48,116.48,116.48,116.48,7400.0,861952.0,116.48
600566.SH,20260930,24.86,24.86,24.86,24.86,1800.0,44748.0,24.86
600567.SH,20260930,1.31,1.31,1.31,1.31,267200.0,350032.0,1.31
600568.SH,20260930,2.4,2.4,2.4,2.4,0.0,0.0,2.4
600569.SH,20260930,1.8,1.8,1.8,1.8,150500.0,270900.0,1.8
600570.SH,20260930,19.38,19.38,19.38,19.38,25400.0,492252.0,19.38
600571.SH,20260930,10.29,10.28,10.29,10.28,9400.0,96633.0,10.28
600572.SH,20260930,4.24,4.24,4.24,4.24,55400.0,234896.0,4.24
600573.SH,20260930,10.3,10.3,10.3,10.3,80300.0,827090.0,10.3
600575.SH,20260930,3.13,3.13,3.13,3.13,49600.0,155248.0,3.13
600576.SH,20260930,5.38,5.38,5.38,5.38,47300.0,254474.0,5.38
600577.SH,20260930,8.3,8.28,8.3,8.28,97500.0,807590.0,8.28
600578.SH,20260930,5.16,5.15,5.16,5.15,78800.0,405878.0,5.15
600579.SH,20260930,7.06,7.06,7.06,7.06,11000.0,77660.0,7.06
600580.SH,20260930,26.15,26.15,26.17,26.15,46820.0,1224360.0,26.15
600581.SH,20260930,2.45,2.45,2.45,2.45,1600.0,3920.0,2.45
600582.SH,20260930,4.83,4.83,4.83,4.83,116200.0,561246.0,4.83
600583.SH,20260930,6.56,6.56,6.56,6.56,91400.0,599584.0,6.56
600584.SH,20260930,66.22,66.22,66.22,66.22,167400.0,11085227.52,66.22
600585.SH,20260930,16.88,16.88,16.88,16.87,156800.0,2646712.0,16.88
600586.SH,20260930,3.96,3.96,3.96,3.96,9100.0,36036.0,3.96
600587.SH,20260930,12.88,12.88,12.88,12.88,88300.0,1137304.0,12.88
600588.SH,20260930,9.31,9.34,9.34,9.31,232300.0,2169535.04,9.34
600589.SH,20260930,7.53,7.53,7.53,7.53,238500.0,1795904.96,7.53
600590.SH,20260930,8.16,8.16,8.16,8.16,43000.0,350880.0,8.16
600592.SH,20260930,14.78,14.78,14.78,14.78,231000.0,3414179.84,14.78
600593.SH,20260930,48.82,48.82,48.82,48.82,254300.0,12414926.08,48.82
600594.SH,20260930,3.6,3.59,3.6,3.59,24500.0,88010.0,3.59
600595.SH,20260930,5.91,5.93,5.93,5.91,249800.0,1481094.08,5.93
600596.SH,20260930,10.5,10.5,10.5,10.5,152500.0,1601249.92,10.5
600597.SH,20260930,6.8,6.8,6.8,6.8,21900.0,148920.0,6.8
600598.SH,20260930,12.45,12.45,12.45,12.45,44400.0,552780.0,12.45
600600.SH,20260930,49.54,49.54,49.67,49.54,5100.0,252680.0,49.55
600601.SH,20260930,13.73,13.73,13.73,13.73,1184000.0,16256320.0,13.73
600602.SH,20260930,16.3,16.3,16.3,16.3,88200.0,1437660.0,16.3
600603.SH,20260930,4.83,4.83,4.83,4.81,8600.0,41438.0,4.82
600604.SH,20260930,4.8,4.8,4.85,4.8,446500.0,2143825.92,4.8
600605.SH,20260930,29.79,29.79,29.79,29.79,20700.0,616653.0,29.79
600606.SH,20260930,1.48,1.48,1.49,1.47,19582699.52,28977180.16,1.48
600609.SH,20260930,3.57,3.57,3.57,3.57,251700.0,898568.96,3.57
600610.SH,20260930,7.39,7.39,7.39,7.39,49400.0,365066.0,7.39
600611.SH,20260930,4.33,4.33,4.33,4.33,130800.0,566364.0,4.33
600612.SH,20260930,30.79,30.79,30.79,30.79,3100.0,95449.0,30.79
600613.SH,20260930,8.08,8.07,8.11,8.07,512500.0,4136908.16,8.07
600615.SH,20260930,9.6,9.6,9.6,9.6,6500.0,62400.0,9.6
600616.SH,20260930,5.05,5.05,5.05,5.05,331800.0,1675590.08,5.05
600617.SH,20260930,3.31,3.31,3.31,3.3,184000.0,608945.0,3.31
600618.SH,20260930,9.53,9.53,9.53,9.53,12800.0,121984.0,9.53
600619.SH,20260930,13.19,13.2,13.2,13.18,72300.0,954266.0,13.2
600620.SH,20260930,4.39,4.39,4.39,4.39,21500.0,94385.0,4.39
600621.SH,20260930,13.55,13.55,13.55,13.55,225800.0,3059590.08,13.55
600622.SH,20260930,2.52,2.5,2.52,2.49,998900.0,2499510.08,2.5
600623.SH,20260930,8.47,8.45,8.47,8.45,74000.0,625308.0,8.45
600624.SH,20260930,4.61,4.61,4.61,4.61,2130.0,9819.0,4.61
600626.SH,20260930,3.77,3.77,3.78,3.77,20600.0,77673.0,3.77
600628.SH,20260930,6.29,6.29,6.29,6.29,6600.0,41514.0,6.29
600629.SH,20260930,16.65,16.65,16.68,16.55,169900.0,2828681.92,16.65
600630.SH,20260930,7.71,7.71,7.71,7.71,427400.0,3295254.08,7.71
600633.SH,20260930,10.14,10.14,10.14,10.14,16000.0,162240.0,10.14
600635.SH,20260930,4.41,4.4,4.41,4.4,58000.0,255210.0,4.4
600637.SH,20260930,8.8,8.8,8.8,8.8,168200.0,1480160.0,8.8
600638.SH,20260930,5.23,5.23,5.23,5.23,327300.0,1711779.04,5.23
600639.SH,20260930,9.62,9.63,9.64,9.61,299500.0,2883344.96,9.63
600640.SH,20260930,12.63,12.63,12.63,12.63,96100.0,1213743.04,12.63
600641.SH,20260930,50.13,50.0,50.5,49.76,2602772.0,130203545.6,50.03
600642.SH,20260930,8.7,8.7,8.7,8.7,272700.0,2372489.92,8.7
600643.SH,20260930,4.07,4.07,4.07,4.07,6800.0,27676.0,4.07
600644.SH,20260930,8.9,8.88,8.9,8.85,120700.0,1071675.04,8.88
600645.SH,20260930,18.95,18.95,18.95,18.95,24600.0,466170.0,18.95
600648.SH,20260930,9.39,9.39,9.39,9.39,8700.0,81693.0,9.39
600649.SH,20260930,4.09,4.09,4.12,4.08,1251200.0,5118226.88,4.09
600650.SH,20260930,10.24,10.24,10.24,10.24,11200.0,114688.0,10.24
600651.SH,20260930,4.99,4.99,4.99,4.99,41800.0,208582.0,4.99
600653.SH,20260930,1.71,1.71,1.71,1.71,179000.0,306090.0,1.71
600654.SH,20260930,3.05,3.05,3.05,3.05,154300.0,470615.0,3.05
600655.SH,20260930,4.52,4.52,4.52,4.52,33400.0,150968.0,4.52
600657.SH,20260930,3.38,3.38,3.38,3.38,6221825.28,21029767.68,3.38
600658.SH,20260930,4.23,4.23,4.23,4.23,110600.0,467838.0,4.23
600660.SH,20260930,53.0,53.0,53.0,53.0,39857.0,2112420.96,53.0
600661.SH,20260930,9.62,9.62,9.62,9.62,883400.0,8498307.84,9.62
600662.SH,20260930,4.21,4.21,4.21,4.21,30700.0,129247.0,4.21
600663.SH,20260930,9.29,9.29,9.29,9.29,801900.0,7449651.2,9.29
600664.SH,20260930,7.15,7.15,7.15,7.15,3578700.16,25587704.32,7.15
600665.SH,20260930,3.42,3.42,3.42,3.42,84700.0,289674.0,3.42
600666.SH,20260930,3.2,3.2,3.2,3.2,63500.0,203200.0,3.2
600667.SH,20260930,18.21,18.21,18.21,18.21,863700.0,15727976.96,18.21
600668.SH,20260930,7.39,7.39,7.39,7.39,3600.0,26604.0,7.39
600671.SH,20260930,21.61,21.61,21.61,21.61,1200.0,25932.0,21.61
600673.SH,20260930,31.05,31.05,31.05,31.05,92000.0,2856600.0,31.05
600674.SH,20260930,16.51,16.51,16.51,16.51,62400.0,1030224.0,16.51
600675.SH,20260930,2.42,2.42,2.42,2.42,6838019.84,16548007.68,2.42
600676.SH,20260930,6.62,6.62,6.62,6.62,108400.0,717608.0,6.62
600678.SH,20260930,5.87,5.87,5.87,5.87,484600.0,2844601.92,5.87
600679.SH,20260930,10.52,10.52,10.52,10.52,1100.0,11572.0,10.52
600681.SH,20260930,3.48,3.48,3.48,3.48,56700.0,197316.0,3.48
600682.SH,20260930,5.8,5.8,5.8,5.8,147000.0,852600.0,5.8
600683.SH,20260930,9.38,9.38,9.38,9.38,368500.0,3456529.92,9.38
600684.SH,20260930,3.66,3.66,3.66,3.66,191400.0,700524.0,3.66
600685.SH,20260930,28.51,28.51,28.51,28.51,31600.0,900916.0,28.51
600686.SH,20260930,11.16,11.16,11.16,11.16,162900.0,1817964.0,11.16
600688.SH,20260930,2.73,2.73,2.73,2.73,74500.0,203385.0,2.73
600689.SH,20260930,12.04,12.04,12.04,12.04,4200.0,50568.0,12.04
600690.SH,20260930,20.2,20.2,20.2,20.2,80700.0,1630140.0,20.2
600691.SH,20260930,2.75,2.75,2.75,2.75,174800.0,480700.0,2.75
600692.SH,20260930,6.7,6.7,6.7,6.7,149200.0,999640.0,6.7
600693.SH,20260930,9.3,9.3,9.3,9.3,124300.0,1155990.0,9.3
600694.SH,20260930,14.32,14.32,14.32,14.32,2900.0,41528.0,14.32
600697.SH,20260930,11.36,11.36,11.36,11.36,27100.0,307856.0,11.36
600698.SH,20260930,6.8,6.8,6.8,6.8,137300.0,933640.0,6.8
600699.SH,20260930,22.5,22.5,22.5,22.5,503900.0,11337749.76,22.5
600702.SH,20260930,31.92,31.92,31.92,31.92,7900.0,252168.0,31.92
600703.SH,20260930,11.49,11.49,11.49,11.49,221500.0,2545035.04,11.49
600704.SH,20260930,4.79,4.79,4.79,4.79,59800.0,286442.0,4.79
600706.SH,20260930,8.13,8.13,8.13,8.13,12700.0,103251.0,8.13
600707.SH,20260930,9.57,9.57,9.57,9.57,1075600.0,10293491.84,9.57
600708.SH,20260930,3.14,3.14,3.14,3.14,133500.0,419190.0,3.14
600710.SH,20260930,11.1,11.1,11.1,11.1,13900.0,154290.0,11.1
600711.SH,20260930,10.28,10.28,10.28,10.28,107500.0,1105100.0,10.28
600712.SH,20260930,5.42,5.42,5.42,5.42,34300.0,185906.0,5.42
600713.SH,20260930,4.95,4.95,4.95,4.95,4900.0,24255.0,4.95
600714.SH,20260930,17.68,17.68,17.68,17.68,53100.0,938808.0,17.68
600715.SH,20260930,1.67,1.67,1.67,1.67,585600.0,977952.0,1.67
600716.SH,20260930,3.8,3.8,3.8,3.8,74200.0,281960.0,3.8
600717.SH,20260930,4.23,4.23,4.23,4.23,18100.0,76563.0,4.23
600718.SH,20260930,7.95,7.95,7.95,7.95,17400.0,138330.0,7.95
600719.SH,20260930,8.29,8.29,8.29,8.29,481500.0,3991634.88,8.29
600720.SH,20260930,5.14,5.14,5.14,5.14,36200.0,186068.0,5.14
600721.SH,20260930,12.9,12.9,12.9,12.9,1842700.0,23770828.8,12.9
600722.SH,20260930,14.59,14.59,14.59,14.59,638264.0,9312272.0,14.59
600724.SH,20260930,5.0,5.0,5.0,5.0,51800.0,259000.0,5.0
600725.SH,20260930,3.27,3.27,3.27,3.27,12800.0,41856.0,3.27
600726.SH,20260930,4.99,4.99,4.99,4.99,46400.0,231536.0,4.99
600727.SH,20260930,7.45,7.45,7.45,7.45,26000.0,193700.0,7.45
600728.SH,20260930,4.48,4.48,4.48,4.48,15800.0,70784.0,4.48
600729.SH,20260930,18.12,18.12,18.12,18.12,6800.0,123216.0,18.12
600730.SH,20260930,8.54,8.54,8.54,8.54,55200.0,471408.0,8.54
600731.SH,20260930,5.82,5.82,5.82,5.82,2500.0,14550.0,5.82
600732.SH,20260930,10.89,10.89,10.89,10.89,76100.0,828728.96,10.89
600733.SH,20260930,4.93,4.93,4.93,4.93,1770900.0,8730536.96,4.93
600734.SH,20260930,1.87,1.87,1.87,1.87,111000.0,207570.0,1.87
600735.SH,20260930,6.52,6.52,6.52,6.52,17000.0,110840.0,6.52
600736.SH,20260930,6.52,6.52,6.52,6.52,142300.0,927796.0,6.52
600737.SH,20260930,14.1,14.1,14.1,14.1,363000.0,5118300.16,14.1
600738.SH,20260930,4.19,4.22,4.22,4.19,20700.0,87254.0,4.22
600739.SH,20260930,10.11,10.11,10.11,10.11,20700.0,209277.0,10.11
600740.SH,20260930,3.69,3.69,3.69,3.69,5000.0,18450.0,3.69
600741.SH,20260930,15.18,15.18,15.18,15.18,30300.0,459954.0,15.18
600742.SH,20260930,7.6,7.6,7.6,7.6,22600.0,171760.0,7.6
600743.SH,20260930,2.37,2.37,2.37,2.37,6468400.0,15330108.16,2.37
600744.SH,20260930,6.05,6.05,6.05,6.05,250700.0,1516735.04,6.05
600745.SH,20260930,16.55,16.55,16.55,16.55,60100.0,994655.04,16.55
600746.SH,20260930,6.77,6.77,6.77,6.76,31100.0,210460.0,6.77
600748.SH,20260930,4.03,4.03,4.03,4.03,547200.0,2205216.0,4.03
600749.SH,20260930,12.81,12.81,12.81,12.81,1700.0,21777.0,12.81
600750.SH,20260930,22.3,22.3,22.3,22.3,4400.0,98120.0,22.3
600751.SH,20260930,2.86,2.86,2.86,2.86,13900.0,39754.0,2.86
600753.SH,20260930,13.73,13.73,13.73,13.73,8100.0,111213.0,13.73
600754.SH,20260930,17.89,17.89,17.89,17.89,32200.0,576058.0,17.89
600755.SH,20260930,5.7,5.7,5.7,5.7,52200.0,297540.0,5.7
600756.SH,20260930,14.24,14.38,14.38,14.22,190400.0,2727989.12,14.33
600757.SH,20260930,7.38,7.38,7.38,7.38,10900.0,80442.0,7.38
600758.SH,20260930,3.75,3.75,3.75,3.75,1684900.0,6318375.04,3.75
600759.SH,20260930,2.19,2.19,2.19,2.19,2048400.0,4485996.16,2.19
600760.SH,20260930,42.65,42.65,42.65,42.65,31900.0,1360535.04,42.65
600761.SH,20260930,14.73,14.73,14.73,14.73,24800.0,365304.0,14.73
600763.SH,20260930,33.0,33.0,33.0,33.0,34500.0,1138500.0,33.0
600764.SH,20260930,18.34,18.34,18.34,18.34,32100.0,588714.0,18.34
600765.SH,20260930,13.12,13.08,13.12,13.08,15500.0,202764.0,13.08
600768.SH,20260930,14.91,14.91,14.91,14.91,6200.0,92442.0,14.91
600769.SH,20260930,14.62,14.62,14.62,14.62,28100.0,410822.0,14.62
600770.SH,20260930,6.38,6.35,6.39,6.35,1081600.0,6869226.24,6.35
600771.SH,20260930,13.9,13.9,13.9,13.9,8200.0,113980.0,13.9
600773.SH,20260930,9.73,9.73,9.73,9.73,80000.0,778400.0,9.73
600774.SH,20260930,8.01,8.01,8.01,8.01,56700.0,454167.0,8.01
600775.SH,20260930,9.36,9.36,9.36,9.36,18000.0,168480.0,9.36
600776.SH,20260930,12.4,12.43,12.43,12.4,44400.0,551745.0,12.43
600777.SH,20260930,3.98,3.98,3.98,3.98,65300.0,259894.0,3.98
600778.SH,20260930,5.79,5.8,5.8,5.79,49700.0,288257.0,5.8
600779.SH,20260930,25.9,25.9,25.9,25.74,4500.0,116486.0,25.89
600780.SH,20260930,6.11,6.11,6.11,6.11,96200.0,587782.0,6.11
600782.SH,20260930,2.66,2.66,2.66,2.66,9100.0,24206.0,2.66
600783.SH,20260930,14.9,14.9,14.9,14.9,164100.0,2445089.92,14.9
600784.SH,20260930,7.06,7.06,7.06,7.06,4000.0,28240.0,7.06
600785.SH,20260930,10.32,10.28,10.32,10.28,75400.0,775712.96,10.29
600787.SH,20260930,4.58,4.58,4.58,4.58,46000.0,210680.0,4.58
600789.SH,20260930,7.65,7.64,7.65,7.64,65500.0,500425.0,7.64
600790.SH,20260930,3.71,3.7,3.71,3.7,943800.0,3492118.08,3.7
600791.SH,20260930,6.97,6.97,6.97,6.97,253300.0,1765500.96,6.97
600792.SH,20260930,5.17,5.17,5.17,5.17,931000.0,4813270.08,5.17
600793.SH,20260930,16.43,16.43,16.43,16.43,4700.0,77221.0,16.43
600794.SH,20260930,3.2,3.2,3.2,3.2,24700.0,79040.0,3.2
600795.SH,20260930,5.35,5.35,5.35,5.33,330100.0,1764728.96,5.35
600796.SH,20260930,5.11,5.11,5.11,5.11,17900.0,91469.0,5.11
600797.SH,20260930,6.52,6.51,6.52,6.51,5700.0,37116.0,6.51
600798.SH,20260930,3.38,3.38,3.38,3.38,21800.0,73684.0,3.38
600800.SH,20260930,3.21,3.21,3.21,3.21,13500.0,43335.0,3.21
600801.SH,20260930,23.91,23.91,23.91,23.91,9300.0,222363.0,23.91
600802.SH,20260930,6.72,6.72,6.72,6.72,2436400.0,16372608.0,6.72
600803.SH,20260930,18.39,18.39,18.39,18.39,37500.0,689624.96,18.39
600805.SH,20260930,4.64,4.65,4.65,4.64,118400.0,550539.0,4.65
600807.SH,20260930,2.71,2.71,2.71,2.71,25600.0,69376.0,2.71
600808.SH,20260930,2.46,2.45,2.46,2.45,234300.0,574268.0,2.45
600809.SH,20260930,111.96,111.96,112.1,111.96,11100.0,1242778.0,111.96
600810.SH,20260930,6.26,6.26,6.26,6.26,6800.0,42568.0,6.26
600812.SH,20260930,4.87,4.87,4.87,4.87,204800.0,997376.0,4.87
600814.SH,20260930,6.88,6.88,6.88,6.88,400.0,2752.0,6.88
600815.SH,20260930,3.79,3.79,3.79,3.79,1511200.0,5727448.32,3.79
600816.SH,20260930,2.35,2.35,2.35,2.35,171900.0,403965.0,2.35
600817.SH,20260930,9.75,9.75,9.75,9.75,2100.0,20475.0,9.75
600818.SH,20260930,9.15,9.15,9.15,9.15,1100.0,10065.0,9.15
600819.SH,20260930,5.65,5.65,5.65,5.65,58100.0,328265.0,5.65
600820.SH,20260930,5.22,5.22,5.22,5.22,19200.0,100224.0,5.22
600821.SH,20260930,5.72,5.72,5.72,5.72,45300.0,259116.0,5.72
600822.SH,20260930,9.2,9.2,9.2,9.2,56000.0,515200.0,9.2
600824.SH,20260930,3.67,3.67,3.67,3.67,16000.0,58720.0,3.67
600825.SH,20260930,10.35,10.35,10.35,10.35,5049571.84,52263070.72,10.35
600826.SH,20260930,7.99,7.99,7.99,7.99,13300.0,106267.0,7.99
600827.SH,20260930,7.79,7.8,7.8,7.79,71800.0,560035.0,7.8
600828.SH,20260930,4.3,4.3,4.3,4.27,21300.0,91529.0,4.3
600829.SH,20260930,9.32,9.32,9.32,9.32,3700.0,34484.0,9.32
600830.SH,20260930,8.36,8.36,8.36,8.36,14300.0,119548.0,8.36
600831.SH,20260930,3.48,3.48,3.48,3.48,245100.0,852948.0,3.48
600833.SH,20260930,10.59,10.59,10.59,10.59,51100.0,541149.0,10.59
600834.SH,20260930,7.74,7.74,7.74,7.74,12100.0,93654.0,7.74
600835.SH,20260930,18.21,18.21,18.21,18.21,3700.0,67377.0,18.21
600838.SH,20260930,8.2,8.18,8.2,8.18,48400.0,395938.0,8.18
600839.SH,20260930,6.41,6.41,6.41,6.41,129300.0,828812.96,6.41
600841.SH,20260930,5.65,5.65,5.65,5.65,8900.0,50285.0,5.65
600843.SH,20260930,7.73,7.73,7.73,7.73,480200.0,3711945.92,7.73
600844.SH,20260930,3.24,3.24,3.24,3.24,282100.0,914004.0,3.24
600845.SH,20260930,17.86,17.86,17.86,17.86,55800.0,996588.0,17.86
600846.SH,20260930,10.75,10.75,10.75,10.75,10800.0,116100.0,10.75
600847.SH,20260930,13.07,13.07,13.07,13.07,68400.0,893988.0,13.07
600848.SH,20260930,8.72,8.71,8.72,8.68,119200.0,1037854.0,8.71
600850.SH,20260930,13.69,13.69,13.69,13.69,2700.0,36963.0,13.69
600851.SH,20260930,7.94,7.94,7.94,7.94,4500.0,35730.0,7.94
600853.SH,20260930,3.31,3.31,3.31,3.31,142900.0,472999.0,3.31
600854.SH,20260930,4.8,4.8,4.8,4.8,122500.0,588000.0,4.8
600855.SH,20260930,12.45,12.45,12.45,12.45,2600.0,32370.0,12.45
600857.SH,20260930,17.53,17.53,17.53,17.53,50500.0,885264.96,17.53
600858.SH,20260930,4.95,4.95,4.95,4.95,26300.0,130185.0,4.95
600859.SH,20260930,9.7,9.69,9.7,9.69,27300.0,264568.0,9.69
600860.SH,20260930,7.55,7.55,7.55,7.55,700.0,5285.0,7.55
600861.SH,20260930,12.75,12.75,12.75,12.75,18900.0,240975.0,12.75
600862.SH,20260930,17.77,17.77,17.77,17.77,3492.0,62053.0,17.77
600863.SH,20260930,4.69,4.69,4.69,4.69,124200.0,582498.0,4.69
600864.SH,20260930,5.65,5.65,5.65,5.65,121700.0,687604.96,5.65
600865.SH,20260930,10.57,10.57,10.57,10.57,99700.0,1053828.96,10.57
600866.SH,20260930,4.09,4.09,4.09,4.09,17800.0,72802.0,4.09
600867.SH,20260930,7.7,7.69,7.7,7.69,31400.0,241555.0,7.69
600868.SH,20260930,2.79,2.79,2.79,2.79,319300.0,890847.04,2.79
600869.SH,20260930,18.32,18.32,18.32,18.32,561200.0,10281184.0,18.32
600871.SH,20260930,2.08,2.08,2.08,2.08,716100.0,1489488.0,2.08
600872.SH,20260930,16.88,16.88,16.88,16.88,10300.0,173864.0,16.88
600873.SH,20260930,7.25,7.25,7.25,7.25,22500.0,163125.0,7.25
600874.SH,20260930,5.49,5.49,5.49,5.49,36400.0,199836.0,5.49
600875.SH,20260930,23.11,23.11,23.11,23.11,79200.0,1830312.0,23.11
600876.SH,20260930,7.57,7.57,7.59,7.57,55800.0,422604.0,7.57
600877.SH,20260930,11.51,11.51,11.51,11.51,9000.0,103590.0,11.51
600879.SH,20260930,13.75,13.75,13.75,13.75,106200.0,1460249.92,13.75
600880.SH,20260930,4.2,4.2,4.2,4.2,184800.0,776160.0,4.2
600881.SH,20260930,1.86,1.86,1.86,1.86,777100.0,1445406.08,1.86
600882.SH,20260930,18.71,18.71,18.71,18.71,1100.0,20581.0,18.71
600883.SH,20260930,8.25,8.25,8.25,8.25,13500.0,111375.0,8.25
600884.SH,20260930,11.5,11.5,11.5,11.5,253300.0,2912950.08,11.5
600885.SH,20260930,33.44,33.4,33.44,33.4,20386.0,680896.0,33.4
600886.SH,20260930,15.15,15.15,15.15,15.15,53600.0,812040.0,15.15
600887.SH,20260930,27.25,27.25,27.25,27.25,155300.0,4231925.12,27.25
600888.SH,20260930,9.7,9.7,9.7,9.7,360900.0,3500729.92,9.7
600889.SH,20260930,13.23,13.23,13.23,13.23,2100.0,27783.0,13.23
600892.SH,20260930,4.16,4.16,4.16,4.16,74100.0,308256.0,4.16
600893.SH,20260930,38.6,38.6,38.6,38.6,56200.0,2169320.0,38.6
600894.SH,20260930,7.76,7.76,7.76,7.76,247300.0,1919048.0,7.76
600895.SH,20260930,27.97,27.95,27.97,27.8,267100.0,7462442.88,27.94
600897.SH,20260930,15.08,15.08,15.08,15.08,30600.0,461448.0,15.08
600900.SH,20260930,28.39,28.39,28.39,28.39,186300.0,5289056.96,28.39
600901.SH,20260930,6.85,6.85,6.85,6.85,117000.0,801450.0,6.85
600903.SH,20260930,6.53,6.53,6.53,6.53,132300.0,863919.04,6.53
600905.SH,20260930,3.52,3.52,3.52,3.52,176400.0,620928.0,3.52
600906.SH,20260930,6.3,6.3,6.3,6.3,46300.0,291690.0,6.3
600908.SH,20260930,5.84,5.84,5.84,5.84,115600.0,675104.0,5.84
600909.SH,20260930,7.7,7.71,7.72,7.69,422900.0,3260056.0,7.71
600916.SH,20260930,7.16,7.16,7.16,7.16,160000.0,1145600.0,7.16
600917.SH,20260930,4.81,4.81,4.81,4.81,29300.0,140933.0,4.81
600918.SH,20260930,5.4,5.4,5.4,5.4,72900.0,393660.0,5.4
600919.SH,20260930,12.19,12.16,12.19,12.16,374531.0,4557295.04,12.17
600925.SH,20260930,4.12,4.12,4.12,4.12,18700.0,77044.0,4.12
600926.SH,20260930,16.79,16.79,16.79,16.79,71900.0,1207200.96,16.79
600927.SH,20260930,12.06,12.06,12.06,12.06,3100.0,37386.0,12.06
600928.SH,20260930,3.48,3.48,3.48,3.48,131100.0,456228.0,3.48
600929.SH,20260930,6.01,6.01,6.01,6.01,77400.0,465174.0,6.01
600930.SH,20260930,3.82,3.82,3.82,3.82,299100.0,1142562.0,3.82
600933.SH,20260930,13.31,13.31,13.31,13.31,20000.0,266200.0,13.31
600935.SH,20260930,2.3,2.3,2.3,2.3,31200.0,71760.0,2.3
600936.SH,20260930,4.34,4.34,4.34,4.34,658500.0,2857889.92,4.34
600938.SH,20260930,33.06,33.06,33.06,33.06,273500.0,9041909.76,33.06
600939.SH,20260930,2.67,2.67,2.67,2.67,131600.0,351372.0,2.67
600941.SH,20260930,94.9,94.9,94.9,94.9,107400.0,10192259.84,94.9
600955.SH,20260930,12.29,12.29,12.29,12.29,5000.0,61450.0,12.29
600956.SH,20260930,7.06,7.06,7.06,7.06,4800.0,33888.0,7.06
600958.SH,20260930,8.62,8.62,8.62,8.62,57700.0,497374.0,8.62
600959.SH,20260930,3.11,3.11,3.11,3.11,155000.0,482050.0,3.11
600960.SH,20260930,3.91,3.91,3.91,3.91,47000.0,183770.0,3.91
600961.SH,20260930,22.51,22.51,22.51,22.51,104800.0,2359048.0,22.51
600962.SH,20260930,25.39,25.39,25.39,25.39,11100.0,281829.0,25.39
600963.SH,20260930,3.35,3.35,3.35,3.35,129100.0,432485.0,3.35
600965.SH,20260930,2.62,2.62,2.62,2.62,18100.0,47422.0,2.62
600966.SH,20260930,4.79,4.79,4.79,4.79,95600.0,457924.0,4.79
600967.SH,20260930,12.8,12.8,12.8,12.8,183100.0,2343680.0,12.8
600968.SH,20260930,3.89,3.89,3.89,3.89,8500.0,33065.0,3.89
600969.SH,20260930,9.59,9.59,9.59,9.59,18200.0,174538.0,9.59
600970.SH,20260930,7.62,7.62,7.62,7.62,36600.0,278892.0,7.62
600971.SH,20260930,8.14,8.14,8.14,8.14,7000.0,56980.0,8.14
600973.SH,20260930,5.73,5.73,5.73,5.73,8100.0,46413.0,5.73
600975.SH,20260930,5.21,5.21,5.21,5.21,64500.0,336045.0,5.21
600976.SH,20260930,26.56,26.56,26.56,26.56,900.0,23904.0,26.56
600977.SH,20260930,13.21,13.21,13.21,13.21,139000.0,1836190.08,13.21
600979.SH,20260930,3.9,3.9,3.9,3.89,30400.0,118470.0,3.9
600980.SH,20260930,18.8,18.8,18.8,18.8,7900.0,148520.0,18.8
600981.SH,20260930,2.41,2.41,2.41,2.41,7700.0,18557.0,2.41
600982.SH,20260930,5.64,5.64,5.64,5.64,3491299.84,19690932.48,5.64
600983.SH,20260930,7.49,7.49,7.49,7.49,7300.0,54677.0,7.49
600984.SH,20260930,3.54,3.54,3.54,3.54,265100.0,938454.0,3.54
600985.SH,20260930,15.85,15.85,15.85,15.85,40200.0,637170.0,15.85
600986.SH,20260930,7.0,7.0,7.0,7.0,134800.0,943600.0,7.0
600987.SH,20260930,6.25,6.25,6.25,6.25,14300.0,89375.0,6.25
600988.SH,20260930,38.58,38.58,38.58,38.58,218700.0,8437445.76,38.58
600989.SH,20260930,22.41,22.41,22.41,22.41,309000.0,6924689.92,22.41
600990.SH,20260930,17.65,17.65,17.65,17.65,1500.0,26475.0,17.65
600992.SH,20260930,10.22,10.22,10.22,10.22,38500.0,393470.0,10.22
600993.SH,20260930,22.21,22.21,22.21,22.21,2700.0,59967.0,22.21
600995.SH,20260930,11.68,11.68,11.68,11.68,47100.0,550128.0,11.68
600996.SH,20260930,6.91,6.91,6.91,6.91,54300.0,375213.0,6.91
600997.SH,20260930,5.15,5.15,5.18,5.15,32500.0,167597.0,5.16
600998.SH,20260930,4.98,4.98,4.98,4.98,133900.0,666822.0,4.98
600999.SH,20260930,17.01,17.01,17.01,17.01,77100.0,1311471.04,17.01
601000.SH,20260930,4.59,4.59,4.59,4.59,48204.0,221256.0,4.59
601001.SH,20260930,16.9,16.9,16.9,16.9,67900.0,1147510.0,16.9
601002.SH,20260930,5.29,5.29,5.29,5.29,182400.0,964896.0,5.29
601003.SH,20260930,3.51,3.51,3.51,3.51,32000.0,112320.0,3.51
601005.SH,20260930,1.2,1.2,1.2,1.2,471414.0,565697.0,1.2
601006.SH,20260930,4.67,4.66,4.67,4.66,382100.0,1780655.04,4.66
601007.SH,20260930,6.81,6.81,6.81,6.81,42100.0,286701.0,6.81
601008.SH,20260930,4.34,4.34,4.34,4.34,8900.0,38626.0,4.34
601009.SH,20260930,11.79,11.79,11.79,11.79,96800.0,1141272.0,11.79
601010.SH,20260930,1.43,1.43,1.43,1.43,78800.0,112684.0,1.43
601011.SH,20260930,2.89,2.89,2.89,2.89,244300.0,706027.04,2.89
601012.SH,20260930,10.97,10.97,10.97,10.97,223700.0,2453988.96,10.97
601015.SH,20260930,3.57,3.57,3.57,3.57,686500.0,2450804.96,3.57
601016.SH,20260930,3.25,3.25,3.26,3.25,159000.0,516756.0,3.25
601018.SH,20260930,3.48,3.48,3.48,3.48,143700.0,500076.0,3.48
601019.SH,20260930,6.88,6.88,6.88,6.88,128500.0,884080.0,6.88
601020.SH,20260930,19.99,19.99,19.99,19.99,49000.0,979510.0,19.99
601021.SH,20260930,40.07,40.07,40.07,40.07,34800.0,1394436.0,40.07
601022.SH,20260930,8.26,8.26,8.26,8.26,18200.0,150332.0,8.26
601026.SH,20260930,14.72,14.72,14.72,14.72,7400.0,108928.0,14.72
601033.SH,20260930,14.1,14.1,14.1,14.1,13900.0,195990.0,14.1
601038.SH,20260930,13.63,13.5,13.64,13.5,12000.0,162108.0,13.51
601058.SH,20260930,13.13,13.13,13.13,13.13,96100.0,1261792.96,13.13
601059.SH,20260930,15.56,15.56,15.56,15.56,0.0,0.0,15.56
601061.SH,20260930,10.53,10.53,10.53,10.53,28100.0,295893.0,10.53
601065.SH,20260930,6.64,6.64,6.64,6.64,19200.0,127488.0,6.64
601066.SH,20260930,23.1,23.1,23.1,23.1,23800.0,549780.0,23.1
601068.SH,20260930,4.37,4.37,4.37,4.37,92500.0,404225.0,4.37
601069.SH,20260930,24.5,24.5,24.5,24.5,81400.0,1994300.0,24.5
601077.SH,20260930,6.59,6.6,6.6,6.59,399200.0,2634676.96,6.6
601083.SH,20260930,12.7,12.7,12.7,12.7,14700.0,186690.0,12.7
601086.SH,20260930,13.75,13.75,13.75,13.75,1149600.0,15807000.32,13.75
601088.SH,20260930,47.05,47.05,47.05,47.05,76900.0,3618144.96,47.05
601089.SH,20260930,16.11,16.11,16.11,16.11,22400.0,360864.0,16.11
601091.SH,20260930,24.6,24.6,24.6,24.6,1053694.0,25920872.96,24.6
601096.SH,20260930,3.93,3.93,3.93,3.93,57400.0,225582.0,3.93
601098.SH,20260930,10.17,10.17,10.17,10.17,8701.0,88489.0,10.17
601099.SH,20260930,3.48,3.48,3.48,3.48,388800.0,1353024.0,3.48
601100.SH,20260930,90.12,90.12,90.12,90.12,22987.0,2071588.0,90.12
601101.SH,20260930,12.67,12.67,12.67,12.67,102000.0,1292340.0,12.67
601106.SH,20260930,2.93,2.93,2.93,2.93,61700.0,180781.0,2.93
601107.SH,20260930,6.05,6.05,6.05,6.05,18200.0,110110.0,6.05
601108.SH,20260930,8.18,8.18,8.18,8.18,49400.0,404092.0,8.18
601111.SH,20260930,5.8,5.8,5.8,5.8,262900.0,1524820.0,5.8
601112.SH,20260930,16.33,16.33,16.33,16.33,21700.0,354361.0,16.33
601113.SH,20260930,3.51,3.51,3.51,3.51,66300.0,232713.0,3.51
601116.SH,20260930,9.85,9.85,9.85,9.85,16900.0,166465.0,9.85
601117.SH,20260930,7.13,7.13,7.13,7.13,98100.0,699452.96,7.13
601118.SH,20260930,6.28,6.28,6.28,6.28,4236600.0,26605847.04,6.28
601121.SH,20260930,6.95,6.95,6.95,6.95,19900.0,138305.0,6.95
601123.SH,20260930,16.86,16.86,16.86,16.86,223168.0,3762611.84,16.86
601126.SH,20260930,37.01,37.01,37.01,37.01,40202.0,1487876.0,37.01
601127.SH,20260930,46.81,46.81,46.81,46.81,214600.0,10045425.92,46.81
601128.SH,20260930,6.16,6.16,6.16,6.16,168000.0,1034880.0,6.16
601133.SH,20260930,23.79,23.79,23.79,23.79,26900.0,639951.0,23.79
601136.SH,20260930,13.98,13.98,13.98,13.98,29500.0,412410.0,13.98
601137.SH,20260930,19.27,19.27,19.27,19.27,13200.0,254364.0,19.27
601138.SH,20260930,58.81,58.81,58.81,58.81,355300.0,20895192.32,58.81
601139.SH,20260930,6.18,6.18,6.18,6.18,32300.0,199614.0,6.18
601155.SH,20260930,12.69,12.69,12.69,12.69,674600.0,8560673.92,12.69
601156.SH,20260930,18.04,18.04,18.04,18.04,4200.0,75768.0,18.04
601158.SH,20260930,4.01,4.01,4.01,4.01,17300.0,69373.0,4.01
601162.SH,20260930,3.57,3.57,3.57,3.57,203100.0,725067.04,3.57
601163.SH,20260930,12.24,12.24,12.24,12.24,1900.0,23256.0,12.24
601166.SH,20260930,17.82,17.82,17.82,17.82,136800.0,2437776.0,17.82
601168.SH,20260930,35.21,35.21,35.21,35.21,183700.0,6468076.8,35.21
601169.SH,20260930,5.48,5.48,5.48,5.48,291000.0,1594680.0,5.48
601177.SH,20260930,13.63,13.63,13.63,13.63,19600.0,267148.0,13.63
601179.SH,20260930,11.52,11.52,11.52,11.52,262600.0,3025152.0,11.52
601186.SH,20260930,5.96,5.96,5.96,5.96,50000.0,298000.0,5.96
601187.SH,20260930,6.84,6.84,6.84,6.84,53800.0,367992.0,6.84
601188.SH,20260930,2.87,2.87,2.87,2.87,22000.0,63140.0,2.87
601198.SH,20260930,13.06,13.06,13.06,13.06,0.0,0.0,13.06
601199.SH,20260930,6.51,6.51,6.51,6.51,102700.0,668577.0,6.51
601200.SH,20260930,6.78,6.78,6.78,6.78,17200.0,116616.0,6.78
601208.SH,20260930,50.03,50.03,50.03,50.03,315800.0,15799473.92,50.03
601211.SH,20260930,16.71,16.71,16.71,16.71,112900.0,1886559.04,16.71
601212.SH,20260930,5.63,5.63,5.63,5.63,1027700.0,5785950.72,5.63
601216.SH,20260930,4.44,4.44,4.44,4.44,99300.0,440892.0,4.44
601218.SH,20260930,5.99,5.99,5.99,5.99,6962499.84,41705374.72,5.99
601222.SH,20260930,5.92,5.92,5.92,5.92,87400.0,517408.0,5.92
601225.SH,20260930,25.59,25.59,25.59,25.59,163300.0,4178847.04,25.59
601226.SH,20260930,6.52,6.52,6.52,6.52,3800.0,24776.0,6.52
601228.SH,20260930,3.05,3.05,3.05,3.05,92900.0,283345.0,3.05
601229.SH,20260930,9.56,9.56,9.56,9.56,94400.0,902464.0,9.56
601231.SH,20260930,24.34,24.34,24.34,24.34,64400.0,1567496.0,24.34
601233.SH,20260930,22.49,22.49,22.49,22.49,67200.0,1511328.0,22.49
601236.SH,20260930,6.94,6.94,6.94,6.94,106700.0,740498.0,6.94
601238.SH,20260930,6.16,6.16,6.16,6.16,23141900.8,142554112.0,6.16
601279.SH,20260930,3.57,3.57,3.57,3.57,181000.0,646170.0,3.57
601288.SH,20260930,6.93,6.93,6.93,6.93,1231500.0,8534295.04,6.93
601298.SH,20260930,10.07,10.07,10.07,10.07,48700.0,490409.0,10.07
601311.SH,20260930,7.32,7.32,7.32,7.32,34900.0,255468.0,7.32
601318.SH,20260930,52.68,52.68,52.68,52.68,291300.0,15345684.48,52.68
601319.SH,20260930,8.02,8.02,8.02,8.02,132500.0,1062650.0,8.02
601326.SH,20260930,3.52,3.52,3.52,3.52,27100.0,95392.0,3.52
601328.SH,20260930,7.62,7.62,7.62,7.62,549400.0,4186428.16,7.62
601330.SH,20260930,8.22,8.22,8.22,8.22,87100.0,715962.0,8.22
601333.SH,20260930,3.04,3.04,3.04,3.04,190300.0,578512.0,3.04
601336.SH,20260930,55.93,55.93,55.93,55.93,41400.0,2315502.08,55.93
601339.SH,20260930,7.2,7.2,7.2,7.2,19600.0,141120.0,7.2
601360.SH,20260930,9.06,9.06,9.06,9.06,611200.0,5537472.0,9.06
601366.SH,20260930,3.64,3.64,3.64,3.64,77600.0,282464.0,3.64
601368.SH,20260930,4.63,4.63,4.63,4.63,5800.0,26854.0,4.63
601369.SH,20260930,8.44,8.44,8.44,8.44,35300.0,297932.0,8.44
601375.SH,20260930,3.95,3.95,3.95,3.95,69600.0,274920.0,3.95
601377.SH,20260930,5.72,5.72,5.72,5.72,177200.0,1013584.0,5.72
601388.SH,20260930,3.16,3.16,3.16,3.16,46700.0,147572.0,3.16
601390.SH,20260930,4.25,4.25,4.25,4.25,231100.0,982175.04,4.25
601398.SH,20260930,8.17,8.17,8.17,8.17,1389500.0,11352215.04,8.17
601399.SH,20260930,3.13,3.13,3.13,3.13,118100.0,369653.0,3.13
601456.SH,20260930,8.53,8.53,8.53,8.53,58900.0,502417.0,8.53
601500.SH,20260930,3.86,3.86,3.86,3.86,26100.0,100746.0,3.86
601512.SH,20260930,8.44,8.44,8.44,8.44,35600.0,300464.0,8.44
601515.SH,20260930,3.19,3.19,3.19,3.19,9500.0,30305.0,3.19
601518.SH,20260930,2.77,2.77,2.77,2.77,63300.0,175341.0,2.77
601519.SH,20260930,9.11,9.11,9.11,9.08,2503500.0,22806292.48,9.11
601528.SH,20260930,5.03,5.03,5.03,5.03,11900.0,59857.0,5.03
601555.SH,20260930,8.16,8.16,8.16,8.16,149300.0,1218288.0,8.16
601566.SH,20260930,9.11,9.11,9.11,9.11,33800.0,307918.0,9.11
601567.SH,20260930,13.87,13.86,13.88,13.86,189600.0,2627884.0,13.86
601568.SH,20260930,3.51,3.51,3.51,3.51,66500.0,233415.0,3.51
601577.SH,20260930,9.51,9.51,9.51,9.51,146600.0,1394166.08,9.51
601579.SH,20260930,37.66,37.66,37.66,37.66,2500900.0,94183895.04,37.66
601588.SH,20260930,1.81,1.81,1.82,1.81,591100.0,1070300.96,1.81
601595.SH,20260930,23.17,23.17,23.17,23.17,41800.0,968506.0,23.17
601598.SH,20260930,6.69,6.69,6.7,6.69,46800.0,313162.0,6.69
601599.SH,20260930,3.26,3.26,3.26,3.26,17800.0,58028.0,3.26
601600.SH,20260930,8.88,8.88,8.9,8.87,1504900.0,13363686.4,8.88
601601.SH,20260930,30.48,30.48,30.48,30.48,96800.0,2950464.0,30.48
601606.SH,20260930,31.1,31.1,31.1,31.1,22200.0,690420.0,31.1
601607.SH,20260930,16.0,16.0,16.0,16.0,15800.0,252800.0,16.0
601608.SH,20260930,4.57,4.58,4.58,4.57,12300.0,56316.0,4.58
601609.SH,20260930,11.55,11.55,11.55,11.55,108100.0,1248555.04,11.55
601611.SH,20260930,10.01,10.01,10.01,10.01,86200.0,862862.0,10.01
601615.SH,20260930,9.77,9.77,9.77,9.77,138300.0,1351191.04,9.77
601616.SH,20260930,3.8,3.8,3.8,3.8,5000.0,19000.0,3.8
601618.SH,20260930,2.5,2.5,2.5,2.5,72600.0,181500.0,2.5
601619.SH,20260930,3.86,3.86,3.86,3.86,22300.0,86078.0,3.86
601628.SH,20260930,36.62,36.62,36.62,36.61,80700.0,2955231.04,36.62
601633.SH,20260930,13.69,13.67,13.69,13.67,47900.0,654847.0,13.67
601636.SH,20260930,5.28,5.28,5.28,5.28,118500.0,625680.0,5.28
601658.SH,20260930,5.41,5.4,5.41,5.4,939500.0,5073481.92,5.4
601665.SH,20260930,6.94,6.94,6.94,6.94,50600.0,351164.0,6.94
601666.SH,20260930,8.72,8.72,8.72,8.72,28700.0,250264.0,8.72
601668.SH,20260930,4.27,4.27,4.27,4.27,800200.0,3416854.08,4.27
601669.SH,20260930,4.53,4.53,4.53,4.53,610000.0,2763299.84,4.53
601677.SH,20260930,16.07,16.07,16.08,16.07,79000.0,1269628.96,16.07
601678.SH,20260930,5.67,5.68,5.68,5.67,155800.0,884907.04,5.68
601686.SH,20260930,4.97,4.97,4.97,4.97,5300.0,26341.0,4.97
601688.SH,20260930,17.77,17.76,17.77,17.76,214800.0,3814904.96,17.76
601689.SH,20260930,47.35,47.35,47.35,47.35,396400.0,18769539.84,47.35
601696.SH,20260930,11.0,10.97,11.0,10.97,72200.0,792380.0,10.98
601698.SH,20260930,22.9,22.9,22.9,22.9,59000.0,1351100.0,22.9
601699.SH,20260930,14.83,14.83,14.83,14.83,108684.0,1611784.0,14.83
601700.SH,20260930,6.16,6.16,6.17,6.16,302700.0,1864758.08,6.16
601702.SH,20260930,14.89,14.9,14.9,14.89,8900.0,132601.0,14.9
601717.SH,20260930,13.05,13.05,13.05,13.05,23100.0,301455.0,13.05
601718.SH,20260930,1.91,1.91,1.91,1.91,107000.0,204370.0,1.91
601727.SH,20260930,6.43,6.43,6.43,6.43,104600.0,672578.0,6.43
601728.SH,20260930,6.27,6.27,6.27,6.26,217300.0,1362462.08,6.27
601766.SH,20260930,6.1,6.1,6.1,6.1,214600.0,1309060.0,6.1
601777.SH,20260930,7.94,7.94,7.94,7.94,205000.0,1627700.0,7.94
601778.SH,20260930,3.4,3.4,3.41,3.4,407700.0,1386216.96,3.4
601788.SH,20260930,13.62,13.6,13.62,13.6,50800.0,691088.96,13.6
601789.SH,20260930,4.18,4.18,4.18,4.18,70900.0,296362.0,4.18
601798.SH,20260930,7.74,7.73,7.74,7.7,72400.0,559679.0,7.73
601799.SH,20260930,69.6,69.6,69.6,69.6,6200.0,431520.0,69.6
601800.SH,20260930,5.85,5.85,5.85,5.85,256000.0,1497600.0,5.85
601801.SH,20260930,5.55,5.55,5.55,5.55,414100.0,2298255.04,5.55
601808.SH,20260930,12.06,12.06,12.06,12.06,48500.0,584910.0,12.06
601811.SH,20260930,19.95,20.0,20.17,19.93,2613700.0,52279132.16,20.0
601816.SH,20260930,4.72,4.72,4.72,4.71,1138400.0,5373240.32,4.72
601818.SH,20260930,3.01,3.01,3.01,3.01,121400.0,365414.0,3.01
601825.SH,20260930,8.58,8.59,8.59,8.58,7600.0,65272.0,8.59
601827.SH,20260930,7.86,7.86,7.86,7.86,5800.0,45588.0,7.86
601828.SH,20260930,2.18,2.17,2.18,2.17,963100.0,2090174.08,2.17
601838.SH,20260930,18.9,18.9,18.9,18.9,61300.0,1158570.0,18.9
601857.SH,20260930,11.12,11.12,11.12,11.12,709400.0,7888528.0,11.12
601858.SH,20260930,22.12,22.11,22.12,22.04,102300.0,2261758.08,22.11
601860.SH,20260930,2.54,2.54,2.54,2.53,262500.0,666747.0,2.54
601865.SH,20260930,9.15,9.15,9.15,9.15,27200.0,248880.0,9.15
601866.SH,20260930,2.4,2.4,2.41,2.4,148000.0,355201.0,2.4
601868.SH,20260930,2.37,2.37,2.37,2.37,646400.0,1531968.0,2.37
601869.SH,20260930,411.19,411.0,412.25,410.0,65900.0,27089643.52,411.07
601872.SH,20260930,19.8,19.8,19.8,19.8,364800.0,7223040.0,19.8
601877.SH,20260930,24.58,24.58,24.58,24.58,33100.0,813598.0,24.58
601878.SH,20260930,8.96,8.95,8.96,8.95,66900.0,598888.0,8.95
601880.SH,20260930,1.45,1.45,1.46,1.45,184304.0,267265.0,1.45
601881.SH,20260930,11.55,11.55,11.55,11.55,149700.0,1729035.04,11.55
601882.SH,20260930,22.95,22.98,22.98,22.95,25300.0,581380.0,22.98
601886.SH,20260930,13.16,13.16,13.16,13.16,41600.0,547456.0,13.16
601888.SH,20260930,50.99,50.97,51.0,50.97,50900.0,2594500.96,50.97
601890.SH,20260930,9.28,9.28,9.28,9.28,102500.0,951200.0,9.28
601898.SH,20260930,13.83,13.83,13.83,13.83,277400.0,3836441.92,13.83
601899.SH,20260930,29.53,29.5,29.53,29.46,1019772.96,30086464.0,29.5
601900.SH,20260930,12.6,12.59,12.6,12.59,57400.0,722674.0,12.59
601901.SH,20260930,6.66,6.66,6.66,6.66,92900.0,618714.0,6.66
601908.SH,20260930,2.92,2.92,2.92,2.92,49200.0,143664.0,2.92
601916.SH,20260930,2.88,2.88,2.88,2.88,176800.0,509184.0,2.88
601918.SH,20260930,11.4,11.4,11.41,11.39,233200.0,2658508.0,11.4
601919.SH,20260930,16.3,16.3,16.3,16.3,157300.0,2563990.08,16.3
601921.SH,20260930,7.56,7.56,7.56,7.56,16700.0,126252.0,7.56
601928.SH,20260930,8.28,8.28,8.28,8.28,12900.0,106812.0,8.28
601929.SH,20260930,2.35,2.35,2.35,2.35,346700.0,814744.96,2.35
601933.SH,20260930,2.97,2.97,2.97,2.97,724000.0,2150280.0,2.97
601939.SH,20260930,11.02,11.01,11.03,11.01,600300.0,6609882.24,11.01
601949.SH,20260930,6.0,6.0,6.0,6.0,1399900.0,8399399.68,6.0
601952.SH,20260930,8.73,8.72,8.74,8.71,73400.0,640029.0,8.72
601956.SH,20260930,5.1,5.1,5.1,5.1,36000.0,183600.0,5.1
601958.SH,20260930,19.31,19.31,19.31,19.31,67700.0,1307287.04,19.31
601963.SH,20260930,11.02,11.02,11.03,11.02,71900.0,792352.0,11.02
601965.SH,20260930,13.31,13.31,13.31,13.31,96500.0,1284415.04,13.31
601966.SH,20260930,10.38,10.38,10.38,10.38,1200.0,12456.0,10.38
601968.SH,20260930,4.49,4.48,4.49,4.48,59600.0,267044.0,4.48
601969.SH,20260930,8.88,8.88,8.88,8.88,18800.0,166944.0,8.88
601975.SH,20260930,4.43,4.43,4.43,4.43,405546.0,1796568.96,4.43
601985.SH,20260930,9.04,9.04,9.04,9.04,405200.0,3663008.0,9.04
601988.SH,20260930,6.64,6.64,6.64,6.64,671000.0,4455440.0,6.64
601990.SH,20260930,6.57,6.57,6.57,6.57,12200.0,80154.0,6.57
601991.SH,20260930,5.25,5.25,5.25,5.25,445072.0,2336628.0,5.25
601992.SH,20260930,1.42,1.42,1.42,1.42,211700.0,300614.0,1.42
601995.SH,20260930,30.62,30.62,30.62,30.62,192000.0,5879040.0,30.62
601996.SH,20260930,2.91,2.91,2.91,2.91,127300.0,370443.0,2.91
601997.SH,20260930,5.57,5.57,5.57,5.57,781900.0,4355183.04,5.57
601998.SH,20260930,9.0,9.0,9.0,9.0,199700.0,1797300.0,9.0
601999.SH,20260930,7.03,7.03,7.03,7.03,459000.0,3226769.92,7.03
603000.SH,20260930,16.61,16.61,16.61,16.61,44200.0,734162.0,16.61
603001.SH,20260930,11.9,11.9,11.9,11.9,171701.0,2043241.92,11.9
603002.SH,20260930,17.65,17.65,17.65,17.65,126100.0,2225664.96,17.65
603004.SH,20260930,19.42,19.42,19.42,19.42,45100.0,875842.0,19.42
603005.SH,20260930,28.1,28.1,28.1,28.1,38400.0,1079040.0,28.1
603006.SH,20260930,10.92,10.92,10.92,10.92,5200.0,56784.0,10.92
603007.SH,20260930,4.53,4.53,4.53,4.53,106800.0,483804.0,4.53
603008.SH,20260930,9.98,9.98,9.98,9.98,216600.0,2161668.0,9.98
603009.SH,20260930,45.57,45.57,45.57,45.57,15700.0,715448.96,45.57
603010.SH,20260930,12.13,12.13,12.13,12.13,3800.0,46094.0,12.13
603011.SH,20260930,25.08,25.08,25.08,25.08,111700.0,2801436.16,25.08
603012.SH,20260930,8.59,8.59,8.59,8.59,25900.0,222481.0,8.59
603013.SH,20260930,14.2,14.2,14.2,14.2,9000.0,127800.0,14.2
603014.SH,20260930,30.88,30.88,30.88,30.88,1400.0,43232.0,30.88
603015.SH,20260930,10.44,10.44,10.44,10.44,7200.0,75168.0,10.44
603016.SH,20260930,31.88,31.88,31.88,31.88,11200.0,357056.0,31.88
603017.SH,20260930,10.35,10.35,10.35,10.35,212400.0,2198340.0,10.35
603018.SH,20260930,5.2,5.2,5.2,5.2,11500.0,59800.0,5.2
603019.SH,20260930,80.7,80.7,80.7,80.7,37300.0,3010110.08,80.7
603020.SH,20260930,12.31,12.31,12.31,12.31,100700.0,1239616.96,12.31
603021.SH,20260930,4.99,4.99,4.99,4.99,143700.0,717063.04,4.99
603022.SH,20260930,9.17,9.17,9.17,9.17,22200.0,203574.0,9.17
603023.SH,20260930,4.14,4.14,4.14,4.14,22000.0,91080.0,4.14
603025.SH,20260930,13.0,13.0,13.0,13.0,2700.0,35100.0,13.0
603026.SH,20260930,55.88,55.88,55.88,55.88,14100.0,787908.0,55.88
603027.SH,20260930,7.15,7.15,7.15,7.15,14700.0,105105.0,7.15
603028.SH,20260930,7.26,7.26,7.26,7.26,10400.0,75504.0,7.26
603029.SH,20260930,16.76,16.76,16.76,16.76,15800.0,264808.0,16.76
603030.SH,20260930,2.07,2.07,2.07,2.07,465700.0,963999.04,2.07
603031.SH,20260930,36.57,36.57,36.57,36.57,17100.0,625347.0,36.57
603032.SH,20260930,17.7,17.7,17.7,17.7,8800.0,155760.0,17.7
603033.SH,20260930,7.64,7.64,7.64,7.64,8300.0,63412.0,7.64
603035.SH,20260930,10.45,10.45,10.45,10.45,2200.0,22990.0,10.45
603036.SH,20260930,13.84,13.84,13.84,13.84,17300.0,239432.0,13.84
603037.SH,20260930,10.47,10.47,10.47,10.47,180900.0,1894023.04,10.47
603038.SH,20260930,15.71,15.71,15.71,15.71,1400.0,21994.0,15.71
603039.SH,20260930,34.6,34.6,34.6,34.6,38300.0,1325180.0,34.6
603040.SH,20260930,44.3,44.3,44.3,44.3,5600.0,248080.0,44.3
603041.SH,20260930,11.66,11.66,11.66,11.66,10400.0,121264.0,11.66
603042.SH,20260930,16.95,16.95,16.95,16.95,431100.0,7307144.96,16.95
603043.SH,20260930,12.97,12.97,12.97,12.97,11000.0,142670.0,12.97
603045.SH,20260930,47.6,47.6,47.6,47.6,23000.0,1094800.0,47.6
603048.SH,20260930,24.59,24.59,24.59,24.59,100.0,2459.0,24.59
603049.SH,20260930,43.93,43.93,43.93,43.93,4200.0,184506.0,43.93
603050.SH,20260930,16.62,16.62,16.62,16.62,9200.0,152904.0,16.62
603051.SH,20260930,24.82,24.82,24.82,24.82,9400.0,233308.0,24.82
603052.SH,20260930,53.65,53.65,53.65,53.65,9600.0,515040.0,53.65
603053.SH,20260930,8.72,8.72,8.72,8.72,2900.0,25288.0,8.72
603055.SH,20260930,9.06,9.06,9.06,9.06,20400.0,184824.0,9.06
603057.SH,20260930,17.72,17.72,17.72,17.72,2700.0,47844.0,17.72
603058.SH,20260930,8.74,8.74,8.74,8.74,35500.0,310270.0,8.74
603059.SH,20260930,25.89,25.89,25.89,25.89,7500.0,194175.0,25.89
603060.SH,20260930,5.55,5.55,5.55,5.55,91000.0,505050.0,5.55
603061.SH,20260930,319.0,319.0,319.0,319.0,7200.0,2296800.0,319.0
603062.SH,20260930,36.6,36.6,36.6,36.6,0.0,0.0,36.6
603063.SH,20260930,28.38,28.38,28.38,28.38,19800.0,561924.0,28.38
603065.SH,20260930,15.07,15.07,15.07,15.07,61800.0,931326.0,15.07
603066.SH,20260930,9.32,9.32,9.32,9.32,22300.0,207836.0,9.32
603067.SH,20260930,41.29,41.29,41.29,41.29,356300.0,14711627.52,41.29
603068.SH,20260930,45.41,45.41,45.41,45.41,107100.0,4863410.88,45.41
603069.SH,20260930,13.54,13.54,13.54,13.5,12400.0,167892.0,13.54
603070.SH,20260930,11.38,11.38,11.38,11.38,1100.0,12518.0,11.38
603071.SH,20260930,12.31,12.31,12.31,12.31,2900.0,35699.0,12.31
603072.SH,20260930,29.86,29.86,29.86,29.86,1500.0,44790.0,29.86
603073.SH,20260930,19.3,19.3,19.3,19.3,62100.0,1198530.0,19.3
603075.SH,20260930,20.0,20.0,20.0,20.0,11300.0,226000.0,20.0
603076.SH,20260930,20.41,20.41,20.41,20.41,1800.0,36738.0,20.41
603077.SH,20260930,2.18,2.18,2.18,2.18,53200.0,115976.0,2.18
603078.SH,20260930,29.88,29.87,29.88,29.87,15900.0,474945.0,29.87
603079.SH,20260930,13.2,13.2,13.2,13.2,200.0,2640.0,13.2
603080.SH,20260930,19.69,19.69,19.69,19.69,11200.0,220528.0,19.69
603081.SH,20260930,9.47,9.47,9.47,9.47,1200.0,11364.0,9.47
603082.SH,20260930,42.6,42.6,42.6,42.6,25300.0,1077780.0,42.6
603083.SH,20260930,205.0,205.0,205.0,205.0,250900.0,51434501.12,205.0
603085.SH,20260930,9.87,9.87,9.87,9.87,21500.0,212205.0,9.87
603086.SH,20260930,5.87,5.87,5.87,5.87,30600.0,179622.0,5.87
603087.SH,20260930,75.42,75.03,75.42,75.03,27700.0,2078887.04,75.05
603088.SH,20260930,10.04,10.04,10.04,10.04,7300.0,73292.0,10.04
603089.SH,20260930,9.53,9.53,9.53,9.53,0.0,0.0,9.53
603090.SH,20260930,36.99,36.99,36.99,36.99,10000.0,369900.0,36.99
603091.SH,20260930,45.39,45.39,45.39,45.39,1000.0,45390.0,45.39
603092.SH,20260930,48.01,48.01,48.01,48.01,56600.0,2717366.08,48.01
603093.SH,20260930,13.58,13.58,13.58,13.58,66300.0,900354.0,13.58
603095.SH,20260930,14.19,14.19,14.19,14.19,2500.0,35475.0,14.19
603096.SH,20260930,16.46,16.46,16.46,16.46,4400.0,72424.0,16.46
603097.SH,20260930,18.47,18.47,18.47,18.47,8200.0,151454.0,18.47
603098.SH,20260930,10.86,10.86,10.86,10.86,14000.0,152040.0,10.86
603099.SH,20260930,39.78,39.78,39.78,39.78,43600.0,1734408.0,39.78
603100.SH,20260930,18.44,18.44,18.44,18.44,72800.0,1342432.0,18.44
603101.SH,20260930,7.35,7.35,7.35,7.35,3800.0,27930.0,7.35
603102.SH,20260930,37.09,37.09,37.09,37.09,4100.0,152069.0,37.09
603103.SH,20260930,16.13,16.13,16.13,16.13,16600.0,267758.0,16.13
603105.SH,20260930,8.86,8.86,8.9,8.86,117500.0,1041815.04,8.87
603106.SH,20260930,7.28,7.28,7.28,7.28,12000.0,87360.0,7.28
603107.SH,20260930,12.14,12.14,12.14,12.14,4900.0,59486.0,12.14
603108.SH,20260930,10.07,10.01,10.07,10.01,54300.0,543723.0,10.01
603109.SH,20260930,17.47,17.47,17.47,17.47,500.0,8735.0,17.47
603110.SH,20260930,25.3,25.3,25.3,25.3,28400.0,718520.0,25.3
603111.SH,20260930,6.17,6.17,6.17,6.17,7400.0,45658.0,6.17
603112.SH,20260930,16.68,16.68,16.68,16.68,6700.0,111756.0,16.68
603113.SH,20260930,4.88,4.88,4.88,4.88,14500.0,70760.0,4.88
603115.SH,20260930,72.28,72.28,72.28,72.28,38400.0,2775552.0,72.28
603116.SH,20260930,7.65,7.59,7.65,7.59,211500.0,1605567.04,7.59
603117.SH,20260930,4.03,4.03,4.03,4.03,28400.0,114452.0,4.03
603118.SH,20260930,16.87,16.87,16.87,16.87,503900.0,8500792.96,16.87
603119.SH,20260930,52.11,52.11,52.11,52.11,15400.0,802494.0,52.11
603120.SH,20260930,58.26,58.26,58.26,58.26,7800.0,454428.0,58.26
603121.SH,20260930,12.61,12.61,12.61,12.61,9500.0,119795.0,12.61
603122.SH,20260930,14.23,14.18,14.25,14.18,958100.0,13598506.24,14.19
603123.SH,20260930,9.24,9.24,9.24,9.24,30700.0,283668.0,9.24
603124.SH,20260930,121.06,121.0,121.06,121.0,28600.0,3460828.16,121.01
603125.SH,20260930,20.8,21.1,21.1,20.8,53300.0,1124068.96,21.09
603126.SH,20260930,6.28,6.28,6.28,6.28,48700.0,305836.0,6.28
603127.SH,20260930,44.7,44.7,44.7,44.7,158100.0,7067070.08,44.7
603128.SH,20260930,5.34,5.34,5.34,5.34,6200.0,33108.0,5.34
603129.SH,20260930,283.39,283.39,283.39,283.39,7100.0,2012068.96,283.39
603130.SH,20260930,39.01,39.01,39.01,39.01,2900.0,113129.0,39.01
603131.SH,20260930,13.75,13.75,13.75,13.75,7400.0,101750.0,13.75
603132.SH,20260930,18.34,18.33,18.34,18.33,42000.0,769860.96,18.33
603135.SH,20260930,8.65,8.65,8.65,8.65,34900.0,301885.0,8.65
603136.SH,20260930,9.09,9.09,9.09,9.09,43300.0,393597.0,9.09
603137.SH,20260930,18.05,18.05,18.05,18.05,14600.0,263530.0,18.05
603138.SH,20260930,14.95,14.95,14.95,14.95,179200.0,2679040.0,14.95
603139.SH,20260930,35.23,35.23,35.23,35.23,2000.0,70460.0,35.23
603150.SH,20260930,68.49,68.2,68.55,68.2,6300.0,430448.0,68.32
603151.SH,20260930,18.13,18.13,18.13,18.13,16200.0,293706.0,18.13
603153.SH,20260930,13.5,13.5,13.5,13.5,8600.0,116100.0,13.5
603155.SH,20260930,14.8,14.79,14.87,14.79,57000.0,843119.04,14.79
603156.SH,20260930,43.95,43.95,43.95,43.95,41600.0,1828320.0,43.95
603158.SH,20260930,10.5,10.5,10.5,10.5,38300.0,402150.0,10.5
603159.SH,20260930,23.15,23.15,23.15,23.15,4100.0,94915.0,23.15
603160.SH,20260930,54.5,54.5,54.5,54.5,29500.0,1607750.08,54.5
603161.SH,20260930,14.64,14.64,14.64,14.64,300.0,4392.0,14.64
603162.SH,20260930,12.75,12.75,12.75,12.75,54800.0,698700.0,12.75
603163.SH,20260930,76.55,76.51,76.55,76.51,5700.0,436199.0,76.53
603165.SH,20260930,13.28,13.27,13.28,13.27,26100.0,346367.0,13.27
603166.SH,20260930,10.73,10.73,10.73,10.73,3500.0,37555.0,10.73
603167.SH,20260930,8.0,8.0,8.0,8.0,5700.0,45600.0,8.0
603168.SH,20260930,6.05,6.05,6.05,6.05,31700.0,191785.0,6.05
603169.SH,20260930,5.9,5.9,5.9,5.9,43800.0,258420.0,5.9
603170.SH,20260930,13.74,13.74,13.74,13.74,83000.0,1140420.0,13.74
603171.SH,20260930,39.99,39.99,39.99,39.99,12300.0,491877.0,39.99
603172.SH,20260930,19.9,19.89,19.9,19.88,15700.0,312290.0,19.89
603173.SH,20260930,29.09,29.09,29.09,29.09,700.0,20363.0,29.09
603175.SH,20260930,112.09,112.09,112.09,112.09,10000.0,1120900.0,112.09
603176.SH,20260930,5.3,5.3,5.3,5.3,3200.0,16960.0,5.3
603177.SH,20260930,11.02,11.02,11.02,11.02,1600.0,17632.0,11.02
603178.SH,20260930,16.43,16.43,16.43,16.43,130300.0,2140828.96,16.43
603179.SH,20260930,40.3,40.3,40.3,40.3,37500.0,1511249.92,40.3
603180.SH,20260930,15.9,15.9,15.9,15.9,500.0,7950.0,15.9
603181.SH,20260930,12.18,12.18,12.18,12.18,6000.0,73080.0,12.18
603182.SH,20260930,13.74,13.74,13.74,13.74,7400.0,101676.0,13.74
603183.SH,20260930,5.19,5.19,5.19,5.19,0.0,0.0,5.19
603185.SH,20260930,13.97,13.97,13.97,13.97,36600.0,511302.0,13.97
603186.SH,20260930,211.99,211.99,211.99,211.99,147100.0,31183728.64,211.99
603187.SH,20260930,10.63,10.63,10.63,10.63,1500.0,15945.0,10.63
603188.SH,20260930,4.86,4.86,4.86,4.86,1844100.0,8962325.76,4.86
603189.SH,20260930,9.4,9.4,9.4,9.4,1000.0,9400.0,9.4
603190.SH,20260930,16.36,16.36,16.38,16.36,4800.0,78539.0,16.36
603191.SH,20260930,13.12,13.12,13.12,13.12,0.0,0.0,13.12
603192.SH,20260930,19.97,19.97,19.97,19.97,4700.0,93859.0,19.97
603193.SH,20260930,20.01,20.01,20.01,20.01,1100.0,22011.0,20.01
603194.SH,20260930,32.86,32.86,32.86,32.86,1700.0,55862.0,32.86
603195.SH,20260930,38.09,38.09,38.09,38.09,7500.0,285675.0,38.09
603196.SH,20260930,17.94,17.94,17.94,17.94,3100.0,55614.0,17.94
603197.SH,20260930,28.93,28.93,28.93,28.93,900.0,26037.0,28.93
603198.SH,20260930,37.46,37.7,37.7,37.46,5100.0,192246.0,37.7
603199.SH,20260930,32.14,32.14,32.14,32.14,1700.0,54638.0,32.14
603200.SH,20260930,41.48,41.48,41.48,41.48,842200.0,34934456.32,41.48
603201.SH,20260930,15.33,15.33,15.33,15.33,4600.0,70518.0,15.33
603202.SH,20260930,51.03,51.03,51.03,51.03,4900.0,250047.0,51.03
603203.SH,20260930,43.48,43.48,43.48,43.48,16500.0,717420.0,43.48
603205.SH,20260930,21.61,21.61,21.61,21.61,1400.0,30254.0,21.61
603206.SH,20260930,13.88,13.88,13.88,13.88,11700.0,162396.0,13.88
603207.SH,20260930,24.15,24.12,24.17,24.12,13600.0,328108.0,24.13
603208.SH,20260930,11.49,11.49,11.49,11.49,6900.0,79281.0,11.49
603209.SH,20260930,14.52,14.52,14.52,14.52,4100.0,59532.0,14.52
603210.SH,20260930,13.38,13.38,13.38,13.38,0.0,0.0,13.38
603211.SH,20260930,19.1,19.1,19.1,19.1,10000.0,191000.0,19.1
603212.SH,20260930,11.8,11.8,11.8,11.8,21700.0,256060.0,11.8
603213.SH,20260930,13.78,13.78,13.78,13.78,15700.0,216346.0,13.78
603214.SH,20260930,13.89,13.89,13.89,13.89,10700.0,148623.0,13.89
603215.SH,20260930,15.28,15.23,15.28,15.01,23100.0,351438.0,15.21
603216.SH,20260930,21.73,21.73,21.73,21.73,42700.0,927871.04,21.73
603217.SH,20260930,26.7,26.7,26.7,26.7,20800.0,555360.0,26.7
603218.SH,20260930,9.43,9.43,9.43,9.43,80200.0,756286.0,9.43
603219.SH,20260930,12.85,12.85,12.85,12.85,9400.0,120790.0,12.85
603220.SH,20260930,17.18,17.18,17.18,17.18,16300.0,280034.0,17.18
603221.SH,20260930,25.8,25.8,25.8,25.8,140200.0,3617160.0,25.8
603222.SH,20260930,8.05,8.05,8.05,8.05,245200.0,1973860.0,8.05
603223.SH,20260930,9.41,9.41,9.41,9.41,16000.0,150560.0,9.41
603225.SH,20260930,16.73,16.73,16.73,16.73,61800.0,1033914.0,16.73
603226.SH,20260930,30.06,30.06,30.06,30.06,62200.0,1869732.0,30.06
603227.SH,20260930,7.36,7.36,7.36,7.36,5500.0,40480.0,7.36
603228.SH,20260930,102.11,102.0,102.25,102.0,177100.0,18065557.76,102.01
603229.SH,20260930,8.13,8.13,8.13,8.13,26500.0,215445.0,8.13
603230.SH,20260930,15.5,15.5,15.5,15.5,1517500.0,23521249.28,15.5
603231.SH,20260930,17.31,17.31,17.31,17.31,7900.0,136749.0,17.31
603232.SH,20260930,16.76,16.69,16.76,16.69,327500.0,5467358.72,16.69
603233.SH,20260930,17.98,17.98,17.98,17.98,2100.0,37758.0,17.98
603235.SH,20260930,25.3,25.3,25.3,25.3,8900.0,225170.0,25.3
603236.SH,20260930,70.88,70.88,70.88,70.88,39800.0,2821024.0,70.88
603237.SH,20260930,15.25,15.25,15.25,15.25,4600.0,70150.0,15.25
603238.SH,20260930,12.85,12.85,12.85,12.85,16900.0,217165.0,12.85
603239.SH,20260930,13.79,13.79,13.79,13.79,300.0,4137.0,13.79
603248.SH,20260930,21.15,21.15,21.15,21.15,274800.0,5812019.84,21.15
603255.SH,20260930,30.82,30.82,30.82,30.82,4000.0,123280.0,30.82
603256.SH,20260930,140.7,140.7,140.7,140.7,46000.0,6472199.68,140.7
603257.SH,20260930,64.98,64.98,64.98,64.98,3100.0,201438.0,64.98
603258.SH,20260930,14.17,14.17,14.17,14.17,23500.0,332995.0,14.17
603259.SH,20260930,160.04,160.01,160.66,160.01,203414.0,32549795.84,160.02
603260.SH,20260930,31.2,31.2,31.2,31.2,10700.0,333840.0,31.2
603261.SH,20260930,50.0,50.0,50.0,50.0,9400.0,470000.0,50.0
603262.SH,20260930,17.19,17.19,17.19,17.19,2300.0,39537.0,17.19
603266.SH,20260930,18.98,18.98,18.98,18.98,99100.0,1880918.08,18.98
603267.SH,20260930,47.55,47.55,47.55,47.55,20100.0,955755.04,47.55
603268.SH,20260930,213.0,213.0,213.0,213.0,26610.0,5667930.24,213.0
603269.SH,20260930,23.72,23.72,23.72,23.72,19400.0,460168.0,23.72
603270.SH,20260930,31.9,31.87,31.9,31.86,59500.0,1897672.96,31.89
603271.SH,20260930,38.32,38.32,38.32,38.32,4600.0,176272.0,38.32
603272.SH,20260930,15.82,15.82,15.82,15.82,10800.0,170856.0,15.82
603273.SH,20260930,14.76,14.76,14.76,14.76,8500.0,125460.0,14.76
603275.SH,20260930,37.26,37.26,37.26,37.26,2300.0,85698.0,37.26
603276.SH,20260930,17.75,17.75,17.75,17.75,1700.0,30175.0,17.75
603277.SH,20260930,11.21,11.21,11.21,11.21,1100.0,12331.0,11.21
603278.SH,20260930,10.13,10.13,10.13,10.13,3562099.84,36084072.96,10.13
603279.SH,20260930,10.75,10.75,10.75,10.75,6200.0,66650.0,10.75
603280.SH,20260930,27.3,27.3,27.3,27.3,5600.0,152880.0,27.3
603281.SH,20260930,18.2,18.2,18.2,18.2,3200.0,58240.0,18.2
603282.SH,20260930,17.33,17.33,17.33,17.33,1600.0,27728.0,17.33
603283.SH,20260930,43.25,43.25,43.25,43.25,17100.0,739575.04,43.25
603284.SH,20260930,40.57,40.57,40.57,40.57,100.0,4057.0,40.57
603285.SH,20260930,36.67,36.67,36.67,36.67,5800.0,212686.0,36.67
603286.SH,20260930,44.99,44.99,44.99,44.99,5000.0,224950.0,44.99
603288.SH,20260930,32.78,32.78,32.85,32.78,47100.0,1544023.04,32.78
603289.SH,20260930,11.47,11.47,11.47,11.47,48100.0,551707.0,11.47
603290.SH,20260930,83.5,83.5,83.5,83.5,4700.0,392450.0,83.5
603291.SH,20260930,8.65,8.65,8.65,8.65,1200.0,10380.0,8.65
603293.SH,20260930,35.66,35.66,35.66,35.66,1700.0,60622.0,35.66
603296.SH,20260930,75.8,75.8,75.8,75.8,35000.0,2653000.0,75.8
603297.SH,20260930,107.88,107.88,107.88,107.88,300.0,32364.0,107.88
603298.SH,20260930,21.97,21.97,21.97,21.97,7000.0,153790.0,21.97
603299.SH,20260930,8.62,8.62,8.62,8.62,4700.0,40514.0,8.62
603300.SH,20260930,4.55,4.55,4.55,4.55,12800.0,58240.0,4.55
603301.SH,20260930,76.0,76.0,76.0,76.0,5700.0,433200.0,76.0
603303.SH,20260930,28.27,28.27,28.27,28.27,1200.0,33924.0,28.27
603305.SH,20260930,11.2,11.2,11.2,11.2,59700.0,668640.0,11.2
603306.SH,20260930,72.38,72.38,72.38,72.38,74700.0,5406785.92,72.38
603307.SH,20260930,25.65,25.65,25.65,25.65,4600.0,117990.0,25.65
603308.SH,20260930,36.98,36.98,36.98,36.98,69859.0,2583385.92,36.98
603309.SH,20260930,11.11,11.11,11.11,11.11,300.0,3333.0,11.11
603310.SH,20260930,14.58,14.58,14.58,14.58,1700.0,24786.0,14.58
603311.SH,20260930,25.83,25.83,25.83,25.83,4700.0,121401.0,25.83
603312.SH,20260930,33.2,33.2,33.2,33.2,10400.0,345280.0,33.2
603313.SH,20260930,6.3,6.3,6.3,6.3,50100.0,315630.0,6.3
603315.SH,20260930,10.67,10.67,10.67,10.67,1800.0,19206.0,10.67
603316.SH,20260930,16.01,16.01,16.01,16.01,134700.0,2156547.04,16.01
603317.SH,20260930,12.48,12.48,12.48,12.48,33100.0,413088.0,12.48
603318.SH,20260930,8.7,8.68,8.7,8.68,104900.0,910654.0,8.68
603319.SH,20260930,28.62,28.62,28.62,28.62,51600.0,1476792.0,28.62
603320.SH,20260930,18.16,18.16,18.16,18.16,3800.0,69008.0,18.16
603321.SH,20260930,7.15,7.15,7.15,7.15,4500.0,32175.0,7.15
603322.SH,20260930,29.71,29.71,29.71,29.71,103400.0,3072014.08,29.71
603323.SH,20260930,4.43,4.43,4.43,4.43,58300.0,258269.0,4.43
603324.SH,20260930,25.34,25.34,25.34,25.34,8700.0,220458.0,25.34
603325.SH,20260930,52.85,52.85,52.85,52.85,400.0,21140.0,52.85
603326.SH,20260930,7.65,7.65,7.65,7.64,27100.0,207288.0,7.65
603327.SH,20260930,8.05,8.05,8.05,8.05,63700.0,512785.0,8.05
603328.SH,20260930,15.0,15.0,15.0,15.0,1734800.0,26022000.64,15.0
603329.SH,20260930,10.34,10.34,10.34,10.34,7600.0,78584.0,10.34
603330.SH,20260930,9.53,9.53,9.53,9.53,123000.0,1172190.0,9.53
603331.SH,20260930,12.44,12.44,12.44,12.44,2600.0,32344.0,12.44
603332.SH,20260930,12.01,12.01,12.01,12.01,20100.0,241401.0,12.01
603333.SH,20260930,8.85,8.85,8.85,8.85,6100.0,53985.0,8.85
603334.SH,20260930,31.45,31.45,31.45,31.45,11100.0,349095.0,31.45
603335.SH,20260930,6.15,6.15,6.15,6.15,11100.0,68265.0,6.15
603336.SH,20260930,10.0,10.0,10.0,10.0,30300.0,303000.0,10.0
603337.SH,20260930,35.5,35.5,35.5,35.5,2800.0,99400.0,35.5
603338.SH,20260930,52.9,52.9,52.9,52.9,9800.0,518420.0,52.9
603339.SH,20260930,12.22,12.22,12.22,12.22,9400.0,114868.0,12.22
603341.SH,20260930,35.58,35.58,35.58,35.58,15700.0,558606.0,35.58
603344.SH,20260930,22.38,22.38,22.38,22.38,200.0,4476.0,22.38
603345.SH,20260930,79.05,79.05,79.09,79.02,14700.0,1162028.96,79.05
603348.SH,20260930,14.57,14.57,14.57,14.57,2500.0,36425.0,14.57
603350.SH,20260930,28.68,28.68,28.68,28.68,2200.0,63096.0,28.68
603351.SH,20260930,27.28,27.28,27.28,27.28,3600.0,98208.0,27.28
603352.SH,20260930,25.08,25.08,25.08,25.08,3100.0,77748.0,25.08
603353.SH,20260930,40.55,40.55,40.55,40.55,21800.0,883990.0,40.55
603355.SH,20260930,30.42,30.42,30.42,30.42,7500.0,228150.0,30.42
603356.SH,20260930,16.6,16.6,16.6,16.6,4600.0,76360.0,16.6
603357.SH,20260930,6.0,6.0,6.0,6.0,9500.0,57000.0,6.0
603358.SH,20260930,43.08,43.08,43.08,43.08,14900.0,641892.0,43.08
603359.SH,20260930,2.06,2.06,2.06,2.06,35800.0,73748.0,2.06
603360.SH,20260930,12.2,12.2,12.2,12.2,15700.0,191540.0,12.2
603363.SH,20260930,2.79,2.79,2.79,2.79,169300.0,472347.0,2.79
603365.SH,20260930,15.88,15.88,15.88,15.88,39100.0,620908.0,15.88
603366.SH,20260930,7.37,7.37,7.37,7.37,66500.0,490105.0,7.37
603367.SH,20260930,14.2,14.2,14.2,14.2,25200.0,357840.0,14.2
603368.SH,20260930,15.09,15.09,15.09,15.09,8400.0,126756.0,15.09
603369.SH,20260930,27.12,27.12,27.12,27.12,35900.0,973608.0,27.12
603370.SH,20260930,27.35,27.35,27.35,27.35,2300.0,62905.0,27.35
603373.SH,20260930,52.83,52.83,52.83,52.83,57400.0,3032441.92,52.83
603375.SH,20260930,47.0,47.0,47.0,47.0,16300.0,766100.0,47.0
603376.SH,20260930,26.3,26.3,26.3,26.3,5200.0,136760.0,26.3
603377.SH,20260930,3.1,3.1,3.1,3.1,35300.0,109430.0,3.1
603378.SH,20260930,4.71,4.71,4.71,4.71,57200.0,269412.0,4.71
603379.SH,20260930,49.21,49.21,49.21,49.21,4500.0,221445.0,49.21
603380.SH,20260930,33.01,33.01,33.01,33.01,500.0,16505.0,33.01
603381.SH,20260930,14.8,14.8,14.8,14.8,2100.0,31080.0,14.8
603382.SH,20260930,18.98,18.98,18.98,18.98,7200.0,136656.0,18.98
603383.SH,20260930,26.94,26.94,26.94,26.94,500.0,13470.0,26.94
603385.SH,20260930,5.83,5.83,5.83,5.83,22400.0,130592.0,5.83
603386.SH,20260930,18.33,18.33,18.33,18.33,57500.0,1053975.04,18.33
603387.SH,20260930,9.81,9.81,9.81,9.81,31500.0,309015.0,9.81
603389.SH,20260930,44.0,44.0,44.0,44.0,5600.0,246400.0,44.0
603390.SH,20260930,11.05,11.05,11.05,11.05,332600.0,3675230.08,11.05
603391.SH,20260930,69.55,69.55,69.55,69.55,8900.0,618995.0,69.55
603392.SH,20260930,26.6,26.6,26.6,26.6,8400.0,223440.0,26.6
603393.SH,20260930,24.39,24.39,24.39,24.39,20400.0,497556.0,24.39
603395.SH,20260930,24.69,24.69,24.69,24.69,22300.0,550587.0,24.69
603396.SH,20260930,34.8,34.8,34.8,34.8,566500.0,19714200.32,34.8
603398.SH,20260930,8.28,8.28,8.28,8.28,8000.0,66240.0,8.28
603399.SH,20260930,13.29,13.29,13.29,13.29,195200.0,2594208.0,13.29
603400.SH,20260930,60.14,60.14,60.14,60.14,1390908.0,83649208.32,60.14
603402.SH,20260930,60.0,60.0,60.0,60.0,6200.0,372000.0,60.0
603406.SH,20260930,27.63,27.63,27.63,27.63,3600.0,99468.0,27.63
603407.SH,20260930,58.0,58.0,58.0,58.0,7900.0,458200.0,58.0
603408.SH,20260930,11.61,11.61,11.61,11.61,2900.0,33669.0,11.61
603409.SH,20260930,17.67,17.67,17.67,17.67,2200.0,38874.0,17.67
603416.SH,20260930,46.4,46.4,46.4,46.4,3500.0,162400.0,46.4
603418.SH,20260930,48.2,48.2,48.2,48.2,25300.0,1219460.0,48.2
603421.SH,20260930,6.4,6.4,6.4,6.4,100700.0,644480.0,6.4
603429.SH,20260930,8.88,8.88,8.88,8.88,0.0,0.0,8.88
603435.SH,20260930,45.36,45.36,45.36,45.36,12400.0,562464.0,45.36
603439.SH,20260930,13.49,13.49,13.49,13.49,27000.0,364230.0,13.49
603444.SH,20260930,336.06,336.06,336.06,336.06,3700.0,1243422.0,336.06
603448.SH,20260930,60.01,60.01,60.01,60.01,25900.0,1554259.04,60.01
603456.SH,20260930,16.25,16.25,16.25,16.25,30800.0,500500.0,16.25
603458.SH,20260930,11.0,11.0,11.0,11.0,45900.0,504900.0,11.0
603459.SH,20260930,83.83,83.83,83.83,83.83,18800.0,1576004.0,83.83
603466.SH,20260930,11.88,11.88,11.88,11.88,182400.0,2166912.0,11.88
603468.SH,20260930,22.5,22.5,22.5,22.5,71199.0,1601977.92,22.5
603477.SH,20260930,14.31,14.31,14.31,14.31,51200.0,732672.0,14.31
603486.SH,20260930,49.26,49.26,49.26,49.26,8100.0,399006.0,49.26
603488.SH,20260930,7.79,7.79,7.79,7.79,4600.0,35834.0,7.79
603489.SH,20260930,28.94,28.94,28.94,28.94,6500.0,188110.0,28.94
603496.SH,20260930,22.08,22.08,22.08,22.08,10600.0,234048.0,22.08
603499.SH,20260930,12.83,12.83,12.83,12.83,3900.0,50037.0,12.83
603500.SH,20260930,10.43,10.43,10.43,10.43,311000.0,3243729.92,10.43
603501.SH,20260930,80.9,80.9,80.9,80.9,23600.0,1909240.0,80.9
603505.SH,20260930,14.06,14.06,14.06,14.06,32200.0,452732.0,14.06
603506.SH,20260930,12.1,12.1,12.1,12.1,120700.0,1460470.08,12.1
603507.SH,20260930,27.55,27.55,27.55,27.55,127873.0,3522901.12,27.55
603508.SH,20260930,20.52,20.52,20.52,20.52,2200.0,45144.0,20.52
603511.SH,20260930,13.0,13.0,13.0,13.0,17300.0,224900.0,13.0
603515.SH,20260930,14.68,14.68,14.68,14.68,18500.0,271580.0,14.68
603516.SH,20260930,78.29,78.29,78.29,78.29,15700.0,1229152.96,78.29
603517.SH,20260930,11.27,11.27,11.27,11.27,6000.0,67620.0,11.27
603518.SH,20260930,7.85,7.85,7.85,7.85,19400.0,152290.0,7.85
603519.SH,20260930,16.64,16.64,16.64,16.64,16900.0,281216.0,16.64
603520.SH,20260930,8.4,8.4,8.4,8.4,10700.0,89880.0,8.4
603527.SH,20260930,9.84,9.84,9.84,9.84,24600.0,242064.0,9.84
603528.SH,20260930,6.49,6.49,6.49,6.49,5700.0,36993.0,6.49
603529.SH,20260930,21.8,21.8,21.8,21.8,41500.0,904700.0,21.8
603530.SH,20260930,40.99,40.99,40.99,40.99,2000.0,81980.0,40.99
603533.SH,20260930,23.88,23.9,23.9,23.88,953700.0,22793382.4,23.9
603535.SH,20260930,6.17,6.17,6.17,6.17,3400.0,20978.0,6.17
603536.SH,20260930,10.05,10.05,10.05,10.05,3500.0,35175.0,10.05
603538.SH,20260930,26.51,26.51,26.51,26.51,256500.0,6799815.04,26.51
603551.SH,20260930,9.42,9.42,9.42,9.42,18200.0,171444.0,9.42
603556.SH,20260930,22.31,22.31,22.31,22.31,5400.0,120474.0,22.31
603557.SH,20260930,3.02,3.02,3.02,3.02,1100.0,3322.0,3.02
603558.SH,20260930,13.07,13.07,13.07,13.07,8000.0,104560.0,13.07
603559.SH,20260930,8.89,8.89,8.89,8.89,13500.0,120015.0,8.89
603565.SH,20260930,11.42,11.42,11.42,11.42,15700.0,179294.0,11.42
603566.SH,20260930,10.25,10.25,10.25,10.25,4900.0,50225.0,10.25
603567.SH,20260930,5.2,5.2,5.2,5.2,27000.0,140400.0,5.2
603568.SH,20260930,13.28,13.25,13.28,13.25,14000.0,185509.0,13.25
603569.SH,20260930,5.88,5.88,5.88,5.88,7300.0,42924.0,5.88
603577.SH,20260930,9.72,9.72,9.72,9.72,3900.0,37908.0,9.72
603578.SH,20260930,14.5,14.5,14.5,14.5,51900.0,752550.0,14.5
603579.SH,20260930,17.85,17.85,17.85,17.85,1200.0,21420.0,17.85
603580.SH,20260930,76.64,76.64,76.64,76.64,43400.0,3326176.0,76.64
603583.SH,20260930,27.98,27.98,27.98,27.98,1500.0,41970.0,27.98
603585.SH,20260930,10.54,10.54,10.54,10.54,9300.0,98022.0,10.54
603586.SH,20260930,14.08,14.08,14.08,14.08,7500.0,105600.0,14.08
603587.SH,20260930,12.17,12.17,12.17,12.17,4800.0,58416.0,12.17
603588.SH,20260930,16.5,16.5,16.5,16.4,116200.0,1916848.0,16.5
603589.SH,20260930,17.37,17.37,17.37,17.37,56500.0,981404.96,17.37
603590.SH,20260930,29.35,29.16,29.35,29.16,17300.0,504487.0,29.16
603595.SH,20260930,31.51,31.51,31.51,31.51,4300.0,135493.0,31.51
603596.SH,20260930,27.85,27.85,27.85,27.85,27300.0,760304.96,27.85
603598.SH,20260930,19.15,19.1,19.2,19.02,1311000.0,25047695.36,19.11
603599.SH,20260930,10.12,10.12,10.12,10.12,3500.0,35420.0,10.12
603600.SH,20260930,10.26,10.26,10.26,10.26,4200.0,43092.0,10.26
603601.SH,20260930,9.82,9.79,9.82,9.79,499500.0,4890560.96,9.79
603602.SH,20260930,12.74,12.74,12.74,12.74,604800.0,7705152.0,12.74
603605.SH,20260930,54.0,54.0,54.0,53.98,32400.0,1749593.92,54.0
603606.SH,20260930,35.36,35.36,35.36,35.36,26100.0,922896.0,35.36
603607.SH,20260930,23.5,23.5,23.5,23.5,35900.0,843650.0,23.5
603608.SH,20260930,19.71,19.71,19.71,19.71,11700.0,230607.0,19.71
603609.SH,20260930,6.3,6.3,6.3,6.3,5100.0,32130.0,6.3
603610.SH,20260930,13.3,13.3,13.3,13.3,143185.0,1904360.96,13.3
603611.SH,20260930,15.51,15.51,15.51,15.51,400.0,6204.0,15.51
603612.SH,20260930,15.85,15.85,15.85,15.85,3200.0,50720.0,15.85
603613.SH,20260930,18.88,18.88,19.0,18.88,69900.0,1323914.0,18.94
603615.SH,20260930,18.65,18.65,18.65,18.65,13100.0,244315.0,18.65
603616.SH,20260930,5.79,5.79,5.79,5.79,386500.0,2237835.04,5.79
603617.SH,20260930,6.9,6.9,6.9,6.9,16900.0,116610.0,6.9
603618.SH,20260930,34.32,34.3,34.42,34.3,417100.0,14311951.36,34.31
603619.SH,20260930,20.94,20.94,20.94,20.94,280000.0,5863200.0,20.94
603626.SH,20260930,24.12,24.0,24.18,24.0,1111799.04,26691279.36,24.01
603628.SH,20260930,10.36,10.36,10.36,10.36,17400.0,180264.0,10.36
603629.SH,20260930,99.27,99.19,99.5,99.19,86001.0,8531239.04,99.2
603630.SH,20260930,15.4,15.4,15.4,15.4,248100.0,3820739.84,15.4
603633.SH,20260930,6.44,6.44,6.44,6.44,23100.0,148764.0,6.44
603636.SH,20260930,8.18,8.08,8.18,8.07,2636099.04,21308657.92,8.08
603637.SH,20260930,13.81,13.81,13.81,13.81,7500.0,103575.0,13.81
603638.SH,20260930,19.7,19.7,19.7,19.7,47000.0,925900.0,19.7
603639.SH,20260930,10.36,10.36,10.36,10.36,29500.0,305620.0,10.36
603648.SH,20260930,9.6,9.6,9.6,9.6,6200.0,59520.0,9.6
603650.SH,20260930,64.93,65.18,65.18,64.91,139900.0,9115352.96,65.16
603655.SH,20260930,31.16,31.16,31.16,31.16,1300.0,40508.0,31.16
603656.SH,20260930,17.48,17.48,17.48,17.48,800.0,13984.0,17.48
603657.SH,20260930,39.2,39.0,39.25,38.86,94500.0,3685454.08,39.0
603658.SH,20260930,33.52,33.49,33.52,33.49,9200.0,308117.0,33.49
603659.SH,20260930,21.3,21.3,21.3,21.3,88200.0,1878660.0,21.3
603660.SH,20260930,9.36,9.35,9.38,9.35,32600.0,304833.0,9.35
603661.SH,20260930,33.28,33.28,33.28,33.28,7200.0,239616.0,33.28
603662.SH,20260930,48.2,48.2,48.2,48.2,6300.0,303660.0,48.2
603663.SH,20260930,44.59,44.59,44.59,44.59,84500.0,3767855.04,44.59
603665.SH,20260930,24.4,24.4,24.4,24.4,79400.0,1937360.0,24.4
603666.SH,20260930,26.72,26.72,26.8,26.72,4000.0,106900.0,26.73
603667.SH,20260930,49.98,49.95,50.18,49.95,65000.0,3247030.08,49.95
603668.SH,20260930,12.02,12.02,12.02,12.02,1800.0,21636.0,12.02
603669.SH,20260930,6.02,6.02,6.02,6.01,50300.0,302805.0,6.02
603676.SH,20260930,8.96,8.96,8.96,8.96,1400.0,12544.0,8.96
603677.SH,20260930,14.5,14.5,14.5,14.5,9700.0,140650.0,14.5
603678.SH,20260930,43.91,43.91,43.91,43.91,19000.0,834290.0,43.91
603679.SH,20260930,23.13,23.13,23.13,23.13,30100.0,696212.96,23.13
603680.SH,20260930,10.02,10.02,10.02,10.02,400.0,4008.0,10.02
603681.SH,20260930,18.95,19.0,19.0,18.94,27900.0,530014.0,19.0
603682.SH,20260930,9.45,9.45,9.45,9.45,6900.0,65205.0,9.45
603683.SH,20260930,15.54,15.49,15.54,15.48,96900.0,1501628.96,15.5
603685.SH,20260930,25.08,25.08,25.08,25.08,0.0,0.0,25.08
603686.SH,20260930,14.14,14.11,14.15,14.11,87300.0,1232143.04,14.11
603687.SH,20260930,14.36,14.36,14.36,14.36,33000.0,473880.0,14.36
603688.SH,20260930,44.99,44.99,44.99,44.99,16900.0,760331.04,44.99
603689.SH,20260930,7.66,7.66,7.66,7.62,12300.0,94023.0,7.64
603690.SH,20260930,23.18,23.18,23.19,23.1,37000.0,857523.04,23.18
603693.SH,20260930,12.75,12.75,12.75,12.75,271900.0,3466725.12,12.75
603696.SH,20260930,13.21,13.22,13.22,13.19,58000.0,766696.96,13.22
603697.SH,20260930,9.5,9.5,9.5,9.5,8200.0,77900.0,9.5
603698.SH,20260930,20.17,20.09,20.17,20.07,80100.0,1611236.0,20.12
603699.SH,20260930,43.78,43.78,43.78,43.78,10000.0,437800.0,43.78
603700.SH,20260930,11.61,11.61,11.61,11.61,1800.0,20898.0,11.61
603701.SH,20260930,18.2,18.18,18.2,18.18,600.0,10912.0,18.19
603703.SH,20260930,9.98,9.98,9.98,9.98,30700.0,306386.0,9.98
603706.SH,20260930,17.04,17.04,17.04,17.04,2900.0,49416.0,17.04
603707.SH,20260930,7.9,7.9,7.9,7.9,16000.0,126400.0,7.9
603708.SH,20260930,8.89,8.89,8.89,8.89,7800.0,69342.0,8.89
603709.SH,20260930,12.92,12.92,12.97,12.92,39100.0,505516.0,12.93
603711.SH,20260930,11.66,11.66,11.66,11.66,2200.0,25652.0,11.66
603712.SH,20260930,11.35,11.35,11.35,11.35,23400.0,265590.0,11.35
603713.SH,20260930,66.43,66.43,66.43,66.43,4900.0,325507.0,66.43
603716.SH,20260930,16.91,16.91,16.91,16.91,31600.0,534356.0,16.91
603717.SH,20260930,6.1,6.1,6.1,6.1,81200.0,495320.0,6.1
603718.SH,20260930,3.1,3.1,3.1,3.1,38800.0,120280.0,3.1
603719.SH,20260930,9.09,9.09,9.09,9.09,10700.0,97263.0,9.09
603721.SH,20260930,18.75,18.75,18.75,18.75,102100.0,1914375.04,18.75
603722.SH,20260930,28.55,28.55,28.55,28.55,3500.0,99925.0,28.55
603725.SH,20260930,12.15,12.15,12.15,12.15,102000.0,1239300.0,12.15
603726.SH,20260930,23.62,23.62,23.62,23.62,3900.0,92118.0,23.62
603727.SH,20260930,19.28,19.28,19.28,19.28,193500.0,3730680.0,19.28
603728.SH,20260930,52.5,52.5,52.5,52.5,15200.0,798000.0,52.5
603729.SH,20260930,12.45,12.45,12.45,12.45,0.0,0.0,12.45
603730.SH,20260930,9.78,9.78,9.78,9.78,58200.0,569196.0,9.78
603733.SH,20260930,17.65,17.65,17.65,17.65,16800.0,296520.0,17.65
603737.SH,20260930,21.42,21.42,21.42,21.42,241500.0,5172929.92,21.42
603738.SH,20260930,34.35,34.35,34.35,34.35,59100.0,2030084.96,34.35
603739.SH,20260930,12.87,12.87,12.87,12.87,5500.0,70785.0,12.87
603755.SH,20260930,25.51,25.51,25.51,25.51,6400.0,163264.0,25.51
603757.SH,20260930,69.44,69.44,69.44,69.44,42800.0,2972032.0,69.44
603758.SH,20260930,10.78,10.78,10.78,10.78,2400.0,25872.0,10.78
603759.SH,20260930,7.97,7.97,7.97,7.97,11700.0,93249.0,7.97
603766.SH,20260930,14.11,14.11,14.11,14.11,15600.0,220116.0,14.11
603767.SH,20260930,15.26,15.26,15.26,15.26,288700.0,4405561.92,15.26
603768.SH,20260930,11.86,11.86,11.86,11.86,71800.0,851548.0,11.86
603773.SH,20260930,90.61,90.61,90.61,90.61,251500.0,22788416.0,90.61
603776.SH,20260930,21.0,21.0,21.0,21.0,4600.0,96600.0,21.0
603777.SH,20260930,13.83,13.83,13.83,13.83,4000.0,55320.0,13.83
603778.SH,20260930,8.13,8.13,8.13,8.13,915500.0,7443015.04,8.13
603779.SH,20260930,8.06,8.06,8.06,8.06,5100.0,41106.0,8.06
603786.SH,20260930,37.17,37.17,37.17,37.17,900.0,33453.0,37.17
603787.SH,20260930,10.55,10.55,10.55,10.55,22000.0,232100.0,10.55
603788.SH,20260930,13.69,13.69,13.69,13.69,3300.0,45177.0,13.69
603789.SH,20260930,5.9,5.9,5.9,5.9,3600.0,21240.0,5.9
603790.SH,20260930,25.0,25.0,25.0,25.0,800.0,20000.0,25.0
603797.SH,20260930,5.4,5.4,5.4,5.4,2811600.0,15182640.64,5.4
603798.SH,20260930,13.75,13.75,13.75,13.75,13700.0,188375.0,13.75
603799.SH,20260930,34.09,34.09,34.09,34.09,117300.0,3998757.12,34.09
603800.SH,20260930,54.7,54.7,54.7,54.7,3700.0,202390.0,54.7
603801.SH,20260930,6.26,6.26,6.26,6.26,70100.0,438826.0,6.26
603803.SH,20260930,11.72,11.72,11.72,11.72,223300.0,2617076.0,11.72
603806.SH,20260930,13.79,13.79,13.79,13.79,38000.0,524020.0,13.79
603808.SH,20260930,8.89,8.89,8.89,8.89,8400.0,74676.0,8.89
603809.SH,20260930,8.49,8.49,8.49,8.49,1500.0,12735.0,8.49
603810.SH,20260930,12.32,12.32,12.32,12.32,27100.0,333872.0,12.32
603811.SH,20260930,6.96,6.96,6.96,6.96,1000.0,6960.0,6.96
603813.SH,20260930,26.09,26.09,26.09,26.09,1800.0,46962.0,26.09
603815.SH,20260930,5.09,5.09,5.09,5.09,2200.0,11198.0,5.09
603816.SH,20260930,22.95,22.95,22.95,22.95,20900.0,479655.0,22.95
603817.SH,20260930,5.77,5.77,5.77,5.77,70200.0,405054.0,5.77
603818.SH,20260930,4.01,4.01,4.01,4.01,123500.0,495235.0,4.01
603819.SH,20260930,16.74,16.74,16.74,16.74,54800.0,917352.0,16.74
603822.SH,20260930,62.68,62.68,62.68,62.68,100.0,6268.0,62.68
603823.SH,20260930,43.0,43.0,43.0,43.0,325300.0,13987900.16,43.0
603825.SH,20260930,7.64,7.64,7.64,7.64,1300.0,9932.0,7.64
603826.SH,20260930,15.77,15.77,15.77,15.77,68100.0,1073936.96,15.77
603828.SH,20260930,6.02,6.02,6.02,6.02,36900.0,222138.0,6.02
603829.SH,20260930,15.74,15.74,15.74,15.74,11000.0,173140.0,15.74
603833.SH,20260930,30.14,30.14,30.14,30.14,21700.0,654038.0,30.14
603836.SH,20260930,9.66,9.66,9.66,9.66,12300.0,118818.0,9.66
603838.SH,20260930,12.58,12.58,12.58,12.58,10000.0,125800.0,12.58
603839.SH,20260930,6.93,6.93,6.93,6.93,8600.0,59598.0,6.93
603843.SH,20260930,6.18,6.18,6.18,6.18,42800.0,264504.0,6.18
603848.SH,20260930,13.22,13.22,13.22,13.22,14400.0,190368.0,13.22
603855.SH,20260930,16.93,16.93,16.93,16.93,1300.0,22009.0,16.93
603856.SH,20260930,11.76,11.76,11.76,11.76,29900.0,351624.0,11.76
603858.SH,20260930,14.5,14.5,14.5,14.5,5100.0,73950.0,14.5
603859.SH,20260930,38.45,38.45,38.45,38.45,5100.0,196095.0,38.45
603860.SH,20260930,26.76,26.76,26.76,26.76,23500.0,628860.0,26.76
603861.SH,20260930,10.9,10.9,10.9,10.9,22200.0,241980.0,10.9
603863.SH,20260930,12.25,12.25,12.25,12.25,46300.0,567175.0,12.25
603866.SH,20260930,4.21,4.21,4.21,4.21,32900.0,138509.0,4.21
603867.SH,20260930,35.09,35.09,35.09,35.09,17100.0,600039.0,35.09
603868.SH,20260930,30.85,30.85,30.85,30.85,2300.0,70955.0,30.85
603869.SH,20260930,8.55,8.55,8.55,8.55,10000.0,85500.0,8.55
603871.SH,20260930,11.89,11.89,11.89,11.89,85200.0,1013028.0,11.89
603876.SH,20260930,17.19,17.19,17.19,17.19,32700.0,562113.0,17.19
603877.SH,20260930,11.88,11.88,11.88,11.88,8200.0,97416.0,11.88
603878.SH,20260930,4.92,4.92,4.92,4.92,2900.0,14268.0,4.92
603879.SH,20260930,5.02,5.02,5.02,5.02,15400.0,77308.0,5.02
603880.SH,20260930,8.6,8.6,8.6,8.6,133800.0,1150680.0,8.6
603881.SH,20260930,23.16,23.16,23.16,23.16,74100.0,1716156.0,23.16
603882.SH,20260930,28.2,28.2,28.2,28.2,31600.0,891120.0,28.2
603883.SH,20260930,12.86,12.86,12.86,12.86,8500.0,109310.0,12.86
603885.SH,20260930,9.8,9.8,9.8,9.8,44800.0,439040.0,9.8
603886.SH,20260930,13.16,13.16,13.16,13.14,27500.0,361894.0,13.16
603887.SH,20260930,8.5,8.5,8.5,8.5,32100.0,272850.0,8.5
603888.SH,20260930,17.2,17.2,17.2,17.2,95400.0,1640880.0,17.2
603889.SH,20260930,5.97,5.97,5.97,5.97,13300.0,79401.0,5.97
603890.SH,20260930,15.21,15.21,15.21,15.21,190600.0,2899025.92,15.21
603893.SH,20260930,214.39,214.39,214.39,214.39,69500.0,14900104.96,214.39
603895.SH,20260930,26.83,26.83,26.83,26.83,16400.0,440012.0,26.83
603896.SH,20260930,14.7,14.7,14.7,14.7,1100.0,16170.0,14.7
603897.SH,20260930,29.45,29.45,29.45,29.45,27500.0,809875.04,29.45
603898.SH,20260930,11.73,11.73,11.73,11.73,34600.0,405858.0,11.73
603899.SH,20260930,21.83,21.83,21.83,21.83,4700.0,102601.0,21.83
603900.SH,20260930,6.33,6.33,6.33,6.33,28800.0,182304.0,6.33
603901.SH,20260930,9.38,9.38,9.38,9.38,15000.0,140700.0,9.38
603903.SH,20260930,14.01,14.01,14.01,14.01,45100.0,631851.0,14.01
603906.SH,20260930,17.52,17.52,17.52,17.52,104800.0,1836096.0,17.52
603908.SH,20260930,19.9,19.9,19.9,19.9,4400.0,87560.0,19.9
603909.SH,20260930,10.15,10.13,10.18,10.13,82400.0,835166.0,10.14
603912.SH,20260930,9.1,9.1,9.1,9.1,51200.0,465920.0,9.1
603915.SH,20260930,13.2,13.2,13.2,13.2,26700.0,352440.0,13.2
603916.SH,20260930,10.5,10.5,10.5,10.5,100.0,1050.0,10.5
603917.SH,20260930,14.12,14.12,14.12,14.12,6300.0,88956.0,14.12
603918.SH,20260930,10.59,10.59,10.59,10.59,6500.0,68835.0,10.59
603919.SH,20260930,15.82,15.82,15.82,15.82,7400.0,117068.0,15.82
603920.SH,20260930,46.69,46.69,46.69,46.69,157200.0,7339667.84,46.69
603922.SH,20260930,11.99,11.99,11.99,11.99,13600.0,163064.0,11.99
603926.SH,20260930,16.93,16.93,16.93,16.93,4400.0,74492.0,16.93
603927.SH,20260930,13.63,13.63,13.63,13.63,12100.0,164923.0,13.63
603928.SH,20260930,11.9,11.88,11.9,11.87,20600.0,244691.0,11.88
603929.SH,20260930,143.07,143.07,143.07,143.07,3700.0,529359.0,143.07
603931.SH,20260930,34.08,34.08,34.08,34.08,16400.0,558912.0,34.08
603933.SH,20260930,18.83,18.83,18.83,18.83,2100.0,39543.0,18.83
603936.SH,20260930,20.52,20.52,20.52,20.52,187800.0,3853656.0,20.52
603937.SH,20260930,12.8,12.85,12.87,12.79,128400.0,1649348.0,12.85
603938.SH,20260930,44.49,44.49,44.49,44.49,55200.0,2455848.0,44.49
603939.SH,20260930,23.4,23.4,23.49,23.4,149100.0,3490028.16,23.41
603948.SH,20260930,19.5,19.45,19.5,19.45,1700.0,33080.0,19.46
603949.SH,20260930,20.46,20.46,20.46,20.46,2579000.0,52766341.12,20.46
603950.SH,20260930,53.0,53.0,53.0,53.0,22300.0,1181900.0,53.0
603955.SH,20260930,24.99,24.99,24.99,24.99,3200.0,79968.0,24.99
603956.SH,20260930,6.98,6.98,6.98,6.98,118800.0,829224.0,6.98
603958.SH,20260930,18.58,18.5,18.59,18.5,48900.0,905179.04,18.51
603959.SH,20260930,4.2,4.2,4.2,4.2,5200.0,21840.0,4.2
603960.SH,20260930,17.42,17.37,17.42,17.37,44900.0,779918.0,17.37
603966.SH,20260930,7.33,7.33,7.33,7.33,4700.0,34451.0,7.33
603967.SH,20260930,11.92,11.92,11.92,11.92,25400.0,302768.0,11.92
603968.SH,20260930,11.16,11.16,11.16,11.16,371200.0,4142592.0,11.16
603969.SH,20260930,7.32,7.32,7.32,7.32,63400.0,464088.0,7.32
603970.SH,20260930,12.22,12.22,12.22,12.22,473600.0,5787392.0,12.22
603976.SH,20260930,30.05,30.12,30.3,29.96,9300.0,279874.0,30.09
603977.SH,20260930,10.71,10.71,10.71,10.71,22200.0,237762.0,10.71
603978.SH,20260930,27.3,27.3,27.3,27.05,170400.0,4651306.88,27.3
603979.SH,20260930,72.0,72.26,72.26,72.0,7100.0,512682.0,72.21
603980.SH,20260930,8.79,8.79,8.79,8.79,551500.0,4847685.12,8.79
603982.SH,20260930,6.48,6.48,6.48,6.48,18500.0,119880.0,6.48
603983.SH,20260930,30.43,30.43,30.43,30.43,100.0,3043.0,30.43
603985.SH,20260930,17.09,17.09,17.09,17.09,47400.0,810066.0,17.09
603986.SH,20260930,369.76,369.75,369.92,369.64,157304.0,58164377.6,369.76
603987.SH,20260930,7.5,7.5,7.5,7.5,2700.0,20250.0,7.5
603988.SH,20260930,17.12,17.1,17.12,17.1,5500.0,94073.0,17.1
603989.SH,20260930,28.24,28.2,28.27,28.2,60000.0,1692248.96,28.2
603990.SH,20260930,18.96,18.96,18.96,18.96,5783.0,109646.0,18.96
603991.SH,20260930,170.0,170.0,170.0,170.0,8500.0,1445000.0,170.0
603992.SH,20260930,19.31,19.31,19.31,19.31,2800.0,54068.0,19.31
603993.SH,20260930,16.8,16.8,16.8,16.8,399200.0,6706560.0,16.8
603995.SH,20260930,25.35,25.27,25.35,25.27,4100.0,103893.0,25.34
603997.SH,20260930,13.69,13.69,13.69,13.69,26200.0,358678.0,13.69
603998.SH,20260930,10.26,10.25,10.26,10.25,19600.0,200905.0,10.25
603999.SH,20260930,6.7,6.69,6.71,6.69,131700.0,881114.0,6.69
605001.SH,20260930,5.88,5.88,5.88,5.88,17900.0,105252.0,5.88
605003.SH,20260930,24.6,24.6,24.6,24.6,11100.0,273060.0,24.6
605005.SH,20260930,16.0,16.0,16.0,16.0,3500.0,56000.0,16.0
605006.SH,20260930,14.91,14.91,14.91,14.91,72000.0,1073520.0,14.91
605007.SH,20260930,14.28,14.28,14.28,14.28,9000.0,128520.0,14.28
605008.SH,20260930,14.21,14.21,14.21,14.21,6600.0,93786.0,14.21
605009.SH,20260930,25.17,25.15,25.17,25.15,5300.0,133297.0,25.15
605011.SH,20260930,17.47,17.47,17.47,17.47,4900.0,85603.0,17.47
605016.SH,20260930,21.2,21.2,21.2,21.2,17700.0,375240.0,21.2
605018.SH,20260930,11.8,11.8,11.8,11.8,82800.0,977040.0,11.8
605020.SH,20260930,30.5,30.5,30.5,30.5,10700.0,326350.0,30.5
605028.SH,20260930,24.12,24.12,24.12,24.12,1800.0,43416.0,24.12
605033.SH,20260930,19.55,19.55,19.55,19.55,8400.0,164220.0,19.55
605050.SH,20260930,10.04,10.04,10.04,10.04,3300.0,33132.0,10.04
605055.SH,20260930,8.77,8.77,8.77,8.77,3600.0,31572.0,8.77
605056.SH,20260930,13.95,13.95,13.95,13.95,14700.0,205065.0,13.95
605058.SH,20260930,59.6,59.6,59.6,59.6,503000.0,29978800.64,59.6
605060.SH,20260930,37.93,37.93,37.93,37.93,4100.0,155513.0,37.93
605066.SH,20260930,6.75,6.75,6.75,6.75,6300.0,42525.0,6.75
605068.SH,20260930,20.49,20.49,20.49,20.49,4600.0,94254.0,20.49
605069.SH,20260930,12.38,12.38,12.38,12.38,553200.0,6848615.68,12.38
605077.SH,20260930,11.39,11.39,11.39,11.39,11300.0,128707.0,11.39
605080.SH,20260930,23.18,23.18,23.18,23.18,4900.0,113582.0,23.18
605086.SH,20260930,23.29,23.29,23.29,23.29,1400.0,32606.0,23.29
605088.SH,20260930,23.99,23.99,23.99,23.99,61600.0,1477784.0,23.99
605089.SH,20260930,22.11,22.11,22.11,22.11,9800.0,216678.0,22.11
605090.SH,20260930,30.48,30.48,30.48,30.48,20900.0,637032.0,30.48
605098.SH,20260930,52.47,52.47,52.47,52.47,4500.0,236115.0,52.47
605099.SH,20260930,27.79,27.79,27.79,27.79,1800.0,50022.0,27.79
605100.SH,20260930,35.33,35.33,35.33,35.33,45400.0,1603982.08,35.33
605108.SH,20260930,12.27,12.27,12.27,12.27,10400.0,127608.0,12.27
605111.SH,20260930,56.41,56.41,56.41,56.41,25600.0,1444096.0,56.41
605116.SH,20260930,19.2,19.2,19.2,19.2,8300.0,159360.0,19.2
605117.SH,20260930,77.92,77.92,77.92,77.92,74100.0,5773872.0,77.92
605118.SH,20260930,31.62,31.62,31.62,31.62,4700.0,148614.0,31.62
605122.SH,20260930,12.35,12.35,12.35,12.35,16900.0,208715.0,12.35
605123.SH,20260930,77.54,77.54,77.54,77.54,2500.0,193850.0,77.54
605128.SH,20260930,23.62,23.62,23.62,23.62,1500.0,35430.0,23.62
605133.SH,20260930,24.49,24.48,24.49,24.48,9000.0,220325.0,24.48
605136.SH,20260930,8.98,8.98,8.98,8.98,409900.0,3680902.08,8.98
605138.SH,20260930,6.19,6.19,6.19,6.19,3600.0,22284.0,6.19
605151.SH,20260930,18.94,18.94,18.94,18.94,9800.0,185612.0,18.94
605155.SH,20260930,14.5,14.5,14.5,14.5,4400.0,63800.0,14.5
605158.SH,20260930,7.68,7.68,7.68,7.68,14700.0,112896.0,7.68
605162.SH,20260930,11.77,11.77,11.77,11.77,100800.0,1186416.0,11.77
605166.SH,20260930,8.49,8.49,8.49,8.49,9100.0,77259.0,8.49
605167.SH,20260930,15.48,15.47,15.48,15.46,1000.0,15468.0,15.47
605168.SH,20260930,50.01,50.01,50.01,50.01,11000.0,550110.0,50.01
605169.SH,20260930,13.11,13.11,13.11,13.11,12500.0,163875.0,13.11
605177.SH,20260930,25.21,25.21,25.21,25.21,49900.0,1257979.04,25.21
605178.SH,20260930,63.7,63.7,63.7,63.7,9800.0,624260.0,63.7
605179.SH,20260930,23.62,23.62,23.62,23.62,61300.0,1447905.92,23.62
605180.SH,20260930,14.24,14.24,14.24,14.24,50800.0,723392.0,14.24
605183.SH,20260930,16.45,16.45,16.45,16.45,6200.0,101990.0,16.45
605186.SH,20260930,25.45,25.44,25.45,25.24,3700.0,94094.0,25.43
605188.SH,20260930,12.4,12.4,12.4,12.4,4200.0,52080.0,12.4
605189.SH,20260930,13.73,13.73,13.73,13.73,10300.0,141419.0,13.73
605196.SH,20260930,33.11,33.11,33.11,33.11,13400.0,443674.0,33.11
605198.SH,20260930,67.51,67.83,67.83,67.51,77200.0,5236348.16,67.83
605199.SH,20260930,5.72,5.72,5.72,5.72,0.0,0.0,5.72
605208.SH,20260930,14.59,14.59,14.59,14.59,36400.0,531076.0,14.59
605218.SH,20260930,14.14,14.14,14.14,14.14,16000.0,226240.0,14.14
605222.SH,20260930,21.96,21.93,21.96,21.89,14400.0,315730.0,21.93
605228.SH,20260930,11.2,11.2,11.2,11.2,7500.0,84000.0,11.2
605255.SH,20260930,57.04,57.04,57.04,57.04,5200.0,296608.0,57.04
605258.SH,20260930,43.17,43.17,43.17,43.17,111200.0,4800504.0,43.17
605259.SH,20260930,17.37,17.37,17.37,17.37,100.0,1737.0,17.37
605266.SH,20260930,16.03,16.03,16.03,16.03,4900.0,78547.0,16.03
605268.SH,20260930,10.25,10.25,10.25,10.25,9700.0,99425.0,10.25
605277.SH,20260930,17.07,17.07,17.07,17.07,33000.0,563310.0,17.07
605286.SH,20260930,24.4,24.4,24.4,24.4,200.0,4880.0,24.4
605287.SH,20260930,34.2,34.2,34.2,34.2,9700.0,331740.0,34.2
605288.SH,20260930,66.31,66.31,66.31,66.31,7800.0,517218.0,66.31
605289.SH,20260930,95.38,95.38,95.38,95.38,2000.0,190760.0,95.38
605296.SH,20260930,31.63,31.63,31.63,31.63,5000.0,158150.0,31.63
605298.SH,20260930,41.92,41.92,41.92,41.92,0.0,0.0,41.92
605299.SH,20260930,12.4,12.4,12.4,12.4,6900.0,85560.0,12.4
605300.SH,20260930,10.3,10.3,10.3,10.3,7900.0,81370.0,10.3
605303.SH,20260930,28.66,28.66,28.66,28.66,30500.0,874130.0,28.66
605305.SH,20260930,30.13,30.13,30.13,30.13,12100.0,364573.0,30.13
605318.SH,20260930,72.2,72.2,72.2,72.2,600.0,43320.0,72.2
605319.SH,20260930,22.2,22.2,22.2,22.2,18800.0,417360.0,22.2
605333.SH,20260930,16.39,16.39,16.39,16.39,25100.0,411389.0,16.39
605336.SH,20260930,11.48,11.48,11.48,11.48,0.0,0.0,11.48
605337.SH,20260930,9.11,9.11,9.11,9.11,9900.0,90189.0,9.11
605338.SH,20260930,17.59,17.59,17.59,17.59,2400.0,42216.0,17.59
605339.SH,20260930,13.28,13.28,13.28,13.28,2100.0,27888.0,13.28
605358.SH,20260930,46.48,46.48,46.48,46.48,105000.0,4880400.0,46.48
605365.SH,20260930,14.72,14.72,14.72,14.72,21400.0,315008.0,14.72
605366.SH,20260930,9.75,9.75,9.75,9.75,527800.0,5146049.92,9.75
605368.SH,20260930,6.62,6.62,6.62,6.62,5800.0,38396.0,6.62
605369.SH,20260930,17.98,17.98,17.98,17.98,2900.0,52142.0,17.98
605376.SH,20260930,119.58,119.58,119.58,119.58,18400.0,2200272.0,119.58
605377.SH,20260930,7.96,7.96,7.96,7.96,20100.0,159996.0,7.96
605378.SH,20260930,15.92,15.92,15.92,15.92,336900.0,5363448.0,15.92
605388.SH,20260930,7.39,7.39,7.39,7.39,2741720.0,20261312.0,7.39
605389.SH,20260930,61.44,61.44,61.44,61.44,600.0,36864.0,61.44
605398.SH,20260930,23.24,23.24,23.24,23.24,133200.0,3095568.0,23.24
605399.SH,20260930,11.73,11.75,11.75,11.73,11900.0,139789.0,11.75
605488.SH,20260930,30.0,30.0,30.0,30.0,12600.0,378000.0,30.0
605499.SH,20260930,110.18,110.18,110.18,110.18,2500.0,275450.0,110.18
605500.SH,20260930,7.45,7.45,7.45,7.45,4000.0,29800.0,7.45
605507.SH,20260930,17.9,17.9,17.9,17.9,9600.0,171840.0,17.9
605555.SH,20260930,12.76,12.76,12.76,12.76,18000.0,229680.0,12.76
605566.SH,20260930,32.14,32.14,32.14,32.14,13900.0,446746.0,32.14
605567.SH,20260930,9.64,9.64,9.64,9.64,25300.0,243892.0,9.64
605577.SH,20260930,15.54,15.36,15.54,15.36,972600.0,14974743.04,15.4
605580.SH,20260930,21.28,21.28,21.28,21.28,24700.0,525616.0,21.28
605588.SH,20260930,45.99,45.99,45.99,45.99,5500.0,252945.0,45.99
605589.SH,20260930,36.45,36.45,36.45,36.45,59400.0,2165129.92,36.45
605598.SH,20260930,24.22,24.22,24.22,24.22,18800.0,455336.0,24.22
605599.SH,20260930,13.28,13.28,13.28,13.28,19900.0,264272.0,13.28
688001.SH,20260930,63.19,63.19,63.19,63.19,60468.0,3820973.12,63.19
688002.SH,20260930,177.89,177.89,177.89,177.89,51377.0,9139454.72,177.89
688003.SH,20260930,75.61,75.6,75.61,75.48,15834.0,1197034.0,75.6
688004.SH,20260930,31.61,31.61,31.61,31.61,114024.0,3604298.88,31.61
688005.SH,20260930,23.07,23.07,23.07,23.07,16867.0,389122.0,23.07
688006.SH,20260930,20.5,20.5,20.5,20.5,30511.0,625476.0,20.5
688007.SH,20260930,10.75,10.75,10.75,10.75,200.0,2150.0,10.75
688008.SH,20260930,212.99,212.99,212.99,212.99,112825.0,24030597.12,212.99
688009.SH,20260930,4.64,4.64,4.64,4.64,64898.0,301127.0,4.64
688010.SH,20260930,28.26,28.26,28.26,28.26,6391.0,180610.0,28.26
688011.SH,20260930,61.95,61.98,61.98,61.95,22930.0,1421179.04,61.98
688012.SH,20260930,326.98,326.98,326.98,326.98,58658.0,19179992.32,326.98
688013.SH,20260930,24.98,24.98,24.98,24.98,8529.0,213054.0,24.98
688015.SH,20260930,16.89,16.89,16.89,16.89,7600.0,128364.0,16.89
688016.SH,20260930,83.85,83.85,83.85,83.85,2400.0,201240.0,83.85
688017.SH,20260930,277.0,277.0,277.0,277.0,11579.0,3207383.04,277.0
688018.SH,20260930,116.28,116.28,116.28,116.28,8953.0,1041055.04,116.28
688019.SH,20260930,218.06,218.06,218.06,218.06,18534.0,4041523.84,218.06
688020.SH,20260930,138.91,139.2,139.2,138.17,5740.0,798588.96,139.13
688021.SH,20260930,20.36,20.36,20.36,20.36,3748.0,76309.0,20.36
688022.SH,20260930,9.09,9.09,9.09,9.09,1900.0,17271.0,9.09
688023.SH,20260930,47.0,47.0,47.0,47.0,59041.0,2774927.04,47.0
688025.SH,20260930,422.33,422.33,422.33,422.33,11648.0,4919299.84,422.33
688026.SH,20260930,24.85,24.85,24.85,24.85,52040.0,1293194.0,24.85
688027.SH,20260930,342.7,342.7,342.7,342.7,3636.0,1246056.96,342.7
688028.SH,20260930,116.94,116.94,116.94,116.94,24762.0,2895667.84,116.94
688029.SH,20260930,83.8,83.7,83.8,83.4,13500.0,1129788.96,83.69
688030.SH,20260930,19.86,19.86,19.86,19.86,103989.0,2065222.08,19.86
688031.SH,20260930,91.74,91.74,91.74,91.74,22186.0,2035344.0,91.74
688032.SH,20260930,67.6,67.6,67.6,67.6,900.0,60840.0,67.6
688033.SH,20260930,7.29,7.29,7.29,7.29,520.0,3791.0,7.29
688035.SH,20260930,76.0,76.0,76.0,76.0,25107.0,1908132.0,76.0
688036.SH,20260930,53.15,53.15,53.15,53.15,11645.0,618932.0,53.15
688037.SH,20260930,342.38,342.38,342.38,342.38,2900.0,992902.0,342.38
688038.SH,20260930,19.2,19.18,19.2,19.18,4360.0,83641.0,19.18
688039.SH,20260930,35.43,35.43,35.43,35.43,93670.0,3318728.0,35.43
688041.SH,20260930,236.2,236.2,236.2,236.2,45289.0,10697262.08,236.2
688045.SH,20260930,57.21,57.21,57.21,57.21,2690.0,153895.0,57.21
688046.SH,20260930,34.86,34.86,34.86,34.86,26891.0,937420.0,34.86
688047.SH,20260930,100.53,100.53,100.53,100.53,7249.0,728742.0,100.53
688048.SH,20260930,299.86,299.86,299.86,299.86,39973.0,11986304.0,299.86
688049.SH,20260930,47.08,47.08,47.08,47.08,23382.0,1100824.96,47.08
688050.SH,20260930,38.05,38.05,38.05,38.05,1927.0,73322.0,38.05
688051.SH,20260930,25.8,25.8,25.8,25.8,18701.0,482486.0,25.8
688052.SH,20260930,241.59,241.59,241.59,241.59,3295.0,796039.04,241.59
688053.SH,20260930,39.39,39.39,39.39,39.39,0.0,0.0,39.39
688055.SH,20260930,3.67,3.67,3.67,3.67,70385.0,258313.0,3.67
688056.SH,20260930,49.19,49.19,49.19,49.19,36741.0,1807289.92,49.19
688057.SH,20260930,18.8,18.8,18.8,18.8,2100.0,39480.0,18.8
688058.SH,20260930,26.48,26.48,26.48,26.48,9741.0,257942.0,26.48
688059.SH,20260930,85.2,85.2,85.2,85.2,200.0,17040.0,85.2
688060.SH,20260930,37.11,37.11,37.11,37.11,3186.0,118232.0,37.11
688061.SH,20260930,44.64,44.64,44.64,44.64,1600.0,71424.0,44.64
688062.SH,20260930,26.28,26.28,26.28,26.28,22121.0,581340.0,26.28
688063.SH,20260930,40.5,40.5,40.5,40.5,18091.0,732686.0,40.5
688065.SH,20260930,38.2,38.2,38.2,38.2,2969.0,113416.0,38.2
688066.SH,20260930,8.6,8.6,8.6,8.6,34396.0,295806.0,8.6
688067.SH,20260930,24.64,24.64,24.64,24.64,3241.0,79858.0,24.64
688068.SH,20260930,90.0,90.0,90.0,90.0,2734.0,246060.0,90.0
688069.SH,20260930,35.98,35.98,35.98,35.98,1000.0,35980.0,35.98
688070.SH,20260930,35.29,35.29,35.29,35.29,3443.0,121503.0,35.29
688071.SH,20260930,36.51,36.51,36.51,36.51,11738.0,428554.0,36.51
688072.SH,20260930,663.0,663.0,663.0,663.0,11862.0,7864506.24,663.0
688073.SH,20260930,73.68,73.68,73.68,73.68,50858.0,3747216.96,73.68
688075.SH,20260930,30.11,30.11,30.11,30.11,600.0,18066.0,30.11
688076.SH,20260930,29.58,29.58,29.58,29.58,2000.0,59160.0,29.58
688077.SH,20260930,27.44,27.44,27.44,27.44,7652.0,209971.0,27.44
688078.SH,20260930,31.2,31.2,31.2,31.2,9720.0,303264.0,31.2
688079.SH,20260930,16.96,16.96,16.96,16.96,357313.0,6060028.16,16.96
688080.SH,20260930,37.24,37.24,37.24,37.24,0.0,0.0,37.24
688081.SH,20260930,26.0,26.0,26.0,26.0,4802.0,124852.0,26.0
688082.SH,20260930,300.2,300.2,300.2,300.2,29287.0,8791957.12,300.2
688083.SH,20260930,51.0,51.0,51.0,51.0,17666.0,900966.0,51.0
688084.SH,20260930,42.4,42.4,42.4,42.4,600.0,25440.0,42.4
688085.SH,20260930,13.32,13.32,13.32,13.32,400.0,5328.0,13.32
688087.SH,20260930,31.95,31.95,31.95,31.95,0.0,0.0,31.95
688088.SH,20260930,29.2,29.2,29.2,29.2,3654.0,106697.0,29.2
688089.SH,20260930,8.47,8.47,8.47,8.47,33666.0,285151.0,8.47
688090.SH,20260930,78.57,78.57,78.57,78.57,5994.0,470949.0,78.57
688091.SH,20260930,38.8,38.8,38.8,38.8,900.0,34920.0,38.8
688092.SH,20260930,22.61,22.61,22.61,22.61,4280.0,96771.0,22.61
688093.SH,20260930,22.25,22.25,22.25,22.25,2732.0,60787.0,22.25
688095.SH,20260930,57.07,57.07,57.07,57.07,3099.0,176860.0,57.07
688096.SH,20260930,7.4,7.4,7.4,7.4,33728.0,249587.0,7.4
688097.SH,20260930,42.44,42.44,42.44,42.44,2400.0,101856.0,42.44
688098.SH,20260930,8.47,8.47,8.47,8.47,5400.0,45738.0,8.47
688099.SH,20260930,90.19,90.19,90.19,90.19,6545.0,590294.0,90.19
688100.SH,20260930,24.48,24.48,24.48,24.48,12659.0,309892.0,24.48
688101.SH,20260930,14.4,14.4,14.4,14.4,7000.0,100800.0,14.4
688102.SH,20260930,29.3,29.3,29.3,29.3,5456.0,159861.0,29.3
688103.SH,20260930,79.67,79.67,79.67,79.67,0.0,0.0,79.67
688105.SH,20260930,25.43,25.43,25.43,25.43,38788.0,986379.04,25.43
688106.SH,20260930,25.5,25.5,25.5,25.5,29075.0,741412.96,25.5
688107.SH,20260930,29.25,29.25,29.25,29.25,6568.0,192114.0,29.25
688108.SH,20260930,14.76,14.76,14.76,14.76,11140.0,164426.0,14.76
688109.SH,20260930,71.01,71.01,71.01,71.01,1243.0,88265.0,71.01
688110.SH,20260930,119.0,119.0,119.0,119.0,48517.0,5773523.2,119.0
688111.SH,20260930,216.32,216.32,216.32,216.32,20604.0,4457056.96,216.32
688112.SH,20260930,104.91,104.91,104.91,104.91,88804.0,9316428.16,104.91
688113.SH,20260930,37.54,37.54,37.54,37.54,1500.0,56310.0,37.54
688114.SH,20260930,71.5,71.5,71.5,71.5,13654.0,976260.96,71.5
688115.SH,20260930,63.68,63.68,63.68,63.68,500.0,31840.0,63.68
688116.SH,20260930,33.84,33.84,33.84,33.84,32666.0,1105416.96,33.84
688117.SH,20260930,18.12,18.12,18.12,18.12,86923.0,1575044.96,18.12
688118.SH,20260930,20.39,20.39,20.39,20.39,5745.0,117141.0,20.39
688119.SH,20260930,3.85,3.85,3.85,3.85,101920.0,392392.0,3.85
688120.SH,20260930,235.0,235.0,235.0,235.0,30709.0,7216615.04,235.0
688121.SH,20260930,1.09,1.09,1.09,1.09,77619.0,84605.0,1.09
688122.SH,20260930,52.11,52.11,52.11,52.11,46623.0,2429524.96,52.11
688123.SH,20260930,167.97,167.97,167.97,167.97,66651.0,11195367.68,167.97
688125.SH,20260930,114.14,114.14,114.14,114.14,952.0,108661.0,114.14
688126.SH,20260930,23.83,23.83,23.83,23.83,81914.0,1952011.04,23.83
688127.SH,20260930,62.9,62.9,62.9,62.9,9602.0,603966.0,62.9
688128.SH,20260930,21.89,21.89,21.89,21.89,1000.0,21890.0,21.89
688129.SH,20260930,22.89,22.89,22.89,22.89,11873.0,271773.0,22.89
688130.SH,20260930,26.0,26.0,26.0,26.0,2905.0,75530.0,26.0
688131.SH,20260930,97.88,97.88,97.88,97.88,26087.0,2553396.0,97.88
688132.SH,20260930,16.7,16.7,16.7,16.7,3900.0,65130.0,16.7
688133.SH,20260930,21.79,21.79,21.79,21.79,10705.0,233262.0,21.79
688135.SH,20260930,37.85,37.85,37.85,37.85,4518.0,171006.0,37.85
688136.SH,20260930,24.04,24.04,24.04,24.04,57278.0,1376963.04,24.04
688137.SH,20260930,135.7,135.7,136.9,135.48,141578.0,19216107.52,135.73
688138.SH,20260930,38.77,38.77,38.77,38.77,76587.0,2969278.08,38.77
688139.SH,20260930,35.19,35.19,35.19,35.19,13331.0,469118.0,35.19
688141.SH,20260930,104.49,104.49,104.49,104.49,18827.0,1967232.96,104.49
688143.SH,20260930,186.21,188.0,188.0,185.38,249875.0,46939648.0,187.85
688146.SH,20260930,195.98,195.98,195.98,195.98,48155.0,9437416.96,195.98
688147.SH,20260930,108.3,108.3,108.3,108.3,14590.0,1580096.96,108.3
688148.SH,20260930,5.9,5.9,5.9,5.9,32396.0,191136.0,5.9
688150.SH,20260930,39.85,39.5,39.85,39.5,11877.0,469569.0,39.54
688151.SH,20260930,16.73,16.73,16.73,16.73,3000.0,50190.0,16.73
688152.SH,20260930,40.11,40.02,40.11,40.0,132189.0,5290227.84,40.02
688153.SH,20260930,25.89,25.89,25.89,25.89,1200.0,31068.0,25.89
688155.SH,20260930,54.25,54.25,54.28,54.25,26946.0,1461851.04,54.25
688156.SH,20260930,23.17,23.17,23.17,23.17,4723.0,109432.0,23.17
688157.SH,20260930,18.89,18.89,18.89,18.89,22658.0,428010.0,18.89
688158.SH,20260930,28.99,28.99,28.99,28.99,59328.0,1719919.04,28.99
688159.SH,20260930,36.58,36.55,36.58,36.55,26478.0,967828.96,36.55
688160.SH,20260930,95.03,95.03,95.03,95.03,1449.0,137698.0,95.03
688161.SH,20260930,21.76,21.76,21.76,21.76,0.0,0.0,21.76
688162.SH,20260930,25.71,25.71,25.71,25.71,13745.0,353384.0,25.71
688163.SH,20260930,37.9,37.89,37.9,37.89,34129.0,1293154.0,37.89
688165.SH,20260930,15.05,15.05,15.05,15.05,7093.0,106750.0,15.05
688166.SH,20260930,34.37,34.37,34.37,34.37,10058.0,345693.0,34.37
688167.SH,20260930,288.0,288.8,288.8,288.0,19184.0,5540019.2,288.78
688168.SH,20260930,44.27,44.24,44.27,44.24,11586.0,512571.0,44.24
688169.SH,20260930,114.8,114.8,114.8,114.8,7371.0,846191.04,114.8
688170.SH,20260930,64.99,64.89,64.99,64.89,10846.0,703936.96,64.9
688171.SH,20260930,23.95,23.95,23.95,23.95,22833.0,546850.0,23.95
688172.SH,20260930,44.46,44.46,44.46,44.46,8731.0,388180.0,44.46
688173.SH,20260930,13.35,13.35,13.35,13.35,18186.0,242783.0,13.35
688175.SH,20260930,27.8,27.8,27.8,27.8,107378.0,2985107.84,27.8
688176.SH,20260930,13.86,13.76,13.86,13.76,12056.0,166016.0,13.77
688177.SH,20260930,20.1,20.01,20.1,20.01,12100.0,242211.0,20.02
688178.SH,20260930,29.68,29.68,29.68,29.68,800.0,23744.0,29.68
688179.SH,20260930,22.56,22.5,22.56,22.49,103017.0,2318062.08,22.5
688180.SH,20260930,34.95,34.95,34.95,34.95,22081.0,771731.04,34.95
688181.SH,20260930,44.44,44.31,44.48,44.31,14360.0,636717.0,44.34
688182.SH,20260930,26.98,26.98,26.98,26.98,9200.0,248216.0,26.98
688183.SH,20260930,112.53,112.53,112.53,112.53,50579.0,5691655.04,112.53
688184.SH,20260930,10.78,10.78,10.78,10.78,250.0,2695.0,10.78
688185.SH,20260930,86.7,86.44,87.0,86.43,52036.0,4499779.84,86.47
688186.SH,20260930,14.24,14.24,14.24,14.24,1900.0,27056.0,14.24
688187.SH,20260930,44.51,44.53,44.53,44.51,3414.0,152020.0,44.53
688188.SH,20260930,95.02,95.02,95.02,95.02,3390.0,322118.0,95.02
688189.SH,20260930,6.4,6.4,6.4,6.4,7000.0,44800.0,6.4
688190.SH,20260930,67.14,67.14,67.14,67.14,0.0,0.0,67.14
688191.SH,20260930,20.0,20.0,20.0,20.0,14186.0,283720.0,20.0
688192.SH,20260930,57.6,57.3,57.88,57.3,206654.0,11844871.68,57.32
688193.SH,20260930,50.37,50.37,50.37,50.37,900.0,45333.0,50.37
688195.SH,20260930,187.5,187.5,187.5,187.5,52910.0,9920625.28,187.5
688196.SH,20260930,30.85,30.85,30.85,30.85,4936.0,152276.0,30.85
688197.SH,20260930,37.99,37.99,37.99,37.99,4169.0,158380.0,37.99
688198.SH,20260930,68.77,68.77,68.77,68.77,1725.0,118628.0,68.77
688199.SH,20260930,25.78,25.78,25.78,25.78,26323.0,678607.04,25.78
688200.SH,20260930,399.01,399.01,399.01,399.01,16401.0,6544163.2,399.01
688201.SH,20260930,7.7,7.7,7.7,7.7,0.0,0.0,7.7
688202.SH,20260930,104.92,104.92,105.86,104.92,18783.0,1971172.96,104.95
688203.SH,20260930,20.35,20.35,20.35,20.35,49090.0,998982.0,20.35
688205.SH,20260930,213.77,214.88,215.0,213.77,85363.0,18337841.92,214.82
688206.SH,20260930,35.55,35.55,35.55,35.55,29285.0,1041082.0,35.55
688207.SH,20260930,19.88,19.77,19.88,19.77,30762.0,608286.0,19.77
688208.SH,20260930,25.0,25.0,25.0,25.0,25914.0,647850.0,25.0
688209.SH,20260930,32.65,32.65,32.65,32.65,15026.0,490599.0,32.65
688210.SH,20260930,27.86,27.88,27.88,27.86,6751.0,188202.0,27.88
688211.SH,20260930,32.45,32.5,32.5,32.45,707.0,22968.0,32.49
688212.SH,20260930,28.17,28.17,28.17,28.17,2932.0,82594.0,28.17
688213.SH,20260930,94.61,94.4,95.1,94.4,21065.0,1991891.04,94.56
688215.SH,20260930,44.16,44.16,44.16,44.16,1827.0,80680.0,44.16
688216.SH,20260930,40.55,40.99,41.0,40.55,60080.0,2460551.04,40.96
688217.SH,20260930,25.41,25.41,25.41,25.41,2077.0,52777.0,25.41
688218.SH,20260930,38.71,38.71,38.71,38.71,8600.0,332906.0,38.71
688219.SH,20260930,10.21,10.21,10.21,10.21,5306.0,54174.0,10.21
688220.SH,20260930,94.07,94.07,94.09,94.07,13676.0,1286520.96,94.07
688221.SH,20260930,16.42,16.42,16.42,16.42,15518.0,254806.0,16.42
688222.SH,20260930,43.54,43.5,43.65,43.5,118897.0,5172511.04,43.5
688223.SH,20260930,3.76,3.76,3.76,3.76,335901.0,1262988.0,3.76
688225.SH,20260930,15.96,15.99,16.02,15.95,112383.0,1796928.96,15.99
688226.SH,20260930,30.36,30.36,30.36,30.36,8833.0,268170.0,30.36
688227.SH,20260930,73.4,73.4,73.4,73.4,1900.0,139460.0,73.4
688228.SH,20260930,91.74,91.5,92.0,91.5,19231.0,1760513.92,91.55
688229.SH,20260930,61.15,61.15,61.15,61.15,800.0,48920.0,61.15
688230.SH,20260930,59.4,59.4,59.4,59.4,3264.0,193882.0,59.4
688231.SH,20260930,32.31,32.31,32.31,32.31,2200.0,71082.0,32.31
688232.SH,20260930,17.74,17.74,17.74,17.74,5136.0,91113.0,17.74
688233.SH,20260930,93.03,93.9,93.9,93.03,8043.0,753942.0,93.74
688234.SH,20260930,109.52,109.52,109.52,109.52,43612.0,4776385.92,109.52
688235.SH,20260930,258.03,258.03,258.03,258.03,13047.0,3366517.12,258.03
688236.SH,20260930,14.08,14.08,14.08,14.08,890.0,12531.0,14.08
688237.SH,20260930,58.8,58.8,58.8,58.8,6845.0,402486.0,58.8
688238.SH,20260930,8.57,8.57,8.57,8.57,210391.0,1803051.04,8.57
688239.SH,20260930,53.37,53.5,53.5,53.37,24172.0,1293160.0,53.5
688244.SH,20260930,21.48,21.48,21.48,21.48,717380.96,15409344.0,21.48
688246.SH,20260930,17.68,17.57,17.68,17.57,14632.0,257163.0,17.58
688247.SH,20260930,9.89,9.89,9.89,9.89,2800.0,27692.0,9.89
688248.SH,20260930,49.89,49.89,49.89,49.89,14222.0,709536.0,49.89
688249.SH,20260930,34.58,34.66,34.7,34.53,64806.0,2245824.96,34.66
688251.SH,20260930,18.98,18.98,18.98,18.98,6813.0,129311.0,18.98
688252.SH,20260930,20.84,20.84,20.84,20.84,8460.0,176306.0,20.84
688253.SH,20260930,55.38,55.38,55.38,55.38,2418.0,133909.0,55.38
688255.SH,20260930,26.59,26.59,26.59,26.59,9360.0,248882.0,26.59
688256.SH,20260930,1044.04,1044.04,1044.04,1044.04,12685.0,13243646.72,1044.04
688257.SH,20260930,55.6,55.6,55.6,55.6,19150.0,1064740.0,55.6
688258.SH,20260930,86.25,86.25,86.25,86.25,10654.0,918908.0,86.25
688259.SH,20260930,32.86,32.86,32.86,32.86,1200.0,39432.0,32.86
688260.SH,20260930,102.59,102.59,102.59,102.59,20696.0,2123203.04,102.59
688261.SH,20260930,76.0,76.0,76.0,76.0,13831.0,1051156.0,76.0
688262.SH,20260930,28.52,28.52,28.52,28.52,28476.0,812136.0,28.52
688265.SH,20260930,54.99,54.99,54.99,54.99,57103.0,3140094.08,54.99
688266.SH,20260930,106.1,106.1,106.1,106.1,3779.0,400952.0,106.1
688267.SH,20260930,21.97,21.97,21.97,21.97,12237.0,268847.0,21.97
688268.SH,20260930,125.49,125.49,125.49,125.49,7760.0,973802.0,125.49
688269.SH,20260930,27.0,27.0,27.0,27.0,17638.0,476226.0,27.0
688270.SH,20260930,54.3,54.3,54.3,54.3,20210.0,1097403.04,54.3
688271.SH,20260930,104.63,104.63,104.63,104.63,7179.0,751139.04,104.63
688272.SH,20260930,28.9,28.9,28.9,28.9,4532.0,130975.0,28.9
688273.SH,20260930,29.44,29.44,29.44,29.44,4100.0,120704.0,29.44
688275.SH,20260930,68.3,68.3,68.3,68.3,24491.0,1672735.04,68.3
688276.SH,20260930,17.53,17.53,17.53,17.53,5200.0,91156.0,17.53
688277.SH,20260930,15.52,15.52,15.52,15.52,3295.0,51138.0,15.52
688278.SH,20260930,51.08,51.08,51.08,51.08,600.0,30648.0,51.08
688279.SH,20260930,205.5,205.5,205.5,205.5,6625.0,1361438.08,205.5
688280.SH,20260930,5.02,5.02,5.02,5.02,6187.0,31059.0,5.02
688281.SH,20260930,49.4,49.4,49.4,49.4,13933.0,688290.0,49.4
688282.SH,20260930,51.18,51.18,51.18,51.18,5020.0,256924.0,51.18
688283.SH,20260930,29.67,29.67,29.67,29.67,5942.0,176299.0,29.67
688285.SH,20260930,7.68,7.68,7.68,7.68,6579.0,50527.0,7.68
688286.SH,20260930,53.8,53.8,53.8,53.8,58734.0,3159888.96,53.8
688288.SH,20260930,19.95,19.95,19.95,19.95,7500.0,149625.0,19.95
688289.SH,20260930,16.45,16.45,16.45,16.45,33258.0,547094.0,16.45
688290.SH,20260930,56.8,56.8,56.8,56.8,0.0,0.0,56.8
688291.SH,20260930,40.74,40.74,40.74,40.74,1209.0,49255.0,40.74
688292.SH,20260930,22.8,22.8,22.8,22.8,68083.0,1552292.0,22.8
688293.SH,20260930,74.12,74.12,74.12,74.12,35339.0,2619327.04,74.12
688295.SH,20260930,35.48,35.48,35.48,35.48,3800.0,134824.0,35.48
688296.SH,20260930,26.0,26.0,26.0,26.0,64651.0,1680926.08,26.0
688297.SH,20260930,41.48,41.48,41.48,41.48,11153.0,462626.0,41.48
688298.SH,20260930,19.1,19.1,19.1,19.1,15313.0,292478.0,19.1
688299.SH,20260930,13.36,13.36,13.36,13.36,21649.0,289231.0,13.36
688300.SH,20260930,149.95,149.95,149.95,149.95,31428.0,4712629.12,149.95
688301.SH,20260930,84.65,84.65,84.65,84.65,13424.0,1136342.0,84.65
688302.SH,20260930,32.68,32.68,32.68,32.68,4716.0,154119.0,32.68
688303.SH,20260930,15.71,15.71,15.71,15.71,15140.0,237849.0,15.71
688305.SH,20260930,55.19,55.19,55.19,55.19,5327.0,293997.0,55.19
688306.SH,20260930,9.94,9.94,9.94,9.94,5800.0,57652.0,9.94
688307.SH,20260930,44.15,44.15,44.15,44.15,7349.0,324458.0,44.15
688308.SH,20260930,81.11,81.11,81.11,81.11,7439.0,603377.0,81.11
688309.SH,20260930,73.58,73.58,73.58,73.58,4501.0,331184.0,73.58
688310.SH,20260930,15.69,15.69,15.69,15.69,5054.0,79297.0,15.69
688311.SH,20260930,24.4,24.4,24.4,24.4,2400.0,58560.0,24.4
688312.SH,20260930,50.18,50.18,50.18,50.18,51167.0,2567560.0,50.18
688313.SH,20260930,155.95,155.95,155.95,155.95,62841.0,9800053.76,155.95
688314.SH,20260930,30.75,30.75,30.75,30.75,300.0,9225.0,30.75
688315.SH,20260930,18.69,18.69,18.69,18.69,177028.0,3308653.12,18.69
688316.SH,20260930,46.4,46.4,46.4,46.4,9997.0,463861.0,46.4
688317.SH,20260930,18.22,18.22,18.22,18.22,1200.0,21864.0,18.22
688318.SH,20260930,77.89,77.89,77.89,77.89,11828.0,921283.04,77.89
688319.SH,20260930,31.17,31.17,31.17,31.17,12408.0,386757.0,31.17
688320.SH,20260930,36.99,36.99,36.99,36.99,15030.0,555960.0,36.99
688321.SH,20260930,24.85,24.85,24.85,24.85,3137.0,77954.0,24.85
688322.SH,20260930,86.0,86.0,86.0,86.0,11383.0,978938.0,86.0
688323.SH,20260930,24.17,24.17,24.17,24.17,13153.0,317908.0,24.17
688325.SH,20260930,108.98,108.98,108.98,108.98,2926.0,318875.0,108.98
688326.SH,20260930,56.45,56.45,56.45,56.45,874.0,49337.0,56.45
688327.SH,20260930,9.72,9.72,9.72,9.72,24053.0,233795.0,9.72
688328.SH,20260930,75.0,75.0,75.0,75.0,4669.0,350175.0,75.0
688329.SH,20260930,23.72,23.72,23.72,23.72,9445.0,224035.0,23.72
688330.SH,20260930,36.84,36.84,36.84,36.84,5300.0,195252.0,36.84
688331.SH,20260930,116.0,116.0,116.0,116.0,11492.0,1333072.0,116.0
688332.SH,20260930,87.88,87.88,87.88,87.88,8381.0,736522.0,87.88
688333.SH,20260930,101.39,101.39,101.39,101.39,6305.0,639264.0,101.39
688334.SH,20260930,18.05,18.05,18.05,18.05,11454.0,206745.0,18.05
688335.SH,20260930,17.39,17.39,17.39,17.39,3454.0,60065.0,17.39
688336.SH,20260930,40.83,40.83,40.83,40.83,22502.0,918756.96,40.83
688337.SH,20260930,49.74,49.74,49.74,49.74,52413.0,2607023.04,49.74
688338.SH,20260930,31.94,31.94,31.94,31.94,29065.0,928336.0,31.94
688339.SH,20260930,20.21,20.21,20.21,20.21,152864.0,3089381.12,20.21
688343.SH,20260930,62.93,62.93,62.93,62.93,11872.0,747104.96,62.93
688345.SH,20260930,47.45,47.45,47.45,47.45,5849.0,277535.0,47.45
688347.SH,20260930,219.5,219.5,219.5,219.5,21758.0,4775880.96,219.5
688348.SH,20260930,30.18,30.18,30.18,30.18,3500.0,105630.0,30.18
688349.SH,20260930,13.15,13.15,13.15,13.15,25907.0,340677.0,13.15
688350.SH,20260930,29.19,29.19,29.19,29.19,8141.0,237636.0,29.19
688351.SH,20260930,17.1,17.1,17.1,17.1,6157.0,105285.0,17.1
688352.SH,20260930,18.3,18.3,18.3,18.3,38342.0,701659.04,18.3
688353.SH,20260930,80.0,80.0,80.0,80.0,21735.0,1738800.0,80.0
688355.SH,20260930,16.98,16.98,16.98,16.98,2937.0,49870.0,16.98
688356.SH,20260930,96.0,96.0,96.0,96.0,28319.0,2718624.0,96.0
688357.SH,20260930,26.98,27.02,27.02,26.98,1811.0,48913.0,27.01
688358.SH,20260930,28.9,28.9,28.9,28.9,0.0,0.0,28.9
688359.SH,20260930,107.73,107.73,107.73,107.73,28871.0,3110272.96,107.73
688360.SH,20260930,16.21,16.21,16.21,16.21,6397.0,103695.0,16.21
688361.SH,20260930,356.63,356.63,356.63,356.63,18403.0,6563061.76,356.63
688362.SH,20260930,57.14,57.14,57.14,57.14,56869.0,3249495.04,57.14
688363.SH,20260930,34.14,34.14,34.14,34.14,6035.0,206035.0,34.14
688365.SH,20260930,15.95,15.95,15.95,15.95,86457.0,1378988.96,15.95
688366.SH,20260930,30.37,30.37,30.37,30.37,12406.0,376770.0,30.37
688367.SH,20260930,29.65,29.65,29.65,29.65,0.0,0.0,29.65
688368.SH,20260930,127.47,127.47,127.47,127.47,6621.0,843979.04,127.47
688369.SH,20260930,19.72,19.72,19.72,19.72,9178.0,180990.0,19.72
688370.SH,20260930,29.5,29.5,29.5,29.5,18315.0,540293.0,29.5
688371.SH,20260930,22.83,22.83,22.83,22.83,16703.0,381329.0,22.83
688372.SH,20260930,105.0,105.0,105.0,105.0,16322.0,1713809.92,105.0
688373.SH,20260930,5.73,5.73,5.73,5.73,22262.0,127561.0,5.73
688375.SH,20260930,65.31,65.31,65.31,65.31,5813.0,379647.0,65.31
688376.SH,20260930,57.26,57.26,57.26,57.26,3506.0,200754.0,57.26
688377.SH,20260930,16.92,16.92,16.92,16.92,3099.0,52435.0,16.92
688378.SH,20260930,46.65,46.6,46.65,46.45,15885.0,740275.04,46.6
688379.SH,20260930,56.02,56.02,56.02,56.02,8499.0,476114.0,56.02
688380.SH,20260930,40.58,40.58,40.58,40.58,10485.0,425481.0,40.58
688381.SH,20260930,43.47,43.47,43.47,43.47,22443.0,975596.96,43.47
688382.SH,20260930,18.22,18.22,18.22,18.22,6247.0,113820.0,18.22
688383.SH,20260930,131.99,131.99,131.99,131.99,7020.0,926570.0,131.99
688385.SH,20260930,57.69,57.69,57.69,57.69,17595.0,1015056.0,57.69
688386.SH,20260930,47.3,47.3,47.3,47.3,4062.0,192133.0,47.3
688387.SH,20260930,11.58,11.58,11.59,11.58,133775.0,1549118.08,11.58
688388.SH,20260930,28.3,28.3,28.3,28.3,90247.0,2553990.08,28.3
688389.SH,20260930,11.3,11.3,11.3,11.3,10810.0,122153.0,11.3
688390.SH,20260930,55.0,55.0,55.0,55.0,15471.0,850904.96,55.0
688391.SH,20260930,26.79,26.79,26.79,26.79,7900.0,211641.0,26.79
688392.SH,20260930,162.52,162.52,162.52,162.52,4234.0,688110.0,162.52
688393.SH,20260930,22.38,22.38,22.38,22.38,5526.0,123672.0,22.38
688395.SH,20260930,26.57,26.55,26.57,26.55,3037.0,80650.0,26.56
688396.SH,20260930,57.4,57.37,57.4,57.37,45752.0,2624798.08,57.37
688398.SH,20260930,22.81,22.81,22.81,22.81,800.0,18248.0,22.81
688399.SH,20260930,27.11,27.11,27.11,27.11,5151.0,139644.0,27.11
688400.SH,20260930,42.32,42.32,42.32,42.32,18186.0,769632.0,42.32
688401.SH,20260930,66.3,66.3,66.3,66.3,8333.0,552478.0,66.3
688403.SH,20260930,22.44,22.28,22.44,22.28,151335.0,3372663.04,22.29
688408.SH,20260930,22.65,22.65,22.65,22.65,400.0,9060.0,22.65
688409.SH,20260930,180.78,180.79,180.79,180.78,7280.0,1316148.96,180.79
688410.SH,20260930,9.22,9.21,9.22,9.18,83336.0,767568.96,9.21
688411.SH,20260930,155.5,155.5,155.5,155.5,8929.0,1388460.0,155.5
688416.SH,20260930,76.01,76.01,76.01,76.01,10511.0,798940.96,76.01
688418.SH,20260930,30.1,30.1,30.1,30.1,5191.0,156249.0,30.1
688419.SH,20260930,50.0,50.0,50.0,50.0,14736.0,736800.0,50.0
688420.SH,20260930,23.08,23.08,23.08,23.08,8842.0,204073.0,23.08
688425.SH,20260930,3.93,3.93,3.93,3.93,41351.0,162509.0,3.93
688426.SH,20260930,21.34,21.34,21.34,21.34,1311.0,27977.0,21.34
688428.SH,20260930,29.07,29.02,29.07,29.02,27903.0,809764.96,29.02
688429.SH,20260930,10.05,10.05,10.05,10.05,28241.0,283822.0,10.05
688432.SH,20260930,49.9,49.9,49.9,49.9,268688.0,13407531.52,49.9
688433.SH,20260930,81.35,81.35,81.35,81.35,7688.0,625419.0,81.35
688435.SH,20260930,30.79,30.79,30.79,30.79,20448.0,629594.0,30.79
688439.SH,20260930,37.27,37.28,37.28,37.27,5274.0,196613.0,37.28
688443.SH,20260930,24.29,24.29,24.29,24.29,2300.0,55867.0,24.29
688448.SH,20260930,65.91,65.31,65.91,65.3,126664.0,8272773.12,65.31
688449.SH,20260930,57.46,57.16,57.46,57.16,11267.0,644802.0,57.23
688450.SH,20260930,32.42,32.42,32.42,32.42,3700.0,119954.0,32.42
688455.SH,20260930,17.7,17.7,17.7,17.7,12967.0,229516.0,17.7
688456.SH,20260930,70.5,70.5,70.5,70.5,8592.0,605736.0,70.5
688458.SH,20260930,38.37,38.37,38.37,38.37,1000.0,38370.0,38.37
688459.SH,20260930,8.28,8.28,8.28,8.28,3100.0,25668.0,8.28
688466.SH,20260930,14.27,14.27,14.27,14.27,3086.0,44037.0,14.27
688468.SH,20260930,6.59,6.59,6.59,6.59,12943.0,85294.0,6.59
688469.SH,20260930,9.13,9.13,9.13,9.13,1803776.96,16468483.84,9.13
688472.SH,20260930,8.43,8.43,8.43,8.43,262350.0,2211611.04,8.43
688475.SH,20260930,27.0,27.0,27.0,27.0,10500.0,283500.0,27.0
688478.SH,20260930,49.0,49.0,49.0,49.0,57705.0,2827544.96,49.0
688479.SH,20260930,34.83,34.83,34.83,34.83,600.0,20898.0,34.83
688480.SH,20260930,65.45,65.45,65.45,65.45,0.0,0.0,65.45
688484.SH,20260930,32.97,32.97,32.97,32.97,1539.0,50741.0,32.97
688485.SH,20260930,106.51,106.25,107.0,106.25,38669.0,4123573.12,106.64
688486.SH,20260930,47.09,47.09,47.09,47.09,6367.0,299822.0,47.09
688488.SH,20260930,16.2,16.2,16.2,16.2,12035.0,194967.0,16.2
688489.SH,20260930,28.22,28.22,28.22,28.22,91935.0,2594406.08,28.22
688496.SH,20260930,0.58,0.58,0.58,0.58,0.0,0.0,0.58
688498.SH,20260930,1644.2,1644.2,1644.2,1644.2,21012.0,34547927.04,1644.2
688499.SH,20260930,41.02,41.02,41.02,41.02,348149.0,14281072.64,41.02
688500.SH,20260930,31.02,31.02,31.02,31.02,1400.0,43428.0,31.02
688501.SH,20260930,15.21,15.21,15.21,15.21,1376.0,20929.0,15.21
688502.SH,20260930,417.25,417.25,417.25,417.25,696.0,290406.0,417.25
688503.SH,20260930,72.95,72.95,72.95,72.95,10111.0,737596.96,72.95
688505.SH,20260930,8.3,8.3,8.3,8.3,33295.0,276349.0,8.3
688506.SH,20260930,234.36,234.36,234.36,234.36,1786.0,418567.0,234.36
688507.SH,20260930,136.0,136.0,136.0,136.0,17870.0,2430320.0,136.0
688508.SH,20260930,79.5,79.5,79.5,79.5,11838.0,941120.96,79.5
688509.SH,20260930,4.24,4.24,4.24,4.24,41351.0,175328.0,4.24
688510.SH,20260930,23.43,23.44,23.45,23.43,5752.0,134830.0,23.44
688511.SH,20260930,22.51,22.51,22.51,22.51,1639.0,36894.0,22.51
688512.SH,20260930,16.83,16.83,16.83,16.83,106515.0,1792647.04,16.83
688513.SH,20260930,50.36,50.36,50.36,50.36,0.0,0.0,50.36
688515.SH,20260930,145.75,145.75,145.75,145.75,5374.0,783260.96,145.75
688516.SH,20260930,42.86,42.86,42.86,42.86,9726.0,416856.0,42.86
688517.SH,20260930,18.2,18.2,18.2,18.2,38844.0,706960.96,18.2
688518.SH,20260930,20.55,20.55,20.55,20.55,30822.0,633392.0,20.55
688519.SH,20260930,279.02,279.02,279.99,279.02,29915.0,8354387.2,279.27
688520.SH,20260930,35.22,35.22,35.22,35.22,800.0,28176.0,35.22
688521.SH,20260930,197.0,197.0,197.0,197.0,52666.0,10375201.92,197.0
688522.SH,20260930,17.9,17.9,17.9,17.9,6665.0,119304.0,17.9
688523.SH,20260930,37.87,37.87,37.87,37.87,13114.0,496627.0,37.87
688525.SH,20260930,200.0,200.0,200.0,200.0,67423.0,13484600.32,200.0
688526.SH,20260930,12.16,12.16,12.16,12.16,10482.0,127461.0,12.16
688528.SH,20260930,10.51,10.51,10.51,10.51,5652.0,59403.0,10.51
688529.SH,20260930,15.18,15.18,15.18,15.18,1700.0,25806.0,15.18
688530.SH,20260930,57.5,57.5,57.5,57.5,11194.0,643655.0,57.5
688531.SH,20260930,131.0,131.0,131.0,131.0,13570.0,1777670.08,131.0
688533.SH,20260930,20.12,20.12,20.12,20.12,1608.0,32353.0,20.12
688535.SH,20260930,102.5,102.5,102.5,102.5,9964.0,1021310.0,102.5
688536.SH,20260930,342.0,342.0,342.0,342.0,8518.0,2913155.84,342.0
688538.SH,20260930,2.06,2.06,2.06,2.06,90608.0,186652.0,2.06
688539.SH,20260930,24.1,24.1,24.1,24.1,2922.0,70420.0,24.1
688543.SH,20260930,42.0,42.0,42.0,41.7,14432.0,605923.0,41.99
688545.SH,20260930,72.22,72.22,72.22,72.22,5902.0,426242.0,72.22
688548.SH,20260930,32.18,32.18,32.18,32.18,19687.0,633528.0,32.18
688549.SH,20260930,22.0,22.0,22.0,22.0,76608.0,1685376.0,22.0
688550.SH,20260930,36.44,36.44,36.44,36.44,7610.0,277308.0,36.44
688551.SH,20260930,38.87,38.87,38.87,38.87,4970.0,193184.0,38.87
688552.SH,20260930,29.08,29.08,29.08,29.08,2747.0,79883.0,29.08
688553.SH,20260930,12.25,12.25,12.25,12.25,32519.0,398358.0,12.25
688556.SH,20260930,7.63,7.56,7.63,7.56,133138.0,1006924.0,7.56
688557.SH,20260930,21.19,21.19,21.19,21.19,8600.0,182234.0,21.19
688558.SH,20260930,33.8,33.8,33.8,33.8,7097.0,239879.0,33.8
688559.SH,20260930,49.83,49.83,49.83,49.83,21602.0,1076428.0,49.83
688560.SH,20260930,12.88,12.86,12.88,12.86,9615.0,123653.0,12.86
688561.SH,20260930,29.71,29.71,29.71,29.71,259070.0,7696970.24,29.71
688562.SH,20260930,14.5,14.5,14.5,14.5,17103.0,247994.0,14.5
688563.SH,20260930,50.45,50.45,50.45,50.45,3978.0,200690.0,50.45
688565.SH,20260930,11.76,11.76,11.76,11.76,8727.0,102630.0,11.76
688566.SH,20260930,27.7,27.7,27.7,27.7,4308.0,119332.0,27.7
688567.SH,20260930,9.16,9.16,9.16,9.16,68299.0,625619.0,9.16
688568.SH,20260930,29.3,29.3,29.3,29.3,11162.0,327047.0,29.3
688569.SH,20260930,18.7,18.68,18.7,18.68,10200.0,190606.0,18.69
688570.SH,20260930,14.58,14.58,14.58,14.58,0.0,0.0,14.58
688571.SH,20260930,8.38,8.38,8.38,8.38,48209.0,403991.0,8.38
688573.SH,20260930,17.15,17.15,17.15,17.15,84034.0,1441183.04,17.15
688575.SH,20260930,10.35,10.35,10.35,10.35,4545.0,47041.0,10.35
688576.SH,20260930,39.93,39.93,39.93,39.93,417.0,16651.0,39.93
688577.SH,20260930,39.2,39.2,39.2,39.2,4000.0,156800.0,39.2
688578.SH,20260930,105.5,105.5,105.5,105.5,30488.0,3216483.84,105.5
688579.SH,20260930,7.95,7.95,7.95,7.95,31631.0,251466.0,7.95
688580.SH,20260930,42.96,42.96,42.96,42.96,2000.0,85920.0,42.96
688581.SH,20260930,56.5,56.5,56.5,56.5,874.0,49381.0,56.5
688582.SH,20260930,36.9,36.9,36.9,36.9,4946.0,182507.0,36.9
688583.SH,20260930,80.1,80.1,80.1,80.1,0.0,0.0,80.1
688584.SH,20260930,27.37,27.37,27.37,27.37,12127.0,331916.0,27.37
688585.SH,20260930,131.8,131.8,131.8,131.8,4509.0,594286.0,131.8
688586.SH,20260930,10.96,10.96,10.96,10.96,6280.0,68829.0,10.96
688588.SH,20260930,9.05,9.05,9.05,9.05,0.0,0.0,9.05
688589.SH,20260930,20.77,20.77,20.77,20.77,4800.0,99696.0,20.77
688590.SH,20260930,12.15,12.15,12.15,12.15,0.0,0.0,12.15
688591.SH,20260930,31.15,31.15,31.15,31.15,7892.0,245836.0,31.15
688592.SH,20260930,22.99,22.99,22.99,22.99,3000.0,68970.0,22.99
688593.SH,20260930,30.03,30.03,30.03,30.03,45017.0,1351860.96,30.03
688595.SH,20260930,31.1,31.1,31.1,31.1,25392.0,789691.04,31.1
688596.SH,20260930,60.59,60.59,60.59,60.59,21403.0,1296808.0,60.59
688597.SH,20260930,6.36,6.36,6.36,6.36,14800.0,94128.0,6.36
688598.SH,20260930,34.0,34.0,34.0,34.0,21067.0,716278.0,34.0
688599.SH,20260930,10.87,10.87,10.87,10.87,90623.0,985072.0,10.87
688600.SH,20260930,35.79,35.79,35.79,35.79,38947.0,1393912.96,35.79
688601.SH,20260930,59.4,59.4,59.4,59.4,3812.0,226433.0,59.4
688602.SH,20260930,6.88,6.88,6.88,6.88,13402.0,92206.0,6.88
688603.SH,20260930,113.6,113.6,113.6,113.6,12303.0,1397620.96,113.6
688605.SH,20260930,84.3,84.3,84.3,84.3,8276.0,697667.04,84.3
688606.SH,20260930,46.74,46.74,46.74,46.74,400.0,18696.0,46.74
688607.SH,20260930,36.26,36.26,36.26,36.26,800.0,29008.0,36.26
688608.SH,20260930,109.98,109.98,109.98,109.98,3385.0,372282.0,109.98
688609.SH,20260930,9.0,9.0,9.0,9.0,5672.0,51048.0,9.0
688610.SH,20260930,154.0,154.0,154.0,154.0,1969.0,303226.0,154.0
688611.SH,20260930,63.8,63.8,63.8,63.8,1800.0,114840.0,63.8
688612.SH,20260930,33.5,33.5,33.5,33.5,19918.0,667253.0,33.5
688613.SH,20260930,20.7,20.7,20.7,20.7,23152.0,479246.0,20.7
688615.SH,20260930,85.35,85.35,85.35,85.35,6386.0,545045.0,85.35
688616.SH,20260930,11.3,11.3,11.3,11.3,2815.0,31810.0,11.3
688617.SH,20260930,239.5,239.5,239.5,239.5,833.0,199504.0,239.5
688618.SH,20260930,28.97,28.97,28.97,28.97,5000.0,144850.0,28.97
688619.SH,20260930,14.06,14.06,14.06,14.06,6000.0,84360.0,14.06
688620.SH,20260930,16.86,16.86,16.86,16.86,49155.0,828752.96,16.86
688621.SH,20260930,70.65,70.65,70.65,70.65,200.0,14130.0,70.65
688622.SH,20260930,134.64,134.64,134.64,134.64,45504.0,6126659.2,134.64
688623.SH,20260930,63.49,63.49,63.49,63.23,1401.0,88845.0,63.42
688625.SH,20260930,69.32,69.32,69.32,69.32,22427.0,1554640.0,69.32
688626.SH,20260930,42.23,42.23,42.23,42.23,8091.0,341683.0,42.23
688627.SH,20260930,442.01,442.01,442.01,442.01,14423.0,6375109.76,442.01
688628.SH,20260930,89.16,89.16,89.16,89.16,54915.0,4896221.12,89.16
688629.SH,20260930,105.8,105.8,105.8,105.8,85329.0,9027808.0,105.8
688630.SH,20260930,398.0,398.0,398.0,398.0,4719.0,1878161.92,398.0
688631.SH,20260930,35.52,35.52,35.52,35.52,2122.0,75373.0,35.52
688633.SH,20260930,21.85,21.85,21.85,21.85,0.0,0.0,21.85
688635.SH,20260930,267.0,267.0,267.0,267.0,15789.0,4215663.04,267.0
688636.SH,20260930,20.13,20.13,20.13,20.13,4976.0,100167.0,20.13
688638.SH,20260930,35.5,35.5,35.5,35.5,1504.0,53392.0,35.5
688639.SH,20260930,18.02,18.02,18.02,18.02,70374.0,1268139.04,18.02
688646.SH,20260930,72.78,72.78,72.78,72.78,200.0,14556.0,72.78
688648.SH,20260930,28.51,28.51,28.51,28.51,700.0,19957.0,28.51
688651.SH,20260930,25.63,25.63,25.63,25.63,37675.0,965610.0,25.63
688652.SH,20260930,135.7,135.68,135.82,135.6,4837.0,656348.0,135.69
688653.SH,20260930,14.93,14.93,14.93,14.93,88484.0,1321066.0,14.93
688655.SH,20260930,75.99,75.99,75.99,75.99,306715.0,23307271.68,75.99
688656.SH,20260930,134.03,134.03,134.03,134.03,1713.0,229593.0,134.03
688657.SH,20260930,33.93,33.93,33.93,33.93,600.0,20358.0,33.93
688658.SH,20260930,13.0,13.0,13.0,13.0,9900.0,128700.0,13.0
688659.SH,20260930,9.4,9.4,9.4,9.4,4975.0,46765.0,9.4
688660.SH,20260930,8.76,8.76,8.76,8.76,58177.0,509631.0,8.76
688661.SH,20260930,98.0,98.99,98.99,97.1,10752.0,1061812.96,98.76
688662.SH,20260930,116.03,116.03,116.03,116.03,101924.0,11826242.56,116.03
688663.SH,20260930,56.58,56.58,56.58,56.58,2618.0,148126.0,56.58
688665.SH,20260930,42.63,42.63,42.63,42.63,9007.0,383968.0,42.63
688667.SH,20260930,103.23,103.23,103.23,103.23,1000.0,103230.0,103.23
688668.SH,20260930,213.0,213.0,213.0,213.0,14101.0,3003512.96,213.0
688669.SH,20260930,63.0,63.0,63.0,63.0,2000.0,126000.0,63.0
688670.SH,20260930,18.86,18.86,18.86,18.86,9013.0,169985.0,18.86
688671.SH,20260930,25.8,25.8,25.8,25.8,7872.0,203098.0,25.8
688676.SH,20260930,61.9,61.9,61.9,61.9,25607.0,1585072.96,61.9
688677.SH,20260930,77.0,77.0,77.0,77.0,9426.0,725802.0,77.0
688678.SH,20260930,32.45,32.45,32.45,32.45,145062.0,4707262.08,32.45
688679.SH,20260930,39.1,39.1,39.1,39.1,500.0,19550.0,39.1
688680.SH,20260930,38.57,38.57,38.57,38.57,1100.0,42427.0,38.57
688681.SH,20260930,15.77,15.77,15.77,15.77,5830.0,91939.0,15.77
688682.SH,20260930,33.7,33.7,33.7,33.7,50010.0,1685336.96,33.7
688683.SH,20260930,30.0,30.0,30.0,30.0,5654.0,169620.0,30.0
688685.SH,20260930,40.6,40.6,40.6,40.6,225255.0,9145352.96,40.6
688686.SH,20260930,130.74,130.74,130.74,130.74,800.0,104592.0,130.74
688687.SH,20260930,18.39,18.39,18.39,18.39,5890.0,108317.0,18.39
688689.SH,20260930,40.15,40.15,40.15,40.15,14597.0,586070.0,40.15
688690.SH,20260930,45.68,45.68,45.68,45.68,35413.0,1617665.92,45.68
688691.SH,20260930,61.58,61.58,61.58,61.58,1684.0,103701.0,61.58
688692.SH,20260930,188.0,188.0,188.0,188.0,1383.0,260004.0,188.0
688693.SH,20260930,72.99,72.99,72.99,72.99,1300.0,94887.0,72.99
688695.SH,20260930,20.4,20.4,20.4,20.4,9489.0,193576.0,20.4
688696.SH,20260930,81.1,81.1,81.1,81.1,1387.0,112486.0,81.1
688697.SH,20260930,14.71,14.71,14.71,14.71,9838.0,144717.0,14.71
688698.SH,20260930,42.38,42.38,42.38,42.38,3817.0,161764.0,42.38
688699.SH,20260930,67.0,67.0,67.0,67.0,5692.0,381364.0,67.0
688700.SH,20260930,62.4,62.4,62.4,62.4,35645.0,2224248.0,62.4
688701.SH,20260930,8.84,8.84,8.84,8.84,3461.0,30595.0,8.84
688702.SH,20260930,309.25,309.25,309.25,309.25,20596.0,6369313.28,309.25
688707.SH,20260930,10.35,10.35,10.35,10.35,20589.0,213096.0,10.35
688708.SH,20260930,38.58,38.58,38.58,38.58,1100.0,42438.0,38.58
688709.SH,20260930,25.6,25.6,25.6,25.6,20901.0,535066.0,25.6
688710.SH,20260930,99.05,99.05,99.05,99.05,16190.0,1603620.0,99.05
688711.SH,20260930,26.94,26.94,26.94,26.94,14984.0,403669.0,26.94
688712.SH,20260930,31.35,31.35,31.35,31.35,11657.0,365447.0,31.35
688716.SH,20260930,26.12,26.12,26.12,26.12,2800.0,73136.0,26.12
688717.SH,20260930,41.33,41.33,41.33,41.33,15765.0,651567.0,41.33
688718.SH,20260930,14.99,14.99,14.99,14.99,18056.0,270659.0,14.99
688719.SH,20260930,59.99,59.99,59.99,59.99,16288.0,977116.96,59.99
688720.SH,20260930,67.43,67.43,67.43,67.43,32139.0,2167132.96,67.43
688721.SH,20260930,39.96,39.96,39.96,39.96,500.0,19980.0,39.96
688722.SH,20260930,14.46,14.46,14.46,14.46,6646.0,96101.0,14.46
688726.SH,20260930,45.4,45.4,45.4,45.4,6080.0,276032.0,45.4
688727.SH,20260930,45.64,45.64,45.64,45.64,1400.0,63896.0,45.64
688728.SH,20260930,14.19,14.19,14.19,14.19,16544.0,234759.0,14.19
688729.SH,20260930,22.8,22.8,22.8,22.8,68315.0,1557582.08,22.8
688733.SH,20260930,28.45,28.45,28.45,28.45,10757.0,306037.0,28.45
688737.SH,20260930,17.18,17.18,17.18,17.18,9190.0,157884.0,17.18
688739.SH,20260930,20.57,20.57,20.57,20.57,1000.0,20570.0,20.57
688750.SH,20260930,13.86,13.86,13.86,13.86,900.0,12474.0,13.86
688755.SH,20260930,28.91,28.91,28.91,28.91,7794.0,225325.0,28.91
688757.SH,20260930,28.7,28.7,28.7,28.7,2700.0,77490.0,28.7
688758.SH,20260930,30.01,30.01,30.01,30.01,64735.0,1942696.96,30.01
688759.SH,20260930,21.53,21.53,21.53,21.53,9883.0,212781.0,21.53
688765.SH,20260930,39.48,39.48,39.48,39.48,3439.0,135772.0,39.48
688766.SH,20260930,381.5,381.5,381.5,381.5,34278.0,13077057.28,381.5
688767.SH,20260930,40.7,40.7,40.7,40.7,11050.0,449735.0,40.7
688768.SH,20260930,52.3,52.3,52.3,52.3,27873.0,1457758.08,52.3
688772.SH,20260930,14.19,14.19,14.19,14.19,67030.0,951156.0,14.19
688775.SH,20260930,90.68,90.68,90.68,90.68,6743.0,611455.0,90.68
688776.SH,20260930,49.08,49.08,49.08,49.08,1300.0,63804.0,49.08
688777.SH,20260930,81.0,81.0,81.0,81.0,82162.0,6655121.92,81.0
688778.SH,20260930,41.94,41.94,41.94,41.94,18860.0,790988.0,41.94
688779.SH,20260930,7.35,7.35,7.35,7.35,133596.0,981931.04,7.35
688781.SH,20260930,41.59,41.59,41.59,41.59,8800.0,365992.0,41.59
688783.SH,20260930,27.78,27.78,27.78,27.78,37201.0,1033444.0,27.78
688785.SH,20260930,365.0,365.0,365.0,365.0,1100.0,401500.0,365.0
688786.SH,20260930,26.77,26.77,26.77,26.77,7645.0,204657.0,26.77
688787.SH,20260930,91.11,91.11,91.11,91.11,6623.0,603422.0,91.11
688788.SH,20260930,28.3,28.3,28.3,28.3,35538.0,1005724.96,28.3
688789.SH,20260930,50.93,50.93,50.93,50.93,25678.0,1307780.96,50.93
688790.SH,20260930,99.72,99.72,99.72,99.72,2581.0,257377.0,99.72
688793.SH,20260930,18.95,18.95,18.95,18.95,11905.0,225600.0,18.95
688795.SH,20260930,410.02,410.02,410.02,410.02,9487.0,3889859.84,410.02
688796.SH,20260930,121.62,121.62,121.62,121.62,9729.0,1183240.96,121.62
688797.SH,20260930,258.99,258.03,258.99,258.03,5003.0,1291404.0,258.13
688798.SH,20260930,54.8,54.8,54.8,54.8,9170.0,502516.0,54.8
688799.SH,20260930,56.42,56.42,56.42,56.42,600.0,33852.0,56.42
688800.SH,20260930,58.11,58.11,58.11,58.11,15745.0,914942.0,58.11
688801.SH,20260930,444.33,444.33,444.33,444.33,2759.0,1225906.0,444.33
688802.SH,20260930,523.95,523.95,523.95,523.95,14135.0,7406033.28,523.95
688805.SH,20260930,38.9,38.9,38.9,38.9,1000.0,38900.0,38.9
688806.SH,20260930,25.35,25.35,25.35,25.35,40530.0,1027436.0,25.35
688807.SH,20260930,311.52,311.52,311.52,311.52,2285.0,711823.04,311.52
688808.SH,20260930,1500.0,1500.0,1500.0,1500.0,5661.0,8491500.16,1500.0
688809.SH,20260930,490.0,490.0,490.0,490.0,2245.0,1100050.0,490.0
688811.SH,20260930,19.4,19.4,19.4,19.4,8930.0,173242.0,19.4
688813.SH,20260930,138.8,139.39,139.39,138.8,12589.0,1754273.92,139.35
688816.SH,20260930,46.15,46.15,46.15,46.15,0.0,0.0,46.15
688818.SH,20260930,40.19,40.19,40.19,40.19,3961.0,159193.0,40.19
688819.SH,20260930,20.5,20.5,20.5,20.5,5095.0,104448.0,20.5
688820.SH,20260930,122.5,122.32,122.5,122.32,17492.0,2139795.04,122.33
688825.SH,20260930,55.55,55.55,55.55,55.55,1078442.0,59907450.88,55.55
688826.SH,20260930,745.0,747.7,747.7,745.0,602.0,449575.0,746.8
688828.SH,20260930,85.49,85.49,85.49,85.49,23267.0,1989096.0,85.49
688835.SH,20260930,359.1,359.1,359.1,359.1,7475.0,2684272.96,359.1
688836.SH,20260930,451.99,451.99,451.99,451.99,15324.0,6926295.04,451.99
688837.SH,20260930,43.2,43.2,43.2,43.2,96655.0,4175496.0,43.2
688981.SH,20260930,117.88,117.77,117.88,117.77,48654.0,5730110.08,117.77
689009.SH,20260930,36.1,36.08,36.1,36.08,18646.0,672754.0,36.08
830806.BJ,20260930,1.87,1.87,1.87,1.87,152026.0,284299.88,1.87
830818.BJ,20260930,7.86,7.86,7.86,7.86,1500.0,11790.0,7.86
830958.BJ,20260930,0.04,0.04,0.04,0.04,100.0,4.0,0.04
830999.BJ,20260930,0.76,0.76,0.76,0.76,100.0,76.0,0.76
831367.BJ,20260930,1.37,1.37,1.37,1.37,100.0,137.0,1.37
831590.BJ,20260930,0.18,0.18,0.18,0.18,144.0,25.92,0.18
832280.BJ,20260930,2.01,2.01,2.01,2.01,1000.0,2010.0,2.01
832390.BJ,20260930,0.72,0.72,0.72,0.72,1000.0,720.0,0.72
832449.BJ,20260930,5.1,5.1,5.1,5.1,298.0,1519.8,5.1
832502.BJ,20260930,0.3,0.3,0.3,0.3,900.0,270.0,0.3
832506.BJ,20260930,0.69,0.69,0.69,0.69,1.0,0.69,0.69
832511.BJ,20260930,2.83,2.83,2.83,2.83,1000.0,2830.0,2.83
832924.BJ,20260930,0.66,0.66,0.66,0.66,300.0,198.0,0.66
832996.BJ,20260930,1.01,1.01,1.01,1.01,30000.0,30300.0,1.01
833324.BJ,20260930,68.0,68.0,68.0,68.0,200.0,13600.0,68.0
833378.BJ,20260930,1.6,1.6,1.6,1.6,200.0,320.0,1.6
833499.BJ,20260930,0.4,0.4,0.4,0.4,100000.0,40000.0,0.4
833836.BJ,20260930,7.28,7.28,7.28,7.28,3000.0,21840.0,7.28
833935.BJ,20260930,0.1,0.1,0.1,0.1,188.0,18.8,0.1
834179.BJ,20260930,2.2,2.2,2.2,2.2,1800.0,3960.0,2.2
834568.BJ,20260930,0.2,0.2,0.2,0.2,870.0,174.0,0.2
834762.BJ,20260930,1.3,1.3,1.3,1.3,100.0,130.0,1.3
834803.BJ,20260930,0.5,0.5,0.5,0.5,100.0,50.0,0.5
835474.BJ,20260930,0.27,0.27,0.27,0.27,100.0,27.0,0.27
835521.BJ,20260930,3.0,3.0,3.0,3.0,100.0,300.0,3.0
835680.BJ,20260930,5.05,5.05,5.05,5.05,5560.0,28078.0,5.05
836012.BJ,20260930,0.3,0.3,0.3,0.3,100.0,30.0,0.3
836278.BJ,20260930,0.19,0.19,0.19,0.19,80018.0,15203.42,0.19
836624.BJ,20260930,0.24,0.24,0.24,0.24,200.0,48.0,0.24
836872.BJ,20260930,4.8,4.8,4.8,4.8,200.0,960.0,4.8
837148.BJ,20260930,3.36,3.36,3.36,3.36,100.0,336.0,3.36
837455.BJ,20260930,1.18,1.18,1.18,1.18,10100.0,11918.0,1.18
838172.BJ,20260930,7.98,7.98,7.98,7.98,199.0,1588.02,7.98
838190.BJ,20260930,1.65,1.65,1.65,1.65,100.0,165.0,1.65
838696.BJ,20260930,4.68,4.68,4.68,4.68,100.0,468.0,4.68
838849.BJ,20260930,0.33,0.33,0.33,0.33,1000.0,330.0,0.33
838939.BJ,20260930,3.14,3.14,3.14,3.14,100.0,314.0,3.14
839211.BJ,20260930,0.2,0.2,0.2,0.2,10000.0,2000.0,0.2
839222.BJ,20260930,73.86,73.86,73.86,73.86,100.0,7386.0,73.86
839275.BJ,20260930,0.19,0.19,0.19,0.19,3499.0,664.81,0.19
870066.BJ,20260930,2.88,2.88,2.88,2.88,100.0,288.0,2.88
870309.BJ,20260930,0.73,0.73,0.73,0.73,100.0,73.0,0.73
871169.BJ,20260930,15.92,15.92,15.92,15.92,3300.0,52536.0,15.92
871392.BJ,20260930,0.46,0.46,0.46,0.46,624.0,287.04,0.46
872242.BJ,20260930,1.15,1.15,1.15,1.15,918.0,1055.7,1.15
872247.BJ,20260930,1.12,1.12,1.12,1.12,550.0,616.0,1.12
872486.BJ,20260930,3.79,3.79,3.79,3.79,100.0,379.0,3.79
872750.BJ,20260930,0.45,0.45,0.45,0.45,10500.0,4725.0,0.45
873359.BJ,20260930,0.95,0.95,0.95,0.95,50000.0,47500.0,0.95
873821.BJ,20260930,5.63,5.63,5.63,5.63,149.0,838.87,5.63
873901.BJ,20260930,3.97,3.97,3.97,3.97,100.0,397.0,3.97
873913.BJ,20260930,19.1,19.1,19.1,19.1,20000.0,382000.0,19.1
873946.BJ,20260930,7.49,7.49,7.49,7.49,287.0,2149.63,7.49
874098.BJ,20260930,4.73,4.73,4.73,4.73,100.0,473.0,4.73
874148.BJ,20260930,2.22,2.22,2.22,2.22,5100.0,11322.0,2.22
874155.BJ,20260930,4.59,4.59,4.59,4.59,100.0,459.0,4.59
874810.BJ,20260930,3.53,3.53,3.53,3.53,111668.0,394188.04,3.53
920000.BJ,20260930,14.22,14.21,14.22,14.21,2200.0,31282.0,14.22
920001.BJ,20260930,11.27,11.3,11.3,11.27,3640.0,41127.56,11.3
920002.BJ,20260930,51.56,51.56,51.56,51.56,27170.0,1401028.32,51.57
920003.BJ,20260930,15.9,15.9,15.9,15.9,142224.0,2259356.32,15.89
920005.BJ,20260930,24.76,24.7,24.76,24.7,2119.0,52345.3,24.7
920006.BJ,20260930,17.16,17.16,17.16,17.16,15270.0,261899.3,17.15
920007.BJ,20260930,32.09,32.09,32.09,32.09,609.0,19542.81,32.09
920008.BJ,20260930,20.4,20.1,20.4,20.1,5050.0,101505.9,20.1
920009.BJ,20260930,34.75,34.75,34.75,34.75,4128.0,143448.0,34.75
920010.BJ,20260930,8.46,8.49,8.49,8.46,36447.0,308906.56,8.48
920012.BJ,20260930,49.49,49.4,49.49,49.4,9627.0,476171.68,49.46
920014.BJ,20260930,8.58,8.58,8.58,8.58,200.0,1716.0,8.58
920015.BJ,20260930,43.28,43.68,43.68,43.28,11051.0,482307.68,43.64
920016.BJ,20260930,13.98,13.98,13.98,13.98,2500.0,35023.0,14.01
920017.BJ,20260930,15.69,15.51,15.69,15.51,4878.0,75693.78,15.52
920018.BJ,20260930,14.75,14.76,14.76,14.75,5500.0,81178.0,14.76
920019.BJ,20260930,16.07,15.93,16.07,15.93,1332.0,21280.12,15.98
920021.BJ,20260930,7.86,7.86,7.86,7.86,106153.0,833958.8,7.86
920022.BJ,20260930,16.78,16.78,16.78,16.78,7044.0,118198.32,16.78
920023.BJ,20260930,1.38,1.38,1.38,1.38,27866.0,38455.08,1.38
920025.BJ,20260930,13.5,13.5,13.5,13.5,389628.0,5253229.44,13.48
920026.BJ,20260930,16.81,16.81,16.81,16.81,1500.0,25215.0,16.81
920027.BJ,20260930,11.29,11.29,11.29,11.29,300.0,3387.0,11.29
920028.BJ,20260930,14.9,14.9,14.9,14.9,1400.0,20860.0,14.9
920030.BJ,20260930,4.96,4.96,4.96,4.96,35986.0,178490.56,4.96
920033.BJ,20260930,13.09,13.09,13.09,13.09,200.0,2618.0,13.09
920036.BJ,20260930,31.3,31.3,31.3,31.3,1200.0,37560.0,31.3
920037.BJ,20260930,37.51,37.51,37.51,37.51,100.0,3751.0,37.51
920038.BJ,20260930,36.88,36.94,36.94,36.88,35191.0,1299777.36,36.94
920039.BJ,20260930,7.56,7.56,7.56,7.56,100.0,756.0,7.56
920045.BJ,20260930,517.34,520.0,520.0,517.34,23247.0,12095015.68,520.28
920046.BJ,20260930,18.89,18.89,18.89,18.89,1283.0,24235.87,18.89
920047.BJ,20260930,15.33,15.33,15.33,15.33,1900.0,29147.0,15.34
920050.BJ,20260930,27.65,27.65,27.65,27.65,100.0,2765.0,27.65
920056.BJ,20260930,13.98,13.98,13.98,13.98,5063.0,70780.74,13.98
920057.BJ,20260930,4.73,4.73,4.73,4.73,575.0,2719.75,4.73
920058.BJ,20260930,22.78,22.29,22.78,22.29,3050.0,68683.97,22.52
920059.BJ,20260930,12.17,12.17,12.17,12.17,500.0,6085.0,12.17
920060.BJ,20260930,28.75,28.78,28.78,28.75,82666.0,2378580.0,28.77
920061.BJ,20260930,17.82,17.82,17.82,17.82,1600.0,28512.0,17.82
920062.BJ,20260930,7.05,7.05,7.05,7.05,2800.0,19740.0,7.05
920065.BJ,20260930,34.66,34.53,34.66,34.53,5650.0,195221.36,34.55
920066.BJ,20260930,17.86,17.67,17.86,17.67,1000.0,17696.0,17.7
920068.BJ,20260930,15.35,15.23,15.35,15.23,1298.0,19870.18,15.31
920071.BJ,20260930,25.88,25.9,25.9,25.88,43291.0,1121161.12,25.9
920072.BJ,20260930,22.5,22.5,22.5,22.5,500.0,11250.0,22.5
920075.BJ,20260930,15.92,15.92,15.92,15.92,1000.0,15920.0,15.92
920077.BJ,20260930,13.1,13.1,13.1,13.1,1200.0,15720.0,13.1
920079.BJ,20260930,12.37,12.41,12.41,12.37,2466.0,30533.74,12.38
920080.BJ,20260930,20.14,20.14,20.14,20.14,400.0,8056.0,20.14
920081.BJ,20260930,41.38,41.38,41.38,41.38,2900.0,120002.0,41.38
920083.BJ,20260930,39.9,39.49,39.9,39.49,50776.0,2009548.32,39.58
920087.BJ,20260930,14.38,14.39,14.39,14.38,150849.0,2168524.32,14.38
920088.BJ,20260930,38.77,38.6,38.77,38.6,58102.0,2243824.48,38.62
920090.BJ,20260930,3.23,3.23,3.23,3.23,1000.0,3230.0,3.23
920091.BJ,20260930,26.95,26.95,26.95,26.95,100.0,2695.0,26.95
920092.BJ,20260930,24.14,24.07,24.14,24.07,2404.0,57904.04,24.09
920093.BJ,20260930,18.74,18.74,18.74,18.74,7800.0,146329.0,18.76
920096.BJ,20260930,30.15,29.64,30.15,29.64,600.0,18039.0,30.07
920098.BJ,20260930,17.13,17.15,17.15,17.13,600.0,10284.0,17.14
920099.BJ,20260930,16.17,16.17,16.17,16.17,400.0,6468.0,16.17
920100.BJ,20260930,29.21,29.47,29.47,29.21,9828.0,288704.54,29.38
920106.BJ,20260930,33.56,33.56,33.56,33.56,1200.0,40272.0,33.56
920107.BJ,20260930,18.84,18.84,18.84,18.84,4910.0,92504.4,18.84
920108.BJ,20260930,8.55,8.58,8.58,8.55,2400.0,20553.0,8.56
920110.BJ,20260930,25.42,25.42,25.42,25.42,181.0,4601.02,25.42
920111.BJ,20260930,25.13,25.13,25.13,25.13,3300.0,82929.0,25.13
920112.BJ,20260930,14.47,14.47,14.47,14.47,100.0,1447.0,14.47
920116.BJ,20260930,42.92,42.92,42.92,42.92,1445.0,62017.4,42.92
920117.BJ,20260930,27.54,27.52,27.54,27.52,58211.0,1592252.48,27.35
920118.BJ,20260930,20.37,20.37,20.37,20.37,5047.0,102783.4,20.37
920119.BJ,20260930,53.97,53.68,53.97,53.68,2624.0,141413.28,53.89
920121.BJ,20260930,27.32,27.32,27.32,27.32,1052.0,28740.64,27.32
920122.BJ,20260930,23.81,23.81,23.81,23.81,11827.0,281660.76,23.82
920123.BJ,20260930,10.69,10.69,10.69,10.69,791.0,8455.79,10.69
920124.BJ,20260930,12.22,12.19,12.22,12.19,242.0,2952.98,12.2
920125.BJ,20260930,144.2,142.8,144.2,142.8,11503.0,1646232.48,143.11
920126.BJ,20260930,9.69,9.69,9.69,9.69,2361.0,22878.09,9.69
920128.BJ,20260930,18.45,18.45,18.45,18.45,500.0,9225.0,18.45
920130.BJ,20260930,16.67,16.7,16.7,16.67,74298.0,1241307.52,16.71
920132.BJ,20260930,8.63,8.83,8.83,8.63,12890.0,112941.5,8.76
920136.BJ,20260930,20.55,20.69,20.69,20.55,1900.0,39171.0,20.62
920138.BJ,20260930,34.11,34.0,34.11,34.0,15311.0,520862.12,34.02
920139.BJ,20260930,14.8,14.8,14.8,14.8,11940.0,176747.32,14.8
920145.BJ,20260930,9.45,9.45,9.45,9.45,4019.0,37979.55,9.45
920146.BJ,20260930,5.45,5.45,5.45,5.45,12814.0,69837.43,5.45
920149.BJ,20260930,8.34,8.34,8.34,8.34,32589.0,271792.24,8.34
920152.BJ,20260930,11.65,11.65,11.65,11.65,1266.0,14748.9,11.65
920156.BJ,20260930,35.0,35.0,35.0,35.0,7153.0,249652.24,34.9
920158.BJ,20260930,7.82,7.82,7.82,7.82,10000.0,78049.0,7.81
920159.BJ,20260930,27.9,27.9,27.9,27.9,8820.0,245861.44,27.88
920161.BJ,20260930,19.8,19.8,19.8,19.8,1300.0,25716.0,19.78
920165.BJ,20260930,32.66,32.66,32.66,32.66,1333.0,43535.78,32.66
920167.BJ,20260930,13.23,13.23,13.23,13.23,100.0,1323.0,13.23
920169.BJ,20260930,19.6,19.45,19.6,19.45,6244.0,121452.4,19.45
920171.BJ,20260930,15.4,15.38,15.4,15.38,7178.0,110368.58,15.38
920174.BJ,20260930,30.01,30.01,30.01,30.01,2907.0,87239.08,30.01
920175.BJ,20260930,7.65,7.66,7.66,7.65,27784.0,212805.6,7.66
920176.BJ,20260930,59.74,59.64,59.74,59.64,4051.0,241613.9,59.64
920178.BJ,20260930,81.68,82.7,82.7,81.68,6004.0,494805.8,82.41
920179.BJ,20260930,56.94,56.9,56.94,56.9,11447.0,651211.08,56.89
920180.BJ,20260930,11.63,11.63,11.63,11.63,2000.0,23260.0,11.63
920181.BJ,20260930,65.89,65.89,65.89,65.89,1843.0,121435.28,65.89
920183.BJ,20260930,28.91,28.2,28.91,28.2,3200.0,90532.04,28.29
920184.BJ,20260930,11.05,11.05,11.05,11.05,2435.0,26906.75,11.05
920185.BJ,20260930,20.26,20.24,20.26,20.24,21740.0,440794.8,20.28
920186.BJ,20260930,67.36,67.36,67.36,67.36,9213.0,620652.88,67.37
920187.BJ,20260930,16.87,16.87,16.87,16.87,120.0,2024.4,16.87
920188.BJ,20260930,21.19,21.19,21.19,21.19,1000.0,21163.0,21.16
920189.BJ,20260930,19.95,19.94,19.95,19.94,25931.0,517291.72,19.95
920190.BJ,20260930,23.4,23.48,23.48,23.4,56069.0,1311557.6,23.39
920193.BJ,20260930,28.96,28.95,28.96,28.95,13563.0,392688.84,28.95
920198.BJ,20260930,7.95,7.95,7.95,7.95,3600.0,28620.0,7.95
920199.BJ,20260930,23.07,23.07,23.07,23.07,5570.0,128722.72,23.11
920200.BJ,20260930,31.23,31.0,31.23,31.0,42419.0,1317058.88,31.05
920201.BJ,20260930,44.85,44.68,44.85,44.68,60076.0,2688740.16,44.76
920202.BJ,20260930,20.05,20.0,20.05,20.0,877448.96,17603808.0,20.06
920204.BJ,20260930,12.79,12.79,12.79,12.79,100.0,1279.0,12.79
920206.BJ,20260930,36.22,36.22,36.22,36.22,3541.0,128255.02,36.22
920207.BJ,20260930,21.42,21.3,21.42,21.3,11330.0,241388.0,21.31
920208.BJ,20260930,10.73,10.77,10.77,10.73,37806.0,406674.64,10.76
920211.BJ,20260930,87.69,87.69,87.69,87.69,3824.0,335324.9,87.69
920212.BJ,20260930,10.28,9.98,10.28,9.98,105564.0,1054447.76,9.99
920218.BJ,20260930,14.68,14.68,14.68,14.68,2000.0,29360.0,14.68
920220.BJ,20260930,39.16,39.18,39.18,39.16,8063.0,315709.16,39.16
920221.BJ,20260930,12.01,12.05,12.05,12.01,10400.0,125392.0,12.06
920222.BJ,20260930,23.17,23.17,23.17,23.17,1000.0,23194.0,23.19
920223.BJ,20260930,12.37,12.34,12.37,12.34,6531.0,80616.15,12.34
920225.BJ,20260930,15.73,15.87,15.87,15.73,31022.0,491853.08,15.86
920227.BJ,20260930,50.13,50.1,50.13,50.1,16620.0,832698.0,50.1
920229.BJ,20260930,49.5,49.23,49.5,49.23,63302.0,3121752.32,49.32
920230.BJ,20260930,11.2,11.2,11.2,11.2,600.0,6720.0,11.2
920237.BJ,20260930,11.07,11.04,11.07,11.04,18961.0,209359.44,11.04
920238.BJ,20260930,60.08,60.08,60.08,60.08,15897.0,955148.32,60.08
920239.BJ,20260930,20.16,20.1,20.16,20.1,4800.0,96600.0,20.13
920242.BJ,20260930,13.55,13.55,13.55,13.55,1000.0,13550.0,13.55
920245.BJ,20260930,13.29,13.29,13.29,13.29,1000.0,13290.0,13.29
920247.BJ,20260930,14.45,14.45,14.45,14.45,4500.0,65014.0,14.45
920249.BJ,20260930,8.83,8.82,8.83,8.82,21878.0,192972.96,8.82
920252.BJ,20260930,14.75,14.54,14.75,14.54,87641.0,1274668.48,14.54
920258.BJ,20260930,9.73,9.73,9.73,9.73,3657.0,35582.61,9.73
920260.BJ,20260930,8.11,8.11,8.11,8.11,4500.0,36495.0,8.11
920261.BJ,20260930,13.26,13.26,13.26,13.26,100.0,1326.0,13.26
920262.BJ,20260930,13.71,13.71,13.71,13.71,7467.0,102372.58,13.71
920263.BJ,20260930,6.28,6.28,6.28,6.28,200.0,1256.0,6.28
920266.BJ,20260930,7.22,7.22,7.22,7.22,1000.0,7220.0,7.22
920267.BJ,20260930,15.74,15.74,15.74,15.74,1918.0,30189.32,15.74
920268.BJ,20260930,29.77,29.82,29.82,29.77,97150.0,2895665.6,29.81
920269.BJ,20260930,33.51,33.51,33.51,33.51,1000.0,33510.0,33.51
920270.BJ,20260930,11.14,11.14,11.14,11.14,2400.0,26736.0,11.14
920273.BJ,20260930,17.21,17.21,17.21,17.21,8373.0,143907.06,17.19
920274.BJ,20260930,14.79,14.79,14.79,14.79,6100.0,90219.0,14.79
920284.BJ,20260930,17.18,16.99,17.18,16.99,200224.0,3404458.56,17.0
920288.BJ,20260930,17.55,17.55,17.55,17.55,9500.0,166719.0,17.55
920289.BJ,20260930,26.98,27.01,27.01,26.98,50161.0,1354867.36,27.01
920298.BJ,20260930,79.8,79.11,79.8,79.11,65360.0,5171360.96,79.12
920299.BJ,20260930,13.39,13.36,13.39,13.36,3000.0,40140.0,13.38
920300.BJ,20260930,9.57,9.49,9.57,9.49,2388.0,22830.12,9.56
920304.BJ,20260930,9.06,9.06,9.06,9.06,1200.0,10862.0,9.05
920339.BJ,20260930,10.39,10.52,10.52,10.39,9000.0,94030.0,10.45
920344.BJ,20260930,21.12,21.11,21.12,21.11,36983.0,780900.0,21.12
920346.BJ,20260930,15.08,15.08,15.08,15.08,1086.0,16376.88,15.08
920351.BJ,20260930,12.28,12.28,12.28,12.28,890.0,10929.2,12.28
920357.BJ,20260930,15.28,15.28,15.28,15.28,62716.0,958589.04,15.29
920363.BJ,20260930,9.79,9.79,9.79,9.79,1000.0,9790.0,9.79
920367.BJ,20260930,25.5,25.25,25.5,25.25,9226.0,233391.44,25.3
920368.BJ,20260930,22.6,22.6,22.6,22.6,3758.0,84930.8,22.6
920370.BJ,20260930,2.88,2.88,2.88,2.88,1197.0,3447.36,2.88
920371.BJ,20260930,7.08,7.06,7.08,7.06,9854.0,69640.53,7.07
920374.BJ,20260930,14.53,14.53,14.53,14.53,600.0,8718.0,14.53
920375.BJ,20260930,6.26,6.26,6.26,6.26,1900.0,11894.0,6.26
920378.BJ,20260930,7.15,7.16,7.16,7.15,8912.0,63218.76,7.09
920392.BJ,20260930,13.22,13.36,13.36,13.22,11034.0,147284.24,13.35
920396.BJ,20260930,17.66,17.66,17.66,17.66,829.0,14640.14,17.66
920402.BJ,20260930,8.02,8.03,8.03,8.02,20602.0,165408.66,8.03
920403.BJ,20260930,18.88,18.82,18.88,18.82,16882.0,317948.56,18.83
920405.BJ,20260930,16.89,16.89,16.89,16.89,3586.0,60567.54,16.89
920407.BJ,20260930,10.4,10.39,10.4,10.39,1314.0,13664.6,10.4
920414.BJ,20260930,7.85,7.85,7.85,7.85,300.0,2355.0,7.85
920415.BJ,20260930,8.78,8.78,8.78,8.78,1200.0,10536.0,8.78
920418.BJ,20260930,17.98,18.08,18.08,17.98,37061.0,669091.68,18.05
920422.BJ,20260930,9.19,9.19,9.19,9.19,9990.0,91808.1,9.19
920425.BJ,20260930,14.06,13.97,14.06,13.97,1616.0,22589.83,13.98
920427.BJ,20260930,9.69,9.65,9.69,9.65,781384.96,7560376.96,9.68
920429.BJ,20260930,10.19,10.19,10.19,10.19,1000.0,10190.0,10.19
920433.BJ,20260930,4.68,4.68,4.68,4.68,1003.0,4694.04,4.68
920436.BJ,20260930,10.74,10.74,10.74,10.74,7287.0,78249.39,10.74
920438.BJ,20260930,109.88,109.57,109.88,109.57,26183.0,2870902.4,109.65
920445.BJ,20260930,7.35,7.36,7.36,7.35,18788.0,138262.74,7.36
920454.BJ,20260930,11.35,11.35,11.35,11.35,5304.0,60200.4,11.35
920455.BJ,20260930,6.49,6.49,6.49,6.49,21909.0,142189.42,6.49
920469.BJ,20260930,5.66,5.7,5.7,5.66,5700.0,32450.0,5.69
920475.BJ,20260930,11.15,11.15,11.15,11.15,2200.0,24530.0,11.15
920476.BJ,20260930,22.22,22.22,22.22,22.22,900.0,19998.0,22.22
920478.BJ,20260930,10.85,10.72,10.85,10.72,121450.0,1302237.6,10.72
920489.BJ,20260930,12.13,12.13,12.13,12.13,8500.0,103090.0,12.13
920493.BJ,20260930,108.88,108.9,108.9,108.88,2087.0,227272.3,108.9
920496.BJ,20260930,6.3,6.3,6.3,6.3,2800.0,17640.0,6.3
920504.BJ,20260930,18.03,18.03,18.03,18.03,851.0,15343.53,18.03
920505.BJ,20260930,25.33,25.33,25.33,25.33,5507.0,139481.12,25.33
920508.BJ,20260930,14.59,14.59,14.59,14.59,643.0,9381.37,14.59
920509.BJ,20260930,22.99,22.82,22.99,22.82,57330.0,1311347.36,22.87
920510.BJ,20260930,20.0,20.0,20.0,20.0,38358.0,767075.6,20.0
920519.BJ,20260930,10.65,10.63,10.65,10.63,1927.0,20486.01,10.63
920522.BJ,20260930,18.5,18.45,18.5,18.45,276752.0,5111721.6,18.47
920523.BJ,20260930,14.6,14.6,14.6,14.6,24719.0,360795.4,14.6
920526.BJ,20260930,21.7,21.6,21.7,21.6,74179.0,1603889.44,21.62
920527.BJ,20260930,14.8,14.8,14.8,14.8,4150.0,61420.0,14.8
920533.BJ,20260930,16.3,16.3,16.3,16.3,11048.0,180082.4,16.3
920541.BJ,20260930,9.46,9.46,9.46,9.46,1700.0,16082.0,9.46
920547.BJ,20260930,18.62,18.55,18.62,18.55,1200.0,22274.0,18.56
920553.BJ,20260930,6.64,6.64,6.64,6.64,527.0,3499.28,6.64
920556.BJ,20260930,6.48,6.47,6.48,6.47,22900.0,148194.0,6.47
920564.BJ,20260930,13.65,13.59,13.65,13.59,3500.0,47669.0,13.62
920566.BJ,20260930,9.2,9.2,9.2,9.2,178.0,1637.6,9.2
920570.BJ,20260930,24.7,24.7,24.7,24.7,529.0,13066.3,24.7
920571.BJ,20260930,8.66,8.69,8.69,8.66,211782.0,1839814.88,8.69
920575.BJ,20260930,4.97,4.97,4.97,4.97,15752.0,78287.44,4.97
920576.BJ,20260930,36.0,36.0,36.0,36.0,8400.0,302400.0,36.0
920578.BJ,20260930,16.9,16.9,16.9,16.9,1062.0,17947.8,16.9
920579.BJ,20260930,13.96,13.96,13.96,13.96,100.0,1396.0,13.96
920580.BJ,20260930,11.13,11.06,11.13,11.06,178588.0,1975773.44,11.06
920592.BJ,20260930,24.92,24.85,24.92,24.85,92568.0,2301366.72,24.86
920593.BJ,20260930,23.38,23.29,23.38,23.29,3145.0,73275.05,23.3
920627.BJ,20260930,13.4,13.4,13.4,13.4,40296.0,541612.2,13.44
920639.BJ,20260930,6.09,6.08,6.09,6.08,22600.0,137413.0,6.08
920640.BJ,20260930,26.72,26.74,26.74,26.72,16359.0,437567.48,26.75
920641.BJ,20260930,12.97,12.97,12.97,12.97,1145.0,14850.65,12.97
920651.BJ,20260930,19.93,19.93,19.93,19.93,6194.0,122979.92,19.86
920656.BJ,20260930,14.74,14.74,14.74,14.74,1800.0,26532.0,14.74
920662.BJ,20260930,17.8,18.17,18.17,17.8,10292.0,186391.02,18.11
920665.BJ,20260930,8.26,8.26,8.26,8.26,1900.0,15694.0,8.26
920670.BJ,20260930,12.23,12.23,12.23,12.23,8236.0,101089.28,12.27
920675.BJ,20260930,7.2,7.2,7.2,7.2,3515.0,25308.0,7.2
920682.BJ,20260930,5.7,5.7,5.7,5.7,200.0,1140.0,5.7
920685.BJ,20260930,12.38,12.38,12.38,12.38,2400.0,29712.0,12.38
920689.BJ,20260930,19.47,19.47,19.47,19.47,800.0,15576.0,19.47
920690.BJ,20260930,15.44,15.34,15.44,15.34,400.0,6146.0,15.37
920693.BJ,20260930,23.4,23.4,23.4,23.4,2801.0,65532.4,23.4
920699.BJ,20260930,62.41,61.46,62.41,61.46,2960.0,182774.82,61.75
920703.BJ,20260930,9.82,9.82,9.82,9.82,2616.0,25689.12,9.82
920706.BJ,20260930,15.74,15.76,15.76,15.74,14233.0,224262.2,15.76
920717.BJ,20260930,6.7,6.7,6.7,6.7,100.0,670.0,6.7
920718.BJ,20260930,10.11,10.11,10.11,10.11,727.0,7349.97,10.11
920719.BJ,20260930,7.4,7.49,7.49,7.4,191669.0,1433377.44,7.48
920725.BJ,20260930,83.91,83.9,83.91,83.9,30059.0,2521303.68,83.88
920726.BJ,20260930,14.77,14.77,14.77,14.77,217.0,3205.09,14.77
920735.BJ,20260930,25.04,25.1,25.1,25.04,3400.0,85280.0,25.08
920748.BJ,20260930,30.99,30.99,30.99,30.99,99956.0,3098553.6,31.0
920751.BJ,20260930,15.35,15.35,15.35,15.35,202.0,3100.7,15.35
920753.BJ,20260930,15.13,15.13,15.13,15.13,60.0,907.8,15.13
920765.BJ,20260930,11.09,11.09,11.09,11.09,9161.0,101654.1,11.1
920768.BJ,20260930,7.13,7.13,7.13,7.13,10600.0,75578.0,7.13
920770.BJ,20260930,9.92,9.91,9.92,9.91,1600.0,15869.0,9.92
920779.BJ,20260930,29.99,29.68,29.99,29.68,335546.0,9968241.92,29.71
920781.BJ,20260930,5.54,5.54,5.54,5.54,100.0,554.0,5.54
920786.BJ,20260930,7.05,7.05,7.05,7.05,62430.0,440098.48,7.05
920790.BJ,20260930,21.9,21.9,21.9,21.9,6794.0,148759.1,21.9
920799.BJ,20260930,30.82,30.82,30.82,30.82,61031.0,1880988.32,30.82
920802.BJ,20260930,10.49,10.49,10.49,10.49,200.0,2098.0,10.49
920806.BJ,20260930,10.14,10.14,10.14,10.14,1300.0,13182.0,10.14
920807.BJ,20260930,8.91,8.91,8.91,8.91,2316.0,20635.56,8.91
920808.BJ,20260930,57.99,57.9,57.99,57.9,16194.0,938313.12,57.94
920809.BJ,20260930,6.88,6.85,6.88,6.85,188856.0,1293683.76,6.85
920810.BJ,20260930,8.42,8.42,8.42,8.42,100.0,842.0,8.42
920819.BJ,20260930,3.07,3.07,3.07,3.07,500.0,1535.0,3.07
920821.BJ,20260930,20.12,19.92,20.12,19.92,54466.0,1089593.84,20.0
920826.BJ,20260930,8.35,8.35,8.35,8.35,2574.0,21492.9,8.35
920834.BJ,20260930,8.7,8.75,8.75,8.7,34705.0,303385.44,8.74
920837.BJ,20260930,9.93,9.94,9.94,9.93,3100.0,30794.0,9.93
920855.BJ,20260930,13.05,13.05,13.05,13.05,3960.0,51678.0,13.05
920856.BJ,20260930,10.88,10.89,10.89,10.88,700.0,7618.0,10.88
920857.BJ,20260930,16.19,16.19,16.19,16.19,820.0,13275.8,16.19
920866.BJ,20260930,6.2,6.2,6.2,6.2,15203.0,94258.6,6.2
920870.BJ,20260930,11.2,11.2,11.2,11.2,600.0,6720.0,11.2
920871.BJ,20260930,10.88,10.97,10.97,10.88,7528.0,82423.94,10.95
920873.BJ,20260930,7.11,7.11,7.11,7.11,250769.0,1783473.44,7.11
920876.BJ,20260930,15.98,15.91,15.98,15.91,2100.0,33446.0,15.93
920879.BJ,20260930,12.38,12.31,12.38,12.31,1930.0,23828.3,12.35
920885.BJ,20260930,11.8,11.8,11.8,11.8,4066.0,47978.8,11.8
920892.BJ,20260930,11.12,11.12,11.12,11.12,182900.0,2040374.88,11.16
920895.BJ,20260930,21.02,21.02,21.02,21.02,52232.0,1098531.6,21.03
920896.BJ,20260930,12.0,12.0,12.0,12.0,10781.0,129372.0,12.0
920914.BJ,20260930,16.56,16.57,16.57,16.56,3144.0,52083.4,16.57
920924.BJ,20260930,14.42,14.44,14.44,14.42,9104.0,131367.56,14.43
920925.BJ,20260930,11.07,11.06,11.07,11.06,1351.0,14945.57,11.06
920926.BJ,20260930,10.25,10.25,10.25,10.25,66614.0,683269.84,10.26
920931.BJ,20260930,9.82,9.82,9.82,9.82,100.0,982.0,9.82
920932.BJ,20260930,10.19,10.19,10.19,10.19,100.0,1019.0,10.19
920942.BJ,20260930,16.66,16.64,16.66,16.64,1931.0,32148.46,16.65
920943.BJ,20260930,13.86,13.86,13.86,13.86,200.0,2772.0,13.86
920946.BJ,20260930,10.72,10.7,10.72,10.7,46620.0,499075.04,10.71
920950.BJ,20260930,13.15,13.15,13.15,13.15,4755.0,62528.25,13.15
920953.BJ,20260930,23.03,23.03,23.03,23.03,67221.0,1549773.28,23.06
920957.BJ,20260930,9.46,9.48,9.48,9.46,13343.0,126541.32,9.48
920961.BJ,20260930,22.16,22.1,22.16,22.1,42975.0,950541.92,22.12
920964.BJ,20260930,4.83,4.83,4.83,4.83,2000.0,9660.0,4.83
920970.BJ,20260930,6.26,6.23,6.26,6.23,2800.0,17471.0,6.24
920971.BJ,20260930,27.21,27.0,27.21,27.0,68630.0,1852931.84,27.0
920976.BJ,20260930,23.26,23.26,23.26,23.26,30698.0,713325.52,23.24
920978.BJ,20260930,16.9,16.9,16.9,16.9,200.0,3380.0,16.9
920981.BJ,20260930,29.7,29.23,29.7,29.23,12567.0,370711.2,29.5
920982.BJ,20260930,127.52,127.51,127.52,127.51,17290.0,2205678.72,127.57
920985.BJ,20260930,4.44,4.44,4.44,4.44,300.0,1332.0,4.44
920992.BJ,20260930,12.52,12.52,12.52,12.52,11739.0,147820.28,12.59
