trade_date,verify_date,rank,ts_code,name,晋阶,stage_bonus,stage_risk_penalty,stage_adjustment,prob,Probability,p_limit_up_calibrated,rank_score,probability_is_calibrated,probability_semantics,model_contract_status,model_contract_reason,model_schema_version,_prob_src,prob_lr,prob_hgb,prob_lgbm,prob_rule,StrengthScore,ThemeBoost,board,final_score,raw_final_score,final_score_v2,intraday_available,intraday_status,intraday_missing_reason,intraday_quality_score,intraday_soft_risk_score,intraday_hard_risk_flag,intraday_risk_score,late_withdraw_score,reseal_score,open_board_count,auction_strength_score,intraday_confidence_score,risk_level,risk_label,regime_score,regime_smooth,regime_weight,regime_state,regime_E1,regime_E2,regime_E3,run_id,run_attempt,commit_sha,generated_at_utc,limit_times,advance_stage,stage_quality_weight,stage_risk_weight,stage_prior,stage_source,up_stat,final_score_pre_stage,stage_adjustment_applied,prob_final,rank_v2,target_trade_date,name_fs,symbol,board_fs,area,market,list_date,open,high,low,close,pct_chg,pre_close_est,returns_1d,high_low_range,candle_body,gap_open,vol,amount,turnover_rate,turnover_rate_f,volume_ratio,amihud_illiquidity,volatility_5d,volatility_10d,volatility_20d,atr,downside_vol,max_drawdown_20d,tail_risk_score,ret_2d,ret_5d,ret_10d,bid_ask_proxy,spread_proxy,total_mv,float_mv,pe_ttm,pb,north_money_market,south_money_market,hgt_market,sgt_market,market_regime,hot_boards_score,board_crowding_rank,is_hot_board,board_rank,board_limit_up_count,is_st_like,top_list_net_buy,top_net_rate,amount_rate,float_values,abnormal_volume,has_namechange_record,latest_change_reason,auction_vol,auction_price,auction_amount,auction_strength_score_fs,name_limit,limit_type,open_times,fd_amount,seal_amount,first_seal_time,last_seal_time,intraday_available_limit,intraday_status_limit,intraday_missing_reason_limit,minute_freq,minute_rows,first_limit_time,last_limit_time,limit_touch_count,open_board_count_limit,max_drawdown_after_limit,reseal_count,reseal_minutes_avg,late_volume_ratio,late_price_weakness,late_limit_hold_minutes,late_withdraw_score_limit,reseal_score_limit,intraday_quality_score_limit,intraday_confidence_score_limit,intraday_risk_score_limit,intraday_soft_risk_score_limit,intraday_hard_risk_flag_limit,intraday_tag,auction_strength_score_limit,auction_amount_limit,open_times_break,fd_amount_break,seal_amount_break,first_time_break,last_time_break,up_limit,down_limit,is_hot_board_limit,board_rank_limit,board_limit_up_count_limit,is_st_like_limit,is_limit_up,break_count_proxy,limit_up_strength,decision_board,decision_limit_pct,decision_universe_eligible,decision_universe_reason,decision_universe_rule,signal_date,exec_date,exit_date,regime_name,requested_trade_date,p_fill_pred_rule,p_fill_pred_model,p_fill_pred_final,p_fill_pred,p_fill_model_loaded,p_fill_model_kind,p_fill_model_path,p_fill_model_feature_mode,p_fill_model_meta_path,p_fill_model_expected_n_features,p_fill_expected_categorical_cols,p_fill_expected_numeric_feature_count,p_fill_model_category_like_cols_detected,p_fill_model_acceptance_path,p_fill_model_acceptance_pass,p_fill_model_acceptance_anchor_trade_date,p_fill_model_independent_dates,p_fill_model_actual_n_features,p_fill_missing_feature_count,p_fill_missing_feature_sample,p_fill_unexpected_feature_count,p_fill_unexpected_feature_sample,p_fill_categorical_feature_count_online,p_fill_categorical_feature_sample_online,p_fill_numeric_feature_count_online,p_fill_online_dtypes_sample,p_fill_pred_src,p_fill_degrade_reason,eret_pred_rule,eret_pred_rule_raw,eret_pred_model_raw,eret_pred_model_clipped,eret_pred_model,eret_pred_raw,e_ret_pred_raw,eret_pred_final,eret_pred,e_ret_pred,eret_clip_hit,e_ret_clip_hit,eret_clip_direction,e_ret_clip_direction,eret_clip_lower_hit,eret_clip_upper_hit,eret_model_loaded,eret_model_kind,eret_model_path,eret_model_feature_mode,eret_model_meta_path,eret_model_expected_n_features,eret_expected_categorical_cols,eret_expected_numeric_feature_count,eret_model_category_like_cols_detected,eret_model_acceptance_path,eret_model_acceptance_pass,eret_model_acceptance_anchor_trade_date,eret_model_independent_dates,eret_model_actual_n_features,eret_missing_feature_count,eret_missing_feature_sample,eret_unexpected_feature_count,eret_unexpected_feature_sample,eret_categorical_feature_count_online,eret_categorical_feature_sample_online,eret_numeric_feature_count_online,eret_online_dtypes_sample,eret_feature_missing_cell_count,eret_feature_missing_cell_ratio,e_ret_feature_missing_ratio,eret_feature_rows_with_missing_count,eret_feature_row_missing_ratio_mean,eret_feature_column_missing_ratio_max,eret_raw_min,eret_raw_max,eret_raw_mean,eret_raw_std,eret_final_min,eret_final_max,eret_final_mean,eret_final_std,eret_clip_hit_count,eret_clip_hit_rate,eret_negative_count,eret_negative_rate,eret_positive_count,eret_positive_rate,eret_pred_src,eret_degrade_reason,eret_regime_used,cost_base_bp,cost_slippage_bp,cost_impact_bp,cost_open_bp,cost_seal_bp,cost_amount_bp,cost_price_bp,cost_total_bp,cost_est,risk_regime_penalty,risk_open_penalty,risk_open_times_penalty,risk_volatility_penalty,risk_liquidity_penalty,risk_liquidity_amount_penalty,risk_extreme_turnover_penalty,risk_theme_penalty,risk_board_penalty,risk_seal_penalty,risk_st_penalty,risk_tail_penalty,risk_intraday_hard_penalty,risk_intraday_soft_penalty,risk_intraday_confidence_penalty,risk_intraday_missing_penalty,risk_late_withdraw_penalty,risk_reseal_weakness_penalty,risk_auction_weakness_penalty,intraday_execution_raw,intraday_execution_penalty,execution_fragility_primary,execution_fragility_support,execution_fragility_overlap,execution_fragility_raw,execution_fragility_penalty,crowding_primary,crowding_secondary,crowding_raw,crowding_penalty,st_penalty_effective,risk_total_penalty,risk_penalty,ev_base,pfill_penalty_soft,pfill_penalty_hard,pfill_penalty_extra,risk_penalty_extra,intraday_penalty_extra,intraday_ev_bonus,ev_penalty_total_extra,ev_final,ev_formula_version,ev_pred,input_mode,fs_degrade_reason,p_fill_pred_raw,p_fill_cap_hit,p_fill_clip_hit,p_fill_clip_direction,p_fill_cap_hit_rate,weight_exec,regime,risk_budget,version,generated_at_bjt
20260817,20260818,6,600127.SH,金健米业,1→2,-0.022,0.001925,-0.023925,0.2844636655007838,0.2844636655007838,0.2844636655007838,0.2844636655007838,True,calibrated_probability,valid,contract=valid; ordered feature contract validated; prediction=ok,step5_core_features_v1,hgb,0.1998691256826154,0.2844636655007838,0.2647553164592761,0.6227543334888423,67.467391,0.0164,农产品加,0.311396,0.3353208863120872,0.311396,0,missing_stock,stock not covered by intraday_features.csv,0.751495,0.0,0,0.0,0.0,0.5,0.0,0.909965928449744,0.0,中,分时缺失|低置信,0.55,0.55,0.93,neutral,106,0.0,0,32027008125,1,14d563095a4610dbbd41021640e53425b2b88341,2026-08-17T11:53:30Z,1.0,1→2,0.78,0.035,0.16,limit_list_d,1/1,0.3353208863120872,True,0.2844636655007838,6,20260818,,600127,农产品加,湖南,主板,19980506,6.32,6.46,6.32,6.46,10.0511,5.87000039072758,10.0511,0.0238500835913312,0.0238500835913312,0.0766609164086687,381412.95,246088.299,5.943,7.555,1.09,4.084346976611025e-05,0.069895471160468,,,,,,0.0,0.0572831423895252,,,0.0216718266253869,0.0238500835913312,414591.9472,,,,299670.87,54796.77,136873.91,162796.96,,,,0.0,,,0.0,73492793.0,29.86,49.38,4145919588.28,49.38,0.0,,2002500,6.32,12655800.0,0.9583333333333334,,U,0.0,154848073.0,154848073.0,93000.0,93000.0,,,,,,,,,,,,,,,,,,,,,,,,0.9583333333333334,12655800.0,,,,,,6.46,5.28,0.0,,,0.0,1.0,0.0,2.1801158099632167,MAIN,10.0,1,eligible_limit_le_10:10.00%:derived:up_limit/pre_close:tick_normalized,a_share_price_limit_le_10_v2,20260817,20260818,20260819,RISK_ON,20260817,0.2722909634999999,,0.638186818608073,0.638186818608073,False,lgbm,/home/runner/work/DC20/DC20/models/pfill_lgbm.joblib,,/home/runner/work/DC20/DC20/models/pfill_meta.json,0,,0,,/home/runner/work/DC20/DC20/outputs/learning/learning_acceptance_latest.json,False,,0,0,0,,0,,0,,0,,rule,model_rejected_by_learning_acceptance:acceptance_file_missing,0.010583109965023513,0.010583109965023513,,,,0.010583109965023513,0.010583109965023513,0.010583109965023513,0.010583109965023513,0.010583109965023513,0,0,,,0,0,False,,,,/home/runner/work/DC20/DC20/models/eret_meta.json,87,,87,,/home/runner/work/DC20/DC20/outputs/learning/learning_acceptance_latest.json,False,,0,0,0,,0,,0,,0,,0,0.0,0.0,0,0.0,0.0,0.004578496260042497,0.012848034341363964,0.007816478202534189,0.0018379163110969377,0.004578496260042497,0.012848034341363964,0.007816478202534189,0.0018379163110969377,0,0.0,0,0.0,92,1.0,rule,model_rejected_by_learning_acceptance:acceptance_file_missing,RISK_ON,0.0002,0.0005,7.1995e-05,0.0,0.0,0.0004,0.0,0.0011719950000000001,0.0011719950000000001,0.0,0.0,0.0,0.0,0.001621125000000001,0.006,0.0,0.0,0.0,0.0,0.0,0.0,0.0,0.0,0.0007425249999999998,0.002,0.0,0.002090909090909091,0.0,0.004833434090909091,0.004833434090909091,0.0,0.0072166943181818195,0.0,0.0072166943181818195,0.0072166943181818195,0.0,0.0,0.0,0.0,0.0,0.0072166943181818195,0.0072166943181818195,-0.0016346880386240688,0.0,0.0,0.0,0.0,0.0,0.0,0.0,-0.0016346880386240688,v2_net_trade_contract_no_double_count,-0.0016346880386240688,pred_plus_fs,,,,,,,,,,1,2026-08-22 05:41:21+0800
20260817,20260818,14,600613.SH,神奇制药,3→4,0.01,0.0,0.01,0.227159252484395,0.227159252484395,0.227159252484395,0.227159252484395,True,calibrated_probability,valid,contract=valid; ordered feature contract validated; prediction=ok,step5_core_features_v1,hgb,0.2041553493779486,0.227159252484395,0.2259415720715514,0.6418038460182545,64.402174,0.1115060031977598,化学制药,0.306393,0.2963932096004428,0.306393,0,missing_stock,stock not covered by intraday_features.csv,0.751299,0.0,0,0.0,0.0,0.5,0.0,0.908658346333854,0.0,中,分时缺失|低置信,0.55,0.55,0.93,neutral,106,0.0,0,32027008125,1,14d563095a4610dbbd41021640e53425b2b88341,2026-08-17T11:53:30Z,3.0,3→4,1.1,0.0,0.43,limit_list_d,3/3,0.2963932096004428,True,0.227159252484395,14,20260818,,600613,化学制药,上海,主板,19920820,6.9,7.05,6.78,7.05,9.9844,6.409999963631205,9.9844,0.0421216851063829,0.0234009361702126,0.0764430638297874,392467.02,273824.905,8.188,14.9731,2.67,3.6462716932194313e-05,0.0001792867598066,,,,,,0.0,0.2092624356775299,,,0.0382978723404254,0.0421216851063829,376520.478,,,,299670.87,54796.77,136873.91,162796.96,,3.0,8.0,1.0,8.0,3.0,0.0,,,,,,0.0,,12016500,6.9,82913850.0,0.9955673758865248,,U,0.0,198510649.0,198510649.0,93028.0,93028.0,,,,,,,,,,,,,,,,,,,,,,,,0.9955673758865248,82913850.0,,,,,,7.05,5.77,1.0,8.0,3.0,0.0,1.0,0.0,2.480903140337813,MAIN,10.0,1,eligible_limit_le_10:10.00%:derived:up_limit/pre_close:tick_normalized,a_share_price_limit_le_10_v2,20260817,20260818,20260819,RISK_ON,20260817,0.26168467549999996,,0.631557942614588,0.631557942614588,False,lgbm,/home/runner/work/DC20/DC20/models/pfill_lgbm.joblib,,/home/runner/work/DC20/DC20/models/pfill_meta.json,0,,0,,/home/runner/work/DC20/DC20/outputs/learning/learning_acceptance_latest.json,False,,0,0,0,,0,,0,,0,,rule,model_rejected_by_learning_acceptance:acceptance_file_missing,0.00914929558412513,0.00914929558412513,,,,0.00914929558412513,0.00914929558412513,0.00914929558412513,0.00914929558412513,0.00914929558412513,0,0,,,0,0,False,,,,/home/runner/work/DC20/DC20/models/eret_meta.json,87,,87,,/home/runner/work/DC20/DC20/outputs/learning/learning_acceptance_latest.json,False,,0,0,0,,0,,0,,0,,0,0.0,0.0,0,0.0,0.0,0.004578496260042497,0.012848034341363964,0.007816478202534189,0.0018379163110969377,0.004578496260042497,0.012848034341363964,0.007816478202534189,0.0018379163110969377,0,0.0,0,0.0,92,1.0,rule,model_rejected_by_learning_acceptance:acceptance_file_missing,RISK_ON,0.0002,0.0005,6.580000000000021e-06,0.0,0.0,0.0004,0.0,0.00110658,0.00110658,0.0,0.0,0.0,0.0,0.0,0.006,0.0,0.0,0.0,0.0,0.0,0.0,0.0,0.0,0.0007435049999999998,0.002,0.0,0.002090909090909091,0.0,0.0048344140909090914,0.0048344140909090914,0.0,0.006325810568181819,0.0,0.006325810568181819,0.006325810568181819,0.0,0.0,0.0,0.0,0.0,0.006325810568181819,0.006325810568181819,-0.0016540802726990166,0.0,0.0,0.0,0.0,0.0,0.0,0.0,-0.0016540802726990166,v2_net_trade_contract_no_double_count,-0.0016540802726990166,pred_plus_fs,,,,,,,,,,1,2026-08-22 05:41:21+0800
20260817,20260818,20,001358.SZ,兴欣新材,1→2,-0.022,0.001925,-0.023925,0.200738524964712,0.200738524964712,0.200738524964712,0.200738524964712,True,calibrated_probability,valid,contract=valid; ordered feature contract validated; prediction=ok,step5_core_features_v1,hgb,0.1832201528946893,0.200738524964712,0.1690150058620385,0.7896831164115984,65.445652,0.83,化学制品,0.311329,0.3352544253214523,0.311329,0,missing_stock,stock not covered by intraday_features.csv,0.685315,0.0,0,0.0,0.0,0.5,0.0,0.4687646598905404,0.0,中,分时缺失|低置信,0.55,0.55,0.93,neutral,106,0.0,0,32027008125,1,14d563095a4610dbbd41021640e53425b2b88341,2026-08-17T11:53:30Z,1.0,1→2,0.78,0.035,0.16,limit_list_d,1/1,0.3352544253214523,True,0.200738524964712,20,20260818,,1358,化学制品,浙江,主板,20231221,25.66,28.14,25.3,28.14,10.0078,25.58000432696591,10.0078,0.1110242189054726,0.0969507263681592,0.0031272736318406,51902.9,140605.74137,10.1818,11.0674,1.32,7.117632539388814e-05,0.0464957859548245,,,,,,0.0,0.1078740157480315,,,0.1009239516702203,0.1110242189054726,346684.8,,,,299670.87,54796.77,136873.91,162796.96,,8.0,1.0,1.0,1.0,8.0,0.0,,,,,,0.0,,15100,25.66,387466.0,0.6016970618034447,,U,0.0,61849468.0,61849468.0,110409.0,110409.0,,,,,,,,,,,,,,,,,,,,,,,,0.6016970618034447,387466.0,,,,,,28.14,23.02,1.0,1.0,8.0,0.0,1.0,0.0,2.321941915768071,MAIN,10.0,1,eligible_limit_le_10:10.00%:derived:up_limit/pre_close:tick_normalized,a_share_price_limit_le_10_v2,20260817,20260818,20260819,RISK_ON,20260817,0.339984266,,0.6771053876105786,0.6771053876105786,False,lgbm,/home/runner/work/DC20/DC20/models/pfill_lgbm.joblib,,/home/runner/work/DC20/DC20/models/pfill_meta.json,0,,0,,/home/runner/work/DC20/DC20/outputs/learning/learning_acceptance_latest.json,False,,0,0,0,,0,,0,,0,,rule,model_rejected_by_learning_acceptance:acceptance_file_missing,0.01051215574894136,0.01051215574894136,,,,0.01051215574894136,0.01051215574894136,0.01051215574894136,0.01051215574894136,0.01051215574894136,0,0,,,0,0,False,,,,/home/runner/work/DC20/DC20/models/eret_meta.json,87,,87,,/home/runner/work/DC20/DC20/outputs/learning/learning_acceptance_latest.json,False,,0,0,0,,0,,0,,0,,0,0.0,0.0,0,0.0,0.0,0.004578496260042497,0.012848034341363964,0.007816478202534189,0.0018379163110969377,0.004578496260042497,0.012848034341363964,0.007816478202534189,0.0018379163110969377,0,0.0,0,0.0,92,1.0,rule,model_rejected_by_learning_acceptance:acceptance_file_missing,RISK_ON,0.0002,0.0005,7.636300000000003e-05,0.0,0.0,0.0004,0.0,0.001176363,0.001176363,0.0,0.0,0.0,0.0,0.0,0.006,0.0,0.0,0.0,0.0,0.0,0.0,0.0,0.0,0.001073425,0.002,0.0,0.002090909090909091,0.0015510697277702709,0.006715403818679362,0.006715403818679362,0.0,0.007736552864009522,0.0,0.007736552864009522,0.007736552864009522,0.0,0.0,0.0,0.0,0.0,0.007736552864009522,0.007736552864009522,-0.0017950785709998094,0.0,0.0,0.0,0.0,0.0,0.0,0.0,-0.0017950785709998094,v2_net_trade_contract_no_double_count,-0.0017950785709998094,pred_plus_fs,,,,,,,,,,1,2026-08-22 05:41:21+0800
20260817,20260818,35,000735.SZ,罗 牛 山,1→2,-0.022,0.001925,-0.023925,0.1784772735202059,0.1784772735202059,0.1784772735202059,0.1784772735202059,True,calibrated_probability,valid,contract=valid; ordered feature contract validated; prediction=ok,step5_core_features_v1,hgb,0.1738014122398017,0.1784772735202059,0.1725424908342482,0.5870970671862196,56.597826,0.01,养殖业,0.214974,0.2388989742333749,0.214974,0,missing_stock,stock not covered by intraday_features.csv,0.733576,0.0,0,0.0,0.0,0.5,0.0,0.7905088062622306,0.0,中,分时缺失|低置信,0.55,0.55,0.93,neutral,106,0.0,0,32027008125,1,14d563095a4610dbbd41021640e53425b2b88341,2026-08-17T11:53:30Z,1.0,1→2,0.78,0.035,0.16,limit_list_d,1/1,0.2388989742333749,True,0.1784772735202059,35,20260818,,735,养殖业,海南,主板,19970611,5.4,5.62,5.22,5.62,9.9804,5.110001418434558,9.9804,0.0782778647686833,0.0430528256227757,0.0567511743772242,881455.22,480537.0963,7.6589,9.2446,3.37,2.076926022329236e-05,0.0604385511093115,,,,,,0.0,0.0766283524904214,,,0.0711743772241993,0.0782778647686833,647150.6432,,,,299670.87,54796.77,136873.91,162796.96,,,,0.0,,,0.0,,,,,,0.0,,3173400,5.4,17136360.0,0.9697315096251268,,U,0.0,41790314.0,41790314.0,95436.0,95436.0,,,,,,,,,,,,,,,,,,,,,,,,0.9697315096251268,17136360.0,,,,,,5.62,4.6,0.0,,,0.0,1.0,0.0,2.048609557154303,MAIN,10.0,1,eligible_limit_le_10:10.00%:derived:up_limit/pre_close:tick_normalized,a_share_price_limit_le_10_v2,20260817,20260818,20260819,RISK_ON,20260817,0.33739934299999996,,0.6855185346477053,0.6855185346477053,False,lgbm,/home/runner/work/DC20/DC20/models/pfill_lgbm.joblib,,/home/runner/work/DC20/DC20/models/pfill_meta.json,0,,0,,/home/runner/work/DC20/DC20/outputs/learning/learning_acceptance_latest.json,False,,0,0,0,,0,,0,,0,,rule,model_rejected_by_learning_acceptance:acceptance_file_missing,0.007384318205606177,0.007384318205606177,,,,0.007384318205606177,0.007384318205606177,0.007384318205606177,0.007384318205606177,0.007384318205606177,0,0,,,0,0,False,,,,/home/runner/work/DC20/DC20/models/eret_meta.json,87,,87,,/home/runner/work/DC20/DC20/outputs/learning/learning_acceptance_latest.json,False,,0,0,0,,0,,0,,0,,0,0.0,0.0,0,0.0,0.0,0.004578496260042497,0.012848034341363964,0.007816478202534189,0.0018379163110969377,0.004578496260042497,0.012848034341363964,0.007816478202534189,0.0018379163110969377,0,0.0,0,0.0,92,1.0,rule,model_rejected_by_learning_acceptance:acceptance_file_missing,RISK_ON,0.0002,0.0005,1.1938499999999998e-05,0.0,0.0,0.0004,0.0,0.0011119385000000002,0.0011119385000000002,0.0,0.0,0.0,0.0,0.0,0.006,0.0,0.0,0.0,0.0,0.0,0.0,0.0,0.0,0.00083212,0.002,0.0,0.002090909090909091,0.0,0.004923029090909092,0.004923029090909092,0.0,0.006392271818181819,0.0,0.006392271818181819,0.006392271818181819,0.0,0.0,0.0,0.0,0.0,0.006392271818181819,0.006392271818181819,-0.0024421233225023,0.0,0.0,0.0,0.0,0.0,0.0,0.0,-0.0024421233225023,v2_net_trade_contract_no_double_count,-0.0024421233225023,pred_plus_fs,,,,,,,,,,1,2026-08-22 05:41:21+0800
20260817,20260818,41,002165.SZ,红 宝 丽,1→2,-0.022,0.001925,-0.023925,0.171256350996293,0.171256350996293,0.171256350996293,0.171256350996293,True,calibrated_probability,valid,contract=valid; ordered feature contract validated; prediction=ok,step5_core_features_v1,hgb,0.1901939644483857,0.171256350996293,0.1746107407678037,0.8136765446158022,69.728261,0.83,化学制品,0.299257,0.3231821215435589,0.299257,0,missing_stock,stock not covered by intraday_features.csv,0.6825,0.0,0,0.0,0.0,0.5,0.0,0.45,0.0,中,分时缺失|低置信,0.55,0.55,0.93,neutral,106,0.0,0,32027008125,1,14d563095a4610dbbd41021640e53425b2b88341,2026-08-17T11:53:30Z,1.0,1→2,0.78,0.035,0.16,limit_list_d,1/1,0.3231821215435589,True,0.171256350996293,41,20260818,,2165,化学制品,江苏,主板,20070913,6.48,7.13,6.41,7.13,10.0309,6.479997891501387,10.0309,0.1111111472650771,0.1003086746143056,3.253856943079777e-07,803083.46,560270.6962,11.0377,13.522,1.18,1.790366704529424e-05,0.0636678345011677,,,,,,0.0,0.0705705705705705,,,0.1009817671809256,0.1111111472650771,524247.3674,,,,299670.87,54796.77,136873.91,162796.96,,8.0,1.0,1.0,1.0,8.0,0.0,,,,,,0.0,,255500,6.48,1655640.0,0.8102836879432624,,U,0.0,77869275.0,77869275.0,95309.0,95309.0,,,,,,,,,,,,,,,,,,,,,,,,0.8102836879432624,1655640.0,,,,,,7.13,5.83,1.0,1.0,8.0,0.0,1.0,0.0,2.3405757964316,MAIN,10.0,1,eligible_limit_le_10:10.00%:derived:up_limit/pre_close:tick_normalized,a_share_price_limit_le_10_v2,20260817,20260818,20260819,RISK_ON,20260817,0.3362538624999999,,0.673966753351638,0.673966753351638,False,lgbm,/home/runner/work/DC20/DC20/models/pfill_lgbm.joblib,,/home/runner/work/DC20/DC20/models/pfill_meta.json,0,,0,,/home/runner/work/DC20/DC20/outputs/learning/learning_acceptance_latest.json,False,,0,0,0,,0,,0,,0,,rule,model_rejected_by_learning_acceptance:acceptance_file_missing,0.009627690529888789,0.009627690529888789,,,,0.009627690529888789,0.009627690529888789,0.009627690529888789,0.009627690529888789,0.009627690529888789,0,0,,,0,0,False,,,,/home/runner/work/DC20/DC20/models/eret_meta.json,87,,87,,/home/runner/work/DC20/DC20/outputs/learning/learning_acceptance_latest.json,False,,0,0,0,,0,,0,,0,,0,0.0,0.0,0,0.0,0.0,0.004578496260042497,0.012848034341363964,0.007816478202534189,0.0018379163110969377,0.004578496260042497,0.012848034341363964,0.007816478202534189,0.0018379163110969377,0,0.0,0,0.0,92,1.0,rule,model_rejected_by_learning_acceptance:acceptance_file_missing,RISK_ON,0.0002,0.0005,0.00010631949999999996,0.0,0.0,0.0004,0.0,0.0012063195000000001,0.0012063195000000001,0.0,0.0,0.0,0.0,0.0,0.006,0.0,0.0,0.0,0.0,0.0,0.0,0.0,0.0,0.0010875,0.002,0.0,0.002090909090909091,0.0016363636363636365,0.0068147727272727275,0.0068147727272727275,0.0,0.0078110795454545455,0.0,0.0078110795454545455,0.0078110795454545455,0.0,0.0,0.0,0.0,0.0,0.0078110795454545455,0.0078110795454545455,-0.0025286557167510876,0.0,0.0,0.0,0.0,0.0,0.0,0.0,-0.0025286557167510876,v2_net_trade_contract_no_double_count,-0.0025286557167510876,pred_plus_fs,,,,,,,,,,1,2026-08-22 05:41:21+0800
20260817,20260818,9,002907.SZ,华森制药,2→3,-0.008,0.000825,-0.008825,0.2416893435622868,0.2416893435622868,0.2416893435622868,0.2416893435622868,True,calibrated_probability,valid,contract=valid; ordered feature contract validated; prediction=ok,step5_core_features_v1,hgb,0.1898568478246056,0.2416893435622868,0.2415780410857298,0.6230121092345606,67.98913,0.0164,中药Ⅱ,0.297597,0.3064223389551393,0.297597,0,missing_stock,stock not covered by intraday_features.csv,0.765,0.0,0,0.0,0.0,0.5,0.0,1.0,0.0,中,分时缺失|低置信,0.55,0.55,0.93,neutral,106,0.0,0,32027008125,1,14d563095a4610dbbd41021640e53425b2b88341,2026-08-17T11:53:30Z,2.0,2→3,0.92,0.015,0.35,limit_list_d,2/2,0.3064223389551393,True,0.2416893435622868,9,20260818,,2907,中药Ⅱ,重庆,主板,20171020,16.68,16.79,15.81,16.79,10.0262,15.26000170868393,10.0262,0.0642201762954138,0.0072083871351994,0.0930536128648005,188785.66,312853.54834,5.6217,15.8983,3.2,3.204758281694098e-05,2.2914518922667604e-05,,,,,,0.0,0.2105263157894736,,,0.0583680762358546,0.0642201762954138,701144.1877,,,,299670.87,54796.77,136873.91,162796.96,,,,0.0,,,0.0,71174179.0,14.92,36.91,5638362208.31,36.91,0.0,,2509000,16.68,41850120.0,0.9899949341438704,,U,0.0,85013377.0,85013377.0,93215.0,93215.0,,,,,,,,,,,,,,,,,,,,,,,,0.9899949341438704,41850120.0,,,,,,16.79,13.73,0.0,,,0.0,1.0,0.0,2.098885655852258,MAIN,10.0,1,eligible_limit_le_10:10.00%:derived:up_limit/pre_close:tick_normalized,a_share_price_limit_le_10_v2,20260817,20260818,20260819,RISK_ON,20260817,0.3056018115,,0.6616418213610897,0.6616418213610897,False,lgbm,/home/runner/work/DC20/DC20/models/pfill_lgbm.joblib,,/home/runner/work/DC20/DC20/models/pfill_meta.json,0,,0,,/home/runner/work/DC20/DC20/outputs/learning/learning_acceptance_latest.json,False,,0,0,0,,0,,0,,0,,rule,model_rejected_by_learning_acceptance:acceptance_file_missing,0.009299880306868603,0.009299880306868603,,,,0.009299880306868603,0.009299880306868603,0.009299880306868603,0.009299880306868603,0.009299880306868603,0,0,,,0,0,False,,,,/home/runner/work/DC20/DC20/models/eret_meta.json,87,,87,,/home/runner/work/DC20/DC20/outputs/learning/learning_acceptance_latest.json,False,,0,0,0,,0,,0,,0,,0,0.0,0.0,0,0.0,0.0,0.004578496260042497,0.012848034341363964,0.007816478202534189,0.0018379163110969377,0.004578496260042497,0.012848034341363964,0.007816478202534189,0.0018379163110969377,0,0.0,0,0.0,92,1.0,rule,model_rejected_by_learning_acceptance:acceptance_file_missing,RISK_ON,0.0002,0.0005,8.32405e-05,0.0,0.0,0.0004,0.0,0.0011832405,0.0011832405,0.0,0.0,0.0,0.0,0.0023038875000000007,0.006,0.0,0.0,0.0,0.0,0.0,0.0,0.0,0.0,0.0006749999999999999,0.002,0.0,0.002090909090909091,0.0,0.0047659090909090915,0.0047659090909090915,0.0,0.007541569943181819,0.0,0.007541569943181819,0.007541569943181819,0.0,0.0,0.0,0.0,0.0,0.007541569943181819,0.007541569943181819,-0.0025716206985051462,0.0,0.0,0.0,0.0,0.0,0.0,0.0,-0.0025716206985051462,v2_net_trade_contract_no_double_count,-0.0025716206985051462,pred_plus_fs,,,,,,,,,,1,2026-08-22 05:41:21+0800
20260817,20260818,2,600206.SH,有研新材,1→2,-0.022,0.001925,-0.023925,0.3420089918801073,0.3420089918801073,0.3420089918801073,0.3420089918801073,True,calibrated_probability,valid,contract=valid; ordered feature contract validated; prediction=ok,step5_core_features_v1,hgb,0.2847657142781511,0.3420089918801073,0.3457309158949622,0.6272403197258397,65.380435,0.01,半导体,0.347011,0.3709363950853059,0.347011,0,missing_stock,stock not covered by intraday_features.csv,0.682323,0.0,0,0.0,0.0,0.5,0.0,0.4488184324537221,0.0,中,分时缺失|低置信,0.55,0.55,0.93,neutral,106,0.0,0,32027008125,1,14d563095a4610dbbd41021640e53425b2b88341,2026-08-17T11:53:30Z,1.0,1→2,0.78,0.035,0.16,limit_list_d,1/1,0.3709363950853059,True,0.3420089918801073,2,20260818,,600206,半导体,北京,主板,19990319,50.77,55.86,50.22,55.86,10.0039,50.780017799368935,10.0039,0.1110673104189044,0.1002362783745076,-0.0001972783745076,688293.99,3736260.836,8.1305,12.1509,0.57,2.677516490179006e-06,0.0443435326649732,,,,,,0.0,0.112527384983071,,,0.1009667024704618,0.1110673104189044,4728846.7338,,,,299670.87,54796.77,136873.91,162796.96,,,,0.0,,,0.0,,,,,,0.0,,866700,50.77,44002359.0,0.9906281661600812,,U,0.0,653443074.0,653443074.0,94547.0,94547.0,,,,,,,,,,,,,,,,,,,,,,,,0.9906281661600812,44002359.0,,,,,,55.86,45.7,0.0,,,0.0,1.0,0.0,2.7600703467479653,MAIN,10.0,1,eligible_limit_le_10:10.00%:derived:up_limit/pre_close:tick_normalized,a_share_price_limit_le_10_v2,20260817,20260818,20260819,RISK_ON,20260817,0.11065249999999999,,0.5150230464708252,0.5150230464708252,False,lgbm,/home/runner/work/DC20/DC20/models/pfill_lgbm.joblib,,/home/runner/work/DC20/DC20/models/pfill_meta.json,0,,0,,/home/runner/work/DC20/DC20/outputs/learning/learning_acceptance_latest.json,False,,0,0,0,,0,,0,,0,,rule,model_rejected_by_learning_acceptance:acceptance_file_missing,0.012290269756403219,0.012290269756403219,,,,0.012290269756403219,0.012290269756403219,0.012290269756403219,0.012290269756403219,0.012290269756403219,0,0,,,0,0,False,,,,/home/runner/work/DC20/DC20/models/eret_meta.json,87,,87,,/home/runner/work/DC20/DC20/outputs/learning/learning_acceptance_latest.json,False,,0,0,0,,0,,0,,0,,0,0.0,0.0,0,0.0,0.0,0.004578496260042497,0.012848034341363964,0.007816478202534189,0.0018379163110969377,0.004578496260042497,0.012848034341363964,0.007816478202534189,0.0018379163110969377,0,0.0,0,0.0,92,1.0,rule,model_rejected_by_learning_acceptance:acceptance_file_missing,RISK_ON,0.0002,0.0005,4.567499999999986e-06,0.0,0.0,0.0004,0.0,0.0011045674999999998,0.0011045674999999998,0.0,0.0,0.0,0.0,0.0,0.006,0.0,0.0,0.0,0.0,0.0,0.0,0.0,0.0,0.0010883849999999999,0.002,0.0,0.002090909090909091,0.0016417343979376268,0.006821028488846718,0.006821028488846718,0.0,0.007815771366635037,0.0,0.007815771366635037,0.007815771366635037,0.0,0.0,0.0,0.0,0.0,0.007815771366635037,0.007815771366635037,-0.0025905666947440044,0.0,0.0,0.0,0.0,0.0,0.0,0.0,-0.0025905666947440044,v2_net_trade_contract_no_double_count,-0.0025905666947440044,pred_plus_fs,,,,,,,,,,1,2026-08-22 05:41:21+0800
20260817,20260818,57,603110.SH,东方材料,1→2,-0.022,0.001925,-0.023925,0.157263216062346,0.157263216062346,0.157263216062346,0.157263216062346,True,calibrated_probability,valid,contract=valid; ordered feature contract validated; prediction=ok,step5_core_features_v1,hgb,0.1725851872008703,0.157263216062346,0.16915333592053,0.734752936084771,55.880435,0.83,化学制品,0.261766,0.2856912750897961,0.261766,0,missing_stock,stock not covered by intraday_features.csv,0.681786,0.0,0,0.0,0.0,0.5,0.0,0.4452418715305313,0.0,中,分时缺失|低置信,0.55,0.55,0.93,neutral,106,0.0,0,32027008125,1,14d563095a4610dbbd41021640e53425b2b88341,2026-08-17T11:53:30Z,1.0,1→2,0.78,0.035,0.16,limit_list_d,1/1,0.2856912750897961,True,0.157263216062346,57,20260818,,603110,化学制品,安徽,主板,20171013,25.2,27.74,25.2,27.74,9.9921,25.21999307222973,9.9921,0.1007137469358327,0.1007137469358327,-0.0007927469358328,163065.49,436453.031,8.1036,9.9851,1.13,2.289387239929604e-05,0.0638385293457666,,,,,,0.0,0.0693909020817269,,,0.0915645277577505,0.1007137469358327,558202.8658,,,,299670.87,54796.77,136873.91,162796.96,,8.0,1.0,1.0,1.0,8.0,0.0,,,,,,0.0,,94500,25.2,2381400.0,0.8505572441742655,,U,0.0,58187424.0,58187424.0,135207.0,135207.0,,,,,,,,,,,,,,,,,,,,,,,,0.8505572441742655,2381400.0,,,,,,27.74,22.7,1.0,1.0,8.0,0.0,1.0,0.0,2.3176823082159577,MAIN,10.0,1,eligible_limit_le_10:10.00%:derived:up_limit/pre_close:tick_normalized,a_share_price_limit_le_10_v2,20260817,20260818,20260819,RISK_ON,20260817,0.331424288,,0.6697257056666678,0.6697257056666678,False,lgbm,/home/runner/work/DC20/DC20/models/pfill_lgbm.joblib,,/home/runner/work/DC20/DC20/models/pfill_meta.json,0,,0,,/home/runner/work/DC20/DC20/outputs/learning/learning_acceptance_latest.json,False,,0,0,0,,0,,0,,0,,rule,model_rejected_by_learning_acceptance:acceptance_file_missing,0.009207896481870379,0.009207896481870379,,,,0.009207896481870379,0.009207896481870379,0.009207896481870379,0.009207896481870379,0.009207896481870379,0,0,,,0,0,False,,,,/home/runner/work/DC20/DC20/models/eret_meta.json,87,,87,,/home/runner/work/DC20/DC20/outputs/learning/learning_acceptance_latest.json,False,,0,0,0,,0,,0,,0,,0,0.0,0.0,0,0.0,0.0,0.004578496260042497,0.012848034341363964,0.007816478202534189,0.0018379163110969377,0.004578496260042497,0.012848034341363964,0.007816478202534189,0.0018379163110969377,0,0.0,0,0.0,92,1.0,rule,model_rejected_by_learning_acceptance:acceptance_file_missing,RISK_ON,0.0002,0.0005,3.6260000000000043e-06,0.0,0.0,0.0004,0.0,0.0011036260000000001,0.0011036260000000001,0.0,0.0,0.0,0.0,0.0,0.006,0.0,0.0,0.0,0.0,0.0,0.0,0.0,0.0,0.00109107,0.002,0.0,0.002090909090909091,0.0016579914930430395,0.0068399705839521305,0.0068399705839521305,0.0,0.007829977937964097,0.0,0.007829977937964097,0.007829977937964097,0.0,0.0,0.0,0.0,0.0,0.007829977937964097,0.007829977937964097,-0.00276683896893783,0.0,0.0,0.0,0.0,0.0,0.0,0.0,-0.00276683896893783,v2_net_trade_contract_no_double_count,-0.00276683896893783,pred_plus_fs,,,,,,,,,,1,2026-08-22 05:41:21+0800
20260817,20260818,69,603285.SH,键邦股份,1→2,-0.022,0.001925,-0.023925,0.1461744872091236,0.1461744872091236,0.1461744872091236,0.1461744872091236,True,calibrated_probability,valid,contract=valid; ordered feature contract validated; prediction=ok,step5_core_features_v1,hgb,0.1707346420415624,0.1461744872091236,0.1510928873510773,0.7703905580538037,56.619565,0.83,化学制品,0.255482,0.2794074248925404,0.255482,0,missing_stock,stock not covered by intraday_features.csv,0.6825,0.0,0,0.0,0.0,0.5,0.0,0.45,0.0,中,分时缺失|低置信,0.55,0.55,0.93,neutral,106,0.0,0,32027008125,1,14d563095a4610dbbd41021640e53425b2b88341,2026-08-17T11:53:30Z,1.0,1→2,0.78,0.035,0.16,limit_list_d,1/1,0.2794074248925404,True,0.1461744872091236,69,20260818,,603285,化学制品,山东,主板,20240705,33.7,37.07,33.28,37.07,10.0,33.7,10.0,0.1124629080118694,0.0999999999999999,2.1084354176857576e-16,80062.09,288325.409,12.8517,12.8517,1.47,3.468303412690208e-05,0.0447526236881558,,,,,,0.0,0.111544227886057,,,0.1022390072835176,0.1124629080118694,593120.0,,,,299670.87,54796.77,136873.91,162796.96,,8.0,1.0,1.0,1.0,8.0,0.0,,,,,,0.0,,21400,33.7,721180.0,0.7041540020263425,,U,0.0,22390280.0,22390280.0,100832.0,100832.0,,,,,,,,,,,,,,,,,,,,,,,,0.7041540020263425,721180.0,,,,,,37.07,30.33,1.0,1.0,8.0,0.0,1.0,0.0,2.276043872160445,MAIN,10.0,1,eligible_limit_le_10:10.00%:derived:up_limit/pre_close:tick_normalized,a_share_price_limit_le_10_v2,20260817,20260818,20260819,RISK_ON,20260817,0.37306335999999996,,0.6950940938084504,0.6950940938084504,False,lgbm,/home/runner/work/DC20/DC20/models/pfill_lgbm.joblib,,/home/runner/work/DC20/DC20/models/pfill_meta.json,0,,0,,/home/runner/work/DC20/DC20/outputs/learning/learning_acceptance_latest.json,False,,0,0,0,,0,,0,,0,,rule,model_rejected_by_learning_acceptance:acceptance_file_missing,0.008875234616273707,0.008875234616273707,,,,0.008875234616273707,0.008875234616273707,0.008875234616273707,0.008875234616273707,0.008875234616273707,0,0,,,0,0,False,,,,/home/runner/work/DC20/DC20/models/eret_meta.json,87,,87,,/home/runner/work/DC20/DC20/outputs/learning/learning_acceptance_latest.json,False,,0,0,0,,0,,0,,0,,0,0.0,0.0,0,0.0,0.0,0.004578496260042497,0.012848034341363964,0.007816478202534189,0.0018379163110969377,0.004578496260042497,0.012848034341363964,0.007816478202534189,0.0018379163110969377,0,0.0,0,0.0,92,1.0,rule,model_rejected_by_learning_acceptance:acceptance_file_missing,RISK_ON,0.0002,0.0005,0.00016980949999999997,0.0,0.0,0.0004,0.0,0.0012698095,0.0012698095,0.0,0.0,0.0,0.0,0.0,0.006,0.0,0.0,0.0,0.0,0.0,0.0,0.0,0.0,0.0010875,0.002,0.0,0.002090909090909091,0.0016363636363636365,0.0068147727272727275,0.0068147727272727275,0.0,0.0078110795454545455,0.0,0.0078110795454545455,0.0078110795454545455,0.0,0.0,0.0,0.0,0.0,0.0078110795454545455,0.0078110795454545455,-0.002911765882518383,0.0,0.0,0.0,0.0,0.0,0.0,0.0,-0.002911765882518383,v2_net_trade_contract_no_double_count,-0.002911765882518383,pred_plus_fs,,,,,,,,,,1,2026-08-22 05:41:21+0800
20260817,20260818,13,600330.SH,天通股份,1→2,-0.022,0.001925,-0.023925,0.2290780272964983,0.2290780272964983,0.2290780272964983,0.2290780272964983,True,calibrated_probability,valid,contract=valid; ordered feature contract validated; prediction=ok,step5_core_features_v1,hgb,0.2015822925779609,0.2290780272964983,0.1995635051934824,0.6406007441601618,66.619565,0.01,电子化学,0.270438,0.2943629798767796,0.270438,0,missing_stock,stock not covered by intraday_features.csv,0.687184,0.0,0,0.0,0.0,0.5,0.0,0.4812249799839872,0.0,中,分时缺失|低置信,0.55,0.55,0.93,neutral,106,0.0,0,32027008125,1,14d563095a4610dbbd41021640e53425b2b88341,2026-08-17T11:53:30Z,1.0,1→2,0.78,0.035,0.16,limit_list_d,1/1,0.2943629798767796,True,0.2290780272964983,13,20260818,,600330,电子化学,浙江,主板,20010118,25.11,27.48,24.8,27.48,10.008,24.98000145443968,10.008,0.1072858224163027,0.0948758951965065,0.0052041048034933,1145016.07,3022009.395,9.2832,11.4461,0.86,3.3117038009737887e-06,0.0341375124056286,,,,,,0.0,0.1350681536555142,,,0.0975254730713245,0.1072858224163027,3389477.7312,,,,299670.87,54796.77,136873.91,162796.96,,,,0.0,,,0.0,,,,,,0.0,,595200,25.11,14945472.0,0.9655521783181358,,U,0.0,159833380.0,159833380.0,104109.0,104109.0,,,,,,,,,,,,,,,,,,,,,,,,0.9655521783181358,14945472.0,,,,,,27.48,22.48,0.0,,,0.0,1.0,0.0,2.1859146073962354,MAIN,10.0,1,eligible_limit_le_10:10.00%:derived:up_limit/pre_close:tick_normalized,a_share_price_limit_le_10_v2,20260817,20260818,20260819,RISK_ON,20260817,0.28649930999999995,,0.634031191485851,0.634031191485851,False,lgbm,/home/runner/work/DC20/DC20/models/pfill_lgbm.joblib,,/home/runner/work/DC20/DC20/models/pfill_meta.json,0,,0,,/home/runner/work/DC20/DC20/outputs/learning/learning_acceptance_latest.json,False,,0,0,0,,0,,0,,0,,rule,model_rejected_by_learning_acceptance:acceptance_file_missing,0.008902340818894948,0.008902340818894948,,,,0.008902340818894948,0.008902340818894948,0.008902340818894948,0.008902340818894948,0.008902340818894948,0,0,,,0,0,False,,,,/home/runner/work/DC20/DC20/models/eret_meta.json,87,,87,,/home/runner/work/DC20/DC20/outputs/learning/learning_acceptance_latest.json,False,,0,0,0,,0,,0,,0,,0,0.0,0.0,0,0.0,0.0,0.004578496260042497,0.012848034341363964,0.007816478202534189,0.0018379163110969377,0.004578496260042497,0.012848034341363964,0.007816478202534189,0.0018379163110969377,0,0.0,0,0.0,92,1.0,rule,model_rejected_by_learning_acceptance:acceptance_file_missing,RISK_ON,0.0002,0.0005,4.491200000000003e-05,0.0,0.0,0.0004,0.0,0.001144912,0.001144912,0.0,0.0,0.0,0.0,0.0,0.006,0.0,0.0,0.0,0.0,0.0,0.0,0.0,0.0,0.0010640799999999998,0.002,0.0,0.002090909090909091,0.0014944319091636947,0.006649421000072786,0.006649421000072786,0.0,0.00768706575005459,0.0,0.00768706575005459,0.00768706575005459,0.0,0.0,0.0,0.0,0.0,0.00768706575005459,0.00768706575005459,-0.003187615993637501,0.0,0.0,0.0,0.0,0.0,0.0,0.0,-0.003187615993637501,v2_net_trade_contract_no_double_count,-0.003187615993637501,pred_plus_fs,,,,,,,,,,1,2026-08-22 05:41:21+0800
20260817,20260818,19,600172.SH,黄河旋风,1→2,-0.022,0.001925,-0.023925,0.2024084995779101,0.2024084995779101,0.2024084995779101,0.2024084995779101,True,calibrated_probability,valid,contract=valid; ordered feature contract validated; prediction=ok,step5_core_features_v1,hgb,0.1930415551178721,0.2024084995779101,0.1856757936143749,0.6224471550597866,57.423913,0.2454420922806225,通用设备,0.251489,0.2754139366492004,0.251489,0,missing_stock,stock not covered by intraday_features.csv,0.689758,0.0,0,0.0,0.0,0.5,0.0,0.4983870967741935,0.0,中,分时缺失|低置信,0.55,0.55,0.93,neutral,106,0.0,0,32027008125,1,14d563095a4610dbbd41021640e53425b2b88341,2026-08-17T11:53:30Z,1.0,1→2,0.78,0.035,0.16,limit_list_d,1/1,0.2754139366492004,True,0.2024084995779101,19,20260818,,600172,通用设备,河南,主板,19981126,12.5,13.64,12.5,13.64,10.0,12.4,10.0,0.0919354838709677,0.0919354838709677,0.0080645161290322,776168.2,1040317.755,6.0487,8.1914,0.56,9.612447689119753e-06,0.0367549668874173,,,,,,0.0,0.1291390728476822,,,0.0835777126099707,0.0919354838709677,1967139.658,,,,299670.87,54796.77,136873.91,162796.96,,4.0,6.0,1.0,6.0,4.0,0.0,,,,,,0.0,,579800,12.5,7247500.0,0.9333839918946302,,U,0.0,183945002.0,183945002.0,93457.0,93457.0,,,,,,,,,,,,,,,,,,,,,,,,0.9333839918946302,7247500.0,,,,,,13.64,11.16,1.0,6.0,4.0,0.0,1.0,0.0,2.463960706013536,MAIN,10.0,1,eligible_limit_le_10:10.00%:derived:up_limit/pre_close:tick_normalized,a_share_price_limit_le_10_v2,20260817,20260818,20260819,RISK_ON,20260817,0.25827099899999995,,0.6166676093633138,0.6166676093633138,False,lgbm,/home/runner/work/DC20/DC20/models/pfill_lgbm.joblib,,/home/runner/work/DC20/DC20/models/pfill_meta.json,0,,0,,/home/runner/work/DC20/DC20/outputs/learning/learning_acceptance_latest.json,False,,0,0,0,,0,,0,,0,,rule,model_rejected_by_learning_acceptance:acceptance_file_missing,0.008808581264179171,0.008808581264179171,,,,0.008808581264179171,0.008808581264179171,0.008808581264179171,0.008808581264179171,0.008808581264179171,0,0,,,0,0,False,,,,/home/runner/work/DC20/DC20/models/eret_meta.json,87,,87,,/home/runner/work/DC20/DC20/outputs/learning/learning_acceptance_latest.json,False,,0,0,0,,0,,0,,0,,0,0.0,0.0,0,0.0,0.0,0.004578496260042497,0.012848034341363964,0.007816478202534189,0.0018379163110969377,0.004578496260042497,0.012848034341363964,0.007816478202534189,0.0018379163110969377,0,0.0,0,0.0,92,1.0,rule,model_rejected_by_learning_acceptance:acceptance_file_missing,RISK_ON,0.0002,0.0005,6.829549999999999e-05,0.0,0.0,0.0004,0.0,0.0011682955,0.0011682955,0.0,0.0,0.0,0.0,0.0,0.006,0.0,0.0,0.0,0.0,0.0,0.0,0.0,0.0,0.0010512100000000001,0.002,0.0,0.002090909090909091,0.0014164222873900298,0.006558541378299121,0.006558541378299121,0.0,0.007618906033724341,0.0,0.007618906033724341,0.007618906033724341,0.0,0.0,0.0,0.0,0.0,0.007618906033724341,0.007618906033724341,-0.0033552347836604945,0.0,0.0,0.0,0.0,0.0,0.0,0.0,-0.0033552347836604945,v2_net_trade_contract_no_double_count,-0.0033552347836604945,pred_plus_fs,,,,,,,,,,1,2026-08-22 05:41:21+0800
20260817,20260818,39,002578.SZ,闽发铝业,1→2,-0.022,0.001925,-0.023925,0.1735468136132812,0.1735468136132812,0.1735468136132812,0.1735468136132812,True,calibrated_probability,valid,contract=valid; ordered feature contract validated; prediction=ok,step5_core_features_v1,hgb,0.1729257754532719,0.1735468136132812,0.1713736875659366,0.567010359207016,53.641304,0.01,工业金属,0.20561,0.2295346082985277,0.20561,0,missing_stock,stock not covered by intraday_features.csv,0.693057,0.0,0,0.0,0.0,0.5,0.0,0.5203812316715541,0.0,中,分时缺失|低置信,0.55,0.55,0.93,neutral,106,0.0,0,32027008125,1,14d563095a4610dbbd41021640e53425b2b88341,2026-08-17T11:53:30Z,1.0,1→2,0.78,0.035,0.16,limit_list_d,1/1,0.2295346082985277,True,0.1735468136132812,39,20260818,,2578,工业金属,福建,主板,20110428,3.45,3.75,3.38,3.75,9.9707,3.409999208880184,9.9707,0.108504424,0.0879765599999999,0.0117304400000001,559769.0,202160.693,6.5002,11.1019,2.07,4.932066591204256e-05,0.0362991555665476,,,,,,0.0,0.1295180722891566,,,0.0986666666666667,0.108504424,351986.325,,,,299670.87,54796.77,136873.91,162796.96,,,,0.0,,,0.0,,,,,,0.0,,331100,3.45,1142295.0,0.7658308004052685,,U,0.0,59791875.0,59791875.0,143554.0,143554.0,,,,,,,,,,,,,,,,,,,,,,,,0.7658308004052685,1142295.0,,,,,,3.75,3.07,0.0,,,0.0,1.0,0.0,2.0695485696799367,MAIN,10.0,1,eligible_limit_le_10:10.00%:derived:up_limit/pre_close:tick_normalized,a_share_price_limit_le_10_v2,20260817,20260818,20260819,RISK_ON,20260817,0.3226050625,,0.6630646931647279,0.6630646931647279,False,lgbm,/home/runner/work/DC20/DC20/models/pfill_lgbm.joblib,,/home/runner/work/DC20/DC20/models/pfill_meta.json,0,,0,,/home/runner/work/DC20/DC20/outputs/learning/learning_acceptance_latest.json,False,,0,0,0,,0,,0,,0,,rule,model_rejected_by_learning_acceptance:acceptance_file_missing,0.007236404408398437,0.007236404408398437,,,,0.007236404408398437,0.007236404408398437,0.007236404408398437,0.007236404408398437,0.007236404408398437,0,0,,,0,0,False,,,,/home/runner/work/DC20/DC20/models/eret_meta.json,87,,87,,/home/runner/work/DC20/DC20/outputs/learning/learning_acceptance_latest.json,False,,0,0,0,,0,,0,,0,,0,0.0,0.0,0,0.0,0.0,0.004578496260042497,0.012848034341363964,0.007816478202534189,0.0018379163110969377,0.004578496260042497,0.012848034341363964,0.007816478202534189,0.0018379163110969377,0,0.0,0,0.0,92,1.0,rule,model_rejected_by_learning_acceptance:acceptance_file_missing,RISK_ON,0.0002,0.0005,5.249299999999998e-05,0.0,0.0,0.0004,0.0001,0.001252493,0.001252493,0.0,0.0,0.0,0.0,0.0,0.006,0.0,0.0,0.0,0.0,0.0,0.0,0.0,0.0,0.0010347149999999999,0.002,0.0,0.002090909090909091,0.0013164489469474812,0.0064420730378565725,0.0064420730378565725,0.0,0.00753155477839243,0.0,0.00753155477839243,0.00753155477839243,0.0,0.0,0.0,0.0,0.0,0.00753155477839243,0.00753155477839243,-0.003985843509721835,0.0,0.0,0.0,0.0,0.0,0.0,0.0,-0.003985843509721835,v2_net_trade_contract_no_double_count,-0.003985843509721835,pred_plus_fs,,,,,,,,,,1,2026-08-22 05:41:21+0800
20260817,20260818,52,002787.SZ,华源控股,1→2,-0.022,0.001925,-0.023925,0.1639313559262998,0.1639313559262998,0.1639313559262998,0.1639313559262998,True,calibrated_probability,valid,contract=valid; ordered feature contract validated; prediction=ok,step5_core_features_v1,hgb,0.1851862638695197,0.1639313559262998,0.1825411382304149,0.6134450066724113,64.923913,0.01,包装印刷,0.221444,0.2453690059176407,0.221444,0,missing_stock,stock not covered by intraday_features.csv,0.69299,0.0,0,0.0,0.0,0.5,0.0,0.5199300699300696,0.0,中,分时缺失|低置信,0.55,0.55,0.93,neutral,106,0.0,0,32027008125,1,14d563095a4610dbbd41021640e53425b2b88341,2026-08-17T11:53:30Z,1.0,1→2,0.78,0.035,0.16,limit_list_d,1/1,0.2453690059176407,True,0.1639313559262998,52,20260818,,2787,包装印刷,江苏,主板,20151231,21.7,23.6,21.4,23.6,10.0233,21.450001954131533,10.0233,0.1025640932203391,0.0885780805084746,0.0116549194915254,157532.98,356312.45749,6.35,7.9845,1.33,2.813064710284879e-05,0.0487140255723707,,,,,,0.0,0.1033193080878915,,,0.0932203389830509,0.1025640932203391,784460.932,,,,299670.87,54796.77,136873.91,162796.96,,,,0.0,,,0.0,,,,,,0.0,,54400,21.7,1180480.0,0.7691236068895644,,U,0.0,70922720.0,70922720.0,142154.0,142154.0,,,,,,,,,,,,,,,,,,,,,,,,0.7691236068895644,1180480.0,,,,,,23.6,19.31,0.0,,,0.0,1.0,0.0,2.082495719256348,MAIN,10.0,1,eligible_limit_le_10:10.00%:derived:up_limit/pre_close:tick_normalized,a_share_price_limit_le_10_v2,20260817,20260818,20260819,RISK_ON,20260817,0.31628864,,0.6544841775247803,0.6544841775247803,False,lgbm,/home/runner/work/DC20/DC20/models/pfill_lgbm.joblib,,/home/runner/work/DC20/DC20/models/pfill_meta.json,0,,0,,/home/runner/work/DC20/DC20/outputs/learning/learning_acceptance_latest.json,False,,0,0,0,,0,,0,,0,,rule,model_rejected_by_learning_acceptance:acceptance_file_missing,0.006947940677788995,0.006947940677788995,,,,0.006947940677788995,0.006947940677788995,0.006947940677788995,0.006947940677788995,0.006947940677788995,0,0,,,0,0,False,,,,/home/runner/work/DC20/DC20/models/eret_meta.json,87,,87,,/home/runner/work/DC20/DC20/outputs/learning/learning_acceptance_latest.json,False,,0,0,0,,0,,0,,0,,0,0.0,0.0,0,0.0,0.0,0.004578496260042497,0.012848034341363964,0.007816478202534189,0.0018379163110969377,0.004578496260042497,0.012848034341363964,0.007816478202534189,0.0018379163110969377,0,0.0,0,0.0,92,1.0,rule,model_rejected_by_learning_acceptance:acceptance_file_missing,RISK_ON,0.0002,0.0005,5.7750000000000015e-05,0.0,0.0,0.0004,0.0,0.0011577500000000001,0.0011577500000000001,0.0,0.0,0.0,0.0,0.0,0.006,0.0,0.0,0.0,0.0,0.0,0.0,0.0,0.0,0.00103505,0.002,0.0,0.002090909090909091,0.0013184996821360472,0.0064444587730451384,0.0064444587730451384,0.0,0.007533344079783854,0.0,0.007533344079783854,0.007533344079783854,0.0,0.0,0.0,0.0,0.0,0.007533344079783854,0.007533344079783854,-0.004143776839790159,0.0,0.0,0.0,0.0,0.0,0.0,0.0,-0.004143776839790159,v2_net_trade_contract_no_double_count,-0.004143776839790159,pred_plus_fs,,,,,,,,,,1,2026-08-22 05:41:21+0800
20260817,20260818,65,605179.SH,一鸣食品,1→2,-0.022,0.001925,-0.023925,0.1497054704299943,0.1497054704299943,0.1497054704299943,0.1497054704299943,True,calibrated_probability,valid,contract=valid; ordered feature contract validated; prediction=ok,step5_core_features_v1,hgb,0.177900748860752,0.1497054704299943,0.1561343410083834,0.5918953120691254,57.032609,0.01,饮料乳品,0.195703,0.2196282780702268,0.195703,0,missing_stock,stock not covered by intraday_features.csv,0.696884,0.0,0,0.0,0.0,0.5,0.0,0.5458947038545918,0.0,中,分时缺失|低置信,0.55,0.55,0.93,neutral,106,0.0,0,32027008125,1,14d563095a4610dbbd41021640e53425b2b88341,2026-08-17T11:53:30Z,1.0,1→2,0.78,0.035,0.16,limit_list_d,10/15,0.2196282780702268,True,0.1497054704299943,65,20260818,,605179,饮料乳品,浙江,主板,20201228,32.42,35.1,32.02,35.1,9.9969,31.909990190632648,9.9969,0.0965214962962962,0.083986237037037,0.0159827629629629,324396.17,1096826.031,8.0897,38.8461,0.96,9.11438980973638e-06,0.0727184021242814,,,,,,0.0,0.0499551301226444,,,0.0877492877492877,0.0965214962962962,1407510.0,,,,299670.87,54796.77,136873.91,162796.96,,,,0.0,,,0.0,,,,,,0.0,,933000,32.42,30247860.0,0.9850557244174264,,U,0.0,67132260.0,67132260.0,102846.0,102846.0,,,,,,,,,,,,,,,,,,,,,,,,0.9850557244174264,30247860.0,,,,,,35.1,28.72,0.0,,,0.0,1.0,0.0,2.0780867410895145,MAIN,10.0,1,eligible_limit_le_10:10.00%:derived:up_limit/pre_close:tick_normalized,a_share_price_limit_le_10_v2,20260817,20260818,20260819,RISK_ON,20260817,0.32688237,,0.669392670058889,0.669392670058889,False,lgbm,/home/runner/work/DC20/DC20/models/pfill_lgbm.joblib,,/home/runner/work/DC20/DC20/models/pfill_meta.json,0,,0,,/home/runner/work/DC20/DC20/outputs/learning/learning_acceptance_latest.json,False,,0,0,0,,0,,0,,0,,rule,model_rejected_by_learning_acceptance:acceptance_file_missing,0.0065211641128998295,0.0065211641128998295,,,,0.0065211641128998295,0.0065211641128998295,0.0065211641128998295,0.0065211641128998295,0.0065211641128998295,0,0,,,0,0,False,,,,/home/runner/work/DC20/DC20/models/eret_meta.json,87,,87,,/home/runner/work/DC20/DC20/outputs/learning/learning_acceptance_latest.json,False,,0,0,0,,0,,0,,0,,0,0.0,0.0,0,0.0,0.0,0.004578496260042497,0.012848034341363964,0.007816478202534189,0.0018379163110969377,0.004578496260042497,0.012848034341363964,0.007816478202534189,0.0018379163110969377,0,0.0,0,0.0,92,1.0,rule,model_rejected_by_learning_acceptance:acceptance_file_missing,RISK_ON,0.0002,0.0005,3.1395000000000192e-06,0.0,0.0,0.0004,0.0,0.0011031395,0.0011031395,0.0,0.0,0.0,0.0,0.0,0.006,0.0,0.0,0.0,0.0,0.0,0.0,0.0,0.0,0.0010155800000000003,0.002,0.0,0.002090909090909091,0.0012004786188427644,0.006306967709751856,0.006306967709751856,0.0,0.007430225782313892,0.0,0.007430225782313892,0.007430225782313892,0.0,0.0,0.0,0.0,0.0,0.007430225782313892,0.007430225782313892,-0.004168145824887668,0.0,0.0,0.0,0.0,0.0,0.0,0.0,-0.004168145824887668,v2_net_trade_contract_no_double_count,-0.004168145824887668,pred_plus_fs,,,,,,,,,,1,2026-08-22 05:41:21+0800
20260817,20260818,91,603703.SH,盛洋科技,1→2,-0.022,0.001925,-0.023925,0.0885531104067747,0.0885531104067747,0.0885531104067747,0.0885531104067747,True,calibrated_probability,valid,contract=valid; ordered feature contract validated; prediction=ok,step5_core_features_v1,hgb,0.1717281201757346,0.0885531104067747,0.0877955639092088,0.6702382421973792,60.826087,0.4322611773793213,光学光电,0.192965,0.2168902110831516,0.192965,0,missing_stock,stock not covered by intraday_features.csv,0.710192,0.0,0,0.0,0.0,0.5,0.0,0.6346153846153854,0.0,中,分时缺失|低置信,0.55,0.55,0.93,neutral,106,0.0,0,32027008125,1,14d563095a4610dbbd41021640e53425b2b88341,2026-08-17T11:53:30Z,1.0,1→2,0.78,0.035,0.16,limit_list_d,1/1,0.2168902110831516,True,0.0885531104067747,91,20260818,,603703,光学光电,浙江,主板,20150423,10.05,10.73,9.78,10.73,10.0513,9.749998409832504,10.0513,0.0974359133271203,0.0697436011183597,0.0307693988816403,250162.69,258410.604,6.0283,8.4816,2.71,3.889662360759777e-05,0.0332892840634091,,,,,,0.0,0.1378579003181337,,,0.0885368126747438,0.0974359133271203,445275.7933,,,,299670.87,54796.77,136873.91,162796.96,,4.0,4.0,1.0,4.0,4.0,0.0,-12142225.27,-4.7,36.53,4452758147.6,36.53,0.0,,127300,10.05,1279365.0,0.7807750759878419,,U,0.0,14597639.0,14597639.0,111805.0,111805.0,,,,,,,,,,,,,,,,,,,,,,,,0.7807750759878419,1279365.0,,,,,,10.73,8.78,1.0,4.0,4.0,0.0,1.0,0.0,2.2669796467020653,MAIN,10.0,1,eligible_limit_le_10:10.00%:derived:up_limit/pre_close:tick_normalized,a_share_price_limit_le_10_v2,20260817,20260818,20260819,RISK_ON,20260817,0.3428426805,,0.6844527144123016,0.6844527144123016,False,lgbm,/home/runner/work/DC20/DC20/models/pfill_lgbm.joblib,,/home/runner/work/DC20/DC20/models/pfill_meta.json,0,,0,,/home/runner/work/DC20/DC20/outputs/learning/learning_acceptance_latest.json,False,,0,0,0,,0,,0,,0,,rule,model_rejected_by_learning_acceptance:acceptance_file_missing,0.005953376844341204,0.005953376844341204,,,,0.005953376844341204,0.005953376844341204,0.005953376844341204,0.005953376844341204,0.005953376844341204,0,0,,,0,0,False,,,,/home/runner/work/DC20/DC20/models/eret_meta.json,87,,87,,/home/runner/work/DC20/DC20/outputs/learning/learning_acceptance_latest.json,False,,0,0,0,,0,,0,,0,,0,0.0,0.0,0,0.0,0.0,0.004578496260042497,0.012848034341363964,0.007816478202534189,0.0018379163110969377,0.004578496260042497,0.012848034341363964,0.007816478202534189,0.0018379163110969377,0,0.0,0,0.0,92,1.0,rule,model_rejected_by_learning_acceptance:acceptance_file_missing,RISK_ON,0.0002,0.0005,6.90095e-05,0.0,0.0,0.0004,0.0,0.0011690094999999999,0.0011690094999999999,0.0,0.0,0.0,0.0,0.0,0.006,0.0,0.0,0.0,0.0,0.0,0.0,0.0,0.0,0.0009490399999999997,0.002,0.0,0.002090909090909091,0.0007972027972027939,0.005837151888111885,0.005837151888111885,0.0,0.007077863916083914,0.0,0.007077863916083914,0.007077863916083914,0.0,0.0,0.0,0.0,0.0,0.007077863916083914,0.007077863916083914,-0.004172068475055234,0.0,0.0,0.0,0.0,0.0,0.0,0.0,-0.004172068475055234,v2_net_trade_contract_no_double_count,-0.004172068475055234,pred_plus_fs,,,,,,,,,,1,2026-08-22 05:41:21+0800
20260817,20260818,43,000670.SZ,盈方微,1→2,-0.022,0.001925,-0.023925,0.1701312559488221,0.1701312559488221,0.1701312559488221,0.1701312559488221,True,calibrated_probability,valid,contract=valid; ordered feature contract validated; prediction=ok,step5_core_features_v1,hgb,0.1986224188371949,0.1701312559488221,0.1295131006011454,0.6799768442395283,75.01087,0.01,其他电子,0.245958,0.2698828499334063,0.245958,0,missing_stock,stock not covered by intraday_features.csv,0.6825,0.0,0,0.0,0.0,0.5,0.0,0.45,0.0,中,分时缺失|低置信,0.55,0.55,0.93,neutral,106,0.0,0,32027008125,1,14d563095a4610dbbd41021640e53425b2b88341,2026-08-17T11:53:30Z,1.0,1→2,0.78,0.035,0.16,limit_list_d,1/1,0.2698828499334063,True,0.1701312559488221,43,20260818,,670,其他电子,湖北,主板,19961217,6.85,7.54,6.76,7.54,10.073,6.849999545755998,10.073,0.1138686206896552,0.1007299336870027,6.63129973206649e-08,818955.2,600870.8446,9.8616,11.5929,2.08,1.676400193240463e-05,0.0539881519094468,,,,,,0.0,0.0927536231884058,,,0.1034482758620689,0.1138686206896552,637842.1357,,,,299670.87,54796.77,136873.91,162796.96,,,,0.0,,,0.0,,,,,,0.0,,132200,6.85,905570.0,0.7330293819655522,,U,0.0,80591893.0,80591893.0,104400.0,104400.0,,,,,,,,,,,,,,,,,,,,,,,,0.7330293819655522,905570.0,,,,,,7.54,6.17,0.0,,,0.0,1.0,0.0,2.093742684703373,MAIN,10.0,1,eligible_limit_le_10:10.00%:derived:up_limit/pre_close:tick_normalized,a_share_price_limit_le_10_v2,20260817,20260818,20260819,RISK_ON,20260817,0.32901205349999996,,0.6678202976365307,0.6678202976365307,False,lgbm,/home/runner/work/DC20/DC20/models/pfill_lgbm.joblib,,/home/runner/work/DC20/DC20/models/pfill_meta.json,0,,0,,/home/runner/work/DC20/DC20/outputs/learning/learning_acceptance_latest.json,False,,0,0,0,,0,,0,,0,,rule,model_rejected_by_learning_acceptance:acceptance_file_missing,0.007133937678464665,0.007133937678464665,,,,0.007133937678464665,0.007133937678464665,0.007133937678464665,0.007133937678464665,0.007133937678464665,0,0,,,0,0,False,,,,/home/runner/work/DC20/DC20/models/eret_meta.json,87,,87,,/home/runner/work/DC20/DC20/outputs/learning/learning_acceptance_latest.json,False,,0,0,0,,0,,0,,0,,0,0.0,0.0,0,0.0,0.0,0.004578496260042497,0.012848034341363964,0.007816478202534189,0.0018379163110969377,0.004578496260042497,0.012848034341363964,0.007816478202534189,0.0018379163110969377,0,0.0,0,0.0,92,1.0,rule,model_rejected_by_learning_acceptance:acceptance_file_missing,RISK_ON,0.0002,0.0005,6.515599999999997e-05,0.0,0.0,0.0004,0.0,0.001165156,0.001165156,0.0,0.0,0.0,0.0,0.0,0.006,0.0,0.0,0.0,0.0,0.0,0.0,0.0,0.0,0.0010875,0.002,0.0,0.002090909090909091,0.0016363636363636365,0.0068147727272727275,0.0068147727272727275,0.0,0.0078110795454545455,0.0,0.0078110795454545455,0.0078110795454545455,0.0,0.0,0.0,0.0,0.0,0.0078110795454545455,0.0078110795454545455,-0.004212047161701812,0.0,0.0,0.0,0.0,0.0,0.0,0.0,-0.004212047161701812,v2_net_trade_contract_no_double_count,-0.004212047161701812,pred_plus_fs,,,,,,,,,,1,2026-08-22 05:41:21+0800
20260817,20260818,78,603082.SH,北自科技,1→2,-0.022,0.001925,-0.023925,0.1302238579340519,0.1302238579340519,0.1302238579340519,0.1302238579340519,True,calibrated_probability,valid,contract=valid; ordered feature contract validated; prediction=ok,step5_core_features_v1,hgb,0.1736405303968846,0.1302238579340519,0.1620526229544905,0.6248546404843108,58.097826,0.01,自动化设,0.184197,0.2081215833230671,0.184197,0,missing_stock,stock not covered by intraday_features.csv,0.698191,0.0,0,0.0,0.0,0.5,0.0,0.5546077210460776,0.0,中,分时缺失|低置信,0.55,0.55,0.93,neutral,106,0.0,0,32027008125,1,14d563095a4610dbbd41021640e53425b2b88341,2026-08-17T11:53:30Z,1.0,1→2,0.78,0.035,0.16,limit_list_d,1/1,0.2081215833230671,True,0.1302238579340519,78,20260818,,603082,自动化设,北京,主板,20240130,40.85,44.17,40.66,44.17,10.0125,40.14998295648222,10.0125,0.087422203984605,0.0826899479284582,0.0174350520715417,49401.26,211372.436,12.1807,12.1807,0.85,4.736899564331085e-05,0.0554823207011648,,,,,,0.0,0.0881990638088199,,,0.0794657007018339,0.087422203984605,735753.3827,,,,299670.87,54796.77,136873.91,162796.96,,,,0.0,,,0.0,,,,,,0.0,,36100,40.85,1474685.0,0.7964792299898683,,U,0.0,14134400.0,14134400.0,101649.0,101649.0,,,,,,,,,,,,,,,,,,,,,,,,0.7964792299898683,1474685.0,,,,,,44.17,36.14,0.0,,,0.0,1.0,0.0,2.01644081747368,MAIN,10.0,1,eligible_limit_le_10:10.00%:derived:up_limit/pre_close:tick_normalized,a_share_price_limit_le_10_v2,20260817,20260818,20260819,RISK_ON,20260817,0.3738363,,0.6991659212077358,0.6991659212077358,False,lgbm,/home/runner/work/DC20/DC20/models/pfill_lgbm.joblib,,/home/runner/work/DC20/DC20/models/pfill_meta.json,0,,0,,/home/runner/work/DC20/DC20/outputs/learning/learning_acceptance_latest.json,False,,0,0,0,,0,,0,,0,,rule,model_rejected_by_learning_acceptance:acceptance_file_missing,0.0059367157380215575,0.0059367157380215575,,,,0.0059367157380215575,0.0059367157380215575,0.0059367157380215575,0.0059367157380215575,0.0059367157380215575,0,0,,,0,0,False,,,,/home/runner/work/DC20/DC20/models/eret_meta.json,87,,87,,/home/runner/work/DC20/DC20/outputs/learning/learning_acceptance_latest.json,False,,0,0,0,,0,,0,,0,,0,0.0,0.0,0,0.0,0.0,0.004578496260042497,0.012848034341363964,0.007816478202534189,0.0018379163110969377,0.004578496260042497,0.012848034341363964,0.007816478202534189,0.0018379163110969377,0,0.0,0,0.0,92,1.0,rule,model_rejected_by_learning_acceptance:acceptance_file_missing,RISK_ON,0.0002,0.0005,0.00014632449999999998,0.0,0.0,0.0004,0.0,0.0012463245,0.0012463245,0.0,0.0,0.0,0.0,0.0,0.006,0.0,0.0,0.0,0.0,0.0,0.0,0.0,0.0,0.001009045,0.002,0.0,0.002090909090909091,0.0011608739952451018,0.006260828086154193,0.006260828086154193,0.0,0.007395621064615645,0.0,0.007395621064615645,0.007395621064615645,0.0,0.0,0.0,0.0,0.0,0.007395621064615645,0.007395621064615645,-0.00449119623669334,0.0,0.0,0.0,0.0,0.0,0.0,0.0,-0.00449119623669334,v2_net_trade_contract_no_double_count,-0.00449119623669334,pred_plus_fs,,,,,,,,,,1,2026-08-22 05:41:21+0800
20260817,20260818,36,605162.SH,新中港,1→2,-0.022,0.001925,-0.023925,0.1763548338420192,0.1763548338420192,0.1763548338420192,0.1763548338420192,True,calibrated_probability,valid,contract=valid; ordered feature contract validated; prediction=ok,step5_core_features_v1,hgb,0.1898826617452601,0.1763548338420192,0.1868014166991021,0.6313542742264563,68.184783,0.01,电力,0.236662,0.2605871804586442,0.236662,0,missing_stock,stock not covered by intraday_features.csv,0.671068,0.0,0,0.0,0.0,0.5,0.0,0.3737875288683603,0.0,中,分时缺失|低置信,0.55,0.55,0.93,neutral,106,0.0,0,32027008125,1,14d563095a4610dbbd41021640e53425b2b88341,2026-08-17T11:53:30Z,1.0,1→2,0.78,0.035,0.16,limit_list_d,1/1,0.2605871804586442,True,0.1763548338420192,36,20260818,,605162,电力,浙江,主板,20210707,8.55,9.53,8.4,9.53,10.0462,8.659999163987488,10.0462,0.1304850010493178,0.1131639832109127,-0.0127019832109126,310122.71,280452.091,7.0029,21.5625,1.27,3.582144802051057e-05,0.0717779082081839,,,,,,0.0,0.0530386740331489,,,0.1185729275970618,0.1304850010493178,422032.5239,,,,299670.87,54796.77,136873.91,162796.96,,,,0.0,,,0.0,,,,,,0.0,,101700,8.55,869535.0,0.7291033434650456,,U,0.0,78736078.0,78736078.0,144739.0,144739.0,,,,,,,,,,,,,,,,,,,,,,,,0.7291033434650456,869535.0,,,,,,9.53,7.79,0.0,,,0.0,1.0,0.0,2.0915840422650724,MAIN,10.0,1,eligible_limit_le_10:10.00%:derived:up_limit/pre_close:tick_normalized,a_share_price_limit_le_10_v2,20260817,20260818,20260819,RISK_ON,20260817,0.31564646099999993,,0.6491450814706852,0.6491450814706852,False,lgbm,/home/runner/work/DC20/DC20/models/pfill_lgbm.joblib,,/home/runner/work/DC20/DC20/models/pfill_meta.json,0,,0,,/home/runner/work/DC20/DC20/outputs/learning/learning_acceptance_latest.json,False,,0,0,0,,0,,0,,0,,rule,model_rejected_by_learning_acceptance:acceptance_file_missing,0.007320645015260576,0.007320645015260576,,,,0.007320645015260576,0.007320645015260576,0.007320645015260576,0.007320645015260576,0.007320645015260576,0,0,,,0,0,False,,,,/home/runner/work/DC20/DC20/models/eret_meta.json,87,,87,,/home/runner/work/DC20/DC20/outputs/learning/learning_acceptance_latest.json,False,,0,0,0,,0,,0,,0,,0,0.0,0.0,0,0.0,0.0,0.004578496260042497,0.012848034341363964,0.007816478202534189,0.0018379163110969377,0.004578496260042497,0.012848034341363964,0.007816478202534189,0.0018379163110969377,0,0.0,0,0.0,92,1.0,rule,model_rejected_by_learning_acceptance:acceptance_file_missing,RISK_ON,0.0002,0.0005,3.489849999999999e-05,0.0,0.0,0.0004,0.0,0.0011348984999999998,0.0011348984999999998,0.0,0.0,0.0,0.0,0.0,0.006,0.0,0.0,0.0,0.0,0.0,0.0,0.0,0.0,0.00114466,0.002,0.0,0.002090909090909091,0.001982783959689271,0.007218353050598363,0.007218353050598363,0.0,0.008113764787948771,0.0,0.008113764787948771,0.008113764787948771,0.0,0.0,0.0,0.0,0.0,0.008113764787948771,0.008113764787948771,-0.00449650258309948,0.0,0.0,0.0,0.0,0.0,0.0,0.0,-0.00449650258309948,v2_net_trade_contract_no_double_count,-0.00449650258309948,pred_plus_fs,,,,,,,,,,1,2026-08-22 05:41:21+0800
20260817,20260818,77,603458.SH,勘设股份,1→2,-0.022,0.001925,-0.023925,0.1321300981820663,0.1321300981820663,0.1321300981820663,0.1321300981820663,True,calibrated_probability,valid,contract=valid; ordered feature contract validated; prediction=ok,step5_core_features_v1,hgb,0.1616099034418845,0.1321300981820663,0.1462269226507485,0.5368866267078058,47.097826,0.01,工程咨询,0.163531,0.1874559514966772,0.163531,0,missing_stock,stock not covered by intraday_features.csv,0.686326,0.0,0,0.0,0.0,0.5,0.0,0.4755047821466525,0.0,中,分时缺失|低置信,0.55,0.55,0.93,neutral,106,0.0,0,32027008125,1,14d563095a4610dbbd41021640e53425b2b88341,2026-08-17T11:53:30Z,1.0,1→2,0.78,0.035,0.16,limit_list_d,1/1,0.1874559514966772,True,0.1321300981820663,77,20260818,,603458,工程咨询,贵州,主板,20170809,9.45,10.35,9.35,10.35,9.9894,9.409997690686556,9.9894,0.1062699516908212,0.0956429565217391,0.0042510434782607,186103.71,186867.552,6.0793,6.7146,1.51,5.3457113838575895e-05,0.0499468650371944,,,,,,0.0,0.0998937300743889,,,0.0966183574879227,0.1062699516908212,316838.8575,,,,299670.87,54796.77,136873.91,162796.96,,,,0.0,,,0.0,,,,,,0.0,,34600,9.45,326970.0,0.57193515704154,,U,0.0,20436075.0,20436075.0,111426.0,111426.0,,,,,,,,,,,,,,,,,,,,,,,,0.57193515704154,326970.0,,,,,,10.35,8.47,0.0,,,0.0,1.0,0.0,2.0237707846780504,MAIN,10.0,1,eligible_limit_le_10:10.00%:derived:up_limit/pre_close:tick_normalized,a_share_price_limit_le_10_v2,20260817,20260818,20260819,RISK_ON,20260817,0.34017846249999995,,0.6779340332507021,0.6779340332507021,False,lgbm,/home/runner/work/DC20/DC20/models/pfill_lgbm.joblib,,/home/runner/work/DC20/DC20/models/pfill_meta.json,0,,0,,/home/runner/work/DC20/DC20/outputs/learning/learning_acceptance_latest.json,False,,0,0,0,,0,,0,,0,,rule,model_rejected_by_learning_acceptance:acceptance_file_missing,0.005993902945461989,0.005993902945461989,,,,0.005993902945461989,0.005993902945461989,0.005993902945461989,0.005993902945461989,0.005993902945461989,0,0,,,0,0,False,,,,/home/runner/work/DC20/DC20/models/eret_meta.json,87,,87,,/home/runner/work/DC20/DC20/outputs/learning/learning_acceptance_latest.json,False,,0,0,0,,0,,0,,0,,0,0.0,0.0,0,0.0,0.0,0.004578496260042497,0.012848034341363964,0.007816478202534189,0.0018379163110969377,0.004578496260042497,0.012848034341363964,0.007816478202534189,0.0018379163110969377,0,0.0,0,0.0,92,1.0,rule,model_rejected_by_learning_acceptance:acceptance_file_missing,RISK_ON,0.0002,0.0005,6.72245e-05,0.0,0.0,0.0004,0.0,0.0011672245,0.0011672245,0.0,0.0,0.0,0.0,0.0,0.006,0.0,0.0,0.0,0.0,0.0,0.0,0.0,0.0,0.0010683700000000001,0.002,0.0,0.002090909090909091,0.0015204328084243068,0.006679711899333398,0.006679711899333398,0.0,0.007709783924500049,0.0,0.007709783924500049,0.007709783924500049,0.0,0.0,0.0,0.0,0.0,0.007709783924500049,0.007709783924500049,-0.00481353762576974,0.0,0.0,0.0,0.0,0.0,0.0,0.0,-0.00481353762576974,v2_net_trade_contract_no_double_count,-0.00481353762576974,pred_plus_fs,,,,,,,,,,1,2026-08-22 05:41:21+0800
20260817,20260818,66,001229.SZ,魅视科技,1→2,-0.022,0.001925,-0.023925,0.1484731264834301,0.1484731264834301,0.1484731264834301,0.1484731264834301,True,calibrated_probability,valid,contract=valid; ordered feature contract validated; prediction=ok,step5_core_features_v1,hgb,0.1717330527806437,0.1484731264834301,0.1572933639157152,0.5758890502592129,55.293478,0.01,计算机设,0.191362,0.2152873753076319,0.191362,0,missing_stock,stock not covered by intraday_features.csv,0.674038,0.0,0,0.0,0.0,0.5,0.0,0.3935872709739643,0.0,中,分时缺失|低置信,0.55,0.55,0.93,neutral,106,0.0,0,32027008125,1,14d563095a4610dbbd41021640e53425b2b88341,2026-08-17T11:53:30Z,1.0,1→2,0.78,0.035,0.16,limit_list_d,1/1,0.2152873753076319,True,0.1484731264834301,66,20260818,,1229,计算机设,广东,主板,20220808,41.09,45.63,41.05,45.63,10.0048,41.48000814509913,10.0048,0.1104146359850976,0.1094503160201621,-0.0094023160201621,50160.0,218885.1722,6.8012,8.9618,0.87,4.57079842341189e-05,0.0512266092063585,,,,,,0.0,0.0974025974025976,,,0.1003725619110235,0.1104146359850976,654480.6723,,,,299670.87,54796.77,136873.91,162796.96,,,,0.0,,,0.0,,,,,,0.0,,15000,41.09,616350.0,0.6798378926038501,,U,0.0,38535447.0,38535447.0,101018.0,101018.0,,,,,,,,,,,,,,,,,,,,,,,,0.6798378926038501,616350.0,,,,,,45.63,37.33,0.0,,,0.0,1.0,0.0,2.0448235687679475,MAIN,10.0,1,eligible_limit_le_10:10.00%:derived:up_limit/pre_close:tick_normalized,a_share_price_limit_le_10_v2,20260817,20260818,20260819,RISK_ON,20260817,0.3347382765,,0.6710741070629167,0.6710741070629167,False,lgbm,/home/runner/work/DC20/DC20/models/pfill_lgbm.joblib,,/home/runner/work/DC20/DC20/models/pfill_meta.json,0,,0,,/home/runner/work/DC20/DC20/outputs/learning/learning_acceptance_latest.json,False,,0,0,0,,0,,0,,0,,rule,model_rejected_by_learning_acceptance:acceptance_file_missing,0.006484193794502904,0.006484193794502904,,,,0.006484193794502904,0.006484193794502904,0.006484193794502904,0.006484193794502904,0.006484193794502904,0,0,,,0,0,False,,,,/home/runner/work/DC20/DC20/models/eret_meta.json,87,,87,,/home/runner/work/DC20/DC20/outputs/learning/learning_acceptance_latest.json,False,,0,0,0,,0,,0,,0,,0,0.0,0.0,0,0.0,0.0,0.004578496260042497,0.012848034341363964,0.007816478202534189,0.0018379163110969377,0.004578496260042497,0.012848034341363964,0.007816478202534189,0.0018379163110969377,0,0.0,0,0.0,92,1.0,rule,model_rejected_by_learning_acceptance:acceptance_file_missing,RISK_ON,0.0002,0.0005,4.195800000000001e-05,0.0,0.0,0.0004,0.0,0.001141958,0.001141958,0.0,0.0,0.0,0.0,0.0,0.006,0.0,0.0,0.0,0.0,0.0,0.0,0.0,0.0,0.00112981,0.002,0.0,0.002090909090909091,0.0018927851319365259,0.0071135042228456175,0.0071135042228456175,0.0,0.008035128167134213,0.0,0.008035128167134213,0.008035128167134213,0.0,0.0,0.0,0.0,0.0,0.008035128167134213,0.008035128167134213,-0.004825711606465272,0.0,0.0,0.0,0.0,0.0,0.0,0.0,-0.004825711606465272,v2_net_trade_contract_no_double_count,-0.004825711606465272,pred_plus_fs,,,,,,,,,,1,2026-08-22 05:41:21+0800
20260817,20260818,76,000551.SZ,创元科技,1→2,-0.022,0.001925,-0.023925,0.1328342035381728,0.1328342035381728,0.1328342035381728,0.1328342035381728,True,calibrated_probability,valid,contract=valid; ordered feature contract validated; prediction=ok,step5_core_features_v1,hgb,0.1861528487842251,0.1328342035381728,0.1616401761088435,0.6109640580046267,63.032609,0.01,环保设备,0.195893,0.2198183912459518,0.195893,0,missing_stock,stock not covered by intraday_features.csv,0.688883,0.0,0,0.0,0.0,0.5,0.0,0.4925531914893611,0.0,中,分时缺失|低置信,0.55,0.55,0.93,neutral,106,0.0,0,32027008125,1,14d563095a4610dbbd41021640e53425b2b88341,2026-08-17T11:53:30Z,1.0,1→2,0.78,0.035,0.16,limit_list_d,1/1,0.2198183912459518,True,0.1328342035381728,76,20260818,,551,环保设备,江苏,主板,19940106,14.2,15.51,14.01,15.51,10.0,14.099999999999998,10.0,0.1063829787234042,0.0929078014184397,0.0070921985815603,348446.32,517614.12742,7.1912,11.1644,2.26,1.931941087049552e-05,0.0327586206896552,,,,,,0.0,0.1379310344827584,,,0.0967117988394584,0.1063829787234042,751820.883,,,,299670.87,54796.77,136873.91,162796.96,,,,0.0,,,0.0,,,,,,0.0,,111100,14.2,1577620.0,0.8040780141843972,,U,0.0,87658440.0,87658440.0,130218.0,130218.0,,,,,,,,,,,,,,,,,,,,,,,,0.8040780141843972,1577620.0,,,,,,15.51,12.69,0.0,,,0.0,1.0,0.0,2.10196233388524,MAIN,10.0,1,eligible_limit_le_10:10.00%:derived:up_limit/pre_close:tick_normalized,a_share_price_limit_le_10_v2,20260817,20260818,20260819,RISK_ON,20260817,0.31212677999999994,,0.6502796746424954,0.6502796746424954,False,lgbm,/home/runner/work/DC20/DC20/models/pfill_lgbm.joblib,,/home/runner/work/DC20/DC20/models/pfill_meta.json,0,,0,,/home/runner/work/DC20/DC20/outputs/learning/learning_acceptance_latest.json,False,,0,0,0,,0,,0,,0,,rule,model_rejected_by_learning_acceptance:acceptance_file_missing,0.006015026106145184,0.006015026106145184,,,,0.006015026106145184,0.006015026106145184,0.006015026106145184,0.006015026106145184,0.006015026106145184,0,0,,,0,0,False,,,,/home/runner/work/DC20/DC20/models/eret_meta.json,87,,87,,/home/runner/work/DC20/DC20/outputs/learning/learning_acceptance_latest.json,False,,0,0,0,,0,,0,,0,,0,0.0,0.0,0,0.0,0.0,0.004578496260042497,0.012848034341363964,0.007816478202534189,0.0018379163110969377,0.004578496260042497,0.012848034341363964,0.007816478202534189,0.0018379163110969377,0,0.0,0,0.0,92,1.0,rule,model_rejected_by_learning_acceptance:acceptance_file_missing,RISK_ON,0.0002,0.0005,2.8307999999999987e-05,0.0,0.0,0.0004,0.0,0.001128308,0.001128308,0.0,0.0,0.0,0.0,0.0,0.006,0.0,0.0,0.0,0.0,0.0,0.0,0.0,0.0,0.001055585,0.002,0.0,0.002090909090909091,0.0014429400386847223,0.006589434129593813,0.006589434129593813,0.0,0.00764207559719536,0.0,0.00764207559719536,0.00764207559719536,0.0,0.0,0.0,0.0,0.0,0.00764207559719536,0.00764207559719536,-0.0048589343779251535,0.0,0.0,0.0,0.0,0.0,0.0,0.0,-0.0048589343779251535,v2_net_trade_contract_no_double_count,-0.0048589343779251535,pred_plus_fs,,,,,,,,,,1,2026-08-22 05:41:21+0800
20260817,20260818,54,002651.SZ,利君股份,2→3,-0.008,0.000825,-0.008825,0.1603982983484291,0.1603982983484291,0.1603982983484291,0.1603982983484291,True,calibrated_probability,valid,contract=valid; ordered feature contract validated; prediction=ok,step5_core_features_v1,hgb,0.1818888618164422,0.1603982983484291,0.1629131033920092,0.6032421645288638,63.652174,0.01,航空装备,0.231527,0.2403523876131312,0.231527,0,missing_stock,stock not covered by intraday_features.csv,0.709318,0.0,0,0.0,0.0,0.5,0.0,0.6287842669845058,0.0,中,分时缺失|低置信,0.55,0.55,0.93,neutral,106,0.0,0,32027008125,1,14d563095a4610dbbd41021640e53425b2b88341,2026-08-17T11:53:30Z,2.0,2→3,0.92,0.015,0.35,limit_list_d,2/2,0.2403523876131312,True,0.1603982983484291,54,20260818,,2651,航空装备,四川,主板,20120106,8.64,9.23,8.51,9.23,10.0119,8.390001445298191,10.0119,0.0858164333694475,0.0703217995666305,0.0297972004333694,314035.74,282098.30188,5.5536,10.572,3.55,3.549081980741203e-05,0.0002561871540887,,,,,,0.0,0.2096985583224115,,,0.0780065005417118,0.0858164333694475,953883.58,,,,299670.87,54796.77,136873.91,162796.96,,,,0.0,,,0.0,,,,,,0.0,,1677700,8.64,14495328.0,0.9645390070921984,,U,0.0,59270684.0,59270684.0,93330.0,93330.0,,,,,,,,,,,,,,,,,,,,,,,,0.9645390070921984,14495328.0,,,,,,9.23,7.55,0.0,,,0.0,1.0,0.0,2.0689423319832585,MAIN,10.0,1,eligible_limit_le_10:10.00%:derived:up_limit/pre_close:tick_normalized,a_share_price_limit_le_10_v2,20260817,20260818,20260819,RISK_ON,20260817,0.318132658,,0.6597049553712816,0.6597049553712816,False,lgbm,/home/runner/work/DC20/DC20/models/pfill_lgbm.joblib,,/home/runner/work/DC20/DC20/models/pfill_meta.json,0,,0,,/home/runner/work/DC20/DC20/outputs/learning/learning_acceptance_latest.json,False,,0,0,0,,0,,0,,0,,rule,model_rejected_by_learning_acceptance:acceptance_file_missing,0.006841948950452873,0.006841948950452873,,,,0.006841948950452873,0.006841948950452873,0.006841948950452873,0.006841948950452873,0.006841948950452873,0,0,,,0,0,False,,,,/home/runner/work/DC20/DC20/models/eret_meta.json,87,,87,,/home/runner/work/DC20/DC20/outputs/learning/learning_acceptance_latest.json,False,,0,0,0,,0,,0,,0,,0,0.0,0.0,0,0.0,0.0,0.004578496260042497,0.012848034341363964,0.007816478202534189,0.0018379163110969377,0.004578496260042497,0.012848034341363964,0.007816478202534189,0.0018379163110969377,0,0.0,0,0.0,92,1.0,rule,model_rejected_by_learning_acceptance:acceptance_file_missing,RISK_ON,0.0002,0.0005,8.562399999999999e-05,0.0,0.0,0.0004,0.0,0.001185624,0.001185624,0.0,0.0,0.0,0.0,0.0024485999999999987,0.006,0.0,0.0,0.0,0.0,0.0,0.0,0.0,0.0,0.00095341,0.002,0.0,0.002090909090909091,0.0008237078773431553,0.005868026968252247,0.005868026968252247,0.0,0.008447750226189184,0.0,0.008447750226189184,0.008447750226189184,0.0,0.0,0.0,0.0,0.0,0.008447750226189184,0.008447750226189184,-0.005119706599178084,0.0,0.0,0.0,0.0,0.0,0.0,0.0,-0.005119706599178084,v2_net_trade_contract_no_double_count,-0.005119706599178084,pred_plus_fs,,,,,,,,,,1,2026-08-22 05:41:21+0800
20260817,20260818,85,600860.SH,京城股份,1→2,-0.022,0.001925,-0.023925,0.1195031001984444,0.1195031001984444,0.1195031001984444,0.1195031001984444,True,calibrated_probability,valid,contract=valid; ordered feature contract validated; prediction=ok,step5_core_features_v1,hgb,0.1707610152240952,0.1195031001984444,0.0915919745216793,0.6327705679832605,59.923913,0.2454420922806225,通用设备,0.198455,0.2223801570835744,0.198455,0,missing_stock,stock not covered by intraday_features.csv,0.6825,0.0,0,0.0,0.0,0.5,0.0,0.45,0.0,中,分时缺失|低置信,0.55,0.55,0.93,neutral,106,0.0,0,32027008125,1,14d563095a4610dbbd41021640e53425b2b88341,2026-08-17T11:53:30Z,1.0,1→2,0.78,0.035,0.16,limit_list_d,1/1,0.2223801570835744,True,0.1195031001984444,85,20260818,,600860,通用设备,北京,主板,19940506,8.57,9.43,8.31,9.43,10.035,8.570000454400873,10.035,0.1306884411452809,0.1003500530222692,-5.302226935724313e-08,274741.51,245870.679,6.1873,13.8544,3.05,4.081413872046126e-05,0.0676299841264835,,,,,,0.0,0.0619369369369369,,,0.1187698833510073,0.1306884411452809,516279.298,,,,299670.87,54796.77,136873.91,162796.96,,4.0,6.0,1.0,6.0,4.0,0.0,,,,,,0.0,,117500,8.57,1006975.0,0.74822695035461,,U,0.0,8012671.0,8012671.0,134510.0,134510.0,,,,,,,,,,,,,,,,,,,,,,,,0.74822695035461,1006975.0,,,,,,9.43,7.71,1.0,6.0,4.0,0.0,1.0,0.0,2.259320159425773,MAIN,10.0,1,eligible_limit_le_10:10.00%:derived:up_limit/pre_close:tick_normalized,a_share_price_limit_le_10_v2,20260817,20260818,20260819,RISK_ON,20260817,0.3469301644999999,,0.6814060070196098,0.6814060070196098,False,lgbm,/home/runner/work/DC20/DC20/models/pfill_lgbm.joblib,,/home/runner/work/DC20/DC20/models/pfill_meta.json,0,,0,,/home/runner/work/DC20/DC20/outputs/learning/learning_acceptance_latest.json,False,,0,0,0,,0,,0,,0,,rule,model_rejected_by_learning_acceptance:acceptance_file_missing,0.006321419282795199,0.006321419282795199,,,,0.006321419282795199,0.006321419282795199,0.006321419282795199,0.006321419282795199,0.006321419282795199,0,0,,,0,0,False,,,,/home/runner/work/DC20/DC20/models/eret_meta.json,87,,87,,/home/runner/work/DC20/DC20/outputs/learning/learning_acceptance_latest.json,False,,0,0,0,,0,,0,,0,,0,0.0,0.0,0,0.0,0.0,0.004578496260042497,0.012848034341363964,0.007816478202534189,0.0018379163110969377,0.004578496260042497,0.012848034341363964,0.007816478202534189,0.0018379163110969377,0,0.0,0,0.0,92,1.0,rule,model_rejected_by_learning_acceptance:acceptance_file_missing,RISK_ON,0.0002,0.0005,6.344450000000002e-05,0.0,0.0,0.0004,0.0,0.0011634445,0.0011634445,0.0,0.0,0.0,0.0,0.0,0.006,0.0,0.0,0.0,0.0007949316,0.0,0.0,0.0,0.0,0.0010875,0.002,0.0,0.002090909090909091,0.0016363636363636365,0.0068147727272727275,0.0068147727272727275,0.0,0.008288038505454546,0.0,0.008288038505454546,0.008288038505454546,0.0,0.0,0.0,0.0,0.0,0.008288038505454546,0.008288038505454546,-0.005144029933268303,0.0,0.0,0.0,0.0,0.0,0.0,0.0,-0.005144029933268303,v2_net_trade_contract_no_double_count,-0.005144029933268303,pred_plus_fs,,,,,,,,,,1,2026-08-22 05:41:21+0800
20260817,20260818,22,002229.SZ,鸿博股份,1→2,-0.022,0.001925,-0.023925,0.1973708569730528,0.1973708569730528,0.1973708569730528,0.1973708569730528,True,calibrated_probability,valid,contract=valid; ordered feature contract validated; prediction=ok,step5_core_features_v1,hgb,0.2125293894292043,0.1973708569730528,0.179597774507972,0.7038400354995593,73.01087,0.01,IT服务Ⅱ,0.261026,0.2849505706503678,0.261026,0,missing_stock,stock not covered by intraday_features.csv,0.70758,0.0,0,0.0,0.0,0.5,0.0,0.6171974522292992,0.0,中,分时缺失|低置信,0.55,0.55,0.93,neutral,106,0.0,0,32027008125,1,14d563095a4610dbbd41021640e53425b2b88341,2026-08-17T11:53:30Z,1.0,1→2,0.78,0.035,0.16,limit_list_d,3/5,0.2849505706503678,True,0.1973708569730528,22,20260818,,2229,IT服务Ⅱ,福建,主板,20080508,12.91,13.82,12.75,13.82,10.0318,12.560005380262798,10.0318,0.0851910463096961,0.0724521982633864,0.0278658017366135,1016185.08,1367664.68514,20.6057,20.6057,1.02,7.334985036169961e-06,0.0900859755955296,,,,,,0.0,0.0124542124542124,,,0.077424023154848,0.0851910463096961,685736.653,,,,299670.87,54796.77,136873.91,162796.96,,,,0.0,,,0.0,,,,,,0.0,,3120492,12.91,40285551.72,0.9892350557244174,,U,0.0,145862512.0,145862512.0,94100.0,94100.0,,,,,,,,,,,,,,,,,,,,,,,,0.9892350557244174,40285551.72,,,,,,13.82,11.3,0.0,,,0.0,1.0,0.0,2.169664006681888,MAIN,10.0,1,eligible_limit_le_10:10.00%:derived:up_limit/pre_close:tick_normalized,a_share_price_limit_le_10_v2,20260817,20260818,20260819,RISK_ON,20260817,0.347068744,,0.6871862888743308,0.6871862888743308,False,lgbm,/home/runner/work/DC20/DC20/models/pfill_lgbm.joblib,,/home/runner/work/DC20/DC20/models/pfill_meta.json,0,,0,,/home/runner/work/DC20/DC20/outputs/learning/learning_acceptance_latest.json,False,,0,0,0,,0,,0,,0,,rule,model_rejected_by_learning_acceptance:acceptance_file_missing,0.007951125709191584,0.007951125709191584,,,,0.007951125709191584,0.007951125709191584,0.007951125709191584,0.007951125709191584,0.007951125709191584,0,0,,,0,0,False,,,,/home/runner/work/DC20/DC20/models/eret_meta.json,87,,87,,/home/runner/work/DC20/DC20/outputs/learning/learning_acceptance_latest.json,False,,0,0,0,,0,,0,,0,,0,0.0,0.0,0,0.0,0.0,0.004578496260042497,0.012848034341363964,0.007816478202534189,0.0018379163110969377,0.004578496260042497,0.012848034341363964,0.007816478202534189,0.0018379163110969377,0,0.0,0,0.0,92,1.0,rule,model_rejected_by_learning_acceptance:acceptance_file_missing,RISK_ON,0.0002,0.0005,0.0005302849999999999,0.0,0.0,0.0004,0.0,0.001630285,0.001630285,0.0,0.0,0.0,0.0,0.0,0.006,0.0018685666666666662,0.0,0.0,0.0,0.0,0.0,0.0,0.0,0.0009621,0.002,0.0,0.002090909090909091,0.0008763752171395491,0.005929384308048641,0.005929384308048641,0.0,0.00714703823103648,0.0,0.00714703823103648,0.00714703823103648,0.0018685666666666662,0.0,0.0018685666666666662,0.0018685666666666662,0.0,0.009015604897703146,0.009015604897703146,-0.0051819853292305006,0.0,0.0,0.0,0.0,0.0,0.0,0.0,-0.0051819853292305006,v2_net_trade_contract_no_double_count,-0.0051819853292305006,pred_plus_fs,,,,,,,,,,1,2026-08-22 05:41:21+0800
20260817,20260818,23,603002.SH,宏昌电子,1→2,-0.022,0.001925,-0.023925,0.1952395832272558,0.1952395832272558,0.1952395832272558,0.1952395832272558,True,calibrated_probability,valid,contract=valid; ordered feature contract validated; prediction=ok,step5_core_features_v1,hgb,0.1918439956621556,0.1952395832272558,0.2085721577065053,0.5826414628065828,59.076087,0.01,电子化学,0.231664,0.2555891130283099,0.231664,0,missing_stock,stock not covered by intraday_features.csv,0.697134,0.0,0,0.0,0.0,0.5,0.0,0.5475609756097566,0.0,中,分时缺失|低置信,0.55,0.55,0.93,neutral,106,0.0,0,32027008125,1,14d563095a4610dbbd41021640e53425b2b88341,2026-08-17T11:53:30Z,1.0,1→2,0.78,0.035,0.16,limit_list_d,1/1,0.2555891130283099,True,0.1952395832272558,23,20260818,,603002,电子化学,广东,主板,20120518,16.25,17.59,16.2,17.59,10.0063,15.989993300383706,10.0063,0.0869293672541216,0.0838024115974985,0.0162605884025014,602960.03,1033266.081,5.3167,11.3414,0.87,9.684146401395324e-06,0.021610912636657,,,,,,0.0,0.1625908790482484,,,0.0790221716884593,0.0869293672541216,1994844.0815,,,,299670.87,54796.77,136873.91,162796.96,,,,0.0,,,0.0,,,,,,0.0,,1595200,16.25,25922000.0,0.98112968591692,,U,0.0,160750559.0,160750559.0,94637.0,94637.0,,,,,,,,,,,,,,,,,,,,,,,,0.98112968591692,25922000.0,,,,,,17.59,14.39,0.0,,,0.0,1.0,0.0,2.186981449464501,MAIN,10.0,1,eligible_limit_le_10:10.00%:derived:up_limit/pre_close:tick_normalized,a_share_price_limit_le_10_v2,20260817,20260818,20260819,RISK_ON,20260817,0.2662082204999999,,0.623040326187025,0.623040326187025,False,lgbm,/home/runner/work/DC20/DC20/models/pfill_lgbm.joblib,,/home/runner/work/DC20/DC20/models/pfill_meta.json,0,,0,,/home/runner/work/DC20/DC20/outputs/learning/learning_acceptance_latest.json,False,,0,0,0,,0,,0,,0,,rule,model_rejected_by_learning_acceptance:acceptance_file_missing,0.007887187496817674,0.007887187496817674,,,,0.007887187496817674,0.007887187496817674,0.007887187496817674,0.007887187496817674,0.007887187496817674,0,0,,,0,0,False,,,,/home/runner/work/DC20/DC20/models/eret_meta.json,87,,87,,/home/runner/work/DC20/DC20/outputs/learning/learning_acceptance_latest.json,False,,0,0,0,,0,,0,,0,,0,0.0,0.0,0,0.0,0.0,0.004578496260042497,0.012848034341363964,0.007816478202534189,0.0018379163110969377,0.004578496260042497,0.012848034341363964,0.007816478202534189,0.0018379163110969377,0,0.0,0,0.0,92,1.0,rule,model_rejected_by_learning_acceptance:acceptance_file_missing,RISK_ON,0.0002,0.0005,9.391549999999999e-05,0.0,0.0,0.0004,0.0,0.0011939155,0.0011939155,0.0,0.0,0.0,0.0,0.0029520125,0.006,0.0,0.0,0.0,0.0,0.0,0.0,0.0,0.0,0.00101433,0.002,0.0,0.002090909090909091,0.0011929046563192883,0.006298143747228379,0.006298143747228379,0.0,0.009047214685421284,0.0,0.009047214685421284,0.009047214685421284,0.0,0.0,0.0,0.0,0.0,0.009047214685421284,0.009047214685421284,-0.0053270943147057746,0.0,0.0,0.0,0.0,0.0,0.0,0.0,-0.0053270943147057746,v2_net_trade_contract_no_double_count,-0.0053270943147057746,pred_plus_fs,,,,,,,,,,1,2026-08-22 05:41:21+0800
20260817,20260818,47,603067.SH,振华股份,1→2,-0.022,0.001925,-0.023925,0.167470418189168,0.167470418189168,0.167470418189168,0.167470418189168,True,calibrated_probability,valid,contract=valid; ordered feature contract validated; prediction=ok,step5_core_features_v1,hgb,0.1845929964637425,0.167470418189168,0.1667874610654109,0.5758425672755761,57.423913,0.01,化学原料,0.208921,0.2328463495016484,0.208921,0,missing_stock,stock not covered by intraday_features.csv,0.698765,0.0,0,0.0,0.0,0.5,0.0,0.5584337349397578,0.0,中,分时缺失|低置信,0.55,0.55,0.93,neutral,106,0.0,0,32027008125,1,14d563095a4610dbbd41021640e53425b2b88341,2026-08-17T11:53:30Z,1.0,1→2,0.78,0.035,0.16,limit_list_d,1/1,0.2328463495016484,True,0.167470418189168,47,20260818,,603067,化学原料,湖北,主板,20160913,33.8,36.52,33.03,36.52,10.0,33.2,10.0,0.1051204819277109,0.0819277108433736,0.0180722891566263,403522.97,1422471.202,5.341,8.2232,1.3,7.030019297360791e-06,0.0677222545031958,,,,,,0.0,0.0610110400929693,,,0.0955640744797371,0.1051204819277109,2759178.7608,,,,299670.87,54796.77,136873.91,162796.96,,,,0.0,,,0.0,,,,,,0.0,,153000,33.8,5171400.0,0.913500506585613,,U,0.0,121896857.0,121896857.0,133821.0,133821.0,,,,,,,,,,,,,,,,,,,,,,,,0.913500506585613,5171400.0,,,,,,36.52,29.88,0.0,,,0.0,1.0,0.0,2.1417876936093703,MAIN,10.0,1,eligible_limit_le_10:10.00%:derived:up_limit/pre_close:tick_normalized,a_share_price_limit_le_10_v2,20260817,20260818,20260819,RISK_ON,20260817,0.2857565715,,0.6355516344758193,0.6355516344758193,False,lgbm,/home/runner/work/DC20/DC20/models/pfill_lgbm.joblib,,/home/runner/work/DC20/DC20/models/pfill_meta.json,0,,0,,/home/runner/work/DC20/DC20/outputs/learning/learning_acceptance_latest.json,False,,0,0,0,,0,,0,,0,,rule,model_rejected_by_learning_acceptance:acceptance_file_missing,0.007054112545675041,0.007054112545675041,,,,0.007054112545675041,0.007054112545675041,0.007054112545675041,0.007054112545675041,0.007054112545675041,0,0,,,0,0,False,,,,/home/runner/work/DC20/DC20/models/eret_meta.json,87,,87,,/home/runner/work/DC20/DC20/outputs/learning/learning_acceptance_latest.json,False,,0,0,0,,0,,0,,0,,0,0.0,0.0,0,0.0,0.0,0.004578496260042497,0.012848034341363964,0.007816478202534189,0.0018379163110969377,0.004578496260042497,0.012848034341363964,0.007816478202534189,0.0018379163110969377,0,0.0,0,0.0,92,1.0,rule,model_rejected_by_learning_acceptance:acceptance_file_missing,RISK_ON,0.0002,0.0005,9.306499999999999e-05,0.0,0.0,0.0004,0.0,0.001193065,0.001193065,0.0,0.0,0.0,0.0,0.0029003749999999993,0.006,0.0,0.0,0.0,0.0,0.0,0.0,0.0,0.0,0.0010061750000000002,0.002,0.0,0.002090909090909091,0.001143483023001101,0.006240567113910192,0.006240567113910192,0.0,0.008975631585432645,0.0,0.008975631585432645,0.008975631585432645,0.0,0.0,0.0,0.0,0.0,0.008975631585432645,0.008975631585432645,-0.00568544382725249,0.0,0.0,0.0,0.0,0.0,0.0,0.0,-0.00568544382725249,v2_net_trade_contract_no_double_count,-0.00568544382725249,pred_plus_fs,,,,,,,,,,1,2026-08-22 05:41:21+0800
20260817,20260818,53,603095.SH,越剑智能,2→3,-0.008,0.000825,-0.008825,0.1615757494918283,0.1615757494918283,0.1615757494918283,0.1615757494918283,True,calibrated_probability,valid,contract=valid; ordered feature contract validated; prediction=ok,step5_core_features_v1,hgb,0.1567156993369894,0.1615757494918283,0.1590165860420174,0.6289351945693049,43.467391,0.6729057079444091,专用设备,0.242975,0.2517997841784651,0.242975,0,missing_stock,stock not covered by intraday_features.csv,0.716235,0.0,0,0.0,0.0,0.5,0.0,0.6748995983935744,0.0,中,分时缺失|低置信,0.55,0.55,0.93,neutral,106,0.0,0,32027008125,1,14d563095a4610dbbd41021640e53425b2b88341,2026-08-17T11:53:30Z,2.0,2→3,0.92,0.015,0.35,limit_list_d,3/4,0.2517997841784651,True,0.1615757494918283,53,20260818,,603095,专用设备,浙江,主板,20200415,15.5,16.43,15.24,16.43,9.9732,14.940003564504808,9.9732,0.0796519220937309,0.0622489811320754,0.0374830188679244,101285.56,160705.246,3.9217,12.7923,1.4,6.205895730373357e-05,0.0002075065110712,,,,,,0.0,0.2098674521354933,,,0.0724284844796104,0.0796519220937309,424336.2956,,,,299670.87,54796.77,136873.91,162796.96,,4.0,2.0,1.0,2.0,4.0,0.0,,,,,,0.0,,560525,15.5,8688138.0,0.943515704154002,,U,0.0,32279298.0,32279298.0,93448.0,93448.0,,,,,,,,,,,,,,,,,,,,,,,,0.943515704154002,8688138.0,,,,,,16.43,13.45,1.0,2.0,4.0,0.0,1.0,0.0,2.2875465563870083,MAIN,10.0,1,eligible_limit_le_10:10.00%:derived:up_limit/pre_close:tick_normalized,a_share_price_limit_le_10_v2,20260817,20260818,20260819,RISK_ON,20260817,0.323468851,,0.6692929243923897,0.6692929243923897,False,lgbm,/home/runner/work/DC20/DC20/models/pfill_lgbm.joblib,,/home/runner/work/DC20/DC20/models/pfill_meta.json,0,,0,,/home/runner/work/DC20/DC20/outputs/learning/learning_acceptance_latest.json,False,,0,0,0,,0,,0,,0,,rule,model_rejected_by_learning_acceptance:acceptance_file_missing,0.008865989608588075,0.008865989608588075,,,,0.008865989608588075,0.008865989608588075,0.008865989608588075,0.008865989608588075,0.008865989608588075,0,0,,,0,0,False,,,,/home/runner/work/DC20/DC20/models/eret_meta.json,87,,87,,/home/runner/work/DC20/DC20/outputs/learning/learning_acceptance_latest.json,False,,0,0,0,,0,,0,,0,,0,0.0,0.0,0,0.0,0.0,0.004578496260042497,0.012848034341363964,0.007816478202534189,0.0018379163110969377,0.004578496260042497,0.012848034341363964,0.007816478202534189,0.0018379163110969377,0,0.0,0,0.0,92,1.0,rule,model_rejected_by_learning_acceptance:acceptance_file_missing,RISK_ON,0.0002,0.0005,0.000611745,0.0,0.0,0.0004,0.0,0.0017117449999999998,0.0017117449999999998,0.0,0.0,0.0,0.0,0.0059163875,0.006,0.0,0.0,0.0,0.0,0.0,0.0,0.0,0.0,0.0009188250000000003,0.002,0.0,0.002090909090909091,0.000614092734574662,0.005623826825483753,0.005623826825483753,0.0,0.010171883244112816,0.0,0.010171883244112816,0.010171883244112816,0.0,0.0,0.0,0.0,0.0,0.010171883244112816,0.010171883244112816,-0.005949684131348365,0.0,0.0,0.0,0.0,0.0,0.0,0.0,-0.005949684131348365,v2_net_trade_contract_no_double_count,-0.005949684131348365,pred_plus_fs,,,,,,,,,,1,2026-08-22 05:41:21+0800
20260817,20260818,5,002436.SZ,兴森科技,1→2,-0.022,0.001925,-0.023925,0.2913046145572663,0.2913046145572663,0.2913046145572663,0.2913046145572663,True,calibrated_probability,valid,contract=valid; ordered feature contract validated; prediction=ok,step5_core_features_v1,hgb,0.2037536657555905,0.2913046145572663,0.2550760920066858,0.7087089363332072,62.532609,0.5458931282264484,元件,0.347045,0.3709702272844287,0.347045,0,missing_stock,stock not covered by intraday_features.csv,0.699301,0.0,0,0.0,0.0,0.5,0.0,0.5620045950603106,0.0,中,分时缺失|低置信,0.55,0.55,0.93,neutral,106,0.0,0,32027008125,1,14d563095a4610dbbd41021640e53425b2b88341,2026-08-17T11:53:30Z,1.0,1→2,0.78,0.035,0.16,limit_list_d,1/1,0.3709702272844287,True,0.2913046145572663,5,20260818,,2436,元件,深圳,主板,20100618,35.47,38.3,35.2,38.3,9.9943,34.81998612655382,9.9943,0.0890293289817231,0.0812751616187989,0.0186678383812012,1543382.89,5719406.78284,10.1677,10.5761,1.31,1.7474364701573615e-06,0.0466466205666145,,,,,,0.0,0.1072564324949405,,,0.0809399477806787,0.0890293289817231,6509749.7463,,,,299670.87,54796.77,136873.91,162796.96,,4.0,3.0,1.0,3.0,4.0,0.0,344968772.87,6.03,32.72,58136735507.3,32.72,0.0,,817900,35.47,29010913.0,0.9839159067882473,,U,1.0,209520150.0,209520150.0,133336.0,135121.0,,,,,,,,,,,,,,,,,,,,,,,,0.9839159067882473,29010913.0,,,,,,38.3,31.34,1.0,3.0,4.0,0.0,1.0,0.0,1.9937091452914928,MAIN,10.0,1,eligible_limit_le_10:10.00%:derived:up_limit/pre_close:tick_normalized,a_share_price_limit_le_10_v2,20260817,20260818,20260819,RISK_ON,20260817,0.32607842499999995,,0.6690241502419821,0.6690241502419821,False,lgbm,/home/runner/work/DC20/DC20/models/pfill_lgbm.joblib,,/home/runner/work/DC20/DC20/models/pfill_meta.json,0,,0,,/home/runner/work/DC20/DC20/outputs/learning/learning_acceptance_latest.json,False,,0,0,0,,0,,0,,0,,rule,model_rejected_by_learning_acceptance:acceptance_file_missing,0.012376817821397334,0.012376817821397334,,,,0.012376817821397334,0.012376817821397334,0.012376817821397334,0.012376817821397334,0.012376817821397334,0,0,,,0,0,False,,,,/home/runner/work/DC20/DC20/models/eret_meta.json,87,,87,,/home/runner/work/DC20/DC20/outputs/learning/learning_acceptance_latest.json,False,,0,0,0,,0,,0,,0,,0,0.0,0.0,0,0.0,0.0,0.004578496260042497,0.012848034341363964,0.007816478202534189,0.0018379163110969377,0.004578496260042497,0.012848034341363964,0.007816478202534189,0.0018379163110969377,0,0.0,0,0.0,92,1.0,rule,model_rejected_by_learning_acceptance:acceptance_file_missing,RISK_ON,0.0002,0.0005,7.58695e-05,0.00011999999999999999,0.0,0.0004,0.0,0.0012958694999999998,0.0012958694999999998,0.0,0.005,0.002,0.0,0.0,0.006,0.0,0.0,0.0,0.0,0.0,0.0,0.0,0.0,0.0010034950000000003,0.002,0.0,0.002090909090909091,0.0011272518406349515,0.006221655931544043,0.006221655931544043,0.005,0.007366241948658032,0.0006,0.012966241948658032,0.012966241948658032,0.0,0.0,0.0,0.0,0.0,0.012966241948658032,0.012966241948658032,-0.00598172142299786,0.0,0.0,0.0,0.0,0.0,0.0,0.0,-0.00598172142299786,v2_net_trade_contract_no_double_count,-0.00598172142299786,pred_plus_fs,,,,,,,,,,1,2026-08-22 05:41:21+0800
20260817,20260818,12,603011.SH,合锻智能,1→2,-0.022,0.001925,-0.023925,0.2355567612840694,0.2355567612840694,0.2355567612840694,0.2355567612840694,True,calibrated_probability,valid,contract=valid; ordered feature contract validated; prediction=ok,step5_core_features_v1,hgb,0.1870334693970355,0.2355567612840694,0.1842903519016593,0.774864025114172,65.467391,0.6729057079444091,专用设备,0.323661,0.3475864924330339,0.323661,0,missing_stock,stock not covered by intraday_features.csv,0.712191,0.0,0,0.0,0.0,0.5,0.0,0.6479381443298976,0.0,中,分时缺失|低置信,0.55,0.55,0.93,neutral,106,0.0,0,32027008125,1,14d563095a4610dbbd41021640e53425b2b88341,2026-08-17T11:53:30Z,1.0,1→2,0.78,0.035,0.16,limit_list_d,1/1,0.3475864924330339,True,0.2355567612840694,12,20260818,,603011,专用设备,安徽,主板,20141107,25.05,26.68,24.88,26.68,10.0206,24.25000409014312,10.0206,0.0742267916041979,0.0672164835082458,0.0329895164917541,774398.06,2017907.524,15.6629,22.383,0.88,4.965837076684591e-06,0.0564141677020718,,,,,,0.0,0.0863192182410423,,,0.0674662668665667,0.0742267916041979,1319097.6192,,,,299670.87,54796.77,136873.91,162796.96,,4.0,2.0,1.0,2.0,4.0,0.0,,,,,,0.0,,632500,25.05,15844125.0,0.967451874366768,,U,1.0,60763700.0,60763700.0,94241.0,142450.0,,,,,,,,,,,,,,,,,,,,,,,,0.967451874366768,15844125.0,,,,,,26.68,21.83,1.0,2.0,4.0,0.0,1.0,0.0,1.820678974751348,MAIN,10.0,1,eligible_limit_le_10:10.00%:derived:up_limit/pre_close:tick_normalized,a_share_price_limit_le_10_v2,20260817,20260818,20260819,RISK_ON,20260817,0.42793265,,0.7266678009477826,0.7266678009477826,False,lgbm,/home/runner/work/DC20/DC20/models/pfill_lgbm.joblib,,/home/runner/work/DC20/DC20/models/pfill_meta.json,0,,0,,/home/runner/work/DC20/DC20/outputs/learning/learning_acceptance_latest.json,False,,0,0,0,,0,,0,,0,,rule,model_rejected_by_learning_acceptance:acceptance_file_missing,0.011085419962355311,0.011085419962355311,,,,0.011085419962355311,0.011085419962355311,0.011085419962355311,0.011085419962355311,0.011085419962355311,0,0,,,0,0,False,,,,/home/runner/work/DC20/DC20/models/eret_meta.json,87,,87,,/home/runner/work/DC20/DC20/outputs/learning/learning_acceptance_latest.json,False,,0,0,0,,0,,0,,0,,0,0.0,0.0,0,0.0,0.0,0.004578496260042497,0.012848034341363964,0.007816478202534189,0.0018379163110969377,0.004578496260042497,0.012848034341363964,0.007816478202534189,0.0018379163110969377,0,0.0,0,0.0,92,1.0,rule,model_rejected_by_learning_acceptance:acceptance_file_missing,RISK_ON,0.0002,0.0005,0.0002682015,0.00011999999999999999,0.0,0.0004,0.0,0.0014882015,0.0014882015,0.0,0.005,0.002,0.0,0.0,0.006,0.0,0.0,0.0,0.0,0.0,0.0,0.0,0.0,0.0009390449999999999,0.002,0.0,0.002090909090909091,0.0007366447985004655,0.005766598889409556,0.005766598889409556,0.005,0.007024949167057167,0.0006,0.012624949167057167,0.012624949167057167,0.0,0.0,0.0,0.0,0.0,0.012624949167057167,0.012624949167057167,-0.006057732920429781,0.0,0.0,0.0,0.0,0.0,0.0,0.0,-0.006057732920429781,v2_net_trade_contract_no_double_count,-0.006057732920429781,pred_plus_fs,,,,,,,,,,1,2026-08-22 05:41:21+0800
20260817,20260818,84,001356.SZ,富岭股份,1→2,-0.022,0.001925,-0.023925,0.1245206281470389,0.1245206281470389,0.1245206281470389,0.1245206281470389,True,calibrated_probability,valid,contract=valid; ordered feature contract validated; prediction=ok,step5_core_features_v1,hgb,0.1778807726769504,0.1245206281470389,0.1327017637865935,0.6026471228841848,63.445652,0.01,家居用品,0.1909,0.214824974472158,0.1909,0,missing_stock,stock not covered by intraday_features.csv,0.688743,0.0,0,0.0,0.0,0.5,0.0,0.4916184971098272,0.0,中,分时缺失|低置信,0.55,0.55,0.93,neutral,106,0.0,0,32027008125,1,14d563095a4610dbbd41021640e53425b2b88341,2026-08-17T11:53:30Z,1.0,1→2,0.78,0.035,0.16,limit_list_d,1/1,0.214824974472158,True,0.1245206281470389,84,20260818,,1356,家居用品,浙江,主板,20250123,8.71,9.52,8.71,9.52,10.0578,8.650000272584041,10.0578,0.0936416155462183,0.0936416155462183,0.0069363844537817,118542.87,108978.57564,5.5997,8.0461,3.1,9.229153474371836e-05,0.0525905133134224,,,,,,0.0,0.0955120828538549,,,0.0850840336134452,0.0936416155462183,561032.64,,,,299670.87,54796.77,136873.91,162796.96,,,,0.0,,,0.0,,,,,,0.0,,32200,8.71,280462.0,0.544579533941236,,U,0.0,31834889.0,31834889.0,102157.0,102157.0,,,,,,,,,,,,,,,,,,,,,,,,0.544579533941236,280462.0,,,,,,9.52,7.79,0.0,,,0.0,1.0,0.0,2.037029629792836,MAIN,10.0,1,eligible_limit_le_10:10.00%:derived:up_limit/pre_close:tick_normalized,a_share_price_limit_le_10_v2,20260817,20260818,20260819,RISK_ON,20260817,0.3320810555,,0.671969042864018,0.671969042864018,False,lgbm,/home/runner/work/DC20/DC20/models/pfill_lgbm.joblib,,/home/runner/work/DC20/DC20/models/pfill_meta.json,0,,0,,/home/runner/work/DC20/DC20/outputs/learning/learning_acceptance_latest.json,False,,0,0,0,,0,,0,,0,,rule,model_rejected_by_learning_acceptance:acceptance_file_missing,0.005765618844411167,0.005765618844411167,,,,0.005765618844411167,0.005765618844411167,0.005765618844411167,0.005765618844411167,0.005765618844411167,0,0,,,0,0,False,,,,/home/runner/work/DC20/DC20/models/eret_meta.json,87,,87,,/home/runner/work/DC20/DC20/outputs/learning/learning_acceptance_latest.json,False,,0,0,0,,0,,0,,0,,0,0.0,0.0,0,0.0,0.0,0.004578496260042497,0.012848034341363964,0.007816478202534189,0.0018379163110969377,0.004578496260042497,0.012848034341363964,0.007816478202534189,0.0018379163110969377,0,0.0,0,0.0,92,1.0,rule,model_rejected_by_learning_acceptance:acceptance_file_missing,RISK_ON,0.0002,0.0005,8.401049999999998e-05,0.0,0.0,0.0004,0.0,0.0011840105,0.0011840105,0.0,0.0,0.0,0.0,0.002350637499999999,0.006,0.0,0.0,0.0,0.0,0.0,0.0,0.0,0.0,0.0010562850000000001,0.002,0.0,0.002090909090909091,0.0014471886495007855,0.006594382740409877,0.006594382740409877,0.0,0.008938637680307407,0.0,0.008938637680307407,0.008938637680307407,0.0,0.0,0.0,0.0,0.0,0.008938637680307407,0.008938637680307407,-0.0062483308039096895,0.0,0.0,0.0,0.0,0.0,0.0,0.0,-0.0062483308039096895,v2_net_trade_contract_no_double_count,-0.0062483308039096895,pred_plus_fs,,,,,,,,,,1,2026-08-22 05:41:21+0800
20260817,20260818,34,603079.SH,圣达生物,2→3,-0.008,0.000825,-0.008825,0.1789136523529982,0.1789136523529982,0.1789136523529982,0.1789136523529982,True,calibrated_probability,valid,contract=valid; ordered feature contract validated; prediction=ok,step5_core_features_v1,hgb,0.1637734711641777,0.1789136523529982,0.1744913105196598,0.6664939105781711,46.98913,0.83,化学制品,0.274239,0.2830639704932527,0.274239,0,missing_stock,stock not covered by intraday_features.csv,0.765,0.0,0,0.0,0.0,0.5,0.0,1.0,0.0,中,分时缺失|低置信,0.55,0.55,0.93,neutral,106,0.0,0,32027008125,1,14d563095a4610dbbd41021640e53425b2b88341,2026-08-17T11:53:30Z,2.0,2→3,0.92,0.015,0.35,limit_list_d,2/2,0.2830639704932527,True,0.1789136523529982,34,20260818,,603079,化学制品,浙江,主板,20170823,14.75,14.75,14.74,14.75,9.9925,13.410005227629156,9.9925,0.0007457118644067,0.0,0.099925,51313.0,75686.642,2.7145,4.8969,1.13,0.0001320246180296,7.830283499088431e-05,,,,,,0.0,0.2100082034454471,,,0.0006779661016949,0.0007457118644067,278818.66,,,,299670.87,54796.77,136873.91,162796.96,,8.0,1.0,1.0,1.0,8.0,0.0,,,,,,0.0,,1518900,14.75,22403775.0,0.9764437689969604,,U,0.0,72012450.0,72012450.0,93000.0,93000.0,,,,,,,,,,,,,,,,,,,,,,,,0.9764437689969604,22403775.0,,,,,,14.75,12.07,1.0,1.0,8.0,0.0,1.0,0.0,2.3337632687827226,MAIN,10.0,1,eligible_limit_le_10:10.00%:derived:up_limit/pre_close:tick_normalized,a_share_price_limit_le_10_v2,20260817,20260818,20260819,RISK_ON,20260817,0.297566275,,0.6560373339349026,0.6560373339349026,False,lgbm,/home/runner/work/DC20/DC20/models/pfill_lgbm.joblib,,/home/runner/work/DC20/DC20/models/pfill_meta.json,0,,0,,/home/runner/work/DC20/DC20/outputs/learning/learning_acceptance_latest.json,False,,0,0,0,,0,,0,,0,,rule,model_rejected_by_learning_acceptance:acceptance_file_missing,0.009857409570589946,0.009857409570589946,,,,0.009857409570589946,0.009857409570589946,0.009857409570589946,0.009857409570589946,0.009857409570589946,0,0,,,0,0,False,,,,/home/runner/work/DC20/DC20/models/eret_meta.json,87,,87,,/home/runner/work/DC20/DC20/outputs/learning/learning_acceptance_latest.json,False,,0,0,0,,0,,0,,0,,0,0.0,0.0,0,0.0,0.0,0.004578496260042497,0.012848034341363964,0.007816478202534189,0.0018379163110969377,0.004578496260042497,0.012848034341363964,0.007816478202534189,0.0018379163110969377,0,0.0,0,0.0,92,1.0,rule,model_rejected_by_learning_acceptance:acceptance_file_missing,RISK_ON,0.0002,0.0005,0.000792825,0.0,0.0,0.0004,0.0,0.0018928249999999999,0.0018928249999999999,0.0,0.0,0.0,0.0,0.0084816875,0.006,0.0,0.0,0.0,0.0,0.0,0.0,0.0,0.0,0.0006749999999999999,0.002,0.0,0.002090909090909091,0.0,0.0047659090909090915,0.0047659090909090915,0.0,0.01093935994318182,0.0,0.01093935994318182,0.01093935994318182,0.0,0.0,0.0,0.0,0.0,0.01093935994318182,0.01093935994318182,-0.006365356248987599,0.0,0.0,0.0,0.0,0.0,0.0,0.0,-0.006365356248987599,v2_net_trade_contract_no_double_count,-0.006365356248987599,pred_plus_fs,,,,,,,,,,1,2026-08-22 05:41:21+0800
20260817,20260818,38,000026.SZ,飞亚达,1→2,-0.022,0.001925,-0.023925,0.1735633394814378,0.1735633394814378,0.1735633394814378,0.1735633394814378,True,calibrated_probability,valid,contract=valid; ordered feature contract validated; prediction=ok,step5_core_features_v1,hgb,0.1687405835332096,0.1735633394814378,0.1620976320285388,0.5375205890449524,48.967391,0.01,饰品,0.196273,0.2201983504062373,0.196273,0,missing_stock,stock not covered by intraday_features.csv,0.68336,0.0,0,0.0,0.0,0.5,0.0,0.455736137667304,0.0,中,分时缺失|低置信,0.55,0.55,0.93,neutral,106,0.0,0,32027008125,1,14d563095a4610dbbd41021640e53425b2b88341,2026-08-17T11:53:30Z,1.0,1→2,0.78,0.035,0.16,limit_list_d,1/1,0.2201983504062373,True,0.1735633394814378,38,20260818,,26,饰品,深圳,主板,19930603,20.94,23.01,20.78,23.01,9.9904,20.92000756429652,9.9904,0.1065965197740113,0.0989483389830508,0.0009556610169491,176573.14,394711.43278,4.8434,8.7593,0.92,2.5310642586753603e-05,0.0553895510986353,,,,,,0.0,0.0879432624113476,,,0.0969143850499782,0.1065965197740113,933662.964,,,,299670.87,54796.77,136873.91,162796.96,,,,0.0,,,0.0,,,,,,0.0,,94000,20.94,1968360.0,0.8290273556231003,,U,0.0,66623913.0,66623913.0,110351.0,110351.0,,,,,,,,,,,,,,,,,,,,,,,,0.8290273556231003,1968360.0,,,,,,23.01,18.83,0.0,,,0.0,1.0,0.0,2.077495443245935,MAIN,10.0,1,eligible_limit_le_10:10.00%:derived:up_limit/pre_close:tick_normalized,a_share_price_limit_le_10_v2,20260817,20260818,20260819,RISK_ON,20260817,0.3109050434999999,,0.6480852646871176,0.6480852646871176,False,lgbm,/home/runner/work/DC20/DC20/models/pfill_lgbm.joblib,,/home/runner/work/DC20/DC20/models/pfill_meta.json,0,,0,,/home/runner/work/DC20/DC20/outputs/learning/learning_acceptance_latest.json,False,,0,0,0,,0,,0,,0,,rule,model_rejected_by_learning_acceptance:acceptance_file_missing,0.007236900184443134,0.007236900184443134,,,,0.007236900184443134,0.007236900184443134,0.007236900184443134,0.007236900184443134,0.007236900184443134,0,0,,,0,0,False,,,,/home/runner/work/DC20/DC20/models/eret_meta.json,87,,87,,/home/runner/work/DC20/DC20/outputs/learning/learning_acceptance_latest.json,False,,0,0,0,,0,,0,,0,,0,0.0,0.0,0,0.0,0.0,0.004578496260042497,0.012848034341363964,0.007816478202534189,0.0018379163110969377,0.004578496260042497,0.012848034341363964,0.007816478202534189,0.0018379163110969377,0,0.0,0,0.0,92,1.0,rule,model_rejected_by_learning_acceptance:acceptance_file_missing,RISK_ON,0.0002,0.0005,0.00011048099999999999,0.0,0.0,0.0004,0.0,0.001210481,0.001210481,0.0,0.0,0.0,0.0,0.003957775,0.006,0.0,0.0,0.0,0.0,0.0,0.0,0.0,0.0,0.0010832000000000003,0.002,0.0,0.002090909090909091,0.0016102902833304367,0.006784399374239528,0.006784399374239528,0.0,0.009965075780679646,0.0,0.009965075780679646,0.009965075780679646,0.0,0.0,0.0,0.0,0.0,0.009965075780679646,0.009965075780679646,-0.0064854284091305685,0.0,0.0,0.0,0.0,0.0,0.0,0.0,-0.0064854284091305685,v2_net_trade_contract_no_double_count,-0.0064854284091305685,pred_plus_fs,,,,,,,,,,1,2026-08-22 05:41:21+0800
20260817,20260818,48,001207.SZ,联科科技,1→2,-0.022,0.001925,-0.023925,0.1663465168068122,0.1663465168068122,0.1663465168068122,0.1663465168068122,True,calibrated_probability,valid,contract=valid; ordered feature contract validated; prediction=ok,step5_core_features_v1,hgb,0.1675405382379927,0.1663465168068122,0.1590380855901494,0.542750918457207,50.336957,0.01,橡胶,0.193961,0.2178857065339993,0.193961,0,missing_stock,stock not covered by intraday_features.csv,0.67738,0.0,0,0.0,0.0,0.5,0.0,0.4158659924146653,0.0,中,分时缺失|低置信,0.55,0.55,0.93,neutral,106,0.0,0,32027008125,1,14d563095a4610dbbd41021640e53425b2b88341,2026-08-17T11:53:30Z,1.0,1→2,0.78,0.035,0.16,limit_list_d,1/1,0.2178857065339993,True,0.1663465168068122,48,20260818,,1207,橡胶,山东,主板,20210623,15.73,17.4,15.71,17.4,9.9874,15.819993926577045,9.9874,0.1068268425287355,0.1055626195402297,-0.0056886195402297,138934.45,233812.76449,4.7479,9.1233,2.26,4.271537536363697e-05,0.0477145666526196,,,,,,0.0,0.1047619047619046,,,0.097126436781609,0.1068268425287355,527459.772,,,,299670.87,54796.77,136873.91,162796.96,,,,0.0,,,0.0,,,,,,0.0,,13500,15.73,212355.0,0.4979736575481256,,U,0.0,48496932.0,48496932.0,141151.0,141151.0,,,,,,,,,,,,,,,,,,,,,,,,0.4979736575481256,212355.0,,,,,,17.4,14.24,0.0,,,0.0,1.0,0.0,2.0564105449856718,MAIN,10.0,1,eligible_limit_le_10:10.00%:derived:up_limit/pre_close:tick_normalized,a_share_price_limit_le_10_v2,20260817,20260818,20260819,RISK_ON,20260817,0.3194910339999999,,0.655292301565084,0.655292301565084,False,lgbm,/home/runner/work/DC20/DC20/models/pfill_lgbm.joblib,,/home/runner/work/DC20/DC20/models/pfill_meta.json,0,,0,,/home/runner/work/DC20/DC20/outputs/learning/learning_acceptance_latest.json,False,,0,0,0,,0,,0,,0,,rule,model_rejected_by_learning_acceptance:acceptance_file_missing,0.007020395504204366,0.007020395504204366,,,,0.007020395504204366,0.007020395504204366,0.007020395504204366,0.007020395504204366,0.007020395504204366,0,0,,,0,0,False,,,,/home/runner/work/DC20/DC20/models/eret_meta.json,87,,87,,/home/runner/work/DC20/DC20/outputs/learning/learning_acceptance_latest.json,False,,0,0,0,,0,,0,,0,,0,0.0,0.0,0,0.0,0.0,0.004578496260042497,0.012848034341363964,0.007816478202534189,0.0018379163110969377,0.004578496260042497,0.012848034341363964,0.007816478202534189,0.0018379163110969377,0,0.0,0,0.0,92,1.0,rule,model_rejected_by_learning_acceptance:acceptance_file_missing,RISK_ON,0.0002,0.0005,0.0001138235,0.0,0.0,0.0004,0.0,0.0012138235,0.0012138235,0.0,0.0,0.0,0.0,0.004160712500000001,0.006,0.0,0.0,0.0,0.0,0.0,0.0,0.0,0.0,0.0011131000000000001,0.002,0.0,0.002090909090909091,0.001791518216296976,0.0069955273072060675,0.0069955273072060675,0.0,0.010235037355404552,0.0,0.010235037355404552,0.010235037355404552,0.0,0.0,0.0,0.0,0.0,0.010235037355404552,0.010235037355404552,-0.006848449727557305,0.0,0.0,0.0,0.0,0.0,0.0,0.0,-0.006848449727557305,v2_net_trade_contract_no_double_count,-0.006848449727557305,pred_plus_fs,,,,,,,,,,1,2026-08-22 05:41:21+0800
20260817,20260818,56,603286.SH,日盈电子,1→2,-0.022,0.001925,-0.023925,0.1582187645476387,0.1582187645476387,0.1582187645476387,0.1582187645476387,True,calibrated_probability,valid,contract=valid; ordered feature contract validated; prediction=ok,step5_core_features_v1,hgb,0.1733955698877557,0.1582187645476387,0.1548641296038488,0.6254677317543902,57.152174,0.328751396590983,汽车零部件,0.226421,0.2503460521518843,0.226421,0,missing_stock,stock not covered by intraday_features.csv,0.688722,0.0,0,0.0,0.0,0.5,0.0,0.4914779499404045,0.0,中,分时缺失|低置信,0.55,0.55,0.93,neutral,106,0.0,0,32027008125,1,14d563095a4610dbbd41021640e53425b2b88341,2026-08-17T11:53:30Z,1.0,1→2,0.78,0.035,0.16,limit_list_d,1/1,0.2503460521518843,True,0.1582187645476387,56,20260818,,603286,汽车零部件,江苏,主板,20170627,42.24,46.15,42.0,46.15,10.0119,41.95000722649095,10.0119,0.0989272773564463,0.0932061817984831,0.0069128182015169,48186.5,214585.029,4.1226,6.3127,1.39,4.665702936806463e-05,0.0594163199018602,,,,,,0.0,0.07953216374269,,,0.0899241603466955,0.0989272773564463,544540.9255,,,,299670.87,54796.77,136873.91,162796.96,,4.0,5.0,1.0,5.0,4.0,0.0,,,,,,0.0,,8900,42.24,375936.0,0.596757852077001,,U,0.0,56201470.0,56201470.0,130331.0,130331.0,,,,,,,,,,,,,,,,,,,,,,,,0.596757852077001,375936.0,,,,,,46.15,37.76,1.0,5.0,4.0,0.0,1.0,0.0,2.3153722910079315,MAIN,10.0,1,eligible_limit_le_10:10.00%:derived:up_limit/pre_close:tick_normalized,a_share_price_limit_le_10_v2,20260817,20260818,20260819,RISK_ON,20260817,0.31251226499999996,,0.6509503231779147,0.6509503231779147,False,lgbm,/home/runner/work/DC20/DC20/models/pfill_lgbm.joblib,,/home/runner/work/DC20/DC20/models/pfill_meta.json,0,,0,,/home/runner/work/DC20/DC20/outputs/learning/learning_acceptance_latest.json,False,,0,0,0,,0,,0,,0,,rule,model_rejected_by_learning_acceptance:acceptance_file_missing,0.007732817126202111,0.007732817126202111,,,,0.007732817126202111,0.007732817126202111,0.007732817126202111,0.007732817126202111,0.007732817126202111,0,0,,,0,0,False,,,,/home/runner/work/DC20/DC20/models/eret_meta.json,87,,87,,/home/runner/work/DC20/DC20/outputs/learning/learning_acceptance_latest.json,False,,0,0,0,,0,,0,,0,,0,0.0,0.0,0,0.0,0.0,0.004578496260042497,0.012848034341363964,0.007816478202534189,0.0018379163110969377,0.004578496260042497,0.012848034341363964,0.007816478202534189,0.0018379163110969377,0,0.0,0,0.0,92,1.0,rule,model_rejected_by_learning_acceptance:acceptance_file_missing,RISK_ON,0.0002,0.0005,0.000135709,0.0,0.0,0.0004,0.0,0.001235709,0.001235709,0.0,0.0,0.0,0.0,0.005489475,0.006,0.0,0.0,0.0,0.0,0.0,0.0,0.0,0.0,0.0010563900000000004,0.002,0.0,0.002090909090909091,0.0014478275002708886,0.006595126591179981,0.006595126591179981,0.0,0.010665556193384985,0.0,0.010665556193384985,0.010665556193384985,0.0,0.0,0.0,0.0,0.0,0.010665556193384985,0.010665556193384985,-0.0068675853860080075,0.0,0.0,0.0,0.0,0.0,0.0,0.0,-0.0068675853860080075,v2_net_trade_contract_no_double_count,-0.0068675853860080075,pred_plus_fs,,,,,,,,,,1,2026-08-22 05:41:21+0800
20260817,20260818,87,002258.SZ,利尔化学,1→2,-0.022,0.001925,-0.023925,0.1046333889422016,0.1046333889422016,0.1046333889422016,0.1046333889422016,True,calibrated_probability,valid,contract=valid; ordered feature contract validated; prediction=ok,step5_core_features_v1,hgb,0.1711774811355304,0.1046333889422016,0.1211548124946965,0.5747309522857447,57.01087,0.01,农化制品,0.164109,0.1880343430287719,0.164109,0,missing_stock,stock not covered by intraday_features.csv,0.684488,0.0,0,0.0,0.0,0.5,0.0,0.4632547864506627,0.0,中,分时缺失|低置信,0.55,0.55,0.93,neutral,106,0.0,0,32027008125,1,14d563095a4610dbbd41021640e53425b2b88341,2026-08-17T11:53:30Z,1.0,1→2,0.78,0.035,0.16,limit_list_d,1/1,0.1880343430287719,True,0.1046333889422016,87,20260818,,2258,农化制品,四川,主板,20080708,13.61,14.94,13.61,14.94,10.0147,13.580003399545696,10.0147,0.0979381198125836,0.0979381198125836,0.0022088801874162,435398.9,630495.2938,5.4483,9.2063,2.24,1.5883861621934283e-05,0.0548147026186232,,,,,,0.0,0.0897155361050328,,,0.0890227576974565,0.0979381198125836,1195853.1768,,,,299670.87,54796.77,136873.91,162796.96,,,,0.0,,,0.0,,,,,,0.0,,63040,13.61,857974.4,0.7269503546099291,,U,0.0,27444974.0,27444974.0,130130.0,130130.0,,,,,,,,,,,,,,,,,,,,,,,,0.7269503546099291,857974.4,,,,,,14.94,12.22,0.0,,,0.0,1.0,0.0,2.0319233789976154,MAIN,10.0,1,eligible_limit_le_10:10.00%:derived:up_limit/pre_close:tick_normalized,a_share_price_limit_le_10_v2,20260817,20260818,20260819,RISK_ON,20260817,0.333519013,,0.6722059859236398,0.6722059859236398,False,lgbm,/home/runner/work/DC20/DC20/models/pfill_lgbm.joblib,,/home/runner/work/DC20/DC20/models/pfill_meta.json,0,,0,,/home/runner/work/DC20/DC20/outputs/learning/learning_acceptance_latest.json,False,,0,0,0,,0,,0,,0,,rule,model_rejected_by_learning_acceptance:acceptance_file_missing,0.005169001668266048,0.005169001668266048,,,,0.005169001668266048,0.005169001668266048,0.005169001668266048,0.005169001668266048,0.005169001668266048,0,0,,,0,0,False,,,,/home/runner/work/DC20/DC20/models/eret_meta.json,87,,87,,/home/runner/work/DC20/DC20/outputs/learning/learning_acceptance_latest.json,False,,0,0,0,,0,,0,,0,,0,0.0,0.0,0,0.0,0.0,0.004578496260042497,0.012848034341363964,0.007816478202534189,0.0018379163110969377,0.004578496260042497,0.012848034341363964,0.007816478202534189,0.0018379163110969377,0,0.0,0,0.0,92,1.0,rule,model_rejected_by_learning_acceptance:acceptance_file_missing,RISK_ON,0.0002,0.0005,8.93095e-05,0.0,0.0,0.0004,0.0,0.0011893095,0.0011893095,0.0,0.0,0.0,0.0,0.0026723625,0.006,0.0,0.0,0.0,0.0,0.0,0.0,0.0,0.0,0.00107756,0.002,0.0,0.002090909090909091,0.0015761146070424426,0.0067445836979515335,0.0067445836979515335,0.0,0.00922823714846365,0.0,0.00922823714846365,0.00922823714846365,0.0,0.0,0.0,0.0,0.0,0.00922823714846365,0.00922823714846365,-0.006942912785805932,0.0,0.0,0.0,0.0,0.0,0.0,0.0,-0.006942912785805932,v2_net_trade_contract_no_double_count,-0.006942912785805932,pred_plus_fs,,,,,,,,,,1,2026-08-22 05:41:21+0800
20260817,20260818,55,000811.SZ,冰轮环境,1→2,-0.022,0.001925,-0.023925,0.1602423095509633,0.1602423095509633,0.1602423095509633,0.1602423095509633,True,calibrated_probability,valid,contract=valid; ordered feature contract validated; prediction=ok,step5_core_features_v1,hgb,0.1850283804191181,0.1602423095509633,0.1825569823970921,0.6147370500371204,57.858696,0.2454420922806225,通用设备,0.222842,0.2467671696303376,0.222842,0,missing_stock,stock not covered by intraday_features.csv,0.6825,0.0,0,0.0,0.0,0.5,0.0,0.45,0.0,中,分时缺失|低置信,0.55,0.55,0.93,neutral,106,0.0,0,32027008125,1,14d563095a4610dbbd41021640e53425b2b88341,2026-08-17T11:53:30Z,1.0,1→2,0.78,0.035,0.16,limit_list_d,1/1,0.2467671696303376,True,0.1602423095509633,55,20260818,,811,通用设备,山东,主板,19980528,40.99,45.09,40.98,45.09,10.0024,40.99001476331426,10.0024,0.1002683220226215,0.1000243601685518,-3.6016855195108455e-07,428070.91,1860985.73214,4.3752,6.9098,1.19,5.374785968132039e-06,0.0487894052382071,,,,,,0.0,0.1027146001467351,,,0.0911510312707918,0.1002683220226215,4475083.302,,,,299670.87,54796.77,136873.91,162796.96,,4.0,6.0,1.0,6.0,4.0,0.0,,,,,,0.0,,257700,40.99,10563123.0,0.9511144883485309,,U,0.0,131739453.0,131739453.0,133015.0,133015.0,,,,,,,,,,,,,,,,,,,,,,,,0.9511144883485309,10563123.0,,,,,,45.09,36.89,1.0,6.0,4.0,0.0,1.0,0.0,2.4032363808053727,MAIN,10.0,1,eligible_limit_le_10:10.00%:derived:up_limit/pre_close:tick_normalized,a_share_price_limit_le_10_v2,20260817,20260818,20260819,RISK_ON,20260817,0.27600627349999995,,0.6272603384210628,0.6272603384210628,False,lgbm,/home/runner/work/DC20/DC20/models/pfill_lgbm.joblib,,/home/runner/work/DC20/DC20/models/pfill_meta.json,0,,0,,/home/runner/work/DC20/DC20/outputs/learning/learning_acceptance_latest.json,False,,0,0,0,,0,,0,,0,,rule,model_rejected_by_learning_acceptance:acceptance_file_missing,0.007543595563370767,0.007543595563370767,,,,0.007543595563370767,0.007543595563370767,0.007543595563370767,0.007543595563370767,0.007543595563370767,0,0,,,0,0,False,,,,/home/runner/work/DC20/DC20/models/eret_meta.json,87,,87,,/home/runner/work/DC20/DC20/outputs/learning/learning_acceptance_latest.json,False,,0,0,0,,0,,0,,0,,0,0.0,0.0,0,0.0,0.0,0.004578496260042497,0.012848034341363964,0.007816478202534189,0.0018379163110969377,0.004578496260042497,0.012848034341363964,0.007816478202534189,0.0018379163110969377,0,0.0,0,0.0,92,1.0,rule,model_rejected_by_learning_acceptance:acceptance_file_missing,RISK_ON,0.0002,0.0005,0.00012686799999999998,0.0,0.0,0.0004,0.0,0.0012268679999999999,0.0012268679999999999,0.0,0.0,0.0,0.0,0.004952699999999999,0.006,0.0,0.0,0.0,0.0,0.0,0.0,0.0,0.0,0.0010875,0.002,0.0,0.002090909090909091,0.0016363636363636365,0.0068147727272727275,0.0068147727272727275,0.0,0.010535064545454546,0.0,0.010535064545454546,0.010535064545454546,0.0,0.0,0.0,0.0,0.0,0.010535064545454546,0.010535064545454546,-0.0070301342394629715,0.0,0.0,0.0,0.0,0.0,0.0,0.0,-0.0070301342394629715,v2_net_trade_contract_no_double_count,-0.0070301342394629715,pred_plus_fs,,,,,,,,,,1,2026-08-22 05:41:21+0800
20260817,20260818,17,603936.SH,博敏电子,1→2,-0.022,0.001925,-0.023925,0.2055812867711232,0.2055812867711232,0.2055812867711232,0.2055812867711232,True,calibrated_probability,valid,contract=valid; ordered feature contract validated; prediction=ok,step5_core_features_v1,hgb,0.1868171066722998,0.2055812867711232,0.2042855033215875,0.6934940760714043,60.402174,0.5394931282264485,元件,0.282286,0.3062107201418208,0.282286,0,missing_stock,stock not covered by intraday_features.csv,0.710411,0.0,0,0.0,0.0,0.5,0.0,0.6360759493670883,0.0,中,分时缺失|低置信,0.55,0.55,0.93,neutral,106,0.0,0,32027008125,1,14d563095a4610dbbd41021640e53425b2b88341,2026-08-17T11:53:30Z,1.0,1→2,0.78,0.035,0.16,limit_list_d,1/1,0.3062107201418208,True,0.2055812867711232,17,20260818,,603936,元件,广东,主板,20151209,16.29,17.38,16.01,17.38,10.0,15.799999999999995,10.0,0.0867088607594935,0.0689873417721519,0.0310126582278482,595776.31,1008764.365,9.4508,11.4473,1.22,9.913117817162386e-06,0.0339973873285434,,,,,,0.0,0.1352057478772044,,,0.078826237054085,0.0867088607594935,1121614.824,,,,299670.87,54796.77,136873.91,162796.96,,4.0,3.0,1.0,3.0,4.0,0.0,,,,,,0.0,,398400,16.29,6489936.0,0.9270516717325228,,U,1.0,112684968.0,112684968.0,94538.0,102547.0,,,,,,,,,,,,,,,,,,,,,,,,0.9270516717325228,6489936.0,,,,,,17.38,14.22,1.0,3.0,4.0,0.0,1.0,0.0,1.8810726306681205,MAIN,10.0,1,eligible_limit_le_10:10.00%:derived:up_limit/pre_close:tick_normalized,a_share_price_limit_le_10_v2,20260817,20260818,20260819,RISK_ON,20260817,0.37091151599999994,,0.6995221356726379,0.6995221356726379,False,lgbm,/home/runner/work/DC20/DC20/models/pfill_lgbm.joblib,,/home/runner/work/DC20/DC20/models/pfill_meta.json,0,,0,,/home/runner/work/DC20/DC20/outputs/learning/learning_acceptance_latest.json,False,,0,0,0,,0,,0,,0,,rule,model_rejected_by_learning_acceptance:acceptance_file_missing,0.00978591798781304,0.00978591798781304,,,,0.00978591798781304,0.00978591798781304,0.00978591798781304,0.00978591798781304,0.00978591798781304,0,0,,,0,0,False,,,,/home/runner/work/DC20/DC20/models/eret_meta.json,87,,87,,/home/runner/work/DC20/DC20/outputs/learning/learning_acceptance_latest.json,False,,0,0,0,,0,,0,,0,,0,0.0,0.0,0,0.0,0.0,0.004578496260042497,0.012848034341363964,0.007816478202534189,0.0018379163110969377,0.004578496260042497,0.012848034341363964,0.007816478202534189,0.0018379163110969377,0,0.0,0,0.0,92,1.0,rule,model_rejected_by_learning_acceptance:acceptance_file_missing,RISK_ON,0.0002,0.0005,5.077799999999997e-05,0.00011999999999999999,0.0,0.0004,0.0,0.001270778,0.001270778,0.0,0.005,0.002,0.0,0.0,0.006,0.0,0.0,0.0,0.0,0.0,0.0,0.0,0.0,0.000947945,0.002,0.0,0.002090909090909091,0.0007905638665132348,0.005829417957422326,0.005829417957422326,0.005,0.007072063468066745,0.0006,0.012672063468066746,0.012672063468066746,0.0,0.0,0.0,0.0,0.0,0.012672063468066746,0.012672063468066746,-0.007097375217714486,0.0,0.0,0.0,0.0,0.0,0.0,0.0,-0.007097375217714486,v2_net_trade_contract_no_double_count,-0.007097375217714486,pred_plus_fs,,,,,,,,,,1,2026-08-22 05:41:21+0800
20260817,20260818,1,002156.SZ,通富微电,1→2,-0.022,0.001925,-0.023925,0.3599611447121322,0.3599611447121322,0.3599611447121322,0.3599611447121322,True,calibrated_probability,valid,contract=valid; ordered feature contract validated; prediction=ok,step5_core_features_v1,hgb,0.2614318217113057,0.3599611447121322,0.3504026282750916,0.6360169230767717,68.663043,0.0164,半导体,0.366635,0.3905604257600311,0.366635,0,missing_stock,stock not covered by intraday_features.csv,0.688933,0.0,0,0.0,0.0,0.5,0.0,0.492884371029225,0.0,中,分时缺失|低置信,0.55,0.55,0.93,neutral,106,0.0,0,32027008125,1,14d563095a4610dbbd41021640e53425b2b88341,2026-08-17T11:53:30Z,1.0,1→2,0.78,0.035,0.16,limit_list_d,1/1,0.3905604257600311,True,0.3599611447121322,1,20260818,,2156,半导体,江苏,主板,20070816,63.41,69.26,63.4,69.26,10.0064,62.95997323792072,10.0064,0.0930750077967081,0.0929161767253827,0.0071478232746171,1476243.04,9941401.4245,9.7284,12.7678,1.74,1.0065381702965754e-06,0.0440851252492998,,,,,,0.0,0.1131468981035037,,,0.0846087207623448,0.0930750077967081,10510876.1294,,,,299670.87,54796.77,136873.91,162796.96,,,,0.0,,,0.0,1020979966.24,10.27,29.13,105098740895.72,29.13,0.0,,459832,63.41,29157947.12,0.9840425531914894,,U,1.0,497362986.0,497362986.0,110009.0,131139.0,,,,,,,,,,,,,,,,,,,,,,,,0.9840425531914894,29157947.12,,,,,,69.26,56.66,0.0,,,0.0,1.0,0.0,2.078521484533515,MAIN,10.0,1,eligible_limit_le_10:10.00%:derived:up_limit/pre_close:tick_normalized,a_share_price_limit_le_10_v2,20260817,20260818,20260819,RISK_ON,20260817,0.17996050699999996,,0.5711814636464417,0.5711814636464417,False,lgbm,/home/runner/work/DC20/DC20/models/pfill_lgbm.joblib,,/home/runner/work/DC20/DC20/models/pfill_meta.json,0,,0,,/home/runner/work/DC20/DC20/outputs/learning/learning_acceptance_latest.json,False,,0,0,0,,0,,0,,0,,rule,model_rejected_by_learning_acceptance:acceptance_file_missing,0.012848034341363964,0.012848034341363964,,,,0.012848034341363964,0.012848034341363964,0.012848034341363964,0.012848034341363964,0.012848034341363964,0,0,,,0,0,False,,,,/home/runner/work/DC20/DC20/models/eret_meta.json,87,,87,,/home/runner/work/DC20/DC20/outputs/learning/learning_acceptance_latest.json,False,,0,0,0,,0,,0,,0,,0,0.0,0.0,0,0.0,0.0,0.004578496260042497,0.012848034341363964,0.007816478202534189,0.0018379163110969377,0.004578496260042497,0.012848034341363964,0.007816478202534189,0.0018379163110969377,0,0.0,0,0.0,92,1.0,rule,model_rejected_by_learning_acceptance:acceptance_file_missing,RISK_ON,0.0002,0.0005,6.0494000000000014e-05,0.00011999999999999999,0.0,0.0004,0.0,0.001280494,0.001280494,0.0,0.005,0.002,0.0,0.0,0.006,0.0,0.0,0.0,0.0,0.0,0.0,0.0,0.0,0.001055335,0.002,0.0,0.002090909090909091,0.0014414346771398864,0.006587678768048978,0.006587678768048978,0.005,0.007640759076036734,0.0006,0.013240759076036734,0.013240759076036734,0.0,0.0,0.0,0.0,0.0,0.013240759076036734,0.013240759076036734,-0.007182694015956718,0.0,0.0,0.0,0.0,0.0,0.0,0.0,-0.007182694015956718,v2_net_trade_contract_no_double_count,-0.007182694015956718,pred_plus_fs,,,,,,,,,,1,2026-08-22 05:41:21+0800
20260817,20260818,11,600459.SH,贵研铂业,1→2,-0.022,0.001925,-0.023925,0.2356139360834835,0.2356139360834835,0.2356139360834835,0.2356139360834835,True,calibrated_probability,valid,contract=valid; ordered feature contract validated; prediction=ok,step5_core_features_v1,hgb,0.1889762376633686,0.2356139360834835,0.2193110438407854,0.5853618223468786,62.097826,0.01,小金属,0.26597,0.2898946380276692,0.26597,0,missing_stock,stock not covered by intraday_features.csv,0.713534,0.0,0,0.0,0.0,0.5,0.0,0.6568965517241384,0.0,中,分时缺失|低置信,0.55,0.55,0.93,neutral,106,0.0,0,32027008125,1,14d563095a4610dbbd41021640e53425b2b88341,2026-08-17T11:53:30Z,1.0,1→2,0.78,0.035,0.16,limit_list_d,1/1,0.2898946380276692,True,0.2356139360834835,11,20260818,,600459,小金属,云南,主板,20030516,21.6,22.97,21.13,22.97,10.0096,20.879995927628134,10.0096,0.0881226225511536,0.0656130396168914,0.0344829603831085,497799.48,1102668.46,6.5525,10.6721,1.42,9.077615224434732e-06,0.0466727721802872,,,,,,0.0,0.1075216972034716,,,0.0801044841097083,0.0881226225511536,1891070.0254,,,,299670.87,54796.77,136873.91,162796.96,,,,0.0,,,0.0,,,,,,0.0,,398100,21.6,8598960.0,0.942629179331307,,U,1.0,112117075.0,112117075.0,130542.0,131042.0,,,,,,,,,,,,,,,,,,,,,,,,0.942629179331307,8598960.0,,,,,,22.97,18.79,0.0,,,0.0,1.0,0.0,1.630412070251153,MAIN,10.0,1,eligible_limit_le_10:10.00%:derived:up_limit/pre_close:tick_normalized,a_share_price_limit_le_10_v2,20260817,20260818,20260819,RISK_ON,20260817,0.3567039624999999,,0.6926577427698025,0.6926577427698025,False,lgbm,/home/runner/work/DC20/DC20/models/pfill_lgbm.joblib,,/home/runner/work/DC20/DC20/models/pfill_meta.json,0,,0,,/home/runner/work/DC20/DC20/outputs/learning/learning_acceptance_latest.json,False,,0,0,0,,0,,0,,0,,rule,model_rejected_by_learning_acceptance:acceptance_file_missing,0.009098418082504505,0.009098418082504505,,,,0.009098418082504505,0.009098418082504505,0.009098418082504505,0.009098418082504505,0.009098418082504505,0,0,,,0,0,False,,,,/home/runner/work/DC20/DC20/models/eret_meta.json,87,,87,,/home/runner/work/DC20/DC20/outputs/learning/learning_acceptance_latest.json,False,,0,0,0,,0,,0,,0,,0,0.0,0.0,0,0.0,0.0,0.004578496260042497,0.012848034341363964,0.007816478202534189,0.0018379163110969377,0.004578496260042497,0.012848034341363964,0.007816478202534189,0.0018379163110969377,0,0.0,0,0.0,92,1.0,rule,model_rejected_by_learning_acceptance:acceptance_file_missing,RISK_ON,0.0002,0.0005,5.066249999999999e-05,0.00011999999999999999,0.0,0.0004,0.0,0.0012706624999999998,0.0012706624999999998,0.0,0.005,0.002,0.0,0.0,0.006,0.0,0.0,0.0,0.0,0.0,0.0,0.0,0.0,0.0009323300000000001,0.002,0.0,0.002090909090909091,0.00069592476489028,0.005719163855799372,0.005719163855799372,0.005,0.006989372891849529,0.0006,0.01258937289184953,0.01258937289184953,0.0,0.0,0.0,0.0,0.0,0.01258937289184953,0.01258937289184953,-0.007557945660046004,0.0,0.0,0.0,0.0,0.0,0.0,0.0,-0.007557945660046004,v2_net_trade_contract_no_double_count,-0.007557945660046004,pred_plus_fs,,,,,,,,,,1,2026-08-22 05:41:21+0800
20260817,20260818,24,000737.SZ,北方铜业,1→2,-0.022,0.001925,-0.023925,0.1951759990278154,0.1951759990278154,0.1951759990278154,0.1951759990278154,True,calibrated_probability,valid,contract=valid; ordered feature contract validated; prediction=ok,step5_core_features_v1,hgb,0.1771334403412698,0.1951759990278154,0.1745212017303334,0.5809150885685391,59.945652,0.01,工业金属,0.233359,0.2572837340887016,0.233359,0,missing_stock,stock not covered by intraday_features.csv,0.731507,0.0,0,0.0,0.0,0.5,0.0,0.7767108167770413,0.0,中,分时缺失|低置信,0.55,0.55,0.93,neutral,106,0.0,0,32027008125,1,14d563095a4610dbbd41021640e53425b2b88341,2026-08-17T11:53:30Z,1.0,1→2,0.78,0.035,0.16,limit_list_d,1/1,0.2572837340887016,True,0.1951759990278154,24,20260818,,737,工业金属,山西,主板,19970428,14.33,14.95,14.1,14.95,10.0074,13.58999485489158,10.0074,0.0625460133779264,0.0456217979933109,0.054452202006689,1381462.01,2020297.25973,7.2535,14.7972,2.55,4.95342947766876e-06,0.0504044388174695,,,,,,0.0,0.0992647058823528,,,0.0568561872909698,0.0625460133779264,2847551.1675,,,,299670.87,54796.77,136873.91,162796.96,,,,0.0,,,0.0,,,,,,0.0,,1670447,14.33,23937505.51,0.9788500506585612,,U,1.0,40748886.0,40748886.0,110545.0,111139.0,,,,,,,,,,,,,,,,,,,,,,,,0.9788500506585612,23937505.51,,,,,,14.95,12.23,0.0,,,0.0,1.0,0.0,1.5473981914323778,MAIN,10.0,1,eligible_limit_le_10:10.00%:derived:up_limit/pre_close:tick_normalized,a_share_price_limit_le_10_v2,20260817,20260818,20260819,RISK_ON,20260817,0.395893057,,0.7183991667622752,0.7183991667622752,False,lgbm,/home/runner/work/DC20/DC20/models/pfill_lgbm.joblib,,/home/runner/work/DC20/DC20/models/pfill_meta.json,0,,0,,/home/runner/work/DC20/DC20/outputs/learning/learning_acceptance_latest.json,False,,0,0,0,,0,,0,,0,,rule,model_rejected_by_learning_acceptance:acceptance_file_missing,0.007885279970834462,0.007885279970834462,,,,0.007885279970834462,0.007885279970834462,0.007885279970834462,0.007885279970834462,0.007885279970834462,0,0,,,0,0,False,,,,/home/runner/work/DC20/DC20/models/eret_meta.json,87,,87,,/home/runner/work/DC20/DC20/outputs/learning/learning_acceptance_latest.json,False,,0,0,0,,0,,0,,0,,0,0.0,0.0,0,0.0,0.0,0.004578496260042497,0.012848034341363964,0.007816478202534189,0.0018379163110969377,0.004578496260042497,0.012848034341363964,0.007816478202534189,0.0018379163110969377,0,0.0,0,0.0,92,1.0,rule,model_rejected_by_learning_acceptance:acceptance_file_missing,RISK_ON,0.0002,0.0005,2.6127500000000004e-05,0.00011999999999999999,0.0,0.0004,0.0,0.0012461275,0.0012461275,0.0,0.005,0.002,0.0,0.0,0.006,0.0,0.0,0.0,0.0,0.0,0.0,0.0,0.0,0.0008424649999999999,0.002,0.0,0.002090909090909091,0.0,0.004933374090909091,0.004933374090909091,0.005,0.0064000305681818186,0.0006,0.01200003056818182,0.01200003056818182,0.0,0.0,0.0,0.0,0.0,0.01200003056818182,0.01200003056818182,-0.007581379507447084,0.0,0.0,0.0,0.0,0.0,0.0,0.0,-0.007581379507447084,v2_net_trade_contract_no_double_count,-0.007581379507447084,pred_plus_fs,,,,,,,,,,1,2026-08-22 05:41:21+0800
20260817,20260818,32,603330.SH,天洋新材,4→5,0.01,0.000275,0.009725,0.1830802750922936,0.1830802750922936,0.1830802750922936,0.1830802750922936,True,calibrated_probability,valid,contract=valid; ordered feature contract validated; prediction=ok,step5_core_features_v1,hgb,0.1934432425095868,0.1830802750922936,0.1767112649867525,0.5610195489862188,56.815217,0.01,塑料,0.252281,0.2425558573338363,0.252281,0,missing_stock,stock not covered by intraday_features.csv,0.765,0.0,0,0.0,0.0,0.5,0.0,1.0,0.0,中,分时缺失|低置信,0.55,0.55,0.93,neutral,106,0.0,0,32027008125,1,14d563095a4610dbbd41021640e53425b2b88341,2026-08-17T11:53:30Z,4.0,4→5,1.1,0.005,0.515,limit_list_d,4/4,0.2425558573338363,True,0.1830802750922936,32,20260818,,603330,塑料,上海,主板,20170213,11.75,11.75,11.75,11.75,10.0187,10.680002581379346,10.0187,0.0,0.0,0.1001870000000001,118591.39,139344.883,2.9158,4.6576,0.38,7.1898585612218e-05,0.0001451262646718,,,,,,0.0,0.2100926879505662,,,0.0,0.0,508391.48,,,,299670.87,54796.77,136873.91,162796.96,,3.0,10.0,1.0,10.0,3.0,0.0,,,,,,0.0,,5575437,11.75,65511385.0,0.9937943262411348,,U,0.0,195724450.0,195724450.0,92503.0,92503.0,,,,,,,,,,,,,,,,,,,,,,,,0.9937943262411348,65511385.0,,,,,,11.75,9.61,1.0,10.0,3.0,0.0,1.0,0.0,2.4776622960710344,MAIN,10.0,1,eligible_limit_le_10:10.00%:derived:up_limit/pre_close:tick_normalized,a_share_price_limit_le_10_v2,20260817,20260818,20260819,RISK_ON,20260817,0.23671677499999996,,0.6209863512014309,0.6209863512014309,False,lgbm,/home/runner/work/DC20/DC20/models/pfill_lgbm.joblib,,/home/runner/work/DC20/DC20/models/pfill_meta.json,0,,0,,/home/runner/work/DC20/DC20/outputs/learning/learning_acceptance_latest.json,False,,0,0,0,,0,,0,,0,,rule,model_rejected_by_learning_acceptance:acceptance_file_missing,0.007522408252768809,0.007522408252768809,,,,0.007522408252768809,0.007522408252768809,0.007522408252768809,0.007522408252768809,0.007522408252768809,0,0,,,0,0,False,,,,/home/runner/work/DC20/DC20/models/eret_meta.json,87,,87,,/home/runner/work/DC20/DC20/outputs/learning/learning_acceptance_latest.json,False,,0,0,0,,0,,0,,0,,0,0.0,0.0,0,0.0,0.0,0.004578496260042497,0.012848034341363964,0.007816478202534189,0.0018379163110969377,0.004578496260042497,0.012848034341363964,0.007816478202534189,0.0018379163110969377,0,0.0,0,0.0,92,1.0,rule,model_rejected_by_learning_acceptance:acceptance_file_missing,RISK_ON,0.0002,0.0005,0.00076263,0.0,0.0,0.0004,0.0,0.00186263,0.00186263,0.0,0.0,0.0,0.0,0.008053925,0.006,0.0,0.0,0.0,0.0,0.0,0.0,0.0,0.0,0.0006749999999999999,0.002,0.0,0.002090909090909091,0.0,0.0047659090909090915,0.0047659090909090915,0.0,0.010704090568181819,0.0,0.010704090568181819,0.010704090568181819,0.0,0.0,0.0,0.0,0.0,0.010704090568181819,0.010704090568181819,-0.007895407715047386,0.0,0.0,0.0,0.0,0.0,0.0,0.0,-0.007895407715047386,v2_net_trade_contract_no_double_count,-0.007895407715047386,pred_plus_fs,,,,,,,,,,1,2026-08-22 05:41:21+0800
20260817,20260818,61,002172.SZ,澳洋健康,4→5,0.01,0.000275,0.009725,0.1545592397281151,0.1545592397281151,0.1545592397281151,0.1545592397281151,True,calibrated_probability,valid,contract=valid; ordered feature contract validated; prediction=ok,step5_core_features_v1,hgb,0.1851168092783134,0.1545592397281151,0.1602984634084985,0.5987154879575046,56.608696,0.0164,医疗服务,0.232395,0.2226703982712191,0.232395,0,missing_stock,stock not covered by intraday_features.csv,0.714218,0.0,0,0.0,0.0,0.5,0.0,0.6614537444933924,0.0,中,分时缺失|低置信,0.55,0.55,0.93,neutral,106,0.0,0,32027008125,1,14d563095a4610dbbd41021640e53425b2b88341,2026-08-17T11:53:30Z,4.0,4→5,1.1,0.005,0.515,limit_list_d,4/4,0.2226703982712191,True,0.1545592397281151,61,20260818,,2172,医疗服务,江苏,主板,20070921,4.7,4.99,4.39,4.99,9.9119,4.5399997634469065,9.9119,0.1321585971943888,0.0638766553106212,0.0352423446893787,2054840.92,980026.10057,26.8557,40.0847,7.49,1.011391430721597e-05,7.733250845332051e-05,,,,,,0.0,0.2082324455205813,,,0.1202404809619239,0.1321585971943888,382100.4177,,,,299670.87,54796.77,136873.91,162796.96,,,,0.0,,,0.0,-2009005.14,-0.2,25.34,3818052242.7,25.34,0.0,,26156700,4.7,122936490.0,0.997467071935157,,U,0.0,54413839.0,54413839.0,94915.0,94915.0,,,,,,,,,,,,,,,,,,,,,,,,0.997467071935157,122936490.0,,,,,,4.99,4.09,0.0,,,0.0,1.0,0.0,2.0632929586711297,MAIN,10.0,1,eligible_limit_le_10:10.00%:derived:up_limit/pre_close:tick_normalized,a_share_price_limit_le_10_v2,20260817,20260818,20260819,RISK_ON,20260817,0.39279308049999995,,0.7120877801002004,0.7120877801002004,False,lgbm,/home/runner/work/DC20/DC20/models/pfill_lgbm.joblib,,/home/runner/work/DC20/DC20/models/pfill_meta.json,0,,0,,/home/runner/work/DC20/DC20/outputs/learning/learning_acceptance_latest.json,False,,0,0,0,,0,,0,,0,,rule,model_rejected_by_learning_acceptance:acceptance_file_missing,0.006685977191843452,0.006685977191843452,,,,0.006685977191843452,0.006685977191843452,0.006685977191843452,0.006685977191843452,0.006685977191843452,0,0,,,0,0,False,,,,/home/runner/work/DC20/DC20/models/eret_meta.json,87,,87,,/home/runner/work/DC20/DC20/outputs/learning/learning_acceptance_latest.json,False,,0,0,0,,0,,0,,0,,0,0.0,0.0,0,0.0,0.0,0.004578496260042497,0.012848034341363964,0.007816478202534189,0.0018379163110969377,0.004578496260042497,0.012848034341363964,0.007816478202534189,0.0018379163110969377,0,0.0,0,0.0,92,1.0,rule,model_rejected_by_learning_acceptance:acceptance_file_missing,RISK_ON,0.0002,0.0005,0.000842785,0.0,0.0,0.0004,0.0001,0.002042785,0.002042785,0.0,0.0,0.0,0.0,0.0,0.006,0.0039518999999999995,0.0,0.0,0.0,0.0,0.0,0.0,0.0,0.0009289099999999999,0.002,0.0,0.002090909090909091,0.0006752102523027617,0.005695029343211853,0.005695029343211853,0.0,0.00697127200740889,0.0,0.00697127200740889,0.00697127200740889,0.0039518999999999995,0.0,0.0039518999999999995,0.0039518999999999995,0.0,0.01092317200740889,0.01092317200740889,-0.008204954351068515,0.0,0.0,0.0,0.0,0.0,0.0,0.0,-0.008204954351068515,v2_net_trade_contract_no_double_count,-0.008204954351068515,pred_plus_fs,,,,,,,,,,1,2026-08-22 05:41:21+0800
20260817,20260818,31,603773.SH,沃格光电,1→2,-0.022,0.001925,-0.023925,0.1859075649563366,0.1859075649563366,0.1859075649563366,0.1859075649563366,True,calibrated_probability,valid,contract=valid; ordered feature contract validated; prediction=ok,step5_core_features_v1,hgb,0.1894319052866349,0.1859075649563366,0.1769495785168687,0.6179113482988833,52.532609,0.4258611773793213,光学光电,0.244034,0.2679590655755373,0.244034,0,missing_stock,stock not covered by intraday_features.csv,0.700028,0.0,0,0.0,0.0,0.5,0.0,0.5668544057269187,0.0,中,分时缺失|低置信,0.55,0.55,0.93,neutral,106,0.0,0,32027008125,1,14d563095a4610dbbd41021640e53425b2b88341,2026-08-17T11:53:30Z,1.0,1→2,0.78,0.035,0.16,limit_list_d,5/10,0.2679590655755373,True,0.1859075649563366,31,20260818,,603773,光学光电,江西,主板,20180417,96.84,104.49,96.32,104.49,10.0011,94.98995919131715,10.0011,0.0860090905349794,0.0805348277347113,0.0194761722652886,65635.7,668613.751,2.9213,4.7241,0.28,1.495796337577867e-05,0.04366198012988,,,,,,0.0,0.1139658848614071,,,0.0781893004115226,0.0860090905349794,2348481.7134,,,,299670.87,54796.77,136873.91,162796.96,,4.0,4.0,1.0,4.0,4.0,0.0,,,,,,0.0,,82500,96.84,7989300.0,0.940096251266464,,U,0.0,208930889.0,208930889.0,93431.0,93431.0,,,,,,,,,,,,,,,,,,,,,,,,0.940096251266464,7989300.0,,,,,,104.49,85.49,1.0,4.0,4.0,0.0,1.0,0.0,2.4930237300955627,MAIN,10.0,1,eligible_limit_le_10:10.00%:derived:up_limit/pre_close:tick_normalized,a_share_price_limit_le_10_v2,20260817,20260818,20260819,RISK_ON,20260817,0.2301410555,,0.603602271473695,0.603602271473695,False,lgbm,/home/runner/work/DC20/DC20/models/pfill_lgbm.joblib,,/home/runner/work/DC20/DC20/models/pfill_meta.json,0,,0,,/home/runner/work/DC20/DC20/outputs/learning/learning_acceptance_latest.json,False,,0,0,0,,0,,0,,0,,rule,model_rejected_by_learning_acceptance:acceptance_file_missing,0.008854810480828063,0.008854810480828063,,,,0.008854810480828063,0.008854810480828063,0.008854810480828063,0.008854810480828063,0.008854810480828063,0,0,,,0,0,False,,,,/home/runner/work/DC20/DC20/models/eret_meta.json,87,,87,,/home/runner/work/DC20/DC20/outputs/learning/learning_acceptance_latest.json,False,,0,0,0,,0,,0,,0,,0,0.0,0.0,0,0.0,0.0,0.004578496260042497,0.012848034341363964,0.007816478202534189,0.0018379163110969377,0.004578496260042497,0.012848034341363964,0.007816478202534189,0.0018379163110969377,0,0.0,0,0.0,92,1.0,rule,model_rejected_by_learning_acceptance:acceptance_file_missing,RISK_ON,0.0002,0.0005,0.0007618050000000001,0.0,0.0,0.0004,0.0,0.001861805,0.001861805,0.0,0.0,0.0,0.0,0.0080422375,0.006,0.0,0.0,0.0,0.0,0.0,0.0,0.0,0.0,0.00099986,0.002,0.0,0.002090909090909091,0.0011052072466958241,0.006195976337604915,0.006195976337604915,0.0,0.011770212878203687,0.0,0.011770212878203687,0.011770212878203687,0.0,0.0,0.0,0.0,0.0,0.011770212878203687,0.011770212878203687,-0.008287234158506787,0.0,0.0,0.0,0.0,0.0,0.0,0.0,-0.008287234158506787,v2_net_trade_contract_no_double_count,-0.008287234158506787,pred_plus_fs,,,,,,,,,,1,2026-08-22 05:41:21+0800
20260817,20260818,82,002478.SZ,常宝股份,1→2,-0.022,0.001925,-0.023925,0.1269710795984187,0.1269710795984187,0.1269710795984187,0.1269710795984187,True,calibrated_probability,valid,contract=valid; ordered feature contract validated; prediction=ok,step5_core_features_v1,hgb,0.1603916979735365,0.1269710795984187,0.1350129517334487,0.5170230850729287,45.119565,0.01,特钢Ⅱ,0.155963,0.1798881164881239,0.155963,0,missing_stock,stock not covered by intraday_features.csv,0.6825,0.0,0,0.0,0.0,0.5,0.0,0.45,0.0,中,分时缺失|低置信,0.55,0.55,0.93,neutral,106,0.0,0,32027008125,1,14d563095a4610dbbd41021640e53425b2b88341,2026-08-17T11:53:30Z,1.0,1→2,0.78,0.035,0.16,limit_list_d,1/1,0.1798881164881239,True,0.1269710795984187,82,20260818,,2478,特钢Ⅱ,江苏,主板,20100921,6.24,6.86,6.18,6.86,9.9359,6.239999854460645,9.9359,0.108974361516035,0.0993589766763848,2.3323615093670982e-08,290293.09,189685.32564,4.0167,4.9127,3.06,5.238096287351794e-05,0.0496794871794872,,,,,,0.0,0.0993589743589744,,,0.0991253644314869,0.108974361516035,617951.6812,,,,299670.87,54796.77,136873.91,162796.96,,,,0.0,,,0.0,,,,,,0.0,,12800,6.24,79872.0,0.3463779128672746,,U,0.0,31878077.0,31878077.0,135857.0,135857.0,,,,,,,,,,,,,,,,,,,,,,,,0.3463779128672746,79872.0,,,,,,6.86,5.62,0.0,,,0.0,1.0,0.0,2.037079865107038,MAIN,10.0,1,eligible_limit_le_10:10.00%:derived:up_limit/pre_close:tick_normalized,a_share_price_limit_le_10_v2,20260817,20260818,20260819,RISK_ON,20260817,0.3241444615,,0.6636822234793577,0.6636822234793577,False,lgbm,/home/runner/work/DC20/DC20/models/pfill_lgbm.joblib,,/home/runner/work/DC20/DC20/models/pfill_meta.json,0,,0,,/home/runner/work/DC20/DC20/outputs/learning/learning_acceptance_latest.json,False,,0,0,0,,0,,0,,0,,rule,model_rejected_by_learning_acceptance:acceptance_file_missing,0.005839132387952561,0.005839132387952561,,,,0.005839132387952561,0.005839132387952561,0.005839132387952561,0.005839132387952561,0.005839132387952561,0,0,,,0,0,False,,,,/home/runner/work/DC20/DC20/models/eret_meta.json,87,,87,,/home/runner/work/DC20/DC20/outputs/learning/learning_acceptance_latest.json,False,,0,0,0,,0,,0,,0,,0,0.0,0.0,0,0.0,0.0,0.004578496260042497,0.012848034341363964,0.007816478202534189,0.0018379163110969377,0.004578496260042497,0.012848034341363964,0.007816478202534189,0.0018379163110969377,0,0.0,0,0.0,92,1.0,rule,model_rejected_by_learning_acceptance:acceptance_file_missing,RISK_ON,0.0002,0.0005,0.00013941549999999997,0.0,0.0,0.0004,0.0,0.0012394155,0.0012394155,0.0,0.0,0.0,0.0,0.0057145124999999995,0.006,0.0,0.0,0.0,0.0,0.0,0.0,0.0,0.0,0.0010875,0.002,0.0,0.002090909090909091,0.0016363636363636365,0.0068147727272727275,0.0068147727272727275,0.0,0.010954061420454545,0.0,0.010954061420454545,0.010954061420454545,0.0,0.0,0.0,0.0,0.0,0.010954061420454545,0.010954061420454545,-0.00831814855402786,0.0,0.0,0.0,0.0,0.0,0.0,0.0,-0.00831814855402786,v2_net_trade_contract_no_double_count,-0.00831814855402786,pred_plus_fs,,,,,,,,,,1,2026-08-22 05:41:21+0800
20260817,20260818,27,603010.SH,万盛股份,1→2,-0.022,0.001925,-0.023925,0.1922688934623432,0.1922688934623432,0.1922688934623432,0.1922688934623432,True,calibrated_probability,valid,contract=valid; ordered feature contract validated; prediction=ok,step5_core_features_v1,hgb,0.1707792170974031,0.1922688934623432,0.1845566218110314,0.7060890687073557,56.728261,0.83,化学制品,0.287966,0.3118909012697941,0.287966,0,missing_stock,stock not covered by intraday_features.csv,0.678504,0.0,0,0.0,0.0,0.5,0.0,0.4233570159857909,0.0,中,分时缺失|低置信,0.55,0.55,0.93,neutral,106,0.0,0,32027008125,1,14d563095a4610dbbd41021640e53425b2b88341,2026-08-17T11:53:30Z,1.0,1→2,0.78,0.035,0.16,limit_list_d,1/1,0.3118909012697941,True,0.1922688934623432,27,20260818,,603010,化学制品,浙江,主板,20141010,11.21,12.39,11.21,12.39,10.0355,11.260002453753565,10.0355,0.1047957142857142,0.1047957142857142,-0.0044407142857143,136677.4,162157.022,2.3946,4.7155,1.85,6.188754502410633e-05,0.0425130572243568,,,,,,0.0,0.1172227231740308,,,0.0952380952380952,0.1047957142857142,724852.5417,,,,299670.87,54796.77,136873.91,162796.96,,8.0,1.0,1.0,1.0,8.0,0.0,,,,,,0.0,,13000,11.21,145730.0,0.4351570415400203,,U,0.0,59365446.0,59365446.0,145338.0,145338.0,,,,,,,,,,,,,,,,,,,,,,,,0.4351570415400203,145730.0,,,,,,12.39,10.13,1.0,1.0,8.0,0.0,1.0,0.0,2.3190525570190186,MAIN,10.0,1,eligible_limit_le_10:10.00%:derived:up_limit/pre_close:tick_normalized,a_share_price_limit_le_10_v2,20260817,20260818,20260819,RISK_ON,20260817,0.302290277,,0.6412731672170358,0.6412731672170358,False,lgbm,/home/runner/work/DC20/DC20/models/pfill_lgbm.joblib,,/home/runner/work/DC20/DC20/models/pfill_meta.json,0,,0,,/home/runner/work/DC20/DC20/outputs/learning/learning_acceptance_latest.json,False,,0,0,0,,0,,0,,0,,rule,model_rejected_by_learning_acceptance:acceptance_file_missing,0.010258066803870295,0.010258066803870295,,,,0.010258066803870295,0.010258066803870295,0.010258066803870295,0.010258066803870295,0.010258066803870295,0,0,,,0,0,False,,,,/home/runner/work/DC20/DC20/models/eret_meta.json,87,,87,,/home/runner/work/DC20/DC20/outputs/learning/learning_acceptance_latest.json,False,,0,0,0,,0,,0,,0,,0,0.0,0.0,0,0.0,0.0,0.004578496260042497,0.012848034341363964,0.007816478202534189,0.0018379163110969377,0.004578496260042497,0.012848034341363964,0.007816478202534189,0.0018379163110969377,0,0.0,0,0.0,92,1.0,rule,model_rejected_by_learning_acceptance:acceptance_file_missing,RISK_ON,0.0002,0.0005,0.0008408100000000001,0.0,0.0,0.0004,0.0,0.00194081,0.00194081,0.0,0.0,0.0,0.0,0.009161475,0.006,0.0,0.0,0.0,0.0,0.0,0.0,0.0,0.0,0.00110748,0.002,0.0,0.002090909090909091,0.001757468109155496,0.0069558572000645875,0.0069558572000645875,0.0,0.01295570415004844,0.0,0.01295570415004844,0.01295570415004844,0.0,0.0,0.0,0.0,0.0,0.01295570415004844,0.01295570415004844,-0.008318291161206602,0.0,0.0,0.0,0.0,0.0,0.0,0.0,-0.008318291161206602,v2_net_trade_contract_no_double_count,-0.008318291161206602,pred_plus_fs,,,,,,,,,,1,2026-08-22 05:41:21+0800
20260817,20260818,80,603089.SH,正裕工业,2→3,-0.008,0.000825,-0.008825,0.1288227625402211,0.1288227625402211,0.1288227625402211,0.1288227625402211,True,calibrated_probability,valid,contract=valid; ordered feature contract validated; prediction=ok,step5_core_features_v1,hgb,0.167047407394899,0.1288227625402211,0.1110674677967952,0.6111014589793318,55.043478,0.3351513965909831,汽车零部件,0.217219,0.2260437664389997,0.217219,0,missing_stock,stock not covered by intraday_features.csv,0.732346,0.0,0,0.0,0.0,0.5,0.0,0.7823076923076923,0.0,中,分时缺失|低置信,0.55,0.55,0.93,neutral,106,0.0,0,32027008125,1,14d563095a4610dbbd41021640e53425b2b88341,2026-08-17T11:53:30Z,2.0,2→3,0.92,0.015,0.35,limit_list_d,2/2,0.2260437664389997,True,0.1288227625402211,80,20260818,,603089,汽车零部件,浙江,主板,20170126,10.29,10.73,10.29,10.73,10.0513,9.749998409832504,10.0513,0.0451282124883505,0.0451282124883505,0.0553847875116494,64307.48,68333.942,2.6791,6.68,2.09,0.0001470908849368,3.0676622098657624e-05,,,,,,0.0,0.2110609480812642,,,0.0410065237651445,0.0451282124883505,295846.8089,,,,299670.87,54796.77,136873.91,162796.96,,4.0,5.0,1.0,5.0,4.0,0.0,7772479.72,11.37,45.0,2575556965.64,45.0,0.0,,986900,10.29,10155201.0,0.9492147922998988,,U,0.0,28557701.0,28557701.0,93036.0,93036.0,,,,,,,,,,,,,,,,,,,,,,,,0.9492147922998988,10155201.0,,,,,,10.73,8.78,1.0,5.0,4.0,0.0,1.0,0.0,2.2832176781192643,MAIN,10.0,1,eligible_limit_le_10:10.00%:derived:up_limit/pre_close:tick_normalized,a_share_price_limit_le_10_v2,20260817,20260818,20260819,RISK_ON,20260817,0.31911664949999996,,0.6659550492107912,0.6659550492107912,False,lgbm,/home/runner/work/DC20/DC20/models/pfill_lgbm.joblib,,/home/runner/work/DC20/DC20/models/pfill_meta.json,0,,0,,/home/runner/work/DC20/DC20/outputs/learning/learning_acceptance_latest.json,False,,0,0,0,,0,,0,,0,,rule,model_rejected_by_learning_acceptance:acceptance_file_missing,0.006870137065979583,0.006870137065979583,,,,0.006870137065979583,0.006870137065979583,0.006870137065979583,0.006870137065979583,0.006870137065979583,0,0,,,0,0,False,,,,/home/runner/work/DC20/DC20/models/eret_meta.json,87,,87,,/home/runner/work/DC20/DC20/outputs/learning/learning_acceptance_latest.json,False,,0,0,0,,0,,0,,0,,0,0.0,0.0,0,0.0,0.0,0.004578496260042497,0.012848034341363964,0.007816478202534189,0.0018379163110969377,0.004578496260042497,0.012848034341363964,0.007816478202534189,0.0018379163110969377,0,0.0,0,0.0,92,1.0,rule,model_rejected_by_learning_acceptance:acceptance_file_missing,RISK_ON,0.0002,0.0005,0.000798135,0.0,0.0,0.0004,0.0,0.001898135,0.001898135,0.0,0.0,0.0,0.0,0.0085569125,0.006,0.0,0.0,0.0,0.0,0.0,0.0,0.0,0.0,0.0008382699999999998,0.002,0.0,0.002090909090909091,0.0,0.0049291790909090916,0.0049291790909090916,0.0,0.011103186193181819,0.0,0.011103186193181819,0.011103186193181819,0.0,0.0,0.0,0.0,0.0,0.011103186193181819,0.011103186193181819,-0.008426118725322505,0.0,0.0,0.0,0.0,0.0,0.0,0.0,-0.008426118725322505,v2_net_trade_contract_no_double_count,-0.008426118725322505,pred_plus_fs,,,,,,,,,,1,2026-08-22 05:41:21+0800
20260817,20260818,18,603721.SH,中广天择,1→2,-0.022,0.001925,-0.023925,0.2042730291491036,0.2042730291491036,0.2042730291491036,0.2042730291491036,True,calibrated_probability,valid,contract=valid; ordered feature contract validated; prediction=ok,step5_core_features_v1,hgb,0.1775297518253123,0.2042730291491036,0.2280326357152573,0.5805114252442922,60.097826,0.01,影视院线,0.240031,0.2639560031736033,0.240031,0,missing_stock,stock not covered by intraday_features.csv,0.688975,0.0,0,0.0,0.0,0.5,0.0,0.493165467625899,0.0,中,分时缺失|低置信,0.55,0.55,0.93,neutral,106,0.0,0,32027008125,1,14d563095a4610dbbd41021640e53425b2b88341,2026-08-17T11:53:30Z,1.0,1→2,0.78,0.035,0.16,limit_list_d,1/1,0.2639560031736033,True,0.2042730291491036,18,20260818,,603721,影视院线,湖南,主板,20170811,18.2,19.88,17.99,19.88,10.0166,18.07000034540242,10.0166,0.1045932464788732,0.0929717746478873,0.0071942253521127,92261.0,177368.555,7.097,14.3029,1.5,5.647336981462132e-05,0.0755556995902953,,,,,,0.0,0.0441176470588235,,,0.0950704225352113,0.1045932464788732,258440.0,,,,299670.87,54796.77,136873.91,162796.96,,,,0.0,,,0.0,,,,,,0.0,,36200,18.2,658840.0,0.6895896656534954,,U,1.0,43131648.0,43131648.0,100529.0,103941.0,,,,,,,,,,,,,,,,,,,,,,,,0.6895896656534954,658840.0,,,,,,19.88,16.26,0.0,,,0.0,1.0,0.0,1.5501697668176235,MAIN,10.0,1,eligible_limit_le_10:10.00%:derived:up_limit/pre_close:tick_normalized,a_share_price_limit_le_10_v2,20260817,20260818,20260819,RISK_ON,20260817,0.3939191759999999,,0.7078174028847676,0.7078174028847676,False,lgbm,/home/runner/work/DC20/DC20/models/pfill_lgbm.joblib,,/home/runner/work/DC20/DC20/models/pfill_meta.json,0,,0,,/home/runner/work/DC20/DC20/outputs/learning/learning_acceptance_latest.json,False,,0,0,0,,0,,0,,0,,rule,model_rejected_by_learning_acceptance:acceptance_file_missing,0.00815819087447311,0.00815819087447311,,,,0.00815819087447311,0.00815819087447311,0.00815819087447311,0.00815819087447311,0.00815819087447311,0,0,,,0,0,False,,,,/home/runner/work/DC20/DC20/models/eret_meta.json,87,,87,,/home/runner/work/DC20/DC20/outputs/learning/learning_acceptance_latest.json,False,,0,0,0,,0,,0,,0,,0,0.0,0.0,0,0.0,0.0,0.004578496260042497,0.012848034341363964,0.007816478202534189,0.0018379163110969377,0.004578496260042497,0.012848034341363964,0.007816478202534189,0.0018379163110969377,0,0.0,0,0.0,92,1.0,rule,model_rejected_by_learning_acceptance:acceptance_file_missing,RISK_ON,0.0002,0.0005,3.1604999999999986e-05,0.00011999999999999999,0.0,0.0004,0.0,0.001251605,0.001251605,0.0,0.005,0.002,0.0,0.0,0.006,0.0,0.0,0.0,0.0,0.0,0.0,0.0,0.0,0.001055125,0.002,0.0,0.002090909090909091,0.0014401569653368228,0.006586191056245914,0.006586191056245914,0.005,0.007639643292184435,0.0006,0.013239643292184435,0.013239643292184435,0.0,0.0,0.0,0.0,0.0,0.013239643292184435,0.013239643292184435,-0.008716738815176667,0.0,0.0,0.0,0.0,0.0,0.0,0.0,-0.008716738815176667,v2_net_trade_contract_no_double_count,-0.008716738815176667,pred_plus_fs,,,,,,,,,,1,2026-08-22 05:41:21+0800
20260817,20260818,3,601700.SH,风范股份,1→2,-0.022,0.001925,-0.023925,0.3365582268490923,0.3365582268490923,0.3365582268490923,0.3365582268490923,True,calibrated_probability,valid,contract=valid; ordered feature contract validated; prediction=ok,step5_core_features_v1,hgb,0.1953228265722081,0.3365582268490923,0.2857930180951135,0.6359901365648569,68.445652,0.0164,电网设备,0.349819,0.3737436012559031,0.349819,0,missing_stock,stock not covered by intraday_features.csv,0.693476,0.0,0,0.0,0.0,0.5,0.0,0.5231707317073172,0.0,中,分时缺失|低置信,0.55,0.55,0.93,neutral,106,0.0,0,32027008125,1,14d563095a4610dbbd41021640e53425b2b88341,2026-08-17T11:53:30Z,1.0,1→2,0.78,0.035,0.16,limit_list_d,7/11,0.3737436012559031,True,0.3365582268490923,3,20260818,,601700,电网设备,江苏,主板,20110118,6.64,7.22,6.3,7.22,10.061,6.559998546260709,10.061,0.1402439335180055,0.0884146537396122,0.0121953462603879,1858813.53,1289058.728,16.3232,33.1245,0.88,7.804919808122196e-06,0.0883330470628649,,,,,,0.0,0.0169014084507042,,,0.1274238227146814,0.1402439335180055,822182.7706,,,,299670.87,54796.77,136873.91,162796.96,,,,0.0,,,0.0,108786620.86,8.44,31.57,8221827706.0,31.57,0.0,,2730600,6.64,18131184.0,0.971757852077001,,U,3.0,69298253.0,69298253.0,95804.0,100649.0,,,,,,,,,,,,,,,,,,,,,,,,0.971757852077001,18131184.0,,,,,,7.22,5.9,0.0,,,0.0,1.0,0.0,1.330606175629521,MAIN,10.0,1,eligible_limit_le_10:10.00%:derived:up_limit/pre_close:tick_normalized,a_share_price_limit_le_10_v2,20260817,20260818,20260819,RISK_ON,20260817,0.5469668735,,0.7650386244476749,0.7650386244476749,False,lgbm,/home/runner/work/DC20/DC20/models/pfill_lgbm.joblib,,/home/runner/work/DC20/DC20/models/pfill_meta.json,0,,0,,/home/runner/work/DC20/DC20/outputs/learning/learning_acceptance_latest.json,False,,0,0,0,,0,,0,,0,,rule,model_rejected_by_learning_acceptance:acceptance_file_missing,0.012145946805472768,0.012145946805472768,,,,0.012145946805472768,0.012145946805472768,0.012145946805472768,0.012145946805472768,0.012145946805472768,0,0,,,0,0,False,,,,/home/runner/work/DC20/DC20/models/eret_meta.json,87,,87,,/home/runner/work/DC20/DC20/outputs/learning/learning_acceptance_latest.json,False,,0,0,0,,0,,0,,0,,0,0.0,0.0,0,0.0,0.0,0.004578496260042497,0.012848034341363964,0.007816478202534189,0.0018379163110969377,0.004578496260042497,0.012848034341363964,0.007816478202534189,0.0018379163110969377,0,0.0,0,0.0,92,1.0,rule,model_rejected_by_learning_acceptance:acceptance_file_missing,RISK_ON,0.0002,0.0005,0.00029131199999999995,0.00035999999999999997,0.0,0.0004,0.0,0.001751312,0.001751312,0.0,0.005,0.0075,0.0,0.0,0.006,0.0,0.0,0.0,0.0,0.0,0.0,0.0,0.0,0.0010326200000000002,0.002,0.0,0.002090909090909091,0.0013037694013303762,0.006427298492239468,0.006427298492239468,0.0075,0.0075204738691796,0.0015,0.0165204738691796,0.0165204738691796,0.0,0.0,0.0,0.0,0.0,0.0165204738691796,0.0165204738691796,-0.008979667432506083,0.0,0.0,0.0,0.0,0.0,0.0,0.0,-0.008979667432506083,v2_net_trade_contract_no_double_count,-0.008979667432506083,pred_plus_fs,,,,,,,,,,1,2026-08-22 05:41:21+0800
20260817,20260818,83,000505.SZ,京粮控股,1→2,-0.022,0.001925,-0.023925,0.125375868278379,0.125375868278379,0.125375868278379,0.125375868278379,True,calibrated_probability,valid,contract=valid; ordered feature contract validated; prediction=ok,step5_core_features_v1,hgb,0.1600296547709354,0.125375868278379,0.1348172200094727,0.514751727252797,44.967391,0.01,农产品加,0.154542,0.1784671205640961,0.154542,0,missing_stock,stock not covered by intraday_features.csv,0.692126,0.0,0,0.0,0.0,0.5,0.0,0.5141711229946513,0.0,中,分时缺失|低置信,0.55,0.55,0.93,neutral,106,0.0,0,32027008125,1,14d563095a4610dbbd41021640e53425b2b88341,2026-08-17T11:53:30Z,1.0,1→2,0.78,0.035,0.16,limit_list_d,1/1,0.1784671205640961,True,0.125375868278379,83,20260818,,505,农产品加,海南,主板,19921221,5.67,6.17,5.67,6.17,9.9822,5.609998708881983,9.9822,0.0891265802269043,0.0891265802269043,0.0106954197730956,232912.97,140149.06289,3.6831,7.8839,2.22,7.122559219560973e-05,0.0534506964491348,,,,,,0.0,0.0920353982300883,,,0.0810372771474878,0.0891265802269043,448528.2734,,,,299670.87,54796.77,136873.91,162796.96,,,,0.0,,,0.0,,,,,,0.0,,283800,5.67,1609146.0,0.8066109422492401,,U,0.0,31274804.0,31274804.0,94021.0,94021.0,,,,,,,,,,,,,,,,,,,,,,,,0.8066109422492401,1609146.0,,,,,,6.17,5.05,0.0,,,0.0,1.0,0.0,2.0363781514665726,MAIN,10.0,1,eligible_limit_le_10:10.00%:derived:up_limit/pre_close:tick_normalized,a_share_price_limit_le_10_v2,20260817,20260818,20260819,RISK_ON,20260817,0.3227780979999999,,0.6634860831527338,0.6634860831527338,False,lgbm,/home/runner/work/DC20/DC20/models/pfill_lgbm.joblib,,/home/runner/work/DC20/DC20/models/pfill_meta.json,0,,0,,/home/runner/work/DC20/DC20/outputs/learning/learning_acceptance_latest.json,False,,0,0,0,,0,,0,,0,,rule,model_rejected_by_learning_acceptance:acceptance_file_missing,0.005791276048351369,0.005791276048351369,,,,0.005791276048351369,0.005791276048351369,0.005791276048351369,0.005791276048351369,0.005791276048351369,0,0,,,0,0,False,,,,/home/runner/work/DC20/DC20/models/eret_meta.json,87,,87,,/home/runner/work/DC20/DC20/outputs/learning/learning_acceptance_latest.json,False,,0,0,0,,0,,0,,0,,0,0.0,0.0,0,0.0,0.0,0.004578496260042497,0.012848034341363964,0.007816478202534189,0.0018379163110969377,0.004578496260042497,0.012848034341363964,0.007816478202534189,0.0018379163110969377,0,0.0,0,0.0,92,1.0,rule,model_rejected_by_learning_acceptance:acceptance_file_missing,RISK_ON,0.0002,0.0005,0.000647535,0.0,0.0,0.0004,0.0,0.001747535,0.001747535,0.0,0.0,0.0,0.0,0.0064234125,0.006,0.0,0.0,0.0,0.0,0.0,0.0,0.0,0.0,0.00103937,0.002,0.0,0.002090909090909091,0.001344676713660676,0.006474955804569767,0.006474955804569767,0.0,0.011089093728427325,0.0,0.011089093728427325,0.011089093728427325,0.0,0.0,0.0,0.0,0.0,0.011089093728427325,0.011089093728427325,-0.008994197666650432,0.0,0.0,0.0,0.0,0.0,0.0,0.0,-0.008994197666650432,v2_net_trade_contract_no_double_count,-0.008994197666650432,pred_plus_fs,,,,,,,,,,1,2026-08-22 05:41:21+0800
20260817,20260818,62,002448.SZ,中原内配,1→2,-0.022,0.001925,-0.023925,0.1525684973750977,0.1525684973750977,0.1525684973750977,0.1525684973750977,True,calibrated_probability,valid,contract=valid; ordered feature contract validated; prediction=ok,step5_core_features_v1,hgb,0.1850388500633565,0.1525684973750977,0.175764322413784,0.6457625627694344,62.576087,0.328751396590983,汽车零部件,0.233314,0.2572386911311056,0.233314,0,missing_stock,stock not covered by intraday_features.csv,0.697754,0.0,0,0.0,0.0,0.5,0.0,0.551694915254237,0.0,中,分时缺失|低置信,0.55,0.55,0.93,neutral,106,0.0,0,32027008125,1,14d563095a4610dbbd41021640e53425b2b88341,2026-08-17T11:53:30Z,1.0,1→2,0.78,0.035,0.16,limit_list_d,1/1,0.2572386911311056,True,0.1525684973750977,62,20260818,,2448,汽车零部件,河南,主板,20100716,12.6,13.63,12.58,13.63,10.0081,12.38999673660394,10.0081,0.0847457850330154,0.0831315796038152,0.0169494203961848,389553.58,522241.81254,6.7105,8.0276,2.01,1.9163727912409252e-05,0.0389017412637147,,,,,,0.0,0.1245874587458746,,,0.0770359501100514,0.0847457850330154,802002.2848,,,,299670.87,54796.77,136873.91,162796.96,,4.0,5.0,1.0,5.0,4.0,0.0,,,,,,0.0,,146400,12.6,1844640.0,0.8229483282674772,,U,1.0,89481522.0,89481522.0,95839.0,100303.0,,,,,,,,,,,,,,,,,,,,,,,,0.8229483282674772,1844640.0,,,,,,13.63,11.15,1.0,5.0,4.0,0.0,1.0,0.0,1.8540829020311504,MAIN,10.0,1,eligible_limit_le_10:10.00%:derived:up_limit/pre_close:tick_normalized,a_share_price_limit_le_10_v2,20260817,20260818,20260819,RISK_ON,20260817,0.36881173899999997,,0.6955825155836399,0.6955825155836399,False,lgbm,/home/runner/work/DC20/DC20/models/pfill_lgbm.joblib,,/home/runner/work/DC20/DC20/models/pfill_meta.json,0,,0,,/home/runner/work/DC20/DC20/outputs/learning/learning_acceptance_latest.json,False,,0,0,0,,0,,0,,0,,rule,model_rejected_by_learning_acceptance:acceptance_file_missing,0.00756330911102588,0.00756330911102588,,,,0.00756330911102588,0.00756330911102588,0.00756330911102588,0.00756330911102588,0.00756330911102588,0,0,,,0,0,False,,,,/home/runner/work/DC20/DC20/models/eret_meta.json,87,,87,,/home/runner/work/DC20/DC20/outputs/learning/learning_acceptance_latest.json,False,,0,0,0,,0,,0,,0,,0,0.0,0.0,0,0.0,0.0,0.004578496260042497,0.012848034341363964,0.007816478202534189,0.0018379163110969377,0.004578496260042497,0.012848034341363964,0.007816478202534189,0.0018379163110969377,0,0.0,0,0.0,92,1.0,rule,model_rejected_by_learning_acceptance:acceptance_file_missing,RISK_ON,0.0002,0.0005,4.513250000000001e-05,0.00011999999999999999,0.0,0.0004,0.0,0.0012651325,0.0012651325,0.0,0.005,0.002,0.0,0.0,0.006,0.0,0.0,0.0,0.0,0.0,0.0,0.0,0.0,0.0010112300000000001,0.002,0.0,0.002090909090909091,0.0011741140215716503,0.006276253112480742,0.006276253112480742,0.005,0.007407189834360556,0.0006,0.013007189834360555,0.013007189834360555,0.0,0.0,0.0,0.0,0.0,0.013007189834360555,0.013007189834360555,-0.00901141675677651,0.0,0.0,0.0,0.0,0.0,0.0,0.0,-0.00901141675677651,v2_net_trade_contract_no_double_count,-0.00901141675677651,pred_plus_fs,,,,,,,,,,1,2026-08-22 05:41:21+0800
20260817,20260818,26,603395.SH,红四方,1→2,-0.022,0.001925,-0.023925,0.1932890588144445,0.1932890588144445,0.1932890588144445,0.1932890588144445,True,calibrated_probability,valid,contract=valid; ordered feature contract validated; prediction=ok,step5_core_features_v1,hgb,0.1767080875414834,0.1932890588144445,0.1733152136156438,0.5830918191827464,59.728261,0.01,农化制品,0.231603,0.2555280939393419,0.231603,0,missing_stock,stock not covered by intraday_features.csv,0.682913,0.0,0,0.0,0.0,0.5,0.0,0.4527548209366386,0.0,中,分时缺失|低置信,0.55,0.55,0.93,neutral,106,0.0,0,32027008125,1,14d563095a4610dbbd41021640e53425b2b88341,2026-08-17T11:53:30Z,1.0,1→2,0.78,0.035,0.16,limit_list_d,1/1,0.2555280939393419,True,0.1932890588144445,26,20260818,,603395,农化制品,安徽,主板,20241126,21.79,23.96,21.79,23.96,10.0092,21.77999658210404,10.0092,0.0996327061769617,0.0996327061769617,0.0004592938230384,50112.5,116992.722,7.7096,7.7096,2.03,8.555403984873521e-05,0.0563922418781067,,,,,,0.0,0.0861287398005441,,,0.090567612687813,0.0996327061769617,622960.0,,,,299670.87,54796.77,136873.91,162796.96,,,,0.0,,,0.0,,,,,,0.0,,7000,21.79,152530.0,0.4432624113475177,,U,1.0,37527110.0,37527110.0,95229.0,95302.0,,,,,,,,,,,,,,,,,,,,,,,,0.4432624113475177,152530.0,,,,,,23.96,19.6,0.0,,,0.0,1.0,0.0,1.5436506937559935,MAIN,10.0,1,eligible_limit_le_10:10.00%:derived:up_limit/pre_close:tick_normalized,a_share_price_limit_le_10_v2,20260817,20260818,20260819,RISK_ON,20260817,0.399784445,,0.7102836521178335,0.7102836521178335,False,lgbm,/home/runner/work/DC20/DC20/models/pfill_lgbm.joblib,,/home/runner/work/DC20/DC20/models/pfill_meta.json,0,,0,,/home/runner/work/DC20/DC20/outputs/learning/learning_acceptance_latest.json,False,,0,0,0,,0,,0,,0,,rule,model_rejected_by_learning_acceptance:acceptance_file_missing,0.007828671764433335,0.007828671764433335,,,,0.007828671764433335,0.007828671764433335,0.007828671764433335,0.007828671764433335,0.007828671764433335,0,0,,,0,0,False,,,,/home/runner/work/DC20/DC20/models/eret_meta.json,87,,87,,/home/runner/work/DC20/DC20/outputs/learning/learning_acceptance_latest.json,False,,0,0,0,,0,,0,,0,,0,0.0,0.0,0,0.0,0.0,0.004578496260042497,0.012848034341363964,0.007816478202534189,0.0018379163110969377,0.004578496260042497,0.012848034341363964,0.007816478202534189,0.0018379163110969377,0,0.0,0,0.0,92,1.0,rule,model_rejected_by_learning_acceptance:acceptance_file_missing,RISK_ON,0.0002,0.0005,1.0164e-05,0.00011999999999999999,0.0,0.0004,0.0,0.001230164,0.001230164,0.0,0.005,0.002,0.0,0.0,0.006,0.0,0.0,0.0,0.0,0.0,0.0,0.0,0.0,0.001085435,0.002,0.0,0.002090909090909091,0.0016238417230152794,0.006800185813924371,0.006800185813924371,0.005,0.007800139360443278,0.0006,0.013400139360443278,0.013400139360443278,0.0,0.0,0.0,0.0,0.0,0.013400139360443278,0.013400139360443278,-0.009069725788369804,0.0,0.0,0.0,0.0,0.0,0.0,0.0,-0.009069725788369804,v2_net_trade_contract_no_double_count,-0.009069725788369804,pred_plus_fs,,,,,,,,,,1,2026-08-22 05:41:21+0800
20260817,20260818,40,605180.SH,华生科技,1→2,-0.022,0.001925,-0.023925,0.1731775048090983,0.1731775048090983,0.1731775048090983,0.1731775048090983,True,calibrated_probability,valid,contract=valid; ordered feature contract validated; prediction=ok,step5_core_features_v1,hgb,0.1692500224755202,0.1731775048090983,0.1601374313628286,0.5534086743772391,54.641304,0.01,纺织制造,0.207351,0.2312760921355997,0.207351,0,missing_stock,stock not covered by intraday_features.csv,0.676117,0.0,0,0.0,0.0,0.5,0.0,0.4074468085106383,0.0,中,分时缺失|低置信,0.55,0.55,0.93,neutral,106,0.0,0,32027008125,1,14d563095a4610dbbd41021640e53425b2b88341,2026-08-17T11:53:30Z,1.0,1→2,0.78,0.035,0.16,limit_list_d,1/1,0.2312760921355997,True,0.1731775048090983,40,20260818,,605180,纺织制造,浙江,主板,20210430,12.6,13.96,12.31,13.96,10.0079,12.689997718345683,10.0079,0.1300236640401146,0.1071710200573066,-0.0070920200573066,55085.85,74630.33,3.2595,11.3375,3.2,0.0001340996348267,0.0420329959791316,,,,,,0.0,0.1176941553242594,,,0.1181948424068768,0.1300236640401146,235924.0,,,,299670.87,54796.77,136873.91,162796.96,,,,0.0,,,0.0,,,,,,0.0,,36300,12.6,457380.0,0.6334853090172239,,U,0.0,37139184.0,37139184.0,133520.0,133520.0,,,,,,,,,,,,,,,,,,,,,,,,0.6334853090172239,457380.0,,,,,,13.96,11.42,0.0,,,0.0,1.0,0.0,2.0431994669222195,MAIN,10.0,1,eligible_limit_le_10:10.00%:derived:up_limit/pre_close:tick_normalized,a_share_price_limit_le_10_v2,20260817,20260818,20260819,RISK_ON,20260817,0.31772790799999995,,0.6521335947838538,0.6521335947838538,False,lgbm,/home/runner/work/DC20/DC20/models/pfill_lgbm.joblib,,/home/runner/work/DC20/DC20/models/pfill_meta.json,0,,0,,/home/runner/work/DC20/DC20/outputs/learning/learning_acceptance_latest.json,False,,0,0,0,,0,,0,,0,,rule,model_rejected_by_learning_acceptance:acceptance_file_missing,0.007225325144272949,0.007225325144272949,,,,0.007225325144272949,0.007225325144272949,0.007225325144272949,0.007225325144272949,0.007225325144272949,0,0,,,0,0,False,,,,/home/runner/work/DC20/DC20/models/eret_meta.json,87,,87,,/home/runner/work/DC20/DC20/outputs/learning/learning_acceptance_latest.json,False,,0,0,0,,0,,0,,0,,0,0.0,0.0,0,0.0,0.0,0.004578496260042497,0.012848034341363964,0.007816478202534189,0.0018379163110969377,0.004578496260042497,0.012848034341363964,0.007816478202534189,0.0018379163110969377,0,0.0,0,0.0,92,1.0,rule,model_rejected_by_learning_acceptance:acceptance_file_missing,RISK_ON,0.0002,0.0005,0.0007110749999999999,0.0,0.0,0.0004,0.0,0.0018110749999999999,0.0018110749999999999,0.0,0.0,0.0,0.0,0.0073235625,0.006,0.0,0.0,0.0,0.0,0.0,0.0,0.0,0.0,0.0011194150000000003,0.002,0.0,0.002090909090909091,0.0018297872340425532,0.0070401113249516445,0.0070401113249516445,0.0,0.012008042868713733,0.0,0.012008042868713733,0.012008042868713733,0.0,0.0,0.0,0.0,0.0,0.012008042868713733,0.012008042868713733,-0.009107240608896847,0.0,0.0,0.0,0.0,0.0,0.0,0.0,-0.009107240608896847,v2_net_trade_contract_no_double_count,-0.009107240608896847,pred_plus_fs,,,,,,,,,,1,2026-08-22 05:41:21+0800
20260817,20260818,68,002820.SZ,桂发祥,2→3,-0.008,0.000825,-0.008825,0.146383571439452,0.146383571439452,0.146383571439452,0.146383571439452,True,calibrated_probability,valid,contract=valid; ordered feature contract validated; prediction=ok,step5_core_features_v1,hgb,0.1707021332384242,0.146383571439452,0.1372631940428923,0.502332018203378,43.336957,0.01,休闲食品,0.181087,0.1899116447768472,0.181087,0,missing_stock,stock not covered by intraday_features.csv,0.765,0.0,0,0.0,0.0,0.5,0.0,1.0,0.0,中,分时缺失|低置信,0.55,0.55,0.93,neutral,106,0.0,0,32027008125,1,14d563095a4610dbbd41021640e53425b2b88341,2026-08-17T11:53:30Z,2.0,2→3,0.92,0.015,0.35,limit_list_d,2/2,0.1899116447768472,True,0.146383571439452,68,20260818,,2820,休闲食品,天津,主板,20161118,11.15,11.15,11.15,11.15,9.9606,10.139995598423434,9.9606,0.0,0.0,0.0996060000000001,48533.89,54115.28735,2.4162,3.6603,0.63,0.0001840625909565,8.877878892898927e-05,,,,,,0.0,0.2093275488069415,,,0.0,0.0,223968.1545,,,,299670.87,54796.77,136873.91,162796.96,,,,0.0,,,0.0,,,,,,0.0,,1362800,11.15,15195220.0,0.9661854103343464,,U,0.0,128681157.0,128681157.0,92500.0,92500.0,,,,,,,,,,,,,,,,,,,,,,,,0.9661854103343464,15195220.0,,,,,,11.15,9.13,0.0,,,0.0,1.0,0.0,2.1496790394030856,MAIN,10.0,1,eligible_limit_le_10:10.00%:derived:up_limit/pre_close:tick_normalized,a_share_price_limit_le_10_v2,20260817,20260818,20260819,RISK_ON,20260817,0.2677404215,,0.638325600377279,0.638325600377279,False,lgbm,/home/runner/work/DC20/DC20/models/pfill_lgbm.joblib,,/home/runner/work/DC20/DC20/models/pfill_meta.json,0,,0,,/home/runner/work/DC20/DC20/outputs/learning/learning_acceptance_latest.json,False,,0,0,0,,0,,0,,0,,rule,model_rejected_by_learning_acceptance:acceptance_file_missing,0.00642150714318356,0.00642150714318356,,,,0.00642150714318356,0.00642150714318356,0.00642150714318356,0.00642150714318356,0.00642150714318356,0,0,,,0,0,False,,,,/home/runner/work/DC20/DC20/models/eret_meta.json,87,,87,,/home/runner/work/DC20/DC20/outputs/learning/learning_acceptance_latest.json,False,,0,0,0,,0,,0,,0,,0,0.0,0.0,0,0.0,0.0,0.004578496260042497,0.012848034341363964,0.007816478202534189,0.0018379163110969377,0.004578496260042497,0.012848034341363964,0.007816478202534189,0.0018379163110969377,0,0.0,0,0.0,92,1.0,rule,model_rejected_by_learning_acceptance:acceptance_file_missing,RISK_ON,0.0002,0.0005,0.00083757,0.0,0.0,0.0004,0.0,0.0019375700000000002,0.0019375700000000002,0.0,0.0,0.0,0.0,0.009115575,0.006,0.0,0.0,0.0,0.0,0.0,0.0,0.0,0.0,0.0006749999999999999,0.002,0.0,0.002090909090909091,0.0,0.0047659090909090915,0.0047659090909090915,0.0,0.011287998068181818,0.0,0.011287998068181818,0.011287998068181818,0.0,0.0,0.0,0.0,0.0,0.011287998068181818,0.011287998068181818,-0.009126555665682186,0.0,0.0,0.0,0.0,0.0,0.0,0.0,-0.009126555665682186,v2_net_trade_contract_no_double_count,-0.009126555665682186,pred_plus_fs,,,,,,,,,,1,2026-08-22 05:41:21+0800
20260817,20260818,71,600824.SH,益民集团,1→2,-0.022,0.001925,-0.023925,0.1443680144506105,0.1443680144506105,0.1443680144506105,0.1443680144506105,True,calibrated_probability,valid,contract=valid; ordered feature contract validated; prediction=ok,step5_core_features_v1,hgb,0.1576587281523941,0.1443680144506105,0.1502934495889719,0.5331499356386507,42.815217,0.1736599148755986,一般零售,0.176121,0.200046499105858,0.176121,0,missing_stock,stock not covered by intraday_features.csv,0.6825,0.0,0,0.0,0.0,0.5,0.0,0.45,0.0,中,分时缺失|低置信,0.55,0.55,0.93,neutral,106,0.0,0,32027008125,1,14d563095a4610dbbd41021640e53425b2b88341,2026-08-17T11:53:30Z,1.0,1→2,0.78,0.035,0.16,limit_list_d,1/1,0.200046499105858,True,0.1443680144506105,71,20260818,,600824,一般零售,上海,主板,19940204,3.54,3.89,3.49,3.89,9.887,3.540000182005151,9.887,0.1129943444730076,0.0988700514138817,-5.141388180589496e-08,342439.3,130838.825,3.2489,5.3849,3.36,7.556625489414171e-05,0.0577683615819209,,,,,,0.0,0.0805555555555554,,,0.1028277634961439,0.1129943444730076,410016.5419,,,,299670.87,54796.77,136873.91,162796.96,,3.0,7.0,1.0,7.0,3.0,0.0,,,,,,0.0,,22900,3.54,81066.0,0.3482776089159068,,U,0.0,33270699.0,33270699.0,100608.0,100608.0,,,,,,,,,,,,,,,,,,,,,,,,0.3482776089159068,81066.0,,,,,,3.89,3.19,1.0,7.0,3.0,0.0,1.0,0.0,2.2886997318231237,MAIN,10.0,1,eligible_limit_le_10:10.00%:derived:up_limit/pre_close:tick_normalized,a_share_price_limit_le_10_v2,20260817,20260818,20260819,RISK_ON,20260817,0.31960915049999994,,0.6569423186741363,0.6569423186741363,False,lgbm,/home/runner/work/DC20/DC20/models/pfill_lgbm.joblib,,/home/runner/work/DC20/DC20/models/pfill_meta.json,0,,0,,/home/runner/work/DC20/DC20/outputs/learning/learning_acceptance_latest.json,False,,0,0,0,,0,,0,,0,,rule,model_rejected_by_learning_acceptance:acceptance_file_missing,0.00685202017814511,0.00685202017814511,,,,0.00685202017814511,0.00685202017814511,0.00685202017814511,0.00685202017814511,0.00685202017814511,0,0,,,0,0,False,,,,/home/runner/work/DC20/DC20/models/eret_meta.json,87,,87,,/home/runner/work/DC20/DC20/outputs/learning/learning_acceptance_latest.json,False,,0,0,0,,0,,0,,0,,0,0.0,0.0,0,0.0,0.0,0.004578496260042497,0.012848034341363964,0.007816478202534189,0.0018379163110969377,0.004578496260042497,0.012848034341363964,0.007816478202534189,0.0018379163110969377,0,0.0,0,0.0,92,1.0,rule,model_rejected_by_learning_acceptance:acceptance_file_missing,RISK_ON,0.0002,0.0005,0.000712665,0.0,0.0,0.0004,0.0001,0.0019126649999999998,0.0019126649999999998,0.0,0.0,0.0,0.0,0.007346087500000001,0.006,0.0,0.0,0.0,0.0,0.0,0.0,0.0,0.0,0.0010875,0.002,0.0,0.002090909090909091,0.0016363636363636365,0.0068147727272727275,0.0068147727272727275,0.0,0.011851427670454547,0.0,0.011851427670454547,0.011851427670454547,0.0,0.0,0.0,0.0,0.0,0.011851427670454547,0.011851427670454547,-0.00926271064702193,0.0,0.0,0.0,0.0,0.0,0.0,0.0,-0.00926271064702193,v2_net_trade_contract_no_double_count,-0.00926271064702193,pred_plus_fs,,,,,,,,,,1,2026-08-22 05:41:21+0800
20260817,20260818,60,002289.SZ,宇顺电子,1→2,-0.022,0.001925,-0.023925,0.1551063715498465,0.1551063715498465,0.1551063715498465,0.1551063715498465,True,calibrated_probability,valid,contract=valid; ordered feature contract validated; prediction=ok,step5_core_features_v1,hgb,0.1627949826062026,0.1551063715498465,0.146186704733297,0.5855942791970618,45.217391,0.4258611773793213,光学光电,0.207843,0.2317677941909942,0.207843,0,missing_stock,stock not covered by intraday_features.csv,0.682742,0.0,0,0.0,0.0,0.5,0.0,0.4516159439806089,0.0,中,分时缺失|低置信,0.55,0.55,0.93,neutral,106,0.0,0,32027008125,1,14d563095a4610dbbd41021640e53425b2b88341,2026-08-17T11:53:30Z,1.0,1→2,0.78,0.035,0.16,limit_list_d,1/1,0.2317677941909942,True,0.1551063715498465,60,20260818,,2289,光学光电,深圳,主板,20090903,37.14,40.84,36.92,40.84,9.9919,37.130006845958654,9.9919,0.1055749872673849,0.0996498604309501,0.00026913956905,69762.44,272972.18034,2.5421,4.7026,1.19,3.660409638650578e-05,0.0495552887320212,,,,,,0.0,0.1008086253369273,,,0.0959843290891283,0.1055749872673849,1144556.1108,,,,299670.87,54796.77,136873.91,162796.96,,4.0,4.0,1.0,4.0,4.0,0.0,,,,,,0.0,,17200,37.14,638808.0,0.6841438703140831,,U,0.0,66381336.0,66381336.0,135751.0,135751.0,,,,,,,,,,,,,,,,,,,,,,,,0.6841438703140831,638808.0,,,,,,40.84,33.42,1.0,4.0,4.0,0.0,1.0,0.0,2.327213283113186,MAIN,10.0,1,eligible_limit_le_10:10.00%:derived:up_limit/pre_close:tick_normalized,a_share_price_limit_le_10_v2,20260817,20260818,20260819,RISK_ON,20260817,0.299519832,,0.6404210278132993,0.6404210278132993,False,lgbm,/home/runner/work/DC20/DC20/models/pfill_lgbm.joblib,,/home/runner/work/DC20/DC20/models/pfill_meta.json,0,,0,,/home/runner/work/DC20/DC20/outputs/learning/learning_acceptance_latest.json,False,,0,0,0,,0,,0,,0,,rule,model_rejected_by_learning_acceptance:acceptance_file_missing,0.00793077467863336,0.00793077467863336,,,,0.00793077467863336,0.00793077467863336,0.00793077467863336,0.00793077467863336,0.00793077467863336,0,0,,,0,0,False,,,,/home/runner/work/DC20/DC20/models/eret_meta.json,87,,87,,/home/runner/work/DC20/DC20/outputs/learning/learning_acceptance_latest.json,False,,0,0,0,,0,,0,,0,,0,0.0,0.0,0,0.0,0.0,0.004578496260042497,0.012848034341363964,0.007816478202534189,0.0018379163110969377,0.004578496260042497,0.012848034341363964,0.007816478202534189,0.0018379163110969377,0,0.0,0,0.0,92,1.0,rule,model_rejected_by_learning_acceptance:acceptance_file_missing,RISK_ON,0.0002,0.0005,0.000818685,0.0,0.0,0.0004,0.0,0.001918685,0.001918685,0.0,0.0,0.0,0.0,0.0088480375,0.006,0.0,0.0,0.0,0.0,0.0,0.0,0.0,0.0,0.0010862900000000002,0.002,0.0,0.002090909090909091,0.0016290184364517778,0.006806217527360869,0.006806217527360869,0.0,0.012671083770520652,0.0,0.012671083770520652,0.012671083770520652,0.0,0.0,0.0,0.0,0.0,0.012671083770520652,0.012671083770520652,-0.009510733899474587,0.0,0.0,0.0,0.0,0.0,0.0,0.0,-0.009510733899474587,v2_net_trade_contract_no_double_count,-0.009510733899474587,pred_plus_fs,,,,,,,,,,1,2026-08-22 05:41:21+0800
20260817,20260818,75,601366.SH,利群股份,1→2,-0.022,0.001925,-0.023925,0.1338358214605547,0.1338358214605547,0.1338358214605547,0.1338358214605547,True,calibrated_probability,valid,contract=valid; ordered feature contract validated; prediction=ok,step5_core_features_v1,hgb,0.1604826190893507,0.1338358214605547,0.1232198459780315,0.5496465642395421,47.076087,0.1736599148755986,一般零售,0.177271,0.2011957040128189,0.177271,0,missing_stock,stock not covered by intraday_features.csv,0.692786,0.0,0,0.0,0.0,0.5,0.0,0.518571428571428,0.0,中,分时缺失|低置信,0.55,0.55,0.93,neutral,106,0.0,0,32027008125,1,14d563095a4610dbbd41021640e53425b2b88341,2026-08-17T11:53:30Z,1.0,1→2,0.78,0.035,0.16,limit_list_d,1/1,0.2011957040128189,True,0.1338358214605547,75,20260818,,601366,一般零售,山东,主板,20170412,3.54,3.85,3.46,3.85,10.0,3.5,10.0,0.1114285714285714,0.0885714285714285,0.0114285714285714,281456.62,104989.725,2.9326,4.8398,2.95,9.52474158780776e-05,0.0611731843575419,,,,,,0.0,0.0754189944134078,,,0.1012987012987013,0.1114285714285714,369500.3235,,,,299670.87,54796.77,136873.91,162796.96,,3.0,7.0,1.0,7.0,3.0,0.0,,,,,,0.0,,210100,3.54,743754.0,0.7093465045592705,,U,0.0,27422541.0,27422541.0,100005.0,100005.0,,,,,,,,,,,,,,,,,,,,,,,,0.7093465045592705,743754.0,,,,,,3.85,3.15,1.0,7.0,3.0,0.0,1.0,0.0,2.281897285434508,MAIN,10.0,1,eligible_limit_le_10:10.00%:derived:up_limit/pre_close:tick_normalized,a_share_price_limit_le_10_v2,20260817,20260818,20260819,RISK_ON,20260817,0.32095172949999995,,0.6612476142172743,0.6612476142172743,False,lgbm,/home/runner/work/DC20/DC20/models/pfill_lgbm.joblib,,/home/runner/work/DC20/DC20/models/pfill_meta.json,0,,0,,/home/runner/work/DC20/DC20/outputs/learning/learning_acceptance_latest.json,False,,0,0,0,,0,,0,,0,,rule,model_rejected_by_learning_acceptance:acceptance_file_missing,0.006536054388443437,0.006536054388443437,,,,0.006536054388443437,0.006536054388443437,0.006536054388443437,0.006536054388443437,0.006536054388443437,0,0,,,0,0,False,,,,/home/runner/work/DC20/DC20/models/eret_meta.json,87,,87,,/home/runner/work/DC20/DC20/outputs/learning/learning_acceptance_latest.json,False,,0,0,0,,0,,0,,0,,0,0.0,0.0,0,0.0,0.0,0.004578496260042497,0.012848034341363964,0.007816478202534189,0.0018379163110969377,0.004578496260042497,0.012848034341363964,0.007816478202534189,0.0018379163110969377,0,0.0,0,0.0,92,1.0,rule,model_rejected_by_learning_acceptance:acceptance_file_missing,RISK_ON,0.0002,0.0005,0.00076011,0.0,0.0,0.0004,0.0001,0.00196011,0.00196011,0.0,0.0,0.0,0.0,0.008018225,0.006,0.0,0.0,0.0,0.0,0.0,0.0,0.0,0.0,0.00103607,0.002,0.0,0.002090909090909091,0.0013246753246753272,0.006451654415584419,0.006451654415584419,0.0,0.011948764561688315,0.0,0.011948764561688315,0.011948764561688315,0.0,0.0,0.0,0.0,0.0,0.011948764561688315,0.011948764561688315,-0.009586924190935747,0.0,0.0,0.0,0.0,0.0,0.0,0.0,-0.009586924190935747,v2_net_trade_contract_no_double_count,-0.009586924190935747,pred_plus_fs,,,,,,,,,,1,2026-08-22 05:41:21+0800
20260817,20260818,79,600281.SH,华阳新材,1→2,-0.022,0.001925,-0.023925,0.1300454515524379,0.1300454515524379,0.1300454515524379,0.1300454515524379,True,calibrated_probability,valid,contract=valid; ordered feature contract validated; prediction=ok,step5_core_features_v1,hgb,0.1558709024008496,0.1300454515524379,0.14327851697461,0.4975256617923621,41.380435,0.01,小金属,0.150637,0.1745619168559374,0.150637,0,missing_stock,stock not covered by intraday_features.csv,0.688622,0.0,0,0.0,0.0,0.5,0.0,0.4908163265306122,0.0,中,分时缺失|低置信,0.55,0.55,0.93,neutral,106,0.0,0,32027008125,1,14d563095a4610dbbd41021640e53425b2b88341,2026-08-17T11:53:30Z,1.0,1→2,0.78,0.035,0.16,limit_list_d,1/1,0.1745619168559374,True,0.1300454515524379,79,20260818,,600281,小金属,山西,主板,20001109,4.44,4.85,4.39,4.85,9.9773,4.410000972928049,9.9773,0.1043083670103092,0.0929705010309276,0.0068024989690723,165536.0,76973.117,3.218,5.6934,2.01,0.0001296205790912,0.0487502576788291,,,,,,0.0,0.102272727272727,,,0.0948453608247422,0.1043083670103092,249484.97,,,,299670.87,54796.77,136873.91,162796.96,,,,0.0,,,0.0,,,,,,0.0,,17900,4.44,79476.0,0.3457446808510638,,U,0.0,24559915.0,24559915.0,142130.0,142130.0,,,,,,,,,,,,,,,,,,,,,,,,0.3457446808510638,79476.0,,,,,,4.85,3.97,0.0,,,0.0,1.0,0.0,2.0285675429932715,MAIN,10.0,1,eligible_limit_le_10:10.00%:derived:up_limit/pre_close:tick_normalized,a_share_price_limit_le_10_v2,20260817,20260818,20260819,RISK_ON,20260817,0.3238100425,,0.6642683413162059,0.6642683413162059,False,lgbm,/home/runner/work/DC20/DC20/models/pfill_lgbm.joblib,,/home/runner/work/DC20/DC20/models/pfill_meta.json,0,,0,,/home/runner/work/DC20/DC20/outputs/learning/learning_acceptance_latest.json,False,,0,0,0,,0,,0,,0,,rule,model_rejected_by_learning_acceptance:acceptance_file_missing,0.005931363546573138,0.005931363546573138,,,,0.005931363546573138,0.005931363546573138,0.005931363546573138,0.005931363546573138,0.005931363546573138,0,0,,,0,0,False,,,,/home/runner/work/DC20/DC20/models/eret_meta.json,87,,87,,/home/runner/work/DC20/DC20/outputs/learning/learning_acceptance_latest.json,False,,0,0,0,,0,,0,,0,,0,0.0,0.0,0,0.0,0.0,0.004578496260042497,0.012848034341363964,0.007816478202534189,0.0018379163110969377,0.004578496260042497,0.012848034341363964,0.007816478202534189,0.0018379163110969377,0,0.0,0,0.0,92,1.0,rule,model_rejected_by_learning_acceptance:acceptance_file_missing,RISK_ON,0.0002,0.0005,0.0007173,0.0,0.0,0.0004,0.0001,0.0019173000000000003,0.0019173000000000003,0.0,0.0,0.0,0.0,0.00741175,0.006,0.0,0.0,0.0,0.0,0.0,0.0,0.0,0.0,0.0010568900000000002,0.002,0.0,0.002090909090909091,0.001450834879406308,0.0065986339703154,0.0065986339703154,0.0,0.01172543797773655,0.0,0.01172543797773655,0.01172543797773655,0.0,0.0,0.0,0.0,0.0,0.01172543797773655,0.01172543797773655,-0.009702720952911003,0.0,0.0,0.0,0.0,0.0,0.0,0.0,-0.009702720952911003,v2_net_trade_contract_no_double_count,-0.009702720952911003,pred_plus_fs,,,,,,,,,,1,2026-08-22 05:41:21+0800
20260817,20260818,30,603102.SH,百合股份,1→2,-0.022,0.001925,-0.023925,0.1863553478034958,0.1863553478034958,0.1863553478034958,0.1863553478034958,True,calibrated_probability,valid,contract=valid; ordered feature contract validated; prediction=ok,step5_core_features_v1,hgb,0.170576285328307,0.1863553478034958,0.203798376245048,0.5406595497496257,52.728261,0.01,食品加工,0.212749,0.2366744962316778,0.212749,0,missing_stock,stock not covered by intraday_features.csv,0.709869,0.0,0,0.0,0.0,0.5,0.0,0.6324632539280273,0.0,中,分时缺失|低置信,0.55,0.55,0.93,neutral,106,0.0,0,32027008125,1,14d563095a4610dbbd41021640e53425b2b88341,2026-08-17T11:53:30Z,1.0,1→2,0.78,0.035,0.16,limit_list_d,2/4,0.2366744962316778,True,0.1863553478034958,30,20260818,,603102,食品加工,山东,主板,20220125,40.66,43.41,40.65,43.41,10.0101,39.46001321696826,10.0101,0.069944223911541,0.0696908028104123,0.0304101971895876,36403.95,155893.919,5.6881,10.1504,0.59,6.42109715645804e-05,0.0715156369415436,,,,,,0.0,0.0528741207858356,,,0.063579820317899,0.069944223911541,277824.0,,,,299670.87,54796.77,136873.91,162796.96,,,,0.0,,,0.0,,,,,,0.0,,200800,40.66,8164528.0,0.9411094224924011,,U,1.0,47715447.0,47715447.0,93207.0,93252.0,,,,,,,,,,,,,,,,,,,,,,,,0.9411094224924011,8164528.0,,,,,,43.41,35.51,0.0,,,0.0,1.0,0.0,1.555501539138701,MAIN,10.0,1,eligible_limit_le_10:10.00%:derived:up_limit/pre_close:tick_normalized,a_share_price_limit_le_10_v2,20260817,20260818,20260819,RISK_ON,20260817,0.38458277649999995,,0.7071423410583452,0.7071423410583452,False,lgbm,/home/runner/work/DC20/DC20/models/pfill_lgbm.joblib,,/home/runner/work/DC20/DC20/models/pfill_meta.json,0,,0,,/home/runner/work/DC20/DC20/outputs/learning/learning_acceptance_latest.json,False,,0,0,0,,0,,0,,0,,rule,model_rejected_by_learning_acceptance:acceptance_file_missing,0.007620660434104875,0.007620660434104875,,,,0.007620660434104875,0.007620660434104875,0.007620660434104875,0.007620660434104875,0.007620660434104875,0,0,,,0,0,False,,,,/home/runner/work/DC20/DC20/models/eret_meta.json,87,,87,,/home/runner/work/DC20/DC20/outputs/learning/learning_acceptance_latest.json,False,,0,0,0,,0,,0,,0,,0,0.0,0.0,0,0.0,0.0,0.004578496260042497,0.012848034341363964,0.007816478202534189,0.0018379163110969377,0.004578496260042497,0.012848034341363964,0.007816478202534189,0.0018379163110969377,0,0.0,0,0.0,92,1.0,rule,model_rejected_by_learning_acceptance:acceptance_file_missing,RISK_ON,0.0002,0.0005,8.091649999999998e-05,0.00011999999999999999,0.0,0.0004,0.0,0.0013009165,0.0013009165,0.0,0.005,0.002,0.0,0.002162787499999999,0.006,0.0,0.0,0.0,0.0,0.0,0.0,0.0,0.0,0.0009506550000000001,0.002,0.0,0.002090909090909091,0.0008069852094180578,0.005848549300327149,0.005848549300327149,0.005,0.00827594510024536,0.0006,0.013875945100245361,0.013875945100245361,0.0,0.0,0.0,0.0,0.0,0.013875945100245361,0.013875945100245361,-0.009787969940461735,0.0,0.0,0.0,0.0,0.0,0.0,0.0,-0.009787969940461735,v2_net_trade_contract_no_double_count,-0.009787969940461735,pred_plus_fs,,,,,,,,,,1,2026-08-22 05:41:21+0800
20260817,20260818,46,603580.SH,艾艾精工,1→2,-0.022,0.001925,-0.023925,0.1684549173709781,0.1684549173709781,0.1684549173709781,0.1684549173709781,True,calibrated_probability,valid,contract=valid; ordered feature contract validated; prediction=ok,step5_core_features_v1,hgb,0.1658654487051671,0.1684549173709781,0.1703883369891368,0.511919031037866,47.793478,0.01,塑料,0.19035,0.2142746289289155,0.19035,0,missing_stock,stock not covered by intraday_features.csv,0.700531,0.0,0,0.0,0.0,0.5,0.0,0.5702041202041207,0.0,中,分时缺失|低置信,0.55,0.55,0.93,neutral,106,0.0,0,32027008125,1,14d563095a4610dbbd41021640e53425b2b88341,2026-08-17T11:53:30Z,1.0,1→2,0.78,0.035,0.16,limit_list_d,1/1,0.2142746289289155,True,0.1684549173709781,46,20260818,,603580,塑料,上海,主板,20170525,53.97,58.2,53.97,58.2,9.9981,52.91000480917398,9.9981,0.0799470726804124,0.0799470726804124,0.0200339273195876,93890.0,531245.229,7.1851,21.7297,0.73,1.8820121959156457e-05,0.0572544725087099,,,,,,0.0,0.0840007450176942,,,0.072680412371134,0.0799470726804124,760518.024,,,,299670.87,54796.77,136873.91,162796.96,,3.0,10.0,1.0,10.0,3.0,0.0,,,,,,0.0,,101100,53.97,5456367.0,0.9174265450861196,,U,2.0,36898800.0,36898800.0,95133.0,100209.0,,,,,,,,,,,,,,,,,,,,,,,,0.9174265450861196,5456367.0,,,,,,58.2,47.62,1.0,10.0,3.0,0.0,1.0,0.0,1.6262531909712823,MAIN,10.0,1,eligible_limit_le_10:10.00%:derived:up_limit/pre_close:tick_normalized,a_share_price_limit_le_10_v2,20260817,20260818,20260819,RISK_ON,20260817,0.45747609999999994,,0.7363499075075414,0.7363499075075414,False,lgbm,/home/runner/work/DC20/DC20/models/pfill_lgbm.joblib,,/home/runner/work/DC20/DC20/models/pfill_meta.json,0,,0,,/home/runner/work/DC20/DC20/outputs/learning/learning_acceptance_latest.json,False,,0,0,0,,0,,0,,0,,rule,model_rejected_by_learning_acceptance:acceptance_file_missing,0.007083647521129343,0.007083647521129343,,,,0.007083647521129343,0.007083647521129343,0.007083647521129343,0.007083647521129343,0.007083647521129343,0,0,,,0,0,False,,,,/home/runner/work/DC20/DC20/models/eret_meta.json,87,,87,,/home/runner/work/DC20/DC20/outputs/learning/learning_acceptance_latest.json,False,,0,0,0,,0,,0,,0,,0,0.0,0.0,0,0.0,0.0,0.004578496260042497,0.012848034341363964,0.007816478202534189,0.0018379163110969377,0.004578496260042497,0.012848034341363964,0.007816478202534189,0.0018379163110969377,0,0.0,0,0.0,92,1.0,rule,model_rejected_by_learning_acceptance:acceptance_file_missing,RISK_ON,0.0002,0.0005,2.8521499999999988e-05,0.00023999999999999998,0.0,0.0004,0.0,0.0013685214999999999,0.0013685214999999999,0.0,0.005,0.0045,0.0,0.0,0.006,0.0,0.0,0.0,0.0,0.0,0.0,0.0,0.0,0.000997345,0.002,0.0,0.002090909090909091,0.0010899812717994513,0.006178235362708543,0.006178235362708543,0.005,0.007333676522031408,0.0013499999999999999,0.013683676522031408,0.013683676522031408,0.0,0.0,0.0,0.0,0.0,0.013683676522031408,0.013683676522031408,-0.009836154825031793,0.0,0.0,0.0,0.0,0.0,0.0,0.0,-0.009836154825031793,v2_net_trade_contract_no_double_count,-0.009836154825031793,pred_plus_fs,,,,,,,,,,1,2026-08-22 05:41:21+0800
20260817,20260818,25,003031.SZ,中瓷电子,2→3,-0.008,0.000825,-0.008825,0.1941748571731779,0.1941748571731779,0.1941748571731779,0.1941748571731779,True,calibrated_probability,valid,contract=valid; ordered feature contract validated; prediction=ok,step5_core_features_v1,hgb,0.1832340352391585,0.1941748571731779,0.1943890691463909,0.5509728489182044,56.054348,0.01,通信设备,0.239975,0.2488003267904553,0.239975,0,missing_stock,stock not covered by intraday_features.csv,0.718547,0.0,0,0.0,0.0,0.5,0.0,0.6903136531365303,0.0,中,分时缺失|低置信,0.55,0.55,0.93,neutral,106,0.0,0,32027008125,1,14d563095a4610dbbd41021640e53425b2b88341,2026-08-17T11:53:30Z,2.0,2→3,0.92,0.015,0.35,limit_list_d,2/2,0.2488003267904553,True,0.1941748571731779,25,20260818,,3031,通信设备,河北,主板,20210104,135.29,143.09,133.14,143.09,10.0015,130.08004436303142,10.0015,0.0764913638269621,0.0599630791809351,0.0400519208190648,172019.39,2387348.15258,5.0571,11.1703,1.38,4.189376396229184e-06,1.3454072173013644e-05,,,,,,0.0,0.2100634249471458,,,0.0695366552519394,0.0764913638269621,6454115.9461,,,,299670.87,54796.77,136873.91,162796.96,,,,0.0,,,0.0,,,,,,0.0,,310900,135.29,42061661.0,0.9901215805471124,,U,1.0,118947712.0,118947712.0,132127.0,133239.0,,,,,,,,,,,,,,,,,,,,,,,,0.9901215805471124,42061661.0,,,,,,143.09,117.07,0.0,,,0.0,1.0,0.0,1.6383573142053338,MAIN,10.0,1,eligible_limit_le_10:10.00%:derived:up_limit/pre_close:tick_normalized,a_share_price_limit_le_10_v2,20260817,20260818,20260819,RISK_ON,20260817,0.345811644,,0.6878785622447389,0.6878785622447389,False,lgbm,/home/runner/work/DC20/DC20/models/pfill_lgbm.joblib,,/home/runner/work/DC20/DC20/models/pfill_meta.json,0,,0,,/home/runner/work/DC20/DC20/outputs/learning/learning_acceptance_latest.json,False,,0,0,0,,0,,0,,0,,rule,model_rejected_by_learning_acceptance:acceptance_file_missing,0.007855245715195337,0.007855245715195337,,,,0.007855245715195337,0.007855245715195337,0.007855245715195337,0.007855245715195337,0.007855245715195337,0,0,,,0,0,False,,,,/home/runner/work/DC20/DC20/models/eret_meta.json,87,,87,,/home/runner/work/DC20/DC20/outputs/learning/learning_acceptance_latest.json,False,,0,0,0,,0,,0,,0,,0,0.0,0.0,0,0.0,0.0,0.004578496260042497,0.012848034341363964,0.007816478202534189,0.0018379163110969377,0.004578496260042497,0.012848034341363964,0.007816478202534189,0.0018379163110969377,0,0.0,0,0.0,92,1.0,rule,model_rejected_by_learning_acceptance:acceptance_file_missing,RISK_ON,0.0002,0.0005,0.00010300149999999999,0.00011999999999999999,0.0,0.0004,0.0,0.0013230015,0.0013230015,0.0,0.005,0.002,0.0,0.003503662499999999,0.006,0.0,0.0,0.0,0.0,0.0,0.0,0.0,0.0,0.0009072649999999998,0.002,0.0,0.002090909090909091,0.000544028849379408,0.005542202940288499,0.005542202940288499,0.005,0.008783666580216374,0.0006,0.014383666580216375,0.014383666580216375,0.0,0.0,0.0,0.0,0.0,0.014383666580216375,0.014383666580216375,-0.010303212951568662,0.0,0.0,0.0,0.0,0.0,0.0,0.0,-0.010303212951568662,v2_net_trade_contract_no_double_count,-0.010303212951568662,pred_plus_fs,,,,,,,,,,1,2026-08-22 05:41:21+0800
20260817,20260818,4,603118.SH,共进股份,3→4,0.01,0.0,0.01,0.3140181217182001,0.3140181217182001,0.3140181217182001,0.3140181217182001,True,calibrated_probability,valid,contract=valid; ordered feature contract validated; prediction=ok,step5_core_features_v1,hgb,0.2115920360217405,0.3140181217182001,0.3447806572738816,0.5367896461295136,68.847826,0.01,通信设备,0.368278,0.3582775679719709,0.368278,0,missing_stock,stock not covered by intraday_features.csv,0.765,0.0,0,0.0,0.0,0.5,0.0,1.0,0.0,中,分时缺失|低置信,0.55,0.55,0.93,neutral,106,0.0,0,32027008125,1,14d563095a4610dbbd41021640e53425b2b88341,2026-08-17T11:53:30Z,3.0,3→4,1.1,0.0,0.43,limit_list_d,3/3,0.3582775679719709,True,0.3140181217182001,4,20260818,,603118,通信设备,深圳,主板,20150225,19.26,19.32,18.89,19.32,10.0228,17.559996655238734,10.0228,0.0244874761904761,0.003416857142857,0.0968111428571428,1047789.86,2022067.463,13.309,22.8403,1.26,4.956709003729219e-06,1.1418066806934137e-05,,,,,,0.0,0.2105263157894736,,,0.0222567287784678,0.0244874761904761,1521018.0048,,,,299670.87,54796.77,136873.91,162796.96,,,,0.0,,,0.0,,,,,,0.0,,8916100,19.26,171724086.0,0.9984802431610942,,U,11.0,152696972.0,152696972.0,93022.0,95901.0,,,,,,,,,,,,,,,,,,,,,,,,0.9984802431610942,171724086.0,,,,,,19.32,15.8,0.0,,,0.0,1.0,0.0,1.2609470307973671,MAIN,10.0,1,eligible_limit_le_10:10.00%:derived:up_limit/pre_close:tick_normalized,a_share_price_limit_le_10_v2,20260817,20260818,20260819,RISK_ON,20260817,0.6101965139999999,,0.8014316914233428,0.8014316914233428,False,lgbm,/home/runner/work/DC20/DC20/models/pfill_lgbm.joblib,,/home/runner/work/DC20/DC20/models/pfill_meta.json,0,,0,,/home/runner/work/DC20/DC20/outputs/learning/learning_acceptance_latest.json,False,,0,0,0,,0,,0,,0,,rule,model_rejected_by_learning_acceptance:acceptance_file_missing,0.011450543651546003,0.011450543651546003,,,,0.011450543651546003,0.011450543651546003,0.011450543651546003,0.011450543651546003,0.011450543651546003,0,0,,,0,0,False,,,,/home/runner/work/DC20/DC20/models/eret_meta.json,87,,87,,/home/runner/work/DC20/DC20/outputs/learning/learning_acceptance_latest.json,False,,0,0,0,,0,,0,,0,,0,0.0,0.0,0,0.0,0.0,0.004578496260042497,0.012848034341363964,0.007816478202534189,0.0018379163110969377,0.004578496260042497,0.012848034341363964,0.007816478202534189,0.0018379163110969377,0,0.0,0,0.0,92,1.0,rule,model_rejected_by_learning_acceptance:acceptance_file_missing,RISK_ON,0.0002,0.0005,0.00018581499999999995,0.0006,0.0,0.0004,0.0,0.001885815,0.001885815,0.0,0.005,0.01,0.0,0.0,0.006,0.0,0.0,0.0,0.0,0.0,0.0,0.0,0.0,0.0006749999999999999,0.002,0.0,0.002090909090909091,0.0,0.0047659090909090915,0.0047659090909090915,0.01,0.006274431818181819,0.0015,0.01777443181818182,0.01777443181818182,0.0,0.0,0.0,0.0,0.0,0.01777443181818182,0.01777443181818182,-0.010483418251806487,0.0,0.0,0.0,0.0,0.0,0.0,0.0,-0.010483418251806487,v2_net_trade_contract_no_double_count,-0.010483418251806487,pred_plus_fs,,,,,,,,,,1,2026-08-22 05:41:21+0800
20260817,20260818,86,002476.SZ,新叶股份,1→2,-0.022,0.001925,-0.023925,0.1144024027803127,0.1144024027803127,0.1144024027803127,0.1144024027803127,True,calibrated_probability,valid,contract=valid; ordered feature contract validated; prediction=ok,step5_core_features_v1,hgb,0.1697589405963062,0.1144024027803127,0.1169378766767294,0.5605100579890707,56.793478,0.01,炼化及贸,0.170513,0.1944378687154497,0.170513,0,missing_stock,stock not covered by intraday_features.csv,0.686447,0.0,0,0.0,0.0,0.5,0.0,0.4763157894736849,0.0,中,分时缺失|低置信,0.55,0.55,0.93,neutral,106,0.0,0,32027008125,1,14d563095a4610dbbd41021640e53425b2b88341,2026-08-17T11:53:30Z,1.0,1→2,0.78,0.035,0.16,limit_list_d,1/1,0.1944378687154497,True,0.1144024027803127,86,20260818,,2476,炼化及贸,山东,主板,20100915,4.58,5.02,4.53,5.02,10.0877,4.560000799362689,10.0877,0.107456121513944,0.0964912111553783,0.0043857888446216,172473.4,84104.862,2.8182,3.5846,2.31,0.0001199419362937,0.0493396953923269,,,,,,0.0,0.1032967032967031,,,0.0976095617529879,0.107456121513944,307224.0,,,,299670.87,54796.77,136873.91,162796.96,,,,0.0,,,0.0,,,,,,0.0,,11800,4.58,54044.0,0.30306484295846,,U,0.0,27749556.0,27749556.0,100445.0,100445.0,,,,,,,,,,,,,,,,,,,,,,,,0.30306484295846,54044.0,,,,,,5.02,4.1,0.0,,,0.0,1.0,0.0,2.03227766195747,MAIN,10.0,1,eligible_limit_le_10:10.00%:derived:up_limit/pre_close:tick_normalized,a_share_price_limit_le_10_v2,20260817,20260818,20260819,RISK_ON,20260817,0.320216222,,0.6590935508465676,0.6590935508465676,False,lgbm,/home/runner/work/DC20/DC20/models/pfill_lgbm.joblib,,/home/runner/work/DC20/DC20/models/pfill_meta.json,0,,0,,/home/runner/work/DC20/DC20/outputs/learning/learning_acceptance_latest.json,False,,0,0,0,,0,,0,,0,,rule,model_rejected_by_learning_acceptance:acceptance_file_missing,0.005462072083409381,0.005462072083409381,,,,0.005462072083409381,0.005462072083409381,0.005462072083409381,0.005462072083409381,0.005462072083409381,0,0,,,0,0,False,,,,/home/runner/work/DC20/DC20/models/eret_meta.json,87,,87,,/home/runner/work/DC20/DC20/outputs/learning/learning_acceptance_latest.json,False,,0,0,0,,0,,0,,0,,0,0.0,0.0,0,0.0,0.0,0.004578496260042497,0.012848034341363964,0.007816478202534189,0.0018379163110969377,0.004578496260042497,0.012848034341363964,0.007816478202534189,0.0018379163110969377,0,0.0,0,0.0,92,1.0,rule,model_rejected_by_learning_acceptance:acceptance_file_missing,RISK_ON,0.0002,0.0005,0.00077727,0.0,0.0,0.0004,0.0,0.0018772700000000001,0.0018772700000000001,0.0,0.0,0.0,0.0,0.008261325,0.006,0.0,0.0,0.0,0.0,0.0,0.0,0.0,0.0,0.001067765,0.002,0.0,0.002090909090909091,0.0015167464114832503,0.006675420502392342,0.006675420502392342,0.0,0.012250294126794257,0.0,0.012250294126794257,0.012250294126794257,0.0,0.0,0.0,0.0,0.0,0.012250294126794257,0.012250294126794257,-0.01052754764236006,0.0,0.0,0.0,0.0,0.0,0.0,0.0,-0.01052754764236006,v2_net_trade_contract_no_double_count,-0.01052754764236006,pred_plus_fs,,,,,,,,,,1,2026-08-22 05:41:21+0800
20260817,20260818,67,600222.SH,太龙药业,1→2,-0.022,0.001925,-0.023925,0.147690518413612,0.147690518413612,0.147690518413612,0.147690518413612,True,calibrated_probability,valid,contract=valid; ordered feature contract validated; prediction=ok,step5_core_features_v1,hgb,0.1702706610394769,0.147690518413612,0.1556761591230286,0.5562761609851655,51.336957,0.01,中药Ⅱ,0.182902,0.2068265076587591,0.182902,0,missing_stock,stock not covered by intraday_features.csv,0.686923,0.0,0,0.0,0.0,0.5,0.0,0.4794840294840291,0.0,中,分时缺失|低置信,0.55,0.55,0.93,neutral,106,0.0,0,32027008125,1,14d563095a4610dbbd41021640e53425b2b88341,2026-08-17T11:53:30Z,1.0,1→2,0.78,0.035,0.16,limit_list_d,1/1,0.2068265076587591,True,0.147690518413612,67,20260818,,600222,中药Ⅱ,河南,主板,19991105,8.18,8.95,7.99,8.95,9.9509,8.139997035040185,9.9509,0.1179361608938546,0.0945946290502793,0.0049143709497207,637379.26,556597.809,11.3947,14.9296,3.01,1.7878079717701513e-05,0.0454172489488473,,,,,,0.0,0.1090458488228003,,,0.1072625698324021,0.1179361608938546,500630.064,,,,299670.87,54796.77,136873.91,162796.96,,,,0.0,,,0.0,,,,,,0.0,,80200,8.18,656036.0,0.6889564336372846,,U,2.0,30774843.0,30774843.0,94504.0,145140.0,,,,,,,,,,,,,,,,,,,,,,,,0.6889564336372846,656036.0,,,,,,8.95,7.33,0.0,,,0.0,1.0,0.0,1.3691299413636822,MAIN,10.0,1,eligible_limit_le_10:10.00%:derived:up_limit/pre_close:tick_normalized,a_share_price_limit_le_10_v2,20260817,20260818,20260819,RISK_ON,20260817,0.4815860784999999,,0.7424980594599376,0.7424980594599376,False,lgbm,/home/runner/work/DC20/DC20/models/pfill_lgbm.joblib,,/home/runner/work/DC20/DC20/models/pfill_meta.json,0,,0,,/home/runner/work/DC20/DC20/outputs/learning/learning_acceptance_latest.json,False,,0,0,0,,0,,0,,0,,rule,model_rejected_by_learning_acceptance:acceptance_file_missing,0.006460715552408361,0.006460715552408361,,,,0.006460715552408361,0.006460715552408361,0.006460715552408361,0.006460715552408361,0.006460715552408361,0,0,,,0,0,False,,,,/home/runner/work/DC20/DC20/models/eret_meta.json,87,,87,,/home/runner/work/DC20/DC20/outputs/learning/learning_acceptance_latest.json,False,,0,0,0,,0,,0,,0,,0,0.0,0.0,0,0.0,0.0,0.004578496260042497,0.012848034341363964,0.007816478202534189,0.0018379163110969377,0.004578496260042497,0.012848034341363964,0.007816478202534189,0.0018379163110969377,0,0.0,0,0.0,92,1.0,rule,model_rejected_by_learning_acceptance:acceptance_file_missing,RISK_ON,0.0002,0.0005,0.0001188145,0.00023999999999999998,0.0,0.0004,0.0,0.0014588145,0.0014588145,0.0,0.005,0.0045,0.0,0.0,0.006,0.0,0.0,0.0,0.0,0.0,0.0,0.0,0.0,0.0010653850000000003,0.002,0.0,0.002090909090909091,0.0015023453205271408,0.006658639411436232,0.006658639411436232,0.005,0.007693979558577174,0.0013499999999999999,0.014043979558577176,0.014043979558577176,0.0,0.0,0.0,0.0,0.0,0.014043979558577176,0.014043979558577176,-0.010705725298191329,0.0,0.0,0.0,0.0,0.0,0.0,0.0,-0.010705725298191329,v2_net_trade_contract_no_double_count,-0.010705725298191329,pred_plus_fs,,,,,,,,,,1,2026-08-22 05:41:21+0800
20260817,20260818,51,603958.SH,哈森股份,1→2,-0.022,0.001925,-0.023925,0.1645060155055488,0.1645060155055488,0.1645060155055488,0.1645060155055488,True,calibrated_probability,valid,contract=valid; ordered feature contract validated; prediction=ok,step5_core_features_v1,hgb,0.1643561731340078,0.1645060155055488,0.1461080108296126,0.5234425690402998,49.445652,0.01,服装家纺,0.19089,0.214814745623115,0.19089,0,missing_stock,stock not covered by intraday_features.csv,0.68309,0.0,0,0.0,0.0,0.5,0.0,0.4539344262295087,0.0,中,分时缺失|低置信,0.55,0.55,0.93,neutral,106,0.0,0,32027008125,1,14d563095a4610dbbd41021640e53425b2b88341,2026-08-17T11:53:30Z,1.0,1→2,0.78,0.035,0.16,limit_list_d,1/1,0.214814745623115,True,0.1645060155055488,51,20260818,,603958,服装家纺,江苏,主板,20160629,15.26,16.78,15.21,16.78,10.0328,15.249998182360171,10.0328,0.102950831942789,0.0996721430274136,0.0006558569725862,25554.0,41870.563,1.1649,3.1918,0.74,0.0002396146428697,0.0311033489939627,,,,,,0.0,0.1422736555479919,,,0.0935637663885578,0.102950831942789,368086.08,,,,299670.87,54796.77,136873.91,162796.96,,,,0.0,,,0.0,,,,,,0.0,,15100,15.26,230426.0,0.5122847011144883,,U,0.0,43136346.0,43136346.0,93212.0,93212.0,,,,,,,,,,,,,,,,,,,,,,,,0.5122847011144883,230426.0,,,,,,16.78,13.73,0.0,,,0.0,1.0,0.0,2.05017523142599,MAIN,10.0,1,eligible_limit_le_10:10.00%:derived:up_limit/pre_close:tick_normalized,a_share_price_limit_le_10_v2,20260817,20260818,20260819,RISK_ON,20260817,0.30425632699999994,,0.6436004604802467,0.6436004604802467,False,lgbm,/home/runner/work/DC20/DC20/models/pfill_lgbm.joblib,,/home/runner/work/DC20/DC20/models/pfill_meta.json,0,,0,,/home/runner/work/DC20/DC20/outputs/learning/learning_acceptance_latest.json,False,,0,0,0,,0,,0,,0,,rule,model_rejected_by_learning_acceptance:acceptance_file_missing,0.006965180465166464,0.006965180465166464,,,,0.006965180465166464,0.006965180465166464,0.006965180465166464,0.006965180465166464,0.006965180465166464,0,0,,,0,0,False,,,,/home/runner/work/DC20/DC20/models/eret_meta.json,87,,87,,/home/runner/work/DC20/DC20/outputs/learning/learning_acceptance_latest.json,False,,0,0,0,,0,,0,,0,,0,0.0,0.0,0,0.0,0.0,0.004578496260042497,0.012848034341363964,0.007816478202534189,0.0018379163110969377,0.004578496260042497,0.012848034341363964,0.007816478202534189,0.0018379163110969377,0,0.0,0,0.0,92,1.0,rule,model_rejected_by_learning_acceptance:acceptance_file_missing,RISK_ON,0.0002,0.0005,0.0010252649999999998,0.0,0.0,0.0004,0.0,0.002125265,0.002125265,0.0,0.0,0.0,0.0,0.01,0.006,0.0,0.0,0.0,0.0,0.0,0.0,0.0,0.0,0.00108455,0.002,0.0,0.002090909090909091,0.0016184798807749607,0.006793938971684052,0.006793938971684052,0.0,0.01329545422876304,0.0,0.01329545422876304,0.01329545422876304,0.0,0.0,0.0,0.0,0.0,0.01329545422876304,0.01329545422876304,-0.010937925874053884,0.0,0.0,0.0,0.0,0.0,0.0,0.0,-0.010937925874053884,v2_net_trade_contract_no_double_count,-0.010937925874053884,pred_plus_fs,,,,,,,,,,1,2026-08-22 05:41:21+0800
20260817,20260818,74,603880.SH,南卫股份,1→2,-0.022,0.001925,-0.023925,0.1366266327301403,0.1366266327301403,0.1366266327301403,0.1366266327301403,True,calibrated_probability,valid,contract=valid; ordered feature contract validated; prediction=ok,step5_core_features_v1,hgb,0.1581932017180102,0.1366266327301403,0.1288079610778698,0.4981502946081525,42.858696,0.0573942950693908,医疗器械,0.161846,0.1857709806856668,0.161846,0,missing_stock,stock not covered by intraday_features.csv,0.679143,0.0,0,0.0,0.0,0.5,0.0,0.4276194029850751,0.0,中,分时缺失|低置信,0.55,0.55,0.93,neutral,106,0.0,0,32027008125,1,14d563095a4610dbbd41021640e53425b2b88341,2026-08-17T11:53:30Z,1.0,1→2,0.78,0.035,0.16,limit_list_d,1/1,0.1857709806856668,True,0.1366266327301403,74,20260818,,603880,医疗器械,江苏,主板,20170807,8.01,8.84,8.01,8.84,9.9502,8.04000356525045,9.9502,0.1032337850678733,0.1032337850678733,-0.0037317850678733,200809.24,173300.238,6.9474,13.1694,2.07,5.741596269475406e-05,0.0589087529386037,,,,,,0.0,0.0793650793650793,,,0.0938914027149321,0.1032337850678733,255513.128,,,,299670.87,54796.77,136873.91,162796.96,,3.0,9.0,1.0,9.0,3.0,0.0,,,,,,0.0,,30280,8.01001,242543.0,0.51887031408308,,U,2.0,13244972.0,13244972.0,102526.0,110405.0,,,,,,,,,,,,,,,,,,,,,,,,0.51887031408308,242543.0,,,,,,8.84,7.24,1.0,9.0,3.0,0.0,1.0,0.0,1.598739588080334,MAIN,10.0,1,eligible_limit_le_10:10.00%:derived:up_limit/pre_close:tick_normalized,a_share_price_limit_le_10_v2,20260817,20260818,20260819,RISK_ON,20260817,0.46811451400000004,,0.7359692616081385,0.7359692616081385,False,lgbm,/home/runner/work/DC20/DC20/models/pfill_lgbm.joblib,,/home/runner/work/DC20/DC20/models/pfill_meta.json,0,,0,,/home/runner/work/DC20/DC20/outputs/learning/learning_acceptance_latest.json,False,,0,0,0,,0,,0,,0,,rule,model_rejected_by_learning_acceptance:acceptance_file_missing,0.006270981867112382,0.006270981867112382,,,,0.006270981867112382,0.006270981867112382,0.006270981867112382,0.006270981867112382,0.006270981867112382,0,0,,,0,0,False,,,,/home/runner/work/DC20/DC20/models/eret_meta.json,87,,87,,/home/runner/work/DC20/DC20/outputs/learning/learning_acceptance_latest.json,False,,0,0,0,,0,,0,,0,,0,0.0,0.0,0,0.0,0.0,0.004578496260042497,0.012848034341363964,0.007816478202534189,0.0018379163110969377,0.004578496260042497,0.012848034341363964,0.007816478202534189,0.0018379163110969377,0,0.0,0,0.0,92,1.0,rule,model_rejected_by_learning_acceptance:acceptance_file_missing,RISK_ON,0.0002,0.0005,3.6840999999999995e-05,0.00023999999999999998,0.0,0.0004,0.0,0.001376841,0.001376841,0.0,0.005,0.0045,0.0,0.0,0.006,0.0,0.0,0.0,0.0,0.0,0.0,0.0,0.0,0.0011042849999999998,0.002,0.0,0.002090909090909091,0.0017380936227951135,0.006933287713704205,0.006933287713704205,0.005,0.007899965785278153,0.0013499999999999999,0.014249965785278155,0.014249965785278155,0.0,0.0,0.0,0.0,0.0,0.014249965785278155,0.014249965785278155,-0.01101155689098143,0.0,0.0,0.0,0.0,0.0,0.0,0.0,-0.01101155689098143,v2_net_trade_contract_no_double_count,-0.01101155689098143,pred_plus_fs,,,,,,,,,,1,2026-08-22 05:41:21+0800
20260817,20260818,59,603657.SH,春光科技,1→2,-0.022,0.001925,-0.023925,0.1554412816182278,0.1554412816182278,0.1554412816182278,0.1554412816182278,True,calibrated_probability,valid,contract=valid; ordered feature contract validated; prediction=ok,step5_core_features_v1,hgb,0.1703052346249811,0.1554412816182278,0.133991541902219,0.5323199190025862,51.141304,0.01,家电零部,0.187936,0.2118607359019902,0.187936,0,missing_stock,stock not covered by intraday_features.csv,0.6825,0.0,0,0.0,0.0,0.5,0.0,0.45,0.0,中,分时缺失|低置信,0.55,0.55,0.93,neutral,106,0.0,0,32027008125,1,14d563095a4610dbbd41021640e53425b2b88341,2026-08-17T11:53:30Z,1.0,1→2,0.78,0.035,0.16,limit_list_d,1/1,0.2118607359019902,True,0.1554412816182278,59,20260818,,603657,家电零部,浙江,主板,20180730,26.55,29.21,26.55,29.21,10.0188,26.55000781684585,10.0188,0.1001882944197192,0.1001882944197192,-2.944197192658195e-07,22699.0,64921.953,1.679,4.5326,0.62,0.0001543206810183,0.0580630277851069,,,,,,0.0,0.0826538176426983,,,0.0910647038685381,0.1001882944197192,394890.2821,,,,299670.87,54796.77,136873.91,162796.96,,,,0.0,,,0.0,,,,,,0.0,,23400,26.55,621270.0,0.6808510638297872,,U,0.0,74739627.0,74739627.0,93659.0,93659.0,,,,,,,,,,,,,,,,,,,,,,,,0.6808510638297872,621270.0,,,,,,29.21,23.9,0.0,,,0.0,1.0,0.0,2.086935459981176,MAIN,10.0,1,eligible_limit_le_10:10.00%:derived:up_limit/pre_close:tick_normalized,a_share_price_limit_le_10_v2,20260817,20260818,20260819,RISK_ON,20260817,0.2910251865,,0.6356011827301176,0.6356011827301176,False,lgbm,/home/runner/work/DC20/DC20/models/pfill_lgbm.joblib,,/home/runner/work/DC20/DC20/models/pfill_meta.json,0,,0,,/home/runner/work/DC20/DC20/outputs/learning/learning_acceptance_latest.json,False,,0,0,0,,0,,0,,0,,rule,model_rejected_by_learning_acceptance:acceptance_file_missing,0.006693238448546834,0.006693238448546834,,,,0.006693238448546834,0.006693238448546834,0.006693238448546834,0.006693238448546834,0.006693238448546834,0,0,,,0,0,False,,,,/home/runner/work/DC20/DC20/models/eret_meta.json,87,,87,,/home/runner/work/DC20/DC20/outputs/learning/learning_acceptance_latest.json,False,,0,0,0,,0,,0,,0,,0,0.0,0.0,0,0.0,0.0,0.004578496260042497,0.012848034341363964,0.007816478202534189,0.0018379163110969377,0.004578496260042497,0.012848034341363964,0.007816478202534189,0.0018379163110969377,0,0.0,0,0.0,92,1.0,rule,model_rejected_by_learning_acceptance:acceptance_file_missing,RISK_ON,0.0002,0.0005,0.00094815,0.0,0.0,0.0004,0.0,0.00204815,0.00204815,0.0,0.0,0.0,0.0,0.01,0.006,0.0,0.0,0.0,0.0,0.0,0.0,0.0,0.0,0.0010875,0.002,0.0,0.002090909090909091,0.0016363636363636365,0.0068147727272727275,0.0068147727272727275,0.0,0.013311079545454546,0.0,0.013311079545454546,0.013311079545454546,0.0,0.0,0.0,0.0,0.0,0.013311079545454546,0.013311079545454546,-0.011104999271263481,0.0,0.0,0.0,0.0,0.0,0.0,0.0,-0.011104999271263481,v2_net_trade_contract_no_double_count,-0.011104999271263481,pred_plus_fs,,,,,,,,,,1,2026-08-22 05:41:21+0800
20260817,20260818,63,603389.SH,亚振家居,1→2,-0.022,0.001925,-0.023925,0.150390080769439,0.150390080769439,0.150390080769439,0.150390080769439,True,calibrated_probability,valid,contract=valid; ordered feature contract validated; prediction=ok,step5_core_features_v1,hgb,0.1614658524746068,0.150390080769439,0.1144625124393583,0.5130686119913112,47.076087,0.01,家居用品,0.176269,0.2001944613078381,0.176269,0,missing_stock,stock not covered by intraday_features.csv,0.685168,0.0,0,0.0,0.0,0.5,0.0,0.4677879133409338,0.0,中,分时缺失|低置信,0.55,0.55,0.93,neutral,106,0.0,0,32027008125,1,14d563095a4610dbbd41021640e53425b2b88341,2026-08-17T11:53:30Z,1.0,1→2,0.78,0.035,0.16,limit_list_d,1/1,0.2001944613078381,True,0.150390080769439,63,20260818,,603389,家居用品,江苏,主板,20161215,43.98,48.24,43.58,48.24,10.0114,43.85000099989637,10.0114,0.1062713772802654,0.0971493706467662,0.0029646293532337,27175.8,126785.814,1.0343,2.6161,1.21,7.896309282677319e-05,0.0471900400656951,,,,,,0.0,0.1064220183486239,,,0.0966003316749586,0.1062713772802654,1267515.648,,,,299670.87,54796.77,136873.91,162796.96,,,,0.0,,,0.0,,,,,,0.0,,3600,43.98,158328.0,0.449468085106383,,U,0.0,37500811.0,37500811.0,95144.0,95144.0,,,,,,,,,,,,,,,,,,,,,,,,0.449468085106383,158328.0,,,,,,48.24,39.47,0.0,,,0.0,1.0,0.0,2.0436201033482835,MAIN,10.0,1,eligible_limit_le_10:10.00%:derived:up_limit/pre_close:tick_normalized,a_share_price_limit_le_10_v2,20260817,20260818,20260819,RISK_ON,20260817,0.3064210945,,0.6460328198615691,0.6460328198615691,False,lgbm,/home/runner/work/DC20/DC20/models/pfill_lgbm.joblib,,/home/runner/work/DC20/DC20/models/pfill_meta.json,0,,0,,/home/runner/work/DC20/DC20/outputs/learning/learning_acceptance_latest.json,False,,0,0,0,,0,,0,,0,,rule,model_rejected_by_learning_acceptance:acceptance_file_missing,0.006541702423083171,0.006541702423083171,,,,0.006541702423083171,0.006541702423083171,0.006541702423083171,0.006541702423083171,0.006541702423083171,0,0,,,0,0,False,,,,/home/runner/work/DC20/DC20/models/eret_meta.json,87,,87,,/home/runner/work/DC20/DC20/outputs/learning/learning_acceptance_latest.json,False,,0,0,0,,0,,0,,0,,0,0.0,0.0,0,0.0,0.0,0.004578496260042497,0.012848034341363964,0.007816478202534189,0.0018379163110969377,0.004578496260042497,0.012848034341363964,0.007816478202534189,0.0018379163110969377,0,0.0,0,0.0,92,1.0,rule,model_rejected_by_learning_acceptance:acceptance_file_missing,RISK_ON,0.0002,0.0005,0.0010448550000000001,0.0,0.0,0.0004,0.0,0.002144855,0.002144855,0.0,0.0,0.0,0.0,0.01,0.006,0.0,0.0,0.0,0.0,0.0,0.0,0.0,0.0,0.00107416,0.002,0.0,0.002090909090909091,0.0015555094848139378,0.00672057857572303,0.00672057857572303,0.0,0.013240433931792273,0.0,0.013240433931792273,0.013240433931792273,0.0,0.0,0.0,0.0,0.0,0.013240433931792273,0.013240433931792273,-0.011159134468712592,0.0,0.0,0.0,0.0,0.0,0.0,0.0,-0.011159134468712592,v2_net_trade_contract_no_double_count,-0.011159134468712592,pred_plus_fs,,,,,,,,,,1,2026-08-22 05:41:21+0800
20260817,20260818,90,000520.SZ,凤凰航运,1→2,-0.022,0.001925,-0.023925,0.093508437095372,0.093508437095372,0.093508437095372,0.093508437095372,True,calibrated_probability,valid,contract=valid; ordered feature contract validated; prediction=ok,step5_core_features_v1,hgb,0.1490927278438174,0.093508437095372,0.0975102528708334,0.468834495245319,35.184783,0.01,航运港口,0.11267,0.1365947027359912,0.11267,0,missing_stock,stock not covered by intraday_features.csv,0.689531,0.0,0,0.0,0.0,0.5,0.0,0.496875,0.0,中,分时缺失|低置信,0.55,0.55,0.93,neutral,106,0.0,0,32027008125,1,14d563095a4610dbbd41021640e53425b2b88341,2026-08-17T11:53:30Z,1.0,1→2,0.78,0.035,0.16,limit_list_d,1/1,0.1365947027359912,True,0.093508437095372,90,20260818,,520,航运港口,湖北,主板,19931025,3.87,4.22,3.82,4.22,9.8958,3.840001164739689,9.8958,0.10416663507109,0.0911458056872037,0.0078121943127964,263007.0,107119.866,2.5987,3.7936,1.92,9.238062340369246e-05,0.0559059018851756,,,,,,0.0,0.0848329048843186,,,0.0947867298578198,0.10416663507109,427099.237,,,,299670.87,54796.77,136873.91,162796.96,,,,0.0,,,0.0,,,,,,0.0,,100700,3.87,389709.0,0.6025835866261399,,U,0.0,13944568.0,13944568.0,101218.0,101218.0,,,,,,,,,,,,,,,,,,,,,,,,0.6025835866261399,389709.0,,,,,,4.22,3.46,0.0,,,0.0,1.0,0.0,2.01622000914346,MAIN,10.0,1,eligible_limit_le_10:10.00%:derived:up_limit/pre_close:tick_normalized,a_share_price_limit_le_10_v2,20260817,20260818,20260819,RISK_ON,20260817,0.326021216,,0.6664385217116424,0.6664385217116424,False,lgbm,/home/runner/work/DC20/DC20/models/pfill_lgbm.joblib,,/home/runner/work/DC20/DC20/models/pfill_meta.json,0,,0,,/home/runner/work/DC20/DC20/outputs/learning/learning_acceptance_latest.json,False,,0,0,0,,0,,0,,0,,rule,model_rejected_by_learning_acceptance:acceptance_file_missing,0.00483525311286116,0.00483525311286116,,,,0.00483525311286116,0.00483525311286116,0.00483525311286116,0.00483525311286116,0.00483525311286116,0,0,,,0,0,False,,,,/home/runner/work/DC20/DC20/models/eret_meta.json,87,,87,,/home/runner/work/DC20/DC20/outputs/learning/learning_acceptance_latest.json,False,,0,0,0,,0,,0,,0,,0,0.0,0.0,0,0.0,0.0,0.004578496260042497,0.012848034341363964,0.007816478202534189,0.0018379163110969377,0.004578496260042497,0.012848034341363964,0.007816478202534189,0.0018379163110969377,0,0.0,0,0.0,92,1.0,rule,model_rejected_by_learning_acceptance:acceptance_file_missing,RISK_ON,0.0002,0.0005,0.000810195,0.0,0.0,0.0004,0.0001,0.002010195,0.002010195,0.0,0.0,0.0,0.0,0.0087277625,0.006,0.0,0.0,0.0,0.0,0.0,0.0,0.0,0.0,0.001052345,0.002,0.0,0.002090909090909091,0.0014232954545454549,0.006566549545454546,0.006566549545454546,0.0,0.012425181534090909,0.0,0.012425181534090909,0.012425181534090909,0.0,0.0,0.0,0.0,0.0,0.012425181534090909,0.012425181534090909,-0.0112129775974541,0.0,0.0,0.0,0.0,0.0,0.0,0.0,-0.0112129775974541,v2_net_trade_contract_no_double_count,-0.0112129775974541,pred_plus_fs,,,,,,,,,,1,2026-08-22 05:41:21+0800
20260817,20260818,72,603530.SH,神马电力,1→2,-0.022,0.001925,-0.023925,0.1426912858177036,0.1426912858177036,0.1426912858177036,0.1426912858177036,True,calibrated_probability,valid,contract=valid; ordered feature contract validated; prediction=ok,step5_core_features_v1,hgb,0.1729896215684233,0.1426912858177036,0.1285048060226026,0.5216751224893449,48.467391,0.01,电网设备,0.173663,0.1975879128416234,0.173663,0,missing_stock,stock not covered by intraday_features.csv,0.686321,0.0,0,0.0,0.0,0.5,0.0,0.4754722988749734,0.0,中,分时缺失|低置信,0.55,0.55,0.93,neutral,106,0.0,0,32027008125,1,14d563095a4610dbbd41021640e53425b2b88341,2026-08-17T11:53:30Z,1.0,1→2,0.78,0.035,0.16,limit_list_d,1/1,0.1975879128416234,True,0.1426912858177036,72,20260818,,603530,电网设备,江苏,主板,20190805,47.31,51.82,47.0,51.82,9.9979,47.10999028163265,9.9979,0.1023137549208799,0.0957334096873793,0.0042455903126206,78702.54,394648.173,1.8411,8.737,1.39,2.533370400272954e-05,0.0353509771036386,,,,,,0.0,0.1321826523923968,,,0.0930142802006947,0.1023137549208799,2235537.6008,,,,299670.87,54796.77,136873.91,162796.96,,,,0.0,,,0.0,,,,,,0.0,,13600,47.31,643416.0,0.6851570415400202,,U,0.0,112465464.0,112465464.0,144931.0,144931.0,,,,,,,,,,,,,,,,,,,,,,,,0.6851570415400202,643416.0,,,,,,51.82,42.4,0.0,,,0.0,1.0,0.0,2.130817308532144,MAIN,10.0,1,eligible_limit_le_10:10.00%:derived:up_limit/pre_close:tick_normalized,a_share_price_limit_le_10_v2,20260817,20260818,20260819,RISK_ON,20260817,0.2729727679999999,,0.6255746483823877,0.6255746483823877,False,lgbm,/home/runner/work/DC20/DC20/models/pfill_lgbm.joblib,,/home/runner/work/DC20/DC20/models/pfill_meta.json,0,,0,,/home/runner/work/DC20/DC20/outputs/learning/learning_acceptance_latest.json,False,,0,0,0,,0,,0,,0,,rule,model_rejected_by_learning_acceptance:acceptance_file_missing,0.006310738574531108,0.006310738574531108,,,,0.006310738574531108,0.006310738574531108,0.006310738574531108,0.006310738574531108,0.006310738574531108,0,0,,,0,0,False,,,,/home/runner/work/DC20/DC20/models/eret_meta.json,87,,87,,/home/runner/work/DC20/DC20/outputs/learning/learning_acceptance_latest.json,False,,0,0,0,,0,,0,,0,,0,0.0,0.0,0,0.0,0.0,0.004578496260042497,0.012848034341363964,0.007816478202534189,0.0018379163110969377,0.004578496260042497,0.012848034341363964,0.007816478202534189,0.0018379163110969377,0,0.0,0,0.0,92,1.0,rule,model_rejected_by_learning_acceptance:acceptance_file_missing,RISK_ON,0.0002,0.0005,0.000923835,0.0,0.0,0.0004,0.0,0.002023835,0.002023835,0.0,0.0,0.0,0.0,0.01,0.006,0.0,0.0,0.0,0.0,0.0,0.0,0.0,0.0,0.0010683950000000002,0.002,0.0,0.002090909090909091,0.001520580459659212,0.006679884550568303,0.006679884550568303,0.0,0.013209913412926228,0.0,0.013209913412926228,0.013209913412926228,0.0,0.0,0.0,0.0,0.0,0.013209913412926228,0.013209913412926228,-0.01128591034813076,0.0,0.0,0.0,0.0,0.0,0.0,0.0,-0.01128591034813076,v2_net_trade_contract_no_double_count,-0.01128591034813076,pred_plus_fs,,,,,,,,,,1,2026-08-22 05:41:21+0800
20260817,20260818,89,002469.SZ,三维化学,1→2,-0.022,0.001925,-0.023925,0.1004878554315955,0.1004878554315955,0.1004878554315955,0.1004878554315955,True,calibrated_probability,valid,contract=valid; ordered feature contract validated; prediction=ok,step5_core_features_v1,hgb,0.154103748216154,0.1004878554315955,0.1257660983862077,0.4853183269946211,39.25,0.01,化学原料,0.125686,0.1496107295713477,0.125686,0,missing_stock,stock not covered by intraday_features.csv,0.685636,0.0,0,0.0,0.0,0.5,0.0,0.4709059233449476,0.0,中,分时缺失|低置信,0.55,0.55,0.93,neutral,106,0.0,0,32027008125,1,14d563095a4610dbbd41021640e53425b2b88341,2026-08-17T11:53:30Z,1.0,1→2,0.78,0.035,0.16,limit_list_d,1/1,0.1496107295713477,True,0.1004878554315955,89,20260818,,2469,化学原料,山东,主板,20100908,5.76,6.31,5.72,6.31,9.9303,5.7400007095405,9.9303,0.102787443740095,0.0958188034865293,0.0034841965134706,154202.15,95160.32201,2.4539,3.178,2.99,0.0001043533669311,0.0548239817373542,,,,,,0.0,0.0879310344827586,,,0.0935023771790808,0.102787443740095,409432.3006,,,,299670.87,54796.77,136873.91,162796.96,,,,0.0,,,0.0,,,,,,0.0,,30800,5.76,177408.0,0.467451874366768,,U,0.0,27679288.0,27679288.0,94933.0,94933.0,,,,,,,,,,,,,,,,,,,,,,,,0.467451874366768,177408.0,,,,,,6.31,5.17,0.0,,,0.0,1.0,0.0,2.032195927793852,MAIN,10.0,1,eligible_limit_le_10:10.00%:derived:up_limit/pre_close:tick_normalized,a_share_price_limit_le_10_v2,20260817,20260818,20260819,RISK_ON,20260817,0.31842985599999996,,0.6554762881069494,0.6554762881069494,False,lgbm,/home/runner/work/DC20/DC20/models/pfill_lgbm.joblib,,/home/runner/work/DC20/DC20/models/pfill_meta.json,0,,0,,/home/runner/work/DC20/DC20/outputs/learning/learning_acceptance_latest.json,False,,0,0,0,,0,,0,,0,,rule,model_rejected_by_learning_acceptance:acceptance_file_missing,0.005044635662947865,0.005044635662947865,,,,0.005044635662947865,0.005044635662947865,0.005044635662947865,0.005044635662947865,0.005044635662947865,0,0,,,0,0,False,,,,/home/runner/work/DC20/DC20/models/eret_meta.json,87,,87,,/home/runner/work/DC20/DC20/outputs/learning/learning_acceptance_latest.json,False,,0,0,0,,0,,0,,0,,0,0.0,0.0,0,0.0,0.0,0.004578496260042497,0.012848034341363964,0.007816478202534189,0.0018379163110969377,0.004578496260042497,0.012848034341363964,0.007816478202534189,0.0018379163110969377,0,0.0,0,0.0,92,1.0,rule,model_rejected_by_learning_acceptance:acceptance_file_missing,RISK_ON,0.0002,0.0005,0.000831915,0.0,0.0,0.0004,0.0,0.001931915,0.001931915,0.0,0.0,0.0,0.0,0.0090354625,0.006,0.0,0.0,0.0,0.0,0.0,0.0,0.0,0.0,0.0010718199999999998,0.002,0.0,0.002090909090909091,0.0015413367120684202,0.006704065802977511,0.006704065802977511,0.0,0.012697553727233135,0.0,0.012697553727233135,0.012697553727233135,0.0,0.0,0.0,0.0,0.0,0.012697553727233135,0.012697553727233135,-0.01132282966803213,0.0,0.0,0.0,0.0,0.0,0.0,0.0,-0.01132282966803213,v2_net_trade_contract_no_double_count,-0.01132282966803213,pred_plus_fs,,,,,,,,,,1,2026-08-22 05:41:21+0800
20260817,20260818,10,603823.SH,百合花,1→2,-0.022,0.001925,-0.023925,0.2366365774886428,0.2366365774886428,0.2366365774886428,0.2366365774886428,True,calibrated_probability,valid,contract=valid; ordered feature contract validated; prediction=ok,step5_core_features_v1,hgb,0.162113380185835,0.2366365774886428,0.2522354089357798,0.5907889170666109,44.815217,0.83,化学制品,0.295197,0.3191221920882039,0.295197,0,missing_stock,stock not covered by intraday_features.csv,0.700503,0.0,0,0.0,0.0,0.5,0.0,0.5700169037892657,0.0,中,分时缺失|低置信,0.55,0.55,0.93,neutral,106,0.0,0,32027008125,1,14d563095a4610dbbd41021640e53425b2b88341,2026-08-17T11:53:30Z,1.0,1→2,0.78,0.035,0.16,limit_list_d,1/1,0.3191221920882039,True,0.2366365774886428,10,20260818,,603823,化学制品,浙江,主板,20161220,72.41,78.09,72.41,78.09,10.0014,70.99000558174714,10.0014,0.0800112629017801,0.0800112629017801,0.0200027370982199,145219.3,1117028.023,3.4878,9.2739,0.59,8.953580209330165e-06,0.0829675695613171,,,,,,0.0,0.0275,,,0.0727365859905238,0.0800112629017801,3251415.3693,,,,299670.87,54796.77,136873.91,162796.96,,8.0,1.0,1.0,1.0,8.0,0.0,,,,,,0.0,,227500,72.41,16473275.0,0.9685916919959472,,U,4.0,56081895.0,56081895.0,93740.0,100931.0,,,,,,,,,,,,,,,,,,,,,,,,0.9685916919959472,16473275.0,,,,,,78.09,63.89,1.0,1.0,8.0,0.0,1.0,0.0,1.5152332040463756,MAIN,10.0,1,eligible_limit_le_10:10.00%:derived:up_limit/pre_close:tick_normalized,a_share_price_limit_le_10_v2,20260817,20260818,20260819,RISK_ON,20260817,0.5493980525,,0.7677877042365558,0.7677877042365558,False,lgbm,/home/runner/work/DC20/DC20/models/pfill_lgbm.joblib,,/home/runner/work/DC20/DC20/models/pfill_meta.json,0,,0,,/home/runner/work/DC20/DC20/outputs/learning/learning_acceptance_latest.json,False,,0,0,0,,0,,0,,0,,rule,model_rejected_by_learning_acceptance:acceptance_file_missing,0.011589097324659283,0.011589097324659283,,,,0.011589097324659283,0.011589097324659283,0.011589097324659283,0.011589097324659283,0.011589097324659283,0,0,,,0,0,False,,,,/home/runner/work/DC20/DC20/models/eret_meta.json,87,,87,,/home/runner/work/DC20/DC20/outputs/learning/learning_acceptance_latest.json,False,,0,0,0,,0,,0,,0,,0,0.0,0.0,0,0.0,0.0,0.004578496260042497,0.012848034341363964,0.007816478202534189,0.0018379163110969377,0.004578496260042497,0.012848034341363964,0.007816478202534189,0.0018379163110969377,0,0.0,0,0.0,92,1.0,rule,model_rejected_by_learning_acceptance:acceptance_file_missing,RISK_ON,0.0002,0.0005,0.00067683,0.00047999999999999996,0.0,0.0004,0.0,0.00225683,0.00225683,0.0,0.005,0.009000000000000001,0.0,0.006838425,0.006,0.0,0.0,0.0,0.0,0.0,0.0,0.0,0.0,0.0009974850000000002,0.002,0.0,0.002090909090909091,0.0010908322555033376,0.0061792263464124295,0.0061792263464124295,0.009000000000000001,0.011095553509809323,0.0015,0.021595553509809323,0.018,0.0,0.0,0.0,0.0,0.0,0.018,0.018,-0.011358863570925836,0.0,0.0,0.0,0.0,0.0,0.0,0.0,-0.011358863570925836,v2_net_trade_contract_no_double_count,-0.011358863570925836,pred_plus_fs,,,,,,,,,,1,2026-08-22 05:41:21+0800
20260817,20260818,88,605060.SH,联德股份,1→2,-0.022,0.001925,-0.023925,0.1019354348406568,0.1019354348406568,0.1019354348406568,0.1019354348406568,True,calibrated_probability,valid,contract=valid; ordered feature contract validated; prediction=ok,step5_core_features_v1,hgb,0.1538473056943053,0.1019354348406568,0.0848940813008821,0.5369205060750508,41.858696,0.2454420922806225,通用设备,0.150027,0.173952357333123,0.150027,0,missing_stock,stock not covered by intraday_features.csv,0.685178,0.0,0,0.0,0.0,0.5,0.0,0.4678530556191348,0.0,中,分时缺失|低置信,0.55,0.55,0.93,neutral,106,0.0,0,32027008125,1,14d563095a4610dbbd41021640e53425b2b88341,2026-08-17T11:53:30Z,1.0,1→2,0.78,0.035,0.16,limit_list_d,1/1,0.173952357333123,True,0.1019354348406568,88,20260818,,605060,通用设备,浙江,主板,20210301,43.82,48.06,43.72,48.06,10.0023,43.689995572819846,10.0023,0.0993362426133999,0.0970473890969621,0.0029756109030377,47999.0,224813.85,2.0088,5.3132,1.27,4.449147594776745e-05,0.0590022287123655,,,,,,0.0,0.0802427511800405,,,0.0903037869330004,0.0993362426133999,1156285.152,,,,299670.87,54796.77,136873.91,162796.96,,4.0,6.0,1.0,6.0,4.0,0.0,,,,,,0.0,,2500,43.82,109550.0,0.3879179331306991,,U,0.0,15595470.0,15595470.0,104851.0,104851.0,,,,,,,,,,,,,,,,,,,,,,,,0.3879179331306991,109550.0,,,,,,48.06,39.32,1.0,6.0,4.0,0.0,1.0,0.0,2.2681403013701504,MAIN,10.0,1,eligible_limit_le_10:10.00%:derived:up_limit/pre_close:tick_normalized,a_share_price_limit_le_10_v2,20260817,20260818,20260819,RISK_ON,20260817,0.322246265,,0.6607467795899759,0.6607467795899759,False,lgbm,/home/runner/work/DC20/DC20/models/pfill_lgbm.joblib,,/home/runner/work/DC20/DC20/models/pfill_meta.json,0,,0,,/home/runner/work/DC20/DC20/outputs/learning/learning_acceptance_latest.json,False,,0,0,0,,0,,0,,0,,rule,model_rejected_by_learning_acceptance:acceptance_file_missing,0.005794389322061572,0.005794389322061572,,,,0.005794389322061572,0.005794389322061572,0.005794389322061572,0.005794389322061572,0.005794389322061572,0,0,,,0,0,False,,,,/home/runner/work/DC20/DC20/models/eret_meta.json,87,,87,,/home/runner/work/DC20/DC20/outputs/learning/learning_acceptance_latest.json,False,,0,0,0,,0,,0,,0,,0,0.0,0.0,0,0.0,0.0,0.004578496260042497,0.012848034341363964,0.007816478202534189,0.0018379163110969377,0.004578496260042497,0.012848034341363964,0.007816478202534189,0.0018379163110969377,0,0.0,0,0.0,92,1.0,rule,model_rejected_by_learning_acceptance:acceptance_file_missing,RISK_ON,0.0002,0.0005,0.00089868,0.0,0.0,0.0004,0.0,0.00199868,0.00199868,0.0,0.0,0.0,0.0,0.0099813,0.006,0.0,0.0,0.0,0.0,0.0,0.0,0.0,0.0,0.0010741100000000003,0.002,0.0,0.002090909090909091,0.001555213383549387,0.006720232474458479,0.006720232474458479,0.0,0.01322988935584386,0.0,0.01322988935584386,0.01322988935584386,0.0,0.0,0.0,0.0,0.0,0.01322988935584386,0.01322988935584386,-0.011399945271601132,0.0,0.0,0.0,0.0,0.0,0.0,0.0,-0.011399945271601132,v2_net_trade_contract_no_double_count,-0.011399945271601132,pred_plus_fs,,,,,,,,,,1,2026-08-22 05:41:21+0800
20260817,20260818,7,603186.SH,华正新材,2→3,-0.008,0.000825,-0.008825,0.2567597340872862,0.2567597340872862,0.2567597340872862,0.2567597340872862,True,calibrated_probability,valid,contract=valid; ordered feature contract validated; prediction=ok,step5_core_features_v1,hgb,0.220349787321995,0.2567597340872862,0.2480527531093855,0.6180518949310685,51.793478,0.5394931282264485,元件,0.315993,0.3248182412631348,0.315993,0,missing_stock,stock not covered by intraday_features.csv,0.765,0.0,0,0.0,0.0,0.5,0.0,1.0,0.0,中,分时缺失|低置信,0.55,0.55,0.93,neutral,106,0.0,0,32027008125,1,14d563095a4610dbbd41021640e53425b2b88341,2026-08-17T11:53:30Z,2.0,2→3,0.92,0.015,0.35,limit_list_d,5/10,0.3248182412631348,True,0.2567597340872862,7,20260818,,603186,元件,浙江,主板,20170103,184.31,184.31,180.0,184.31,10.003,167.5499759097479,10.003,0.0257236682762736,0.0,0.1000300000000001,46855.0,862191.179,2.9884,4.7197,0.23,1.1601835235199035e-05,2.148604517893116e-05,,,,,,0.0,0.2100183823529413,,,0.0233845152189246,0.0257236682762736,2889805.7055,,,,299670.87,54796.77,136873.91,162796.96,,4.0,3.0,1.0,3.0,4.0,0.0,,,,,,0.0,,1292000,184.31,238128520.0,0.999113475177305,,U,1.0,413720657.0,413720657.0,92501.0,93104.0,,,,,,,,,,,,,,,,,,,,,,,,0.999113475177305,238128520.0,,,,,,184.31,150.8,1.0,3.0,4.0,0.0,1.0,0.0,2.231230601003793,MAIN,10.0,1,eligible_limit_le_10:10.00%:derived:up_limit/pre_close:tick_normalized,a_share_price_limit_le_10_v2,20260817,20260818,20260819,RISK_ON,20260817,0.18808167149999996,,0.5925652132677701,0.5925652132677701,False,lgbm,/home/runner/work/DC20/DC20/models/pfill_lgbm.joblib,,/home/runner/work/DC20/DC20/models/pfill_meta.json,0,,0,,/home/runner/work/DC20/DC20/outputs/learning/learning_acceptance_latest.json,False,,0,0,0,,0,,0,,0,,rule,model_rejected_by_learning_acceptance:acceptance_file_missing,0.01132127140729793,0.01132127140729793,,,,0.01132127140729793,0.01132127140729793,0.01132127140729793,0.01132127140729793,0.01132127140729793,0,0,,,0,0,False,,,,/home/runner/work/DC20/DC20/models/eret_meta.json,87,,87,,/home/runner/work/DC20/DC20/outputs/learning/learning_acceptance_latest.json,False,,0,0,0,,0,,0,,0,,0,0.0,0.0,0,0.0,0.0,0.004578496260042497,0.012848034341363964,0.007816478202534189,0.0018379163110969377,0.004578496260042497,0.012848034341363964,0.007816478202534189,0.0018379163110969377,0,0.0,0,0.0,92,1.0,rule,model_rejected_by_learning_acceptance:acceptance_file_missing,RISK_ON,0.0002,0.0005,0.00075174,0.00011999999999999999,0.0,0.0004,0.0,0.0019717399999999996,0.0019717399999999996,0.0,0.005,0.002,0.0,0.007899650000000001,0.006,0.0,0.0,0.0,0.0,0.0,0.0,0.0,0.0,0.0006749999999999999,0.002,0.0,0.002090909090909091,0.0,0.0047659090909090915,0.0047659090909090915,0.005,0.01061923931818182,0.0006,0.01621923931818182,0.01621923931818182,0.0,0.0,0.0,0.0,0.0,0.01621923931818182,0.01621923931818182,-0.011482387712254015,0.0,0.0,0.0,0.0,0.0,0.0,0.0,-0.011482387712254015,v2_net_trade_contract_no_double_count,-0.011482387712254015,pred_plus_fs,,,,,,,,,,1,2026-08-22 05:41:21+0800
20260817,20260818,92,001318.SZ,阳光乳业,1→2,-0.022,0.001925,-0.023925,0.0849498753347499,0.0849498753347499,0.0849498753347499,0.0849498753347499,True,calibrated_probability,valid,contract=valid; ordered feature contract validated; prediction=ok,step5_core_features_v1,hgb,0.1512025706744434,0.0849498753347499,0.0949133842938609,0.472667035935524,36.184783,0.01,饮料乳品,0.108679,0.1326037095035557,0.108679,0,missing_stock,stock not covered by intraday_features.csv,0.684103,0.0,0,0.0,0.0,0.5,0.0,0.460685663401603,0.0,中,分时缺失|低置信,0.55,0.55,0.93,neutral,106,0.0,0,32027008125,1,14d563095a4610dbbd41021640e53425b2b88341,2026-08-17T11:53:30Z,1.0,1→2,0.78,0.035,0.16,limit_list_d,1/1,0.1326037095035557,True,0.0849498753347499,92,20260818,,1318,饮料乳品,江西,主板,20220520,11.25,12.35,11.25,12.35,9.9733,11.229998554194516,9.9733,0.097951927125506,0.097951927125506,0.001781072874494,70916.5,85492.4459,2.5089,8.2905,1.0,0.0001166570905184,0.0632979716684851,,,,,,0.0,0.0701906412478337,,,0.0890688259109311,0.097951927125506,349085.1,,,,299670.87,54796.77,136873.91,162796.96,,,,0.0,,,0.0,,,,,,0.0,,20500,11.25,230625.0,0.5125379939209727,,U,0.0,24855610.0,24855610.0,93951.0,93951.0,,,,,,,,,,,,,,,,,,,,,,,,0.5125379939209727,230625.0,,,,,,12.35,10.11,0.0,,,0.0,1.0,0.0,2.028911488793792,MAIN,10.0,1,eligible_limit_le_10:10.00%:derived:up_limit/pre_close:tick_normalized,a_share_price_limit_le_10_v2,20260817,20260818,20260819,RISK_ON,20260817,0.32011669499999995,,0.6580248412976055,0.6580248412976055,False,lgbm,/home/runner/work/DC20/DC20/models/pfill_lgbm.joblib,,/home/runner/work/DC20/DC20/models/pfill_meta.json,0,,0,,/home/runner/work/DC20/DC20/outputs/learning/learning_acceptance_latest.json,False,,0,0,0,,0,,0,,0,,rule,model_rejected_by_learning_acceptance:acceptance_file_missing,0.004578496260042497,0.004578496260042497,,,,0.004578496260042497,0.004578496260042497,0.004578496260042497,0.004578496260042497,0.004578496260042497,0,0,,,0,0,False,,,,/home/runner/work/DC20/DC20/models/eret_meta.json,87,,87,,/home/runner/work/DC20/DC20/outputs/learning/learning_acceptance_latest.json,False,,0,0,0,,0,,0,,0,,0,0.0,0.0,0,0.0,0.0,0.004578496260042497,0.012848034341363964,0.007816478202534189,0.0018379163110969377,0.004578496260042497,0.012848034341363964,0.007816478202534189,0.0018379163110969377,0,0.0,0,0.0,92,1.0,rule,model_rejected_by_learning_acceptance:acceptance_file_missing,RISK_ON,0.0002,0.0005,0.0008236650000000001,0.0,0.0,0.0004,0.0,0.0019236650000000002,0.0019236650000000002,0.0,0.0,0.0,0.0,0.0089185875,0.006,0.0,0.0,0.0,0.0,0.0,0.0,0.0,0.0,0.0010794849999999998,0.002,0.0,0.002090909090909091,0.0015877924390836227,0.006758186529992714,0.006758186529992714,0.0,0.012673863022494535,0.0,0.012673863022494535,0.012673863022494535,0.0,0.0,0.0,0.0,0.0,0.012673863022494535,0.012673863022494535,-0.01158476374759839,0.0,0.0,0.0,0.0,0.0,0.0,0.0,-0.01158476374759839,v2_net_trade_contract_no_double_count,-0.01158476374759839,pred_plus_fs,,,,,,,,,,1,2026-08-22 05:41:21+0800
20260817,20260818,21,600545.SH,卓郎智能,1→2,-0.022,0.001925,-0.023925,0.1992868586788589,0.1992868586788589,0.1992868586788589,0.1992868586788589,True,calibrated_probability,valid,contract=valid; ordered feature contract validated; prediction=ok,step5_core_features_v1,hgb,0.1523606741243964,0.1992868586788589,0.2348791107008724,0.5853861576789664,37.75,0.6729057079444091,专用设备,0.242838,0.2667627786093866,0.242838,0,missing_stock,stock not covered by intraday_features.csv,0.700826,0.0,0,0.0,0.0,0.5,0.0,0.572171945701357,0.0,中,分时缺失|低置信,0.55,0.55,0.93,neutral,106,0.0,0,32027008125,1,14d563095a4610dbbd41021640e53425b2b88341,2026-08-17T11:53:30Z,1.0,1→2,0.78,0.035,0.16,limit_list_d,1/1,0.2667627786093866,True,0.1992868586788589,21,20260818,,600545,专用设备,新疆,主板,20031203,4.51,4.86,4.46,4.86,9.9548,4.419998035556429,9.9548,0.0904977777777778,0.0791855555555556,0.0203624444444442,625424.59,298685.17,3.4981,6.3639,0.98,3.332873875191059e-05,0.0370127347744381,,,,,,0.0,0.1276102088167054,,,0.0823045267489712,0.0904977777777778,868925.3292,,,,299670.87,54796.77,136873.91,162796.96,,4.0,2.0,1.0,2.0,4.0,0.0,,,,,,0.0,,483400,4.51,2180134.0,0.8405521783181358,,U,1.0,34060338.0,34060338.0,93605.0,93620.0,,,,,,,,,,,,,,,,,,,,,,,,0.8405521783181358,2180134.0,,,,,,4.86,3.98,1.0,2.0,4.0,0.0,1.0,0.0,1.7896182222202464,MAIN,10.0,1,eligible_limit_le_10:10.00%:derived:up_limit/pre_close:tick_normalized,a_share_price_limit_le_10_v2,20260817,20260818,20260819,RISK_ON,20260817,0.380460331,,0.7032293847932313,0.7032293847932313,False,lgbm,/home/runner/work/DC20/DC20/models/pfill_lgbm.joblib,,/home/runner/work/DC20/DC20/models/pfill_meta.json,0,,0,,/home/runner/work/DC20/DC20/outputs/learning/learning_acceptance_latest.json,False,,0,0,0,,0,,0,,0,,rule,model_rejected_by_learning_acceptance:acceptance_file_missing,0.009997322884198993,0.009997322884198993,,,,0.009997322884198993,0.009997322884198993,0.009997322884198993,0.009997322884198993,0.009997322884198993,0,0,,,0,0,False,,,,/home/runner/work/DC20/DC20/models/eret_meta.json,87,,87,,/home/runner/work/DC20/DC20/outputs/learning/learning_acceptance_latest.json,False,,0,0,0,,0,,0,,0,,0,0.0,0.0,0,0.0,0.0,0.004578496260042497,0.012848034341363964,0.007816478202534189,0.0018379163110969377,0.004578496260042497,0.012848034341363964,0.007816478202534189,0.0018379163110969377,0,0.0,0,0.0,92,1.0,rule,model_rejected_by_learning_acceptance:acceptance_file_missing,RISK_ON,0.0002,0.0005,0.0006752850000000001,0.00011999999999999999,0.0,0.0004,0.0001,0.001995285,0.001995285,0.0,0.005,0.002,0.0,0.0068165375,0.006,0.0,0.0,0.0,0.0,0.0,0.0,0.0,0.0,0.0009958700000000003,0.002,0.0,0.002090909090909091,0.0010810366104483772,0.006167815701357469,0.006167815701357469,0.005,0.0110749574010181,0.0006,0.0166749574010181,0.0166749574010181,0.0,0.0,0.0,0.0,0.0,0.0166749574010181,0.0166749574010181,-0.011639831179583551,0.0,0.0,0.0,0.0,0.0,0.0,0.0,-0.011639831179583551,v2_net_trade_contract_no_double_count,-0.011639831179583551,pred_plus_fs,,,,,,,,,,1,2026-08-22 05:41:21+0800
20260817,20260818,50,002742.SZ,冀衡医药,1→2,-0.022,0.001925,-0.023925,0.1645803682929819,0.1645803682929819,0.1645803682929819,0.1645803682929819,True,calibrated_probability,valid,contract=valid; ordered feature contract validated; prediction=ok,step5_core_features_v1,hgb,0.1710686986100533,0.1645803682929819,0.1825110298369092,0.5666135791237585,55.336957,0.1115060031977598,化学制药,0.210533,0.2344575566664535,0.210533,0,missing_stock,stock not covered by intraday_features.csv,0.676177,0.0,0,0.0,0.0,0.5,0.0,0.4078454332552699,0.0,中,分时缺失|低置信,0.55,0.55,0.93,neutral,106,0.0,0,32027008125,1,14d563095a4610dbbd41021640e53425b2b88341,2026-08-17T11:53:30Z,1.0,1→2,0.78,0.035,0.16,limit_list_d,1/1,0.2344575566664535,True,0.1645803682929819,50,20260818,,2742,化学制药,重庆,主板,20150217,4.24,4.7,4.18,4.7,10.0703,4.269998355596378,10.0703,0.1217799063829788,0.1077283787234042,-0.0070253787234042,268510.48,121754.24588,5.125,6.823,0.64,8.271005193465865e-05,0.0595466903550567,,,,,,0.0,0.0804597701149427,,,0.1106382978723405,0.1217799063829788,321527.94,,,,299670.87,54796.77,136873.91,162796.96,,3.0,8.0,1.0,8.0,3.0,0.0,,,,,,0.0,,276900,4.24,1174056.0,0.7686170212765957,,U,1.0,38205360.0,38205360.0,95015.0,95039.0,,,,,,,,,,,,,,,,,,,,,,,,0.7686170212765957,1174056.0,,,,,,4.7,3.84,1.0,8.0,3.0,0.0,1.0,0.0,1.794439618963397,MAIN,10.0,1,eligible_limit_le_10:10.00%:derived:up_limit/pre_close:tick_normalized,a_share_price_limit_le_10_v2,20260817,20260818,20260819,RISK_ON,20260817,0.38652232,,0.7014252737808613,0.7014252737808613,False,lgbm,/home/runner/work/DC20/DC20/models/pfill_lgbm.joblib,,/home/runner/work/DC20/DC20/models/pfill_meta.json,0,,0,,/home/runner/work/DC20/DC20/outputs/learning/learning_acceptance_latest.json,False,,0,0,0,,0,,0,,0,,rule,model_rejected_by_learning_acceptance:acceptance_file_missing,0.007271929058382736,0.007271929058382736,,,,0.007271929058382736,0.007271929058382736,0.007271929058382736,0.007271929058382736,0.007271929058382736,0,0,,,0,0,False,,,,/home/runner/work/DC20/DC20/models/eret_meta.json,87,,87,,/home/runner/work/DC20/DC20/outputs/learning/learning_acceptance_latest.json,False,,0,0,0,,0,,0,,0,,0,0.0,0.0,0,0.0,0.0,0.004578496260042497,0.012848034341363964,0.007816478202534189,0.0018379163110969377,0.004578496260042497,0.012848034341363964,0.007816478202534189,0.0018379163110969377,0,0.0,0,0.0,92,1.0,rule,model_rejected_by_learning_acceptance:acceptance_file_missing,RISK_ON,0.0002,0.0005,0.00010062499999999999,0.00011999999999999999,0.0,0.0004,0.0001,0.0014206249999999998,0.0014206249999999998,0.0,0.005,0.002,0.0,0.0033593749999999995,0.006,0.0,0.0,0.0,0.0,0.0,0.0,0.0,0.0,0.001119115,0.002,0.0,0.002090909090909091,0.0018279753033851368,0.007037999394294229,0.007037999394294229,0.005,0.009826155795720673,0.0006,0.015426155795720674,0.015426155795720674,0.0,0.0,0.0,0.0,0.0,0.015426155795720674,0.015426155795720674,-0.011746065965029563,0.0,0.0,0.0,0.0,0.0,0.0,0.0,-0.011746065965029563,v2_net_trade_contract_no_double_count,-0.011746065965029563,pred_plus_fs,,,,,,,,,,1,2026-08-22 05:41:21+0800
20260817,20260818,33,000779.SZ,甘咨询,1→2,-0.022,0.001925,-0.023925,0.1808235272275213,0.1808235272275213,0.1808235272275213,0.1808235272275213,True,calibrated_probability,valid,contract=valid; ordered feature contract validated; prediction=ok,step5_core_features_v1,hgb,0.1922910638003424,0.1808235272275213,0.1878915740845158,0.6507841002815414,66.163043,0.01,工程咨询,0.235747,0.2596717858284957,0.235747,0,missing_stock,stock not covered by intraday_features.csv,0.697407,0.0,0,0.0,0.0,0.5,0.0,0.5493788819875783,0.0,中,分时缺失|低置信,0.55,0.55,0.93,neutral,106,0.0,0,32027008125,1,14d563095a4610dbbd41021640e53425b2b88341,2026-08-17T11:53:30Z,1.0,1→2,0.78,0.035,0.16,limit_list_d,1/1,0.2596717858284957,True,0.1808235272275213,33,20260818,,779,工程咨询,甘肃,主板,19970528,9.82,10.63,9.61,10.63,10.0414,9.660000690649156,10.0414,0.1055900545625589,0.083850925682032,0.016563074317968,1030634.38,1058854.58055,22.175,40.6133,1.09,9.483266337464584e-06,0.100067244370093,,,,,,0.0,-0.0093196644920782,,,0.0959548447789276,0.1055900545625589,494113.6522,,,,299670.87,54796.77,136873.91,162796.96,,,,0.0,,,0.0,,,,,,0.0,,2262200,9.82,22214804.0,0.9761904761904762,,U,1.0,51018089.0,51018089.0,100712.0,101409.0,,,,,,,,,,,,,,,,,,,,,,,,0.9761904761904762,22214804.0,,,,,,10.63,8.69,0.0,,,0.0,1.0,0.0,1.559343098334911,MAIN,10.0,1,eligible_limit_le_10:10.00%:derived:up_limit/pre_close:tick_normalized,a_share_price_limit_le_10_v2,20260817,20260818,20260819,RISK_ON,20260817,0.45449095549999996,,0.7341731765530403,0.7341731765530403,False,lgbm,/home/runner/work/DC20/DC20/models/pfill_lgbm.joblib,,/home/runner/work/DC20/DC20/models/pfill_meta.json,0,,0,,/home/runner/work/DC20/DC20/outputs/learning/learning_acceptance_latest.json,False,,0,0,0,,0,,0,,0,,rule,model_rejected_by_learning_acceptance:acceptance_file_missing,0.007454705816825639,0.007454705816825639,,,,0.007454705816825639,0.007454705816825639,0.007454705816825639,0.007454705816825639,0.007454705816825639,0,0,,,0,0,False,,,,/home/runner/work/DC20/DC20/models/eret_meta.json,87,,87,,/home/runner/work/DC20/DC20/outputs/learning/learning_acceptance_latest.json,False,,0,0,0,,0,,0,,0,,0,0.0,0.0,0,0.0,0.0,0.004578496260042497,0.012848034341363964,0.007816478202534189,0.0018379163110969377,0.004578496260042497,0.012848034341363964,0.007816478202534189,0.0018379163110969377,0,0.0,0,0.0,92,1.0,rule,model_rejected_by_learning_acceptance:acceptance_file_missing,RISK_ON,0.0002,0.0005,0.00060875,0.00011999999999999999,0.0,0.0004,0.0,0.00182875,0.00182875,0.0,0.005,0.002,0.0,0.0,0.006,0.002391666666666667,0.0,0.0,0.0,0.0,0.0,0.0,0.0,0.001012965,0.002,0.0,0.002090909090909091,0.0011846414455110076,0.006288515536420099,0.006288515536420099,0.005,0.007416386652315075,0.0006,0.013016386652315075,0.013016386652315075,0.002391666666666667,0.0,0.002391666666666667,0.002391666666666667,0.0,0.015408053318981742,0.015408053318981742,-0.011763758269174435,0.0,0.0,0.0,0.0,0.0,0.0,0.0,-0.011763758269174435,v2_net_trade_contract_no_double_count,-0.011763758269174435,pred_plus_fs,,,,,,,,,,1,2026-08-22 05:41:21+0800
20260817,20260818,81,600313.SH,农发种业,1→2,-0.022,0.001925,-0.023925,0.1279407724723539,0.1279407724723539,0.1279407724723539,0.1279407724723539,True,calibrated_probability,valid,contract=valid; ordered feature contract validated; prediction=ok,step5_core_features_v1,hgb,0.1630341468685563,0.1279407724723539,0.1451560688683209,0.5199859298284207,48.184783,0.01,种植业,0.162772,0.1866973374998785,0.162772,0,missing_stock,stock not covered by intraday_features.csv,0.690536,0.0,0,0.0,0.0,0.5,0.0,0.5035714285714298,0.0,中,分时缺失|低置信,0.55,0.55,0.93,neutral,106,0.0,0,32027008125,1,14d563095a4610dbbd41021640e53425b2b88341,2026-08-17T11:53:30Z,1.0,1→2,0.78,0.035,0.16,limit_list_d,1/1,0.1866973374998785,True,0.1279407724723539,81,20260818,,600313,种植业,北京,主板,20010119,5.65,6.16,5.65,6.16,10.0,5.6,10.0,0.0910714285714285,0.0910714285714285,0.0089285714285715,586355.8,354317.481,5.4182,8.9978,2.5,2.8223275836621787e-05,0.0587719298245614,,,,,,0.0,0.0807017543859649,,,0.0827922077922077,0.0910714285714285,715406.384,,,,299670.87,54796.77,136873.91,162796.96,,,,0.0,,,0.0,,,,,,0.0,,226000,5.65,1276900.0,0.7803951367781155,,U,1.0,22581358.0,22581358.0,94002.0,94020.0,,,,,,,,,,,,,,,,,,,,,,,,0.7803951367781155,1276900.0,,,,,,6.16,5.04,0.0,,,0.0,1.0,0.0,1.526266129809955,MAIN,10.0,1,eligible_limit_le_10:10.00%:derived:up_limit/pre_close:tick_normalized,a_share_price_limit_le_10_v2,20260817,20260818,20260819,RISK_ON,20260817,0.39580032099999995,,0.7093552929938852,0.7093552929938852,False,lgbm,/home/runner/work/DC20/DC20/models/pfill_lgbm.joblib,,/home/runner/work/DC20/DC20/models/pfill_meta.json,0,,0,,/home/runner/work/DC20/DC20/outputs/learning/learning_acceptance_latest.json,False,,0,0,0,,0,,0,,0,,rule,model_rejected_by_learning_acceptance:acceptance_file_missing,0.005868223174170618,0.005868223174170618,,,,0.005868223174170618,0.005868223174170618,0.005868223174170618,0.005868223174170618,0.005868223174170618,0,0,,,0,0,False,,,,/home/runner/work/DC20/DC20/models/eret_meta.json,87,,87,,/home/runner/work/DC20/DC20/outputs/learning/learning_acceptance_latest.json,False,,0,0,0,,0,,0,,0,,0,0.0,0.0,0,0.0,0.0,0.004578496260042497,0.012848034341363964,0.007816478202534189,0.0018379163110969377,0.004578496260042497,0.012848034341363964,0.007816478202534189,0.0018379163110969377,0,0.0,0,0.0,92,1.0,rule,model_rejected_by_learning_acceptance:acceptance_file_missing,RISK_ON,0.0002,0.0005,9.0363e-05,0.00011999999999999999,0.0,0.0004,0.0,0.001310363,0.001310363,0.0,0.005,0.002,0.0,0.0027363250000000004,0.006,0.0,0.0,0.0,0.0,0.0,0.0,0.0,0.0,0.0010473199999999998,0.002,0.0,0.002090909090909091,0.0013928571428571373,0.006531086233766229,0.006531086233766229,0.005,0.009103293425324673,0.0006,0.014703293425324674,0.014703293425324674,0.0,0.0,0.0,0.0,0.0,0.014703293425324674,0.014703293425324674,-0.01185100125625737,0.0,0.0,0.0,0.0,0.0,0.0,0.0,-0.01185100125625737,v2_net_trade_contract_no_double_count,-0.01185100125625737,pred_plus_fs,,,,,,,,,,1,2026-08-22 05:41:21+0800
20260817,20260818,58,002668.SZ,TCL智家,1→2,-0.022,0.001925,-0.023925,0.1565715464381752,0.1565715464381752,0.1565715464381752,0.1565715464381752,True,calibrated_probability,valid,contract=valid; ordered feature contract validated; prediction=ok,step5_core_features_v1,hgb,0.1593977323939926,0.1565715464381752,0.1569458616753295,0.4810012548032181,43.184783,0.01,白色家电,0.172814,0.1967388792759535,0.172814,0,missing_stock,stock not covered by intraday_features.csv,0.687988,0.0,0,0.0,0.0,0.5,0.0,0.4865853658536586,0.0,中,分时缺失|低置信,0.55,0.55,0.93,neutral,106,0.0,0,32027008125,1,14d563095a4610dbbd41021640e53425b2b88341,2026-08-17T11:53:30Z,1.0,1→2,0.78,0.035,0.16,limit_list_d,1/1,0.1967388792759535,True,0.1565715464381752,58,20260818,,2668,白色家电,广东,主板,20120416,9.9,10.82,9.88,10.82,9.9593,9.840004438005698,9.9593,0.0955284121996302,0.0934958927911275,0.0060971072088725,578333.44,610794.25343,5.3346,11.1892,3.16,1.6305490669029984e-05,0.0650676839280708,,,,,,0.0,0.0660098522167487,,,0.0868761552680221,0.0955284121996302,1173008.5348,,,,299670.87,54796.77,136873.91,162796.96,,,,0.0,,,0.0,,,,,,0.0,,55700,9.9,551430.0,0.6621073961499493,,U,2.0,25020168.0,25020168.0,102306.0,103309.0,,,,,,,,,,,,,,,,,,,,,,,,0.6621073961499493,551430.0,,,,,,10.82,8.86,0.0,,,0.0,1.0,0.0,1.362436232306676,MAIN,10.0,1,eligible_limit_le_10:10.00%:derived:up_limit/pre_close:tick_normalized,a_share_price_limit_le_10_v2,20260817,20260818,20260819,RISK_ON,20260817,0.454162916,,0.7315743803895877,0.7315743803895877,False,lgbm,/home/runner/work/DC20/DC20/models/pfill_lgbm.joblib,,/home/runner/work/DC20/DC20/models/pfill_meta.json,0,,0,,/home/runner/work/DC20/DC20/outputs/learning/learning_acceptance_latest.json,False,,0,0,0,,0,,0,,0,,rule,model_rejected_by_learning_acceptance:acceptance_file_missing,0.006727146393145256,0.006727146393145256,,,,0.006727146393145256,0.006727146393145256,0.006727146393145256,0.006727146393145256,0.006727146393145256,0,0,,,0,0,False,,,,/home/runner/work/DC20/DC20/models/eret_meta.json,87,,87,,/home/runner/work/DC20/DC20/outputs/learning/learning_acceptance_latest.json,False,,0,0,0,,0,,0,,0,,0,0.0,0.0,0,0.0,0.0,0.004578496260042497,0.012848034341363964,0.007816478202534189,0.0018379163110969377,0.004578496260042497,0.012848034341363964,0.007816478202534189,0.0018379163110969377,0,0.0,0,0.0,92,1.0,rule,model_rejected_by_learning_acceptance:acceptance_file_missing,RISK_ON,0.0002,0.0005,9.3289e-05,0.00023999999999999998,0.0,0.0004,0.0,0.001433289,0.001433289,0.0,0.005,0.0045,0.0,0.002913975,0.006,0.0,0.0,0.0,0.0,0.0,0.0,0.0,0.0,0.0010600599999999998,0.002,0.0,0.002090909090909091,0.0014700665188470067,0.006621035609756098,0.006621035609756098,0.005,0.009268462957317074,0.0013499999999999999,0.015618462957317076,0.015618462957317076,0.0,0.0,0.0,0.0,0.0,0.015618462957317076,0.015618462957317076,-0.012130344002961785,0.0,0.0,0.0,0.0,0.0,0.0,0.0,-0.012130344002961785,v2_net_trade_contract_no_double_count,-0.012130344002961785,pred_plus_fs,,,,,,,,,,1,2026-08-22 05:41:21+0800
20260817,20260818,16,002863.SZ,今飞凯达,1→2,-0.022,0.001925,-0.023925,0.2067041769322901,0.2067041769322901,0.2067041769322901,0.2067041769322901,True,calibrated_probability,valid,contract=valid; ordered feature contract validated; prediction=ok,step5_core_features_v1,hgb,0.1634972727456619,0.2067041769322901,0.2015239545465753,0.4922991967462347,46.021739,0.328751396590983,汽车零部件,0.2381,0.2620249708211402,0.2381,0,missing_stock,stock not covered by intraday_features.csv,0.747919,0.0,0,0.0,0.0,0.5,0.0,0.8861233480176212,0.0,中,分时缺失|低置信,0.55,0.55,0.93,neutral,106,0.0,0,32027008125,1,14d563095a4610dbbd41021640e53425b2b88341,2026-08-17T11:53:30Z,1.0,1→2,0.78,0.035,0.16,limit_list_d,1/1,0.2620249708211402,True,0.2067041769322901,16,20260818,,2863,汽车零部件,浙江,主板,20170418,4.87,4.99,4.76,4.99,9.9119,4.5399997634469065,9.9119,0.0506607955911824,0.0264317194388777,0.0726872805611221,434738.95,215558.16422,7.2519,10.949,4.09,4.598248475471266e-05,0.0439915426351265,,,,,,0.0,0.111358574610245,,,0.0460921843687375,0.0506607955911824,299142.3164,,,,299670.87,54796.77,136873.91,162796.96,,4.0,5.0,1.0,5.0,4.0,0.0,,,,,,0.0,,2132600,4.87,10385762.0,0.9499746707193516,,U,6.0,23967618.0,23967618.0,93006.0,110554.0,,,,,,,,,,,,,,,,,,,,,,,,0.9499746707193516,10385762.0,,,,,,4.99,4.09,1.0,5.0,4.0,0.0,1.0,0.0,1.4207357392472897,MAIN,10.0,1,eligible_limit_le_10:10.00%:derived:up_limit/pre_close:tick_normalized,a_share_price_limit_le_10_v2,20260817,20260818,20260819,RISK_ON,20260817,0.6442756909999999,,0.8094422896133069,0.8094422896133069,False,lgbm,/home/runner/work/DC20/DC20/models/pfill_lgbm.joblib,,/home/runner/work/DC20/DC20/models/pfill_meta.json,0,,0,,/home/runner/work/DC20/DC20/outputs/learning/learning_acceptance_latest.json,False,,0,0,0,,0,,0,,0,,rule,model_rejected_by_learning_acceptance:acceptance_file_missing,0.009187379497741652,0.009187379497741652,,,,0.009187379497741652,0.009187379497741652,0.009187379497741652,0.009187379497741652,0.009187379497741652,0,0,,,0,0,False,,,,/home/runner/work/DC20/DC20/models/eret_meta.json,87,,87,,/home/runner/work/DC20/DC20/outputs/learning/learning_acceptance_latest.json,False,,0,0,0,,0,,0,,0,,0,0.0,0.0,0,0.0,0.0,0.004578496260042497,0.012848034341363964,0.007816478202534189,0.0018379163110969377,0.004578496260042497,0.012848034341363964,0.007816478202534189,0.0018379163110969377,0,0.0,0,0.0,92,1.0,rule,model_rejected_by_learning_acceptance:acceptance_file_missing,RISK_ON,0.0002,0.0005,2.6183499999999998e-05,0.0006,0.0,0.0004,0.0001,0.0018261834999999998,0.0018261834999999998,0.0,0.005,0.01,0.0,0.0,0.006,0.0,0.0,0.0,0.0,0.0,0.0,0.0,0.0,0.000760405,0.002,0.0,0.002090909090909091,0.0,0.004851314090909092,0.004851314090909092,0.01,0.006338485568181819,0.0015,0.017838485568181822,0.017838485568181822,0.0,0.0,0.0,0.0,0.0,0.017838485568181822,0.017838485568181822,-0.012228015571983466,0.0,0.0,0.0,0.0,0.0,0.0,0.0,-0.012228015571983466,v2_net_trade_contract_no_double_count,-0.012228015571983466,pred_plus_fs,,,,,,,,,,1,2026-08-22 05:41:21+0800
20260817,20260818,28,002682.SZ,龙洲股份,1→2,-0.022,0.001925,-0.023925,0.1898055201848603,0.1898055201848603,0.1898055201848603,0.1898055201848603,True,calibrated_probability,valid,contract=valid; ordered feature contract validated; prediction=ok,step5_core_features_v1,hgb,0.1763826747020672,0.1898055201848603,0.1754622230992456,0.5678275337541538,52.315217,0.01,物流,0.214339,0.2382635288986329,0.214339,0,missing_stock,stock not covered by intraday_features.csv,0.68056,0.0,0,0.0,0.0,0.5,0.0,0.4370689655172418,0.0,中,分时缺失|低置信,0.55,0.55,0.93,neutral,106,0.0,0,32027008125,1,14d563095a4610dbbd41021640e53425b2b88341,2026-08-17T11:53:30Z,1.0,1→2,0.78,0.035,0.16,limit_list_d,2/4,0.2382635288986329,True,0.1898055201848603,28,20260818,,2682,物流,福建,主板,20120612,4.63,5.1,4.57,5.1,9.9138,4.639999708862764,9.9138,0.114224145098039,0.1012931098039215,-0.0021551098039216,938229.8,465943.06476,16.6835,23.5325,1.64,2.127684850316732e-05,0.0964439655172413,,,,,,0.0,-0.0039062500000001,,,0.1039215686274508,0.114224145098039,286807.986,,,,299670.87,54796.77,136873.91,162796.96,,,,0.0,,,0.0,,,,,,0.0,,1213800,4.63,5619894.0,0.9190729483282676,,U,3.0,46379415.0,46379415.0,94503.0,95424.0,,,,,,,,,,,,,,,,,,,,,,,,0.9190729483282676,5619894.0,,,,,,5.1,4.18,0.0,,,0.0,1.0,0.0,1.3039474966430171,MAIN,10.0,1,eligible_limit_le_10:10.00%:derived:up_limit/pre_close:tick_normalized,a_share_price_limit_le_10_v2,20260817,20260818,20260819,RISK_ON,20260817,0.5602277925,,0.7675573110616802,0.7675573110616802,False,lgbm,/home/runner/work/DC20/DC20/models/pfill_lgbm.joblib,,/home/runner/work/DC20/DC20/models/pfill_meta.json,0,,0,,/home/runner/work/DC20/DC20/outputs/learning/learning_acceptance_latest.json,False,,0,0,0,,0,,0,,0,,rule,model_rejected_by_learning_acceptance:acceptance_file_missing,0.0077241656055458095,0.0077241656055458095,,,,0.0077241656055458095,0.0077241656055458095,0.0077241656055458095,0.0077241656055458095,0.0077241656055458095,0,0,,,0,0,False,,,,/home/runner/work/DC20/DC20/models/eret_meta.json,87,,87,,/home/runner/work/DC20/DC20/outputs/learning/learning_acceptance_latest.json,False,,0,0,0,,0,,0,,0,,0,0.0,0.0,0,0.0,0.0,0.004578496260042497,0.012848034341363964,0.007816478202534189,0.0018379163110969377,0.004578496260042497,0.012848034341363964,0.007816478202534189,0.0018379163110969377,0,0.0,0,0.0,92,1.0,rule,model_rejected_by_learning_acceptance:acceptance_file_missing,RISK_ON,0.0002,0.0005,0.00030392249999999993,0.00035999999999999997,0.0,0.0004,0.0,0.0017639224999999995,0.0017639224999999995,0.0,0.005,0.0075,0.0,0.0,0.006,0.0,0.0,0.0,0.0,0.0,0.0,0.0,0.0,0.0010971999999999998,0.002,0.0,0.002090909090909091,0.0016951410658307194,0.00688325015673981,0.00688325015673981,0.0075,0.007862437617554858,0.0015,0.01686243761755486,0.01686243761755486,0.0,0.0,0.0,0.0,0.0,0.01686243761755486,0.01686243761755486,-0.012697620335167002,0.0,0.0,0.0,0.0,0.0,0.0,0.0,-0.012697620335167002,v2_net_trade_contract_no_double_count,-0.012697620335167002,pred_plus_fs,,,,,,,,,,1,2026-08-22 05:41:21+0800
20260817,20260818,37,600353.SH,旭光电子,2→3,-0.008,0.000825,-0.008825,0.1756906696748322,0.1756906696748322,0.1756906696748322,0.1756906696748322,True,calibrated_probability,valid,contract=valid; ordered feature contract validated; prediction=ok,step5_core_features_v1,hgb,0.1814001490677481,0.1756906696748322,0.1746537515419298,0.4887417201568801,46.815217,0.01,其他电子,0.208558,0.2173831335416133,0.208558,0,missing_stock,stock not covered by intraday_features.csv,0.739638,0.0,0,0.0,0.0,0.5,0.0,0.8309216886883652,0.0,中,分时缺失|低置信,0.55,0.55,0.93,neutral,106,0.0,0,32027008125,1,14d563095a4610dbbd41021640e53425b2b88341,2026-08-17T11:53:30Z,2.0,2→3,0.92,0.015,0.35,limit_list_d,2/2,0.2173831335416133,True,0.1756906696748322,37,20260818,,600353,其他电子,四川,主板,20021120,33.0,34.13,33.0,34.13,9.9903,31.03000900988542,9.9903,0.0364163606797539,0.0364163606797539,0.063486639320246,326183.94,1107804.169,3.9356,6.7794,0.46,9.01811013134037e-06,3.0616104550795775e-05,,,,,,0.0,0.2098546614675647,,,0.0331087020216818,0.0364163606797539,2828732.6256,,,,299670.87,54796.77,136873.91,162796.96,,,,0.0,,,0.0,,,,,,0.0,,1637140,33.0,54025620.0,0.9926545086119554,,U,2.0,169626611.0,169626611.0,93056.0,94108.0,,,,,,,,,,,,,,,,,,,,,,,,0.9926545086119554,54025620.0,,,,,,34.13,27.93,0.0,,,0.0,1.0,0.0,1.5306392076633322,MAIN,10.0,1,eligible_limit_le_10:10.00%:derived:up_limit/pre_close:tick_normalized,a_share_price_limit_le_10_v2,20260817,20260818,20260819,RISK_ON,20260817,0.37486469449999993,,0.7086544384385808,0.7086544384385808,False,lgbm,/home/runner/work/DC20/DC20/models/pfill_lgbm.joblib,,/home/runner/work/DC20/DC20/models/pfill_meta.json,0,,0,,/home/runner/work/DC20/DC20/outputs/learning/learning_acceptance_latest.json,False,,0,0,0,,0,,0,,0,,rule,model_rejected_by_learning_acceptance:acceptance_file_missing,0.007300720090244966,0.007300720090244966,,,,0.007300720090244966,0.007300720090244966,0.007300720090244966,0.007300720090244966,0.007300720090244966,0,0,,,0,0,False,,,,/home/runner/work/DC20/DC20/models/eret_meta.json,87,,87,,/home/runner/work/DC20/DC20/outputs/learning/learning_acceptance_latest.json,False,,0,0,0,,0,,0,,0,,0,0.0,0.0,0,0.0,0.0,0.004578496260042497,0.012848034341363964,0.007816478202534189,0.0018379163110969377,0.004578496260042497,0.012848034341363964,0.007816478202534189,0.0018379163110969377,0,0.0,0,0.0,92,1.0,rule,model_rejected_by_learning_acceptance:acceptance_file_missing,RISK_ON,0.0002,0.0005,0.00060966,0.00023999999999999998,0.0,0.0004,0.0,0.00194966,0.00194966,0.0,0.005,0.0045,0.0,0.00588685,0.006,0.0,0.0,0.0,0.0,0.0,0.0,0.0,0.0,0.0008018099999999999,0.002,0.0,0.002090909090909091,0.0,0.004892719090909091,0.004892719090909091,0.005,0.009607306818181819,0.0013499999999999999,0.01595730681818182,0.01595730681818182,0.0,0.0,0.0,0.0,0.0,0.01595730681818182,0.01595730681818182,-0.012733279122432006,0.0,0.0,0.0,0.0,0.0,0.0,0.0,-0.012733279122432006,v2_net_trade_contract_no_double_count,-0.012733279122432006,pred_plus_fs,,,,,,,,,,1,2026-08-22 05:41:21+0800
20260817,20260818,45,603790.SH,雅运股份,1→2,-0.022,0.001925,-0.023925,0.1685705020284418,0.1685705020284418,0.1685705020284418,0.1685705020284418,True,calibrated_probability,valid,contract=valid; ordered feature contract validated; prediction=ok,step5_core_features_v1,hgb,0.150844027909642,0.1685705020284418,0.1717514551435655,0.5633114816628568,38.032609,0.83,化学制品,0.233986,0.2579107232660631,0.233986,0,missing_stock,stock not covered by intraday_features.csv,0.670953,0.0,0,0.0,0.0,0.5,0.0,0.3730171073094875,0.0,中,分时缺失|低置信,0.55,0.55,0.93,neutral,106,0.0,0,32027008125,1,14d563095a4610dbbd41021640e53425b2b88341,2026-08-17T11:53:30Z,1.0,1→2,0.78,0.035,0.16,limit_list_d,1/1,0.2579107232660631,True,0.1685705020284418,45,20260818,,603790,化学制品,上海,主板,20180912,25.39,28.29,25.39,28.29,9.9922,25.72000560039712,9.9922,0.112752697066101,0.112752697066101,-0.0128306970661009,70822.1,197958.155,3.701,9.5024,1.31,5.0476324150424624e-05,0.0312035562174834,,,,,,0.0,0.1411859620814843,,,0.1025097207493813,0.112752697066101,541357.44,,,,299670.87,54796.77,136873.91,162796.96,,8.0,1.0,1.0,1.0,8.0,0.0,,,,,,0.0,,21400,25.39,543346.0,0.6590678824721378,,U,4.0,11726205.0,11726205.0,93404.0,134419.0,,,,,,,,,,,,,,,,,,,,,,,,0.6590678824721378,543346.0,,,,,,28.29,23.15,1.0,1.0,8.0,0.0,1.0,0.0,1.4636396589925256,MAIN,10.0,1,eligible_limit_le_10:10.00%:derived:up_limit/pre_close:tick_normalized,a_share_price_limit_le_10_v2,20260817,20260818,20260819,RISK_ON,20260817,0.5726418974999999,,0.7699383305369103,0.7699383305369103,False,lgbm,/home/runner/work/DC20/DC20/models/pfill_lgbm.joblib,,/home/runner/work/DC20/DC20/models/pfill_meta.json,0,,0,,/home/runner/work/DC20/DC20/outputs/learning/learning_acceptance_latest.json,False,,0,0,0,,0,,0,,0,,rule,model_rejected_by_learning_acceptance:acceptance_file_missing,0.009547115060853253,0.009547115060853253,,,,0.009547115060853253,0.009547115060853253,0.009547115060853253,0.009547115060853253,0.009547115060853253,0,0,,,0,0,False,,,,/home/runner/work/DC20/DC20/models/eret_meta.json,87,,87,,/home/runner/work/DC20/DC20/outputs/learning/learning_acceptance_latest.json,False,,0,0,0,,0,,0,,0,,0,0.0,0.0,0,0.0,0.0,0.004578496260042497,0.012848034341363964,0.007816478202534189,0.0018379163110969377,0.004578496260042497,0.012848034341363964,0.007816478202534189,0.0018379163110969377,0,0.0,0,0.0,92,1.0,rule,model_rejected_by_learning_acceptance:acceptance_file_missing,RISK_ON,0.0002,0.0005,0.00064485,0.00047999999999999996,0.0,0.0004,0.0,0.00222485,0.00222485,0.0,0.005,0.009000000000000001,0.0,0.006385375,0.006,0.0,0.0,0.0,0.0,0.0,0.0,0.0,0.0,0.001145235,0.002,0.0,0.002090909090909091,0.001986285875865966,0.0072224299667750565,0.0072224299667750565,0.009000000000000001,0.011628778725081293,0.0015,0.022128778725081295,0.018,0.0,0.0,0.0,0.0,0.0,0.018,0.018,-0.012874160168602853,0.0,0.0,0.0,0.0,0.0,0.0,0.0,-0.012874160168602853,v2_net_trade_contract_no_double_count,-0.012874160168602853,pred_plus_fs,,,,,,,,,,1,2026-08-22 05:41:21+0800
20260817,20260818,44,002353.SZ,杰瑞股份,1→2,-0.022,0.001925,-0.023925,0.1689485809419182,0.1689485809419182,0.1689485809419182,0.1689485809419182,True,calibrated_probability,valid,contract=valid; ordered feature contract validated; prediction=ok,step5_core_features_v1,hgb,0.1635422601155867,0.1689485809419182,0.1782491238336178,0.6258657142161664,47.597826,0.679305707944409,专用设备,0.241789,0.2657139438858358,0.241789,0,missing_stock,stock not covered by intraday_features.csv,0.682738,0.0,0,0.0,0.0,0.5,0.0,0.4515895092390225,0.0,中,分时缺失|低置信,0.55,0.55,0.93,neutral,106,0.0,0,32027008125,1,14d563095a4610dbbd41021640e53425b2b88341,2026-08-17T11:53:30Z,1.0,1→2,0.78,0.035,0.16,limit_list_d,1/1,0.2657139438858358,True,0.1689485809419182,44,20260818,,2353,专用设备,山东,主板,20100205,151.03,166.09,149.1,166.09,10.0007,150.9899482457839,10.0007,0.1125240467818653,0.099741738936721,0.0002652610632789,210772.63,3390936.16083,3.0499,3.6684,1.26,2.949244552440093e-06,0.0278356534335918,,,,,,0.0,0.1487757642827498,,,0.1022939370220965,0.1125240467818653,17005222.6431,,,,299670.87,54796.77,136873.91,162796.96,,4.0,2.0,1.0,2.0,4.0,0.0,-139461765.53,-4.11,51.52,114779893531.85,51.52,0.0,,97600,151.03,14740528.0,0.964918946301925,,U,1.0,56987970.0,56987970.0,105627.0,105821.0,,,,,,,,,,,,,,,,,,,,,,,,0.964918946301925,14740528.0,,,,,,166.09,135.89,1.0,2.0,4.0,0.0,1.0,0.0,1.816287130190568,MAIN,10.0,1,eligible_limit_le_10:10.00%:derived:up_limit/pre_close:tick_normalized,a_share_price_limit_le_10_v2,20260817,20260818,20260819,RISK_ON,20260817,0.36675551500000003,,0.6911688945826304,0.6911688945826304,False,lgbm,/home/runner/work/DC20/DC20/models/pfill_lgbm.joblib,,/home/runner/work/DC20/DC20/models/pfill_meta.json,0,,0,,/home/runner/work/DC20/DC20/outputs/learning/learning_acceptance_latest.json,False,,0,0,0,,0,,0,,0,,rule,model_rejected_by_learning_acceptance:acceptance_file_missing,0.009106374552090773,0.009106374552090773,,,,0.009106374552090773,0.009106374552090773,0.009106374552090773,0.009106374552090773,0.009106374552090773,0,0,,,0,0,False,,,,/home/runner/work/DC20/DC20/models/eret_meta.json,87,,87,,/home/runner/work/DC20/DC20/outputs/learning/learning_acceptance_latest.json,False,,0,0,0,,0,,0,,0,,0,0.0,0.0,0,0.0,0.0,0.004578496260042497,0.012848034341363964,0.007816478202534189,0.0018379163110969377,0.004578496260042497,0.012848034341363964,0.007816478202534189,0.0018379163110969377,0,0.0,0,0.0,92,1.0,rule,model_rejected_by_learning_acceptance:acceptance_file_missing,RISK_ON,0.0002,0.0005,0.000742515,0.00011999999999999999,0.0,0.0004,0.0,0.0019625149999999997,0.0019625149999999997,0.0,0.005,0.002,0.0,0.0077689625000000005,0.006,0.0,0.0,0.0,0.0,0.0,0.0,0.0,0.0,0.0010863100000000003,0.002,0.0,0.002090909090909091,0.0016291385943680795,0.006806357685277171,0.006806357685277171,0.005,0.012077697638957878,0.0006,0.01767769763895788,0.01767769763895788,0.0,0.0,0.0,0.0,0.0,0.01767769763895788,0.01767769763895788,-0.013346169806133904,0.0,0.0,0.0,0.0,0.0,0.0,0.0,-0.013346169806133904,v2_net_trade_contract_no_double_count,-0.013346169806133904,pred_plus_fs,,,,,,,,,,1,2026-08-22 05:41:21+0800
20260817,20260818,15,603929.SH,亚翔集成,1→2,-0.022,0.001925,-0.023925,0.2225731067859922,0.2225731067859922,0.2225731067859922,0.2225731067859922,True,calibrated_probability,valid,contract=valid; ordered feature contract validated; prediction=ok,step5_core_features_v1,hgb,0.1883686264219669,0.2225731067859922,0.2203619437733258,0.4984236457168476,47.119565,0.01,专业工程,0.226885,0.2508095355194253,0.226885,0,missing_stock,stock not covered by intraday_features.csv,0.706231,0.0,0,0.0,0.0,0.5,0.0,0.6082052858020905,0.0,中,分时缺失|低置信,0.55,0.55,0.93,neutral,106,0.0,0,32027008125,1,14d563095a4610dbbd41021640e53425b2b88341,2026-08-17T11:53:30Z,1.0,1→2,0.78,0.035,0.16,limit_list_d,1/1,0.2508095355194253,True,0.2225731067859922,15,20260818,,603929,专业工程,江苏,主板,20161230,166.99,178.97,166.96,178.97,10.0,162.7,10.0,0.0738168408113091,0.0736324523663183,0.0263675476336817,38752.24,687591.637,1.8163,4.5633,0.69,1.4543516037557623e-05,0.0463472015849431,,,,,,0.0,0.1080361565131251,,,0.0671062189193719,0.0738168408113091,3818503.92,,,,299670.87,54796.77,136873.91,162796.96,,,,0.0,,,0.0,,,,,,0.0,,83500,166.99,13943665.0,0.9627659574468084,,U,1.0,227757222.0,227757222.0,93230.0,93312.0,,,,,,,,,,,,,,,,,,,,,,,,0.9627659574468084,13943665.0,,,,,,178.97,146.43,0.0,,,0.0,1.0,0.0,1.764922098936951,MAIN,10.0,1,eligible_limit_le_10:10.00%:derived:up_limit/pre_close:tick_normalized,a_share_price_limit_le_10_v2,20260817,20260818,20260819,RISK_ON,20260817,0.275202889,,0.6312546625284723,0.6312546625284723,False,lgbm,/home/runner/work/DC20/DC20/models/pfill_lgbm.joblib,,/home/runner/work/DC20/DC20/models/pfill_meta.json,0,,0,,/home/runner/work/DC20/DC20/outputs/learning/learning_acceptance_latest.json,False,,0,0,0,,0,,0,,0,,rule,model_rejected_by_learning_acceptance:acceptance_file_missing,0.008707193203579766,0.008707193203579766,,,,0.008707193203579766,0.008707193203579766,0.008707193203579766,0.008707193203579766,0.008707193203579766,0,0,,,0,0,False,,,,/home/runner/work/DC20/DC20/models/eret_meta.json,87,,87,,/home/runner/work/DC20/DC20/outputs/learning/learning_acceptance_latest.json,False,,0,0,0,,0,,0,,0,,0,0.0,0.0,0,0.0,0.0,0.004578496260042497,0.012848034341363964,0.007816478202534189,0.0018379163110969377,0.004578496260042497,0.012848034341363964,0.007816478202534189,0.0018379163110969377,0,0.0,0,0.0,92,1.0,rule,model_rejected_by_learning_acceptance:acceptance_file_missing,RISK_ON,0.0002,0.0005,0.0009275549999999999,0.00011999999999999999,0.0,0.0004,0.0,0.0021475549999999998,0.0021475549999999998,0.0,0.005,0.002,0.0,0.01,0.006,0.0,0.0,0.0,0.0,0.0,0.0,0.0,0.0,0.0009688449999999998,0.002,0.0,0.002090909090909091,0.0009172487008995884,0.005977002791808679,0.005977002791808679,0.005,0.01268275209385651,0.0006,0.01828275209385651,0.018,0.0,0.0,0.0,0.0,0.0,0.018,0.018,-0.014651098692704045,0.0,0.0,0.0,0.0,0.0,0.0,0.0,-0.014651098692704045,v2_net_trade_contract_no_double_count,-0.014651098692704045,pred_plus_fs,,,,,,,,,,1,2026-08-22 05:41:21+0800
20260817,20260818,49,002838.SZ,道恩股份,1→2,-0.022,0.001925,-0.023925,0.1658773587003426,0.1658773587003426,0.1658773587003426,0.1658773587003426,True,calibrated_probability,valid,contract=valid; ordered feature contract validated; prediction=ok,step5_core_features_v1,hgb,0.1598911763209511,0.1658773587003426,0.1731172937359763,0.4706488396995007,43.021739,0.01,塑料,0.179002,0.2029268598594706,0.179002,0,missing_stock,stock not covered by intraday_features.csv,0.689782,0.0,0,0.0,0.0,0.5,0.0,0.4985436893203888,0.0,中,分时缺失|低置信,0.55,0.55,0.93,neutral,106,0.0,0,32027008125,1,14d563095a4610dbbd41021640e53425b2b88341,2026-08-17T11:53:30Z,1.0,1→2,0.78,0.035,0.16,limit_list_d,1/1,0.2029268598594706,True,0.1658773587003426,49,20260818,,2838,塑料,山东,主板,20170106,24.92,27.19,24.81,27.19,9.9919,24.720002109246224,9.9919,0.0962783089371093,0.0918284711290915,0.0080905288709086,146640.96,388657.3752,3.4862,7.1848,2.08,2.5708762106619608e-05,0.0458812434997915,,,,,,0.0,0.1088907014681892,,,0.0875321809488783,0.0962783089371093,1300765.2496,,,,299670.87,54796.77,136873.91,162796.96,,3.0,10.0,1.0,10.0,3.0,0.0,,,,,,0.0,,41000,24.92,1021720.0,0.75,,U,2.0,36633087.0,36633087.0,94657.0,95842.0,,,,,,,,,,,,,,,,,,,,,,,,0.75,1021720.0,,,,,,27.19,22.25,1.0,10.0,3.0,0.0,1.0,0.0,1.6259441195615738,MAIN,10.0,1,eligible_limit_le_10:10.00%:derived:up_limit/pre_close:tick_normalized,a_share_price_limit_le_10_v2,20260817,20260818,20260819,RISK_ON,20260817,0.4391144564999999,,0.7263728359470872,0.7263728359470872,False,lgbm,/home/runner/work/DC20/DC20/models/pfill_lgbm.joblib,,/home/runner/work/DC20/DC20/models/pfill_meta.json,0,,0,,/home/runner/work/DC20/DC20/outputs/learning/learning_acceptance_latest.json,False,,0,0,0,,0,,0,,0,,rule,model_rejected_by_learning_acceptance:acceptance_file_missing,0.007006320761010279,0.007006320761010279,,,,0.007006320761010279,0.007006320761010279,0.007006320761010279,0.007006320761010279,0.007006320761010279,0,0,,,0,0,False,,,,/home/runner/work/DC20/DC20/models/eret_meta.json,87,,87,,/home/runner/work/DC20/DC20/outputs/learning/learning_acceptance_latest.json,False,,0,0,0,,0,,0,,0,,0,0.0,0.0,0,0.0,0.0,0.004578496260042497,0.012848034341363964,0.007816478202534189,0.0018379163110969377,0.004578496260042497,0.012848034341363964,0.007816478202534189,0.0018379163110969377,0,0.0,0,0.0,92,1.0,rule,model_rejected_by_learning_acceptance:acceptance_file_missing,RISK_ON,0.0002,0.0005,0.00067707,0.00023999999999999998,0.0,0.0004,0.0,0.00201707,0.00201707,0.0,0.005,0.0045,0.0,0.006841824999999999,0.006,0.0,0.0,0.0,0.0,0.0,0.0,0.0,0.0,0.00105109,0.002,0.0,0.002090909090909091,0.001415710503089142,0.0065577095939982335,0.0065577095939982335,0.005,0.011381285945498674,0.0013499999999999999,0.017731285945498675,0.017731285945498675,0.0,0.0,0.0,0.0,0.0,0.017731285945498675,0.017731285945498675,-0.014659154864768684,0.0,0.0,0.0,0.0,0.0,0.0,0.0,-0.014659154864768684,v2_net_trade_contract_no_double_count,-0.014659154864768684,pred_plus_fs,,,,,,,,,,1,2026-08-22 05:41:21+0800
20260817,20260818,70,603916.SH,苏博特,1→2,-0.022,0.001925,-0.023925,0.1444936451000639,0.1444936451000639,0.1444936451000639,0.1444936451000639,True,calibrated_probability,valid,contract=valid; ordered feature contract validated; prediction=ok,step5_core_features_v1,hgb,0.1749282121007033,0.1444936451000639,0.1732475226147601,0.4835253692759,58.141304,0.01,水泥,0.194272,0.2181973903392755,0.194272,0,missing_stock,stock not covered by intraday_features.csv,0.637175,0.0,0,0.0,0.0,0.5,0.0,0.1478338354354344,0.0,中,分时缺失|低置信,0.55,0.55,0.93,neutral,106,0.0,0,32027008125,1,14d563095a4610dbbd41021640e53425b2b88341,2026-08-17T11:53:30Z,1.0,1→2,0.78,0.035,0.16,limit_list_d,1/1,0.2181973903392755,True,0.1444936451000639,70,20260818,,603916,水泥,江苏,主板,20171110,11.09,12.16,11.02,12.16,10.0452,11.050004907074548,10.0452,0.103167375,0.0968325361842105,0.0036194638157893,290217.49,348226.749,6.9046,13.2286,2.43,2.884672136430277e-05,0.0438101123548904,,,,,,0.0,0.1145737855178734,,,0.09375,0.103167375,511118.6048,,,,299670.87,54796.77,136873.91,162796.96,,,,0.0,,,0.0,,,,,,0.0,,2200,11.09,24398.0,0.2435410334346504,,U,6.0,19277868.0,19277868.0,95717.0,101120.0,,,,,,,,,,,,,,,,,,,,,,,,0.2435410334346504,24398.0,,,,,,12.16,9.95,0.0,,,0.0,1.0,0.0,1.1652807270962828,MAIN,10.0,1,eligible_limit_le_10:10.00%:derived:up_limit/pre_close:tick_normalized,a_share_price_limit_le_10_v2,20260817,20260818,20260819,RISK_ON,20260817,0.6448840659999998,,0.7872860087904646,0.7872860087904646,False,lgbm,/home/runner/work/DC20/DC20/models/pfill_lgbm.joblib,,/home/runner/work/DC20/DC20/models/pfill_meta.json,0,,0,,/home/runner/work/DC20/DC20/outputs/learning/learning_acceptance_latest.json,False,,0,0,0,,0,,0,,0,,rule,model_rejected_by_learning_acceptance:acceptance_file_missing,0.006364809353001918,0.006364809353001918,,,,0.006364809353001918,0.006364809353001918,0.006364809353001918,0.006364809353001918,0.006364809353001918,0,0,,,0,0,False,,,,/home/runner/work/DC20/DC20/models/eret_meta.json,87,,87,,/home/runner/work/DC20/DC20/outputs/learning/learning_acceptance_latest.json,False,,0,0,0,,0,,0,,0,,0,0.0,0.0,0,0.0,0.0,0.004578496260042497,0.012848034341363964,0.007816478202534189,0.0018379163110969377,0.004578496260042497,0.012848034341363964,0.007816478202534189,0.0018379163110969377,0,0.0,0,0.0,92,1.0,rule,model_rejected_by_learning_acceptance:acceptance_file_missing,RISK_ON,0.0002,0.0005,3.8338999999999986e-05,0.0006,0.0,0.0004,0.0,0.0017383389999999998,0.0017383389999999998,0.0,0.005,0.01,0.0,0.0,0.006,0.0,0.0,0.0,0.0,0.0,0.0,0.0,0.0,0.0013141249999999998,0.002,0.0,0.002090909090909091,0.003,0.008405034090909091,0.008405034090909091,0.01,0.00900377556818182,0.0015,0.020503775568181823,0.018,0.0,0.0,0.0,0.0,0.0,0.018,0.018,-0.014727413647762899,0.0,0.0,0.0,0.0,0.0,0.0,0.0,-0.014727413647762899,v2_net_trade_contract_no_double_count,-0.014727413647762899,pred_plus_fs,,,,,,,,,,1,2026-08-22 05:41:21+0800
20260817,20260818,73,000564.SZ,供销大集,1→2,-0.022,0.001925,-0.023925,0.1377988623450098,0.1377988623450098,0.1377988623450098,0.1377988623450098,True,calibrated_probability,valid,contract=valid; ordered feature contract validated; prediction=ok,step5_core_features_v1,hgb,0.1703749341003816,0.1377988623450098,0.152762546113272,0.4481631355163764,50.652174,0.1736599148755986,一般零售,0.187197,0.2111220066319376,0.187197,0,missing_stock,stock not covered by intraday_features.csv,0.6825,0.0,0,0.0,0.0,0.5,0.0,0.45,0.0,中,分时缺失|低置信,0.55,0.55,0.93,neutral,106,0.0,0,32027008125,1,14d563095a4610dbbd41021640e53425b2b88341,2026-08-17T11:53:30Z,1.0,1→2,0.78,0.035,0.16,limit_list_d,1/1,0.2111220066319376,True,0.1377988623450098,73,20260818,,564,一般零售,陕西,主板,19940110,1.4,1.54,1.39,1.54,10.0,1.4,10.0,0.1071428571428572,0.1,0.0,6345317.94,959527.75107,4.2036,5.6843,3.37,1.0421793417489678e-05,0.0604895104895105,,,,,,0.0,0.0769230769230771,,,0.0974025974025974,0.1071428571428572,2780941.7482,,,,299670.87,54796.77,136873.91,162796.96,,3.0,7.0,1.0,7.0,3.0,0.0,,,,,,0.0,,834300,1.4,1168020.0,0.7677304964539007,,U,7.0,47307238.0,47307238.0,103051.0,111142.0,,,,,,,,,,,,,,,,,,,,,,,,0.7677304964539007,1168020.0,,,,,,1.54,1.26,1.0,7.0,3.0,0.0,1.0,0.0,1.4300267195736602,MAIN,10.0,1,eligible_limit_le_10:10.00%:derived:up_limit/pre_close:tick_normalized,a_share_price_limit_le_10_v2,20260817,20260818,20260819,RISK_ON,20260817,0.6173643809999999,,0.787120285551766,0.787120285551766,False,lgbm,/home/runner/work/DC20/DC20/models/pfill_lgbm.joblib,,/home/runner/work/DC20/DC20/models/pfill_meta.json,0,,0,,/home/runner/work/DC20/DC20/outputs/learning/learning_acceptance_latest.json,False,,0,0,0,,0,,0,,0,,rule,model_rejected_by_learning_acceptance:acceptance_file_missing,0.006654945614977089,0.006654945614977089,,,,0.006654945614977089,0.006654945614977089,0.006654945614977089,0.006654945614977089,0.006654945614977089,0,0,,,0,0,False,,,,/home/runner/work/DC20/DC20/models/eret_meta.json,87,,87,,/home/runner/work/DC20/DC20/outputs/learning/learning_acceptance_latest.json,False,,0,0,0,,0,,0,,0,,0,0.0,0.0,0,0.0,0.0,0.004578496260042497,0.012848034341363964,0.007816478202534189,0.0018379163110969377,0.004578496260042497,0.012848034341363964,0.007816478202534189,0.0018379163110969377,0,0.0,0,0.0,92,1.0,rule,model_rejected_by_learning_acceptance:acceptance_file_missing,RISK_ON,0.0002,0.0005,0.000132874,0.0006,0.0,0.0004,0.0002,0.002032874,0.002032874,0.0,0.005,0.01,0.0,0.00531735,0.006,0.0,0.0,0.0,0.0,0.0,0.0,0.0,0.0,0.0010875,0.002,0.0,0.002090909090909091,0.0016363636363636365,0.0068147727272727275,0.0068147727272727275,0.01,0.010735622045454547,0.0015,0.022235622045454546,0.018,0.0,0.0,0.0,0.0,0.0,0.018,0.018,-0.014794631307207758,0.0,0.0,0.0,0.0,0.0,0.0,0.0,-0.014794631307207758,v2_net_trade_contract_no_double_count,-0.014794631307207758,pred_plus_fs,,,,,,,,,,1,2026-08-22 05:41:21+0800
20260817,20260818,29,002081.SZ,金 螳 螂,4→5,0.01,0.000275,0.009725,0.1872139406806259,0.1872139406806259,0.1872139406806259,0.1872139406806259,True,calibrated_probability,valid,contract=valid; ordered feature contract validated; prediction=ok,step5_core_features_v1,hgb,0.2115369379257343,0.1872139406806259,0.1729698563452373,0.5679524231766644,72.630435,0.0164,装修装饰,0.287297,0.2775721669379767,0.287297,0,missing_stock,stock not covered by intraday_features.csv,0.718228,0.0,0,0.0,0.0,0.5,0.0,0.6881852551984874,0.0,中,分时缺失|低置信,0.55,0.55,0.93,neutral,106,0.0,0,32027008125,1,14d563095a4610dbbd41021640e53425b2b88341,2026-08-17T11:53:30Z,4.0,4→5,1.1,0.005,0.515,limit_list_d,4/4,0.2775721669379767,True,0.1872139406806259,29,20260818,,2081,装修装饰,江苏,主板,20061120,5.5,5.82,5.5,5.82,10.0189,5.2900001726976,10.0189,0.0604914914089347,0.0604914914089347,0.0396975085910652,4828726.35,2782545.56139,18.2613,36.0873,3.16,3.60062388160686e-06,0.0001984680623622,,,,,,0.0,0.2099792099792101,,,0.0549828178694158,0.0604914914089347,1545398.3934,,,,299670.87,54796.77,136873.91,162796.96,,,,0.0,,,0.0,113176950.97,4.07,21.06,15389496378.48,21.06,0.0,,27376243,5.5,150569336.5,0.9981003039513676,,U,9.0,116451140.0,116451140.0,93054.0,104212.0,,,,,,,,,,,,,,,,,,,,,,,,0.9981003039513676,150569336.5,,,,,,5.82,4.76,0.0,,,0.0,1.0,0.0,1.2354533575773976,MAIN,10.0,1,eligible_limit_le_10:10.00%:derived:up_limit/pre_close:tick_normalized,a_share_price_limit_le_10_v2,20260817,20260818,20260819,RISK_ON,20260817,0.6530809299999998,,0.8071064681446238,0.8071064681446238,False,lgbm,/home/runner/work/DC20/DC20/models/pfill_lgbm.joblib,,/home/runner/work/DC20/DC20/models/pfill_meta.json,0,,0,,/home/runner/work/DC20/DC20/outputs/learning/learning_acceptance_latest.json,False,,0,0,0,,0,,0,,0,,rule,model_rejected_by_learning_acceptance:acceptance_file_missing,0.007665618220418776,0.007665618220418776,,,,0.007665618220418776,0.007665618220418776,0.007665618220418776,0.007665618220418776,0.007665618220418776,0,0,,,0,0,False,,,,/home/runner/work/DC20/DC20/models/eret_meta.json,87,,87,,/home/runner/work/DC20/DC20/outputs/learning/learning_acceptance_latest.json,False,,0,0,0,,0,,0,,0,,0,0.0,0.0,0,0.0,0.0,0.004578496260042497,0.012848034341363964,0.007816478202534189,0.0018379163110969377,0.004578496260042497,0.012848034341363964,0.007816478202534189,0.0018379163110969377,0,0.0,0,0.0,92,1.0,rule,model_rejected_by_learning_acceptance:acceptance_file_missing,RISK_ON,0.0002,0.0005,0.00041306499999999995,0.0006,0.0,0.0004,0.0,0.002113065,0.002113065,0.0,0.005,0.01,0.0,0.0,0.006,0.0010870999999999995,0.0,0.0,0.0,0.0,0.0,0.0,0.0,0.0009088600000000002,0.002,0.0,0.002090909090909091,0.000553703385461421,0.005553472476370513,0.005553472476370513,0.01,0.006865104357277885,0.0015,0.018365104357277888,0.018,0.0010870999999999995,0.0,0.0010870999999999995,0.0010870999999999995,0.0,0.0190871,0.0190871,-0.015013194951972723,0.0,0.0,0.0,0.0,0.0,0.0,0.0,-0.015013194951972723,v2_net_trade_contract_no_double_count,-0.015013194951972723,pred_plus_fs,,,,,,,,,,1,2026-08-22 05:41:21+0800
20260817,20260818,42,002028.SZ,思源电气,1→2,-0.022,0.001925,-0.023925,0.1710000587995162,0.1710000587995162,0.1710000587995162,0.1710000587995162,True,calibrated_probability,valid,contract=valid; ordered feature contract validated; prediction=ok,step5_core_features_v1,hgb,0.1754788481857579,0.1710000587995162,0.170862898623708,0.5077812319236864,49.032609,0.01,电网设备,0.194609,0.2185344899288921,0.194609,0,missing_stock,stock not covered by intraday_features.csv,0.689527,0.0,0,0.0,0.0,0.5,0.0,0.4968468468468472,0.0,中,分时缺失|低置信,0.55,0.55,0.93,neutral,106,0.0,0,32027008125,1,14d563095a4610dbbd41021640e53425b2b88341,2026-08-17T11:53:30Z,1.0,1→2,0.78,0.035,0.16,limit_list_d,1/1,0.2185344899288921,True,0.1710000587995162,42,20260818,,2028,电网设备,上海,主板,20040805,167.8,183.15,167.8,183.15,10.0,166.5,10.0,0.0921921921921921,0.0921921921921921,0.0078078078078078,132472.57,2376629.78784,2.1689,2.392,1.51,4.207638922631068e-06,0.0532223415682063,,,,,,0.0,0.0929108485499463,,,0.0838110838110837,0.0921921921921921,14332829.6598,,,,299670.87,54796.77,136873.91,162796.96,,,,0.0,,,0.0,,,,,,0.0,,60100,167.8,10084780.0,0.9488348530901722,,U,1.0,121868010.0,121868010.0,100454.0,100521.0,,,,,,,,,,,,,,,,,,,,,,,,0.9488348530901722,10084780.0,,,,,,183.15,149.85,0.0,,,0.0,1.0,0.0,1.6417541394251345,MAIN,10.0,1,eligible_limit_le_10:10.00%:derived:up_limit/pre_close:tick_normalized,a_share_price_limit_le_10_v2,20260817,20260818,20260819,RISK_ON,20260817,0.3299104949999999,,0.6701763690369442,0.6701763690369442,False,lgbm,/home/runner/work/DC20/DC20/models/pfill_lgbm.joblib,,/home/runner/work/DC20/DC20/models/pfill_meta.json,0,,0,,/home/runner/work/DC20/DC20/outputs/learning/learning_acceptance_latest.json,False,,0,0,0,,0,,0,,0,,rule,model_rejected_by_learning_acceptance:acceptance_file_missing,0.007160001763985487,0.007160001763985487,,,,0.007160001763985487,0.007160001763985487,0.007160001763985487,0.007160001763985487,0.007160001763985487,0,0,,,0,0,False,,,,/home/runner/work/DC20/DC20/models/eret_meta.json,87,,87,,/home/runner/work/DC20/DC20/outputs/learning/learning_acceptance_latest.json,False,,0,0,0,,0,,0,,0,,0,0.0,0.0,0,0.0,0.0,0.004578496260042497,0.012848034341363964,0.007816478202534189,0.0018379163110969377,0.004578496260042497,0.012848034341363964,0.007816478202534189,0.0018379163110969377,0,0.0,0,0.0,92,1.0,rule,model_rejected_by_learning_acceptance:acceptance_file_missing,RISK_ON,0.0002,0.0005,0.0008746650000000001,0.00011999999999999999,0.0,0.0004,0.0,0.0020946650000000003,0.0020946650000000003,0.0,0.005,0.002,0.0,0.009641087500000001,0.006,0.0,0.0,0.0,0.0,0.0,0.0,0.0,0.0,0.001052365,0.002,0.0,0.002090909090909091,0.0014234234234234218,0.006566697514332512,0.006566697514332512,0.005,0.012927621260749386,0.0006,0.018527621260749385,0.018,0.0,0.0,0.0,0.0,0.0,0.018,0.018,-0.015296201015514089,0.0,0.0,0.0,0.0,0.0,0.0,0.0,-0.015296201015514089,v2_net_trade_contract_no_double_count,-0.015296201015514089,pred_plus_fs,,,,,,,,,,1,2026-08-22 05:41:21+0800
20260817,20260818,64,000029.SZ,深深房Ａ,1→2,-0.022,0.001925,-0.023925,0.149968177449649,0.149968177449649,0.149968177449649,0.149968177449649,True,calibrated_probability,valid,contract=valid; ordered feature contract validated; prediction=ok,step5_core_features_v1,hgb,0.1563644557543168,0.149968177449649,0.13070548182272,0.461714825791498,39.445652,0.01,房地产开发,0.160713,0.1846382589839851,0.160713,0,missing_stock,stock not covered by intraday_features.csv,0.697905,0.0,0,0.0,0.0,0.5,0.0,0.552702702702703,0.0,中,分时缺失|低置信,0.55,0.55,0.93,neutral,106,0.0,0,32027008125,1,14d563095a4610dbbd41021640e53425b2b88341,2026-08-17T11:53:30Z,1.0,1→2,0.78,0.035,0.16,limit_list_d,1/1,0.1846382589839851,True,0.149968177449649,64,20260818,,29,房地产开发,深圳,主板,19930915,22.58,24.42,22.58,24.42,10.0,22.2,10.0,0.082882882882883,0.082882882882883,0.017117117117117,39030.0,93949.612,0.4377,1.378,0.8,0.0001064400351115,0.0571047957371226,,,,,,0.0,0.0843694493783304,,,0.0753480753480754,0.082882882882883,2470473.72,,,,299670.87,54796.77,136873.91,162796.96,,,,0.0,,,0.0,,,,,,0.0,,42400,22.58,957392.0,0.7405015197568389,,U,1.0,47936460.0,47936460.0,93200.0,93212.0,,,,,,,,,,,,,,,,,,,,,,,,0.7405015197568389,957392.0,,,,,,24.42,19.98,0.0,,,0.0,1.0,0.0,1.5557586165096762,MAIN,10.0,1,eligible_limit_le_10:10.00%:derived:up_limit/pre_close:tick_normalized,a_share_price_limit_le_10_v2,20260817,20260818,20260819,RISK_ON,20260817,0.35822027,,0.690547111202284,0.690547111202284,False,lgbm,/home/runner/work/DC20/DC20/models/pfill_lgbm.joblib,,/home/runner/work/DC20/DC20/models/pfill_meta.json,0,,0,,/home/runner/work/DC20/DC20/outputs/learning/learning_acceptance_latest.json,False,,0,0,0,,0,,0,,0,,rule,model_rejected_by_learning_acceptance:acceptance_file_missing,0.00652904532348947,0.00652904532348947,,,,0.00652904532348947,0.00652904532348947,0.00652904532348947,0.00652904532348947,0.00652904532348947,0,0,,,0,0,False,,,,/home/runner/work/DC20/DC20/models/eret_meta.json,87,,87,,/home/runner/work/DC20/DC20/outputs/learning/learning_acceptance_latest.json,False,,0,0,0,,0,,0,,0,,0,0.0,0.0,0,0.0,0.0,0.004578496260042497,0.012848034341363964,0.007816478202534189,0.0018379163110969377,0.004578496260042497,0.012848034341363964,0.007816478202534189,0.0018379163110969377,0,0.0,0,0.0,92,1.0,rule,model_rejected_by_learning_acceptance:acceptance_file_missing,RISK_ON,0.0002,0.0005,0.0011343450000000001,0.00011999999999999999,0.0,0.0004,0.0,0.002354345,0.002354345,0.0,0.005,0.002,0.0,0.01,0.006,0.0,0.0,0.0,0.0,0.0,0.0,0.0,0.0,0.001010475,0.002,0.0,0.002090909090909091,0.001169533169533168,0.00627091726044226,0.00627091726044226,0.005,0.012903187945331695,0.0006,0.018503187945331696,0.018,0.0,0.0,0.0,0.0,0.0,0.018,0.018,-0.015845731612955563,0.0,0.0,0.0,0.0,0.0,0.0,0.0,-0.015845731612955563,v2_net_trade_contract_no_double_count,-0.015845731612955563,pred_plus_fs,,,,,,,,,,1,2026-08-22 05:41:21+0800
20260817,20260818,8,002437.SZ,誉衡药业,1→2,-0.022,0.001925,-0.023925,0.2561642578966163,0.2561642578966163,0.2561642578966163,0.2561642578966163,True,calibrated_probability,valid,contract=valid; ordered feature contract validated; prediction=ok,step5_core_features_v1,hgb,0.1890262803766406,0.2561642578966163,0.2514805476846661,0.4716116348972625,47.673913,0.1179060031977598,化学制药,0.259807,0.2837324990813053,0.259807,0,missing_stock,stock not covered by intraday_features.csv,0.690447,0.0,0,0.0,0.0,0.5,0.0,0.5029801324503314,0.0,中,分时缺失|低置信,0.55,0.55,0.93,neutral,106,0.0,0,32027008125,1,14d563095a4610dbbd41021640e53425b2b88341,2026-08-17T11:53:30Z,1.0,1→2,0.78,0.035,0.16,limit_list_d,5/7,0.2837324990813053,True,0.2561642578966163,8,20260818,,2437,化学制药,黑龙江,主板,20100623,4.57,4.98,4.37,4.98,9.9338,4.529998963012286,9.9338,0.1346578674698795,0.0905077469879518,0.0088302530120481,6270834.66,2964663.73424,29.8589,32.0751,1.05,3.350734144068638e-06,0.0167276977015972,,,,,,0.0,0.171764705882353,,,0.1224899598393574,0.1346578674698795,1110474.3636,,,,299670.87,54796.77,136873.91,162796.96,,3.0,8.0,1.0,8.0,3.0,0.0,88257028.53,2.98,26.7,10458766177.98,26.7,0.0,,20413500,4.57,93289695.0,0.9960739614994936,,U,5.0,115869784.0,115869784.0,95709.0,103839.0,,,,,,,,,,,,,,,,,,,,,,,,0.9960739614994936,93289695.0,,,,,,4.98,4.08,1.0,8.0,3.0,0.0,1.0,0.0,1.5514438039670642,MAIN,10.0,1,eligible_limit_le_10:10.00%:derived:up_limit/pre_close:tick_normalized,a_share_price_limit_le_10_v2,20260817,20260818,20260819,RISK_ON,20260817,0.6620651079999998,,0.8046855569495396,0.8046855569495396,False,lgbm,/home/runner/work/DC20/DC20/models/pfill_lgbm.joblib,,/home/runner/work/DC20/DC20/models/pfill_meta.json,0,,0,,/home/runner/work/DC20/DC20/outputs/learning/learning_acceptance_latest.json,False,,0,0,0,,0,,0,,0,,rule,model_rejected_by_learning_acceptance:acceptance_file_missing,0.010038645746491767,0.010038645746491767,,,,0.010038645746491767,0.010038645746491767,0.010038645746491767,0.010038645746491767,0.010038645746491767,0,0,,,0,0,False,,,,/home/runner/work/DC20/DC20/models/eret_meta.json,87,,87,,/home/runner/work/DC20/DC20/outputs/learning/learning_acceptance_latest.json,False,,0,0,0,,0,,0,,0,,0,0.0,0.0,0,0.0,0.0,0.004578496260042497,0.012848034341363964,0.007816478202534189,0.0018379163110969377,0.004578496260042497,0.012848034341363964,0.007816478202534189,0.0018379163110969377,0,0.0,0,0.0,92,1.0,rule,model_rejected_by_learning_acceptance:acceptance_file_missing,RISK_ON,0.0002,0.0005,0.0009929449999999999,0.0006,0.0,0.0004,0.0001,0.002792945,0.002792945,0.0,0.005,0.01,0.0,0.0,0.006,0.004952966666666667,0.0,0.0,0.0,0.0,0.0,0.0,0.0,0.001047765,0.002,0.0,0.002090909090909091,0.001395544852498494,0.006534218943407585,0.006534218943407585,0.01,0.007600664207555689,0.0015,0.01910066420755569,0.018,0.004952966666666667,0.0,0.004952966666666667,0.004952966666666667,0.0,0.022952966666666665,0.022952966666666665,-0.017667958423131812,0.0,0.0,0.0,0.0,0.0,0.0,0.0,-0.017667958423131812,v2_net_trade_contract_no_double_count,-0.017667958423131812,pred_plus_fs,,,,,,,,,,1,2026-08-22 05:41:21+0800
