ts_code,trade_date,close,open,high,low,vol,amount,vwap
000001.SZ,20260914,11.74,11.73,11.74,11.72,321900.0,3776336.0,11.73
000002.SZ,20260914,3.05,3.05,3.06,3.04,1551800.0,4732925.12,3.05
000006.SZ,20260914,6.78,6.77,6.79,6.77,344900.0,2335064.0,6.77
000007.SZ,20260914,10.88,10.88,10.88,10.87,8400.0,91391.0,10.88
000008.SZ,20260914,2.45,2.45,2.45,2.45,162200.0,397390.0,2.45
000009.SZ,20260914,6.9,6.89,6.91,6.89,134000.0,923310.0,6.89
000010.SZ,20260914,1.7,1.7,1.7,1.7,189700.0,322490.0,1.7
000011.SZ,20260914,8.89,8.88,8.9,8.88,174400.0,1549207.04,8.88
000012.SZ,20260914,3.8,3.81,3.81,3.79,464900.0,1770094.08,3.81
000014.SZ,20260914,10.32,10.33,10.33,10.25,13400.0,138358.0,10.33
000016.SZ,20260914,2.46,2.46,2.46,2.46,0.0,0.0,2.46
000017.SZ,20260914,7.35,7.33,7.41,7.33,1948600.0,14292848.64,7.34
000019.SZ,20260914,7.22,7.2,7.27,7.2,282100.0,2032347.04,7.2
000020.SZ,20260914,13.24,13.24,13.27,13.12,358800.0,4747497.92,13.23
000021.SZ,20260914,34.17,34.18,34.18,34.04,826200.96,28227425.28,34.17
000025.SZ,20260914,14.62,14.68,14.68,14.62,26300.0,385490.0,14.66
000026.SZ,20260914,18.47,18.52,18.56,18.47,31600.0,585169.0,18.52
000027.SZ,20260914,6.37,6.35,6.37,6.35,299000.0,1900120.0,6.36
000028.SZ,20260914,19.75,19.76,19.76,19.75,3000.0,59269.0,19.76
000029.SZ,20260914,21.91,21.95,21.95,21.9,24200.0,531125.0,21.95
000030.SZ,20260914,3.96,3.95,3.96,3.95,41300.0,163141.0,3.95
000031.SZ,20260914,2.16,2.17,2.17,2.16,218800.0,474630.0,2.17
000032.SZ,20260914,13.63,13.6,13.65,13.6,188300.0,2562700.0,13.61
000034.SZ,20260914,22.63,22.63,22.65,22.63,159100.0,3601279.04,22.64
000035.SZ,20260914,4.9,4.92,4.92,4.9,169000.0,831130.0,4.92
000036.SZ,20260914,3.79,3.8,3.8,3.79,203000.0,771014.0,3.8
000037.SZ,20260914,9.49,9.47,9.51,9.47,316700.0,2999866.88,9.47
000039.SZ,20260914,9.12,9.12,9.12,9.11,71900.0,655708.0,9.12
000042.SZ,20260914,8.16,8.15,8.17,8.15,16800.0,136949.0,8.15
000045.SZ,20260914,10.78,10.79,10.79,10.78,31500.0,339578.0,10.78
000048.SZ,20260914,21.7,21.76,21.86,21.55,316900.0,6888640.0,21.74
000049.SZ,20260914,21.65,21.68,21.68,21.65,61200.0,1326708.96,21.68
000050.SZ,20260914,6.43,6.44,6.44,6.43,39400.0,253660.0,6.44
000055.SZ,20260914,3.51,3.51,3.51,3.51,97200.0,341172.0,3.51
000056.SZ,20260914,2.61,2.61,2.61,2.59,307200.0,801396.0,2.61
000058.SZ,20260914,7.02,7.04,7.04,6.99,36500.0,256828.0,7.04
000059.SZ,20260914,5.64,5.62,5.65,5.62,565400.0,3179658.88,5.62
000060.SZ,20260914,6.14,6.13,6.14,6.13,880500.0,5397761.28,6.13
000061.SZ,20260914,6.31,6.31,6.33,6.3,102100.0,644212.0,6.31
000062.SZ,20260914,22.24,22.3,22.3,22.22,102400.0,2282600.96,22.29
000063.SZ,20260914,31.88,31.9,31.9,31.85,420000.0,13395479.04,31.89
000065.SZ,20260914,9.46,9.47,9.47,9.44,67800.0,641881.0,9.47
000066.SZ,20260914,13.92,13.9,13.97,13.88,503700.0,7003681.28,13.9
000068.SZ,20260914,3.23,3.22,3.23,3.22,62400.0,201391.0,3.23
000069.SZ,20260914,1.76,1.76,1.77,1.76,333200.0,586477.0,1.76
000070.SZ,20260914,16.8,16.93,17.0,16.79,3947800.0,66824698.88,16.93
000078.SZ,20260914,1.56,1.55,1.56,1.55,1178600.0,1828739.04,1.55
000088.SZ,20260914,4.56,4.55,4.56,4.55,112500.0,512141.0,4.55
000089.SZ,20260914,6.5,6.5,6.5,6.5,72100.0,468650.0,6.5
000090.SZ,20260914,3.46,3.45,3.46,3.45,128000.0,442065.0,3.45
000096.SZ,20260914,8.12,8.13,8.14,8.12,19900.0,161878.0,8.14
000099.SZ,20260914,13.35,13.36,13.39,13.35,23400.0,312560.0,13.36
000100.SZ,20260914,4.61,4.61,4.62,4.6,3060400.0,14109309.44,4.61
000151.SZ,20260914,10.7,10.7,10.73,10.7,446800.0,4782166.08,10.7
000153.SZ,20260914,6.06,6.06,6.08,6.06,12600.0,76453.0,6.07
000155.SZ,20260914,11.65,11.65,11.65,11.64,261454.0,3045937.92,11.65
000156.SZ,20260914,6.9,6.94,6.94,6.9,59600.0,412584.0,6.92
000157.SZ,20260914,6.49,6.49,6.49,6.48,238100.0,1545259.04,6.49
000158.SZ,20260914,12.81,12.8,12.86,12.8,270500.0,3464696.0,12.81
000159.SZ,20260914,5.67,5.67,5.67,5.65,62100.0,352092.0,5.67
000166.SZ,20260914,4.43,4.43,4.44,4.43,542400.0,2403064.0,4.43
000301.SZ,20260914,13.34,13.35,13.35,13.29,193500.0,2582744.96,13.35
000333.SZ,20260914,86.33,86.29,86.33,86.26,272800.0,23540884.48,86.29
000338.SZ,20260914,25.85,25.85,25.88,25.81,896190.0,23167459.84,25.85
000400.SZ,20260914,20.62,20.62,20.65,20.59,54100.0,1115492.96,20.62
000401.SZ,20260914,3.55,3.56,3.56,3.55,59500.0,211677.0,3.56
000402.SZ,20260914,2.44,2.45,2.45,2.44,195200.0,477891.0,2.45
000403.SZ,20260914,9.99,9.98,9.99,9.96,10600.0,105784.0,9.98
000404.SZ,20260914,6.92,6.93,6.93,6.92,36000.0,249433.0,6.93
000407.SZ,20260914,4.31,4.32,4.32,4.3,96200.0,415478.0,4.32
000408.SZ,20260914,71.49,72.0,72.0,71.48,224900.0,16169346.56,71.9
000409.SZ,20260914,8.85,8.86,8.86,8.81,19600.0,173595.0,8.86
000410.SZ,20260914,5.01,5.01,5.02,5.01,17800.0,89180.0,5.01
000411.SZ,20260914,9.77,9.78,9.78,9.77,12600.0,123218.0,9.78
000415.SZ,20260914,4.45,4.45,4.45,4.44,176600.0,785538.0,4.45
000417.SZ,20260914,5.94,6.04,6.05,5.94,1098400.0,6629619.84,6.04
000419.SZ,20260914,5.14,5.15,5.15,5.14,35200.0,181277.0,5.15
000420.SZ,20260914,3.52,3.52,3.52,3.51,178800.0,629180.0,3.52
000421.SZ,20260914,5.77,5.78,5.78,5.77,14300.0,82642.0,5.78
000422.SZ,20260914,12.18,12.19,12.19,12.12,158800.0,1934864.0,12.18
000423.SZ,20260914,45.59,45.75,45.75,45.59,15100.0,690155.04,45.71
000425.SZ,20260914,8.0,8.0,8.0,7.98,668000.0,5342990.08,8.0
000426.SZ,20260914,35.12,35.2,35.27,35.02,771100.0,27133760.0,35.19
000428.SZ,20260914,4.67,4.61,4.69,4.61,2178200.0,10080453.12,4.63
000429.SZ,20260914,12.63,12.64,12.65,12.63,38100.0,481535.0,12.64
000430.SZ,20260914,7.51,7.46,7.55,7.46,915500.0,6842533.12,7.47
000488.SZ,20260914,2.08,2.09,2.09,2.08,99000.0,206712.0,2.09
000498.SZ,20260914,4.88,4.88,4.88,4.88,32700.0,159576.0,4.88
000501.SZ,20260914,7.32,7.34,7.34,7.32,139600.0,1024660.0,7.34
000503.SZ,20260914,6.84,6.82,6.85,6.76,32400.0,220858.0,6.82
000504.SZ,20260914,8.27,8.28,8.28,8.27,14100.0,116725.0,8.28
000505.SZ,20260914,6.96,6.93,6.97,6.91,532200.0,3691344.0,6.94
000506.SZ,20260914,18.5,18.47,18.53,18.47,714300.0,13198042.88,18.48
000507.SZ,20260914,5.11,5.11,5.11,5.11,29200.0,149212.0,5.11
000509.SZ,20260914,3.49,3.49,3.52,3.47,95300.0,332392.0,3.49
000510.SZ,20260914,15.92,15.87,15.92,15.87,509600.0,8096056.96,15.89
000513.SZ,20260914,26.58,26.56,26.61,26.55,18400.0,488774.0,26.56
000514.SZ,20260914,4.16,4.16,4.17,4.16,29200.0,121475.0,4.16
000516.SZ,20260914,4.32,4.31,4.35,4.31,345900.0,1491460.0,4.31
000517.SZ,20260914,2.02,2.03,2.03,2.02,116100.0,235655.0,2.03
000518.SZ,20260914,3.69,3.7,3.7,3.69,67300.0,248693.0,3.7
000519.SZ,20260914,16.2,16.21,16.3,16.2,1070300.0,17352387.84,16.21
000520.SZ,20260914,4.28,4.26,4.28,4.25,591500.0,2521804.96,4.26
000521.SZ,20260914,4.47,4.47,4.47,4.46,52400.0,234185.0,4.47
000523.SZ,20260914,3.78,3.79,3.8,3.75,12180000.0,46127022.08,3.79
000524.SZ,20260914,9.33,9.3,9.4,9.3,105400.0,980619.04,9.3
000525.SZ,20260914,4.7,4.68,4.7,4.68,197300.0,923460.96,4.68
000526.SZ,20260914,35.27,35.26,35.33,35.26,5800.0,204541.0,35.27
000528.SZ,20260914,8.08,8.09,8.09,8.06,135000.0,1091308.0,8.08
000529.SZ,20260914,5.0,5.0,5.0,5.0,36100.0,180500.0,5.0
000530.SZ,20260914,5.13,5.15,5.15,5.13,71700.0,369120.0,5.15
000531.SZ,20260914,5.84,5.84,5.86,5.83,373100.0,2181207.04,5.85
000532.SZ,20260914,12.05,12.1,12.14,12.04,569600.0,6889280.0,12.1
000533.SZ,20260914,12.04,12.1,12.1,11.97,1478500.0,17868135.68,12.09
000534.SZ,20260914,23.95,24.01,24.01,23.9,94600.0,2270649.92,24.0
000536.SZ,20260914,3.4,3.4,3.41,3.39,187500.0,637479.0,3.4
000537.SZ,20260914,7.76,7.75,7.76,7.74,344200.0,2667934.08,7.75
000538.SZ,20260914,50.35,50.33,50.36,50.33,26400.0,1328822.0,50.33
000539.SZ,20260914,5.35,5.34,5.38,5.34,926100.0,4950412.16,5.35
000541.SZ,20260914,4.9,4.9,4.9,4.9,12900.0,63210.0,4.9
000543.SZ,20260914,7.42,7.45,7.45,7.41,62900.0,468265.0,7.45
000544.SZ,20260914,7.35,7.35,7.37,7.34,69100.0,508907.0,7.37
000545.SZ,20260914,2.17,2.17,2.18,2.16,463600.0,1006224.96,2.17
000546.SZ,20260914,4.57,4.57,4.57,4.57,15200.0,69464.0,4.57
000547.SZ,20260914,14.76,14.75,14.77,14.75,311700.0,4598215.04,14.75
000548.SZ,20260914,4.57,4.59,4.59,4.57,84200.0,386476.0,4.59
000550.SZ,20260914,17.58,17.58,17.58,17.5,20100.0,352776.0,17.55
000551.SZ,20260914,11.8,11.85,11.85,11.8,32300.0,382168.0,11.83
000552.SZ,20260914,2.58,2.58,2.59,2.58,236700.0,610721.0,2.58
000553.SZ,20260914,5.77,5.77,5.79,5.77,25100.0,144835.0,5.77
000554.SZ,20260914,6.76,6.75,6.8,6.75,628800.0,4249730.88,6.76
000555.SZ,20260914,10.51,10.51,10.54,10.5,20400.0,214489.0,10.51
000557.SZ,20260914,3.73,3.73,3.74,3.73,103100.0,384641.0,3.73
000558.SZ,20260914,3.9,3.92,3.92,3.9,345300.0,1353480.0,3.92
000559.SZ,20260914,10.4,10.41,10.42,10.4,66600.0,693292.96,10.41
000560.SZ,20260914,2.69,2.69,2.72,2.68,4357900.16,11733455.36,2.69
000561.SZ,20260914,7.92,7.91,7.96,7.91,75900.0,600556.0,7.91
000563.SZ,20260914,2.95,2.95,2.95,2.94,156000.0,460050.0,2.95
000564.SZ,20260914,1.55,1.55,1.55,1.54,4458899.84,6908129.28,1.55
000565.SZ,20260914,6.92,6.94,7.0,6.91,1368300.0,9499306.88,6.94
000566.SZ,20260914,4.67,4.67,4.68,4.67,340200.0,1589132.0,4.67
000567.SZ,20260914,6.07,6.09,6.12,6.07,474100.0,2886960.96,6.09
000568.SZ,20260914,73.7,73.8,73.88,73.69,44100.0,3253741.12,73.78
000570.SZ,20260914,5.15,5.15,5.15,5.15,35600.0,183340.0,5.15
000571.SZ,20260914,5.72,5.7,5.74,5.69,149100.0,849987.04,5.7
000572.SZ,20260914,3.91,3.93,3.93,3.91,82900.0,325700.0,3.93
000573.SZ,20260914,3.67,3.68,3.69,3.67,55500.0,204040.0,3.68
000576.SZ,20260914,8.51,8.48,8.55,8.48,280700.0,2383572.96,8.49
000581.SZ,20260914,17.99,17.92,17.99,17.92,35600.0,638034.0,17.92
000582.SZ,20260914,11.18,11.2,11.22,11.14,791200.0,8858974.08,11.2
000586.SZ,20260914,14.24,14.2,14.24,14.2,418600.0,5944876.16,14.2
000589.SZ,20260914,4.32,4.32,4.33,4.32,108300.0,467867.0,4.32
000590.SZ,20260914,9.09,9.13,9.13,9.09,7700.0,70297.0,9.13
000591.SZ,20260914,4.35,4.36,4.36,4.34,253500.0,1104200.96,4.36
000592.SZ,20260914,7.7,7.71,7.76,7.68,7189799.68,55485265.92,7.72
000593.SZ,20260914,20.72,20.77,20.78,20.61,158700.0,3294726.08,20.76
000595.SZ,20260914,5.56,5.55,5.57,5.5,440900.0,2445227.04,5.55
000596.SZ,20260914,92.17,92.17,92.33,92.12,13900.0,1281140.0,92.17
000597.SZ,20260914,4.68,4.69,4.69,4.68,23100.0,108293.0,4.69
000598.SZ,20260914,7.05,7.07,7.07,7.05,42300.0,298945.0,7.07
000599.SZ,20260914,4.65,4.65,4.65,4.65,41300.0,192045.0,4.65
000600.SZ,20260914,7.5,7.47,7.5,7.47,231800.0,1731649.92,7.47
000601.SZ,20260914,6.37,6.39,6.45,6.37,681300.0,4355079.04,6.39
000603.SZ,20260914,32.8,32.63,33.1,32.63,367700.0,12008231.68,32.66
000605.SZ,20260914,5.84,5.92,5.94,5.84,38400.0,225495.0,5.87
000607.SZ,20260914,3.84,3.84,3.84,3.84,26600.0,102144.0,3.84
000608.SZ,20260914,7.35,7.36,7.36,7.35,32300.0,237693.0,7.36
000609.SZ,20260914,9.35,9.36,9.37,9.35,58300.0,545721.0,9.36
000610.SZ,20260914,9.01,9.08,9.08,9.0,82600.0,748786.0,9.06
000612.SZ,20260914,10.43,10.46,10.48,10.43,505900.0,5291512.96,10.46
000615.SZ,20260914,3.27,3.26,3.27,3.26,242800.0,791539.04,3.26
000617.SZ,20260914,6.84,6.83,6.87,6.82,1564100.0,10684012.8,6.83
000619.SZ,20260914,4.91,4.91,4.91,4.9,24100.0,118330.0,4.91
000620.SZ,20260914,3.1,3.08,3.11,3.08,1858400.0,5736778.24,3.09
000623.SZ,20260914,17.58,17.56,17.59,17.56,61500.0,1080260.0,17.57
000625.SZ,20260914,7.06,7.07,7.07,7.06,311400.0,2201279.04,7.07
000626.SZ,20260914,9.14,9.2,9.2,9.13,135000.0,1238452.96,9.17
000628.SZ,20260914,53.52,53.68,53.86,53.5,121200.0,6502577.28,53.65
000629.SZ,20260914,2.92,2.92,2.92,2.91,475400.0,1388160.0,2.92
000630.SZ,20260914,6.05,6.05,6.06,6.03,2297100.0,13893684.48,6.05
000631.SZ,20260914,2.93,2.94,2.94,2.93,81600.0,239783.0,2.94
000632.SZ,20260914,4.17,4.15,4.17,4.15,84800.0,352453.0,4.16
000633.SZ,20260914,5.2,5.2,5.23,5.2,29800.0,155105.0,5.21
000635.SZ,20260914,7.21,7.24,7.24,7.18,94900.0,686488.96,7.23
000636.SZ,20260914,56.3,55.99,56.5,55.98,7852099.84,439791616.0,56.01
000637.SZ,20260914,4.22,4.23,4.23,4.22,34300.0,145086.0,4.23
000639.SZ,20260914,1.71,1.71,1.71,1.7,622000.0,1063320.0,1.71
000650.SZ,20260914,5.19,5.21,5.21,5.18,47100.0,245244.0,5.21
000651.SZ,20260914,38.8,38.76,38.85,38.76,128900.0,4997160.96,38.77
000652.SZ,20260914,3.43,3.42,3.43,3.42,93600.0,320412.0,3.42
000655.SZ,20260914,7.29,7.3,7.3,7.29,35800.0,261271.0,7.3
000656.SZ,20260914,1.2,1.2,1.21,1.2,1713100.0,2056040.96,1.2
000657.SZ,20260914,57.9,57.99,57.99,57.5,311600.0,18052340.48,57.93
000659.SZ,20260914,2.93,2.94,2.94,2.92,100200.0,294567.0,2.94
000661.SZ,20260914,71.46,71.46,71.46,71.35,15000.0,1071690.0,71.45
000663.SZ,20260914,6.03,6.04,6.05,6.03,72300.0,436667.0,6.04
000665.SZ,20260914,4.11,4.12,4.12,4.11,19200.0,79089.0,4.12
000668.SZ,20260914,20.83,20.83,20.83,20.82,11800.0,245793.0,20.83
000669.SZ,20260914,4.16,4.16,4.2,4.16,13740.0,57405.4,4.18
000670.SZ,20260914,7.3,7.3,7.34,7.29,866200.0,6328844.8,7.31
000672.SZ,20260914,14.69,14.68,14.69,14.67,108915.0,1599190.24,14.68
000676.SZ,20260914,6.72,6.74,6.74,6.71,127900.0,861748.0,6.74
000677.SZ,20260914,1.77,1.78,1.78,1.76,3666400.0,6516560.0,1.78
000678.SZ,20260914,8.91,8.91,8.91,8.91,1200.0,10692.0,8.91
000679.SZ,20260914,6.33,6.38,6.4,6.3,1302300.0,8301171.84,6.37
000680.SZ,20260914,10.0,10.05,10.06,10.0,114800.0,1151496.96,10.03
000681.SZ,20260914,16.13,16.2,16.2,16.13,122000.0,1974748.0,16.19
000682.SZ,20260914,10.66,10.66,10.79,10.66,226100.0,2411488.96,10.67
000683.SZ,20260914,5.87,5.87,5.89,5.87,182600.0,1072220.0,5.87
000685.SZ,20260914,11.09,11.09,11.09,11.08,59300.0,657563.0,11.09
000686.SZ,20260914,7.72,7.72,7.73,7.72,244600.0,1888803.04,7.72
000688.SZ,20260914,26.04,26.01,26.33,26.01,109100.0,2839262.08,26.02
000690.SZ,20260914,5.27,5.27,5.28,5.25,597300.0,3147569.92,5.27
000691.SZ,20260914,9.99,10.0,10.0,9.99,22300.0,222992.0,10.0
000692.SZ,20260914,4.28,4.25,4.28,4.25,90900.0,386636.0,4.25
000695.SZ,20260914,13.1,13.1,13.2,13.1,19400.0,254173.0,13.1
000697.SZ,20260914,9.17,9.16,9.17,9.16,13800.0,126428.0,9.16
000698.SZ,20260914,3.57,3.57,3.57,3.57,48400.0,172788.0,3.57
000700.SZ,20260914,11.14,11.14,11.14,11.11,99000.0,1102787.04,11.14
000701.SZ,20260914,5.13,5.13,5.13,5.12,40400.0,207237.0,5.13
000702.SZ,20260914,5.84,5.85,5.85,5.79,46600.0,272401.0,5.85
000703.SZ,20260914,17.36,17.35,17.38,17.32,632400.0,10972336.64,17.35
000705.SZ,20260914,7.02,7.02,7.05,7.02,10800.0,75862.0,7.02
000707.SZ,20260914,4.48,4.5,4.5,4.48,24900.0,112048.0,4.5
000708.SZ,20260914,13.42,13.43,13.43,13.4,15100.0,202718.0,13.43
000709.SZ,20260914,2.07,2.07,2.08,2.07,423200.0,876971.04,2.07
000710.SZ,20260914,8.4,8.45,8.45,8.34,85700.0,723478.0,8.44
000711.SZ,20260914,4.92,4.94,4.95,4.92,614800.0,3037510.08,4.94
000712.SZ,20260914,10.01,10.02,10.06,9.94,1151700.0,11532861.44,10.01
000713.SZ,20260914,6.78,6.81,6.82,6.78,525800.0,3580248.96,6.81
000715.SZ,20260914,5.47,5.47,5.47,5.47,8600.0,47042.0,5.47
000716.SZ,20260914,5.37,5.39,5.4,5.36,400900.0,2160468.0,5.39
000717.SZ,20260914,2.23,2.24,2.25,2.23,25100.0,56240.0,2.24
000718.SZ,20260914,1.92,1.93,1.93,1.92,44300.0,85486.0,1.93
000719.SZ,20260914,12.0,12.05,12.05,12.0,13300.0,160187.0,12.04
000720.SZ,20260914,3.96,3.96,3.96,3.95,725900.0,2873544.96,3.96
000721.SZ,20260914,6.9,6.89,6.94,6.87,675300.0,4655943.04,6.9
000722.SZ,20260914,15.38,15.29,15.5,15.29,3565600.0,54593300.48,15.31
000723.SZ,20260914,3.73,3.74,3.75,3.73,347500.0,1299323.04,3.74
000725.SZ,20260914,5.25,5.26,5.27,5.25,8074000.0,42465891.84,5.26
000726.SZ,20260914,6.08,6.04,6.11,6.04,1656100.0,10019669.12,6.05
000727.SZ,20260914,2.23,2.23,2.23,2.22,145400.0,324148.0,2.23
000728.SZ,20260914,7.5,7.49,7.5,7.49,239700.0,1795353.92,7.49
000729.SZ,20260914,11.01,11.05,11.05,11.01,15000.0,165550.0,11.04
000731.SZ,20260914,7.5,7.54,7.55,7.49,156700.0,1180792.96,7.54
000733.SZ,20260914,40.5,40.47,40.6,40.45,132400.0,5358569.92,40.47
000735.SZ,20260914,6.24,6.25,6.26,6.24,1032500.0,6452636.8,6.25
000736.SZ,20260914,4.38,4.38,4.38,4.38,20300.0,88914.0,4.38
000737.SZ,20260914,14.04,14.11,14.13,14.04,3746499.84,52854297.6,14.11
000738.SZ,20260914,20.1,20.16,20.18,20.1,94700.0,1909246.08,20.16
000739.SZ,20260914,21.82,21.8,21.84,21.8,86400.0,1884748.0,21.81
000750.SZ,20260914,3.67,3.66,3.67,3.66,427500.0,1565027.04,3.66
000751.SZ,20260914,4.68,4.69,4.69,4.67,404900.0,1898404.0,4.69
000752.SZ,20260914,8.88,8.85,8.88,8.85,54500.0,482403.0,8.85
000753.SZ,20260914,5.07,5.05,5.09,5.04,188000.0,949635.04,5.05
000755.SZ,20260914,4.79,4.79,4.79,4.79,11900.0,57001.0,4.79
000756.SZ,20260914,12.82,12.82,12.82,12.81,13700.0,175631.0,12.82
000757.SZ,20260914,4.24,4.24,4.24,4.23,17000.0,72075.0,4.24
000758.SZ,20260914,5.94,5.94,5.94,5.93,248700.0,1477112.96,5.94
000759.SZ,20260914,8.28,8.13,8.3,8.13,15250699.52,124103843.84,8.14
000761.SZ,20260914,2.32,2.32,2.33,2.31,176200.0,408806.0,2.32
000762.SZ,20260914,21.38,21.35,21.42,21.32,70600.0,1507283.04,21.35
000766.SZ,20260914,15.9,16.0,16.0,15.87,51200.0,817138.0,15.96
000767.SZ,20260914,3.53,3.52,3.54,3.52,559900.0,1972209.92,3.52
000768.SZ,20260914,23.49,23.5,23.5,23.46,64500.0,1515307.04,23.49
000776.SZ,20260914,20.73,20.74,20.75,20.7,347300.0,7202940.8,20.74
000777.SZ,20260914,17.08,17.08,17.08,16.95,15400.0,262419.0,17.04
000778.SZ,20260914,3.65,3.66,3.66,3.64,659800.0,2410926.08,3.65
000779.SZ,20260914,8.75,8.72,8.75,8.71,437800.0,3818054.08,8.72
000782.SZ,20260914,7.65,7.65,7.65,7.61,66000.0,504792.0,7.65
000783.SZ,20260914,8.43,8.42,8.43,8.41,1338100.0,11267703.04,8.42
000785.SZ,20260914,2.26,2.26,2.26,2.25,209800.0,473678.0,2.26
000786.SZ,20260914,15.7,15.7,15.7,15.69,95100.0,1493039.04,15.7
000788.SZ,20260914,5.35,5.35,5.36,5.35,70600.0,377715.0,5.35
000789.SZ,20260914,4.28,4.27,4.29,4.26,152400.0,650873.0,4.27
000790.SZ,20260914,3.98,3.98,3.98,3.96,7400.0,29435.0,3.98
000791.SZ,20260914,7.53,7.53,7.54,7.5,511700.0,3852681.92,7.53
000792.SZ,20260914,25.25,25.3,25.3,25.25,287400.0,7269749.12,25.3
000793.SZ,20260914,2.11,2.1,2.11,2.1,73200.0,153735.0,2.1
000795.SZ,20260914,8.15,8.16,8.16,8.14,57100.0,465884.0,8.16
000796.SZ,20260914,4.24,4.25,4.27,4.24,979800.0,4164830.08,4.25
000797.SZ,20260914,2.5,2.51,2.51,2.5,82600.0,207073.0,2.51
000798.SZ,20260914,10.5,10.55,10.56,10.45,1013100.0,10685628.16,10.55
000799.SZ,20260914,37.03,37.0,37.05,37.0,32300.0,1195192.0,37.0
000800.SZ,20260914,6.09,6.1,6.1,6.08,748300.0,4564318.08,6.1
000801.SZ,20260914,12.29,12.3,12.3,12.12,47400.0,579161.0,12.22
000802.SZ,20260914,4.1,4.09,4.11,4.09,233100.0,953940.96,4.09
000803.SZ,20260914,7.48,7.46,7.48,7.46,76200.0,568456.0,7.46
000807.SZ,20260914,27.03,27.02,27.05,27.01,649000.0,17536828.16,27.02
000809.SZ,20260914,3.43,3.43,3.43,3.43,14800.0,50764.0,3.43
000810.SZ,20260914,9.21,9.21,9.28,9.21,167800.0,1546692.0,9.22
000811.SZ,20260914,36.46,36.6,36.65,36.36,184500.0,6750942.08,36.59
000812.SZ,20260914,3.75,3.76,3.78,3.75,96000.0,360967.0,3.76
000813.SZ,20260914,3.34,3.34,3.35,3.34,414200.0,1383638.08,3.34
000815.SZ,20260914,15.41,15.43,15.5,15.41,396500.0,6120519.04,15.44
000816.SZ,20260914,3.08,3.09,3.1,3.05,2985200.0,9212846.72,3.09
000818.SZ,20260914,11.71,11.78,11.78,11.71,44900.0,528660.0,11.77
000819.SZ,20260914,11.97,11.97,11.97,11.92,5200.0,62168.0,11.96
000820.SZ,20260914,3.52,3.52,3.52,3.51,31100.0,109469.0,3.52
000821.SZ,20260914,7.66,7.68,7.68,7.65,68000.0,521897.0,7.68
000822.SZ,20260914,4.46,4.45,4.48,4.45,51400.0,228814.0,4.45
000823.SZ,20260914,20.85,20.8,21.0,20.79,11097255.68,231109713.92,20.83
000825.SZ,20260914,3.47,3.48,3.48,3.47,144500.0,502412.0,3.48
000826.SZ,20260914,1.91,1.91,1.91,1.9,193900.0,370289.0,1.91
000828.SZ,20260914,10.05,10.05,10.05,10.02,32100.0,322529.0,10.05
000829.SZ,20260914,8.89,8.89,8.89,8.81,39700.0,352295.0,8.87
000830.SZ,20260914,11.98,11.98,12.01,11.98,194800.0,2335284.96,11.99
000831.SZ,20260914,51.5,51.5,51.6,51.48,163700.0,8431006.08,51.5
000833.SZ,20260914,20.82,20.93,20.95,20.82,706700.0,14787517.44,20.93
000837.SZ,20260914,9.44,9.44,9.46,9.4,15400.0,145375.0,9.44
000838.SZ,20260914,2.38,2.38,2.38,2.38,364100.0,866558.0,2.38
000839.SZ,20260914,3.11,3.08,3.11,3.06,49096862.72,152305715.2,3.1
000848.SZ,20260914,8.09,8.08,8.1,8.08,66700.0,538960.0,8.08
000850.SZ,20260914,4.08,4.08,4.08,4.08,69200.0,282336.0,4.08
000852.SZ,20260914,5.89,5.87,5.9,5.86,344300.0,2021023.04,5.87
000856.SZ,20260914,8.9,8.8,8.9,8.68,63300.0,557591.0,8.81
000858.SZ,20260914,69.8,69.76,69.8,69.76,124300.0,8671886.08,69.77
000859.SZ,20260914,8.77,8.81,8.81,8.77,405100.0,3567048.0,8.81
000860.SZ,20260914,10.64,10.65,10.65,10.55,113300.0,1205562.0,10.64
000862.SZ,20260914,5.56,5.58,5.6,5.56,379500.0,2118168.0,5.58
000863.SZ,20260914,4.49,4.49,4.5,4.49,122500.0,550035.0,4.49
000868.SZ,20260914,3.55,3.55,3.55,3.55,32900.0,116795.0,3.55
000869.SZ,20260914,16.04,16.05,16.05,16.04,10700.0,171727.0,16.05
000875.SZ,20260914,5.0,5.0,5.0,4.98,219400.0,1096359.04,5.0
000876.SZ,20260914,7.46,7.45,7.46,7.45,404889.0,3016992.96,7.45
000877.SZ,20260914,3.75,3.76,3.76,3.75,194600.0,731596.96,3.76
000878.SZ,20260914,16.75,16.77,16.77,16.73,895600.0,15015827.2,16.77
000880.SZ,20260914,25.0,25.29,25.29,25.0,123400.0,3111418.88,25.21
000881.SZ,20260914,6.63,6.63,6.63,6.63,20900.0,138567.0,6.63
000882.SZ,20260914,1.51,1.52,1.53,1.51,288700.0,439436.0,1.52
000883.SZ,20260914,4.52,4.52,4.53,4.51,182600.0,825475.04,4.52
000885.SZ,20260914,11.91,11.9,11.91,11.9,50500.0,600987.0,11.9
000886.SZ,20260914,4.76,4.76,4.76,4.75,64000.0,304637.0,4.76
000887.SZ,20260914,18.8,18.81,18.85,18.75,94400.0,1775388.96,18.81
000888.SZ,20260914,9.9,9.88,9.91,9.88,311899.0,3081786.88,9.88
000889.SZ,20260914,4.12,4.12,4.16,4.11,971900.0,4008130.88,4.12
000890.SZ,20260914,8.2,8.28,8.28,8.18,1439600.0,11906769.92,8.27
000892.SZ,20260914,4.57,4.58,4.6,4.56,1941700.0,8894138.88,4.58
000893.SZ,20260914,41.4,41.22,41.48,41.22,43500.0,1794982.08,41.26
000895.SZ,20260914,23.55,23.56,23.59,23.54,22800.0,537125.0,23.56
000897.SZ,20260914,1.86,1.85,1.86,1.85,16700.0,30898.0,1.85
000898.SZ,20260914,2.05,2.05,2.05,2.04,98800.0,202539.0,2.05
000899.SZ,20260914,9.79,9.78,9.8,9.77,212500.0,2078406.08,9.78
000900.SZ,20260914,3.62,3.62,3.63,3.62,80200.0,290514.0,3.62
000901.SZ,20260914,14.32,14.3,14.39,14.3,108300.0,1550504.96,14.32
000902.SZ,20260914,14.11,14.17,14.17,14.05,27900.0,394928.0,14.16
000903.SZ,20260914,2.17,2.18,2.18,2.16,607000.0,1322492.96,2.18
000905.SZ,20260914,9.04,9.03,9.1,9.03,309200.0,2792576.0,9.03
000906.SZ,20260914,6.26,6.23,6.26,6.23,48900.0,304750.0,6.23
000908.SZ,20260914,6.22,6.18,6.22,6.18,33400.0,206449.0,6.18
000909.SZ,20260914,5.15,5.14,5.15,5.13,82300.0,423059.0,5.14
000910.SZ,20260914,5.23,5.23,5.23,5.23,84400.0,441412.0,5.23
000911.SZ,20260914,5.87,5.83,5.9,5.83,589700.0,3442533.12,5.84
000912.SZ,20260914,4.39,4.38,4.42,4.36,2576800.0,11281728.0,4.38
000913.SZ,20260914,10.84,10.86,10.86,10.76,2300.0,24913.0,10.83
000915.SZ,20260914,24.46,24.48,24.48,24.44,18100.0,443038.0,24.48
000917.SZ,20260914,6.91,6.91,6.91,6.88,72000.0,497142.0,6.91
000919.SZ,20260914,6.45,6.47,6.47,6.44,46800.0,302486.0,6.46
000920.SZ,20260914,11.17,11.2,11.2,11.17,37900.0,424340.0,11.2
000921.SZ,20260914,28.87,28.87,28.88,28.86,90300.0,2607135.04,28.87
000922.SZ,20260914,11.57,11.57,11.58,11.54,68800.0,796000.0,11.57
000923.SZ,20260914,16.66,16.7,16.7,16.66,165600.0,2764700.16,16.7
000925.SZ,20260914,8.0,8.01,8.03,8.0,203600.0,1631193.92,8.01
000926.SZ,20260914,2.1,2.1,2.1,2.09,279100.0,586066.0,2.1
000927.SZ,20260914,2.49,2.49,2.5,2.49,736700.0,1834612.0,2.49
000928.SZ,20260914,5.62,5.62,5.66,5.58,211600.0,1187444.0,5.61
000929.SZ,20260914,9.4,9.4,9.4,9.3,39400.0,370225.0,9.4
000930.SZ,20260914,5.53,5.5,5.58,5.49,5405788.8,29757642.24,5.51
000931.SZ,20260914,4.35,4.33,4.37,4.33,97700.0,423634.0,4.34
000932.SZ,20260914,3.5,3.5,3.51,3.5,474600.0,1661100.96,3.5
000933.SZ,20260914,26.82,26.8,26.86,26.8,666000.0,17856337.92,26.81
000935.SZ,20260914,20.33,20.32,20.33,20.31,17100.0,347486.0,20.32
000936.SZ,20260914,5.41,5.41,5.41,5.4,56500.0,305664.0,5.41
000937.SZ,20260914,4.51,4.5,4.51,4.5,129500.0,582964.0,4.5
000938.SZ,20260914,32.35,32.36,32.43,32.3,1152899.04,37305108.48,32.36
000948.SZ,20260914,13.74,13.68,13.74,13.68,95900.0,1313128.96,13.69
000949.SZ,20260914,6.25,6.27,6.27,6.25,408500.0,2561168.96,6.27
000950.SZ,20260914,5.16,5.18,5.18,5.16,25700.0,132938.0,5.17
000951.SZ,20260914,21.46,21.46,21.49,21.45,63500.0,1362702.08,21.46
000952.SZ,20260914,6.43,6.45,6.45,6.43,11800.0,76108.0,6.45
000953.SZ,20260914,5.93,5.93,5.95,5.93,62800.0,372408.0,5.93
000955.SZ,20260914,4.12,4.12,4.12,4.12,13200.0,54384.0,4.12
000957.SZ,20260914,10.17,10.15,10.17,10.14,72300.0,734382.0,10.16
000958.SZ,20260914,5.22,5.23,5.24,5.22,182800.0,956035.04,5.23
000959.SZ,20260914,3.57,3.57,3.59,3.57,152800.0,545663.0,3.57
000960.SZ,20260914,32.55,32.59,32.59,32.5,378100.0,12317105.92,32.58
000962.SZ,20260914,49.1,49.01,49.2,49.01,133400.0,6541457.28,49.04
000963.SZ,20260914,26.15,26.17,26.2,26.15,101700.0,2661310.08,26.17
000965.SZ,20260914,3.2,3.2,3.21,3.19,143300.0,458701.0,3.2
000966.SZ,20260914,4.16,4.15,4.16,4.13,464800.0,1929260.96,4.15
000967.SZ,20260914,7.89,7.9,7.9,7.82,389400.0,3072113.92,7.89
000968.SZ,20260914,7.31,7.3,7.35,7.3,789000.0,5764296.96,7.31
000969.SZ,20260914,16.67,16.68,16.68,16.67,66100.0,1102387.04,16.68
000970.SZ,20260914,11.27,11.27,11.29,11.22,112900.0,1272260.96,11.27
000972.SZ,20260914,3.97,3.96,3.98,3.96,1527400.0,6053502.08,3.96
000973.SZ,20260914,11.62,11.65,11.65,11.6,55700.0,648244.0,11.64
000975.SZ,20260914,24.94,24.93,25.1,24.93,211109.0,5265247.36,24.94
000977.SZ,20260914,68.98,68.95,69.0,68.78,1713200.0,118120939.52,68.95
000978.SZ,20260914,10.53,10.33,10.66,10.31,21134389.76,218666741.76,10.35
000980.SZ,20260914,2.25,2.21,2.25,2.21,40475599.36,89724887.04,2.22
000981.SZ,20260914,2.85,2.85,2.85,2.85,41628336.64,118640752.64,2.85
000983.SZ,20260914,6.72,6.73,6.73,6.7,229800.0,1545968.96,6.73
000985.SZ,20260914,17.08,17.12,17.15,17.08,42900.0,734652.0,17.13
000987.SZ,20260914,7.32,7.33,7.33,7.3,387300.0,2833810.88,7.32
000988.SZ,20260914,101.7,101.97,102.27,101.5,904700.0,92215582.72,101.93
000989.SZ,20260914,8.53,8.56,8.56,8.53,28000.0,239572.0,8.56
000990.SZ,20260914,6.45,6.46,6.47,6.45,171000.0,1104704.24,6.46
000993.SZ,20260914,14.78,14.51,14.8,14.51,7303157.76,106159513.6,14.54
000995.SZ,20260914,11.06,11.04,11.06,10.97,41000.0,452254.0,11.03
000997.SZ,20260914,19.54,19.54,19.55,19.53,40200.0,785431.04,19.54
000998.SZ,20260914,9.26,9.21,9.28,9.21,628700.0,5798672.0,9.22
000999.SZ,20260914,23.88,23.89,23.89,23.86,26800.0,640234.0,23.89
001201.SZ,20260914,13.87,13.77,13.87,13.75,90300.0,1245060.0,13.79
001202.SZ,20260914,14.15,14.02,14.15,14.02,4200.0,58910.0,14.03
001203.SZ,20260914,23.55,23.65,23.65,23.5,85700.0,2025056.96,23.63
001205.SZ,20260914,14.39,14.39,14.47,14.39,5700.0,82031.0,14.39
001206.SZ,20260914,15.89,15.89,16.09,15.89,49100.0,780328.0,15.89
001207.SZ,20260914,17.0,17.0,17.0,17.0,9900.0,168300.0,17.0
001208.SZ,20260914,14.15,14.15,14.22,14.15,44200.0,625896.0,14.16
001209.SZ,20260914,18.32,18.33,18.33,18.31,22900.0,419744.0,18.33
001210.SZ,20260914,27.49,27.4,27.49,27.26,25100.0,687332.0,27.38
001211.SZ,20260914,22.99,22.89,22.99,22.87,7000.0,160294.0,22.9
001212.SZ,20260914,31.6,31.85,31.85,31.6,5500.0,174685.0,31.76
001213.SZ,20260914,3.52,3.52,3.52,3.52,30600.0,107712.0,3.52
001215.SZ,20260914,29.12,29.5,29.5,29.12,11600.0,340660.0,29.37
001216.SZ,20260914,14.56,14.56,14.56,14.41,700.0,10136.0,14.48
001217.SZ,20260914,10.23,10.22,10.23,10.22,800.0,8179.0,10.22
001218.SZ,20260914,22.76,22.8,22.8,22.76,5500.0,125320.0,22.79
001219.SZ,20260914,12.5,12.51,12.51,12.5,3600.0,45028.0,12.51
001220.SZ,20260914,30.17,30.12,30.17,30.11,7600.0,228933.0,30.12
001221.SZ,20260914,35.3,35.38,35.38,35.22,13300.0,470254.0,35.36
001222.SZ,20260914,15.31,15.31,15.36,15.31,62000.0,949268.96,15.31
001223.SZ,20260914,38.69,38.88,38.88,38.69,6100.0,237149.0,38.88
001225.SZ,20260914,44.97,44.42,44.97,44.42,400.0,17933.0,44.83
001226.SZ,20260914,45.0,45.0,45.0,45.0,300.0,13500.0,45.0
001227.SZ,20260914,2.14,2.14,2.14,2.13,456600.0,977059.04,2.14
001228.SZ,20260914,31.25,31.4,31.4,30.73,304700.0,9559660.8,31.37
001229.SZ,20260914,37.4,37.38,37.58,37.28,25400.0,949070.0,37.37
001230.SZ,20260914,18.18,18.19,18.19,18.08,17500.0,318288.0,18.19
001231.SZ,20260914,20.33,20.33,20.33,20.33,7400.0,150442.0,20.33
001232.SZ,20260914,192.41,194.05,195.66,192.41,456500.0,88579502.08,194.04
001233.SZ,20260914,41.8,41.84,41.84,41.51,14800.0,619053.0,41.83
001234.SZ,20260914,22.9,22.9,22.9,22.9,3600.0,82440.0,22.9
001236.SZ,20260914,7.82,7.82,7.83,7.8,78900.0,616964.0,7.82
001237.SZ,20260914,48.16,48.35,48.35,48.16,4400.0,212687.0,48.34
001238.SZ,20260914,23.65,23.65,23.66,23.65,2300.0,54399.0,23.65
001239.SZ,20260914,11.81,11.81,11.82,11.81,12300.0,145287.0,11.81
001248.SZ,20260914,11.88,11.88,11.89,11.87,263400.0,3129330.88,11.88
001255.SZ,20260914,26.27,26.27,26.27,26.27,5700.0,149739.0,26.27
001256.SZ,20260914,21.08,21.16,21.16,21.08,10300.0,217621.0,21.13
001257.SZ,20260914,22.68,22.78,22.78,22.68,42900.0,976364.0,22.76
001258.SZ,20260914,11.13,11.15,11.23,11.11,1149900.0,12823365.12,11.15
001259.SZ,20260914,43.97,44.0,44.0,43.97,5100.0,224385.0,44.0
001260.SZ,20260914,17.98,18.0,18.05,17.98,8700.0,156596.0,18.0
001266.SZ,20260914,31.65,31.5,31.65,31.5,8400.0,264630.0,31.5
001267.SZ,20260914,34.68,34.83,34.83,34.5,164600.0,5726277.12,34.79
001268.SZ,20260914,24.26,24.44,24.44,24.18,6600.0,161046.0,24.4
001269.SZ,20260914,18.65,18.79,18.79,18.65,5800.0,108884.0,18.77
001270.SZ,20260914,95.28,95.0,95.8,94.9,27800.0,2642350.08,95.05
001277.SZ,20260914,29.63,29.89,29.89,29.63,9400.0,280854.0,29.88
001278.SZ,20260914,15.45,15.46,15.46,15.34,21100.0,326020.0,15.45
001279.SZ,20260914,24.88,24.88,24.88,24.88,2000.0,49760.0,24.88
001280.SZ,20260914,63.57,63.65,63.65,63.4,30800.0,1959908.96,63.63
001282.SZ,20260914,15.47,15.48,15.48,15.47,3900.0,60367.0,15.48
001283.SZ,20260914,48.0,48.44,48.44,48.0,16800.0,811483.04,48.3
001285.SZ,20260914,41.3,41.49,41.49,41.3,2700.0,111890.0,41.44
001286.SZ,20260914,9.72,9.71,9.72,9.69,181000.0,1757368.0,9.71
001287.SZ,20260914,22.1,22.08,22.28,22.08,211518.0,4672326.08,22.09
001288.SZ,20260914,28.67,28.67,28.67,28.67,4900.0,140483.0,28.67
001289.SZ,20260914,15.1,15.09,15.12,15.08,73200.0,1104836.96,15.09
001296.SZ,20260914,19.17,19.18,19.18,19.0,27800.0,531760.0,19.13
001298.SZ,20260914,16.8,16.8,16.9,16.8,69100.0,1161442.0,16.81
001299.SZ,20260914,11.04,10.92,11.15,10.92,1336700.0,14609538.56,10.93
001300.SZ,20260914,11.62,11.62,11.62,11.57,200100.0,2325156.96,11.62
001301.SZ,20260914,50.35,50.4,50.4,50.07,34900.0,1757667.04,50.36
001306.SZ,20260914,52.89,52.89,52.89,52.89,200.0,10578.0,52.89
001308.SZ,20260914,17.47,17.46,17.47,17.46,2700.0,47144.0,17.46
001309.SZ,20260914,392.5,393.0,394.0,392.03,173800.0,68290073.6,392.92
001311.SZ,20260914,16.5,16.52,16.52,16.5,4100.0,67718.0,16.52
001312.SZ,20260914,16.88,16.88,16.88,16.88,25600.0,432128.0,16.88
001313.SZ,20260914,7.37,7.37,7.37,7.36,46000.0,338989.0,7.37
001314.SZ,20260914,48.1,48.1,48.2,48.1,25700.0,1236270.0,48.1
001316.SZ,20260914,29.29,29.23,29.49,29.23,39800.0,1164980.64,29.27
001317.SZ,20260914,49.5,49.55,49.75,49.36,54300.0,2688328.96,49.51
001318.SZ,20260914,11.48,11.45,11.48,11.45,18400.0,210723.0,11.45
001319.SZ,20260914,21.96,22.07,22.17,21.95,85400.0,1884793.92,22.07
001322.SZ,20260914,6.22,6.22,6.22,6.22,27000.0,167940.0,6.22
001323.SZ,20260914,17.63,17.63,17.69,17.63,5100.0,90138.0,17.67
001324.SZ,20260914,20.29,20.29,20.29,20.23,17600.0,356965.0,20.28
001325.SZ,20260914,36.66,36.78,36.78,36.66,5000.0,183652.0,36.73
001326.SZ,20260914,73.96,73.06,73.96,73.06,10200.0,747236.0,73.26
001328.SZ,20260914,29.39,29.16,29.57,29.16,33900.0,989939.04,29.2
001330.SZ,20260914,5.74,5.72,5.78,5.72,2268000.0,12988083.2,5.73
001331.SZ,20260914,41.4,41.49,41.49,40.88,35500.0,1472364.0,41.48
001332.SZ,20260914,25.63,25.55,25.63,25.49,30000.0,766836.0,25.56
001333.SZ,20260914,18.98,18.98,18.98,18.98,4300.0,81614.0,18.98
001335.SZ,20260914,30.38,30.34,30.38,30.34,1900.0,57656.0,30.35
001336.SZ,20260914,17.73,17.74,17.74,17.73,17100.0,303339.0,17.74
001337.SZ,20260914,50.0,50.09,50.16,49.88,77300.0,3871169.92,50.08
001338.SZ,20260914,9.35,9.32,9.35,9.28,98500.0,918115.04,9.32
001339.SZ,20260914,72.49,72.69,72.89,72.33,18500.0,1344132.32,72.66
001356.SZ,20260914,8.72,8.78,8.78,8.72,31800.0,278810.0,8.77
001358.SZ,20260914,22.99,22.83,23.01,22.83,8900.0,203593.0,22.88
001359.SZ,20260914,81.01,81.34,81.34,81.01,12600.0,1023964.0,81.27
001360.SZ,20260914,18.77,18.81,18.86,18.77,30200.0,568049.0,18.81
001365.SZ,20260914,32.55,32.58,32.58,32.55,7600.0,247589.0,32.58
001366.SZ,20260914,12.82,12.83,12.83,12.77,138200.0,1771518.08,12.82
001367.SZ,20260914,19.5,19.61,19.61,19.5,4600.0,89818.0,19.53
001368.SZ,20260914,27.65,27.7,27.93,27.28,51000.0,1411831.04,27.68
001369.SZ,20260914,11.98,12.0,12.0,11.93,13400.0,160712.0,11.99
001373.SZ,20260914,27.77,27.5,27.83,27.33,13700.0,377235.0,27.54
001376.SZ,20260914,11.67,11.68,11.68,11.64,55100.0,643404.0,11.68
001378.SZ,20260914,18.94,18.95,18.95,18.94,10400.0,197075.0,18.95
001379.SZ,20260914,15.62,15.62,15.62,15.62,15400.0,240548.0,15.62
001380.SZ,20260914,18.08,18.15,18.15,18.08,29100.0,527936.0,18.14
001382.SZ,20260914,16.49,16.38,16.54,16.38,24100.0,395596.0,16.42
001386.SZ,20260914,15.33,15.33,15.41,15.33,23100.0,354340.0,15.34
001387.SZ,20260914,11.65,11.65,11.67,11.63,29800.0,347138.0,11.65
001388.SZ,20260914,23.09,23.08,23.13,23.04,199492.0,4604603.52,23.08
001389.SZ,20260914,171.45,172.88,173.0,171.45,92700.0,15997008.64,172.57
001390.SZ,20260914,16.7,16.68,16.73,16.68,25600.0,427098.0,16.68
001391.SZ,20260914,3.97,3.97,3.97,3.96,264300.0,1048495.04,3.97
001393.SZ,20260914,39.1,39.11,39.11,39.1,16600.0,649150.0,39.11
001395.SZ,20260914,28.19,28.16,28.19,28.16,3600.0,101396.1,28.17
001396.SZ,20260914,30.79,30.8,30.8,30.79,3800.0,117025.0,30.8
001399.SZ,20260914,19.4,19.4,19.41,19.36,176200.0,3418088.96,19.4
001400.SZ,20260914,73.01,73.5,73.5,73.0,4600.0,337847.0,73.45
001696.SZ,20260914,15.22,15.23,15.25,15.18,342700.0,5219114.88,15.23
001872.SZ,20260914,23.23,23.2,23.26,23.2,33900.0,786648.0,23.21
001896.SZ,20260914,11.66,11.65,11.72,11.63,852000.0,9928698.24,11.65
001914.SZ,20260914,8.77,8.77,8.78,8.77,44200.0,387645.0,8.77
001965.SZ,20260914,9.8,9.8,9.83,9.79,72600.0,711471.04,9.8
001979.SZ,20260914,6.71,6.7,6.71,6.69,180400.0,1208756.96,6.7
002001.SZ,20260914,26.3,26.31,26.33,26.22,112500.0,2959422.08,26.31
002003.SZ,20260914,11.42,11.45,11.45,11.27,84200.0,962944.96,11.44
002004.SZ,20260914,4.32,4.32,4.33,4.32,370800.0,1602032.0,4.32
002005.SZ,20260914,2.37,2.37,2.38,2.37,53300.0,126350.0,2.37
002006.SZ,20260914,13.34,13.32,13.48,13.32,93300.0,1244314.0,13.34
002007.SZ,20260914,12.84,12.81,12.85,12.75,93400.0,1196128.0,12.81
002008.SZ,20260914,90.21,91.01,91.46,90.21,417800.0,37992171.52,90.93
002009.SZ,20260914,15.37,15.42,15.42,15.31,24000.0,369886.0,15.41
002010.SZ,20260914,4.59,4.58,4.59,4.57,152200.0,696527.04,4.58
002011.SZ,20260914,13.13,13.16,13.27,13.11,1380500.0,18181163.52,13.17
002012.SZ,20260914,7.13,7.13,7.14,7.13,15800.0,112657.0,7.13
002014.SZ,20260914,11.31,11.32,11.32,11.3,12100.0,136857.0,11.31
002015.SZ,20260914,16.32,16.35,16.41,16.32,830600.0,13585152.0,16.36
002016.SZ,20260914,4.58,4.58,4.6,4.58,20400.0,93477.0,4.58
002017.SZ,20260914,14.93,14.89,14.96,14.89,263200.0,3921884.16,14.9
002019.SZ,20260914,9.19,9.2,9.2,9.18,35800.0,329291.0,9.2
002020.SZ,20260914,11.31,11.3,11.31,11.27,101000.0,1141443.04,11.3
002021.SZ,20260914,2.69,2.69,2.69,2.68,135900.0,365478.0,2.69
002022.SZ,20260914,5.61,5.65,5.65,5.61,14400.0,80961.0,5.62
002023.SZ,20260914,9.6,9.62,9.62,9.59,45400.0,436541.0,9.62
002024.SZ,20260914,1.17,1.17,1.17,1.17,765700.0,895868.96,1.17
002025.SZ,20260914,62.46,62.39,63.0,62.39,79100.0,4943298.88,62.49
002026.SZ,20260914,11.47,11.49,11.51,11.41,263400.0,3026117.12,11.49
002027.SZ,20260914,4.74,4.74,4.74,4.73,349100.0,1654006.08,4.74
002028.SZ,20260914,133.49,134.36,134.37,133.49,36500.0,4900201.92,134.25
002029.SZ,20260914,8.3,8.28,8.31,8.26,127000.0,1052064.96,8.28
002030.SZ,20260914,5.28,5.28,5.29,5.28,145900.0,770372.96,5.28
002031.SZ,20260914,5.1,5.1,5.11,5.08,220500.0,1124051.04,5.1
002032.SZ,20260914,38.37,38.37,38.37,38.36,4200.0,161152.0,38.37
002033.SZ,20260914,8.69,8.67,8.7,8.67,449300.0,3897763.84,8.68
002034.SZ,20260914,14.1,14.11,14.13,14.08,24400.0,344048.0,14.1
002035.SZ,20260914,4.57,4.57,4.57,4.57,56700.0,259119.0,4.57
002036.SZ,20260914,6.27,6.3,6.3,6.27,83500.0,524915.0,6.29
002037.SZ,20260914,6.85,6.9,6.9,6.82,8000.0,55120.0,6.89
002038.SZ,20260914,5.63,5.64,5.65,5.6,52200.0,294061.0,5.63
002039.SZ,20260914,19.55,19.48,19.56,19.46,72000.0,1403360.96,19.49
002040.SZ,20260914,9.22,9.2,9.23,9.15,2128118.08,19584998.4,9.2
002041.SZ,20260914,10.67,10.71,10.77,10.6,1749500.0,18730211.84,10.71
002042.SZ,20260914,3.83,3.83,3.84,3.83,65400.0,250497.0,3.83
002043.SZ,20260914,11.16,11.17,11.19,11.11,28300.0,315869.0,11.16
002044.SZ,20260914,4.48,4.49,4.5,4.47,319100.0,1431375.04,4.49
002045.SZ,20260914,8.91,8.93,8.93,8.9,133900.0,1194352.0,8.92
002046.SZ,20260914,57.26,57.3,57.31,56.9,174200.0,9979379.2,57.29
002047.SZ,20260914,3.4,3.41,3.41,3.4,84900.0,289257.0,3.41
002048.SZ,20260914,17.4,17.46,17.5,17.34,88500.0,1541351.04,17.42
002049.SZ,20260914,58.74,58.7,58.8,58.68,111200.0,6529530.24,58.72
002050.SZ,20260914,34.62,34.68,34.68,34.61,192500.0,6673809.92,34.67
002051.SZ,20260914,8.58,8.61,8.63,8.57,235200.0,2022896.0,8.6
002052.SZ,20260914,8.53,8.52,8.53,8.52,110600.0,942478.0,8.52
002053.SZ,20260914,9.82,9.79,9.83,9.78,80600.0,789860.96,9.8
002054.SZ,20260914,7.06,7.06,7.06,7.06,30100.0,212506.0,7.06
002055.SZ,20260914,6.53,6.5,6.55,6.47,427600.0,2778424.0,6.5
002056.SZ,20260914,19.61,19.58,19.63,19.58,126500.0,2477993.92,19.59
002057.SZ,20260914,8.59,8.58,8.6,8.58,74700.0,641127.0,8.58
002058.SZ,20260914,15.65,15.66,15.66,15.65,15500.0,242724.0,15.66
002059.SZ,20260914,5.41,5.21,5.42,5.21,3437703.04,17944967.68,5.22
002060.SZ,20260914,3.16,3.17,3.17,3.16,47400.0,150232.0,3.17
002061.SZ,20260914,3.36,3.37,3.37,3.36,180500.0,607712.0,3.37
002062.SZ,20260914,8.79,8.8,8.84,8.75,371500.0,3270253.12,8.8
002063.SZ,20260914,5.39,5.38,5.39,5.37,111500.0,600107.0,5.38
002064.SZ,20260914,9.9,9.9,9.94,9.87,147100.0,1456088.0,9.9
002065.SZ,20260914,6.63,6.62,6.63,6.61,179800.0,1190196.96,6.62
002066.SZ,20260914,20.2,20.1,20.2,20.1,11700.0,235190.0,20.1
002067.SZ,20260914,3.98,3.99,4.0,3.98,246700.0,983620.0,3.99
002068.SZ,20260914,9.59,9.63,9.67,9.55,1814700.0,17465524.48,9.62
002069.SZ,20260914,3.87,3.88,3.88,3.83,153500.0,594967.0,3.88
002072.SZ,20260914,7.34,7.43,7.45,7.34,63100.0,467364.0,7.41
002073.SZ,20260914,5.68,5.7,5.7,5.67,21600.0,122910.0,5.69
002074.SZ,20260914,24.93,24.95,24.98,24.9,127600.0,3182736.96,24.94
002075.SZ,20260914,3.58,3.58,3.58,3.57,114500.0,409815.0,3.58
002076.SZ,20260914,2.08,2.08,2.09,2.08,185500.0,386074.0,2.08
002077.SZ,20260914,13.78,13.78,13.83,13.75,719000.0,9909516.8,13.78
002078.SZ,20260914,14.06,14.1,14.13,14.06,82100.0,1157430.0,14.1
002079.SZ,20260914,8.76,8.75,8.76,8.75,108400.0,948643.04,8.75
002080.SZ,20260914,50.48,50.49,50.58,50.01,537600.0,27124968.96,50.46
002081.SZ,20260914,4.69,4.7,4.72,4.68,1778700.0,8361086.72,4.7
002082.SZ,20260914,8.95,8.97,8.97,8.95,51900.0,465465.0,8.97
002083.SZ,20260914,9.53,9.56,9.56,9.51,102300.0,977271.04,9.55
002084.SZ,20260914,5.38,5.36,5.4,5.36,3967100.16,21276445.44,5.36
002085.SZ,20260914,10.1,10.1,10.1,10.1,16000.0,161600.0,10.1
002086.SZ,20260914,2.11,2.11,2.12,2.1,405000.0,853340.96,2.11
002088.SZ,20260914,8.3,8.25,8.3,8.24,91200.0,754324.0,8.27
002090.SZ,20260914,8.99,8.98,8.99,8.98,5400.0,48497.0,8.98
002091.SZ,20260914,7.51,7.53,7.53,7.49,34100.0,256495.0,7.52
002092.SZ,20260914,4.66,4.67,4.67,4.65,271700.0,1267635.04,4.67
002093.SZ,20260914,7.23,7.23,7.25,7.21,316500.0,2288944.96,7.23
002094.SZ,20260914,5.24,5.25,5.26,5.23,92800.0,487296.0,5.25
002095.SZ,20260914,15.11,15.11,15.16,15.07,79400.0,1199468.96,15.11
002096.SZ,20260914,9.15,9.17,9.17,9.15,12400.0,113666.0,9.17
002097.SZ,20260914,7.48,7.53,7.53,7.48,92800.0,697820.96,7.52
002098.SZ,20260914,7.88,7.88,7.88,7.83,31700.0,249781.0,7.88
002099.SZ,20260914,5.38,5.34,5.38,5.3,338900.0,1811656.96,5.35
002100.SZ,20260914,8.02,8.05,8.06,8.0,201900.0,1622145.92,8.03
002101.SZ,20260914,8.53,8.58,8.58,8.53,11900.0,101972.0,8.57
002102.SZ,20260914,2.71,2.71,2.71,2.71,136000.0,368560.0,2.71
002103.SZ,20260914,6.56,6.56,6.56,6.56,3600.0,23616.0,6.56
002104.SZ,20260914,11.9,11.88,11.99,11.84,634700.0,7546163.84,11.89
002105.SZ,20260914,6.04,6.01,6.05,6.01,31300.0,188734.0,6.03
002106.SZ,20260914,11.18,11.18,11.21,11.15,1051600.0,11757603.84,11.18
002107.SZ,20260914,6.71,6.74,6.75,6.71,128500.0,865444.96,6.74
002108.SZ,20260914,4.55,4.55,4.59,4.54,745800.0,3395304.96,4.55
002109.SZ,20260914,2.81,2.8,2.81,2.8,42400.0,118763.0,2.8
002110.SZ,20260914,2.96,2.98,2.98,2.96,20100.0,59858.0,2.98
002111.SZ,20260914,9.85,9.85,9.85,9.85,46800.0,460980.0,9.85
002112.SZ,20260914,14.63,14.61,14.69,14.61,25900.0,378569.0,14.62
002114.SZ,20260914,7.5,7.56,7.56,7.5,36400.0,275088.0,7.56
002115.SZ,20260914,10.18,10.2,10.24,10.17,198700.0,2027134.08,10.2
002116.SZ,20260914,7.31,7.33,7.33,7.31,5900.0,43215.0,7.33
002117.SZ,20260914,7.84,7.84,7.85,7.84,27700.0,217169.0,7.84
002119.SZ,20260914,22.41,22.48,22.48,22.38,108700.0,2442316.0,22.47
002120.SZ,20260914,6.77,6.77,6.78,6.76,137300.0,929596.0,6.77
002121.SZ,20260914,5.04,5.05,5.05,5.02,489400.0,2470280.0,5.05
002122.SZ,20260914,2.74,2.75,2.75,2.74,68000.0,186655.0,2.75
002123.SZ,20260914,7.72,7.76,7.78,7.7,25700.0,199242.0,7.75
002124.SZ,20260914,2.33,2.33,2.34,2.33,851400.0,1983804.0,2.33
002125.SZ,20260914,11.8,11.82,11.82,11.79,43300.0,511595.0,11.82
002126.SZ,20260914,38.38,38.5,38.67,38.25,62000.0,2389359.04,38.54
002127.SZ,20260914,2.99,3.0,3.0,2.98,191900.0,574684.0,3.0
002128.SZ,20260914,27.15,27.25,27.25,27.15,85300.0,2323902.08,27.24
002129.SZ,20260914,8.69,8.68,8.7,8.67,589900.0,5121014.08,8.68
002130.SZ,20260914,17.81,17.76,17.82,17.76,1197500.0,21273596.16,17.77
002131.SZ,20260914,4.44,4.44,4.44,4.42,1363500.0,6049168.0,4.44
002132.SZ,20260914,4.18,4.2,4.2,4.18,290100.0,1217418.0,4.2
002133.SZ,20260914,2.79,2.8,2.8,2.78,72900.0,204038.0,2.8
002134.SZ,20260914,22.94,22.9,22.96,22.8,258700.0,5925911.04,22.91
002135.SZ,20260914,6.07,6.05,6.07,6.05,16400.0,99336.0,6.06
002136.SZ,20260914,11.96,11.96,11.96,11.92,15500.0,185367.0,11.96
002137.SZ,20260914,7.42,7.43,7.43,7.42,31500.0,233986.0,7.43
002138.SZ,20260914,47.22,47.16,47.75,47.16,548226.0,25869027.84,47.19
002139.SZ,20260914,9.81,9.8,9.9,9.78,1662800.0,16313291.52,9.81
002140.SZ,20260914,9.38,9.42,9.43,9.38,99800.0,940248.0,9.42
002141.SZ,20260914,6.21,6.19,6.24,6.18,1285000.0,7956700.16,6.19
002142.SZ,20260914,35.5,35.49,35.5,35.49,169600.0,6019534.08,35.49
002144.SZ,20260914,10.73,10.7,10.73,10.7,69200.0,740547.04,10.7
002145.SZ,20260914,4.16,4.16,4.16,4.14,228300.0,948154.0,4.15
002146.SZ,20260914,1.16,1.16,1.16,1.15,677600.0,786015.04,1.16
002148.SZ,20260914,6.44,6.44,6.45,6.42,42900.0,276097.0,6.44
002149.SZ,20260914,33.32,33.23,33.36,33.23,40900.0,1360804.96,33.27
002150.SZ,20260914,19.89,19.88,19.9,19.88,13000.0,258512.0,19.89
002151.SZ,20260914,28.9,28.9,28.91,28.85,96900.0,2799993.92,28.9
002152.SZ,20260914,9.44,9.4,9.44,9.38,157600.0,1481718.08,9.4
002153.SZ,20260914,7.58,7.63,7.63,7.57,116200.0,881839.04,7.59
002154.SZ,20260914,3.99,3.98,3.99,3.97,138100.0,549646.0,3.98
002155.SZ,20260914,26.99,27.0,27.15,26.96,1413200.0,38161359.36,27.0
002156.SZ,20260914,57.26,57.3,57.33,57.16,452200.0,25904847.36,57.29
002157.SZ,20260914,3.14,3.15,3.16,3.14,528000.0,1662729.92,3.15
002158.SZ,20260914,25.64,25.62,25.74,25.62,75600.0,1937248.0,25.63
002159.SZ,20260914,13.62,13.63,13.66,13.58,81600.0,1112422.0,13.63
002160.SZ,20260914,3.95,3.96,3.96,3.95,151300.0,598451.0,3.96
002161.SZ,20260914,8.36,8.47,8.47,8.15,15438699.52,130555525.12,8.46
002162.SZ,20260914,4.03,4.04,4.04,4.01,1260400.0,5085904.0,4.04
002163.SZ,20260914,8.66,8.7,8.7,8.65,96600.0,839452.0,8.69
002164.SZ,20260914,10.25,10.3,10.3,10.25,21800.0,224430.0,10.3
002165.SZ,20260914,7.35,7.36,7.38,7.32,271800.0,2000559.2,7.36
002166.SZ,20260914,6.82,6.81,6.84,6.81,199000.0,1355412.0,6.81
002167.SZ,20260914,14.75,14.78,14.8,14.74,208100.0,3075466.88,14.78
002168.SZ,20260914,3.67,3.67,3.67,3.67,58200.0,213594.0,3.67
002169.SZ,20260914,12.03,12.07,12.07,12.02,61700.0,744570.0,12.07
002170.SZ,20260914,11.31,11.33,11.35,11.29,238900.0,2705874.88,11.33
002171.SZ,20260914,10.99,11.01,11.05,10.98,1805022.08,19871014.4,11.01
002172.SZ,20260914,4.56,4.56,4.59,4.51,2568100.0,11710703.36,4.56
002173.SZ,20260914,17.13,17.15,17.17,17.1,154600.0,2651188.96,17.15
002174.SZ,20260914,13.56,13.61,13.62,13.51,945700.0,12863252.48,13.6
002175.SZ,20260914,2.54,2.54,2.54,2.54,85100.0,216154.0,2.54
002176.SZ,20260914,8.5,8.53,8.53,8.48,123400.0,1050856.96,8.52
002177.SZ,20260914,5.73,5.74,5.75,5.73,157500.0,903924.0,5.74
002178.SZ,20260914,4.66,4.66,4.66,4.62,66000.0,307067.0,4.65
002179.SZ,20260914,35.11,35.19,35.22,35.02,346400.0,12188700.16,35.19
002180.SZ,20260914,16.25,16.26,16.26,16.21,18900.0,307248.0,16.26
002181.SZ,20260914,9.66,9.71,9.72,9.62,1416200.0,13736253.44,9.7
002182.SZ,20260914,11.3,11.33,11.33,11.27,21000.0,237644.0,11.32
002183.SZ,20260914,4.39,4.39,4.39,4.38,169100.0,742216.96,4.39
002184.SZ,20260914,9.63,9.63,9.63,9.63,13200.0,127116.0,9.63
002185.SZ,20260914,15.93,15.94,15.95,15.9,1297300.0,20668224.0,15.93
002186.SZ,20260914,9.65,9.65,9.65,9.65,14700.0,141855.0,9.65
002187.SZ,20260914,5.62,5.6,5.63,5.59,115700.0,648248.0,5.6
002188.SZ,20260914,5.41,5.43,5.43,5.41,136100.0,738916.96,5.43
002189.SZ,20260914,19.43,19.34,19.43,19.34,24200.0,468856.0,19.37
002190.SZ,20260914,25.5,25.5,25.65,25.5,78600.0,2005280.0,25.51
002191.SZ,20260914,3.56,3.56,3.56,3.56,135700.0,483092.0,3.56
002192.SZ,20260914,60.23,60.3,60.48,60.23,128700.0,7761797.12,60.31
002193.SZ,20260914,5.11,5.11,5.11,5.11,2200.0,11242.0,5.11
002194.SZ,20260914,10.87,10.79,10.95,10.79,4699400.0,50737300.48,10.8
002195.SZ,20260914,6.08,6.05,6.08,6.05,859100.0,5201605.12,6.06
002196.SZ,20260914,10.11,10.15,10.15,10.11,76100.0,772240.96,10.15
002197.SZ,20260914,6.74,6.71,6.74,6.71,93000.0,624507.0,6.72
002198.SZ,20260914,3.61,3.61,3.61,3.61,79300.0,286273.0,3.61
002199.SZ,20260914,11.95,11.9,11.95,11.9,31000.0,369035.0,11.9
002200.SZ,20260914,6.62,6.63,6.66,6.62,24200.0,160478.0,6.63
002201.SZ,20260914,10.64,10.51,10.73,10.51,3279699.84,34512542.72,10.52
002202.SZ,20260914,18.58,18.62,18.66,18.55,2607700.0,48524206.08,18.61
002203.SZ,20260914,19.45,19.42,19.5,19.42,223100.0,4334640.0,19.43
002204.SZ,20260914,5.62,5.6,5.63,5.58,2144100.0,12012488.96,5.6
002205.SZ,20260914,10.82,10.84,10.84,10.81,38200.0,414003.0,10.84
002206.SZ,20260914,5.06,5.06,5.06,5.06,41100.0,207966.0,5.06
002207.SZ,20260914,5.72,5.75,5.75,5.72,141800.0,814912.96,5.75
002208.SZ,20260914,9.75,9.75,9.8,9.72,145800.0,1421787.04,9.75
002209.SZ,20260914,13.0,12.98,13.11,12.98,40500.0,526035.0,12.99
002210.SZ,20260914,2.23,2.23,2.23,2.22,283000.0,631031.0,2.23
002211.SZ,20260914,3.8,3.8,3.8,3.8,109500.0,416100.0,3.8
002212.SZ,20260914,7.4,7.4,7.4,7.4,15761945.6,116638392.32,7.4
002213.SZ,20260914,26.4,26.48,26.48,26.3,28200.0,745982.0,26.45
002214.SZ,20260914,16.99,17.0,17.14,16.99,38000.0,646548.0,17.01
002215.SZ,20260914,9.92,9.9,9.92,9.9,257100.0,2546160.96,9.9
002216.SZ,20260914,11.5,11.5,11.54,11.5,41600.0,478414.0,11.5
002217.SZ,20260914,1.45,1.45,1.46,1.45,1176200.0,1705535.04,1.45
002218.SZ,20260914,4.43,4.42,4.48,4.42,5819200.0,25752261.12,4.43
002219.SZ,20260914,2.1,2.11,2.11,2.1,698300.0,1473096.0,2.11
002221.SZ,20260914,5.81,5.8,5.81,5.79,45100.0,261681.0,5.8
002222.SZ,20260914,63.7,63.84,64.07,63.68,207600.0,13254080.0,63.84
002223.SZ,20260914,25.25,25.29,25.29,25.25,16000.0,404545.0,25.28
002224.SZ,20260914,3.84,3.82,3.84,3.81,291000.0,1112680.0,3.82
002225.SZ,20260914,3.59,3.6,3.6,3.59,198900.0,715936.0,3.6
002226.SZ,20260914,5.07,5.07,5.09,5.07,30000.0,152104.0,5.07
002227.SZ,20260914,6.6,6.6,6.6,6.6,12200.0,80520.0,6.6
002228.SZ,20260914,3.13,3.13,3.14,3.13,241900.0,757218.0,3.13
002229.SZ,20260914,11.26,11.28,11.28,11.2,315700.0,3558536.96,11.27
002230.SZ,20260914,39.0,39.1,39.11,38.99,131300.0,5131775.04,39.08
002232.SZ,20260914,14.42,14.42,14.5,14.39,192300.0,2777349.12,14.44
002233.SZ,20260914,7.12,7.12,7.12,7.1,16900.0,120249.0,7.12
002234.SZ,20260914,8.05,8.05,8.07,8.03,54400.0,437922.0,8.05
002235.SZ,20260914,8.18,8.18,8.26,8.16,319300.0,2614812.0,8.19
002236.SZ,20260914,15.92,15.92,15.95,15.9,167000.0,2658679.04,15.92
002237.SZ,20260914,13.94,13.94,13.98,13.92,232500.0,3240952.0,13.94
002238.SZ,20260914,6.54,6.56,6.56,6.54,38700.0,253728.0,6.56
002239.SZ,20260914,2.46,2.47,2.47,2.46,422800.0,1044072.0,2.47
002240.SZ,20260914,27.0,27.03,27.07,26.99,163600.0,4421493.12,27.03
002241.SZ,20260914,22.1,22.03,22.15,22.03,246800.0,5440135.04,22.04
002242.SZ,20260914,9.89,9.71,9.9,9.71,2630670.08,25592983.04,9.73
002243.SZ,20260914,7.09,7.1,7.15,7.09,251300.0,1784372.96,7.1
002244.SZ,20260914,8.01,8.03,8.03,8.01,127800.0,1025859.04,8.03
002245.SZ,20260914,17.24,17.21,17.4,17.21,345048.0,5939438.72,17.21
002246.SZ,20260914,22.55,22.4,22.55,22.33,121200.0,2716104.96,22.41
002247.SZ,20260914,2.4,2.41,2.41,2.4,50000.0,120456.0,2.41
002248.SZ,20260914,9.21,9.21,9.21,9.21,72000.0,663120.0,9.21
002249.SZ,20260914,6.42,6.42,6.43,6.41,207500.0,1331548.96,6.42
002250.SZ,20260914,14.05,14.07,14.07,14.01,61200.0,860746.0,14.06
002251.SZ,20260914,3.67,3.67,3.69,3.66,1215000.0,4462402.88,3.67
002252.SZ,20260914,4.87,4.87,4.87,4.87,248500.0,1210195.04,4.87
002253.SZ,20260914,10.0,10.0,10.0,9.99,24400.0,243997.0,10.0
002254.SZ,20260914,12.0,12.03,12.05,11.95,42500.0,510642.0,12.02
002255.SZ,20260914,7.77,7.76,7.78,7.76,79500.0,617479.0,7.77
002256.SZ,20260914,3.32,3.31,3.32,3.31,115900.0,384004.0,3.31
002258.SZ,20260914,15.0,15.0,15.03,14.98,144500.0,2167711.04,15.0
002259.SZ,20260914,4.22,4.23,4.23,4.18,80100.0,337794.0,4.22
002261.SZ,20260914,25.06,25.03,25.19,25.03,266900.0,6684833.28,25.05
002262.SZ,20260914,21.31,21.3,21.31,21.28,18800.0,400420.0,21.3
002263.SZ,20260914,3.23,3.2,3.25,3.19,1846900.0,5912878.08,3.2
002264.SZ,20260914,7.0,7.02,7.02,6.98,378200.0,2651156.96,7.01
002265.SZ,20260914,22.1,22.0,22.11,22.0,738118.0,16250109.44,22.02
002266.SZ,20260914,4.76,4.75,4.76,4.75,185630.0,882256.48,4.75
002267.SZ,20260914,7.34,7.32,7.34,7.32,33100.0,242374.0,7.32
002268.SZ,20260914,14.49,14.36,14.56,14.35,1200100.0,17266178.56,14.39
002269.SZ,20260914,1.45,1.45,1.45,1.44,181300.0,262877.0,1.45
002270.SZ,20260914,18.76,18.75,18.83,18.75,45400.0,851627.04,18.76
002271.SZ,20260914,10.27,10.29,10.29,10.26,356300.0,3665352.0,10.29
002272.SZ,20260914,15.82,15.8,15.86,15.5,124200.0,1960180.96,15.78
002273.SZ,20260914,24.27,24.47,24.5,24.27,273200.0,6676954.24,24.44
002274.SZ,20260914,6.29,6.27,6.32,6.25,375900.0,2360268.0,6.28
002275.SZ,20260914,12.2,12.18,12.2,12.18,30200.0,367868.0,12.18
002276.SZ,20260914,10.06,10.02,10.07,10.02,41900.0,420197.0,10.03
002277.SZ,20260914,5.63,5.64,5.65,5.62,187200.0,1055760.0,5.64
002278.SZ,20260914,8.08,8.06,8.18,8.06,241500.0,1951475.04,8.08
002279.SZ,20260914,6.88,6.85,6.9,6.85,268500.0,1844216.96,6.87
002281.SZ,20260914,172.88,172.54,173.82,172.52,460805.0,79539159.04,172.61
002282.SZ,20260914,6.0,5.99,6.0,5.99,4000.0,23962.0,5.99
002283.SZ,20260914,7.85,7.85,7.85,7.83,129000.0,1012608.96,7.85
002284.SZ,20260914,9.68,9.69,9.69,9.66,91600.0,887115.04,9.69
002285.SZ,20260914,2.24,2.24,2.25,2.24,1284400.0,2877258.88,2.24
002286.SZ,20260914,8.49,8.5,8.54,8.48,298200.0,2534792.0,8.5
002287.SZ,20260914,19.3,19.3,19.3,19.28,5400.0,104208.0,19.3
002289.SZ,20260914,34.28,34.73,34.86,34.28,44200.0,1534177.92,34.71
002290.SZ,20260914,63.54,63.53,63.75,63.4,27700.0,1759624.96,63.52
002291.SZ,20260914,5.53,5.53,5.54,5.52,121600.0,672338.0,5.53
002292.SZ,20260914,8.44,8.44,8.48,8.44,260440.0,2198786.56,8.44
002293.SZ,20260914,10.74,10.75,10.75,10.73,32500.0,349261.0,10.75
002294.SZ,20260914,29.92,29.9,29.98,29.9,153802.0,4600972.16,29.92
002295.SZ,20260914,9.98,9.98,9.98,9.98,1720500.0,17170589.44,9.98
002296.SZ,20260914,9.37,9.36,9.41,9.36,732612.0,6861509.76,9.37
002297.SZ,20260914,23.4,23.5,23.54,23.15,3115600.0,73126727.68,23.47
002298.SZ,20260914,8.45,8.45,8.48,8.41,461900.0,3902254.08,8.45
002299.SZ,20260914,16.65,16.68,16.68,16.62,43900.0,732079.04,16.68
002300.SZ,20260914,8.15,8.16,8.17,8.1,756500.0,6170197.76,8.16
002301.SZ,20260914,7.75,7.78,7.78,7.75,21200.0,164836.0,7.78
002302.SZ,20260914,4.71,4.72,4.72,4.71,9200.0,43350.0,4.71
002303.SZ,20260914,5.1,5.11,5.12,5.1,216200.0,1104738.0,5.11
002304.SZ,20260914,38.15,38.07,38.18,38.07,37100.0,1412886.08,38.08
002305.SZ,20260914,2.05,2.05,2.05,2.05,578400.0,1185720.0,2.05
002306.SZ,20260914,2.33,2.34,2.34,2.32,71500.0,167201.0,2.34
002307.SZ,20260914,3.04,3.04,3.04,3.04,54100.0,164464.0,3.04
002309.SZ,20260914,3.02,3.02,3.03,3.02,631200.0,1907335.04,3.02
002310.SZ,20260914,2.34,2.34,2.35,2.34,531200.0,1244432.0,2.34
002311.SZ,20260914,42.48,42.5,42.65,42.42,13600.0,578160.0,42.51
002312.SZ,20260914,9.03,9.02,9.05,9.02,618300.0,5580108.16,9.02
002313.SZ,20260914,8.41,8.41,8.43,8.41,42100.0,354111.0,8.41
002314.SZ,20260914,2.19,2.18,2.19,2.18,180700.0,394067.0,2.18
002315.SZ,20260914,24.14,24.2,24.24,24.14,13900.0,336555.0,24.21
002316.SZ,20260914,4.49,4.49,4.57,4.47,919300.0,4143088.0,4.51
002317.SZ,20260914,23.39,23.35,23.45,23.33,40800.0,953274.0,23.37
002318.SZ,20260914,18.38,18.4,18.4,18.38,28100.0,517020.0,18.4
002319.SZ,20260914,10.08,10.11,10.11,10.08,8500.0,85810.0,10.1
002320.SZ,20260914,7.12,7.14,7.14,7.11,1026100.0,7323870.72,7.14
002321.SZ,20260914,2.09,2.09,2.09,2.08,141900.0,296542.0,2.09
002322.SZ,20260914,11.95,11.8,11.95,11.8,18100.0,213700.0,11.81
002323.SZ,20260914,1.28,1.28,1.28,1.28,1973100.0,2525568.0,1.28
002324.SZ,20260914,8.82,8.84,8.84,8.8,143400.0,1267171.04,8.84
002326.SZ,20260914,16.87,16.88,16.88,16.7,61700.0,1040736.0,16.87
002327.SZ,20260914,6.14,6.14,6.14,6.14,6100.0,37454.0,6.14
002328.SZ,20260914,8.45,8.45,8.45,8.4,424100.0,3582213.12,8.45
002329.SZ,20260914,3.77,3.76,3.77,3.76,142500.0,535855.0,3.76
002330.SZ,20260914,4.1,4.1,4.1,4.09,20600.0,84443.0,4.1
002331.SZ,20260914,6.95,6.92,6.95,6.89,10700.0,74063.0,6.92
002332.SZ,20260914,8.54,8.53,8.56,8.53,16500.0,140834.0,8.54
002333.SZ,20260914,5.25,5.32,5.32,5.25,10500.0,55795.0,5.31
002334.SZ,20260914,6.6,6.62,6.65,6.6,354700.0,2347305.92,6.62
002335.SZ,20260914,29.0,29.0,29.05,28.98,196990.0,5714039.04,29.01
002337.SZ,20260914,4.61,4.61,4.61,4.61,18600.0,85746.0,4.61
002338.SZ,20260914,39.39,39.4,39.44,39.13,35252.0,1388491.2,39.39
002339.SZ,20260914,7.27,7.25,7.27,7.25,78600.0,570766.0,7.26
002340.SZ,20260914,6.19,6.2,6.2,6.19,343300.0,2127564.96,6.2
002342.SZ,20260914,7.9,7.9,7.93,7.88,214500.0,1694275.04,7.9
002343.SZ,20260914,5.83,5.85,5.85,5.81,290400.0,1697032.0,5.84
002344.SZ,20260914,4.03,4.02,4.03,4.01,113500.0,456426.0,4.02
002345.SZ,20260914,9.04,9.08,9.08,9.01,40300.0,365650.0,9.07
002346.SZ,20260914,18.2,18.2,18.29,18.14,58400.0,1062816.96,18.2
002347.SZ,20260914,6.04,6.05,6.05,6.02,30400.0,183843.0,6.05
002348.SZ,20260914,10.52,10.62,10.78,10.46,1079200.0,11490809.6,10.65
002349.SZ,20260914,8.03,8.02,8.07,8.01,1507407.04,12096961.28,8.02
002350.SZ,20260914,14.33,14.36,14.37,14.33,30200.0,433584.0,14.36
002351.SZ,20260914,9.72,9.71,9.76,9.7,11000.0,106844.0,9.71
002352.SZ,20260914,31.16,31.13,31.16,31.13,86900.0,2705421.12,31.13
002353.SZ,20260914,116.64,116.5,116.8,116.5,125327.0,14611904.0,116.59
002354.SZ,20260914,7.46,7.46,7.49,7.44,2950000.0,22006835.2,7.46
002355.SZ,20260914,4.76,4.74,4.76,4.74,234300.0,1111476.0,4.74
002356.SZ,20260914,2.8,2.81,2.81,2.8,81400.0,228632.0,2.81
002357.SZ,20260914,11.9,11.9,11.97,11.9,106000.0,1261555.04,11.9
002358.SZ,20260914,5.37,5.4,5.4,5.37,106700.0,575623.0,5.4
002360.SZ,20260914,5.57,5.58,5.58,5.57,43400.0,242146.0,5.58
002361.SZ,20260914,10.11,10.12,10.13,10.1,333600.0,3375189.12,10.12
002362.SZ,20260914,15.21,15.29,15.29,15.21,9000.0,137558.0,15.28
002363.SZ,20260914,6.68,6.68,6.68,6.65,30600.0,204405.0,6.68
002364.SZ,20260914,34.2,34.46,34.46,34.2,162700.0,5602346.88,34.43
002365.SZ,20260914,13.45,13.51,13.57,13.43,193100.0,2607416.0,13.5
002366.SZ,20260914,5.92,5.92,5.95,5.9,331100.0,1960856.96,5.92
002367.SZ,20260914,5.66,5.66,5.66,5.66,44200.0,250172.0,5.66
002368.SZ,20260914,13.33,13.33,13.39,13.3,63200.0,843084.96,13.34
002369.SZ,20260914,5.85,5.86,5.86,5.83,60800.0,356128.0,5.86
002370.SZ,20260914,5.15,5.16,5.17,5.15,164000.0,846148.0,5.16
002371.SZ,20260914,629.99,630.0,632.69,628.01,53300.0,33615436.8,630.68
002372.SZ,20260914,8.2,8.21,8.21,8.18,22600.0,185299.0,8.2
002373.SZ,20260914,7.43,7.43,7.43,7.4,54600.0,405412.0,7.43
002374.SZ,20260914,3.04,3.03,3.04,3.03,133800.0,405497.0,3.03
002375.SZ,20260914,3.77,3.76,3.77,3.75,84600.0,318100.0,3.76
002376.SZ,20260914,6.43,6.44,6.45,6.43,45100.0,290418.0,6.44
002377.SZ,20260914,3.13,3.12,3.16,3.11,6675699.84,20852088.32,3.12
002378.SZ,20260914,22.84,22.85,22.95,22.8,163000.0,3727510.08,22.87
002379.SZ,20260914,17.89,17.92,17.92,17.87,447800.0,8023066.24,17.92
002380.SZ,20260914,25.79,25.86,25.87,25.61,22800.0,589251.0,25.84
002381.SZ,20260914,5.47,5.45,5.47,5.45,40400.0,220297.0,5.45
002382.SZ,20260914,5.85,5.86,5.86,5.85,124400.0,728683.04,5.86
002383.SZ,20260914,8.02,8.01,8.06,7.99,1097386.0,8793246.08,8.01
002384.SZ,20260914,188.0,187.9,188.5,187.2,1252639.04,235336683.52,187.87
002385.SZ,20260914,3.34,3.33,3.35,3.33,1490000.0,4964828.16,3.33
002386.SZ,20260914,5.96,5.95,5.98,5.95,147400.0,878010.0,5.96
002387.SZ,20260914,6.82,6.85,6.85,6.81,92100.0,630531.0,6.85
002388.SZ,20260914,6.14,6.1,6.14,6.1,79400.0,484767.0,6.11
002389.SZ,20260914,19.93,19.99,19.99,19.88,307500.0,6143292.8,19.98
002390.SZ,20260914,2.95,2.95,2.95,2.94,110400.0,325644.0,2.95
002391.SZ,20260914,5.28,5.28,5.31,5.28,28500.0,150483.0,5.28
002392.SZ,20260914,7.53,7.61,7.61,7.53,39800.0,302384.0,7.6
002393.SZ,20260914,13.5,13.51,13.51,13.5,7200.0,97253.0,13.51
002394.SZ,20260914,10.36,10.35,10.4,10.35,7300.0,75587.0,10.35
002395.SZ,20260914,12.53,12.53,12.62,12.53,41900.0,525079.0,12.53
002396.SZ,20260914,33.91,33.95,33.98,33.83,673200.0,22847887.36,33.94
002397.SZ,20260914,3.7,3.71,3.71,3.67,136200.0,504649.0,3.71
002398.SZ,20260914,4.2,4.21,4.21,4.19,65900.0,277182.0,4.21
002399.SZ,20260914,9.48,9.47,9.48,9.47,38900.0,368667.0,9.48
002400.SZ,20260914,6.62,6.63,6.63,6.6,480800.0,3185912.0,6.63
002401.SZ,20260914,12.16,12.24,12.24,12.16,3500.0,42818.0,12.23
002402.SZ,20260914,17.9,17.9,17.95,17.88,80800.0,1446856.0,17.91
002403.SZ,20260914,9.98,9.99,9.99,9.89,1299600.0,12966682.88,9.98
002404.SZ,20260914,5.82,5.82,5.83,5.81,89000.0,517973.0,5.82
002405.SZ,20260914,6.05,6.04,6.05,6.02,98887.0,597247.64,6.04
002406.SZ,20260914,6.55,6.55,6.57,6.55,22400.0,146730.0,6.55
002407.SZ,20260914,31.45,31.46,31.5,31.41,560200.0,17627599.36,31.47
002408.SZ,20260914,5.45,5.45,5.45,5.42,266600.0,1452687.04,5.45
002409.SZ,20260914,126.99,127.0,128.9,126.88,289800.0,36848504.32,127.15
002410.SZ,20260914,8.24,8.23,8.25,8.23,194131.0,1598176.16,8.23
002412.SZ,20260914,8.74,8.73,8.75,8.73,337900.0,2951270.08,8.73
002413.SZ,20260914,8.35,8.34,8.38,8.34,814300.0,6797530.24,8.35
002414.SZ,20260914,12.15,12.16,12.19,12.14,392200.0,4770587.52,12.16
002415.SZ,20260914,33.02,33.05,33.15,33.01,381400.0,12605414.4,33.05
002416.SZ,20260914,8.98,9.0,9.0,8.95,115100.0,1034408.96,8.99
002418.SZ,20260914,4.69,4.67,4.69,4.67,1006000.0,4699766.08,4.67
002419.SZ,20260914,4.73,4.72,4.73,4.71,64200.0,303097.0,4.72
002420.SZ,20260914,5.96,5.97,5.97,5.94,33400.0,199297.0,5.97
002421.SZ,20260914,3.23,3.22,3.24,3.21,475200.0,1531084.96,3.22
002422.SZ,20260914,39.6,39.68,39.68,39.55,95800.0,3799561.92,39.66
002423.SZ,20260914,9.31,9.31,9.33,9.29,84600.0,787432.0,9.31
002424.SZ,20260914,4.5,4.5,4.51,4.5,105300.0,473878.0,4.5
002425.SZ,20260914,3.24,3.27,3.27,3.22,118600.0,386873.0,3.26
002426.SZ,20260914,2.63,2.64,2.64,2.63,119400.0,315106.0,2.64
002427.SZ,20260914,4.72,4.71,4.75,4.71,98100.0,462311.0,4.71
002428.SZ,20260914,86.21,86.05,86.67,86.05,457894.0,39445736.96,86.15
002429.SZ,20260914,7.85,7.86,7.87,7.81,564500.0,4431111.04,7.85
002430.SZ,20260914,26.34,26.3,26.65,26.3,150100.0,3950991.04,26.32
002431.SZ,20260914,1.36,1.36,1.36,1.36,368400.0,501024.0,1.36
002432.SZ,20260914,59.7,59.8,59.82,59.1,474900.0,28353423.36,59.7
002434.SZ,20260914,5.76,5.76,5.76,5.76,65800.0,379008.0,5.76
002436.SZ,20260914,38.88,39.04,39.09,38.83,1905800.0,74352399.36,39.01
002437.SZ,20260914,3.45,3.45,3.46,3.44,1517600.0,5236819.84,3.45
002438.SZ,20260914,13.41,13.41,13.47,13.37,17900.0,240306.0,13.43
002439.SZ,20260914,13.99,13.98,14.15,13.98,3619495.04,50679828.48,14.0
002440.SZ,20260914,11.7,11.77,11.78,11.68,790300.0,9296142.72,11.76
002441.SZ,20260914,8.09,8.09,8.09,8.07,31300.0,253149.0,8.09
002442.SZ,20260914,5.31,5.3,5.31,5.3,104300.0,552874.0,5.3
002443.SZ,20260914,11.68,11.68,11.75,11.68,608500.0,7117125.76,11.7
002444.SZ,20260914,28.5,28.54,28.58,28.5,18700.0,533653.0,28.54
002445.SZ,20260914,3.06,3.06,3.06,3.05,245900.0,751448.0,3.06
002446.SZ,20260914,8.23,8.24,8.24,8.22,157400.0,1296347.04,8.24
002448.SZ,20260914,11.52,11.53,11.53,11.49,86100.0,992546.0,11.53
002449.SZ,20260914,6.4,6.4,6.4,6.4,85200.0,545280.0,6.4
002451.SZ,20260914,8.18,8.18,8.22,8.13,308400.0,2521297.92,8.18
002452.SZ,20260914,11.7,11.7,11.71,11.68,26700.0,312323.0,11.7
002453.SZ,20260914,4.48,4.5,4.5,4.47,15900.0,71381.0,4.49
002454.SZ,20260914,4.9,4.9,4.9,4.88,47000.0,230297.0,4.9
002455.SZ,20260914,7.08,7.09,7.1,7.05,58100.0,411201.0,7.08
002456.SZ,20260914,6.98,6.98,6.99,6.96,197900.0,1381178.4,6.98
002457.SZ,20260914,11.92,11.93,11.93,11.77,570500.0,6789409.92,11.9
002458.SZ,20260914,8.67,8.68,8.69,8.66,940800.0,8165553.28,8.68
002459.SZ,20260914,6.62,6.6,6.62,6.6,91700.0,605767.0,6.61
002460.SZ,20260914,46.2,46.05,46.25,46.05,194645.0,8974371.2,46.11
002461.SZ,20260914,8.51,8.5,8.51,8.49,5100.0,43366.0,8.5
002462.SZ,20260914,11.88,11.88,11.88,11.88,35100.0,416988.0,11.88
002463.SZ,20260914,122.75,122.28,123.39,122.25,1046500.0,128042772.48,122.35
002465.SZ,20260914,10.17,10.21,10.21,10.17,206500.0,2106223.04,10.2
002466.SZ,20260914,42.53,42.58,42.65,42.53,237000.0,10093029.12,42.59
002467.SZ,20260914,4.71,4.72,4.74,4.69,459500.0,2168112.0,4.72
002468.SZ,20260914,14.41,14.43,14.44,14.39,118300.0,1705993.92,14.42
002469.SZ,20260914,6.13,6.1,6.13,6.1,16200.0,98863.0,6.1
002470.SZ,20260914,2.32,2.31,2.33,2.31,6883800.32,15920702.72,2.31
002471.SZ,20260914,5.72,5.73,5.73,5.72,124500.0,713052.96,5.73
002472.SZ,20260914,34.39,34.4,34.44,34.26,168500.0,5795335.68,34.39
002474.SZ,20260914,6.51,6.51,6.52,6.48,247100.0,1607848.0,6.51
002475.SZ,20260914,54.49,54.49,54.5,54.48,1096100.0,59727139.84,54.49
002476.SZ,20260914,5.05,5.06,5.06,5.03,47000.0,237687.0,5.06
002478.SZ,20260914,6.72,6.71,6.76,6.7,199900.0,1342377.92,6.72
002479.SZ,20260914,5.91,5.92,5.93,5.91,129600.0,767135.04,5.92
002480.SZ,20260914,5.21,5.22,5.22,5.21,55800.0,291151.0,5.22
002481.SZ,20260914,4.35,4.33,4.35,4.33,292500.0,1267960.96,4.34
002482.SZ,20260914,1.32,1.32,1.32,1.32,301400.0,397848.0,1.32
002483.SZ,20260914,6.27,6.27,6.31,6.27,90900.0,570760.0,6.28
002484.SZ,20260914,56.3,56.11,56.55,56.11,292800.0,16436879.36,56.14
002485.SZ,20260914,5.88,5.88,5.88,5.85,16300.0,95784.0,5.88
002486.SZ,20260914,2.71,2.72,2.72,2.71,85500.0,232391.0,2.72
002487.SZ,20260914,35.68,35.53,35.8,35.53,2100337.92,74737674.24,35.58
002488.SZ,20260914,7.37,7.38,7.4,7.37,57700.0,425797.0,7.38
002489.SZ,20260914,2.8,2.8,2.8,2.79,163400.0,457342.0,2.8
002490.SZ,20260914,7.95,7.94,7.99,7.91,1195700.0,9499745.92,7.95
002491.SZ,20260914,20.6,20.61,20.64,20.5,1348500.0,27755228.16,20.58
002492.SZ,20260914,6.03,5.98,6.03,5.98,38400.0,229966.0,5.99
002493.SZ,20260914,13.55,13.52,13.6,13.52,344500.0,4666720.0,13.55
002494.SZ,20260914,4.62,4.61,4.62,4.61,102500.0,472571.0,4.61
002495.SZ,20260914,2.38,2.39,2.39,2.37,74900.0,178894.0,2.39
002496.SZ,20260914,2.15,2.15,2.15,2.14,106400.0,228712.0,2.15
002497.SZ,20260914,16.66,16.75,16.75,16.5,238400.0,3983969.92,16.71
002498.SZ,20260914,6.97,7.0,7.01,6.95,2550800.0,17843758.08,7.0
002500.SZ,20260914,5.21,5.21,5.22,5.21,109300.0,569546.0,5.21
002501.SZ,20260914,1.31,1.31,1.31,1.3,1135200.0,1481203.04,1.31
002506.SZ,20260914,2.48,2.49,2.49,2.47,747800.0,1858687.04,2.49
002507.SZ,20260914,11.1,11.1,11.11,11.09,48800.0,541653.0,11.1
002508.SZ,20260914,16.84,16.88,16.97,16.82,214500.0,3623512.96,16.89
002510.SZ,20260914,5.92,5.89,5.93,5.89,510200.0,3008071.04,5.9
002511.SZ,20260914,7.03,7.03,7.04,7.02,77500.0,544719.0,7.03
002512.SZ,20260914,3.93,3.95,3.95,3.93,431500.0,1703612.0,3.95
002513.SZ,20260914,5.35,5.35,5.42,5.35,158600.0,848775.04,5.35
002514.SZ,20260914,2.65,2.63,2.65,2.63,2239700.0,5894407.04,2.63
002515.SZ,20260914,7.12,7.1,7.15,7.1,1316600.0,9354750.72,7.11
002516.SZ,20260914,5.86,5.88,5.9,5.83,443100.0,2604612.96,5.88
002517.SZ,20260914,17.42,17.5,17.5,17.26,1929400.0,33617505.28,17.42
002518.SZ,20260914,34.65,34.69,34.79,34.65,136300.0,4730247.04,34.71
002519.SZ,20260914,6.48,6.44,6.58,6.43,6400000.0,41306936.32,6.45
002520.SZ,20260914,6.18,6.17,6.2,6.17,207700.0,1282020.0,6.17
002521.SZ,20260914,6.44,6.44,6.44,6.44,24800.0,159712.0,6.44
002522.SZ,20260914,5.18,5.17,5.19,5.17,181000.0,936714.0,5.18
002523.SZ,20260914,3.46,3.46,3.48,3.46,41700.0,144313.0,3.46
002524.SZ,20260914,4.01,4.04,4.04,4.0,141100.0,569400.0,4.04
002526.SZ,20260914,2.67,2.68,2.68,2.67,91700.0,245511.0,2.68
002527.SZ,20260914,10.7,10.65,10.7,10.65,48800.0,520180.0,10.66
002528.SZ,20260914,7.62,7.6,7.62,7.6,388500.0,2953346.88,7.6
002529.SZ,20260914,6.82,6.79,6.89,6.79,72600.0,493078.0,6.79
002530.SZ,20260914,7.11,7.11,7.13,7.1,99900.0,710420.0,7.11
002531.SZ,20260914,7.1,7.06,7.14,7.06,6110830.72,43200046.08,7.07
002532.SZ,20260914,13.06,13.06,13.15,13.03,711000.0,9286026.88,13.06
002533.SZ,20260914,10.92,10.94,10.94,10.92,15400.0,168359.0,10.93
002534.SZ,20260914,15.55,15.55,15.56,15.39,18000.0,279471.0,15.53
002535.SZ,20260914,2.45,2.45,2.45,2.43,58400.0,143036.0,2.45
002536.SZ,20260914,53.03,53.02,53.19,53.01,798500.0,42344048.64,53.03
002537.SZ,20260914,6.0,5.98,6.0,5.96,148400.0,887582.0,5.98
002538.SZ,20260914,6.68,6.69,6.69,6.66,31700.0,211843.0,6.68
002539.SZ,20260914,12.27,12.28,12.3,12.26,76700.0,941888.0,12.28
002540.SZ,20260914,5.16,5.12,5.17,5.12,125000.0,640172.0,5.12
002541.SZ,20260914,18.81,18.79,18.81,18.79,41400.0,778040.96,18.79
002542.SZ,20260914,1.78,1.77,1.78,1.77,265800.0,471145.0,1.77
002543.SZ,20260914,7.81,7.75,7.87,7.75,913800.0,7093591.04,7.76
002544.SZ,20260914,15.95,15.96,15.96,15.91,41300.0,658946.0,15.96
002545.SZ,20260914,16.66,16.65,16.75,16.65,109100.0,1816908.0,16.65
002546.SZ,20260914,7.51,7.52,7.52,7.5,35200.0,264390.0,7.51
002547.SZ,20260914,2.56,2.57,2.57,2.55,307100.0,788683.04,2.57
002548.SZ,20260914,4.31,4.32,4.32,4.28,287900.0,1242838.0,4.32
002549.SZ,20260914,13.0,13.02,13.03,13.0,55900.0,727800.0,13.02
002550.SZ,20260914,6.27,6.27,6.28,6.26,123300.0,773048.96,6.27
002551.SZ,20260914,3.27,3.27,3.28,3.27,59500.0,194584.0,3.27
002552.SZ,20260914,47.87,47.91,47.91,47.68,452000.0,21649367.04,47.9
002553.SZ,20260914,15.9,15.95,15.95,15.85,51300.0,817244.96,15.93
002554.SZ,20260914,2.9,2.89,2.91,2.88,578700.0,1673895.04,2.89
002555.SZ,20260914,17.61,17.61,17.62,17.6,132400.0,2331550.08,17.61
002556.SZ,20260914,5.36,5.34,5.36,5.34,343500.0,1837092.96,5.35
002557.SZ,20260914,18.1,18.16,18.16,18.06,54700.0,992488.96,18.14
002558.SZ,20260914,25.2,25.25,25.25,25.2,485500.0,12256403.2,25.25
002559.SZ,20260914,8.91,8.9,8.91,8.85,139100.0,1237600.96,8.9
002560.SZ,20260914,7.56,7.5,7.57,7.48,13857730.56,104199536.64,7.52
002561.SZ,20260914,7.29,7.37,7.38,7.29,460000.0,3385864.96,7.36
002562.SZ,20260914,4.81,4.81,4.86,4.81,171900.0,829714.0,4.83
002563.SZ,20260914,5.59,5.57,5.6,5.57,48300.0,269085.0,5.57
002564.SZ,20260914,5.19,5.18,5.2,5.18,606900.0,3144248.96,5.18
002565.SZ,20260914,8.49,8.45,8.49,8.45,331600.0,2803281.92,8.45
002566.SZ,20260914,6.94,6.96,6.99,6.94,38000.0,264412.0,6.96
002567.SZ,20260914,3.93,3.95,3.95,3.93,130600.0,515639.0,3.95
002568.SZ,20260914,17.14,17.13,17.17,17.13,40800.0,698999.04,17.13
002569.SZ,20260914,10.12,10.24,10.24,10.12,8600.0,87932.0,10.23
002570.SZ,20260914,4.4,4.38,4.41,4.38,134000.0,587182.0,4.38
002571.SZ,20260914,11.05,11.11,11.11,11.05,16300.0,181010.0,11.11
002572.SZ,20260914,7.49,7.49,7.5,7.49,38100.0,285372.0,7.49
002573.SZ,20260914,3.19,3.2,3.2,3.19,41700.0,133400.0,3.2
002574.SZ,20260914,5.06,5.06,5.07,5.06,37000.0,187230.0,5.06
002575.SZ,20260914,5.17,5.18,5.19,5.17,61200.0,316949.0,5.18
002576.SZ,20260914,14.25,14.25,14.25,14.24,15300.0,218014.0,14.25
002577.SZ,20260914,18.31,18.31,18.34,18.31,10200.0,186786.0,18.31
002578.SZ,20260914,3.92,3.92,3.97,3.91,47600.0,187901.0,3.95
002579.SZ,20260914,16.2,16.15,16.45,16.13,2639200.0,42659020.8,16.16
002580.SZ,20260914,18.19,18.2,18.28,18.12,734400.0,13363092.48,18.2
002581.SZ,20260914,5.37,5.34,5.37,5.34,10700.0,57152.0,5.34
002582.SZ,20260914,9.95,9.96,9.96,9.93,187200.0,1864116.96,9.96
002583.SZ,20260914,8.36,8.37,8.37,8.34,63300.0,529394.0,8.36
002584.SZ,20260914,7.78,7.78,7.79,7.78,63800.0,496376.0,7.78
002585.SZ,20260914,10.75,10.72,10.87,10.66,21105735.68,226688225.28,10.74
002586.SZ,20260914,3.88,3.85,3.88,3.85,80100.0,308818.0,3.86
002587.SZ,20260914,5.38,5.39,5.39,5.38,47600.0,256408.0,5.39
002588.SZ,20260914,7.79,7.8,7.8,7.78,98100.0,764904.96,7.8
002589.SZ,20260914,3.05,3.05,3.06,3.03,494100.0,1506507.04,3.05
002590.SZ,20260914,9.51,9.51,9.52,9.51,14500.0,137907.0,9.51
002591.SZ,20260914,6.44,6.44,6.46,6.44,179200.0,1154316.96,6.44
002592.SZ,20260914,6.49,6.49,6.49,6.49,49100.0,318659.0,6.49
002593.SZ,20260914,4.56,4.57,4.57,4.54,49200.0,224643.0,4.57
002594.SZ,20260914,83.96,84.01,84.01,83.9,219700.0,18455623.68,84.0
002595.SZ,20260914,40.06,39.98,40.08,39.97,37290.0,1491840.32,40.01
002596.SZ,20260914,3.41,3.42,3.42,3.38,159700.0,545112.0,3.41
002597.SZ,20260914,21.01,21.02,21.02,21.0,34500.0,725098.0,21.02
002598.SZ,20260914,6.9,6.9,6.9,6.9,19000.0,131100.0,6.9
002599.SZ,20260914,5.56,5.57,5.58,5.56,15900.0,88641.0,5.58
002600.SZ,20260914,13.11,13.12,13.12,13.01,2609800.0,34208719.36,13.11
002601.SZ,20260914,14.98,15.0,15.04,14.93,260400.0,3906721.28,15.0
002602.SZ,20260914,15.54,15.55,15.56,15.52,978700.0,15216014.08,15.55
002603.SZ,20260914,15.17,15.19,15.19,15.16,38500.0,584454.0,15.18
002605.SZ,20260914,16.54,16.55,16.57,16.5,29700.0,491283.0,16.54
002606.SZ,20260914,12.34,12.34,12.34,12.32,50900.0,627923.0,12.34
002607.SZ,20260914,1.97,1.96,1.98,1.96,5053500.16,9913189.12,1.96
002608.SZ,20260914,7.48,7.48,7.49,7.45,148800.0,1112735.04,7.48
002609.SZ,20260914,7.59,7.55,7.6,7.55,8100.0,61204.0,7.56
002611.SZ,20260914,13.88,13.89,13.89,13.86,79100.0,1098407.04,13.89
002612.SZ,20260914,15.94,15.9,15.94,15.9,18700.0,297508.0,15.91
002613.SZ,20260914,3.58,3.59,3.6,3.57,1166200.0,4186637.12,3.59
002614.SZ,20260914,5.5,5.5,5.51,5.46,17200.0,94618.0,5.5
002615.SZ,20260914,6.24,6.22,6.24,6.18,15700.0,97495.0,6.21
002616.SZ,20260914,4.88,4.89,4.89,4.88,49800.0,243442.0,4.89
002617.SZ,20260914,6.58,6.6,6.62,6.56,3293800.0,21739543.04,6.6
002620.SZ,20260914,5.7,5.71,5.71,5.7,15300.0,87312.0,5.71
002622.SZ,20260914,2.56,2.55,2.56,2.55,37100.0,94637.0,2.55
002623.SZ,20260914,16.04,16.04,16.04,15.99,21800.0,349495.0,16.03
002624.SZ,20260914,10.34,10.32,10.34,10.31,216400.0,2233822.08,10.32
002625.SZ,20260914,26.88,26.9,26.9,26.8,53900.0,1449495.52,26.89
002626.SZ,20260914,15.95,15.94,15.95,15.94,20300.0,323583.0,15.94
002627.SZ,20260914,6.8,6.85,6.85,6.8,61200.0,418129.0,6.83
002628.SZ,20260914,5.05,5.06,5.07,5.03,249400.0,1261562.0,5.06
002629.SZ,20260914,4.45,4.46,4.49,4.42,226300.0,1009291.04,4.46
002630.SZ,20260914,1.67,1.68,1.68,1.67,291100.0,487693.0,1.68
002631.SZ,20260914,9.24,9.3,9.3,9.2,615600.0,5721185.28,9.29
002632.SZ,20260914,9.4,9.42,9.47,9.38,586900.0,5533363.2,9.43
002633.SZ,20260914,14.03,14.03,14.13,14.03,12200.0,171210.0,14.03
002634.SZ,20260914,4.27,4.26,4.27,4.26,30000.0,127858.0,4.26
002635.SZ,20260914,14.36,14.35,14.36,14.22,70000.0,1003423.04,14.34
002636.SZ,20260914,78.82,78.51,79.49,78.51,2567700.0,201963315.2,78.66
002637.SZ,20260914,11.87,11.83,11.92,11.83,215900.0,2554824.96,11.83
002638.SZ,20260914,4.08,4.11,4.11,4.08,46400.0,190178.0,4.1
002639.SZ,20260914,13.16,13.18,13.25,13.16,615700.0,8116202.88,13.18
002640.SZ,20260914,3.38,3.37,3.4,3.36,1563800.0,5274165.12,3.37
002641.SZ,20260914,3.88,3.89,3.89,3.88,58600.0,227829.0,3.89
002642.SZ,20260914,7.07,7.08,7.1,7.07,49600.0,351178.0,7.08
002643.SZ,20260914,12.68,12.7,12.7,12.65,127700.0,1621464.96,12.7
002644.SZ,20260914,8.37,8.39,8.4,8.33,65800.0,551885.0,8.39
002645.SZ,20260914,17.31,17.37,17.37,17.16,90100.0,1563025.92,17.35
002646.SZ,20260914,6.85,6.85,6.87,6.85,58400.0,400214.0,6.85
002647.SZ,20260914,10.99,10.99,11.0,10.95,241900.0,2656095.04,10.98
002648.SZ,20260914,27.28,27.22,27.32,27.22,229200.0,6242812.16,27.24
002649.SZ,20260914,9.16,9.13,9.16,9.13,24400.0,222786.0,9.13
002650.SZ,20260914,6.07,6.07,6.07,6.07,7700.0,46739.0,6.07
002651.SZ,20260914,9.07,9.04,9.08,9.04,803158.0,7265541.76,9.05
002652.SZ,20260914,4.73,4.71,4.75,4.71,345260.0,1628325.76,4.72
002653.SZ,20260914,62.21,62.2,62.57,62.02,7700.0,479062.0,62.22
002654.SZ,20260914,13.18,13.2,13.29,13.16,400800.0,5292216.96,13.2
002655.SZ,20260914,33.3,33.67,33.7,33.3,283900.0,9546449.28,33.63
002656.SZ,20260914,2.84,2.84,2.84,2.84,117600.0,333984.0,2.84
002657.SZ,20260914,15.27,15.32,15.42,15.25,33900.0,519209.0,15.32
002658.SZ,20260914,7.56,7.55,7.56,7.55,32900.0,248415.0,7.55
002659.SZ,20260914,4.55,4.56,4.56,4.55,38200.0,174120.0,4.56
002660.SZ,20260914,7.69,7.72,7.72,7.69,35500.0,273819.0,7.71
002661.SZ,20260914,8.24,8.29,8.29,8.21,1963200.0,16248966.4,8.28
002662.SZ,20260914,3.19,3.19,3.19,3.18,97900.0,312293.0,3.19
002663.SZ,20260914,1.73,1.73,1.73,1.72,42800.0,74039.0,1.73
002664.SZ,20260914,14.44,14.44,14.44,14.4,4700.0,67832.0,14.43
002666.SZ,20260914,4.11,4.11,4.12,4.09,58800.0,241404.0,4.11
002667.SZ,20260914,18.14,18.11,18.15,18.11,144300.0,2613497.92,18.11
002668.SZ,20260914,8.95,8.94,8.96,8.94,42900.0,383588.0,8.94
002669.SZ,20260914,12.48,12.43,12.49,12.43,116700.0,1450918.08,12.43
002670.SZ,20260914,11.68,11.67,11.7,11.67,254300.0,2968210.88,11.67
002671.SZ,20260914,4.02,4.04,4.04,4.01,62200.0,251061.0,4.04
002672.SZ,20260914,3.71,3.72,3.72,3.71,4200.0,15617.0,3.72
002673.SZ,20260914,6.68,6.68,6.68,6.67,87700.0,585734.0,6.68
002674.SZ,20260914,18.97,19.0,19.01,18.69,129000.0,2447430.08,18.97
002675.SZ,20260914,12.52,12.5,12.56,12.45,25500.0,319132.0,12.52
002676.SZ,20260914,5.16,5.16,5.16,5.15,42000.0,216680.0,5.16
002677.SZ,20260914,6.33,6.31,6.33,6.31,10700.0,67547.0,6.31
002678.SZ,20260914,4.44,4.45,4.45,4.44,22500.0,100092.0,4.45
002679.SZ,20260914,10.76,10.8,10.8,10.72,156600.0,1690944.96,10.8
002681.SZ,20260914,4.53,4.55,4.55,4.53,168900.0,767344.0,4.54
002682.SZ,20260914,5.1,5.11,5.11,5.1,69400.0,354540.0,5.11
002683.SZ,20260914,28.8,28.86,28.99,28.78,38100.0,1098675.04,28.84
002685.SZ,20260914,5.23,5.24,5.24,5.2,103900.0,543676.0,5.23
002686.SZ,20260914,6.23,6.24,6.24,6.2,49600.0,309152.0,6.23
002687.SZ,20260914,6.23,6.24,6.24,6.23,43600.0,271948.0,6.24
002688.SZ,20260914,5.24,5.24,5.24,5.24,35200.0,184448.0,5.24
002689.SZ,20260914,2.87,2.88,2.88,2.87,74500.0,214212.0,2.88
002690.SZ,20260914,15.53,15.56,15.6,15.51,9900.0,153840.0,15.54
002691.SZ,20260914,4.4,4.41,4.41,4.4,4900.0,21575.0,4.4
002692.SZ,20260914,4.47,4.47,4.48,4.45,165200.0,738552.0,4.47
002693.SZ,20260914,8.45,8.42,8.48,8.42,64600.0,544192.0,8.42
002694.SZ,20260914,2.52,2.51,2.52,2.51,26200.0,65945.0,2.52
002695.SZ,20260914,10.4,10.5,10.5,10.4,7000.0,73390.0,10.48
002696.SZ,20260914,6.83,6.78,6.83,6.78,393800.0,2672964.96,6.79
002697.SZ,20260914,4.65,4.64,4.65,4.64,311729.0,1446914.88,4.64
002698.SZ,20260914,11.22,11.21,11.24,11.21,75600.0,847766.0,11.21
002700.SZ,20260914,6.49,6.5,6.5,6.46,69700.0,452651.0,6.49
002701.SZ,20260914,4.45,4.46,4.46,4.44,18900.0,84132.0,4.45
002702.SZ,20260914,5.2,5.18,5.24,5.18,2139100.0,11091814.4,5.19
002703.SZ,20260914,15.9,15.88,15.93,15.88,451600.0,7173845.12,15.89
002705.SZ,20260914,11.09,11.1,11.1,11.02,14600.0,161908.0,11.09
002706.SZ,20260914,8.9,8.93,8.93,8.9,170300.0,1519140.96,8.92
002707.SZ,20260914,5.49,5.5,5.51,5.47,279400.0,1536464.96,5.5
002708.SZ,20260914,16.6,16.71,16.72,16.54,215600.0,3598446.08,16.69
002709.SZ,20260914,32.0,32.0,32.05,31.95,262500.0,8401838.72,32.01
002712.SZ,20260914,5.06,5.1,5.12,5.06,506700.0,2583383.04,5.1
002713.SZ,20260914,9.55,9.55,9.55,9.52,88500.0,844963.04,9.55
002714.SZ,20260914,42.33,42.2,42.48,42.2,746320.0,31515427.84,42.23
002715.SZ,20260914,13.3,13.3,13.3,13.28,43500.0,578548.0,13.3
002716.SZ,20260914,9.78,9.8,9.85,9.74,2480500.0,24290053.12,9.79
002717.SZ,20260914,0.92,0.92,0.92,0.91,454200.0,417860.0,0.92
002718.SZ,20260914,82.18,82.18,82.19,82.18,4000.0,328724.0,82.18
002719.SZ,20260914,6.61,6.61,6.61,6.61,18300.0,120963.0,6.61
002721.SZ,20260914,2.73,2.73,2.75,2.73,1395700.0,3811985.92,2.73
002722.SZ,20260914,12.86,12.89,12.89,12.86,7600.0,97912.0,12.88
002723.SZ,20260914,7.91,7.96,7.96,7.91,12500.0,99424.0,7.95
002724.SZ,20260914,6.84,6.86,6.86,6.75,85800.0,586573.0,6.84
002725.SZ,20260914,11.29,11.31,11.33,11.14,34300.0,387086.0,11.29
002726.SZ,20260914,2.57,2.56,2.58,2.56,896000.0,2295668.0,2.56
002727.SZ,20260914,10.89,10.89,10.89,10.89,17400.0,189486.0,10.89
002728.SZ,20260914,9.13,9.15,9.15,9.11,186600.0,1705382.08,9.14
002729.SZ,20260914,13.51,13.5,13.51,13.5,23400.0,315920.0,13.5
002730.SZ,20260914,22.51,22.75,22.76,22.51,16900.0,384308.0,22.74
002731.SZ,20260914,0.77,0.77,0.77,0.77,0.0,0.0,0.77
002732.SZ,20260914,13.94,13.95,13.95,13.94,5900.0,82288.0,13.95
002733.SZ,20260914,17.45,17.4,17.5,17.4,13000.0,226375.0,17.41
002734.SZ,20260914,16.17,16.19,16.22,16.13,245800.0,3979564.16,16.19
002735.SZ,20260914,13.0,13.0,13.1,13.0,1029600.0,13393149.44,13.01
002736.SZ,20260914,9.98,9.96,9.99,9.93,251600.0,2504072.0,9.95
002737.SZ,20260914,11.4,11.39,11.41,11.37,12800.0,145784.0,11.39
002738.SZ,20260914,43.52,43.61,43.62,43.51,199500.0,8698094.72,43.6
002739.SZ,20260914,8.67,8.68,8.7,8.66,620400.0,5384529.28,8.68
002741.SZ,20260914,23.5,23.6,23.6,23.38,197200.0,4647149.12,23.57
002742.SZ,20260914,4.24,4.29,4.3,4.22,269600.0,1152606.0,4.28
002743.SZ,20260914,5.04,5.0,5.08,5.0,665600.0,3334120.0,5.01
002745.SZ,20260914,10.98,10.99,11.01,10.96,343300.0,3772258.88,10.99
002746.SZ,20260914,6.48,6.49,6.49,6.47,107800.0,699538.0,6.49
002747.SZ,20260914,28.64,28.63,28.68,28.62,179700.0,5145363.84,28.63
002748.SZ,20260914,12.01,12.01,12.01,12.01,3800.0,45638.0,12.01
002749.SZ,20260914,8.61,8.63,8.64,8.61,17100.0,147590.0,8.63
002752.SZ,20260914,6.34,6.36,6.37,6.32,140200.0,890634.0,6.35
002753.SZ,20260914,6.71,6.77,6.77,6.71,259600.0,1756095.04,6.77
002755.SZ,20260914,11.12,11.17,11.17,11.1,59400.0,662268.0,11.15
002756.SZ,20260914,40.69,40.67,40.7,40.66,26800.0,1090140.0,40.68
002757.SZ,20260914,17.06,17.0,17.1,17.0,156800.0,2669264.0,17.02
002758.SZ,20260914,8.78,8.77,8.8,8.77,40700.0,356989.0,8.77
002759.SZ,20260914,14.84,14.83,14.87,14.83,148100.0,2196840.0,14.83
002760.SZ,20260914,17.02,17.24,17.24,17.02,43000.0,741000.0,17.23
002761.SZ,20260914,7.26,7.26,7.26,7.26,36100.0,262086.0,7.26
002762.SZ,20260914,9.63,9.65,9.7,9.55,99200.0,956968.96,9.65
002763.SZ,20260914,7.25,7.25,7.27,7.25,10900.0,79064.0,7.25
002765.SZ,20260914,7.0,7.0,7.0,6.98,93400.0,653783.0,7.0
002766.SZ,20260914,4.07,4.06,4.07,4.05,72700.0,295255.0,4.06
002767.SZ,20260914,17.34,17.34,17.34,17.34,14800.0,256632.0,17.34
002768.SZ,20260914,60.83,60.94,60.95,60.51,52400.0,3192729.6,60.93
002769.SZ,20260914,6.64,6.64,6.64,6.64,335200.0,2225728.0,6.64
002771.SZ,20260914,13.85,13.8,13.85,13.8,21700.0,299576.0,13.81
002772.SZ,20260914,11.4,11.4,11.47,11.39,308800.0,3520872.0,11.4
002773.SZ,20260914,19.0,19.0,19.01,18.98,21600.0,410298.0,19.0
002774.SZ,20260914,14.8,14.8,14.81,14.79,18100.0,267867.0,14.8
002775.SZ,20260914,3.41,3.41,3.42,3.4,92100.0,314267.0,3.41
002777.SZ,20260914,12.5,12.52,12.54,12.5,28000.0,350408.0,12.52
002778.SZ,20260914,15.81,15.82,15.82,15.81,8500.0,134456.0,15.82
002779.SZ,20260914,78.0,79.3,79.3,78.0,9500.0,750494.0,79.0
002780.SZ,20260914,13.03,13.03,13.09,13.03,53100.0,692180.96,13.04
002782.SZ,20260914,14.73,14.8,14.8,14.71,23500.0,347007.0,14.77
002783.SZ,20260914,7.89,7.89,7.89,7.77,43400.0,341547.0,7.87
002785.SZ,20260914,36.35,36.05,36.35,35.86,24500.0,883360.96,36.06
002786.SZ,20260914,7.48,7.5,7.5,7.48,33800.0,253332.0,7.5
002787.SZ,20260914,23.01,23.15,23.15,23.0,110300.0,2548641.92,23.11
002788.SZ,20260914,10.63,10.64,10.64,10.62,96600.0,1027436.0,10.64
002789.SZ,20260914,13.46,13.48,13.48,13.4,22500.0,303278.0,13.48
002790.SZ,20260914,10.24,10.24,10.24,10.24,5237009.92,53626982.4,10.24
002791.SZ,20260914,14.25,14.25,14.25,14.24,22400.0,319173.0,14.25
002792.SZ,20260914,29.4,29.48,29.5,29.33,332200.0,9783322.88,29.45
002793.SZ,20260914,4.46,4.48,4.48,4.46,79200.0,354649.0,4.48
002795.SZ,20260914,7.14,7.15,7.16,7.14,134900.0,964506.0,7.15
002796.SZ,20260914,27.76,27.77,27.77,27.65,8900.0,247071.0,27.76
002797.SZ,20260914,6.26,6.26,6.26,6.25,334500.0,2093491.04,6.26
002798.SZ,20260914,6.69,6.69,6.71,6.69,99300.0,664436.0,6.69
002799.SZ,20260914,6.73,6.7,6.73,6.7,13900.0,93350.0,6.72
002800.SZ,20260914,14.75,14.75,14.8,14.75,11700.0,172728.0,14.76
002801.SZ,20260914,26.41,26.4,26.41,26.4,7900.0,208585.0,26.4
002802.SZ,20260914,11.95,11.96,12.03,11.95,17300.0,207092.0,11.97
002803.SZ,20260914,20.31,20.35,20.35,20.3,60700.0,1234635.04,20.34
002805.SZ,20260914,16.05,16.04,16.1,16.0,47600.0,763684.96,16.04
002806.SZ,20260914,14.29,14.32,14.32,14.13,9500.0,135814.0,14.3
002807.SZ,20260914,4.22,4.22,4.23,4.21,281200.0,1186536.96,4.22
002809.SZ,20260914,8.43,8.41,8.44,8.4,30500.0,256806.0,8.42
002810.SZ,20260914,20.68,20.78,20.78,20.68,5700.0,118255.0,20.75
002811.SZ,20260914,13.85,13.85,13.85,13.85,53400.0,739590.0,13.85
002812.SZ,20260914,47.0,47.08,47.12,47.0,70000.0,3294373.12,47.06
002813.SZ,20260914,21.3,21.3,21.3,21.29,17400.0,370615.0,21.3
002815.SZ,20260914,19.63,19.65,19.9,19.4,3161900.16,62066237.44,19.63
002816.SZ,20260914,22.04,22.04,22.04,22.04,12800.0,282112.0,22.04
002817.SZ,20260914,6.58,6.61,6.61,6.53,43800.0,289389.0,6.61
002818.SZ,20260914,11.25,11.24,11.25,11.24,14700.0,165233.0,11.24
002819.SZ,20260914,22.38,22.35,22.48,22.26,144800.0,3236051.84,22.35
002820.SZ,20260914,9.8,9.8,9.8,9.77,58300.0,571268.0,9.8
002821.SZ,20260914,163.5,163.5,164.09,163.47,69000.0,11285445.12,163.56
002822.SZ,20260914,2.98,2.99,2.99,2.98,41700.0,124592.0,2.99
002823.SZ,20260914,12.47,12.46,12.49,12.45,16500.0,205606.0,12.46
002824.SZ,20260914,23.32,23.27,23.57,23.27,158800.0,3703644.16,23.32
002825.SZ,20260914,9.88,9.8,9.88,9.8,8100.0,79420.0,9.81
002826.SZ,20260914,17.15,17.15,17.15,17.14,12200.0,209228.0,17.15
002827.SZ,20260914,58.2,58.08,58.49,58.08,113400.0,6588931.2,58.1
002828.SZ,20260914,11.25,11.21,11.36,11.2,239200.0,2687233.92,11.23
002829.SZ,20260914,19.68,19.66,19.84,19.66,46700.0,918580.96,19.67
002830.SZ,20260914,14.56,14.61,14.61,14.52,29100.0,424811.0,14.6
002831.SZ,20260914,28.6,28.6,28.6,28.4,40800.0,1164024.96,28.53
002832.SZ,20260914,24.84,24.9,24.9,24.82,27200.0,676994.0,24.89
002833.SZ,20260914,17.6,17.72,17.72,17.6,3500.0,61951.0,17.7
002835.SZ,20260914,12.51,12.43,12.52,12.43,34800.0,433034.0,12.44
002836.SZ,20260914,9.94,10.03,10.03,9.94,9900.0,99070.0,10.01
002837.SZ,20260914,60.1,60.26,60.26,60.01,386800.0,23300477.44,60.24
002838.SZ,20260914,24.13,24.15,24.18,24.1,26200.0,632632.0,24.15
002839.SZ,20260914,4.4,4.4,4.41,4.4,146100.0,642886.0,4.4
002840.SZ,20260914,8.4,8.4,8.5,8.4,195300.0,1643016.0,8.41
002841.SZ,20260914,44.86,44.8,44.9,44.8,63500.0,2845592.96,44.81
002842.SZ,20260914,32.61,32.61,32.7,32.58,139900.0,4567120.0,32.65
002843.SZ,20260914,15.38,15.42,15.46,15.35,35800.0,551544.0,15.41
002845.SZ,20260914,13.39,13.42,13.42,13.29,66800.0,895234.0,13.4
002846.SZ,20260914,10.34,10.41,10.41,10.34,28000.0,291403.0,10.41
002847.SZ,20260914,43.8,43.79,43.83,43.45,31500.0,1377012.0,43.72
002848.SZ,20260914,15.7,15.39,15.7,15.39,3686707.84,56910433.28,15.44
002849.SZ,20260914,17.0,17.1,17.1,16.97,16900.0,288654.0,17.08
002850.SZ,20260914,169.5,169.01,169.5,169.0,19200.0,3246908.16,169.11
002851.SZ,20260914,122.5,122.82,123.0,122.0,502800.0,61706562.56,122.73
002852.SZ,20260914,8.67,8.6,8.68,8.6,100900.0,868960.96,8.61
002853.SZ,20260914,21.4,21.49,21.49,21.4,6800.0,146059.0,21.48
002855.SZ,20260914,12.77,12.8,12.88,12.65,828100.0,10592389.76,12.79
002856.SZ,20260914,25.0,25.25,25.25,25.0,189500.0,4778680.0,25.22
002857.SZ,20260914,17.44,17.5,17.5,17.43,4900.0,85633.0,17.48
002858.SZ,20260914,11.56,11.64,11.69,11.56,76300.0,887788.0,11.64
002859.SZ,20260914,61.9,61.58,62.2,61.45,217200.0,13392026.88,61.66
002860.SZ,20260914,15.73,15.77,15.83,15.55,148900.0,2348232.0,15.77
002861.SZ,20260914,14.43,14.43,14.45,14.4,19700.0,284225.0,14.43
002862.SZ,20260914,15.93,15.98,15.98,15.93,50800.0,811352.96,15.97
002863.SZ,20260914,4.76,4.74,4.76,4.74,41800.0,198229.0,4.74
002864.SZ,20260914,20.35,20.55,20.55,20.35,10300.0,211390.0,20.52
002865.SZ,20260914,36.85,36.7,36.91,36.7,55000.0,2020060.96,36.73
002866.SZ,20260914,13.93,13.85,13.93,13.85,25800.0,357362.0,13.85
002867.SZ,20260914,10.44,10.45,10.45,10.44,42000.0,438755.0,10.45
002868.SZ,20260914,23.34,23.3,23.37,23.3,45000.0,1048940.96,23.31
002869.SZ,20260914,15.55,15.3,15.55,15.3,12300.0,189333.0,15.39
002870.SZ,20260914,53.0,53.0,53.0,53.0,0.0,0.0,53.0
002871.SZ,20260914,17.63,17.64,17.68,17.59,13800.0,243481.0,17.64
002872.SZ,20260914,5.76,5.76,5.76,5.76,25700.0,148032.0,5.76
002873.SZ,20260914,8.15,8.15,8.15,8.15,22700.0,185005.0,8.15
002875.SZ,20260914,13.3,13.32,13.33,13.27,52600.0,700508.0,13.32
002876.SZ,20260914,28.86,28.99,29.08,28.86,209500.0,6079416.96,29.02
002877.SZ,20260914,7.4,7.4,7.4,7.4,5400.0,39960.0,7.4
002878.SZ,20260914,12.6,12.55,12.6,12.55,12200.0,153135.0,12.55
002879.SZ,20260914,16.47,16.47,16.62,16.47,23400.0,385968.0,16.49
002880.SZ,20260914,20.4,20.48,20.48,20.4,6900.0,141062.0,20.44
002881.SZ,20260914,40.5,40.63,40.63,40.41,57200.0,2323128.96,40.61
002882.SZ,20260914,21.68,21.71,21.73,21.66,20400.0,442797.0,21.71
002883.SZ,20260914,9.0,9.0,9.0,9.0,2500.0,22500.0,9.0
002884.SZ,20260914,15.66,15.65,15.66,15.65,19500.0,305186.0,15.65
002885.SZ,20260914,26.01,26.01,26.15,26.01,81100.0,2112399.04,26.05
002886.SZ,20260914,24.7,24.8,24.82,24.6,383800.0,9513287.04,24.79
002887.SZ,20260914,9.07,9.05,9.07,8.96,11000.0,99464.0,9.04
002888.SZ,20260914,19.27,19.36,19.36,19.26,20000.0,387056.0,19.35
002889.SZ,20260914,11.6,11.63,11.8,11.6,5900.0,68802.0,11.66
002890.SZ,20260914,14.41,14.41,14.41,14.4,18700.0,269462.0,14.41
002891.SZ,20260914,26.8,26.8,26.91,26.75,71400.0,1914324.96,26.81
002892.SZ,20260914,8.7,8.7,8.7,8.65,11800.0,102601.0,8.7
002893.SZ,20260914,10.84,10.76,10.89,10.76,511900.0,5514700.16,10.77
002895.SZ,20260914,31.9,31.88,31.9,31.79,19500.0,621598.0,31.88
002896.SZ,20260914,61.1,61.2,61.25,61.1,38700.0,2368240.96,61.2
002897.SZ,20260914,64.07,63.99,64.25,63.91,182700.0,11694254.08,64.01
002899.SZ,20260914,19.89,19.85,19.89,19.71,7400.0,146203.0,19.76
002900.SZ,20260914,11.61,11.64,11.66,11.61,57700.0,671532.0,11.64
002901.SZ,20260914,38.92,39.0,39.0,38.81,9800.0,381387.0,38.92
002902.SZ,20260914,30.0,29.91,30.0,29.77,2050600.0,61366722.56,29.93
002903.SZ,20260914,25.8,26.01,26.11,25.8,33200.0,863383.04,26.01
002905.SZ,20260914,8.45,8.46,8.5,8.43,28000.0,236790.0,8.46
002906.SZ,20260914,26.36,26.22,26.39,26.16,48700.0,1277894.0,26.24
002907.SZ,20260914,13.0,13.05,13.05,12.91,39400.0,513200.0,13.03
002908.SZ,20260914,6.99,7.0,7.0,6.99,12600.0,88194.0,7.0
002909.SZ,20260914,6.83,6.78,6.89,6.76,5403299.84,36660487.68,6.79
002910.SZ,20260914,9.99,9.99,10.02,9.85,66400.0,663759.0,10.0
002911.SZ,20260914,11.51,11.52,11.52,11.51,40700.0,468640.0,11.51
002912.SZ,20260914,25.86,25.86,25.86,25.86,994408.0,25715389.44,25.86
002913.SZ,20260914,71.0,71.77,71.77,70.49,182000.0,13039449.6,71.64
002915.SZ,20260914,17.0,16.92,17.06,16.92,133000.0,2257356.0,16.97
002916.SZ,20260914,387.38,388.21,388.75,386.66,76500.0,29690201.6,388.11
002917.SZ,20260914,10.09,10.09,10.1,10.09,10000.0,100985.0,10.1
002918.SZ,20260914,10.79,10.8,10.82,10.7,249200.0,2690668.16,10.8
002919.SZ,20260914,16.79,16.79,16.79,16.79,8500.0,142715.0,16.79
002920.SZ,20260914,83.15,83.47,83.54,83.15,28000.0,2334758.56,83.38
002921.SZ,20260914,20.2,20.4,20.4,20.2,11800.0,240030.0,20.34
002922.SZ,20260914,22.9,22.96,22.99,22.89,149500.0,3431954.88,22.96
002923.SZ,20260914,10.67,10.68,10.68,10.64,24300.0,259363.0,10.67
002925.SZ,20260914,23.28,23.3,23.3,23.2,138200.0,3217903.04,23.28
002926.SZ,20260914,8.24,8.25,8.25,8.23,50100.0,413030.0,8.24
002927.SZ,20260914,17.43,17.5,17.5,17.24,39400.0,689255.04,17.49
002928.SZ,20260914,6.16,6.19,6.19,6.16,816000.0,5048275.84,6.19
002929.SZ,20260914,49.0,49.01,50.03,48.85,673400.0,33030213.12,49.05
002930.SZ,20260914,9.07,9.03,9.12,9.03,6600.0,59690.0,9.04
002931.SZ,20260914,40.7,40.83,40.83,40.52,37700.0,1538496.96,40.81
002932.SZ,20260914,15.19,15.19,15.19,15.19,633.0,9615.27,15.19
002933.SZ,20260914,27.1,27.22,27.23,27.1,10200.0,277620.0,27.22
002935.SZ,20260914,15.51,15.59,15.61,15.51,26600.0,414283.0,15.58
002936.SZ,20260914,1.77,1.76,1.77,1.76,4652800.0,8189996.8,1.76
002937.SZ,20260914,26.88,27.24,27.24,26.88,34400.0,933224.0,27.13
002938.SZ,20260914,90.64,90.1,91.0,90.06,124500.0,11221644.8,90.13
002939.SZ,20260914,7.85,7.85,7.85,7.84,161200.0,1265276.0,7.85
002940.SZ,20260914,22.95,22.96,22.97,22.93,62600.0,1436892.0,22.95
002941.SZ,20260914,10.82,10.81,10.82,10.77,24600.0,265883.0,10.81
002942.SZ,20260914,16.78,16.7,16.91,16.7,112800.0,1887192.96,16.73
002943.SZ,20260914,28.75,28.98,29.05,28.7,50600.0,1465400.96,28.96
002945.SZ,20260914,13.63,13.63,13.68,13.61,190300.0,2594187.04,13.63
002946.SZ,20260914,14.56,14.6,14.6,14.48,25500.0,372059.0,14.59
002947.SZ,20260914,60.55,60.86,61.0,60.55,11400.0,693152.0,60.8
002948.SZ,20260914,6.23,6.23,6.25,6.22,483400.0,3013082.88,6.23
002949.SZ,20260914,11.9,11.9,11.96,11.89,67500.0,803410.0,11.9
002950.SZ,20260914,8.58,8.58,8.62,8.58,12400.0,106422.0,8.58
002951.SZ,20260914,15.54,15.54,15.57,15.54,29900.0,464663.0,15.54
002952.SZ,20260914,18.36,18.36,18.37,18.35,31000.0,569134.0,18.36
002953.SZ,20260914,10.69,10.61,10.72,10.61,162800.0,1728416.0,10.62
002955.SZ,20260914,33.5,33.51,33.63,33.34,63500.0,2127575.04,33.51
002956.SZ,20260914,15.3,15.36,15.36,15.3,17900.0,274843.0,15.35
002957.SZ,20260914,38.46,38.31,38.64,38.31,162500.0,6228771.84,38.33
002958.SZ,20260914,2.98,2.98,2.99,2.98,1677900.0,5002938.88,2.98
002959.SZ,20260914,31.53,31.55,31.55,31.52,2800.0,88332.0,31.55
002960.SZ,20260914,8.11,8.14,8.14,8.11,32700.0,265998.0,8.13
002961.SZ,20260914,19.38,19.43,19.43,19.3,69600.0,1351164.0,19.41
002962.SZ,20260914,12.76,12.76,12.76,12.74,41200.0,525689.0,12.76
002963.SZ,20260914,19.98,19.86,20.0,19.83,27800.0,552957.0,19.89
002965.SZ,20260914,27.37,27.44,27.44,27.0,41800.0,1145072.0,27.39
002966.SZ,20260914,9.26,9.25,9.26,9.24,95000.0,878992.0,9.25
002967.SZ,20260914,16.89,16.9,16.91,16.82,21800.0,368373.0,16.9
002968.SZ,20260914,9.33,9.31,9.33,9.31,28200.0,262643.0,9.31
002969.SZ,20260914,11.44,11.43,11.5,11.42,220400.0,2520604.96,11.44
002970.SZ,20260914,43.79,43.84,44.1,43.65,34000.0,1490425.92,43.84
002971.SZ,20260914,36.86,36.72,36.87,36.72,70200.0,2579364.0,36.74
002972.SZ,20260914,13.24,13.28,13.35,13.24,159400.0,2116558.08,13.28
002973.SZ,20260914,12.65,12.66,12.75,12.61,238300.0,3016649.92,12.66
002975.SZ,20260914,95.29,95.29,96.5,95.05,197600.0,18832771.84,95.31
002976.SZ,20260914,23.78,23.36,23.78,23.36,43950.0,1029623.04,23.43
002977.SZ,20260914,20.35,20.33,20.35,20.33,6300.0,128097.0,20.33
002978.SZ,20260914,24.82,24.89,24.89,24.82,12200.0,303603.0,24.89
002979.SZ,20260914,50.51,50.66,50.66,50.51,23800.0,1204600.0,50.61
002980.SZ,20260914,125.2,124.84,125.2,124.8,150400.0,18789419.52,124.93
002981.SZ,20260914,23.9,23.9,23.9,23.88,3000.0,71690.0,23.9
002982.SZ,20260914,12.87,12.87,12.88,12.83,45500.0,585464.0,12.87
002983.SZ,20260914,20.82,20.85,20.85,20.82,9000.0,187647.0,20.85
002984.SZ,20260914,13.38,13.32,13.38,13.31,36400.0,484945.0,13.32
002985.SZ,20260914,28.61,28.72,28.73,28.5,15000.0,430519.0,28.7
002986.SZ,20260914,13.07,13.0,13.07,13.0,13800.0,179541.0,13.01
002987.SZ,20260914,11.0,10.98,11.11,10.96,128580.0,1412385.28,10.98
002988.SZ,20260914,30.54,30.53,30.61,30.0,58100.0,1774508.96,30.54
002989.SZ,20260914,22.21,22.66,22.73,22.21,37800.0,854375.04,22.6
002990.SZ,20260914,46.4,46.44,46.65,46.4,52500.0,2439697.92,46.47
002991.SZ,20260914,37.6,37.58,37.8,37.58,5100.0,192022.0,37.65
002992.SZ,20260914,32.88,32.87,32.88,32.87,3600.0,118340.0,32.87
002993.SZ,20260914,35.22,35.5,35.5,35.2,13300.0,471560.0,35.46
002995.SZ,20260914,17.15,17.17,17.17,17.1,14300.0,245476.0,17.17
002996.SZ,20260914,5.98,6.0,6.0,5.98,49100.0,294494.0,6.0
002997.SZ,20260914,28.6,28.76,28.76,28.6,88000.0,2528175.04,28.73
002998.SZ,20260914,7.8,7.8,7.83,7.76,1054800.0,8224042.88,7.8
002999.SZ,20260914,6.61,6.62,6.65,6.6,638800.0,4228621.12,6.62
003000.SZ,20260914,9.59,9.59,9.59,9.56,67400.0,646148.0,9.59
003001.SZ,20260914,15.55,15.56,15.56,15.55,4100.0,63785.0,15.56
003002.SZ,20260914,20.1,20.2,20.24,20.05,250800.0,5061340.16,20.18
003003.SZ,20260914,10.71,10.71,10.74,10.7,76400.0,818259.04,10.71
003004.SZ,20260914,72.6,74.5,74.5,72.5,71900.0,5342758.08,74.31
003005.SZ,20260914,14.63,14.67,14.72,14.63,298300.0,4378509.12,14.68
003006.SZ,20260914,18.02,18.03,18.06,17.92,721100.0,12996264.96,18.02
003007.SZ,20260914,39.97,40.02,40.02,39.58,14500.0,579696.0,39.98
003008.SZ,20260914,19.06,19.05,19.06,19.05,12100.0,230506.0,19.05
003009.SZ,20260914,48.92,49.02,49.04,48.92,28600.0,1401604.96,49.01
003010.SZ,20260914,28.9,28.97,28.98,28.9,33800.0,978643.04,28.95
003011.SZ,20260914,19.41,19.41,19.41,19.41,4000.0,77640.0,19.41
003012.SZ,20260914,4.56,4.59,4.59,4.56,50800.0,233137.0,4.59
003013.SZ,20260914,18.8,18.71,18.88,18.71,265668.0,4976014.4,18.73
003015.SZ,20260914,11.82,11.86,11.86,11.68,16200.0,191635.0,11.83
003016.SZ,20260914,7.18,7.19,7.19,7.16,68600.0,493211.0,7.19
003017.SZ,20260914,21.79,21.79,21.79,21.79,8360.0,182164.4,21.79
003018.SZ,20260914,47.97,47.97,48.0,47.8,118500.0,5681893.76,47.95
003019.SZ,20260914,27.11,26.72,27.11,26.72,8600.0,230421.0,26.79
003020.SZ,20260914,16.47,16.48,16.48,16.45,4400.0,72506.0,16.48
003021.SZ,20260914,67.01,67.4,67.5,67.01,19000.0,1279880.0,67.36
003022.SZ,20260914,18.79,18.85,18.86,18.79,22300.0,420073.0,18.84
003023.SZ,20260914,25.19,25.19,25.19,25.19,2100.0,52899.0,25.19
003025.SZ,20260914,11.58,11.56,11.58,11.56,17100.0,197702.0,11.56
003026.SZ,20260914,26.75,26.9,26.9,26.75,18600.0,499816.0,26.87
003027.SZ,20260914,16.07,16.18,16.29,16.07,23900.0,386549.0,16.17
003028.SZ,20260914,22.72,22.65,22.72,22.5,17100.0,387233.0,22.65
003029.SZ,20260914,18.54,18.27,18.6,18.27,449200.0,8248561.92,18.36
003030.SZ,20260914,24.68,24.68,24.7,24.6,35800.0,883408.0,24.68
003031.SZ,20260914,115.75,115.26,116.0,115.1,102800.0,11859156.48,115.36
003032.SZ,20260914,8.82,8.9,8.96,8.82,430100.0,3825834.88,8.9
003033.SZ,20260914,72.82,72.82,72.82,72.79,5400.0,393221.0,72.82
003035.SZ,20260914,6.05,6.0,6.05,6.0,2340035.04,14060446.72,6.01
003036.SZ,20260914,50.55,50.57,50.95,50.4,44900.0,2269880.96,50.55
003037.SZ,20260914,5.79,5.79,5.81,5.79,70700.0,409780.0,5.8
003038.SZ,20260914,10.5,10.5,10.5,10.5,17000.0,178500.0,10.5
003039.SZ,20260914,13.88,13.88,13.91,13.83,290700.0,4034014.08,13.88
003040.SZ,20260914,17.01,17.0,17.15,16.95,1328500.0,22582323.2,17.0
003041.SZ,20260914,37.58,37.21,37.58,37.21,10000.0,372462.0,37.25
003042.SZ,20260914,14.29,14.38,14.38,14.29,58100.0,834684.96,14.37
003043.SZ,20260914,60.27,60.57,60.57,59.68,26600.0,1608502.08,60.47
003816.SZ,20260914,4.32,4.32,4.32,4.31,555500.0,2399716.96,4.32
300001.SZ,20260914,32.6,32.62,32.63,32.56,33600.0,1095863.04,32.62
300002.SZ,20260914,8.13,8.11,8.16,8.1,353100.0,2869444.8,8.13
300003.SZ,20260914,11.16,11.18,11.18,11.16,33200.0,371035.0,11.18
300004.SZ,20260914,7.93,7.94,7.94,7.91,61700.0,489513.0,7.93
300005.SZ,20260914,10.26,10.26,10.28,10.23,320000.0,3283512.96,10.26
300006.SZ,20260914,5.1,5.1,5.11,5.07,282800.0,1440512.0,5.09
300007.SZ,20260914,30.05,30.03,30.37,29.99,691700.0,20800099.84,30.07
300008.SZ,20260914,6.61,6.64,6.64,6.58,881500.0,5841301.76,6.63
300009.SZ,20260914,7.97,7.98,7.98,7.95,69500.0,554361.0,7.98
300010.SZ,20260914,5.55,5.5,5.56,5.49,4052000.0,22313871.36,5.51
300011.SZ,20260914,5.89,5.88,5.9,5.88,3900.0,22949.0,5.88
300012.SZ,20260914,14.56,14.56,14.59,14.53,173292.0,2522204.48,14.56
300013.SZ,20260914,4.26,4.27,4.3,4.25,225600.0,965246.0,4.28
300014.SZ,20260914,48.3,48.36,48.45,48.25,234700.0,11348894.72,48.36
300015.SZ,20260914,8.06,8.06,8.06,8.03,258300.0,2079568.96,8.05
300016.SZ,20260914,7.95,7.97,7.97,7.95,73400.0,584621.0,7.97
300017.SZ,20260914,14.76,14.76,14.84,14.74,1639496.0,24221007.36,14.77
300018.SZ,20260914,11.25,11.2,11.25,11.2,8700.0,97456.0,11.2
300019.SZ,20260914,13.79,13.76,13.8,13.76,19205.0,264371.82,13.77
300020.SZ,20260914,4.2,4.22,4.22,4.2,140500.0,591823.0,4.21
300021.SZ,20260914,4.1,4.1,4.13,4.09,307664.0,1262527.76,4.1
300022.SZ,20260914,7.95,7.97,7.97,7.95,6400.0,50904.0,7.95
300024.SZ,20260914,13.1,13.14,13.14,13.07,212100.0,2783119.04,13.12
300025.SZ,20260914,5.81,5.82,5.83,5.79,186300.0,1084070.0,5.82
300026.SZ,20260914,3.2,3.19,3.2,3.18,140200.0,447171.0,3.19
300027.SZ,20260914,1.87,1.87,1.88,1.86,796100.0,1487528.0,1.87
300030.SZ,20260914,6.64,6.65,6.65,6.64,41500.0,275784.0,6.65
300031.SZ,20260914,19.98,19.97,20.0,19.96,48500.0,969126.0,19.98
300032.SZ,20260914,3.77,3.79,3.79,3.75,27200.0,102748.0,3.78
300033.SZ,20260914,205.1,205.04,206.88,205.01,122160.0,25061987.84,205.16
300034.SZ,20260914,16.25,16.21,16.3,16.2,119400.0,1937111.04,16.22
300035.SZ,20260914,12.16,12.2,12.25,12.1,92500.0,1126898.0,12.18
300036.SZ,20260914,10.15,10.11,10.16,10.09,40500.0,410124.0,10.13
300037.SZ,20260914,71.0,70.74,71.0,70.7,181700.0,12864057.6,70.8
300039.SZ,20260914,5.08,5.07,5.09,5.05,112600.0,571178.0,5.07
300040.SZ,20260914,6.06,6.08,6.15,6.06,978800.0,5957767.68,6.09
300041.SZ,20260914,10.33,10.33,10.38,10.28,89900.0,928750.0,10.33
300042.SZ,20260914,37.42,37.4,37.64,37.4,102400.0,3831856.96,37.42
300043.SZ,20260914,4.42,4.43,4.43,4.41,179700.0,794896.0,4.42
300044.SZ,20260914,5.87,5.85,5.88,5.85,151100.0,884803.04,5.86
300045.SZ,20260914,11.84,11.86,11.86,11.8,41900.0,496308.0,11.85
300046.SZ,20260914,23.29,23.28,23.35,23.01,38000.0,884208.96,23.27
300047.SZ,20260914,8.89,8.88,8.91,8.8,163000.0,1442595.04,8.85
300048.SZ,20260914,4.92,4.9,4.92,4.9,168800.0,827328.0,4.9
300049.SZ,20260914,44.8,44.8,44.86,44.5,50900.0,2278528.0,44.77
300050.SZ,20260914,7.31,7.31,7.35,7.29,234900.0,1717296.0,7.31
300051.SZ,20260914,8.62,8.61,8.67,8.6,196400.0,1692148.0,8.62
300052.SZ,20260914,10.6,10.83,10.83,10.6,320300.0,3462415.04,10.81
300053.SZ,20260914,11.81,11.86,11.86,11.8,31400.0,372127.0,11.85
300054.SZ,20260914,65.89,65.57,65.89,65.57,180000.0,11815188.48,65.64
300055.SZ,20260914,5.88,5.9,5.95,5.85,257100.0,1514404.96,5.89
300056.SZ,20260914,8.29,8.29,8.29,8.25,7500.0,61964.0,8.26
300057.SZ,20260914,6.33,6.35,6.4,6.31,541200.0,3440422.08,6.36
300058.SZ,20260914,12.88,12.9,12.93,12.81,2726200.0,35124884.48,12.88
300059.SZ,20260914,18.16,18.18,18.2,18.15,2511473.92,45662699.52,18.18
300061.SZ,20260914,7.14,7.05,7.14,7.02,1245700.0,8794248.96,7.06
300062.SZ,20260914,6.56,6.51,6.57,6.51,314700.0,2051372.0,6.52
300063.SZ,20260914,8.77,8.82,8.82,8.76,106000.0,933292.96,8.81
300065.SZ,20260914,15.87,15.88,15.92,15.78,492200.0,7813651.84,15.88
300066.SZ,20260914,4.7,4.71,4.72,4.7,103000.0,484761.0,4.71
300067.SZ,20260914,5.12,5.12,5.13,5.11,179700.0,919836.96,5.12
300068.SZ,20260914,4.55,4.57,4.58,4.55,1578700.0,7209331.2,4.57
300069.SZ,20260914,24.4,24.4,24.44,24.27,55300.0,1349307.04,24.4
300070.SZ,20260914,3.4,3.4,3.41,3.4,194100.0,660031.0,3.4
300071.SZ,20260914,4.27,4.28,4.28,4.25,1199300.0,5120911.04,4.27
300072.SZ,20260914,3.6,3.6,3.62,3.59,167400.0,603089.0,3.6
300073.SZ,20260914,36.5,36.5,36.58,36.5,40551.0,1480528.48,36.51
300074.SZ,20260914,3.69,3.68,3.69,3.68,176900.0,651498.0,3.68
300075.SZ,20260914,10.43,10.44,10.44,10.38,27300.0,284593.0,10.43
300076.SZ,20260914,4.38,4.34,4.38,4.34,18100.0,79062.0,4.37
300077.SZ,20260914,19.12,19.11,19.25,19.11,103900.0,1987319.04,19.13
300078.SZ,20260914,2.75,2.73,2.75,2.73,107999.0,295447.28,2.74
300079.SZ,20260914,4.95,4.93,4.97,4.93,193000.0,953204.96,4.94
300080.SZ,20260914,3.82,3.81,3.82,3.78,118500.0,451469.0,3.81
300081.SZ,20260914,3.48,3.48,3.49,3.48,46700.0,162546.0,3.48
300082.SZ,20260914,8.08,8.07,8.14,8.07,21300.0,172127.0,8.08
300083.SZ,20260914,11.8,11.84,11.84,11.76,154400.0,1824353.92,11.82
300084.SZ,20260914,10.37,10.37,10.37,10.31,16700.0,173029.0,10.36
300085.SZ,20260914,28.89,28.92,28.98,28.88,432200.0,12499356.16,28.92
300086.SZ,20260914,6.3,6.3,6.32,6.3,33700.0,212320.0,6.3
300087.SZ,20260914,5.91,5.91,5.92,5.9,248100.0,1465476.0,5.91
300088.SZ,20260914,6.82,6.82,6.83,6.8,848400.0,5785482.24,6.82
300091.SZ,20260914,2.42,2.42,2.42,2.42,74600.0,180532.0,2.42
300092.SZ,20260914,11.26,11.28,11.28,11.26,41600.0,469246.0,11.28
300093.SZ,20260914,20.95,20.97,20.97,20.63,40300.0,844774.0,20.96
300094.SZ,20260914,3.14,3.15,3.15,3.12,704800.0,2217204.0,3.15
300095.SZ,20260914,8.64,8.66,8.68,8.62,35500.0,307454.0,8.66
300096.SZ,20260914,8.77,8.78,8.78,8.76,27100.0,237907.0,8.78
300097.SZ,20260914,9.3,9.36,9.37,9.14,170900.0,1594083.04,9.33
300098.SZ,20260914,4.36,4.36,4.39,4.35,101900.0,444720.0,4.36
300099.SZ,20260914,6.52,6.57,6.57,6.51,359800.0,2358064.96,6.55
300100.SZ,20260914,19.58,19.63,19.78,19.58,17100.0,336014.0,19.65
300101.SZ,20260914,13.98,13.98,13.98,13.91,30700.0,428898.0,13.97
300102.SZ,20260914,16.91,16.98,16.98,16.9,53000.0,898938.0,16.96
300103.SZ,20260914,7.87,7.89,7.89,7.86,45800.0,361300.0,7.89
300105.SZ,20260914,7.24,7.26,7.27,7.23,71800.0,521003.0,7.26
300106.SZ,20260914,11.34,11.36,11.36,11.2,56400.0,640386.0,11.35
300107.SZ,20260914,6.63,6.63,6.66,6.63,27200.0,180409.0,6.63
300109.SZ,20260914,12.89,12.88,12.98,12.88,40800.0,525692.0,12.89
300110.SZ,20260914,2.74,2.74,2.74,2.74,155399.0,425793.24,2.74
300111.SZ,20260914,3.0,3.02,3.02,3.0,152200.0,459350.0,3.02
300112.SZ,20260914,8.87,8.94,8.94,8.8,755300.0,6741756.16,8.93
300113.SZ,20260914,16.08,16.06,16.08,16.04,62600.0,1005723.04,16.07
300115.SZ,20260914,22.71,22.75,22.87,22.66,157900.0,3589458.88,22.73
300118.SZ,20260914,9.02,9.01,9.04,9.0,118800.0,1070399.04,9.01
300119.SZ,20260914,17.18,17.23,17.23,17.18,13900.0,239048.0,17.2
300120.SZ,20260914,7.06,7.03,7.15,7.03,166600.0,1177128.0,7.07
300121.SZ,20260914,9.9,9.9,9.94,9.85,522000.0,5160862.08,9.89
300122.SZ,20260914,12.47,12.48,12.48,12.4,239500.0,2986246.08,12.47
300123.SZ,20260914,4.74,4.74,4.77,4.73,202200.0,958740.0,4.74
300124.SZ,20260914,53.13,53.09,53.31,53.06,149617.0,7944997.12,53.1
300125.SZ,20260914,9.34,9.33,9.34,9.31,87600.0,817532.0,9.33
300126.SZ,20260914,6.36,6.35,6.38,6.32,85300.0,542348.0,6.36
300127.SZ,20260914,23.53,23.53,23.58,23.53,23100.0,543559.0,23.53
300128.SZ,20260914,4.93,4.93,4.94,4.92,107200.0,528026.0,4.93
300129.SZ,20260914,7.51,7.51,7.52,7.49,251500.0,1888225.92,7.51
300130.SZ,20260914,18.13,18.13,18.15,18.1,38000.0,688671.04,18.12
300131.SZ,20260914,15.2,15.15,15.4,15.11,960600.0,14559449.6,15.16
300132.SZ,20260914,6.26,6.27,6.28,6.25,250500.0,1569926.08,6.27
300133.SZ,20260914,7.25,7.22,7.27,7.22,404000.0,2918464.0,7.22
300134.SZ,20260914,8.52,8.45,8.53,8.45,130300.0,1102031.04,8.46
300135.SZ,20260914,3.67,3.65,3.68,3.65,1604200.0,5864481.92,3.66
300136.SZ,20260914,56.56,56.65,56.7,56.41,268600.0,15206192.64,56.61
300137.SZ,20260914,10.16,10.16,10.18,9.99,131600.0,1330283.04,10.11
300138.SZ,20260914,11.42,11.47,11.47,11.42,13400.0,153663.0,11.47
300139.SZ,20260914,47.8,48.0,48.09,47.66,401200.0,19244220.16,47.97
300140.SZ,20260914,5.41,5.4,5.42,5.4,63700.0,344061.0,5.4
300141.SZ,20260914,10.06,10.03,10.11,10.03,19700.0,198326.0,10.07
300142.SZ,20260914,13.1,13.1,13.15,13.06,1080000.0,14150791.68,13.1
300143.SZ,20260914,7.29,7.3,7.3,7.28,31200.0,227601.0,7.3
300144.SZ,20260914,5.79,5.79,5.8,5.77,423400.0,2450207.04,5.79
300145.SZ,20260914,4.55,4.57,4.58,4.54,648100.0,2958179.84,4.56
300146.SZ,20260914,9.23,9.22,9.23,9.21,86700.0,799410.0,9.22
300147.SZ,20260914,6.28,6.31,6.31,6.26,231500.0,1459143.04,6.3
300148.SZ,20260914,3.56,3.57,3.57,3.54,88100.0,314304.0,3.57
300149.SZ,20260914,8.68,8.66,8.68,8.65,109100.0,944710.0,8.66
300150.SZ,20260914,4.13,4.14,4.14,4.12,42100.0,174255.0,4.14
300151.SZ,20260914,16.1,16.18,16.18,16.02,59200.0,957296.96,16.17
300152.SZ,20260914,1.67,1.67,1.67,1.67,212600.0,355042.0,1.67
300153.SZ,20260914,24.57,24.53,24.64,24.4,101500.0,2491523.04,24.55
300154.SZ,20260914,12.7,12.69,12.72,12.63,58200.0,738551.04,12.69
300155.SZ,20260914,4.42,4.43,4.43,4.39,15000.0,66381.0,4.43
300157.SZ,20260914,4.01,3.99,4.03,3.99,724400.0,2893827.84,4.0
300158.SZ,20260914,5.06,5.06,5.06,5.05,26900.0,136112.0,5.06
300159.SZ,20260914,2.93,2.93,2.95,2.93,382600.0,1122644.0,2.93
300160.SZ,20260914,4.47,4.48,4.48,4.41,58200.0,260230.0,4.47
300161.SZ,20260914,24.93,24.93,25.0,24.89,15900.0,396452.0,24.93
300162.SZ,20260914,7.35,7.36,7.36,7.3,46300.0,339715.0,7.34
300163.SZ,20260914,7.28,7.32,7.32,7.28,81700.0,597619.0,7.32
300164.SZ,20260914,10.59,10.59,10.68,10.5,5441400.32,57637201.92,10.59
300165.SZ,20260914,4.96,4.99,4.99,4.9,255100.0,1272307.04,4.99
300166.SZ,20260914,12.04,12.05,12.07,11.96,459400.0,5531914.24,12.04
300167.SZ,20260914,3.82,3.84,3.84,3.82,11000.0,42170.0,3.83
300168.SZ,20260914,4.77,4.77,4.78,4.77,102000.0,486571.0,4.77
300169.SZ,20260914,5.59,5.62,5.62,5.59,48600.0,273052.0,5.62
300170.SZ,20260914,14.88,14.91,14.91,14.82,197800.0,2946606.08,14.9
300171.SZ,20260914,12.9,12.95,12.95,12.8,95400.0,1232998.0,12.93
300172.SZ,20260914,4.52,4.51,4.52,4.51,83300.0,375684.0,4.51
300173.SZ,20260914,3.25,3.25,3.25,3.25,129100.0,419575.0,3.25
300174.SZ,20260914,17.81,17.89,17.9,17.81,94700.0,1693395.04,17.88
300175.SZ,20260914,5.69,5.7,5.71,5.69,25700.0,146520.0,5.7
300176.SZ,20260914,4.36,4.36,4.36,4.35,101200.0,441099.0,4.36
300177.SZ,20260914,6.37,6.39,6.39,6.36,4700.0,30000.0,6.38
300179.SZ,20260914,39.55,39.61,39.66,39.4,855400.0,33818565.12,39.54
300180.SZ,20260914,4.42,4.43,4.44,4.4,115900.0,513200.0,4.43
300181.SZ,20260914,13.15,13.16,13.17,13.15,69600.0,916018.0,13.16
300182.SZ,20260914,5.01,5.0,5.01,4.97,999628.0,4991616.96,4.99
300183.SZ,20260914,11.58,11.62,11.63,11.41,1196100.0,13883380.48,11.61
300184.SZ,20260914,11.6,11.61,11.61,11.56,342400.0,3972346.88,11.6
300185.SZ,20260914,2.78,2.78,2.79,2.77,349400.0,971431.04,2.78
300187.SZ,20260914,4.62,4.63,4.63,4.62,38600.0,178710.0,4.63
300188.SZ,20260914,10.7,10.7,10.79,10.6,927400.0,9921493.76,10.7
300189.SZ,20260914,6.86,6.81,6.93,6.81,7083100.16,48338257.92,6.82
300190.SZ,20260914,4.01,4.01,4.02,4.0,55800.0,223761.0,4.01
300191.SZ,20260914,33.8,33.59,34.0,33.59,280537.0,9449927.68,33.69
300192.SZ,20260914,17.3,17.33,17.35,17.3,68200.0,1181708.0,17.33
300193.SZ,20260914,7.7,7.71,7.72,7.7,42600.0,328394.0,7.71
300194.SZ,20260914,3.8,3.78,3.8,3.78,49900.0,188737.0,3.78
300195.SZ,20260914,5.92,5.92,5.93,5.82,57400.0,339196.0,5.91
300196.SZ,20260914,18.79,18.8,18.8,18.69,980300.0,18408512.0,18.78
300197.SZ,20260914,2.01,2.01,2.02,2.0,1054900.0,2120312.0,2.01
300198.SZ,20260914,2.29,2.3,2.3,2.28,259600.0,596514.0,2.3
300199.SZ,20260914,22.77,22.7,22.77,22.69,269500.0,6120346.88,22.71
300200.SZ,20260914,8.25,8.25,8.25,8.25,11500.0,94875.0,8.25
300201.SZ,20260914,12.8,12.8,12.89,12.8,38100.0,488175.0,12.81
300203.SZ,20260914,12.16,12.17,12.17,12.16,5800.0,70550.0,12.16
300204.SZ,20260914,19.68,19.68,19.75,19.6,29500.0,580776.0,19.69
300205.SZ,20260914,4.94,4.94,4.95,4.94,6700.0,33118.0,4.94
300206.SZ,20260914,11.18,11.18,11.22,11.1,35700.0,398561.0,11.16
300207.SZ,20260914,18.32,18.28,18.32,18.2,1282700.0,23434288.64,18.27
300209.SZ,20260914,36.29,36.27,36.76,36.2,1412100.0,51241451.52,36.29
300210.SZ,20260914,7.5,7.5,7.56,7.43,124300.0,931428.0,7.49
300211.SZ,20260914,7.1,7.1,7.15,7.1,7200.0,51230.0,7.12
300212.SZ,20260914,8.58,8.58,8.58,8.55,114400.0,981260.96,8.58
300213.SZ,20260914,6.54,6.53,6.58,6.53,61300.0,400652.0,6.54
300214.SZ,20260914,10.07,10.08,10.1,10.0,146600.0,1476550.08,10.07
300215.SZ,20260914,6.5,6.52,6.52,6.45,130200.0,846652.0,6.5
300217.SZ,20260914,4.05,4.06,4.07,4.05,96600.0,392694.0,4.07
300218.SZ,20260914,12.26,12.32,12.32,12.26,4900.0,60352.0,12.32
300219.SZ,20260914,6.66,6.68,6.68,6.65,44900.0,299599.0,6.67
300220.SZ,20260914,11.03,11.03,11.04,11.02,23500.0,259182.0,11.03
300221.SZ,20260914,13.69,13.7,13.72,13.64,83100.0,1137528.0,13.69
300222.SZ,20260914,9.79,9.8,9.81,9.78,69400.0,679892.0,9.8
300223.SZ,20260914,126.0,126.0,126.59,125.81,251400.0,31684710.4,126.03
300224.SZ,20260914,11.36,11.33,11.36,11.31,120800.0,1369580.0,11.34
300225.SZ,20260914,7.57,7.55,7.57,7.55,102700.0,776024.96,7.56
300226.SZ,20260914,16.36,16.36,16.45,16.35,90500.0,1480604.0,16.36
300227.SZ,20260914,13.08,13.24,13.24,13.08,640000.0,8448689.92,13.2
300228.SZ,20260914,6.69,6.69,6.7,6.69,83800.0,560623.0,6.69
300229.SZ,20260914,12.88,12.85,12.95,12.81,220700.0,2839997.12,12.87
300230.SZ,20260914,4.28,4.29,4.29,4.28,266400.0,1141980.0,4.29
300231.SZ,20260914,7.89,7.87,7.97,7.86,9200.0,72648.0,7.9
300232.SZ,20260914,5.33,5.34,5.34,5.32,22400.0,119431.0,5.33
300233.SZ,20260914,12.6,12.6,12.6,12.52,50000.0,629524.0,12.59
300234.SZ,20260914,9.79,9.78,9.85,9.77,99800.0,976446.0,9.78
300235.SZ,20260914,11.12,11.15,11.16,11.1,39900.0,444754.0,11.15
300236.SZ,20260914,81.15,81.17,81.35,81.0,37800.0,3067721.92,81.16
300237.SZ,20260914,2.49,2.48,2.49,2.48,681200.0,1690643.04,2.48
300238.SZ,20260914,10.8,10.78,10.8,10.78,4600.0,49598.0,10.78
300239.SZ,20260914,4.91,4.92,4.94,4.91,46500.0,228510.0,4.91
300240.SZ,20260914,6.07,6.07,6.07,6.02,10900.0,66090.0,6.06
300241.SZ,20260914,5.62,5.68,5.68,5.62,35400.0,200564.0,5.67
300242.SZ,20260914,3.93,4.0,4.0,3.93,136700.0,543973.0,3.98
300243.SZ,20260914,15.48,15.49,15.7,15.4,107100.0,1657812.0,15.48
300244.SZ,20260914,16.85,16.88,16.9,16.81,67900.0,1145456.96,16.87
300245.SZ,20260914,6.13,6.1,6.14,6.1,87200.0,532431.0,6.11
300246.SZ,20260914,14.0,14.0,14.0,13.94,56600.0,792092.0,14.0
300247.SZ,20260914,3.64,3.62,3.64,3.62,16500.0,59745.0,3.62
300248.SZ,20260914,8.23,8.23,8.23,8.22,12900.0,106144.0,8.23
300249.SZ,20260914,12.7,12.7,12.74,12.68,52600.0,667938.0,12.7
300250.SZ,20260914,15.26,15.1,15.28,15.0,20200.0,305313.0,15.12
300251.SZ,20260914,11.13,11.12,11.13,11.1,176100.0,1957940.0,11.12
300252.SZ,20260914,13.08,13.17,13.2,13.07,1958600.0,25777958.4,13.16
300253.SZ,20260914,6.66,6.66,6.68,6.63,153600.0,1023048.96,6.66
300254.SZ,20260914,8.41,8.43,8.43,8.38,36700.0,309140.0,8.42
300255.SZ,20260914,22.43,22.46,22.46,22.39,55400.0,1243636.0,22.45
300256.SZ,20260914,2.7,2.71,2.71,2.7,88599.0,239762.3,2.71
300257.SZ,20260914,17.75,17.78,17.86,17.7,34700.0,616895.0,17.78
300258.SZ,20260914,8.91,8.9,8.91,8.9,42200.0,375617.0,8.9
300259.SZ,20260914,4.08,4.1,4.1,4.07,299800.0,1227424.0,4.09
300260.SZ,20260914,51.38,51.9,51.9,51.38,44100.0,2286511.04,51.85
300261.SZ,20260914,4.93,4.91,4.93,4.85,230300.0,1128494.72,4.9
300263.SZ,20260914,9.42,9.42,9.44,9.4,263300.0,2480273.92,9.42
300264.SZ,20260914,6.12,6.14,6.15,6.1,76200.0,467664.0,6.14
300265.SZ,20260914,13.65,13.7,13.78,13.65,378000.0,5177961.92,13.7
300266.SZ,20260914,1.94,1.94,1.95,1.94,304000.0,590666.0,1.94
300267.SZ,20260914,3.09,3.1,3.1,3.09,211500.0,654448.0,3.09
300268.SZ,20260914,12.37,12.4,12.5,12.34,47000.0,583922.0,12.42
300269.SZ,20260914,4.82,4.82,4.82,4.82,75600.0,364392.0,4.82
300270.SZ,20260914,10.4,10.39,10.43,10.39,9600.0,99814.0,10.4
300271.SZ,20260914,5.49,5.48,5.49,5.48,42800.0,234576.0,5.48
300272.SZ,20260914,5.67,5.67,5.67,5.67,18900.0,107163.0,5.67
300274.SZ,20260914,86.2,86.0,86.49,86.0,1424000.0,122623590.4,86.11
300275.SZ,20260914,8.79,8.92,8.92,8.79,32700.0,289444.0,8.85
300276.SZ,20260914,5.98,5.98,6.04,5.96,63200.0,377993.0,5.98
300277.SZ,20260914,12.05,12.05,12.14,12.05,69400.0,836932.0,12.06
300278.SZ,20260914,3.49,3.5,3.5,3.49,24800.0,86798.0,3.5
300279.SZ,20260914,5.56,5.59,5.59,5.51,47800.0,265544.0,5.56
300281.SZ,20260914,6.7,6.7,6.7,6.7,26500.0,177550.0,6.7
300283.SZ,20260914,13.0,13.0,13.01,12.95,396300.0,5151029.12,13.0
300284.SZ,20260914,5.09,5.08,5.09,5.07,21300.0,108252.0,5.08
300285.SZ,20260914,61.06,61.03,61.3,61.03,1842539.04,112509491.2,61.06
300286.SZ,20260914,18.83,18.83,18.83,18.83,2700.0,50841.0,18.83
300287.SZ,20260914,3.59,3.58,3.59,3.56,159500.0,571065.0,3.58
300288.SZ,20260914,9.68,9.69,9.69,9.68,4300.0,41665.0,9.69
300289.SZ,20260914,5.67,5.67,5.67,5.67,2200.0,12474.0,5.67
300290.SZ,20260914,8.6,8.55,8.6,8.51,2554550.08,21855006.72,8.56
300291.SZ,20260914,5.33,5.33,5.38,5.31,419000.0,2233945.92,5.33
300292.SZ,20260914,4.53,4.54,4.54,4.51,1536500.0,6966759.68,4.53
300293.SZ,20260914,14.34,14.35,14.35,14.13,15400.0,220365.0,14.31
300294.SZ,20260914,14.15,14.13,14.17,14.13,14600.0,206426.0,14.14
300295.SZ,20260914,11.55,11.55,11.55,11.55,2300.0,26565.0,11.55
300296.SZ,20260914,4.9,4.9,4.92,4.9,288600.0,1415478.08,4.91
300298.SZ,20260914,15.15,15.17,15.17,15.15,11100.0,168373.0,15.17
300299.SZ,20260914,5.58,5.55,5.58,5.55,56400.0,313247.0,5.55
300300.SZ,20260914,8.63,8.58,8.65,8.58,1557900.0,13387755.52,8.59
300301.SZ,20260914,3.43,3.43,3.43,3.43,58800.0,201684.0,3.43
300302.SZ,20260914,26.67,26.84,26.89,26.67,242200.0,6494650.88,26.82
300303.SZ,20260914,6.7,6.7,6.7,6.69,178400.0,1195112.0,6.7
300304.SZ,20260914,10.97,10.98,10.98,10.9,55000.0,602495.0,10.95
300305.SZ,20260914,6.3,6.31,6.32,6.27,315200.0,1987536.96,6.31
300306.SZ,20260914,10.12,10.12,10.15,10.12,48000.0,485842.0,10.12
300307.SZ,20260914,7.09,7.09,7.1,7.05,92200.0,653190.0,7.08
300308.SZ,20260914,889.0,890.0,890.0,885.08,1198800.0,1066509189.12,889.65
300310.SZ,20260914,4.32,4.3,4.34,4.3,38200.0,164536.0,4.31
300311.SZ,20260914,6.22,6.21,6.35,6.21,10349550.72,64552386.56,6.24
300313.SZ,20260914,12.3,12.37,12.39,12.13,450500.0,5565233.92,12.35
300314.SZ,20260914,10.84,10.9,10.9,10.84,53400.0,581880.0,10.9
300315.SZ,20260914,4.04,4.06,4.06,4.03,715300.0,2901117.12,4.06
300316.SZ,20260914,39.8,39.84,39.86,39.71,28000.0,1115227.04,39.83
300317.SZ,20260914,4.37,4.39,4.4,4.36,990400.0,4344165.12,4.39
300318.SZ,20260914,4.85,4.85,4.89,4.85,11600.0,56344.0,4.86
300319.SZ,20260914,20.37,20.36,20.4,20.3,2798908.16,56960327.68,20.35
300320.SZ,20260914,8.1,8.1,8.1,8.1,2900.0,23490.0,8.1
300321.SZ,20260914,30.66,30.65,30.83,30.65,12200.0,374531.0,30.7
300322.SZ,20260914,17.2,17.22,17.22,17.16,62900.0,1082411.04,17.21
300323.SZ,20260914,10.35,10.31,10.36,10.3,417753.0,4308408.96,10.31
300324.SZ,20260914,3.41,3.4,3.41,3.39,122700.0,417982.0,3.41
300326.SZ,20260914,6.09,6.1,6.1,6.08,108200.0,659568.0,6.1
300327.SZ,20260914,23.38,23.42,23.42,23.36,41700.0,976326.0,23.41
300328.SZ,20260914,11.93,12.0,12.0,11.83,353000.0,4226962.88,11.97
300329.SZ,20260914,11.73,11.73,11.73,11.73,11600.0,136068.0,11.73
300331.SZ,20260914,44.0,44.0,44.1,43.84,56500.0,2486856.96,44.02
300332.SZ,20260914,5.01,4.98,5.04,4.98,469500.0,2343320.96,4.99
300333.SZ,20260914,11.03,10.99,11.13,10.99,201300.0,2216491.04,11.01
300334.SZ,20260914,8.5,8.55,8.57,8.34,56700.0,478717.0,8.44
300335.SZ,20260914,5.66,5.63,5.68,5.63,403300.0,2273486.08,5.64
300337.SZ,20260914,9.37,9.37,9.42,9.35,120300.0,1127219.04,9.37
300338.SZ,20260914,3.03,3.05,3.05,3.03,50900.0,154717.0,3.04
300339.SZ,20260914,34.28,34.33,34.37,34.2,104300.0,3579888.0,34.32
300340.SZ,20260914,8.42,8.45,8.45,8.41,12600.0,106447.0,8.45
300341.SZ,20260914,12.55,12.48,12.55,12.48,22000.0,274663.0,12.49
300342.SZ,20260914,31.31,31.34,31.44,31.21,66300.0,2078227.04,31.35
300343.SZ,20260914,5.44,5.44,5.46,5.43,64900.0,353198.0,5.44
300345.SZ,20260914,7.0,7.0,7.01,7.0,102800.0,719662.0,7.0
300346.SZ,20260914,50.6,50.76,50.87,50.5,158300.0,8031258.88,50.73
300347.SZ,20260914,53.0,53.0,53.21,52.8,88070.0,4669196.16,53.02
300348.SZ,20260914,9.56,9.56,9.6,9.54,62200.0,594477.0,9.56
300349.SZ,20260914,10.0,10.0,10.0,10.0,4400.0,44000.0,10.0
300350.SZ,20260914,4.37,4.37,4.37,4.36,23800.0,103979.0,4.37
300351.SZ,20260914,13.97,14.0,14.0,13.93,17000.0,237889.0,13.99
300352.SZ,20260914,3.1,3.08,3.1,3.05,4578600.0,14102863.36,3.08
300353.SZ,20260914,16.26,16.25,16.31,16.22,65400.0,1063204.0,16.26
300354.SZ,20260914,25.8,25.8,25.8,25.8,1200.0,30960.0,25.8
300355.SZ,20260914,2.84,2.84,2.85,2.84,188200.0,534707.0,2.84
300357.SZ,20260914,18.94,18.94,18.95,18.88,58100.0,1100026.0,18.93
300358.SZ,20260914,7.95,7.95,7.96,7.95,43300.0,344277.0,7.95
300359.SZ,20260914,4.12,4.12,4.13,4.12,30500.0,125666.0,4.12
300360.SZ,20260914,11.12,11.11,11.14,11.11,41675.0,463208.24,11.12
300363.SZ,20260914,20.55,20.5,20.72,20.5,96600.0,1985905.92,20.56
300364.SZ,20260914,23.98,24.01,24.2,23.9,1081100.0,25953894.4,24.01
300365.SZ,20260914,4.58,4.58,4.59,4.57,49700.0,227626.0,4.58
300366.SZ,20260914,5.43,5.4,5.44,5.4,78300.0,422991.0,5.4
300368.SZ,20260914,8.73,8.8,8.84,8.69,387400.0,3400383.04,8.78
300369.SZ,20260914,8.39,8.38,8.51,8.38,8022400.0,67439032.32,8.41
300370.SZ,20260914,2.18,2.18,2.19,2.16,279400.0,606519.0,2.17
300371.SZ,20260914,9.82,9.81,9.85,9.81,13000.0,127552.0,9.81
300373.SZ,20260914,83.4,83.33,83.79,83.27,82300.0,6862016.0,83.38
300374.SZ,20260914,10.98,10.98,11.04,10.96,192300.0,2112203.04,10.98
300375.SZ,20260914,4.07,4.06,4.08,4.06,26100.0,106000.0,4.06
300376.SZ,20260914,4.19,4.19,4.19,4.17,36900.0,154464.0,4.19
300377.SZ,20260914,13.73,13.69,13.9,13.69,459500.0,6308901.12,13.73
300378.SZ,20260914,35.94,35.8,36.0,35.8,156300.0,5598392.96,35.82
300380.SZ,20260914,28.1,28.03,28.2,28.03,49000.0,1373806.08,28.04
300381.SZ,20260914,5.7,5.71,5.72,5.7,39500.0,225683.0,5.71
300382.SZ,20260914,15.02,15.03,15.03,14.86,181700.0,2728738.88,15.02
300383.SZ,20260914,10.93,10.95,10.95,10.9,397400.0,4346192.96,10.94
300384.SZ,20260914,11.69,11.69,11.79,11.69,16800.0,196624.0,11.7
300385.SZ,20260914,13.39,13.41,13.41,13.18,57000.0,760594.0,13.34
300386.SZ,20260914,11.35,11.35,11.36,11.18,203600.0,2306246.08,11.33
300387.SZ,20260914,7.64,7.68,7.68,7.6,132300.0,1014467.04,7.67
300388.SZ,20260914,6.79,6.79,6.8,6.78,49900.0,338644.0,6.79
300389.SZ,20260914,12.11,12.11,12.12,12.08,19900.0,240891.0,12.11
300390.SZ,20260914,53.36,53.5,53.5,53.05,126200.0,6743096.32,53.43
300393.SZ,20260914,5.97,5.98,5.98,5.95,64800.0,387379.0,5.98
300394.SZ,20260914,254.65,254.65,255.3,253.66,777820.0,197996134.4,254.55
300395.SZ,20260914,94.19,94.08,94.6,94.02,414300.0,38988807.68,94.11
300396.SZ,20260914,6.93,6.92,6.93,6.91,38300.0,264928.0,6.92
300397.SZ,20260914,11.05,11.03,11.08,11.02,76900.0,848700.96,11.04
300398.SZ,20260914,32.49,32.51,32.55,32.36,262600.0,8534709.76,32.5
300399.SZ,20260914,19.6,19.63,19.63,19.58,14700.0,288490.0,19.63
300400.SZ,20260914,33.16,32.9,33.31,32.89,128100.0,4232256.96,33.04
300401.SZ,20260914,14.29,14.29,14.31,14.24,90600.0,1294324.0,14.29
300402.SZ,20260914,14.86,14.86,14.87,14.85,11200.0,166443.0,14.86
300403.SZ,20260914,8.75,8.75,8.75,8.73,15400.0,134724.0,8.75
300404.SZ,20260914,12.12,12.17,12.17,12.11,140100.0,1703209.92,12.16
300405.SZ,20260914,5.53,5.53,5.57,5.53,86100.0,476296.0,5.53
300406.SZ,20260914,11.27,11.27,11.27,11.25,41500.0,467589.0,11.27
300407.SZ,20260914,10.5,10.69,10.69,10.5,29400.0,309137.0,10.52
300408.SZ,20260914,120.9,120.5,121.78,120.3,1651100.0,199076331.52,120.57
300409.SZ,20260914,16.42,16.48,16.48,16.38,51600.0,849695.04,16.47
300410.SZ,20260914,8.66,8.68,8.68,8.54,502900.0,4353838.08,8.66
300411.SZ,20260914,8.92,8.92,8.93,8.91,82500.0,735536.96,8.92
300412.SZ,20260914,4.3,4.32,4.32,4.3,22900.0,98710.0,4.31
300413.SZ,20260914,17.62,17.68,17.7,17.56,2590000.0,45757004.8,17.67
300414.SZ,20260914,11.71,11.73,11.77,11.7,202400.0,2373961.92,11.73
300415.SZ,20260914,18.59,18.59,18.6,18.51,23600.0,438489.0,18.58
300416.SZ,20260914,13.82,13.86,13.86,13.82,35100.0,486210.0,13.85
300417.SZ,20260914,11.2,11.17,11.25,11.17,27900.0,312107.0,11.19
300418.SZ,20260914,43.05,43.08,43.2,43.01,685000.0,29507568.64,43.08
300419.SZ,20260914,9.17,9.18,9.18,9.17,21100.0,193666.0,9.18
300420.SZ,20260914,7.46,7.42,7.48,7.41,717800.0,5329000.0,7.42
300421.SZ,20260914,15.62,15.59,15.83,15.59,15300.0,238595.0,15.59
300422.SZ,20260914,4.15,4.17,4.2,4.14,118700.0,494404.0,4.17
300423.SZ,20260914,5.64,5.64,5.69,5.64,15900.0,89926.0,5.66
300424.SZ,20260914,13.86,13.95,13.95,13.86,19500.0,271862.0,13.94
300425.SZ,20260914,3.99,3.99,4.0,3.99,18800.0,75022.0,3.99
300426.SZ,20260914,7.29,7.28,7.31,7.27,56600.0,412357.0,7.29
300427.SZ,20260914,7.12,7.14,7.15,7.1,704900.0,5027453.12,7.13
300428.SZ,20260914,19.55,19.55,19.57,19.5,20300.0,396195.0,19.52
300429.SZ,20260914,10.67,10.69,10.69,10.65,60000.0,640637.0,10.68
300430.SZ,20260914,4.66,4.66,4.68,4.65,262100.0,1221828.0,4.66
300432.SZ,20260914,13.39,13.4,13.41,13.36,159500.0,2136496.48,13.4
300433.SZ,20260914,33.07,33.04,33.18,32.9,990180.96,32709347.84,33.03
300434.SZ,20260914,10.08,10.08,10.08,10.05,53600.0,540067.0,10.08
300435.SZ,20260914,16.32,16.3,16.4,16.2,99500.0,1621895.04,16.3
300436.SZ,20260914,85.37,85.1,86.0,85.1,46400.0,3954904.96,85.24
300437.SZ,20260914,11.3,11.33,11.33,11.07,40800.0,461368.0,11.31
300438.SZ,20260914,50.4,50.46,50.5,50.29,92900.0,4686279.04,50.44
300439.SZ,20260914,9.19,9.19,9.19,9.18,37000.0,339775.0,9.18
300440.SZ,20260914,19.69,19.69,19.79,19.58,77400.0,1523968.0,19.69
300441.SZ,20260914,6.81,6.85,6.85,6.81,10400.0,71052.0,6.83
300442.SZ,20260914,60.92,60.78,60.92,60.6,235200.0,14297985.28,60.79
300443.SZ,20260914,19.22,19.22,19.28,19.13,201000.0,3862888.96,19.22
300444.SZ,20260914,8.91,8.96,8.97,8.91,81800.0,731711.04,8.95
300445.SZ,20260914,17.26,17.37,17.37,17.26,14100.0,244715.0,17.36
300446.SZ,20260914,12.86,12.87,12.87,12.85,21400.0,275351.0,12.87
300447.SZ,20260914,14.43,14.48,14.49,14.3,42700.0,617389.0,14.46
300448.SZ,20260914,5.78,5.78,5.79,5.78,160800.0,929742.0,5.78
300449.SZ,20260914,6.96,6.99,6.99,6.89,98900.0,688928.0,6.97
300450.SZ,20260914,29.51,29.5,29.59,29.43,163600.0,4828896.96,29.52
300451.SZ,20260914,3.36,3.37,3.37,3.36,136100.0,457880.0,3.36
300452.SZ,20260914,12.6,12.6,12.6,12.6,5000.0,63000.0,12.6
300453.SZ,20260914,9.07,9.07,9.07,9.07,54600.0,495222.0,9.07
300454.SZ,20260914,135.58,135.2,137.53,135.2,1223936.96,165708124.16,135.39
300455.SZ,20260914,16.92,16.94,16.94,16.82,44700.0,756559.04,16.92
300456.SZ,20260914,34.08,34.03,34.2,33.95,672200.0,22885923.84,34.05
300457.SZ,20260914,19.98,20.0,20.03,19.98,76900.0,1538521.92,20.01
300458.SZ,20260914,29.04,29.01,29.13,29.01,238612.0,6924746.24,29.02
300459.SZ,20260914,3.61,3.61,3.62,3.6,410500.0,1481068.96,3.61
300460.SZ,20260914,8.74,8.77,8.77,8.71,53300.0,466739.0,8.76
300461.SZ,20260914,28.5,28.54,28.56,28.5,21500.0,613327.0,28.53
300462.SZ,20260914,11.17,11.17,11.17,11.17,0.0,0.0,11.17
300463.SZ,20260914,8.96,8.96,8.96,8.96,23800.0,213248.0,8.96
300464.SZ,20260914,8.06,8.09,8.1,8.06,152300.0,1231600.96,8.09
300465.SZ,20260914,11.36,11.36,11.39,11.36,53600.0,609570.0,11.37
300466.SZ,20260914,7.15,7.15,7.19,7.15,11700.0,83663.0,7.15
300467.SZ,20260914,32.0,32.0,32.0,31.99,22700.0,726399.04,32.0
300468.SZ,20260914,22.91,22.91,23.0,22.82,633900.0,14525671.68,22.92
300469.SZ,20260914,49.91,49.51,49.95,49.51,43200.0,2141208.0,49.57
300470.SZ,20260914,27.03,27.01,27.19,27.01,2300.0,62164.0,27.03
300471.SZ,20260914,9.63,9.66,9.67,9.61,25100.0,242100.0,9.65
300472.SZ,20260914,6.95,6.95,7.06,6.95,17400.0,120997.0,6.95
300473.SZ,20260914,28.81,28.85,28.85,28.69,106600.0,3073832.0,28.84
300474.SZ,20260914,46.8,46.8,46.85,46.71,44700.0,2091433.6,46.79
300475.SZ,20260914,161.78,162.02,162.58,161.72,421200.0,68282224.64,162.11
300476.SZ,20260914,223.17,223.0,224.0,222.51,395454.0,88208691.2,223.06
300477.SZ,20260914,2.78,2.79,2.79,2.77,370000.0,1031619.04,2.79
300478.SZ,20260914,32.18,32.24,32.3,32.16,39500.0,1273282.0,32.24
300479.SZ,20260914,14.4,14.42,14.42,14.4,6200.0,89372.0,14.42
300480.SZ,20260914,28.64,28.64,28.91,28.6,138300.0,3972380.16,28.72
300481.SZ,20260914,13.29,13.32,13.32,13.23,13400.0,178398.0,13.31
300482.SZ,20260914,15.7,15.67,15.7,15.66,29600.0,463824.0,15.67
300483.SZ,20260914,24.51,24.45,24.8,24.45,161300.0,3958915.84,24.54
300484.SZ,20260914,12.27,12.27,12.32,12.27,5600.0,68722.0,12.27
300485.SZ,20260914,8.23,8.23,8.25,8.22,46700.0,384512.0,8.23
300486.SZ,20260914,18.82,18.76,18.92,18.76,90700.0,1702780.0,18.77
300487.SZ,20260914,65.0,65.0,65.25,64.71,16500.0,1072864.0,65.02
300488.SZ,20260914,33.3,33.48,33.5,33.3,34700.0,1160988.0,33.46
300489.SZ,20260914,202.99,204.08,204.5,202.0,61500.0,12532471.04,203.78
300490.SZ,20260914,10.42,10.49,10.49,10.42,34300.0,359600.0,10.48
300491.SZ,20260914,31.66,31.9,32.0,31.66,33300.0,1061854.0,31.89
300492.SZ,20260914,22.6,22.7,22.7,22.6,4700.0,106600.0,22.68
300493.SZ,20260914,12.15,12.19,12.2,12.13,281400.0,3425974.08,12.18
300494.SZ,20260914,8.08,8.06,8.11,8.06,13100.0,105925.0,8.09
300496.SZ,20260914,54.0,53.91,54.0,53.88,55500.0,2992983.04,53.93
300497.SZ,20260914,19.92,19.99,19.99,19.9,315400.0,6297850.88,19.97
300498.SZ,20260914,14.82,14.81,14.82,14.76,250400.0,3706871.04,14.8
300499.SZ,20260914,33.9,33.92,34.2,33.8,634200.0,21513228.8,33.92
300500.SZ,20260914,9.47,9.38,9.47,9.38,19600.0,184019.0,9.39
300501.SZ,20260914,9.42,9.26,9.42,9.26,2900.0,27030.0,9.32
300502.SZ,20260914,410.31,410.3,411.0,408.3,775820.0,318238760.96,410.2
300503.SZ,20260914,62.54,62.54,62.61,62.47,79400.0,4965776.96,62.54
300504.SZ,20260914,16.92,17.07,17.07,16.92,49400.0,843028.0,17.07
300505.SZ,20260914,21.09,21.09,21.14,20.95,197421.0,4164008.0,21.09
300506.SZ,20260914,4.86,4.85,4.86,4.84,161200.0,781810.0,4.85
300507.SZ,20260914,6.24,6.21,6.24,6.21,8400.0,52179.0,6.21
300508.SZ,20260914,37.08,37.08,37.1,36.11,7700.0,285182.0,37.04
300509.SZ,20260914,8.56,8.56,8.56,8.48,29300.0,250506.0,8.55
300510.SZ,20260914,3.41,3.39,3.41,3.39,153500.0,520503.0,3.39
300511.SZ,20260914,5.39,5.43,5.44,5.38,268600.0,1455439.04,5.42
300512.SZ,20260914,7.08,7.08,7.08,7.08,28700.0,203196.0,7.08
300513.SZ,20260914,7.31,7.3,7.31,7.3,33100.0,241712.0,7.3
300514.SZ,20260914,10.01,10.01,10.04,10.01,46900.0,469536.0,10.01
300515.SZ,20260914,15.2,15.21,15.21,15.2,5600.0,85143.0,15.2
300516.SZ,20260914,34.8,34.8,34.93,34.8,10300.0,358689.0,34.82
300517.SZ,20260914,11.62,11.63,11.65,11.61,68300.0,794300.0,11.63
300518.SZ,20260914,24.17,24.09,24.17,24.05,58400.0,1406920.0,24.09
300519.SZ,20260914,13.75,13.79,13.79,13.7,23800.0,328039.0,13.78
300520.SZ,20260914,22.1,22.05,22.15,22.05,44600.0,984167.04,22.07
300521.SZ,20260914,24.42,23.72,24.42,23.63,4100.0,99227.0,24.2
300522.SZ,20260914,13.5,13.47,13.53,13.47,30000.0,404320.0,13.48
300523.SZ,20260914,20.61,20.61,20.69,20.61,22100.0,456503.0,20.66
300525.SZ,20260914,7.7,7.68,7.75,7.68,106500.0,820256.0,7.7
300527.SZ,20260914,8.39,8.38,8.39,8.38,36400.0,305131.0,8.38
300528.SZ,20260914,14.3,14.3,14.43,14.25,243400.0,3479322.88,14.3
300529.SZ,20260914,14.9,14.9,14.95,14.88,6900.0,102818.0,14.9
300530.SZ,20260914,19.7,19.8,19.93,19.6,51100.0,1008848.96,19.74
300531.SZ,20260914,14.9,14.89,14.92,14.87,137100.0,2042417.92,14.9
300532.SZ,20260914,7.07,7.07,7.07,7.05,70500.0,498269.0,7.07
300533.SZ,20260914,14.78,14.86,14.86,14.73,36500.0,542111.0,14.85
300534.SZ,20260914,12.17,12.2,12.21,12.17,266500.0,3250849.92,12.2
300535.SZ,20260914,15.36,15.37,15.37,15.33,23000.0,353174.0,15.36
300536.SZ,20260914,9.05,9.05,9.05,9.04,54800.0,495937.0,9.05
300537.SZ,20260914,19.49,19.59,19.59,19.46,16400.0,320767.0,19.56
300538.SZ,20260914,14.54,14.5,14.58,14.5,8800.0,127963.0,14.54
300539.SZ,20260914,16.45,16.5,16.5,16.44,42500.0,700699.04,16.49
300540.SZ,20260914,26.01,26.19,26.19,25.99,60100.0,1568982.08,26.11
300541.SZ,20260914,9.5,9.43,9.51,9.43,79700.0,753763.04,9.46
300542.SZ,20260914,12.24,12.18,12.3,12.18,14900.0,181936.0,12.21
300543.SZ,20260914,7.45,7.46,7.46,7.44,9400.0,70099.0,7.46
300545.SZ,20260914,26.02,26.01,26.37,26.01,21700.0,566336.0,26.1
300546.SZ,20260914,16.7,16.5,16.7,16.5,14000.0,231803.0,16.56
300547.SZ,20260914,25.14,25.16,25.34,25.06,11100.0,278935.0,25.13
300548.SZ,20260914,201.88,200.98,202.0,200.98,180288.0,36292677.12,201.3
300549.SZ,20260914,13.98,13.91,13.98,13.91,20800.0,289406.0,13.91
300550.SZ,20260914,13.26,13.36,13.42,13.2,108300.0,1444459.04,13.34
300551.SZ,20260914,11.41,11.35,11.41,11.33,41100.0,466468.0,11.35
300552.SZ,20260914,21.26,21.27,21.37,21.26,80900.0,1721094.08,21.27
300553.SZ,20260914,51.5,51.43,51.85,51.0,45500.0,2344225.92,51.52
300554.SZ,20260914,20.8,20.79,20.8,20.77,22300.0,463655.0,20.79
300555.SZ,20260914,12.5,12.5,12.51,12.5,15200.0,190001.0,12.5
300556.SZ,20260914,15.87,15.9,15.95,15.87,57800.0,919054.0,15.9
300557.SZ,20260914,25.97,25.97,25.97,25.94,9500.0,246676.0,25.97
300558.SZ,20260914,45.2,45.29,45.37,45.18,33000.0,1494304.0,45.28
300559.SZ,20260914,12.0,12.0,12.08,11.98,8700.0,104500.0,12.01
300560.SZ,20260914,18.08,18.1,18.15,18.0,28500.0,515273.0,18.08
300561.SZ,20260914,15.16,15.16,15.21,15.11,234300.0,3551276.16,15.16
300562.SZ,20260914,16.19,16.3,16.31,16.11,259600.0,4226720.0,16.28
300563.SZ,20260914,29.75,29.9,29.98,29.44,1609200.0,48085401.6,29.88
300564.SZ,20260914,11.96,11.95,11.96,11.95,6400.0,76496.0,11.95
300565.SZ,20260914,10.24,10.24,10.29,10.24,115400.0,1182132.0,10.24
300566.SZ,20260914,24.0,23.99,24.1,23.98,183800.0,4410504.96,24.0
300567.SZ,20260914,187.91,187.91,188.49,187.91,30200.0,5677569.28,188.0
300568.SZ,20260914,14.42,14.47,14.53,14.41,511200.0,7391978.24,14.46
300569.SZ,20260914,4.94,4.93,4.96,4.93,544300.0,2687568.96,4.94
300570.SZ,20260914,194.95,195.0,196.0,194.01,199800.0,38965168.64,195.02
300571.SZ,20260914,27.57,27.6,27.6,27.55,26500.0,731135.04,27.59
300572.SZ,20260914,25.07,25.2,25.2,25.0,29000.0,729592.96,25.16
300573.SZ,20260914,35.5,35.52,35.52,35.45,18000.0,639182.0,35.51
300575.SZ,20260914,6.0,6.0,6.0,5.97,68600.0,411342.0,6.0
300576.SZ,20260914,26.68,26.58,26.68,26.55,96900.0,2576904.96,26.59
300577.SZ,20260914,19.61,19.51,19.61,19.51,37700.0,735691.04,19.51
300578.SZ,20260914,15.25,15.33,15.33,15.25,11200.0,171688.0,15.33
300579.SZ,20260914,22.88,22.78,22.97,22.38,75500.0,1721699.04,22.8
300580.SZ,20260914,17.86,17.92,17.92,17.8,15800.0,282728.0,17.89
300581.SZ,20260914,10.95,10.92,11.1,10.89,67579.0,738666.48,10.93
300582.SZ,20260914,10.42,10.43,10.43,10.42,11200.0,116812.0,10.43
300583.SZ,20260914,12.75,12.75,12.83,12.73,18100.0,230780.0,12.75
300584.SZ,20260914,29.07,29.03,29.07,29.02,12100.0,351318.0,29.04
300585.SZ,20260914,15.02,15.05,15.05,15.0,59400.0,893452.0,15.04
300586.SZ,20260914,8.74,8.75,8.75,8.7,49900.0,436299.0,8.74
300587.SZ,20260914,4.64,4.65,4.65,4.6,81000.0,376075.0,4.64
300588.SZ,20260914,21.45,21.39,21.53,21.39,8100.0,173514.0,21.42
300589.SZ,20260914,14.2,14.09,14.2,14.09,478800.0,6765893.76,14.13
300590.SZ,20260914,11.1,11.12,11.12,11.07,86300.0,959098.0,11.11
300591.SZ,20260914,6.76,6.76,6.77,6.71,64000.0,432435.0,6.76
300592.SZ,20260914,18.4,18.45,18.47,18.31,222000.0,4095337.92,18.45
300593.SZ,20260914,32.17,32.04,32.27,32.01,209700.0,6721408.0,32.05
300594.SZ,20260914,14.84,14.84,14.84,14.8,15000.0,222488.0,14.83
300595.SZ,20260914,9.85,9.85,9.88,9.82,195900.0,1930238.08,9.85
300596.SZ,20260914,39.39,39.46,39.46,39.39,6900.0,272061.0,39.43
300597.SZ,20260914,7.81,7.81,7.83,7.81,8300.0,64853.0,7.81
300598.SZ,20260914,29.88,29.87,29.89,29.6,76200.0,2275268.0,29.86
300599.SZ,20260914,11.06,11.08,11.08,11.06,20300.0,224783.0,11.07
300600.SZ,20260914,11.46,11.53,11.53,11.45,429600.0,4946671.04,11.52
300601.SZ,20260914,11.76,11.74,11.76,11.73,92100.0,1081660.96,11.74
300602.SZ,20260914,36.2,36.31,36.5,36.13,152500.0,5532600.96,36.28
300603.SZ,20260914,8.02,8.01,8.05,8.0,76800.0,615262.0,8.01
300604.SZ,20260914,257.0,258.0,259.0,254.05,186600.0,48122521.6,257.89
300605.SZ,20260914,10.05,10.07,10.08,10.01,70500.0,709736.0,10.07
300606.SZ,20260914,32.33,32.11,32.33,32.11,14900.0,479512.0,32.18
300607.SZ,20260914,31.95,31.9,32.0,31.88,498700.0,15913012.48,31.91
300608.SZ,20260914,9.66,9.69,9.86,9.6,154100.0,1490705.92,9.67
300609.SZ,20260914,23.12,23.01,23.18,23.01,4200.0,96839.0,23.06
300610.SZ,20260914,10.19,10.2,10.2,10.0,15100.0,153446.0,10.16
300611.SZ,20260914,26.41,26.52,26.52,26.41,14200.0,376317.0,26.5
300612.SZ,20260914,11.82,11.9,11.9,11.82,24900.0,295985.0,11.89
300613.SZ,20260914,66.0,66.05,66.22,65.8,109100.0,7202378.24,66.02
300614.SZ,20260914,10.23,10.09,10.23,10.09,20400.0,205883.0,10.09
300615.SZ,20260914,13.85,13.89,13.89,13.8,167200.0,2320057.92,13.88
300616.SZ,20260914,10.02,10.04,10.04,10.01,90300.0,905735.04,10.03
300617.SZ,20260914,34.9,34.92,34.96,34.89,9600.0,335188.0,34.92
300618.SZ,20260914,31.6,31.64,31.69,31.6,20100.0,636165.0,31.65
300619.SZ,20260914,24.9,24.95,24.95,24.9,44900.0,1119286.0,24.93
300620.SZ,20260914,284.0,284.04,286.0,282.86,186200.0,52882385.92,284.01
300621.SZ,20260914,6.92,6.89,6.95,6.89,38600.0,266136.0,6.9
300622.SZ,20260914,14.11,14.08,14.18,14.08,49900.0,703318.0,14.1
300623.SZ,20260914,28.49,28.5,28.64,28.45,72700.0,2072179.04,28.5
300624.SZ,20260914,52.38,52.25,52.78,52.25,69740.0,3647079.04,52.3
300625.SZ,20260914,9.42,9.41,9.42,9.37,37600.0,353735.0,9.41
300626.SZ,20260914,26.43,26.43,26.44,26.39,36600.0,967410.0,26.43
300627.SZ,20260914,26.7,26.76,26.76,26.61,21400.0,571931.0,26.73
300628.SZ,20260914,40.35,40.35,40.45,40.2,70300.0,2836285.12,40.35
300629.SZ,20260914,18.27,18.26,18.32,18.26,9600.0,175431.0,18.27
300631.SZ,20260914,21.06,21.13,21.13,21.06,14700.0,310534.0,21.13
300632.SZ,20260914,17.53,17.53,17.6,17.51,132900.0,2330616.0,17.54
300633.SZ,20260914,19.18,19.18,19.19,19.15,17300.0,331790.0,19.18
300634.SZ,20260914,19.0,18.98,19.19,18.98,55500.0,1054382.0,19.0
300635.SZ,20260914,11.84,11.84,11.87,11.84,86500.0,1024292.96,11.84
300636.SZ,20260914,6.73,6.72,6.74,6.72,72600.0,488142.0,6.72
300637.SZ,20260914,9.14,9.13,9.14,9.11,22200.0,202632.0,9.13
300638.SZ,20260914,17.68,17.68,17.79,17.65,41000.0,724907.04,17.68
300639.SZ,20260914,5.62,5.61,5.62,5.61,6000.0,33668.0,5.61
300640.SZ,20260914,6.38,6.38,6.38,6.34,28000.0,178580.0,6.38
300641.SZ,20260914,13.41,13.44,13.48,13.34,17800.0,239189.0,13.44
300642.SZ,20260914,16.22,16.22,16.27,16.08,267900.0,4342416.96,16.21
300643.SZ,20260914,17.32,17.31,17.33,17.31,13600.0,235427.0,17.31
300644.SZ,20260914,19.35,19.35,19.35,19.2,53700.0,1039020.96,19.35
300645.SZ,20260914,13.1,13.19,13.19,13.06,40100.0,528524.0,13.18
300647.SZ,20260914,7.33,7.35,7.36,7.3,194300.0,1427228.0,7.35
300648.SZ,20260914,38.0,38.03,38.03,37.95,7100.0,269935.0,38.02
300649.SZ,20260914,26.22,26.3,26.3,26.08,13800.0,362760.0,26.29
300650.SZ,20260914,12.17,12.16,12.2,12.15,12600.0,153245.0,12.16
300651.SZ,20260914,15.7,15.72,15.76,15.68,29500.0,463692.0,15.72
300652.SZ,20260914,25.13,25.13,25.26,25.13,7600.0,191105.0,25.15
300653.SZ,20260914,14.99,14.77,14.99,14.77,16300.0,240861.0,14.78
300654.SZ,20260914,9.85,9.82,9.87,9.82,83400.0,819684.96,9.83
300655.SZ,20260914,12.08,12.1,12.12,12.06,158800.0,1921092.96,12.1
300656.SZ,20260914,23.99,24.05,24.33,23.99,13400.0,322280.0,24.05
300657.SZ,20260914,34.41,34.43,34.56,34.27,360200.0,12398927.36,34.42
300658.SZ,20260914,9.61,9.53,9.7,9.53,27800.0,265741.0,9.56
300659.SZ,20260914,10.59,10.48,10.65,10.48,507600.0,5351388.16,10.54
300660.SZ,20260914,22.8,22.86,22.9,22.71,23000.0,525447.0,22.85
300661.SZ,20260914,106.2,106.5,106.7,106.2,58900.0,6269834.24,106.45
300662.SZ,20260914,21.05,21.02,21.05,21.02,2800.0,58859.0,21.02
300663.SZ,20260914,7.95,7.93,7.99,7.9,138200.0,1097188.0,7.94
300664.SZ,20260914,4.62,4.6,4.62,4.6,46800.0,215367.0,4.6
300665.SZ,20260914,8.76,8.8,8.8,8.76,26500.0,233157.0,8.8
300666.SZ,20260914,225.0,225.0,226.26,224.85,115800.0,26066117.12,225.1
300667.SZ,20260914,14.49,14.44,14.6,14.44,245300.0,3545817.92,14.46
300668.SZ,20260914,30.22,30.56,30.56,30.16,27700.0,845890.0,30.54
300669.SZ,20260914,21.9,19.09,22.23,19.09,14100.0,288397.0,20.45
300670.SZ,20260914,6.76,6.7,6.81,6.7,56600.0,380372.0,6.72
300671.SZ,20260914,49.63,49.63,49.7,49.6,64000.0,3177474.88,49.65
300672.SZ,20260914,162.0,162.9,162.9,161.36,53100.0,8634512.0,162.61
300673.SZ,20260914,14.23,14.23,14.25,14.23,50500.0,718627.04,14.23
300674.SZ,20260914,16.69,16.69,16.8,16.66,218700.0,3655240.0,16.71
300675.SZ,20260914,12.65,12.66,12.66,12.62,2300.0,29102.0,12.65
300676.SZ,20260914,35.77,35.8,35.8,35.77,23800.0,851914.0,35.79
300677.SZ,20260914,55.44,54.98,55.75,54.97,30900.0,1707529.92,55.26
300678.SZ,20260914,21.28,21.27,21.44,21.27,20900.0,445126.0,21.3
300679.SZ,20260914,41.8,41.87,41.94,41.7,64300.0,2690735.04,41.85
300680.SZ,20260914,18.8,18.8,18.82,18.57,24490.0,458492.2,18.72
300681.SZ,20260914,19.59,19.68,19.68,19.52,19500.0,383079.0,19.65
300682.SZ,20260914,9.01,9.05,9.05,9.01,126900.0,1147640.0,9.04
300683.SZ,20260914,22.6,22.65,22.83,22.59,16800.0,380687.0,22.66
300684.SZ,20260914,82.8,83.0,83.0,82.52,431700.0,35799848.96,82.93
300685.SZ,20260914,16.65,16.66,16.66,16.6,36600.0,609607.0,16.66
300686.SZ,20260914,13.71,13.95,13.95,13.71,14700.0,204268.0,13.9
300687.SZ,20260914,26.31,26.13,26.45,26.13,113400.0,2967621.12,26.17
300688.SZ,20260914,31.82,32.1,32.1,31.79,71900.0,2305196.0,32.06
300689.SZ,20260914,54.36,54.36,54.99,54.36,17600.0,957774.0,54.42
300690.SZ,20260914,22.49,22.56,22.56,22.49,14400.0,324748.0,22.55
300691.SZ,20260914,14.3,14.3,14.31,14.21,16100.0,230228.0,14.3
300692.SZ,20260914,8.5,8.48,8.58,8.47,107500.0,914488.96,8.51
300693.SZ,20260914,37.7,37.95,37.95,37.5,57200.0,2167916.96,37.9
300694.SZ,20260914,10.27,10.27,10.27,10.21,24300.0,249377.0,10.26
300695.SZ,20260914,45.43,45.43,45.43,45.43,700.0,31801.0,45.43
300696.SZ,20260914,20.92,20.5,20.92,20.5,17300.0,360369.0,20.83
300697.SZ,20260914,14.3,14.25,14.3,14.23,256700.0,3659786.88,14.26
300698.SZ,20260914,25.65,25.6,25.99,25.6,11800.0,302913.0,25.67
300699.SZ,20260914,23.67,23.72,23.72,23.65,18500.0,438558.0,23.71
300700.SZ,20260914,18.2,18.2,18.3,18.1,47700.0,868180.0,18.2
300701.SZ,20260914,9.4,9.4,9.49,9.4,33400.0,314204.0,9.41
300702.SZ,20260914,20.2,20.29,20.29,20.2,2300.0,46622.0,20.27
300703.SZ,20260914,13.81,13.73,13.81,13.73,24900.0,342715.0,13.76
300705.SZ,20260914,10.42,10.42,10.43,10.41,18000.0,187561.0,10.42
300706.SZ,20260914,45.8,46.07,46.07,45.7,23500.0,1081264.96,46.01
300707.SZ,20260914,11.65,11.64,11.68,11.64,47400.0,551834.0,11.64
300708.SZ,20260914,8.11,8.12,8.12,8.08,36200.0,293183.0,8.1
300709.SZ,20260914,37.05,37.1,37.14,36.8,114400.0,4241454.08,37.08
300710.SZ,20260914,30.01,30.15,30.22,30.0,27100.0,816140.96,30.12
300711.SZ,20260914,20.5,20.42,20.59,20.37,346800.0,7088200.96,20.44
300712.SZ,20260914,18.58,18.58,18.76,18.58,35400.0,658248.0,18.59
300713.SZ,20260914,12.79,12.78,12.89,12.78,6700.0,85704.0,12.79
300715.SZ,20260914,13.6,13.78,13.78,13.6,80900.0,1112060.0,13.75
300716.SZ,20260914,18.08,18.08,18.08,18.08,4900.0,88592.0,18.08
300717.SZ,20260914,17.39,17.39,17.39,17.33,3900.0,67797.0,17.38
300718.SZ,20260914,52.57,52.57,52.67,52.56,13900.0,730991.04,52.59
300719.SZ,20260914,12.39,12.47,12.47,12.39,17800.0,221855.0,12.46
300720.SZ,20260914,58.8,59.0,59.23,58.8,31900.0,1883527.04,59.05
300721.SZ,20260914,20.6,20.61,20.63,20.58,27300.0,562468.0,20.6
300722.SZ,20260914,23.5,23.59,23.66,23.5,126700.0,2987957.12,23.58
300723.SZ,20260914,33.64,33.66,33.69,33.33,33100.0,1113143.04,33.63
300724.SZ,20260914,50.77,50.75,50.98,50.42,58400.0,2961786.88,50.72
300725.SZ,20260914,41.16,41.16,41.35,41.0,125100.0,5150088.0,41.17
300726.SZ,20260914,51.3,51.7,51.7,51.15,161800.0,8347379.84,51.59
300727.SZ,20260914,28.8,29.29,29.5,28.8,119000.0,3467322.88,29.14
300729.SZ,20260914,10.3,10.28,10.3,10.28,14100.0,145034.0,10.29
300730.SZ,20260914,11.18,11.15,11.18,11.15,11400.0,127149.0,11.15
300731.SZ,20260914,45.57,46.0,46.0,45.57,21400.0,982122.0,45.89
300732.SZ,20260914,5.77,5.8,5.8,5.77,14300.0,82843.0,5.79
300733.SZ,20260914,12.6,12.65,12.65,12.6,2100.0,26550.0,12.64
300735.SZ,20260914,17.71,17.7,17.75,17.63,74200.0,1312956.0,17.7
300736.SZ,20260914,29.99,30.2,30.2,29.8,26300.0,791512.0,30.1
300737.SZ,20260914,4.56,4.55,4.58,4.55,227100.0,1034524.96,4.55
300738.SZ,20260914,19.13,19.17,19.25,19.11,226100.0,4335244.48,19.17
300739.SZ,20260914,27.1,27.0,27.2,26.88,639383.0,17284533.76,27.03
300740.SZ,20260914,19.99,19.91,20.04,19.91,240052.0,4783579.52,19.93
300741.SZ,20260914,20.18,20.2,20.25,20.05,193900.0,3915612.16,20.19
300743.SZ,20260914,13.85,13.85,13.86,13.84,53900.0,746515.04,13.85
300745.SZ,20260914,26.68,26.7,26.75,26.68,21100.0,563457.0,26.7
300746.SZ,20260914,13.21,13.3,13.33,13.19,32900.0,436908.0,13.28
300747.SZ,20260914,38.67,38.8,39.0,38.65,250300.0,9706933.76,38.78
300748.SZ,20260914,24.58,24.66,24.7,24.5,87800.0,2164304.96,24.65
300749.SZ,20260914,23.9,23.94,23.94,23.9,13800.0,330300.0,23.94
300750.SZ,20260914,334.89,334.51,334.98,334.0,665200.0,222558453.76,334.57
300751.SZ,20260914,186.01,188.24,188.24,185.98,24900.0,4679634.88,187.94
300752.SZ,20260914,11.29,11.28,11.34,11.28,27100.0,306023.0,11.29
300753.SZ,20260914,20.03,20.06,20.07,20.03,14500.0,290863.0,20.06
300755.SZ,20260914,11.09,11.04,11.09,11.04,9200.0,101573.0,11.04
300756.SZ,20260914,30.3,30.3,30.43,30.22,17000.0,515521.0,30.33
300757.SZ,20260914,617.0,618.0,619.88,615.9,150800.0,93188771.84,617.96
300758.SZ,20260914,10.95,10.89,10.95,10.87,37900.0,412848.0,10.89
300759.SZ,20260914,40.15,40.25,40.28,40.13,239800.0,9649427.84,40.24
300760.SZ,20260914,161.87,162.0,162.0,161.61,57000.0,9229408.0,161.92
300761.SZ,20260914,20.76,20.77,20.79,20.74,21500.0,446578.0,20.77
300762.SZ,20260914,26.56,26.57,26.59,26.5,106300.0,2823640.0,26.56
300763.SZ,20260914,55.05,55.0,55.5,54.89,75700.0,4168821.12,55.07
300765.SZ,20260914,42.16,42.18,42.39,42.15,42400.0,1788995.04,42.19
300766.SZ,20260914,21.75,21.76,21.93,21.75,368800.0,8028711.68,21.77
300767.SZ,20260914,18.0,17.96,18.28,17.95,19100.0,343452.0,17.98
300768.SZ,20260914,14.92,14.93,14.97,14.82,348600.0,5200032.96,14.92
300769.SZ,20260914,39.5,39.55,39.55,39.1,52300.0,2066358.08,39.51
300770.SZ,20260914,34.32,34.46,34.46,34.32,6400.0,220334.0,34.43
300771.SZ,20260914,11.2,11.12,11.21,11.12,11200.0,124939.0,11.16
300772.SZ,20260914,9.19,9.19,9.21,9.18,90300.0,830480.96,9.2
300773.SZ,20260914,15.01,15.01,15.06,14.98,435800.0,6543240.96,15.01
300774.SZ,20260914,10.08,10.03,10.25,10.03,139100.0,1398041.92,10.05
300775.SZ,20260914,22.28,22.16,22.29,22.11,102500.0,2274164.96,22.19
300776.SZ,20260914,106.78,106.78,107.14,106.25,29593.0,3161607.36,106.84
300777.SZ,20260914,21.2,21.27,21.27,21.1,25600.0,543860.0,21.25
300778.SZ,20260914,10.56,10.56,10.58,10.56,15500.0,163777.0,10.57
300779.SZ,20260914,53.6,53.33,53.76,53.33,29600.0,1579421.28,53.36
300780.SZ,20260914,18.64,18.55,18.85,18.55,24800.0,460173.0,18.56
300781.SZ,20260914,26.41,26.51,26.51,26.41,19400.0,513852.0,26.49
300782.SZ,20260914,70.11,70.5,70.5,70.08,78000.0,5495473.92,70.46
300783.SZ,20260914,16.75,16.75,16.77,16.68,45800.0,766454.0,16.74
300784.SZ,20260914,40.22,40.22,40.22,40.22,500.0,20110.0,40.22
300785.SZ,20260914,34.0,34.18,34.18,33.81,28100.0,959494.0,34.15
300786.SZ,20260914,13.88,13.9,13.9,13.88,58700.0,815880.0,13.9
300787.SZ,20260914,9.5,9.6,9.6,9.5,7500.0,71738.0,9.56
300788.SZ,20260914,30.15,30.18,30.3,30.03,443300.0,13371270.4,30.16
300789.SZ,20260914,15.65,15.58,15.65,15.58,11300.0,176351.0,15.61
300790.SZ,20260914,19.15,19.2,19.29,19.14,165200.0,3168120.96,19.18
300791.SZ,20260914,17.39,17.38,17.39,17.38,3800.0,66045.0,17.38
300792.SZ,20260914,23.83,23.95,23.95,23.75,26200.0,626474.0,23.91
300793.SZ,20260914,10.96,11.0,11.0,10.92,22900.0,251646.0,10.99
300795.SZ,20260914,11.71,11.81,11.89,11.7,189800.0,2235628.96,11.78
300796.SZ,20260914,6.81,6.81,6.84,6.81,14700.0,100146.0,6.81
300797.SZ,20260914,12.4,12.3,12.4,12.3,3600.0,44320.0,12.31
300798.SZ,20260914,8.05,8.08,8.12,8.05,275000.0,2223180.0,8.08
300800.SZ,20260914,10.09,10.11,10.11,10.09,38500.0,389181.0,10.11
300801.SZ,20260914,20.88,20.95,20.95,20.88,13100.0,274170.0,20.93
300802.SZ,20260914,23.21,23.35,23.39,23.17,102900.0,2401612.96,23.34
300803.SZ,20260914,78.99,78.99,79.2,78.8,140800.0,11121952.0,78.99
300804.SZ,20260914,40.64,40.64,40.8,40.64,1400.0,56927.0,40.66
300805.SZ,20260914,8.32,8.36,8.36,8.23,13500.0,112437.0,8.33
300806.SZ,20260914,51.52,52.03,52.09,51.5,283840.0,14745831.68,51.95
300807.SZ,20260914,35.16,35.36,35.36,35.16,2600.0,91813.0,35.31
300808.SZ,20260914,19.2,19.12,19.26,19.11,207400.0,3969631.04,19.14
300809.SZ,20260914,23.21,23.23,23.23,22.9,4500.0,104331.0,23.19
300810.SZ,20260914,27.22,27.27,27.29,27.0,143000.0,3896890.88,27.25
300811.SZ,20260914,80.0,80.13,80.99,79.95,204500.0,16386361.6,80.13
300812.SZ,20260914,18.57,18.66,18.7,18.57,27000.0,503567.0,18.65
300813.SZ,20260914,20.02,20.02,20.02,20.01,7300.0,146144.0,20.02
300814.SZ,20260914,128.6,128.44,129.86,128.39,46900.0,6040800.0,128.8
300815.SZ,20260914,14.47,14.46,14.52,14.46,10300.0,149007.0,14.47
300816.SZ,20260914,62.2,61.76,62.62,61.76,42400.0,2625992.0,61.93
300817.SZ,20260914,16.0,16.01,16.01,16.0,17500.0,280129.0,16.01
300818.SZ,20260914,17.21,17.19,17.21,17.19,3800.0,65355.0,17.2
300819.SZ,20260914,45.59,45.69,45.69,45.09,34000.0,1550664.96,45.61
300820.SZ,20260914,55.28,55.38,55.64,55.05,27100.0,1500870.08,55.38
300821.SZ,20260914,14.38,14.36,14.43,14.36,259400.0,3727048.96,14.37
300822.SZ,20260914,11.0,11.03,11.03,11.0,23300.0,256791.0,11.02
300823.SZ,20260914,14.01,14.15,14.15,14.01,19100.0,269822.0,14.13
300824.SZ,20260914,7.6,7.68,7.69,7.6,36500.0,280106.0,7.67
300825.SZ,20260914,12.8,12.91,12.92,12.71,214500.0,2762272.96,12.88
300826.SZ,20260914,14.38,14.32,14.38,14.32,5000.0,71648.0,14.33
300827.SZ,20260914,24.03,23.95,24.15,23.95,20400.0,489557.0,24.0
300828.SZ,20260914,16.62,16.61,16.84,16.57,36700.0,610269.0,16.63
300829.SZ,20260914,16.77,16.9,16.93,16.65,92100.0,1554552.0,16.88
300830.SZ,20260914,8.83,8.88,8.89,8.79,277900.0,2459552.96,8.85
300831.SZ,20260914,14.0,14.05,14.05,14.0,18900.0,264897.0,14.02
300832.SZ,20260914,47.85,48.03,48.08,47.85,20000.0,960888.0,48.04
300833.SZ,20260914,40.44,40.4,41.2,40.4,2300.0,93100.0,40.48
300834.SZ,20260914,38.84,38.9,38.9,38.84,8900.0,345988.0,38.88
300835.SZ,20260914,165.18,165.88,166.15,165.18,23600.0,3914826.88,165.88
300836.SZ,20260914,47.2,47.21,47.61,46.91,4400.0,207697.0,47.2
300837.SZ,20260914,21.56,21.55,21.56,21.4,8400.0,180950.0,21.54
300838.SZ,20260914,13.89,13.82,13.89,13.79,19800.0,273640.0,13.82
300839.SZ,20260914,12.5,12.41,12.56,12.41,180500.0,2245184.96,12.44
300840.SZ,20260914,18.41,18.41,18.52,18.41,41400.0,762956.96,18.43
300841.SZ,20260914,48.13,48.13,48.3,48.13,12200.0,587208.0,48.13
300842.SZ,20260914,61.8,61.98,62.04,61.8,19600.0,1214236.96,61.95
300843.SZ,20260914,127.7,128.53,128.53,127.7,28300.0,3634974.08,128.44
300844.SZ,20260914,23.28,23.28,23.28,23.26,19600.0,456275.0,23.28
300845.SZ,20260914,13.51,13.44,13.57,13.44,11400.0,153363.0,13.45
300846.SZ,20260914,19.92,19.95,19.98,19.86,338700.0,6751020.8,19.93
300847.SZ,20260914,14.39,14.31,14.39,14.28,83200.0,1191063.04,14.32
300848.SZ,20260914,11.1,11.19,11.19,11.08,13800.0,154335.0,11.18
300849.SZ,20260914,21.08,21.08,21.1,21.08,11300.0,238269.0,21.09
300850.SZ,20260914,28.4,28.39,28.9,28.37,375100.0,10668460.16,28.44
300851.SZ,20260914,23.4,23.4,23.42,23.4,20800.0,486746.0,23.4
300852.SZ,20260914,63.3,63.12,63.84,63.12,312900.0,19787598.08,63.24
300853.SZ,20260914,27.0,27.09,27.09,27.0,5300.0,143515.0,27.08
300854.SZ,20260914,15.36,15.3,15.44,15.3,15000.0,229887.0,15.33
300855.SZ,20260914,35.12,35.12,35.12,34.88,21700.0,761688.96,35.1
300856.SZ,20260914,10.11,10.11,10.12,10.09,16800.0,169800.0,10.11
300857.SZ,20260914,254.58,254.88,254.88,253.38,251700.0,64102661.12,254.68
300858.SZ,20260914,13.8,13.81,13.81,13.79,13500.0,186388.0,13.81
300859.SZ,20260914,26.52,26.3,26.6,26.3,244100.0,6428170.24,26.33
300860.SZ,20260914,30.16,30.16,30.16,30.02,7100.0,214122.0,30.16
300861.SZ,20260914,15.58,15.65,15.65,15.52,36900.0,576543.0,15.62
300862.SZ,20260914,49.2,49.71,49.71,49.08,875500.0,43366302.72,49.53
300863.SZ,20260914,42.09,41.89,42.09,41.88,77200.0,3236961.92,41.93
300864.SZ,20260914,25.02,25.02,25.27,24.9,22200.0,555803.64,25.04
300865.SZ,20260914,29.07,29.37,29.37,29.02,25300.0,741519.04,29.31
300866.SZ,20260914,128.01,128.0,128.9,128.0,27600.0,3536105.92,128.12
300867.SZ,20260914,17.17,17.08,17.2,17.07,19800.0,338651.0,17.1
300868.SZ,20260914,75.6,76.3,76.52,75.6,12400.0,946507.04,76.33
300869.SZ,20260914,10.6,10.63,10.63,10.6,5500.0,58456.0,10.63
300870.SZ,20260914,199.0,199.0,199.18,198.12,42600.0,8477504.0,199.0
300871.SZ,20260914,20.84,21.0,21.18,20.84,25500.0,535799.0,21.01
300872.SZ,20260914,14.96,15.0,15.02,14.9,206600.0,3096552.0,14.99
300873.SZ,20260914,14.54,14.36,14.54,14.36,134900.0,1939120.96,14.38
300875.SZ,20260914,35.01,34.71,35.06,34.71,152700.0,5317331.84,34.82
300876.SZ,20260914,14.54,14.55,14.55,14.49,27200.0,395580.0,14.54
300877.SZ,20260914,26.31,26.41,26.41,26.25,4100.0,108071.0,26.36
300878.SZ,20260914,32.6,32.89,32.89,32.6,800.0,26149.0,32.69
300879.SZ,20260914,15.98,16.1,16.1,15.97,22800.0,365676.0,16.04
300880.SZ,20260914,19.71,19.88,19.88,19.71,5700.0,112710.0,19.77
300881.SZ,20260914,29.0,29.06,29.06,28.84,8400.0,243698.0,29.01
300882.SZ,20260914,13.23,13.23,13.28,13.23,20600.0,272952.0,13.25
300883.SZ,20260914,6.44,6.44,6.45,6.4,12400.0,79901.0,6.44
300884.SZ,20260914,11.61,11.63,11.63,11.5,75800.0,879855.04,11.61
300885.SZ,20260914,18.4,18.19,18.66,18.19,10400.0,191303.0,18.4
300886.SZ,20260914,22.22,22.3,22.3,22.22,13500.0,300912.0,22.29
300887.SZ,20260914,6.93,6.97,7.02,6.92,154900.0,1080418.0,6.98
300888.SZ,20260914,28.1,28.1,28.11,28.02,14600.0,410139.0,28.09
300889.SZ,20260914,21.65,21.63,21.65,21.61,25800.0,558165.0,21.63
300890.SZ,20260914,24.56,24.56,24.58,24.56,20300.0,498570.0,24.56
300891.SZ,20260914,7.33,7.34,7.34,7.23,25700.0,187695.0,7.3
300892.SZ,20260914,22.6,22.58,22.6,22.41,13800.0,311523.0,22.57
300893.SZ,20260914,13.16,13.16,13.16,13.08,47400.0,623319.0,13.15
300894.SZ,20260914,9.8,9.8,9.82,9.8,30900.0,303006.0,9.81
300895.SZ,20260914,56.0,56.3,56.49,55.75,165100.0,9289998.08,56.27
300896.SZ,20260914,87.71,87.71,87.9,87.67,12800.0,1122908.0,87.73
300897.SZ,20260914,15.25,15.67,15.67,15.25,8200.0,125336.0,15.29
300898.SZ,20260914,19.82,19.82,19.82,19.7,12300.0,243653.0,19.81
300899.SZ,20260914,29.68,29.69,29.69,29.68,2800.0,83115.0,29.68
300900.SZ,20260914,22.91,22.91,22.98,22.9,20400.0,467483.0,22.92
300901.SZ,20260914,17.75,17.74,17.76,17.74,52900.0,938672.0,17.74
300902.SZ,20260914,15.91,15.9,15.98,15.9,24500.0,389685.0,15.91
300903.SZ,20260914,88.65,89.0,89.5,88.05,404200.0,35958330.88,88.96
300904.SZ,20260914,39.13,39.14,39.29,39.13,8460.0,331156.82,39.14
300905.SZ,20260914,33.19,33.12,33.2,33.12,44200.0,1465240.0,33.15
300906.SZ,20260914,28.76,28.76,28.9,28.5,38700.0,1113010.0,28.76
300907.SZ,20260914,51.0,51.0,51.35,51.0,7300.0,372546.0,51.03
300908.SZ,20260914,17.0,17.0,17.18,16.99,23665.0,402541.64,17.01
300909.SZ,20260914,57.52,57.99,58.0,57.52,4700.0,271852.0,57.84
300910.SZ,20260914,27.59,27.5,27.59,27.48,14200.0,390620.0,27.51
300911.SZ,20260914,28.56,28.4,28.77,28.31,320400.0,9116520.96,28.45
300912.SZ,20260914,19.18,19.2,19.22,19.18,38800.0,744850.0,19.2
300913.SZ,20260914,43.28,43.38,43.5,43.0,1347600.0,58414837.76,43.35
300915.SZ,20260914,18.61,18.59,18.61,18.59,11200.0,208236.0,18.59
300916.SZ,20260914,23.51,23.36,23.51,23.34,29200.0,684178.0,23.43
300917.SZ,20260914,26.65,26.5,26.65,26.5,84800.0,2249782.08,26.53
300918.SZ,20260914,10.37,10.4,10.44,10.29,101500.0,1055663.04,10.4
300919.SZ,20260914,37.45,37.38,37.58,37.38,54600.0,2041515.04,37.39
300920.SZ,20260914,34.65,34.75,35.21,34.65,9400.0,326797.0,34.77
300921.SZ,20260914,15.33,15.32,15.6,15.24,72100.0,1109908.0,15.39
300922.SZ,20260914,19.99,20.03,20.03,19.88,429400.0,8589884.8,20.0
300923.SZ,20260914,22.9,22.96,23.0,22.9,11300.0,259427.0,22.96
300925.SZ,20260914,13.83,13.74,13.83,13.73,6800.0,93593.0,13.76
300926.SZ,20260914,16.3,16.29,16.3,16.27,14900.0,242768.0,16.29
300927.SZ,20260914,27.35,27.36,27.36,26.93,152300.0,4162279.36,27.33
300928.SZ,20260914,22.92,22.97,22.97,22.9,16700.0,383476.0,22.96
300929.SZ,20260914,15.59,15.6,15.66,15.37,28300.0,440773.0,15.58
300930.SZ,20260914,23.94,23.95,23.96,23.94,14200.0,340169.0,23.96
300931.SZ,20260914,15.1,15.11,15.11,15.1,34300.0,518077.0,15.1
300932.SZ,20260914,10.71,10.71,10.78,10.71,22200.0,237777.0,10.71
300933.SZ,20260914,6.6,6.6,6.61,6.56,31300.0,206401.0,6.59
300935.SZ,20260914,26.88,26.83,26.88,26.58,6600.0,177097.0,26.83
300936.SZ,20260914,73.13,73.13,74.0,73.0,49400.0,3617576.0,73.23
300937.SZ,20260914,23.6,23.6,23.62,23.57,5700.0,134490.0,23.6
300938.SZ,20260914,28.05,28.1,28.28,28.0,93000.0,2613600.0,28.1
300939.SZ,20260914,70.78,70.78,71.1,70.53,12000.0,849620.96,70.8
300940.SZ,20260914,13.18,13.22,13.22,13.16,8000.0,105665.0,13.21
300941.SZ,20260914,14.71,14.71,14.82,14.7,43500.0,640372.0,14.72
300942.SZ,20260914,6.25,6.26,6.26,6.25,26300.0,164586.0,6.26
300943.SZ,20260914,32.27,32.34,32.34,32.25,28300.0,914878.0,32.33
300945.SZ,20260914,11.89,11.9,11.95,11.89,128900.0,1533851.04,11.9
300946.SZ,20260914,35.02,35.02,35.02,35.02,6900.0,241638.0,35.02
300947.SZ,20260914,14.15,14.23,14.23,14.12,37400.0,531933.0,14.22
300948.SZ,20260914,18.61,18.94,18.94,18.61,38100.0,720262.0,18.91
300949.SZ,20260914,22.61,22.6,22.61,22.42,17745.0,400819.44,22.59
300950.SZ,20260914,17.88,17.87,17.88,17.84,4500.0,80398.0,17.87
300951.SZ,20260914,83.45,83.7,84.46,83.45,82900.0,6940373.76,83.72
300952.SZ,20260914,15.02,14.98,15.3,14.98,91800.0,1383076.0,15.07
300953.SZ,20260914,85.0,84.97,85.0,84.8,40840.0,3469858.56,84.96
300955.SZ,20260914,27.93,28.13,28.13,27.93,3200.0,89993.0,28.12
300956.SZ,20260914,10.75,10.79,10.81,10.73,38000.0,409823.0,10.79
300957.SZ,20260914,30.88,30.85,30.88,30.83,62900.0,1940881.92,30.86
300958.SZ,20260914,11.85,11.8,11.86,11.8,17200.0,203135.0,11.81
300959.SZ,20260914,88.01,87.88,88.18,87.88,11000.0,967988.0,88.0
300960.SZ,20260914,15.9,15.9,15.9,15.9,11500.0,182850.0,15.9
300961.SZ,20260914,12.25,12.29,12.34,12.21,207200.0,2544502.08,12.28
300962.SZ,20260914,12.78,12.78,12.78,12.78,1100.0,14058.0,12.78
300963.SZ,20260914,11.1,11.11,11.11,11.0,7900.0,87523.0,11.08
300964.SZ,20260914,65.51,65.25,66.0,65.02,199950.0,13058965.76,65.31
300965.SZ,20260914,42.2,42.11,42.2,42.11,700.0,29486.0,42.12
300966.SZ,20260914,22.89,22.89,22.89,22.89,800.0,18312.0,22.89
300967.SZ,20260914,17.69,17.5,17.69,17.5,16900.0,296327.0,17.53
300968.SZ,20260914,9.68,9.68,9.68,9.65,18100.0,175118.0,9.68
300969.SZ,20260914,77.5,77.31,78.05,77.31,8600.0,666072.0,77.45
300970.SZ,20260914,18.34,18.35,18.4,18.32,221500.0,4064128.0,18.35
300971.SZ,20260914,17.0,17.03,17.03,17.0,4800.0,81741.0,17.03
300972.SZ,20260914,180.0,180.11,180.12,179.8,2300.0,414108.0,180.05
300973.SZ,20260914,25.42,25.42,25.42,25.42,5600.0,142352.0,25.42
300975.SZ,20260914,23.96,24.0,24.01,23.91,331627.0,7956453.76,23.99
300976.SZ,20260914,56.41,56.47,56.48,56.03,46900.0,2647455.04,56.45
300977.SZ,20260914,18.28,18.28,18.28,18.12,8200.0,149872.0,18.28
300978.SZ,20260914,8.54,8.53,8.54,8.53,16700.0,142454.0,8.53
300979.SZ,20260914,33.06,33.14,33.15,33.02,22600.0,748230.0,33.11
300980.SZ,20260914,21.5,21.55,21.6,21.45,18500.0,398663.0,21.55
300981.SZ,20260914,14.73,14.68,14.88,14.6,28400.0,416985.0,14.68
300982.SZ,20260914,14.38,14.38,14.38,14.16,18900.0,271340.0,14.36
300983.SZ,20260914,37.57,37.57,37.67,37.57,400.0,15058.0,37.65
300984.SZ,20260914,27.81,28.01,28.07,27.78,4400.0,122538.0,27.85
300985.SZ,20260914,35.98,35.98,35.99,35.81,3100.0,111524.0,35.97
300986.SZ,20260914,11.19,11.18,11.25,11.1,119700.0,1337368.96,11.17
300987.SZ,20260914,14.17,14.32,14.32,14.17,82400.0,1179472.96,14.31
300988.SZ,20260914,14.81,14.9,14.9,14.81,12200.0,181681.0,14.89
300989.SZ,20260914,13.91,13.91,13.91,13.71,17200.0,239065.0,13.9
300990.SZ,20260914,84.48,84.57,84.74,84.48,79500.0,6724133.12,84.58
300991.SZ,20260914,30.2,30.4,30.4,30.0,194000.0,5881406.08,30.32
300992.SZ,20260914,24.29,24.29,24.39,24.29,7500.0,182392.0,24.32
300993.SZ,20260914,9.67,9.68,9.69,9.67,21700.0,210051.0,9.68
300994.SZ,20260914,10.6,10.55,10.64,10.55,2300.0,24369.0,10.6
300995.SZ,20260914,25.04,25.04,25.04,25.03,13800.0,345547.0,25.04
300996.SZ,20260914,12.8,12.82,12.85,12.79,154800.0,1983647.04,12.81
300997.SZ,20260914,15.5,15.5,15.5,15.35,92600.0,1432323.04,15.47
300998.SZ,20260914,30.21,30.44,30.9,30.2,7800.0,237176.0,30.41
300999.SZ,20260914,26.0,26.0,26.01,25.92,212200.0,5514807.04,25.99
301000.SZ,20260914,22.86,22.87,22.87,22.62,3700.0,84547.0,22.85
301001.SZ,20260914,24.46,24.46,24.46,24.4,11100.0,271493.0,24.46
301002.SZ,20260914,25.5,25.66,25.66,25.43,22400.0,573472.0,25.6
301003.SZ,20260914,56.25,56.99,56.99,56.25,10500.0,597955.0,56.95
301004.SZ,20260914,32.39,32.38,32.39,32.38,1000.0,32385.0,32.38
301005.SZ,20260914,61.7,61.53,61.7,61.51,25200.0,1550760.0,61.54
301006.SZ,20260914,13.24,13.15,13.28,13.15,58800.0,773576.0,13.16
301007.SZ,20260914,32.0,32.07,32.26,32.0,28400.0,910344.96,32.05
301008.SZ,20260914,38.35,38.26,39.0,38.23,186400.0,7145342.08,38.33
301009.SZ,20260914,8.68,8.69,8.69,8.68,34400.0,298934.0,8.69
301010.SZ,20260914,16.84,16.86,16.96,16.84,29900.0,504205.0,16.86
301011.SZ,20260914,14.58,14.64,14.64,14.58,19300.0,282361.0,14.63
301012.SZ,20260914,21.77,21.78,21.8,21.75,32400.0,705624.96,21.78
301013.SZ,20260914,36.87,36.79,36.91,36.77,356100.0,13106350.08,36.81
301015.SZ,20260914,23.2,23.38,23.44,23.2,43600.0,1013680.0,23.25
301016.SZ,20260914,15.66,15.74,15.77,15.66,21600.0,340043.0,15.74
301017.SZ,20260914,11.97,11.91,11.98,11.91,15000.0,178985.0,11.93
301018.SZ,20260914,94.9,95.0,95.49,94.84,164200.0,15604913.92,95.04
301019.SZ,20260914,14.5,14.5,14.5,14.5,13300.0,192850.0,14.5
301020.SZ,20260914,20.67,20.75,20.75,20.67,53300.0,1105339.04,20.74
301021.SZ,20260914,72.34,72.5,72.65,72.33,78300.0,5675239.68,72.48
301022.SZ,20260914,21.43,21.43,21.43,21.24,5600.0,119959.0,21.42
301023.SZ,20260914,27.26,27.26,27.34,27.26,3900.0,106340.04,27.27
301024.SZ,20260914,31.26,30.96,31.26,30.96,3100.0,96050.0,30.98
301025.SZ,20260914,9.71,9.66,9.77,9.66,276100.0,2672364.0,9.68
301026.SZ,20260914,19.13,19.13,19.14,19.0,22000.0,420122.0,19.1
301027.SZ,20260914,20.66,20.66,20.7,20.64,16100.0,332612.0,20.66
301028.SZ,20260914,12.62,12.62,12.63,12.53,23100.0,291414.0,12.62
301029.SZ,20260914,23.13,23.2,23.2,23.13,90200.0,2091547.04,23.19
301030.SZ,20260914,7.5,7.5,7.53,7.5,55000.0,412808.0,7.51
301031.SZ,20260914,88.42,88.99,88.99,88.2,4400.0,391121.0,88.89
301032.SZ,20260914,9.88,9.9,9.9,9.83,16000.0,158273.0,9.89
301033.SZ,20260914,50.69,51.19,51.19,50.58,3700.0,188378.0,50.91
301035.SZ,20260914,55.05,55.12,55.12,54.51,5100.0,280983.0,55.1
301036.SZ,20260914,21.34,21.3,21.34,21.3,2700.0,57530.0,21.31
301037.SZ,20260914,12.23,12.25,12.25,12.23,29200.0,357698.0,12.25
301038.SZ,20260914,17.73,17.74,17.74,17.23,66300.0,1150506.0,17.35
301039.SZ,20260914,7.38,7.39,7.39,7.37,10800.0,79791.0,7.39
301040.SZ,20260914,26.16,26.26,26.62,26.16,6700.0,176062.0,26.28
301041.SZ,20260914,31.58,31.64,31.64,31.47,81100.0,2562561.92,31.6
301042.SZ,20260914,29.26,29.39,29.4,29.17,27900.0,819568.0,29.38
301043.SZ,20260914,50.85,51.0,51.2,50.85,12300.0,627436.0,51.01
301045.SZ,20260914,61.12,61.0,61.61,60.81,11500.0,702243.04,61.07
301046.SZ,20260914,31.08,31.09,31.09,31.0,72200.0,2244056.96,31.08
301047.SZ,20260914,93.19,93.5,93.5,93.01,53400.0,4987141.12,93.39
301048.SZ,20260914,9.0,9.0,9.0,8.99,19300.0,173690.0,9.0
301049.SZ,20260914,19.82,19.83,19.83,19.82,6000.0,118970.0,19.83
301050.SZ,20260914,27.24,27.41,27.41,26.83,166400.0,4535631.36,27.26
301051.SZ,20260914,16.5,16.99,16.99,16.5,59100.0,998140.0,16.89
301052.SZ,20260914,23.68,23.86,23.86,23.68,8800.0,209930.0,23.86
301053.SZ,20260914,35.8,36.15,36.18,35.59,98000.0,3538979.84,36.11
301055.SZ,20260914,30.0,29.66,30.0,29.65,30400.0,903143.04,29.71
301056.SZ,20260914,14.57,14.65,14.65,14.5,17400.0,254490.0,14.63
301057.SZ,20260914,20.2,20.0,20.2,20.0,5500.0,110442.0,20.08
301058.SZ,20260914,8.85,8.86,8.9,8.85,55700.0,493491.0,8.86
301059.SZ,20260914,12.24,12.24,12.24,12.24,1100.0,13464.0,12.24
301060.SZ,20260914,9.87,9.85,9.91,9.85,77000.0,759012.0,9.86
301061.SZ,20260914,35.09,35.1,35.1,34.89,5500.0,192445.0,34.99
301062.SZ,20260914,7.17,7.27,7.27,7.16,23000.0,166635.0,7.25
301063.SZ,20260914,16.81,16.81,16.82,16.81,8200.0,137849.0,16.81
301065.SZ,20260914,18.75,18.79,18.8,18.75,4100.0,77036.0,18.79
301066.SZ,20260914,12.18,12.18,12.19,12.18,9300.0,113275.0,12.18
301067.SZ,20260914,30.26,30.59,30.59,30.26,11400.0,347958.0,30.52
301068.SZ,20260914,27.02,27.02,27.02,26.93,5100.0,137712.0,27.0
301069.SZ,20260914,15.5,15.4,15.55,15.4,34200.0,527678.0,15.43
301070.SZ,20260914,61.0,61.0,61.0,60.83,6800.0,414778.0,61.0
301071.SZ,20260914,58.9,59.0,59.0,58.6,208700.0,12292227.84,58.9
301072.SZ,20260914,42.39,42.29,42.45,42.29,4300.0,182042.0,42.34
301073.SZ,20260914,18.23,18.2,18.3,18.17,305000.0,5555022.72,18.21
301075.SZ,20260914,56.02,56.27,56.27,56.02,1600.0,89982.0,56.24
301076.SZ,20260914,19.95,20.01,20.02,19.95,4800.0,95965.0,19.99
301077.SZ,20260914,20.53,20.32,20.53,20.32,5200.0,105734.0,20.33
301078.SZ,20260914,7.01,7.0,7.02,7.0,189100.0,1323859.04,7.0
301079.SZ,20260914,27.62,27.86,27.86,27.38,4100.0,112998.0,27.56
301080.SZ,20260914,80.08,80.35,80.5,79.96,158100.0,12694338.56,80.29
301081.SZ,20260914,16.21,16.12,16.28,16.08,17500.0,282408.0,16.14
301082.SZ,20260914,9.84,9.91,9.96,9.84,47400.0,469638.0,9.91
301083.SZ,20260914,13.25,13.36,13.36,13.25,1600.0,21365.0,13.35
301085.SZ,20260914,71.98,71.61,71.99,71.61,96457.0,6915865.6,71.7
301086.SZ,20260914,150.0,146.11,150.0,146.11,70040.0,10298995.2,147.04
301087.SZ,20260914,52.8,52.86,52.86,52.45,22600.0,1194070.0,52.84
301088.SZ,20260914,13.0,13.2,13.2,13.0,26700.0,351672.0,13.17
301089.SZ,20260914,21.59,21.66,21.66,21.5,2600.0,56091.0,21.57
301090.SZ,20260914,6.78,6.79,6.79,6.76,30100.0,203876.0,6.77
301091.SZ,20260914,18.87,18.87,18.98,18.84,30000.0,566305.0,18.88
301092.SZ,20260914,42.0,41.48,42.1,41.4,21200.0,880152.96,41.52
301093.SZ,20260914,58.2,58.15,58.43,58.15,23400.0,1361768.96,58.2
301095.SZ,20260914,71.74,71.74,72.05,71.74,25400.0,1823091.04,71.78
301096.SZ,20260914,48.48,48.01,48.48,47.94,45300.0,2178014.08,48.08
301097.SZ,20260914,32.49,31.77,32.49,31.77,3600.0,116124.0,32.26
301098.SZ,20260914,9.08,9.09,9.2,9.0,62900.0,571851.0,9.09
301099.SZ,20260914,49.25,49.25,49.49,49.0,89494.0,4405117.12,49.22
301100.SZ,20260914,14.97,14.98,14.99,14.97,7900.0,118339.0,14.98
301101.SZ,20260914,28.3,28.31,28.31,28.13,19000.0,537379.0,28.28
301102.SZ,20260914,9.59,9.53,9.59,9.5,3700.0,35272.0,9.53
301103.SZ,20260914,15.73,15.8,15.8,15.73,9200.0,145214.0,15.78
301105.SZ,20260914,47.4,47.39,47.4,47.39,3700.0,175345.0,47.39
301106.SZ,20260914,18.59,18.56,18.59,18.47,24100.0,446645.72,18.53
301107.SZ,20260914,20.9,21.1,21.1,20.7,14500.0,303588.0,20.94
301108.SZ,20260914,40.13,40.25,40.25,40.13,4400.0,176996.0,40.23
301109.SZ,20260914,12.83,12.88,12.88,12.82,9500.0,122261.0,12.87
301110.SZ,20260914,34.27,34.39,34.39,34.2,21100.0,723419.04,34.29
301111.SZ,20260914,20.16,20.19,20.19,19.9,9500.0,191327.0,20.14
301112.SZ,20260914,29.49,29.27,29.49,29.27,700.0,20533.0,29.33
301113.SZ,20260914,16.7,17.01,17.01,16.7,15500.0,263624.0,17.01
301115.SZ,20260914,28.29,28.29,28.46,28.28,13100.0,370901.0,28.31
301116.SZ,20260914,9.23,9.26,9.26,9.23,29400.0,272176.0,9.26
301117.SZ,20260914,13.45,13.4,13.55,13.4,36900.0,494876.0,13.41
301118.SZ,20260914,22.33,22.25,22.33,22.25,6200.0,138113.0,22.28
301119.SZ,20260914,24.0,23.82,24.0,23.82,8300.0,198057.0,23.86
301120.SZ,20260914,14.61,14.59,14.62,14.59,12250.0,178806.5,14.6
301121.SZ,20260914,34.48,34.47,34.5,34.47,8500.0,293033.0,34.47
301122.SZ,20260914,45.32,45.12,45.58,45.12,31900.0,1442332.0,45.21
301123.SZ,20260914,73.6,74.04,74.23,73.58,75200.0,5561827.2,73.96
301125.SZ,20260914,13.35,13.36,13.36,13.27,9800.0,130880.0,13.36
301126.SZ,20260914,10.07,10.11,10.11,10.05,19500.0,196900.0,10.1
301127.SZ,20260914,16.53,16.65,16.65,16.52,41800.0,694052.0,16.6
301128.SZ,20260914,104.98,104.99,105.25,104.98,54000.0,5674172.8,105.08
301129.SZ,20260914,22.79,22.82,22.82,22.79,9200.0,209928.0,22.82
301130.SZ,20260914,25.75,25.78,25.83,25.7,23400.0,602960.0,25.77
301131.SZ,20260914,31.15,31.0,31.15,31.0,2600.0,80748.0,31.06
301132.SZ,20260914,47.0,47.56,47.65,46.98,264500.0,12485918.72,47.21
301133.SZ,20260914,26.46,26.51,26.6,26.44,15300.0,405584.0,26.51
301135.SZ,20260914,16.47,16.5,16.5,16.42,2900.0,47836.0,16.5
301136.SZ,20260914,12.01,12.01,12.04,12.0,43900.0,527287.0,12.01
301137.SZ,20260914,31.87,31.88,31.88,31.52,11800.0,375051.0,31.78
301138.SZ,20260914,27.38,27.3,27.46,27.3,13800.0,376780.0,27.3
301139.SZ,20260914,3.31,3.31,3.31,3.31,0.0,0.0,3.31
301141.SZ,20260914,36.1,36.34,36.34,36.1,2600.0,94292.0,36.27
301148.SZ,20260914,56.73,56.73,56.73,56.6,6700.0,380064.0,56.73
301149.SZ,20260914,8.6,8.56,8.6,8.56,96800.0,829766.0,8.57
301150.SZ,20260914,37.98,37.9,37.99,37.6,198200.0,7509100.8,37.89
301151.SZ,20260914,20.8,20.9,20.9,20.76,17300.0,361228.0,20.88
301152.SZ,20260914,20.5,20.6,20.68,20.46,39500.0,813531.04,20.6
301153.SZ,20260914,17.1,17.02,17.21,17.02,22800.0,388403.0,17.04
301155.SZ,20260914,39.58,39.6,39.7,39.42,228100.0,9031276.8,39.59
301156.SZ,20260914,11.7,11.76,11.76,11.6,34400.0,404018.0,11.75
301157.SZ,20260914,58.95,58.95,58.95,58.95,5100.0,300645.0,58.95
301158.SZ,20260914,15.08,15.08,15.25,15.0,491809.0,7418538.24,15.08
301159.SZ,20260914,30.3,30.39,30.39,30.3,3500.0,106162.0,30.33
301160.SZ,20260914,41.0,41.83,41.83,41.0,24600.0,1024415.04,41.64
301161.SZ,20260914,27.35,27.41,27.54,27.35,12500.0,342733.0,27.42
301162.SZ,20260914,34.56,34.56,35.0,34.56,3600.0,124576.0,34.6
301163.SZ,20260914,21.21,21.33,21.33,21.2,10200.0,217541.0,21.33
301165.SZ,20260914,105.33,105.1,105.63,105.1,77594.0,8168023.68,105.27
301166.SZ,20260914,27.87,28.0,28.0,27.87,20600.0,576391.0,27.98
301167.SZ,20260914,12.95,12.95,12.95,12.91,13700.0,177398.0,12.95
301168.SZ,20260914,40.0,40.3,40.3,39.7,2500.0,100420.0,40.17
301169.SZ,20260914,55.12,55.13,55.54,54.54,53700.0,2955135.04,55.03
301170.SZ,20260914,21.76,21.76,21.85,21.76,49300.0,1073476.0,21.77
301171.SZ,20260914,33.7,33.66,33.89,33.61,988000.0,33266664.96,33.67
301172.SZ,20260914,17.34,17.45,17.64,17.34,61800.0,1079572.96,17.47
301173.SZ,20260914,32.43,32.02,32.43,32.02,1600.0,51642.0,32.28
301175.SZ,20260914,5.68,5.68,5.69,5.66,174000.0,987732.96,5.68
301176.SZ,20260914,58.13,58.62,59.08,58.13,709500.0,41589427.2,58.62
301177.SZ,20260914,22.3,22.33,22.37,22.3,19300.0,430863.0,22.33
301178.SZ,20260914,35.99,35.8,36.34,35.8,110700.0,3977256.0,35.93
301179.SZ,20260914,20.01,20.0,20.01,19.98,25500.0,509810.0,19.99
301180.SZ,20260914,11.43,11.47,11.47,11.3,15900.0,181618.0,11.42
301181.SZ,20260914,22.97,23.0,23.11,22.88,41100.0,945356.0,23.0
301182.SZ,20260914,65.93,66.0,66.13,65.0,50100.0,3284058.88,65.55
301183.SZ,20260914,246.81,246.99,248.0,246.13,160500.0,39633310.72,246.94
301185.SZ,20260914,16.8,16.78,16.82,16.78,10200.0,171247.0,16.79
301186.SZ,20260914,33.25,33.21,33.41,33.21,15900.0,528666.0,33.25
301187.SZ,20260914,13.23,13.29,13.34,13.23,12900.0,171439.0,13.29
301188.SZ,20260914,31.1,31.0,31.27,31.0,58800.0,1827323.04,31.08
301189.SZ,20260914,60.5,60.78,60.78,60.0,66600.0,4039439.04,60.65
301190.SZ,20260914,17.59,17.26,17.59,17.26,115200.0,1995513.92,17.32
301191.SZ,20260914,80.0,80.2,80.2,79.74,13300.0,1064591.04,80.04
301192.SZ,20260914,18.52,18.52,18.52,18.47,16000.0,296249.0,18.52
301193.SZ,20260914,19.4,19.39,19.4,19.03,8400.0,162459.0,19.34
301195.SZ,20260914,25.23,25.23,25.23,25.23,200.0,5046.0,25.23
301196.SZ,20260914,79.0,79.66,80.35,79.0,30710.0,2442782.72,79.54
301197.SZ,20260914,24.55,24.53,24.96,24.5,12300.0,302061.0,24.56
301198.SZ,20260914,12.51,12.69,12.8,12.5,50800.0,643764.0,12.67
301199.SZ,20260914,17.35,17.32,17.35,17.32,18900.0,327413.0,17.32
301200.SZ,20260914,254.0,254.53,254.54,253.0,10452.0,2659091.04,254.41
301201.SZ,20260914,31.84,32.0,32.0,31.8,15400.0,492262.0,31.97
301202.SZ,20260914,34.53,34.53,35.18,34.53,900.0,31317.0,34.8
301203.SZ,20260914,32.77,32.9,32.9,32.65,900.0,29559.0,32.84
301205.SZ,20260914,280.71,281.13,282.16,279.89,81190.0,22825013.76,281.13
301206.SZ,20260914,24.57,24.57,24.58,24.42,132500.0,3251141.12,24.54
301207.SZ,20260914,17.48,17.45,17.56,17.45,188694.0,3300296.32,17.49
301208.SZ,20260914,28.81,28.8,28.87,28.8,13800.0,397483.0,28.8
301209.SZ,20260914,57.39,57.42,57.45,57.0,12300.0,705587.04,57.37
301210.SZ,20260914,24.0,24.17,24.17,24.0,23300.0,562631.0,24.15
301211.SZ,20260914,10.97,10.97,11.04,10.97,19900.0,218501.0,10.98
301212.SZ,20260914,24.52,24.51,24.7,24.5,4400.0,107894.0,24.52
301213.SZ,20260914,40.69,40.69,40.8,40.6,7700.0,313388.0,40.7
301215.SZ,20260914,5.24,5.24,5.24,5.22,7900.0,41384.0,5.24
301216.SZ,20260914,17.06,17.06,17.11,17.01,242600.0,4136848.0,17.05
301217.SZ,20260914,104.5,104.5,104.99,104.2,236400.0,24718492.16,104.56
301218.SZ,20260914,44.66,44.58,44.98,44.58,76300.0,3404681.92,44.62
301219.SZ,20260914,40.6,40.59,40.75,40.59,55760.0,2264137.44,40.61
301220.SZ,20260914,27.93,27.93,28.1,27.85,40700.0,1136464.0,27.92
301221.SZ,20260914,24.8,24.76,24.8,24.76,4500.0,111432.0,24.76
301222.SZ,20260914,23.52,23.61,23.61,23.52,1000.0,23565.0,23.57
301223.SZ,20260914,17.74,17.79,17.8,17.47,5300.0,93921.0,17.72
301225.SZ,20260914,52.18,52.08,52.34,52.0,35500.0,1850852.96,52.14
301226.SZ,20260914,29.88,29.87,29.88,29.78,7400.0,220968.0,29.86
301227.SZ,20260914,31.87,31.99,31.99,31.85,18800.0,600404.0,31.94
301228.SZ,20260914,57.83,57.55,58.0,57.55,5300.0,305452.0,57.63
301229.SZ,20260914,11.56,11.57,11.57,11.53,13000.0,150336.0,11.56
301230.SZ,20260914,28.07,27.79,28.28,27.66,225300.0,6284437.76,27.89
301231.SZ,20260914,27.49,27.59,27.59,27.31,33400.0,920931.04,27.57
301232.SZ,20260914,91.08,91.0,91.21,91.0,10900.0,992144.96,91.02
301233.SZ,20260914,31.77,31.77,31.77,31.63,12200.0,387580.0,31.77
301234.SZ,20260914,99.61,99.61,101.55,99.6,33300.0,3318567.04,99.66
301235.SZ,20260914,42.38,42.4,42.58,42.3,51300.0,2174831.04,42.39
301236.SZ,20260914,35.8,35.9,35.9,35.71,168500.0,6042286.72,35.86
301237.SZ,20260914,37.26,37.34,37.34,37.1,3800.0,141805.0,37.32
301238.SZ,20260914,15.38,15.3,15.38,15.3,68500.0,1049548.0,15.32
301239.SZ,20260914,30.68,30.69,30.69,30.4,6000.0,183751.0,30.63
301246.SZ,20260914,16.99,16.96,17.0,16.93,75200.0,1276440.96,16.97
301248.SZ,20260914,53.15,53.32,53.53,51.7,20100.0,1066715.04,53.07
301251.SZ,20260914,57.99,58.0,58.3,57.99,87000.0,5048403.84,58.03
301252.SZ,20260914,35.0,35.0,35.0,34.9,12500.0,437450.0,35.0
301255.SZ,20260914,18.09,18.09,18.09,18.09,2200.0,39798.0,18.09
301256.SZ,20260914,9.75,9.75,9.75,9.75,11400.0,111150.0,9.75
301257.SZ,20260914,35.05,35.07,35.07,34.86,27300.0,956494.0,35.04
301258.SZ,20260914,24.45,24.47,24.47,24.38,5500.0,134537.0,24.46
301259.SZ,20260914,20.16,20.23,20.27,20.16,18100.0,365969.0,20.22
301260.SZ,20260914,11.39,11.39,11.39,11.37,8900.0,101276.0,11.38
301261.SZ,20260914,53.2,53.7,53.9,53.14,14820.0,792349.6,53.47
301262.SZ,20260914,20.1,20.05,20.13,20.01,87000.0,1745496.0,20.06
301263.SZ,20260914,19.59,19.72,19.72,19.59,800.0,15763.0,19.7
301265.SZ,20260914,18.31,18.45,18.5,18.31,70700.0,1303544.96,18.44
301266.SZ,20260914,23.59,23.54,23.59,23.4,37700.0,886483.04,23.51
301267.SZ,20260914,14.65,14.65,14.67,14.61,5500.0,80522.0,14.64
301268.SZ,20260914,11.68,11.69,11.69,11.67,21600.0,252471.0,11.69
301269.SZ,20260914,86.16,86.01,86.22,86.0,26300.0,2262980.0,86.05
301270.SZ,20260914,32.38,32.38,32.74,32.35,43600.0,1412142.08,32.39
301272.SZ,20260914,32.77,32.7,32.94,32.7,2800.0,91715.0,32.76
301273.SZ,20260914,34.85,34.85,35.28,34.85,3400.0,119524.0,35.15
301275.SZ,20260914,39.77,39.9,39.9,39.77,14400.0,573678.0,39.84
301276.SZ,20260914,16.92,17.1,17.16,16.92,13800.0,235915.0,17.09
301277.SZ,20260914,9.7,9.7,9.71,9.7,8800.0,85370.0,9.7
301278.SZ,20260914,27.34,27.31,27.34,27.3,7400.0,202241.0,27.33
301279.SZ,20260914,22.28,22.33,22.33,22.28,13400.0,299149.0,22.33
301280.SZ,20260914,41.4,41.57,42.12,41.4,27300.0,1137851.04,41.68
301281.SZ,20260914,46.55,46.44,46.68,46.1,13600.0,631427.0,46.43
301282.SZ,20260914,41.49,41.51,41.67,41.36,160000.0,6646689.28,41.54
301283.SZ,20260914,24.5,24.53,24.7,24.5,15100.0,370590.0,24.54
301285.SZ,20260914,85.19,85.64,85.64,84.46,11100.0,949652.0,85.55
301286.SZ,20260914,43.04,43.07,43.07,43.0,7200.0,310085.0,43.07
301287.SZ,20260914,40.29,40.52,40.8,40.28,11500.0,465986.2,40.52
301288.SZ,20260914,16.17,15.99,16.27,15.99,28700.0,459354.0,16.0
301289.SZ,20260914,42.94,42.94,43.0,42.94,3700.0,158884.0,42.94
301290.SZ,20260914,26.42,26.41,26.42,26.41,800.0,21132.0,26.42
301291.SZ,20260914,32.6,32.4,32.6,32.34,38800.0,1258916.0,32.45
301292.SZ,20260914,60.0,60.0,60.5,60.0,46700.0,2803836.16,60.04
301293.SZ,20260914,48.39,48.49,48.49,48.21,10500.0,509023.0,48.48
301295.SZ,20260914,34.55,34.59,34.59,34.4,7100.0,245387.0,34.56
301296.SZ,20260914,6.25,6.25,6.25,6.25,12200.0,76250.0,6.25
301297.SZ,20260914,42.8,42.87,43.1,42.72,334738.0,14358999.04,42.9
301298.SZ,20260914,12.2,12.31,12.31,12.2,32300.0,397227.0,12.3
301299.SZ,20260914,43.82,43.87,43.87,43.81,8700.0,381543.0,43.86
301300.SZ,20260914,32.1,32.1,32.1,32.1,1800.0,57780.0,32.1
301301.SZ,20260914,8.12,8.11,8.12,8.05,377200.0,3055898.88,8.1
301302.SZ,20260914,21.59,21.6,21.6,21.5,16100.0,347389.0,21.58
301303.SZ,20260914,13.17,13.2,13.2,13.15,7000.0,92355.0,13.19
301305.SZ,20260914,25.9,26.01,26.01,25.9,77600.0,2017190.08,26.0
301306.SZ,20260914,98.01,98.26,98.26,98.01,21600.0,2122159.04,98.25
301307.SZ,20260914,53.53,53.54,53.8,53.11,63300.0,3389841.92,53.55
301308.SZ,20260914,332.0,333.0,333.33,331.0,137300.0,45704263.68,332.88
301309.SZ,20260914,29.58,29.52,29.58,29.52,2000.0,59126.0,29.56
301310.SZ,20260914,53.88,52.96,53.88,52.96,18100.0,962940.96,53.2
301311.SZ,20260914,13.72,13.72,13.72,13.7,26100.0,358018.0,13.72
301312.SZ,20260914,77.3,77.51,77.82,77.2,106700.0,8274497.92,77.55
301313.SZ,20260914,30.58,30.58,30.99,30.53,13700.0,420635.0,30.7
301314.SZ,20260914,42.56,44.8,44.8,42.31,2200.0,96137.0,43.7
301315.SZ,20260914,37.69,37.68,37.69,37.68,6800.0,256250.0,37.68
301316.SZ,20260914,35.56,35.56,35.75,35.38,33300.0,1184120.96,35.56
301317.SZ,20260914,47.61,47.93,47.93,47.61,13300.0,636477.0,47.86
301318.SZ,20260914,20.33,20.33,20.37,20.33,3500.0,71162.0,20.33
301319.SZ,20260914,89.18,89.26,89.49,88.75,79400.0,7086330.24,89.25
301320.SZ,20260914,13.45,13.47,13.47,13.38,46900.0,631724.0,13.47
301321.SZ,20260914,43.64,43.28,43.64,43.28,35600.0,1545439.04,43.41
301322.SZ,20260914,39.09,39.0,39.19,39.0,49200.0,1919612.0,39.02
301323.SZ,20260914,67.58,67.64,67.64,66.53,10500.0,708216.0,67.45
301325.SZ,20260914,27.58,27.7,27.7,27.58,6600.0,182496.0,27.65
301326.SZ,20260914,94.59,94.78,94.78,94.33,5400.0,511603.0,94.74
301327.SZ,20260914,40.17,40.18,40.19,40.15,3200.0,128569.0,40.18
301328.SZ,20260914,48.88,49.01,49.01,48.88,1400.0,68588.0,48.99
301329.SZ,20260914,18.88,18.88,18.97,18.88,38300.0,723287.04,18.89
301330.SZ,20260914,24.0,23.95,24.0,23.95,3300.0,79088.0,23.97
301331.SZ,20260914,20.61,20.51,20.62,20.51,7700.0,157982.0,20.52
301332.SZ,20260914,7.57,7.58,7.58,7.57,6200.0,46994.0,7.58
301333.SZ,20260914,58.74,58.73,58.88,58.73,15200.0,893175.04,58.76
301335.SZ,20260914,22.0,22.0,22.35,22.0,9900.0,218388.0,22.06
301336.SZ,20260914,42.0,43.14,43.14,42.0,4700.0,202589.0,43.1
301337.SZ,20260914,27.19,27.2,27.28,27.19,4400.0,119687.0,27.2
301338.SZ,20260914,95.51,95.55,95.67,95.0,39600.0,3783206.08,95.54
301339.SZ,20260914,11.21,11.22,11.23,11.18,70100.0,785784.0,11.21
301345.SZ,20260914,218.01,220.08,220.08,217.04,3200.0,701042.0,219.08
301348.SZ,20260914,20.16,20.14,20.24,20.12,28800.0,580254.0,20.15
301349.SZ,20260914,40.99,41.0,41.0,40.5,35300.0,1447185.92,41.0
301353.SZ,20260914,18.21,18.21,18.3,18.21,5500.0,100328.0,18.24
301355.SZ,20260914,10.99,10.97,10.99,10.95,45700.0,501361.0,10.97
301356.SZ,20260914,18.77,18.77,18.77,18.77,100.0,1877.0,18.77
301357.SZ,20260914,109.55,109.53,111.0,108.88,219000.0,23982819.84,109.51
301358.SZ,20260914,52.85,52.9,52.99,52.68,102700.0,5429057.92,52.86
301359.SZ,20260914,17.87,17.91,17.91,17.87,15600.0,279232.0,17.9
301360.SZ,20260914,52.0,51.83,52.0,51.83,7300.0,378588.0,51.86
301361.SZ,20260914,25.63,25.84,25.93,25.63,17800.0,458727.0,25.77
301362.SZ,20260914,103.44,102.89,103.48,102.89,19700.0,2027927.04,102.94
301363.SZ,20260914,15.15,15.15,15.23,15.1,40600.0,615388.8,15.16
301365.SZ,20260914,37.68,37.93,37.95,37.48,42200.0,1596286.08,37.83
301366.SZ,20260914,58.89,58.96,59.05,58.71,163600.0,9639399.68,58.92
301367.SZ,20260914,43.48,43.52,43.8,43.48,12800.0,557816.0,43.58
301368.SZ,20260914,35.5,35.6,35.6,35.5,8700.0,309665.0,35.59
301369.SZ,20260914,120.0,121.0,121.6,120.0,5300.0,639509.0,120.66
301370.SZ,20260914,8.34,8.34,8.35,8.34,10400.0,86739.0,8.34
301371.SZ,20260914,20.32,20.32,20.35,20.31,10500.0,213419.0,20.33
301372.SZ,20260914,31.1,31.5,31.5,30.71,7200.0,225029.0,31.25
301373.SZ,20260914,95.12,95.11,95.51,95.11,48600.0,4626042.88,95.19
301376.SZ,20260914,22.49,22.47,22.7,22.47,14800.0,332849.0,22.49
301377.SZ,20260914,380.28,383.28,384.16,380.28,18100.0,6938977.92,383.37
301378.SZ,20260914,23.77,23.7,23.78,23.56,9100.0,215519.0,23.68
301379.SZ,20260914,19.89,19.97,19.97,19.82,253100.0,5049336.96,19.95
301380.SZ,20260914,32.23,32.29,32.3,32.23,15400.0,497190.0,32.29
301381.SZ,20260914,22.94,23.0,23.0,22.65,58000.0,1330196.96,22.93
301382.SZ,20260914,34.55,34.39,34.6,34.35,83023.0,2863162.56,34.49
301383.SZ,20260914,23.08,23.1,23.1,23.07,12900.0,297748.0,23.08
301386.SZ,20260914,19.3,19.3,19.33,19.3,25600.0,494230.0,19.31
301387.SZ,20260914,53.86,54.0,54.0,53.5,21200.0,1142082.0,53.87
301388.SZ,20260914,23.9,23.86,23.98,23.8,3700.0,88320.0,23.87
301389.SZ,20260914,54.12,54.06,54.28,54.06,68600.0,3711020.16,54.1
301390.SZ,20260914,37.5,37.5,37.5,37.5,0.0,0.0,37.5
301391.SZ,20260914,41.72,41.68,41.79,41.68,3000.0,125099.0,41.7
301392.SZ,20260914,155.0,155.66,157.98,155.0,52500.0,8167038.72,155.56
301393.SZ,20260914,54.93,54.95,54.95,54.38,14700.0,807424.96,54.93
301395.SZ,20260914,11.9,11.93,11.93,11.9,5100.0,60807.0,11.92
301396.SZ,20260914,166.11,166.12,167.4,165.83,84500.0,14045382.4,166.22
301397.SZ,20260914,21.6,21.6,21.61,21.59,25100.0,542177.76,21.6
301398.SZ,20260914,35.9,35.92,35.92,35.9,11000.0,395108.0,35.92
301399.SZ,20260914,19.24,19.35,19.36,19.24,47200.0,913060.0,19.34
301408.SZ,20260914,13.61,13.74,13.74,13.61,28400.0,389711.0,13.72
301413.SZ,20260914,53.9,53.9,53.96,53.76,11760.0,633431.64,53.86
301418.SZ,20260914,32.9,32.99,33.0,32.89,7500.0,247329.0,32.98
301419.SZ,20260914,38.9,39.06,39.2,38.85,53800.0,2100836.96,39.05
301421.SZ,20260914,71.44,71.3,71.5,71.3,6900.0,492297.0,71.35
301428.SZ,20260914,26.84,26.8,26.84,26.62,10000.0,267830.0,26.78
301429.SZ,20260914,16.82,16.99,16.99,16.82,4100.0,69525.0,16.96
301439.SZ,20260914,14.7,14.7,14.78,14.66,377700.0,5551868.16,14.7
301446.SZ,20260914,36.17,36.17,36.17,36.16,3300.0,119359.0,36.17
301448.SZ,20260914,44.91,44.9,44.91,44.5,2200.0,98664.0,44.85
301449.SZ,20260914,38.55,38.55,38.55,38.2,3400.0,130828.0,38.48
301456.SZ,20260914,23.78,23.9,23.9,23.74,68900.0,1644134.08,23.86
301458.SZ,20260914,36.05,36.31,36.41,36.05,98900.0,3589107.84,36.29
301459.SZ,20260914,32.03,32.03,32.03,31.88,1200.0,38421.0,32.02
301468.SZ,20260914,30.14,30.13,30.43,30.0,12900.0,388221.0,30.1
301469.SZ,20260914,27.02,27.13,27.13,27.02,2700.0,73075.0,27.07
301479.SZ,20260914,46.43,46.5,46.8,46.38,18600.0,864634.0,46.49
301486.SZ,20260914,174.77,174.9,175.18,172.72,115900.0,20233987.84,174.58
301487.SZ,20260914,14.86,14.86,14.89,14.78,76600.0,1138456.96,14.86
301488.SZ,20260914,91.01,91.0,91.3,91.0,3900.0,355003.0,91.03
301489.SZ,20260914,117.0,117.92,117.98,117.0,32500.0,3826531.84,117.74
301491.SZ,20260914,35.99,36.15,36.15,35.99,39900.0,1437260.0,36.02
301498.SZ,20260914,36.88,36.85,36.9,36.84,56700.0,2090335.04,36.87
301499.SZ,20260914,23.87,23.28,23.95,23.28,4900.0,115722.0,23.62
301500.SZ,20260914,23.66,23.73,23.9,23.65,90885.0,2157546.72,23.74
301501.SZ,20260914,26.43,26.45,26.45,26.43,3700.0,97829.0,26.44
301502.SZ,20260914,48.5,47.98,48.86,47.98,3600.0,173076.0,48.08
301503.SZ,20260914,20.99,20.83,20.99,20.83,9400.0,196567.0,20.91
301505.SZ,20260914,18.8,18.88,18.88,18.8,34500.0,651194.0,18.88
301507.SZ,20260914,11.8,11.72,11.8,11.72,7300.0,85799.0,11.75
301508.SZ,20260914,23.72,23.72,23.72,23.72,5200.0,123344.0,23.72
301509.SZ,20260914,26.85,26.79,26.85,26.79,9600.0,257226.0,26.79
301510.SZ,20260914,25.03,25.2,25.2,25.0,46500.0,1170820.96,25.18
301511.SZ,20260914,103.52,103.59,103.95,103.0,413700.0,42825948.16,103.52
301512.SZ,20260914,28.8,29.22,29.22,28.8,1000.0,29178.0,29.18
301513.SZ,20260914,40.88,40.84,40.88,40.8,10000.0,408282.0,40.83
301515.SZ,20260914,18.48,18.51,18.51,18.48,3100.0,57369.0,18.51
301516.SZ,20260914,18.27,18.27,18.47,18.26,102800.0,1879680.96,18.29
301517.SZ,20260914,36.7,36.98,36.98,36.48,4600.0,169542.0,36.86
301518.SZ,20260914,22.19,22.19,22.29,22.19,14100.0,313064.0,22.2
301519.SZ,20260914,11.3,11.45,11.45,11.3,4200.0,48070.0,11.45
301520.SZ,20260914,54.51,54.3,54.63,54.3,345082.0,18763527.68,54.37
301522.SZ,20260914,23.02,23.01,23.04,23.01,16800.0,386611.0,23.01
301525.SZ,20260914,35.51,35.77,36.27,35.1,15000.0,534710.0,35.65
301526.SZ,20260914,29.81,29.8,29.96,29.7,3643400.0,108621148.16,29.81
301528.SZ,20260914,61.03,61.0,61.03,60.65,16000.0,975846.0,60.99
301529.SZ,20260914,113.1,112.99,114.15,112.0,15700.0,1774388.96,113.02
301531.SZ,20260914,44.18,44.07,44.68,44.0,10200.0,449757.0,44.09
301533.SZ,20260914,28.75,28.8,28.8,28.42,26900.0,774128.0,28.78
301535.SZ,20260914,13.18,13.29,13.3,13.18,1600.0,21156.0,13.22
301536.SZ,20260914,109.54,110.0,110.0,109.1,129400.0,14221870.08,109.91
301538.SZ,20260914,37.9,38.0,38.0,37.9,5200.0,197283.0,37.94
301539.SZ,20260914,15.71,15.78,15.78,15.68,203800.0,3212745.92,15.76
301548.SZ,20260914,52.3,52.6,52.6,52.0,5100.0,268025.0,52.55
301550.SZ,20260914,88.53,89.01,89.28,88.53,67400.0,5998764.8,89.0
301551.SZ,20260914,21.23,21.4,21.4,21.16,20400.0,435568.0,21.35
301552.SZ,20260914,23.7,23.71,23.71,23.68,12600.0,298624.0,23.7
301555.SZ,20260914,33.6,33.64,33.64,33.6,3600.0,121072.0,33.63
301556.SZ,20260914,64.0,64.37,64.42,63.78,110600.0,7108784.0,64.28
301557.SZ,20260914,85.0,85.03,85.03,85.0,1500.0,127512.0,85.01
301558.SZ,20260914,6.36,6.34,6.36,6.34,9600.0,60896.0,6.34
301559.SZ,20260914,12.84,12.8,12.85,12.79,24700.0,316234.0,12.8
301560.SZ,20260914,22.66,22.66,22.66,22.66,7400.0,167684.0,22.66
301563.SZ,20260914,107.53,107.55,108.83,107.03,5600.0,601536.0,107.42
301565.SZ,20260914,18.2,18.3,18.3,18.15,16500.0,301215.0,18.25
301566.SZ,20260914,25.24,25.26,25.32,25.11,515200.0,13003667.2,25.24
301567.SZ,20260914,34.44,34.84,34.84,34.44,2000.0,69440.0,34.72
301568.SZ,20260914,65.18,65.64,65.64,64.2,5000.0,326799.0,65.36
301571.SZ,20260914,71.61,72.33,72.35,71.61,62000.0,4481480.0,72.28
301575.SZ,20260914,20.8,20.87,20.91,20.76,484080.0,10089072.0,20.84
301577.SZ,20260914,56.3,56.3,56.3,55.5,4100.0,230666.0,56.26
301578.SZ,20260914,22.95,22.95,22.95,22.95,0.0,0.0,22.95
301580.SZ,20260914,52.5,52.78,52.78,52.5,25900.0,1366244.96,52.75
301581.SZ,20260914,34.5,34.74,34.74,34.5,4100.0,142326.0,34.71
301583.SZ,20260914,108.97,109.0,109.45,108.92,34900.0,3808024.0,109.11
301584.SZ,20260914,19.39,19.3,19.4,19.3,23400.0,451969.0,19.32
301585.SZ,20260914,27.78,27.78,27.78,27.78,0.0,0.0,27.78
301586.SZ,20260914,29.32,29.32,29.4,29.3,11700.0,343390.0,29.35
301587.SZ,20260914,20.23,20.22,20.25,20.22,34900.0,705707.04,20.22
301588.SZ,20260914,27.22,27.3,27.3,27.0,3000.0,81802.0,27.27
301589.SZ,20260914,139.85,139.95,140.5,139.85,7300.0,1021723.2,139.96
301590.SZ,20260914,65.03,65.05,65.84,65.03,2900.0,188731.0,65.08
301591.SZ,20260914,42.59,42.45,42.6,42.45,119200.0,5067141.12,42.51
301592.SZ,20260914,100.15,100.15,100.88,100.15,2200.0,220493.0,100.22
301595.SZ,20260914,41.0,41.05,41.06,41.0,4700.0,192827.0,41.03
301596.SZ,20260914,44.72,44.49,44.72,44.49,3000.0,133539.0,44.51
301598.SZ,20260914,48.53,48.51,48.53,48.5,9600.0,465697.0,48.51
301599.SZ,20260914,29.7,29.71,29.77,29.7,9400.0,279307.0,29.71
301600.SZ,20260914,74.64,74.63,74.94,74.63,13800.0,1030031.04,74.64
301601.SZ,20260914,14.75,14.76,14.76,14.73,13400.0,197717.0,14.76
301602.SZ,20260914,14.85,14.85,15.02,14.81,8600.0,127983.0,14.88
301603.SZ,20260914,112.65,112.56,113.12,112.56,6600.0,743416.0,112.64
301606.SZ,20260914,52.7,52.82,52.87,52.2,46900.0,2469398.08,52.65
301607.SZ,20260914,41.1,41.15,41.16,40.86,105900.0,4355504.96,41.13
301608.SZ,20260914,41.18,41.0,41.18,41.0,7700.0,315889.0,41.03
301609.SZ,20260914,33.0,32.94,33.0,32.89,47100.0,1551747.04,32.95
301611.SZ,20260914,84.51,84.52,84.69,83.88,36600.0,3093975.04,84.54
301613.SZ,20260914,34.66,34.65,34.66,34.65,1100.0,38120.0,34.66
301616.SZ,20260914,34.15,34.32,34.32,34.15,4100.0,140329.0,34.23
301617.SZ,20260914,45.6,45.9,45.9,45.6,3900.0,178937.0,45.88
301618.SZ,20260914,29.75,29.75,29.75,29.7,2100.0,62464.0,29.75
301622.SZ,20260914,34.89,35.03,35.37,34.89,14700.0,514029.0,34.97
301626.SZ,20260914,288.66,288.66,291.0,286.32,11000.0,3173349.12,288.49
301628.SZ,20260914,120.49,120.87,121.11,120.0,44400.0,5360666.88,120.74
301629.SZ,20260914,261.06,261.06,262.6,260.7,8700.0,2271500.96,261.09
301630.SZ,20260914,175.52,175.6,176.0,173.89,50000.0,8773809.28,175.48
301631.SZ,20260914,57.82,57.85,57.85,57.7,14200.0,821056.0,57.82
301632.SZ,20260914,12.73,12.74,12.74,12.72,7800.0,99354.0,12.74
301633.SZ,20260914,52.0,53.28,53.28,52.0,6900.0,364399.0,52.81
301636.SZ,20260914,36.8,36.8,36.8,36.8,2900.0,106720.0,36.8
301638.SZ,20260914,21.17,21.0,21.2,21.0,104500.0,2195443.04,21.01
301655.SZ,20260914,21.0,21.05,21.05,21.0,52800.0,1110634.0,21.04
301656.SZ,20260914,14.0,14.0,14.02,13.99,25400.0,355775.0,14.01
301658.SZ,20260914,21.09,21.04,21.09,21.0,4700.0,98890.0,21.04
301662.SZ,20260914,57.35,57.5,57.5,57.19,11500.0,660573.0,57.44
301665.SZ,20260914,22.01,21.97,22.01,21.97,2800.0,61520.0,21.97
301666.SZ,20260914,365.0,364.0,366.0,363.91,46900.0,17099855.36,364.6
301667.SZ,20260914,55.33,55.36,55.4,55.33,3800.0,210362.0,55.36
301668.SZ,20260914,31.14,31.19,31.19,31.14,1100.0,34285.0,31.17
301669.SZ,20260914,24.4,24.43,24.5,24.4,20500.0,500785.0,24.43
301677.SZ,20260914,47.5,47.54,47.54,47.3,19200.0,912105.2,47.51
301678.SZ,20260914,42.17,42.18,42.18,42.02,2800.0,118023.0,42.15
301680.SZ,20260914,94.68,94.97,95.0,94.68,8076.0,766201.6,94.87
301682.SZ,20260914,107.36,107.01,107.79,107.01,40100.0,4296289.92,107.14
301683.SZ,20260914,89.8,89.81,90.0,89.8,6500.0,583770.0,89.81
301687.SZ,20260914,47.3,47.7,47.7,47.0,13800.0,656805.0,47.6
301688.SZ,20260914,35.2,35.0,35.28,35.0,104934.0,3679037.76,35.06
301689.SZ,20260914,43.83,43.3,44.17,43.22,905427.04,39309980.16,43.42
301696.SZ,20260914,90.44,90.57,90.58,90.41,3600.0,325999.0,90.56
301697.SZ,20260914,24.33,24.23,24.38,24.23,101400.0,2459656.96,24.26
301699.SZ,20260914,25.77,25.55,25.95,25.55,687871.04,17613411.84,25.61
301707.SZ,20260914,68.49,68.3,68.52,68.3,24100.0,1646848.0,68.33
301717.SZ,20260914,317.94,317.0,317.99,316.68,62000.0,19654740.48,317.01
302132.SZ,20260914,63.18,63.05,63.4,63.0,61600.0,3887471.04,63.11
600000.SH,20260914,9.28,9.28,9.28,9.28,377400.0,3502272.0,9.28
600004.SH,20260914,7.71,7.71,7.71,7.71,22300.0,171933.0,7.71
600006.SH,20260914,5.19,5.19,5.19,5.19,44600.0,231474.0,5.19
600007.SH,20260914,18.99,18.99,18.99,18.99,3600.0,68364.0,18.99
600008.SH,20260914,2.78,2.78,2.78,2.78,621200.0,1726936.0,2.78
600009.SH,20260914,23.23,23.26,23.26,23.23,21600.0,502410.0,23.26
600010.SH,20260914,2.14,2.14,2.14,2.14,2206100.0,4721054.08,2.14
600011.SH,20260914,6.94,6.94,6.94,6.94,260700.0,1809257.92,6.94
600012.SH,20260914,15.74,15.74,15.74,15.74,23700.0,373038.0,15.74
600015.SH,20260914,6.35,6.35,6.35,6.35,1031900.0,6552565.12,6.35
600016.SH,20260914,3.69,3.69,3.69,3.69,1660681.92,6127916.8,3.69
600017.SH,20260914,2.87,2.87,2.87,2.87,116000.0,332920.0,2.87
600018.SH,20260914,5.47,5.47,5.47,5.47,57600.0,315072.0,5.47
600019.SH,20260914,5.82,5.82,5.82,5.82,321100.0,1868801.92,5.82
600020.SH,20260914,3.83,3.83,3.83,3.83,59100.0,226353.0,3.83
600021.SH,20260914,13.79,13.79,13.79,13.79,137900.0,1901640.96,13.79
600022.SH,20260914,1.32,1.32,1.32,1.32,211550.0,279246.0,1.32
600023.SH,20260914,5.01,5.01,5.01,5.01,94400.0,472944.0,5.01
600025.SH,20260914,9.84,9.84,9.84,9.84,100100.0,984984.0,9.84
600026.SH,20260914,21.6,21.6,21.6,21.6,909500.0,19645199.36,21.6
600027.SH,20260914,4.88,4.88,4.88,4.88,373700.0,1823656.0,4.88
600028.SH,20260914,5.54,5.54,5.54,5.54,676400.0,3747256.0,5.54
600029.SH,20260914,4.88,4.88,4.88,4.88,956900.0,4669672.0,4.88
600030.SH,20260914,26.78,26.78,26.78,26.78,608200.0,16287595.52,26.78
600031.SH,20260914,19.76,19.77,19.77,19.76,209200.0,4135881.92,19.77
600032.SH,20260914,7.42,7.42,7.42,7.42,1067100.0,7917882.24,7.42
600033.SH,20260914,3.64,3.64,3.64,3.64,29600.0,107744.0,3.64
600035.SH,20260914,3.67,3.67,3.67,3.67,41700.0,153039.0,3.67
600036.SH,20260914,41.34,41.34,41.34,41.34,322000.0,13311480.32,41.34
600037.SH,20260914,6.98,6.98,6.98,6.98,37600.0,262448.0,6.98
600038.SH,20260914,28.01,28.04,28.04,28.01,18200.0,510322.0,28.04
600039.SH,20260914,8.97,8.97,8.97,8.97,245200.0,2199444.0,8.97
600048.SH,20260914,5.04,5.02,5.06,5.02,805000.0,4041616.96,5.02
600050.SH,20260914,4.2,4.2,4.2,4.2,704500.0,2958899.84,4.2
600051.SH,20260914,6.17,6.17,6.17,6.17,37400.0,230758.0,6.17
600052.SH,20260914,3.76,3.76,3.76,3.76,34600.0,130096.0,3.76
600053.SH,20260914,7.5,7.5,7.5,7.5,33100.0,248250.0,7.5
600054.SH,20260914,11.3,11.3,11.3,11.3,164000.0,1853200.0,11.3
600055.SH,20260914,10.2,10.2,10.2,10.2,7800.0,79560.0,10.2
600056.SH,20260914,8.91,8.91,8.91,8.91,11000.0,98010.0,8.91
600057.SH,20260914,6.04,6.04,6.04,6.04,80800.0,488032.0,6.04
600058.SH,20260914,9.22,9.22,9.22,9.22,4200.0,38724.0,9.22
600059.SH,20260914,8.78,8.78,8.78,8.78,590900.0,5188102.08,8.78
600060.SH,20260914,27.83,27.83,27.83,27.83,14200.0,395186.0,27.83
600061.SH,20260914,6.3,6.3,6.3,6.3,256500.0,1615950.08,6.3
600062.SH,20260914,15.8,15.8,15.8,15.8,11500.0,181700.0,15.8
600063.SH,20260914,5.44,5.44,5.44,5.44,111800.0,608192.0,5.44
600064.SH,20260914,7.72,7.72,7.72,7.72,79000.0,609880.0,7.72
600066.SH,20260914,26.67,26.67,26.67,26.67,40650.0,1084136.0,26.67
600067.SH,20260914,2.79,2.79,2.79,2.79,81100.0,226269.0,2.79
600071.SH,20260914,16.6,16.6,16.6,16.6,6800.0,112880.0,16.6
600072.SH,20260914,9.15,9.15,9.15,9.15,111800.0,1022970.0,9.15
600073.SH,20260914,5.61,5.61,5.61,5.61,30200.0,169422.0,5.61
600075.SH,20260914,4.82,4.82,4.82,4.82,112500.0,542250.0,4.82
600076.SH,20260914,2.29,2.3,2.3,2.29,684500.0,1574014.08,2.3
600078.SH,20260914,10.34,10.34,10.34,10.34,27700.0,286418.0,10.34
600079.SH,20260914,18.32,18.32,18.32,18.32,30200.0,553264.0,18.32
600080.SH,20260914,4.8,4.8,4.8,4.8,13000.0,62400.0,4.8
600081.SH,20260914,10.2,10.2,10.2,10.2,25300.0,258060.0,10.2
600082.SH,20260914,3.05,3.05,3.05,3.05,333800.0,1018090.0,3.05
600084.SH,20260914,4.41,4.41,4.41,4.41,13200.0,58212.0,4.41
600085.SH,20260914,23.36,23.37,23.37,23.36,19800.0,462725.0,23.37
600088.SH,20260914,14.47,14.47,14.47,14.47,2849600.0,41233712.64,14.47
600089.SH,20260914,18.6,18.6,18.6,18.57,365300.0,6794417.28,18.6
600094.SH,20260914,3.93,3.93,3.93,3.93,36000.0,141480.0,3.93
600095.SH,20260914,8.45,8.45,8.45,8.45,406700.0,3436615.04,8.45
600096.SH,20260914,29.25,29.26,29.26,29.25,88400.0,2586582.08,29.26
600097.SH,20260914,9.5,9.5,9.5,9.5,50600.0,480700.0,9.5
600098.SH,20260914,6.22,6.22,6.22,6.22,63800.0,396836.0,6.22
600099.SH,20260914,9.11,9.11,9.11,9.11,20400.0,185844.0,9.11
600100.SH,20260914,6.99,6.99,6.99,6.97,117000.0,817694.0,6.99
600101.SH,20260914,8.12,8.12,8.12,8.12,76600.0,621992.0,8.12
600103.SH,20260914,3.6,3.6,3.6,3.6,1399900.0,5039640.0,3.6
600104.SH,20260914,11.73,11.73,11.73,11.73,664800.0,7798104.32,11.73
600105.SH,20260914,41.28,41.28,41.28,41.28,1454800.0,60054144.0,41.28
600106.SH,20260914,4.57,4.57,4.57,4.57,28500.0,130245.0,4.57
600107.SH,20260914,5.85,5.85,5.85,5.85,25400.0,148590.0,5.85
600108.SH,20260914,4.49,4.49,4.49,4.49,12551354.88,56355584.0,4.49
600109.SH,20260914,8.26,8.26,8.26,8.26,68300.0,564158.0,8.26
600110.SH,20260914,10.5,10.5,10.5,10.45,717200.0,7529845.12,10.5
600111.SH,20260914,37.43,37.48,37.48,37.43,151100.0,5663134.72,37.48
600113.SH,20260914,31.4,31.4,31.4,31.4,36800.0,1155520.0,31.4
600114.SH,20260914,26.93,26.93,26.93,26.93,24300.0,654399.0,26.93
600115.SH,20260914,3.35,3.35,3.35,3.35,4365000.0,14622749.44,3.35
600116.SH,20260914,6.26,6.26,6.26,6.26,119400.0,747444.0,6.26
600117.SH,20260914,2.27,2.27,2.27,2.27,21400.0,48578.0,2.27
600118.SH,20260914,57.8,57.8,57.8,57.8,63100.0,3647180.16,57.8
600119.SH,20260914,5.13,5.13,5.13,5.13,8200.0,42066.0,5.13
600120.SH,20260914,4.78,4.78,4.78,4.78,209400.0,1000932.0,4.78
600121.SH,20260914,5.11,5.11,5.11,5.11,2927500.16,14959525.12,5.11
600123.SH,20260914,7.03,7.03,7.03,7.03,71500.0,502645.0,7.03
600125.SH,20260914,5.37,5.37,5.37,5.37,30800.0,165396.0,5.37
600126.SH,20260914,6.2,6.2,6.2,6.2,127600.0,791120.0,6.2
600127.SH,20260914,13.2,13.12,13.3,13.12,5137811.84,67413760.0,13.12
600128.SH,20260914,8.46,8.46,8.46,8.46,14500.0,122670.0,8.46
600129.SH,20260914,13.33,13.33,13.33,13.33,38500.0,513205.0,13.33
600130.SH,20260914,4.45,4.45,4.45,4.45,155700.0,692864.96,4.45
600131.SH,20260914,14.53,14.53,14.53,14.53,17700.0,257181.0,14.53
600132.SH,20260914,38.5,38.5,38.5,38.5,11800.0,454300.0,38.5
600133.SH,20260914,7.9,7.9,7.9,7.9,160500.0,1267950.0,7.9
600135.SH,20260914,7.58,7.58,7.58,7.58,41300.0,313054.0,7.58
600136.SH,20260914,1.48,1.48,1.48,1.48,25400.0,37592.0,1.48
600137.SH,20260914,17.38,17.38,17.38,17.38,14000.0,243320.0,17.38
600138.SH,20260914,7.29,7.29,7.29,7.29,57300.0,417717.0,7.29
600141.SH,20260914,28.97,28.97,28.97,28.95,132000.0,3824034.88,28.97
600143.SH,20260914,13.17,13.17,13.17,13.17,37900.0,499143.0,13.17
600148.SH,20260914,15.96,15.96,15.96,15.96,32100.0,512316.0,15.96
600149.SH,20260914,5.03,5.03,5.03,5.03,36900.0,185607.0,5.03
600150.SH,20260914,39.74,39.74,39.74,39.74,809900.0,32185425.92,39.74
600151.SH,20260914,9.69,9.7,9.7,9.66,31600.0,306376.0,9.7
600152.SH,20260914,7.86,7.86,7.86,7.86,42600.0,334836.0,7.86
600153.SH,20260914,8.48,8.48,8.48,8.48,57300.0,485904.0,8.48
600155.SH,20260914,5.93,5.93,5.93,5.93,95200.0,564536.0,5.93
600156.SH,20260914,8.54,8.54,8.54,8.54,11900.0,101626.0,8.54
600157.SH,20260914,1.54,1.54,1.54,1.54,2555800.0,3935932.16,1.54
600158.SH,20260914,7.16,7.16,7.16,7.16,77500.0,554900.0,7.16
600159.SH,20260914,2.7,2.7,2.7,2.7,43199.0,116637.0,2.7
600160.SH,20260914,35.15,35.2,35.2,35.15,128877.0,4535982.08,35.2
600161.SH,20260914,12.08,12.08,12.08,12.08,19100.0,230728.0,12.08
600162.SH,20260914,4.61,4.61,4.61,4.61,978800.0,4512268.16,4.61
600163.SH,20260914,5.53,5.53,5.53,5.53,873700.0,4831560.96,5.53
600165.SH,20260914,3.18,3.18,3.18,3.18,77700.0,247086.0,3.18
600166.SH,20260914,2.83,2.83,2.83,2.83,271800.0,769194.0,2.83
600167.SH,20260914,5.84,5.84,5.84,5.84,6100.0,35624.0,5.84
600168.SH,20260914,4.41,4.41,4.41,4.41,14800.0,65268.0,4.41
600169.SH,20260914,2.19,2.19,2.19,2.19,94800.0,207612.0,2.19
600170.SH,20260914,2.23,2.23,2.23,2.23,358100.0,798563.04,2.23
600171.SH,20260914,21.71,21.75,21.75,21.71,17000.0,369737.0,21.75
600172.SH,20260914,14.66,14.66,14.66,14.66,1499100.0,21976806.4,14.66
600173.SH,20260914,5.95,5.95,5.95,5.95,19500.0,116025.0,5.95
600176.SH,20260914,43.65,43.65,43.65,43.65,2372300.0,103550894.08,43.65
600177.SH,20260914,8.34,8.34,8.34,8.34,200400.0,1671336.0,8.34
600178.SH,20260914,10.13,10.13,10.13,10.13,34700.0,351511.0,10.13
600179.SH,20260914,4.6,4.6,4.6,4.6,82300.0,378580.0,4.6
600180.SH,20260914,1.7,1.72,1.73,1.7,1282400.0,2205339.04,1.72
600182.SH,20260914,12.9,12.9,12.9,12.9,12600.0,162540.0,12.9
600183.SH,20260914,144.55,144.55,144.55,144.55,634814.0,91762370.56,144.55
600184.SH,20260914,20.19,20.19,20.19,20.19,2391800.0,48290442.24,20.19
600185.SH,20260914,4.99,4.99,4.99,4.99,337100.0,1682128.96,4.99
600186.SH,20260914,11.7,11.7,11.72,11.7,1188408.0,13904544.0,11.7
600187.SH,20260914,1.31,1.31,1.31,1.31,109500.0,143445.0,1.31
600188.SH,20260914,21.38,21.38,21.38,21.38,172000.0,3677360.0,21.38
600189.SH,20260914,7.78,7.78,7.78,7.78,27000.0,210060.0,7.78
600191.SH,20260914,9.55,9.55,9.55,9.55,69700.0,665635.0,9.55
600192.SH,20260914,8.09,8.1,8.15,8.09,1076000.0,8715984.0,8.1
600195.SH,20260914,6.82,6.82,6.82,6.82,28200.0,192324.0,6.82
600196.SH,20260914,21.53,21.5,21.53,21.5,294500.0,6331818.88,21.5
600197.SH,20260914,9.38,9.38,9.38,9.38,8900.0,83482.0,9.38
600198.SH,20260914,8.03,8.01,8.03,8.01,298800.0,2393443.04,8.01
600199.SH,20260914,7.03,7.03,7.03,7.03,68600.0,482258.0,7.03
600201.SH,20260914,11.64,11.64,11.64,11.64,61700.0,718188.0,11.64
600202.SH,20260914,5.0,5.0,5.0,5.0,30300.0,151500.0,5.0
600203.SH,20260914,10.07,10.07,10.07,10.07,78700.0,792508.96,10.07
600206.SH,20260914,44.2,44.2,44.2,44.2,282000.0,12464399.36,44.2
600207.SH,20260914,5.08,5.08,5.08,5.08,2973800.0,15106904.32,5.08
600208.SH,20260914,2.8,2.8,2.8,2.8,498500.0,1395800.0,2.8
600210.SH,20260914,6.24,6.24,6.24,6.24,19800.0,123552.0,6.24
600211.SH,20260914,37.3,37.3,37.3,37.3,11100.0,414030.0,37.3
600212.SH,20260914,6.19,6.19,6.19,6.19,46300.0,286597.0,6.19
600215.SH,20260914,6.3,6.3,6.3,6.3,1900.0,11970.0,6.3
600216.SH,20260914,12.3,12.3,12.3,12.3,199900.0,2458769.92,12.3
600217.SH,20260914,3.3,3.3,3.3,3.3,44800.0,147840.0,3.3
600218.SH,20260914,7.6,7.6,7.6,7.6,16000.0,121600.0,7.6
600219.SH,20260914,4.78,4.78,4.78,4.78,1072900.0,5128462.08,4.78
600221.SH,20260914,1.28,1.28,1.28,1.28,3785100.16,4844928.0,1.28
600222.SH,20260914,7.5,7.5,7.5,7.5,43600.0,327000.0,7.5
600223.SH,20260914,5.55,5.55,5.55,5.55,28100.0,155955.0,5.55
600226.SH,20260914,5.69,5.69,5.69,5.69,271300.0,1543696.96,5.69
600227.SH,20260914,4.23,4.23,4.23,4.23,950600.0,4021038.08,4.23
600228.SH,20260914,9.51,9.51,9.51,9.51,35300.0,335703.0,9.51
600229.SH,20260914,5.6,5.6,5.6,5.6,627100.0,3511760.0,5.6
600230.SH,20260914,13.77,13.77,13.77,13.77,45600.0,627912.0,13.77
600231.SH,20260914,1.73,1.73,1.73,1.73,219500.0,379735.0,1.73
600232.SH,20260914,6.5,6.5,6.5,6.49,26200.0,170294.0,6.5
600233.SH,20260914,17.85,17.85,17.85,17.85,123200.0,2199120.0,17.85
600234.SH,20260914,21.16,21.16,21.16,21.16,36500.0,772340.0,21.16
600235.SH,20260914,5.78,5.78,5.78,5.78,47700.0,275706.0,5.78
600236.SH,20260914,10.02,10.07,10.07,10.02,89400.0,900243.04,10.07
600237.SH,20260914,9.0,9.0,9.0,9.0,1834800.0,16513200.64,9.0
600238.SH,20260914,4.5,4.5,4.5,4.5,100.0,450.0,4.5
600239.SH,20260914,1.46,1.46,1.46,1.46,46700.0,68182.0,1.46
600241.SH,20260914,7.3,7.3,7.3,7.3,7900.0,57670.0,7.3
600243.SH,20260914,3.46,3.46,3.46,3.46,8300.0,28718.0,3.46
600246.SH,20260914,11.83,11.85,11.86,11.8,258200.0,3058200.96,11.84
600248.SH,20260914,2.86,2.86,2.86,2.86,40799.0,116685.0,2.86
600249.SH,20260914,5.39,5.39,5.39,5.39,85100.0,458689.0,5.39
600250.SH,20260914,9.42,9.42,9.42,9.42,84100.0,792222.0,9.42
600251.SH,20260914,10.88,10.85,10.88,10.85,399900.0,4338998.08,10.85
600252.SH,20260914,2.2,2.2,2.2,2.2,248600.0,546920.0,2.2
600255.SH,20260914,3.84,3.84,3.84,3.84,5800899.84,22275456.0,3.84
600256.SH,20260914,7.05,7.05,7.06,7.05,833400.0,5875608.32,7.05
600257.SH,20260914,5.65,5.65,5.65,5.65,131700.0,744104.96,5.65
600258.SH,20260914,11.36,11.36,11.36,11.36,108100.0,1228016.0,11.36
600259.SH,20260914,75.08,75.08,75.08,75.08,31900.0,2395052.0,75.08
600261.SH,20260914,3.2,3.2,3.2,3.2,6800.0,21760.0,3.2
600262.SH,20260914,15.39,15.39,15.39,15.39,16200.0,249318.0,15.39
600265.SH,20260914,22.2,22.2,22.2,22.2,0.0,0.0,22.2
600266.SH,20260914,4.11,4.11,4.11,4.11,138400.0,568824.0,4.11
600267.SH,20260914,11.16,11.15,11.16,11.15,60800.0,678144.96,11.15
600268.SH,20260914,10.57,10.57,10.57,10.57,153700.0,1624608.96,10.57
600269.SH,20260914,3.9,3.9,3.9,3.9,106100.0,413790.0,3.9
600271.SH,20260914,6.73,6.73,6.73,6.73,50000.0,336500.0,6.73
600272.SH,20260914,15.43,15.43,15.43,15.43,87400.0,1348582.08,15.43
600273.SH,20260914,6.55,6.55,6.55,6.55,48400.0,317020.0,6.55
600276.SH,20260914,42.35,42.35,42.35,42.35,286500.0,12133274.88,42.35
600278.SH,20260914,6.48,6.48,6.48,6.48,18300.0,118584.0,6.48
600279.SH,20260914,4.34,4.34,4.34,4.34,19900.0,86366.0,4.34
600280.SH,20260914,3.12,3.12,3.12,3.12,1048500.0,3271320.0,3.12
600281.SH,20260914,4.7,4.7,4.7,4.7,51000.0,239700.0,4.7
600282.SH,20260914,4.75,4.75,4.75,4.75,52100.0,247475.0,4.75
600283.SH,20260914,8.24,8.24,8.24,8.24,24200.0,199408.0,8.24
600284.SH,20260914,5.09,5.09,5.09,5.09,28800.0,146592.0,5.09
600285.SH,20260914,18.93,18.93,18.93,18.93,45300.0,857528.96,18.93
600287.SH,20260914,4.96,4.96,4.96,4.96,29600.0,146816.0,4.96
600288.SH,20260914,10.59,10.59,10.59,10.59,66700.0,706352.96,10.59
600289.SH,20260914,4.15,4.15,4.15,4.15,200.0,830.0,4.15
600292.SH,20260914,12.0,12.0,12.0,12.0,27300.0,327600.0,12.0
600293.SH,20260914,3.1,3.1,3.1,3.1,650500.0,2016550.08,3.1
600295.SH,20260914,13.4,13.4,13.4,13.4,36100.0,483740.0,13.4
600298.SH,20260914,40.98,40.98,40.98,40.98,15800.0,647484.0,40.98
600299.SH,20260914,8.42,8.43,8.43,8.42,174800.0,1473535.04,8.43
600300.SH,20260914,3.19,3.19,3.19,3.19,80900.0,258071.0,3.19
600301.SH,20260914,45.43,45.43,45.43,45.43,0.0,0.0,45.43
600302.SH,20260914,6.88,6.88,6.88,6.88,29900.0,205712.0,6.88
600303.SH,20260914,3.01,3.01,3.01,3.01,284100.0,855140.96,3.01
600305.SH,20260914,6.68,6.68,6.68,6.68,12700.0,84836.0,6.68
600307.SH,20260914,1.51,1.51,1.51,1.51,280000.0,422800.0,1.51
600308.SH,20260914,3.23,3.23,3.23,3.23,52800.0,170544.0,3.23
600309.SH,20260914,74.0,74.0,74.0,74.0,80300.0,5942200.32,74.0
600310.SH,20260914,4.94,4.92,4.94,4.92,1846500.0,9084951.04,4.92
600312.SH,20260914,19.06,19.06,19.06,19.06,40000.0,762400.0,19.06
600313.SH,20260914,7.05,7.02,7.09,7.02,3049200.0,21413105.92,7.02
600315.SH,20260914,17.87,17.87,17.89,17.87,73900.0,1320595.04,17.87
600316.SH,20260914,33.73,33.7,33.73,33.7,60800.0,2048966.08,33.7
600318.SH,20260914,7.11,7.11,7.13,7.11,2383100.0,16943850.24,7.11
600319.SH,20260914,6.45,6.45,6.45,6.45,65000.0,419250.0,6.45
600320.SH,20260914,4.23,4.23,4.23,4.23,62900.0,266067.0,4.23
600322.SH,20260914,2.64,2.64,2.64,2.64,110800.0,292512.0,2.64
600323.SH,20260914,29.46,29.5,29.5,29.46,7800.0,230088.0,29.5
600325.SH,20260914,2.45,2.45,2.45,2.45,1220900.0,2991205.12,2.45
600326.SH,20260914,6.97,6.97,6.97,6.97,55100.0,384047.0,6.97
600327.SH,20260914,3.97,3.97,3.97,3.97,46400.0,184208.0,3.97
600328.SH,20260914,6.04,6.04,6.04,6.04,115200.0,695808.0,6.04
600329.SH,20260914,34.49,34.49,34.49,34.49,9900.0,341451.0,34.49
600330.SH,20260914,27.0,27.0,27.0,27.0,829400.0,22393799.68,27.0
600331.SH,20260914,11.84,11.84,11.84,11.84,346100.0,4097824.0,11.84
600332.SH,20260914,19.72,19.72,19.72,19.72,36100.0,711892.0,19.72
600333.SH,20260914,6.96,6.97,6.97,6.96,40500.0,282276.0,6.97
600335.SH,20260914,5.11,5.13,5.13,5.11,111000.0,569350.0,5.13
600336.SH,20260914,6.61,6.61,6.61,6.61,19300.0,127573.0,6.61
600337.SH,20260914,3.06,3.06,3.06,3.06,27200.0,83232.0,3.06
600338.SH,20260914,12.65,12.65,12.65,12.65,145200.0,1836780.0,12.65
600339.SH,20260914,3.39,3.39,3.39,3.39,1058688.0,3588952.0,3.39
600340.SH,20260914,1.07,1.06,1.07,1.06,366910.0,389495.0,1.06
600343.SH,20260914,19.5,19.5,19.5,19.5,308300.0,6011850.24,19.5
600345.SH,20260914,53.47,53.47,53.47,53.47,104200.0,5571573.76,53.47
600346.SH,20260914,17.12,17.12,17.12,17.12,63600.0,1088832.0,17.12
600348.SH,20260914,9.09,9.1,9.1,9.09,108100.0,983706.0,9.1
600350.SH,20260914,10.13,10.13,10.13,10.13,32800.0,332264.0,10.13
600351.SH,20260914,6.59,6.59,6.59,6.59,24100.0,158819.0,6.59
600352.SH,20260914,11.76,11.75,11.76,11.73,344750.0,4050761.92,11.75
600353.SH,20260914,30.64,30.64,30.72,30.6,154900.0,4746072.0,30.64
600354.SH,20260914,9.87,9.87,9.87,9.87,5197600.0,51300311.04,9.87
600356.SH,20260914,9.13,9.13,9.13,9.13,23900.0,218207.0,9.13
600358.SH,20260914,5.16,5.16,5.16,5.16,10300.0,53148.0,5.16
600359.SH,20260914,8.75,8.75,8.75,8.75,3843400.0,33629752.32,8.75
600360.SH,20260914,10.05,10.05,10.05,10.05,678700.0,6820935.04,10.05
600361.SH,20260914,3.54,3.54,3.54,3.54,102900.0,364266.0,3.54
600362.SH,20260914,44.8,44.68,44.86,44.68,1306300.0,58371921.92,44.69
600363.SH,20260914,15.03,15.03,15.03,15.03,109300.0,1642779.04,15.03
600365.SH,20260914,2.74,2.74,2.74,2.74,12200.0,33428.0,2.74
600366.SH,20260914,10.98,10.98,10.98,10.98,58700.0,644526.0,10.98
600367.SH,20260914,33.98,34.0,34.0,33.98,83100.0,2825379.84,34.0
600368.SH,20260914,4.3,4.3,4.3,4.3,329900.0,1418569.92,4.3
600369.SH,20260914,3.98,3.98,3.98,3.98,106100.0,422278.0,3.98
600370.SH,20260914,1.49,1.49,1.49,1.49,27600.0,41124.0,1.49
600371.SH,20260914,14.54,14.54,14.54,14.54,1412900.0,20543566.08,14.54
600372.SH,20260914,11.89,11.89,11.89,11.89,103900.0,1235371.04,11.89
600373.SH,20260914,7.39,7.39,7.39,7.39,17900.0,132281.0,7.39
600375.SH,20260914,3.75,3.75,3.75,3.75,81000.0,303750.0,3.75
600376.SH,20260914,3.17,3.17,3.17,3.17,153100.0,485327.0,3.17
600377.SH,20260914,12.62,12.62,12.62,12.62,32700.0,412674.0,12.62
600378.SH,20260914,44.01,44.01,44.01,44.01,747400.0,32893073.92,44.01
600379.SH,20260914,14.17,14.17,14.17,14.17,43800.0,620646.0,14.17
600380.SH,20260914,9.22,9.22,9.22,9.22,48900.0,450858.0,9.22
600381.SH,20260914,3.89,3.89,3.89,3.89,138700.0,539543.0,3.89
600382.SH,20260914,6.25,6.25,6.25,6.25,66100.0,413125.0,6.25
600383.SH,20260914,2.19,2.19,2.19,2.19,707300.0,1548987.04,2.19
600386.SH,20260914,3.53,3.53,3.53,3.53,43900.0,154967.0,3.53
600388.SH,20260914,17.5,17.5,17.5,17.5,21200.0,371000.0,17.5
600389.SH,20260914,18.72,18.72,18.72,18.72,66500.0,1244880.0,18.72
600390.SH,20260914,4.86,4.86,4.86,4.86,454300.0,2207897.92,4.86
600391.SH,20260914,43.32,43.32,43.32,43.32,88500.0,3833820.16,43.32
600392.SH,20260914,20.75,20.75,20.75,20.75,115100.0,2388324.96,20.75
600395.SH,20260914,5.32,5.32,5.32,5.32,133700.0,711284.0,5.32
600396.SH,20260914,14.17,14.17,14.17,14.17,1435400.0,20339618.56,14.17
600397.SH,20260914,16.0,16.0,16.0,16.0,251400.0,4022400.0,16.0
600398.SH,20260914,5.84,5.84,5.84,5.84,45700.0,266888.0,5.84
600399.SH,20260914,4.6,4.6,4.6,4.6,139000.0,639400.0,4.6
600400.SH,20260914,3.11,3.11,3.11,3.11,402500.0,1251775.04,3.11
600403.SH,20260914,7.1,7.1,7.1,7.1,1864700.0,13239370.24,7.1
600405.SH,20260914,5.1,5.1,5.1,5.1,21400.0,109140.0,5.1
600406.SH,20260914,22.25,22.25,22.25,22.25,112000.0,2492000.0,22.25
600408.SH,20260914,3.13,3.13,3.13,3.13,314800.0,985324.0,3.13
600409.SH,20260914,6.19,6.19,6.19,6.19,106900.0,661711.0,6.19
600410.SH,20260914,15.73,15.69,15.73,15.58,5452058.88,85536942.08,15.69
600415.SH,20260914,11.86,11.86,11.86,11.86,250700.0,2973302.08,11.86
600416.SH,20260914,8.77,8.8,8.8,8.77,65000.0,571784.0,8.8
600418.SH,20260914,18.68,18.68,18.68,18.68,233600.0,4363648.0,18.68
600419.SH,20260914,8.8,8.8,8.8,8.8,15100.0,132880.0,8.8
600420.SH,20260914,8.28,8.28,8.28,8.28,22900.0,189612.0,8.28
600422.SH,20260914,8.19,8.19,8.19,8.19,7800.0,63882.0,8.19
600423.SH,20260914,2.79,2.79,2.79,2.79,2000.0,5580.0,2.79
600425.SH,20260914,3.68,3.68,3.68,3.68,42600.0,156768.0,3.68
600426.SH,20260914,19.86,19.8,19.86,19.8,194200.0,3845190.08,19.8
600428.SH,20260914,11.2,11.2,11.2,11.2,130200.0,1458240.0,11.2
600429.SH,20260914,4.62,4.62,4.62,4.62,47000.0,217140.0,4.62
600433.SH,20260914,3.28,3.28,3.28,3.28,43500.0,142680.0,3.28
600435.SH,20260914,11.85,11.85,11.85,11.85,180700.0,2141295.04,11.85
600436.SH,20260914,119.0,119.0,119.0,119.0,12700.0,1511300.0,119.0
600438.SH,20260914,11.02,11.02,11.02,11.02,248800.0,2741776.0,11.02
600439.SH,20260914,1.86,1.86,1.86,1.86,195400.0,363444.0,1.86
600444.SH,20260914,13.89,13.89,13.89,13.89,14500.0,201405.0,13.89
600446.SH,20260914,10.52,10.52,10.52,10.52,112400.0,1182448.0,10.52
600448.SH,20260914,2.97,2.97,2.97,2.97,127400.0,378378.0,2.97
600449.SH,20260914,12.31,12.31,12.31,12.31,18100.0,222811.0,12.31
600452.SH,20260914,9.08,9.08,9.08,9.08,108800.0,987904.0,9.08
600455.SH,20260914,23.29,23.29,23.29,23.29,13100.0,305099.0,23.29
600456.SH,20260914,26.1,26.15,26.15,26.1,25800.0,674632.96,26.15
600458.SH,20260914,11.45,11.45,11.45,11.45,73000.0,835850.0,11.45
600459.SH,20260914,18.7,18.7,18.7,18.7,81000.0,1514700.0,18.7
600460.SH,20260914,29.65,29.65,29.65,29.65,429100.0,12722814.72,29.65
600461.SH,20260914,8.98,8.98,8.98,8.98,30500.0,273890.0,8.98
600463.SH,20260914,8.08,8.08,8.08,8.08,17900.0,144632.0,8.08
600467.SH,20260914,2.47,2.47,2.47,2.47,227800.0,562666.0,2.47
600468.SH,20260914,6.63,6.59,6.63,6.59,1029500.0,6784830.72,6.59
600469.SH,20260914,5.14,5.14,5.14,5.14,20000.0,102800.0,5.14
600470.SH,20260914,6.24,6.24,6.24,6.24,172100.0,1073904.0,6.24
600475.SH,20260914,14.8,14.8,14.8,14.8,20500.0,303400.0,14.8
600476.SH,20260914,9.9,9.9,9.9,9.9,11600.0,114840.0,9.9
600477.SH,20260914,2.43,2.43,2.43,2.43,158300.0,384669.0,2.43
600478.SH,20260914,4.66,4.66,4.66,4.66,27100.0,126286.0,4.66
600479.SH,20260914,11.28,11.28,11.28,11.28,1027300.0,11587943.68,11.28
600480.SH,20260914,8.06,8.06,8.06,8.06,12050.0,97123.0,8.06
600481.SH,20260914,4.22,4.23,4.23,4.22,222500.0,941140.0,4.23
600482.SH,20260914,34.28,34.3,34.3,34.28,54800.0,1879636.0,34.3
600483.SH,20260914,11.1,11.1,11.1,11.1,22600.0,250860.0,11.1
600486.SH,20260914,54.18,54.18,54.18,54.18,18300.0,991494.0,54.18
600487.SH,20260914,63.01,63.01,63.01,63.01,1286300.0,81049758.72,63.01
600488.SH,20260914,5.2,5.2,5.2,5.2,2288900.0,11902279.68,5.2
600489.SH,20260914,24.1,24.1,24.1,24.1,856800.0,20648880.64,24.1
600490.SH,20260914,7.14,7.14,7.14,7.14,366500.0,2616809.92,7.14
600491.SH,20260914,1.75,1.75,1.75,1.75,2312300.0,4046525.12,1.75
600493.SH,20260914,6.09,6.09,6.09,6.09,56500.0,344085.0,6.09
600495.SH,20260914,4.13,4.13,4.13,4.13,7600.0,31388.0,4.13
600496.SH,20260914,3.21,3.21,3.21,3.21,103700.0,332877.0,3.21
600497.SH,20260914,9.68,9.68,9.68,9.67,544500.0,5270758.08,9.68
600498.SH,20260914,40.76,40.76,40.76,40.76,1398215.04,56991242.24,40.76
600499.SH,20260914,14.47,14.47,14.47,14.47,68400.0,989748.0,14.47
600500.SH,20260914,5.67,5.67,5.67,5.67,656200.0,3720654.08,5.67
600501.SH,20260914,15.21,15.21,15.21,15.21,17600.0,267696.0,15.21
600502.SH,20260914,4.4,4.4,4.4,4.4,141100.0,620840.0,4.4
600503.SH,20260914,2.12,2.12,2.12,2.12,166800.0,353616.0,2.12
600505.SH,20260914,11.05,11.05,11.05,11.05,135500.0,1497275.04,11.05
600506.SH,20260914,16.06,16.06,16.06,16.06,81800.0,1313708.0,16.06
600507.SH,20260914,4.14,4.14,4.14,4.14,46900.0,194166.0,4.14
600508.SH,20260914,10.8,10.8,10.8,10.8,107100.0,1156680.0,10.8
600509.SH,20260914,7.3,7.3,7.3,7.3,88500.0,646050.0,7.3
600510.SH,20260914,6.65,6.65,6.65,6.65,10200.0,67830.0,6.65
600511.SH,20260914,26.4,26.4,26.4,26.4,11600.0,306240.0,26.4
600512.SH,20260914,2.07,2.07,2.07,2.07,81800.0,169326.0,2.07
600513.SH,20260914,14.69,14.69,14.69,14.69,17700.0,260013.0,14.69
600515.SH,20260914,2.74,2.74,2.74,2.74,250399.0,686092.96,2.74
600516.SH,20260914,5.19,5.19,5.19,5.19,81000.0,420390.0,5.19
600517.SH,20260914,4.94,4.94,4.94,4.94,92100.0,454974.0,4.94
600518.SH,20260914,1.37,1.37,1.37,1.37,523700.0,717468.96,1.37
600519.SH,20260914,1277.27,1277.27,1277.27,1277.27,13322.0,17015792.64,1277.27
600520.SH,20260914,23.01,23.1,23.11,23.01,47700.0,1101883.04,23.1
600521.SH,20260914,15.36,15.36,15.36,15.36,51400.0,789504.0,15.36
600522.SH,20260914,33.84,33.84,33.84,33.84,2091492.96,70776120.32,33.84
600523.SH,20260914,12.13,12.13,12.13,12.13,9900.0,120087.0,12.13
600525.SH,20260914,4.95,4.95,4.95,4.95,55700.0,275715.0,4.95
600526.SH,20260914,4.64,4.64,4.64,4.64,27000.0,125280.0,4.64
600527.SH,20260914,2.21,2.21,2.21,2.21,130800.0,289068.0,2.21
600528.SH,20260914,6.9,6.9,6.9,6.9,94500.0,652050.0,6.9
600529.SH,20260914,18.45,18.45,18.45,18.45,14100.0,260145.0,18.45
600530.SH,20260914,3.78,3.78,3.78,3.78,4900.0,18522.0,3.78
600531.SH,20260914,12.05,12.05,12.05,12.05,368000.0,4434400.0,12.05
600533.SH,20260914,2.17,2.17,2.17,2.17,68400.0,148428.0,2.17
600535.SH,20260914,14.02,14.02,14.02,14.02,55700.0,780914.0,14.02
600536.SH,20260914,31.48,31.48,31.48,31.48,81200.0,2556176.0,31.48
600537.SH,20260914,2.18,2.18,2.18,2.18,56400.0,122952.0,2.18
600538.SH,20260914,5.0,5.0,5.0,5.0,30700.0,153500.0,5.0
600539.SH,20260914,13.3,13.3,13.3,13.3,17500.0,232750.0,13.3
600540.SH,20260914,5.44,5.44,5.44,5.44,7620700.16,41456609.28,5.44
600543.SH,20260914,4.16,4.16,4.16,4.16,7600.0,31616.0,4.16
600545.SH,20260914,4.12,4.12,4.12,4.12,551500.0,2272180.0,4.12
600546.SH,20260914,13.25,13.25,13.25,13.25,34900.0,462425.0,13.25
600547.SH,20260914,34.34,34.34,34.34,34.34,484800.0,16648032.0,34.34
600548.SH,20260914,8.19,8.19,8.19,8.19,16600.0,135954.0,8.19
600549.SH,20260914,48.0,48.0,48.0,47.91,179300.0,8606323.2,48.0
600550.SH,20260914,10.77,10.77,10.77,10.77,26200.0,282174.0,10.77
600551.SH,20260914,7.38,7.38,7.38,7.38,139200.0,1027296.0,7.38
600552.SH,20260914,16.45,16.45,16.45,16.45,113900.0,1873655.04,16.45
600556.SH,20260914,4.74,4.73,4.74,4.73,71800.0,339634.0,4.73
600557.SH,20260914,11.96,11.96,11.96,11.96,5700.0,68172.0,11.96
600558.SH,20260914,4.78,4.78,4.78,4.78,58600.0,280108.0,4.78
600559.SH,20260914,11.09,11.08,11.09,11.08,31300.0,346814.0,11.08
600560.SH,20260914,10.98,10.98,10.98,10.98,8500.0,93330.0,10.98
600561.SH,20260914,5.87,5.88,5.88,5.87,64700.0,380394.0,5.88
600562.SH,20260914,28.25,28.25,28.25,28.25,28600.0,807950.0,28.25
600563.SH,20260914,121.66,121.66,121.66,121.66,12700.0,1545081.92,121.66
600566.SH,20260914,24.67,24.67,24.67,24.67,9400.0,231898.0,24.67
600567.SH,20260914,1.33,1.33,1.33,1.33,556400.0,740012.0,1.33
600568.SH,20260914,2.36,2.36,2.36,2.36,12400.0,29264.0,2.36
600569.SH,20260914,1.82,1.82,1.82,1.82,167000.0,303940.0,1.82
600570.SH,20260914,20.47,20.47,20.47,20.47,63900.0,1308032.96,20.47
600571.SH,20260914,10.56,10.56,10.56,10.56,12800.0,135168.0,10.56
600572.SH,20260914,4.21,4.21,4.21,4.21,75700.0,318697.0,4.21
600573.SH,20260914,9.78,9.78,9.78,9.78,16100.0,157458.0,9.78
600575.SH,20260914,3.28,3.28,3.28,3.28,260100.0,853128.0,3.28
600576.SH,20260914,5.66,5.66,5.66,5.66,26500.0,149990.0,5.66
600577.SH,20260914,7.95,7.95,7.95,7.95,126200.0,1003290.0,7.95
600578.SH,20260914,5.52,5.52,5.52,5.52,669000.0,3692880.0,5.52
600579.SH,20260914,7.06,7.06,7.06,7.06,11900.0,84014.0,7.06
600580.SH,20260914,26.74,26.74,26.74,26.74,55800.0,1492092.0,26.74
600581.SH,20260914,2.41,2.41,2.41,2.41,108400.0,261244.0,2.41
600582.SH,20260914,4.86,4.86,4.86,4.86,68800.0,334368.0,4.86
600583.SH,20260914,6.05,6.05,6.05,6.05,182900.0,1106544.96,6.05
600584.SH,20260914,66.8,66.8,66.8,66.8,274100.0,18309880.32,66.8
600585.SH,20260914,17.33,17.33,17.33,17.33,54600.0,946218.0,17.33
600586.SH,20260914,4.1,4.1,4.1,4.1,138600.0,568260.0,4.1
600587.SH,20260914,12.23,12.23,12.23,12.23,4400.0,53812.0,12.23
600588.SH,20260914,9.4,9.4,9.4,9.4,138800.0,1304720.0,9.4
600589.SH,20260914,8.09,8.09,8.09,8.02,422300.0,3413145.92,8.08
600590.SH,20260914,8.8,8.8,8.8,8.8,141300.0,1243440.0,8.8
600592.SH,20260914,14.76,14.76,14.76,14.76,12800.0,188928.0,14.76
600593.SH,20260914,38.66,38.66,38.66,38.66,24600.0,951036.0,38.66
600594.SH,20260914,3.6,3.6,3.6,3.6,84300.0,303480.0,3.6
600595.SH,20260914,6.08,6.08,6.08,6.08,720100.0,4378208.0,6.08
600596.SH,20260914,12.2,12.2,12.2,12.19,1202000.0,14664390.4,12.2
600597.SH,20260914,6.88,6.88,6.88,6.88,29600.0,203648.0,6.88
600598.SH,20260914,12.89,12.89,12.89,12.89,385200.0,4965228.16,12.89
600600.SH,20260914,50.52,50.51,50.52,50.51,13300.0,671786.0,50.51
600601.SH,20260914,14.52,14.53,14.54,14.5,1058000.0,15372038.4,14.53
600602.SH,20260914,16.88,16.9,16.9,16.88,145800.0,2463912.0,16.9
600603.SH,20260914,4.79,4.79,4.79,4.79,77900.0,373141.0,4.79
600604.SH,20260914,4.52,4.52,4.52,4.52,6600.0,29832.0,4.52
600605.SH,20260914,26.33,26.33,26.33,26.33,5900.0,155347.0,26.33
600606.SH,20260914,1.27,1.27,1.27,1.27,853600.0,1084072.0,1.27
600609.SH,20260914,3.28,3.28,3.28,3.28,112500.0,369000.0,3.28
600610.SH,20260914,7.73,7.73,7.73,7.73,84100.0,650093.0,7.73
600611.SH,20260914,4.6,4.6,4.6,4.6,329000.0,1513400.0,4.6
600612.SH,20260914,32.13,32.13,32.13,32.13,12500.0,401625.0,32.13
600613.SH,20260914,8.13,8.08,8.13,8.08,434700.0,3513475.84,8.08
600615.SH,20260914,9.28,9.28,9.28,9.28,17100.0,158688.0,9.28
600616.SH,20260914,4.47,4.47,4.47,4.47,18900.0,84483.0,4.47
600617.SH,20260914,3.42,3.42,3.42,3.42,330900.0,1131678.0,3.42
600618.SH,20260914,9.99,9.99,9.99,9.99,5700.0,56943.0,9.99
600619.SH,20260914,13.17,13.17,13.17,13.17,34678.0,456709.0,13.17
600620.SH,20260914,4.35,4.35,4.35,4.35,99200.0,431520.0,4.35
600621.SH,20260914,12.8,12.8,12.8,12.8,57500.0,736000.0,12.8
600622.SH,20260914,2.36,2.36,2.36,2.36,39600.0,93456.0,2.36
600623.SH,20260914,8.53,8.53,8.53,8.53,91300.0,778788.96,8.53
600624.SH,20260914,4.64,4.64,4.64,4.64,10200.0,47328.0,4.64
600626.SH,20260914,3.58,3.58,3.58,3.58,20200.0,72316.0,3.58
600628.SH,20260914,6.36,6.36,6.36,6.36,21800.0,138648.0,6.36
600629.SH,20260914,16.18,16.18,16.18,16.18,238820.0,3864108.16,16.18
600630.SH,20260914,6.93,6.93,6.93,6.93,93100.0,645183.0,6.93
600633.SH,20260914,10.13,10.13,10.13,10.13,98400.0,996792.0,10.13
600635.SH,20260914,4.67,4.67,4.67,4.67,59300.0,276931.0,4.67
600637.SH,20260914,8.45,8.46,8.46,8.45,454000.0,3840830.08,8.46
600638.SH,20260914,4.82,4.82,4.82,4.82,29600.0,142672.0,4.82
600639.SH,20260914,9.33,9.33,9.33,9.33,3800.0,35454.0,9.33
600640.SH,20260914,10.8,10.8,10.8,10.8,6400.0,69120.0,10.8
600641.SH,20260914,28.89,28.89,28.89,28.89,138400.0,3998376.0,28.89
600642.SH,20260914,8.56,8.57,8.57,8.56,51600.0,442210.0,8.57
600643.SH,20260914,4.0,4.0,4.0,4.0,15800.0,63200.0,4.0
600644.SH,20260914,9.76,9.76,9.76,9.76,887200.0,8659072.0,9.76
600645.SH,20260914,17.72,17.72,17.72,17.72,6100.0,108092.0,17.72
600648.SH,20260914,9.21,9.21,9.21,9.21,20100.0,185121.0,9.21
600649.SH,20260914,3.86,3.86,3.86,3.86,80000.0,308800.0,3.86
600650.SH,20260914,10.44,10.44,10.44,10.44,11500.0,120060.0,10.44
600651.SH,20260914,5.29,5.29,5.29,5.29,11900.0,62951.0,5.29
600653.SH,20260914,1.73,1.73,1.73,1.73,126000.0,217980.0,1.73
600654.SH,20260914,3.18,3.18,3.18,3.18,1586500.0,5045070.08,3.18
600655.SH,20260914,4.54,4.54,4.54,4.54,34900.0,158446.0,4.54
600657.SH,20260914,2.88,2.88,2.88,2.88,674600.0,1942848.0,2.88
600658.SH,20260914,4.02,4.04,4.04,4.02,19800.0,79990.0,4.04
600660.SH,20260914,53.85,53.85,53.85,53.85,25600.0,1378560.0,53.85
600661.SH,20260914,8.32,8.32,8.32,8.32,34400.0,286208.0,8.32
600662.SH,20260914,4.18,4.18,4.18,4.18,123300.0,515394.0,4.18
600663.SH,20260914,8.9,8.83,8.9,8.83,30800.0,272120.0,8.84
600664.SH,20260914,7.0,7.0,7.0,7.0,2089800.0,14628600.32,7.0
600665.SH,20260914,3.49,3.49,3.49,3.49,20800.0,72592.0,3.49
600666.SH,20260914,3.42,3.42,3.42,3.42,220300.0,753426.0,3.42
600667.SH,20260914,18.79,18.79,18.79,18.79,2692899.84,50599592.96,18.79
600668.SH,20260914,7.3,7.3,7.3,7.3,1900.0,13870.0,7.3
600671.SH,20260914,22.5,22.5,22.5,22.5,13300.0,299250.0,22.5
600673.SH,20260914,30.88,30.9,30.9,30.88,92100.0,2845881.92,30.9
600674.SH,20260914,15.95,15.95,15.95,15.95,60400.0,963380.0,15.95
600675.SH,20260914,2.2,2.2,2.21,2.2,59210.0,130265.0,2.2
600676.SH,20260914,6.8,6.8,6.8,6.8,117700.0,800360.0,6.8
600678.SH,20260914,5.65,5.65,5.65,5.65,41800.0,236170.0,5.65
600679.SH,20260914,10.01,10.01,10.01,10.01,29400.0,294294.0,10.01
600681.SH,20260914,3.55,3.55,3.55,3.55,89400.0,317370.0,3.55
600682.SH,20260914,5.93,5.93,5.93,5.93,1281600.0,7599888.0,5.93
600683.SH,20260914,9.53,9.53,9.53,9.53,58200.0,554646.0,9.53
600684.SH,20260914,3.44,3.44,3.44,3.44,9600.0,33024.0,3.44
600685.SH,20260914,28.7,28.7,28.7,28.7,269900.0,7746129.92,28.7
600686.SH,20260914,10.86,10.86,10.86,10.86,41200.0,447432.0,10.86
600688.SH,20260914,2.85,2.85,2.85,2.85,483800.0,1378830.08,2.85
600689.SH,20260914,11.94,11.94,11.94,11.94,25200.0,300888.0,11.94
600690.SH,20260914,21.01,21.01,21.01,21.01,65300.0,1371952.96,21.01
600691.SH,20260914,3.05,3.05,3.06,3.05,1154200.0,3520472.96,3.05
600692.SH,20260914,6.46,6.46,6.46,6.46,36200.0,233852.0,6.46
600693.SH,20260914,9.71,9.71,9.71,9.71,1103500.0,10714984.96,9.71
600694.SH,20260914,14.09,14.11,14.11,14.09,24900.0,351318.0,14.11
600697.SH,20260914,10.94,10.94,10.94,10.94,28000.0,306320.0,10.94
600698.SH,20260914,7.8,7.8,7.8,7.8,1047600.0,8171280.0,7.8
600699.SH,20260914,18.37,18.37,18.37,18.37,84100.0,1544916.96,18.37
600702.SH,20260914,33.38,33.38,33.38,33.38,21100.0,704318.0,33.38
600703.SH,20260914,12.37,12.37,12.37,12.37,374700.0,4635039.04,12.37
600704.SH,20260914,4.95,4.95,4.95,4.95,68400.0,338580.0,4.95
600706.SH,20260914,8.93,8.65,8.93,8.65,1524300.0,13196390.4,8.66
600707.SH,20260914,8.43,8.43,8.43,8.43,159700.0,1346271.04,8.43
600708.SH,20260914,2.98,2.98,2.98,2.98,11400.0,33972.0,2.98
600710.SH,20260914,11.69,11.69,11.69,11.69,101700.0,1188872.96,11.69
600711.SH,20260914,11.0,11.01,11.01,11.0,503000.0,5537925.12,11.01
600712.SH,20260914,6.03,6.03,6.03,6.03,3819800.0,23033395.2,6.03
600713.SH,20260914,5.18,5.18,5.18,5.18,17000.0,88060.0,5.18
600714.SH,20260914,17.35,17.35,17.35,17.35,193500.0,3357224.96,17.35
600715.SH,20260914,1.68,1.68,1.68,1.68,204500.0,343560.0,1.68
600716.SH,20260914,3.62,3.62,3.62,3.62,46700.0,169054.0,3.62
600717.SH,20260914,4.35,4.35,4.35,4.35,28900.0,125715.0,4.35
600718.SH,20260914,7.81,7.81,7.81,7.81,8500.0,66385.0,7.81
600719.SH,20260914,7.63,7.63,7.63,7.63,64600.0,492898.0,7.63
600720.SH,20260914,5.25,5.25,5.25,5.25,145600.0,764400.0,5.25
600721.SH,20260914,10.95,10.91,10.95,10.91,505200.0,5511984.0,10.91
600722.SH,20260914,17.5,17.5,17.5,17.5,1323800.0,23166499.84,17.5
600724.SH,20260914,5.01,5.01,5.01,5.01,6300.0,31563.0,5.01
600725.SH,20260914,3.36,3.36,3.36,3.36,149800.0,503328.0,3.36
600726.SH,20260914,5.43,5.41,5.43,5.41,1041600.0,5635800.32,5.41
600727.SH,20260914,7.57,7.57,7.57,7.57,125300.0,948520.96,7.57
600728.SH,20260914,4.52,4.52,4.52,4.52,35700.0,161364.0,4.52
600729.SH,20260914,18.76,18.76,18.76,18.76,7700.0,144452.0,18.76
600730.SH,20260914,8.66,8.66,8.66,8.66,66400.0,575024.0,8.66
600731.SH,20260914,5.72,5.72,5.72,5.72,7300.0,41756.0,5.72
600732.SH,20260914,10.1,10.1,10.1,10.1,65200.0,658520.0,10.1
600733.SH,20260914,4.65,4.65,4.65,4.65,406600.0,1890689.92,4.65
600734.SH,20260914,2.26,2.27,2.27,2.26,3228700.16,7329022.08,2.27
600735.SH,20260914,6.45,6.45,6.45,6.45,65400.0,421830.0,6.45
600736.SH,20260914,6.47,6.47,6.47,6.47,118600.0,767342.0,6.47
600737.SH,20260914,15.75,15.75,15.75,15.75,2133700.0,33605775.36,15.75
600738.SH,20260914,4.35,4.35,4.35,4.35,63900.0,277965.0,4.35
600739.SH,20260914,10.38,10.38,10.38,10.38,80000.0,830400.0,10.38
600740.SH,20260914,3.85,3.85,3.85,3.85,150200.0,578270.0,3.85
600741.SH,20260914,15.17,15.17,15.17,15.17,78100.0,1184776.96,15.17
600742.SH,20260914,7.62,7.62,7.62,7.62,22000.0,167640.0,7.62
600743.SH,20260914,2.07,2.07,2.07,2.07,45200.0,93564.0,2.07
600744.SH,20260914,6.96,6.92,6.99,6.92,4460200.0,30872576.0,6.92
600745.SH,20260914,17.01,17.01,17.01,17.01,148100.0,2519180.96,17.01
600746.SH,20260914,7.09,7.1,7.1,7.09,28800.0,204458.0,7.1
600748.SH,20260914,3.75,3.75,3.75,3.75,23935.0,89756.0,3.75
600749.SH,20260914,14.48,14.48,14.48,14.48,169800.0,2458704.0,14.48
600750.SH,20260914,22.33,22.33,22.33,22.33,12100.0,270193.0,22.33
600751.SH,20260914,3.04,3.04,3.04,3.04,73700.0,224048.0,3.04
600753.SH,20260914,10.9,10.9,10.9,10.9,3000.0,32700.0,10.9
600754.SH,20260914,18.95,18.95,18.95,18.95,61587.0,1167074.0,18.95
600755.SH,20260914,5.67,5.67,5.67,5.67,11500.0,65205.0,5.67
600756.SH,20260914,13.75,13.75,13.75,13.75,12800.0,176000.0,13.75
600757.SH,20260914,7.42,7.42,7.42,7.42,57900.0,429618.0,7.42
600758.SH,20260914,3.82,3.82,3.82,3.82,1000190.0,3820726.08,3.82
600759.SH,20260914,2.52,2.52,2.52,2.52,2290400.0,5771808.0,2.52
600760.SH,20260914,47.9,47.9,47.9,47.9,37300.0,1786670.08,47.9
600761.SH,20260914,16.39,16.39,16.39,16.39,6500.0,106535.0,16.39
600763.SH,20260914,32.61,32.61,32.61,32.61,32480.0,1059172.96,32.61
600764.SH,20260914,19.48,19.48,19.48,19.48,34400.0,670112.0,19.48
600765.SH,20260914,13.98,13.98,13.98,13.98,43200.0,603936.0,13.98
600768.SH,20260914,14.3,14.3,14.3,14.3,22800.0,326040.0,14.3
600769.SH,20260914,15.16,15.16,15.16,15.16,74000.0,1121840.0,15.16
600770.SH,20260914,5.51,5.51,5.51,5.51,243600.0,1342236.0,5.51
600771.SH,20260914,13.5,13.5,13.5,13.5,15200.0,205200.0,13.5
600773.SH,20260914,10.19,10.19,10.19,10.19,127300.0,1297187.04,10.19
600774.SH,20260914,7.67,7.67,7.67,7.67,23100.0,177177.0,7.67
600775.SH,20260914,9.79,9.79,9.79,9.79,125300.0,1226687.04,9.79
600776.SH,20260914,14.11,14.11,14.11,14.11,609000.0,8592990.08,14.11
600777.SH,20260914,4.17,4.16,4.17,4.16,555200.0,2310079.04,4.16
600778.SH,20260914,5.98,5.98,5.98,5.98,1465800.0,8765484.16,5.98
600779.SH,20260914,25.87,25.87,25.87,25.87,3500.0,90545.0,25.87
600780.SH,20260914,6.24,6.24,6.24,6.24,43100.0,268944.0,6.24
600782.SH,20260914,2.72,2.72,2.72,2.72,167400.0,455328.0,2.72
600783.SH,20260914,15.7,15.7,15.7,15.7,58600.0,920020.0,15.7
600784.SH,20260914,7.12,7.12,7.12,7.12,17300.0,123176.0,7.12
600785.SH,20260914,9.93,9.93,9.93,9.93,1372260.0,13626542.08,9.93
600787.SH,20260914,4.58,4.58,4.58,4.58,9500.0,43510.0,4.58
600789.SH,20260914,7.49,7.49,7.49,7.49,124900.0,935500.96,7.49
600790.SH,20260914,3.37,3.37,3.37,3.37,58900.0,198493.0,3.37
600791.SH,20260914,7.02,7.02,7.02,7.02,15600.0,109512.0,7.02
600792.SH,20260914,4.78,4.78,4.78,4.78,28342983.68,135479459.84,4.78
600793.SH,20260914,15.18,15.18,15.18,15.18,14500.0,220110.0,15.18
600794.SH,20260914,3.24,3.24,3.24,3.24,11800.0,38232.0,3.24
600795.SH,20260914,5.3,5.3,5.3,5.3,366900.0,1944569.92,5.3
600796.SH,20260914,5.12,5.12,5.12,5.12,7600.0,38912.0,5.12
600797.SH,20260914,6.67,6.67,6.67,6.67,9800.0,65366.0,6.67
600798.SH,20260914,3.45,3.45,3.45,3.45,201700.0,695864.96,3.45
600800.SH,20260914,3.4,3.4,3.4,3.4,125800.0,427720.0,3.4
600801.SH,20260914,24.31,24.31,24.31,24.31,11100.0,269841.0,24.31
600802.SH,20260914,5.35,5.35,5.35,5.35,344100.0,1840935.04,5.35
600803.SH,20260914,19.15,19.15,19.15,19.15,73200.0,1401780.0,19.15
600805.SH,20260914,4.55,4.55,4.55,4.55,21300.0,96915.0,4.55
600807.SH,20260914,2.63,2.63,2.63,2.63,29700.0,78111.0,2.63
600808.SH,20260914,2.55,2.55,2.55,2.55,180200.0,459510.0,2.55
600809.SH,20260914,114.19,114.19,114.19,114.19,20500.0,2340895.04,114.19
600810.SH,20260914,6.4,6.4,6.4,6.4,14500.0,92800.0,6.4
600812.SH,20260914,4.9,4.9,4.9,4.9,1136500.0,5568849.92,4.9
600814.SH,20260914,7.06,7.02,7.06,7.02,404200.0,2837528.96,7.02
600815.SH,20260914,3.49,3.49,3.49,3.49,256700.0,895883.04,3.49
600816.SH,20260914,2.41,2.41,2.41,2.41,350000.0,843500.0,2.41
600817.SH,20260914,9.63,9.63,9.63,9.63,1300.0,12519.0,9.63
600818.SH,20260914,8.1,8.1,8.1,8.1,89500.0,724950.0,8.1
600819.SH,20260914,5.85,5.85,5.85,5.85,59700.0,349245.0,5.85
600820.SH,20260914,5.4,5.41,5.41,5.4,19500.0,105451.0,5.41
600821.SH,20260914,6.33,6.33,6.33,6.33,384600.0,2434518.08,6.33
600822.SH,20260914,9.03,9.03,9.03,9.03,24900.0,224847.0,9.03
600824.SH,20260914,3.69,3.69,3.69,3.69,54200.0,199998.0,3.69
600825.SH,20260914,5.31,5.31,5.31,5.31,0.0,0.0,5.31
600826.SH,20260914,7.6,7.6,7.6,7.6,12600.0,95760.0,7.6
600827.SH,20260914,7.74,7.74,7.74,7.74,49400.0,382356.0,7.74
600828.SH,20260914,4.59,4.59,4.6,4.59,592200.0,2718200.96,4.59
600829.SH,20260914,9.37,9.37,9.37,9.37,14100.0,132117.0,9.37
600830.SH,20260914,8.31,8.31,8.31,8.31,284100.0,2360871.04,8.31
600831.SH,20260914,3.36,3.36,3.36,3.36,26700.0,89712.0,3.36
600833.SH,20260914,10.23,10.23,10.23,10.23,25400.0,259842.0,10.23
600834.SH,20260914,7.67,7.67,7.67,7.67,29400.0,225498.0,7.67
600835.SH,20260914,17.81,17.81,17.81,17.81,11400.0,203034.0,17.81
600838.SH,20260914,8.1,8.1,8.1,8.1,157000.0,1271700.0,8.1
600839.SH,20260914,6.66,6.65,6.66,6.65,149700.0,995524.96,6.65
600841.SH,20260914,5.72,5.72,5.72,5.72,20000.0,114400.0,5.72
600843.SH,20260914,6.99,6.99,6.99,6.99,36400.0,254436.0,6.99
600844.SH,20260914,3.51,3.51,3.51,3.51,409400.0,1436993.92,3.51
600845.SH,20260914,16.98,16.99,16.99,16.98,39600.0,672803.04,16.99
600846.SH,20260914,11.2,11.2,11.2,11.2,5500.0,61600.0,11.2
600847.SH,20260914,12.13,12.13,12.13,12.13,12800.0,155264.0,12.13
600848.SH,20260914,8.47,8.47,8.47,8.47,3700.0,31339.0,8.47
600850.SH,20260914,14.01,14.01,14.01,14.01,66620.0,933346.0,14.01
600851.SH,20260914,8.33,8.33,8.33,8.33,2800.0,23324.0,8.33
600853.SH,20260914,3.31,3.31,3.31,3.31,65500.0,216805.0,3.31
600854.SH,20260914,4.68,4.68,4.68,4.68,16900.0,79092.0,4.68
600855.SH,20260914,13.81,13.81,13.81,13.81,125900.0,1738679.04,13.81
600857.SH,20260914,21.6,21.98,21.99,21.6,62000.0,1361624.96,21.96
600858.SH,20260914,5.06,5.06,5.06,5.06,133900.0,677534.0,5.06
600859.SH,20260914,9.85,9.85,9.85,9.85,28200.0,277770.0,9.85
600860.SH,20260914,8.3,8.3,8.3,8.3,7700.0,63910.0,8.3
600861.SH,20260914,12.78,12.78,12.78,12.78,1000.0,12780.0,12.78
600862.SH,20260914,18.83,18.83,18.83,18.83,40900.0,770147.04,18.83
600863.SH,20260914,4.78,4.78,4.78,4.78,706000.0,3374680.0,4.78
600864.SH,20260914,5.6,5.6,5.6,5.6,805100.0,4508560.0,5.6
600865.SH,20260914,11.87,11.87,11.87,11.87,2151900.0,25543052.8,11.87
600866.SH,20260914,4.23,4.23,4.23,4.23,68600.0,290178.0,4.23
600867.SH,20260914,7.72,7.72,7.72,7.72,75400.0,582088.0,7.72
600868.SH,20260914,2.89,2.89,2.89,2.89,545299.0,1575913.92,2.89
600869.SH,20260914,24.1,24.1,24.1,24.1,3236600.0,78002063.36,24.1
600871.SH,20260914,2.27,2.27,2.27,2.27,1503400.0,3412718.08,2.27
600872.SH,20260914,17.53,17.59,17.59,17.53,43800.0,770168.0,17.58
600873.SH,20260914,7.56,7.56,7.56,7.56,57300.0,433188.0,7.56
600874.SH,20260914,5.6,5.6,5.6,5.6,70800.0,396480.0,5.6
600875.SH,20260914,24.8,24.8,24.8,24.8,154100.0,3821680.0,24.8
600876.SH,20260914,9.24,9.24,9.24,9.24,1775200.0,16402848.0,9.24
600877.SH,20260914,11.59,11.59,11.59,11.59,58900.0,682651.04,11.59
600879.SH,20260914,14.5,14.5,14.5,14.5,236300.0,3426350.08,14.5
600880.SH,20260914,4.8,4.78,4.8,4.78,1295700.0,6195763.84,4.78
600881.SH,20260914,1.88,1.88,1.89,1.88,659700.0,1240236.96,1.88
600882.SH,20260914,19.29,19.29,19.29,19.29,19300.0,372297.0,19.29
600883.SH,20260914,8.03,8.03,8.03,8.03,38300.0,307549.0,8.03
600884.SH,20260914,11.08,11.08,11.08,11.08,135000.0,1495800.0,11.08
600885.SH,20260914,34.3,34.3,34.3,34.3,23200.0,795760.0,34.3
600886.SH,20260914,14.41,14.41,14.41,14.41,62800.0,904948.0,14.41
600887.SH,20260914,26.62,26.62,26.62,26.62,259100.0,6897242.24,26.62
600888.SH,20260914,9.68,9.69,9.7,9.68,112300.0,1088207.04,9.69
600889.SH,20260914,13.32,13.32,13.32,13.32,11000.0,146520.0,13.32
600892.SH,20260914,4.14,4.12,4.14,4.12,1356400.0,5591486.08,4.12
600893.SH,20260914,41.2,41.2,41.2,41.2,179500.0,7395399.68,41.2
600894.SH,20260914,7.29,7.29,7.29,7.29,4800.0,34992.0,7.29
600895.SH,20260914,28.0,28.0,28.0,28.0,92800.0,2598400.0,28.0
600897.SH,20260914,14.7,14.7,14.7,14.7,44600.0,655620.0,14.7
600900.SH,20260914,28.42,28.42,28.42,28.42,572400.0,16267608.32,28.42
600901.SH,20260914,6.76,6.76,6.77,6.76,127000.0,858530.0,6.76
600903.SH,20260914,7.25,7.22,7.25,7.19,1747628.96,12616924.16,7.22
600905.SH,20260914,3.66,3.66,3.66,3.66,568200.0,2079612.0,3.66
600906.SH,20260914,6.28,6.28,6.28,6.28,96200.0,604136.0,6.28
600908.SH,20260914,5.88,5.88,5.88,5.88,46800.0,275184.0,5.88
600909.SH,20260914,7.66,7.66,7.66,7.66,599700.0,4593702.08,7.66
600916.SH,20260914,7.68,7.68,7.68,7.68,249300.0,1914624.0,7.68
600917.SH,20260914,5.0,5.0,5.0,5.0,142300.0,711500.0,5.0
600918.SH,20260914,5.47,5.47,5.47,5.47,294600.0,1611462.08,5.47
600919.SH,20260914,12.59,12.59,12.59,12.59,377400.0,4751465.92,12.59
600925.SH,20260914,4.2,4.2,4.2,4.2,28700.0,120540.0,4.2
600926.SH,20260914,17.48,17.48,17.48,17.48,190100.0,3322947.84,17.48
600927.SH,20260914,12.25,12.25,12.25,12.25,24200.0,296450.0,12.25
600928.SH,20260914,3.57,3.57,3.57,3.57,44700.0,159579.0,3.57
600929.SH,20260914,6.64,6.64,6.64,6.64,692500.0,4598200.0,6.64
600930.SH,20260914,3.91,3.91,3.91,3.91,358100.0,1400171.04,3.91
600933.SH,20260914,12.77,12.77,12.77,12.77,21800.0,278386.0,12.77
600935.SH,20260914,2.32,2.32,2.32,2.32,41400.0,96048.0,2.32
600936.SH,20260914,5.08,5.08,5.08,5.08,1033300.0,5249164.16,5.08
600938.SH,20260914,34.55,34.58,34.69,34.54,868200.0,30040896.0,34.6
600939.SH,20260914,2.68,2.68,2.68,2.68,8600.0,23048.0,2.68
600941.SH,20260914,97.5,97.5,97.5,97.5,29100.0,2837249.92,97.5
600955.SH,20260914,12.36,12.36,12.36,12.36,4000.0,49440.0,12.36
600956.SH,20260914,7.3,7.3,7.3,7.3,26400.0,192720.0,7.3
600958.SH,20260914,8.9,8.9,8.9,8.9,184400.0,1641160.0,8.9
600959.SH,20260914,3.11,3.11,3.11,3.11,105500.0,328105.0,3.11
600960.SH,20260914,3.9,3.9,3.9,3.9,54300.0,211770.0,3.9
600961.SH,20260914,23.7,23.7,23.7,23.7,268700.0,6368190.08,23.7
600962.SH,20260914,25.19,25.19,25.19,25.19,7500.0,188925.0,25.19
600963.SH,20260914,3.45,3.45,3.45,3.45,56800.0,195960.0,3.45
600965.SH,20260914,2.74,2.74,2.74,2.74,21200.0,58088.0,2.74
600966.SH,20260914,4.81,4.81,4.81,4.81,17600.0,84656.0,4.81
600967.SH,20260914,14.97,14.97,14.97,14.97,4248600.0,63601546.24,14.97
600968.SH,20260914,4.01,4.01,4.02,4.01,334000.0,1339340.96,4.01
600969.SH,20260914,10.15,10.15,10.15,10.15,318000.0,3227699.84,10.15
600970.SH,20260914,7.72,7.72,7.72,7.72,24800.0,191456.0,7.72
600971.SH,20260914,8.62,8.62,8.62,8.62,47200.0,406864.0,8.62
600973.SH,20260914,6.27,6.26,6.27,6.26,164500.0,1029780.96,6.26
600975.SH,20260914,5.53,5.53,5.53,5.53,220700.0,1220471.04,5.53
600976.SH,20260914,27.0,27.0,27.0,27.0,10200.0,275400.0,27.0
600977.SH,20260914,12.66,12.66,12.66,12.66,198500.0,2513009.92,12.66
600979.SH,20260914,4.11,4.11,4.11,4.11,754300.0,3100173.12,4.11
600980.SH,20260914,18.53,18.53,18.53,18.53,800.0,14824.0,18.53
600981.SH,20260914,2.42,2.42,2.42,2.42,67100.0,162382.0,2.42
600982.SH,20260914,5.18,5.18,5.18,5.18,605300.0,3135454.08,5.18
600983.SH,20260914,7.31,7.31,7.31,7.31,1900.0,13889.0,7.31
600984.SH,20260914,3.51,3.51,3.51,3.51,456500.0,1602315.04,3.51
600985.SH,20260914,16.52,16.52,16.52,16.52,51500.0,850780.0,16.52
600986.SH,20260914,7.26,7.26,7.26,7.26,142700.0,1036002.0,7.26
600987.SH,20260914,6.33,6.33,6.33,6.33,23300.0,147489.0,6.33
600988.SH,20260914,43.51,43.51,43.51,43.51,166800.0,7257468.16,43.51
600989.SH,20260914,24.38,24.3,24.4,24.3,740563.04,18001963.52,24.31
600990.SH,20260914,18.77,18.77,18.77,18.77,7200.0,135144.0,18.77
600992.SH,20260914,9.91,9.91,9.91,9.91,8100.0,80271.0,9.91
600993.SH,20260914,22.02,22.02,22.02,22.02,16400.0,361128.0,22.02
600995.SH,20260914,12.26,12.26,12.26,12.26,75900.0,930534.0,12.26
600996.SH,20260914,7.0,6.98,7.0,6.98,65400.0,456529.0,6.98
600997.SH,20260914,5.3,5.3,5.3,5.3,106400.0,563920.0,5.3
600998.SH,20260914,4.97,4.97,4.97,4.97,19900.0,98903.0,4.97
600999.SH,20260914,17.37,17.37,17.37,17.37,565000.0,9814049.92,17.37
601000.SH,20260914,4.52,4.52,4.52,4.52,34800.0,157296.0,4.52
601001.SH,20260914,16.59,16.59,16.59,16.59,61700.0,1023603.04,16.59
601002.SH,20260914,5.18,5.18,5.18,5.18,111400.0,577052.0,5.18
601003.SH,20260914,3.72,3.72,3.72,3.72,19600.0,72912.0,3.72
601005.SH,20260914,1.21,1.21,1.21,1.21,475800.0,575718.0,1.21
601006.SH,20260914,4.79,4.79,4.79,4.79,335100.0,1605128.96,4.79
601007.SH,20260914,7.02,7.02,7.02,7.02,90400.0,634608.0,7.02
601008.SH,20260914,4.49,4.49,4.49,4.49,190300.0,854447.04,4.49
601009.SH,20260914,12.24,12.24,12.24,12.24,163900.0,2006136.0,12.24
601010.SH,20260914,1.46,1.46,1.46,1.46,92700.0,135342.0,1.46
601011.SH,20260914,2.96,2.95,2.96,2.95,139699.0,412129.0,2.95
601012.SH,20260914,11.3,11.3,11.3,11.3,326000.0,3683800.0,11.3
601015.SH,20260914,3.76,3.76,3.76,3.76,852300.0,3204648.0,3.76
601016.SH,20260914,3.37,3.37,3.37,3.37,575100.0,1938087.04,3.37
601018.SH,20260914,3.51,3.51,3.51,3.51,116600.0,409266.0,3.51
601019.SH,20260914,6.91,6.91,6.91,6.91,9700.0,67027.0,6.91
601020.SH,20260914,21.0,21.0,21.0,21.0,162700.0,3416700.16,21.0
601021.SH,20260914,42.19,42.19,42.19,42.19,36500.0,1539935.04,42.19
601022.SH,20260914,8.43,8.43,8.43,8.43,49400.0,416442.0,8.43
601026.SH,20260914,14.08,14.08,14.08,14.08,4100.0,57728.0,14.08
601033.SH,20260914,14.6,14.6,14.6,14.6,70000.0,1022000.0,14.6
601038.SH,20260914,14.66,14.66,14.66,14.66,25600.0,375296.0,14.66
601058.SH,20260914,13.75,13.75,13.75,13.75,81600.0,1122000.0,13.75
601059.SH,20260914,15.63,15.63,15.63,15.63,55300.0,864339.04,15.63
601061.SH,20260914,11.5,11.46,11.5,11.46,201000.0,2303708.96,11.46
601065.SH,20260914,6.76,6.76,6.76,6.76,22700.0,153452.0,6.76
601066.SH,20260914,23.74,23.74,23.74,23.74,60400.0,1433896.0,23.74
601068.SH,20260914,4.53,4.53,4.53,4.53,69800.0,316194.0,4.53
601069.SH,20260914,28.19,28.19,28.19,28.19,79800.0,2249561.92,28.19
601077.SH,20260914,6.7,6.7,6.7,6.7,140700.0,942690.0,6.7
601083.SH,20260914,12.18,12.18,12.18,12.18,52300.0,637014.0,12.18
601086.SH,20260914,16.37,16.37,16.37,16.37,3408600.0,55798784.0,16.37
601088.SH,20260914,47.4,47.4,47.4,47.4,126700.0,6005580.16,47.4
601089.SH,20260914,15.56,15.56,15.56,15.56,7800.0,121368.0,15.56
601096.SH,20260914,4.13,4.13,4.13,4.13,44800.0,185024.0,4.13
601098.SH,20260914,10.04,10.04,10.04,10.04,20500.0,205820.0,10.04
601099.SH,20260914,3.41,3.41,3.41,3.41,549300.0,1873112.96,3.41
601100.SH,20260914,100.05,100.05,100.05,100.05,4700.0,470235.0,100.05
601101.SH,20260914,13.23,13.23,13.23,13.23,76800.0,1016064.0,13.23
601106.SH,20260914,3.07,3.07,3.07,3.07,219400.0,673558.0,3.07
601107.SH,20260914,5.86,5.86,5.86,5.86,56900.0,333434.0,5.86
601108.SH,20260914,8.15,8.15,8.15,8.15,315800.0,2573769.92,8.15
601111.SH,20260914,5.75,5.75,5.75,5.75,737500.0,4240624.96,5.75
601112.SH,20260914,15.98,15.98,15.98,15.98,79100.0,1264018.0,15.98
601113.SH,20260914,3.44,3.44,3.44,3.44,15300.0,52632.0,3.44
601116.SH,20260914,10.62,10.62,10.62,10.62,249200.0,2646504.0,10.62
601117.SH,20260914,7.27,7.27,7.27,7.27,213300.0,1550691.04,7.27
601118.SH,20260914,6.49,6.49,6.49,6.49,2017300.0,13092276.48,6.49
601121.SH,20260914,7.17,7.17,7.17,7.17,52900.0,379293.0,7.17
601123.SH,20260914,15.12,15.12,15.12,15.12,192300.0,2907576.0,15.12
601126.SH,20260914,40.17,40.17,40.17,40.17,93900.0,3771962.88,40.17
601127.SH,20260914,46.38,46.38,46.38,46.38,71900.0,3334721.92,46.38
601128.SH,20260914,6.41,6.41,6.41,6.41,177879.0,1140204.0,6.41
601133.SH,20260914,22.69,22.69,22.69,22.69,43600.0,989284.0,22.69
601136.SH,20260914,14.36,14.36,14.36,14.36,107200.0,1539392.0,14.36
601137.SH,20260914,19.05,19.05,19.05,19.05,52700.0,1003935.04,19.05
601138.SH,20260914,62.99,62.99,62.99,62.99,640200.0,40326200.32,62.99
601139.SH,20260914,6.42,6.42,6.42,6.42,24800.0,159216.0,6.42
601155.SH,20260914,11.6,11.6,11.6,11.6,38500.0,446600.0,11.6
601156.SH,20260914,18.88,18.88,18.88,18.88,28200.0,532416.0,18.88
601158.SH,20260914,4.1,4.1,4.1,4.1,71300.0,292330.0,4.1
601162.SH,20260914,3.58,3.58,3.58,3.58,784199.04,2807432.0,3.58
601163.SH,20260914,12.28,12.28,12.28,12.28,6100.0,74908.0,12.28
601166.SH,20260914,18.09,18.09,18.09,18.09,436304.0,7892739.2,18.09
601168.SH,20260914,36.62,36.62,36.62,36.62,556500.0,20379029.76,36.62
601169.SH,20260914,5.6,5.6,5.6,5.6,1027100.0,5751760.0,5.6
601177.SH,20260914,13.53,13.53,13.53,13.53,8100.0,109593.0,13.53
601179.SH,20260914,12.23,12.23,12.23,12.23,180500.0,2207515.04,12.23
601186.SH,20260914,6.08,6.08,6.08,6.08,174600.0,1061568.0,6.08
601187.SH,20260914,7.27,7.27,7.27,7.27,67400.0,489998.0,7.27
601188.SH,20260914,2.92,2.92,2.92,2.92,115700.0,337844.0,2.92
601198.SH,20260914,13.1,13.11,13.11,13.1,133100.0,1744888.96,13.11
601199.SH,20260914,6.49,6.5,6.51,6.48,1546000.0,10048947.84,6.5
601200.SH,20260914,6.9,6.9,6.9,6.9,48500.0,334650.0,6.9
601208.SH,20260914,47.01,46.92,47.01,46.92,471000.0,22100843.52,46.92
601211.SH,20260914,17.26,17.26,17.26,17.26,217748.0,3758329.92,17.26
601212.SH,20260914,6.2,6.2,6.2,6.2,2549300.0,15805660.16,6.2
601216.SH,20260914,4.68,4.68,4.68,4.68,75300.0,352404.0,4.68
601218.SH,20260914,4.78,4.78,4.78,4.77,725600.0,3468354.88,4.78
601222.SH,20260914,5.92,5.92,5.92,5.92,137300.0,812816.0,5.92
601225.SH,20260914,26.0,26.0,26.0,26.0,144800.0,3764800.0,26.0
601226.SH,20260914,6.58,6.58,6.58,6.58,28500.0,187530.0,6.58
601228.SH,20260914,3.1,3.1,3.1,3.1,51000.0,158100.0,3.1
601229.SH,20260914,9.7,9.7,9.7,9.7,251986.0,2444264.0,9.7
601231.SH,20260914,26.49,26.49,26.49,26.49,416400.0,11030435.84,26.49
601233.SH,20260914,23.3,23.3,23.3,23.3,144900.0,3376169.92,23.3
601236.SH,20260914,6.79,6.79,6.79,6.79,33800.0,229502.0,6.79
601238.SH,20260914,5.09,5.09,5.09,5.09,0.0,0.0,5.09
601279.SH,20260914,3.39,3.39,3.39,3.39,17200.0,58308.0,3.39
601288.SH,20260914,7.0,6.97,7.0,6.97,2893500.16,20186374.4,6.98
601298.SH,20260914,9.5,9.5,9.5,9.5,28100.0,266950.0,9.5
601311.SH,20260914,7.4,7.4,7.4,7.4,47800.0,353720.0,7.4
601318.SH,20260914,54.78,54.78,54.78,54.78,277211.0,15185619.2,54.78
601319.SH,20260914,7.78,7.78,7.78,7.78,322900.0,2512161.92,7.78
601326.SH,20260914,3.57,3.57,3.57,3.57,26200.0,93534.0,3.57
601328.SH,20260914,7.49,7.49,7.49,7.49,1015300.0,7604597.12,7.49
601330.SH,20260914,8.29,8.29,8.29,8.29,117000.0,969930.0,8.29
601333.SH,20260914,3.11,3.11,3.11,3.11,79000.0,245690.0,3.11
601336.SH,20260914,58.18,58.18,58.18,58.18,102900.0,5986721.92,58.18
601339.SH,20260914,7.13,7.13,7.13,7.13,17400.0,124062.0,7.13
601360.SH,20260914,9.14,9.14,9.14,9.14,7102590.72,64917678.08,9.14
601366.SH,20260914,3.71,3.71,3.71,3.71,22700.0,84217.0,3.71
601368.SH,20260914,4.51,4.51,4.51,4.51,13600.0,61336.0,4.51
601369.SH,20260914,8.36,8.36,8.36,8.36,17800.0,148808.0,8.36
601375.SH,20260914,3.96,3.97,3.97,3.96,261700.0,1038908.96,3.97
601377.SH,20260914,5.82,5.82,5.82,5.82,228300.0,1328706.0,5.82
601388.SH,20260914,3.28,3.28,3.28,3.28,127800.0,419184.0,3.28
601390.SH,20260914,4.38,4.38,4.38,4.38,416293.0,1823363.04,4.38
601398.SH,20260914,8.12,8.12,8.12,8.12,2308500.0,18745020.16,8.12
601399.SH,20260914,3.22,3.22,3.22,3.22,177699.0,572191.0,3.22
601456.SH,20260914,8.67,8.67,8.67,8.67,31500.0,273105.0,8.67
601500.SH,20260914,3.9,3.9,3.9,3.9,14000.0,54600.0,3.9
601512.SH,20260914,8.55,8.55,8.55,8.55,8900.0,76095.0,8.55
601515.SH,20260914,3.21,3.21,3.21,3.21,13299.0,42690.0,3.21
601518.SH,20260914,2.84,2.84,2.84,2.84,40000.0,113600.0,2.84
601519.SH,20260914,8.01,8.01,8.01,8.01,128000.0,1025280.0,8.01
601528.SH,20260914,5.01,5.01,5.01,5.01,111200.0,557112.0,5.01
601555.SH,20260914,8.37,8.37,8.37,8.37,115800.0,969246.0,8.37
601566.SH,20260914,9.53,9.53,9.53,9.53,400300.0,3814858.88,9.53
601567.SH,20260914,12.88,12.88,12.88,12.88,97400.0,1254512.0,12.88
601568.SH,20260914,3.72,3.72,3.72,3.72,43600.0,162192.0,3.72
601577.SH,20260914,9.94,9.94,9.94,9.94,47800.0,475132.0,9.94
601579.SH,20260914,23.81,23.81,23.81,23.81,317300.0,7554913.28,23.81
601588.SH,20260914,1.69,1.69,1.69,1.69,208300.0,352027.0,1.69
601595.SH,20260914,23.05,23.05,23.05,23.05,150000.0,3457500.16,23.05
601598.SH,20260914,6.48,6.5,6.5,6.48,18800.0,122166.0,6.5
601599.SH,20260914,3.26,3.26,3.26,3.26,101599.0,331213.0,3.26
601600.SH,20260914,9.32,9.31,9.32,9.31,1262700.0,11755787.52,9.31
601601.SH,20260914,32.8,32.8,32.8,32.8,153500.0,5034800.0,32.8
601606.SH,20260914,35.68,35.68,35.68,35.68,857374.0,30591104.0,35.68
601607.SH,20260914,16.25,16.25,16.25,16.25,21600.0,351000.0,16.25
601608.SH,20260914,4.82,4.82,4.82,4.82,112600.0,542732.0,4.82
601609.SH,20260914,12.6,12.6,12.6,12.6,126600.0,1595160.0,12.6
601611.SH,20260914,11.07,11.07,11.07,11.07,208100.0,2303667.04,11.07
601615.SH,20260914,9.63,9.63,9.63,9.63,98500.0,948555.04,9.63
601616.SH,20260914,3.85,3.85,3.85,3.85,62200.0,239470.0,3.85
601618.SH,20260914,2.59,2.59,2.59,2.59,194200.0,502978.0,2.59
601619.SH,20260914,4.12,4.12,4.12,4.12,102500.0,422300.0,4.12
601628.SH,20260914,37.88,37.88,37.88,37.88,113900.0,4314531.84,37.88
601633.SH,20260914,14.4,14.4,14.4,14.4,56400.0,812160.0,14.4
601636.SH,20260914,5.65,5.65,5.65,5.65,123400.0,697210.0,5.65
601658.SH,20260914,5.44,5.44,5.44,5.44,956900.0,5205536.0,5.44
601665.SH,20260914,7.16,7.16,7.16,7.16,207000.0,1482120.0,7.16
601666.SH,20260914,9.3,9.3,9.3,9.3,62100.0,577530.0,9.3
601668.SH,20260914,4.35,4.35,4.35,4.35,808500.0,3516975.04,4.35
601669.SH,20260914,4.6,4.6,4.6,4.6,538000.0,2474800.0,4.6
601677.SH,20260914,16.39,16.39,16.39,16.39,72800.0,1193192.0,16.39
601678.SH,20260914,5.87,5.87,5.87,5.87,343300.0,2015171.04,5.87
601686.SH,20260914,5.21,5.21,5.21,5.21,6600.0,34386.0,5.21
601688.SH,20260914,18.81,18.81,18.81,18.81,226300.0,4256703.04,18.81
601689.SH,20260914,43.15,43.15,43.15,43.15,89800.0,3874870.08,43.15
601696.SH,20260914,11.2,11.2,11.2,11.2,153500.0,1719200.0,11.2
601698.SH,20260914,24.14,24.14,24.14,24.14,67800.0,1636692.0,24.14
601699.SH,20260914,15.77,15.77,15.77,15.77,147100.0,2319767.04,15.77
601700.SH,20260914,6.38,6.38,6.38,6.38,504900.0,3221262.08,6.38
601702.SH,20260914,15.04,15.04,15.04,15.04,17300.0,260192.0,15.04
601717.SH,20260914,14.01,14.01,14.01,14.01,92300.0,1293123.04,14.01
601718.SH,20260914,1.95,1.95,1.95,1.95,271200.0,528840.0,1.95
601727.SH,20260914,6.54,6.54,6.54,6.54,123900.0,810306.0,6.54
601728.SH,20260914,6.29,6.29,6.29,6.29,348800.0,2193952.0,6.29
601766.SH,20260914,6.12,6.12,6.12,6.12,309500.0,1894140.0,6.12
601777.SH,20260914,7.88,7.88,7.88,7.88,73800.0,581544.0,7.88
601778.SH,20260914,3.5,3.5,3.5,3.5,203700.0,712950.0,3.5
601788.SH,20260914,13.99,13.94,13.99,13.94,99700.0,1390216.0,13.94
601789.SH,20260914,4.14,4.14,4.14,4.14,143700.0,594918.0,4.14
601798.SH,20260914,7.64,7.64,7.64,7.64,25700.0,196348.0,7.64
601799.SH,20260914,71.29,71.29,71.29,71.29,5700.0,406353.0,71.29
601800.SH,20260914,5.93,5.93,5.93,5.93,67000.0,397310.0,5.93
601801.SH,20260914,5.3,5.3,5.3,5.3,9200.0,48760.0,5.3
601808.SH,20260914,12.73,12.73,12.73,12.73,205800.0,2619833.92,12.73
601811.SH,20260914,11.62,11.62,11.62,11.62,28600.0,332332.0,11.62
601816.SH,20260914,4.82,4.82,4.82,4.82,328100.0,1581441.92,4.82
601818.SH,20260914,3.02,3.02,3.02,3.02,533200.0,1610264.0,3.02
601825.SH,20260914,8.85,8.85,8.85,8.85,102700.0,908895.04,8.85
601827.SH,20260914,8.06,8.06,8.06,8.06,3300.0,26598.0,8.06
601828.SH,20260914,2.15,2.15,2.15,2.15,249700.0,536855.0,2.15
601838.SH,20260914,20.09,20.09,20.09,20.09,78500.0,1577064.96,20.09
601857.SH,20260914,11.31,11.31,11.31,11.31,715600.0,8093436.16,11.31
601858.SH,20260914,19.51,19.51,19.51,19.51,48800.0,952088.0,19.51
601860.SH,20260914,2.6,2.6,2.6,2.6,412400.0,1072240.0,2.6
601865.SH,20260914,9.44,9.44,9.44,9.44,11300.0,106672.0,9.44
601866.SH,20260914,2.5,2.5,2.5,2.5,382500.0,956250.0,2.5
601868.SH,20260914,2.47,2.47,2.47,2.47,2079000.0,5135129.92,2.47
601869.SH,20260914,450.02,450.0,450.3,448.88,192100.0,86440663.04,449.98
601872.SH,20260914,20.55,20.55,20.55,20.55,3220400.0,66179220.48,20.55
601877.SH,20260914,24.76,24.76,24.76,24.76,145200.0,3595152.0,24.76
601878.SH,20260914,9.07,9.07,9.07,9.07,228700.0,2074308.96,9.07
601880.SH,20260914,1.46,1.46,1.46,1.46,449409.0,656137.0,1.46
601881.SH,20260914,11.9,11.9,11.9,11.9,135700.0,1614830.08,11.9
601882.SH,20260914,22.0,22.0,22.0,22.0,23900.0,525800.0,22.0
601886.SH,20260914,12.62,12.62,12.62,12.62,31900.0,402578.0,12.62
601888.SH,20260914,51.6,51.6,51.6,51.6,98200.0,5067120.0,51.6
601890.SH,20260914,10.22,10.22,10.22,10.22,829400.0,8476467.84,10.22
601898.SH,20260914,14.78,14.76,14.78,14.76,418300.0,6174133.76,14.76
601899.SH,20260914,31.78,31.78,31.78,31.78,1448947.04,46047534.08,31.78
601900.SH,20260914,12.12,12.12,12.12,12.12,43900.0,532068.0,12.12
601901.SH,20260914,6.77,6.77,6.77,6.77,152900.0,1035132.96,6.77
601908.SH,20260914,2.97,2.97,2.97,2.97,48700.0,144639.0,2.97
601916.SH,20260914,2.95,2.95,2.95,2.95,702100.0,2071195.04,2.95
601918.SH,20260914,10.37,10.37,10.37,10.37,177400.0,1839638.08,10.37
601919.SH,20260914,16.25,16.25,16.25,16.25,228010.0,3705162.88,16.25
601921.SH,20260914,7.38,7.38,7.38,7.38,18200.0,134316.0,7.38
601928.SH,20260914,8.41,8.41,8.41,8.41,29400.0,247254.0,8.41
601929.SH,20260914,2.47,2.47,2.47,2.47,266200.0,657514.0,2.47
601933.SH,20260914,3.05,3.05,3.05,3.05,1169200.0,3566060.16,3.05
601939.SH,20260914,11.05,11.05,11.05,11.05,525900.0,5811194.88,11.05
601949.SH,20260914,5.69,5.76,5.76,5.69,4797500.16,27612121.6,5.76
601952.SH,20260914,9.87,9.87,9.87,9.87,1121000.0,11064270.08,9.87
601956.SH,20260914,4.79,4.79,4.79,4.79,16400.0,78556.0,4.79
601958.SH,20260914,19.97,19.97,19.97,19.97,185700.0,3708429.12,19.97
601963.SH,20260914,11.22,11.22,11.22,11.22,36000.0,403920.0,11.22
601965.SH,20260914,13.47,13.47,13.47,13.47,2500.0,33675.0,13.47
601966.SH,20260914,10.62,10.62,10.62,10.62,22000.0,233640.0,10.62
601968.SH,20260914,4.6,4.6,4.6,4.6,2100.0,9660.0,4.6
601969.SH,20260914,9.51,9.51,9.51,9.51,88000.0,836880.0,9.51
601975.SH,20260914,4.74,4.74,4.74,4.74,2084200.0,9879107.84,4.74
601985.SH,20260914,9.05,9.05,9.05,9.05,355400.0,3216369.92,9.05
601988.SH,20260914,6.56,6.56,6.56,6.56,1043000.0,6842080.0,6.56
601990.SH,20260914,6.59,6.59,6.59,6.59,67600.0,445484.0,6.59
601991.SH,20260914,5.7,5.7,5.7,5.7,2359400.0,13448579.84,5.7
601992.SH,20260914,1.38,1.38,1.38,1.38,171800.0,237084.0,1.38
601995.SH,20260914,31.96,31.96,31.96,31.96,143400.0,4583064.0,31.96
601996.SH,20260914,2.85,2.85,2.85,2.85,111400.0,317490.0,2.85
601997.SH,20260914,5.63,5.62,5.63,5.62,214600.0,1206066.0,5.62
601998.SH,20260914,8.91,8.91,8.91,8.91,151500.0,1349864.96,8.91
601999.SH,20260914,6.98,6.98,6.98,6.98,844100.0,5891818.24,6.98
603000.SH,20260914,16.85,16.85,16.85,16.85,234900.0,3958064.96,16.85
603001.SH,20260914,8.8,8.8,8.8,8.8,7700.0,67760.0,8.8
603002.SH,20260914,17.33,17.25,17.33,17.25,1377600.0,23766615.04,17.25
603004.SH,20260914,17.74,17.74,17.74,17.74,3600.0,63864.0,17.74
603005.SH,20260914,28.28,28.28,28.28,28.28,88200.0,2494296.0,28.28
603006.SH,20260914,10.43,10.43,10.43,10.43,7200.0,75096.0,10.43
603007.SH,20260914,4.8,4.8,4.8,4.8,86600.0,415680.0,4.8
603008.SH,20260914,8.85,8.85,8.85,8.85,29800.0,263730.0,8.85
603009.SH,20260914,44.8,44.8,44.8,44.8,58900.0,2638720.0,44.8
603010.SH,20260914,11.33,11.33,11.33,11.33,2000.0,22660.0,11.33
603011.SH,20260914,25.23,25.23,25.23,25.23,160388.0,4046589.12,25.23
603012.SH,20260914,9.16,9.16,9.16,9.16,108400.0,992944.0,9.16
603013.SH,20260914,14.19,14.19,14.19,14.19,8200.0,116358.0,14.19
603014.SH,20260914,30.5,30.5,30.5,30.5,8000.0,244000.0,30.5
603015.SH,20260914,10.43,10.43,10.43,10.43,8500.0,88655.0,10.43
603016.SH,20260914,27.82,27.82,27.82,27.82,8600.0,239252.0,27.82
603017.SH,20260914,9.9,9.9,9.9,9.9,20700.0,204930.0,9.9
603018.SH,20260914,5.3,5.3,5.3,5.3,11000.0,58300.0,5.3
603019.SH,20260914,81.6,81.6,81.6,81.6,92000.0,7507200.0,81.6
603020.SH,20260914,10.09,10.09,10.09,10.09,19800.0,199782.0,10.09
603021.SH,20260914,5.44,5.44,5.44,5.44,42800.0,232832.0,5.44
603022.SH,20260914,8.74,8.74,8.74,8.74,39300.0,343482.0,8.74
603023.SH,20260914,4.1,4.1,4.1,4.1,31700.0,129970.0,4.1
603025.SH,20260914,13.05,13.05,13.05,13.05,32700.0,426735.0,13.05
603026.SH,20260914,61.09,61.09,61.09,61.09,36400.0,2223676.0,61.09
603027.SH,20260914,7.3,7.3,7.3,7.3,19600.0,143080.0,7.3
603028.SH,20260914,6.86,6.86,6.86,6.86,19700.0,135142.0,6.86
603029.SH,20260914,16.41,16.41,16.41,16.41,12700.0,208407.0,16.41
603030.SH,20260914,2.09,2.09,2.1,2.09,93900.0,196252.0,2.09
603031.SH,20260914,40.12,40.12,40.12,40.12,36103.0,1448452.0,40.12
603032.SH,20260914,17.9,17.9,17.9,17.9,12500.0,223750.0,17.9
603033.SH,20260914,7.0,7.0,7.0,7.0,21900.0,153300.0,7.0
603035.SH,20260914,10.35,10.35,10.35,10.35,13000.0,134550.0,10.35
603036.SH,20260914,12.59,12.59,12.59,12.59,8500.0,107015.0,12.59
603037.SH,20260914,9.74,9.74,9.74,9.74,13500.0,131490.0,9.74
603038.SH,20260914,15.45,15.45,15.45,15.45,9600.0,148320.0,15.45
603039.SH,20260914,35.44,35.44,35.44,35.44,39200.0,1389248.0,35.44
603040.SH,20260914,46.65,46.65,46.65,46.65,2500.0,116625.0,46.65
603041.SH,20260914,11.0,11.0,11.0,11.0,32600.0,358600.0,11.0
603042.SH,20260914,16.05,15.91,16.05,15.91,774140.0,12318617.6,15.91
603043.SH,20260914,13.31,13.31,13.31,13.31,13800.0,183678.0,13.31
603045.SH,20260914,48.88,48.88,48.88,48.88,45100.0,2204488.0,48.88
603048.SH,20260914,22.58,22.58,22.58,22.58,700.0,15806.0,22.58
603049.SH,20260914,45.61,45.61,45.61,45.61,6200.0,282782.0,45.61
603050.SH,20260914,17.89,17.89,17.89,17.89,400.0,7156.0,17.89
603051.SH,20260914,22.83,22.83,22.83,22.83,38400.0,876672.0,22.83
603052.SH,20260914,53.29,53.04,53.29,53.04,26400.0,1402577.92,53.13
603053.SH,20260914,8.88,8.88,8.88,8.88,600.0,5328.0,8.88
603055.SH,20260914,9.05,9.05,9.05,9.05,143800.0,1301390.0,9.05
603057.SH,20260914,19.15,19.15,19.15,19.15,3800.0,72770.0,19.15
603058.SH,20260914,8.9,8.93,8.93,8.9,34000.0,303545.0,8.93
603059.SH,20260914,23.2,23.2,23.2,23.2,7000.0,162400.0,23.2
603060.SH,20260914,5.47,5.47,5.47,5.47,46700.0,255449.0,5.47
603061.SH,20260914,299.09,299.09,299.09,299.09,12400.0,3708716.16,299.09
603062.SH,20260914,36.9,36.9,36.9,36.9,1800.0,66420.0,36.9
603063.SH,20260914,29.48,29.48,29.48,29.48,84900.0,2502852.0,29.48
603065.SH,20260914,13.5,13.45,13.5,13.45,47600.0,640285.0,13.45
603066.SH,20260914,9.15,9.15,9.15,9.15,213867.0,1956883.04,9.15
603067.SH,20260914,35.1,35.1,35.1,35.1,105200.0,3692520.0,35.1
603068.SH,20260914,35.11,35.11,35.11,35.11,48500.0,1702835.04,35.11
603069.SH,20260914,13.6,13.6,13.6,13.6,56300.0,765680.0,13.6
603070.SH,20260914,11.3,11.3,11.3,11.3,10200.0,115260.0,11.3
603071.SH,20260914,12.31,12.31,12.31,12.31,19800.0,243738.0,12.31
603072.SH,20260914,29.78,29.78,29.78,29.78,5900.0,175702.0,29.78
603073.SH,20260914,15.9,15.9,15.9,15.9,21900.0,348210.0,15.9
603075.SH,20260914,19.63,19.63,19.63,19.63,44600.0,875498.0,19.63
603076.SH,20260914,19.48,19.48,19.48,19.48,1400.0,27272.0,19.48
603077.SH,20260914,2.35,2.35,2.35,2.35,1340600.0,3150409.92,2.35
603078.SH,20260914,30.85,30.85,30.85,30.85,78600.0,2424809.92,30.85
603079.SH,20260914,12.45,12.45,12.45,12.45,18200.0,226590.0,12.45
603080.SH,20260914,20.1,20.1,20.1,20.1,62300.0,1252230.0,20.1
603081.SH,20260914,9.66,9.66,9.66,9.66,9000.0,86940.0,9.66
603082.SH,20260914,46.58,46.58,46.58,46.58,52100.0,2426817.92,46.58
603083.SH,20260914,213.63,213.0,214.2,213.0,488864.0,104150517.76,213.05
603085.SH,20260914,9.55,9.55,9.55,9.55,11900.0,113645.0,9.55
603086.SH,20260914,6.1,6.1,6.1,6.1,128300.0,782630.0,6.1
603087.SH,20260914,65.98,65.95,65.98,65.95,10900.0,718860.96,65.95
603088.SH,20260914,10.05,10.05,10.05,10.05,23900.0,240195.0,10.05
603089.SH,20260914,9.4,9.4,9.4,9.4,12100.0,113740.0,9.4
603090.SH,20260914,32.05,32.05,32.05,32.05,90100.0,2887704.96,32.05
603091.SH,20260914,48.16,48.16,48.16,48.16,2300.0,110768.0,48.16
603092.SH,20260914,40.85,40.85,40.85,40.85,700.0,28595.0,40.85
603093.SH,20260914,12.33,12.33,12.33,12.33,111900.0,1379727.04,12.33
603095.SH,20260914,13.94,13.94,13.94,13.94,13000.0,181220.0,13.94
603096.SH,20260914,15.11,15.11,15.11,15.11,52500.0,793275.04,15.11
603097.SH,20260914,18.64,18.64,18.64,18.64,6700.0,124888.0,18.64
603098.SH,20260914,11.0,11.0,11.0,11.0,12400.0,136400.0,11.0
603099.SH,20260914,37.08,37.08,37.08,37.08,25300.0,938124.0,37.08
603100.SH,20260914,18.0,18.0,18.0,18.0,11700.0,210600.0,18.0
603101.SH,20260914,7.5,7.5,7.5,7.5,76400.0,573000.0,7.5
603102.SH,20260914,34.65,34.65,34.65,34.65,7800.0,270270.0,34.65
603103.SH,20260914,16.33,16.33,16.33,16.33,18400.0,300472.0,16.33
603105.SH,20260914,8.77,8.71,8.78,8.71,2789176.96,24297564.16,8.71
603106.SH,20260914,7.57,7.57,7.57,7.57,199700.0,1511728.96,7.57
603107.SH,20260914,11.68,11.68,11.68,11.68,7800.0,91104.0,11.68
603108.SH,20260914,9.29,9.29,9.29,9.29,31300.0,290777.0,9.29
603109.SH,20260914,16.39,16.39,16.39,16.39,12000.0,196680.0,16.39
603110.SH,20260914,22.4,22.4,22.4,22.4,122600.0,2746240.0,22.4
603111.SH,20260914,6.23,6.23,6.23,6.23,108800.0,677824.0,6.23
603112.SH,20260914,16.17,16.17,16.17,16.17,19700.0,318549.0,16.17
603113.SH,20260914,5.09,5.09,5.09,5.09,212300.0,1080607.04,5.09
603115.SH,20260914,86.15,85.9,86.49,85.9,129600.0,11136162.56,85.93
603116.SH,20260914,6.09,6.09,6.09,6.09,18300.0,111447.0,6.09
603117.SH,20260914,4.05,4.05,4.05,4.05,21100.0,85455.0,4.05
603118.SH,20260914,15.54,15.54,15.54,15.54,542500.0,8430449.92,15.54
603119.SH,20260914,50.5,50.5,50.5,50.5,11800.0,595900.0,50.5
603120.SH,20260914,49.0,49.0,49.0,49.0,13800.0,676200.0,49.0
603121.SH,20260914,12.4,12.4,12.4,12.4,2200.0,27280.0,12.4
603122.SH,20260914,12.3,12.3,12.3,12.3,132000.0,1623600.0,12.3
603123.SH,20260914,9.88,9.88,9.88,9.88,633673.0,6260689.28,9.88
603124.SH,20260914,124.55,124.55,124.55,124.55,15800.0,1967889.92,124.55
603125.SH,20260914,22.41,22.41,22.41,22.41,9100.0,203931.0,22.41
603126.SH,20260914,6.26,6.26,6.26,6.26,9400.0,58844.0,6.26
603127.SH,20260914,41.37,41.37,41.37,41.37,122700.0,5076098.88,41.37
603128.SH,20260914,5.45,5.45,5.45,5.45,77600.0,422920.0,5.45
603129.SH,20260914,286.61,286.61,286.61,286.61,2400.0,687864.0,286.61
603130.SH,20260914,36.47,36.47,36.47,36.47,0.0,0.0,36.47
603131.SH,20260914,13.97,13.97,13.97,13.97,28600.0,399542.0,13.97
603132.SH,20260914,19.12,19.12,19.12,19.12,32600.0,623312.0,19.12
603135.SH,20260914,8.46,8.46,8.46,8.46,15800.0,133668.0,8.46
603136.SH,20260914,10.49,10.49,10.49,10.48,1392100.0,14603110.4,10.49
603137.SH,20260914,18.85,18.85,18.85,18.85,66800.0,1259180.0,18.85
603138.SH,20260914,14.44,14.44,14.44,14.44,190900.0,2756595.84,14.44
603139.SH,20260914,39.2,39.2,39.2,39.2,7800.0,305760.0,39.2
603150.SH,20260914,69.55,69.55,69.55,69.55,35300.0,2455115.04,69.55
603151.SH,20260914,17.73,17.73,17.73,17.73,23100.0,409563.0,17.73
603153.SH,20260914,13.36,13.36,13.36,13.36,1200.0,16032.0,13.36
603155.SH,20260914,13.02,13.02,13.02,13.02,57100.0,743442.0,13.02
603156.SH,20260914,40.44,40.44,40.44,40.44,63100.0,2551764.0,40.44
603158.SH,20260914,10.45,10.45,10.45,10.45,29400.0,307230.0,10.45
603159.SH,20260914,23.74,23.74,23.74,23.74,0.0,0.0,23.74
603160.SH,20260914,50.31,50.31,50.31,50.31,7400.0,372294.0,50.31
603161.SH,20260914,15.66,15.66,15.66,15.66,26600.0,416556.0,15.66
603162.SH,20260914,14.38,14.3,14.4,14.3,1159540.0,16582941.44,14.3
603163.SH,20260914,79.26,79.26,79.26,79.26,28100.0,2227206.08,79.26
603165.SH,20260914,13.44,13.44,13.44,13.44,4500.0,60480.0,13.44
603166.SH,20260914,10.5,10.5,10.5,10.5,30400.0,319200.0,10.5
603167.SH,20260914,8.19,8.19,8.19,8.19,2700.0,22113.0,8.19
603168.SH,20260914,5.69,5.69,5.69,5.69,32000.0,182080.0,5.69
603169.SH,20260914,6.57,6.57,6.57,6.57,2700.0,17739.0,6.57
603170.SH,20260914,12.01,12.01,12.01,12.01,14600.0,175346.0,12.01
603171.SH,20260914,38.1,38.1,38.1,38.1,13300.0,506730.0,38.1
603172.SH,20260914,18.09,18.09,18.09,18.09,5400.0,97686.0,18.09
603173.SH,20260914,28.56,28.56,28.56,28.56,2400.0,68544.0,28.56
603175.SH,20260914,94.64,94.64,94.64,94.64,8000.0,757120.0,94.64
603176.SH,20260914,5.26,5.26,5.26,5.26,68400.0,359784.0,5.26
603177.SH,20260914,10.34,10.34,10.34,10.34,5800.0,59972.0,10.34
603178.SH,20260914,15.75,15.75,15.75,15.75,78500.0,1236375.04,15.75
603179.SH,20260914,37.51,37.51,37.51,37.51,56420.0,2116313.92,37.51
603180.SH,20260914,15.3,15.3,15.3,15.3,2500.0,38250.0,15.3
603181.SH,20260914,12.2,12.2,12.2,12.2,21500.0,262300.0,12.2
603182.SH,20260914,13.64,13.64,13.64,13.64,29200.0,398288.0,13.64
603183.SH,20260914,4.66,4.66,4.66,4.66,209600.0,976736.0,4.66
603185.SH,20260914,14.04,14.04,14.04,14.04,4800.0,67392.0,14.04
603186.SH,20260914,221.0,221.74,221.74,221.0,384900.0,85345320.96,221.73
603187.SH,20260914,10.65,10.65,10.65,10.65,12700.0,135255.0,10.65
603188.SH,20260914,4.61,4.61,4.61,4.61,179000.0,825190.0,4.61
603189.SH,20260914,9.65,9.65,9.65,9.65,4400.0,42460.0,9.65
603190.SH,20260914,15.45,15.45,15.45,15.45,20700.0,319815.0,15.45
603191.SH,20260914,13.22,13.2,13.22,13.2,50300.0,663970.0,13.2
603192.SH,20260914,20.2,20.2,20.2,20.2,26300.0,531260.0,20.2
603193.SH,20260914,19.14,19.14,19.14,19.14,15800.0,302412.0,19.14
603194.SH,20260914,33.5,33.5,33.5,33.5,4500.0,150750.0,33.5
603195.SH,20260914,38.79,38.79,38.79,38.79,15900.0,616761.0,38.79
603196.SH,20260914,19.05,19.05,19.05,19.05,6600.0,125730.0,19.05
603197.SH,20260914,28.65,28.65,28.65,28.65,9000.0,257850.0,28.65
603198.SH,20260914,38.07,38.07,38.07,38.07,4700.0,178929.0,38.07
603199.SH,20260914,32.41,32.41,32.41,32.41,10600.0,343546.0,32.41
603200.SH,20260914,34.64,34.64,34.64,34.64,56000.0,1939840.0,34.64
603201.SH,20260914,14.96,14.96,14.96,14.96,18900.0,282744.0,14.96
603202.SH,20260914,50.26,50.38,50.38,50.26,5500.0,277046.0,50.37
603203.SH,20260914,42.14,42.03,42.14,42.03,49800.0,2093148.96,42.03
603205.SH,20260914,22.18,22.18,22.18,22.18,8200.0,181876.0,22.18
603206.SH,20260914,13.24,13.24,13.24,13.24,600.0,7944.0,13.24
603207.SH,20260914,23.61,23.61,23.61,23.61,10100.0,238461.0,23.61
603208.SH,20260914,10.75,10.75,10.75,10.75,17000.0,182750.0,10.75
603209.SH,20260914,14.71,14.71,14.71,14.71,21500.0,316265.0,14.71
603210.SH,20260914,12.75,12.75,12.75,12.75,6100.0,77775.0,12.75
603211.SH,20260914,19.85,19.85,19.85,19.85,8400.0,166740.0,19.85
603212.SH,20260914,11.4,11.4,11.4,11.4,22100.0,251940.0,11.4
603213.SH,20260914,13.55,13.55,13.55,13.55,16800.0,227640.0,13.55
603214.SH,20260914,13.07,13.07,13.07,13.07,57900.0,756752.96,13.07
603215.SH,20260914,13.88,13.88,13.88,13.88,2400.0,33312.0,13.88
603216.SH,20260914,22.8,22.8,22.8,22.8,115600.0,2635680.0,22.8
603217.SH,20260914,26.96,26.96,26.96,26.96,27400.0,738704.0,26.96
603218.SH,20260914,9.34,9.34,9.35,9.34,53700.0,501568.0,9.34
603219.SH,20260914,12.8,12.8,12.8,12.8,8700.0,111360.0,12.8
603220.SH,20260914,17.76,17.76,17.76,17.76,46400.0,824064.0,17.76
603221.SH,20260914,26.95,27.0,27.0,26.95,245700.0,6633760.0,27.0
603222.SH,20260914,7.85,7.85,7.85,7.85,36600.0,287310.0,7.85
603223.SH,20260914,9.93,9.93,9.93,9.93,48800.0,484584.0,9.93
603225.SH,20260914,16.93,16.93,16.93,16.93,78900.0,1335776.96,16.93
603226.SH,20260914,38.87,38.87,38.87,38.87,329200.0,12796003.84,38.87
603227.SH,20260914,7.52,7.52,7.52,7.52,75700.0,569264.0,7.52
603228.SH,20260914,108.71,108.0,108.71,107.94,306406.0,33103160.32,108.04
603229.SH,20260914,7.5,7.5,7.5,7.5,14800.0,111000.0,7.5
603230.SH,20260914,9.95,9.91,9.95,9.91,270600.0,2682008.96,9.91
603231.SH,20260914,16.68,16.68,16.68,16.68,3200.0,53376.0,16.68
603232.SH,20260914,15.8,15.5,15.8,15.5,139900.0,2171361.92,15.52
603233.SH,20260914,17.6,17.6,17.6,17.6,9920.0,174592.0,17.6
603235.SH,20260914,25.25,25.25,25.25,25.25,2100.0,53025.0,25.25
603236.SH,20260914,58.7,58.7,58.7,58.7,36800.0,2160160.0,58.7
603237.SH,20260914,14.71,14.71,14.71,14.71,14300.0,210353.0,14.71
603238.SH,20260914,11.77,11.77,11.77,11.77,2800.0,32956.0,11.77
603239.SH,20260914,13.43,13.43,13.43,13.43,10400.0,139672.0,13.43
603248.SH,20260914,16.81,16.81,16.81,16.81,3800.0,63878.0,16.81
603255.SH,20260914,28.87,28.87,28.87,28.87,1300.0,37531.0,28.87
603256.SH,20260914,127.63,127.63,127.63,127.63,64500.0,8232135.04,127.63
603257.SH,20260914,72.84,72.84,72.84,72.84,11200.0,815808.0,72.84
603258.SH,20260914,13.39,13.39,13.39,13.39,12800.0,171392.0,13.39
603259.SH,20260914,151.23,151.23,151.23,151.23,322900.0,48832168.96,151.23
603260.SH,20260914,31.95,31.95,31.95,31.95,44400.0,1418580.0,31.95
603261.SH,20260914,57.0,57.0,57.0,57.0,7200.0,410400.0,57.0
603262.SH,20260914,16.69,16.69,16.69,16.69,20200.0,337138.0,16.69
603266.SH,20260914,15.08,15.08,15.08,15.08,4900.0,73892.0,15.08
603267.SH,20260914,49.32,49.32,49.32,49.32,125900.0,6209388.16,49.32
603268.SH,20260914,196.58,196.93,196.93,196.58,14600.0,2875110.08,196.93
603269.SH,20260914,24.68,24.68,24.68,24.68,358700.0,8852716.16,24.68
603270.SH,20260914,30.56,30.56,30.56,30.56,74400.0,2273664.0,30.56
603271.SH,20260914,38.31,38.31,38.31,38.31,6600.0,252846.0,38.31
603272.SH,20260914,16.36,16.36,16.36,16.36,24200.0,395912.0,16.36
603273.SH,20260914,14.21,14.21,14.21,14.21,8200.0,116522.0,14.21
603275.SH,20260914,35.3,35.3,35.3,35.3,1200.0,42360.0,35.3
603276.SH,20260914,16.4,16.4,16.4,16.4,4500.0,73800.0,16.4
603277.SH,20260914,11.16,11.16,11.16,11.16,2800.0,31248.0,11.16
603278.SH,20260914,9.19,9.19,9.19,9.19,14200.0,130498.0,9.19
603279.SH,20260914,11.4,11.4,11.4,11.4,21400.0,243960.0,11.4
603280.SH,20260914,25.49,25.49,25.49,25.49,3100.0,79019.0,25.49
603281.SH,20260914,18.11,18.11,18.11,18.11,7900.0,143069.0,18.11
603282.SH,20260914,16.2,16.2,16.2,16.2,14700.0,238140.0,16.2
603283.SH,20260914,43.1,43.1,43.1,43.1,40000.0,1724000.0,43.1
603284.SH,20260914,39.7,39.7,39.7,39.7,4200.0,166740.0,39.7
603285.SH,20260914,35.85,35.99,36.27,35.85,108900.0,3920963.84,36.01
603286.SH,20260914,41.29,41.29,41.29,41.29,11600.0,478964.0,41.29
603288.SH,20260914,34.18,34.18,34.18,34.18,82900.0,2833521.92,34.18
603289.SH,20260914,9.33,9.33,9.33,9.33,6000.0,55980.0,9.33
603290.SH,20260914,81.5,81.5,81.5,81.5,23700.0,1931550.08,81.5
603291.SH,20260914,9.3,9.3,9.3,9.3,45000.0,418500.0,9.3
603293.SH,20260914,35.8,35.8,35.8,35.8,6700.0,239860.0,35.8
603296.SH,20260914,75.9,75.96,75.96,75.9,84300.0,6403365.76,75.96
603297.SH,20260914,102.29,102.29,102.29,102.29,5600.0,572824.0,102.29
603298.SH,20260914,24.36,24.36,24.36,24.36,9000.0,219240.0,24.36
603299.SH,20260914,8.78,8.78,8.78,8.78,47000.0,412660.0,8.78
603300.SH,20260914,4.68,4.68,4.68,4.68,71500.0,334620.0,4.68
603301.SH,20260914,81.5,81.5,81.5,81.5,15800.0,1287700.0,81.5
603303.SH,20260914,24.03,24.03,24.03,24.03,2800.0,67284.0,24.03
603305.SH,20260914,10.77,10.77,10.77,10.77,95600.0,1029612.0,10.77
603306.SH,20260914,74.0,74.0,74.0,74.0,86400.0,6393600.0,74.0
603307.SH,20260914,24.19,24.19,24.19,24.19,3200.0,77408.0,24.19
603308.SH,20260914,42.96,42.49,42.96,42.49,139200.0,5915468.16,42.5
603309.SH,20260914,10.8,10.8,10.8,10.8,1600.0,17280.0,10.8
603310.SH,20260914,14.78,14.78,14.78,14.78,5900.0,87202.0,14.78
603311.SH,20260914,24.8,24.8,24.8,24.8,32000.0,793600.0,24.8
603312.SH,20260914,31.02,31.02,31.02,31.02,2400.0,74448.0,31.02
603313.SH,20260914,6.65,6.65,6.66,6.65,241100.0,1603771.04,6.65
603315.SH,20260914,10.67,10.67,10.67,10.67,7800.0,83226.0,10.67
603316.SH,20260914,15.22,15.18,15.22,15.18,434800.0,6600268.16,15.18
603317.SH,20260914,12.57,12.57,12.57,12.57,55600.0,698892.0,12.57
603318.SH,20260914,10.02,9.95,10.02,9.95,2764800.0,27511964.16,9.95
603319.SH,20260914,28.03,28.03,28.03,28.03,10900.0,305527.0,28.03
603320.SH,20260914,17.5,17.5,17.5,17.5,6600.0,115500.0,17.5
603321.SH,20260914,7.27,7.27,7.27,7.27,32700.0,237729.0,7.27
603322.SH,20260914,30.44,30.44,30.44,30.44,114800.0,3494512.0,30.44
603323.SH,20260914,4.55,4.55,4.55,4.55,190810.0,868186.0,4.55
603324.SH,20260914,24.6,24.6,24.6,24.6,6200.0,152520.0,24.6
603325.SH,20260914,52.04,52.04,52.04,52.04,300.0,15612.0,52.04
603326.SH,20260914,7.38,7.38,7.38,7.38,26800.0,197784.0,7.38
603327.SH,20260914,8.3,8.3,8.3,8.3,87400.0,725420.0,8.3
603328.SH,20260914,12.19,12.19,12.19,12.19,2454700.0,29922792.96,12.19
603329.SH,20260914,9.95,9.95,9.95,9.95,2900.0,28855.0,9.95
603330.SH,20260914,9.21,9.21,9.21,9.21,489300.0,4506453.12,9.21
603331.SH,20260914,13.05,13.05,13.05,13.05,17900.0,233595.0,13.05
603332.SH,20260914,11.35,11.35,11.35,11.35,5600.0,63560.0,11.35
603333.SH,20260914,9.52,9.52,9.52,9.52,51300.0,488376.0,9.52
603334.SH,20260914,29.84,29.84,29.84,29.84,5400.0,161136.0,29.84
603335.SH,20260914,6.2,6.2,6.2,6.2,15700.0,97340.0,6.2
603336.SH,20260914,10.45,10.45,10.45,10.45,2055500.0,21479976.96,10.45
603337.SH,20260914,35.9,35.9,35.9,35.9,4500.0,161550.0,35.9
603338.SH,20260914,57.03,57.03,57.03,57.03,4600.0,262338.0,57.03
603339.SH,20260914,12.0,12.0,12.0,12.0,24900.0,298800.0,12.0
603341.SH,20260914,35.13,35.13,35.13,35.13,13200.0,463716.0,35.13
603344.SH,20260914,23.9,23.9,23.9,23.9,1800.0,43020.0,23.9
603345.SH,20260914,74.76,74.76,74.76,74.76,16700.0,1248492.0,74.76
603348.SH,20260914,14.05,14.05,14.05,14.05,500.0,7025.0,14.05
603350.SH,20260914,27.0,27.0,27.0,27.0,1300.0,35100.0,27.0
603351.SH,20260914,25.4,25.4,25.4,25.4,1600.0,40640.0,25.4
603352.SH,20260914,25.09,25.09,25.09,25.09,2700.0,67743.0,25.09
603353.SH,20260914,39.37,39.21,39.37,39.21,122100.0,4788208.96,39.22
603355.SH,20260914,30.18,30.18,30.18,30.18,21800.0,657924.0,30.18
603356.SH,20260914,17.01,17.01,17.01,17.01,5400.0,91854.0,17.01
603357.SH,20260914,5.97,5.97,5.97,5.97,50300.0,300291.0,5.97
603358.SH,20260914,43.3,43.3,43.3,43.3,38500.0,1667049.92,43.3
603359.SH,20260914,2.35,2.35,2.35,2.35,34700.0,81545.0,2.35
603360.SH,20260914,12.21,12.21,12.21,12.21,39800.0,485958.0,12.21
603363.SH,20260914,3.08,3.08,3.08,3.08,97000.0,298760.0,3.08
603365.SH,20260914,16.26,16.26,16.26,16.26,3900.0,63414.0,16.26
603366.SH,20260914,7.08,7.08,7.08,7.08,880600.0,6234648.32,7.08
603367.SH,20260914,13.9,13.9,13.9,13.9,27600.0,383640.0,13.9
603368.SH,20260914,15.23,15.23,15.23,15.23,29900.0,455377.0,15.23
603369.SH,20260914,28.79,28.79,28.79,28.79,18500.0,532615.0,28.79
603370.SH,20260914,27.49,27.49,27.49,27.49,9900.0,272151.0,27.49
603373.SH,20260914,39.5,39.5,39.5,39.5,11400.0,450300.0,39.5
603375.SH,20260914,43.5,43.5,43.5,43.5,4500.0,195750.0,43.5
603376.SH,20260914,28.84,28.84,28.84,28.84,30200.0,870968.0,28.84
603377.SH,20260914,3.25,3.25,3.25,3.25,196588.0,638911.0,3.25
603378.SH,20260914,7.03,7.03,7.03,7.03,212900.0,1496687.04,7.03
603379.SH,20260914,52.86,52.86,52.86,52.86,15000.0,792900.0,52.86
603380.SH,20260914,32.05,32.05,32.05,32.05,4400.0,141020.0,32.05
603381.SH,20260914,14.24,14.24,14.24,14.24,5200.0,74048.0,14.24
603382.SH,20260914,18.5,18.5,18.5,18.5,3900.0,72150.0,18.5
603383.SH,20260914,26.51,26.51,26.51,26.51,12300.0,326073.0,26.51
603385.SH,20260914,5.6,5.6,5.6,5.6,18700.0,104720.0,5.6
603386.SH,20260914,16.21,16.21,16.21,16.21,508000.0,8234680.32,16.21
603387.SH,20260914,9.01,9.01,9.01,9.01,36200.0,326162.0,9.01
603389.SH,20260914,45.79,45.79,45.79,45.79,9300.0,425847.0,45.79
603390.SH,20260914,11.1,11.08,11.1,11.08,348000.0,3855890.88,11.08
603391.SH,20260914,67.6,67.6,67.6,67.6,1500.0,101400.0,67.6
603392.SH,20260914,26.25,26.25,26.25,26.25,30900.0,811124.96,26.25
603393.SH,20260914,26.47,26.47,26.47,26.47,62500.0,1654375.04,26.47
603395.SH,20260914,25.66,25.69,25.84,25.66,128599.0,3304039.04,25.69
603396.SH,20260914,26.66,26.66,26.66,26.66,7300.0,194618.0,26.66
603398.SH,20260914,9.26,9.26,9.26,9.26,27100.0,250946.0,9.26
603399.SH,20260914,13.3,13.3,13.3,13.3,129500.0,1722350.08,13.3
603400.SH,20260914,49.11,49.11,49.11,49.11,10100.0,496011.0,49.11
603402.SH,20260914,60.65,60.65,60.65,60.65,44661.0,2708689.92,60.65
603406.SH,20260914,30.38,30.38,30.38,30.38,14600.0,443548.0,30.38
603407.SH,20260914,51.0,51.0,51.0,51.0,21600.0,1101600.0,51.0
603408.SH,20260914,11.34,11.34,11.34,11.34,2900.0,32886.0,11.34
603409.SH,20260914,17.25,17.25,17.25,17.25,5100.0,87975.0,17.25
603416.SH,20260914,45.5,45.5,45.5,45.5,4600.0,209300.0,45.5
603418.SH,20260914,45.87,45.87,45.87,45.87,4100.0,188067.0,45.87
603421.SH,20260914,7.82,7.82,7.82,7.82,3963059.84,30991127.04,7.82
603429.SH,20260914,9.18,9.18,9.18,9.18,3200.0,29376.0,9.18
603435.SH,20260914,45.71,45.71,45.71,45.71,2300.0,105133.0,45.71
603439.SH,20260914,13.17,13.17,13.17,13.17,655600.0,8634252.16,13.17
603444.SH,20260914,376.01,376.19,376.19,376.01,6000.0,2257121.92,376.19
603448.SH,20260914,61.46,61.5,61.5,61.46,43000.0,2644462.08,61.5
603456.SH,20260914,14.47,14.47,14.47,14.47,27300.0,395031.0,14.47
603458.SH,20260914,11.05,11.05,11.05,11.05,72700.0,803335.04,11.05
603459.SH,20260914,86.7,86.7,86.74,86.7,82100.0,7118110.08,86.7
603466.SH,20260914,13.14,13.14,13.14,13.14,3199400.0,42040115.2,13.14
603468.SH,20260914,21.5,21.5,21.5,21.5,18800.0,404200.0,21.5
603477.SH,20260914,15.61,15.61,15.61,15.61,21700.0,338737.0,15.61
603486.SH,20260914,50.44,50.01,50.44,50.01,28700.0,1435992.0,50.04
603488.SH,20260914,7.98,7.98,7.98,7.98,34800.0,277704.0,7.98
603489.SH,20260914,26.66,26.66,26.66,26.66,18200.0,485212.0,26.66
603496.SH,20260914,22.2,22.2,22.2,22.2,44000.0,976800.0,22.2
603499.SH,20260914,13.65,13.65,13.65,13.65,83000.0,1132950.0,13.65
603500.SH,20260914,9.28,9.28,9.28,9.28,11700.0,108576.0,9.28
603501.SH,20260914,76.15,76.15,76.15,76.15,66700.0,5079205.12,76.15
603505.SH,20260914,14.86,14.86,14.86,14.86,83600.0,1242296.0,14.86
603506.SH,20260914,11.05,11.05,11.05,11.05,6600.0,72930.0,11.05
603507.SH,20260914,22.06,22.06,22.06,22.06,4400.0,97064.0,22.06
603508.SH,20260914,20.9,20.9,20.9,20.9,20000.0,418000.0,20.9
603511.SH,20260914,12.19,12.19,12.19,12.19,2300.0,28037.0,12.19
603515.SH,20260914,14.86,14.86,14.86,14.86,5500.0,81730.0,14.86
603516.SH,20260914,83.6,83.6,83.6,83.6,27400.0,2290640.0,83.6
603517.SH,20260914,11.98,11.98,11.98,11.98,22300.0,267154.0,11.98
603518.SH,20260914,7.92,7.92,7.92,7.92,3700.0,29304.0,7.92
603519.SH,20260914,14.66,14.66,14.66,14.66,6100.0,89426.0,14.66
603520.SH,20260914,8.22,8.22,8.22,8.22,27700.0,227694.0,8.22
603527.SH,20260914,9.86,9.86,9.86,9.86,32100.0,316506.0,9.86
603528.SH,20260914,6.31,6.31,6.31,6.31,15900.0,100329.0,6.31
603529.SH,20260914,21.33,21.33,21.33,21.33,15500.0,330615.0,21.33
603530.SH,20260914,42.58,42.58,42.58,42.58,15600.0,664248.0,42.58
603533.SH,20260914,24.5,24.5,24.5,24.5,603200.0,14778400.0,24.5
603535.SH,20260914,6.25,6.25,6.25,6.25,7700.0,48125.0,6.25
603536.SH,20260914,9.6,9.6,9.6,9.6,20400.0,195840.0,9.6
603538.SH,20260914,25.52,25.52,25.52,25.52,162000.0,4134240.0,25.52
603551.SH,20260914,9.33,9.33,9.33,9.33,5700.0,53181.0,9.33
603556.SH,20260914,22.85,22.85,22.85,22.85,4600.0,105110.0,22.85
603557.SH,20260914,3.19,3.19,3.19,3.19,4200.0,13398.0,3.19
603558.SH,20260914,12.18,12.18,12.18,12.18,75400.0,918372.0,12.18
603559.SH,20260914,9.31,9.31,9.31,9.31,257600.0,2398256.0,9.31
603565.SH,20260914,12.0,12.0,12.0,12.0,52500.0,630000.0,12.0
603566.SH,20260914,10.27,10.27,10.27,10.27,6500.0,66755.0,10.27
603567.SH,20260914,5.25,5.25,5.25,5.25,89000.0,467250.0,5.25
603568.SH,20260914,13.62,13.7,13.7,13.62,24300.0,332592.0,13.69
603569.SH,20260914,5.72,5.72,5.72,5.72,13100.0,74932.0,5.72
603577.SH,20260914,9.58,9.58,9.58,9.58,4600.0,44068.0,9.58
603578.SH,20260914,13.6,13.46,13.6,13.46,26400.0,355876.0,13.48
603579.SH,20260914,17.65,17.65,17.65,17.65,7200.0,127080.0,17.65
603580.SH,20260914,62.9,63.89,63.89,62.9,69100.0,4412585.92,63.86
603583.SH,20260914,25.75,25.75,25.75,25.75,10500.0,270375.0,25.75
603585.SH,20260914,10.72,10.72,10.72,10.72,32700.0,350544.0,10.72
603586.SH,20260914,13.56,13.56,13.56,13.56,5400.0,73224.0,13.56
603587.SH,20260914,12.75,12.75,12.75,12.75,33300.0,424575.0,12.75
603588.SH,20260914,14.94,14.94,14.94,14.94,143500.0,2143889.92,14.94
603589.SH,20260914,17.55,17.55,17.55,17.55,45700.0,802035.04,17.55
603590.SH,20260914,28.4,28.4,28.4,28.4,1500.0,42600.0,28.4
603595.SH,20260914,31.09,31.09,31.09,31.09,10100.0,314009.0,31.09
603596.SH,20260914,28.17,28.17,28.17,28.17,40100.0,1129616.96,28.17
603598.SH,20260914,17.58,17.51,17.58,17.51,36200.0,633876.0,17.51
603599.SH,20260914,10.73,10.73,10.73,10.73,90600.0,972138.0,10.73
603600.SH,20260914,10.15,10.15,10.15,10.15,13000.0,131950.0,10.15
603601.SH,20260914,10.75,10.75,10.75,10.75,3867900.16,41579924.48,10.75
603602.SH,20260914,11.4,11.4,11.4,11.4,6000.0,68400.0,11.4
603605.SH,20260914,57.28,57.28,57.28,57.28,17000.0,973760.0,57.28
603606.SH,20260914,35.66,35.66,35.66,35.66,147585.0,5262880.96,35.66
603607.SH,20260914,21.53,21.53,21.53,21.53,16900.0,363857.0,21.53
603608.SH,20260914,20.81,20.81,20.81,20.81,8300.0,172723.0,20.81
603609.SH,20260914,6.7,6.7,6.7,6.7,12800.0,85760.0,6.7
603610.SH,20260914,13.16,13.16,13.16,13.16,13600.0,178976.0,13.16
603611.SH,20260914,15.79,15.79,15.79,15.79,2100.0,33159.0,15.79
603612.SH,20260914,16.9,16.9,16.9,16.9,41100.0,694590.0,16.9
603613.SH,20260914,19.2,19.2,19.2,19.2,27800.0,533760.0,19.2
603615.SH,20260914,18.87,18.87,18.87,18.87,11100.0,209457.0,18.87
603616.SH,20260914,5.69,5.69,5.69,5.69,57000.0,324330.0,5.69
603617.SH,20260914,6.73,6.73,6.73,6.73,10700.0,72011.0,6.73
603618.SH,20260914,39.22,39.4,39.4,39.22,1089400.0,42920156.16,39.4
603619.SH,20260914,24.02,24.02,24.02,24.02,667100.0,16023741.44,24.02
603626.SH,20260914,18.65,18.65,18.65,18.65,433300.0,8081045.12,18.65
603628.SH,20260914,10.4,10.4,10.4,10.4,95500.0,993200.0,10.4
603629.SH,20260914,103.5,103.5,103.5,103.5,210540.0,21790888.96,103.5
603630.SH,20260914,13.42,13.42,13.42,13.42,12500.0,167750.0,13.42
603633.SH,20260914,6.3,6.3,6.3,6.3,23800.0,149940.0,6.3
603636.SH,20260914,6.87,6.87,6.87,6.87,41400.0,284418.0,6.87
603637.SH,20260914,13.96,13.96,13.96,13.96,28400.0,396464.0,13.96
603638.SH,20260914,18.13,18.13,18.13,18.13,56000.0,1015280.0,18.13
603639.SH,20260914,10.61,10.61,10.61,10.61,5600.0,59416.0,10.61
603648.SH,20260914,9.25,9.25,9.25,9.25,3300.0,30525.0,9.25
603650.SH,20260914,62.04,62.04,62.04,62.04,116000.0,7196640.0,62.04
603655.SH,20260914,29.0,29.0,29.0,29.0,1900.0,55100.0,29.0
603656.SH,20260914,16.85,16.85,16.85,16.85,2900.0,48865.0,16.85
603657.SH,20260914,28.47,28.47,28.47,28.47,40000.0,1138800.0,28.47
603658.SH,20260914,31.02,31.02,31.02,31.02,6800.0,210936.0,31.02
603659.SH,20260914,21.29,21.29,21.29,21.29,68000.0,1447720.0,21.29
603660.SH,20260914,9.31,9.31,9.31,9.31,59800.0,556738.0,9.31
603661.SH,20260914,30.34,30.34,30.34,30.34,10900.0,330706.0,30.34
603662.SH,20260914,46.51,46.51,46.51,46.51,26000.0,1209260.0,46.51
603663.SH,20260914,40.86,40.86,40.86,40.86,152400.0,6227064.32,40.86
603665.SH,20260914,21.16,21.16,21.16,21.16,1500.0,31740.0,21.16
603666.SH,20260914,26.3,26.3,26.3,26.3,18100.0,476030.0,26.3
603667.SH,20260914,47.2,47.2,47.2,47.2,33000.0,1557600.0,47.2
603668.SH,20260914,12.21,12.21,12.21,12.21,70500.0,860804.96,12.21
603669.SH,20260914,5.07,5.07,5.07,5.07,116400.0,590148.0,5.07
603676.SH,20260914,8.73,8.73,8.73,8.73,18100.0,158013.0,8.73
603677.SH,20260914,13.27,13.27,13.27,13.27,2900.0,38483.0,13.27
603678.SH,20260914,48.49,48.49,48.49,48.49,408900.0,19827559.68,48.49
603679.SH,20260914,25.16,25.16,25.16,25.16,127000.0,3195320.0,25.16
603680.SH,20260914,9.76,9.76,9.76,9.76,4300.0,41968.0,9.76
603681.SH,20260914,17.66,17.66,17.66,17.66,10600.0,187196.0,17.66
603682.SH,20260914,10.0,10.0,10.0,10.0,16000.0,160000.0,10.0
603683.SH,20260914,15.05,15.01,15.05,15.01,122400.0,1837624.0,15.01
603685.SH,20260914,27.8,27.8,27.8,27.8,9800.0,272440.0,27.8
603686.SH,20260914,13.14,13.13,13.14,13.13,97500.0,1280178.0,13.13
603687.SH,20260914,15.98,15.98,15.98,15.98,39000.0,623220.0,15.98
603688.SH,20260914,46.3,46.3,46.3,46.3,42300.0,1958489.92,46.3
603689.SH,20260914,7.73,7.73,7.73,7.73,25700.0,198661.0,7.73
603690.SH,20260914,22.8,22.8,22.8,22.8,33100.0,754680.0,22.8
603693.SH,20260914,12.8,12.8,12.8,12.8,1171160.0,14990848.0,12.8
603696.SH,20260914,14.49,14.5,14.5,14.49,187500.0,2718749.12,14.5
603697.SH,20260914,9.51,9.51,9.51,9.51,9100.0,86541.0,9.51
603698.SH,20260914,21.4,21.4,21.4,21.4,18200.0,389480.0,21.4
603699.SH,20260914,43.55,43.55,43.55,43.55,4600.0,200330.0,43.55
603700.SH,20260914,11.55,11.55,11.55,11.55,12100.0,139755.0,11.55
603701.SH,20260914,19.61,19.61,19.61,19.61,19800.0,388278.0,19.61
603703.SH,20260914,9.98,9.98,9.98,9.98,88400.0,882232.0,9.98
603706.SH,20260914,17.2,17.2,17.2,17.2,11400.0,196080.0,17.2
603707.SH,20260914,7.42,7.42,7.42,7.42,59400.0,440748.0,7.42
603708.SH,20260914,9.29,9.29,9.29,9.29,45799.0,425473.0,9.29
603709.SH,20260914,12.12,12.12,12.12,12.12,12200.0,147864.0,12.12
603711.SH,20260914,11.2,11.2,11.2,11.2,3300.0,36960.0,11.2
603712.SH,20260914,12.06,12.06,12.06,12.06,239800.0,2891987.84,12.06
603713.SH,20260914,65.2,65.2,65.2,65.2,6900.0,449880.0,65.2
603716.SH,20260914,16.74,16.74,16.74,16.74,31800.0,532332.0,16.74
603717.SH,20260914,5.95,5.95,5.95,5.95,58500.0,348075.0,5.95
603718.SH,20260914,3.09,3.09,3.09,3.09,67100.0,207339.0,3.09
603719.SH,20260914,9.07,9.07,9.07,9.07,77900.0,706552.96,9.07
603721.SH,20260914,18.19,18.19,18.19,18.19,80100.0,1457019.04,18.19
603722.SH,20260914,28.18,28.18,28.18,28.18,1800.0,50724.0,28.18
603725.SH,20260914,10.28,10.28,10.28,10.28,74000.0,760720.0,10.28
603726.SH,20260914,22.93,22.93,22.93,22.93,4200.0,96306.0,22.93
603727.SH,20260914,17.0,17.0,17.0,17.0,11100.0,188700.0,17.0
603728.SH,20260914,47.06,47.06,47.06,47.06,11300.0,531778.0,47.06
603729.SH,20260914,12.71,12.71,12.71,12.71,16600.0,210986.0,12.71
603730.SH,20260914,10.18,10.18,10.18,10.18,21996.0,223919.0,10.18
603733.SH,20260914,18.38,18.39,18.39,18.38,12800.0,235385.0,18.39
603737.SH,20260914,20.74,20.75,20.75,20.74,24400.0,506299.0,20.75
603738.SH,20260914,34.52,34.52,34.52,34.52,153200.0,5288464.0,34.52
603739.SH,20260914,12.52,12.52,12.52,12.52,6600.0,82632.0,12.52
603755.SH,20260914,23.92,23.92,23.92,23.92,2900.0,69368.0,23.92
603757.SH,20260914,63.1,63.1,63.1,63.1,28000.0,1766800.0,63.1
603758.SH,20260914,10.59,10.59,10.59,10.59,26300.0,278517.0,10.59
603759.SH,20260914,7.22,7.22,7.22,7.22,11100.0,80142.0,7.22
603766.SH,20260914,14.1,14.1,14.1,14.1,17400.0,245340.0,14.1
603767.SH,20260914,13.3,13.3,13.3,13.3,2700.0,35910.0,13.3
603768.SH,20260914,11.25,11.25,11.25,11.25,29100.0,327375.0,11.25
603773.SH,20260914,83.55,83.55,83.55,83.55,90100.0,7527854.72,83.55
603776.SH,20260914,19.39,19.39,19.39,19.39,1200.0,23268.0,19.39
603777.SH,20260914,12.92,12.92,12.92,12.92,41600.0,537472.0,12.92
603778.SH,20260914,9.96,9.96,9.96,9.96,235400.0,2344584.0,9.96
603779.SH,20260914,8.06,8.06,8.06,8.06,270400.0,2179424.0,8.06
603786.SH,20260914,37.18,37.18,37.18,37.18,7200.0,267696.0,37.18
603787.SH,20260914,9.97,9.97,9.97,9.97,9200.0,91724.0,9.97
603788.SH,20260914,13.3,13.3,13.3,13.3,10200.0,135660.0,13.3
603789.SH,20260914,5.93,5.93,5.93,5.93,1000.0,5930.0,5.93
603790.SH,20260914,22.28,22.28,22.28,22.28,1400.0,31192.0,22.28
603797.SH,20260914,4.67,4.67,4.67,4.67,11200.0,52304.0,4.67
603798.SH,20260914,12.95,12.95,12.95,12.95,13700.0,177415.0,12.95
603799.SH,20260914,35.7,35.7,35.7,35.7,131500.0,4694550.08,35.7
603800.SH,20260914,55.3,55.3,55.3,55.3,12000.0,663600.0,55.3
603801.SH,20260914,6.03,6.04,6.04,6.03,38500.0,232539.0,6.04
603803.SH,20260914,11.6,11.58,11.65,11.57,597600.0,6920444.16,11.58
603806.SH,20260914,14.45,14.45,14.45,14.45,55000.0,794750.0,14.45
603808.SH,20260914,8.48,8.48,8.48,8.48,4500.0,38160.0,8.48
603809.SH,20260914,8.51,8.51,8.51,8.51,15930.0,135564.0,8.51
603810.SH,20260914,11.79,11.67,11.79,11.67,13200.0,154286.0,11.69
603811.SH,20260914,6.96,6.96,6.96,6.96,17700.0,123192.0,6.96
603813.SH,20260914,27.47,27.47,27.47,27.47,4500.0,123615.0,27.47
603815.SH,20260914,5.28,5.28,5.28,5.28,5400.0,28512.0,5.28
603816.SH,20260914,22.9,22.9,22.9,22.9,9800.0,224420.0,22.9
603817.SH,20260914,5.77,5.77,5.77,5.77,43000.0,248110.0,5.77
603818.SH,20260914,3.44,3.44,3.44,3.44,23199.0,79805.0,3.44
603819.SH,20260914,16.03,16.03,16.03,16.03,35900.0,575477.0,16.03
603822.SH,20260914,62.49,62.49,62.49,62.49,900.0,56241.0,62.49
603823.SH,20260914,53.37,53.37,53.37,53.37,140600.0,7503822.08,53.37
603825.SH,20260914,8.13,8.13,8.13,8.13,24300.0,197559.0,8.13
603826.SH,20260914,15.9,15.9,15.9,15.9,48490.0,770991.04,15.9
603828.SH,20260914,5.67,5.67,5.67,5.67,5000.0,28350.0,5.67
603829.SH,20260914,15.29,15.29,15.29,15.29,17400.0,266046.0,15.29
603833.SH,20260914,29.48,29.48,29.48,29.48,29800.0,878504.0,29.48
603836.SH,20260914,9.4,9.4,9.4,9.4,17200.0,161680.0,9.4
603838.SH,20260914,13.0,13.0,13.0,13.0,3000.0,39000.0,13.0
603839.SH,20260914,6.72,6.72,6.72,6.72,43300.0,290976.0,6.72
603843.SH,20260914,6.85,6.85,6.85,6.85,31600.0,216460.0,6.85
603848.SH,20260914,13.23,13.23,13.23,13.23,14100.0,186543.0,13.23
603855.SH,20260914,16.78,16.78,16.78,16.78,1300.0,21814.0,16.78
603856.SH,20260914,11.4,11.4,11.4,11.4,10300.0,117420.0,11.4
603858.SH,20260914,14.57,14.58,14.58,14.57,37100.0,540914.0,14.58
603859.SH,20260914,36.8,36.8,36.8,36.8,25700.0,945760.0,36.8
603860.SH,20260914,25.4,25.4,25.4,25.4,10400.0,264160.0,25.4
603861.SH,20260914,11.21,11.21,11.21,11.21,14600.0,163666.0,11.21
603863.SH,20260914,11.94,11.94,11.94,11.94,5200.0,62088.0,11.94
603866.SH,20260914,4.28,4.28,4.28,4.28,46900.0,200732.0,4.28
603867.SH,20260914,28.86,28.86,28.86,28.86,15100.0,435786.0,28.86
603868.SH,20260914,30.19,30.19,30.19,30.19,1100.0,33209.0,30.19
603869.SH,20260914,8.5,8.5,8.5,8.5,4100.0,34850.0,8.5
603871.SH,20260914,13.5,13.5,13.5,13.5,26900.0,363150.0,13.5
603876.SH,20260914,18.84,18.84,18.84,18.84,32500.0,612300.0,18.84
603877.SH,20260914,12.08,12.08,12.08,12.08,8400.0,101472.0,12.08
603878.SH,20260914,4.94,4.94,4.94,4.94,16300.0,80522.0,4.94
603879.SH,20260914,5.08,5.08,5.08,5.08,33200.0,168656.0,5.08
603880.SH,20260914,9.66,9.66,9.66,9.66,9700.0,93702.0,9.66
603881.SH,20260914,23.5,23.5,23.5,23.5,63200.0,1485200.0,23.5
603882.SH,20260914,25.91,25.91,25.91,25.91,15000.0,388650.0,25.91
603883.SH,20260914,12.52,12.52,12.52,12.52,31000.0,388120.0,12.52
603885.SH,20260914,9.83,9.83,9.83,9.83,79300.0,779519.04,9.83
603886.SH,20260914,11.94,11.94,11.94,11.94,10700.0,127758.0,11.94
603887.SH,20260914,9.0,9.0,9.0,9.0,128100.0,1152900.0,9.0
603888.SH,20260914,17.09,17.09,17.09,17.09,404430.0,6911708.8,17.09
603889.SH,20260914,6.1,6.1,6.1,6.1,35400.0,215940.0,6.1
603890.SH,20260914,17.06,17.06,17.06,17.06,231500.0,3949390.08,17.06
603893.SH,20260914,177.9,177.9,177.9,177.9,48498.0,8627793.92,177.9
603895.SH,20260914,26.17,26.17,26.17,26.17,1700.0,44489.0,26.17
603896.SH,20260914,14.32,14.32,14.32,14.32,3200.0,45824.0,14.32
603897.SH,20260914,28.85,28.85,28.85,28.85,50500.0,1456924.96,28.85
603898.SH,20260914,11.0,11.03,11.03,11.0,11600.0,127945.0,11.03
603899.SH,20260914,21.86,21.86,21.86,21.86,12500.0,273250.0,21.86
603900.SH,20260914,6.98,6.98,6.98,6.98,705200.0,4922296.0,6.98
603901.SH,20260914,9.17,9.17,9.17,9.17,29000.0,265930.0,9.17
603903.SH,20260914,14.16,14.16,14.16,14.16,35500.0,502680.0,14.16
603906.SH,20260914,17.5,17.5,17.5,17.5,27500.0,481250.0,17.5
603908.SH,20260914,18.48,18.48,18.48,18.48,14300.0,264264.0,18.48
603909.SH,20260914,9.6,9.6,9.6,9.6,26200.0,251520.0,9.6
603912.SH,20260914,8.48,8.49,8.49,8.48,62900.0,533998.0,8.49
603915.SH,20260914,12.76,12.76,12.76,12.76,23600.0,301136.0,12.76
603916.SH,20260914,10.36,10.36,10.36,10.36,19700.0,204092.0,10.36
603917.SH,20260914,13.28,13.28,13.28,13.28,900.0,11952.0,13.28
603918.SH,20260914,10.69,10.69,10.69,10.69,5000.0,53450.0,10.69
603919.SH,20260914,16.54,16.54,16.54,16.54,6400.0,105856.0,16.54
603920.SH,20260914,40.76,40.76,40.76,40.75,181100.0,7381635.2,40.76
603922.SH,20260914,13.1,13.1,13.1,13.1,3300.0,43230.0,13.1
603926.SH,20260914,17.05,17.05,17.05,17.05,15600.0,265980.0,17.05
603927.SH,20260914,13.46,13.46,13.46,13.46,166800.0,2245128.0,13.46
603928.SH,20260914,10.99,10.98,10.99,10.98,16200.0,177877.0,10.98
603929.SH,20260914,152.16,152.0,152.16,152.0,71000.0,10792079.36,152.0
603931.SH,20260914,32.88,32.88,32.88,32.88,10000.0,328800.0,32.88
603933.SH,20260914,18.37,18.37,18.37,18.37,4400.0,80828.0,18.37
603936.SH,20260914,20.66,20.66,20.66,20.66,2381600.0,49203855.36,20.66
603937.SH,20260914,11.36,11.36,11.36,11.36,15800.0,179488.0,11.36
603938.SH,20260914,50.56,50.78,51.0,50.3,1150200.0,58404157.44,50.78
603939.SH,20260914,22.46,22.46,22.46,22.46,5900.0,132514.0,22.46
603948.SH,20260914,18.91,18.91,18.91,18.91,3500.0,66185.0,18.91
603949.SH,20260914,13.7,13.7,13.7,13.7,4400.0,60280.0,13.7
603950.SH,20260914,54.75,54.75,54.75,54.75,25500.0,1396124.96,54.75
603955.SH,20260914,21.56,21.6,21.6,21.56,12000.0,259164.0,21.6
603956.SH,20260914,6.38,6.38,6.38,6.38,103300.0,659054.0,6.38
603958.SH,20260914,15.68,15.68,15.68,15.68,144600.0,2267328.0,15.68
603959.SH,20260914,4.65,4.65,4.65,4.65,99200.0,461280.0,4.65
603960.SH,20260914,15.16,15.3,15.3,15.16,14400.0,220213.0,15.29
603966.SH,20260914,7.2,7.2,7.2,7.2,16800.0,120960.0,7.2
603967.SH,20260914,11.44,11.44,11.44,11.44,14700.0,168168.0,11.44
603968.SH,20260914,10.64,10.64,10.64,10.64,10100.0,107464.0,10.64
603969.SH,20260914,7.64,7.64,7.64,7.64,41100.0,314004.0,7.64
603970.SH,20260914,10.95,10.95,10.95,10.95,12300.0,134685.0,10.95
603976.SH,20260914,29.55,29.55,29.55,29.55,27300.0,806715.04,29.55
603977.SH,20260914,11.5,11.5,11.5,11.5,5600.0,64400.0,11.5
603978.SH,20260914,19.8,19.8,19.8,19.8,24500.0,485100.0,19.8
603979.SH,20260914,73.94,73.94,73.94,73.94,23200.0,1715408.0,73.94
603980.SH,20260914,8.0,8.0,8.0,8.0,603200.0,4825600.0,8.0
603982.SH,20260914,6.12,6.12,6.12,6.12,35300.0,216036.0,6.12
603983.SH,20260914,33.0,33.07,33.07,33.0,7700.0,254632.0,33.07
603985.SH,20260914,16.66,16.66,16.66,16.66,13200.0,219912.0,16.66
603986.SH,20260914,361.27,360.0,361.67,360.0,538600.0,193984716.8,360.17
603987.SH,20260914,7.34,7.34,7.34,7.34,10600.0,77804.0,7.34
603988.SH,20260914,18.42,18.42,18.42,18.42,2200.0,40524.0,18.42
603989.SH,20260914,32.05,32.05,32.05,32.05,258300.0,8278515.2,32.05
603990.SH,20260914,19.55,19.55,19.55,19.55,38100.0,744855.04,19.55
603991.SH,20260914,175.12,175.12,175.12,175.12,19900.0,3484888.0,175.12
603992.SH,20260914,19.1,19.1,19.1,19.1,5200.0,99320.0,19.1
603993.SH,20260914,17.75,17.8,17.8,17.73,1616900.0,28776632.32,17.8
603995.SH,20260914,23.85,23.85,23.85,23.85,10300.0,245655.0,23.85
603997.SH,20260914,11.71,11.71,11.71,11.71,25000.0,292750.0,11.71
603998.SH,20260914,10.16,10.16,10.16,10.16,21000.0,213360.0,10.16
603999.SH,20260914,6.3,6.3,6.3,6.3,481500.0,3033449.92,6.3
605001.SH,20260914,5.96,5.96,5.96,5.96,29900.0,178204.0,5.96
605003.SH,20260914,23.37,23.37,23.37,23.37,4700.0,109839.0,23.37
605005.SH,20260914,15.97,15.97,15.97,15.97,10000.0,159700.0,15.97
605006.SH,20260914,17.42,17.42,17.42,17.42,994800.0,17329415.68,17.42
605007.SH,20260914,14.17,14.17,14.17,14.17,14900.0,211133.0,14.17
605008.SH,20260914,14.05,14.05,14.05,14.05,3400.0,47770.0,14.05
605009.SH,20260914,23.86,23.86,23.86,23.86,1700.0,40562.0,23.86
605011.SH,20260914,19.8,19.8,19.8,19.8,1019000.0,20176199.68,19.8
605016.SH,20260914,21.22,21.22,21.22,21.22,8700.0,184614.0,21.22
605018.SH,20260914,11.24,11.24,11.24,11.24,600.0,6744.0,11.24
605020.SH,20260914,30.62,30.62,30.62,30.62,21100.0,646082.0,30.62
605028.SH,20260914,24.8,24.8,24.8,24.8,2900.0,71920.0,24.8
605033.SH,20260914,19.08,19.08,19.08,19.08,13900.0,265212.0,19.08
605050.SH,20260914,10.0,10.0,10.0,10.0,1900.0,19000.0,10.0
605055.SH,20260914,8.86,8.85,8.86,8.85,6000.0,53103.0,8.85
605056.SH,20260914,13.03,13.03,13.03,13.03,7400.0,96422.0,13.03
605058.SH,20260914,32.5,32.68,32.68,32.5,149200.0,4875513.92,32.68
605060.SH,20260914,37.89,37.89,37.89,37.89,4700.0,178083.0,37.89
605066.SH,20260914,6.71,6.71,6.71,6.71,22300.0,149633.0,6.71
605068.SH,20260914,19.79,19.79,19.79,19.79,29700.0,587763.0,19.79
605069.SH,20260914,12.65,12.65,12.65,12.65,1234700.0,15618955.52,12.65
605077.SH,20260914,12.18,12.13,12.18,12.13,279400.0,3389538.88,12.13
605080.SH,20260914,22.13,22.13,22.13,22.13,1800.0,39834.0,22.13
605086.SH,20260914,22.98,22.98,22.98,22.98,7000.0,160860.0,22.98
605088.SH,20260914,23.01,23.01,23.01,23.01,937600.0,21574174.72,23.01
605089.SH,20260914,20.91,20.91,20.91,20.91,7100.0,148461.0,20.91
605090.SH,20260914,32.73,32.73,32.73,32.73,29300.0,958988.96,32.73
605098.SH,20260914,54.55,54.55,54.55,54.55,400.0,21820.0,54.55
605099.SH,20260914,28.22,28.22,28.22,28.22,2900.0,81838.0,28.22
605100.SH,20260914,30.98,30.98,30.98,30.98,3800.0,117724.0,30.98
605108.SH,20260914,12.51,12.51,12.51,12.51,9400.0,117594.0,12.51
605111.SH,20260914,51.76,51.76,51.76,51.76,24900.0,1288824.0,51.76
605116.SH,20260914,18.93,18.93,18.93,18.93,600.0,11358.0,18.93
605117.SH,20260914,87.5,87.5,87.5,87.5,82900.0,7253749.76,87.5
605118.SH,20260914,32.66,32.66,32.66,32.66,15500.0,506230.0,32.66
605122.SH,20260914,11.34,11.34,11.34,11.34,17800.0,201852.0,11.34
605123.SH,20260914,80.01,80.01,80.01,80.01,1200.0,96012.0,80.01
605128.SH,20260914,23.13,23.13,23.13,23.13,4300.0,99459.0,23.13
605133.SH,20260914,23.31,23.31,23.31,23.31,7600.0,177156.0,23.31
605136.SH,20260914,8.41,8.41,8.41,8.41,15600.0,131196.0,8.41
605138.SH,20260914,5.98,5.98,5.98,5.98,21700.0,129766.0,5.98
605151.SH,20260914,18.17,18.17,18.17,18.17,2500.0,45425.0,18.17
605155.SH,20260914,13.92,13.92,13.92,13.92,2600.0,36192.0,13.92
605158.SH,20260914,7.8,7.8,7.8,7.8,7100.0,55380.0,7.8
605162.SH,20260914,10.89,10.89,10.89,10.89,397100.0,4324418.88,10.89
605166.SH,20260914,8.38,8.38,8.38,8.38,8300.0,69554.0,8.38
605167.SH,20260914,16.37,16.37,16.37,16.37,12900.0,211173.0,16.37
605168.SH,20260914,45.18,45.0,45.18,44.82,50900.0,2290016.96,44.99
605169.SH,20260914,12.59,12.59,12.59,12.59,17900.0,225361.0,12.59
605177.SH,20260914,23.54,23.57,23.57,23.54,58000.0,1367003.04,23.57
605178.SH,20260914,64.86,64.86,64.86,64.86,15000.0,972900.0,64.86
605179.SH,20260914,26.0,25.92,26.09,25.92,318000.0,8248581.76,25.94
605180.SH,20260914,13.09,13.09,13.09,13.09,34100.0,446369.0,13.09
605183.SH,20260914,15.68,15.68,15.68,15.68,3200.0,50176.0,15.68
605186.SH,20260914,24.61,24.61,24.61,24.61,1400.0,34454.0,24.61
605188.SH,20260914,13.57,13.57,13.57,13.57,718700.0,9752759.04,13.57
605189.SH,20260914,13.51,13.51,13.51,13.51,64800.0,875448.0,13.51
605196.SH,20260914,33.76,33.76,33.76,33.76,20100.0,678576.0,33.76
605198.SH,20260914,79.14,79.14,79.14,79.14,67900.0,5373605.76,79.14
605199.SH,20260914,5.82,5.82,5.82,5.82,42700.0,248514.0,5.82
605208.SH,20260914,14.59,14.59,14.59,14.59,29800.0,434782.0,14.59
605218.SH,20260914,13.6,13.6,13.6,13.6,1000.0,13600.0,13.6
605222.SH,20260914,22.5,22.5,22.5,22.5,25700.0,578250.0,22.5
605228.SH,20260914,10.25,10.25,10.25,10.25,12700.0,130175.0,10.25
605255.SH,20260914,60.64,60.64,60.64,60.64,6600.0,400224.0,60.64
605258.SH,20260914,34.7,34.5,34.7,34.5,473300.0,16330584.32,34.5
605259.SH,20260914,17.44,17.44,17.44,17.44,3700.0,64528.0,17.44
605266.SH,20260914,15.3,15.3,15.3,15.3,7000.0,107100.0,15.3
605268.SH,20260914,9.51,9.51,9.51,9.51,17600.0,167376.0,9.51
605277.SH,20260914,17.86,17.86,17.86,17.86,353520.0,6313866.88,17.86
605286.SH,20260914,24.01,24.01,24.01,24.01,7700.0,184877.0,24.01
605287.SH,20260914,36.0,36.0,36.0,36.0,16800.0,604800.0,36.0
605288.SH,20260914,61.02,61.02,61.02,61.02,2400.0,146448.0,61.02
605289.SH,20260914,96.26,96.26,96.26,96.26,12800.0,1232128.0,96.26
605296.SH,20260914,33.82,33.71,33.82,33.71,24200.0,816036.96,33.72
605298.SH,20260914,42.76,42.76,42.76,42.76,1300.0,55588.0,42.76
605299.SH,20260914,12.03,12.03,12.03,12.03,82900.0,997287.04,12.03
605300.SH,20260914,9.77,9.77,9.77,9.77,193500.0,1890495.04,9.77
605303.SH,20260914,23.68,23.68,23.68,23.68,0.0,0.0,23.68
605305.SH,20260914,31.15,31.15,31.15,31.15,12600.0,392490.0,31.15
605318.SH,20260914,74.79,74.79,74.79,74.79,2300.0,172017.0,74.79
605319.SH,20260914,26.1,26.1,26.1,26.1,112800.0,2944080.0,26.1
605333.SH,20260914,15.99,15.99,15.99,15.99,10700.0,171093.0,15.99
605336.SH,20260914,11.2,11.2,11.2,11.2,0.0,0.0,11.2
605337.SH,20260914,9.03,9.03,9.03,9.03,6800.0,61404.0,9.03
605338.SH,20260914,17.9,17.9,17.9,17.9,2000.0,35800.0,17.9
605339.SH,20260914,12.71,12.71,12.71,12.71,1300.0,16523.0,12.71
605358.SH,20260914,40.03,40.03,40.03,40.03,109100.0,4367272.96,40.03
605365.SH,20260914,13.68,13.68,13.68,13.68,91700.0,1254456.0,13.68
605366.SH,20260914,7.99,7.99,7.99,7.99,41400.0,330786.0,7.99
605368.SH,20260914,6.92,6.92,6.92,6.92,9300.0,64356.0,6.92
605369.SH,20260914,15.85,15.85,15.85,15.85,3800.0,60230.0,15.85
605376.SH,20260914,131.79,131.79,131.79,131.79,48200.0,6352277.76,131.79
605377.SH,20260914,7.97,7.98,7.98,7.97,38900.0,310420.0,7.98
605378.SH,20260914,13.4,13.4,13.4,13.4,1400.0,18760.0,13.4
605388.SH,20260914,6.05,6.05,6.05,6.05,1200.0,7260.0,6.05
605389.SH,20260914,65.63,65.63,65.63,65.63,100.0,6563.0,65.63
605398.SH,20260914,20.53,20.54,20.55,20.53,106800.0,2193672.0,20.54
605399.SH,20260914,11.18,11.18,11.18,11.18,19600.0,219128.0,11.18
605488.SH,20260914,28.9,28.9,28.9,28.9,138100.0,3991089.92,28.9
605499.SH,20260914,112.49,112.49,112.49,112.49,14600.0,1642353.92,112.49
605500.SH,20260914,7.29,7.29,7.29,7.29,9300.0,67797.0,7.29
605507.SH,20260914,15.82,15.82,15.82,15.82,15000.0,237300.0,15.82
605555.SH,20260914,11.85,11.85,11.85,11.85,2200.0,26070.0,11.85
605566.SH,20260914,25.6,25.6,25.6,25.6,24000.0,614400.0,25.6
605567.SH,20260914,9.1,9.15,9.15,9.1,47000.0,429932.0,9.15
605577.SH,20260914,16.8,16.8,16.8,16.8,494500.0,8307600.0,16.8
605580.SH,20260914,21.4,21.38,21.44,21.38,211200.0,4515831.04,21.38
605588.SH,20260914,42.95,42.95,42.95,42.95,4800.0,206160.0,42.95
605589.SH,20260914,37.87,37.8,37.87,37.8,136400.0,5156269.12,37.8
605598.SH,20260914,24.57,24.57,24.57,24.57,2900.0,71253.0,24.57
605599.SH,20260914,14.34,14.34,14.34,14.34,41600.0,596544.0,14.34
688001.SH,20260914,60.9,60.9,60.9,60.9,80153.0,4881318.08,60.9
688002.SH,20260914,173.6,173.6,173.6,173.6,98463.0,17093176.32,173.6
688003.SH,20260914,75.0,75.0,75.0,75.0,9918.0,743850.0,75.0
688004.SH,20260914,22.82,22.82,22.82,22.82,239960.0,5475886.72,22.82
688005.SH,20260914,22.81,22.91,22.91,22.81,19130.0,437422.0,22.87
688006.SH,20260914,19.71,19.71,19.71,19.71,20408.0,402242.0,19.71
688007.SH,20260914,10.0,10.0,10.0,10.0,19580.0,195800.0,10.0
688008.SH,20260914,186.98,186.98,186.98,186.98,230828.0,43160217.6,186.98
688009.SH,20260914,4.79,4.79,4.79,4.79,98538.0,471997.0,4.79
688010.SH,20260914,25.36,25.36,25.36,25.36,8961.0,227251.0,25.36
688011.SH,20260914,81.56,81.56,81.56,81.56,5816.0,474353.0,81.56
688012.SH,20260914,327.0,327.0,327.0,327.0,103991.0,34005056.0,327.0
688013.SH,20260914,22.17,22.17,22.17,22.17,2058.0,45626.0,22.17
688015.SH,20260914,15.97,15.97,15.97,15.97,2023.0,32307.0,15.97
688016.SH,20260914,82.91,82.91,82.91,82.91,1600.0,132656.0,82.91
688017.SH,20260914,277.43,277.43,277.43,277.43,21770.0,6039651.2,277.43
688018.SH,20260914,102.55,102.55,102.55,102.55,10097.0,1035447.04,102.55
688019.SH,20260914,216.0,216.0,216.0,216.0,10583.0,2285928.0,216.0
688020.SH,20260914,145.01,145.01,145.01,145.01,31544.0,4574194.88,145.01
688021.SH,20260914,18.94,18.94,18.94,18.94,9105.0,172449.0,18.94
688022.SH,20260914,8.98,8.98,8.98,8.98,0.0,0.0,8.98
688023.SH,20260914,45.76,45.76,45.76,45.76,229653.0,10508920.96,45.76
688025.SH,20260914,380.0,380.0,380.0,380.0,24501.0,9310380.16,380.0
688026.SH,20260914,21.63,21.63,21.63,21.63,8790.0,190128.0,21.63
688027.SH,20260914,342.0,342.0,342.0,342.0,4487.0,1534553.92,342.0
688028.SH,20260914,116.5,115.88,116.5,115.88,71116.0,8245511.04,115.95
688029.SH,20260914,73.33,73.33,73.33,73.33,24252.0,1778399.04,73.33
688030.SH,20260914,16.3,16.3,16.3,16.3,91655.0,1493976.96,16.3
688031.SH,20260914,98.79,98.79,98.79,98.79,20478.0,2023022.08,98.79
688032.SH,20260914,69.08,69.08,69.08,69.08,2954.0,204062.0,69.08
688033.SH,20260914,7.17,7.17,7.17,7.17,15738.0,112841.0,7.17
688035.SH,20260914,70.14,70.14,70.14,70.14,35086.0,2460932.0,70.14
688036.SH,20260914,51.95,51.95,51.95,51.95,37476.0,1946878.08,51.95
688037.SH,20260914,308.0,308.0,308.0,308.0,5399.0,1662892.0,308.0
688038.SH,20260914,18.3,18.3,18.3,18.3,12224.0,223699.0,18.3
688039.SH,20260914,32.59,32.59,32.59,32.59,26532.0,864678.0,32.59
688041.SH,20260914,225.6,225.6,225.6,225.6,120860.0,27266017.28,225.6
688045.SH,20260914,52.9,52.9,52.9,52.9,1715.0,90724.0,52.9
688046.SH,20260914,29.31,29.31,29.31,29.31,18368.0,538366.0,29.31
688047.SH,20260914,97.87,97.87,97.87,97.87,11498.0,1125308.96,97.87
688048.SH,20260914,289.28,289.28,289.28,289.28,110106.0,31851463.68,289.28
688049.SH,20260914,38.9,38.9,38.9,38.9,15438.0,600538.0,38.9
688050.SH,20260914,37.53,37.53,37.53,37.53,9634.0,361564.0,37.53
688051.SH,20260914,23.35,23.35,23.35,23.35,5429.0,126767.0,23.35
688052.SH,20260914,225.96,225.96,225.96,225.96,21516.0,4861754.88,225.96
688053.SH,20260914,38.38,38.38,38.38,38.38,4600.0,176548.0,38.38
688055.SH,20260914,3.53,3.53,3.53,3.53,13646.0,48170.0,3.53
688056.SH,20260914,39.09,39.09,39.09,39.09,2107.0,82363.0,39.09
688057.SH,20260914,17.61,17.61,17.61,17.61,11418.0,201071.0,17.61
688058.SH,20260914,23.58,23.58,23.58,23.58,11400.0,268812.0,23.58
688059.SH,20260914,81.28,81.28,81.28,81.28,6904.0,561157.0,81.28
688060.SH,20260914,36.26,36.26,36.26,36.26,500.0,18130.0,36.26
688061.SH,20260914,41.3,41.3,41.3,41.3,8829.0,364638.0,41.3
688062.SH,20260914,23.99,23.99,23.99,23.99,17591.0,422008.0,23.99
688063.SH,20260914,39.41,39.41,39.41,39.41,24388.0,961131.04,39.41
688065.SH,20260914,39.51,39.51,39.51,39.51,21161.0,836071.04,39.51
688066.SH,20260914,9.25,9.25,9.25,9.25,16300.0,150775.0,9.25
688067.SH,20260914,21.71,21.71,21.71,21.71,13514.0,293389.0,21.71
688068.SH,20260914,83.95,83.95,83.95,83.95,3981.0,334205.0,83.95
688069.SH,20260914,37.0,37.0,37.0,37.0,4887.0,180819.0,37.0
688070.SH,20260914,32.77,32.77,32.77,32.77,1900.0,62263.0,32.77
688071.SH,20260914,30.8,30.8,30.8,30.8,6100.0,187880.0,30.8
688072.SH,20260914,607.77,607.77,607.77,607.77,13244.0,8049306.24,607.77
688073.SH,20260914,55.61,55.61,55.61,55.61,17803.0,990024.96,55.61
688075.SH,20260914,28.0,28.0,28.0,28.0,1200.0,33600.0,28.0
688076.SH,20260914,27.96,27.96,27.96,27.96,1635.0,45715.0,27.96
688077.SH,20260914,25.89,25.89,25.89,25.89,1055.0,27314.0,25.89
688078.SH,20260914,26.28,26.28,26.28,26.28,6553.0,172213.0,26.28
688079.SH,20260914,14.48,14.48,14.48,14.48,3222.0,46655.0,14.48
688080.SH,20260914,35.53,35.53,35.53,35.53,1255.0,44590.0,35.53
688081.SH,20260914,24.82,24.82,24.82,24.82,8200.0,203524.0,24.82
688082.SH,20260914,270.0,270.0,270.0,270.0,13055.0,3524849.92,270.0
688083.SH,20260914,48.52,48.52,48.52,48.52,9766.0,473846.0,48.52
688084.SH,20260914,45.0,45.0,45.0,45.0,11812.0,531540.0,45.0
688085.SH,20260914,12.8,12.8,12.8,12.8,3594.0,46003.0,12.8
688087.SH,20260914,34.52,34.52,34.52,34.52,0.0,0.0,34.52
688088.SH,20260914,28.86,28.86,28.86,28.86,3319.0,95786.0,28.86
688089.SH,20260914,8.48,8.48,8.48,8.48,49900.0,423152.0,8.48
688090.SH,20260914,68.0,68.0,68.0,68.0,15869.0,1079092.0,68.0
688091.SH,20260914,37.69,37.69,37.69,37.69,2415.0,91021.0,37.69
688092.SH,20260914,21.34,21.34,21.34,21.34,3160.0,67434.0,21.34
688093.SH,20260914,21.08,21.08,21.08,21.08,2300.0,48484.0,21.08
688095.SH,20260914,57.13,57.13,57.13,57.13,10652.0,608549.0,57.13
688096.SH,20260914,7.77,7.77,7.77,7.77,11921.0,92626.0,7.77
688097.SH,20260914,44.29,44.29,44.29,44.29,9170.0,406139.0,44.29
688098.SH,20260914,8.07,8.07,8.07,8.07,4400.0,35508.0,8.07
688099.SH,20260914,84.8,84.8,84.8,84.8,43508.0,3689478.08,84.8
688100.SH,20260914,24.59,24.59,24.59,24.59,6069.0,149237.0,24.59
688101.SH,20260914,14.08,14.08,14.08,14.08,200.0,2816.0,14.08
688102.SH,20260914,30.2,30.2,30.2,30.2,19137.0,577937.0,30.2
688103.SH,20260914,66.9,66.31,66.9,66.31,3644.0,241754.0,66.34
688105.SH,20260914,19.15,19.15,19.15,19.15,9592.0,183687.0,19.15
688106.SH,20260914,25.3,25.3,25.3,25.3,153498.0,3883498.88,25.3
688107.SH,20260914,28.25,28.25,28.25,28.25,5613.0,158567.0,28.25
688108.SH,20260914,15.25,15.25,15.25,15.25,49012.0,747432.96,15.25
688109.SH,20260914,69.12,69.12,69.12,69.12,800.0,55296.0,69.12
688110.SH,20260914,107.83,107.83,107.83,107.83,149514.0,16122095.36,107.83
688111.SH,20260914,226.0,226.0,226.0,226.0,23856.0,5391456.0,226.0
688112.SH,20260914,62.9,62.9,62.9,62.9,20400.0,1283160.0,62.9
688113.SH,20260914,33.2,33.2,33.2,33.2,1200.0,39840.0,33.2
688114.SH,20260914,54.0,54.0,54.0,54.0,6038.0,326052.0,54.0
688115.SH,20260914,59.05,59.05,59.05,59.05,0.0,0.0,59.05
688116.SH,20260914,31.97,31.97,31.97,31.97,21755.0,695507.04,31.97
688117.SH,20260914,22.24,22.24,22.24,22.24,4833.0,107486.0,22.24
688118.SH,20260914,19.13,19.13,19.13,19.13,7815.0,149501.0,19.13
688119.SH,20260914,3.84,3.84,3.84,3.84,20950.0,80448.0,3.84
688120.SH,20260914,233.4,233.4,233.4,233.4,16433.0,3835462.08,233.4
688121.SH,20260914,1.22,1.21,1.24,1.21,7984049.92,9661368.96,1.21
688122.SH,20260914,51.02,51.02,51.02,51.02,63304.0,3229769.92,51.02
688123.SH,20260914,126.0,126.0,126.0,126.0,26853.0,3383478.08,126.0
688125.SH,20260914,111.68,111.68,111.68,111.68,7234.0,807892.96,111.68
688126.SH,20260914,21.88,21.88,21.88,21.88,150946.0,3302697.92,21.88
688127.SH,20260914,64.03,64.03,64.03,64.03,38307.0,2452796.96,64.03
688128.SH,20260914,21.21,21.21,21.21,21.21,2069.0,43883.0,21.21
688129.SH,20260914,20.83,20.83,20.83,20.83,2800.0,58324.0,20.83
688130.SH,20260914,21.42,21.42,21.42,21.42,6314.0,135246.0,21.42
688131.SH,20260914,85.79,85.79,85.79,85.79,33641.0,2886061.12,85.79
688132.SH,20260914,15.34,15.34,15.34,15.34,3000.0,46020.0,15.34
688133.SH,20260914,19.3,19.3,19.3,19.3,6375.0,123038.0,19.3
688135.SH,20260914,37.0,37.0,37.0,37.0,142962.0,5289593.92,37.0
688136.SH,20260914,18.88,18.88,18.88,18.88,7922.0,149567.0,18.88
688137.SH,20260914,65.33,65.33,65.33,65.33,100325.0,6554232.32,65.33
688138.SH,20260914,33.13,33.13,33.13,33.13,13500.0,447255.0,33.13
688139.SH,20260914,30.51,30.51,30.51,30.51,3550.0,108311.0,30.51
688141.SH,20260914,106.85,106.85,106.85,106.85,57421.0,6135434.24,106.85
688143.SH,20260914,188.0,188.0,188.0,188.0,188605.0,35457740.8,188.0
688146.SH,20260914,219.76,219.63,219.76,219.63,55645.0,12222887.68,219.66
688147.SH,20260914,98.0,98.0,98.0,98.0,19501.0,1911097.92,98.0
688148.SH,20260914,5.78,5.78,5.78,5.78,16923.0,97815.0,5.78
688150.SH,20260914,38.24,38.24,38.24,38.24,14417.0,551306.0,38.24
688151.SH,20260914,17.82,17.82,17.82,17.82,191041.0,3404351.04,17.82
688152.SH,20260914,38.41,38.16,38.75,38.16,264052.0,10086366.08,38.2
688153.SH,20260914,23.96,23.9,23.96,23.9,8451.0,202159.0,23.92
688155.SH,20260914,49.03,49.36,49.36,49.03,21070.0,1039882.0,49.35
688156.SH,20260914,23.9,23.9,23.9,23.9,57871.0,1383116.96,23.9
688157.SH,20260914,18.0,18.0,18.0,18.0,15954.0,287172.0,18.0
688158.SH,20260914,28.25,28.25,28.25,28.25,57545.0,1625646.08,28.25
688159.SH,20260914,32.23,32.24,32.24,32.23,9370.0,302087.0,32.24
688160.SH,20260914,94.36,94.36,94.36,94.36,4924.0,464629.0,94.36
688161.SH,20260914,21.49,21.49,21.49,21.49,900.0,19341.0,21.49
688162.SH,20260914,23.6,23.6,23.6,23.6,16439.0,387960.0,23.6
688163.SH,20260914,33.64,33.64,33.64,33.64,1916.0,64454.0,33.64
688165.SH,20260914,14.51,14.51,14.51,14.51,8200.0,118982.0,14.51
688166.SH,20260914,35.0,35.0,35.0,35.0,30436.0,1065260.0,35.0
688167.SH,20260914,275.0,275.0,275.0,275.0,84110.0,23130250.24,275.0
688168.SH,20260914,35.3,35.3,35.3,35.3,14431.0,509414.0,35.3
688169.SH,20260914,118.0,118.0,118.0,118.0,21691.0,2559537.92,118.0
688170.SH,20260914,63.58,63.0,63.58,63.0,78423.0,4943842.88,63.04
688171.SH,20260914,22.98,22.85,22.98,22.85,14200.0,324522.0,22.85
688172.SH,20260914,42.0,42.0,42.0,42.0,28896.0,1213632.0,42.0
688173.SH,20260914,11.85,11.85,11.85,11.85,16604.0,196757.0,11.85
688175.SH,20260914,17.18,17.18,17.18,17.18,927.0,15926.0,17.18
688176.SH,20260914,12.43,12.43,12.43,12.43,5000.0,62150.0,12.43
688177.SH,20260914,16.3,16.3,16.3,16.3,18015.0,293645.0,16.3
688178.SH,20260914,27.29,27.29,27.29,27.29,2476.0,67570.0,27.29
688179.SH,20260914,18.5,18.5,18.5,18.5,9430.0,174455.0,18.5
688180.SH,20260914,31.07,31.07,31.07,31.07,23079.0,717064.96,31.07
688181.SH,20260914,37.28,37.28,37.28,37.28,55973.0,2086672.96,37.28
688182.SH,20260914,26.55,26.55,26.55,26.55,19386.0,514698.0,26.55
688183.SH,20260914,121.39,121.39,121.39,121.39,55477.0,6734353.28,121.39
688184.SH,20260914,10.43,10.43,10.43,10.43,2200.0,22946.0,10.43
688185.SH,20260914,64.89,64.89,64.89,64.89,45431.0,2948017.92,64.89
688186.SH,20260914,13.68,13.68,13.68,13.68,6215.0,85021.0,13.68
688187.SH,20260914,45.0,45.0,45.0,45.0,11882.0,534690.0,45.0
688188.SH,20260914,94.0,94.0,94.0,94.0,3790.0,356260.0,94.0
688189.SH,20260914,6.43,6.43,6.43,6.43,17394.0,111843.0,6.43
688190.SH,20260914,69.66,69.66,69.66,69.66,1000.0,69660.0,69.66
688191.SH,20260914,19.35,19.35,19.35,19.35,3361.0,65035.0,19.35
688192.SH,20260914,52.53,52.53,52.53,52.53,6900.0,362457.0,52.53
688193.SH,20260914,44.68,44.68,44.68,44.68,400.0,17872.0,44.68
688195.SH,20260914,184.88,184.88,184.88,184.88,184107.0,34037703.68,184.88
688196.SH,20260914,36.02,36.02,36.02,36.02,16439.0,592133.0,36.02
688197.SH,20260914,30.8,30.8,30.8,30.8,3500.0,107800.0,30.8
688198.SH,20260914,67.11,67.11,67.11,67.11,218.0,14630.0,67.11
688199.SH,20260914,22.59,22.59,22.59,22.59,5900.0,133281.0,22.59
688200.SH,20260914,346.8,346.8,346.8,346.8,7566.0,2623888.96,346.8
688201.SH,20260914,7.57,7.57,7.57,7.57,105811.0,800988.96,7.57
688202.SH,20260914,89.74,89.74,89.74,89.74,25251.0,2266024.96,89.74
688203.SH,20260914,13.81,13.81,13.81,13.81,22990.0,317492.0,13.81
688205.SH,20260914,207.0,207.0,207.0,207.0,88350.0,18288450.56,207.0
688206.SH,20260914,36.5,36.5,36.5,36.5,105802.0,3861773.12,36.5
688207.SH,20260914,18.4,18.4,18.4,18.4,53618.0,986571.04,18.4
688208.SH,20260914,25.34,25.34,25.34,25.34,23700.0,600558.0,25.34
688209.SH,20260914,32.6,32.6,32.6,32.6,254646.0,8301459.84,32.6
688210.SH,20260914,26.32,26.32,26.32,26.32,16514.0,434648.0,26.32
688211.SH,20260914,29.42,29.42,29.42,29.42,400.0,11768.0,29.42
688212.SH,20260914,28.15,28.15,28.15,28.15,3251.0,91516.0,28.15
688213.SH,20260914,91.7,91.7,91.7,91.7,11596.0,1063352.96,91.7
688215.SH,20260914,47.76,47.76,47.76,47.76,3085.0,147340.0,47.76
688216.SH,20260914,33.3,33.3,33.3,33.3,73857.0,2459438.08,33.3
688217.SH,20260914,23.14,23.14,23.14,23.14,4190.0,96957.0,23.14
688218.SH,20260914,40.68,40.99,40.99,40.68,114595.0,4695423.04,40.97
688219.SH,20260914,10.07,10.07,10.07,10.07,13891.0,139882.0,10.07
688220.SH,20260914,87.74,87.74,87.74,87.74,25293.0,2219208.0,87.74
688221.SH,20260914,15.88,15.88,15.88,15.88,13007.0,206551.0,15.88
688222.SH,20260914,30.43,30.34,30.43,30.34,11429.0,346822.0,30.35
688223.SH,20260914,3.9,3.9,3.9,3.9,214140.0,835146.0,3.9
688225.SH,20260914,13.3,13.3,13.3,13.3,358739.0,4771229.12,13.3
688226.SH,20260914,27.63,27.63,27.63,27.63,10158.0,280666.0,27.63
688227.SH,20260914,66.87,66.87,66.87,66.87,8958.0,599021.0,66.87
688228.SH,20260914,72.0,72.0,72.0,72.0,2600.0,187200.0,72.0
688229.SH,20260914,59.59,59.59,59.59,59.59,3054.0,181988.0,59.59
688230.SH,20260914,56.1,56.1,56.1,56.1,3640.0,204204.0,56.1
688231.SH,20260914,32.61,32.61,32.61,32.61,10928.0,356362.0,32.61
688232.SH,20260914,17.4,17.4,17.4,17.4,13600.0,236640.0,17.4
688233.SH,20260914,89.0,89.0,89.0,89.0,14125.0,1257124.96,89.0
688234.SH,20260914,93.22,93.18,93.22,93.18,18412.0,1715672.0,93.18
688235.SH,20260914,246.0,246.0,246.0,246.0,8232.0,2025072.0,246.0
688236.SH,20260914,13.26,13.26,13.26,13.26,3900.0,51714.0,13.26
688237.SH,20260914,59.18,59.18,59.18,59.18,3380.0,200028.0,59.18
688238.SH,20260914,6.18,6.18,6.18,6.18,37436.0,231354.0,6.18
688239.SH,20260914,54.01,54.01,54.01,54.01,15308.0,826784.96,54.01
688244.SH,20260914,16.19,16.19,16.19,16.19,723362.0,11711230.72,16.19
688246.SH,20260914,16.22,16.22,16.22,16.22,5300.0,85966.0,16.22
688247.SH,20260914,8.55,8.55,8.55,8.55,400.0,3420.0,8.55
688248.SH,20260914,49.94,49.94,49.94,49.94,5694.0,284358.0,49.94
688249.SH,20260914,34.31,34.31,34.31,34.31,64078.0,2198516.0,34.31
688251.SH,20260914,18.59,18.59,18.59,18.59,1880.0,34949.0,18.59
688252.SH,20260914,20.23,20.23,20.23,20.23,1800.0,36414.0,20.23
688253.SH,20260914,54.0,54.0,54.0,54.0,1800.0,97200.0,54.0
688255.SH,20260914,24.16,24.16,24.16,24.16,1200.0,28992.0,24.16
688256.SH,20260914,1020.0,1020.0,1020.0,1020.0,61732.0,62966640.64,1020.0
688257.SH,20260914,50.6,50.29,50.6,50.29,49149.0,2471857.92,50.29
688258.SH,20260914,87.74,87.74,87.74,87.74,6030.0,529072.0,87.74
688259.SH,20260914,30.5,30.5,30.5,30.5,2300.0,70150.0,30.5
688260.SH,20260914,104.42,103.6,104.42,102.5,309629.0,32031979.52,103.45
688261.SH,20260914,64.5,64.5,64.5,64.5,7589.0,489491.0,64.5
688262.SH,20260914,25.93,25.93,25.93,25.93,10765.0,279136.0,25.93
688265.SH,20260914,36.91,36.91,36.91,36.91,4956.0,182926.0,36.91
688266.SH,20260914,107.1,107.1,107.1,107.1,5893.0,631140.0,107.1
688267.SH,20260914,19.93,19.93,19.93,19.93,13525.0,269553.0,19.93
688268.SH,20260914,125.01,125.01,125.01,125.01,17431.0,2179048.96,125.01
688269.SH,20260914,25.9,25.9,25.9,25.9,1800.0,46620.0,25.9
688270.SH,20260914,52.32,52.32,52.32,52.32,45433.0,2377055.04,52.32
688271.SH,20260914,102.61,102.61,102.61,102.61,9420.0,966586.0,102.61
688272.SH,20260914,27.2,27.2,27.2,27.2,2369.0,64437.0,27.2
688273.SH,20260914,26.64,26.64,26.64,26.64,4995.0,133067.0,26.64
688275.SH,20260914,67.2,67.2,67.2,67.2,3256.0,218803.0,67.2
688276.SH,20260914,15.25,15.25,15.25,15.25,22952.0,350018.0,15.25
688277.SH,20260914,15.18,15.18,15.18,15.18,31452.0,477441.0,15.18
688278.SH,20260914,52.1,52.1,52.1,52.1,2200.0,114620.0,52.1
688279.SH,20260914,182.54,182.54,182.54,182.54,23233.0,4240952.0,182.54
688280.SH,20260914,5.01,5.01,5.01,5.01,11572.0,57976.0,5.01
688281.SH,20260914,51.94,51.94,51.94,51.94,13165.0,683790.0,51.94
688282.SH,20260914,51.9,51.9,51.9,51.9,200.0,10380.0,51.9
688283.SH,20260914,25.93,25.93,25.93,25.93,2703.0,70089.0,25.93
688285.SH,20260914,7.44,7.44,7.44,7.44,10168.0,75650.0,7.44
688286.SH,20260914,43.35,43.35,43.35,43.35,9724.0,421535.0,43.35
688288.SH,20260914,17.63,17.63,17.63,17.63,2946.0,51938.0,17.63
688289.SH,20260914,15.87,15.87,15.87,15.87,4622.0,73351.0,15.87
688290.SH,20260914,61.01,61.01,61.01,61.01,0.0,0.0,61.01
688291.SH,20260914,44.4,44.4,44.4,44.4,0.0,0.0,44.4
688292.SH,20260914,18.5,18.5,18.5,18.5,63071.0,1166814.0,18.5
688293.SH,20260914,64.44,64.44,64.44,64.44,30335.0,1954787.04,64.44
688295.SH,20260914,37.1,37.1,37.1,37.1,6678.0,247754.0,37.1
688296.SH,20260914,23.0,23.0,23.0,23.0,116792.0,2686216.0,23.0
688297.SH,20260914,44.02,44.02,44.02,44.02,37324.0,1643001.92,44.02
688298.SH,20260914,17.73,17.73,17.73,17.73,44805.0,794392.96,17.73
688299.SH,20260914,12.2,12.2,12.2,12.2,3345.0,40809.0,12.2
688300.SH,20260914,170.2,170.2,170.2,170.2,121403.0,20662791.68,170.2
688301.SH,20260914,88.04,88.04,88.04,88.04,5569.0,490295.0,88.04
688302.SH,20260914,28.92,28.92,28.92,28.92,605.0,17497.0,28.92
688303.SH,20260914,16.45,16.45,16.45,16.45,25591.0,420972.0,16.45
688305.SH,20260914,54.55,54.55,54.55,54.55,5000.0,272750.0,54.55
688306.SH,20260914,8.29,8.29,8.29,8.29,14729.0,122103.0,8.29
688307.SH,20260914,43.21,43.21,43.21,43.21,5200.0,224692.0,43.21
688308.SH,20260914,82.0,81.86,82.0,81.86,26046.0,2132335.04,81.87
688309.SH,20260914,77.65,77.65,77.65,77.65,20674.0,1605336.0,77.65
688310.SH,20260914,14.09,14.09,14.09,14.09,3143.0,44285.0,14.09
688311.SH,20260914,22.81,22.81,22.81,22.81,5200.0,118612.0,22.81
688312.SH,20260914,44.89,44.89,44.89,44.89,33938.0,1523476.96,44.89
688313.SH,20260914,143.0,143.0,143.0,143.0,85311.0,12199472.64,143.0
688314.SH,20260914,29.89,29.89,29.89,29.89,0.0,0.0,29.89
688315.SH,20260914,12.81,12.81,12.81,12.81,1656.0,21213.0,12.81
688316.SH,20260914,44.09,44.09,44.09,44.09,516.0,22750.0,44.09
688317.SH,20260914,15.9,15.9,15.9,15.9,300.0,4770.0,15.9
688318.SH,20260914,74.01,74.01,74.01,74.01,39409.0,2916659.84,74.01
688319.SH,20260914,27.28,27.28,27.28,27.28,21206.0,578500.0,27.28
688320.SH,20260914,30.35,30.35,30.35,30.35,5400.0,163890.0,30.35
688321.SH,20260914,23.6,23.6,23.6,23.6,8528.0,201261.0,23.6
688322.SH,20260914,88.0,88.0,88.0,88.0,15437.0,1358456.0,88.0
688323.SH,20260914,24.66,24.66,24.66,24.66,41863.0,1032342.0,24.66
688325.SH,20260914,105.01,105.01,105.01,105.01,1800.0,189018.0,105.01
688326.SH,20260914,57.93,57.93,57.93,57.93,277.0,16047.0,57.93
688327.SH,20260914,9.61,9.61,9.61,9.61,51364.0,493608.0,9.61
688328.SH,20260914,75.0,75.0,75.0,75.0,37890.0,2841750.08,75.0
688329.SH,20260914,20.85,20.85,20.85,20.85,1800.0,37530.0,20.85
688330.SH,20260914,34.9,34.9,34.9,34.9,6677.0,233027.0,34.9
688331.SH,20260914,115.01,115.01,115.01,115.01,30327.0,3487907.84,115.01
688332.SH,20260914,85.56,85.9,85.9,85.56,5106.0,438510.0,85.88
688333.SH,20260914,106.9,106.9,106.9,106.9,31109.0,3325552.0,106.9
688334.SH,20260914,17.85,17.85,17.85,17.85,1735.0,30970.0,17.85
688335.SH,20260914,18.74,18.74,18.74,18.74,6000.0,112440.0,18.74
688336.SH,20260914,37.88,37.88,37.88,37.88,20023.0,758471.04,37.88
688337.SH,20260914,40.27,40.27,40.27,40.27,2451.0,98702.0,40.27
688338.SH,20260914,28.6,28.6,28.6,28.6,1600.0,45760.0,28.6
688339.SH,20260914,17.49,17.49,17.49,17.49,6200.0,108438.0,17.49
688343.SH,20260914,51.33,51.33,51.33,51.33,54127.0,2778338.88,51.33
688345.SH,20260914,47.43,47.43,47.43,47.43,205.0,9723.0,47.43
688347.SH,20260914,214.0,214.0,214.0,214.0,43023.0,9206922.24,214.0
688348.SH,20260914,29.34,29.34,29.34,29.34,2396.0,70299.0,29.34
688349.SH,20260914,12.9,12.91,12.91,12.9,28858.0,372526.0,12.91
688350.SH,20260914,28.86,28.86,28.86,28.86,10879.0,313968.0,28.86
688351.SH,20260914,16.6,16.6,16.6,16.6,5584.0,92694.0,16.6
688352.SH,20260914,16.26,16.37,16.37,16.26,39429.0,645173.0,16.36
688353.SH,20260914,80.02,80.02,80.02,80.02,7099.0,568062.0,80.02
688355.SH,20260914,16.26,16.26,16.26,16.26,1921.0,31235.0,16.26
688356.SH,20260914,75.29,75.29,75.29,75.29,27416.0,2064151.04,75.29
688357.SH,20260914,25.07,25.07,25.07,25.07,600.0,15042.0,25.07
688358.SH,20260914,27.33,27.33,27.33,27.33,3199.0,87429.0,27.33
688359.SH,20260914,97.0,97.0,97.0,97.0,11876.0,1151972.0,97.0
688360.SH,20260914,14.05,14.05,14.05,14.05,3900.0,54795.0,14.05
688361.SH,20260914,299.43,299.43,299.43,299.43,16347.0,4894782.08,299.43
688362.SH,20260914,57.32,57.32,57.32,57.32,75683.0,4338150.08,57.32
688363.SH,20260914,33.8,33.8,33.8,33.8,3200.0,108160.0,33.8
688365.SH,20260914,13.88,13.88,13.88,13.88,17035.0,236446.0,13.88
688366.SH,20260914,28.78,28.78,28.78,28.78,904.0,26017.0,28.78
688367.SH,20260914,31.8,31.8,31.8,31.8,26248.0,834686.0,31.8
688368.SH,20260914,130.01,130.01,130.01,130.01,26970.0,3506369.92,130.01
688369.SH,20260914,18.98,18.98,18.98,18.98,3281.0,62273.0,18.98
688370.SH,20260914,23.2,23.2,23.2,23.2,4400.0,102080.0,23.2
688371.SH,20260914,23.7,23.7,23.7,23.7,18891.0,447717.0,23.7
688372.SH,20260914,105.49,105.34,105.49,105.34,28578.0,3010838.08,105.36
688373.SH,20260914,5.0,5.0,5.0,5.0,35175.0,175875.0,5.0
688375.SH,20260914,71.01,71.01,71.01,71.01,3399.0,241363.0,71.01
688376.SH,20260914,60.34,60.34,60.34,60.34,1782.0,107526.0,60.34
688377.SH,20260914,16.49,16.49,16.49,16.49,10973.0,180945.0,16.49
688378.SH,20260914,42.07,42.07,42.07,42.07,21369.0,898994.0,42.07
688379.SH,20260914,52.61,52.61,52.61,52.61,17180.0,903840.0,52.61
688380.SH,20260914,36.99,36.99,36.99,36.99,31191.0,1153755.04,36.99
688381.SH,20260914,35.0,35.0,35.0,35.0,57406.0,2009209.92,35.0
688382.SH,20260914,17.14,17.14,17.14,17.14,21956.0,376326.0,17.14
688383.SH,20260914,120.5,119.9,120.5,119.9,8115.0,973116.96,119.92
688385.SH,20260914,51.68,51.68,51.68,51.68,23527.0,1215875.04,51.68
688386.SH,20260914,44.2,44.2,44.2,44.2,4991.0,220602.0,44.2
688387.SH,20260914,12.0,12.0,12.0,12.0,148708.0,1784496.0,12.0
688388.SH,20260914,26.76,26.76,26.76,26.76,62688.0,1677531.04,26.76
688389.SH,20260914,10.75,10.75,10.75,10.75,31358.0,337099.0,10.75
688390.SH,20260914,58.0,58.0,58.0,58.0,57413.0,3329953.92,58.0
688391.SH,20260914,24.59,24.55,24.59,24.55,4001.0,98257.0,24.56
688392.SH,20260914,160.0,160.0,160.0,160.0,16658.0,2665280.0,160.0
688393.SH,20260914,18.73,18.73,18.73,18.73,4546.0,85147.0,18.73
688395.SH,20260914,22.23,22.23,22.23,22.23,5641.0,125399.0,22.23
688396.SH,20260914,55.51,55.51,55.51,55.51,69961.0,3883535.04,55.51
688398.SH,20260914,20.13,20.13,20.13,20.13,3100.0,62403.0,20.13
688399.SH,20260914,24.76,24.76,24.76,24.76,3605.0,89260.0,24.76
688400.SH,20260914,43.6,43.6,43.6,43.6,45943.0,2003115.04,43.6
688401.SH,20260914,62.66,62.66,62.66,62.66,20023.0,1254640.96,62.66
688403.SH,20260914,23.37,23.37,23.37,23.37,114715.0,2680889.92,23.37
688408.SH,20260914,22.04,22.04,22.04,22.04,4897.0,107930.0,22.04
688409.SH,20260914,170.44,170.44,170.44,170.44,9047.0,1541971.04,170.44
688410.SH,20260914,9.24,9.24,9.24,9.24,34795.0,321506.0,9.24
688411.SH,20260914,162.83,162.83,162.83,162.83,1936.0,315239.0,162.83
688416.SH,20260914,70.56,70.56,70.56,70.56,42878.0,3025472.0,70.56
688418.SH,20260914,30.66,30.66,30.66,30.66,3200.0,98112.0,30.66
688419.SH,20260914,45.16,45.16,45.16,45.16,17070.0,770880.96,45.16
688420.SH,20260914,21.0,21.0,21.0,21.0,4100.0,86100.0,21.0
688425.SH,20260914,3.98,3.98,3.98,3.98,108222.0,430724.0,3.98
688426.SH,20260914,20.49,20.49,20.49,20.49,13059.0,267579.0,20.49
688428.SH,20260914,26.25,26.25,26.25,26.25,4920.0,129150.0,26.25
688429.SH,20260914,9.71,9.71,9.71,9.71,16400.0,159244.0,9.71
688432.SH,20260914,42.0,43.0,43.0,42.0,1725391.04,74179133.44,42.99
688433.SH,20260914,87.5,87.5,87.5,87.5,19655.0,1719812.96,87.5
688435.SH,20260914,30.58,30.58,30.58,30.58,35610.0,1088954.0,30.58
688439.SH,20260914,36.57,36.57,36.57,36.57,4416.0,161493.0,36.57
688443.SH,20260914,21.89,21.89,21.89,21.89,1900.0,41591.0,21.89
688448.SH,20260914,65.0,65.0,65.0,65.0,6300.0,409500.0,65.0
688449.SH,20260914,58.6,58.6,58.6,58.6,10272.0,601939.0,58.6
688450.SH,20260914,31.48,31.48,31.48,31.48,2906.0,91481.0,31.48
688455.SH,20260914,16.35,16.35,16.35,16.35,7415.0,121235.0,16.35
688456.SH,20260914,69.99,69.99,69.99,69.99,29521.0,2066175.04,69.99
688458.SH,20260914,35.13,35.13,35.13,35.13,6728.0,236355.0,35.13
688459.SH,20260914,8.2,8.2,8.2,8.2,2000.0,16400.0,8.2
688466.SH,20260914,13.53,13.53,13.53,13.53,10263.0,138858.0,13.53
688468.SH,20260914,6.11,6.11,6.11,6.11,15559.0,95065.0,6.11
688469.SH,20260914,8.31,8.31,8.31,8.31,324134.0,2693553.92,8.31
688472.SH,20260914,8.3,8.3,8.3,8.3,74034.0,614482.0,8.3
688475.SH,20260914,27.62,27.62,27.62,27.62,2763.0,76314.0,27.62
688478.SH,20260914,39.44,39.44,39.44,39.44,19812.0,781384.96,39.44
688479.SH,20260914,34.05,34.05,34.05,34.05,4500.0,153225.0,34.05
688480.SH,20260914,67.41,67.41,67.41,67.41,2183.0,147156.0,67.41
688484.SH,20260914,31.74,31.74,31.74,31.74,21822.0,692630.0,31.74
688485.SH,20260914,94.0,94.0,94.0,94.0,19687.0,1850577.92,94.0
688486.SH,20260914,41.06,41.06,41.06,41.06,14644.0,601283.0,41.06
688488.SH,20260914,14.13,14.13,14.13,14.13,9923.0,140212.0,14.13
688489.SH,20260914,22.99,22.99,22.99,22.99,4168.0,95822.0,22.99
688496.SH,20260914,0.58,0.58,0.58,0.58,0.0,0.0,0.58
688498.SH,20260914,1670.0,1670.0,1670.0,1670.0,18106.0,30237020.16,1670.0
688499.SH,20260914,30.85,30.85,30.85,30.85,14049.0,433412.0,30.85
688500.SH,20260914,31.84,31.84,31.84,31.84,1404.0,44703.0,31.84
688501.SH,20260914,13.06,13.06,13.06,13.06,9016.0,117749.0,13.06
688502.SH,20260914,380.01,380.01,380.01,380.01,8339.0,3168903.04,380.01
688503.SH,20260914,69.0,69.0,69.0,69.0,62618.0,4320641.92,69.0
688505.SH,20260914,7.45,7.45,7.45,7.45,2203.0,16412.0,7.45
688506.SH,20260914,233.85,233.66,233.85,233.66,4655.0,1087724.96,233.67
688507.SH,20260914,139.5,139.5,139.5,139.5,17981.0,2508350.08,139.5
688508.SH,20260914,80.17,80.17,80.17,80.17,11058.0,886520.0,80.17
688509.SH,20260914,4.04,4.04,4.04,4.04,24400.0,98576.0,4.04
688510.SH,20260914,25.81,25.81,25.81,25.81,41371.0,1067786.0,25.81
688511.SH,20260914,22.68,22.68,22.68,22.68,4671.0,105938.0,22.68
688512.SH,20260914,13.08,13.08,13.08,13.08,29959.0,391864.0,13.08
688513.SH,20260914,44.46,44.46,44.46,44.46,5630.0,250310.0,44.46
688515.SH,20260914,138.49,138.49,138.49,138.49,16501.0,2285223.04,138.49
688516.SH,20260914,40.92,40.8,40.92,40.8,108541.0,4429491.84,40.81
688517.SH,20260914,15.26,15.26,15.26,15.26,1100.0,16786.0,15.26
688518.SH,20260914,19.75,19.8,19.8,19.75,24477.0,484603.0,19.8
688519.SH,20260914,315.97,315.97,315.97,315.97,57109.0,18044732.16,315.97
688520.SH,20260914,32.05,32.05,32.05,32.05,7780.0,249349.0,32.05
688521.SH,20260914,178.22,179.0,179.0,178.22,126025.0,22556864.0,178.99
688522.SH,20260914,17.4,17.4,17.4,17.4,7390.0,128586.0,17.4
688523.SH,20260914,40.66,40.66,40.66,40.66,7968.0,323979.0,40.66
688525.SH,20260914,206.6,206.6,206.6,206.6,154698.0,31960606.72,206.6
688526.SH,20260914,12.5,12.5,12.5,12.5,817.0,10213.0,12.5
688528.SH,20260914,9.51,9.51,9.51,9.51,11738.0,111628.0,9.51
688529.SH,20260914,14.66,14.68,14.68,14.66,8982.0,131834.0,14.68
688530.SH,20260914,54.4,54.58,54.58,54.4,24743.0,1350288.96,54.57
688531.SH,20260914,134.85,134.85,134.85,134.85,19421.0,2618921.92,134.85
688533.SH,20260914,19.2,19.2,19.2,19.2,6358.0,122074.0,19.2
688535.SH,20260914,97.83,97.83,97.83,97.83,50157.0,4906858.88,97.83
688536.SH,20260914,291.06,291.06,291.06,291.06,11293.0,3286941.12,291.06
688538.SH,20260914,2.18,2.18,2.18,2.18,822320.0,1792657.92,2.18
688539.SH,20260914,22.6,22.6,22.6,22.6,13900.0,314140.0,22.6
688543.SH,20260914,46.54,46.54,46.54,46.54,106539.0,4958325.12,46.54
688545.SH,20260914,69.71,69.71,69.71,69.71,21597.0,1505527.04,69.71
688548.SH,20260914,27.38,27.38,27.38,27.38,115730.0,3168687.04,27.38
688549.SH,20260914,21.98,21.98,21.98,21.98,289774.0,6369233.28,21.98
688550.SH,20260914,35.3,35.3,35.3,35.3,6814.0,240534.0,35.3
688551.SH,20260914,38.22,38.22,38.22,38.22,40784.0,1558764.0,38.22
688552.SH,20260914,32.0,32.0,32.0,32.0,3658.0,117056.0,32.0
688553.SH,20260914,10.77,10.77,10.77,10.77,0.0,0.0,10.77
688556.SH,20260914,7.59,7.59,7.59,7.59,170965.0,1297624.0,7.59
688557.SH,20260914,19.09,19.09,19.09,19.09,4156.0,79338.0,19.09
688558.SH,20260914,30.25,30.25,30.25,30.25,1062.0,32126.0,30.25
688559.SH,20260914,56.1,56.1,56.1,56.1,112710.0,6323031.04,56.1
688560.SH,20260914,11.76,11.76,11.76,11.76,5221.0,61399.0,11.76
688561.SH,20260914,30.11,30.11,30.11,30.11,899467.04,27082951.68,30.11
688562.SH,20260914,14.38,14.5,14.5,14.38,14667.0,212099.0,14.46
688563.SH,20260914,54.91,54.91,54.91,54.91,4029.0,221232.0,54.91
688565.SH,20260914,10.65,10.65,10.65,10.65,12923.0,137630.0,10.65
688566.SH,20260914,25.47,25.47,25.47,25.47,2194.0,55881.0,25.47
688567.SH,20260914,8.58,8.58,8.58,8.58,13500.0,115830.0,8.58
688568.SH,20260914,30.48,30.48,30.48,30.48,84213.0,2566812.0,30.48
688569.SH,20260914,18.4,18.4,18.4,18.4,1649.0,30342.0,18.4
688570.SH,20260914,14.37,14.37,14.37,14.37,400.0,5748.0,14.37
688571.SH,20260914,7.85,7.85,7.85,7.85,8764.0,68797.0,7.85
688573.SH,20260914,15.18,15.18,15.18,15.18,3079.0,46739.0,15.18
688575.SH,20260914,9.5,9.46,9.5,9.46,24190.0,228877.0,9.46
688576.SH,20260914,37.46,37.46,37.46,37.46,0.0,0.0,37.46
688577.SH,20260914,39.15,39.15,39.15,39.15,0.0,0.0,39.15
688578.SH,20260914,99.0,99.0,99.0,99.0,15652.0,1549548.0,99.0
688579.SH,20260914,7.65,7.65,7.65,7.65,8984.0,68728.0,7.65
688580.SH,20260914,40.28,40.28,40.28,40.28,3259.0,131273.0,40.28
688581.SH,20260914,55.5,55.5,55.5,55.5,50151.0,2783381.12,55.5
688582.SH,20260914,37.79,37.79,37.79,37.79,3797.0,143489.0,37.79
688583.SH,20260914,78.0,78.0,78.0,78.0,14178.0,1105884.0,78.0
688584.SH,20260914,23.94,23.94,23.94,23.94,10881.0,260491.0,23.94
688585.SH,20260914,139.0,139.0,139.0,139.0,5846.0,812594.0,139.0
688586.SH,20260914,11.41,11.41,11.41,11.41,8467.0,96608.0,11.41
688588.SH,20260914,8.71,8.71,8.71,8.71,500.0,4355.0,8.71
688589.SH,20260914,18.7,18.7,18.7,18.7,7877.0,147300.0,18.7
688590.SH,20260914,11.46,11.46,11.46,11.46,1138.0,13041.0,11.46
688591.SH,20260914,26.15,26.15,26.15,26.15,15384.0,402292.0,26.15
688592.SH,20260914,22.25,22.25,22.25,22.25,0.0,0.0,22.25
688593.SH,20260914,31.5,31.49,31.5,31.49,260799.0,8212661.12,31.49
688595.SH,20260914,27.47,27.47,27.47,27.47,2700.0,74169.0,27.47
688596.SH,20260914,57.1,57.1,57.1,57.1,82508.0,4711207.04,57.1
688597.SH,20260914,6.21,6.21,6.21,6.21,18440.0,114512.0,6.21
688598.SH,20260914,30.81,30.81,30.81,30.81,38316.0,1180516.0,30.81
688599.SH,20260914,10.63,10.68,10.68,10.63,128700.0,1374295.04,10.68
688600.SH,20260914,32.39,32.39,32.39,32.39,21562.0,698392.96,32.39
688601.SH,20260914,55.67,55.67,55.67,55.67,7600.0,423092.0,55.67
688602.SH,20260914,6.75,6.75,6.75,6.75,6000.0,40500.0,6.75
688603.SH,20260914,108.49,108.0,108.49,108.0,47104.0,5087767.04,108.01
688605.SH,20260914,78.0,78.0,78.0,78.0,12849.0,1002222.0,78.0
688606.SH,20260914,43.6,43.6,43.6,43.6,200.0,8720.0,43.6
688607.SH,20260914,37.68,37.68,37.68,37.68,2755.0,103808.0,37.68
688608.SH,20260914,91.2,91.2,91.2,91.2,12175.0,1110360.0,91.2
688609.SH,20260914,8.8,8.8,8.8,8.8,36062.0,317346.0,8.8
688610.SH,20260914,146.39,146.39,146.39,146.39,1264.0,185037.0,146.39
688611.SH,20260914,57.54,57.54,57.54,57.54,950.0,54663.0,57.54
688612.SH,20260914,39.1,39.1,39.1,39.1,26222.0,1025280.0,39.1
688613.SH,20260914,14.97,14.97,14.97,14.97,7133.0,106781.0,14.97
688615.SH,20260914,87.43,87.43,87.43,87.43,14966.0,1308476.96,87.43
688616.SH,20260914,10.61,10.61,10.61,10.61,6382.0,67713.0,10.61
688617.SH,20260914,240.43,239.94,240.43,239.94,11828.0,2839241.92,240.04
688618.SH,20260914,28.38,28.38,28.38,28.38,0.0,0.0,28.38
688619.SH,20260914,14.2,14.2,14.2,14.2,6903.0,98023.0,14.2
688620.SH,20260914,14.63,14.63,14.63,14.63,19115.0,279652.0,14.63
688621.SH,20260914,68.65,68.65,68.65,68.65,7903.0,542541.0,68.65
688622.SH,20260914,106.88,106.88,106.88,106.88,30950.0,3307936.0,106.88
688623.SH,20260914,54.02,54.02,54.02,54.02,400.0,21608.0,54.02
688625.SH,20260914,56.51,56.51,56.51,56.51,9145.0,516784.0,56.51
688626.SH,20260914,36.97,36.97,36.97,36.97,0.0,0.0,36.97
688627.SH,20260914,440.0,440.0,440.0,440.0,24683.0,10860519.68,440.0
688628.SH,20260914,74.85,74.85,74.85,74.85,26736.0,2001190.08,74.85
688629.SH,20260914,120.54,120.54,120.54,120.54,62535.0,7537969.28,120.54
688630.SH,20260914,394.26,394.26,394.26,394.26,14847.0,5853578.24,394.26
688631.SH,20260914,37.1,37.1,37.1,37.1,2000.0,74200.0,37.1
688633.SH,20260914,21.61,21.61,21.61,21.61,7200.0,155592.0,21.61
688635.SH,20260914,265.0,265.0,265.0,265.0,19330.0,5122449.92,265.0
688636.SH,20260914,20.35,20.34,20.35,20.34,24653.0,501444.0,20.34
688638.SH,20260914,30.58,30.58,30.58,30.58,8613.0,263386.0,30.58
688639.SH,20260914,16.6,16.52,16.6,16.52,10181.0,168206.0,16.52
688646.SH,20260914,72.49,72.49,72.49,72.49,2999.0,217398.0,72.49
688648.SH,20260914,30.18,30.18,30.18,30.18,2127.0,64193.0,30.18
688651.SH,20260914,23.77,23.77,23.77,23.77,40240.0,956504.96,23.77
688652.SH,20260914,127.31,127.72,127.72,127.31,13828.0,1765812.96,127.7
688653.SH,20260914,13.27,13.27,13.27,13.27,296435.0,3933692.16,13.27
688655.SH,20260914,59.5,59.0,59.5,59.0,319969.0,18889788.16,59.04
688656.SH,20260914,117.98,117.98,117.98,117.98,1851.0,218381.0,117.98
688657.SH,20260914,31.58,31.58,31.58,31.58,0.0,0.0,31.58
688658.SH,20260914,12.4,12.4,12.4,12.4,49484.0,613602.0,12.4
688659.SH,20260914,9.15,9.15,9.15,9.15,2711.0,24806.0,9.15
688660.SH,20260914,9.16,9.16,9.16,9.16,321934.0,2948914.88,9.16
688661.SH,20260914,96.27,96.27,96.27,96.27,15731.0,1514423.04,96.27
688662.SH,20260914,81.0,81.0,81.0,81.0,91099.0,7379018.88,81.0
688663.SH,20260914,54.07,54.07,54.07,54.07,3354.0,181351.0,54.07
688665.SH,20260914,42.57,42.57,42.57,42.57,0.0,0.0,42.57
688667.SH,20260914,92.09,92.09,92.09,92.09,2362.0,217517.0,92.09
688668.SH,20260914,242.0,242.0,242.0,242.0,17419.0,4215398.08,242.0
688669.SH,20260914,67.19,67.19,67.19,67.19,10558.0,709392.0,67.19
688670.SH,20260914,16.9,16.9,16.9,16.9,5172.0,87407.0,16.9
688671.SH,20260914,23.41,23.41,23.41,23.41,2300.0,53843.0,23.41
688676.SH,20260914,62.3,62.3,62.3,62.3,49244.0,3067901.12,62.3
688677.SH,20260914,78.0,78.0,78.0,78.0,82412.0,6428135.68,78.0
688678.SH,20260914,20.44,20.44,20.44,20.44,75594.0,1545140.96,20.44
688679.SH,20260914,41.8,41.8,41.8,41.8,38510.0,1609718.08,41.8
688680.SH,20260914,31.2,31.2,31.2,31.2,4015.0,125268.0,31.2
688681.SH,20260914,14.69,14.69,14.69,14.69,18215.0,267578.0,14.69
688682.SH,20260914,29.56,29.56,29.56,29.56,6967.0,205945.0,29.56
688683.SH,20260914,28.15,28.15,28.15,28.15,1944.0,54724.0,28.15
688685.SH,20260914,35.18,35.18,35.18,35.18,3710.0,130518.0,35.18
688686.SH,20260914,135.0,135.0,135.0,135.0,5541.0,748035.04,135.0
688687.SH,20260914,16.91,16.91,16.91,16.91,400.0,6764.0,16.91
688689.SH,20260914,35.98,35.98,35.98,35.98,8936.0,321517.0,35.98
688690.SH,20260914,40.65,40.65,40.65,40.65,68829.0,2797898.88,40.65
688691.SH,20260914,58.3,58.3,58.3,58.3,7889.0,459929.0,58.3
688692.SH,20260914,203.5,203.43,203.5,203.43,4474.0,910204.96,203.44
688693.SH,20260914,71.31,71.31,71.31,71.31,5509.0,392847.0,71.31
688695.SH,20260914,18.13,18.13,18.13,18.13,1407.0,25509.0,18.13
688696.SH,20260914,86.73,86.73,86.73,86.73,200.0,17346.0,86.73
688697.SH,20260914,13.98,13.98,13.98,13.98,15770.0,220465.0,13.98
688698.SH,20260914,40.05,40.05,40.05,40.05,17274.0,691824.0,40.05
688699.SH,20260914,55.3,55.3,55.3,55.3,4153.0,229661.0,55.3
688700.SH,20260914,62.0,62.0,62.0,62.0,81173.0,5032726.08,62.0
688701.SH,20260914,8.53,8.53,8.53,8.53,19030.0,162326.0,8.53
688702.SH,20260914,295.0,295.0,295.0,295.0,38238.0,11280209.92,295.0
688707.SH,20260914,9.89,9.85,9.89,9.85,38486.0,379167.0,9.85
688708.SH,20260914,40.4,40.4,40.4,40.4,5400.0,218160.0,40.4
688709.SH,20260914,23.17,23.17,23.17,23.17,11838.0,274286.0,23.17
688710.SH,20260914,82.0,82.0,82.0,82.0,3040.0,249280.0,82.0
688711.SH,20260914,23.07,23.06,23.07,23.06,23466.0,541158.0,23.06
688712.SH,20260914,29.47,29.47,29.47,29.47,2690.0,79274.0,29.47
688716.SH,20260914,25.62,25.62,25.62,25.62,1100.0,28182.0,25.62
688717.SH,20260914,42.76,42.76,42.76,42.76,5698.0,243646.0,42.76
688718.SH,20260914,13.13,13.13,13.13,13.13,13954.0,183216.0,13.13
688719.SH,20260914,53.35,53.35,53.35,53.35,11480.0,612458.0,53.35
688720.SH,20260914,58.0,58.0,58.0,58.0,7871.0,456518.0,58.0
688721.SH,20260914,37.7,37.7,37.7,37.7,4509.0,169989.0,37.7
688722.SH,20260914,13.96,13.96,13.96,13.96,3200.0,44672.0,13.96
688726.SH,20260914,41.9,41.9,41.9,41.9,5290.0,221651.0,41.9
688727.SH,20260914,43.07,43.07,43.07,43.07,4478.0,192867.0,43.07
688728.SH,20260914,13.85,13.85,13.85,13.85,33366.0,462119.0,13.85
688729.SH,20260914,21.58,21.59,21.59,21.58,143640.0,3101177.92,21.59
688733.SH,20260914,27.25,27.25,27.25,27.25,31619.0,861618.0,27.25
688737.SH,20260914,16.52,16.52,16.52,16.52,1375.0,22715.0,16.52
688739.SH,20260914,19.77,19.77,19.77,19.77,4615.0,91239.0,19.77
688750.SH,20260914,13.95,13.95,13.95,13.95,10799.0,150646.0,13.95
688755.SH,20260914,24.56,24.56,24.56,24.56,0.0,0.0,24.56
688757.SH,20260914,28.86,28.86,28.86,28.86,9652.0,278557.0,28.86
688758.SH,20260914,26.41,26.41,26.41,26.41,5567.0,147024.0,26.41
688759.SH,20260914,20.21,20.21,20.21,20.21,7177.0,145047.0,20.21
688765.SH,20260914,35.43,35.43,35.43,35.43,2026.0,71781.0,35.43
688766.SH,20260914,371.0,371.0,371.0,371.0,126727.0,47015715.84,371.0
688767.SH,20260914,36.11,36.11,36.11,36.11,273.0,9858.0,36.11
688768.SH,20260914,40.58,40.58,40.58,40.58,900.0,36522.0,40.58
688772.SH,20260914,13.8,13.8,13.8,13.8,88035.0,1214883.04,13.8
688775.SH,20260914,93.68,93.68,93.68,93.68,20502.0,1920627.04,93.68
688776.SH,20260914,44.88,44.88,44.88,44.88,561.0,25178.0,44.88
688777.SH,20260914,82.51,82.98,82.98,82.51,26117.0,2164022.08,82.86
688778.SH,20260914,42.06,42.06,42.06,42.06,15181.0,638513.0,42.06
688779.SH,20260914,7.39,7.39,7.39,7.39,24000.0,177360.0,7.39
688781.SH,20260914,34.83,34.83,34.83,34.83,3500.0,121905.0,34.83
688783.SH,20260914,25.4,25.4,25.4,25.4,41750.0,1060450.0,25.4
688785.SH,20260914,277.57,277.57,277.57,277.57,216.0,59955.0,277.57
688786.SH,20260914,24.82,24.82,24.82,24.82,7035.0,174609.0,24.82
688787.SH,20260914,86.73,86.73,86.73,86.73,8501.0,737292.0,86.73
688788.SH,20260914,29.04,29.04,29.04,29.04,800.0,23232.0,29.04
688789.SH,20260914,41.3,41.3,41.3,41.3,40462.0,1671080.96,41.3
688790.SH,20260914,98.0,98.0,98.0,98.0,3230.0,316540.0,98.0
688793.SH,20260914,16.93,16.93,16.93,16.93,6720.0,113770.0,16.93
688795.SH,20260914,350.0,350.0,350.0,350.0,46688.0,16340800.0,350.0
688796.SH,20260914,118.84,118.84,118.84,118.84,16752.0,1990808.0,118.84
688797.SH,20260914,237.26,237.26,237.26,237.26,12386.0,2938702.08,237.26
688798.SH,20260914,53.19,53.19,53.19,53.19,19659.0,1045662.0,53.19
688799.SH,20260914,46.21,46.21,46.21,46.21,0.0,0.0,46.21
688800.SH,20260914,66.07,65.49,66.16,65.49,109667.0,7183052.16,65.5
688801.SH,20260914,370.0,370.0,370.0,370.0,162065.0,59964047.36,370.0
688802.SH,20260914,475.0,475.0,475.0,475.0,6500.0,3087500.16,475.0
688805.SH,20260914,38.15,38.15,38.15,38.15,0.0,0.0,38.15
688806.SH,20260914,19.99,19.99,19.99,19.99,8435.0,168616.0,19.99
688807.SH,20260914,330.66,330.66,330.66,330.66,7670.0,2536161.92,330.66
688808.SH,20260914,2420.0,2420.0,2420.0,2420.0,6986.0,16906119.68,2420.0
688809.SH,20260914,498.0,498.0,498.0,498.0,30729.0,15303042.56,498.0
688811.SH,20260914,19.32,19.32,19.32,19.32,6367.0,123010.0,19.32
688813.SH,20260914,126.18,125.25,126.18,125.05,96915.0,12147328.0,125.34
688816.SH,20260914,44.66,44.66,44.66,44.66,3800.0,169708.0,44.66
688818.SH,20260914,41.94,41.94,41.94,41.94,8945.0,375153.0,41.94
688819.SH,20260914,20.49,20.49,20.49,20.49,5556.0,113842.0,20.49
688820.SH,20260914,130.0,130.0,130.14,129.95,115061.0,14958233.6,130.0
688825.SH,20260914,55.35,55.22,55.35,55.22,2487608.96,137378529.28,55.23
688826.SH,20260914,743.34,743.34,743.34,743.34,3455.0,2568240.0,743.34
688828.SH,20260914,86.18,86.18,86.18,86.18,23523.0,2027212.0,86.18
688835.SH,20260914,274.0,274.0,274.0,274.0,41755.0,11440870.4,274.0
688836.SH,20260914,468.81,468.81,468.81,468.81,30058.0,14091490.56,468.81
688981.SH,20260914,116.8,116.8,116.8,116.8,290726.0,33956794.88,116.8
689009.SH,20260914,37.03,37.03,37.03,37.03,16634.0,615957.0,37.03
920000.BJ,20260914,13.7,13.7,13.7,13.7,200.0,2740.0,13.7
920002.BJ,20260914,49.25,49.25,49.25,49.25,100.0,4925.0,49.25
920003.BJ,20260914,15.13,15.13,15.13,15.13,259.0,3918.67,15.13
920005.BJ,20260914,23.48,23.48,23.48,23.48,800.0,18784.0,23.48
920006.BJ,20260914,18.81,18.81,18.81,18.81,73052.0,1374108.16,18.81
920008.BJ,20260914,24.11,24.11,24.11,24.11,66846.0,1611656.96,24.11
920009.BJ,20260914,33.45,33.45,33.45,33.45,100.0,3345.0,33.45
920010.BJ,20260914,9.96,9.96,9.96,9.96,248885.0,2478894.56,9.96
920014.BJ,20260914,8.63,8.63,8.63,8.63,16970.0,146451.1,8.63
920015.BJ,20260914,36.4,36.4,36.4,36.4,1989.0,72399.6,36.4
920016.BJ,20260914,13.13,13.13,13.13,13.13,1503.0,19734.39,13.13
920017.BJ,20260914,15.4,15.4,15.4,15.4,1700.0,26180.0,15.4
920018.BJ,20260914,14.58,14.58,14.58,14.58,10800.0,157464.0,14.58
920019.BJ,20260914,16.0,16.0,16.0,16.0,5589.0,89424.0,16.0
920021.BJ,20260914,7.83,7.83,7.83,7.83,130974.0,1025526.4,7.83
920022.BJ,20260914,18.88,18.88,18.88,18.88,5200.0,98176.0,18.88
920023.BJ,20260914,1.4,1.4,1.4,1.4,22000.0,30800.0,1.4
920026.BJ,20260914,17.41,17.41,17.41,17.41,4807.0,83689.87,17.41
920027.BJ,20260914,11.66,11.66,11.66,11.66,100.0,1166.0,11.66
920028.BJ,20260914,14.99,14.99,14.99,14.99,27203.0,407772.96,14.99
920029.BJ,20260914,31.96,31.96,31.96,31.96,480.0,15340.8,31.96
920030.BJ,20260914,4.66,4.66,4.66,4.66,10134.0,47224.44,4.66
920033.BJ,20260914,13.55,13.55,13.55,13.55,1250.0,16937.5,13.55
920035.BJ,20260914,23.79,23.79,23.79,23.79,400.0,9516.0,23.79
920036.BJ,20260914,29.97,29.97,29.97,29.97,8600.0,257742.0,29.97
920037.BJ,20260914,37.8,37.8,37.8,37.8,900.0,34020.0,37.8
920038.BJ,20260914,36.33,36.33,36.33,36.33,8877.0,322501.4,36.33
920039.BJ,20260914,7.61,7.61,7.61,7.61,1600.0,12176.0,7.61
920045.BJ,20260914,561.12,561.12,561.12,561.12,28500.0,15991920.64,561.12
920046.BJ,20260914,21.1,21.1,21.1,21.1,74688.0,1575916.8,21.1
920047.BJ,20260914,14.46,14.46,14.46,14.46,25355.0,366633.32,14.46
920050.BJ,20260914,27.36,27.36,27.36,27.36,300.0,8208.0,27.36
920056.BJ,20260914,14.0,14.0,14.0,14.0,1703.0,23842.0,14.0
920057.BJ,20260914,4.73,4.73,4.73,4.73,4771.0,22566.83,4.73
920058.BJ,20260914,27.9,27.9,27.9,27.9,700.0,19530.0,27.9
920059.BJ,20260914,12.62,12.62,12.62,12.62,13318.0,168073.16,12.62
920060.BJ,20260914,25.31,25.31,25.31,25.31,68750.0,1740062.56,25.31
920061.BJ,20260914,17.38,17.38,17.38,17.38,27503.0,478002.12,17.38
920062.BJ,20260914,7.16,7.16,7.16,7.16,5300.0,37948.0,7.16
920065.BJ,20260914,32.5,32.5,32.5,32.5,1200.0,39000.0,32.5
920066.BJ,20260914,17.87,17.87,17.87,17.87,1700.0,30379.0,17.87
920068.BJ,20260914,16.17,16.17,16.17,16.17,2400.0,38808.0,16.17
920069.BJ,20260914,32.12,32.12,32.12,32.12,7400.0,237688.0,32.12
920071.BJ,20260914,26.5,26.5,26.5,26.5,163023.0,4320109.44,26.5
920072.BJ,20260914,22.71,22.71,22.71,22.71,1600.0,36336.0,22.71
920075.BJ,20260914,17.0,17.0,17.0,17.0,35063.0,596071.0,17.0
920076.BJ,20260914,12.7,12.7,12.7,12.7,400.0,5080.0,12.7
920077.BJ,20260914,13.38,13.38,13.38,13.38,300.0,4014.0,13.38
920078.BJ,20260914,18.46,18.46,18.46,18.46,600.0,11076.0,18.46
920079.BJ,20260914,12.86,12.86,12.86,12.86,14716.0,189247.76,12.86
920080.BJ,20260914,20.4,20.4,20.4,20.4,400.0,8160.0,20.4
920081.BJ,20260914,41.06,41.06,41.06,41.06,3015.0,123795.9,41.06
920083.BJ,20260914,33.82,33.82,33.82,33.82,9033.0,305496.06,33.82
920087.BJ,20260914,15.81,15.81,15.81,15.81,294277.0,4652519.36,15.81
920088.BJ,20260914,48.0,48.0,48.0,48.0,119348.0,5728704.0,48.0
920089.BJ,20260914,9.93,9.93,9.93,9.93,100.0,993.0,9.93
920091.BJ,20260914,27.03,27.03,27.03,27.03,700.0,18921.0,27.03
920092.BJ,20260914,25.52,25.52,25.52,25.52,15591.0,397882.32,25.52
920093.BJ,20260914,18.66,18.66,18.66,18.66,8028.0,149802.48,18.66
920096.BJ,20260914,30.39,30.39,30.39,30.39,700.0,21273.0,30.39
920098.BJ,20260914,18.35,18.35,18.35,18.35,9343.0,171444.04,18.35
920099.BJ,20260914,16.78,16.78,16.78,16.78,1900.0,31882.0,16.78
920100.BJ,20260914,28.04,28.04,28.04,28.04,948.0,26581.92,28.04
920101.BJ,20260914,16.0,16.0,16.0,16.0,885.0,14160.0,16.0
920107.BJ,20260914,19.27,19.27,19.27,19.27,3900.0,75153.0,19.27
920110.BJ,20260914,25.76,25.76,25.76,25.76,700.0,18032.0,25.76
920112.BJ,20260914,14.88,14.88,14.88,14.88,200.0,2976.0,14.88
920116.BJ,20260914,43.2,43.2,43.2,43.2,1700.0,73440.0,43.2
920117.BJ,20260914,26.96,26.96,26.96,26.96,88475.0,2385286.08,26.96
920119.BJ,20260914,51.74,51.74,51.74,51.74,1563.0,80869.62,51.74
920122.BJ,20260914,23.12,23.12,23.12,23.12,20815.0,481242.8,23.12
920123.BJ,20260914,10.78,10.78,10.78,10.78,500.0,5390.0,10.78
920125.BJ,20260914,134.93,134.93,134.93,134.93,3779.0,509900.48,134.93
920128.BJ,20260914,21.23,21.23,21.23,21.23,75591.0,1604796.8,21.23
920130.BJ,20260914,16.22,16.22,16.22,16.22,4100.0,66502.0,16.22
920136.BJ,20260914,20.66,20.66,20.66,20.66,4068.0,84044.88,20.66
920138.BJ,20260914,31.0,31.0,31.0,31.0,45202.0,1401262.08,31.0
920139.BJ,20260914,14.24,14.24,14.24,14.24,13633.0,194133.92,14.24
920145.BJ,20260914,10.18,10.18,10.18,10.18,2378.0,24208.04,10.18
920146.BJ,20260914,5.03,5.03,5.03,5.03,6285.0,31613.55,5.03
920149.BJ,20260914,8.46,8.46,8.46,8.46,6967.0,58940.82,8.46
920152.BJ,20260914,12.31,12.31,12.31,12.31,1500.0,18465.0,12.31
920156.BJ,20260914,34.01,34.01,34.01,34.01,1110.0,37751.1,34.01
920158.BJ,20260914,8.13,8.13,8.13,8.13,59905.0,487027.64,8.13
920159.BJ,20260914,31.15,31.15,31.15,31.15,13430.0,418344.48,31.15
920160.BJ,20260914,18.68,18.68,18.68,18.68,200.0,3736.0,18.68
920161.BJ,20260914,20.52,20.52,20.52,20.52,4566.0,93694.32,20.52
920163.BJ,20260914,10.24,10.24,10.24,10.24,1500.0,15360.0,10.24
920167.BJ,20260914,13.55,13.55,13.55,13.55,6461.0,87546.56,13.55
920168.BJ,20260914,15.3,15.3,15.3,15.3,2400.0,36720.0,15.3
920169.BJ,20260914,22.08,22.08,22.08,22.08,21046.0,464695.68,22.08
920171.BJ,20260914,15.77,15.77,15.77,15.77,17354.0,273672.6,15.77
920174.BJ,20260914,30.7,30.7,30.7,30.7,1200.0,36840.0,30.7
920176.BJ,20260914,64.83,64.83,64.83,64.83,6959.0,451151.96,64.83
920177.BJ,20260914,22.71,22.71,22.71,22.71,100.0,2271.0,22.71
920178.BJ,20260914,86.2,86.2,86.2,86.2,11812.0,1018194.4,86.2
920179.BJ,20260914,51.65,51.65,51.65,51.65,16019.0,827381.36,51.65
920180.BJ,20260914,11.6,11.6,11.6,11.6,1600.0,18560.0,11.6
920181.BJ,20260914,67.0,67.0,67.0,67.0,4869.0,326223.0,67.0
920183.BJ,20260914,29.4,29.4,29.4,29.4,651.0,19139.4,29.4
920184.BJ,20260914,11.3,11.3,11.3,11.3,9670.0,109271.0,11.3
920185.BJ,20260914,19.75,19.75,19.75,19.75,2600.0,51350.0,19.75
920186.BJ,20260914,67.63,67.63,67.63,67.63,12821.0,867084.24,67.63
920187.BJ,20260914,16.86,16.86,16.86,16.86,130.0,2191.8,16.86
920188.BJ,20260914,22.0,22.0,22.0,22.0,8876.0,195272.0,22.0
920189.BJ,20260914,19.8,19.8,19.8,19.8,31977.0,633144.64,19.8
920190.BJ,20260914,24.43,24.43,24.43,24.43,25019.0,611214.2,24.43
920193.BJ,20260914,28.61,28.61,28.61,28.61,17727.0,507169.48,28.61
920195.BJ,20260914,12.41,12.41,12.41,12.41,178.0,2208.98,12.41
920198.BJ,20260914,8.0,8.0,8.0,8.0,30000.0,240000.0,8.0
920199.BJ,20260914,23.18,23.18,23.18,23.18,200.0,4636.0,23.18
920200.BJ,20260914,26.39,26.39,26.39,26.39,2400.0,63336.0,26.39
920206.BJ,20260914,37.77,37.77,37.77,37.77,11655.0,440209.36,37.77
920207.BJ,20260914,21.66,21.66,21.66,21.66,49772.0,1078061.52,21.66
920208.BJ,20260914,11.46,11.46,11.46,11.46,3100.0,35526.0,11.46
920211.BJ,20260914,90.8,90.8,90.8,90.8,1272.0,115497.6,90.8
920212.BJ,20260914,10.74,10.74,10.74,10.74,25356.0,272323.44,10.74
920218.BJ,20260914,14.73,14.73,14.73,14.73,2100.0,30933.0,14.73
920220.BJ,20260914,40.09,40.09,40.09,40.09,200.0,8018.0,40.09
920221.BJ,20260914,12.3,12.3,12.3,12.3,1709.0,21020.7,12.3
920222.BJ,20260914,26.98,26.98,26.98,26.98,2416.0,65183.68,26.98
920223.BJ,20260914,13.44,13.44,13.44,13.44,20458.0,274955.54,13.44
920225.BJ,20260914,17.5,17.5,17.5,17.5,39815.0,696762.48,17.5
920230.BJ,20260914,10.26,10.26,10.26,10.26,1230.0,12619.8,10.26
920238.BJ,20260914,65.2,65.2,65.2,65.2,19846.0,1293959.28,65.2
920239.BJ,20260914,20.42,20.42,20.42,20.42,1024.0,20910.08,20.42
920242.BJ,20260914,13.27,13.27,13.27,13.27,7141.0,94761.08,13.27
920245.BJ,20260914,13.45,13.45,13.45,13.45,8900.0,119705.0,13.45
920247.BJ,20260914,13.81,13.81,13.81,13.81,3097.0,42769.57,13.81
920249.BJ,20260914,8.9,8.9,8.9,8.9,1900.0,16910.0,8.9
920252.BJ,20260914,14.29,14.29,14.29,14.29,1778.0,25407.62,14.29
920258.BJ,20260914,10.45,10.45,10.45,10.45,1440.0,15048.0,10.45
920260.BJ,20260914,8.25,8.25,8.25,8.25,1900.0,15675.0,8.25
920261.BJ,20260914,13.6,13.6,13.6,13.6,4300.0,58480.0,13.6
920262.BJ,20260914,13.85,13.85,13.85,13.85,500.0,6925.0,13.85
920263.BJ,20260914,6.53,6.53,6.53,6.53,1263.0,8247.39,6.53
920267.BJ,20260914,16.0,16.0,16.0,16.0,2600.0,41600.0,16.0
920268.BJ,20260914,36.4,36.4,36.4,36.4,350973.0,12775417.6,36.4
920269.BJ,20260914,35.8,35.8,35.8,35.8,14184.0,507787.2,35.8
920271.BJ,20260914,8.94,8.94,8.94,8.94,2200.0,19668.0,8.94
920273.BJ,20260914,18.25,18.25,18.25,18.25,2179.0,39766.75,18.25
920274.BJ,20260914,15.41,15.41,15.41,15.41,3506.0,54027.46,15.41
920275.BJ,20260914,6.6,6.6,6.6,6.6,700.0,4620.0,6.6
920288.BJ,20260914,17.53,17.53,17.53,17.53,10446.0,183118.38,17.53
920289.BJ,20260914,26.78,26.78,26.78,26.78,57270.0,1533690.56,26.78
920299.BJ,20260914,14.8,14.8,14.8,14.8,38201.0,565374.8,14.8
920300.BJ,20260914,9.53,9.53,9.53,9.53,2412.0,22986.36,9.53
920304.BJ,20260914,9.5,9.5,9.5,9.5,5600.0,53200.0,9.5
920339.BJ,20260914,10.51,10.51,10.51,10.51,363.0,3815.13,10.51
920344.BJ,20260914,18.91,18.91,18.91,18.91,3153.0,59623.23,18.91
920346.BJ,20260914,14.9,14.9,14.9,14.9,1400.0,20860.0,14.9
920351.BJ,20260914,12.64,12.64,12.64,12.64,11510.0,145486.42,12.64
920357.BJ,20260914,14.9,14.9,14.9,14.9,6028.0,89817.2,14.9
920363.BJ,20260914,9.93,9.93,9.93,9.93,100.0,993.0,9.93
920367.BJ,20260914,23.66,23.66,23.66,23.66,5144.0,121707.04,23.66
920368.BJ,20260914,21.93,21.93,21.93,21.93,8196.0,179738.28,21.93
920370.BJ,20260914,2.91,2.91,2.91,2.91,199.0,579.09,2.91
920371.BJ,20260914,8.08,8.08,8.08,8.08,250250.0,2022020.0,8.08
920374.BJ,20260914,14.92,14.92,14.92,14.92,200.0,2984.0,14.92
920375.BJ,20260914,6.38,6.38,6.38,6.38,5700.0,36366.0,6.38
920392.BJ,20260914,15.22,15.22,15.22,15.22,29058.0,442262.76,15.22
920394.BJ,20260914,46.63,46.63,46.63,46.63,6258.0,291810.54,46.63
920395.BJ,20260914,6.75,6.75,6.75,6.75,914.0,6169.5,6.75
920396.BJ,20260914,18.51,18.51,18.51,18.51,5272.0,97584.72,18.51
920402.BJ,20260914,8.25,8.25,8.25,8.25,6950.0,57337.5,8.25
920403.BJ,20260914,20.8,20.8,20.8,20.8,88617.0,1843233.6,20.8
920405.BJ,20260914,15.74,15.74,15.74,15.74,7084.0,111502.16,15.74
920407.BJ,20260914,10.65,10.65,10.65,10.65,799.0,8509.35,10.65
920414.BJ,20260914,7.85,7.85,7.85,7.85,11957.0,93862.46,7.85
920415.BJ,20260914,8.84,8.84,8.84,8.84,4194.0,37074.96,8.84
920418.BJ,20260914,17.59,17.59,17.59,17.59,300.0,5277.0,17.59
920419.BJ,20260914,11.0,11.0,11.0,11.0,300.0,3300.0,11.0
920422.BJ,20260914,9.34,9.34,9.34,9.34,11299.0,105532.66,9.34
920425.BJ,20260914,13.88,13.88,13.88,13.88,4500.0,62460.0,13.88
920427.BJ,20260914,8.38,8.38,8.38,8.38,9880.0,82794.4,8.38
920429.BJ,20260914,10.25,10.25,10.25,10.25,4600.0,47150.0,10.25
920433.BJ,20260914,4.69,4.69,4.69,4.69,1400.0,6566.0,4.69
920436.BJ,20260914,11.28,11.28,11.28,11.28,43813.0,494210.64,11.28
920438.BJ,20260914,92.8,92.8,92.8,92.8,67043.0,6221590.4,92.8
920445.BJ,20260914,6.99,6.99,6.99,6.99,6369.0,44519.31,6.99
920454.BJ,20260914,11.04,11.04,11.04,11.04,800.0,8832.0,11.04
920455.BJ,20260914,6.39,6.39,6.39,6.39,1300.0,8307.0,6.39
920469.BJ,20260914,5.9,5.9,5.9,5.9,29415.0,173548.5,5.9
920471.BJ,20260914,11.73,11.73,11.73,11.73,6951.0,81535.23,11.73
920476.BJ,20260914,22.97,22.97,22.97,22.97,16755.0,384862.36,22.97
920478.BJ,20260914,9.31,9.31,9.31,9.31,400.0,3724.0,9.31
920491.BJ,20260914,21.24,21.24,21.24,21.24,8455.0,179584.2,21.24
920493.BJ,20260914,107.18,107.18,107.18,107.18,8325.0,892273.52,107.18
920505.BJ,20260914,24.95,24.95,24.95,24.95,9194.0,229390.3,24.95
920508.BJ,20260914,14.44,14.44,14.44,14.44,2800.0,40432.0,14.44
920509.BJ,20260914,20.2,20.2,20.2,20.2,1000.0,20200.0,20.2
920510.BJ,20260914,20.16,20.16,20.16,20.16,8150.0,164304.0,20.16
920519.BJ,20260914,10.61,10.61,10.61,10.61,1975.0,20954.75,10.61
920522.BJ,20260914,16.77,16.77,16.77,16.77,28597.0,479571.68,16.77
920523.BJ,20260914,14.21,14.21,14.21,14.21,700.0,9947.0,14.21
920526.BJ,20260914,18.48,18.48,18.48,18.48,6803.0,125719.44,18.48
920527.BJ,20260914,15.15,15.15,15.15,15.15,4400.0,66660.0,15.15
920533.BJ,20260914,17.28,17.28,17.28,17.28,4760.0,82252.8,17.28
920547.BJ,20260914,17.95,17.95,17.95,17.95,2876.0,51624.2,17.95
920564.BJ,20260914,13.38,13.38,13.38,13.38,200.0,2676.0,13.38
920566.BJ,20260914,9.27,9.27,9.27,9.27,1465.0,13580.55,9.27
920570.BJ,20260914,23.94,23.94,23.94,23.94,1500.0,35910.0,23.94
920571.BJ,20260914,9.73,9.73,9.73,9.73,271718.0,2643816.32,9.73
920575.BJ,20260914,4.8,4.8,4.8,4.8,30366.0,145756.8,4.8
920576.BJ,20260914,37.6,37.6,37.6,37.6,2840.0,106784.0,37.6
920578.BJ,20260914,16.6,16.6,16.6,16.6,600.0,9960.0,16.6
920592.BJ,20260914,23.13,23.13,23.13,23.13,45684.0,1056670.88,23.13
920599.BJ,20260914,17.37,17.37,17.37,17.37,8350.0,145039.5,17.37
920608.BJ,20260914,13.52,13.52,13.52,13.52,47585.0,643349.2,13.52
920627.BJ,20260914,13.03,13.03,13.03,13.03,3000.0,39090.0,13.03
920634.BJ,20260914,15.99,15.99,15.99,15.99,5178.0,82796.22,15.99
920639.BJ,20260914,6.09,6.09,6.09,6.09,3651.0,22234.59,6.09
920640.BJ,20260914,26.51,26.51,26.51,26.51,38967.0,1033015.2,26.51
920641.BJ,20260914,12.9,12.9,12.9,12.9,1600.0,20640.0,12.9
920642.BJ,20260914,9.96,9.96,9.96,9.96,21203.0,211181.88,9.96
920651.BJ,20260914,25.09,25.09,25.09,25.09,100.0,2509.0,25.09
920662.BJ,20260914,18.82,18.82,18.82,18.82,5050.0,95041.0,18.82
920663.BJ,20260914,12.26,12.26,12.26,12.26,3800.0,46588.0,12.26
920670.BJ,20260914,12.29,12.29,12.29,12.29,2100.0,25809.0,12.29
920675.BJ,20260914,7.45,7.45,7.45,7.45,1400.0,10430.0,7.45
920682.BJ,20260914,5.9,5.9,5.9,5.9,11392.0,67212.8,5.9
920685.BJ,20260914,11.92,11.92,11.92,11.92,200.0,2384.0,11.92
920689.BJ,20260914,19.76,19.76,19.76,19.76,1400.0,27664.0,19.76
920690.BJ,20260914,15.05,15.05,15.05,15.05,905.0,13620.25,15.05
920699.BJ,20260914,62.5,62.5,62.5,62.5,4750.0,296875.0,62.5
920701.BJ,20260914,10.97,10.97,10.97,10.97,7908.0,86750.76,10.97
920703.BJ,20260914,9.56,9.56,9.56,9.56,2000.0,19120.0,9.56
920706.BJ,20260914,13.83,13.83,13.83,13.83,1925.0,26622.75,13.83
920717.BJ,20260914,6.79,6.79,6.79,6.79,200.0,1358.0,6.79
920718.BJ,20260914,11.09,11.09,11.09,11.09,1400.0,15526.0,11.09
920719.BJ,20260914,7.03,7.03,7.03,7.03,6550.0,46046.5,7.03
920720.BJ,20260914,8.59,8.59,8.59,8.59,2600.0,22334.0,8.59
920725.BJ,20260914,87.5,87.5,87.5,87.5,38391.0,3359212.48,87.5
920726.BJ,20260914,15.62,15.62,15.62,15.62,2400.0,37488.0,15.62
920729.BJ,20260914,6.8,6.8,6.8,6.8,621.0,4222.8,6.8
920735.BJ,20260914,24.57,24.57,24.57,24.57,1300.0,31941.0,24.57
920748.BJ,20260914,29.28,29.28,29.28,29.28,9299.0,272274.72,29.28
920751.BJ,20260914,15.14,15.14,15.14,15.14,900.0,13626.0,15.14
920753.BJ,20260914,14.97,14.97,14.97,14.97,1531.0,22919.07,14.97
920765.BJ,20260914,11.72,11.72,11.72,11.72,200.0,2344.0,11.72
920770.BJ,20260914,11.2,11.2,11.2,11.2,170422.0,1908726.4,11.2
920779.BJ,20260914,22.26,22.26,22.26,22.26,600.0,13356.0,22.26
920786.BJ,20260914,7.65,7.65,7.65,7.65,80331.0,614532.12,7.65
920790.BJ,20260914,23.26,23.26,23.26,23.26,14767.0,343480.4,23.26
920792.BJ,20260914,9.38,9.38,9.38,9.38,2100.0,19698.0,9.38
920799.BJ,20260914,31.12,31.12,31.12,31.12,43221.0,1345037.44,31.12
920806.BJ,20260914,10.19,10.19,10.19,10.19,6800.0,69292.0,10.19
920807.BJ,20260914,8.72,8.72,8.72,8.72,3162.0,27572.64,8.72
920808.BJ,20260914,57.7,57.7,57.7,57.7,3013.0,173850.1,57.7
920809.BJ,20260914,6.93,6.93,6.93,6.93,9413.0,65232.09,6.93
920810.BJ,20260914,9.29,9.29,9.29,9.29,5500.0,51095.0,9.29
920819.BJ,20260914,3.27,3.27,3.27,3.27,7748.0,25335.96,3.27
920821.BJ,20260914,23.45,23.45,23.45,23.45,213750.0,5012437.44,23.45
920826.BJ,20260914,8.68,8.68,8.68,8.68,26609.0,230966.12,8.68
920833.BJ,20260914,10.42,10.42,10.42,10.42,3287.0,34250.54,10.42
920834.BJ,20260914,9.11,9.11,9.11,9.11,1968.0,17928.48,9.11
920837.BJ,20260914,9.7,9.7,9.7,9.7,6701.0,64999.7,9.7
920855.BJ,20260914,13.46,13.46,13.46,13.46,15095.0,203178.7,13.46
920856.BJ,20260914,12.24,12.24,12.24,12.24,200.0,2448.0,12.24
920857.BJ,20260914,21.04,21.04,21.04,21.04,882.0,18557.28,21.04
920866.BJ,20260914,6.61,6.61,6.61,6.61,18946.0,125233.06,6.61
920871.BJ,20260914,10.88,10.88,10.88,10.88,5000.0,54400.0,10.88
920873.BJ,20260914,6.81,6.81,6.81,6.81,1350.0,9193.5,6.81
920876.BJ,20260914,16.5,16.5,16.5,16.5,7618.0,125697.0,16.5
920879.BJ,20260914,12.45,12.45,12.45,12.45,200.0,2490.0,12.45
920885.BJ,20260914,12.48,12.48,12.48,12.48,1000.0,12480.0,12.48
920892.BJ,20260914,10.87,10.87,10.87,10.87,5400.0,58698.0,10.87
920895.BJ,20260914,25.39,25.39,25.39,25.39,208988.0,5306205.44,25.39
920896.BJ,20260914,12.18,12.18,12.18,12.18,700.0,8526.0,12.18
920906.BJ,20260914,15.37,15.37,15.37,15.37,1276.0,19612.12,15.37
920914.BJ,20260914,16.43,16.43,16.43,16.43,2000.0,32860.0,16.43
920924.BJ,20260914,14.88,14.88,14.88,14.88,20906.0,311081.28,14.88
920925.BJ,20260914,11.09,11.09,11.09,11.09,3000.0,33270.0,11.09
920926.BJ,20260914,9.76,9.76,9.76,9.76,16656.0,162562.56,9.76
920931.BJ,20260914,10.12,10.12,10.12,10.12,100.0,1012.0,10.12
920932.BJ,20260914,10.38,10.38,10.38,10.38,700.0,7266.0,10.38
920942.BJ,20260914,17.1,17.1,17.1,17.1,800.0,13680.0,17.1
920943.BJ,20260914,14.6,14.6,14.6,14.6,2900.0,42340.0,14.6
920946.BJ,20260914,9.91,9.91,9.91,9.91,16438.0,162900.58,9.91
920950.BJ,20260914,13.0,13.0,13.0,13.0,2574.0,33462.0,13.0
920953.BJ,20260914,21.88,21.88,21.88,21.88,13771.0,301309.46,21.88
920957.BJ,20260914,9.55,9.55,9.55,9.55,3400.0,32470.0,9.55
920961.BJ,20260914,19.27,19.27,19.27,19.27,23296.0,448913.92,19.27
920964.BJ,20260914,5.28,5.28,5.28,5.28,39384.0,207947.52,5.28
920970.BJ,20260914,6.71,6.71,6.71,6.71,20753.0,139252.62,6.71
920971.BJ,20260914,25.3,25.3,25.3,25.3,16735.0,423395.52,25.3
920974.BJ,20260914,6.33,6.33,6.33,6.33,5000.0,31650.0,6.33
920976.BJ,20260914,22.98,22.98,22.98,22.98,22120.0,508317.6,22.98
920981.BJ,20260914,28.9,28.9,28.9,28.9,9289.0,268452.1,28.9
920982.BJ,20260914,114.17,114.17,114.17,114.17,250.0,28542.5,114.17
920985.BJ,20260914,4.63,4.63,4.63,4.63,12295.0,56925.85,4.63
920992.BJ,20260914,11.28,11.28,11.28,11.28,5126.0,57821.28,11.28
