trade_date,ts_code,up_limit,down_limit
20260918,000001.SZ,12.77,10.45
20260918,000002.SZ,3.32,2.72
20260918,000006.SZ,7.56,6.18
20260918,000007.SZ,12.44,10.18
20260918,000008.SZ,2.64,2.16
20260918,000009.SZ,7.59,6.21
20260918,000010.SZ,1.72,1.4
20260918,000011.SZ,9.82,8.04
20260918,000012.SZ,4.13,3.38
20260918,000014.SZ,11.21,9.17
20260918,000016.SZ,2.71,2.21
20260918,000017.SZ,8.18,6.7
20260918,000019.SZ,7.57,6.19
20260918,000020.SZ,13.96,11.42
20260918,000021.SZ,39.06,31.96
20260918,000025.SZ,15.97,13.07
20260918,000026.SZ,20.77,16.99
20260918,000027.SZ,6.85,5.61
20260918,000028.SZ,21.75,17.79
20260918,000029.SZ,23.24,19.02
20260918,000030.SZ,4.37,3.57
20260918,000031.SZ,2.37,1.94
20260918,000032.SZ,15.82,12.94
20260918,000034.SZ,25.25,20.66
20260918,000035.SZ,5.23,4.28
20260918,000036.SZ,4.21,3.45
20260918,000037.SZ,10.32,8.44
20260918,000039.SZ,10.04,8.22
20260918,000042.SZ,9.0,7.36
20260918,000045.SZ,12.07,9.87
20260918,000048.SZ,21.37,17.49
20260918,000049.SZ,24.42,19.98
20260918,000050.SZ,7.21,5.9
20260918,000055.SZ,4.05,3.31
20260918,000056.SZ,2.79,2.29
20260918,000058.SZ,7.66,6.26
20260918,000059.SZ,5.95,4.87
20260918,000060.SZ,6.77,5.54
20260918,000061.SZ,6.62,5.42
20260918,000062.SZ,24.84,20.32
20260918,000063.SZ,35.06,28.68
20260918,000065.SZ,10.59,8.67
20260918,000066.SZ,15.26,12.48
20260918,000068.SZ,3.55,2.91
20260918,000069.SZ,1.95,1.59
20260918,000070.SZ,19.78,16.18
20260918,000078.SZ,1.67,1.37
20260918,000088.SZ,5.01,4.1
20260918,000089.SZ,7.11,5.81
20260918,000090.SZ,3.83,3.13
20260918,000096.SZ,8.76,7.16
20260918,000099.SZ,14.16,11.58
20260918,000100.SZ,5.31,4.35
20260918,000151.SZ,11.26,9.22
20260918,000153.SZ,6.61,5.41
20260918,000155.SZ,12.74,10.42
20260918,000156.SZ,7.65,6.26
20260918,000157.SZ,6.78,5.54
20260918,000158.SZ,13.9,11.38
20260918,000159.SZ,5.97,4.89
20260918,000166.SZ,4.81,3.93
20260918,000301.SZ,14.76,12.08
20260918,000333.SZ,93.54,76.54
20260918,000338.SZ,29.32,23.99
20260918,000400.SZ,22.34,18.28
20260918,000401.SZ,3.83,3.13
20260918,000402.SZ,2.7,2.21
20260918,000403.SZ,10.9,8.92
20260918,000404.SZ,7.54,6.17
20260918,000407.SZ,4.58,3.74
20260918,000408.SZ,78.05,63.86
20260918,000409.SZ,9.63,7.88
20260918,000410.SZ,5.57,4.55
20260918,000411.SZ,10.89,8.91
20260918,000415.SZ,4.82,3.94
20260918,000417.SZ,6.12,5.0
20260918,000419.SZ,5.48,4.48
20260918,000420.SZ,3.84,3.14
20260918,000421.SZ,6.23,5.09
20260918,000422.SZ,12.96,10.6
20260918,000423.SZ,50.13,41.01
20260918,000425.SZ,8.29,6.79
20260918,000426.SZ,38.04,31.12
20260918,000428.SZ,4.43,3.63
20260918,000429.SZ,13.94,11.4
20260918,000430.SZ,7.58,6.2
20260918,000488.SZ,2.22,1.82
20260918,000498.SZ,5.43,4.45
20260918,000501.SZ,7.74,6.34
20260918,000503.SZ,7.37,6.03
20260918,000504.SZ,10.01,8.19
20260918,000505.SZ,7.29,5.97
20260918,000506.SZ,20.34,16.64
20260918,000507.SZ,5.54,4.54
20260918,000509.SZ,3.77,3.09
20260918,000510.SZ,19.6,16.04
20260918,000513.SZ,28.86,23.62
20260918,000514.SZ,4.6,3.76
20260918,000516.SZ,4.6,3.76
20260918,000517.SZ,2.21,1.81
20260918,000518.SZ,4.19,3.43
20260918,000519.SZ,16.67,13.64
20260918,000520.SZ,4.55,3.73
20260918,000521.SZ,4.83,3.95
20260918,000523.SZ,3.71,3.03
20260918,000524.SZ,9.91,8.11
20260918,000525.SZ,5.01,4.1
20260918,000526.SZ,39.09,31.99
20260918,000528.SZ,8.43,6.89
20260918,000529.SZ,5.4,4.42
20260918,000530.SZ,5.64,4.62
20260918,000531.SZ,6.19,5.07
20260918,000532.SZ,12.96,10.6
20260918,000533.SZ,11.9,9.74
20260918,000534.SZ,25.83,21.13
20260918,000536.SZ,3.74,3.06
20260918,000537.SZ,8.12,6.64
20260918,000538.SZ,56.53,46.25
20260918,000539.SZ,5.65,4.63
20260918,000541.SZ,5.39,4.41
20260918,000543.SZ,8.06,6.6
20260918,000544.SZ,7.99,6.53
20260918,000545.SZ,2.39,1.95
20260918,000546.SZ,4.91,4.01
20260918,000547.SZ,15.94,13.04
20260918,000548.SZ,5.04,4.12
20260918,000550.SZ,19.07,15.61
20260918,000551.SZ,13.19,10.79
20260918,000552.SZ,2.73,2.23
20260918,000553.SZ,6.15,5.03
20260918,000554.SZ,6.94,5.68
20260918,000555.SZ,11.33,9.27
20260918,000557.SZ,4.06,3.32
20260918,000558.SZ,3.96,3.24
20260918,000559.SZ,11.77,9.63
20260918,000560.SZ,3.1,2.54
20260918,000561.SZ,8.62,7.06
20260918,000563.SZ,3.23,2.65
20260918,000564.SZ,1.65,1.35
20260918,000565.SZ,7.23,5.91
20260918,000566.SZ,5.05,4.13
20260918,000567.SZ,6.59,5.39
20260918,000568.SZ,78.82,64.49
20260918,000570.SZ,5.7,4.66
20260918,000571.SZ,7.03,5.75
20260918,000572.SZ,4.8,3.92
20260918,000573.SZ,4.06,3.32
20260918,000576.SZ,9.1,7.44
20260918,000581.SZ,19.98,16.34
20260918,000582.SZ,10.82,8.86
20260918,000586.SZ,15.29,12.51
20260918,000589.SZ,4.65,3.81
20260918,000590.SZ,9.83,8.05
20260918,000591.SZ,4.7,3.84
20260918,000592.SZ,9.21,7.53
20260918,000593.SZ,23.73,19.41
20260918,000595.SZ,5.76,4.72
20260918,000596.SZ,101.75,83.25
20260918,000597.SZ,5.14,4.2
20260918,000598.SZ,7.7,6.3
20260918,000599.SZ,5.06,4.14
20260918,000600.SZ,7.93,6.49
20260918,000601.SZ,6.77,5.54
20260918,000603.SZ,36.11,29.55
20260918,000605.SZ,6.42,5.26
20260918,000607.SZ,4.44,3.64
20260918,000608.SZ,7.73,6.33
20260918,000609.SZ,10.32,8.44
20260918,000610.SZ,9.55,7.81
20260918,000612.SZ,12.47,10.21
20260918,000615.SZ,3.54,2.9
20260918,000617.SZ,7.49,6.13
20260918,000619.SZ,5.46,4.46
20260918,000620.SZ,3.47,2.84
20260918,000623.SZ,19.04,15.58
20260918,000625.SZ,7.87,6.44
20260918,000626.SZ,9.77,7.99
20260918,000628.SZ,61.81,50.57
20260918,000629.SZ,3.15,2.57
20260918,000630.SZ,6.62,5.42
20260918,000631.SZ,3.2,2.62
20260918,000632.SZ,4.42,3.62
20260918,000633.SZ,5.67,4.64
20260918,000635.SZ,7.85,6.43
20260918,000636.SZ,62.32,50.99
20260918,000637.SZ,4.57,3.74
20260918,000639.SZ,1.79,1.47
20260918,000650.SZ,5.7,4.66
20260918,000651.SZ,41.78,34.18
20260918,000652.SZ,3.66,3.0
20260918,000655.SZ,7.79,6.37
20260918,000656.SZ,1.34,1.1
20260918,000657.SZ,66.99,54.81
20260918,000659.SZ,3.11,2.55
20260918,000661.SZ,79.56,65.1
20260918,000663.SZ,6.58,5.38
20260918,000665.SZ,4.54,3.72
20260918,000668.SZ,23.12,18.92
20260918,000669.SZ,4.6,3.76
20260918,000670.SZ,8.4,6.88
20260918,000672.SZ,16.41,13.43
20260918,000676.SZ,7.45,6.09
20260918,000677.SZ,1.95,1.59
20260918,000678.SZ,9.92,8.12
20260918,000679.SZ,7.07,5.79
20260918,000680.SZ,10.18,8.33
20260918,000681.SZ,17.8,14.56
20260918,000682.SZ,11.76,9.62
20260918,000683.SZ,6.3,5.16
20260918,000685.SZ,11.87,9.71
20260918,000686.SZ,8.43,6.89
20260918,000688.SZ,28.66,23.45
20260918,000690.SZ,5.7,4.66
20260918,000691.SZ,10.14,8.3
20260918,000692.SZ,4.63,3.79
20260918,000695.SZ,14.39,11.77
20260918,000697.SZ,9.68,7.92
20260918,000698.SZ,3.97,3.25
20260918,000700.SZ,13.08,10.7
20260918,000701.SZ,5.69,4.65
20260918,000702.SZ,6.26,5.12
20260918,000703.SZ,18.6,15.22
20260918,000705.SZ,7.66,6.26
20260918,000707.SZ,4.91,4.01
20260918,000708.SZ,14.41,11.79
20260918,000709.SZ,2.24,1.84
20260918,000710.SZ,9.39,7.69
20260918,000711.SZ,5.21,4.27
20260918,000712.SZ,10.91,8.93
20260918,000713.SZ,7.38,6.04
20260918,000715.SZ,5.91,4.83
20260918,000716.SZ,5.61,4.59
20260918,000717.SZ,2.41,1.97
20260918,000718.SZ,2.13,1.75
20260918,000719.SZ,13.24,10.84
20260918,000720.SZ,4.38,3.58
20260918,000721.SZ,6.69,5.47
20260918,000722.SZ,15.4,12.6
20260918,000723.SZ,3.96,3.24
20260918,000725.SZ,6.33,5.18
20260918,000726.SZ,6.69,5.47
20260918,000727.SZ,2.46,2.02
20260918,000728.SZ,8.18,6.7
20260918,000729.SZ,11.55,9.45
20260918,000731.SZ,8.72,7.14
20260918,000733.SZ,44.45,36.37
20260918,000735.SZ,6.53,5.35
20260918,000736.SZ,4.8,3.92
20260918,000737.SZ,15.47,12.65
20260918,000738.SZ,21.05,17.23
20260918,000739.SZ,25.4,20.78
20260918,000750.SZ,3.99,3.27
20260918,000751.SZ,5.05,4.13
20260918,000752.SZ,9.52,7.79
20260918,000753.SZ,5.69,4.65
20260918,000755.SZ,5.21,4.27
20260918,000756.SZ,14.04,11.48
20260918,000757.SZ,4.69,3.83
20260918,000758.SZ,6.49,5.31
20260918,000759.SZ,7.04,5.76
20260918,000761.SZ,2.48,2.03
20260918,000762.SZ,23.83,19.49
20260918,000766.SZ,17.18,14.06
20260918,000767.SZ,3.77,3.09
20260918,000768.SZ,24.44,20.0
20260918,000776.SZ,22.02,18.02
20260918,000777.SZ,18.12,14.82
20260918,000778.SZ,3.97,3.25
20260918,000779.SZ,9.61,7.87
20260918,000782.SZ,8.62,7.06
20260918,000783.SZ,9.12,7.46
20260918,000785.SZ,2.44,2.0
20260918,000786.SZ,17.28,14.14
20260918,000788.SZ,5.85,4.79
20260918,000789.SZ,4.48,3.66
20260918,000790.SZ,4.31,3.53
20260918,000791.SZ,7.87,6.44
20260918,000792.SZ,27.49,22.49
20260918,000793.SZ,2.29,1.87
20260918,000795.SZ,8.94,7.32
20260918,000796.SZ,4.02,3.29
20260918,000797.SZ,2.79,2.29
20260918,000798.SZ,11.36,9.3
20260918,000799.SZ,40.44,33.08
20260918,000800.SZ,6.57,5.37
20260918,000801.SZ,13.44,11.0
20260918,000802.SZ,4.32,3.54
20260918,000803.SZ,7.9,6.46
20260918,000807.SZ,29.6,24.22
20260918,000809.SZ,3.92,3.2
20260918,000810.SZ,10.56,8.64
20260918,000811.SZ,42.53,34.79
20260918,000812.SZ,4.3,3.52
20260918,000813.SZ,3.53,2.89
20260918,000815.SZ,16.87,13.81
20260918,000816.SZ,3.1,2.54
20260918,000818.SZ,12.73,10.41
20260918,000819.SZ,12.98,10.62
20260918,000820.SZ,3.96,3.24
20260918,000821.SZ,8.13,6.65
20260918,000822.SZ,4.7,3.84
20260918,000823.SZ,26.64,21.8
20260918,000825.SZ,3.75,3.07
20260918,000826.SZ,2.11,1.73
20260918,000828.SZ,11.15,9.13
20260918,000829.SZ,9.77,7.99
20260918,000830.SZ,12.75,10.43
20260918,000831.SZ,58.71,48.03
20260918,000833.SZ,21.93,17.95
20260918,000837.SZ,10.53,8.61
20260918,000838.SZ,2.49,2.03
20260918,000839.SZ,3.0,2.46
20260918,000848.SZ,8.92,7.3
20260918,000850.SZ,4.54,3.72
20260918,000852.SZ,5.95,4.87
20260918,000856.SZ,9.52,7.79
20260918,000858.SZ,76.04,62.22
20260918,000859.SZ,10.42,8.52
20260918,000860.SZ,11.17,9.14
20260918,000862.SZ,6.06,4.96
20260918,000863.SZ,5.1,4.18
20260918,000868.SZ,4.47,3.65
20260918,000869.SZ,17.55,14.36
20260918,000875.SZ,5.34,4.37
20260918,000876.SZ,7.93,6.49
20260918,000877.SZ,4.03,3.29
20260918,000878.SZ,17.96,14.7
20260918,000880.SZ,27.46,22.46
20260918,000881.SZ,7.05,5.77
20260918,000882.SZ,1.67,1.37
20260918,000883.SZ,4.86,3.98
20260918,000885.SZ,12.8,10.48
20260918,000886.SZ,5.15,4.21
20260918,000887.SZ,21.19,17.33
20260918,000888.SZ,10.15,8.31
20260918,000889.SZ,4.29,3.51
20260918,000890.SZ,8.39,6.87
20260918,000892.SZ,4.99,4.09
20260918,000893.SZ,43.12,35.28
20260918,000895.SZ,25.65,20.99
20260918,000897.SZ,2.05,1.67
20260918,000898.SZ,2.23,1.83
20260918,000899.SZ,10.21,8.35
20260918,000900.SZ,3.93,3.21
20260918,000901.SZ,15.51,12.69
20260918,000902.SZ,15.25,12.47
20260918,000903.SZ,2.24,1.84
20260918,000905.SZ,9.97,8.15
20260918,000906.SZ,6.78,5.54
20260918,000908.SZ,6.7,5.48
20260918,000909.SZ,6.03,4.93
20260918,000910.SZ,5.69,4.65
20260918,000911.SZ,5.83,4.77
20260918,000912.SZ,4.51,3.69
20260918,000913.SZ,11.84,9.68
20260918,000915.SZ,26.42,21.62
20260918,000917.SZ,7.46,6.1
20260918,000919.SZ,7.12,5.82
20260918,000920.SZ,13.89,11.37
20260918,000921.SZ,30.53,24.98
20260918,000922.SZ,13.13,10.75
20260918,000923.SZ,17.74,14.52
20260918,000925.SZ,8.77,7.17
20260918,000926.SZ,2.29,1.87
20260918,000927.SZ,2.74,2.24
20260918,000928.SZ,5.96,4.88
20260918,000929.SZ,9.92,8.12
20260918,000930.SZ,5.73,4.69
20260918,000931.SZ,4.85,3.97
20260918,000932.SZ,3.88,3.18
20260918,000933.SZ,29.1,23.81
20260918,000935.SZ,22.54,18.44
20260918,000936.SZ,5.91,4.83
20260918,000937.SZ,4.9,4.01
20260918,000938.SZ,36.08,29.52
20260918,000948.SZ,14.65,11.99
20260918,000949.SZ,7.47,6.11
20260918,000950.SZ,5.69,4.65
20260918,000951.SZ,22.28,18.23
20260918,000952.SZ,7.03,5.75
20260918,000953.SZ,6.53,5.35
20260918,000955.SZ,4.57,3.74
20260918,000957.SZ,10.97,8.97
20260918,000958.SZ,5.56,4.55
20260918,000959.SZ,3.82,3.12
20260918,000960.SZ,36.33,29.73
20260918,000962.SZ,63.75,52.16
20260918,000963.SZ,28.38,23.22
20260918,000965.SZ,3.54,2.9
20260918,000966.SZ,4.44,3.64
20260918,000967.SZ,8.87,7.25
20260918,000968.SZ,7.58,6.2
20260918,000969.SZ,18.73,15.33
20260918,000970.SZ,12.3,10.06
20260918,000972.SZ,4.22,3.46
20260918,000973.SZ,13.2,10.8
20260918,000975.SZ,27.52,22.52
20260918,000977.SZ,76.79,62.83
20260918,000978.SZ,8.77,7.17
20260918,000980.SZ,2.61,2.13
20260918,000981.SZ,3.31,2.71
20260918,000983.SZ,7.17,5.87
20260918,000985.SZ,18.57,15.19
20260918,000987.SZ,7.96,6.52
20260918,000988.SZ,116.36,95.2
20260918,000989.SZ,9.46,7.74
20260918,000990.SZ,7.0,5.72
20260918,000993.SZ,19.77,16.17
20260918,000995.SZ,11.86,9.7
20260918,000997.SZ,21.56,17.64
20260918,000998.SZ,9.94,8.14
20260918,000999.SZ,26.22,21.46
20260918,001201.SZ,15.87,12.99
20260918,001202.SZ,15.73,12.87
20260918,001203.SZ,25.6,20.94
20260918,001205.SZ,15.9,13.01
20260918,001206.SZ,17.85,14.61
20260918,001207.SZ,19.78,16.18
20260918,001208.SZ,15.0,12.28
20260918,001209.SZ,21.19,17.33
20260918,001210.SZ,31.11,25.45
20260918,001211.SZ,25.88,21.18
20260918,001212.SZ,37.98,31.08
20260918,001213.SZ,3.82,3.12
20260918,001215.SZ,33.11,27.09
20260918,001216.SZ,21.87,17.89
20260918,001217.SZ,11.21,9.17
20260918,001218.SZ,26.31,21.53
20260918,001219.SZ,13.72,11.22
20260918,001220.SZ,35.09,28.71
20260918,001221.SZ,38.18,31.24
20260918,001222.SZ,16.81,13.75
20260918,001223.SZ,48.16,39.4
20260918,001225.SZ,52.6,43.04
20260918,001226.SZ,49.16,40.22
20260918,001227.SZ,2.33,1.91
20260918,001228.SZ,36.07,29.51
20260918,001229.SZ,39.99,32.72
20260918,001230.SZ,20.42,16.7
20260918,001231.SZ,23.9,19.56
20260918,001232.SZ,208.57,170.65
20260918,001233.SZ,45.58,37.3
20260918,001234.SZ,26.13,21.38
20260918,001236.SZ,8.6,7.04
20260918,001237.SZ,55.32,45.26
20260918,001238.SZ,26.31,21.53
20260918,001239.SZ,13.0,10.64
20260918,001248.SZ,12.77,10.45
20260918,001255.SZ,29.02,23.74
20260918,001256.SZ,23.66,19.36
20260918,001257.SZ,25.06,20.5
20260918,001258.SZ,12.05,9.86
20260918,001259.SZ,50.61,41.41
20260918,001260.SZ,19.75,16.16
20260918,001266.SZ,36.88,30.18
20260918,001267.SZ,40.21,32.9
20260918,001268.SZ,26.31,21.53
20260918,001269.SZ,20.32,16.62
20260918,001270.SZ,107.29,87.79
20260918,001277.SZ,32.4,26.51
20260918,001278.SZ,17.71,14.49
20260918,001279.SZ,28.64,23.44
20260918,001280.SZ,68.56,56.1
20260918,001282.SZ,17.01,13.91
20260918,001283.SZ,52.03,42.57
20260918,001285.SZ,46.15,37.76
20260918,001286.SZ,10.56,8.64
20260918,001287.SZ,26.32,21.54
20260918,001288.SZ,32.96,26.96
20260918,001289.SZ,16.36,13.38
20260918,001296.SZ,20.89,17.09
20260918,001298.SZ,18.5,15.14
20260918,001299.SZ,10.59,8.67
20260918,001300.SZ,12.74,10.42
20260918,001301.SZ,56.77,46.45
20260918,001306.SZ,58.36,47.75
20260918,001308.SZ,19.62,16.06
20260918,001309.SZ,436.62,357.24
20260918,001311.SZ,18.38,15.04
20260918,001312.SZ,19.4,15.88
20260918,001313.SZ,7.79,6.37
20260918,001314.SZ,55.84,45.68
20260918,001316.SZ,30.43,24.89
20260918,001317.SZ,54.51,44.6
20260918,001318.SZ,12.39,10.13
20260918,001319.SZ,24.05,19.67
20260918,001322.SZ,6.74,5.52
20260918,001323.SZ,18.88,15.44
20260918,001324.SZ,21.45,17.55
20260918,001325.SZ,40.05,32.77
20260918,001326.SZ,101.81,83.3
20260918,001328.SZ,32.59,26.67
20260918,001330.SZ,5.98,4.9
20260918,001331.SZ,48.02,39.29
20260918,001332.SZ,28.9,23.64
20260918,001333.SZ,20.79,17.01
20260918,001335.SZ,34.93,28.58
20260918,001336.SZ,20.59,16.85
20260918,001337.SZ,55.22,45.18
20260918,001338.SZ,9.88,8.08
20260918,001339.SZ,86.19,70.52
20260918,001356.SZ,10.01,8.19
20260918,001358.SZ,26.35,21.56
20260918,001359.SZ,97.7,79.94
20260918,001360.SZ,21.32,17.44
20260918,001365.SZ,41.26,33.76
20260918,001366.SZ,14.15,11.57
20260918,001367.SZ,22.3,18.24
20260918,001368.SZ,34.67,28.37
20260918,001369.SZ,13.34,10.92
20260918,001373.SZ,30.93,25.31
20260918,001376.SZ,12.66,10.36
20260918,001378.SZ,25.16,20.58
20260918,001379.SZ,17.03,13.93
20260918,001380.SZ,20.2,16.52
20260918,001382.SZ,17.73,14.51
20260918,001386.SZ,17.63,14.43
20260918,001387.SZ,12.52,10.24
20260918,001388.SZ,22.03,18.03
20260918,001389.SZ,184.86,151.25
20260918,001390.SZ,18.17,14.87
20260918,001391.SZ,4.36,3.56
20260918,001393.SZ,45.78,37.46
20260918,001395.SZ,31.47,25.75
20260918,001396.SZ,35.09,28.71
20260918,001399.SZ,23.17,18.95
20260918,001400.SZ,83.7,68.48
20260918,001696.SZ,16.78,13.73
20260918,001872.SZ,25.5,20.86
20260918,001896.SZ,13.17,10.77
20260918,001914.SZ,9.6,7.86
20260918,001965.SZ,11.19,9.15
20260918,001979.SZ,7.34,6.0
20260918,002001.SZ,29.05,23.77
20260918,002003.SZ,12.49,10.22
20260918,002004.SZ,4.83,3.95
20260918,002005.SZ,2.66,2.18
20260918,002006.SZ,14.43,11.81
20260918,002007.SZ,14.03,11.48
20260918,002008.SZ,104.29,85.33
20260918,002009.SZ,17.07,13.97
20260918,002010.SZ,4.97,4.07
20260918,002011.SZ,15.35,12.56
20260918,002012.SZ,7.98,6.53
20260918,002014.SZ,12.08,9.88
20260918,002015.SZ,17.7,14.48
20260918,002016.SZ,4.98,4.08
20260918,002017.SZ,15.51,12.69
20260918,002019.SZ,10.21,8.35
20260918,002020.SZ,12.45,10.19
20260918,002021.SZ,2.93,2.39
20260918,002022.SZ,6.18,5.06
20260918,002023.SZ,10.38,8.5
20260918,002024.SZ,1.27,1.04
20260918,002025.SZ,80.48,65.84
20260918,002026.SZ,12.61,10.31
20260918,002027.SZ,5.13,4.19
20260918,002028.SZ,147.86,120.98
20260918,002029.SZ,9.0,7.36
20260918,002030.SZ,5.8,4.74
20260918,002031.SZ,5.63,4.61
20260918,002032.SZ,43.99,35.99
20260918,002033.SZ,9.2,7.52
20260918,002034.SZ,15.7,12.84
20260918,002035.SZ,4.98,4.08
20260918,002036.SZ,7.18,5.88
20260918,002037.SZ,7.49,6.13
20260918,002038.SZ,6.16,5.04
20260918,002039.SZ,21.4,17.51
20260918,002040.SZ,10.22,8.36
20260918,002041.SZ,11.45,9.37
20260918,002042.SZ,4.18,3.42
20260918,002043.SZ,11.87,9.71
20260918,002044.SZ,4.76,3.9
20260918,002045.SZ,10.07,8.24
20260918,002046.SZ,70.25,57.47
20260918,002047.SZ,3.71,3.03
20260918,002048.SZ,19.93,16.31
20260918,002049.SZ,65.73,53.78
20260918,002050.SZ,38.1,31.18
20260918,002051.SZ,9.67,7.91
20260918,002052.SZ,9.28,7.6
20260918,002053.SZ,10.56,8.64
20260918,002054.SZ,7.79,6.37
20260918,002055.SZ,7.23,5.91
20260918,002056.SZ,21.49,17.59
20260918,002057.SZ,9.59,7.85
20260918,002058.SZ,18.48,15.12
20260918,002059.SZ,4.92,4.02
20260918,002060.SZ,3.38,2.76
20260918,002061.SZ,3.69,3.02
20260918,002062.SZ,10.38,8.5
20260918,002063.SZ,5.85,4.79
20260918,002064.SZ,10.85,8.87
20260918,002065.SZ,7.23,5.91
20260918,002066.SZ,21.99,17.99
20260918,002067.SZ,4.43,3.63
20260918,002068.SZ,11.04,9.04
20260918,002069.SZ,4.05,3.31
20260918,002072.SZ,7.59,6.21
20260918,002073.SZ,6.28,5.14
20260918,002074.SZ,28.44,23.27
20260918,002075.SZ,3.89,3.19
20260918,002076.SZ,2.35,1.93
20260918,002077.SZ,15.2,12.44
20260918,002078.SZ,15.7,12.84
20260918,002079.SZ,9.89,8.09
20260918,002080.SZ,64.56,52.82
20260918,002081.SZ,5.28,4.32
20260918,002082.SZ,10.53,8.61
20260918,002083.SZ,10.77,8.81
20260918,002084.SZ,5.94,4.86
20260918,002085.SZ,10.49,8.59
20260918,002086.SZ,2.2,1.8
20260918,002088.SZ,8.71,7.13
20260918,002090.SZ,9.97,8.15
20260918,002091.SZ,8.44,6.9
20260918,002092.SZ,4.84,3.96
20260918,002093.SZ,8.2,6.71
20260918,002094.SZ,5.56,4.55
20260918,002095.SZ,18.24,14.92
20260918,002096.SZ,10.0,8.18
20260918,002097.SZ,7.78,6.36
20260918,002098.SZ,8.68,7.1
20260918,002099.SZ,5.94,4.86
20260918,002100.SZ,8.34,6.82
20260918,002101.SZ,9.53,7.79
20260918,002102.SZ,2.99,2.45
20260918,002103.SZ,7.07,5.79
20260918,002104.SZ,12.13,9.93
20260918,002105.SZ,6.59,5.39
20260918,002106.SZ,13.35,10.93
20260918,002107.SZ,7.36,6.02
20260918,002108.SZ,4.77,3.91
20260918,002109.SZ,3.06,2.5
20260918,002110.SZ,3.2,2.62
20260918,002111.SZ,10.48,8.58
20260918,002112.SZ,15.84,12.96
20260918,002114.SZ,7.93,6.49
20260918,002115.SZ,10.97,8.97
20260918,002116.SZ,7.83,6.41
20260918,002117.SZ,8.45,6.91
20260918,002119.SZ,26.66,21.82
20260918,002120.SZ,7.52,6.16
20260918,002121.SZ,5.25,4.29
20260918,002122.SZ,3.03,2.48
20260918,002123.SZ,8.32,6.8
20260918,002124.SZ,2.46,2.02
20260918,002125.SZ,13.11,10.73
20260918,002126.SZ,42.3,34.61
20260918,002127.SZ,3.36,2.75
20260918,002128.SZ,30.55,24.99
20260918,002129.SZ,9.48,7.76
20260918,002130.SZ,18.44,15.08
20260918,002131.SZ,4.88,4.0
20260918,002132.SZ,4.65,3.81
20260918,002133.SZ,3.05,2.49
20260918,002134.SZ,27.1,22.18
20260918,002135.SZ,6.73,5.51
20260918,002136.SZ,12.97,10.61
20260918,002137.SZ,9.41,7.7
20260918,002138.SZ,54.92,44.94
20260918,002139.SZ,10.65,8.71
20260918,002140.SZ,9.98,8.16
20260918,002141.SZ,7.16,5.86
20260918,002142.SZ,38.05,31.13
20260918,002144.SZ,11.54,9.44
20260918,002145.SZ,5.04,4.12
20260918,002146.SZ,1.27,1.04
20260918,002148.SZ,6.85,5.61
20260918,002149.SZ,36.42,29.8
20260918,002150.SZ,22.51,18.41
20260918,002151.SZ,30.82,25.22
20260918,002152.SZ,10.12,8.28
20260918,002153.SZ,8.28,6.78
20260918,002154.SZ,4.22,3.46
20260918,002155.SZ,28.04,22.94
20260918,002156.SZ,64.14,52.48
20260918,002157.SZ,3.32,2.72
20260918,002158.SZ,29.77,24.35
20260918,002159.SZ,14.49,11.85
20260918,002160.SZ,4.32,3.54
20260918,002161.SZ,7.25,5.93
20260918,002162.SZ,4.37,3.57
20260918,002163.SZ,8.65,7.07
20260918,002164.SZ,11.1,9.08
20260918,002165.SZ,7.71,6.31
20260918,002166.SZ,7.32,5.99
20260918,002167.SZ,17.39,14.23
20260918,002168.SZ,4.04,3.3
20260918,002169.SZ,14.53,11.89
20260918,002170.SZ,11.99,9.81
20260918,002171.SZ,11.54,9.44
20260918,002172.SZ,5.53,4.53
20260918,002173.SZ,19.28,15.78
20260918,002174.SZ,15.6,12.76
20260918,002175.SZ,2.75,2.25
20260918,002176.SZ,9.38,7.68
20260918,002177.SZ,6.17,5.05
20260918,002178.SZ,5.09,4.17
20260918,002179.SZ,38.26,31.3
20260918,002180.SZ,17.64,14.44
20260918,002181.SZ,10.55,8.63
20260918,002182.SZ,12.49,10.22
20260918,002183.SZ,4.75,3.89
20260918,002184.SZ,10.65,8.71
20260918,002185.SZ,18.03,14.75
20260918,002186.SZ,10.16,8.32
20260918,002187.SZ,6.05,4.95
20260918,002188.SZ,5.94,4.86
20260918,002189.SZ,20.89,17.09
20260918,002190.SZ,26.65,21.81
20260918,002191.SZ,4.03,3.29
20260918,002192.SZ,67.03,54.85
20260918,002193.SZ,5.19,4.25
20260918,002194.SZ,11.86,9.7
20260918,002195.SZ,6.67,5.45
20260918,002196.SZ,11.01,9.01
20260918,002197.SZ,7.16,5.86
20260918,002198.SZ,4.07,3.33
20260918,002199.SZ,13.53,11.07
20260918,002200.SZ,7.21,5.9
20260918,002201.SZ,11.44,9.36
20260918,002202.SZ,20.04,16.4
20260918,002203.SZ,20.28,16.6
20260918,002204.SZ,6.05,4.95
20260918,002205.SZ,11.69,9.57
20260918,002206.SZ,5.45,4.46
20260918,002207.SZ,6.19,5.07
20260918,002208.SZ,10.54,8.62
20260918,002209.SZ,14.14,11.57
20260918,002210.SZ,2.37,1.94
20260918,002211.SZ,4.18,3.42
20260918,002212.SZ,7.85,6.43
20260918,002213.SZ,31.32,25.62
20260918,002214.SZ,19.26,15.76
20260918,002215.SZ,10.66,8.72
20260918,002216.SZ,12.58,10.3
20260918,002217.SZ,1.76,1.44
20260918,002218.SZ,4.72,3.86
20260918,002219.SZ,2.32,1.9
20260918,002221.SZ,6.08,4.98
20260918,002222.SZ,75.57,61.83
20260918,002223.SZ,28.72,23.5
20260918,002224.SZ,4.15,3.39
20260918,002225.SZ,3.88,3.18
20260918,002226.SZ,5.56,4.55
20260918,002227.SZ,6.95,5.69
20260918,002228.SZ,3.5,2.86
20260918,002229.SZ,12.06,9.86
20260918,002230.SZ,42.17,34.51
20260918,002232.SZ,17.19,14.07
20260918,002233.SZ,7.81,6.39
20260918,002234.SZ,8.68,7.1
20260918,002235.SZ,8.81,7.21
20260918,002236.SZ,17.26,14.12
20260918,002237.SZ,15.05,12.31
20260918,002238.SZ,6.91,5.65
20260918,002239.SZ,2.79,2.29
20260918,002240.SZ,29.87,24.44
20260918,002241.SZ,24.51,20.05
20260918,002242.SZ,10.51,8.6
20260918,002243.SZ,7.76,6.35
20260918,002244.SZ,8.56,7.0
20260918,002245.SZ,19.75,16.16
20260918,002246.SZ,25.66,21.0
20260918,002247.SZ,2.67,2.19
20260918,002248.SZ,10.68,8.74
20260918,002249.SZ,6.94,5.68
20260918,002250.SZ,15.46,12.65
20260918,002251.SZ,3.82,3.12
20260918,002252.SZ,5.39,4.41
20260918,002253.SZ,10.78,8.82
20260918,002254.SZ,13.68,11.2
20260918,002255.SZ,8.26,6.76
20260918,002256.SZ,3.52,2.88
20260918,002258.SZ,16.57,13.55
20260918,002259.SZ,4.54,3.72
20260918,002261.SZ,27.61,22.59
20260918,002262.SZ,23.9,19.56
20260918,002263.SZ,3.55,2.91
20260918,002264.SZ,7.89,6.45
20260918,002265.SZ,22.22,18.18
20260918,002266.SZ,5.41,4.43
20260918,002267.SZ,7.81,6.39
20260918,002268.SZ,16.17,13.23
20260918,002269.SZ,1.55,1.27
20260918,002270.SZ,19.88,16.26
20260918,002271.SZ,11.12,9.1
20260918,002272.SZ,17.91,14.65
20260918,002273.SZ,27.03,22.11
20260918,002274.SZ,6.47,5.29
20260918,002275.SZ,13.32,10.9
20260918,002276.SZ,10.98,8.98
20260918,002277.SZ,6.03,4.93
20260918,002278.SZ,8.6,7.04
20260918,002279.SZ,7.4,6.06
20260918,002281.SZ,210.34,172.1
20260918,002282.SZ,6.59,5.39
20260918,002283.SZ,9.01,7.37
20260918,002284.SZ,10.66,8.72
20260918,002285.SZ,2.89,2.37
20260918,002286.SZ,8.48,6.94
20260918,002287.SZ,21.2,17.34
20260918,002289.SZ,40.0,32.72
20260918,002290.SZ,70.95,58.05
20260918,002291.SZ,6.07,4.97
20260918,002292.SZ,9.49,7.77
20260918,002293.SZ,11.96,9.78
20260918,002294.SZ,33.21,27.17
20260918,002295.SZ,10.69,8.75
20260918,002296.SZ,10.0,8.18
20260918,002297.SZ,23.97,19.61
20260918,002298.SZ,9.0,7.36
20260918,002299.SZ,17.26,14.12
20260918,002300.SZ,8.67,7.09
20260918,002301.SZ,8.47,6.93
20260918,002302.SZ,5.09,4.17
20260918,002303.SZ,6.12,5.0
20260918,002304.SZ,41.75,34.16
20260918,002305.SZ,2.21,1.81
20260918,002306.SZ,2.39,1.95
20260918,002307.SZ,3.26,2.66
20260918,002309.SZ,3.2,2.62
20260918,002310.SZ,2.53,2.07
20260918,002311.SZ,46.37,37.94
20260918,002312.SZ,9.35,7.65
20260918,002313.SZ,9.06,7.42
20260918,002314.SZ,2.42,1.98
20260918,002315.SZ,26.58,21.74
20260918,002316.SZ,4.82,3.94
20260918,002317.SZ,27.1,22.18
20260918,002318.SZ,19.7,16.12
20260918,002319.SZ,10.99,8.99
20260918,002320.SZ,7.34,6.0
20260918,002321.SZ,2.4,1.96
20260918,002322.SZ,13.02,10.66
20260918,002323.SZ,1.38,1.13
20260918,002324.SZ,10.03,8.21
20260918,002326.SZ,18.92,15.48
20260918,002327.SZ,6.7,5.48
20260918,002328.SZ,8.86,7.25
20260918,002329.SZ,4.02,3.29
20260918,002330.SZ,4.47,3.65
20260918,002331.SZ,7.35,6.01
20260918,002332.SZ,9.39,7.69
20260918,002333.SZ,5.82,4.76
20260918,002334.SZ,7.21,5.9
20260918,002335.SZ,32.01,26.19
20260918,002337.SZ,5.14,4.2
20260918,002338.SZ,45.51,37.23
20260918,002339.SZ,9.05,7.41
20260918,002340.SZ,6.79,5.55
20260918,002342.SZ,8.53,6.98
20260918,002343.SZ,6.19,5.07
20260918,002344.SZ,4.39,3.59
20260918,002345.SZ,9.72,7.96
20260918,002346.SZ,20.33,16.63
20260918,002347.SZ,6.47,5.29
20260918,002348.SZ,11.59,9.49
20260918,002349.SZ,8.83,7.23
20260918,002350.SZ,16.16,13.22
20260918,002351.SZ,10.82,8.86
20260918,002352.SZ,33.83,27.68
20260918,002353.SZ,133.54,109.26
20260918,002354.SZ,8.37,6.85
20260918,002355.SZ,5.24,4.28
20260918,002356.SZ,2.99,2.45
20260918,002357.SZ,13.1,10.72
20260918,002358.SZ,5.79,4.73
20260918,002360.SZ,6.41,5.25
20260918,002361.SZ,11.06,9.05
20260918,002362.SZ,18.26,14.94
20260918,002363.SZ,7.47,6.11
20260918,002364.SZ,39.09,31.99
20260918,002365.SZ,15.18,12.42
20260918,002366.SZ,6.18,5.06
20260918,002367.SZ,6.15,5.03
20260918,002368.SZ,14.53,11.89
20260918,002369.SZ,6.25,5.11
20260918,002370.SZ,5.7,4.66
20260918,002371.SZ,732.05,598.95
20260918,002372.SZ,8.84,7.24
20260918,002373.SZ,8.1,6.62
20260918,002374.SZ,3.36,2.75
20260918,002375.SZ,4.16,3.4
20260918,002376.SZ,7.17,5.87
20260918,002377.SZ,3.48,2.84
20260918,002378.SZ,25.91,21.2
20260918,002379.SZ,18.87,15.44
20260918,002380.SZ,28.96,23.7
20260918,002381.SZ,6.04,4.94
20260918,002382.SZ,6.46,5.28
20260918,002383.SZ,8.65,7.07
20260918,002384.SZ,212.88,174.18
20260918,002385.SZ,3.52,2.88
20260918,002386.SZ,6.4,5.24
20260918,002387.SZ,7.57,6.19
20260918,002388.SZ,7.73,6.33
20260918,002389.SZ,20.52,16.79
20260918,002390.SZ,3.23,2.65
20260918,002391.SZ,5.75,4.71
20260918,002392.SZ,8.38,6.86
20260918,002393.SZ,14.8,12.11
20260918,002394.SZ,11.55,9.45
20260918,002395.SZ,13.62,11.14
20260918,002396.SZ,42.02,34.38
20260918,002397.SZ,4.09,3.35
20260918,002398.SZ,4.61,3.77
20260918,002399.SZ,10.43,8.53
20260918,002400.SZ,7.19,5.89
20260918,002401.SZ,13.3,10.88
20260918,002402.SZ,20.27,16.59
20260918,002403.SZ,10.6,8.68
20260918,002404.SZ,6.31,5.17
20260918,002405.SZ,6.52,5.34
20260918,002406.SZ,7.18,5.88
20260918,002407.SZ,35.85,29.33
20260918,002408.SZ,5.94,4.86
20260918,002409.SZ,148.16,121.22
20260918,002410.SZ,9.27,7.59
20260918,002412.SZ,9.75,7.97
20260918,002413.SZ,8.94,7.32
20260918,002414.SZ,13.38,10.94
20260918,002415.SZ,35.7,29.21
20260918,002416.SZ,9.91,8.11
20260918,002418.SZ,5.09,4.17
20260918,002419.SZ,5.05,4.13
20260918,002420.SZ,6.63,5.43
20260918,002421.SZ,3.45,2.83
20260918,002422.SZ,44.02,36.02
20260918,002423.SZ,10.08,8.24
20260918,002424.SZ,4.91,4.01
20260918,002425.SZ,3.41,2.79
20260918,002426.SZ,2.86,2.34
20260918,002427.SZ,5.05,4.13
20260918,002428.SZ,102.23,83.65
20260918,002429.SZ,8.84,7.24
20260918,002430.SZ,27.8,22.74
20260918,002431.SZ,1.47,1.21
20260918,002432.SZ,66.45,54.37
20260918,002434.SZ,6.23,5.09
20260918,002436.SZ,45.32,37.08
20260918,002437.SZ,3.77,3.09
20260918,002438.SZ,14.55,11.91
20260918,002439.SZ,14.95,12.23
20260918,002440.SZ,12.76,10.44
20260918,002441.SZ,8.9,7.28
20260918,002442.SZ,6.31,5.17
20260918,002443.SZ,13.7,11.21
20260918,002444.SZ,29.74,24.34
20260918,002445.SZ,3.45,2.83
20260918,002446.SZ,8.89,7.27
20260918,002448.SZ,12.3,10.06
20260918,002449.SZ,7.14,5.84
20260918,002451.SZ,8.23,6.73
20260918,002452.SZ,13.18,10.78
20260918,002453.SZ,5.34,4.37
20260918,002454.SZ,5.53,4.53
20260918,002455.SZ,7.78,6.36
20260918,002456.SZ,7.7,6.3
20260918,002457.SZ,12.52,10.24
20260918,002458.SZ,9.21,7.53
20260918,002459.SZ,7.24,5.92
20260918,002460.SZ,50.5,41.32
20260918,002461.SZ,9.13,7.47
20260918,002462.SZ,13.45,11.01
20260918,002463.SZ,135.83,111.13
20260918,002465.SZ,11.04,9.04
20260918,002466.SZ,47.01,38.47
20260918,002467.SZ,5.02,4.1
20260918,002468.SZ,16.73,13.69
20260918,002469.SZ,6.59,5.39
20260918,002470.SZ,2.31,1.89
20260918,002471.SZ,5.96,4.88
20260918,002472.SZ,39.93,32.67
20260918,002474.SZ,6.92,5.66
20260918,002475.SZ,57.34,46.92
20260918,002476.SZ,5.43,4.45
20260918,002478.SZ,7.15,5.85
20260918,002479.SZ,6.4,5.24
20260918,002480.SZ,5.72,4.68
20260918,002481.SZ,4.65,3.81
20260918,002482.SZ,1.45,1.19
20260918,002483.SZ,6.62,5.42
20260918,002484.SZ,66.07,54.05
20260918,002485.SZ,6.38,5.22
20260918,002486.SZ,3.05,2.49
20260918,002487.SZ,45.33,37.09
20260918,002488.SZ,8.42,6.89
20260918,002489.SZ,3.34,2.74
20260918,002490.SZ,7.85,6.43
20260918,002491.SZ,26.04,21.3
20260918,002492.SZ,6.56,5.36
20260918,002493.SZ,14.22,11.64
20260918,002494.SZ,5.05,4.13
20260918,002495.SZ,2.65,2.17
20260918,002496.SZ,2.38,1.94
20260918,002497.SZ,18.25,14.93
20260918,002498.SZ,7.01,5.73
20260918,002500.SZ,5.71,4.67
20260918,002501.SZ,1.42,1.16
20260918,002506.SZ,2.66,2.18
20260918,002507.SZ,12.19,9.97
20260918,002508.SZ,17.72,14.5
20260918,002510.SZ,6.53,5.35
20260918,002511.SZ,7.62,6.24
20260918,002512.SZ,4.27,3.49
20260918,002513.SZ,5.82,4.76
20260918,002514.SZ,2.89,2.37
20260918,002515.SZ,8.22,6.72
20260918,002516.SZ,6.31,5.17
20260918,002517.SZ,18.19,14.89
20260918,002518.SZ,41.59,34.03
20260918,002519.SZ,6.58,5.38
20260918,002520.SZ,6.79,5.55
20260918,002521.SZ,7.02,5.74
20260918,002522.SZ,6.52,5.34
20260918,002523.SZ,3.76,3.08
20260918,002524.SZ,4.35,3.56
20260918,002526.SZ,2.9,2.38
20260918,002527.SZ,11.64,9.52
20260918,002528.SZ,7.9,6.46
20260918,002529.SZ,7.29,5.97
20260918,002530.SZ,7.85,6.43
20260918,002531.SZ,8.99,7.35
20260918,002532.SZ,14.0,11.46
20260918,002533.SZ,11.97,9.79
20260918,002534.SZ,17.37,14.21
20260918,002535.SZ,2.66,2.18
20260918,002536.SZ,58.69,48.02
20260918,002537.SZ,6.33,5.18
20260918,002538.SZ,7.37,6.03
20260918,002539.SZ,13.46,11.02
20260918,002540.SZ,5.49,4.49
20260918,002541.SZ,20.23,16.55
20260918,002542.SZ,1.85,1.51
20260918,002543.SZ,7.81,6.39
20260918,002544.SZ,17.33,14.18
20260918,002545.SZ,17.41,14.25
20260918,002546.SZ,8.25,6.75
20260918,002547.SZ,2.72,2.22
20260918,002548.SZ,4.38,3.58
20260918,002549.SZ,14.72,12.04
20260918,002550.SZ,7.01,5.73
20260918,002551.SZ,3.62,2.96
20260918,002552.SZ,59.61,48.77
20260918,002553.SZ,17.17,14.05
20260918,002554.SZ,3.04,2.48
20260918,002555.SZ,19.15,15.67
20260918,002556.SZ,5.7,4.66
20260918,002557.SZ,19.75,16.16
20260918,002558.SZ,27.29,22.33
20260918,002559.SZ,9.99,8.17
20260918,002560.SZ,7.88,6.44
20260918,002561.SZ,7.93,6.49
20260918,002562.SZ,5.3,4.34
20260918,002563.SZ,5.93,4.85
20260918,002564.SZ,5.31,4.35
20260918,002565.SZ,9.43,7.71
20260918,002566.SZ,7.72,6.32
20260918,002567.SZ,4.15,3.39
20260918,002568.SZ,19.55,15.99
20260918,002569.SZ,12.14,9.94
20260918,002570.SZ,4.83,3.95
20260918,002571.SZ,11.97,9.79
20260918,002572.SZ,8.02,6.56
20260918,002573.SZ,3.4,2.78
20260918,002574.SZ,5.53,4.53
20260918,002575.SZ,5.64,4.62
20260918,002576.SZ,15.54,12.72
20260918,002577.SZ,22.91,18.75
20260918,002578.SZ,4.38,3.58
20260918,002579.SZ,22.53,18.43
20260918,002580.SZ,20.92,17.12
20260918,002581.SZ,5.61,4.59
20260918,002582.SZ,10.52,8.6
20260918,002583.SZ,9.05,7.41
20260918,002584.SZ,10.47,8.57
20260918,002585.SZ,12.86,10.52
20260918,002586.SZ,4.08,3.34
20260918,002587.SZ,5.75,4.71
20260918,002588.SZ,8.45,6.91
20260918,002589.SZ,3.27,2.67
20260918,002590.SZ,10.82,8.86
20260918,002591.SZ,6.86,5.62
20260918,002592.SZ,6.97,5.71
20260918,002593.SZ,5.09,4.17
20260918,002594.SZ,93.47,76.47
20260918,002595.SZ,42.65,34.89
20260918,002596.SZ,3.69,3.02
20260918,002597.SZ,23.51,19.23
20260918,002598.SZ,7.52,6.16
20260918,002599.SZ,6.06,4.96
20260918,002600.SZ,13.72,11.22
20260918,002601.SZ,16.54,13.54
20260918,002602.SZ,15.99,13.09
20260918,002603.SZ,16.63,13.61
20260918,002605.SZ,18.3,14.98
20260918,002606.SZ,13.65,11.17
20260918,002607.SZ,2.1,1.72
20260918,002608.SZ,8.01,6.55
20260918,002609.SZ,8.39,6.87
20260918,002611.SZ,15.3,12.52
20260918,002612.SZ,17.67,14.45
20260918,002613.SZ,4.07,3.33
20260918,002614.SZ,6.13,5.01
20260918,002615.SZ,6.75,5.53
20260918,002616.SZ,5.3,4.34
20260918,002617.SZ,7.59,6.21
20260918,002620.SZ,6.19,5.07
20260918,002622.SZ,2.78,2.28
20260918,002623.SZ,18.52,15.16
20260918,002624.SZ,10.88,8.9
20260918,002625.SZ,30.88,25.26
20260918,002626.SZ,17.91,14.65
20260918,002627.SZ,7.37,6.03
20260918,002628.SZ,5.59,4.57
20260918,002629.SZ,4.74,3.88
20260918,002630.SZ,1.82,1.49
20260918,002631.SZ,13.23,10.83
20260918,002632.SZ,9.98,8.16
20260918,002633.SZ,15.42,12.62
20260918,002634.SZ,4.42,3.62
20260918,002635.SZ,16.35,13.37
20260918,002636.SZ,87.34,71.46
20260918,002637.SZ,12.51,10.23
20260918,002638.SZ,4.65,3.81
20260918,002639.SZ,15.37,12.57
20260918,002640.SZ,4.15,3.39
20260918,002641.SZ,4.16,3.4
20260918,002642.SZ,7.62,6.24
20260918,002643.SZ,14.52,11.88
20260918,002644.SZ,9.11,7.45
20260918,002645.SZ,19.65,16.07
20260918,002646.SZ,7.47,6.11
20260918,002647.SZ,11.92,9.76
20260918,002648.SZ,28.97,23.71
20260918,002649.SZ,10.09,8.25
20260918,002650.SZ,7.01,5.73
20260918,002651.SZ,9.11,7.45
20260918,002652.SZ,5.07,4.15
20260918,002653.SZ,68.62,56.14
20260918,002654.SZ,15.28,12.5
20260918,002655.SZ,44.85,36.69
20260918,002656.SZ,3.07,2.51
20260918,002657.SZ,16.27,13.31
20260918,002658.SZ,8.07,6.61
20260918,002659.SZ,4.95,4.05
20260918,002660.SZ,8.62,7.06
20260918,002661.SZ,8.39,6.87
20260918,002662.SZ,3.55,2.91
20260918,002663.SZ,1.9,1.56
20260918,002664.SZ,16.05,13.13
20260918,002666.SZ,4.6,3.76
20260918,002667.SZ,21.2,17.34
20260918,002668.SZ,10.01,8.19
20260918,002669.SZ,15.2,12.44
20260918,002670.SZ,12.66,10.36
20260918,002671.SZ,4.37,3.57
20260918,002672.SZ,4.04,3.3
20260918,002673.SZ,7.4,6.06
20260918,002674.SZ,21.22,17.36
20260918,002675.SZ,13.84,11.32
20260918,002676.SZ,5.79,4.73
20260918,002677.SZ,6.85,5.61
20260918,002678.SZ,4.83,3.95
20260918,002679.SZ,11.78,9.64
20260918,002681.SZ,5.03,4.11
20260918,002682.SZ,5.59,4.57
20260918,002683.SZ,30.25,24.75
20260918,002685.SZ,5.84,4.78
20260918,002686.SZ,6.85,5.61
20260918,002687.SZ,6.92,5.66
20260918,002688.SZ,5.69,4.65
20260918,002689.SZ,3.2,2.62
20260918,002690.SZ,17.11,14.0
20260918,002691.SZ,4.69,3.83
20260918,002692.SZ,4.74,3.88
20260918,002693.SZ,9.8,8.02
20260918,002694.SZ,2.68,2.2
20260918,002695.SZ,11.73,9.59
20260918,002696.SZ,7.19,5.89
20260918,002697.SZ,5.02,4.1
20260918,002698.SZ,12.5,10.22
20260918,002700.SZ,6.97,5.71
20260918,002701.SZ,4.82,3.94
20260918,002702.SZ,5.94,4.86
20260918,002703.SZ,17.14,14.02
20260918,002705.SZ,12.54,10.26
20260918,002706.SZ,9.33,7.63
20260918,002707.SZ,5.5,4.5
20260918,002708.SZ,18.99,15.53
20260918,002709.SZ,36.17,29.59
20260918,002712.SZ,5.53,4.53
20260918,002713.SZ,10.92,8.94
20260918,002714.SZ,45.41,37.15
20260918,002715.SZ,14.41,11.79
20260918,002716.SZ,10.49,8.59
20260918,002717.SZ,1.02,0.84
20260918,002718.SZ,93.46,76.46
20260918,002719.SZ,7.06,5.78
20260918,002721.SZ,2.95,2.41
20260918,002722.SZ,14.26,11.66
20260918,002723.SZ,8.36,6.84
20260918,002724.SZ,7.51,6.15
20260918,002725.SZ,12.1,9.9
20260918,002726.SZ,2.62,2.14
20260918,002727.SZ,11.8,9.66
20260918,002728.SZ,10.21,8.35
20260918,002729.SZ,15.07,12.33
20260918,002730.SZ,26.91,22.01
20260918,002731.SZ,0.85,0.69
20260918,002732.SZ,15.02,12.29
20260918,002733.SZ,19.58,16.02
20260918,002734.SZ,20.17,16.51
20260918,002735.SZ,13.27,10.85
20260918,002736.SZ,10.73,8.78
20260918,002737.SZ,12.34,10.1
20260918,002738.SZ,48.72,39.86
20260918,002739.SZ,9.32,7.62
20260918,002741.SZ,27.54,22.54
20260918,002742.SZ,4.47,3.65
20260918,002743.SZ,5.83,4.77
20260918,002745.SZ,13.53,11.07
20260918,002746.SZ,7.1,5.81
20260918,002747.SZ,32.53,26.61
20260918,002748.SZ,13.22,10.82
20260918,002749.SZ,9.24,7.56
20260918,002752.SZ,6.85,5.61
20260918,002753.SZ,7.34,6.0
20260918,002755.SZ,12.42,10.16
20260918,002756.SZ,44.94,36.77
20260918,002757.SZ,19.29,15.79
20260918,002758.SZ,9.48,7.76
20260918,002759.SZ,15.53,12.71
20260918,002760.SZ,18.8,15.38
20260918,002761.SZ,7.84,6.42
20260918,002762.SZ,11.28,9.23
20260918,002763.SZ,7.9,6.46
20260918,002765.SZ,7.51,6.15
20260918,002766.SZ,4.5,3.68
20260918,002767.SZ,19.39,15.87
20260918,002768.SZ,71.74,58.7
20260918,002769.SZ,7.32,5.99
20260918,002771.SZ,14.99,12.27
20260918,002772.SZ,11.98,9.8
20260918,002773.SZ,21.19,17.33
20260918,002774.SZ,18.8,15.38
20260918,002775.SZ,3.61,2.95
20260918,002777.SZ,13.57,11.11
20260918,002778.SZ,16.64,13.62
20260918,002779.SZ,89.14,72.94
20260918,002780.SZ,14.67,12.01
20260918,002782.SZ,16.36,13.38
20260918,002783.SZ,8.53,6.98
20260918,002785.SZ,40.6,33.22
20260918,002786.SZ,8.26,6.76
20260918,002787.SZ,27.74,22.7
20260918,002788.SZ,11.63,9.51
20260918,002789.SZ,15.24,12.47
20260918,002790.SZ,7.12,5.82
20260918,002791.SZ,15.54,12.72
20260918,002792.SZ,34.3,28.06
20260918,002793.SZ,4.97,4.07
20260918,002795.SZ,7.96,6.52
20260918,002796.SZ,35.79,29.29
20260918,002797.SZ,6.91,5.65
20260918,002798.SZ,7.29,5.97
20260918,002799.SZ,7.36,6.02
20260918,002800.SZ,16.21,13.27
20260918,002801.SZ,28.86,23.62
20260918,002802.SZ,13.15,10.76
20260918,002803.SZ,21.6,17.68
20260918,002805.SZ,18.47,15.11
20260918,002806.SZ,16.3,13.34
20260918,002807.SZ,4.61,3.77
20260918,002809.SZ,9.02,7.38
20260918,002810.SZ,22.72,18.59
20260918,002811.SZ,16.59,13.57
20260918,002812.SZ,52.69,43.11
20260918,002813.SZ,23.74,19.42
20260918,002815.SZ,26.15,21.39
20260918,002816.SZ,24.5,20.04
20260918,002817.SZ,7.18,5.88
20260918,002818.SZ,12.4,10.14
20260918,002819.SZ,23.22,19.0
20260918,002820.SZ,10.54,8.62
20260918,002821.SZ,204.85,167.61
20260918,002822.SZ,3.29,2.69
20260918,002823.SZ,13.77,11.27
20260918,002824.SZ,32.65,26.71
20260918,002825.SZ,10.41,8.51
20260918,002826.SZ,18.71,15.31
20260918,002827.SZ,74.67,61.09
20260918,002828.SZ,11.67,9.55
20260918,002829.SZ,21.95,17.96
20260918,002830.SZ,15.9,13.01
20260918,002831.SZ,30.75,25.16
20260918,002832.SZ,27.9,22.82
20260918,002833.SZ,19.6,16.04
20260918,002835.SZ,14.12,11.56
20260918,002836.SZ,11.92,9.76
20260918,002837.SZ,67.93,55.58
20260918,002838.SZ,27.51,22.51
20260918,002839.SZ,4.76,3.9
20260918,002840.SZ,8.88,7.26
20260918,002841.SZ,51.65,42.26
20260918,002842.SZ,38.47,31.47
20260918,002843.SZ,17.92,14.66
20260918,002845.SZ,15.29,12.51
20260918,002846.SZ,13.17,10.77
20260918,002847.SZ,46.22,37.82
20260918,002848.SZ,16.59,13.57
20260918,002849.SZ,20.32,16.62
20260918,002850.SZ,185.2,151.52
20260918,002851.SZ,133.31,109.07
20260918,002852.SZ,9.0,7.36
20260918,002853.SZ,23.74,19.42
20260918,002855.SZ,13.68,11.2
20260918,002856.SZ,26.29,21.51
20260918,002857.SZ,19.05,15.59
20260918,002858.SZ,12.57,10.29
20260918,002859.SZ,73.59,60.21
20260918,002860.SZ,18.43,15.08
20260918,002861.SZ,16.15,13.21
20260918,002862.SZ,16.96,13.88
20260918,002863.SZ,5.2,4.26
20260918,002864.SZ,22.51,18.41
20260918,002865.SZ,40.84,33.42
20260918,002866.SZ,15.85,12.97
20260918,002867.SZ,11.24,9.2
20260918,002868.SZ,25.1,20.54
20260918,002869.SZ,16.87,13.81
20260918,002870.SZ,55.83,45.68
20260918,002871.SZ,19.14,15.66
20260918,002872.SZ,6.53,5.35
20260918,002873.SZ,8.91,7.29
20260918,002875.SZ,13.88,11.36
20260918,002876.SZ,34.74,28.42
20260918,002877.SZ,8.23,6.73
20260918,002878.SZ,13.94,11.4
20260918,002879.SZ,17.83,14.59
20260918,002880.SZ,22.78,18.64
20260918,002881.SZ,47.1,38.54
20260918,002882.SZ,25.33,20.73
20260918,002883.SZ,9.91,8.11
20260918,002884.SZ,17.04,13.94
20260918,002885.SZ,30.31,24.8
20260918,002886.SZ,28.79,23.55
20260918,002887.SZ,9.89,8.09
20260918,002888.SZ,20.78,17.0
20260918,002889.SZ,12.93,10.58
20260918,002890.SZ,15.8,12.92
20260918,002891.SZ,29.88,24.44
20260918,002892.SZ,9.46,7.74
20260918,002893.SZ,11.14,9.12
20260918,002895.SZ,33.67,27.55
20260918,002896.SZ,66.97,54.79
20260918,002897.SZ,76.42,62.52
20260918,002899.SZ,21.43,17.53
20260918,002900.SZ,13.0,10.64
20260918,002901.SZ,42.56,34.82
20260918,002902.SZ,32.08,26.24
20260918,002903.SZ,33.85,27.69
20260918,002905.SZ,9.27,7.59
20260918,002906.SZ,30.71,25.13
20260918,002907.SZ,14.94,12.22
20260918,002908.SZ,7.55,6.17
20260918,002909.SZ,7.14,5.84
20260918,002910.SZ,10.76,8.8
20260918,002911.SZ,12.3,10.06
20260918,002912.SZ,25.74,21.06
20260918,002913.SZ,90.37,73.94
20260918,002915.SZ,18.74,15.34
20260918,002916.SZ,422.05,345.31
20260918,002917.SZ,11.09,9.07
20260918,002918.SZ,12.14,9.94
20260918,002919.SZ,18.18,14.88
20260918,002920.SZ,92.87,75.99
20260918,002921.SZ,22.56,18.46
20260918,002922.SZ,25.48,20.84
20260918,002923.SZ,12.06,9.86
20260918,002925.SZ,26.87,21.99
20260918,002926.SZ,9.0,7.36
20260918,002927.SZ,20.96,17.15
20260918,002928.SZ,7.03,5.75
20260918,002929.SZ,55.84,45.68
20260918,002930.SZ,9.89,8.09
20260918,002931.SZ,45.1,36.9
20260918,002932.SZ,16.85,13.79
20260918,002933.SZ,29.9,24.46
20260918,002935.SZ,17.38,14.22
20260918,002936.SZ,1.91,1.57
20260918,002937.SZ,29.76,24.35
20260918,002938.SZ,99.78,81.64
20260918,002939.SZ,8.57,7.01
20260918,002940.SZ,25.14,20.57
20260918,002941.SZ,11.52,9.42
20260918,002942.SZ,18.04,14.76
20260918,002943.SZ,32.87,26.89
20260918,002945.SZ,15.24,12.47
20260918,002946.SZ,15.87,12.99
20260918,002947.SZ,70.36,57.56
20260918,002948.SZ,6.62,5.42
20260918,002949.SZ,13.6,11.12
20260918,002950.SZ,9.27,7.59
20260918,002951.SZ,17.36,14.2
20260918,002952.SZ,20.86,17.06
20260918,002953.SZ,11.53,9.43
20260918,002955.SZ,40.13,32.83
20260918,002956.SZ,19.02,15.56
20260918,002957.SZ,46.01,37.65
20260918,002958.SZ,3.26,2.66
20260918,002959.SZ,34.77,28.45
20260918,002960.SZ,9.21,7.53
20260918,002961.SZ,22.78,18.64
20260918,002962.SZ,14.73,12.05
20260918,002963.SZ,21.89,17.91
20260918,002965.SZ,31.11,25.45
20260918,002966.SZ,9.93,8.13
20260918,002967.SZ,18.67,15.27
20260918,002968.SZ,10.23,8.37
20260918,002969.SZ,12.4,10.14
20260918,002970.SZ,47.96,39.24
20260918,002971.SZ,42.68,34.92
20260918,002972.SZ,14.33,11.73
20260918,002973.SZ,14.92,12.2
20260918,002975.SZ,115.17,94.23
20260918,002976.SZ,29.06,23.78
20260918,002977.SZ,22.04,18.04
20260918,002978.SZ,27.41,22.43
20260918,002979.SZ,59.71,48.85
20260918,002980.SZ,128.03,104.75
20260918,002981.SZ,27.39,22.41
20260918,002982.SZ,13.54,11.08
20260918,002983.SZ,24.04,19.67
20260918,002984.SZ,14.16,11.58
20260918,002985.SZ,30.26,24.76
20260918,002986.SZ,14.31,11.71
20260918,002987.SZ,11.89,9.73
20260918,002988.SZ,34.33,28.09
20260918,002989.SZ,25.73,21.05
20260918,002990.SZ,54.44,44.54
20260918,002991.SZ,40.96,33.52
20260918,002992.SZ,36.52,29.88
20260918,002993.SZ,39.35,32.19
20260918,002995.SZ,18.34,15.0
20260918,002996.SZ,6.5,5.32
20260918,002997.SZ,29.34,24.0
20260918,002998.SZ,8.55,6.99
20260918,002999.SZ,6.95,5.69
20260918,003000.SZ,10.21,8.35
20260918,003001.SZ,22.35,18.29
20260918,003002.SZ,17.88,14.63
20260918,003003.SZ,11.69,9.57
20260918,003004.SZ,66.74,54.6
20260918,003005.SZ,15.94,13.04
20260918,003006.SZ,22.04,18.04
20260918,003007.SZ,42.92,35.12
20260918,003008.SZ,20.87,17.07
20260918,003009.SZ,51.72,42.32
20260918,003010.SZ,32.56,26.64
20260918,003011.SZ,21.21,17.35
20260918,003012.SZ,4.91,4.01
20260918,003013.SZ,20.02,16.38
20260918,003015.SZ,13.63,11.15
20260918,003016.SZ,7.96,6.52
20260918,003017.SZ,23.89,19.55
20260918,003018.SZ,53.68,43.92
20260918,003019.SZ,29.96,24.52
20260918,003020.SZ,18.35,15.01
20260918,003021.SZ,75.27,61.59
20260918,003022.SZ,21.71,17.77
20260918,003023.SZ,27.71,22.67
20260918,003025.SZ,13.04,10.67
20260918,003026.SZ,40.7,33.3
20260918,003027.SZ,17.64,14.44
20260918,003028.SZ,25.38,20.76
20260918,003029.SZ,19.06,15.6
20260918,003030.SZ,27.96,22.88
20260918,003031.SZ,151.14,123.66
20260918,003032.SZ,9.89,8.09
20260918,003033.SZ,91.87,75.17
20260918,003035.SZ,6.11,5.0
20260918,003036.SZ,61.0,49.91
20260918,003037.SZ,6.29,5.15
20260918,003038.SZ,11.46,9.38
20260918,003039.SZ,13.66,11.18
20260918,003040.SZ,17.31,14.17
20260918,003041.SZ,42.02,34.38
20260918,003042.SZ,15.47,12.65
20260918,003043.SZ,69.49,56.85
20260918,003816.SZ,4.68,3.83
20260918,200011.SZ,3.03,2.48
20260918,200012.SZ,1.38,1.13
20260918,200016.SZ,0.78,0.64
20260918,200017.SZ,1.72,1.4
20260918,200019.SZ,3.52,2.88
20260918,200020.SZ,2.77,2.27
20260918,200025.SZ,4.37,3.57
20260918,200026.SZ,9.39,7.69
20260918,200028.SZ,13.16,10.76
20260918,200029.SZ,4.4,3.6
20260918,200030.SZ,2.97,2.43
20260918,200037.SZ,2.5,2.04
20260918,200045.SZ,4.47,3.65
20260918,200055.SZ,1.52,1.24
20260918,200056.SZ,0.64,0.52
20260918,200058.SZ,1.73,1.41
20260918,200429.SZ,10.12,8.28
20260918,200468.SZ,4.2,3.44
20260918,200488.SZ,0.67,0.55
20260918,200505.SZ,2.15,1.76
20260918,200512.SZ,2.27,1.85
20260918,200521.SZ,3.21,2.63
20260918,200530.SZ,1.77,1.45
20260918,200539.SZ,2.06,1.68
20260918,200541.SZ,2.06,1.68
20260918,200550.SZ,10.49,8.59
20260918,200553.SZ,3.17,2.59
20260918,200570.SZ,2.21,1.81
20260918,200581.SZ,14.54,11.9
20260918,200596.SZ,62.15,50.85
20260918,200625.SZ,3.65,2.99
20260918,200706.SZ,3.08,2.52
20260918,200725.SZ,5.48,4.48
20260918,200726.SZ,4.83,3.95
20260918,200761.SZ,1.01,0.83
20260918,200869.SZ,8.62,7.06
20260918,200992.SZ,1.78,1.46
20260918,201872.SZ,20.02,16.38
20260918,300001.SZ,38.21,25.47
20260918,300002.SZ,9.65,6.43
20260918,300003.SZ,13.54,9.02
20260918,300004.SZ,9.8,6.54
20260918,300005.SZ,13.33,8.89
20260918,300006.SZ,6.2,4.14
20260918,300007.SZ,35.76,23.84
20260918,300008.SZ,7.69,5.13
20260918,300009.SZ,9.7,6.46
20260918,300010.SZ,5.93,3.95
20260918,300011.SZ,6.92,4.62
20260918,300012.SZ,17.52,11.68
20260918,300013.SZ,5.24,3.5
20260918,300014.SZ,57.88,38.58
20260918,300015.SZ,9.54,6.36
20260918,300016.SZ,9.71,6.47
20260918,300017.SZ,17.75,11.83
20260918,300018.SZ,13.79,9.19
20260918,300019.SZ,16.9,11.26
20260918,300020.SZ,4.62,3.08
20260918,300021.SZ,4.68,3.12
20260918,300022.SZ,9.58,6.38
20260918,300024.SZ,15.53,10.35
20260918,300025.SZ,6.64,4.42
20260918,300026.SZ,3.83,2.55
20260918,300027.SZ,2.15,1.43
20260918,300030.SZ,7.87,5.25
20260918,300031.SZ,25.03,16.69
20260918,300032.SZ,4.72,3.14
20260918,300033.SZ,241.25,160.83
20260918,300034.SZ,18.91,12.61
20260918,300035.SZ,14.83,9.89
20260918,300036.SZ,11.99,7.99
20260918,300037.SZ,86.88,57.92
20260918,300039.SZ,6.05,4.03
20260918,300040.SZ,6.79,4.53
20260918,300041.SZ,13.21,8.81
20260918,300042.SZ,46.7,31.14
20260918,300043.SZ,5.3,3.54
20260918,300044.SZ,7.24,4.82
20260918,300045.SZ,13.68,9.12
20260918,300046.SZ,29.09,19.39
20260918,300047.SZ,10.72,7.14
20260918,300048.SZ,5.78,3.86
20260918,300049.SZ,57.14,38.1
20260918,300050.SZ,8.94,5.96
20260918,300051.SZ,9.76,6.5
20260918,300052.SZ,12.2,8.14
20260918,300053.SZ,14.22,9.48
20260918,300054.SZ,85.38,56.92
20260918,300055.SZ,6.98,4.66
20260918,300056.SZ,9.5,6.34
20260918,300057.SZ,7.73,5.15
20260918,300058.SZ,15.46,10.3
20260918,300059.SZ,21.71,14.47
20260918,300061.SZ,8.18,5.46
20260918,300062.SZ,7.63,5.09
20260918,300063.SZ,10.38,6.92
20260918,300065.SZ,18.37,12.25
20260918,300066.SZ,5.54,3.7
20260918,300067.SZ,6.22,4.14
20260918,300068.SZ,5.16,3.44
20260918,300069.SZ,29.77,19.85
20260918,300070.SZ,4.06,2.7
20260918,300071.SZ,4.97,3.31
20260918,300072.SZ,4.2,2.8
20260918,300073.SZ,46.13,30.75
20260918,300074.SZ,4.34,2.9
20260918,300075.SZ,12.31,8.21
20260918,300076.SZ,5.1,3.4
20260918,300077.SZ,24.0,16.0
20260918,300078.SZ,3.18,2.12
20260918,300079.SZ,5.77,3.85
20260918,300080.SZ,4.44,2.96
20260918,300081.SZ,4.08,2.72
20260918,300082.SZ,9.76,6.5
20260918,300083.SZ,14.88,9.92
20260918,300084.SZ,12.12,8.08
20260918,300085.SZ,35.7,23.8
20260918,300086.SZ,7.51,5.01
20260918,300087.SZ,6.97,4.65
20260918,300088.SZ,8.65,5.77
20260918,300091.SZ,2.87,1.91
20260918,300092.SZ,13.54,9.02
20260918,300093.SZ,25.98,17.32
20260918,300094.SZ,3.5,2.34
20260918,300095.SZ,10.81,7.21
20260918,300096.SZ,10.43,6.95
20260918,300097.SZ,11.71,7.81
20260918,300098.SZ,5.18,3.46
20260918,300099.SZ,7.32,4.88
20260918,300100.SZ,24.36,16.24
20260918,300101.SZ,16.51,11.01
20260918,300102.SZ,20.3,13.54
20260918,300103.SZ,9.22,6.14
20260918,300105.SZ,8.66,5.78
20260918,300106.SZ,12.91,8.61
20260918,300107.SZ,7.86,5.24
20260918,300109.SZ,15.44,10.3
20260918,300110.SZ,3.28,2.18
20260918,300111.SZ,3.6,2.4
20260918,300112.SZ,13.79,9.19
20260918,300113.SZ,19.0,12.66
20260918,300115.SZ,29.62,19.74
20260918,300118.SZ,10.64,7.1
20260918,300119.SZ,20.74,13.82
20260918,300120.SZ,8.52,5.68
20260918,300121.SZ,11.42,7.62
20260918,300122.SZ,14.82,9.88
20260918,300123.SZ,5.58,3.72
20260918,300124.SZ,61.91,41.27
20260918,300125.SZ,11.21,7.47
20260918,300126.SZ,7.7,5.14
20260918,300127.SZ,28.48,18.98
20260918,300128.SZ,5.98,3.98
20260918,300129.SZ,8.9,5.94
20260918,300130.SZ,21.19,14.13
20260918,300131.SZ,19.0,12.66
20260918,300132.SZ,7.37,4.91
20260918,300133.SZ,8.54,5.7
20260918,300134.SZ,10.06,6.7
20260918,300135.SZ,4.19,2.79
20260918,300136.SZ,69.14,46.1
20260918,300137.SZ,12.66,8.44
20260918,300138.SZ,13.36,8.9
20260918,300139.SZ,57.02,38.02
20260918,300140.SZ,6.43,4.29
20260918,300141.SZ,11.94,7.96
20260918,300142.SZ,15.68,10.46
20260918,300143.SZ,8.71,5.81
20260918,300144.SZ,6.88,4.58
20260918,300145.SZ,5.84,3.9
20260918,300146.SZ,11.09,7.39
20260918,300147.SZ,7.75,5.17
20260918,300148.SZ,4.21,2.81
20260918,300149.SZ,10.85,7.23
20260918,300150.SZ,4.86,3.24
20260918,300151.SZ,24.19,16.13
20260918,300152.SZ,2.0,1.34
20260918,300153.SZ,32.66,21.78
20260918,300154.SZ,16.28,10.86
20260918,300155.SZ,5.17,3.45
20260918,300157.SZ,4.49,2.99
20260918,300158.SZ,6.22,4.14
20260918,300159.SZ,3.46,2.3
20260918,300160.SZ,5.27,3.51
20260918,300161.SZ,31.56,21.04
20260918,300162.SZ,9.38,6.26
20260918,300163.SZ,8.09,5.39
20260918,300164.SZ,11.05,7.37
20260918,300165.SZ,6.13,4.09
20260918,300166.SZ,14.24,9.5
20260918,300167.SZ,4.56,3.04
20260918,300168.SZ,5.57,3.71
20260918,300169.SZ,6.62,4.42
20260918,300170.SZ,17.88,11.92
20260918,300171.SZ,17.23,11.49
20260918,300172.SZ,5.36,3.58
20260918,300173.SZ,3.94,2.62
20260918,300174.SZ,22.12,14.74
20260918,300175.SZ,6.73,4.49
20260918,300176.SZ,5.23,3.49
20260918,300177.SZ,7.27,4.85
20260918,300179.SZ,53.51,35.67
20260918,300180.SZ,5.23,3.49
20260918,300181.SZ,15.84,10.56
20260918,300182.SZ,6.02,4.02
20260918,300183.SZ,12.94,8.62
20260918,300184.SZ,14.27,9.51
20260918,300185.SZ,3.31,2.21
20260918,300187.SZ,5.46,3.64
20260918,300188.SZ,12.19,8.13
20260918,300189.SZ,8.02,5.34
20260918,300190.SZ,4.52,3.02
20260918,300191.SZ,37.85,25.23
20260918,300192.SZ,22.56,15.04
20260918,300193.SZ,9.32,6.22
20260918,300194.SZ,4.56,3.04
20260918,300195.SZ,7.32,4.88
20260918,300196.SZ,24.85,16.57
20260918,300197.SZ,2.36,1.58
20260918,300198.SZ,2.71,1.81
20260918,300199.SZ,28.38,18.92
20260918,300200.SZ,10.07,6.71
20260918,300201.SZ,15.11,10.07
20260918,300203.SZ,14.88,9.92
20260918,300204.SZ,23.52,15.68
20260918,300205.SZ,5.98,3.98
20260918,300206.SZ,13.54,9.02
20260918,300207.SZ,24.28,16.18
20260918,300209.SZ,41.24,27.5
20260918,300210.SZ,8.84,5.9
20260918,300211.SZ,8.38,5.58
20260918,300212.SZ,9.41,6.27
20260918,300213.SZ,7.6,5.06
20260918,300214.SZ,12.13,8.09
20260918,300215.SZ,7.51,5.01
20260918,300217.SZ,4.84,3.22
20260918,300218.SZ,14.9,9.94
20260918,300219.SZ,8.23,5.49
20260918,300220.SZ,13.09,8.73
20260918,300221.SZ,16.99,11.33
20260918,300222.SZ,12.02,8.02
20260918,300223.SZ,162.07,108.05
20260918,300224.SZ,13.4,8.94
20260918,300225.SZ,9.76,6.5
20260918,300226.SZ,19.81,13.21
20260918,300227.SZ,13.36,8.9
20260918,300228.SZ,7.96,5.3
20260918,300229.SZ,15.37,10.25
20260918,300230.SZ,5.15,3.43
20260918,300231.SZ,9.72,6.48
20260918,300232.SZ,6.44,4.3
20260918,300233.SZ,15.68,10.46
20260918,300234.SZ,13.6,9.06
20260918,300235.SZ,13.92,9.28
20260918,300236.SZ,108.19,72.13
20260918,300237.SZ,2.74,1.82
20260918,300238.SZ,13.26,8.84
20260918,300239.SZ,5.88,3.92
20260918,300240.SZ,7.28,4.86
20260918,300241.SZ,7.13,4.75
20260918,300242.SZ,4.69,3.13
20260918,300243.SZ,25.46,16.98
20260918,300244.SZ,22.12,14.74
20260918,300245.SZ,7.14,4.76
20260918,300246.SZ,18.01,12.01
20260918,300247.SZ,4.32,2.88
20260918,300248.SZ,9.84,6.56
20260918,300249.SZ,15.86,10.58
20260918,300250.SZ,17.83,11.89
20260918,300251.SZ,13.14,8.76
20260918,300252.SZ,15.12,10.08
20260918,300253.SZ,8.03,5.35
20260918,300254.SZ,10.36,6.9
20260918,300255.SZ,27.48,18.32
20260918,300256.SZ,3.23,2.15
20260918,300257.SZ,21.37,14.25
20260918,300258.SZ,10.54,7.02
20260918,300259.SZ,4.82,3.22
20260918,300260.SZ,72.36,48.24
20260918,300261.SZ,5.7,3.8
20260918,300263.SZ,12.14,8.1
20260918,300264.SZ,7.3,4.86
20260918,300265.SZ,16.14,10.76
20260918,300266.SZ,2.24,1.5
20260918,300267.SZ,3.83,2.55
20260918,300268.SZ,14.14,9.42
20260918,300269.SZ,5.62,3.74
20260918,300270.SZ,12.26,8.18
20260918,300271.SZ,6.65,4.43
20260918,300272.SZ,6.77,4.51
20260918,300274.SZ,101.6,67.74
20260918,300275.SZ,10.73,7.15
20260918,300276.SZ,7.14,4.76
20260918,300277.SZ,14.93,9.95
20260918,300278.SZ,4.14,2.76
20260918,300279.SZ,7.01,4.67
20260918,300281.SZ,8.06,5.38
20260918,300283.SZ,16.79,11.19
20260918,300284.SZ,6.04,4.02
20260918,300285.SZ,79.33,52.89
20260918,300286.SZ,22.62,15.08
20260918,300287.SZ,4.22,2.82
20260918,300288.SZ,11.47,7.65
20260918,300289.SZ,6.88,4.58
20260918,300290.SZ,8.86,5.9
20260918,300291.SZ,6.47,4.31
20260918,300292.SZ,5.57,3.71
20260918,300293.SZ,17.14,11.42
20260918,300294.SZ,16.92,11.28
20260918,300295.SZ,13.68,9.12
20260918,300296.SZ,5.84,3.9
20260918,300298.SZ,18.71,12.47
20260918,300299.SZ,6.56,4.38
20260918,300300.SZ,10.56,7.04
20260918,300301.SZ,4.16,2.78
20260918,300302.SZ,33.32,22.22
20260918,300303.SZ,8.22,5.48
20260918,300304.SZ,13.07,8.71
20260918,300305.SZ,7.74,5.16
20260918,300306.SZ,12.25,8.17
20260918,300307.SZ,8.53,5.69
20260918,300308.SZ,1075.2,716.8
20260918,300310.SZ,5.16,3.44
20260918,300311.SZ,6.73,4.49
20260918,300313.SZ,16.81,11.21
20260918,300314.SZ,13.81,9.21
20260918,300315.SZ,4.81,3.21
20260918,300316.SZ,48.43,32.29
20260918,300317.SZ,4.8,3.2
20260918,300318.SZ,5.87,3.91
20260918,300319.SZ,25.21,16.81
20260918,300320.SZ,10.24,6.82
20260918,300321.SZ,41.21,27.47
20260918,300322.SZ,20.75,13.83
20260918,300323.SZ,13.58,9.06
20260918,300324.SZ,4.01,2.67
20260918,300326.SZ,7.37,4.91
20260918,300327.SZ,29.88,19.92
20260918,300328.SZ,14.74,9.82
20260918,300329.SZ,14.28,9.52
20260918,300331.SZ,56.98,37.98
20260918,300332.SZ,5.92,3.94
20260918,300333.SZ,13.4,8.94
20260918,300334.SZ,10.32,6.88
20260918,300335.SZ,6.61,4.41
20260918,300337.SZ,11.08,7.38
20260918,300338.SZ,3.78,2.52
20260918,300339.SZ,41.08,27.38
20260918,300340.SZ,10.19,6.79
20260918,300341.SZ,14.88,9.92
20260918,300342.SZ,37.75,25.17
20260918,300343.SZ,6.62,4.42
20260918,300345.SZ,9.47,6.31
20260918,300346.SZ,66.44,44.3
20260918,300347.SZ,68.41,45.61
20260918,300348.SZ,11.26,7.5
20260918,300349.SZ,11.88,7.92
20260918,300350.SZ,5.2,3.46
20260918,300351.SZ,16.98,11.32
20260918,300352.SZ,3.3,2.2
20260918,300353.SZ,19.49,12.99
20260918,300354.SZ,32.41,21.61
20260918,300355.SZ,3.32,2.22
20260918,300357.SZ,23.1,15.4
20260918,300358.SZ,9.83,6.55
20260918,300359.SZ,4.86,3.24
20260918,300360.SZ,13.3,8.86
20260918,300363.SZ,26.48,17.66
20260918,300364.SZ,29.16,19.44
20260918,300365.SZ,5.41,3.61
20260918,300366.SZ,6.41,4.27
20260918,300368.SZ,10.56,7.04
20260918,300369.SZ,9.48,6.32
20260918,300370.SZ,2.56,1.7
20260918,300371.SZ,11.82,7.88
20260918,300373.SZ,108.06,72.04
20260918,300374.SZ,12.92,8.62
20260918,300375.SZ,4.91,3.27
20260918,300376.SZ,5.03,3.35
20260918,300377.SZ,16.4,10.94
20260918,300378.SZ,43.02,28.68
20260918,300380.SZ,33.05,22.03
20260918,300381.SZ,6.67,4.45
20260918,300382.SZ,18.44,12.3
20260918,300383.SZ,13.57,9.05
20260918,300384.SZ,13.94,9.3
20260918,300385.SZ,15.12,10.08
20260918,300386.SZ,13.01,8.67
20260918,300387.SZ,8.81,5.87
20260918,300388.SZ,8.02,5.34
20260918,300389.SZ,15.05,10.03
20260918,300390.SZ,63.2,42.14
20260918,300393.SZ,7.01,4.67
20260918,300394.SZ,333.18,222.12
20260918,300395.SZ,115.14,76.76
20260918,300396.SZ,8.42,5.62
20260918,300397.SZ,12.74,8.5
20260918,300398.SZ,44.54,29.7
20260918,300399.SZ,23.03,15.35
20260918,300400.SZ,43.78,29.18
20260918,300401.SZ,19.33,12.89
20260918,300402.SZ,17.4,11.6
20260918,300403.SZ,10.3,6.86
20260918,300404.SZ,15.76,10.5
20260918,300405.SZ,6.73,4.49
20260918,300406.SZ,13.54,9.02
20260918,300407.SZ,12.61,8.41
20260918,300408.SZ,153.61,102.41
20260918,300409.SZ,20.33,13.55
20260918,300410.SZ,10.3,6.86
20260918,300411.SZ,10.16,6.78
20260918,300412.SZ,5.2,3.46
20260918,300413.SZ,21.77,14.51
20260918,300414.SZ,13.22,8.82
20260918,300415.SZ,22.69,15.13
20260918,300416.SZ,16.91,11.27
20260918,300417.SZ,13.45,8.97
20260918,300418.SZ,52.2,34.8
20260918,300419.SZ,9.06,6.04
20260918,300420.SZ,8.82,5.88
20260918,300421.SZ,20.09,13.39
20260918,300422.SZ,4.78,3.18
20260918,300423.SZ,6.66,4.44
20260918,300424.SZ,18.59,12.39
20260918,300425.SZ,4.78,3.18
20260918,300426.SZ,8.66,5.78
20260918,300427.SZ,7.91,5.27
20260918,300428.SZ,23.52,15.68
20260918,300429.SZ,13.78,9.18
20260918,300430.SZ,5.93,3.95
20260918,300432.SZ,16.34,10.9
20260918,300433.SZ,40.13,26.75
20260918,300434.SZ,14.99,9.99
20260918,300435.SZ,19.8,13.2
20260918,300436.SZ,102.04,68.02
20260918,300437.SZ,13.0,8.66
20260918,300438.SZ,61.46,40.98
20260918,300439.SZ,11.45,7.63
20260918,300440.SZ,21.29,14.19
20260918,300441.SZ,8.33,5.55
20260918,300442.SZ,74.69,49.79
20260918,300443.SZ,24.43,16.29
20260918,300444.SZ,10.61,7.07
20260918,300445.SZ,22.38,14.92
20260918,300446.SZ,15.13,10.09
20260918,300447.SZ,16.96,11.3
20260918,300448.SZ,6.56,4.38
20260918,300449.SZ,8.2,5.46
20260918,300450.SZ,38.24,25.5
20260918,300451.SZ,4.0,2.66
20260918,300452.SZ,15.26,10.18
20260918,300453.SZ,10.78,7.18
20260918,300454.SZ,164.96,109.98
20260918,300455.SZ,20.05,13.37
20260918,300456.SZ,42.26,28.18
20260918,300457.SZ,25.2,16.8
20260918,300458.SZ,35.92,23.94
20260918,300459.SZ,4.3,2.86
20260918,300460.SZ,10.26,6.84
20260918,300461.SZ,40.0,26.66
20260918,300462.SZ,13.48,8.98
20260918,300463.SZ,10.75,7.17
20260918,300464.SZ,11.87,7.91
20260918,300465.SZ,13.55,9.03
20260918,300466.SZ,8.56,5.7
20260918,300467.SZ,39.55,26.37
20260918,300468.SZ,26.5,17.66
20260918,300469.SZ,59.68,39.78
20260918,300470.SZ,32.51,21.67
20260918,300471.SZ,11.72,7.82
20260918,300472.SZ,8.17,5.45
20260918,300473.SZ,36.29,24.19
20260918,300474.SZ,60.36,40.24
20260918,300475.SZ,196.84,131.22
20260918,300476.SZ,267.48,178.32
20260918,300477.SZ,3.18,2.12
20260918,300478.SZ,40.46,26.98
20260918,300479.SZ,17.39,11.59
20260918,300480.SZ,38.35,25.57
20260918,300481.SZ,16.82,11.22
20260918,300482.SZ,18.92,12.62
20260918,300483.SZ,27.72,18.48
20260918,300484.SZ,14.99,9.99
20260918,300485.SZ,9.91,6.61
20260918,300486.SZ,21.82,14.54
20260918,300487.SZ,81.1,54.06
20260918,300488.SZ,45.02,30.02
20260918,300489.SZ,268.32,178.88
20260918,300490.SZ,12.73,8.49
20260918,300491.SZ,43.5,29.0
20260918,300492.SZ,26.14,17.42
20260918,300493.SZ,14.89,9.93
20260918,300494.SZ,9.54,6.36
20260918,300496.SZ,65.36,43.58
20260918,300497.SZ,26.23,17.49
20260918,300498.SZ,17.56,11.7
20260918,300499.SZ,45.91,30.61
20260918,300500.SZ,11.09,7.39
20260918,300501.SZ,11.28,7.52
20260918,300502.SZ,509.21,339.47
20260918,300503.SZ,78.7,52.46
20260918,300504.SZ,21.06,14.04
20260918,300505.SZ,23.0,15.34
20260918,300506.SZ,5.6,3.74
20260918,300507.SZ,7.68,5.12
20260918,300508.SZ,46.58,31.06
20260918,300509.SZ,10.52,7.02
20260918,300510.SZ,4.02,2.68
20260918,300511.SZ,5.99,3.99
20260918,300512.SZ,8.82,5.88
20260918,300513.SZ,8.59,5.73
20260918,300514.SZ,11.99,7.99
20260918,300515.SZ,18.28,12.18
20260918,300516.SZ,40.79,27.19
20260918,300517.SZ,14.39,9.59
20260918,300518.SZ,28.68,19.12
20260918,300519.SZ,16.69,11.13
20260918,300520.SZ,26.46,17.64
20260918,300521.SZ,29.1,19.4
20260918,300522.SZ,17.54,11.7
20260918,300523.SZ,25.37,16.91
20260918,300525.SZ,9.16,6.1
20260918,300527.SZ,9.49,6.33
20260918,300528.SZ,16.79,11.19
20260918,300529.SZ,18.04,12.02
20260918,300530.SZ,23.16,15.44
20260918,300531.SZ,18.16,12.1
20260918,300532.SZ,8.36,5.58
20260918,300533.SZ,16.96,11.3
20260918,300534.SZ,15.26,10.18
20260918,300535.SZ,18.26,12.18
20260918,300536.SZ,10.34,6.9
20260918,300537.SZ,25.88,17.26
20260918,300538.SZ,17.12,11.42
20260918,300539.SZ,21.26,14.18
20260918,300540.SZ,32.12,21.42
20260918,300541.SZ,11.14,7.42
20260918,300542.SZ,14.46,9.64
20260918,300543.SZ,9.05,6.03
20260918,300545.SZ,32.42,21.62
20260918,300546.SZ,19.96,13.3
20260918,300547.SZ,30.65,20.43
20260918,300548.SZ,277.67,185.11
20260918,300549.SZ,17.08,11.38
20260918,300550.SZ,16.63,11.09
20260918,300551.SZ,13.48,8.98
20260918,300552.SZ,24.6,16.4
20260918,300553.SZ,79.18,52.78
20260918,300554.SZ,25.87,17.25
20260918,300555.SZ,14.64,9.76
20260918,300556.SZ,18.82,12.54
20260918,300557.SZ,30.47,20.31
20260918,300558.SZ,55.84,37.22
20260918,300559.SZ,15.28,10.18
20260918,300560.SZ,21.64,14.42
20260918,300561.SZ,18.35,12.23
20260918,300562.SZ,20.11,13.41
20260918,300563.SZ,31.39,20.93
20260918,300564.SZ,14.33,9.55
20260918,300565.SZ,11.82,7.88
20260918,300566.SZ,30.36,20.24
20260918,300567.SZ,245.72,163.82
20260918,300568.SZ,18.34,12.22
20260918,300569.SZ,6.1,4.06
20260918,300570.SZ,259.18,172.78
20260918,300571.SZ,34.33,22.89
20260918,300572.SZ,28.96,19.3
20260918,300573.SZ,43.52,29.02
20260918,300575.SZ,7.62,5.08
20260918,300576.SZ,35.63,23.75
20260918,300577.SZ,24.16,16.1
20260918,300578.SZ,18.18,12.12
20260918,300579.SZ,27.07,18.05
20260918,300580.SZ,22.21,14.81
20260918,300581.SZ,12.25,8.17
20260918,300582.SZ,12.66,8.44
20260918,300583.SZ,15.47,10.31
20260918,300584.SZ,37.58,25.06
20260918,300585.SZ,19.66,13.1
20260918,300586.SZ,11.54,7.7
20260918,300587.SZ,5.53,3.69
20260918,300588.SZ,25.3,16.86
20260918,300589.SZ,16.08,10.72
20260918,300590.SZ,13.61,9.07
20260918,300591.SZ,7.94,5.3
20260918,300592.SZ,25.04,16.7
20260918,300593.SZ,37.78,25.18
20260918,300594.SZ,17.29,11.53
20260918,300595.SZ,11.98,7.98
20260918,300596.SZ,47.72,31.82
20260918,300597.SZ,9.34,6.22
20260918,300598.SZ,36.1,24.06
20260918,300599.SZ,13.76,9.18
20260918,300600.SZ,12.52,8.34
20260918,300601.SZ,14.12,9.42
20260918,300602.SZ,46.14,30.76
20260918,300603.SZ,9.6,6.4
20260918,300604.SZ,320.58,213.72
20260918,300605.SZ,11.92,7.94
20260918,300606.SZ,39.2,26.14
20260918,300607.SZ,39.79,26.53
20260918,300608.SZ,11.54,7.7
20260918,300609.SZ,27.95,18.63
20260918,300610.SZ,12.14,8.1
20260918,300611.SZ,31.58,21.06
20260918,300612.SZ,13.94,9.3
20260918,300613.SZ,89.89,59.93
20260918,300614.SZ,12.07,8.05
20260918,300615.SZ,16.99,11.33
20260918,300616.SZ,11.93,7.95
20260918,300617.SZ,42.68,28.46
20260918,300618.SZ,37.76,25.18
20260918,300619.SZ,31.26,20.84
20260918,300620.SZ,353.39,235.59
20260918,300621.SZ,8.2,5.46
20260918,300622.SZ,17.77,11.85
20260918,300623.SZ,39.49,26.33
20260918,300624.SZ,60.11,40.07
20260918,300625.SZ,11.48,7.66
20260918,300626.SZ,32.88,21.92
20260918,300627.SZ,31.62,21.08
20260918,300628.SZ,49.79,33.19
20260918,300629.SZ,21.24,14.16
20260918,300631.SZ,25.34,16.9
20260918,300632.SZ,22.82,15.22
20260918,300633.SZ,22.26,14.84
20260918,300634.SZ,23.22,15.48
20260918,300635.SZ,14.02,9.34
20260918,300636.SZ,8.17,5.45
20260918,300637.SZ,11.15,7.43
20260918,300638.SZ,22.58,15.06
20260918,300639.SZ,6.96,4.64
20260918,300640.SZ,7.26,4.84
20260918,300641.SZ,16.37,10.91
20260918,300642.SZ,20.03,13.35
20260918,300643.SZ,21.48,14.32
20260918,300644.SZ,23.14,15.42
20260918,300645.SZ,15.83,10.55
20260918,300647.SZ,9.54,6.36
20260918,300648.SZ,49.54,33.02
20260918,300649.SZ,32.87,21.91
20260918,300650.SZ,14.58,9.72
20260918,300651.SZ,18.74,12.5
20260918,300652.SZ,30.85,20.57
20260918,300653.SZ,17.78,11.86
20260918,300654.SZ,11.95,7.97
20260918,300655.SZ,15.89,10.59
20260918,300656.SZ,34.3,22.86
20260918,300657.SZ,44.04,29.36
20260918,300658.SZ,12.14,8.1
20260918,300659.SZ,12.19,8.13
20260918,300660.SZ,28.0,18.66
20260918,300661.SZ,139.75,93.17
20260918,300662.SZ,25.48,16.98
20260918,300663.SZ,9.16,6.1
20260918,300664.SZ,5.5,3.66
20260918,300665.SZ,10.32,6.88
20260918,300666.SZ,299.27,199.51
20260918,300667.SZ,17.65,11.77
20260918,300668.SZ,36.88,24.58
20260918,300669.SZ,26.58,17.72
20260918,300670.SZ,8.29,5.53
20260918,300671.SZ,70.73,47.15
20260918,300672.SZ,209.22,139.48
20260918,300673.SZ,17.64,11.76
20260918,300674.SZ,19.62,13.08
20260918,300675.SZ,15.01,10.01
20260918,300676.SZ,44.77,29.85
20260918,300677.SZ,61.68,41.12
20260918,300678.SZ,25.3,16.86
20260918,300679.SZ,53.1,35.4
20260918,300680.SZ,24.02,16.02
20260918,300681.SZ,24.83,16.55
20260918,300682.SZ,10.69,7.13
20260918,300683.SZ,29.33,19.55
20260918,300684.SZ,112.55,75.03
20260918,300685.SZ,20.77,13.85
20260918,300686.SZ,17.5,11.66
20260918,300687.SZ,32.57,21.71
20260918,300688.SZ,43.87,29.25
20260918,300689.SZ,79.19,52.79
20260918,300690.SZ,29.69,19.79
20260918,300691.SZ,17.53,11.69
20260918,300692.SZ,10.58,7.06
20260918,300693.SZ,45.68,30.46
20260918,300694.SZ,12.62,8.42
20260918,300695.SZ,62.17,41.45
20260918,300696.SZ,23.87,15.91
20260918,300697.SZ,17.45,11.63
20260918,300698.SZ,31.14,20.76
20260918,300699.SZ,27.94,18.62
20260918,300700.SZ,21.54,14.36
20260918,300701.SZ,11.7,7.8
20260918,300702.SZ,24.94,16.62
20260918,300703.SZ,16.18,10.78
20260918,300705.SZ,12.64,8.42
20260918,300706.SZ,60.29,40.19
20260918,300707.SZ,13.99,9.33
20260918,300708.SZ,10.3,6.86
20260918,300709.SZ,45.6,30.4
20260918,300710.SZ,35.8,23.86
20260918,300711.SZ,21.52,14.34
20260918,300712.SZ,24.11,16.07
20260918,300713.SZ,15.38,10.26
20260918,300715.SZ,16.98,11.32
20260918,300716.SZ,22.25,14.83
20260918,300717.SZ,21.3,14.2
20260918,300718.SZ,63.54,42.36
20260918,300719.SZ,14.28,9.52
20260918,300720.SZ,72.26,48.18
20260918,300721.SZ,27.13,18.09
20260918,300722.SZ,25.97,17.31
20260918,300723.SZ,40.8,27.2
20260918,300724.SZ,62.5,41.66
20260918,300725.SZ,55.57,37.05
20260918,300726.SZ,68.51,45.67
20260918,300727.SZ,41.44,27.62
20260918,300729.SZ,13.0,8.66
20260918,300730.SZ,13.31,8.87
20260918,300731.SZ,58.43,38.95
20260918,300732.SZ,6.82,4.54
20260918,300733.SZ,15.96,10.64
20260918,300735.SZ,21.48,14.32
20260918,300736.SZ,37.66,25.1
20260918,300737.SZ,5.35,3.57
20260918,300738.SZ,23.48,15.66
20260918,300739.SZ,35.04,23.36
20260918,300740.SZ,25.08,16.72
20260918,300741.SZ,32.6,21.74
20260918,300743.SZ,16.76,11.18
20260918,300745.SZ,32.87,21.91
20260918,300746.SZ,16.28,10.86
20260918,300747.SZ,48.9,32.6
20260918,300748.SZ,29.96,19.98
20260918,300749.SZ,31.08,20.72
20260918,300750.SZ,365.16,243.44
20260918,300751.SZ,234.6,156.4
20260918,300752.SZ,15.43,10.29
20260918,300753.SZ,24.2,16.14
20260918,300755.SZ,13.46,8.98
20260918,300756.SZ,36.96,24.64
20260918,300757.SZ,729.55,486.37
20260918,300758.SZ,13.42,8.94
20260918,300759.SZ,52.5,35.0
20260918,300760.SZ,188.16,125.44
20260918,300761.SZ,24.46,16.3
20260918,300762.SZ,32.16,21.44
20260918,300763.SZ,65.94,43.96
20260918,300765.SZ,51.92,34.62
20260918,300766.SZ,25.88,17.26
20260918,300767.SZ,24.36,16.24
20260918,300768.SZ,17.33,11.55
20260918,300769.SZ,49.31,32.87
20260918,300770.SZ,41.5,27.66
20260918,300771.SZ,13.31,8.87
20260918,300772.SZ,10.99,7.33
20260918,300773.SZ,17.63,11.75
20260918,300774.SZ,11.84,7.9
20260918,300775.SZ,24.98,16.66
20260918,300776.SZ,145.32,96.88
20260918,300777.SZ,25.21,16.81
20260918,300778.SZ,12.44,8.3
20260918,300779.SZ,64.0,42.66
20260918,300780.SZ,22.56,15.04
20260918,300781.SZ,31.76,21.18
20260918,300782.SZ,85.98,57.32
20260918,300783.SZ,19.75,13.17
20260918,300784.SZ,48.68,32.46
20260918,300785.SZ,40.61,27.07
20260918,300786.SZ,17.12,11.42
20260918,300787.SZ,12.11,8.07
20260918,300788.SZ,40.27,26.85
20260918,300789.SZ,18.38,12.26
20260918,300790.SZ,24.0,16.0
20260918,300791.SZ,20.52,13.68
20260918,300792.SZ,28.6,19.06
20260918,300793.SZ,13.52,9.02
20260918,300795.SZ,14.14,9.42
20260918,300796.SZ,8.22,5.48
20260918,300797.SZ,15.53,10.35
20260918,300798.SZ,9.49,6.33
20260918,300800.SZ,12.08,8.06
20260918,300801.SZ,25.78,17.18
20260918,300802.SZ,31.98,21.32
20260918,300803.SZ,94.87,63.25
20260918,300804.SZ,54.36,36.24
20260918,300805.SZ,9.96,6.64
20260918,300806.SZ,69.6,46.4
20260918,300807.SZ,41.88,27.92
20260918,300808.SZ,26.33,17.55
20260918,300809.SZ,28.98,19.32
20260918,300810.SZ,29.76,19.84
20260918,300811.SZ,98.28,65.52
20260918,300812.SZ,23.57,15.71
20260918,300813.SZ,26.34,17.56
20260918,300814.SZ,170.04,113.36
20260918,300815.SZ,17.35,11.57
20260918,300816.SZ,76.66,51.1
20260918,300817.SZ,19.5,13.0
20260918,300818.SZ,20.18,13.46
20260918,300819.SZ,58.44,38.96
20260918,300820.SZ,82.2,54.8
20260918,300821.SZ,18.28,12.18
20260918,300822.SZ,13.3,8.86
20260918,300823.SZ,16.76,11.18
20260918,300824.SZ,9.06,6.04
20260918,300825.SZ,15.55,10.37
20260918,300826.SZ,17.6,11.74
20260918,300827.SZ,28.75,19.17
20260918,300828.SZ,19.98,13.32
20260918,300829.SZ,25.15,16.77
20260918,300830.SZ,9.38,6.26
20260918,300831.SZ,17.08,11.38
20260918,300832.SZ,58.9,39.26
20260918,300833.SZ,47.26,31.5
20260918,300834.SZ,46.76,31.18
20260918,300835.SZ,211.26,140.84
20260918,300836.SZ,62.9,41.94
20260918,300837.SZ,26.22,17.48
20260918,300838.SZ,16.69,11.13
20260918,300839.SZ,15.17,10.11
20260918,300840.SZ,23.1,15.4
20260918,300841.SZ,60.3,40.2
20260918,300842.SZ,78.34,52.22
20260918,300843.SZ,170.4,113.6
20260918,300844.SZ,28.31,18.87
20260918,300845.SZ,15.91,10.61
20260918,300846.SZ,23.46,15.64
20260918,300847.SZ,16.4,10.94
20260918,300848.SZ,13.09,8.73
20260918,300849.SZ,26.03,17.35
20260918,300850.SZ,35.27,23.51
20260918,300851.SZ,27.89,18.59
20260918,300852.SZ,81.0,54.0
20260918,300853.SZ,33.46,22.3
20260918,300854.SZ,18.3,12.2
20260918,300855.SZ,41.92,27.94
20260918,300856.SZ,12.46,8.3
20260918,300857.SZ,320.38,213.58
20260918,300858.SZ,17.11,11.41
20260918,300859.SZ,28.87,19.25
20260918,300860.SZ,33.58,22.38
20260918,300861.SZ,19.02,12.68
20260918,300862.SZ,60.04,40.02
20260918,300863.SZ,49.21,32.81
20260918,300864.SZ,30.36,20.24
20260918,300865.SZ,35.93,23.95
20260918,300866.SZ,150.53,100.35
20260918,300867.SZ,20.8,13.86
20260918,300868.SZ,108.36,72.24
20260918,300869.SZ,12.7,8.46
20260918,300870.SZ,242.06,161.38
20260918,300871.SZ,25.73,17.15
20260918,300872.SZ,17.71,11.81
20260918,300873.SZ,17.8,11.86
20260918,300875.SZ,38.46,25.64
20260918,300876.SZ,17.28,11.52
20260918,300877.SZ,32.54,21.7
20260918,300878.SZ,38.02,25.34
20260918,300879.SZ,18.92,12.62
20260918,300880.SZ,23.96,15.98
20260918,300881.SZ,35.17,23.45
20260918,300882.SZ,15.98,10.66
20260918,300883.SZ,7.56,5.04
20260918,300884.SZ,14.39,9.59
20260918,300885.SZ,22.19,14.79
20260918,300886.SZ,28.36,18.9
20260918,300887.SZ,8.12,5.42
20260918,300888.SZ,34.09,22.73
20260918,300889.SZ,27.37,18.25
20260918,300890.SZ,31.44,20.96
20260918,300891.SZ,9.14,6.1
20260918,300892.SZ,26.04,17.36
20260918,300893.SZ,16.27,10.85
20260918,300894.SZ,12.3,8.2
20260918,300895.SZ,66.94,44.62
20260918,300896.SZ,106.56,71.04
20260918,300897.SZ,18.48,12.32
20260918,300898.SZ,23.24,15.5
20260918,300899.SZ,35.77,23.85
20260918,300900.SZ,27.58,18.38
20260918,300901.SZ,21.96,14.64
20260918,300902.SZ,20.72,13.82
20260918,300903.SZ,135.42,90.28
20260918,300904.SZ,51.79,34.53
20260918,300905.SZ,46.3,30.86
20260918,300906.SZ,34.0,22.66
20260918,300907.SZ,65.2,43.46
20260918,300908.SZ,19.97,13.31
20260918,300909.SZ,71.64,47.76
20260918,300910.SZ,32.75,21.83
20260918,300911.SZ,34.5,23.0
20260918,300912.SZ,23.21,15.47
20260918,300913.SZ,50.99,33.99
20260918,300915.SZ,23.88,15.92
20260918,300916.SZ,30.47,20.31
20260918,300917.SZ,34.04,22.7
20260918,300918.SZ,12.65,8.43
20260918,300919.SZ,44.99,29.99
20260918,300920.SZ,41.46,27.64
20260918,300921.SZ,18.6,12.4
20260918,300922.SZ,21.44,14.3
20260918,300923.SZ,27.79,18.53
20260918,300925.SZ,16.68,11.12
20260918,300926.SZ,19.69,13.13
20260918,300927.SZ,31.9,21.26
20260918,300928.SZ,27.35,18.23
20260918,300929.SZ,18.79,12.53
20260918,300930.SZ,28.98,19.32
20260918,300931.SZ,19.84,13.22
20260918,300932.SZ,12.86,8.58
20260918,300933.SZ,7.86,5.24
20260918,300935.SZ,32.08,21.38
20260918,300936.SZ,96.36,64.24
20260918,300937.SZ,28.94,19.3
20260918,300938.SZ,37.4,24.94
20260918,300939.SZ,114.48,76.32
20260918,300940.SZ,15.83,10.55
20260918,300941.SZ,17.54,11.7
20260918,300942.SZ,7.56,5.04
20260918,300943.SZ,39.25,26.17
20260918,300945.SZ,13.99,9.33
20260918,300946.SZ,43.15,28.77
20260918,300947.SZ,17.04,11.36
20260918,300948.SZ,22.43,14.95
20260918,300949.SZ,27.34,18.22
20260918,300950.SZ,22.28,14.86
20260918,300951.SZ,110.12,73.42
20260918,300952.SZ,18.66,12.44
20260918,300953.SZ,115.66,77.1
20260918,300955.SZ,34.12,22.74
20260918,300956.SZ,13.34,8.9
20260918,300957.SZ,37.93,25.29
20260918,300958.SZ,14.18,9.46
20260918,300959.SZ,109.8,73.2
20260918,300960.SZ,19.45,12.97
20260918,300961.SZ,14.2,9.46
20260918,300962.SZ,15.11,10.07
20260918,300963.SZ,13.04,8.7
20260918,300964.SZ,85.51,57.01
20260918,300965.SZ,49.24,32.82
20260918,300966.SZ,28.14,18.76
20260918,300967.SZ,19.85,13.23
20260918,300968.SZ,11.58,7.72
20260918,300969.SZ,97.68,65.12
20260918,300970.SZ,20.57,13.71
20260918,300971.SZ,20.28,13.52
20260918,300972.SZ,202.9,135.26
20260918,300973.SZ,29.71,19.81
20260918,300975.SZ,31.5,21.0
20260918,300976.SZ,74.59,49.73
20260918,300977.SZ,21.22,14.14
20260918,300978.SZ,10.52,7.02
20260918,300979.SZ,38.35,25.57
20260918,300980.SZ,27.52,18.34
20260918,300981.SZ,19.1,12.74
20260918,300982.SZ,16.91,11.27
20260918,300983.SZ,44.59,29.73
20260918,300984.SZ,35.52,23.68
20260918,300985.SZ,45.18,30.12
20260918,300986.SZ,13.08,8.72
20260918,300987.SZ,18.19,12.13
20260918,300988.SZ,18.46,12.3
20260918,300989.SZ,17.89,11.93
20260918,300990.SZ,115.67,77.11
20260918,300991.SZ,37.44,24.96
20260918,300992.SZ,36.13,24.09
20260918,300993.SZ,11.41,7.61
20260918,300994.SZ,13.1,8.74
20260918,300995.SZ,30.4,20.26
20260918,300996.SZ,14.94,9.96
20260918,300997.SZ,17.77,11.85
20260918,300998.SZ,36.5,24.34
20260918,300999.SZ,29.87,19.91
20260918,301000.SZ,29.22,19.48
20260918,301001.SZ,29.36,19.58
20260918,301002.SZ,31.82,21.22
20260918,301003.SZ,63.06,42.04
20260918,301004.SZ,39.14,26.1
20260918,301005.SZ,74.45,49.63
20260918,301006.SZ,15.59,10.39
20260918,301007.SZ,38.41,25.61
20260918,301008.SZ,51.13,34.09
20260918,301009.SZ,10.48,6.98
20260918,301010.SZ,20.84,13.9
20260918,301011.SZ,17.56,11.7
20260918,301012.SZ,26.47,17.65
20260918,301013.SZ,46.87,31.25
20260918,301015.SZ,27.77,18.51
20260918,301016.SZ,17.78,11.86
20260918,301017.SZ,14.62,9.74
20260918,301018.SZ,124.97,83.31
20260918,301019.SZ,17.93,11.95
20260918,301020.SZ,25.22,16.82
20260918,301021.SZ,111.24,74.16
20260918,301022.SZ,26.33,17.55
20260918,301023.SZ,33.8,22.54
20260918,301024.SZ,37.98,25.32
20260918,301025.SZ,12.14,8.1
20260918,301026.SZ,23.0,15.34
20260918,301027.SZ,24.0,16.0
20260918,301028.SZ,15.48,10.32
20260918,301029.SZ,29.18,19.46
20260918,301030.SZ,8.47,5.65
20260918,301031.SZ,114.84,76.56
20260918,301032.SZ,11.98,7.98
20260918,301033.SZ,63.38,42.26
20260918,301035.SZ,64.2,42.8
20260918,301036.SZ,25.44,16.96
20260918,301037.SZ,14.59,9.73
20260918,301038.SZ,20.26,13.5
20260918,301039.SZ,8.87,5.91
20260918,301040.SZ,31.7,21.14
20260918,301041.SZ,40.64,27.1
20260918,301042.SZ,36.37,24.25
20260918,301043.SZ,59.02,39.34
20260918,301045.SZ,88.2,58.8
20260918,301046.SZ,37.69,25.13
20260918,301047.SZ,129.79,86.53
20260918,301048.SZ,10.68,7.12
20260918,301049.SZ,23.52,15.68
20260918,301050.SZ,32.54,21.7
20260918,301051.SZ,21.41,14.27
20260918,301052.SZ,28.08,18.72
20260918,301053.SZ,42.67,28.45
20260918,301055.SZ,35.82,23.88
20260918,301056.SZ,16.64,11.1
20260918,301057.SZ,24.17,16.11
20260918,301058.SZ,10.44,6.96
20260918,301059.SZ,14.63,9.75
20260918,301060.SZ,13.03,8.69
20260918,301061.SZ,48.85,32.57
20260918,301062.SZ,8.41,5.61
20260918,301063.SZ,20.3,13.54
20260918,301065.SZ,22.84,15.22
20260918,301066.SZ,13.9,9.26
20260918,301067.SZ,39.12,26.08
20260918,301068.SZ,30.58,20.38
20260918,301069.SZ,19.16,12.78
20260918,301070.SZ,78.9,52.6
20260918,301071.SZ,85.63,57.09
20260918,301072.SZ,53.14,35.42
20260918,301073.SZ,21.08,14.06
20260918,301075.SZ,77.17,51.45
20260918,301076.SZ,24.62,16.42
20260918,301077.SZ,26.29,17.53
20260918,301078.SZ,8.27,5.51
20260918,301079.SZ,32.28,21.52
20260918,301080.SZ,119.14,79.42
20260918,301081.SZ,20.12,13.42
20260918,301082.SZ,11.68,7.78
20260918,301083.SZ,16.16,10.78
20260918,301085.SZ,89.77,59.85
20260918,301086.SZ,186.98,124.66
20260918,301087.SZ,63.94,42.62
20260918,301088.SZ,15.62,10.42
20260918,301089.SZ,26.41,17.61
20260918,301090.SZ,8.17,5.45
20260918,301091.SZ,22.54,15.02
20260918,301092.SZ,51.3,34.2
20260918,301093.SZ,71.27,47.51
20260918,301095.SZ,89.66,59.78
20260918,301096.SZ,60.42,40.28
20260918,301097.SZ,40.63,27.09
20260918,301098.SZ,10.33,6.89
20260918,301099.SZ,61.48,40.98
20260918,301100.SZ,18.13,12.09
20260918,301101.SZ,35.16,23.44
20260918,301102.SZ,11.16,7.44
20260918,301103.SZ,18.85,12.57
20260918,301105.SZ,57.62,38.42
20260918,301106.SZ,22.69,15.13
20260918,301107.SZ,27.29,18.19
20260918,301108.SZ,50.0,33.34
20260918,301109.SZ,15.5,10.34
20260918,301110.SZ,42.1,28.06
20260918,301111.SZ,26.16,17.44
20260918,301112.SZ,35.62,23.74
20260918,301113.SZ,20.42,13.62
20260918,301115.SZ,37.63,25.09
20260918,301116.SZ,10.72,7.14
20260918,301117.SZ,15.88,10.58
20260918,301118.SZ,27.41,18.27
20260918,301119.SZ,30.3,20.2
20260918,301120.SZ,17.33,11.55
20260918,301121.SZ,41.72,27.82
20260918,301122.SZ,56.53,37.69
20260918,301123.SZ,94.8,63.2
20260918,301125.SZ,15.82,10.54
20260918,301126.SZ,12.12,8.08
20260918,301127.SZ,20.46,13.64
20260918,301128.SZ,148.66,99.1
20260918,301129.SZ,27.32,18.22
20260918,301130.SZ,32.12,21.42
20260918,301131.SZ,38.24,25.5
20260918,301132.SZ,71.93,47.95
20260918,301133.SZ,32.87,21.91
20260918,301135.SZ,20.42,13.62
20260918,301136.SZ,14.33,9.55
20260918,301137.SZ,37.4,24.94
20260918,301138.SZ,33.26,22.18
20260918,301139.SZ,3.97,2.65
20260918,301141.SZ,44.06,29.38
20260918,301148.SZ,70.32,46.88
20260918,301149.SZ,10.42,6.94
20260918,301150.SZ,47.58,31.72
20260918,301151.SZ,25.07,16.71
20260918,301152.SZ,25.2,16.8
20260918,301153.SZ,20.45,13.63
20260918,301155.SZ,51.6,34.4
20260918,301156.SZ,13.86,9.24
20260918,301157.SZ,74.0,49.34
20260918,301158.SZ,16.56,11.04
20260918,301159.SZ,36.36,24.24
20260918,301160.SZ,50.4,33.6
20260918,301161.SZ,35.76,23.84
20260918,301162.SZ,42.7,28.46
20260918,301163.SZ,25.93,17.29
20260918,301165.SZ,139.3,92.86
20260918,301166.SZ,34.44,22.96
20260918,301167.SZ,15.22,10.14
20260918,301168.SZ,47.83,31.89
20260918,301169.SZ,62.58,41.72
20260918,301170.SZ,26.34,17.56
20260918,301171.SZ,40.73,27.15
20260918,301172.SZ,22.09,14.73
20260918,301173.SZ,38.52,25.68
20260918,301175.SZ,6.77,4.51
20260918,301176.SZ,67.51,45.01
20260918,301177.SZ,26.83,17.89
20260918,301178.SZ,42.84,28.56
20260918,301179.SZ,24.52,16.34
20260918,301180.SZ,13.74,9.16
20260918,301181.SZ,27.95,18.63
20260918,301182.SZ,83.4,55.6
20260918,301183.SZ,356.52,237.68
20260918,301185.SZ,19.93,13.29
20260918,301186.SZ,41.74,27.82
20260918,301187.SZ,17.15,11.43
20260918,301188.SZ,39.96,26.64
20260918,301189.SZ,77.7,51.8
20260918,301190.SZ,22.28,14.86
20260918,301191.SZ,102.72,68.48
20260918,301192.SZ,22.2,14.8
20260918,301193.SZ,22.67,15.11
20260918,301195.SZ,30.86,20.58
20260918,301196.SZ,106.37,70.91
20260918,301197.SZ,29.81,19.87
20260918,301198.SZ,14.54,9.7
20260918,301199.SZ,21.56,14.38
20260918,301200.SZ,310.66,207.1
20260918,301201.SZ,40.51,27.01
20260918,301202.SZ,43.37,28.91
20260918,301203.SZ,39.65,26.43
20260918,301205.SZ,360.48,240.32
20260918,301206.SZ,28.24,18.82
20260918,301207.SZ,21.76,14.5
20260918,301208.SZ,35.36,23.58
20260918,301209.SZ,71.7,47.8
20260918,301210.SZ,36.41,24.27
20260918,301211.SZ,13.88,9.26
20260918,301212.SZ,30.31,20.21
20260918,301213.SZ,47.56,31.7
20260918,301215.SZ,6.35,4.23
20260918,301216.SZ,20.74,13.82
20260918,301217.SZ,134.22,89.48
20260918,301218.SZ,52.88,35.26
20260918,301219.SZ,49.0,32.66
20260918,301220.SZ,37.3,24.86
20260918,301221.SZ,30.96,20.64
20260918,301222.SZ,30.37,20.25
20260918,301223.SZ,21.07,14.05
20260918,301225.SZ,72.02,48.02
20260918,301226.SZ,35.64,23.76
20260918,301227.SZ,37.86,25.24
20260918,301228.SZ,67.99,45.33
20260918,301229.SZ,13.79,9.19
20260918,301230.SZ,38.15,25.43
20260918,301231.SZ,32.64,21.76
20260918,301232.SZ,108.12,72.08
20260918,301233.SZ,37.33,24.89
20260918,301234.SZ,133.44,88.96
20260918,301235.SZ,53.22,35.48
20260918,301236.SZ,43.76,29.18
20260918,301237.SZ,46.79,31.19
20260918,301238.SZ,19.15,12.77
20260918,301239.SZ,37.09,24.73
20260918,301246.SZ,20.76,13.84
20260918,301248.SZ,65.46,43.64
20260918,301251.SZ,90.38,60.26
20260918,301252.SZ,44.4,29.6
20260918,301255.SZ,22.56,15.04
20260918,301256.SZ,11.58,7.72
20260918,301257.SZ,46.14,30.76
20260918,301258.SZ,29.63,19.75
20260918,301259.SZ,23.21,15.47
20260918,301260.SZ,13.6,9.06
20260918,301261.SZ,66.59,44.39
20260918,301262.SZ,23.88,15.92
20260918,301263.SZ,23.29,15.53
20260918,301265.SZ,27.19,18.13
20260918,301266.SZ,29.06,19.38
20260918,301267.SZ,17.69,11.79
20260918,301268.SZ,14.14,9.42
20260918,301269.SZ,102.68,68.46
20260918,301270.SZ,39.71,26.47
20260918,301272.SZ,40.8,27.2
20260918,301273.SZ,43.84,29.22
20260918,301275.SZ,48.74,32.5
20260918,301276.SZ,20.18,13.46
20260918,301277.SZ,11.75,7.83
20260918,301278.SZ,33.02,22.02
20260918,301279.SZ,27.0,18.0
20260918,301280.SZ,53.28,35.52
20260918,301281.SZ,59.53,39.69
20260918,301282.SZ,54.96,36.64
20260918,301283.SZ,30.36,20.24
20260918,301285.SZ,107.88,71.92
20260918,301286.SZ,54.92,36.62
20260918,301287.SZ,50.47,33.65
20260918,301288.SZ,19.16,12.78
20260918,301289.SZ,51.7,34.46
20260918,301290.SZ,32.5,21.66
20260918,301291.SZ,40.82,27.22
20260918,301292.SZ,74.59,49.73
20260918,301293.SZ,58.67,39.11
20260918,301295.SZ,43.9,29.26
20260918,301296.SZ,7.49,4.99
20260918,301297.SZ,56.35,37.57
20260918,301298.SZ,14.44,9.62
20260918,301299.SZ,54.48,36.32
20260918,301300.SZ,42.3,28.2
20260918,301301.SZ,9.55,6.37
20260918,301302.SZ,24.66,16.44
20260918,301303.SZ,16.76,11.18
20260918,301305.SZ,29.69,19.79
20260918,301306.SZ,118.08,78.72
20260918,301307.SZ,69.97,46.65
20260918,301308.SZ,402.11,268.07
20260918,301309.SZ,36.24,24.16
20260918,301310.SZ,61.18,40.78
20260918,301311.SZ,16.1,10.74
20260918,301312.SZ,102.0,68.0
20260918,301313.SZ,36.16,24.1
20260918,301314.SZ,53.22,35.48
20260918,301315.SZ,45.02,30.02
20260918,301316.SZ,43.8,29.2
20260918,301317.SZ,60.2,40.14
20260918,301318.SZ,24.7,16.46
20260918,301319.SZ,114.9,76.6
20260918,301320.SZ,16.48,10.98
20260918,301321.SZ,57.54,38.36
20260918,301322.SZ,52.27,34.85
20260918,301323.SZ,91.93,61.29
20260918,301325.SZ,37.66,25.1
20260918,301326.SZ,123.55,82.37
20260918,301327.SZ,47.23,31.49
20260918,301328.SZ,62.24,41.5
20260918,301329.SZ,25.12,16.74
20260918,301330.SZ,30.55,20.37
20260918,301331.SZ,24.64,16.42
20260918,301332.SZ,9.08,6.06
20260918,301333.SZ,75.1,50.06
20260918,301335.SZ,28.26,18.84
20260918,301336.SZ,50.23,33.49
20260918,301337.SZ,31.14,20.76
20260918,301338.SZ,120.55,80.37
20260918,301339.SZ,13.16,8.78
20260918,301345.SZ,276.78,184.52
20260918,301348.SZ,26.15,17.43
20260918,301349.SZ,53.77,35.85
20260918,301353.SZ,22.45,14.97
20260918,301355.SZ,13.75,9.17
20260918,301356.SZ,22.22,14.82
20260918,301357.SZ,114.13,76.09
20260918,301358.SZ,63.78,42.52
20260918,301359.SZ,21.94,14.62
20260918,301360.SZ,72.3,48.2
20260918,301361.SZ,31.18,20.78
20260918,301362.SZ,138.42,92.28
20260918,301363.SZ,18.52,12.34
20260918,301365.SZ,44.39,29.59
20260918,301366.SZ,79.7,53.14
20260918,301367.SZ,52.67,35.11
20260918,301368.SZ,43.68,29.12
20260918,301369.SZ,157.43,104.95
20260918,301370.SZ,10.08,6.72
20260918,301371.SZ,24.54,16.36
20260918,301372.SZ,38.52,25.68
20260918,301373.SZ,143.82,95.88
20260918,301376.SZ,27.17,18.11
20260918,301377.SZ,479.04,319.36
20260918,301378.SZ,28.08,18.72
20260918,301379.SZ,25.55,17.03
20260918,301380.SZ,38.87,25.91
20260918,301381.SZ,28.81,19.21
20260918,301382.SZ,43.72,29.14
20260918,301383.SZ,26.88,17.92
20260918,301386.SZ,23.04,15.36
20260918,301387.SZ,68.22,45.48
20260918,301388.SZ,29.28,19.52
20260918,301389.SZ,71.45,47.63
20260918,301390.SZ,54.0,36.0
20260918,301391.SZ,51.49,34.33
20260918,301392.SZ,206.5,137.66
20260918,301393.SZ,70.73,47.15
20260918,301395.SZ,13.88,9.26
20260918,301396.SZ,209.88,139.92
20260918,301397.SZ,26.76,17.84
20260918,301398.SZ,44.52,29.68
20260918,301399.SZ,23.94,15.96
20260918,301408.SZ,17.03,11.35
20260918,301413.SZ,67.51,45.01
20260918,301418.SZ,40.18,26.78
20260918,301419.SZ,50.82,33.88
20260918,301421.SZ,94.92,63.28
20260918,301428.SZ,31.3,20.86
20260918,301429.SZ,20.51,13.67
20260918,301439.SZ,16.99,11.33
20260918,301446.SZ,45.17,30.11
20260918,301448.SZ,55.98,37.32
20260918,301449.SZ,46.98,31.32
20260918,301456.SZ,29.64,19.76
20260918,301458.SZ,46.46,30.98
20260918,301459.SZ,38.93,25.95
20260918,301468.SZ,38.38,25.58
20260918,301469.SZ,33.37,22.25
20260918,301479.SZ,63.22,42.14
20260918,301486.SZ,259.38,172.92
20260918,301487.SZ,19.12,12.74
20260918,301488.SZ,111.29,74.19
20260918,301489.SZ,148.12,98.74
20260918,301491.SZ,43.66,29.1
20260918,301498.SZ,44.68,29.78
20260918,301499.SZ,29.42,19.62
20260918,301500.SZ,31.38,20.92
20260918,301501.SZ,32.3,21.54
20260918,301502.SZ,61.8,41.2
20260918,301503.SZ,25.06,16.7
20260918,301505.SZ,22.91,15.27
20260918,301507.SZ,14.21,9.47
20260918,301508.SZ,28.64,19.1
20260918,301509.SZ,34.84,23.22
20260918,301510.SZ,31.79,21.19
20260918,301511.SZ,128.3,85.54
20260918,301512.SZ,36.2,24.14
20260918,301513.SZ,52.61,35.07
20260918,301515.SZ,22.42,14.94
20260918,301516.SZ,23.5,15.66
20260918,301517.SZ,44.4,29.6
20260918,301518.SZ,26.54,17.7
20260918,301519.SZ,13.7,9.14
20260918,301520.SZ,90.04,60.02
20260918,301522.SZ,27.59,18.39
20260918,301525.SZ,43.63,29.09
20260918,301526.SZ,38.59,25.73
20260918,301528.SZ,85.32,56.88
20260918,301529.SZ,145.76,97.18
20260918,301531.SZ,60.68,40.46
20260918,301533.SZ,35.34,23.56
20260918,301535.SZ,16.32,10.88
20260918,301536.SZ,135.44,90.3
20260918,301538.SZ,47.51,31.67
20260918,301539.SZ,17.88,11.92
20260918,301548.SZ,62.82,41.88
20260918,301550.SZ,112.8,75.2
20260918,301551.SZ,26.03,17.35
20260918,301552.SZ,28.5,19.0
20260918,301555.SZ,42.6,28.4
20260918,301556.SZ,74.71,49.81
20260918,301557.SZ,99.96,66.64
20260918,301558.SZ,8.1,5.4
20260918,301559.SZ,15.36,10.24
20260918,301560.SZ,27.79,18.53
20260918,301563.SZ,133.43,88.95
20260918,301565.SZ,22.63,15.09
20260918,301566.SZ,31.14,20.76
20260918,301567.SZ,41.76,27.84
20260918,301568.SZ,85.27,56.85
20260918,301571.SZ,87.49,58.33
20260918,301575.SZ,27.73,18.49
20260918,301577.SZ,71.04,47.36
20260918,301578.SZ,27.68,18.46
20260918,301580.SZ,66.13,44.09
20260918,301581.SZ,42.19,28.13
20260918,301583.SZ,142.56,95.04
20260918,301584.SZ,23.3,15.54
20260918,301585.SZ,34.25,22.83
20260918,301586.SZ,34.79,23.19
20260918,301587.SZ,25.01,16.67
20260918,301588.SZ,33.16,22.1
20260918,301589.SZ,188.94,125.96
20260918,301590.SZ,80.76,53.84
20260918,301591.SZ,52.46,34.98
20260918,301592.SZ,134.56,89.7
20260918,301595.SZ,53.12,35.42
20260918,301596.SZ,55.87,37.25
20260918,301598.SZ,59.8,39.86
20260918,301599.SZ,38.18,25.46
20260918,301600.SZ,92.89,61.93
20260918,301601.SZ,17.59,11.73
20260918,301602.SZ,18.38,12.26
20260918,301603.SZ,147.78,98.52
20260918,301606.SZ,63.37,42.25
20260918,301607.SZ,53.1,35.4
20260918,301608.SZ,57.16,38.1
20260918,301609.SZ,37.73,25.15
20260918,301611.SZ,112.8,75.2
20260918,301613.SZ,40.9,27.26
20260918,301616.SZ,41.3,27.54
20260918,301617.SZ,63.44,42.3
20260918,301618.SZ,36.24,24.16
20260918,301622.SZ,43.94,29.3
20260918,301626.SZ,390.24,260.16
20260918,301628.SZ,144.12,96.08
20260918,301629.SZ,336.0,224.0
20260918,301630.SZ,242.17,161.45
20260918,301631.SZ,72.76,48.5
20260918,301632.SZ,15.53,10.35
20260918,301633.SZ,69.84,46.56
20260918,301636.SZ,44.71,29.81
20260918,301638.SZ,25.82,17.22
20260918,301655.SZ,26.3,17.54
20260918,301656.SZ,16.99,11.33
20260918,301658.SZ,25.68,17.12
20260918,301662.SZ,81.9,54.6
20260918,301665.SZ,26.56,17.7
20260918,301666.SZ,449.48,299.66
20260918,301667.SZ,67.97,45.31
20260918,301668.SZ,37.8,25.2
20260918,301669.SZ,30.02,20.02
20260918,301677.SZ,60.41,40.27
20260918,301678.SZ,59.02,39.34
20260918,301680.SZ,120.6,80.4
20260918,301682.SZ,132.19,88.13
20260918,301683.SZ,114.54,76.36
20260918,301687.SZ,61.07,40.71
20260918,301688.SZ,43.56,29.04
20260918,301689.SZ,63.0,42.0
20260918,301696.SZ,110.94,73.96
20260918,301697.SZ,30.78,20.52
20260918,301699.SZ,34.18,22.78
20260918,301707.SZ,83.75,55.83
20260918,301717.SZ,430.8,287.2
20260918,302132.SZ,71.4,47.6
20260918,600000.SH,9.97,8.15
20260918,600004.SH,8.36,6.84
20260918,600006.SH,5.87,4.81
20260918,600007.SH,21.9,17.92
20260918,600008.SH,3.0,2.46
20260918,600009.SH,24.72,20.22
20260918,600010.SH,2.32,1.9
20260918,600011.SH,7.45,6.09
20260918,600012.SH,17.74,14.52
20260918,600015.SH,6.9,5.64
20260918,600016.SH,3.91,3.2
20260918,600017.SH,3.12,2.56
20260918,600018.SH,5.97,4.89
20260918,600019.SH,6.29,5.15
20260918,600020.SH,4.22,3.46
20260918,600021.SH,14.63,11.97
20260918,600022.SH,1.44,1.18
20260918,600023.SH,5.57,4.55
20260918,600025.SH,10.7,8.76
20260918,600026.SH,24.3,19.88
20260918,600027.SH,5.26,4.3
20260918,600028.SH,5.65,4.63
20260918,600029.SH,5.35,4.37
20260918,600030.SH,28.78,23.54
20260918,600031.SH,19.88,16.26
20260918,600032.SH,7.76,6.35
20260918,600033.SH,3.98,3.26
20260918,600035.SH,4.04,3.3
20260918,600036.SH,44.66,36.54
20260918,600037.SH,7.67,6.27
20260918,600038.SH,29.71,24.31
20260918,600039.SH,9.69,7.93
20260918,600048.SH,5.54,4.54
20260918,600050.SH,4.62,3.78
20260918,600051.SH,6.71,5.49
20260918,600052.SH,4.09,3.35
20260918,600053.SH,7.71,6.31
20260918,600054.SH,11.74,9.6
20260918,600055.SH,11.0,9.0
20260918,600056.SH,9.8,8.02
20260918,600057.SH,6.5,5.32
20260918,600058.SH,9.9,8.1
20260918,600059.SH,10.84,8.87
20260918,600060.SH,30.5,24.96
20260918,600061.SH,6.81,5.57
20260918,600062.SH,17.38,14.22
20260918,600063.SH,6.01,4.91
20260918,600064.SH,8.51,6.97
20260918,600066.SH,28.96,23.7
20260918,600067.SH,3.0,2.46
20260918,600071.SH,17.94,14.68
20260918,600072.SH,9.71,7.95
20260918,600073.SH,6.04,4.94
20260918,600075.SH,4.95,4.05
20260918,600076.SH,2.4,1.96
20260918,600078.SH,11.18,9.14
20260918,600079.SH,20.26,16.58
20260918,600080.SH,5.2,4.26
20260918,600081.SH,11.4,9.32
20260918,600082.SH,3.47,2.84
20260918,600084.SH,4.82,3.94
20260918,600085.SH,25.54,20.9
20260918,600088.SH,17.82,14.58
20260918,600089.SH,19.7,16.12
20260918,600094.SH,4.48,3.66
20260918,600095.SH,9.47,7.75
20260918,600096.SH,31.12,25.46
20260918,600097.SH,10.15,8.31
20260918,600098.SH,6.9,5.64
20260918,600099.SH,10.01,8.19
20260918,600100.SH,7.41,6.07
20260918,600101.SH,8.68,7.1
20260918,600103.SH,3.91,3.2
20260918,600104.SH,12.31,10.07
20260918,600105.SH,49.65,40.63
20260918,600106.SH,4.87,3.99
20260918,600107.SH,6.18,5.06
20260918,600108.SH,4.65,3.81
20260918,600109.SH,8.99,7.35
20260918,600110.SH,13.06,10.68
20260918,600111.SH,40.4,33.06
20260918,600113.SH,33.79,27.65
20260918,600114.SH,30.56,25.0
20260918,600115.SH,3.69,3.02
20260918,600116.SH,6.77,5.54
20260918,600117.SH,2.4,1.96
20260918,600118.SH,63.13,51.65
20260918,600119.SH,5.41,4.43
20260918,600120.SH,5.18,4.24
20260918,600121.SH,5.58,4.56
20260918,600123.SH,7.7,6.3
20260918,600125.SH,5.8,4.74
20260918,600126.SH,6.72,5.5
20260918,600127.SH,14.32,11.72
20260918,600128.SH,9.15,7.49
20260918,600129.SH,14.7,12.02
20260918,600130.SH,4.85,3.97
20260918,600131.SH,15.65,12.81
20260918,600132.SH,41.56,34.0
20260918,600133.SH,8.71,7.13
20260918,600135.SH,8.58,7.02
20260918,600136.SH,1.63,1.33
20260918,600137.SH,18.94,15.5
20260918,600138.SH,7.69,6.29
20260918,600141.SH,32.0,26.18
20260918,600143.SH,14.41,11.79
20260918,600148.SH,17.37,14.21
20260918,600149.SH,5.47,4.47
20260918,600150.SH,42.86,35.06
20260918,600151.SH,10.46,8.56
20260918,600152.SH,8.75,7.16
20260918,600153.SH,9.05,7.41
20260918,600155.SH,6.52,5.34
20260918,600156.SH,9.37,7.67
20260918,600157.SH,1.67,1.37
20260918,600158.SH,7.74,6.34
20260918,600159.SH,3.0,2.46
20260918,600160.SH,38.47,31.47
20260918,600161.SH,13.31,10.89
20260918,600162.SH,4.98,4.08
20260918,600163.SH,6.52,5.34
20260918,600165.SH,3.74,3.06
20260918,600166.SH,3.09,2.53
20260918,600167.SH,6.16,5.04
20260918,600168.SH,4.76,3.9
20260918,600169.SH,2.35,1.93
20260918,600170.SH,2.42,1.98
20260918,600171.SH,24.79,20.29
20260918,600172.SH,17.67,14.45
20260918,600173.SH,6.39,5.23
20260918,600176.SH,51.87,42.44
20260918,600177.SH,8.91,7.29
20260918,600178.SH,10.64,8.7
20260918,600179.SH,4.99,4.09
20260918,600180.SH,1.85,1.51
20260918,600182.SH,13.27,12.01
20260918,600183.SH,160.63,131.43
20260918,600184.SH,24.31,19.89
20260918,600185.SH,5.23,4.28
20260918,600186.SH,13.87,11.35
20260918,600187.SH,1.41,1.15
20260918,600188.SH,22.17,18.14
20260918,600189.SH,8.46,6.92
20260918,600191.SH,10.56,8.64
20260918,600192.SH,8.34,6.82
20260918,600195.SH,7.36,6.02
20260918,600196.SH,23.96,19.6
20260918,600197.SH,10.15,8.31
20260918,600198.SH,8.25,6.75
20260918,600199.SH,7.56,6.18
20260918,600201.SH,12.85,10.51
20260918,600202.SH,5.45,4.46
20260918,600203.SH,10.98,8.98
20260918,600206.SH,55.61,45.5
20260918,600207.SH,5.26,4.3
20260918,600208.SH,3.09,2.53
20260918,600210.SH,6.88,5.63
20260918,600211.SH,39.35,32.19
20260918,600212.SH,6.55,5.36
20260918,600215.SH,6.79,5.55
20260918,600216.SH,13.79,11.29
20260918,600217.SH,3.56,2.92
20260918,600218.SH,8.26,6.76
20260918,600219.SH,5.13,4.19
20260918,600221.SH,1.35,1.11
20260918,600222.SH,8.51,6.97
20260918,600223.SH,5.98,4.9
20260918,600226.SH,6.53,5.35
20260918,600227.SH,4.4,3.6
20260918,600228.SH,12.39,10.13
20260918,600229.SH,6.44,5.27
20260918,600230.SH,14.61,11.95
20260918,600231.SH,1.87,1.53
20260918,600232.SH,7.13,5.83
20260918,600233.SH,19.33,15.81
20260918,600234.SH,23.0,18.82
20260918,600235.SH,6.35,5.19
20260918,600236.SH,10.62,8.69
20260918,600237.SH,10.36,8.48
20260918,600238.SH,5.02,4.1
20260918,600239.SH,1.55,1.27
20260918,600241.SH,7.93,6.49
20260918,600243.SH,3.72,3.04
20260918,600246.SH,14.32,11.72
20260918,600248.SH,3.1,2.54
20260918,600249.SH,5.95,4.87
20260918,600250.SH,9.81,8.03
20260918,600251.SH,11.2,9.16
20260918,600252.SH,2.43,1.99
20260918,600255.SH,3.96,3.24
20260918,600256.SH,7.54,6.17
20260918,600257.SH,6.15,5.03
20260918,600258.SH,12.36,10.12
20260918,600259.SH,88.15,72.13
20260918,600261.SH,3.51,2.87
20260918,600262.SH,16.19,13.25
20260918,600265.SH,24.27,19.85
20260918,600266.SH,4.49,3.67
20260918,600267.SH,12.52,10.24
20260918,600268.SH,11.24,9.2
20260918,600269.SH,4.2,3.44
20260918,600271.SH,7.29,5.97
20260918,600272.SH,16.54,13.54
20260918,600273.SH,6.95,5.69
20260918,600276.SH,47.55,38.91
20260918,600278.SH,7.11,5.81
20260918,600279.SH,4.82,3.94
20260918,600280.SH,3.26,2.66
20260918,600281.SH,5.07,4.15
20260918,600282.SH,4.97,4.07
20260918,600283.SH,8.82,7.22
20260918,600284.SH,5.52,4.52
20260918,600285.SH,21.03,17.21
20260918,600287.SH,5.39,4.41
20260918,600288.SH,11.7,9.58
20260918,600289.SH,4.55,3.73
20260918,600292.SH,12.93,10.58
20260918,600293.SH,3.74,3.06
20260918,600295.SH,14.34,11.74
20260918,600298.SH,43.91,35.93
20260918,600299.SH,9.05,7.41
20260918,600300.SH,3.45,2.83
20260918,600301.SH,49.97,40.89
20260918,600302.SH,7.68,6.28
20260918,600303.SH,3.32,2.72
20260918,600305.SH,7.29,5.97
20260918,600307.SH,1.64,1.34
20260918,600308.SH,3.54,2.9
20260918,600309.SH,77.36,63.3
20260918,600310.SH,5.09,4.17
20260918,600312.SH,21.11,17.27
20260918,600313.SH,7.85,6.43
20260918,600315.SH,19.53,15.98
20260918,600316.SH,35.57,29.11
20260918,600318.SH,7.29,5.97
20260918,600319.SH,6.84,5.6
20260918,600320.SH,4.55,3.73
20260918,600322.SH,2.93,2.39
20260918,600323.SH,32.13,26.29
20260918,600325.SH,2.6,2.12
20260918,600326.SH,7.48,6.12
20260918,600327.SH,4.27,3.49
20260918,600328.SH,6.19,5.07
20260918,600329.SH,37.44,30.64
20260918,600330.SH,32.63,26.69
20260918,600331.SH,12.51,10.23
20260918,600332.SH,21.34,17.46
20260918,600333.SH,7.39,6.05
20260918,600335.SH,5.71,4.67
20260918,600336.SH,7.03,5.75
20260918,600337.SH,3.36,2.75
20260918,600338.SH,13.76,11.26
20260918,600339.SH,3.6,2.94
20260918,600340.SH,1.18,0.96
20260918,600343.SH,21.67,17.73
20260918,600345.SH,59.79,48.92
20260918,600346.SH,18.02,14.74
20260918,600348.SH,9.94,8.14
20260918,600350.SH,11.08,9.06
20260918,600351.SH,7.26,5.94
20260918,600352.SH,12.69,10.39
20260918,600353.SH,37.27,30.49
20260918,600354.SH,10.73,8.78
20260918,600356.SH,11.21,9.17
20260918,600358.SH,5.54,4.54
20260918,600359.SH,8.58,7.02
20260918,600360.SH,11.65,9.53
20260918,600361.SH,3.84,3.14
20260918,600362.SH,47.59,38.93
20260918,600363.SH,16.74,13.7
20260918,600365.SH,3.07,2.51
20260918,600366.SH,12.11,9.91
20260918,600367.SH,39.86,32.62
20260918,600368.SH,4.54,3.72
20260918,600369.SH,4.32,3.54
20260918,600370.SH,1.62,1.32
20260918,600371.SH,17.2,14.08
20260918,600372.SH,12.56,10.28
20260918,600373.SH,8.14,6.66
20260918,600375.SH,4.08,3.34
20260918,600376.SH,3.41,2.79
20260918,600377.SH,14.07,11.51
20260918,600378.SH,51.91,42.47
20260918,600379.SH,15.51,12.69
20260918,600380.SH,10.08,8.24
20260918,600381.SH,4.17,3.41
20260918,600382.SH,6.78,5.54
20260918,600383.SH,2.37,1.94
20260918,600386.SH,3.89,3.19
20260918,600388.SH,19.23,15.73
20260918,600389.SH,20.03,16.39
20260918,600390.SH,5.31,4.35
20260918,600391.SH,45.35,37.11
20260918,600392.SH,23.45,19.19
20260918,600395.SH,5.57,4.55
20260918,600396.SH,14.42,11.8
20260918,600397.SH,18.37,15.03
20260918,600398.SH,6.34,5.18
20260918,600399.SH,4.85,3.97
20260918,600400.SH,3.66,3.0
20260918,600403.SH,7.7,6.3
20260918,600405.SH,5.47,4.47
20260918,600406.SH,24.15,19.76
20260918,600408.SH,3.39,2.77
20260918,600409.SH,6.93,5.67
20260918,600410.SH,17.91,14.65
20260918,600415.SH,12.78,10.46
20260918,600416.SH,9.25,7.57
20260918,600418.SH,21.32,17.44
20260918,600419.SH,9.39,7.69
20260918,600420.SH,9.04,7.4
20260918,600422.SH,8.92,7.3
20260918,600423.SH,3.03,2.48
20260918,600425.SH,3.96,3.24
20260918,600426.SH,21.36,17.48
20260918,600428.SH,12.21,9.99
20260918,600429.SH,5.02,4.1
20260918,600433.SH,3.61,2.95
20260918,600435.SH,12.25,10.03
20260918,600436.SH,129.62,106.06
20260918,600438.SH,12.2,9.98
20260918,600439.SH,2.05,1.67
20260918,600444.SH,15.33,12.55
20260918,600446.SH,11.44,9.36
20260918,600448.SH,3.54,2.9
20260918,600449.SH,14.04,11.48
20260918,600452.SH,9.85,8.06
20260918,600455.SH,25.59,20.93
20260918,600456.SH,27.5,22.5
20260918,600458.SH,12.46,10.2
20260918,600459.SH,20.81,17.03
20260918,600460.SH,35.19,28.79
20260918,600461.SH,9.8,8.02
20260918,600463.SH,8.71,7.13
20260918,600467.SH,2.67,2.19
20260918,600468.SH,6.85,5.61
20260918,600469.SH,5.46,4.46
20260918,600470.SH,6.23,5.09
20260918,600475.SH,16.19,13.25
20260918,600476.SH,11.28,9.23
20260918,600477.SH,2.65,2.17
20260918,600478.SH,5.09,4.17
20260918,600479.SH,12.63,10.33
20260918,600480.SH,8.35,6.83
20260918,600481.SH,4.48,3.66
20260918,600482.SH,35.86,29.34
20260918,600483.SH,12.03,9.85
20260918,600486.SH,57.44,47.0
20260918,600487.SH,75.34,61.64
20260918,600488.SH,6.59,5.39
20260918,600489.SH,26.29,21.51
20260918,600490.SH,7.82,6.4
20260918,600491.SH,1.88,1.54
20260918,600493.SH,6.83,5.59
20260918,600495.SH,4.43,3.63
20260918,600496.SH,3.59,2.93
20260918,600497.SH,10.35,8.47
20260918,600498.SH,47.76,39.08
20260918,600499.SH,14.82,12.12
20260918,600500.SH,6.41,5.25
20260918,600501.SH,16.13,13.19
20260918,600502.SH,4.69,3.83
20260918,600503.SH,2.39,1.95
20260918,600505.SH,11.69,9.57
20260918,600506.SH,18.15,14.85
20260918,600507.SH,4.49,3.67
20260918,600508.SH,11.5,9.41
20260918,600509.SH,7.92,6.48
20260918,600510.SH,7.02,5.74
20260918,600511.SH,28.64,23.44
20260918,600512.SH,2.28,1.86
20260918,600513.SH,16.27,13.31
20260918,600515.SH,2.98,2.44
20260918,600516.SH,6.06,4.96
20260918,600517.SH,5.4,4.42
20260918,600518.SH,1.47,1.21
20260918,600519.SH,1393.68,1140.28
20260918,600520.SH,27.19,22.25
20260918,600521.SH,17.99,14.72
20260918,600522.SH,40.03,32.75
20260918,600523.SH,13.1,10.72
20260918,600525.SH,5.21,4.27
20260918,600526.SH,5.03,4.11
20260918,600527.SH,2.42,1.98
20260918,600528.SH,7.48,6.12
20260918,600529.SH,20.14,16.48
20260918,600530.SH,4.1,3.36
20260918,600531.SH,13.18,10.78
20260918,600533.SH,2.43,1.99
20260918,600535.SH,15.33,12.55
20260918,600536.SH,34.18,27.96
20260918,600537.SH,2.29,1.87
20260918,600538.SH,5.41,4.43
20260918,600539.SH,14.6,11.94
20260918,600540.SH,6.0,4.91
20260918,600543.SH,4.49,3.67
20260918,600545.SH,5.03,4.11
20260918,600546.SH,14.49,11.85
20260918,600547.SH,36.15,29.57
20260918,600548.SH,8.99,7.35
20260918,600549.SH,54.69,44.75
20260918,600550.SH,11.72,9.59
20260918,600551.SH,8.32,6.8
20260918,600552.SH,19.35,15.83
20260918,600556.SH,5.17,4.23
20260918,600557.SH,13.29,10.87
20260918,600558.SH,5.16,4.22
20260918,600559.SH,12.09,9.89
20260918,600560.SH,12.11,9.91
20260918,600561.SH,6.33,5.18
20260918,600562.SH,30.28,24.78
20260918,600563.SH,134.86,110.34
20260918,600566.SH,27.67,22.64
20260918,600567.SH,1.44,1.18
20260918,600568.SH,2.65,2.17
20260918,600569.SH,1.97,1.61
20260918,600570.SH,21.97,17.97
20260918,600571.SH,11.43,9.35
20260918,600572.SH,4.65,3.81
20260918,600573.SH,10.62,8.69
20260918,600575.SH,3.55,2.91
20260918,600576.SH,5.95,4.87
20260918,600577.SH,8.72,7.14
20260918,600578.SH,5.83,4.77
20260918,600579.SH,7.79,6.37
20260918,600580.SH,29.8,24.38
20260918,600581.SH,2.66,2.18
20260918,600582.SH,5.45,4.46
20260918,600583.SH,6.69,5.47
20260918,600584.SH,74.53,60.98
20260918,600585.SH,18.63,15.25
20260918,600586.SH,4.48,3.66
20260918,600587.SH,13.32,10.9
20260918,600588.SH,10.29,8.42
20260918,600589.SH,8.49,6.95
20260918,600590.SH,9.33,7.63
20260918,600592.SH,16.13,13.19
20260918,600593.SH,47.64,38.98
20260918,600594.SH,3.89,3.19
20260918,600595.SH,6.58,5.38
20260918,600596.SH,13.07,10.69
20260918,600597.SH,7.41,6.07
20260918,600598.SH,13.83,11.31
20260918,600600.SH,55.12,45.1
20260918,600601.SH,16.07,13.15
20260918,600602.SH,18.57,15.19
20260918,600603.SH,5.41,4.43
20260918,600604.SH,4.96,4.06
20260918,600605.SH,29.21,23.9
20260918,600606.SH,1.45,1.19
20260918,600609.SH,3.94,3.22
20260918,600610.SH,8.31,6.8
20260918,600611.SH,4.92,4.02
20260918,600612.SH,34.49,28.22
20260918,600613.SH,9.39,7.69
20260918,600615.SH,10.22,8.36
20260918,600616.SH,5.14,4.2
20260918,600617.SH,3.6,2.94
20260918,600618.SH,10.74,8.78
20260918,600619.SH,14.31,11.71
20260918,600620.SH,4.79,3.92
20260918,600621.SH,14.1,11.54
20260918,600622.SH,2.63,2.15
20260918,600623.SH,9.31,7.61
20260918,600624.SH,5.03,4.11
20260918,600626.SH,4.07,3.33
20260918,600628.SH,6.88,5.63
20260918,600629.SH,17.77,14.54
20260918,600630.SH,8.29,6.79
20260918,600633.SH,11.1,9.08
20260918,600635.SH,4.97,4.07
20260918,600637.SH,9.27,7.59
20260918,600638.SH,5.25,4.29
20260918,600639.SH,10.36,8.48
20260918,600640.SH,12.06,9.86
20260918,600641.SH,40.48,33.12
20260918,600642.SH,9.47,7.75
20260918,600643.SH,4.36,3.56
20260918,600644.SH,10.79,8.83
20260918,600645.SH,19.86,16.25
20260918,600648.SH,10.34,8.46
20260918,600649.SH,4.25,3.47
20260918,600650.SH,11.25,9.21
20260918,600651.SH,5.71,4.67
20260918,600653.SH,1.9,1.56
20260918,600654.SH,3.32,2.72
20260918,600655.SH,5.04,4.12
20260918,600657.SH,3.12,2.56
20260918,600658.SH,4.44,3.64
20260918,600660.SH,59.49,48.67
20260918,600661.SH,9.55,7.81
20260918,600662.SH,4.61,3.77
20260918,600663.SH,9.77,7.99
20260918,600664.SH,8.16,6.68
20260918,600665.SH,3.77,3.09
20260918,600666.SH,3.77,3.09
20260918,600667.SH,22.63,18.51
20260918,600668.SH,7.82,6.4
20260918,600671.SH,24.37,19.94
20260918,600673.SH,34.91,28.57
20260918,600674.SH,17.51,14.33
20260918,600675.SH,2.45,2.01
20260918,600676.SH,7.32,5.99
20260918,600678.SH,6.33,5.18
20260918,600679.SH,10.98,8.98
20260918,600681.SH,3.8,3.11
20260918,600682.SH,6.12,5.0
20260918,600683.SH,10.34,8.46
20260918,600684.SH,3.83,3.13
20260918,600685.SH,31.35,25.65
20260918,600686.SH,11.87,9.71
20260918,600688.SH,3.05,2.49
20260918,600689.SH,13.21,10.81
20260918,600690.SH,22.77,18.63
20260918,600691.SH,3.22,2.64
20260918,600692.SH,6.97,5.71
20260918,600693.SH,10.08,8.24
20260918,600694.SH,15.69,12.83
20260918,600697.SH,12.41,10.15
20260918,600698.SH,7.88,6.44
20260918,600699.SH,21.86,17.88
20260918,600702.SH,35.53,29.07
20260918,600703.SH,14.12,11.56
20260918,600704.SH,5.36,4.38
20260918,600706.SH,9.01,7.37
20260918,600707.SH,10.16,8.32
20260918,600708.SH,3.28,2.68
20260918,600710.SH,12.32,10.08
20260918,600711.SH,11.86,9.7
20260918,600712.SH,5.57,4.55
20260918,600713.SH,5.46,4.46
20260918,600714.SH,18.87,15.44
20260918,600715.SH,1.8,1.48
20260918,600716.SH,3.95,3.23
20260918,600717.SH,4.71,3.85
20260918,600718.SH,8.51,6.97
20260918,600719.SH,8.42,6.89
20260918,600720.SH,5.64,4.62
20260918,600721.SH,13.06,10.68
20260918,600722.SH,17.51,14.33
20260918,600724.SH,5.36,4.38
20260918,600725.SH,3.6,2.94
20260918,600726.SH,5.59,4.57
20260918,600727.SH,8.15,6.67
20260918,600728.SH,4.94,4.04
20260918,600729.SH,20.33,16.63
20260918,600730.SH,9.12,7.46
20260918,600731.SH,6.38,5.22
20260918,600732.SH,11.07,9.05
20260918,600733.SH,4.94,4.04
20260918,600734.SH,2.16,1.76
20260918,600735.SH,7.23,5.91
20260918,600736.SH,7.02,5.74
20260918,600737.SH,16.23,13.28
20260918,600738.SH,4.68,3.83
20260918,600739.SH,11.25,9.21
20260918,600740.SH,4.18,3.42
20260918,600741.SH,16.7,13.66
20260918,600742.SH,8.54,6.98
20260918,600743.SH,2.29,1.87
20260918,600744.SH,7.01,5.73
20260918,600745.SH,18.15,14.85
20260918,600746.SH,7.54,6.17
20260918,600748.SH,4.17,3.41
20260918,600749.SH,14.94,12.22
20260918,600750.SH,24.6,20.12
20260918,600751.SH,3.31,2.71
20260918,600753.SH,13.19,10.79
20260918,600754.SH,20.17,16.51
20260918,600755.SH,6.06,4.96
20260918,600756.SH,14.85,12.15
20260918,600757.SH,7.95,6.51
20260918,600758.SH,4.04,3.3
20260918,600759.SH,2.59,2.12
20260918,600760.SH,48.4,39.6
20260918,600761.SH,16.94,13.86
20260918,600763.SH,35.86,29.34
20260918,600764.SH,20.53,16.79
20260918,600765.SH,14.72,12.04
20260918,600768.SH,15.81,12.93
20260918,600769.SH,16.8,13.74
20260918,600770.SH,6.16,5.04
20260918,600771.SH,14.89,12.19
20260918,600773.SH,11.0,9.0
20260918,600774.SH,8.33,6.81
20260918,600775.SH,10.45,8.55
20260918,600776.SH,14.66,12.0
20260918,600777.SH,4.41,3.61
20260918,600778.SH,6.35,5.19
20260918,600779.SH,27.92,22.84
20260918,600780.SH,6.77,5.54
20260918,600782.SH,2.95,2.41
20260918,600783.SH,16.37,13.39
20260918,600784.SH,7.77,6.35
20260918,600785.SH,11.01,9.01
20260918,600787.SH,5.03,4.11
20260918,600789.SH,8.27,6.77
20260918,600790.SH,3.77,3.09
20260918,600791.SH,7.5,6.14
20260918,600792.SH,5.87,4.81
20260918,600793.SH,18.08,14.8
20260918,600794.SH,3.54,2.9
20260918,600795.SH,5.79,4.73
20260918,600796.SH,5.56,4.55
20260918,600797.SH,7.18,5.88
20260918,600798.SH,3.89,3.19
20260918,600800.SH,3.62,2.96
20260918,600801.SH,26.62,21.78
20260918,600802.SH,6.35,5.19
20260918,600803.SH,20.56,16.82
20260918,600805.SH,4.94,4.04
20260918,600807.SH,2.88,2.36
20260918,600808.SH,2.78,2.28
20260918,600809.SH,124.39,101.77
20260918,600810.SH,6.88,5.63
20260918,600812.SH,4.98,4.08
20260918,600814.SH,7.45,6.09
20260918,600815.SH,4.0,3.28
20260918,600816.SH,2.65,2.17
20260918,600817.SH,10.44,8.54
20260918,600818.SH,9.99,8.17
20260918,600819.SH,6.22,5.09
20260918,600820.SH,5.83,4.77
20260918,600821.SH,6.7,5.48
20260918,600822.SH,10.32,8.44
20260918,600824.SH,3.94,3.22
20260918,600825.SH,5.84,4.78
20260918,600826.SH,8.13,6.65
20260918,600827.SH,8.4,6.88
20260918,600828.SH,4.49,3.67
20260918,600829.SH,10.32,8.44
20260918,600830.SH,9.21,7.53
20260918,600831.SH,3.63,2.97
20260918,600833.SH,11.23,9.19
20260918,600834.SH,8.37,6.85
20260918,600835.SH,19.5,15.96
20260918,600838.SH,8.59,7.03
20260918,600839.SH,7.3,5.98
20260918,600841.SH,6.33,5.18
20260918,600843.SH,7.49,6.13
20260918,600844.SH,3.75,3.07
20260918,600845.SH,18.48,15.12
20260918,600846.SH,12.06,9.86
20260918,600847.SH,13.92,11.39
20260918,600848.SH,9.26,7.58
20260918,600850.SH,15.21,12.45
20260918,600851.SH,9.1,7.44
20260918,600853.SH,3.61,2.95
20260918,600854.SH,5.07,4.15
20260918,600855.SH,14.39,11.77
20260918,600857.SH,23.2,18.98
20260918,600858.SH,5.46,4.46
20260918,600859.SH,10.51,8.6
20260918,600860.SH,8.97,7.34
20260918,600861.SH,13.86,11.34
20260918,600862.SH,19.67,16.09
20260918,600863.SH,5.15,4.21
20260918,600864.SH,6.4,5.24
20260918,600865.SH,11.48,9.4
20260918,600866.SH,4.47,3.65
20260918,600867.SH,8.6,7.04
20260918,600868.SH,3.11,2.55
20260918,600869.SH,23.43,19.17
20260918,600871.SH,2.39,1.95
20260918,600872.SH,18.89,15.45
20260918,600873.SH,8.26,6.76
20260918,600874.SH,6.09,4.99
20260918,600875.SH,26.38,21.58
20260918,600876.SH,9.2,7.52
20260918,600877.SH,13.06,10.68
20260918,600879.SH,15.69,12.83
20260918,600880.SH,5.41,4.43
20260918,600881.SH,1.93,1.58
20260918,600882.SH,21.11,17.27
20260918,600883.SH,8.71,7.13
20260918,600884.SH,12.12,9.92
20260918,600885.SH,37.37,30.57
20260918,600886.SH,15.86,12.98
20260918,600887.SH,29.22,23.9
20260918,600888.SH,10.76,8.8
20260918,600889.SH,14.49,11.85
20260918,600892.SH,4.47,3.65
20260918,600893.SH,43.31,35.43
20260918,600894.SH,7.84,6.42
20260918,600895.SH,30.79,25.19
20260918,600897.SH,16.19,13.25
20260918,600900.SH,31.31,25.61
20260918,600901.SH,7.39,6.05
20260918,600903.SH,7.12,5.82
20260918,600905.SH,3.99,3.27
20260918,600906.SH,6.92,5.66
20260918,600908.SH,6.42,5.26
20260918,600909.SH,8.5,6.96
20260918,600916.SH,8.14,6.66
20260918,600917.SH,5.41,4.43
20260918,600918.SH,5.94,4.86
20260918,600919.SH,13.24,10.84
20260918,600925.SH,4.54,3.72
20260918,600926.SH,18.84,15.42
20260918,600927.SH,13.39,10.95
20260918,600928.SH,3.89,3.19
20260918,600929.SH,6.53,5.35
20260918,600930.SH,4.29,3.51
20260918,600933.SH,14.58,11.93
20260918,600935.SH,2.51,2.05
20260918,600936.SH,4.88,4.0
20260918,600938.SH,35.83,29.31
20260918,600939.SH,2.88,2.36
20260918,600941.SH,106.59,87.21
20260918,600955.SH,13.6,11.12
20260918,600956.SH,7.9,6.46
20260918,600958.SH,9.61,7.87
20260918,600959.SH,3.44,2.82
20260918,600960.SH,4.38,3.58
20260918,600961.SH,27.05,22.13
20260918,600962.SH,28.46,23.28
20260918,600963.SH,3.74,3.06
20260918,600965.SH,3.0,2.46
20260918,600966.SH,5.46,4.46
20260918,600967.SH,14.6,11.94
20260918,600968.SH,4.35,3.56
20260918,600969.SH,10.88,8.9
20260918,600970.SH,8.45,6.91
20260918,600971.SH,9.28,7.6
20260918,600973.SH,6.6,5.4
20260918,600975.SH,5.72,4.68
20260918,600976.SH,28.84,23.6
20260918,600977.SH,14.04,11.48
20260918,600979.SH,4.4,3.6
20260918,600980.SH,20.42,16.7
20260918,600981.SH,2.66,2.18
20260918,600982.SH,5.61,4.59
20260918,600983.SH,8.12,6.64
20260918,600984.SH,3.83,3.13
20260918,600985.SH,18.33,14.99
20260918,600986.SH,7.76,6.35
20260918,600987.SH,7.03,5.75
20260918,600988.SH,47.78,39.1
20260918,600989.SH,25.55,20.91
20260918,600990.SH,19.75,16.16
20260918,600992.SH,10.55,8.63
20260918,600993.SH,24.67,20.19
20260918,600995.SH,13.39,10.95
20260918,600996.SH,7.7,6.3
20260918,600997.SH,5.73,4.69
20260918,600998.SH,5.54,4.54
20260918,600999.SH,18.99,15.53
20260918,601000.SH,5.01,4.1
20260918,601001.SH,18.57,15.19
20260918,601002.SH,5.74,4.7
20260918,601003.SH,3.86,3.16
20260918,601005.SH,1.32,1.08
20260918,601006.SH,5.18,4.24
20260918,601007.SH,7.43,6.08
20260918,601008.SH,4.87,3.99
20260918,601009.SH,12.95,10.59
20260918,601010.SH,1.58,1.3
20260918,601011.SH,3.19,2.61
20260918,601012.SH,12.09,9.89
20260918,601015.SH,4.06,3.32
20260918,601016.SH,3.75,3.07
20260918,601018.SH,3.86,3.16
20260918,601019.SH,7.41,6.07
20260918,601020.SH,23.46,19.2
20260918,601021.SH,45.99,37.63
20260918,601022.SH,9.2,7.52
20260918,601026.SH,15.95,13.05
20260918,601033.SH,15.96,13.06
20260918,601038.SH,15.7,12.84
20260918,601058.SH,15.18,12.42
20260918,601059.SH,17.12,14.0
20260918,601061.SH,12.24,10.02
20260918,601065.SH,7.35,6.01
20260918,601066.SH,25.51,20.87
20260918,601068.SH,4.85,3.97
20260918,601069.SH,30.68,25.1
20260918,601077.SH,7.21,5.9
20260918,601083.SH,13.66,11.18
20260918,601086.SH,16.06,13.14
20260918,601088.SH,51.13,41.83
20260918,601089.SH,17.01,13.91
20260918,601091.SH,99999.999,0.01
20260918,601096.SH,4.49,3.67
20260918,601098.SH,11.36,9.3
20260918,601099.SH,3.74,3.06
20260918,601100.SH,102.84,84.14
20260918,601101.SH,14.22,11.64
20260918,601106.SH,3.28,2.68
20260918,601107.SH,6.6,5.4
20260918,601108.SH,9.22,7.54
20260918,601111.SH,6.35,5.19
20260918,601112.SH,18.02,14.74
20260918,601113.SH,3.74,3.06
20260918,601116.SH,10.7,8.76
20260918,601117.SH,7.88,6.44
20260918,601118.SH,6.85,5.61
20260918,601121.SH,7.77,6.35
20260918,601123.SH,17.78,14.54
20260918,601126.SH,43.67,35.73
20260918,601127.SH,51.83,42.41
20260918,601128.SH,6.95,5.69
20260918,601133.SH,26.0,21.28
20260918,601136.SH,15.4,12.6
20260918,601137.SH,21.89,17.91
20260918,601138.SH,67.4,55.14
20260918,601139.SH,6.97,5.71
20260918,601155.SH,12.25,10.03
20260918,601156.SH,19.76,16.16
20260918,601158.SH,4.44,3.64
20260918,601162.SH,3.92,3.2
20260918,601163.SH,13.66,11.18
20260918,601166.SH,19.53,15.98
20260918,601168.SH,39.0,31.91
20260918,601169.SH,6.09,4.99
20260918,601177.SH,14.8,12.11
20260918,601179.SH,13.26,10.85
20260918,601186.SH,6.63,5.43
20260918,601187.SH,7.69,6.29
20260918,601188.SH,3.17,2.59
20260918,601198.SH,14.37,11.75
20260918,601199.SH,7.16,5.86
20260918,601200.SH,7.55,6.17
20260918,601208.SH,57.53,47.07
20260918,601211.SH,19.05,15.59
20260918,601212.SH,6.67,5.45
20260918,601216.SH,5.09,4.17
20260918,601218.SH,6.31,5.17
20260918,601222.SH,6.46,5.28
20260918,601225.SH,27.96,22.88
20260918,601226.SH,7.13,5.83
20260918,601228.SH,3.41,2.79
20260918,601229.SH,10.55,8.63
20260918,601231.SH,29.06,23.78
20260918,601233.SH,25.96,21.24
20260918,601236.SH,7.35,6.01
20260918,601238.SH,5.6,4.58
20260918,601279.SH,3.91,3.2
20260918,601288.SH,7.58,6.2
20260918,601298.SH,10.73,8.78
20260918,601311.SH,8.12,6.64
20260918,601318.SH,58.69,48.02
20260918,601319.SH,8.46,6.92
20260918,601326.SH,3.93,3.21
20260918,601328.SH,8.34,6.82
20260918,601330.SH,9.2,7.52
20260918,601333.SH,3.44,2.82
20260918,601336.SH,63.17,51.69
20260918,601339.SH,7.95,6.51
20260918,601360.SH,9.52,7.79
20260918,601366.SH,3.96,3.24
20260918,601368.SH,4.92,4.02
20260918,601369.SH,9.24,7.56
20260918,601375.SH,4.35,3.56
20260918,601377.SH,6.44,5.27
20260918,601388.SH,3.55,2.91
20260918,601390.SH,4.71,3.85
20260918,601398.SH,8.95,7.33
20260918,601399.SH,3.49,2.85
20260918,601456.SH,9.45,7.73
20260918,601500.SH,4.31,3.53
20260918,601512.SH,9.1,7.44
20260918,601515.SH,3.6,2.94
20260918,601518.SH,3.07,2.51
20260918,601519.SH,8.84,7.24
20260918,601528.SH,5.56,4.55
20260918,601555.SH,9.11,7.45
20260918,601566.SH,9.68,7.92
20260918,601567.SH,15.63,12.79
20260918,601568.SH,4.02,3.29
20260918,601577.SH,10.79,8.83
20260918,601579.SH,32.84,26.87
20260918,601588.SH,1.86,1.52
20260918,601595.SH,25.55,20.91
20260918,601598.SH,7.17,5.87
20260918,601599.SH,3.56,2.92
20260918,601600.SH,10.08,8.24
20260918,601601.SH,35.07,28.69
20260918,601606.SH,35.64,29.16
20260918,601607.SH,17.67,14.45
20260918,601608.SH,5.15,4.21
20260918,601609.SH,14.32,11.72
20260918,601611.SH,11.32,9.26
20260918,601615.SH,10.52,8.6
20260918,601616.SH,4.16,3.4
20260918,601618.SH,2.76,2.26
20260918,601619.SH,4.58,3.74
20260918,601628.SH,40.87,33.44
20260918,601633.SH,15.62,12.78
20260918,601636.SH,6.08,4.98
20260918,601658.SH,5.92,4.84
20260918,601665.SH,7.58,6.2
20260918,601666.SH,9.83,8.05
20260918,601668.SH,4.7,3.84
20260918,601669.SH,5.09,4.17
20260918,601677.SH,18.33,14.99
20260918,601678.SH,6.41,5.25
20260918,601686.SH,5.61,4.59
20260918,601688.SH,19.94,16.32
20260918,601689.SH,48.14,39.38
20260918,601696.SH,12.29,10.05
20260918,601698.SH,25.88,21.18
20260918,601699.SH,16.83,13.77
20260918,601700.SH,6.94,5.68
20260918,601702.SH,16.46,13.46
20260918,601717.SH,15.38,12.58
20260918,601718.SH,2.15,1.76
20260918,601727.SH,6.99,5.72
20260918,601728.SH,6.88,5.63
20260918,601766.SH,6.55,5.36
20260918,601777.SH,8.73,7.15
20260918,601778.SH,3.87,3.17
20260918,601788.SH,15.21,12.45
20260918,601789.SH,4.52,3.7
20260918,601798.SH,8.2,6.71
20260918,601799.SH,78.46,64.2
20260918,601800.SH,6.39,5.23
20260918,601801.SH,5.81,4.75
20260918,601808.SH,13.28,10.86
20260918,601811.SH,13.9,11.38
20260918,601816.SH,5.24,4.28
20260918,601818.SH,3.36,2.75
20260918,601825.SH,9.56,7.82
20260918,601827.SH,8.72,7.14
20260918,601828.SH,2.33,1.91
20260918,601838.SH,21.26,17.4
20260918,601857.SH,11.68,9.56
20260918,601858.SH,22.04,18.04
20260918,601860.SH,2.85,2.33
20260918,601865.SH,10.04,8.22
20260918,601866.SH,2.72,2.22
20260918,601868.SH,2.7,2.21
20260918,601869.SH,513.73,420.33
20260918,601872.SH,24.04,19.67
20260918,601877.SH,27.14,22.2
20260918,601878.SH,9.88,8.08
20260918,601880.SH,1.6,1.31
20260918,601881.SH,13.15,10.76
20260918,601882.SH,24.12,19.74
20260918,601886.SH,14.77,12.09
20260918,601888.SH,56.27,46.04
20260918,601890.SH,10.64,8.7
20260918,601898.SH,15.41,12.61
20260918,601899.SH,33.99,27.81
20260918,601900.SH,13.5,11.04
20260918,601901.SH,7.43,6.08
20260918,601908.SH,3.23,2.65
20260918,601916.SH,3.21,2.63
20260918,601918.SH,11.24,9.2
20260918,601919.SH,17.9,14.64
20260918,601921.SH,8.11,6.63
20260918,601928.SH,9.09,7.43
20260918,601929.SH,2.7,2.21
20260918,601933.SH,3.29,2.69
20260918,601939.SH,12.0,9.82
20260918,601949.SH,6.69,5.47
20260918,601952.SH,10.23,8.37
20260918,601956.SH,5.31,4.35
20260918,601958.SH,22.03,18.03
20260918,601963.SH,12.13,9.93
20260918,601965.SH,14.53,11.89
20260918,601966.SH,11.43,9.35
20260918,601968.SH,4.94,4.04
20260918,601969.SH,10.1,8.26
20260918,601975.SH,5.06,4.14
20260918,601985.SH,9.91,8.11
20260918,601988.SH,7.24,5.92
20260918,601990.SH,7.28,5.96
20260918,601991.SH,6.05,4.95
20260918,601992.SH,1.51,1.23
20260918,601995.SH,34.98,28.62
20260918,601996.SH,3.16,2.58
20260918,601997.SH,6.15,5.03
20260918,601998.SH,9.83,8.05
20260918,601999.SH,7.6,6.22
20260918,603000.SH,19.02,15.56
20260918,603001.SH,10.43,8.53
20260918,603002.SH,21.14,17.3
20260918,603004.SH,20.42,16.7
20260918,603005.SH,32.75,26.79
20260918,603006.SH,11.69,9.57
20260918,603007.SH,5.1,4.18
20260918,603008.SH,9.85,8.06
20260918,603009.SH,52.11,42.63
20260918,603010.SH,13.31,10.89
20260918,603011.SH,30.28,24.78
20260918,603012.SH,9.93,8.13
20260918,603013.SH,15.59,12.75
20260918,603014.SH,33.88,27.72
20260918,603015.SH,11.8,9.66
20260918,603016.SH,30.48,24.94
20260918,603017.SH,10.73,8.78
20260918,603018.SH,5.67,4.64
20260918,603019.SH,90.95,74.41
20260918,603020.SH,12.46,10.2
20260918,603021.SH,5.84,4.78
20260918,603022.SH,9.52,7.79
20260918,603023.SH,4.5,3.68
20260918,603025.SH,14.7,12.02
20260918,603026.SH,67.16,54.95
20260918,603027.SH,8.0,6.54
20260918,603028.SH,7.45,6.09
20260918,603029.SH,17.92,14.66
20260918,603030.SH,2.3,1.88
20260918,603031.SH,46.35,37.93
20260918,603032.SH,20.54,16.8
20260918,603033.SH,8.01,6.55
20260918,603035.SH,11.11,9.09
20260918,603036.SH,14.19,11.61
20260918,603037.SH,10.93,8.95
20260918,603038.SH,18.65,15.26
20260918,603039.SH,39.0,31.91
20260918,603040.SH,52.53,42.98
20260918,603041.SH,12.14,9.94
20260918,603042.SH,19.46,15.92
20260918,603043.SH,14.39,11.77
20260918,603045.SH,55.67,45.55
20260918,603048.SH,25.41,20.79
20260918,603049.SH,49.43,40.45
20260918,603050.SH,19.88,16.26
20260918,603051.SH,26.18,21.42
20260918,603052.SH,65.21,53.35
20260918,603053.SH,9.6,7.86
20260918,603055.SH,10.27,8.41
20260918,603057.SH,20.48,16.76
20260918,603058.SH,9.57,7.83
20260918,603059.SH,26.32,21.54
20260918,603060.SH,5.89,4.82
20260918,603061.SH,385.53,315.43
20260918,603062.SH,39.83,32.59
20260918,603063.SH,33.18,27.14
20260918,603065.SH,15.35,12.56
20260918,603066.SH,9.93,8.13
20260918,603067.SH,38.84,31.78
20260918,603068.SH,39.81,32.57
20260918,603069.SH,14.66,12.0
20260918,603070.SH,12.51,10.23
20260918,603071.SH,13.52,11.06
20260918,603072.SH,32.67,26.73
20260918,603073.SH,17.4,14.24
20260918,603075.SH,21.46,17.56
20260918,603076.SH,21.46,17.56
20260918,603077.SH,2.48,2.03
20260918,603078.SH,35.65,29.17
20260918,603079.SH,13.89,11.37
20260918,603080.SH,21.18,17.33
20260918,603081.SH,10.36,8.48
20260918,603082.SH,56.29,46.05
20260918,603083.SH,240.93,197.13
20260918,603085.SH,10.9,8.92
20260918,603086.SH,6.4,5.24
20260918,603087.SH,76.05,62.23
20260918,603088.SH,11.28,9.23
20260918,603089.SH,10.37,8.49
20260918,603090.SH,42.78,35.0
20260918,603091.SH,50.66,41.45
20260918,603092.SH,48.75,39.89
20260918,603093.SH,13.9,11.38
20260918,603095.SH,15.76,12.9
20260918,603096.SH,16.85,13.79
20260918,603097.SH,20.11,16.45
20260918,603098.SH,11.63,9.51
20260918,603099.SH,43.11,35.27
20260918,603100.SH,19.77,16.17
20260918,603101.SH,8.09,6.62
20260918,603102.SH,38.94,31.86
20260918,603103.SH,17.62,14.42
20260918,603105.SH,8.7,7.12
20260918,603106.SH,8.11,6.63
20260918,603107.SH,13.37,10.94
20260918,603108.SH,10.2,8.34
20260918,603109.SH,18.65,15.26
20260918,603110.SH,28.06,22.96
20260918,603111.SH,6.48,5.3
20260918,603112.SH,18.7,15.3
20260918,603113.SH,5.43,4.45
20260918,603115.SH,104.95,85.87
20260918,603116.SH,6.81,5.57
20260918,603117.SH,4.4,3.6
20260918,603118.SH,18.43,15.08
20260918,603119.SH,59.79,48.92
20260918,603120.SH,59.21,48.45
20260918,603121.SH,13.44,11.0
20260918,603122.SH,13.64,11.16
20260918,603123.SH,10.51,8.6
20260918,603124.SH,143.85,117.69
20260918,603125.SH,25.87,21.17
20260918,603126.SH,6.84,5.6
20260918,603127.SH,48.53,39.71
20260918,603128.SH,5.92,4.84
20260918,603129.SH,320.21,261.99
20260918,603130.SH,40.68,33.28
20260918,603131.SH,14.84,12.14
20260918,603132.SH,19.94,16.32
20260918,603135.SH,9.49,7.77
20260918,603136.SH,9.89,8.09
20260918,603137.SH,21.09,17.25
20260918,603138.SH,15.57,12.74
20260918,603139.SH,43.02,35.2
20260918,603150.SH,74.01,60.55
20260918,603151.SH,18.34,15.0
20260918,603153.SH,14.27,11.67
20260918,603155.SH,16.43,13.45
20260918,603156.SH,47.58,38.93
20260918,603158.SH,11.42,9.34
20260918,603159.SH,25.25,20.66
20260918,603160.SH,58.0,47.46
20260918,603161.SH,16.8,13.74
20260918,603162.SH,15.49,12.67
20260918,603163.SH,89.43,73.17
20260918,603165.SH,14.7,12.02
20260918,603166.SH,11.86,9.7
20260918,603167.SH,8.93,7.31
20260918,603168.SH,6.24,5.1
20260918,603169.SH,6.74,5.52
20260918,603170.SH,13.11,10.73
20260918,603171.SH,42.15,34.49
20260918,603172.SH,20.43,16.71
20260918,603173.SH,31.36,25.66
20260918,603175.SH,112.0,91.64
20260918,603176.SH,5.8,4.74
20260918,603177.SH,11.56,9.46
20260918,603178.SH,17.18,14.06
20260918,603179.SH,43.36,35.48
20260918,603180.SH,16.7,13.66
20260918,603181.SH,13.52,11.06
20260918,603182.SH,14.52,11.88
20260918,603183.SH,5.41,4.43
20260918,603185.SH,15.48,12.66
20260918,603186.SH,253.0,207.0
20260918,603187.SH,11.75,9.61
20260918,603188.SH,4.95,4.05
20260918,603189.SH,10.29,8.42
20260918,603190.SH,17.23,14.09
20260918,603191.SH,14.53,11.89
20260918,603192.SH,22.17,18.14
20260918,603193.SH,21.75,17.79
20260918,603194.SH,36.67,30.01
20260918,603195.SH,41.75,34.16
20260918,603196.SH,21.15,17.31
20260918,603197.SH,32.01,26.19
20260918,603198.SH,41.84,34.24
20260918,603199.SH,35.81,29.3
20260918,603200.SH,43.89,35.91
20260918,603201.SH,16.47,13.47
20260918,603202.SH,55.94,45.77
20260918,603203.SH,49.42,40.44
20260918,603205.SH,24.93,20.39
20260918,603206.SH,14.84,12.14
20260918,603207.SH,26.35,21.56
20260918,603208.SH,11.79,9.65
20260918,603209.SH,16.13,13.19
20260918,603210.SH,14.21,11.63
20260918,603211.SH,21.91,17.93
20260918,603212.SH,12.45,10.19
20260918,603213.SH,14.96,12.24
20260918,603214.SH,14.41,11.79
20260918,603215.SH,15.54,12.72
20260918,603216.SH,22.0,18.0
20260918,603217.SH,29.92,24.48
20260918,603218.SH,10.22,8.36
20260918,603219.SH,14.11,11.55
20260918,603220.SH,19.72,16.14
20260918,603221.SH,34.42,28.16
20260918,603222.SH,8.58,7.02
20260918,603223.SH,10.75,8.79
20260918,603225.SH,18.26,14.94
20260918,603226.SH,41.54,33.98
20260918,603227.SH,8.2,6.71
20260918,603228.SH,114.69,93.83
20260918,603229.SH,8.36,6.84
20260918,603230.SH,13.48,11.03
20260918,603231.SH,18.29,14.97
20260918,603232.SH,16.31,13.35
20260918,603233.SH,20.14,16.48
20260918,603235.SH,27.51,22.51
20260918,603236.SH,81.03,66.29
20260918,603237.SH,16.27,13.31
20260918,603238.SH,13.0,10.64
20260918,603239.SH,15.08,12.34
20260918,603248.SH,24.57,20.11
20260918,603255.SH,35.73,29.23
20260918,603256.SH,159.7,130.66
20260918,603257.SH,77.46,63.38
20260918,603258.SH,14.41,11.79
20260918,603259.SH,176.54,144.44
20260918,603260.SH,35.19,28.79
20260918,603261.SH,57.56,47.1
20260918,603262.SH,19.62,16.06
20260918,603266.SH,19.67,16.09
20260918,603267.SH,55.26,45.22
20260918,603268.SH,212.85,174.15
20260918,603269.SH,28.3,23.16
20260918,603270.SH,40.13,32.83
20260918,603271.SH,41.97,34.34
20260918,603272.SH,16.89,13.82
20260918,603273.SH,15.62,12.78
20260918,603275.SH,39.28,32.14
20260918,603276.SH,19.46,15.92
20260918,603277.SH,12.56,10.28
20260918,603278.SH,9.86,8.06
20260918,603279.SH,12.13,9.93
20260918,603280.SH,28.38,23.22
20260918,603281.SH,20.0,16.36
20260918,603282.SH,17.67,14.45
20260918,603283.SH,50.52,41.34
20260918,603284.SH,44.44,36.36
20260918,603285.SH,41.8,34.2
20260918,603286.SH,47.91,39.2
20260918,603288.SH,37.28,30.5
20260918,603289.SH,10.38,8.5
20260918,603290.SH,94.26,77.12
20260918,603291.SH,9.77,7.99
20260918,603293.SH,39.9,32.64
20260918,603296.SH,87.45,71.55
20260918,603297.SH,120.74,98.78
20260918,603298.SH,25.87,21.17
20260918,603299.SH,9.52,7.79
20260918,603300.SH,5.05,4.13
20260918,603301.SH,89.91,73.57
20260918,603303.SH,30.0,24.54
20260918,603305.SH,11.84,9.68
20260918,603306.SH,88.45,72.37
20260918,603307.SH,26.71,21.85
20260918,603308.SH,45.65,37.35
20260918,603309.SH,11.84,9.68
20260918,603310.SH,16.21,13.27
20260918,603311.SH,27.5,22.5
20260918,603312.SH,34.42,28.16
20260918,603313.SH,7.43,6.08
20260918,603315.SH,11.76,9.62
20260918,603316.SH,16.69,13.65
20260918,603317.SH,13.93,11.39
20260918,603318.SH,9.87,8.07
20260918,603319.SH,31.25,25.57
20260918,603320.SH,19.58,16.02
20260918,603321.SH,7.44,6.08
20260918,603322.SH,35.09,28.71
20260918,603323.SH,4.91,4.01
20260918,603324.SH,28.8,23.56
20260918,603325.SH,57.01,46.65
20260918,603326.SH,8.04,6.58
20260918,603327.SH,9.22,7.54
20260918,603328.SH,14.85,12.15
20260918,603329.SH,10.91,8.93
20260918,603330.SH,10.19,8.33
20260918,603331.SH,13.78,11.28
20260918,603332.SH,12.58,10.3
20260918,603333.SH,10.42,8.52
20260918,603334.SH,33.24,27.2
20260918,603335.SH,6.85,5.61
20260918,603336.SH,11.0,9.0
20260918,603337.SH,39.71,32.49
20260918,603338.SH,59.26,48.48
20260918,603339.SH,14.03,11.48
20260918,603341.SH,38.65,31.63
20260918,603344.SH,26.29,21.51
20260918,603345.SH,81.87,66.99
20260918,603348.SH,15.36,12.56
20260918,603350.SH,30.45,24.91
20260918,603351.SH,28.18,23.06
20260918,603352.SH,27.65,22.63
20260918,603353.SH,48.55,39.73
20260918,603355.SH,33.0,27.0
20260918,603356.SH,18.22,14.9
20260918,603357.SH,6.42,5.26
20260918,603358.SH,48.61,39.77
20260918,603359.SH,2.48,2.03
20260918,603360.SH,13.56,11.1
20260918,603363.SH,3.18,2.6
20260918,603365.SH,17.63,14.43
20260918,603366.SH,7.58,6.2
20260918,603367.SH,15.16,12.4
20260918,603368.SH,16.81,13.75
20260918,603369.SH,30.04,24.58
20260918,603370.SH,29.78,24.36
20260918,603373.SH,44.24,36.2
20260918,603375.SH,51.69,42.29
20260918,603376.SH,28.93,23.67
20260918,603377.SH,3.62,2.96
20260918,603378.SH,6.6,5.4
20260918,603379.SH,56.3,46.06
20260918,603380.SH,37.36,30.56
20260918,603381.SH,15.81,12.93
20260918,603382.SH,20.32,16.62
20260918,603383.SH,29.3,23.98
20260918,603385.SH,6.04,4.94
20260918,603386.SH,19.37,15.85
20260918,603387.SH,10.26,8.4
20260918,603389.SH,52.92,43.3
20260918,603390.SH,12.06,9.86
20260918,603391.SH,72.93,59.67
20260918,603392.SH,27.47,22.47
20260918,603393.SH,27.37,22.39
20260918,603395.SH,27.56,22.55
20260918,603396.SH,29.63,24.25
20260918,603398.SH,10.01,8.19
20260918,603399.SH,15.21,12.45
20260918,603400.SH,60.14,49.2
20260918,603402.SH,64.19,52.52
20260918,603406.SH,30.42,24.89
20260918,603407.SH,61.81,50.57
20260918,603408.SH,12.91,10.57
20260918,603409.SH,19.15,15.67
20260918,603416.SH,51.4,42.06
20260918,603418.SH,50.51,41.33
20260918,603421.SH,7.71,6.31
20260918,603429.SH,9.55,7.81
20260918,603435.SH,52.59,43.03
20260918,603439.SH,14.51,11.87
20260918,603444.SH,387.27,316.85
20260918,603448.SH,66.11,54.09
20260918,603456.SH,17.03,13.93
20260918,603458.SH,11.98,9.8
20260918,603459.SH,96.89,79.27
20260918,603466.SH,14.14,11.57
20260918,603468.SH,23.89,19.55
20260918,603477.SH,16.1,13.18
20260918,603486.SH,54.21,44.35
20260918,603488.SH,8.69,7.11
20260918,603489.SH,31.72,25.96
20260918,603496.SH,25.03,20.48
20260918,603499.SH,15.05,12.31
20260918,603500.SH,10.01,8.19
20260918,603501.SH,86.48,70.76
20260918,603505.SH,16.51,13.51
20260918,603506.SH,12.58,10.3
20260918,603507.SH,26.38,21.58
20260918,603508.SH,22.97,18.79
20260918,603511.SH,13.12,10.74
20260918,603515.SH,16.06,13.14
20260918,603516.SH,94.14,77.02
20260918,603517.SH,12.72,10.4
20260918,603518.SH,8.35,6.83
20260918,603519.SH,16.98,13.9
20260918,603520.SH,9.22,7.54
20260918,603527.SH,10.76,8.8
20260918,603528.SH,7.13,5.83
20260918,603529.SH,23.68,19.38
20260918,603530.SH,47.85,39.15
20260918,603533.SH,25.77,21.09
20260918,603535.SH,6.74,5.52
20260918,603536.SH,10.62,8.69
20260918,603538.SH,28.55,23.36
20260918,603551.SH,10.15,8.31
20260918,603556.SH,25.23,20.65
20260918,603557.SH,3.63,2.97
20260918,603558.SH,14.71,12.03
20260918,603559.SH,9.99,8.17
20260918,603565.SH,12.66,10.36
20260918,603566.SH,11.12,9.1
20260918,603567.SH,5.84,4.78
20260918,603568.SH,14.72,12.04
20260918,603569.SH,6.33,5.18
20260918,603577.SH,10.31,8.43
20260918,603578.SH,15.46,12.65
20260918,603579.SH,18.81,15.39
20260918,603580.SH,68.55,56.09
20260918,603583.SH,29.27,23.95
20260918,603585.SH,11.51,9.41
20260918,603586.SH,14.81,12.11
20260918,603587.SH,13.33,10.91
20260918,603588.SH,17.2,14.08
20260918,603589.SH,19.09,15.62
20260918,603590.SH,31.41,25.7
20260918,603595.SH,36.4,29.78
20260918,603596.SH,31.36,25.66
20260918,603598.SH,18.91,15.47
20260918,603599.SH,11.56,9.46
20260918,603600.SH,11.14,9.12
20260918,603601.SH,11.02,9.02
20260918,603602.SH,12.53,10.25
20260918,603605.SH,61.22,50.09
20260918,603606.SH,39.07,31.97
20260918,603607.SH,27.5,22.5
20260918,603608.SH,23.33,19.09
20260918,603609.SH,7.04,5.76
20260918,603610.SH,14.83,12.13
20260918,603611.SH,17.33,14.18
20260918,603612.SH,18.04,14.76
20260918,603613.SH,22.74,18.6
20260918,603615.SH,20.55,16.81
20260918,603616.SH,6.14,5.02
20260918,603617.SH,7.41,6.07
20260918,603618.SH,42.49,34.77
20260918,603619.SH,23.23,19.01
20260918,603626.SH,23.42,19.16
20260918,603628.SH,11.19,9.15
20260918,603629.SH,125.24,102.47
20260918,603630.SH,14.66,12.0
20260918,603633.SH,7.15,5.85
20260918,603636.SH,7.28,5.96
20260918,603637.SH,16.36,13.38
20260918,603638.SH,19.69,16.11
20260918,603639.SH,11.35,9.29
20260918,603648.SH,10.31,8.43
20260918,603650.SH,79.48,65.03
20260918,603655.SH,32.14,26.3
20260918,603656.SH,19.18,15.7
20260918,603657.SH,38.45,31.46
20260918,603658.SH,35.38,28.94
20260918,603659.SH,24.35,19.93
20260918,603660.SH,10.21,8.35
20260918,603661.SH,34.46,28.2
20260918,603662.SH,53.44,43.72
20260918,603663.SH,47.98,39.26
20260918,603665.SH,23.79,19.47
20260918,603666.SH,27.91,22.83
20260918,603667.SH,55.56,45.46
20260918,603668.SH,14.03,11.48
20260918,603669.SH,6.35,5.19
20260918,603676.SH,9.63,7.88
20260918,603677.SH,15.35,12.56
20260918,603678.SH,55.0,45.0
20260918,603679.SH,25.96,21.24
20260918,603680.SH,11.07,9.05
20260918,603681.SH,20.96,17.15
20260918,603682.SH,10.71,8.77
20260918,603683.SH,17.86,14.62
20260918,603685.SH,29.81,24.39
20260918,603686.SH,15.47,12.65
20260918,603687.SH,17.02,13.92
20260918,603688.SH,53.19,43.52
20260918,603689.SH,8.46,6.92
20260918,603690.SH,26.36,21.56
20260918,603693.SH,13.71,11.21
20260918,603696.SH,15.09,12.35
20260918,603697.SH,9.93,8.13
20260918,603698.SH,23.32,19.08
20260918,603699.SH,48.84,39.96
20260918,603700.SH,12.38,10.13
20260918,603701.SH,21.73,17.78
20260918,603703.SH,11.12,9.1
20260918,603706.SH,18.57,15.19
20260918,603707.SH,8.22,6.72
20260918,603708.SH,9.65,7.89
20260918,603709.SH,13.5,11.04
20260918,603711.SH,12.39,10.13
20260918,603712.SH,12.41,10.15
20260918,603713.SH,69.94,57.22
20260918,603716.SH,17.59,14.39
20260918,603717.SH,6.46,5.28
20260918,603718.SH,3.34,2.74
20260918,603719.SH,9.76,7.98
20260918,603721.SH,20.43,16.71
20260918,603722.SH,31.44,25.72
20260918,603725.SH,11.75,9.61
20260918,603726.SH,26.22,21.46
20260918,603727.SH,18.72,15.32
20260918,603728.SH,53.0,43.36
20260918,603729.SH,13.64,11.16
20260918,603730.SH,10.73,8.78
20260918,603733.SH,20.46,16.74
20260918,603737.SH,22.12,18.1
20260918,603738.SH,40.29,32.97
20260918,603739.SH,13.49,11.03
20260918,603755.SH,26.48,21.66
20260918,603757.SH,72.89,59.63
20260918,603758.SH,11.9,9.74
20260918,603759.SH,8.0,6.54
20260918,603766.SH,16.37,13.39
20260918,603767.SH,14.75,12.07
20260918,603768.SH,12.61,10.31
20260918,603773.SH,104.5,85.5
20260918,603776.SH,21.38,17.5
20260918,603777.SH,14.38,11.76
20260918,603778.SH,9.77,7.99
20260918,603779.SH,9.06,7.42
20260918,603786.SH,40.92,33.48
20260918,603787.SH,11.12,9.1
20260918,603788.SH,14.77,12.09
20260918,603789.SH,6.51,5.33
20260918,603790.SH,26.63,21.79
20260918,603797.SH,5.09,4.17
20260918,603798.SH,13.92,11.39
20260918,603799.SH,38.7,31.66
20260918,603800.SH,63.64,52.07
20260918,603801.SH,6.41,5.25
20260918,603803.SH,12.65,10.35
20260918,603806.SH,15.42,12.62
20260918,603808.SH,9.23,7.55
20260918,603809.SH,9.37,7.67
20260918,603810.SH,12.97,10.61
20260918,603811.SH,7.45,6.09
20260918,603813.SH,29.12,23.82
20260918,603815.SH,5.69,4.65
20260918,603816.SH,24.53,20.07
20260918,603817.SH,6.24,5.1
20260918,603818.SH,4.21,3.45
20260918,603819.SH,17.27,14.13
20260918,603822.SH,72.55,59.36
20260918,603823.SH,63.36,51.84
20260918,603825.SH,8.47,6.93
20260918,603826.SH,17.88,14.63
20260918,603828.SH,6.16,5.04
20260918,603829.SH,17.02,13.92
20260918,603833.SH,31.19,25.52
20260918,603836.SH,10.25,8.39
20260918,603838.SH,14.88,12.18
20260918,603839.SH,7.28,5.96
20260918,603843.SH,7.45,6.09
20260918,603848.SH,14.3,11.7
20260918,603855.SH,18.36,15.02
20260918,603856.SH,12.51,10.23
20260918,603858.SH,16.08,13.16
20260918,603859.SH,41.76,34.16
20260918,603860.SH,27.64,22.62
20260918,603861.SH,12.21,9.99
20260918,603863.SH,13.37,10.94
20260918,603866.SH,4.6,3.76
20260918,603867.SH,33.37,27.31
20260918,603868.SH,35.79,29.29
20260918,603869.SH,9.2,7.52
20260918,603871.SH,13.64,11.16
20260918,603876.SH,20.61,16.87
20260918,603877.SH,12.95,10.59
20260918,603878.SH,5.36,4.38
20260918,603879.SH,5.47,4.47
20260918,603880.SH,10.68,8.74
20260918,603881.SH,26.18,21.42
20260918,603882.SH,29.88,24.44
20260918,603883.SH,13.87,11.35
20260918,603885.SH,10.98,8.98
20260918,603886.SH,13.33,10.91
20260918,603887.SH,9.76,7.98
20260918,603888.SH,19.91,16.29
20260918,603889.SH,6.63,5.43
20260918,603890.SH,19.2,15.71
20260918,603893.SH,199.33,163.09
20260918,603895.SH,27.93,22.85
20260918,603896.SH,15.4,12.6
20260918,603897.SH,33.1,27.08
20260918,603898.SH,11.94,9.77
20260918,603899.SH,24.11,19.73
20260918,603900.SH,7.36,6.02
20260918,603901.SH,10.07,8.24
20260918,603903.SH,15.47,12.65
20260918,603906.SH,20.01,16.37
20260918,603908.SH,20.43,16.71
20260918,603909.SH,10.66,8.72
20260918,603912.SH,9.16,7.5
20260918,603915.SH,14.28,11.68
20260918,603916.SH,11.67,9.55
20260918,603917.SH,14.96,12.24
20260918,603918.SH,11.47,9.39
20260918,603919.SH,17.77,14.54
20260918,603920.SH,47.82,39.12
20260918,603922.SH,14.21,11.63
20260918,603926.SH,18.79,15.37
20260918,603927.SH,14.67,12.01
20260918,603928.SH,13.45,11.01
20260918,603929.SH,174.45,142.73
20260918,603931.SH,39.16,32.04
20260918,603933.SH,21.01,17.19
20260918,603936.SH,23.61,19.31
20260918,603937.SH,12.51,10.23
20260918,603938.SH,55.4,45.32
20260918,603939.SH,25.03,20.48
20260918,603948.SH,21.13,17.29
20260918,603949.SH,15.3,12.52
20260918,603950.SH,60.91,49.83
20260918,603955.SH,25.14,20.57
20260918,603956.SH,7.51,6.15
20260918,603958.SH,18.15,14.85
20260918,603959.SH,4.98,4.08
20260918,603960.SH,18.7,15.3
20260918,603966.SH,8.03,6.57
20260918,603967.SH,12.85,10.51
20260918,603968.SH,11.43,9.35
20260918,603969.SH,8.24,6.74
20260918,603970.SH,12.19,9.97
20260918,603976.SH,31.91,26.11
20260918,603977.SH,12.31,10.07
20260918,603978.SH,24.23,19.83
20260918,603979.SH,80.52,65.88
20260918,603980.SH,9.06,7.42
20260918,603982.SH,6.96,5.7
20260918,603983.SH,31.1,25.44
20260918,603985.SH,18.28,14.96
20260918,603986.SH,406.87,332.89
20260918,603987.SH,8.07,6.61
20260918,603988.SH,20.12,16.46
20260918,603989.SH,39.01,31.91
20260918,603990.SH,21.47,17.57
20260918,603991.SH,196.92,161.12
20260918,603992.SH,21.59,17.67
20260918,603993.SH,19.09,15.62
20260918,603995.SH,27.96,22.88
20260918,603997.SH,13.59,11.12
20260918,603998.SH,11.25,9.21
20260918,603999.SH,7.19,5.89
20260918,605001.SH,6.31,5.17
20260918,605003.SH,25.65,20.99
20260918,605005.SH,17.92,14.66
20260918,605006.SH,19.18,15.7
20260918,605007.SH,16.24,13.28
20260918,605008.SH,15.35,12.56
20260918,605009.SH,26.2,21.44
20260918,605011.SH,19.69,16.11
20260918,605016.SH,22.89,18.73
20260918,605018.SH,12.54,10.26
20260918,605020.SH,34.85,28.51
20260918,605028.SH,26.19,21.43
20260918,605033.SH,20.36,16.66
20260918,605050.SH,11.08,9.06
20260918,605055.SH,9.66,7.9
20260918,605056.SH,14.73,12.05
20260918,605058.SH,53.64,43.88
20260918,605060.SH,42.43,34.71
20260918,605066.SH,7.51,6.15
20260918,605068.SH,21.13,17.29
20260918,605069.SH,13.66,11.18
20260918,605077.SH,12.54,10.26
20260918,605080.SH,24.88,20.36
20260918,605086.SH,25.74,21.06
20260918,605088.SH,26.59,21.75
20260918,605089.SH,22.45,18.37
20260918,605090.SH,35.55,29.09
20260918,605098.SH,60.82,49.76
20260918,605099.SH,31.54,25.8
20260918,605100.SH,37.18,30.42
20260918,605108.SH,12.87,10.53
20260918,605111.SH,65.15,53.31
20260918,605116.SH,21.21,17.35
20260918,605117.SH,91.19,74.61
20260918,605118.SH,36.15,29.57
20260918,605122.SH,12.69,10.39
20260918,605123.SH,86.17,70.51
20260918,605128.SH,24.89,20.37
20260918,605133.SH,26.02,21.29
20260918,605136.SH,9.31,7.61
20260918,605138.SH,6.57,5.37
20260918,605151.SH,20.05,16.41
20260918,605155.SH,15.84,12.96
20260918,605158.SH,8.58,7.02
20260918,605162.SH,13.42,10.98
20260918,605166.SH,8.99,7.35
20260918,605167.SH,18.13,14.83
20260918,605168.SH,56.83,46.49
20260918,605169.SH,14.04,11.48
20260918,605177.SH,28.31,23.17
20260918,605178.SH,72.44,59.27
20260918,605179.SH,27.8,22.74
20260918,605180.SH,14.0,11.46
20260918,605183.SH,17.24,14.1
20260918,605186.SH,28.05,22.95
20260918,605188.SH,13.12,10.74
20260918,605189.SH,15.6,12.76
20260918,605196.SH,33.98,27.8
20260918,605198.SH,87.84,71.87
20260918,605199.SH,6.28,5.14
20260918,605208.SH,16.25,13.29
20260918,605218.SH,15.5,12.68
20260918,605222.SH,24.82,20.3
20260918,605228.SH,11.64,9.52
20260918,605255.SH,66.74,54.6
20260918,605258.SH,41.12,33.64
20260918,605259.SH,19.1,15.62
20260918,605266.SH,16.7,13.66
20260918,605268.SH,10.44,8.54
20260918,605277.SH,19.29,15.79
20260918,605286.SH,26.51,21.69
20260918,605287.SH,38.95,31.87
20260918,605288.SH,73.98,60.53
20260918,605289.SH,108.17,88.51
20260918,605296.SH,35.89,29.37
20260918,605298.SH,48.24,39.47
20260918,605299.SH,13.43,10.99
20260918,605300.SH,10.87,8.89
20260918,605303.SH,26.05,21.31
20260918,605305.SH,35.19,28.79
20260918,605318.SH,83.73,68.51
20260918,605319.SH,24.41,19.97
20260918,605333.SH,17.83,14.59
20260918,605336.SH,12.5,10.22
20260918,605337.SH,9.69,7.93
20260918,605338.SH,19.1,15.62
20260918,605339.SH,14.04,11.48
20260918,605358.SH,49.8,40.74
20260918,605365.SH,15.27,12.49
20260918,605366.SH,9.22,7.54
20260918,605368.SH,7.34,6.0
20260918,605369.SH,18.52,15.16
20260918,605376.SH,148.8,121.74
20260918,605377.SH,8.91,7.29
20260918,605378.SH,16.13,13.19
20260918,605388.SH,6.45,5.27
20260918,605389.SH,70.8,57.92
20260918,605398.SH,22.35,18.29
20260918,605399.SH,12.46,10.2
20260918,605488.SH,33.14,27.12
20260918,605499.SH,121.92,99.76
20260918,605500.SH,8.01,6.55
20260918,605507.SH,19.03,15.57
20260918,605555.SH,13.15,10.76
20260918,605566.SH,29.57,24.19
20260918,605567.SH,9.96,8.15
20260918,605577.SH,16.5,13.5
20260918,605580.SH,25.73,21.05
20260918,605588.SH,49.91,40.83
20260918,605589.SH,44.42,36.34
20260918,605598.SH,26.68,21.83
20260918,605599.SH,15.36,12.56
20260918,688001.SH,84.58,56.38
20260918,688002.SH,221.4,147.6
20260918,688003.SH,97.44,64.96
20260918,688004.SH,44.52,29.68
20260918,688005.SH,28.48,18.98
20260918,688006.SH,24.83,16.55
20260918,688007.SH,12.28,8.18
20260918,688008.SH,233.2,155.46
20260918,688009.SH,5.54,3.7
20260918,688010.SH,33.07,22.05
20260918,688011.SH,97.63,65.09
20260918,688012.SH,421.48,280.98
20260918,688013.SH,26.58,17.72
20260918,688015.SH,19.18,12.78
20260918,688016.SH,100.98,67.32
20260918,688017.SH,348.76,232.5
20260918,688018.SH,125.02,83.34
20260918,688019.SH,276.0,184.0
20260918,688020.SH,185.87,123.91
20260918,688021.SH,22.69,15.13
20260918,688022.SH,10.5,7.0
20260918,688023.SH,50.86,33.9
20260918,688025.SH,522.0,348.0
20260918,688026.SH,25.21,16.81
20260918,688027.SH,419.46,279.64
20260918,688028.SH,148.3,98.86
20260918,688029.SH,98.04,65.36
20260918,688030.SH,20.9,13.94
20260918,688031.SH,123.58,82.38
20260918,688032.SH,81.37,54.25
20260918,688033.SH,8.92,5.94
20260918,688035.SH,91.98,61.32
20260918,688036.SH,62.77,41.85
20260918,688037.SH,415.2,276.8
20260918,688038.SH,22.3,14.86
20260918,688039.SH,39.35,26.23
20260918,688041.SH,278.4,185.6
20260918,688045.SH,70.5,47.0
20260918,688046.SH,41.46,27.64
20260918,688047.SH,119.88,79.92
20260918,688048.SH,393.71,262.47
20260918,688049.SH,48.01,32.01
20260918,688050.SH,45.17,30.11
20260918,688051.SH,28.5,19.0
20260918,688052.SH,285.84,190.56
20260918,688053.SH,46.32,30.88
20260918,688055.SH,4.44,2.96
20260918,688056.SH,48.74,32.5
20260918,688057.SH,19.46,12.98
20260918,688058.SH,28.39,18.93
20260918,688059.SH,101.28,67.52
20260918,688060.SH,42.67,28.45
20260918,688061.SH,52.93,35.29
20260918,688062.SH,30.88,20.58
20260918,688063.SH,48.98,32.66
20260918,688065.SH,44.4,29.6
20260918,688066.SH,10.38,6.92
20260918,688067.SH,27.05,18.03
20260918,688068.SH,105.32,70.22
20260918,688069.SH,43.44,28.96
20260918,688070.SH,37.8,25.2
20260918,688071.SH,38.46,25.64
20260918,688072.SH,832.8,555.2
20260918,688073.SH,77.69,51.79
20260918,688075.SH,34.01,22.67
20260918,688076.SH,34.44,22.96
20260918,688077.SH,31.6,21.06
20260918,688078.SH,33.5,22.34
20260918,688079.SH,19.97,13.31
20260918,688080.SH,44.4,29.6
20260918,688081.SH,30.78,20.52
20260918,688082.SH,338.94,225.96
20260918,688083.SH,60.37,40.25
20260918,688084.SH,51.26,34.18
20260918,688085.SH,14.71,9.81
20260918,688087.SH,40.2,26.8
20260918,688088.SH,34.8,23.2
20260918,688089.SH,10.19,6.79
20260918,688090.SH,94.27,62.85
20260918,688091.SH,47.1,31.4
20260918,688092.SH,25.22,16.82
20260918,688093.SH,26.89,17.93
20260918,688095.SH,67.84,45.22
20260918,688096.SH,8.8,5.86
20260918,688097.SH,54.04,36.02
20260918,688098.SH,9.6,6.4
20260918,688099.SH,102.5,68.34
20260918,688100.SH,29.41,19.61
20260918,688101.SH,17.28,11.52
20260918,688102.SH,36.89,24.59
20260918,688103.SH,91.09,60.73
20260918,688105.SH,25.37,16.91
20260918,688106.SH,31.91,21.27
20260918,688107.SH,34.74,23.16
20260918,688108.SH,18.73,12.49
20260918,688109.SH,87.0,58.0
20260918,688110.SH,138.64,92.42
20260918,688111.SH,267.66,178.44
20260918,688112.SH,86.58,57.72
20260918,688113.SH,41.1,27.4
20260918,688114.SH,79.5,53.0
20260918,688115.SH,69.72,46.48
20260918,688116.SH,40.74,27.16
20260918,688117.SH,28.48,18.98
20260918,688118.SH,22.91,15.27
20260918,688119.SH,4.5,3.0
20260918,688120.SH,318.0,212.0
20260918,688121.SH,1.38,0.92
20260918,688122.SH,59.33,39.55
20260918,688123.SH,168.72,112.48
20260918,688125.SH,142.8,95.2
20260918,688126.SH,28.42,18.94
20260918,688127.SH,82.21,54.81
20260918,688128.SH,25.94,17.3
20260918,688129.SH,25.63,17.09
20260918,688130.SH,29.75,19.83
20260918,688131.SH,112.96,75.3
20260918,688132.SH,20.56,13.7
20260918,688133.SH,24.16,16.1
20260918,688135.SH,48.62,32.42
20260918,688136.SH,24.11,16.07
20260918,688137.SH,119.7,79.8
20260918,688138.SH,45.12,30.08
20260918,688139.SH,36.77,24.51
20260918,688141.SH,135.0,90.0
20260918,688143.SH,232.92,155.28
20260918,688146.SH,271.08,180.72
20260918,688147.SH,138.82,92.54
20260918,688148.SH,7.08,4.72
20260918,688150.SH,51.36,34.24
20260918,688151.SH,19.54,13.02
20260918,688152.SH,41.92,27.94
20260918,688153.SH,29.72,19.82
20260918,688155.SH,64.93,43.29
20260918,688156.SH,27.64,18.42
20260918,688157.SH,22.46,14.98
20260918,688158.SH,34.38,22.92
20260918,688159.SH,43.02,28.68
20260918,688160.SH,115.63,77.09
20260918,688161.SH,25.19,16.79
20260918,688162.SH,28.61,19.07
20260918,688163.SH,43.18,28.78
20260918,688165.SH,17.65,11.77
20260918,688166.SH,41.52,27.68
20260918,688167.SH,363.07,242.05
20260918,688168.SH,49.82,33.22
20260918,688169.SH,144.66,96.44
20260918,688170.SH,85.64,57.1
20260918,688171.SH,27.31,18.21
20260918,688172.SH,53.6,35.74
20260918,688173.SH,15.16,10.1
20260918,688175.SH,21.74,14.5
20260918,688176.SH,14.89,9.93
20260918,688177.SH,20.09,13.39
20260918,688178.SH,35.15,23.43
20260918,688179.SH,23.52,15.68
20260918,688180.SH,39.26,26.18
20260918,688181.SH,53.96,35.98
20260918,688182.SH,34.04,22.7
20260918,688183.SH,144.42,96.28
20260918,688184.SH,12.71,8.47
20260918,688185.SH,79.26,52.84
20260918,688186.SH,16.85,11.23
20260918,688187.SH,53.92,35.94
20260918,688188.SH,113.71,75.81
20260918,688189.SH,7.68,5.12
20260918,688190.SH,82.44,54.96
20260918,688191.SH,23.99,15.99
20260918,688192.SH,68.15,45.43
20260918,688193.SH,54.22,36.14
20260918,688195.SH,225.0,150.0
20260918,688196.SH,39.38,26.26
20260918,688197.SH,40.07,26.71
20260918,688198.SH,86.4,57.6
20260918,688199.SH,29.83,19.89
20260918,688200.SH,428.05,285.37
20260918,688201.SH,9.02,6.02
20260918,688202.SH,124.67,83.11
20260918,688203.SH,19.51,13.01
20260918,688205.SH,256.92,171.28
20260918,688206.SH,44.71,29.81
20260918,688207.SH,23.16,15.44
20260918,688208.SH,30.11,20.07
20260918,688209.SH,45.34,30.22
20260918,688210.SH,32.87,21.91
20260918,688211.SH,36.13,24.09
20260918,688212.SH,33.44,22.3
20260918,688213.SH,108.18,72.12
20260918,688215.SH,57.42,38.28
20260918,688216.SH,45.4,30.26
20260918,688217.SH,28.39,18.93
20260918,688218.SH,50.99,33.99
20260918,688219.SH,12.07,8.05
20260918,688220.SH,108.28,72.18
20260918,688221.SH,19.1,12.74
20260918,688222.SH,45.22,30.14
20260918,688223.SH,4.49,2.99
20260918,688225.SH,15.72,10.48
20260918,688226.SH,33.42,22.28
20260918,688227.SH,83.44,55.62
20260918,688228.SH,93.36,62.24
20260918,688229.SH,72.16,48.1
20260918,688230.SH,71.04,47.36
20260918,688231.SH,36.95,24.63
20260918,688232.SH,20.66,13.78
20260918,688233.SH,120.22,80.14
20260918,688234.SH,125.27,83.51
20260918,688235.SH,306.49,204.33
20260918,688236.SH,16.28,10.86
20260918,688237.SH,68.69,45.79
20260918,688238.SH,8.12,5.42
20260918,688239.SH,65.11,43.41
20260918,688244.SH,17.45,11.63
20260918,688246.SH,19.34,12.9
20260918,688247.SH,11.02,7.34
20260918,688248.SH,62.05,41.37
20260918,688249.SH,42.01,28.01
20260918,688251.SH,22.13,14.75
20260918,688252.SH,25.03,16.69
20260918,688253.SH,64.8,43.2
20260918,688255.SH,29.93,19.95
20260918,688256.SH,1327.19,884.79
20260918,688257.SH,65.6,43.74
20260918,688258.SH,105.49,70.33
20260918,688259.SH,37.5,25.0
20260918,688260.SH,141.55,94.37
20260918,688261.SH,84.79,56.53
20260918,688262.SH,32.98,21.98
20260918,688265.SH,48.92,32.62
20260918,688266.SH,130.54,87.02
20260918,688267.SH,25.22,16.82
20260918,688268.SH,160.48,106.98
20260918,688269.SH,31.93,21.29
20260918,688270.SH,66.89,44.59
20260918,688271.SH,120.36,80.24
20260918,688272.SH,32.41,21.61
20260918,688273.SH,33.61,22.41
20260918,688275.SH,82.72,55.14
20260918,688276.SH,18.31,12.21
20260918,688277.SH,17.59,11.73
20260918,688278.SH,59.94,39.96
20260918,688279.SH,246.78,164.52
20260918,688280.SH,6.01,4.01
20260918,688281.SH,60.83,40.55
20260918,688282.SH,62.04,41.36
20260918,688283.SH,31.51,21.01
20260918,688285.SH,8.86,5.9
20260918,688286.SH,57.91,38.61
20260918,688288.SH,21.24,14.16
20260918,688289.SH,19.04,12.7
20260918,688290.SH,75.68,50.46
20260918,688291.SH,45.28,30.18
20260918,688292.SH,23.02,15.34
20260918,688293.SH,84.13,56.09
20260918,688295.SH,44.59,29.73
20260918,688296.SH,32.04,21.36
20260918,688297.SH,51.37,34.25
20260918,688298.SH,21.62,14.42
20260918,688299.SH,15.53,10.35
20260918,688300.SH,209.63,139.75
20260918,688301.SH,108.7,72.46
20260918,688302.SH,36.53,24.35
20260918,688303.SH,19.32,12.88
20260918,688305.SH,68.35,45.57
20260918,688306.SH,10.63,7.09
20260918,688307.SH,56.1,37.4
20260918,688308.SH,103.32,68.88
20260918,688309.SH,86.4,57.6
20260918,688310.SH,17.98,11.98
20260918,688311.SH,27.16,18.1
20260918,688312.SH,60.18,40.12
20260918,688313.SH,192.72,128.48
20260918,688314.SH,36.4,24.26
20260918,688315.SH,16.76,11.18
20260918,688316.SH,52.92,35.28
20260918,688317.SH,19.51,13.01
20260918,688318.SH,92.62,61.74
20260918,688319.SH,32.08,21.38
20260918,688320.SH,39.62,26.42
20260918,688321.SH,29.5,19.66
20260918,688322.SH,109.88,73.26
20260918,688323.SH,31.38,20.92
20260918,688325.SH,130.78,87.18
20260918,688326.SH,69.11,46.07
20260918,688327.SH,11.56,7.7
20260918,688328.SH,99.06,66.04
20260918,688329.SH,25.68,17.12
20260918,688330.SH,42.91,28.61
20260918,688331.SH,136.96,91.3
20260918,688332.SH,109.79,73.19
20260918,688333.SH,124.32,82.88
20260918,688334.SH,21.11,14.07
20260918,688335.SH,21.3,14.2
20260918,688336.SH,48.4,32.26
20260918,688337.SH,50.21,33.47
20260918,688338.SH,35.68,23.78
20260918,688339.SH,20.05,13.37
20260918,688343.SH,68.4,45.6
20260918,688345.SH,59.47,39.65
20260918,688347.SH,265.08,176.72
20260918,688348.SH,35.4,23.6
20260918,688349.SH,15.38,10.26
20260918,688350.SH,32.62,21.74
20260918,688351.SH,20.22,13.48
20260918,688352.SH,23.18,15.46
20260918,688353.SH,101.5,67.66
20260918,688355.SH,19.49,12.99
20260918,688356.SH,99.36,66.24
20260918,688357.SH,29.75,19.83
20260918,688358.SH,32.68,21.78
20260918,688359.SH,124.45,82.97
20260918,688360.SH,17.46,11.64
20260918,688361.SH,430.45,286.97
20260918,688362.SH,73.7,49.14
20260918,688363.SH,40.97,27.31
20260918,688365.SH,16.79,11.19
20260918,688366.SH,34.4,22.94
20260918,688367.SH,35.09,23.39
20260918,688368.SH,168.62,112.42
20260918,688369.SH,22.52,15.02
20260918,688370.SH,30.02,20.02
20260918,688371.SH,30.36,20.24
20260918,688372.SH,138.23,92.15
20260918,688373.SH,6.44,4.3
20260918,688375.SH,83.52,55.68
20260918,688376.SH,75.78,50.52
20260918,688377.SH,19.94,13.3
20260918,688378.SH,58.79,39.19
20260918,688379.SH,65.87,43.91
20260918,688380.SH,47.53,31.69
20260918,688381.SH,47.78,31.86
20260918,688382.SH,22.37,14.91
20260918,688383.SH,168.18,112.12
20260918,688385.SH,66.78,44.52
20260918,688386.SH,55.25,36.83
20260918,688387.SH,14.65,9.77
20260918,688388.SH,34.82,23.22
20260918,688389.SH,12.94,8.62
20260918,688390.SH,70.36,46.9
20260918,688391.SH,30.76,20.5
20260918,688392.SH,203.57,135.71
20260918,688393.SH,23.09,15.39
20260918,688395.SH,28.28,18.86
20260918,688396.SH,70.0,46.66
20260918,688398.SH,26.08,17.38
20260918,688399.SH,29.75,19.83
20260918,688400.SH,55.69,37.13
20260918,688401.SH,81.59,54.39
20260918,688403.SH,30.4,20.26
20260918,688408.SH,26.54,17.7
20260918,688409.SH,223.33,148.89
20260918,688410.SH,11.29,7.53
20260918,688411.SH,193.4,128.94
20260918,688416.SH,93.08,62.06
20260918,688418.SH,38.0,25.34
20260918,688419.SH,61.51,41.01
20260918,688420.SH,25.54,17.02
20260918,688425.SH,4.73,3.15
20260918,688426.SH,25.5,17.0
20260918,688428.SH,34.57,23.05
20260918,688429.SH,11.34,7.56
20260918,688432.SH,66.0,44.0
20260918,688433.SH,106.62,71.08
20260918,688435.SH,34.78,23.18
20260918,688439.SH,44.53,29.69
20260918,688443.SH,26.95,17.97
20260918,688448.SH,82.62,55.08
20260918,688449.SH,75.18,50.12
20260918,688450.SH,38.0,25.34
20260918,688455.SH,19.57,13.05
20260918,688456.SH,89.06,59.38
20260918,688458.SH,45.24,30.16
20260918,688459.SH,9.71,6.47
20260918,688466.SH,16.19,10.79
20260918,688468.SH,7.39,4.93
20260918,688469.SH,10.12,6.74
20260918,688472.SH,9.76,6.5
20260918,688475.SH,33.34,22.22
20260918,688478.SH,56.62,37.74
20260918,688479.SH,40.67,27.11
20260918,688480.SH,80.34,53.56
20260918,688484.SH,39.78,26.52
20260918,688485.SH,130.2,86.8
20260918,688486.SH,53.45,35.63
20260918,688488.SH,18.29,12.19
20260918,688489.SH,28.56,19.04
20260918,688496.SH,0.7,0.46
20260918,688498.SH,2141.59,1427.73
20260918,688499.SH,42.68,28.46
20260918,688500.SH,37.51,25.01
20260918,688501.SH,17.46,11.64
20260918,688502.SH,525.83,350.55
20260918,688503.SH,94.8,63.2
20260918,688505.SH,9.16,6.1
20260918,688506.SH,293.5,195.66
20260918,688507.SH,169.27,112.85
20260918,688508.SH,108.12,72.08
20260918,688509.SH,4.92,3.28
20260918,688510.SH,29.75,19.83
20260918,688511.SH,27.52,18.34
20260918,688512.SH,16.76,11.18
20260918,688513.SH,57.07,38.05
20260918,688515.SH,175.79,117.19
20260918,688516.SH,51.04,34.02
20260918,688517.SH,18.48,12.32
20260918,688518.SH,25.3,16.86
20260918,688519.SH,380.84,253.9
20260918,688520.SH,39.59,26.39
20260918,688521.SH,235.32,156.88
20260918,688522.SH,20.89,13.93
20260918,688523.SH,48.4,32.26
20260918,688525.SH,249.92,166.62
20260918,688526.SH,14.74,9.82
20260918,688528.SH,11.81,7.87
20260918,688529.SH,17.2,11.46
20260918,688530.SH,74.44,49.62
20260918,688531.SH,169.44,112.96
20260918,688533.SH,23.11,15.41
20260918,688535.SH,126.84,84.56
20260918,688536.SH,396.78,264.52
20260918,688538.SH,2.46,1.64
20260918,688539.SH,27.94,18.62
20260918,688543.SH,51.06,34.04
20260918,688545.SH,91.4,60.94
20260918,688548.SH,36.42,24.28
20260918,688549.SH,28.44,18.96
20260918,688550.SH,45.34,30.22
20260918,688551.SH,46.92,31.28
20260918,688552.SH,36.89,24.59
20260918,688553.SH,13.32,8.88
20260918,688556.SH,9.05,6.03
20260918,688557.SH,23.24,15.5
20260918,688558.SH,38.88,25.92
20260918,688559.SH,68.72,45.82
20260918,688560.SH,14.38,9.58
20260918,688561.SH,32.63,21.75
20260918,688562.SH,16.76,11.18
20260918,688563.SH,66.36,44.24
20260918,688565.SH,13.15,8.77
20260918,688566.SH,31.12,20.74
20260918,688567.SH,10.8,7.2
20260918,688568.SH,36.25,24.17
20260918,688569.SH,21.88,14.58
20260918,688570.SH,17.4,11.6
20260918,688571.SH,9.65,6.43
20260918,688573.SH,18.34,12.22
20260918,688575.SH,11.57,7.71
20260918,688576.SH,46.15,30.77
20260918,688577.SH,47.71,31.81
20260918,688578.SH,118.12,78.74
20260918,688579.SH,9.12,6.08
20260918,688580.SH,50.83,33.89
20260918,688581.SH,66.1,44.06
20260918,688582.SH,46.25,30.83
20260918,688583.SH,95.98,63.98
20260918,688584.SH,32.66,21.78
20260918,688585.SH,180.36,120.24
20260918,688586.SH,13.33,8.89
20260918,688588.SH,10.45,6.97
20260918,688589.SH,24.04,16.02
20260918,688590.SH,13.72,9.14
20260918,688591.SH,33.83,22.55
20260918,688592.SH,26.93,17.95
20260918,688593.SH,37.42,24.94
20260918,688595.SH,35.52,23.68
20260918,688596.SH,78.43,52.29
20260918,688597.SH,7.4,4.94
20260918,688598.SH,42.5,28.34
20260918,688599.SH,12.96,8.64
20260918,688600.SH,40.99,27.33
20260918,688601.SH,71.44,47.62
20260918,688602.SH,8.05,5.37
20260918,688603.SH,141.36,94.24
20260918,688605.SH,104.46,69.64
20260918,688606.SH,53.52,35.68
20260918,688607.SH,46.27,30.85
20260918,688608.SH,115.2,76.8
20260918,688609.SH,11.54,7.7
20260918,688610.SH,189.67,126.45
20260918,688611.SH,83.28,55.52
20260918,688612.SH,43.24,28.82
20260918,688613.SH,20.17,13.45
20260918,688615.SH,105.98,70.66
20260918,688616.SH,12.53,8.35
20260918,688617.SH,292.49,194.99
20260918,688618.SH,34.01,22.67
20260918,688619.SH,17.18,11.46
20260918,688620.SH,20.99,13.99
20260918,688621.SH,86.81,57.87
20260918,688622.SH,146.62,97.74
20260918,688623.SH,69.14,46.1
20260918,688625.SH,80.76,53.84
20260918,688626.SH,45.97,30.65
20260918,688627.SH,583.8,389.2
20260918,688628.SH,91.34,60.9
20260918,688629.SH,158.15,105.43
20260918,688630.SH,517.44,344.96
20260918,688631.SH,44.04,29.36
20260918,688633.SH,26.46,17.64
20260918,688635.SH,335.54,223.7
20260918,688636.SH,24.18,16.12
20260918,688638.SH,38.38,25.58
20260918,688639.SH,20.03,13.35
20260918,688646.SH,92.1,61.4
20260918,688648.SH,34.34,22.9
20260918,688651.SH,27.37,18.25
20260918,688652.SH,167.56,111.7
20260918,688653.SH,16.74,11.16
20260918,688655.SH,73.34,48.9
20260918,688656.SH,133.42,88.94
20260918,688657.SH,39.02,26.02
20260918,688658.SH,15.08,10.06
20260918,688659.SH,10.84,7.22
20260918,688660.SH,11.17,7.45
20260918,688661.SH,124.08,82.72
20260918,688662.SH,110.1,73.4
20260918,688663.SH,66.65,44.43
20260918,688665.SH,51.84,34.56
20260918,688667.SH,113.26,75.5
20260918,688668.SH,312.59,208.39
20260918,688669.SH,82.2,54.8
20260918,688670.SH,20.6,13.74
20260918,688671.SH,29.24,19.5
20260918,688676.SH,76.92,51.28
20260918,688677.SH,96.0,64.0
20260918,688678.SH,27.79,18.53
20260918,688679.SH,50.29,33.53
20260918,688680.SH,39.74,26.5
20260918,688681.SH,17.83,11.89
20260918,688682.SH,35.26,23.5
20260918,688683.SH,36.68,24.46
20260918,688685.SH,42.52,28.34
20260918,688686.SH,170.74,113.82
20260918,688687.SH,20.38,13.58
20260918,688689.SH,47.46,31.64
20260918,688690.SH,53.86,35.9
20260918,688691.SH,73.94,49.3
20260918,688692.SH,242.86,161.9
20260918,688693.SH,91.76,61.18
20260918,688695.SH,22.2,14.8
20260918,688696.SH,100.3,66.86
20260918,688697.SH,17.42,11.62
20260918,688698.SH,51.64,34.42
20260918,688699.SH,78.8,52.54
20260918,688700.SH,77.41,51.61
20260918,688701.SH,10.39,6.93
20260918,688702.SH,380.68,253.78
20260918,688707.SH,12.04,8.02
20260918,688708.SH,48.18,32.12
20260918,688709.SH,28.8,19.2
20260918,688710.SH,108.23,72.15
20260918,688711.SH,33.24,22.16
20260918,688712.SH,35.52,23.68
20260918,688716.SH,30.13,20.09
20260918,688717.SH,51.62,34.42
20260918,688718.SH,16.63,11.09
20260918,688719.SH,63.9,42.6
20260918,688720.SH,77.15,51.43
20260918,688721.SH,48.24,32.16
20260918,688722.SH,16.54,11.02
20260918,688726.SH,50.21,33.47
20260918,688727.SH,57.3,38.2
20260918,688728.SH,17.27,11.51
20260918,688729.SH,28.98,19.32
20260918,688733.SH,34.06,22.7
20260918,688737.SH,19.96,13.3
20260918,688739.SH,23.88,15.92
20260918,688750.SH,16.69,11.13
20260918,688755.SH,32.76,21.84
20260918,688757.SH,36.72,24.48
20260918,688758.SH,37.42,24.94
20260918,688759.SH,25.62,17.08
20260918,688765.SH,43.08,28.72
20260918,688766.SH,468.84,312.56
20260918,688767.SH,44.84,29.9
20260918,688768.SH,49.12,32.74
20260918,688772.SH,16.39,10.93
20260918,688775.SH,113.27,75.51
20260918,688776.SH,54.04,36.02
20260918,688777.SH,101.59,67.73
20260918,688778.SH,53.24,35.5
20260918,688779.SH,9.17,6.11
20260918,688781.SH,46.75,31.17
20260918,688783.SH,33.56,22.38
20260918,688785.SH,406.79,271.19
20260918,688786.SH,33.0,22.0
20260918,688787.SH,107.78,71.86
20260918,688788.SH,34.96,23.3
20260918,688789.SH,49.44,32.96
20260918,688790.SH,107.98,71.98
20260918,688793.SH,20.94,13.96
20260918,688795.SH,474.7,316.46
20260918,688796.SH,151.9,101.26
20260918,688797.SH,342.7,228.46
20260918,688798.SH,63.91,42.61
20260918,688799.SH,63.01,42.01
20260918,688800.SH,82.32,54.88
20260918,688801.SH,600.0,400.0
20260918,688802.SH,655.8,437.2
20260918,688805.SH,46.84,31.22
20260918,688806.SH,25.66,17.1
20260918,688807.SH,412.08,274.72
20260918,688808.SH,2845.2,1896.8
20260918,688809.SH,635.4,423.6
20260918,688811.SH,24.12,16.08
20260918,688813.SH,164.8,109.86
20260918,688816.SH,55.13,36.75
20260918,688818.SH,50.02,33.34
20260918,688819.SH,24.66,16.44
20260918,688820.SH,160.07,106.71
20260918,688825.SH,64.16,42.78
20260918,688826.SH,938.4,625.6
20260918,688828.SH,112.68,75.12
20260918,688835.SH,401.05,267.37
20260918,688836.SH,603.91,402.61
20260918,688837.SH,99999.999,0.01
20260918,688981.SH,142.34,94.9
20260918,689009.SH,44.46,29.64
20260918,900901.BJ,0.703,0.575
20260918,900902.BJ,0.178,0.146
20260918,900903.BJ,0.201,0.165
20260918,900904.BJ,0.487,0.399
20260918,900905.BJ,2.959,2.421
20260918,900906.BJ,0.216,0.176
20260918,900908.BJ,0.663,0.543
20260918,900909.BJ,0.547,0.447
20260918,900910.BJ,0.691,0.565
20260918,900911.BJ,0.755,0.617
20260918,900912.BJ,0.704,0.576
20260918,900913.BJ,0.232,0.19
20260918,900914.BJ,0.463,0.379
20260918,900915.BJ,0.321,0.263
20260918,900916.BJ,0.602,0.492
20260918,900917.BJ,0.278,0.228
20260918,900918.BJ,0.349,0.285
20260918,900920.BJ,0.303,0.248
20260918,900921.BJ,0.216,0.176
20260918,900922.BJ,0.696,0.57
20260918,900923.BJ,0.633,0.518
20260918,900924.BJ,0.318,0.26
20260918,900925.BJ,1.476,1.208
20260918,900926.BJ,0.914,0.748
20260918,900927.BJ,0.369,0.302
20260918,900928.BJ,0.612,0.5
20260918,900929.BJ,0.992,0.812
20260918,900932.BJ,0.415,0.339
20260918,900934.BJ,1.685,1.379
20260918,900936.BJ,1.394,1.14
20260918,900937.BJ,0.222,0.182
20260918,900938.BJ,0.249,0.203
20260918,900939.BJ,0.464,0.38
20260918,900940.BJ,0.231,0.189
20260918,900941.BJ,0.542,0.444
20260918,900942.BJ,0.736,0.602
20260918,900943.BJ,0.466,0.382
20260918,900945.BJ,0.219,0.179
20260918,900946.BJ,0.216,0.176
20260918,900947.BJ,0.282,0.23
20260918,900948.BJ,3.733,3.055
20260918,920000.BJ,17.61,9.49
20260918,920001.BJ,15.6,8.4
20260918,920002.BJ,64.89,34.95
20260918,920003.BJ,19.46,10.48
20260918,920005.BJ,30.05,16.19
20260918,920006.BJ,23.04,12.42
20260918,920007.BJ,41.66,22.44
20260918,920008.BJ,28.5,15.36
20260918,920009.BJ,44.03,23.71
20260918,920010.BJ,11.54,6.22
20260918,920011.BJ,22.95,12.37
20260918,920012.BJ,63.11,33.99
20260918,920014.BJ,11.1,5.98
20260918,920015.BJ,49.25,26.53
20260918,920016.BJ,20.05,10.81
20260918,920017.BJ,20.17,10.87
20260918,920018.BJ,18.69,10.07
20260918,920019.BJ,19.37,10.43
20260918,920020.BJ,18.9,10.18
20260918,920021.BJ,10.59,5.71
20260918,920022.BJ,24.37,13.13
20260918,920023.BJ,1.83,0.99
20260918,920026.BJ,22.23,11.97
20260918,920027.BJ,14.8,7.98
20260918,920028.BJ,19.39,10.45
20260918,920029.BJ,40.97,22.07
20260918,920030.BJ,6.16,3.32
20260918,920033.BJ,17.32,9.34
20260918,920035.BJ,30.75,16.57
20260918,920036.BJ,39.75,21.41
20260918,920037.BJ,48.32,26.02
20260918,920038.BJ,48.85,26.31
20260918,920039.BJ,9.62,5.18
20260918,920045.BJ,722.8,389.2
20260918,920046.BJ,25.89,13.95
20260918,920047.BJ,18.99,10.23
20260918,920050.BJ,35.98,19.38
20260918,920055.BJ,32.77,17.65
20260918,920056.BJ,18.09,9.75
20260918,920057.BJ,6.04,3.26
20260918,920058.BJ,35.12,18.92
20260918,920059.BJ,15.95,8.59
20260918,920060.BJ,36.01,19.39
20260918,920061.BJ,21.68,11.68
20260918,920062.BJ,9.2,4.96
20260918,920065.BJ,45.86,24.7
20260918,920066.BJ,22.77,12.27
20260918,920068.BJ,20.04,10.8
20260918,920069.BJ,41.19,22.19
20260918,920071.BJ,33.16,17.86
20260918,920072.BJ,29.17,15.71
20260918,920075.BJ,21.13,11.39
20260918,920076.BJ,16.18,8.72
20260918,920077.BJ,16.77,9.03
20260918,920078.BJ,23.58,12.7
20260918,920079.BJ,16.27,8.77
20260918,920080.BJ,26.27,14.15
20260918,920081.BJ,52.62,28.34
20260918,920082.BJ,10.11,5.45
20260918,920083.BJ,47.8,25.74
20260918,920086.BJ,25.64,13.82
20260918,920087.BJ,21.84,11.76
20260918,920088.BJ,55.22,29.74
20260918,920089.BJ,12.71,6.85
20260918,920090.BJ,4.53,2.45
20260918,920091.BJ,35.49,19.11
20260918,920092.BJ,32.22,17.36
20260918,920093.BJ,24.02,12.94
20260918,920096.BJ,40.3,21.7
20260918,920098.BJ,23.33,12.57
20260918,920099.BJ,21.16,11.4
20260918,920100.BJ,37.66,20.28
20260918,920101.BJ,20.65,11.13
20260918,920106.BJ,43.36,23.36
20260918,920107.BJ,24.98,13.46
20260918,920108.BJ,10.92,5.88
20260918,920110.BJ,32.92,17.74
20260918,920111.BJ,34.12,18.38
20260918,920112.BJ,18.55,9.99
20260918,920116.BJ,55.12,29.68
20260918,920117.BJ,35.29,19.01
20260918,920118.BJ,26.52,14.28
20260918,920119.BJ,71.69,38.61
20260918,920121.BJ,35.29,19.01
20260918,920122.BJ,30.87,16.63
20260918,920123.BJ,13.48,7.26
20260918,920124.BJ,16.1,8.68
20260918,920125.BJ,195.85,105.47
20260918,920126.BJ,12.61,6.79
20260918,920128.BJ,25.1,13.52
20260918,920130.BJ,21.03,11.33
20260918,920132.BJ,11.4,6.14
20260918,920136.BJ,27.3,14.7
20260918,920138.BJ,42.09,22.67
20260918,920139.BJ,18.65,10.05
20260918,920145.BJ,13.02,7.02
20260918,920146.BJ,6.73,3.63
20260918,920149.BJ,11.21,6.05
20260918,920152.BJ,15.43,8.31
20260918,920156.BJ,46.07,24.81
20260918,920158.BJ,10.08,5.44
20260918,920159.BJ,39.19,21.11
20260918,920160.BJ,24.07,12.97
20260918,920161.BJ,26.59,14.33
20260918,920163.BJ,12.5,6.74
20260918,920165.BJ,44.13,23.77
20260918,920166.BJ,24.83,13.37
20260918,920167.BJ,17.34,9.34
20260918,920168.BJ,19.38,10.44
20260918,920169.BJ,25.84,13.92
20260918,920171.BJ,20.0,10.78
20260918,920174.BJ,38.71,20.85
20260918,920175.BJ,10.01,5.39
20260918,920176.BJ,86.58,46.62
20260918,920177.BJ,29.56,15.92
20260918,920178.BJ,118.46,63.8
20260918,920179.BJ,76.41,41.15
20260918,920180.BJ,14.72,7.94
20260918,920181.BJ,89.23,48.05
20260918,920183.BJ,37.31,20.09
20260918,920184.BJ,14.54,7.84
20260918,920185.BJ,25.61,13.79
20260918,920186.BJ,90.96,48.98
20260918,920187.BJ,21.71,11.69
20260918,920188.BJ,27.82,14.98
20260918,920189.BJ,25.98,14.0
20260918,920190.BJ,30.96,16.68
20260918,920191.BJ,11.16,6.02
20260918,920193.BJ,38.24,20.6
20260918,920195.BJ,16.06,8.66
20260918,920198.BJ,10.03,5.41
20260918,920199.BJ,31.14,16.78
20260918,920200.BJ,40.78,21.96
20260918,920204.BJ,17.21,9.27
20260918,920206.BJ,48.37,26.05
20260918,920207.BJ,27.07,14.59
20260918,920208.BJ,13.61,7.33
20260918,920211.BJ,120.06,64.66
20260918,920212.BJ,13.35,7.19
20260918,920218.BJ,18.85,10.15
20260918,920220.BJ,52.91,28.49
20260918,920221.BJ,15.7,8.46
20260918,920222.BJ,35.42,19.08
20260918,920223.BJ,17.21,9.27
20260918,920225.BJ,21.64,11.66
20260918,920227.BJ,60.74,32.72
20260918,920230.BJ,13.68,7.38
20260918,920237.BJ,14.37,7.75
20260918,920238.BJ,82.7,44.54
20260918,920239.BJ,25.96,13.98
20260918,920242.BJ,17.58,9.48
20260918,920245.BJ,17.29,9.31
20260918,920247.BJ,17.95,9.67
20260918,920249.BJ,11.38,6.14
20260918,920252.BJ,18.82,10.14
20260918,920258.BJ,13.36,7.2
20260918,920260.BJ,10.54,5.68
20260918,920261.BJ,17.1,9.22
20260918,920262.BJ,17.77,9.57
20260918,920263.BJ,8.41,4.53
20260918,920266.BJ,9.04,4.88
20260918,920267.BJ,20.13,10.85
20260918,920268.BJ,39.02,21.02
20260918,920269.BJ,43.25,23.29
20260918,920270.BJ,14.61,7.87
20260918,920271.BJ,11.46,6.18
20260918,920273.BJ,23.15,12.47
20260918,920274.BJ,19.56,10.54
20260918,920275.BJ,8.63,4.65
20260918,920278.BJ,8.08,4.36
20260918,920284.BJ,21.24,11.44
20260918,920288.BJ,22.37,12.05
20260918,920289.BJ,33.8,18.2
20260918,920298.BJ,90.48,48.72
20260918,920299.BJ,18.0,9.7
20260918,920300.BJ,12.38,6.68
20260918,920304.BJ,12.11,6.53
20260918,920339.BJ,13.5,7.28
20260918,920344.BJ,25.77,13.89
20260918,920346.BJ,18.88,10.18
20260918,920351.BJ,16.57,8.93
20260918,920357.BJ,19.29,10.39
20260918,920363.BJ,12.67,6.83
20260918,920367.BJ,33.46,18.02
20260918,920368.BJ,28.69,15.45
20260918,920370.BJ,3.75,2.03
20260918,920371.BJ,10.01,5.39
20260918,920374.BJ,19.05,10.27
20260918,920375.BJ,8.24,4.44
20260918,920378.BJ,8.91,4.81
20260918,920392.BJ,17.32,9.34
20260918,920394.BJ,66.3,35.7
20260918,920395.BJ,8.78,4.74
20260918,920396.BJ,23.66,12.74
20260918,920402.BJ,10.55,5.69
20260918,920403.BJ,27.76,14.96
20260918,920405.BJ,21.08,11.36
20260918,920407.BJ,13.81,7.45
20260918,920414.BJ,10.03,5.41
20260918,920415.BJ,11.25,6.07
20260918,920418.BJ,22.47,12.11
20260918,920419.BJ,14.1,7.6
20260918,920422.BJ,11.63,6.27
20260918,920425.BJ,17.87,9.63
20260918,920427.BJ,10.59,5.71
20260918,920429.BJ,13.02,7.02
20260918,920433.BJ,6.07,3.27
20260918,920436.BJ,13.85,7.47
20260918,920438.BJ,139.08,74.9
20260918,920445.BJ,9.21,4.97
20260918,920454.BJ,14.19,7.65
20260918,920455.BJ,8.43,4.55
20260918,920469.BJ,7.56,4.08
20260918,920471.BJ,14.91,8.03
20260918,920475.BJ,14.84,8.0
20260918,920476.BJ,30.6,16.48
20260918,920478.BJ,12.41,6.69
20260918,920489.BJ,16.36,8.82
20260918,920491.BJ,27.17,14.63
20260918,920493.BJ,140.17,75.49
20260918,920496.BJ,8.24,4.44
20260918,920504.BJ,23.16,12.48
20260918,920505.BJ,33.31,17.95
20260918,920508.BJ,18.75,10.11
20260918,920509.BJ,26.14,14.08
20260918,920510.BJ,25.57,13.77
20260918,920519.BJ,13.39,7.21
20260918,920522.BJ,22.16,11.94
20260918,920523.BJ,18.61,10.03
20260918,920526.BJ,24.7,13.3
20260918,920527.BJ,19.69,10.61
20260918,920533.BJ,20.94,11.28
20260918,920541.BJ,12.16,6.56
20260918,920547.BJ,23.41,12.61
20260918,920553.BJ,8.76,4.72
20260918,920556.BJ,8.48,4.58
20260918,920564.BJ,17.05,9.19
20260918,920566.BJ,11.94,6.44
20260918,920570.BJ,31.13,16.77
20260918,920571.BJ,12.44,6.7
20260918,920575.BJ,6.44,3.48
20260918,920576.BJ,47.71,25.69
20260918,920578.BJ,21.29,11.47
20260918,920579.BJ,17.78,9.58
20260918,920580.BJ,13.78,7.42
20260918,920592.BJ,30.23,16.29
20260918,920593.BJ,29.23,15.75
20260918,920599.BJ,21.98,11.84
20260918,920608.BJ,17.88,9.64
20260918,920627.BJ,17.13,9.23
20260918,920634.BJ,20.21,10.89
20260918,920639.BJ,7.77,4.19
20260918,920640.BJ,33.09,17.83
20260918,920641.BJ,16.56,8.92
20260918,920642.BJ,12.61,6.79
20260918,920651.BJ,25.88,13.94
20260918,920656.BJ,18.9,10.18
20260918,920662.BJ,24.36,13.12
20260918,920663.BJ,16.0,8.62
20260918,920665.BJ,10.6,5.72
20260918,920670.BJ,16.15,8.71
20260918,920675.BJ,9.46,5.1
20260918,920679.BJ,19.29,10.39
20260918,920682.BJ,7.43,4.01
20260918,920685.BJ,15.48,8.34
20260918,920689.BJ,25.28,13.62
20260918,920690.BJ,19.76,10.64
20260918,920693.BJ,29.62,15.96
20260918,920694.BJ,21.37,11.51
20260918,920699.BJ,85.02,45.78
20260918,920701.BJ,13.85,7.47
20260918,920703.BJ,12.05,6.49
20260918,920706.BJ,19.63,10.57
20260918,920717.BJ,8.58,4.62
20260918,920718.BJ,14.82,7.98
20260918,920719.BJ,8.74,4.72
20260918,920720.BJ,10.14,5.46
20260918,920725.BJ,122.21,65.81
20260918,920726.BJ,20.47,11.03
20260918,920729.BJ,8.65,4.67
20260918,920735.BJ,32.35,17.43
20260918,920748.BJ,36.28,19.54
20260918,920751.BJ,19.0,10.24
20260918,920753.BJ,19.26,10.38
20260918,920765.BJ,15.37,8.29
20260918,920768.BJ,9.33,5.03
20260918,920770.BJ,13.27,7.15
20260918,920779.BJ,30.19,16.27
20260918,920781.BJ,7.25,3.91
20260918,920786.BJ,9.94,5.36
20260918,920790.BJ,29.52,15.9
20260918,920792.BJ,12.01,6.47
20260918,920799.BJ,39.13,21.07
20260918,920802.BJ,13.91,7.49
20260918,920806.BJ,12.94,6.98
20260918,920807.BJ,11.42,6.16
20260918,920808.BJ,77.15,41.55
20260918,920809.BJ,8.67,4.67
20260918,920810.BJ,11.27,6.07
20260918,920819.BJ,3.93,2.13
20260918,920821.BJ,26.68,14.38
20260918,920826.BJ,11.07,5.97
20260918,920832.BJ,8.09,4.37
20260918,920833.BJ,13.01,7.01
20260918,920834.BJ,11.76,6.34
20260918,920837.BJ,12.59,6.79
20260918,920839.BJ,30.04,16.18
20260918,920855.BJ,17.43,9.39
20260918,920856.BJ,15.4,8.3
20260918,920857.BJ,25.59,13.79
20260918,920866.BJ,8.69,4.69
20260918,920870.BJ,14.89,8.03
20260918,920871.BJ,14.28,7.7
20260918,920873.BJ,8.73,4.71
20260918,920876.BJ,21.02,11.32
20260918,920879.BJ,15.74,8.48
20260918,920885.BJ,15.63,8.43
20260918,920892.BJ,14.11,7.61
20260918,920895.BJ,33.76,18.18
20260918,920896.BJ,15.67,8.45
20260918,920906.BJ,19.51,10.51
20260918,920914.BJ,21.04,11.34
20260918,920924.BJ,18.39,9.91
20260918,920925.BJ,14.45,7.79
20260918,920926.BJ,12.51,6.75
20260918,920931.BJ,12.96,6.98
20260918,920932.BJ,13.16,7.1
20260918,920942.BJ,22.28,12.0
20260918,920943.BJ,18.47,9.95
20260918,920946.BJ,12.83,6.91
20260918,920950.BJ,16.83,9.07
20260918,920953.BJ,28.35,15.27
20260918,920957.BJ,13.39,7.21
20260918,920961.BJ,24.59,13.25
20260918,920964.BJ,6.42,3.46
20260918,920970.BJ,8.46,4.56
20260918,920971.BJ,35.15,18.93
20260918,920974.BJ,8.02,4.32
20260918,920976.BJ,27.95,15.05
20260918,920978.BJ,22.0,11.86
20260918,920981.BJ,38.12,20.54
20260918,920982.BJ,144.53,77.83
20260918,920985.BJ,5.83,3.15
20260918,920992.BJ,14.39,7.75
