ts_code,trade_date,close,open,high,low,vol,amount,vwap
000001.SZ,20260917,11.68,11.68,11.69,11.67,529400.0,6183955.84,11.68
000002.SZ,20260917,3.01,3.01,3.01,3.0,580100.0,1745944.96,3.01
000006.SZ,20260917,6.71,6.68,6.71,6.68,31900.0,213117.0,6.68
000007.SZ,20260917,11.18,11.18,11.18,11.18,7600.0,84968.0,11.18
000008.SZ,20260917,2.39,2.39,2.4,2.39,72500.0,173388.0,2.39
000009.SZ,20260917,6.9,6.94,6.94,6.9,101300.0,701084.0,6.92
000010.SZ,20260917,1.58,1.58,1.58,1.57,96200.0,151972.0,1.58
000011.SZ,20260917,8.35,8.4,8.4,8.35,95200.0,799526.0,8.4
000012.SZ,20260917,3.69,3.7,3.7,3.69,155700.0,576022.0,3.7
000014.SZ,20260917,10.05,10.09,10.09,10.05,22300.0,224991.0,10.09
000016.SZ,20260917,2.46,2.46,2.46,2.46,0.0,0.0,2.46
000017.SZ,20260917,7.49,7.46,7.5,7.46,1729600.0,12919198.72,7.47
000019.SZ,20260917,6.73,6.7,6.73,6.7,72200.0,483891.0,6.7
000020.SZ,20260917,12.63,12.56,12.65,12.56,66600.0,837516.96,12.58
000021.SZ,20260917,35.84,35.8,35.95,35.8,1220100.0,43708375.04,35.82
000025.SZ,20260917,14.47,14.46,14.47,14.43,44000.0,636225.0,14.46
000026.SZ,20260917,18.97,18.94,18.97,18.81,71000.0,1344531.04,18.94
000027.SZ,20260917,6.35,6.35,6.36,6.34,76400.0,485101.0,6.35
000028.SZ,20260917,19.75,19.69,19.75,19.69,2000.0,39404.0,19.7
000029.SZ,20260917,21.16,21.23,21.23,21.16,5900.0,125208.0,21.22
000030.SZ,20260917,3.94,3.94,3.95,3.93,68300.0,269227.0,3.94
000031.SZ,20260917,2.11,2.11,2.12,2.11,182100.0,384952.0,2.11
000032.SZ,20260917,14.53,14.51,14.54,14.51,290300.0,4213320.96,14.51
000034.SZ,20260917,23.17,23.2,23.2,23.16,62800.0,1456516.96,23.19
000035.SZ,20260917,4.81,4.82,4.82,4.8,77400.0,372603.0,4.81
000036.SZ,20260917,3.78,3.78,3.79,3.78,56800.0,214705.0,3.78
000037.SZ,20260917,9.65,9.7,9.7,9.65,273700.0,2653616.0,9.7
000039.SZ,20260917,9.01,9.0,9.06,9.0,137100.0,1234468.96,9.0
000042.SZ,20260917,8.26,8.26,8.28,8.26,25100.0,207465.0,8.27
000045.SZ,20260917,10.76,10.75,10.76,10.75,5600.0,60203.0,10.75
000048.SZ,20260917,19.79,19.79,19.79,19.68,13700.0,271072.0,19.79
000049.SZ,20260917,22.1,22.06,22.1,22.06,106100.0,2340964.0,22.06
000050.SZ,20260917,6.49,6.49,6.49,6.47,65300.0,423551.0,6.49
000055.SZ,20260917,3.88,3.89,3.9,3.83,2347200.0,9109354.88,3.88
000056.SZ,20260917,2.78,2.8,2.8,2.76,1153100.0,3228086.08,2.8
000058.SZ,20260917,6.93,6.91,6.93,6.91,28700.0,198323.0,6.91
000059.SZ,20260917,5.36,5.38,5.38,5.36,217500.0,1169720.96,5.38
000060.SZ,20260917,6.18,6.19,6.2,6.17,1169400.0,7236860.8,6.19
000061.SZ,20260917,5.89,5.9,5.9,5.88,121500.0,716264.96,5.9
000062.SZ,20260917,22.75,22.77,22.77,22.73,140100.0,3189289.92,22.76
000063.SZ,20260917,32.12,32.11,32.13,32.08,663400.0,21301469.44,32.11
000065.SZ,20260917,9.72,9.72,9.73,9.72,133200.0,1294720.96,9.72
000066.SZ,20260917,13.96,13.97,13.98,13.92,939000.0,13114370.56,13.97
000068.SZ,20260917,3.19,3.19,3.2,3.19,47300.0,150889.0,3.19
000069.SZ,20260917,1.75,1.74,1.75,1.74,195000.0,339364.0,1.74
000070.SZ,20260917,17.28,17.24,17.29,17.24,1298894.0,22396449.28,17.24
000078.SZ,20260917,1.48,1.48,1.49,1.47,446200.0,660304.0,1.48
000088.SZ,20260917,4.51,4.5,4.51,4.5,88760.0,399447.0,4.5
000089.SZ,20260917,6.47,6.47,6.47,6.46,13700.0,88638.0,6.47
000090.SZ,20260917,3.41,3.4,3.42,3.39,120100.0,408445.0,3.4
000096.SZ,20260917,7.93,7.95,7.95,7.93,44800.0,356120.0,7.95
000099.SZ,20260917,12.96,12.94,12.98,12.94,41300.0,534973.0,12.95
000100.SZ,20260917,4.74,4.73,4.74,4.73,1700200.0,8042403.84,4.73
000151.SZ,20260917,10.2,10.19,10.21,10.18,155500.0,1585259.04,10.2
000153.SZ,20260917,5.94,5.95,5.95,5.94,31600.0,188018.0,5.95
000155.SZ,20260917,11.71,11.67,11.71,11.67,99600.0,1162572.96,11.67
000156.SZ,20260917,6.87,6.87,6.9,6.87,13700.0,94144.0,6.87
000157.SZ,20260917,6.18,6.19,6.19,6.17,490900.0,3037877.12,6.19
000158.SZ,20260917,12.62,12.63,12.64,12.61,179100.0,2261819.04,12.63
000159.SZ,20260917,5.43,5.41,5.43,5.41,13300.0,71961.0,5.41
000166.SZ,20260917,4.38,4.38,4.38,4.37,697700.0,3054616.96,4.38
000301.SZ,20260917,13.51,13.55,13.55,13.51,92300.0,1250346.0,13.55
000333.SZ,20260917,85.25,85.25,85.25,85.12,175900.0,14994090.24,85.24
000338.SZ,20260917,26.83,26.79,27.0,26.78,4572099.84,122587371.52,26.81
000400.SZ,20260917,20.18,20.27,20.28,20.18,24200.0,489756.0,20.24
000401.SZ,20260917,3.46,3.48,3.48,3.46,59500.0,207046.0,3.48
000402.SZ,20260917,2.42,2.42,2.42,2.42,171700.0,415514.0,2.42
000403.SZ,20260917,9.95,9.95,9.95,9.95,5700.0,56715.0,9.95
000404.SZ,20260917,6.82,6.81,6.82,6.81,20200.0,137582.0,6.81
000407.SZ,20260917,4.2,4.21,4.21,4.19,49200.0,206647.0,4.2
000408.SZ,20260917,71.8,71.77,72.14,71.46,151774.0,10892672.0,71.77
000409.SZ,20260917,8.74,8.73,8.74,8.73,108300.0,945576.96,8.73
000410.SZ,20260917,4.94,4.95,4.95,4.94,66000.0,326617.0,4.95
000411.SZ,20260917,9.8,9.8,9.8,9.8,5100.0,49980.0,9.8
000415.SZ,20260917,4.45,4.46,4.46,4.45,447000.0,1993451.04,4.46
000417.SZ,20260917,5.56,5.57,5.57,5.55,100700.0,560817.0,5.57
000419.SZ,20260917,4.95,4.95,4.95,4.95,16300.0,80685.0,4.95
000420.SZ,20260917,3.51,3.5,3.51,3.5,213600.0,748500.96,3.5
000421.SZ,20260917,5.62,5.62,5.62,5.62,33200.0,186584.0,5.62
000422.SZ,20260917,11.77,11.77,11.77,11.75,61700.0,725828.96,11.76
000423.SZ,20260917,45.79,45.79,45.9,45.79,22000.0,1007428.0,45.79
000425.SZ,20260917,7.52,7.53,7.55,7.5,2401768.0,18079192.32,7.53
000426.SZ,20260917,35.77,35.75,35.81,35.68,1719796.96,61474298.88,35.75
000428.SZ,20260917,4.16,4.16,4.18,4.14,1551700.0,6454071.04,4.16
000429.SZ,20260917,12.74,12.71,12.74,12.71,21500.0,273288.0,12.71
000430.SZ,20260917,6.76,6.74,6.77,6.74,179000.0,1207376.0,6.75
000488.SZ,20260917,1.99,1.99,2.0,1.99,141800.0,282220.0,1.99
000498.SZ,20260917,4.89,4.88,4.89,4.88,9200.0,44897.0,4.88
000501.SZ,20260917,7.07,7.07,7.08,7.07,29500.0,208569.0,7.07
000503.SZ,20260917,6.62,6.65,6.66,6.62,92500.0,614948.0,6.65
000504.SZ,20260917,8.24,8.26,8.26,8.24,3800.0,31386.0,8.26
000505.SZ,20260917,6.38,6.43,6.44,6.36,283700.0,1821995.04,6.42
000506.SZ,20260917,19.05,19.0,19.1,19.0,2215000.0,42102497.28,19.01
000507.SZ,20260917,5.02,5.03,5.04,5.02,89500.0,449639.0,5.02
000509.SZ,20260917,3.46,3.48,3.48,3.46,34100.0,118620.0,3.48
000510.SZ,20260917,17.99,17.88,17.99,17.88,195400.0,3495582.08,17.89
000513.SZ,20260917,26.42,26.48,26.48,26.32,44700.0,1183364.96,26.47
000514.SZ,20260917,4.08,4.1,4.15,4.08,109400.0,449258.0,4.11
000516.SZ,20260917,4.22,4.22,4.22,4.21,176900.0,745470.0,4.21
000517.SZ,20260917,2.0,2.0,2.0,1.99,126100.0,252196.0,2.0
000518.SZ,20260917,3.77,3.78,3.78,3.77,53600.0,202496.0,3.78
000519.SZ,20260917,15.39,15.4,15.42,15.36,324700.0,4999760.96,15.4
000520.SZ,20260917,4.02,4.02,4.02,4.01,73700.0,296083.0,4.02
000521.SZ,20260917,4.37,4.37,4.37,4.37,101100.0,441807.0,4.37
000523.SZ,20260917,3.21,3.21,3.22,3.2,2658500.0,8533201.28,3.21
000524.SZ,20260917,8.84,8.86,8.86,8.84,24800.0,219594.0,8.85
000525.SZ,20260917,4.5,4.5,4.5,4.5,191300.0,860850.0,4.5
000526.SZ,20260917,34.97,35.05,35.05,34.97,9900.0,346963.0,35.05
000528.SZ,20260917,7.66,7.67,7.68,7.65,346300.0,2655420.0,7.67
000529.SZ,20260917,4.82,4.84,4.84,4.82,19900.0,96314.0,4.84
000530.SZ,20260917,5.07,5.09,5.09,5.07,45200.0,230027.0,5.09
000531.SZ,20260917,5.73,5.73,5.75,5.73,39600.0,226978.0,5.73
000532.SZ,20260917,11.98,11.96,12.05,11.96,845400.0,10120231.68,11.97
000533.SZ,20260917,11.23,11.2,11.24,11.19,165100.0,1849852.96,11.2
000534.SZ,20260917,23.4,23.38,23.45,23.35,141500.0,3309672.0,23.39
000536.SZ,20260917,3.38,3.38,3.39,3.37,540600.0,1827323.04,3.38
000537.SZ,20260917,7.57,7.58,7.58,7.56,113600.0,860919.04,7.58
000538.SZ,20260917,50.7,50.75,50.75,50.7,34400.0,1745655.04,50.75
000539.SZ,20260917,5.27,5.27,5.29,5.27,381600.0,2011067.04,5.27
000541.SZ,20260917,4.85,4.85,4.85,4.85,55600.0,269660.0,4.85
000543.SZ,20260917,7.49,7.49,7.49,7.48,70800.0,530157.0,7.49
000544.SZ,20260917,7.26,7.27,7.27,7.26,20900.0,151941.0,7.27
000545.SZ,20260917,2.16,2.17,2.17,2.15,240700.0,522040.0,2.17
000546.SZ,20260917,4.47,4.46,4.47,4.46,10900.0,48616.0,4.46
000547.SZ,20260917,14.7,14.69,14.76,14.67,609300.0,8952929.92,14.69
000548.SZ,20260917,4.5,4.5,4.51,4.5,32000.0,144047.0,4.5
000550.SZ,20260917,17.25,17.25,17.25,17.25,6300.0,108675.0,17.25
000551.SZ,20260917,12.12,12.11,12.13,12.11,47600.0,576502.0,12.11
000552.SZ,20260917,2.5,2.5,2.5,2.49,353100.0,882712.0,2.5
000553.SZ,20260917,5.64,5.65,5.65,5.64,22800.0,128814.0,5.65
000554.SZ,20260917,6.47,6.46,6.5,6.45,512300.0,3309935.04,6.46
000555.SZ,20260917,10.29,10.3,10.3,10.29,18100.0,186391.0,10.3
000557.SZ,20260917,3.66,3.66,3.67,3.66,236800.0,866824.0,3.66
000558.SZ,20260917,3.55,3.53,3.55,3.52,59300.0,209334.0,3.53
000559.SZ,20260917,10.26,10.26,10.28,10.26,118100.0,1211792.0,10.26
000560.SZ,20260917,2.63,2.65,2.66,2.63,3729000.0,9882023.04,2.65
000561.SZ,20260917,7.74,7.75,7.79,7.71,1189600.0,9216931.84,7.75
000563.SZ,20260917,2.96,2.96,2.96,2.96,123200.0,364672.0,2.96
000564.SZ,20260917,1.48,1.48,1.49,1.48,1840700.0,2732280.96,1.48
000565.SZ,20260917,6.47,6.5,6.5,6.47,248300.0,1613542.08,6.5
000566.SZ,20260917,4.51,4.51,4.52,4.51,209600.0,945300.96,4.51
000567.SZ,20260917,5.88,5.88,5.88,5.86,130700.0,768428.96,5.88
000568.SZ,20260917,72.03,72.07,72.6,72.03,148900.0,10736849.28,72.11
000570.SZ,20260917,5.1,5.1,5.1,5.1,9900.0,50490.0,5.1
000571.SZ,20260917,6.32,6.3,6.4,6.3,1087979.04,6869676.8,6.31
000572.SZ,20260917,3.98,4.0,4.0,3.98,2412300.0,9645500.8,4.0
000573.SZ,20260917,3.64,3.64,3.64,3.64,28900.0,105196.0,3.64
000576.SZ,20260917,8.15,8.18,8.18,8.15,41900.0,342671.0,8.18
000581.SZ,20260917,17.95,18.03,18.03,17.95,11200.0,201846.0,18.02
000582.SZ,20260917,10.45,10.5,10.5,10.44,834500.0,8755921.28,10.49
000586.SZ,20260917,14.3,14.4,14.4,14.28,114500.0,1647494.08,14.39
000589.SZ,20260917,4.21,4.21,4.22,4.21,121200.0,510253.0,4.21
000590.SZ,20260917,8.85,8.85,8.85,8.84,10200.0,90266.0,8.85
000591.SZ,20260917,4.33,4.33,4.33,4.32,179000.0,775031.04,4.33
000592.SZ,20260917,8.43,8.5,8.54,8.42,12376399.36,105162147.84,8.5
000593.SZ,20260917,21.16,21.22,21.22,21.16,33500.0,710828.96,21.22
000595.SZ,20260917,5.4,5.4,5.4,5.38,71800.0,387452.0,5.4
000596.SZ,20260917,92.4,92.5,92.5,92.4,13900.0,1285667.04,92.49
000597.SZ,20260917,4.6,4.61,4.61,4.6,19200.0,88437.0,4.61
000598.SZ,20260917,7.04,7.03,7.04,7.02,28400.0,199599.0,7.03
000599.SZ,20260917,4.58,4.59,4.59,4.58,21000.0,96389.0,4.59
000600.SZ,20260917,7.32,7.32,7.35,7.32,421700.0,3087010.88,7.32
000601.SZ,20260917,6.27,6.27,6.28,6.25,204700.0,1283167.04,6.27
000603.SZ,20260917,34.35,34.36,34.47,34.31,906500.0,31146055.68,34.36
000605.SZ,20260917,5.78,5.78,5.81,5.78,65700.0,379781.0,5.78
000607.SZ,20260917,3.95,3.96,3.97,3.95,799300.0,3165197.12,3.96
000608.SZ,20260917,7.14,7.13,7.14,7.13,39100.0,278864.0,7.13
000609.SZ,20260917,9.26,9.26,9.26,9.26,22200.0,205572.0,9.26
000610.SZ,20260917,8.57,8.55,8.62,8.55,65000.0,556008.0,8.55
000612.SZ,20260917,11.5,11.53,11.53,11.43,1635000.0,18836736.0,11.52
000615.SZ,20260917,3.23,3.23,3.23,3.23,4420.0,14276.6,3.23
000617.SZ,20260917,6.75,6.77,6.78,6.75,779800.0,5277801.92,6.77
000619.SZ,20260917,4.88,4.88,4.88,4.87,66000.0,322073.0,4.88
000620.SZ,20260917,3.11,3.11,3.12,3.1,3108700.16,9668512.0,3.11
000623.SZ,20260917,17.4,17.4,17.44,17.4,64300.0,1118878.0,17.4
000625.SZ,20260917,7.08,7.09,7.09,7.07,221100.0,1566992.0,7.09
000626.SZ,20260917,8.53,8.53,8.53,8.48,128600.0,1096646.0,8.53
000628.SZ,20260917,56.0,55.95,56.2,55.86,75500.0,4224567.04,55.96
000629.SZ,20260917,2.89,2.88,2.89,2.88,394900.0,1137692.0,2.88
000630.SZ,20260917,6.04,6.04,6.05,6.03,3020800.0,18244736.0,6.04
000631.SZ,20260917,2.93,2.93,2.93,2.93,18800.0,55084.0,2.93
000632.SZ,20260917,3.97,3.98,3.98,3.97,67300.0,267824.0,3.98
000633.SZ,20260917,5.11,5.1,5.12,5.1,35500.0,181083.0,5.1
000635.SZ,20260917,7.29,7.29,7.29,7.28,36700.0,267482.0,7.29
000636.SZ,20260917,57.79,57.66,58.0,57.66,1747600.0,100802877.44,57.68
000637.SZ,20260917,4.11,4.11,4.11,4.11,74400.0,305784.0,4.11
000639.SZ,20260917,1.6,1.6,1.6,1.59,128700.0,205919.0,1.6
000650.SZ,20260917,5.16,5.16,5.16,5.15,70200.0,362134.0,5.16
000651.SZ,20260917,38.0,38.0,38.01,37.99,164500.0,6251079.04,38.0
000652.SZ,20260917,3.33,3.33,3.35,3.33,39500.0,131594.0,3.33
000655.SZ,20260917,7.1,7.1,7.1,7.08,11400.0,80927.0,7.1
000656.SZ,20260917,1.18,1.18,1.18,1.17,1456100.0,1717014.08,1.18
000657.SZ,20260917,62.04,61.99,62.2,61.98,948200.0,58802780.16,62.02
000659.SZ,20260917,2.81,2.81,2.81,2.8,93500.0,262730.0,2.81
000661.SZ,20260917,70.7,70.7,70.99,70.7,17300.0,1223160.96,70.7
000663.SZ,20260917,5.93,5.95,5.98,5.93,108100.0,642908.0,5.95
000665.SZ,20260917,4.06,4.08,4.08,4.06,115800.0,472313.0,4.08
000668.SZ,20260917,21.1,21.1,21.1,21.1,1000.0,21100.0,21.1
000669.SZ,20260917,4.34,4.34,4.34,4.34,27300.0,118482.0,4.34
000670.SZ,20260917,7.89,7.92,7.92,7.8,3458800.0,27363998.72,7.91
000672.SZ,20260917,14.92,14.92,14.94,14.92,130300.0,1944452.96,14.92
000676.SZ,20260917,6.59,6.6,6.61,6.57,124300.0,819990.0,6.6
000677.SZ,20260917,1.75,1.74,1.75,1.74,59400.0,103361.0,1.74
000678.SZ,20260917,8.57,8.59,8.59,8.57,40700.0,349609.0,8.59
000679.SZ,20260917,6.18,6.16,6.18,6.16,50050.0,308330.0,6.16
000680.SZ,20260917,9.39,9.4,9.4,9.36,170100.0,1598624.96,9.4
000681.SZ,20260917,15.94,15.95,15.95,15.89,64600.0,1029408.0,15.94
000682.SZ,20260917,10.66,10.66,10.66,10.63,42100.0,448666.0,10.66
000683.SZ,20260917,5.75,5.75,5.76,5.73,114100.0,655627.0,5.75
000685.SZ,20260917,10.94,10.93,10.94,10.93,64800.0,708264.96,10.93
000686.SZ,20260917,7.71,7.7,7.71,7.69,22900.0,176357.0,7.7
000688.SZ,20260917,25.82,25.88,25.88,25.72,74100.0,1911617.92,25.8
000690.SZ,20260917,5.22,5.24,5.24,5.22,183900.0,962746.0,5.24
000691.SZ,20260917,9.36,9.36,9.36,9.36,18900.0,176904.0,9.36
000692.SZ,20260917,4.14,4.14,4.17,4.14,46700.0,193583.0,4.15
000695.SZ,20260917,13.1,13.1,13.11,13.1,9400.0,123141.0,13.1
000697.SZ,20260917,8.81,8.81,8.81,8.81,10400.0,91624.0,8.81
000698.SZ,20260917,3.55,3.55,3.55,3.55,16700.0,59285.0,3.55
000700.SZ,20260917,11.05,11.04,11.08,11.04,81400.0,898664.96,11.04
000701.SZ,20260917,5.18,5.18,5.2,5.14,122000.0,631653.0,5.18
000702.SZ,20260917,5.62,5.63,5.63,5.61,49500.0,278667.0,5.63
000703.SZ,20260917,17.1,17.13,17.18,17.09,1036100.0,17746251.52,17.13
000705.SZ,20260917,6.91,6.89,6.91,6.89,8500.0,58567.0,6.89
000707.SZ,20260917,4.43,4.42,4.43,4.42,16000.0,70741.0,4.42
000708.SZ,20260917,13.18,13.18,13.19,13.17,104300.0,1374664.0,13.18
000709.SZ,20260917,2.06,2.06,2.07,2.06,1165200.0,2400735.04,2.06
000710.SZ,20260917,8.38,8.35,8.38,8.35,50700.0,423617.0,8.35
000711.SZ,20260917,5.05,5.03,5.07,5.03,848900.0,4272791.04,5.03
000712.SZ,20260917,9.92,9.92,9.94,9.88,754300.0,7480128.0,9.92
000713.SZ,20260917,6.14,6.14,6.15,6.12,207900.0,1276490.0,6.14
000715.SZ,20260917,5.21,5.21,5.21,5.21,5100.0,26571.0,5.21
000716.SZ,20260917,5.0,5.04,5.04,5.0,65200.0,328208.0,5.03
000717.SZ,20260917,2.19,2.2,2.2,2.19,135000.0,296217.0,2.19
000718.SZ,20260917,1.91,1.91,1.92,1.91,40200.0,76881.0,1.91
000719.SZ,20260917,12.11,12.1,12.11,12.1,6900.0,83491.0,12.1
000720.SZ,20260917,4.08,4.05,4.15,4.05,3681400.0,14921556.48,4.05
000721.SZ,20260917,6.07,6.08,6.09,6.05,391500.0,2380017.92,6.08
000722.SZ,20260917,14.08,14.12,14.13,14.05,728100.0,10274248.96,14.11
000723.SZ,20260917,3.63,3.62,3.63,3.61,286100.0,1035686.0,3.62
000725.SZ,20260917,5.44,5.42,5.45,5.42,24344599.04,132129710.08,5.43
000726.SZ,20260917,6.15,6.15,6.16,6.14,208400.0,1281628.96,6.15
000727.SZ,20260917,2.23,2.23,2.24,2.23,275900.0,615258.0,2.23
000728.SZ,20260917,7.49,7.5,7.5,7.49,152400.0,1142808.96,7.5
000729.SZ,20260917,10.79,10.76,10.79,10.76,55100.0,592936.0,10.76
000731.SZ,20260917,7.96,8.0,8.0,7.9,624600.0,4994130.88,8.0
000733.SZ,20260917,41.02,41.01,41.13,41.0,93100.0,3818162.88,41.01
000735.SZ,20260917,5.77,5.77,5.79,5.77,1190624.96,6870792.96,5.77
000736.SZ,20260917,4.24,4.25,4.25,4.24,47600.0,202248.0,4.25
000737.SZ,20260917,14.26,14.3,14.33,14.23,2130300.0,30461294.08,14.3
000738.SZ,20260917,19.28,19.26,19.29,19.26,30400.0,585548.0,19.26
000739.SZ,20260917,22.74,22.7,22.77,22.7,71000.0,1612020.0,22.71
000750.SZ,20260917,3.67,3.66,3.67,3.66,239000.0,874800.0,3.66
000751.SZ,20260917,4.66,4.67,4.67,4.65,209900.0,979327.04,4.67
000752.SZ,20260917,8.65,8.65,8.66,8.65,1700.0,14712.0,8.65
000753.SZ,20260917,5.33,5.3,5.39,5.29,2149200.0,11402599.68,5.31
000755.SZ,20260917,4.7,4.7,4.72,4.7,72700.0,341891.0,4.7
000756.SZ,20260917,12.68,12.68,12.68,12.68,12100.0,153428.0,12.68
000757.SZ,20260917,4.23,4.25,4.25,4.23,22900.0,97313.0,4.25
000758.SZ,20260917,5.97,5.98,5.98,5.97,136600.0,816756.96,5.98
000759.SZ,20260917,6.21,6.2,6.23,6.18,2402000.0,14893804.8,6.2
000761.SZ,20260917,2.26,2.26,2.27,2.26,59600.0,134767.0,2.26
000762.SZ,20260917,21.5,21.59,21.59,21.5,19200.0,414142.0,21.57
000766.SZ,20260917,15.2,15.24,15.24,15.11,33400.0,508010.0,15.21
000767.SZ,20260917,3.49,3.5,3.51,3.49,456200.0,1597523.04,3.5
000768.SZ,20260917,22.36,22.35,22.42,22.35,104900.0,2345704.96,22.36
000776.SZ,20260917,20.1,20.1,20.1,20.07,527200.0,10596017.92,20.1
000777.SZ,20260917,16.57,16.56,16.65,16.55,20900.0,346291.0,16.57
000778.SZ,20260917,3.58,3.58,3.59,3.58,313800.0,1123404.96,3.58
000779.SZ,20260917,8.44,8.43,8.46,8.43,165700.0,1397062.08,8.43
000782.SZ,20260917,7.79,7.79,7.79,7.79,29000.0,225910.0,7.79
000783.SZ,20260917,8.33,8.33,8.34,8.32,779700.0,6493788.16,8.33
000785.SZ,20260917,2.18,2.18,2.19,2.17,281700.0,614122.0,2.18
000786.SZ,20260917,15.74,15.74,15.75,15.74,55700.0,876756.0,15.74
000788.SZ,20260917,5.24,5.24,5.25,5.24,18200.0,95376.0,5.24
000789.SZ,20260917,4.06,4.04,4.06,4.04,64800.0,262070.0,4.04
000790.SZ,20260917,3.86,3.85,3.86,3.85,37600.0,144778.0,3.85
000791.SZ,20260917,7.32,7.33,7.34,7.31,67600.0,495422.0,7.33
000792.SZ,20260917,24.64,24.65,24.69,24.62,271800.0,6699843.84,24.65
000793.SZ,20260917,2.05,2.04,2.05,2.04,9600.0,19588.0,2.04
000795.SZ,20260917,8.11,8.12,8.12,8.11,13000.0,105540.0,8.12
000796.SZ,20260917,3.67,3.67,3.68,3.65,481300.0,1766224.0,3.67
000797.SZ,20260917,2.53,2.53,2.53,2.53,822300.0,2080419.04,2.53
000798.SZ,20260917,10.1,10.08,10.15,10.06,306200.0,3087455.04,10.08
000799.SZ,20260917,36.95,36.96,36.98,36.9,24100.0,890630.0,36.96
000800.SZ,20260917,5.92,5.91,5.94,5.91,60200.0,356044.0,5.91
000801.SZ,20260917,11.98,11.98,11.98,11.98,16700.0,200066.0,11.98
000802.SZ,20260917,3.93,3.93,3.94,3.92,505600.0,1986839.04,3.93
000803.SZ,20260917,7.2,7.18,7.2,7.16,36840.0,265108.18,7.2
000807.SZ,20260917,26.69,26.7,26.72,26.66,1051700.0,28078743.04,26.7
000809.SZ,20260917,3.45,3.42,3.45,3.42,801500.0,2746511.04,3.43
000810.SZ,20260917,9.6,9.62,9.62,9.57,180000.0,1730960.96,9.62
000811.SZ,20260917,37.25,37.21,37.46,37.21,165900.0,6177496.96,37.24
000812.SZ,20260917,3.72,3.72,3.74,3.7,482200.0,1793700.96,3.72
000813.SZ,20260917,3.18,3.18,3.18,3.17,221700.0,704971.04,3.18
000815.SZ,20260917,15.33,15.32,15.36,15.32,169919.0,2603744.96,15.32
000816.SZ,20260917,2.77,2.79,2.79,2.77,244200.0,680746.0,2.79
000818.SZ,20260917,11.63,11.69,11.69,11.63,68700.0,802768.96,11.69
000819.SZ,20260917,11.95,12.0,12.0,11.95,4600.0,55180.0,12.0
000820.SZ,20260917,3.47,3.48,3.48,3.47,23900.0,83150.0,3.48
000821.SZ,20260917,7.33,7.33,7.33,7.33,62200.0,455926.0,7.33
000822.SZ,20260917,4.3,4.3,4.3,4.29,20500.0,88132.0,4.3
000823.SZ,20260917,24.6,24.39,24.66,24.38,3905086.08,95305134.08,24.41
000825.SZ,20260917,3.44,3.43,3.44,3.43,88300.0,302899.0,3.43
000826.SZ,20260917,1.85,1.85,1.85,1.85,71200.0,131720.0,1.85
000828.SZ,20260917,10.13,10.13,10.13,10.13,24600.0,249198.0,10.13
000829.SZ,20260917,8.74,8.75,8.75,8.74,46500.0,406840.0,8.75
000830.SZ,20260917,11.8,11.81,11.81,11.79,201300.0,2377135.04,11.81
000831.SZ,20260917,54.35,54.25,54.37,54.24,158800.0,8618812.16,54.28
000833.SZ,20260917,19.71,19.7,19.71,19.66,114200.0,2249129.92,19.7
000837.SZ,20260917,9.44,9.45,9.45,9.44,21100.0,199335.0,9.45
000838.SZ,20260917,2.2,2.23,2.23,2.19,241400.0,536493.0,2.22
000839.SZ,20260917,2.75,2.76,2.76,2.74,1930500.0,5324261.12,2.76
000848.SZ,20260917,8.16,8.15,8.17,8.15,39800.0,324451.0,8.15
000850.SZ,20260917,4.02,4.04,4.04,4.02,17200.0,69422.0,4.04
000852.SZ,20260917,5.49,5.48,5.49,5.46,83300.0,456291.0,5.48
000856.SZ,20260917,8.6,8.6,8.6,8.58,45100.0,387858.0,8.6
000858.SZ,20260917,69.0,69.01,69.03,69.0,126004.0,8695303.04,69.01
000859.SZ,20260917,9.6,9.65,9.66,9.6,1350000.0,13020579.84,9.65
000860.SZ,20260917,10.22,10.24,10.24,10.21,45700.0,467862.0,10.24
000862.SZ,20260917,5.62,5.64,5.64,5.62,324700.0,1830809.92,5.64
000863.SZ,20260917,4.51,4.5,4.51,4.5,29200.0,131402.0,4.5
000868.SZ,20260917,3.72,3.72,3.74,3.7,1917500.0,7134266.24,3.72
000869.SZ,20260917,15.86,15.86,15.86,15.86,8800.0,139568.0,15.86
000875.SZ,20260917,4.92,4.93,4.93,4.92,163600.0,806111.04,4.93
000876.SZ,20260917,7.16,7.16,7.17,7.16,113700.0,814196.96,7.16
000877.SZ,20260917,3.67,3.69,3.69,3.67,23600.0,86979.0,3.69
000878.SZ,20260917,16.63,16.63,16.65,16.6,644600.0,10719320.96,16.63
000880.SZ,20260917,24.94,24.8,25.3,24.8,406800.0,10112298.24,24.86
000881.SZ,20260917,6.35,6.38,6.38,6.35,31300.0,199685.0,6.38
000882.SZ,20260917,1.53,1.53,1.54,1.53,492300.0,754306.0,1.53
000883.SZ,20260917,4.52,4.51,4.52,4.51,100300.0,452382.0,4.51
000885.SZ,20260917,11.67,11.65,11.67,11.65,10400.0,121166.0,11.65
000886.SZ,20260917,4.62,4.63,4.63,4.62,30400.0,140732.0,4.63
000887.SZ,20260917,19.18,19.2,19.25,19.18,97400.0,1870371.04,19.2
000888.SZ,20260917,9.23,9.21,9.23,9.2,100433.0,925070.96,9.21
000889.SZ,20260917,3.93,3.93,3.93,3.92,141900.0,557607.0,3.93
000890.SZ,20260917,7.54,7.57,7.59,7.53,336501.0,2547167.52,7.57
000892.SZ,20260917,4.44,4.45,4.5,4.42,1164600.0,5191022.08,4.46
000893.SZ,20260917,39.32,39.28,39.43,39.28,30100.0,1182524.96,39.29
000895.SZ,20260917,23.28,23.21,23.28,23.21,68400.0,1588600.0,23.23
000897.SZ,20260917,1.83,1.83,1.83,1.82,67400.0,123338.0,1.83
000898.SZ,20260917,2.03,2.02,2.03,2.02,346600.0,700950.0,2.02
000899.SZ,20260917,9.52,9.52,9.53,9.49,143200.0,1363068.0,9.52
000900.SZ,20260917,3.57,3.57,3.57,3.57,48800.0,174216.0,3.57
000901.SZ,20260917,14.21,14.22,14.22,14.2,41900.0,595727.0,14.22
000902.SZ,20260917,13.78,13.79,13.79,13.78,17500.0,241304.0,13.79
000903.SZ,20260917,2.06,2.05,2.06,2.05,52840.0,108343.0,2.05
000905.SZ,20260917,9.3,9.28,9.3,9.27,722300.0,6710615.04,9.29
000906.SZ,20260917,6.14,6.15,6.16,6.14,116300.0,715299.04,6.15
000908.SZ,20260917,6.11,6.11,6.11,6.11,24100.0,147251.0,6.11
000909.SZ,20260917,5.7,5.7,5.7,5.7,38600.0,220020.0,5.7
000910.SZ,20260917,5.14,5.15,5.15,5.14,20200.0,104008.0,5.15
000911.SZ,20260917,5.04,5.04,5.05,5.04,154500.0,778707.04,5.04
000912.SZ,20260917,4.01,4.01,4.02,4.0,411400.0,1648900.0,4.01
000913.SZ,20260917,10.78,10.78,10.78,10.78,6300.0,67914.0,10.78
000915.SZ,20260917,24.26,24.26,24.26,24.26,2300.0,55798.0,24.26
000917.SZ,20260917,6.69,6.69,6.7,6.69,35500.0,237527.0,6.69
000919.SZ,20260917,6.37,6.37,6.42,6.37,20300.0,129479.0,6.38
000920.SZ,20260917,11.45,11.44,11.45,11.41,40200.0,459851.0,11.44
000921.SZ,20260917,27.65,27.73,27.73,27.38,32800.0,909315.04,27.72
000922.SZ,20260917,11.89,11.89,11.89,11.89,34300.0,407827.0,11.89
000923.SZ,20260917,16.16,16.18,16.19,16.16,85000.0,1375216.96,16.18
000925.SZ,20260917,8.0,7.99,8.02,7.99,181700.0,1452564.0,7.99
000926.SZ,20260917,2.06,2.07,2.07,2.06,124300.0,257288.0,2.07
000927.SZ,20260917,2.49,2.49,2.49,2.49,80800.0,201192.0,2.49
000928.SZ,20260917,5.49,5.47,5.49,5.46,35700.0,195278.0,5.47
000929.SZ,20260917,8.98,8.95,8.98,8.95,5400.0,48345.0,8.95
000930.SZ,20260917,4.95,4.95,4.96,4.94,1228000.0,6078320.0,4.95
000931.SZ,20260917,4.35,4.35,4.36,4.35,33500.0,145758.0,4.35
000932.SZ,20260917,3.59,3.59,3.6,3.58,598200.0,2147548.96,3.59
000933.SZ,20260917,26.59,26.57,26.73,26.57,313500.0,8333699.2,26.58
000935.SZ,20260917,20.58,20.58,20.58,20.58,7400.0,152292.0,20.58
000936.SZ,20260917,5.43,5.43,5.43,5.43,29500.0,160185.0,5.43
000937.SZ,20260917,4.44,4.44,4.44,4.43,98400.0,436664.0,4.44
000938.SZ,20260917,33.6,33.6,33.64,33.58,1443600.0,48505497.6,33.6
000948.SZ,20260917,13.29,13.29,13.29,13.25,32300.0,429203.0,13.29
000949.SZ,20260917,6.62,6.6,6.62,6.6,161900.0,1068684.0,6.6
000950.SZ,20260917,5.14,5.15,5.15,5.14,120100.0,618229.0,5.15
000951.SZ,20260917,20.39,20.4,20.41,20.35,20800.0,424193.0,20.39
000952.SZ,20260917,6.25,6.23,6.25,6.23,28000.0,174452.0,6.23
000953.SZ,20260917,5.84,5.84,5.85,5.83,26900.0,156937.0,5.83
000955.SZ,20260917,4.04,4.05,4.05,4.04,22600.0,91518.0,4.05
000957.SZ,20260917,9.77,9.79,9.79,9.76,59300.0,580532.0,9.79
000958.SZ,20260917,5.06,5.06,5.06,5.05,38000.0,192170.0,5.06
000959.SZ,20260917,3.51,3.5,3.52,3.5,73700.0,257981.0,3.5
000960.SZ,20260917,33.43,33.46,33.55,33.42,312500.0,10457781.76,33.47
000962.SZ,20260917,59.12,59.2,59.23,59.08,302400.0,17900302.08,59.19
000963.SZ,20260917,26.18,26.2,26.2,26.15,35800.0,937724.0,26.19
000965.SZ,20260917,3.14,3.15,3.15,3.14,159500.0,502303.0,3.15
000966.SZ,20260917,4.13,4.12,4.13,4.12,168800.0,695516.96,4.12
000967.SZ,20260917,8.09,8.08,8.09,8.07,327300.0,2644636.96,8.08
000968.SZ,20260917,6.87,6.89,6.89,6.87,454700.0,3131910.08,6.89
000969.SZ,20260917,17.03,17.03,17.08,17.02,71000.0,1209474.0,17.04
000970.SZ,20260917,11.28,11.29,11.29,11.27,60100.0,678372.96,11.29
000972.SZ,20260917,3.8,3.81,3.81,3.8,124300.0,473341.0,3.81
000973.SZ,20260917,11.8,11.82,11.82,11.78,101800.0,1202936.96,11.82
000975.SZ,20260917,26.04,25.99,26.08,25.98,911430.0,23695767.04,26.0
000977.SZ,20260917,70.45,70.46,70.46,70.35,443689.0,31258214.4,70.45
000978.SZ,20260917,8.32,8.17,8.34,8.17,13598695.68,111146680.32,8.17
000980.SZ,20260917,2.08,2.08,2.1,2.06,6267200.0,13029964.8,2.08
000981.SZ,20260917,2.74,2.74,2.76,2.73,12010100.48,32920056.32,2.74
000983.SZ,20260917,6.58,6.59,6.59,6.58,528400.0,3481165.12,6.59
000985.SZ,20260917,16.54,16.55,16.55,16.54,8500.0,140651.0,16.55
000987.SZ,20260917,7.29,7.29,7.3,7.28,125200.0,912690.0,7.29
000988.SZ,20260917,106.92,106.93,107.48,106.06,1137900.0,121664942.08,106.92
000989.SZ,20260917,8.56,8.52,8.56,8.52,28400.0,241986.0,8.52
000990.SZ,20260917,6.41,6.41,6.45,6.41,174700.0,1120416.0,6.41
000993.SZ,20260917,16.81,16.64,17.05,16.64,7001216.0,116667576.32,16.66
000995.SZ,20260917,10.65,10.65,10.65,10.61,22600.0,240599.0,10.65
000997.SZ,20260917,19.55,19.6,19.6,19.54,50800.0,995214.0,19.59
000998.SZ,20260917,8.71,8.75,8.75,8.71,137600.0,1203468.96,8.75
000999.SZ,20260917,23.76,23.76,23.76,23.73,25300.0,600998.0,23.76
001201.SZ,20260917,13.84,13.87,13.87,13.7,271600.0,3763344.0,13.86
001202.SZ,20260917,13.61,13.63,13.63,13.61,13000.0,177188.0,13.63
001203.SZ,20260917,23.35,23.25,23.35,23.2,164100.0,3820242.88,23.28
001205.SZ,20260917,14.3,14.29,14.3,14.29,7200.0,102913.0,14.29
001206.SZ,20260917,15.96,15.97,15.97,15.9,9600.0,153213.0,15.96
001207.SZ,20260917,17.27,17.36,17.39,17.27,157000.0,2724423.04,17.35
001208.SZ,20260917,13.9,13.89,13.97,13.89,35700.0,496024.0,13.89
001209.SZ,20260917,20.3,20.18,20.65,20.18,715723.04,14476715.52,20.23
001210.SZ,20260917,28.29,28.29,28.29,28.29,3900.0,110331.0,28.29
001211.SZ,20260917,24.98,25.06,25.14,24.74,239100.0,5985009.28,25.03
001212.SZ,20260917,36.0,36.01,36.12,35.92,44400.0,1598926.08,36.01
001213.SZ,20260917,3.48,3.48,3.48,3.48,21900.0,76212.0,3.48
001215.SZ,20260917,30.09,29.91,30.09,29.91,3300.0,98805.0,29.94
001216.SZ,20260917,19.3,19.49,19.49,19.12,6444600.32,125426472.96,19.46
001217.SZ,20260917,10.06,10.09,10.09,10.06,6100.0,61543.0,10.09
001218.SZ,20260917,23.97,23.89,24.0,23.89,16400.0,392024.0,23.9
001219.SZ,20260917,12.38,12.38,12.38,12.38,2900.0,35902.0,12.38
001220.SZ,20260917,31.08,31.08,31.08,31.08,5800.0,180264.0,31.08
001221.SZ,20260917,35.49,35.5,35.5,35.46,13400.0,475647.0,35.5
001222.SZ,20260917,14.77,14.8,14.81,14.77,26900.0,398106.0,14.8
001223.SZ,20260917,43.5,43.87,44.0,43.33,284100.0,12445192.96,43.81
001225.SZ,20260917,45.49,45.5,45.5,45.49,12100.0,550548.0,45.5
001226.SZ,20260917,43.12,42.91,43.12,42.91,3100.0,133167.0,42.96
001227.SZ,20260917,2.12,2.11,2.12,2.11,1683300.0,3552314.88,2.11
001228.SZ,20260917,32.22,32.29,32.29,32.2,23500.0,758616.96,32.28
001229.SZ,20260917,36.75,36.81,36.82,36.57,76500.0,2815340.16,36.8
001230.SZ,20260917,18.01,18.03,18.03,18.01,3500.0,63093.0,18.03
001231.SZ,20260917,20.6,21.0,21.0,20.6,7900.0,165460.0,20.94
001232.SZ,20260917,197.0,197.0,197.6,196.9,70200.0,13832264.96,197.04
001233.SZ,20260917,41.5,41.5,41.65,41.35,2800.0,116221.0,41.51
001234.SZ,20260917,22.74,22.8,22.8,22.74,16800.0,382836.0,22.79
001236.SZ,20260917,7.83,7.83,7.85,7.8,119700.0,937259.04,7.83
001237.SZ,20260917,49.0,49.08,49.08,49.0,3500.0,171689.0,49.05
001238.SZ,20260917,23.68,23.68,23.68,23.68,700.0,16576.0,23.68
001239.SZ,20260917,11.77,11.81,11.81,11.77,8600.0,101473.0,11.8
001248.SZ,20260917,11.71,11.7,11.73,11.7,347000.0,4060447.04,11.7
001255.SZ,20260917,26.19,26.19,26.19,26.19,5700.0,149283.0,26.19
001256.SZ,20260917,21.37,21.36,21.5,21.36,10800.0,231285.0,21.42
001257.SZ,20260917,23.07,23.08,23.08,23.02,51100.0,1179071.04,23.07
001258.SZ,20260917,11.05,11.02,11.09,11.02,320100.0,3531189.12,11.03
001259.SZ,20260917,44.3,44.3,44.3,44.3,200.0,8860.0,44.3
001260.SZ,20260917,17.67,17.81,17.81,17.67,3900.0,69431.0,17.8
001266.SZ,20260917,32.63,32.63,32.63,32.63,5300.0,172939.0,32.63
001267.SZ,20260917,36.71,36.71,36.81,36.6,109700.0,4028032.0,36.72
001268.SZ,20260917,24.3,24.25,24.3,24.23,8000.0,194020.0,24.25
001269.SZ,20260917,18.68,18.62,18.68,18.61,36600.0,681584.0,18.62
001270.SZ,20260917,99.88,99.3,99.92,99.23,94428.0,9382636.16,99.36
001277.SZ,20260917,28.93,28.93,28.93,28.93,7200.0,208296.0,28.93
001278.SZ,20260917,15.59,15.6,15.6,15.59,12200.0,190311.0,15.6
001279.SZ,20260917,25.75,25.91,25.91,25.75,2700.0,69877.0,25.88
001280.SZ,20260917,62.7,62.7,62.8,62.67,20600.0,1291636.0,62.7
001282.SZ,20260917,15.2,15.2,15.23,15.2,900.0,13686.0,15.21
001283.SZ,20260917,47.53,47.79,47.8,47.53,2300.0,109867.0,47.77
001285.SZ,20260917,41.9,41.9,41.9,41.9,2400.0,100560.0,41.9
001286.SZ,20260917,9.78,9.82,9.83,9.78,202700.0,1989907.04,9.82
001287.SZ,20260917,23.68,23.7,23.73,23.61,181100.0,4291175.04,23.7
001288.SZ,20260917,30.6,30.8,30.9,30.6,147800.0,4551174.08,30.79
001289.SZ,20260917,15.18,15.16,15.2,15.13,104600.0,1586511.04,15.17
001296.SZ,20260917,18.88,18.93,18.93,18.88,8800.0,166470.0,18.92
001298.SZ,20260917,17.05,17.05,17.06,17.03,29200.0,497760.0,17.05
001299.SZ,20260917,9.85,9.89,9.89,9.85,116300.0,1149916.96,9.89
001300.SZ,20260917,11.5,11.5,11.5,11.48,26900.0,309338.0,11.5
001301.SZ,20260917,51.31,51.0,51.43,51.0,66500.0,3394222.08,51.04
001306.SZ,20260917,53.41,52.0,53.49,51.95,88400.0,4607864.96,52.13
001308.SZ,20260917,17.8,17.8,17.8,17.8,14600.0,259880.0,17.8
001309.SZ,20260917,397.2,397.25,399.5,397.2,107100.0,42558551.04,397.37
001311.SZ,20260917,16.45,16.5,16.5,16.45,11000.0,181401.0,16.49
001312.SZ,20260917,17.6,17.6,17.65,17.6,10200.0,179532.0,17.6
001313.SZ,20260917,6.97,6.95,6.97,6.95,43800.0,304551.0,6.95
001314.SZ,20260917,50.07,50.3,50.32,50.02,8800.0,442250.0,50.26
001316.SZ,20260917,27.91,27.91,27.92,27.9,24200.0,675423.04,27.91
001317.SZ,20260917,48.49,48.49,48.49,48.29,28300.0,1372144.96,48.49
001318.SZ,20260917,11.2,11.2,11.2,11.2,600.0,6720.0,11.2
001319.SZ,20260917,21.75,21.8,21.81,21.75,10400.0,226690.0,21.8
001322.SZ,20260917,6.12,6.12,6.12,6.1,27000.0,165234.0,6.12
001323.SZ,20260917,17.28,17.29,17.29,17.28,2300.0,39753.0,17.28
001324.SZ,20260917,19.89,19.89,19.98,19.8,43100.0,857364.0,19.89
001325.SZ,20260917,36.58,36.58,36.58,36.58,800.0,29264.0,36.58
001326.SZ,20260917,87.5,87.48,87.9,87.27,56700.0,4963553.92,87.54
001328.SZ,20260917,29.02,29.02,29.02,29.02,2600.0,75452.0,29.02
001330.SZ,20260917,5.44,5.44,5.45,5.4,787700.0,4282278.08,5.44
001331.SZ,20260917,43.16,42.99,43.16,42.99,17800.0,765256.0,42.99
001332.SZ,20260917,26.2,26.22,26.22,26.08,10900.0,285698.0,26.21
001333.SZ,20260917,18.7,18.74,18.74,18.7,800.0,14965.0,18.71
001335.SZ,20260917,31.6,31.6,31.6,31.6,2100.0,66360.0,31.6
001336.SZ,20260917,17.91,17.91,17.91,17.9,12400.0,222056.0,17.91
001337.SZ,20260917,51.79,51.8,51.99,51.65,206517.0,10693486.08,51.78
001338.SZ,20260917,8.8,8.8,8.82,8.79,62100.0,546503.0,8.8
001339.SZ,20260917,76.7,76.7,76.99,76.39,41700.0,3198336.96,76.7
001356.SZ,20260917,8.81,8.83,8.85,8.81,22600.0,199583.2,8.83
001358.SZ,20260917,24.05,24.15,24.29,24.01,168600.0,4071465.92,24.15
001359.SZ,20260917,88.77,88.77,88.98,88.2,14600.0,1296123.52,88.78
001360.SZ,20260917,18.51,18.51,18.53,18.5,12400.0,229566.0,18.51
001365.SZ,20260917,33.87,33.97,33.97,33.87,15700.0,532915.0,33.94
001366.SZ,20260917,12.72,12.68,12.75,12.68,45400.0,576968.0,12.71
001367.SZ,20260917,19.7,19.76,19.76,19.7,7600.0,150170.0,19.76
001368.SZ,20260917,30.34,30.35,30.47,30.34,13400.0,406705.0,30.35
001369.SZ,20260917,12.2,12.18,12.2,12.18,22000.0,267974.0,12.18
001373.SZ,20260917,27.99,27.99,27.99,27.99,3200.0,89568.0,27.99
001376.SZ,20260917,11.63,11.63,11.64,11.63,53500.0,622206.0,11.63
001378.SZ,20260917,22.17,22.28,22.28,21.79,688000.0,15286737.92,22.22
001379.SZ,20260917,15.39,15.39,15.39,15.39,700.0,10773.0,15.39
001380.SZ,20260917,18.03,18.03,18.11,18.03,13700.0,247020.0,18.03
001382.SZ,20260917,16.28,16.27,16.28,16.25,20400.0,331820.0,16.27
001386.SZ,20260917,15.84,15.83,15.87,15.83,19700.0,311934.0,15.83
001387.SZ,20260917,11.36,11.37,11.37,11.36,7900.0,89807.0,11.37
001388.SZ,20260917,20.4,20.45,20.45,20.4,79500.0,1625187.04,20.44
001389.SZ,20260917,171.36,171.03,171.78,171.03,46600.0,7971788.8,171.07
001390.SZ,20260917,16.48,16.48,16.48,16.48,1700.0,28016.0,16.48
001391.SZ,20260917,3.96,3.96,3.96,3.95,215700.0,854104.96,3.96
001393.SZ,20260917,41.29,41.4,41.4,41.28,6700.0,277325.0,41.39
001395.SZ,20260917,28.32,28.29,28.45,28.29,14600.0,413694.0,28.34
001396.SZ,20260917,31.45,31.5,31.5,31.16,13800.0,433143.0,31.39
001399.SZ,20260917,21.48,21.41,21.49,21.41,224900.0,4818248.0,21.42
001400.SZ,20260917,75.6,74.45,75.6,74.45,12900.0,961523.04,74.54
001696.SZ,20260917,15.3,15.31,15.31,15.26,158300.0,2423068.0,15.31
001872.SZ,20260917,23.11,23.11,23.15,23.11,20700.0,478868.0,23.13
001896.SZ,20260917,12.13,12.17,12.17,12.12,1363500.0,16583392.0,12.16
001914.SZ,20260917,8.69,8.71,8.71,8.69,5000.0,43534.0,8.71
001965.SZ,20260917,10.03,10.02,10.03,10.02,68000.0,681366.0,10.02
001979.SZ,20260917,6.68,6.69,6.7,6.67,174700.0,1168406.0,6.69
002001.SZ,20260917,26.08,26.13,26.13,26.08,58300.0,1523016.0,26.12
002003.SZ,20260917,11.22,11.35,11.36,11.22,21100.0,239325.0,11.34
002004.SZ,20260917,4.39,4.4,4.4,4.39,173600.0,763206.0,4.4
002005.SZ,20260917,2.45,2.45,2.45,2.44,288800.0,707420.96,2.45
002006.SZ,20260917,13.2,13.22,13.22,13.2,16600.0,219450.0,13.22
002007.SZ,20260917,12.7,12.71,12.71,12.69,11600.0,147405.0,12.71
002008.SZ,20260917,95.97,95.61,96.39,95.61,356000.0,34075596.8,95.72
002009.SZ,20260917,15.45,15.45,15.45,15.45,43800.0,676710.0,15.45
002010.SZ,20260917,4.51,4.51,4.52,4.51,97000.0,437626.0,4.51
002011.SZ,20260917,13.55,13.66,13.74,13.55,694000.0,9492892.8,13.68
002012.SZ,20260917,7.2,7.2,7.23,7.19,90200.0,649442.0,7.2
002014.SZ,20260917,11.05,11.01,11.05,11.0,30800.0,339140.0,11.01
002015.SZ,20260917,16.6,16.62,16.65,16.58,902900.0,15002937.6,16.62
002016.SZ,20260917,4.43,4.43,4.44,4.43,28100.0,124486.0,4.43
002017.SZ,20260917,14.25,14.25,14.28,14.22,213246.0,3038844.8,14.25
002019.SZ,20260917,9.21,9.21,9.21,9.2,15700.0,144529.0,9.21
002020.SZ,20260917,11.35,11.39,11.39,11.34,10100.0,115026.0,11.39
002021.SZ,20260917,2.67,2.68,2.68,2.66,62600.0,167613.0,2.68
002022.SZ,20260917,5.54,5.58,5.58,5.54,3900.0,21712.0,5.57
002023.SZ,20260917,9.58,9.54,9.58,9.54,24200.0,230959.0,9.54
002024.SZ,20260917,1.16,1.16,1.16,1.15,304451.0,353162.64,1.16
002025.SZ,20260917,71.21,71.22,71.3,71.09,411600.0,29310778.88,71.21
002026.SZ,20260917,11.76,11.74,11.8,11.72,50000.0,587084.0,11.74
002027.SZ,20260917,4.66,4.67,4.67,4.66,345100.0,1611032.0,4.67
002028.SZ,20260917,134.1,134.3,134.5,134.0,32000.0,4296311.04,134.26
002029.SZ,20260917,8.12,8.12,8.12,8.08,21100.0,171240.0,8.12
002030.SZ,20260917,5.19,5.2,5.21,5.19,54100.0,281430.0,5.2
002031.SZ,20260917,5.03,5.04,5.04,5.02,343700.0,1731843.04,5.04
002032.SZ,20260917,39.8,39.45,39.8,39.45,7900.0,312388.0,39.54
002033.SZ,20260917,8.31,8.32,8.33,8.3,121500.0,1010748.0,8.32
002034.SZ,20260917,14.35,14.36,14.37,14.32,33700.0,483919.0,14.36
002035.SZ,20260917,4.51,4.52,4.52,4.51,38700.0,174899.0,4.52
002036.SZ,20260917,6.16,6.15,6.16,6.14,242500.0,1491446.08,6.15
002037.SZ,20260917,6.78,6.77,6.78,6.77,8000.0,54234.0,6.78
002038.SZ,20260917,5.52,5.51,5.56,5.51,93800.0,517345.0,5.52
002039.SZ,20260917,19.35,19.35,19.35,19.34,23800.0,460506.0,19.35
002040.SZ,20260917,8.85,8.86,8.86,8.81,408200.0,3614929.92,8.86
002041.SZ,20260917,9.82,9.79,9.84,9.79,278700.0,2733634.88,9.81
002042.SZ,20260917,3.78,3.78,3.79,3.78,138200.0,522516.0,3.78
002043.SZ,20260917,10.84,10.78,10.84,10.78,80600.0,869731.04,10.79
002044.SZ,20260917,4.31,4.31,4.32,4.31,294400.0,1268914.0,4.31
002045.SZ,20260917,8.83,8.83,8.85,8.8,39500.0,348780.0,8.83
002046.SZ,20260917,61.25,61.01,61.4,61.01,103700.0,6331964.16,61.06
002047.SZ,20260917,3.34,3.34,3.34,3.33,212600.0,709980.0,3.34
002048.SZ,20260917,17.24,17.23,17.28,17.23,58400.0,1006411.04,17.23
002049.SZ,20260917,60.01,60.02,60.1,60.0,143012.0,8583923.84,60.02
002050.SZ,20260917,33.45,33.5,33.51,33.45,202600.0,6785582.72,33.49
002051.SZ,20260917,8.63,8.65,8.68,8.62,347800.0,3007113.92,8.65
002052.SZ,20260917,8.38,8.39,8.4,8.38,3600.0,30199.0,8.39
002053.SZ,20260917,9.6,9.6,9.63,9.58,20500.0,196765.0,9.6
002054.SZ,20260917,7.0,7.0,7.0,6.95,18900.0,132207.0,7.0
002055.SZ,20260917,6.58,6.59,6.59,6.56,143000.0,941970.0,6.59
002056.SZ,20260917,19.53,19.53,19.55,19.51,74400.0,1452887.04,19.53
002057.SZ,20260917,8.74,8.75,8.75,8.71,114500.0,1001552.0,8.75
002058.SZ,20260917,16.97,16.98,16.99,16.96,25700.0,436373.0,16.98
002059.SZ,20260917,4.44,4.43,4.45,4.43,1433200.0,6352602.24,4.43
002060.SZ,20260917,3.07,3.07,3.08,3.07,160800.0,493668.0,3.07
002061.SZ,20260917,3.32,3.32,3.32,3.32,80900.0,268588.0,3.32
002062.SZ,20260917,9.06,9.04,9.08,9.01,289535.0,2618935.04,9.05
002063.SZ,20260917,5.34,5.33,5.34,5.33,276100.0,1471633.92,5.33
002064.SZ,20260917,9.96,10.0,10.0,9.95,130500.0,1304742.0,10.0
002065.SZ,20260917,6.6,6.61,6.61,6.6,102500.0,677303.04,6.61
002066.SZ,20260917,20.16,20.16,20.16,20.16,10500.0,211680.0,20.16
002067.SZ,20260917,3.97,3.99,3.99,3.97,171200.0,682562.0,3.99
002068.SZ,20260917,10.49,10.48,10.69,10.47,6208099.84,65167636.48,10.5
002069.SZ,20260917,3.66,3.66,3.66,3.65,32600.0,119310.0,3.66
002072.SZ,20260917,7.08,7.03,7.08,7.03,67100.0,472118.0,7.04
002073.SZ,20260917,5.62,5.61,5.62,5.6,82600.0,463061.0,5.61
002074.SZ,20260917,25.79,25.8,25.81,25.75,507200.0,13084168.96,25.8
002075.SZ,20260917,3.56,3.56,3.56,3.56,62800.0,223568.0,3.56
002076.SZ,20260917,2.12,2.13,2.13,2.11,1512700.0,3216920.96,2.13
002077.SZ,20260917,14.05,14.04,14.08,14.03,1060300.0,14888738.56,14.04
002078.SZ,20260917,13.87,13.88,13.88,13.81,18600.0,257926.0,13.87
002079.SZ,20260917,9.08,9.11,9.11,9.06,231700.0,2107064.96,9.09
002080.SZ,20260917,60.84,60.92,61.47,60.84,6191201.28,378066698.24,61.07
002081.SZ,20260917,4.78,4.79,4.8,4.76,2501300.0,11977864.96,4.79
002082.SZ,20260917,9.15,9.15,9.15,9.15,94200.0,861930.0,9.15
002083.SZ,20260917,9.83,9.85,9.85,9.8,127700.0,1256951.04,9.84
002084.SZ,20260917,5.23,5.26,5.26,5.23,1220500.0,6414092.16,5.26
002085.SZ,20260917,9.57,9.59,9.6,9.54,91700.0,878487.04,9.58
002086.SZ,20260917,2.0,2.01,2.01,2.0,311900.0,626000.0,2.01
002088.SZ,20260917,7.87,7.84,7.87,7.84,18500.0,145142.0,7.85
002090.SZ,20260917,9.04,9.03,9.04,9.01,59400.0,536410.0,9.03
002091.SZ,20260917,7.74,7.74,7.75,7.73,19900.0,154034.0,7.74
002092.SZ,20260917,4.45,4.45,4.46,4.45,154100.0,685750.0,4.45
002093.SZ,20260917,7.66,7.69,7.7,7.65,1755600.0,13491920.64,7.69
002094.SZ,20260917,4.97,4.95,4.98,4.95,48600.0,240702.0,4.95
002095.SZ,20260917,15.86,15.99,16.0,15.85,771400.0,12322165.76,15.97
002096.SZ,20260917,9.05,9.07,9.07,9.05,20300.0,184116.0,9.07
002097.SZ,20260917,7.22,7.2,7.22,7.2,78200.0,563104.0,7.2
002098.SZ,20260917,7.8,7.8,7.81,7.79,47600.0,371289.0,7.8
002099.SZ,20260917,5.34,5.34,5.35,5.28,158200.0,844704.0,5.34
002100.SZ,20260917,7.56,7.57,7.57,7.55,43300.0,327760.0,7.57
002101.SZ,20260917,8.56,8.5,8.56,8.5,24600.0,209106.0,8.5
002102.SZ,20260917,2.64,2.64,2.64,2.63,44900.0,118531.0,2.64
002103.SZ,20260917,6.31,6.31,6.31,6.31,11700.0,73827.0,6.31
002104.SZ,20260917,11.06,11.06,11.06,11.02,261400.0,2890621.12,11.06
002105.SZ,20260917,5.93,5.95,5.95,5.93,22800.0,135588.0,5.95
002106.SZ,20260917,11.45,11.47,11.47,11.4,258600.0,2964125.12,11.46
002107.SZ,20260917,6.61,6.64,6.64,6.61,194700.0,1292196.96,6.64
002108.SZ,20260917,4.4,4.4,4.42,4.4,129700.0,570762.0,4.4
002109.SZ,20260917,2.75,2.77,2.77,2.75,33200.0,91798.0,2.77
002110.SZ,20260917,2.96,2.95,2.96,2.95,88600.0,261371.0,2.95
002111.SZ,20260917,9.52,9.52,9.52,9.52,19200.0,182784.0,9.52
002112.SZ,20260917,14.5,14.51,14.51,14.5,28700.0,416425.0,14.51
002114.SZ,20260917,7.34,7.36,7.36,7.33,33400.0,245516.0,7.35
002115.SZ,20260917,10.03,10.01,10.03,10.0,133800.0,1339179.04,10.01
002116.SZ,20260917,7.12,7.09,7.12,7.09,25700.0,182229.0,7.09
002117.SZ,20260917,7.79,7.79,7.79,7.77,9100.0,70873.0,7.79
002119.SZ,20260917,24.65,24.6,24.78,24.6,578210.0,14241505.28,24.63
002120.SZ,20260917,6.67,6.67,6.68,6.67,222900.0,1486764.0,6.67
002121.SZ,20260917,4.81,4.82,4.82,4.81,103700.0,499651.0,4.82
002122.SZ,20260917,2.69,2.69,2.69,2.69,53800.0,144722.0,2.69
002123.SZ,20260917,7.6,7.6,7.61,7.6,15000.0,114038.0,7.6
002124.SZ,20260917,2.23,2.23,2.24,2.22,588500.0,1311764.96,2.23
002125.SZ,20260917,12.03,12.03,12.05,12.0,43500.0,523228.0,12.03
002126.SZ,20260917,38.29,38.3,38.31,38.26,33900.0,1298206.0,38.29
002127.SZ,20260917,2.98,2.98,2.98,2.97,116200.0,346086.0,2.98
002128.SZ,20260917,27.85,27.79,27.91,27.66,1210623.04,33636160.0,27.78
002129.SZ,20260917,8.78,8.78,8.8,8.78,696400.0,6115758.08,8.78
002130.SZ,20260917,16.84,16.87,16.89,16.84,160000.0,2698741.12,16.87
002131.SZ,20260917,4.37,4.38,4.39,4.37,1078100.0,4719297.92,4.38
002132.SZ,20260917,4.29,4.29,4.3,4.26,467700.0,2004196.0,4.29
002133.SZ,20260917,2.72,2.72,2.72,2.72,49200.0,133824.0,2.72
002134.SZ,20260917,24.9,24.94,24.94,24.8,142600.0,3553443.84,24.92
002135.SZ,20260917,5.98,5.98,6.0,5.98,23500.0,140542.0,5.98
002136.SZ,20260917,11.85,11.86,11.86,11.85,4400.0,52160.0,11.86
002137.SZ,20260917,8.56,8.48,8.66,8.47,6384801.28,54287027.2,8.5
002138.SZ,20260917,50.7,50.66,50.9,50.66,118600.0,6009251.2,50.67
002139.SZ,20260917,9.62,9.62,9.64,9.61,61600.0,592588.0,9.62
002140.SZ,20260917,9.08,9.08,9.09,9.07,30700.0,278720.0,9.08
002141.SZ,20260917,6.65,6.66,6.69,6.63,2272800.0,15144419.84,6.66
002142.SZ,20260917,34.25,34.27,34.27,34.21,241300.0,8268533.12,34.27
002144.SZ,20260917,10.36,10.29,10.36,10.29,10400.0,107058.0,10.29
002145.SZ,20260917,4.49,4.48,4.5,4.47,1954089.92,8765498.88,4.49
002146.SZ,20260917,1.14,1.14,1.14,1.13,558600.0,636286.0,1.14
002148.SZ,20260917,6.25,6.27,6.27,6.25,29200.0,182928.0,6.27
002149.SZ,20260917,33.41,33.45,33.5,33.4,34300.0,1147356.0,33.45
002150.SZ,20260917,20.55,20.67,20.7,20.51,86300.0,1780950.08,20.64
002151.SZ,20260917,28.46,28.47,28.47,28.41,32600.0,927756.0,28.46
002152.SZ,20260917,9.18,9.19,9.19,9.17,58700.0,539407.0,9.19
002153.SZ,20260917,7.46,7.46,7.5,7.46,47800.0,356642.0,7.46
002154.SZ,20260917,3.83,3.83,3.84,3.83,131100.0,502114.0,3.83
002155.SZ,20260917,26.7,26.71,26.8,26.6,3141751.04,83883192.32,26.7
002156.SZ,20260917,58.82,58.8,59.0,58.8,792451.04,46610923.52,58.82
002157.SZ,20260917,3.02,3.03,3.04,3.02,623300.0,1888801.92,3.03
002158.SZ,20260917,26.35,26.35,26.36,26.27,44500.0,1172364.0,26.35
002159.SZ,20260917,13.11,13.08,13.15,13.08,32500.0,425345.0,13.09
002160.SZ,20260917,3.97,3.97,3.97,3.97,22800.0,90516.0,3.97
002161.SZ,20260917,7.1,7.1,7.17,7.04,2941100.16,20887060.48,7.1
002162.SZ,20260917,3.88,3.88,3.89,3.88,70100.0,272113.0,3.88
002163.SZ,20260917,8.68,8.74,8.74,8.68,473100.0,4125925.12,8.72
002164.SZ,20260917,10.12,10.19,10.19,10.12,13100.0,133419.0,10.19
002165.SZ,20260917,6.98,6.97,6.99,6.97,432500.0,3015205.12,6.97
002166.SZ,20260917,6.55,6.52,6.55,6.5,41600.0,271247.0,6.52
002167.SZ,20260917,16.05,16.08,16.16,16.01,1134200.0,18231704.32,16.08
002168.SZ,20260917,3.66,3.66,3.66,3.65,4300.0,15733.8,3.66
002169.SZ,20260917,13.06,13.1,13.11,13.06,483800.0,6336330.88,13.1
002170.SZ,20260917,10.96,10.98,10.98,10.96,66100.0,725691.04,10.98
002171.SZ,20260917,10.88,10.91,10.91,10.86,926600.0,10095041.92,10.9
002172.SZ,20260917,5.1,5.11,5.15,5.09,3326000.0,16998233.6,5.11
002173.SZ,20260917,17.49,17.5,17.51,17.46,125000.0,2187160.96,17.5
002174.SZ,20260917,14.46,14.45,14.5,14.45,979800.0,14162744.32,14.46
002175.SZ,20260917,2.52,2.52,2.52,2.52,168200.0,423864.0,2.52
002176.SZ,20260917,8.54,8.56,8.56,8.53,82800.0,708343.04,8.56
002177.SZ,20260917,5.59,5.59,5.59,5.58,85100.0,475664.0,5.59
002178.SZ,20260917,4.59,4.59,4.59,4.58,40800.0,187237.0,4.59
002179.SZ,20260917,34.68,34.69,34.69,34.6,92400.0,3203832.96,34.67
002180.SZ,20260917,16.24,16.25,16.25,16.23,8900.0,144617.0,16.25
002181.SZ,20260917,9.19,9.17,9.2,9.17,261500.0,2398688.96,9.17
002182.SZ,20260917,11.34,11.34,11.37,11.34,16100.0,182589.0,11.34
002183.SZ,20260917,4.33,4.33,4.34,4.32,80300.0,347655.0,4.33
002184.SZ,20260917,9.63,9.64,9.64,9.6,4600.0,44270.0,9.62
002185.SZ,20260917,16.69,16.68,16.7,16.66,3049800.0,50875857.92,16.68
002186.SZ,20260917,9.24,9.24,9.25,9.22,22600.0,208793.0,9.24
002187.SZ,20260917,5.48,5.49,5.49,5.48,29200.0,160301.0,5.49
002188.SZ,20260917,5.25,5.27,5.28,5.25,74000.0,389573.0,5.27
002189.SZ,20260917,19.0,19.05,19.05,18.98,1800.0,34246.0,19.03
002190.SZ,20260917,24.44,24.45,24.46,24.36,144100.0,3522473.92,24.45
002191.SZ,20260917,3.57,3.56,3.59,3.56,54400.0,193809.0,3.56
002192.SZ,20260917,60.3,60.15,60.38,60.15,119900.0,7215200.0,60.18
002193.SZ,20260917,4.78,4.8,4.8,4.78,17600.0,84460.0,4.8
002194.SZ,20260917,10.94,10.94,11.0,10.94,783600.0,8579562.24,10.95
002195.SZ,20260917,6.08,6.08,6.09,6.07,317300.0,1929129.92,6.08
002196.SZ,20260917,9.83,9.86,9.86,9.83,60300.0,594362.0,9.86
002197.SZ,20260917,6.56,6.6,6.6,6.56,28900.0,190467.0,6.59
002198.SZ,20260917,3.55,3.55,3.55,3.55,164200.0,582910.0,3.55
002199.SZ,20260917,12.17,12.17,12.18,12.17,15500.0,188638.0,12.17
002200.SZ,20260917,6.42,6.46,6.46,6.42,52200.0,337066.0,6.46
002201.SZ,20260917,10.54,10.5,10.54,10.46,549620.0,5771518.72,10.5
002202.SZ,20260917,17.94,17.97,17.97,17.91,1158900.0,20816540.16,17.96
002203.SZ,20260917,18.3,18.44,18.44,18.3,169600.0,3124040.0,18.42
002204.SZ,20260917,5.47,5.47,5.49,5.45,747600.0,4088541.12,5.47
002205.SZ,20260917,10.48,10.5,10.54,10.46,25200.0,264726.0,10.51
002206.SZ,20260917,4.95,4.95,4.95,4.95,44700.0,221265.0,4.95
002207.SZ,20260917,5.5,5.5,5.53,5.5,39400.0,216703.0,5.5
002208.SZ,20260917,9.65,9.67,9.68,9.65,35600.0,344197.0,9.67
002209.SZ,20260917,12.71,12.79,12.79,12.71,13700.0,175169.0,12.79
002210.SZ,20260917,2.15,2.16,2.17,2.15,170000.0,366975.0,2.16
002211.SZ,20260917,3.87,3.87,3.88,3.86,455600.0,1763384.0,3.87
002212.SZ,20260917,6.81,6.77,6.92,6.77,27755153.92,188113592.32,6.78
002213.SZ,20260917,29.29,29.3,29.37,29.21,356600.0,10448842.24,29.3
002214.SZ,20260917,17.3,17.3,17.31,17.3,17300.0,299291.0,17.3
002215.SZ,20260917,9.62,9.62,9.62,9.6,101200.0,972852.96,9.61
002216.SZ,20260917,11.49,11.51,11.51,11.49,19700.0,226706.0,11.51
002217.SZ,20260917,1.53,1.52,1.53,1.51,6378499.84,9695591.04,1.52
002218.SZ,20260917,4.36,4.4,4.42,4.36,7275800.32,31992535.04,4.4
002219.SZ,20260917,2.12,2.12,2.12,2.11,264800.0,560439.0,2.12
002221.SZ,20260917,5.54,5.55,5.55,5.54,180900.0,1003870.0,5.55
002222.SZ,20260917,68.41,68.34,68.58,68.18,961600.0,65787683.84,68.42
002223.SZ,20260917,25.91,25.91,25.96,25.8,64600.0,1673456.0,25.91
002224.SZ,20260917,3.73,3.74,3.75,3.73,174000.0,650739.0,3.74
002225.SZ,20260917,3.53,3.52,3.53,3.52,46800.0,165059.0,3.53
002226.SZ,20260917,5.05,5.03,5.05,5.03,52100.0,262267.0,5.03
002227.SZ,20260917,6.44,6.44,6.44,6.44,5100.0,32844.0,6.44
002228.SZ,20260917,3.15,3.16,3.17,3.15,485200.0,1533032.96,3.16
002229.SZ,20260917,10.9,10.9,10.91,10.87,283600.0,3090355.84,10.9
002230.SZ,20260917,38.75,38.77,38.77,38.73,85000.0,3294936.0,38.76
002232.SZ,20260917,15.35,15.33,15.51,15.33,1057700.0,16227170.56,15.34
002233.SZ,20260917,7.09,7.09,7.1,7.08,30200.0,214026.0,7.09
002234.SZ,20260917,7.79,7.81,7.81,7.79,12800.0,99935.0,7.81
002235.SZ,20260917,7.97,7.96,7.98,7.95,65400.0,520807.0,7.96
002236.SZ,20260917,15.61,15.61,15.65,15.61,94600.0,1477192.0,15.62
002237.SZ,20260917,13.98,14.01,14.04,13.98,361500.0,5066318.08,14.02
002238.SZ,20260917,6.27,6.28,6.28,6.27,25200.0,158183.0,6.28
002239.SZ,20260917,2.48,2.48,2.49,2.48,143700.0,356377.0,2.48
002240.SZ,20260917,26.98,27.01,27.13,26.9,340800.0,9203463.68,27.01
002241.SZ,20260917,21.32,21.31,21.4,21.31,287720.0,6133304.32,21.32
002242.SZ,20260917,9.29,9.3,9.3,9.28,214200.0,1991515.04,9.3
002243.SZ,20260917,7.03,7.02,7.03,7.02,15400.0,108113.0,7.02
002244.SZ,20260917,7.81,7.87,7.87,7.81,233100.0,1827198.08,7.84
002245.SZ,20260917,18.08,18.08,18.1,18.07,288500.0,5216253.12,18.08
002246.SZ,20260917,23.03,23.05,23.06,23.03,281100.0,6478928.0,23.05
002247.SZ,20260917,2.4,2.4,2.4,2.39,87000.0,208780.0,2.4
002248.SZ,20260917,9.26,9.29,9.29,9.23,41800.0,388125.0,9.29
002249.SZ,20260917,6.29,6.3,6.31,6.29,175500.0,1104974.0,6.3
002250.SZ,20260917,14.19,14.19,14.19,14.19,20600.0,292314.0,14.19
002251.SZ,20260917,3.46,3.45,3.47,3.45,607200.0,2095660.96,3.45
002252.SZ,20260917,4.86,4.86,4.87,4.85,273600.0,1328434.0,4.86
002253.SZ,20260917,9.7,9.7,9.7,9.7,16500.0,160050.0,9.7
002254.SZ,20260917,12.65,12.63,12.68,12.63,58900.0,744363.04,12.64
002255.SZ,20260917,7.61,7.61,7.61,7.61,27100.0,206231.0,7.61
002256.SZ,20260917,3.23,3.23,3.23,3.22,202000.0,652129.0,3.23
002258.SZ,20260917,15.23,15.19,15.25,15.19,96600.0,1467750.08,15.19
002259.SZ,20260917,4.08,4.1,4.1,4.08,61900.0,253477.0,4.09
002261.SZ,20260917,25.02,25.08,25.09,25.02,251800.0,6314567.68,25.08
002262.SZ,20260917,21.55,21.62,21.66,21.55,24100.0,520976.0,21.62
002263.SZ,20260917,3.23,3.23,3.24,3.23,469100.0,1515660.96,3.23
002264.SZ,20260917,7.28,7.28,7.31,7.25,858400.0,6252995.84,7.28
002265.SZ,20260917,20.19,20.19,20.28,20.12,149200.0,3012270.08,20.19
002266.SZ,20260917,4.82,4.8,4.83,4.79,879400.0,4228770.88,4.81
002267.SZ,20260917,7.22,7.23,7.23,7.22,16900.0,122173.0,7.23
002268.SZ,20260917,14.2,14.18,14.22,14.18,148200.0,2101744.96,14.18
002269.SZ,20260917,1.38,1.38,1.39,1.38,383500.0,529255.0,1.38
002270.SZ,20260917,18.12,18.21,18.21,18.1,42000.0,764431.04,18.2
002271.SZ,20260917,10.07,10.08,10.1,10.06,233800.0,2356721.92,10.08
002272.SZ,20260917,18.28,18.18,18.42,18.16,1340100.0,24423552.0,18.23
002273.SZ,20260917,24.5,24.49,24.56,24.49,172000.0,4212936.96,24.49
002274.SZ,20260917,5.88,5.89,5.9,5.87,181400.0,1067470.0,5.89
002275.SZ,20260917,12.08,12.12,12.12,12.08,9000.0,109024.0,12.11
002276.SZ,20260917,10.08,10.09,10.09,10.05,58300.0,587647.0,10.08
002277.SZ,20260917,5.39,5.39,5.39,5.39,84500.0,455455.0,5.39
002278.SZ,20260917,7.87,7.89,7.9,7.87,81900.0,646145.0,7.89
002279.SZ,20260917,6.74,6.74,6.75,6.72,390400.0,2629340.0,6.74
002281.SZ,20260917,188.93,188.0,189.52,188.0,2151364.96,405208391.68,188.35
002282.SZ,20260917,5.98,5.98,5.99,5.98,5700.0,34087.0,5.98
002283.SZ,20260917,8.05,8.04,8.05,8.04,94000.0,755898.0,8.04
002284.SZ,20260917,9.33,9.31,9.33,9.31,215000.0,2002102.08,9.31
002285.SZ,20260917,2.55,2.55,2.6,2.51,8978419.2,22892382.72,2.55
002286.SZ,20260917,7.61,7.61,7.62,7.6,60500.0,460282.0,7.61
002287.SZ,20260917,19.14,19.14,19.14,19.14,10600.0,202884.0,19.14
002289.SZ,20260917,35.37,35.3,35.48,35.3,7900.0,279049.0,35.32
002290.SZ,20260917,65.05,65.18,65.19,64.83,36800.0,2397692.0,65.16
002291.SZ,20260917,5.41,5.44,5.44,5.4,129100.0,701042.0,5.43
002292.SZ,20260917,8.3,8.33,8.33,8.29,122000.0,1015394.0,8.32
002293.SZ,20260917,10.74,10.83,10.83,10.74,1000.0,10801.0,10.8
002294.SZ,20260917,29.6,29.6,29.64,29.53,38100.0,1127459.04,29.59
002295.SZ,20260917,9.62,9.62,9.68,9.54,1194700.0,11497999.36,9.62
002296.SZ,20260917,9.1,9.13,9.14,9.1,74300.0,678232.96,9.13
002297.SZ,20260917,22.07,22.08,22.18,22.02,658500.0,14540012.8,22.08
002298.SZ,20260917,8.42,8.43,8.45,8.41,187900.0,1583857.92,8.43
002299.SZ,20260917,16.22,16.11,16.22,16.11,12300.0,198556.0,16.14
002300.SZ,20260917,8.09,8.23,8.23,8.07,3538899.84,29011591.68,8.2
002301.SZ,20260917,7.84,7.84,7.84,7.79,19300.0,151300.0,7.84
002302.SZ,20260917,4.61,4.61,4.63,4.61,51300.0,236711.0,4.61
002303.SZ,20260917,5.7,5.66,5.7,5.62,3875000.0,21935191.04,5.66
002304.SZ,20260917,37.75,37.78,37.79,37.75,9000.0,339988.0,37.78
002305.SZ,20260917,2.01,2.01,2.01,2.01,181600.0,365016.0,2.01
002306.SZ,20260917,2.17,2.17,2.17,2.17,111100.0,241087.0,2.17
002307.SZ,20260917,3.0,3.0,3.0,2.99,48100.0,144226.0,3.0
002309.SZ,20260917,2.97,2.97,2.97,2.96,329500.0,977954.0,2.97
002310.SZ,20260917,2.3,2.31,2.31,2.3,342300.0,790224.0,2.31
002311.SZ,20260917,42.17,42.3,42.3,42.16,18100.0,765543.04,42.3
002312.SZ,20260917,8.5,8.5,8.51,8.48,292600.0,2486784.96,8.5
002313.SZ,20260917,8.28,8.33,8.33,8.24,18700.0,155565.0,8.32
002314.SZ,20260917,2.17,2.17,2.17,2.16,43800.0,94905.0,2.17
002315.SZ,20260917,23.77,23.82,23.83,23.77,30200.0,718944.96,23.81
002316.SZ,20260917,4.35,4.39,4.39,4.34,237700.0,1043264.96,4.39
002317.SZ,20260917,24.67,24.59,24.68,24.59,29600.0,728162.0,24.6
002318.SZ,20260917,17.93,17.94,17.95,17.92,43900.0,787519.04,17.94
002319.SZ,20260917,9.95,9.95,9.95,9.95,30400.0,302480.0,9.95
002320.SZ,20260917,6.66,6.63,6.66,6.62,447000.0,2964296.0,6.63
002321.SZ,20260917,1.97,1.97,1.97,1.97,66100.0,130217.0,1.97
002322.SZ,20260917,11.78,11.81,11.81,11.76,8500.0,100327.0,11.8
002323.SZ,20260917,1.25,1.25,1.25,1.25,322600.0,403250.0,1.25
002324.SZ,20260917,9.09,9.1,9.11,9.08,70800.0,644260.0,9.1
002326.SZ,20260917,17.17,17.2,17.21,17.17,32800.0,564161.0,17.2
002327.SZ,20260917,6.03,6.03,6.03,6.03,33300.0,200799.0,6.03
002328.SZ,20260917,8.15,8.19,8.19,8.15,564000.0,4616899.84,8.19
002329.SZ,20260917,3.6,3.61,3.61,3.58,123400.0,445438.0,3.61
002330.SZ,20260917,4.01,4.0,4.01,4.0,43400.0,173670.0,4.0
002331.SZ,20260917,6.64,6.64,6.65,6.64,15000.0,99601.0,6.64
002332.SZ,20260917,8.49,8.49,8.5,8.49,43800.0,371871.0,8.49
002333.SZ,20260917,5.27,5.25,5.28,5.25,45700.0,240262.0,5.26
002334.SZ,20260917,6.52,6.52,6.53,6.52,29500.0,192342.0,6.52
002335.SZ,20260917,29.0,29.0,29.15,28.98,104635.0,3034489.6,29.0
002337.SZ,20260917,4.63,4.63,4.63,4.63,47400.0,219462.0,4.63
002338.SZ,20260917,41.7,41.55,41.78,41.5,41600.0,1729840.96,41.58
002339.SZ,20260917,7.59,7.65,7.69,7.59,807800.0,6174545.92,7.64
002340.SZ,20260917,6.19,6.2,6.2,6.18,411700.0,2551561.92,6.2
002342.SZ,20260917,7.93,7.95,7.95,7.89,125600.0,998018.0,7.95
002343.SZ,20260917,5.57,5.58,5.58,5.56,131500.0,733408.96,5.58
002344.SZ,20260917,3.97,3.96,3.97,3.96,22500.0,89105.0,3.96
002345.SZ,20260917,8.85,8.87,8.87,8.83,61600.0,546152.0,8.87
002346.SZ,20260917,18.49,18.51,18.54,18.41,59500.0,1100940.96,18.5
002347.SZ,20260917,5.86,5.88,5.88,5.84,50800.0,298647.0,5.88
002348.SZ,20260917,10.67,10.53,10.67,10.5,191000.0,2023459.04,10.59
002349.SZ,20260917,7.93,7.95,7.96,7.92,923208.96,7339047.68,7.95
002350.SZ,20260917,14.8,14.8,14.82,14.8,87700.0,1297975.04,14.8
002351.SZ,20260917,9.67,9.67,9.67,9.67,62200.0,601474.0,9.67
002352.SZ,20260917,30.26,30.26,30.36,30.22,398200.0,12049779.2,30.26
002353.SZ,20260917,122.0,122.0,122.45,121.76,176900.0,21594928.64,122.07
002354.SZ,20260917,7.57,7.58,7.6,7.57,2048500.0,15532628.48,7.58
002355.SZ,20260917,4.65,4.64,4.65,4.64,13700.0,63582.0,4.64
002356.SZ,20260917,2.69,2.69,2.7,2.69,33900.0,91241.0,2.69
002357.SZ,20260917,11.83,11.83,11.83,11.73,15400.0,181504.0,11.79
002358.SZ,20260917,5.32,5.34,5.34,5.32,39300.0,209710.0,5.34
002360.SZ,20260917,5.68,5.72,5.72,5.68,17200.0,98240.0,5.71
002361.SZ,20260917,10.36,10.41,10.42,10.32,770900.0,8012409.6,10.39
002362.SZ,20260917,16.7,16.74,16.79,16.66,623600.0,10437683.84,16.74
002363.SZ,20260917,6.69,6.68,6.69,6.68,12100.0,80873.0,6.68
002364.SZ,20260917,35.85,35.88,35.88,35.7,163900.0,5876661.12,35.86
002365.SZ,20260917,13.83,13.86,13.86,13.81,44900.0,621967.0,13.85
002366.SZ,20260917,5.68,5.68,5.68,5.67,206200.0,1170224.0,5.68
002367.SZ,20260917,5.54,5.54,5.56,5.54,50900.0,282132.0,5.54
002368.SZ,20260917,13.36,13.31,13.36,13.31,12000.0,159845.0,13.32
002369.SZ,20260917,5.69,5.69,5.69,5.68,43000.0,244465.0,5.69
002370.SZ,20260917,5.13,5.12,5.13,5.12,61400.0,314374.0,5.12
002371.SZ,20260917,662.0,662.0,665.0,661.0,96835.0,64144209.92,662.41
002372.SZ,20260917,8.07,8.07,8.07,8.06,18200.0,146857.0,8.07
002373.SZ,20260917,7.34,7.33,7.34,7.33,39800.0,291737.0,7.33
002374.SZ,20260917,3.03,3.04,3.04,3.03,34100.0,103563.0,3.04
002375.SZ,20260917,3.73,3.75,3.75,3.73,87200.0,326879.0,3.75
002376.SZ,20260917,6.42,6.42,6.44,6.42,22200.0,142553.0,6.42
002377.SZ,20260917,3.11,3.09,3.15,3.09,4318600.0,13363343.36,3.09
002378.SZ,20260917,23.85,23.89,23.97,23.81,611600.0,14610000.64,23.89
002379.SZ,20260917,17.31,17.31,17.39,17.31,361400.0,6260152.96,17.32
002380.SZ,20260917,26.06,26.1,26.1,26.03,12500.0,326101.0,26.09
002381.SZ,20260917,5.4,5.4,5.43,5.4,48500.0,262137.0,5.41
002382.SZ,20260917,5.79,5.8,5.81,5.78,30000.0,173827.0,5.79
002383.SZ,20260917,7.9,7.87,7.9,7.84,3344300.16,26340357.12,7.88
002384.SZ,20260917,192.05,192.0,192.77,191.99,709400.0,136321474.56,192.16
002385.SZ,20260917,3.16,3.16,3.16,3.15,394900.0,1246924.96,3.16
002386.SZ,20260917,5.88,5.88,5.89,5.87,35300.0,207579.0,5.88
002387.SZ,20260917,6.83,6.83,6.83,6.81,21900.0,149557.0,6.83
002388.SZ,20260917,7.13,7.12,7.19,7.1,4201800.0,29920128.0,7.12
002389.SZ,20260917,19.01,19.0,19.08,19.0,112300.0,2134336.96,19.01
002390.SZ,20260917,2.9,2.9,2.91,2.9,46200.0,133994.0,2.9
002391.SZ,20260917,5.17,5.18,5.18,5.17,7200.0,37278.0,5.18
002392.SZ,20260917,7.62,7.62,7.63,7.62,105500.0,804039.04,7.62
002393.SZ,20260917,13.38,13.39,13.39,13.38,4100.0,54884.0,13.39
002394.SZ,20260917,10.4,10.46,10.46,10.4,23200.0,241993.0,10.43
002395.SZ,20260917,12.29,12.3,12.3,12.29,5500.0,67621.0,12.3
002396.SZ,20260917,37.89,37.65,37.89,37.48,3015310.08,113565153.28,37.66
002397.SZ,20260917,3.61,3.61,3.61,3.6,99500.0,359193.0,3.61
002398.SZ,20260917,4.18,4.18,4.19,4.18,35200.0,147139.0,4.18
002399.SZ,20260917,9.42,9.43,9.43,9.41,8600.0,81073.0,9.43
002400.SZ,20260917,6.4,6.42,6.44,6.39,241800.0,1551620.96,6.42
002401.SZ,20260917,11.93,11.93,11.93,11.93,9000.0,107370.0,11.93
002402.SZ,20260917,18.55,18.6,18.61,18.52,62700.0,1164676.0,18.58
002403.SZ,20260917,9.5,9.5,9.53,9.46,988950.0,9386938.24,9.49
002404.SZ,20260917,5.7,5.69,5.7,5.69,33000.0,188032.0,5.7
002405.SZ,20260917,5.99,5.99,6.0,5.98,103300.0,618467.0,5.99
002406.SZ,20260917,6.49,6.5,6.5,6.48,211800.0,1375767.04,6.5
002407.SZ,20260917,32.69,32.69,32.75,32.64,480000.0,15690952.96,32.69
002408.SZ,20260917,5.4,5.4,5.41,5.4,334200.0,1807176.0,5.41
002409.SZ,20260917,136.93,137.1,137.1,136.51,259200.0,35528547.84,137.07
002410.SZ,20260917,8.33,8.35,8.35,8.33,111800.0,932844.0,8.34
002412.SZ,20260917,8.69,8.68,8.71,8.63,219200.0,1902662.08,8.68
002413.SZ,20260917,8.25,8.25,8.27,8.24,720292.96,5943270.4,8.25
002414.SZ,20260917,12.18,12.16,12.19,12.16,302200.0,3676021.12,12.16
002415.SZ,20260917,32.53,32.56,32.6,32.52,347500.0,11312331.52,32.55
002416.SZ,20260917,8.89,8.9,8.9,8.88,34400.0,306053.0,8.9
002418.SZ,20260917,4.65,4.61,4.65,4.61,1512100.0,6977736.96,4.61
002419.SZ,20260917,4.55,4.55,4.57,4.55,47800.0,217503.0,4.55
002420.SZ,20260917,5.92,5.92,5.92,5.85,44300.0,261950.0,5.91
002421.SZ,20260917,3.13,3.13,3.14,3.12,396200.0,1239056.96,3.13
002422.SZ,20260917,40.44,40.45,40.52,40.42,39300.0,1589983.04,40.46
002423.SZ,20260917,9.15,9.17,9.17,9.15,64900.0,594699.0,9.16
002424.SZ,20260917,4.45,4.45,4.45,4.45,47300.0,210485.0,4.45
002425.SZ,20260917,3.07,3.07,3.07,3.06,49900.0,153077.0,3.07
002426.SZ,20260917,2.62,2.62,2.62,2.61,94600.0,247644.0,2.62
002427.SZ,20260917,4.6,4.62,4.62,4.6,63200.0,291884.0,4.62
002428.SZ,20260917,96.14,96.0,96.85,95.99,1358867.04,130547404.8,96.07
002429.SZ,20260917,8.11,8.1,8.14,8.09,416200.0,3372337.92,8.1
002430.SZ,20260917,25.53,25.51,25.7,25.51,53800.0,1373838.08,25.54
002431.SZ,20260917,1.33,1.33,1.33,1.33,51800.0,68894.0,1.33
002432.SZ,20260917,59.58,59.52,59.84,59.52,80300.0,4781983.04,59.55
002434.SZ,20260917,5.6,5.63,5.63,5.6,40800.0,229581.0,5.63
002436.SZ,20260917,42.6,42.6,42.7,42.5,969600.0,41293975.04,42.59
002437.SZ,20260917,3.36,3.36,3.37,3.35,1105600.0,3713968.96,3.36
002438.SZ,20260917,13.24,13.23,13.24,13.23,20600.0,272539.0,13.23
002439.SZ,20260917,13.31,13.31,13.33,13.3,363200.0,4835887.04,13.32
002440.SZ,20260917,11.52,11.54,11.55,11.51,245600.0,2833749.12,11.54
002441.SZ,20260917,8.09,8.1,8.1,8.09,20800.0,168477.0,8.1
002442.SZ,20260917,5.61,5.59,5.67,5.56,6648999.68,37191431.68,5.59
002443.SZ,20260917,11.81,11.82,11.87,11.81,805700.0,9524088.96,11.82
002444.SZ,20260917,27.97,28.0,28.1,27.97,34400.0,963535.04,28.01
002445.SZ,20260917,3.06,3.06,3.07,3.06,191500.0,586289.0,3.06
002446.SZ,20260917,8.31,8.32,8.32,8.31,146100.0,1215136.96,8.32
002448.SZ,20260917,11.13,11.16,11.16,11.13,46300.0,516383.0,11.15
002449.SZ,20260917,6.45,6.45,6.48,6.45,59100.0,381510.0,6.46
002451.SZ,20260917,7.53,7.56,7.57,7.49,465300.0,3512519.04,7.55
002452.SZ,20260917,11.7,11.77,11.78,11.7,119100.0,1400961.92,11.76
002453.SZ,20260917,4.39,4.36,4.39,4.36,39700.0,173687.0,4.38
002454.SZ,20260917,4.95,4.95,4.95,4.95,7800.0,38610.0,4.95
002455.SZ,20260917,7.08,7.09,7.1,7.08,70400.0,499103.0,7.09
002456.SZ,20260917,6.92,6.93,6.93,6.91,272200.0,1885593.92,6.93
002457.SZ,20260917,11.02,11.07,11.11,11.02,289200.0,3199520.96,11.06
002458.SZ,20260917,8.39,8.41,8.41,8.37,158700.0,1332682.0,8.4
002459.SZ,20260917,6.58,6.58,6.58,6.56,169900.0,1117016.0,6.58
002460.SZ,20260917,45.65,45.7,45.7,45.55,317700.0,14515554.56,45.69
002461.SZ,20260917,8.38,8.38,8.39,8.38,16900.0,141637.0,8.38
002462.SZ,20260917,12.21,12.17,12.21,12.17,33200.0,404678.0,12.19
002463.SZ,20260917,127.87,127.8,128.08,127.8,421300.0,53854346.24,127.83
002465.SZ,20260917,10.18,10.2,10.22,10.18,435300.0,4439218.88,10.2
002466.SZ,20260917,42.05,42.0,42.11,42.0,300300.0,12618233.6,42.02
002467.SZ,20260917,4.58,4.59,4.59,4.57,64100.0,293938.0,4.59
002468.SZ,20260917,14.28,14.33,14.33,14.28,81700.0,1169060.0,14.31
002469.SZ,20260917,5.96,5.97,5.97,5.96,32700.0,195034.0,5.96
002470.SZ,20260917,2.05,2.07,2.07,2.05,1534500.0,3170396.16,2.07
002471.SZ,20260917,5.48,5.48,5.49,5.47,108400.0,594049.0,5.48
002472.SZ,20260917,35.59,35.64,35.69,35.53,88500.0,3153368.0,35.63
002474.SZ,20260917,6.22,6.29,6.29,6.22,68700.0,431578.0,6.28
002475.SZ,20260917,52.42,52.39,52.44,52.37,954200.0,49992872.96,52.39
002476.SZ,20260917,4.91,4.91,4.91,4.91,4000.0,19640.0,4.91
002478.SZ,20260917,6.48,6.48,6.5,6.46,96000.0,622056.0,6.48
002479.SZ,20260917,5.78,5.75,5.78,5.75,97800.0,563025.0,5.76
002480.SZ,20260917,5.22,5.19,5.22,5.19,18000.0,93430.0,5.19
002481.SZ,20260917,4.19,4.17,4.19,4.17,45100.0,188262.0,4.17
002482.SZ,20260917,1.3,1.3,1.3,1.29,241400.0,313819.0,1.3
002483.SZ,20260917,5.91,5.9,5.93,5.9,188900.0,1114900.96,5.9
002484.SZ,20260917,60.32,60.15,60.56,60.14,333200.0,20067992.32,60.23
002485.SZ,20260917,5.8,5.8,5.8,5.8,15500.0,89900.0,5.8
002486.SZ,20260917,2.77,2.77,2.77,2.76,149500.0,413914.0,2.77
002487.SZ,20260917,38.48,38.52,38.73,38.38,2613420.0,100642324.48,38.51
002488.SZ,20260917,7.35,7.38,7.38,7.35,49400.0,364119.0,7.37
002489.SZ,20260917,3.0,3.01,3.02,2.96,2561900.0,7689893.12,3.0
002490.SZ,20260917,7.11,7.1,7.14,7.1,468200.0,3325916.16,7.1
002491.SZ,20260917,24.59,24.48,24.75,24.46,12064870.4,295898849.28,24.53
002492.SZ,20260917,5.98,5.99,5.99,5.92,12900.0,77088.0,5.98
002493.SZ,20260917,12.91,12.93,12.93,12.9,389900.0,5038237.12,12.92
002494.SZ,20260917,4.49,4.48,4.49,4.48,68000.0,304755.0,4.48
002495.SZ,20260917,2.34,2.35,2.35,2.34,97100.0,228068.0,2.35
002496.SZ,20260917,2.13,2.14,2.14,2.13,68900.0,147171.0,2.14
002497.SZ,20260917,16.5,16.55,16.55,16.5,232200.0,3840792.0,16.54
002498.SZ,20260917,6.53,6.52,6.55,6.52,895600.0,5842801.28,6.52
002500.SZ,20260917,5.24,5.24,5.25,5.24,166600.0,872998.0,5.24
002501.SZ,20260917,1.32,1.31,1.32,1.31,1198700.0,1570355.04,1.31
002506.SZ,20260917,2.46,2.46,2.47,2.45,615400.0,1514380.96,2.46
002507.SZ,20260917,10.95,10.98,10.98,10.95,27000.0,296098.0,10.97
002508.SZ,20260917,16.42,16.44,16.47,16.41,22500.0,369842.0,16.44
002510.SZ,20260917,5.53,5.51,5.53,5.51,108100.0,595858.0,5.51
002511.SZ,20260917,6.92,6.92,6.93,6.92,72300.0,500331.0,6.92
002512.SZ,20260917,3.88,3.89,3.89,3.88,212400.0,825710.0,3.89
002513.SZ,20260917,5.23,5.21,5.23,5.18,27600.0,143739.0,5.21
002514.SZ,20260917,2.69,2.71,2.71,2.68,1975700.0,5346115.84,2.71
002515.SZ,20260917,7.36,7.38,7.4,7.36,766900.0,5662272.0,7.38
002516.SZ,20260917,5.71,5.72,5.72,5.71,87800.0,502146.0,5.72
002517.SZ,20260917,16.64,16.68,16.68,16.61,353400.0,5888693.76,16.66
002518.SZ,20260917,36.84,36.94,36.99,36.77,72000.0,2659038.08,36.93
002519.SZ,20260917,6.11,6.11,6.12,6.09,650300.0,3971788.16,6.11
002520.SZ,20260917,6.0,6.03,6.04,6.0,257300.0,1551952.96,6.03
002521.SZ,20260917,6.33,6.33,6.36,6.33,16400.0,103826.0,6.33
002522.SZ,20260917,5.77,5.81,5.85,5.77,5641600.0,32778547.2,5.81
002523.SZ,20260917,3.4,3.41,3.41,3.4,70700.0,241068.0,3.41
002524.SZ,20260917,3.88,3.89,3.89,3.88,48700.0,189209.0,3.89
002526.SZ,20260917,2.64,2.63,2.64,2.63,114900.0,302369.0,2.63
002527.SZ,20260917,10.5,10.56,10.56,10.5,11000.0,116060.0,10.55
002528.SZ,20260917,6.53,6.53,6.53,6.5,127300.0,830502.0,6.52
002529.SZ,20260917,6.62,6.64,6.64,6.62,50300.0,333938.0,6.64
002530.SZ,20260917,7.14,7.12,7.15,7.12,31900.0,227247.0,7.12
002531.SZ,20260917,7.67,7.7,7.79,7.63,11286703.36,86926284.8,7.7
002532.SZ,20260917,12.84,12.84,12.89,12.81,817600.0,10496092.8,12.84
002533.SZ,20260917,10.87,10.88,10.88,10.87,15100.0,164278.0,10.88
002534.SZ,20260917,15.4,15.4,15.43,15.37,38500.0,592871.0,15.4
002535.SZ,20260917,2.38,2.38,2.39,2.38,221900.0,528159.0,2.38
002536.SZ,20260917,53.88,54.0,54.0,53.8,343900.0,18554278.4,53.95
002537.SZ,20260917,5.74,5.73,5.74,5.73,43300.0,248195.0,5.73
002538.SZ,20260917,6.74,6.75,6.75,6.74,49900.0,336765.0,6.75
002539.SZ,20260917,11.99,12.0,12.0,11.97,42900.0,514703.0,12.0
002540.SZ,20260917,5.0,5.01,5.01,5.0,70000.0,350662.0,5.01
002541.SZ,20260917,18.22,18.25,18.25,18.22,16700.0,304739.0,18.25
002542.SZ,20260917,1.71,1.7,1.71,1.7,221800.0,377115.0,1.7
002543.SZ,20260917,7.02,7.03,7.05,7.0,249000.0,1748688.96,7.02
002544.SZ,20260917,16.11,16.11,16.11,16.11,52700.0,848996.96,16.11
002545.SZ,20260917,16.02,15.99,16.04,15.99,70400.0,1125952.96,15.99
002546.SZ,20260917,7.47,7.47,7.47,7.46,37800.0,282308.0,7.47
002547.SZ,20260917,2.39,2.4,2.4,2.39,162100.0,388981.0,2.4
002548.SZ,20260917,3.92,3.91,3.92,3.91,57200.0,223769.0,3.91
002549.SZ,20260917,13.51,13.51,13.58,13.5,111000.0,1499566.08,13.51
002550.SZ,20260917,6.3,6.3,6.3,6.29,14000.0,88104.0,6.29
002551.SZ,20260917,3.25,3.26,3.26,3.25,34300.0,111813.0,3.26
002552.SZ,20260917,55.57,55.66,55.75,55.21,399800.0,22245918.72,55.64
002553.SZ,20260917,15.22,15.2,15.22,15.2,71200.0,1082272.0,15.2
002554.SZ,20260917,2.8,2.8,2.81,2.79,174500.0,488672.0,2.8
002555.SZ,20260917,17.34,17.35,17.35,17.33,99100.0,1718975.04,17.35
002556.SZ,20260917,5.12,5.15,5.15,5.12,21700.0,111725.0,5.15
002557.SZ,20260917,17.9,17.93,17.94,17.9,10200.0,182845.0,17.93
002558.SZ,20260917,24.67,24.68,24.69,24.64,175100.0,4320712.0,24.68
002559.SZ,20260917,9.12,9.1,9.12,9.05,136000.0,1236327.04,9.09
002560.SZ,20260917,7.3,7.32,7.37,7.3,2138500.0,15657169.92,7.32
002561.SZ,20260917,7.25,7.27,7.28,7.25,209900.0,1525683.04,7.27
002562.SZ,20260917,4.78,4.77,4.8,4.77,56500.0,269659.0,4.77
002563.SZ,20260917,5.54,5.53,5.55,5.53,48200.0,266554.0,5.53
002564.SZ,20260917,4.89,4.92,4.92,4.89,84600.0,415828.0,4.92
002565.SZ,20260917,8.71,8.71,8.75,8.68,583900.0,5086113.92,8.71
002566.SZ,20260917,6.82,6.86,6.86,6.82,11400.0,78116.0,6.85
002567.SZ,20260917,3.75,3.75,3.76,3.75,71500.0,268164.0,3.75
002568.SZ,20260917,17.76,17.81,17.84,17.7,101000.0,1798172.0,17.8
002569.SZ,20260917,10.1,10.09,10.1,10.09,2800.0,28253.0,10.09
002570.SZ,20260917,4.36,4.35,4.36,4.35,25200.0,109621.0,4.35
002571.SZ,20260917,10.68,10.68,10.68,10.68,15900.0,169812.0,10.68
002572.SZ,20260917,7.27,7.27,7.27,7.26,26700.0,194108.0,7.27
002573.SZ,20260917,3.09,3.1,3.1,3.08,43400.0,134389.0,3.1
002574.SZ,20260917,5.0,5.03,5.04,5.0,37600.0,189101.0,5.03
002575.SZ,20260917,5.07,5.08,5.08,5.04,32300.0,163887.0,5.07
002576.SZ,20260917,14.07,14.08,14.08,14.07,10700.0,150648.0,14.08
002577.SZ,20260917,21.45,20.89,21.45,20.88,1222151.04,25638963.2,20.98
002578.SZ,20260917,3.98,4.0,4.0,3.94,208800.0,833616.96,3.99
002579.SZ,20260917,19.5,19.64,19.68,19.32,3587100.16,70346726.4,19.61
002580.SZ,20260917,19.0,19.01,19.01,18.92,306800.0,5827564.16,19.0
002581.SZ,20260917,5.06,5.06,5.06,5.06,26900.0,136114.0,5.06
002582.SZ,20260917,9.54,9.56,9.57,9.53,69600.0,665151.0,9.56
002583.SZ,20260917,8.3,8.29,8.3,8.29,122100.0,1012568.96,8.29
002584.SZ,20260917,10.23,10.25,10.25,10.08,11897099.52,121738117.12,10.23
002585.SZ,20260917,11.79,11.74,11.9,11.74,7385200.0,86862827.52,11.76
002586.SZ,20260917,3.75,3.76,3.76,3.73,67700.0,254501.0,3.76
002587.SZ,20260917,5.19,5.19,5.2,5.19,66200.0,343709.0,5.19
002588.SZ,20260917,7.7,7.71,7.71,7.7,82700.0,637563.0,7.71
002589.SZ,20260917,2.94,2.94,2.95,2.93,233600.0,686796.96,2.94
002590.SZ,20260917,9.5,9.46,9.55,9.46,13300.0,125945.0,9.47
002591.SZ,20260917,6.18,6.2,6.2,6.18,89000.0,551742.0,6.2
002592.SZ,20260917,6.45,6.46,6.46,6.45,6900.0,44563.0,6.46
002593.SZ,20260917,4.59,4.64,4.64,4.59,123100.0,569645.0,4.63
002594.SZ,20260917,83.8,83.8,83.8,83.72,111800.0,9368225.28,83.79
002595.SZ,20260917,39.07,39.06,39.36,39.02,37600.0,1468870.08,39.07
002596.SZ,20260917,3.37,3.38,3.38,3.37,41100.0,138907.0,3.38
002597.SZ,20260917,21.55,21.61,21.62,21.55,25300.0,546475.0,21.6
002598.SZ,20260917,6.87,6.87,6.87,6.87,27300.0,187551.0,6.87
002599.SZ,20260917,5.47,5.48,5.48,5.47,6600.0,36156.0,5.48
002600.SZ,20260917,12.45,12.43,12.5,12.43,614700.0,7645328.0,12.44
002601.SZ,20260917,14.69,14.68,14.75,14.64,112300.0,1651238.08,14.7
002602.SZ,20260917,14.55,14.54,14.6,14.54,499100.0,7261680.0,14.55
002603.SZ,20260917,15.16,15.16,15.16,15.12,35000.0,530381.0,15.15
002605.SZ,20260917,16.51,16.51,16.51,16.51,14100.0,232791.0,16.51
002606.SZ,20260917,12.49,12.5,12.5,12.46,68800.0,859752.0,12.5
002607.SZ,20260917,1.88,1.88,1.89,1.88,1044100.0,1963046.08,1.88
002608.SZ,20260917,7.39,7.38,7.43,7.38,108700.0,802740.96,7.39
002609.SZ,20260917,7.53,7.53,7.53,7.53,11200.0,84336.0,7.53
002611.SZ,20260917,13.7,13.71,13.74,13.7,135500.0,1858177.92,13.71
002612.SZ,20260917,15.44,15.38,15.44,15.38,7100.0,109209.0,15.38
002613.SZ,20260917,3.5,3.5,3.52,3.47,492000.0,1723446.08,3.5
002614.SZ,20260917,5.46,5.48,5.48,5.46,15100.0,82647.0,5.47
002615.SZ,20260917,6.16,6.17,6.19,6.16,37200.0,229517.0,6.17
002616.SZ,20260917,4.84,4.84,4.86,4.84,49900.0,241670.0,4.84
002617.SZ,20260917,7.15,7.12,7.16,7.02,15426300.16,109727928.32,7.11
002620.SZ,20260917,5.65,5.65,5.65,5.61,41000.0,231077.0,5.64
002622.SZ,20260917,2.5,2.51,2.51,2.49,48000.0,120377.0,2.51
002623.SZ,20260917,16.64,16.65,16.65,16.62,51100.0,850734.0,16.65
002624.SZ,20260917,9.8,9.8,9.83,9.78,254900.0,2498073.92,9.8
002625.SZ,20260917,28.5,28.54,28.69,28.41,942800.0,26920632.32,28.55
002626.SZ,20260917,16.09,16.09,16.09,16.08,13800.0,221972.0,16.08
002627.SZ,20260917,6.65,6.65,6.65,6.64,31100.0,206712.0,6.65
002628.SZ,20260917,5.11,5.12,5.12,5.1,69800.0,357236.0,5.12
002629.SZ,20260917,4.32,4.33,4.33,4.3,121900.0,527523.0,4.33
002630.SZ,20260917,1.66,1.66,1.66,1.66,138000.0,229080.0,1.66
002631.SZ,20260917,11.11,11.09,11.2,11.09,1896600.0,21052313.6,11.1
002632.SZ,20260917,8.98,8.99,9.0,8.95,730800.0,6566741.12,8.99
002633.SZ,20260917,13.88,13.88,13.93,13.88,12600.0,174920.0,13.88
002634.SZ,20260917,4.09,4.1,4.1,4.09,6600.0,27019.0,4.09
002635.SZ,20260917,14.81,14.84,14.84,14.72,40200.0,596196.0,14.83
002636.SZ,20260917,81.5,81.5,81.8,81.15,804300.0,65562081.28,81.51
002637.SZ,20260917,11.12,11.15,11.15,11.1,68300.0,761176.96,11.15
002638.SZ,20260917,4.13,4.12,4.14,4.11,124200.0,511500.0,4.12
002639.SZ,20260917,13.28,13.3,13.3,13.21,654900.0,8701496.96,13.29
002640.SZ,20260917,3.44,3.44,3.45,3.42,6034800.0,20752816.64,3.44
002641.SZ,20260917,3.77,3.76,3.78,3.76,81500.0,306597.0,3.76
002642.SZ,20260917,6.91,6.92,6.93,6.91,13800.0,95473.0,6.92
002643.SZ,20260917,13.36,13.34,13.39,13.34,240100.0,3205167.04,13.35
002644.SZ,20260917,8.13,8.08,8.13,8.08,16500.0,133417.0,8.09
002645.SZ,20260917,18.42,18.41,18.42,18.38,124400.0,2290177.92,18.41
002646.SZ,20260917,6.81,6.83,6.83,6.75,26200.0,178317.0,6.81
002647.SZ,20260917,10.9,10.95,10.95,10.9,66600.0,729060.0,10.95
002648.SZ,20260917,26.6,26.63,26.8,26.6,169300.0,4506584.96,26.62
002649.SZ,20260917,9.13,9.13,9.17,9.13,15300.0,139866.0,9.14
002650.SZ,20260917,6.31,6.31,6.31,6.31,4700.0,29657.0,6.31
002651.SZ,20260917,8.32,8.34,8.35,8.3,439200.0,3661038.08,8.34
002652.SZ,20260917,4.68,4.7,4.71,4.68,81300.0,382096.0,4.7
002653.SZ,20260917,63.22,63.25,63.25,63.13,11800.0,746330.0,63.25
002654.SZ,20260917,14.2,14.2,14.3,14.16,584700.0,8305552.0,14.21
002655.SZ,20260917,37.64,37.51,37.66,37.49,442300.0,16604078.08,37.54
002656.SZ,20260917,2.74,2.74,2.74,2.74,10300.0,28222.0,2.74
002657.SZ,20260917,14.9,14.88,14.93,14.88,29800.0,443643.0,14.89
002658.SZ,20260917,7.32,7.32,7.32,7.32,4800.0,35136.0,7.32
002659.SZ,20260917,4.43,4.41,4.43,4.41,32700.0,144294.0,4.41
002660.SZ,20260917,7.6,7.62,7.62,7.6,30000.0,228565.0,7.62
002661.SZ,20260917,7.42,7.41,7.42,7.41,28900.0,214221.0,7.41
002662.SZ,20260917,3.18,3.18,3.18,3.18,17400.0,55332.0,3.18
002663.SZ,20260917,1.71,1.71,1.71,1.71,13000.0,22230.0,1.71
002664.SZ,20260917,14.28,14.29,14.29,14.25,11000.0,157117.0,14.28
002666.SZ,20260917,4.16,4.18,4.18,4.16,51200.0,213482.0,4.17
002667.SZ,20260917,19.95,19.99,20.0,19.92,164900.0,3294781.12,19.98
002668.SZ,20260917,9.03,9.07,9.07,9.03,60400.0,547358.0,9.06
002669.SZ,20260917,14.06,14.08,14.1,14.01,544200.0,7660360.96,14.08
002670.SZ,20260917,11.5,11.5,11.53,11.49,184900.0,2126364.96,11.5
002671.SZ,20260917,3.88,3.89,3.92,3.87,82400.0,320368.0,3.89
002672.SZ,20260917,3.6,3.6,3.6,3.6,40400.0,145440.0,3.6
002673.SZ,20260917,6.7,6.7,6.7,6.69,123500.0,827310.0,6.7
002674.SZ,20260917,19.5,19.55,19.55,19.38,122600.0,2394560.0,19.53
002675.SZ,20260917,12.52,12.51,12.52,12.51,6700.0,83822.0,12.51
002676.SZ,20260917,5.14,5.14,5.17,5.14,31200.0,160381.0,5.14
002677.SZ,20260917,6.21,6.21,6.23,6.19,152800.0,949030.0,6.21
002678.SZ,20260917,4.33,4.34,4.35,4.33,2300.0,9980.0,4.34
002679.SZ,20260917,11.08,11.17,11.21,11.0,578800.0,6456835.84,11.16
002681.SZ,20260917,4.5,4.5,4.52,4.5,92872.0,418004.0,4.5
002682.SZ,20260917,5.1,5.16,5.16,5.1,203100.0,1046228.96,5.15
002683.SZ,20260917,27.5,27.61,27.61,27.5,12900.0,355947.0,27.59
002685.SZ,20260917,5.26,5.26,5.27,5.25,141900.0,746334.0,5.26
002686.SZ,20260917,6.13,6.15,6.16,6.13,21900.0,134608.0,6.15
002687.SZ,20260917,6.1,6.1,6.1,6.05,7757.0,47215.7,6.09
002688.SZ,20260917,5.15,5.14,5.15,5.12,14600.0,74897.0,5.13
002689.SZ,20260917,2.9,2.9,2.9,2.9,7100.0,20590.0,2.9
002690.SZ,20260917,15.43,15.45,15.45,15.43,29900.0,461887.0,15.45
002691.SZ,20260917,4.3,4.3,4.3,4.3,42000.0,180600.0,4.3
002692.SZ,20260917,4.36,4.36,4.37,4.34,19200.0,83709.0,4.36
002693.SZ,20260917,8.6,8.6,8.6,8.58,33400.0,287226.0,8.6
002694.SZ,20260917,2.4,2.4,2.4,2.4,26200.0,62880.0,2.4
002695.SZ,20260917,10.65,10.65,10.78,10.65,92900.0,989460.0,10.65
002696.SZ,20260917,6.4,6.49,6.49,6.4,149600.0,965055.04,6.45
002697.SZ,20260917,4.55,4.55,4.58,4.55,78600.0,357673.0,4.55
002698.SZ,20260917,11.31,11.25,11.31,11.25,24200.0,272587.0,11.26
002700.SZ,20260917,6.28,6.29,6.3,6.28,64500.0,405683.0,6.29
002701.SZ,20260917,4.4,4.42,4.42,4.4,72400.0,319512.0,4.41
002702.SZ,20260917,5.3,5.35,5.38,5.29,1023600.0,5469340.16,5.34
002703.SZ,20260917,15.32,15.32,15.4,15.32,197800.0,3033432.0,15.34
002705.SZ,20260917,11.24,11.25,11.28,11.23,234900.0,2642491.04,11.25
002706.SZ,20260917,8.76,8.76,8.76,8.75,119500.0,1046660.0,8.76
002707.SZ,20260917,4.96,4.96,4.96,4.96,130600.0,647776.0,4.96
002708.SZ,20260917,16.55,16.53,16.55,16.45,171500.0,2833378.88,16.52
002709.SZ,20260917,32.86,32.88,32.88,32.81,207100.0,6808252.16,32.87
002712.SZ,20260917,4.88,4.88,4.88,4.88,59800.0,291824.0,4.88
002713.SZ,20260917,9.79,9.83,9.83,9.77,49600.0,487297.0,9.83
002714.SZ,20260917,40.99,41.0,41.04,40.9,367400.0,15062309.12,41.0
002715.SZ,20260917,12.92,12.93,12.93,12.88,8800.0,113757.0,12.93
002716.SZ,20260917,9.96,10.0,10.0,9.91,4024499.84,40202319.36,9.99
002717.SZ,20260917,0.97,0.96,0.97,0.95,4763800.0,4572522.88,0.96
002718.SZ,20260917,83.5,83.9,83.9,83.5,300.0,25130.0,83.77
002719.SZ,20260917,6.27,6.27,6.27,6.27,6700.0,42009.0,6.27
002721.SZ,20260917,2.66,2.68,2.68,2.66,1002600.0,2684768.0,2.68
002722.SZ,20260917,12.82,12.82,12.82,12.81,3500.0,44866.0,12.82
002723.SZ,20260917,7.95,7.98,7.98,7.95,113100.0,902367.04,7.98
002724.SZ,20260917,7.16,7.13,7.2,7.12,608900.0,4346183.04,7.14
002725.SZ,20260917,11.02,11.01,11.1,11.01,57200.0,629886.0,11.01
002726.SZ,20260917,2.34,2.34,2.35,2.33,483800.0,1132152.0,2.34
002727.SZ,20260917,10.75,10.75,10.77,10.75,17500.0,188185.0,10.75
002728.SZ,20260917,9.12,9.14,9.14,9.1,111700.0,1020144.96,9.13
002729.SZ,20260917,13.6,13.71,13.71,13.51,29300.0,400945.0,13.68
002730.SZ,20260917,23.7,23.81,23.81,23.53,399200.0,9496839.68,23.79
002731.SZ,20260917,0.77,0.77,0.77,0.77,0.0,0.0,0.77
002732.SZ,20260917,13.52,13.52,13.65,13.4,12800.0,172715.0,13.49
002733.SZ,20260917,18.11,18.15,18.15,18.08,141800.0,2572668.96,18.14
002734.SZ,20260917,17.06,17.05,17.1,17.0,33700.0,574307.0,17.04
002735.SZ,20260917,12.25,12.25,12.25,12.22,265000.0,3245672.96,12.25
002736.SZ,20260917,9.86,9.83,9.88,9.83,124258.0,1223687.12,9.85
002737.SZ,20260917,11.25,11.25,11.25,11.21,12600.0,141726.0,11.25
002738.SZ,20260917,44.01,44.0,44.25,44.0,155700.0,6854140.8,44.02
002739.SZ,20260917,8.5,8.46,8.5,8.46,399845.0,3385277.76,8.47
002741.SZ,20260917,25.59,25.62,25.7,25.59,466918.0,11963475.2,25.62
002742.SZ,20260917,4.1,4.11,4.11,4.06,179200.0,735608.0,4.11
002743.SZ,20260917,5.25,5.27,5.27,5.2,791800.0,4167139.84,5.26
002745.SZ,20260917,12.3,12.3,12.35,12.3,435700.0,5361384.96,12.31
002746.SZ,20260917,6.48,6.45,6.48,6.45,46900.0,302995.0,6.46
002747.SZ,20260917,28.8,28.88,28.99,28.8,235800.0,6809912.32,28.88
002748.SZ,20260917,11.96,11.96,12.07,11.96,54800.0,655555.0,11.96
002749.SZ,20260917,8.45,8.46,8.46,8.45,13300.0,112501.0,8.46
002752.SZ,20260917,6.22,6.23,6.24,6.22,61200.0,381249.0,6.23
002753.SZ,20260917,6.73,6.75,6.78,6.71,1213900.0,8190222.72,6.75
002755.SZ,20260917,11.27,11.3,11.3,11.24,37600.0,424233.0,11.28
002756.SZ,20260917,40.71,40.79,40.8,40.6,36700.0,1496363.04,40.77
002757.SZ,20260917,17.75,17.71,17.85,17.62,122400.0,2169967.04,17.73
002758.SZ,20260917,8.54,8.53,8.54,8.53,18200.0,155247.0,8.53
002759.SZ,20260917,14.28,14.3,14.3,14.16,269000.0,3842342.08,14.28
002760.SZ,20260917,16.9,16.95,16.99,16.9,14700.0,249120.0,16.95
002761.SZ,20260917,7.13,7.13,7.15,7.13,27500.0,196077.0,7.13
002762.SZ,20260917,9.7,9.66,9.7,9.66,42700.0,413067.0,9.67
002763.SZ,20260917,7.19,7.21,7.21,7.19,31500.0,227069.0,7.21
002765.SZ,20260917,6.78,6.79,6.8,6.78,15100.0,102523.0,6.79
002766.SZ,20260917,4.0,4.01,4.03,4.0,93000.0,372495.0,4.01
002767.SZ,20260917,17.3,17.3,17.3,17.3,5900.0,102070.0,17.3
002768.SZ,20260917,64.23,64.38,64.38,64.0,25600.0,1647316.0,64.35
002769.SZ,20260917,6.59,6.59,6.6,6.56,63200.0,416253.0,6.59
002771.SZ,20260917,13.76,13.76,13.76,13.72,37400.0,514563.0,13.76
002772.SZ,20260917,10.67,10.67,10.68,10.66,44300.0,472688.0,10.67
002773.SZ,20260917,19.16,19.16,19.16,19.14,37200.0,712690.0,19.16
002774.SZ,20260917,16.32,16.32,16.5,16.3,220200.0,3600285.12,16.35
002775.SZ,20260917,3.24,3.22,3.24,3.22,34200.0,110380.0,3.23
002777.SZ,20260917,12.4,12.4,12.4,12.39,16000.0,198399.0,12.4
002778.SZ,20260917,15.01,15.05,15.26,15.01,23600.0,355681.0,15.07
002779.SZ,20260917,79.25,79.25,79.25,79.25,4300.0,340775.0,79.25
002780.SZ,20260917,13.59,13.6,13.61,13.55,583400.0,7931676.8,13.6
002782.SZ,20260917,14.97,14.93,14.97,14.9,16000.0,238834.0,14.93
002783.SZ,20260917,7.71,7.71,7.71,7.68,2900.0,22300.0,7.69
002785.SZ,20260917,36.53,36.55,36.55,36.53,9900.0,361813.0,36.55
002786.SZ,20260917,7.37,7.38,7.38,7.34,13900.0,102577.0,7.38
002787.SZ,20260917,25.4,25.31,25.43,25.31,988500.0,25045035.52,25.34
002788.SZ,20260917,10.76,10.79,10.79,10.74,248900.0,2684238.08,10.78
002789.SZ,20260917,13.0,13.0,13.0,13.0,47200.0,613600.0,13.0
002790.SZ,20260917,6.57,6.6,6.6,6.55,3047800.0,20080486.4,6.59
002791.SZ,20260917,14.05,14.05,14.05,14.05,10400.0,146120.0,14.05
002792.SZ,20260917,30.52,30.48,30.66,30.48,324300.0,9894026.24,30.51
002793.SZ,20260917,4.44,4.43,4.47,4.43,87500.0,387802.0,4.43
002795.SZ,20260917,7.77,7.76,7.8,7.76,528700.0,4104536.0,7.76
002796.SZ,20260917,29.5,29.41,29.58,29.38,45400.0,1337300.96,29.46
002797.SZ,20260917,6.25,6.25,6.25,6.24,344100.0,2150232.96,6.25
002798.SZ,20260917,6.55,6.55,6.55,6.55,66600.0,436230.0,6.55
002799.SZ,20260917,6.57,6.6,6.61,6.57,15000.0,98984.0,6.6
002800.SZ,20260917,14.7,14.74,14.74,14.7,7300.0,107562.0,14.74
002801.SZ,20260917,26.39,26.39,26.42,26.39,4100.0,108205.0,26.39
002802.SZ,20260917,11.78,11.78,11.78,11.77,17000.0,200224.0,11.78
002803.SZ,20260917,19.6,19.71,19.71,19.6,86700.0,1707791.04,19.7
002805.SZ,20260917,16.97,17.03,17.03,16.97,40900.0,696162.0,17.02
002806.SZ,20260917,15.07,15.07,15.3,14.98,880400.0,13266517.76,15.07
002807.SZ,20260917,4.19,4.19,4.19,4.19,639331.0,2678796.96,4.19
002809.SZ,20260917,8.11,8.12,8.14,8.1,12100.0,98255.0,8.12
002810.SZ,20260917,20.63,20.63,20.64,20.63,13200.0,272416.0,20.64
002811.SZ,20260917,14.67,14.65,14.67,14.62,73800.0,1081110.0,14.65
002812.SZ,20260917,47.4,47.36,47.6,47.36,105000.0,4975190.08,47.38
002813.SZ,20260917,20.81,20.76,20.81,20.76,5300.0,110033.0,20.76
002815.SZ,20260917,23.23,23.26,23.35,23.18,1462316.96,34003781.12,23.25
002816.SZ,20260917,22.04,22.04,22.04,22.04,3300.0,72732.0,22.04
002817.SZ,20260917,6.33,6.41,6.41,6.33,19100.0,122423.0,6.41
002818.SZ,20260917,11.37,11.36,11.4,11.36,12200.0,138790.0,11.38
002819.SZ,20260917,21.2,21.15,21.2,21.15,10500.0,222200.0,21.16
002820.SZ,20260917,9.45,9.46,9.46,9.44,42300.0,400032.0,9.46
002821.SZ,20260917,184.55,185.0,185.31,183.5,267600.0,49475968.0,184.89
002822.SZ,20260917,2.98,2.98,2.98,2.98,200.0,596.0,2.98
002823.SZ,20260917,12.52,12.52,12.53,12.52,16300.0,204086.0,12.52
002824.SZ,20260917,28.6,28.51,28.99,28.28,430400.0,12292345.6,28.56
002825.SZ,20260917,9.47,9.47,9.47,9.42,6000.0,56765.0,9.46
002826.SZ,20260917,16.96,17.05,17.05,16.76,10500.0,177590.0,16.91
002827.SZ,20260917,64.96,64.9,65.3,64.9,138900.0,9020062.08,64.94
002828.SZ,20260917,10.38,10.35,10.39,10.33,125200.0,1295771.04,10.35
002829.SZ,20260917,19.78,19.86,19.87,19.78,17300.0,343438.0,19.85
002830.SZ,20260917,14.1,14.12,14.13,14.07,22700.0,320192.0,14.11
002831.SZ,20260917,28.36,28.42,28.68,28.36,20100.0,571350.0,28.43
002832.SZ,20260917,24.92,24.95,24.96,24.92,15900.0,396669.0,24.95
002833.SZ,20260917,17.66,17.66,17.66,17.66,8900.0,157174.0,17.66
002835.SZ,20260917,12.56,12.5,12.59,12.5,10300.0,128898.0,12.51
002836.SZ,20260917,9.81,9.8,9.9,9.7,33100.0,324560.0,9.81
002837.SZ,20260917,61.7,61.7,62.0,61.51,369300.0,22785566.72,61.7
002838.SZ,20260917,25.11,25.19,25.2,25.03,14500.0,364362.0,25.13
002839.SZ,20260917,4.32,4.32,4.32,4.32,168200.0,726624.0,4.32
002840.SZ,20260917,8.04,8.05,8.05,8.04,120900.0,972771.04,8.05
002841.SZ,20260917,47.51,47.39,47.51,47.39,16500.0,782120.0,47.4
002842.SZ,20260917,35.6,35.63,35.79,35.55,621119.0,22137600.0,35.64
002843.SZ,20260917,16.4,16.35,16.4,16.35,48300.0,790196.96,16.36
002845.SZ,20260917,13.95,13.93,13.99,13.93,68400.0,953399.04,13.94
002846.SZ,20260917,12.15,12.39,12.46,12.13,2790099.84,34511255.04,12.37
002847.SZ,20260917,42.5,42.7,42.7,42.35,13100.0,558192.0,42.61
002848.SZ,20260917,14.9,14.99,15.09,14.86,672100.0,10073477.12,14.99
002849.SZ,20260917,18.0,17.98,18.08,17.92,29800.0,536200.0,17.99
002850.SZ,20260917,167.41,167.41,167.9,167.2,8200.0,1372836.0,167.42
002851.SZ,20260917,120.91,120.81,121.64,120.81,242000.0,29280732.16,121.0
002852.SZ,20260917,8.03,7.92,8.03,7.9,156500.0,1240531.04,7.93
002853.SZ,20260917,21.6,21.6,21.6,21.6,100.0,2160.0,21.6
002855.SZ,20260917,12.25,12.33,12.35,12.24,235100.0,2896800.96,12.32
002856.SZ,20260917,24.71,24.85,24.85,24.71,93200.0,2313724.0,24.83
002857.SZ,20260917,17.19,17.2,17.2,17.18,12500.0,214969.0,17.2
002858.SZ,20260917,11.26,11.23,11.27,11.23,14800.0,166414.0,11.24
002859.SZ,20260917,67.58,67.5,67.9,67.46,162200.0,10955732.48,67.55
002860.SZ,20260917,16.32,16.25,16.33,16.22,144400.0,2347388.0,16.26
002861.SZ,20260917,14.23,14.22,14.28,14.22,20600.0,292979.0,14.22
002862.SZ,20260917,14.8,14.86,14.89,14.8,59900.0,890496.0,14.87
002863.SZ,20260917,4.68,4.69,4.69,4.67,5400.0,25305.0,4.69
002864.SZ,20260917,20.25,20.25,20.25,20.2,4400.0,89070.0,20.24
002865.SZ,20260917,37.64,37.76,37.76,37.58,63000.0,2377388.0,37.74
002866.SZ,20260917,14.6,14.63,14.63,14.58,18700.0,273487.0,14.63
002867.SZ,20260917,10.33,10.34,10.36,10.32,67500.0,697984.0,10.34
002868.SZ,20260917,22.88,22.99,22.99,22.8,20100.0,461302.0,22.95
002869.SZ,20260917,15.37,15.37,15.37,15.37,8200.0,126034.0,15.37
002870.SZ,20260917,49.0,49.14,49.26,48.98,99133.0,4868080.64,49.11
002871.SZ,20260917,17.21,17.41,17.41,17.21,14300.0,248602.0,17.39
002872.SZ,20260917,5.84,5.83,5.84,5.83,13000.0,75830.0,5.83
002873.SZ,20260917,7.94,7.92,7.94,7.92,47400.0,375412.0,7.92
002875.SZ,20260917,12.7,12.71,12.75,12.68,14900.0,189370.0,12.71
002876.SZ,20260917,31.53,31.45,31.67,31.45,54600.0,1720215.04,31.51
002877.SZ,20260917,7.3,7.31,7.31,7.3,30400.0,222218.0,7.31
002878.SZ,20260917,12.34,12.31,12.35,12.31,14000.0,172371.0,12.31
002879.SZ,20260917,16.38,16.49,16.49,16.38,50200.0,827248.0,16.48
002880.SZ,20260917,20.44,20.55,20.63,20.4,48400.0,993044.0,20.52
002881.SZ,20260917,40.5,40.47,40.5,40.4,66500.0,2690702.08,40.46
002882.SZ,20260917,22.46,22.2,22.8,22.2,2114400.0,47074385.92,22.26
002883.SZ,20260917,9.0,9.0,9.0,9.0,100.0,900.0,9.0
002884.SZ,20260917,15.45,15.45,15.45,15.45,4100.0,63345.0,15.45
002885.SZ,20260917,27.72,27.61,27.72,27.61,115620.0,3194947.84,27.63
002886.SZ,20260917,26.6,26.65,26.79,26.46,440800.0,11738877.44,26.63
002887.SZ,20260917,8.84,8.85,8.89,8.84,24900.0,220405.0,8.85
002888.SZ,20260917,18.9,19.0,19.0,18.82,7600.0,143996.0,18.95
002889.SZ,20260917,11.61,11.64,11.64,11.6,2880.0,33429.8,11.61
002890.SZ,20260917,14.16,14.17,14.17,14.11,9300.0,131754.0,14.17
002891.SZ,20260917,27.18,27.29,27.29,27.18,18800.0,512452.0,27.26
002892.SZ,20260917,8.58,8.58,8.58,8.58,8800.0,75504.0,8.58
002893.SZ,20260917,9.98,10.1,10.12,9.98,190200.0,1915747.04,10.07
002895.SZ,20260917,30.82,30.86,30.86,30.82,3500.0,108000.0,30.86
002896.SZ,20260917,60.1,60.14,60.4,60.01,28000.0,1684108.0,60.15
002897.SZ,20260917,70.7,70.8,71.77,70.68,293600.0,20819421.44,70.91
002899.SZ,20260917,19.78,19.79,19.81,19.75,31700.0,627337.0,19.79
002900.SZ,20260917,11.51,11.45,11.51,11.45,19800.0,226776.0,11.45
002901.SZ,20260917,38.62,38.66,38.66,38.5,6100.0,235790.0,38.65
002902.SZ,20260917,29.55,29.45,29.64,29.45,465000.0,13707632.64,29.48
002903.SZ,20260917,28.83,28.76,28.98,28.76,310922.0,8951925.12,28.79
002905.SZ,20260917,8.32,8.32,8.32,8.32,500.0,4160.0,8.32
002906.SZ,20260917,26.83,27.0,27.0,26.83,21300.0,573724.0,26.94
002907.SZ,20260917,13.2,13.2,13.26,13.2,29400.0,388088.0,13.2
002908.SZ,20260917,6.85,6.88,6.88,6.85,12900.0,88650.0,6.87
002909.SZ,20260917,6.43,6.43,6.48,6.42,588000.0,3781633.92,6.43
002910.SZ,20260917,9.64,9.68,9.68,9.64,28800.0,278532.0,9.67
002911.SZ,20260917,11.33,11.31,11.33,11.25,22000.0,248830.0,11.31
002912.SZ,20260917,23.55,23.38,23.88,23.38,2553200.0,59801262.08,23.42
002913.SZ,20260917,83.11,83.11,83.77,82.6,252400.0,20981112.32,83.13
002915.SZ,20260917,17.16,17.16,17.16,17.12,41100.0,705084.0,17.16
002916.SZ,20260917,394.5,394.46,395.98,394.0,48100.0,18987616.0,394.75
002917.SZ,20260917,10.0,10.01,10.01,10.0,10300.0,103045.0,10.0
002918.SZ,20260917,10.98,11.03,11.03,10.93,202600.0,2232528.96,11.02
002919.SZ,20260917,16.47,16.47,16.52,16.46,22600.0,372812.0,16.5
002920.SZ,20260917,80.9,80.9,80.95,80.86,27300.0,2208470.08,80.9
002921.SZ,20260917,20.14,19.95,20.14,19.95,11300.0,225605.0,19.97
002922.SZ,20260917,22.78,22.78,22.81,22.78,56200.0,1280628.0,22.79
002923.SZ,20260917,10.73,10.68,10.73,10.68,12400.0,132733.0,10.7
002925.SZ,20260917,24.52,24.45,24.56,24.45,100300.0,2456585.92,24.49
002926.SZ,20260917,8.19,8.19,8.19,8.17,68400.0,559712.0,8.18
002927.SZ,20260917,18.07,18.1,18.12,18.03,53200.0,962732.0,18.1
002928.SZ,20260917,6.3,6.29,6.3,6.29,376900.0,2372367.04,6.29
002929.SZ,20260917,50.25,50.14,50.29,50.14,21600.0,1083694.0,50.17
002930.SZ,20260917,9.07,9.15,9.15,9.07,38400.0,350624.0,9.13
002931.SZ,20260917,40.83,40.9,40.9,40.66,10600.0,433264.0,40.87
002932.SZ,20260917,15.38,15.38,15.38,15.37,1800.0,27672.0,15.37
002933.SZ,20260917,26.71,26.84,26.93,26.71,10900.0,292529.0,26.84
002935.SZ,20260917,16.1,16.05,16.15,16.0,93400.0,1497760.0,16.04
002936.SZ,20260917,1.74,1.74,1.75,1.74,1045100.0,1818575.04,1.74
002937.SZ,20260917,26.88,26.91,26.91,26.88,5700.0,153362.0,26.91
002938.SZ,20260917,89.52,89.5,89.8,89.49,97600.0,8741720.32,89.57
002939.SZ,20260917,7.83,7.83,7.83,7.82,65200.0,510359.0,7.83
002940.SZ,20260917,22.73,22.52,22.73,22.51,61300.0,1380728.96,22.52
002941.SZ,20260917,10.53,10.53,10.53,10.51,35000.0,368431.0,10.53
002942.SZ,20260917,16.18,16.23,16.23,16.14,22700.0,368366.0,16.23
002943.SZ,20260917,29.55,29.5,29.9,29.5,34400.0,1017030.0,29.57
002945.SZ,20260917,13.91,13.91,13.91,13.89,162200.0,2255745.92,13.91
002946.SZ,20260917,14.23,14.28,14.28,14.23,12700.0,181300.0,14.28
002947.SZ,20260917,62.5,62.51,62.51,62.23,37900.0,2367772.0,62.47
002948.SZ,20260917,6.03,6.04,6.04,6.02,261100.0,1576766.08,6.04
002949.SZ,20260917,12.05,12.0,12.05,12.0,7700.0,92474.0,12.01
002950.SZ,20260917,8.42,8.41,8.42,8.33,261100.0,2192388.96,8.4
002951.SZ,20260917,15.63,15.66,15.66,15.5,8100.0,126497.0,15.62
002952.SZ,20260917,18.52,18.55,18.76,18.52,36900.0,684667.04,18.56
002953.SZ,20260917,10.5,10.52,10.53,10.46,166800.0,1754076.96,10.52
002955.SZ,20260917,36.39,35.92,36.39,35.92,41000.0,1474828.96,35.97
002956.SZ,20260917,16.59,16.6,16.66,16.4,253900.0,4211249.92,16.59
002957.SZ,20260917,42.29,41.94,42.5,41.84,497600.0,20907505.92,42.02
002958.SZ,20260917,2.96,2.96,2.96,2.96,207400.0,613904.0,2.96
002959.SZ,20260917,31.26,31.26,31.26,31.26,2800.0,87528.0,31.26
002960.SZ,20260917,8.27,8.29,8.29,8.27,14400.0,119341.0,8.29
002961.SZ,20260917,20.92,20.93,20.96,20.81,798500.0,16705332.48,20.92
002962.SZ,20260917,13.37,13.38,13.39,13.36,74400.0,995203.04,13.38
002963.SZ,20260917,21.0,21.0,21.04,20.9,398800.0,8376954.88,21.01
002965.SZ,20260917,27.8,27.83,27.83,27.76,69600.0,1935915.04,27.82
002966.SZ,20260917,9.04,9.05,9.05,9.01,105200.0,951696.96,9.05
002967.SZ,20260917,17.02,17.04,17.04,17.02,6200.0,105646.0,17.04
002968.SZ,20260917,9.05,9.05,9.1,9.05,23900.0,216502.0,9.06
002969.SZ,20260917,11.29,11.31,11.33,11.28,130100.0,1471240.96,11.31
002970.SZ,20260917,43.9,44.0,44.0,43.8,31000.0,1363100.0,43.97
002971.SZ,20260917,39.47,39.43,39.5,39.43,125200.0,4938350.08,39.44
002972.SZ,20260917,13.13,13.19,13.19,13.08,47900.0,629293.0,13.14
002973.SZ,20260917,13.43,13.17,13.43,13.17,125500.0,1658607.04,13.22
002975.SZ,20260917,107.5,107.0,107.8,106.32,337930.0,36158415.36,107.0
002976.SZ,20260917,26.01,26.2,26.3,26.0,462400.0,12114228.48,26.2
002977.SZ,20260917,20.08,20.08,20.08,20.08,13600.0,273088.0,20.08
002978.SZ,20260917,24.55,24.5,24.55,24.41,33683.0,825088.48,24.5
002979.SZ,20260917,52.72,52.72,52.83,52.7,12300.0,648506.0,52.72
002980.SZ,20260917,119.68,119.56,119.99,119.56,163700.0,19588276.48,119.66
002981.SZ,20260917,23.6,23.68,23.68,23.6,10300.0,243857.0,23.68
002982.SZ,20260917,12.19,12.18,12.19,12.16,21600.0,263066.0,12.18
002983.SZ,20260917,21.79,21.91,21.91,21.79,41200.0,901126.0,21.87
002984.SZ,20260917,12.7,12.7,12.71,12.69,71200.0,904230.0,12.7
002985.SZ,20260917,28.04,28.08,28.13,27.9,34400.0,965742.0,28.07
002986.SZ,20260917,12.91,12.94,13.03,12.91,16600.0,214821.0,12.94
002987.SZ,20260917,10.7,10.72,10.73,10.7,34400.0,368607.0,10.72
002988.SZ,20260917,31.55,31.66,31.66,31.46,49200.0,1556608.96,31.64
002989.SZ,20260917,23.4,23.39,23.4,23.35,12500.0,292389.0,23.39
002990.SZ,20260917,49.3,49.05,49.39,48.9,47300.0,2322523.04,49.1
002991.SZ,20260917,37.18,37.17,37.18,37.1,700.0,26013.0,37.16
002992.SZ,20260917,33.49,33.47,33.49,33.3,4200.0,140507.0,33.45
002993.SZ,20260917,36.09,36.31,36.31,36.09,20100.0,729594.0,36.3
002995.SZ,20260917,16.31,16.3,16.34,16.3,6400.0,104339.0,16.3
002996.SZ,20260917,5.93,5.92,5.93,5.92,23500.0,139147.0,5.92
002997.SZ,20260917,27.27,27.4,27.49,27.27,547891.0,15011979.52,27.4
002998.SZ,20260917,7.43,7.45,7.45,7.4,49900.0,371311.0,7.44
002999.SZ,20260917,6.26,6.25,6.27,6.24,60000.0,375018.0,6.25
003000.SZ,20260917,9.33,9.35,9.35,9.33,5300.0,49511.0,9.34
003001.SZ,20260917,19.2,19.03,19.2,18.88,1931700.0,36776732.16,19.04
003002.SZ,20260917,16.6,16.65,16.69,16.6,177600.0,2956632.0,16.65
003003.SZ,20260917,10.49,10.55,10.55,10.49,9700.0,102294.0,10.55
003004.SZ,20260917,59.5,59.98,59.98,59.5,6200.0,371592.0,59.93
003005.SZ,20260917,14.22,14.33,14.33,14.22,72500.0,1037982.0,14.32
003006.SZ,20260917,19.63,19.62,19.8,19.5,1035700.0,20317154.56,19.62
003007.SZ,20260917,38.9,38.9,38.9,38.9,4300.0,167270.0,38.9
003008.SZ,20260917,18.8,18.8,18.8,18.8,8700.0,163560.0,18.8
003009.SZ,20260917,47.55,47.55,47.7,47.5,25500.0,1212766.0,47.56
003010.SZ,20260917,28.92,28.99,29.0,28.88,36000.0,1043092.96,28.98
003011.SZ,20260917,19.02,19.02,19.03,19.02,6300.0,119829.0,19.02
003012.SZ,20260917,4.48,4.47,4.48,4.47,16600.0,74259.0,4.47
003013.SZ,20260917,17.61,17.74,17.74,17.56,20500.0,363287.0,17.72
003015.SZ,20260917,12.16,12.15,12.17,12.15,32600.0,396145.0,12.15
003016.SZ,20260917,7.11,7.15,7.15,7.11,10800.0,77095.0,7.14
003017.SZ,20260917,21.7,21.5,21.7,21.5,4800.0,103534.0,21.57
003018.SZ,20260917,49.54,49.58,49.74,49.5,140800.0,6981612.8,49.59
003019.SZ,20260917,27.5,27.51,27.57,27.49,90400.0,2486120.96,27.5
003020.SZ,20260917,16.5,16.46,16.54,16.45,10100.0,166502.0,16.49
003021.SZ,20260917,66.4,66.51,66.52,66.4,8200.0,545279.0,66.5
003022.SZ,20260917,19.76,19.75,19.77,19.74,30900.0,610367.0,19.75
003023.SZ,20260917,24.77,24.53,24.86,24.53,1100.0,27073.0,24.61
003025.SZ,20260917,11.83,11.78,11.89,11.78,18000.0,212186.0,11.79
003026.SZ,20260917,37.0,37.0,37.0,37.0,1498564.0,55446865.92,37.0
003027.SZ,20260917,15.83,16.04,16.04,15.83,6800.0,108943.0,16.02
003028.SZ,20260917,23.05,23.05,23.07,23.03,16000.0,368814.0,23.05
003029.SZ,20260917,17.3,17.32,17.35,17.28,92900.0,1609020.0,17.32
003030.SZ,20260917,25.32,25.36,25.36,25.32,3500.0,88747.0,25.36
003031.SZ,20260917,138.88,137.7,139.8,137.7,795800.0,109666324.48,137.81
003032.SZ,20260917,8.66,8.65,8.71,8.65,126300.0,1093312.96,8.66
003033.SZ,20260917,81.18,81.18,81.18,80.28,20400.0,1655172.96,81.14
003035.SZ,20260917,5.67,5.69,5.7,5.67,256700.0,1459950.08,5.69
003036.SZ,20260917,55.43,55.46,55.75,55.01,141600.0,7851011.2,55.45
003037.SZ,20260917,5.67,5.66,5.67,5.66,1600.0,9061.0,5.66
003038.SZ,20260917,10.3,10.3,10.3,10.3,5000.0,51500.0,10.3
003039.SZ,20260917,12.53,12.56,12.56,12.5,51000.0,640252.0,12.55
003040.SZ,20260917,15.56,15.56,15.56,15.51,324000.0,5039198.08,15.55
003041.SZ,20260917,37.6,38.1,38.1,37.6,6400.0,243364.0,38.03
003042.SZ,20260917,13.79,13.8,13.8,13.79,8500.0,117281.0,13.8
003043.SZ,20260917,63.5,63.38,64.0,63.36,46000.0,2919640.96,63.47
003816.SZ,20260917,4.27,4.28,4.28,4.26,199400.0,852004.96,4.27
300001.SZ,20260917,32.16,32.2,32.23,32.05,14600.0,469742.0,32.17
300002.SZ,20260917,7.97,7.98,8.0,7.97,176400.0,1407799.04,7.98
300003.SZ,20260917,11.29,11.3,11.3,11.29,66600.0,752370.0,11.3
300004.SZ,20260917,8.04,8.05,8.05,8.01,89500.0,719604.0,8.04
300005.SZ,20260917,11.23,11.3,11.35,11.19,1272500.0,14366688.0,11.29
300006.SZ,20260917,5.09,5.12,5.12,5.08,170700.0,872418.0,5.11
300007.SZ,20260917,29.4,29.5,29.59,29.31,75800.0,2233516.0,29.47
300008.SZ,20260917,6.32,6.33,6.34,6.31,319900.0,2023775.04,6.33
300009.SZ,20260917,7.98,7.99,7.99,7.96,103000.0,822162.0,7.98
300010.SZ,20260917,4.57,4.58,4.58,4.53,2179400.0,9968668.16,4.57
300011.SZ,20260917,5.72,5.73,5.73,5.72,5500.0,31482.0,5.72
300012.SZ,20260917,14.65,14.64,14.7,14.63,82100.0,1202322.0,14.65
300013.SZ,20260917,4.22,4.22,4.23,4.22,39900.0,168386.0,4.22
300014.SZ,20260917,48.3,48.01,48.3,48.01,356419.0,17118420.48,48.03
300015.SZ,20260917,7.98,7.99,7.99,7.97,276800.0,2209545.92,7.98
300016.SZ,20260917,7.92,7.88,7.92,7.88,72000.0,567568.0,7.88
300017.SZ,20260917,14.46,14.43,14.55,14.42,1252000.0,18076344.32,14.44
300018.SZ,20260917,11.51,11.54,11.54,11.5,32200.0,370613.0,11.51
300019.SZ,20260917,14.3,14.3,14.32,14.27,32100.0,458989.0,14.3
300020.SZ,20260917,3.9,3.9,3.93,3.9,248600.0,970182.0,3.9
300021.SZ,20260917,3.8,3.81,3.81,3.8,117300.0,446701.0,3.81
300022.SZ,20260917,7.99,8.0,8.0,7.99,12300.0,98366.0,8.0
300024.SZ,20260917,12.91,12.91,12.95,12.9,140600.0,1815144.0,12.91
300025.SZ,20260917,5.57,5.57,5.57,5.55,48700.0,271032.0,5.57
300026.SZ,20260917,3.17,3.16,3.18,3.16,142600.0,450981.0,3.16
300027.SZ,20260917,1.94,1.97,1.97,1.93,10840800.0,21290467.84,1.96
300030.SZ,20260917,6.46,6.44,6.48,6.41,20000.0,129141.0,6.46
300031.SZ,20260917,20.52,20.5,20.55,20.5,46700.0,957819.04,20.51
300032.SZ,20260917,3.83,3.83,3.83,3.81,137000.0,524345.0,3.83
300033.SZ,20260917,205.02,205.0,205.09,204.55,146900.0,30109501.44,204.97
300034.SZ,20260917,15.81,15.83,15.83,15.73,43200.0,683751.04,15.83
300035.SZ,20260917,12.31,12.32,12.33,12.3,38400.0,472860.0,12.31
300036.SZ,20260917,10.05,10.05,10.05,10.03,43200.0,433856.0,10.04
300037.SZ,20260917,73.0,73.0,73.3,72.93,86300.0,6299528.96,73.0
300039.SZ,20260917,5.01,5.01,5.01,5.0,71500.0,357820.0,5.0
300040.SZ,20260917,5.8,5.82,5.82,5.79,519100.0,3017186.88,5.81
300041.SZ,20260917,10.92,10.92,10.94,10.91,197100.0,2152577.92,10.92
300042.SZ,20260917,38.83,38.83,38.89,38.72,85000.0,3299080.96,38.81
300043.SZ,20260917,4.32,4.3,4.33,4.3,170800.0,735407.04,4.31
300044.SZ,20260917,6.06,6.06,6.06,6.03,112800.0,682903.04,6.05
300045.SZ,20260917,11.65,11.63,11.72,11.63,35100.0,408503.0,11.64
300046.SZ,20260917,24.09,24.11,24.12,24.09,42300.0,1019886.0,24.11
300047.SZ,20260917,9.01,9.05,9.05,9.01,566300.0,5120367.04,9.04
300048.SZ,20260917,4.83,4.83,4.84,4.83,71100.0,343541.0,4.83
300049.SZ,20260917,47.45,47.61,48.0,47.45,41000.0,1952071.04,47.61
300050.SZ,20260917,7.3,7.3,7.32,7.28,110000.0,802760.0,7.3
300051.SZ,20260917,8.27,8.3,8.3,8.27,45700.0,379144.0,8.3
300052.SZ,20260917,10.27,10.27,10.3,10.17,33700.0,346008.0,10.27
300053.SZ,20260917,12.01,12.0,12.11,12.0,328900.0,3949210.88,12.01
300054.SZ,20260917,70.66,70.51,70.89,70.51,515595.0,36380971.52,70.56
300055.SZ,20260917,5.81,5.8,5.84,5.79,42800.0,248467.0,5.81
300056.SZ,20260917,7.81,7.94,7.94,7.81,400.0,3143.0,7.86
300057.SZ,20260917,6.55,6.55,6.55,6.53,148000.0,968260.96,6.54
300058.SZ,20260917,12.85,12.83,12.9,12.82,1436904.96,18450254.08,12.84
300059.SZ,20260917,18.25,18.27,18.28,18.23,1659900.0,30312051.2,18.26
300061.SZ,20260917,6.39,6.39,6.45,6.34,977900.0,6252835.84,6.39
300062.SZ,20260917,6.57,6.57,6.6,6.55,658500.0,4323144.96,6.57
300063.SZ,20260917,8.51,8.54,8.55,8.5,120400.0,1027464.0,8.53
300065.SZ,20260917,15.41,15.4,15.45,15.4,149900.0,2309366.08,15.41
300066.SZ,20260917,4.69,4.68,4.7,4.68,10300.0,48257.0,4.69
300067.SZ,20260917,5.13,5.12,5.13,5.11,139300.0,713237.76,5.12
300068.SZ,20260917,4.36,4.36,4.36,4.34,1284800.0,5597585.92,4.36
300069.SZ,20260917,24.6,24.64,24.73,24.6,63100.0,1554156.96,24.63
300070.SZ,20260917,3.38,3.38,3.38,3.37,224600.0,759144.96,3.38
300071.SZ,20260917,4.12,4.12,4.12,4.11,519700.0,2140251.04,4.12
300072.SZ,20260917,3.47,3.47,3.48,3.47,36500.0,126680.0,3.47
300073.SZ,20260917,38.4,38.29,38.4,38.29,134200.0,5140145.92,38.3
300074.SZ,20260917,3.56,3.58,3.58,3.55,48500.0,172797.0,3.56
300075.SZ,20260917,10.28,10.29,10.29,10.28,15400.0,158406.0,10.29
300076.SZ,20260917,4.25,4.25,4.25,4.25,500.0,2125.0,4.25
300077.SZ,20260917,20.27,20.22,20.27,20.22,231900.0,4690976.96,20.23
300078.SZ,20260917,2.67,2.67,2.67,2.66,212700.0,567903.0,2.67
300079.SZ,20260917,4.77,4.78,4.79,4.76,75300.0,359604.0,4.78
300080.SZ,20260917,3.72,3.72,3.73,3.71,68900.0,256441.0,3.72
300081.SZ,20260917,3.37,3.34,3.37,3.33,5500.0,18500.0,3.36
300082.SZ,20260917,8.2,8.24,8.24,8.18,19700.0,161575.0,8.2
300083.SZ,20260917,12.28,12.28,12.3,12.27,198400.0,2436788.0,12.28
300084.SZ,20260917,10.25,10.22,10.25,10.22,20400.0,208491.0,10.22
300085.SZ,20260917,29.43,29.23,29.43,29.23,497377.0,14558713.6,29.27
300086.SZ,20260917,6.17,6.17,6.2,6.13,21600.0,133318.0,6.17
300087.SZ,20260917,5.66,5.65,5.66,5.64,111700.0,631279.0,5.65
300088.SZ,20260917,7.2,7.17,7.21,7.16,1607315.04,11528373.76,7.17
300091.SZ,20260917,2.4,2.41,2.41,2.4,112700.0,270481.0,2.4
300092.SZ,20260917,11.2,11.21,11.24,11.2,6500.0,72870.0,11.21
300093.SZ,20260917,20.8,20.8,20.81,20.8,24700.0,513821.0,20.8
300094.SZ,20260917,2.88,2.89,2.89,2.87,449400.0,1297420.0,2.89
300095.SZ,20260917,8.83,8.85,8.85,8.82,47300.0,418439.0,8.85
300096.SZ,20260917,8.63,8.63,8.63,8.63,5500.0,47465.0,8.63
300097.SZ,20260917,9.39,9.39,9.44,9.39,14300.0,134301.0,9.39
300098.SZ,20260917,4.35,4.34,4.35,4.34,109900.0,476988.0,4.34
300099.SZ,20260917,6.07,6.07,6.09,6.05,179600.0,1089834.0,6.07
300100.SZ,20260917,19.97,19.98,19.98,19.91,25200.0,503288.0,19.97
300101.SZ,20260917,13.85,13.88,13.89,13.85,10600.0,147170.0,13.88
300102.SZ,20260917,17.24,17.18,17.25,17.17,73800.0,1268354.0,17.19
300103.SZ,20260917,7.59,7.65,7.66,7.57,50300.0,384249.0,7.64
300105.SZ,20260917,7.12,7.12,7.13,7.1,141200.0,1005310.0,7.12
300106.SZ,20260917,10.45,10.47,10.59,10.45,47600.0,498983.0,10.48
300107.SZ,20260917,6.57,6.57,6.59,6.57,33300.0,218932.0,6.58
300109.SZ,20260917,12.68,12.68,12.69,12.67,53300.0,675868.0,12.68
300110.SZ,20260917,2.67,2.68,2.69,2.67,69700.0,186692.0,2.68
300111.SZ,20260917,2.96,2.96,2.96,2.95,184300.0,544902.0,2.96
300112.SZ,20260917,10.32,10.26,10.49,10.26,1326328.96,13657395.2,10.3
300113.SZ,20260917,15.72,15.71,15.74,15.71,45700.0,718164.96,15.72
300115.SZ,20260917,23.29,23.19,23.46,23.17,516000.0,12020857.6,23.3
300118.SZ,20260917,9.0,9.0,9.03,9.0,93300.0,839951.04,9.0
300119.SZ,20260917,17.2,17.21,17.21,17.2,12800.0,220266.0,17.21
300120.SZ,20260917,7.02,7.03,7.03,7.01,79500.0,558116.0,7.02
300121.SZ,20260917,9.57,9.57,9.61,9.56,288000.0,2756383.04,9.57
300122.SZ,20260917,12.27,12.27,12.29,12.24,149950.0,1839178.56,12.27
300123.SZ,20260917,4.63,4.62,4.67,4.62,276000.0,1277100.0,4.63
300124.SZ,20260917,51.0,51.0,51.0,50.91,229700.0,11711886.08,50.99
300125.SZ,20260917,9.08,9.07,9.12,9.07,32700.0,297080.0,9.09
300126.SZ,20260917,6.3,6.3,6.3,6.3,19500.0,122850.0,6.3
300127.SZ,20260917,24.02,24.02,24.04,24.01,15700.0,377139.0,24.02
300128.SZ,20260917,4.89,4.88,4.9,4.88,41900.0,204578.0,4.88
300129.SZ,20260917,7.37,7.38,7.39,7.35,468800.0,3458277.12,7.38
300130.SZ,20260917,17.75,17.75,17.91,17.75,131900.0,2343198.08,17.77
300131.SZ,20260917,16.02,16.1,16.14,16.02,477700.0,7686446.08,16.09
300132.SZ,20260917,6.04,6.07,6.07,6.04,137400.0,833722.0,6.07
300133.SZ,20260917,7.02,7.02,7.05,7.01,317100.0,2227329.92,7.02
300134.SZ,20260917,8.5,8.49,8.5,8.48,11800.0,100176.0,8.49
300135.SZ,20260917,3.47,3.47,3.47,3.44,495900.0,1719224.96,3.47
300136.SZ,20260917,57.98,57.9,58.0,57.85,242099.0,14018152.96,57.9
300137.SZ,20260917,10.0,9.92,10.0,9.92,97900.0,974560.0,9.96
300138.SZ,20260917,11.06,11.08,11.09,11.06,3400.0,37687.0,11.08
300139.SZ,20260917,48.85,48.55,48.87,48.55,1038454.0,50477644.8,48.61
300140.SZ,20260917,5.38,5.38,5.4,5.38,25700.0,138278.0,5.38
300141.SZ,20260917,10.0,10.09,10.1,10.0,36400.0,367133.0,10.09
300142.SZ,20260917,12.87,12.85,12.89,12.83,623926.0,8017269.76,12.85
300143.SZ,20260917,7.24,7.24,7.24,7.23,8700.0,62985.0,7.24
300144.SZ,20260917,5.72,5.7,5.72,5.69,200600.0,1144004.0,5.7
300145.SZ,20260917,4.94,4.91,4.94,4.91,997000.0,4907830.08,4.92
300146.SZ,20260917,9.26,9.27,9.28,9.25,50300.0,466077.0,9.27
300147.SZ,20260917,6.4,6.4,6.4,6.38,37600.0,240582.0,6.4
300148.SZ,20260917,3.47,3.47,3.48,3.46,100300.0,347998.0,3.47
300149.SZ,20260917,8.87,8.87,8.88,8.85,91200.0,809011.04,8.87
300150.SZ,20260917,4.01,4.0,4.01,4.0,26700.0,106802.0,4.0
300151.SZ,20260917,20.34,20.55,20.56,20.11,321800.0,6593566.72,20.49
300152.SZ,20260917,1.66,1.65,1.66,1.65,93600.0,154564.0,1.65
300153.SZ,20260917,26.4,26.01,26.45,25.89,638400.0,16652985.6,26.09
300154.SZ,20260917,13.64,13.69,13.69,13.56,88800.0,1214984.96,13.68
300155.SZ,20260917,4.3,4.3,4.3,4.3,103600.0,445480.0,4.3
300157.SZ,20260917,3.81,3.8,3.86,3.8,309100.0,1176320.96,3.81
300158.SZ,20260917,4.97,4.97,4.98,4.97,143400.0,712764.96,4.97
300159.SZ,20260917,2.89,2.88,2.89,2.88,286000.0,824572.96,2.88
300160.SZ,20260917,4.29,4.3,4.32,4.29,120700.0,519132.0,4.3
300161.SZ,20260917,25.25,25.25,25.25,25.25,6400.0,161600.0,25.25
300162.SZ,20260917,7.57,7.57,7.65,7.56,248700.0,1883863.04,7.58
300163.SZ,20260917,6.76,6.74,6.78,6.71,125800.0,848100.0,6.74
300164.SZ,20260917,9.46,9.45,9.5,9.43,2727299.84,25782440.96,9.45
300165.SZ,20260917,5.03,5.05,5.05,5.03,63600.0,321024.0,5.05
300166.SZ,20260917,12.0,12.0,12.06,11.97,186300.0,2235831.04,12.0
300167.SZ,20260917,3.81,3.81,3.81,3.8,41000.0,156010.0,3.81
300168.SZ,20260917,4.68,4.68,4.69,4.65,48200.0,225573.0,4.68
300169.SZ,20260917,5.53,5.54,5.54,5.53,61100.0,338474.0,5.54
300170.SZ,20260917,14.97,14.98,15.0,14.96,308400.0,4620330.88,14.98
300171.SZ,20260917,13.75,13.7,13.75,13.69,11100.0,152168.0,13.71
300172.SZ,20260917,4.44,4.44,4.44,4.44,32400.0,143856.0,4.44
300173.SZ,20260917,3.3,3.3,3.3,3.3,21600.0,71280.0,3.3
300174.SZ,20260917,18.8,18.82,18.9,18.73,152700.0,2873504.96,18.82
300175.SZ,20260917,5.45,5.45,5.5,5.45,20800.0,113540.0,5.46
300176.SZ,20260917,4.28,4.29,4.29,4.28,56600.0,242690.0,4.29
300177.SZ,20260917,6.2,6.21,6.21,6.15,16200.0,99964.0,6.17
300179.SZ,20260917,43.58,43.59,43.88,43.2,1027100.0,44750653.44,43.57
300180.SZ,20260917,4.33,4.34,4.34,4.33,23900.0,103584.0,4.33
300181.SZ,20260917,13.13,13.2,13.2,13.13,49300.0,649553.0,13.18
300182.SZ,20260917,4.92,4.91,4.93,4.91,526400.0,2587808.0,4.92
300183.SZ,20260917,10.97,10.96,11.07,10.96,117500.0,1288230.0,10.96
300184.SZ,20260917,12.06,12.06,12.1,12.03,581200.0,7008065.28,12.06
300185.SZ,20260917,2.78,2.78,2.79,2.78,1585000.0,4406600.96,2.78
300187.SZ,20260917,4.53,4.54,4.54,4.53,32400.0,146946.0,4.54
300188.SZ,20260917,10.09,10.05,10.1,10.05,107000.0,1076090.0,10.06
300189.SZ,20260917,6.18,6.17,6.22,6.17,2609500.0,16114914.56,6.18
300190.SZ,20260917,3.76,3.77,3.77,3.76,58500.0,220326.0,3.77
300191.SZ,20260917,31.9,32.0,32.07,31.8,150100.0,4799471.04,31.98
300192.SZ,20260917,18.15,18.29,18.29,18.15,65000.0,1188250.0,18.28
300193.SZ,20260917,7.76,7.76,7.78,7.76,11200.0,86930.0,7.76
300194.SZ,20260917,3.74,3.74,3.74,3.74,23300.0,87142.0,3.74
300195.SZ,20260917,5.97,5.98,5.99,5.97,63700.0,380747.0,5.98
300196.SZ,20260917,19.63,19.6,19.7,19.55,544700.0,10676392.96,19.6
300197.SZ,20260917,1.93,1.93,1.94,1.92,797463.04,1539074.56,1.93
300198.SZ,20260917,2.26,2.26,2.27,2.26,33200.0,75174.0,2.26
300199.SZ,20260917,23.4,23.4,23.5,23.32,156200.0,3654316.16,23.4
300200.SZ,20260917,8.45,8.45,8.45,8.43,140800.0,1189128.0,8.45
300201.SZ,20260917,12.7,12.75,12.75,12.68,111200.0,1416083.04,12.74
300203.SZ,20260917,12.15,12.1,12.16,12.1,12400.0,150174.0,12.11
300204.SZ,20260917,19.34,19.38,19.38,19.3,44500.0,861218.0,19.35
300205.SZ,20260917,4.85,4.85,4.85,4.85,28200.0,136770.0,4.85
300206.SZ,20260917,11.03,11.02,11.09,11.02,3800.0,41909.0,11.03
300207.SZ,20260917,19.69,19.76,19.81,19.67,4801395.84,94836715.52,19.75
300209.SZ,20260917,35.02,35.0,35.2,34.99,1274700.0,44647065.6,35.03
300210.SZ,20260917,7.17,7.14,7.22,7.14,34400.0,246024.0,7.15
300211.SZ,20260917,7.1,7.1,7.1,7.1,1200.0,8520.0,7.1
300212.SZ,20260917,7.9,7.86,7.9,7.85,134972.0,1062845.84,7.88
300213.SZ,20260917,6.38,6.4,6.4,6.38,13100.0,83718.0,6.39
300214.SZ,20260917,10.07,10.06,10.1,10.06,223800.0,2252945.92,10.07
300215.SZ,20260917,6.3,6.3,6.3,6.29,31700.0,199670.0,6.3
300217.SZ,20260917,4.05,4.05,4.05,4.05,39800.0,161190.0,4.05
300218.SZ,20260917,12.44,12.45,12.46,12.43,10200.0,126979.0,12.45
300219.SZ,20260917,6.85,6.86,6.86,6.85,40800.0,279782.0,6.86
300220.SZ,20260917,10.71,10.77,10.77,10.71,13000.0,139950.0,10.77
300221.SZ,20260917,14.68,14.6,14.76,14.57,205900.0,3008424.96,14.61
300222.SZ,20260917,10.02,10.04,10.04,9.98,71500.0,715900.0,10.01
300223.SZ,20260917,133.06,133.04,133.6,133.0,212400.0,28269204.48,133.09
300224.SZ,20260917,11.27,11.31,11.31,11.27,58000.0,655140.0,11.3
300225.SZ,20260917,8.04,8.05,8.06,8.02,83400.0,670726.0,8.04
300226.SZ,20260917,16.33,16.4,16.41,16.33,6300.0,103274.0,16.39
300227.SZ,20260917,11.07,11.17,11.2,11.05,368300.0,4107646.08,11.15
300228.SZ,20260917,6.63,6.64,6.64,6.63,43100.0,285961.0,6.64
300229.SZ,20260917,12.81,12.85,12.85,12.81,85100.0,1092691.04,12.84
300230.SZ,20260917,4.24,4.24,4.25,4.24,137100.0,581402.0,4.24
300231.SZ,20260917,8.03,8.03,8.05,8.01,44300.0,355755.0,8.03
300232.SZ,20260917,5.35,5.36,5.36,5.33,45100.0,241320.0,5.35
300233.SZ,20260917,12.79,12.78,12.8,12.77,59900.0,765416.96,12.78
300234.SZ,20260917,10.5,10.2,10.54,10.17,1145000.0,11700861.44,10.22
300235.SZ,20260917,11.37,11.39,11.39,11.28,41200.0,468738.0,11.38
300236.SZ,20260917,89.99,90.0,90.39,89.88,184200.0,16577190.4,90.0
300237.SZ,20260917,2.24,2.25,2.25,2.24,103000.0,231651.0,2.25
300238.SZ,20260917,10.83,10.82,10.92,10.82,9200.0,99568.0,10.82
300239.SZ,20260917,4.85,4.86,4.86,4.83,30600.0,148652.0,4.86
300240.SZ,20260917,6.0,5.98,6.01,5.98,32200.0,192581.0,5.98
300241.SZ,20260917,5.83,5.85,5.85,5.83,43400.0,253457.0,5.84
300242.SZ,20260917,3.87,3.88,3.88,3.87,18300.0,70990.0,3.88
300243.SZ,20260917,19.51,19.5,19.8,19.41,2517609.92,49180569.6,19.54
300244.SZ,20260917,18.3,18.34,18.39,18.3,200100.0,3671420.16,18.35
300245.SZ,20260917,5.96,5.99,5.99,5.96,155700.0,930318.0,5.98
300246.SZ,20260917,14.95,14.98,14.98,14.79,16400.0,245175.0,14.95
300247.SZ,20260917,3.59,3.58,3.59,3.58,66000.0,236461.0,3.58
300248.SZ,20260917,8.12,8.16,8.16,8.11,8300.0,67462.0,8.13
300249.SZ,20260917,13.0,13.01,13.02,13.0,53000.0,689404.96,13.01
300250.SZ,20260917,14.81,14.82,14.82,14.78,15200.0,225175.0,14.81
300251.SZ,20260917,10.85,10.83,10.86,10.8,164800.0,1784710.08,10.83
300252.SZ,20260917,12.8,12.8,12.88,12.76,713800.0,9140350.08,12.81
300253.SZ,20260917,6.64,6.63,6.65,6.62,128800.0,853888.96,6.63
300254.SZ,20260917,8.4,8.39,8.42,8.39,10800.0,90644.0,8.39
300255.SZ,20260917,22.65,22.7,22.7,22.65,70800.0,1606079.04,22.69
300256.SZ,20260917,2.66,2.67,2.67,2.66,32800.0,87553.0,2.67
300257.SZ,20260917,17.91,17.91,17.95,17.86,21300.0,381522.0,17.91
300258.SZ,20260917,8.74,8.77,8.77,8.73,34500.0,302200.0,8.76
300259.SZ,20260917,3.97,3.96,3.99,3.96,257600.0,1020591.04,3.96
300260.SZ,20260917,59.23,59.47,59.66,59.05,166500.0,9896248.32,59.44
300261.SZ,20260917,4.74,4.77,4.77,4.7,96900.0,461456.0,4.76
300263.SZ,20260917,10.13,10.12,10.18,10.09,240000.0,2430267.04,10.13
300264.SZ,20260917,5.92,5.92,5.92,5.92,12400.0,73408.0,5.92
300265.SZ,20260917,13.68,13.69,13.72,13.64,716800.0,9812951.04,13.69
300266.SZ,20260917,1.84,1.84,1.85,1.84,120000.0,220802.0,1.84
300267.SZ,20260917,3.16,3.16,3.17,3.16,68800.0,217409.0,3.16
300268.SZ,20260917,11.61,11.62,11.62,11.57,11600.0,134743.0,11.62
300269.SZ,20260917,4.7,4.73,4.73,4.7,41300.0,195138.0,4.73
300270.SZ,20260917,10.23,10.22,10.28,10.22,42300.0,432413.0,10.22
300271.SZ,20260917,5.56,5.56,5.56,5.52,32800.0,182117.0,5.55
300272.SZ,20260917,5.59,5.6,5.6,5.59,11200.0,62704.0,5.6
300274.SZ,20260917,84.51,84.56,84.7,84.5,431800.0,36512243.2,84.56
300275.SZ,20260917,9.01,9.01,9.05,9.01,46300.0,417180.0,9.01
300276.SZ,20260917,5.95,5.96,5.96,5.95,47200.0,281189.0,5.96
300277.SZ,20260917,12.13,12.11,12.16,12.11,46100.0,558775.0,12.12
300278.SZ,20260917,3.43,3.42,3.44,3.42,37200.0,127376.0,3.42
300279.SZ,20260917,5.91,5.92,5.93,5.89,218200.0,1290430.0,5.91
300281.SZ,20260917,6.74,6.76,6.76,6.73,48600.0,328320.0,6.76
300283.SZ,20260917,14.25,14.23,14.3,14.23,723900.0,10306375.68,14.24
300284.SZ,20260917,5.03,5.01,5.03,5.0,63700.0,319125.0,5.01
300285.SZ,20260917,68.02,68.11,68.26,67.88,1066000.0,72597094.4,68.1
300286.SZ,20260917,18.7,18.7,18.71,18.7,15200.0,284241.0,18.7
300287.SZ,20260917,3.55,3.55,3.55,3.54,91300.0,324045.0,3.55
300288.SZ,20260917,9.45,9.48,9.5,9.45,12700.0,120336.0,9.48
300289.SZ,20260917,5.64,5.67,5.67,5.62,30600.0,172573.0,5.64
300290.SZ,20260917,7.02,7.01,7.05,6.99,871400.0,6110494.08,7.01
300291.SZ,20260917,5.15,5.16,5.16,5.12,265600.0,1369383.04,5.16
300292.SZ,20260917,4.73,4.74,4.76,4.72,881300.0,4176992.0,4.74
300293.SZ,20260917,14.4,14.32,14.41,14.32,32800.0,470316.0,14.34
300294.SZ,20260917,13.93,13.93,13.93,13.93,9400.0,130942.0,13.93
300295.SZ,20260917,11.42,11.39,11.42,11.39,3100.0,35330.0,11.4
300296.SZ,20260917,4.84,4.85,4.86,4.84,141500.0,686116.96,4.85
300298.SZ,20260917,15.34,15.34,15.34,15.34,8300.0,127322.0,15.34
300299.SZ,20260917,5.48,5.5,5.5,5.44,87000.0,475599.0,5.47
300300.SZ,20260917,9.15,9.21,9.29,9.14,4553680.96,41958343.68,9.21
300301.SZ,20260917,3.46,3.46,3.46,3.46,42000.0,145320.0,3.46
300302.SZ,20260917,28.01,27.99,28.06,27.98,231000.0,6468382.08,28.0
300303.SZ,20260917,6.9,6.91,6.92,6.9,196500.0,1357572.0,6.91
300304.SZ,20260917,10.77,10.78,10.79,10.75,53100.0,571658.0,10.77
300305.SZ,20260917,6.51,6.52,6.54,6.48,120600.0,786004.0,6.52
300306.SZ,20260917,10.16,10.17,10.17,10.16,11000.0,111848.0,10.17
300307.SZ,20260917,7.25,7.22,7.25,7.22,142500.0,1029218.0,7.22
300308.SZ,20260917,902.75,900.3,903.7,900.0,290898.0,262058455.04,900.86
300310.SZ,20260917,4.27,4.28,4.28,4.26,82200.0,351658.0,4.28
300311.SZ,20260917,5.6,5.61,5.61,5.57,1423800.0,7976862.72,5.6
300313.SZ,20260917,13.54,13.47,13.75,13.47,464400.0,6276773.76,13.52
300314.SZ,20260917,11.42,11.53,11.53,11.4,51600.0,592841.0,11.49
300315.SZ,20260917,4.0,4.01,4.02,4.0,404800.0,1622016.96,4.01
300316.SZ,20260917,40.74,40.8,40.8,40.66,44000.0,1793972.0,40.77
300317.SZ,20260917,4.14,4.15,4.15,4.11,344900.0,1426172.0,4.14
300318.SZ,20260917,4.75,4.75,4.75,4.72,44300.0,210348.0,4.75
300319.SZ,20260917,21.91,21.9,22.0,21.9,1486347.04,32568673.28,21.91
300320.SZ,20260917,8.09,8.09,8.09,8.07,141200.0,1142004.96,8.09
300321.SZ,20260917,33.68,33.51,33.75,33.51,18200.0,610813.0,33.56
300322.SZ,20260917,17.45,17.46,17.58,17.4,88800.0,1550291.04,17.46
300323.SZ,20260917,10.99,11.02,11.05,10.96,275800.0,3035085.12,11.01
300324.SZ,20260917,3.39,3.39,3.39,3.39,56400.0,191196.0,3.39
300326.SZ,20260917,6.1,6.1,6.12,6.1,43700.0,266624.0,6.1
300327.SZ,20260917,24.8,24.8,24.9,24.8,131600.0,3265471.04,24.81
300328.SZ,20260917,12.2,12.16,12.23,12.16,208100.0,2532060.96,12.17
300329.SZ,20260917,11.8,11.82,11.83,11.8,9700.0,114626.0,11.82
300331.SZ,20260917,48.24,48.24,48.3,48.2,41988.0,2025515.68,48.24
300332.SZ,20260917,4.87,4.88,4.88,4.85,316100.0,1540124.96,4.87
300333.SZ,20260917,11.22,11.18,11.28,11.18,306800.0,3433392.96,11.19
300334.SZ,20260917,8.49,8.5,8.5,8.48,83100.0,706171.04,8.5
300335.SZ,20260917,5.51,5.54,5.54,5.5,102900.0,569806.0,5.54
300337.SZ,20260917,9.29,9.3,9.31,9.28,50800.0,472212.0,9.3
300338.SZ,20260917,2.94,2.93,2.94,2.91,11800.0,34594.0,2.93
300339.SZ,20260917,34.27,34.3,34.34,34.26,77800.0,2668217.92,34.3
300340.SZ,20260917,8.59,8.6,8.6,8.58,53500.0,459664.0,8.59
300341.SZ,20260917,12.52,12.52,12.52,12.52,2300.0,28796.0,12.52
300342.SZ,20260917,31.87,31.87,31.94,31.77,74300.0,2367728.96,31.87
300343.SZ,20260917,5.6,5.67,5.67,5.56,1153100.0,6507921.92,5.64
300345.SZ,20260917,7.24,7.18,7.29,7.17,712600.0,5130126.08,7.2
300346.SZ,20260917,55.0,54.96,55.3,54.9,1290498.0,70984217.6,55.01
300347.SZ,20260917,56.75,56.82,56.82,56.3,82900.0,4707774.08,56.79
300348.SZ,20260917,9.43,9.4,9.43,9.4,31200.0,293378.0,9.4
300349.SZ,20260917,9.9,9.88,9.9,9.88,4400.0,43504.0,9.89
300350.SZ,20260917,4.28,4.26,4.28,4.26,22400.0,95534.0,4.27
300351.SZ,20260917,14.03,14.07,14.08,14.03,61600.0,866659.04,14.07
300352.SZ,20260917,2.71,2.71,2.72,2.71,634200.0,1719966.08,2.71
300353.SZ,20260917,16.22,16.18,16.22,16.18,63700.0,1031166.0,16.19
300354.SZ,20260917,27.0,26.87,27.0,26.87,1700.0,45877.0,26.99
300355.SZ,20260917,2.78,2.78,2.79,2.77,76600.0,212876.0,2.78
300357.SZ,20260917,18.9,18.94,18.94,18.89,48800.0,923108.96,18.92
300358.SZ,20260917,8.08,8.09,8.09,8.08,103500.0,836835.04,8.09
300359.SZ,20260917,3.96,3.99,3.99,3.96,22100.0,87674.0,3.97
300360.SZ,20260917,11.21,11.26,11.28,11.21,151700.0,1707457.92,11.26
300363.SZ,20260917,21.81,21.8,21.96,21.8,161500.0,3523401.92,21.82
300364.SZ,20260917,23.95,23.95,24.05,23.93,542200.0,12989707.52,23.96
300365.SZ,20260917,4.51,4.52,4.52,4.51,48400.0,218762.0,4.52
300366.SZ,20260917,5.4,5.4,5.4,5.38,132400.0,713824.0,5.39
300368.SZ,20260917,8.98,8.99,9.04,8.94,814800.0,7321041.92,8.98
300369.SZ,20260917,7.97,8.0,8.0,7.95,619600.0,4954319.04,8.0
300370.SZ,20260917,2.1,2.1,2.1,2.09,102200.0,214588.0,2.1
300371.SZ,20260917,9.71,9.76,9.76,9.71,7700.0,74972.0,9.74
300373.SZ,20260917,88.5,88.5,90.0,88.3,192300.0,17080217.6,88.82
300374.SZ,20260917,10.56,10.5,10.56,10.5,10600.0,111346.0,10.5
300375.SZ,20260917,4.0,4.02,4.04,4.0,39300.0,158154.0,4.02
300376.SZ,20260917,4.15,4.15,4.16,4.13,49100.0,203699.0,4.15
300377.SZ,20260917,13.86,13.84,13.91,13.84,258600.0,3580883.84,13.85
300378.SZ,20260917,35.77,35.84,35.84,35.71,73800.0,2642584.96,35.81
300380.SZ,20260917,27.75,27.85,27.91,27.71,17600.0,489390.0,27.81
300381.SZ,20260917,5.44,5.45,5.45,5.44,51900.0,282846.0,5.45
300382.SZ,20260917,15.79,15.64,15.8,15.64,123300.0,1934452.96,15.69
300383.SZ,20260917,11.05,11.0,11.05,11.0,333400.0,3669964.16,11.01
300384.SZ,20260917,11.52,11.52,11.52,11.48,2200.0,25324.0,11.51
300385.SZ,20260917,12.7,12.7,12.84,12.7,13900.0,176720.0,12.71
300386.SZ,20260917,10.88,10.88,10.93,10.88,58700.0,638891.0,10.88
300387.SZ,20260917,7.35,7.27,7.35,7.27,27900.0,203710.0,7.3
300388.SZ,20260917,6.74,6.74,6.74,6.7,30100.0,202086.0,6.71
300389.SZ,20260917,12.29,12.26,12.3,12.26,39200.0,481798.0,12.29
300390.SZ,20260917,52.31,52.34,52.39,52.18,190000.0,9941253.12,52.32
300393.SZ,20260917,5.9,5.9,5.92,5.88,137600.0,812468.96,5.91
300394.SZ,20260917,269.61,268.54,270.54,268.54,625700.0,168325068.8,269.02
300395.SZ,20260917,99.25,99.0,99.55,99.0,268600.0,26642920.96,99.19
300396.SZ,20260917,6.86,6.86,6.86,6.86,10200.0,69972.0,6.86
300397.SZ,20260917,10.75,10.78,10.78,10.75,49600.0,534560.0,10.78
300398.SZ,20260917,36.74,36.62,36.86,36.62,908900.0,33319321.6,36.66
300399.SZ,20260917,19.2,19.25,19.38,19.2,27000.0,519649.0,19.25
300400.SZ,20260917,36.44,36.76,36.76,36.4,100000.0,3669795.84,36.7
300401.SZ,20260917,14.8,14.86,14.97,14.73,305700.0,4539143.04,14.85
300402.SZ,20260917,14.3,14.21,14.53,14.21,20300.0,290690.0,14.32
300403.SZ,20260917,8.43,8.44,8.44,8.42,30400.0,256556.0,8.44
300404.SZ,20260917,12.73,12.7,12.85,12.7,456400.0,5809281.92,12.73
300405.SZ,20260917,5.53,5.54,5.55,5.53,89200.0,494121.0,5.54
300406.SZ,20260917,11.17,11.2,11.2,11.17,15200.0,169950.0,11.18
300407.SZ,20260917,10.45,10.55,10.55,10.45,6100.0,64260.0,10.53
300408.SZ,20260917,128.87,128.88,129.85,128.8,482788.0,62240660.48,128.92
300409.SZ,20260917,17.1,17.05,17.16,17.05,207000.0,3531661.12,17.06
300410.SZ,20260917,8.87,8.88,8.9,8.83,372000.0,3300954.88,8.87
300411.SZ,20260917,8.55,8.58,8.6,8.55,13900.0,119238.0,8.58
300412.SZ,20260917,4.27,4.27,4.3,4.26,36300.0,155050.0,4.27
300413.SZ,20260917,17.7,17.65,17.89,17.58,5607111.68,99140126.72,17.68
300414.SZ,20260917,11.13,11.14,11.15,11.1,58500.0,650970.0,11.13
300415.SZ,20260917,18.75,18.66,18.77,18.66,5300.0,99063.0,18.69
300416.SZ,20260917,14.21,14.2,14.22,14.16,36200.0,514230.0,14.21
300417.SZ,20260917,11.07,11.15,11.15,11.07,25200.0,280891.0,11.15
300418.SZ,20260917,42.6,42.69,42.69,42.59,433700.0,18506168.32,42.67
300419.SZ,20260917,8.15,8.18,8.2,8.06,125100.0,1017595.04,8.13
300420.SZ,20260917,7.39,7.41,7.43,7.35,483300.0,3577154.88,7.4
300421.SZ,20260917,16.21,16.21,16.3,16.21,21600.0,350964.0,16.25
300422.SZ,20260917,3.99,3.99,4.0,3.99,50800.0,202782.0,3.99
300423.SZ,20260917,5.52,5.52,5.52,5.51,40700.0,224631.0,5.52
300424.SZ,20260917,14.69,14.82,14.82,14.62,338400.0,5009441.92,14.8
300425.SZ,20260917,3.93,3.93,3.94,3.93,20800.0,81749.0,3.93
300426.SZ,20260917,7.08,7.09,7.09,7.06,45600.0,323124.0,7.09
300427.SZ,20260917,6.74,6.81,6.81,6.72,225800.0,1533793.92,6.79
300428.SZ,20260917,19.69,19.67,19.87,19.67,19500.0,383885.0,19.69
300429.SZ,20260917,11.33,11.44,11.45,11.32,267300.0,3052412.16,11.42
300430.SZ,20260917,5.01,5.01,5.02,4.98,684700.0,3429145.92,5.01
300432.SZ,20260917,13.71,13.74,13.76,13.7,805600.0,11065904.64,13.74
300433.SZ,20260917,33.06,33.02,33.18,33.02,585600.0,19341652.48,33.03
300434.SZ,20260917,10.58,10.53,10.61,10.45,357100.0,3770024.96,10.56
300435.SZ,20260917,16.77,16.77,16.8,16.77,36600.0,614022.0,16.78
300436.SZ,20260917,84.88,84.88,85.5,84.88,34200.0,2904216.96,84.92
300437.SZ,20260917,10.94,10.93,10.94,10.93,1000.0,10935.0,10.94
300438.SZ,20260917,51.2,51.3,51.33,51.1,105400.0,5402131.2,51.25
300439.SZ,20260917,9.4,9.4,9.4,9.4,8200.0,77080.0,9.4
300440.SZ,20260917,18.34,18.28,18.34,18.19,201700.0,3680174.08,18.25
300441.SZ,20260917,6.95,6.92,6.95,6.86,16300.0,112324.0,6.89
300442.SZ,20260917,62.05,62.01,62.2,62.0,174900.0,10851710.72,62.05
300443.SZ,20260917,19.36,19.35,19.37,19.28,159200.0,3077263.04,19.33
300444.SZ,20260917,8.95,8.95,8.98,8.94,111900.0,1001736.0,8.95
300445.SZ,20260917,18.5,18.45,18.5,18.42,17400.0,321056.0,18.45
300446.SZ,20260917,12.78,12.73,12.78,12.72,8900.0,113319.0,12.73
300447.SZ,20260917,14.16,14.26,14.26,14.16,20000.0,285021.0,14.25
300448.SZ,20260917,5.49,5.5,5.5,5.48,36800.0,202119.0,5.49
300449.SZ,20260917,6.81,6.78,6.81,6.78,11400.0,77306.0,6.78
300450.SZ,20260917,31.43,31.5,31.6,31.36,471000.0,14833372.16,31.49
300451.SZ,20260917,3.33,3.34,3.34,3.31,30400.0,101298.0,3.33
300452.SZ,20260917,12.51,12.52,12.52,12.51,18300.0,229084.0,12.52
300453.SZ,20260917,8.87,8.91,8.91,8.87,92400.0,822232.96,8.9
300454.SZ,20260917,132.29,132.14,132.29,132.01,86209.0,11394161.92,132.17
300455.SZ,20260917,16.9,17.0,17.0,16.89,31200.0,529923.0,16.99
300456.SZ,20260917,35.56,35.59,35.7,35.41,567600.0,20194972.16,35.58
300457.SZ,20260917,21.07,21.11,21.12,21.01,97000.0,2046028.96,21.09
300458.SZ,20260917,29.96,29.85,29.98,29.85,343687.0,10264371.84,29.87
300459.SZ,20260917,3.53,3.52,3.54,3.52,438600.0,1544652.0,3.52
300460.SZ,20260917,8.52,8.51,8.52,8.51,42600.0,362598.0,8.51
300461.SZ,20260917,29.32,29.6,29.6,29.3,7900.0,233088.0,29.51
300462.SZ,20260917,11.09,11.09,11.09,11.09,0.0,0.0,11.09
300463.SZ,20260917,8.91,8.98,8.98,8.91,17600.0,157113.0,8.93
300464.SZ,20260917,9.9,9.95,9.98,9.85,2489400.0,24744268.8,9.94
300465.SZ,20260917,11.14,11.12,11.15,11.12,14300.0,159181.0,11.13
300466.SZ,20260917,7.02,6.99,7.02,6.99,23400.0,163638.0,6.99
300467.SZ,20260917,32.92,32.92,32.92,32.92,200.0,6584.0,32.92
300468.SZ,20260917,21.99,21.98,22.0,21.93,294100.0,6463964.8,21.98
300469.SZ,20260917,49.03,49.05,49.15,49.03,13100.0,642579.0,49.05
300470.SZ,20260917,27.19,27.28,27.28,27.19,3400.0,92591.0,27.23
300471.SZ,20260917,9.58,9.54,9.6,9.54,20700.0,197600.0,9.55
300472.SZ,20260917,6.78,6.78,6.78,6.78,0.0,0.0,6.78
300473.SZ,20260917,30.11,30.21,30.43,30.11,129800.0,3922446.08,30.22
300474.SZ,20260917,47.51,47.5,47.55,47.4,45400.0,2156204.96,47.49
300475.SZ,20260917,164.39,164.0,164.5,163.98,216700.0,35543063.04,164.02
300476.SZ,20260917,229.3,229.5,229.5,229.0,255800.0,58686008.32,229.42
300477.SZ,20260917,2.67,2.66,2.69,2.66,633600.0,1687721.92,2.66
300478.SZ,20260917,32.0,32.12,32.13,32.0,27000.0,865955.04,32.07
300479.SZ,20260917,14.24,14.25,14.26,14.24,9000.0,128248.0,14.25
300480.SZ,20260917,31.99,32.06,32.06,31.97,70300.0,2252599.04,32.04
300481.SZ,20260917,14.11,14.12,14.13,14.01,166300.0,2346984.96,14.11
300482.SZ,20260917,15.53,15.53,15.6,15.53,9000.0,139798.0,15.53
300483.SZ,20260917,23.26,23.21,23.4,23.2,290100.0,6741349.12,23.24
300484.SZ,20260917,12.48,12.48,12.48,12.47,2500.0,31196.0,12.48
300485.SZ,20260917,8.19,8.2,8.2,8.17,10300.0,84410.0,8.2
300486.SZ,20260917,17.67,17.67,17.75,17.67,94300.0,1667032.0,17.68
300487.SZ,20260917,68.55,68.58,68.58,68.22,13500.0,924608.0,68.49
300488.SZ,20260917,36.18,36.3,36.5,36.0,100800.0,3648087.04,36.19
300489.SZ,20260917,241.0,238.19,243.16,238.19,1280500.0,306509148.16,239.37
300490.SZ,20260917,10.64,10.63,10.65,10.63,64700.0,688058.0,10.64
300491.SZ,20260917,35.0,34.9,35.0,34.36,36400.0,1268891.04,34.86
300492.SZ,20260917,22.01,22.07,22.07,21.93,26400.0,582186.0,22.05
300493.SZ,20260917,12.48,12.5,12.52,12.43,66000.0,824020.96,12.49
300494.SZ,20260917,7.85,7.91,7.91,7.85,9700.0,76661.0,7.9
300496.SZ,20260917,54.1,53.99,54.2,53.99,79000.0,4265986.88,54.0
300497.SZ,20260917,21.72,21.77,21.9,21.71,1223100.0,26599088.64,21.75
300498.SZ,20260917,14.6,14.62,14.62,14.6,203200.0,2969120.0,14.61
300499.SZ,20260917,38.82,38.6,39.1,38.59,798200.0,30886819.84,38.7
300500.SZ,20260917,9.11,9.1,9.15,9.1,9900.0,90201.0,9.11
300501.SZ,20260917,9.25,9.26,9.27,9.23,24700.0,228683.0,9.26
300502.SZ,20260917,421.0,421.0,423.0,420.14,430866.0,181579755.52,421.43
300503.SZ,20260917,64.73,64.6,64.94,64.6,68231.0,4409799.36,64.63
300504.SZ,20260917,17.46,17.45,17.5,17.44,104000.0,1815352.96,17.46
300505.SZ,20260917,18.72,18.74,18.75,18.69,105700.0,1979348.96,18.73
300506.SZ,20260917,4.61,4.62,4.62,4.6,134400.0,620132.0,4.61
300507.SZ,20260917,6.33,6.35,6.36,6.31,194500.0,1233092.96,6.34
300508.SZ,20260917,38.2,38.27,38.3,38.2,13200.0,504921.0,38.25
300509.SZ,20260917,8.69,8.8,8.8,8.64,22800.0,200413.0,8.79
300510.SZ,20260917,3.33,3.33,3.33,3.32,29200.0,97230.0,3.33
300511.SZ,20260917,4.93,4.92,4.94,4.92,78400.0,386034.0,4.92
300512.SZ,20260917,7.15,7.17,7.17,7.15,15300.0,109699.0,7.17
300513.SZ,20260917,7.13,7.13,7.13,7.12,26300.0,187487.0,7.13
300514.SZ,20260917,9.79,9.84,9.84,9.79,38900.0,382716.0,9.84
300515.SZ,20260917,15.22,15.22,15.22,15.19,3500.0,53255.0,15.22
300516.SZ,20260917,34.34,34.21,34.35,34.21,13800.0,472264.0,34.22
300517.SZ,20260917,11.2,11.15,11.23,11.15,12100.0,135096.0,11.17
300518.SZ,20260917,24.05,23.89,24.05,23.74,17500.0,419518.0,23.97
300519.SZ,20260917,13.6,13.64,13.64,13.52,9500.0,128976.0,13.58
300520.SZ,20260917,21.98,22.01,22.01,21.97,19100.0,420305.0,22.01
300521.SZ,20260917,23.41,23.41,23.43,23.41,1100.0,25753.0,23.41
300522.SZ,20260917,15.48,15.2,15.5,15.2,984900.0,14999782.4,15.23
300523.SZ,20260917,20.94,20.92,20.95,20.8,7200.0,150693.0,20.93
300525.SZ,20260917,7.68,7.7,7.7,7.68,35700.0,274535.0,7.69
300527.SZ,20260917,8.4,8.41,8.42,8.35,479800.0,4030999.04,8.4
300528.SZ,20260917,13.7,13.65,13.71,13.65,56500.0,771480.96,13.66
300529.SZ,20260917,14.85,14.9,14.9,14.85,10600.0,157882.0,14.9
300530.SZ,20260917,19.63,19.59,19.65,19.55,56500.0,1106974.0,19.59
300531.SZ,20260917,15.22,15.12,15.22,15.12,82900.0,1254570.0,15.13
300532.SZ,20260917,6.95,6.99,6.99,6.95,41100.0,285823.0,6.95
300533.SZ,20260917,14.05,14.03,14.1,14.03,23500.0,330197.0,14.05
300534.SZ,20260917,12.79,12.79,12.79,12.66,492000.0,6288805.12,12.78
300535.SZ,20260917,15.0,15.03,15.03,15.0,15100.0,226698.0,15.01
300536.SZ,20260917,8.65,8.66,8.67,8.65,56400.0,488385.0,8.66
300537.SZ,20260917,22.02,21.99,22.1,21.9,420600.0,9254005.76,22.0
300538.SZ,20260917,14.42,14.44,14.47,14.42,15500.0,223659.0,14.43
300539.SZ,20260917,16.7,16.73,16.73,16.7,25500.0,426253.0,16.72
300540.SZ,20260917,26.8,26.52,26.86,26.52,59000.0,1569286.08,26.6
300541.SZ,20260917,9.29,9.26,9.3,9.26,24700.0,228988.0,9.27
300542.SZ,20260917,11.97,11.97,11.97,11.95,19100.0,228564.0,11.97
300543.SZ,20260917,7.36,7.35,7.36,7.35,6100.0,44848.0,7.35
300545.SZ,20260917,26.86,26.87,26.9,26.8,17300.0,464668.0,26.86
300546.SZ,20260917,16.6,16.45,16.6,16.42,105900.0,1744655.04,16.48
300547.SZ,20260917,25.51,25.5,25.55,25.5,23000.0,586775.0,25.51
300548.SZ,20260917,233.6,233.63,235.0,233.0,422000.0,98652805.12,233.77
300549.SZ,20260917,13.98,13.91,14.01,13.91,11100.0,154558.0,13.92
300550.SZ,20260917,13.65,13.65,13.66,13.65,2400.0,32762.0,13.65
300551.SZ,20260917,11.21,11.25,11.27,11.18,122000.0,1370836.96,11.24
300552.SZ,20260917,20.34,20.34,20.34,20.26,7400.0,150368.0,20.32
300553.SZ,20260917,60.0,59.71,60.3,59.71,68000.0,4063832.96,59.76
300554.SZ,20260917,21.65,21.64,21.74,21.64,21244.0,460142.16,21.66
300555.SZ,20260917,12.37,12.37,12.37,12.37,0.0,0.0,12.37
300556.SZ,20260917,15.56,15.59,15.59,15.45,16600.0,258246.0,15.56
300557.SZ,20260917,25.99,25.99,25.99,25.65,2600.0,67277.0,25.88
300558.SZ,20260917,46.93,46.93,47.0,46.78,43800.0,2055316.96,46.93
300559.SZ,20260917,11.98,11.88,11.98,11.88,13700.0,162856.0,11.89
300560.SZ,20260917,17.88,17.85,17.88,17.8,32900.0,587541.0,17.86
300561.SZ,20260917,15.52,15.51,15.6,15.51,271600.0,4213802.88,15.52
300562.SZ,20260917,16.9,16.93,16.98,16.82,129800.0,2196710.08,16.92
300563.SZ,20260917,26.55,26.55,26.76,26.51,168600.0,4478901.12,26.57
300564.SZ,20260917,11.61,11.61,11.61,11.6,7100.0,82422.0,11.61
300565.SZ,20260917,9.82,9.81,9.84,9.81,34400.0,337557.0,9.81
300566.SZ,20260917,25.7,25.79,25.9,25.68,120500.0,3107184.96,25.79
300567.SZ,20260917,208.5,206.25,208.5,206.25,39000.0,8061632.0,206.71
300568.SZ,20260917,15.35,15.35,15.44,15.31,669400.0,10276885.12,15.35
300569.SZ,20260917,5.07,5.06,5.08,5.05,530800.0,2686014.08,5.06
300570.SZ,20260917,207.0,207.06,208.0,206.09,244320.0,50584657.92,207.04
300571.SZ,20260917,28.52,28.52,28.68,28.45,53500.0,1526388.0,28.53
300572.SZ,20260917,24.25,24.0,24.35,23.81,16900.0,407597.0,24.12
300573.SZ,20260917,36.4,36.36,36.48,36.35,13700.0,498249.0,36.37
300575.SZ,20260917,5.9,5.9,5.9,5.88,38000.0,224045.0,5.9
300576.SZ,20260917,29.9,29.85,29.95,29.73,280034.0,8360445.44,29.86
300577.SZ,20260917,19.94,20.16,20.16,19.91,17200.0,345015.0,20.06
300578.SZ,20260917,14.71,14.99,14.99,14.71,5900.0,87781.0,14.88
300579.SZ,20260917,22.64,22.67,22.67,22.5,53000.0,1200871.04,22.66
300580.SZ,20260917,17.8,17.8,17.82,17.71,17400.0,309321.0,17.78
300581.SZ,20260917,10.31,10.31,10.35,10.31,25500.0,262959.0,10.31
300582.SZ,20260917,10.47,10.45,10.48,10.45,7200.0,75319.0,10.46
300583.SZ,20260917,12.69,12.56,12.69,12.56,19300.0,242524.0,12.57
300584.SZ,20260917,30.88,30.88,30.88,30.69,7400.0,227315.0,30.72
300585.SZ,20260917,15.77,15.84,15.92,15.7,19300.0,305908.0,15.85
300586.SZ,20260917,9.86,9.86,9.89,9.81,730400.0,7201180.8,9.86
300587.SZ,20260917,4.6,4.6,4.6,4.58,106500.0,489829.0,4.6
300588.SZ,20260917,20.9,20.8,20.9,20.75,6200.0,128889.0,20.79
300589.SZ,20260917,13.15,13.21,13.22,13.13,61600.0,812799.04,13.2
300590.SZ,20260917,11.34,11.32,11.36,11.32,149100.0,1688988.96,11.33
300591.SZ,20260917,6.56,6.56,6.56,6.51,27300.0,178979.0,6.56
300592.SZ,20260917,20.16,20.38,20.38,20.11,119000.0,2420560.0,20.34
300593.SZ,20260917,31.6,31.76,31.76,31.6,61600.0,1954100.0,31.72
300594.SZ,20260917,14.22,14.22,14.22,14.22,11000.0,156420.0,14.22
300595.SZ,20260917,9.95,9.95,9.95,9.91,57300.0,570076.0,9.95
300596.SZ,20260917,39.92,39.93,39.94,39.92,4800.0,191665.0,39.93
300597.SZ,20260917,7.74,7.81,7.81,7.74,34100.0,265820.0,7.8
300598.SZ,20260917,29.9,29.8,29.9,29.8,20400.0,608605.0,29.83
300599.SZ,20260917,11.6,11.58,11.63,11.58,47300.0,548211.0,11.59
300600.SZ,20260917,10.38,10.39,10.4,10.3,43100.0,446977.0,10.37
300601.SZ,20260917,11.58,11.6,11.6,11.58,109800.0,1273074.0,11.59
300602.SZ,20260917,38.5,38.64,38.7,38.45,144200.0,5569315.2,38.62
300603.SZ,20260917,7.99,7.96,8.0,7.96,123300.0,981948.96,7.96
300604.SZ,20260917,267.98,267.97,268.2,267.5,125300.0,33578032.64,267.98
300605.SZ,20260917,9.82,9.87,9.87,9.8,17900.0,176649.0,9.87
300606.SZ,20260917,33.0,32.9,33.54,32.9,20700.0,683178.0,33.0
300607.SZ,20260917,32.38,32.53,32.53,32.3,132600.0,4306214.08,32.47
300608.SZ,20260917,9.58,9.58,9.61,9.58,11300.0,108269.0,9.58
300609.SZ,20260917,23.3,23.34,23.35,23.09,5100.0,118742.0,23.28
300610.SZ,20260917,10.14,10.15,10.15,10.14,13800.0,140034.0,10.15
300611.SZ,20260917,25.91,25.9,26.23,25.88,23300.0,603661.0,25.91
300612.SZ,20260917,11.5,11.5,11.51,11.45,31100.0,357598.0,11.5
300613.SZ,20260917,73.09,73.42,73.49,73.02,209572.0,15376537.6,73.37
300614.SZ,20260917,10.04,10.05,10.05,10.0,22600.0,227022.0,10.05
300615.SZ,20260917,13.99,13.96,14.01,13.95,126400.0,1767480.96,13.98
300616.SZ,20260917,9.91,9.91,9.91,9.9,8100.0,80265.0,9.91
300617.SZ,20260917,35.4,35.51,35.53,35.3,18900.0,670766.0,35.49
300618.SZ,20260917,31.38,31.38,31.41,31.3,80000.0,2510580.0,31.38
300619.SZ,20260917,26.44,26.4,26.44,26.28,39800.0,1050771.04,26.4
300620.SZ,20260917,293.89,293.11,295.07,293.11,136400.0,40049848.32,293.62
300621.SZ,20260917,6.76,6.8,6.81,6.76,19200.0,130483.0,6.8
300622.SZ,20260917,14.2,14.2,14.2,14.13,15900.0,225504.4,14.18
300623.SZ,20260917,31.34,31.22,31.5,31.22,533100.0,16668976.64,31.27
300624.SZ,20260917,49.26,49.24,49.51,49.24,54400.0,2679723.04,49.26
300625.SZ,20260917,9.56,9.6,9.6,9.56,22800.0,218654.0,9.59
300626.SZ,20260917,27.15,27.18,27.18,27.15,22000.0,597948.0,27.18
300627.SZ,20260917,26.28,26.36,26.36,26.21,45700.0,1203154.0,26.33
300628.SZ,20260917,41.52,41.49,41.6,41.49,35100.0,1456896.96,41.51
300629.SZ,20260917,17.94,17.94,17.94,17.88,30300.0,542824.0,17.92
300631.SZ,20260917,21.49,21.48,21.49,21.48,8200.0,176156.0,21.48
300632.SZ,20260917,19.07,19.18,19.32,18.96,310700.0,5962563.2,19.19
300633.SZ,20260917,18.81,18.81,18.82,18.81,9600.0,180591.0,18.81
300634.SZ,20260917,19.11,19.1,19.15,19.1,26000.0,496767.0,19.11
300635.SZ,20260917,11.6,11.58,11.62,11.57,14800.0,171372.0,11.58
300636.SZ,20260917,6.7,6.73,6.73,6.7,1700.0,11411.0,6.71
300637.SZ,20260917,9.33,9.35,9.35,9.3,13500.0,126202.0,9.35
300638.SZ,20260917,17.88,17.88,17.9,17.87,43300.0,774212.0,17.88
300639.SZ,20260917,5.68,5.69,5.69,5.61,57100.0,323545.0,5.67
300640.SZ,20260917,5.97,5.97,5.97,5.95,40200.0,239821.0,5.97
300641.SZ,20260917,13.69,13.6,13.69,13.6,8100.0,110410.0,13.63
300642.SZ,20260917,16.17,16.05,16.19,16.03,77800.0,1249862.0,16.07
300643.SZ,20260917,17.81,17.8,17.87,17.75,36000.0,640942.0,17.8
300644.SZ,20260917,19.26,19.07,19.26,19.07,5200.0,100015.0,19.23
300645.SZ,20260917,12.95,12.97,12.97,12.95,12100.0,156929.0,12.97
300647.SZ,20260917,7.76,7.76,7.81,7.75,333100.0,2586108.0,7.76
300648.SZ,20260917,39.75,39.75,40.16,39.73,4800.0,191202.0,39.83
300649.SZ,20260917,26.08,26.01,26.08,26.01,4500.0,117082.0,26.02
300650.SZ,20260917,12.4,12.42,12.42,12.38,19700.0,244494.0,12.41
300651.SZ,20260917,15.21,15.44,15.44,15.21,29400.0,450814.0,15.33
300652.SZ,20260917,24.99,25.13,25.13,24.99,5500.0,138012.0,25.09
300653.SZ,20260917,14.63,14.63,14.63,14.57,1900.0,27689.0,14.57
300654.SZ,20260917,9.6,9.6,9.62,9.6,6400.0,61450.0,9.6
300655.SZ,20260917,13.29,13.16,13.36,13.13,891424.96,11773730.56,13.21
300656.SZ,20260917,29.17,28.48,29.17,28.48,370800.0,10592480.0,28.57
300657.SZ,20260917,37.11,37.1,37.19,37.03,412260.0,15300326.4,37.11
300658.SZ,20260917,10.1,10.14,10.14,10.1,18800.0,190524.0,10.13
300659.SZ,20260917,10.48,10.49,10.49,10.45,228100.0,2391729.92,10.49
300660.SZ,20260917,22.93,23.03,23.03,22.93,11600.0,266993.0,23.02
300661.SZ,20260917,113.84,114.33,114.98,113.48,186300.0,21274255.36,114.19
300662.SZ,20260917,20.89,20.94,20.94,20.8,34300.0,717892.96,20.93
300663.SZ,20260917,7.61,7.62,7.62,7.6,47300.0,360114.0,7.61
300664.SZ,20260917,4.55,4.57,4.57,4.55,48700.0,221827.0,4.55
300665.SZ,20260917,8.55,8.6,8.62,8.55,18200.0,156611.0,8.6
300666.SZ,20260917,250.72,250.78,251.68,249.8,141300.0,35416391.68,250.65
300667.SZ,20260917,15.06,15.05,15.06,15.0,65200.0,980972.0,15.05
300668.SZ,20260917,31.25,31.49,31.5,31.25,15200.0,477339.0,31.4
300669.SZ,20260917,22.63,22.74,22.74,22.49,15000.0,339246.0,22.62
300670.SZ,20260917,6.9,6.93,6.93,6.9,54600.0,378218.0,6.93
300671.SZ,20260917,57.53,57.84,57.98,57.5,337600.0,19504380.16,57.77
300672.SZ,20260917,173.91,173.91,174.7,173.69,78800.0,13706935.04,173.95
300673.SZ,20260917,14.26,14.28,14.28,14.15,40900.0,583854.0,14.28
300674.SZ,20260917,16.39,16.32,16.4,16.3,67600.0,1104271.04,16.33
300675.SZ,20260917,12.37,12.4,12.4,12.37,10000.0,123966.0,12.4
300676.SZ,20260917,36.68,36.71,36.8,36.65,54100.0,1985616.0,36.7
300677.SZ,20260917,50.91,50.8,51.02,50.8,46700.0,2374488.96,50.85
300678.SZ,20260917,21.21,21.21,21.25,21.18,9600.0,203563.0,21.2
300679.SZ,20260917,44.38,44.4,44.4,44.22,197500.0,8763900.16,44.37
300680.SZ,20260917,19.16,19.21,19.21,19.12,12800.0,245796.0,19.2
300681.SZ,20260917,20.62,20.65,20.7,20.6,109900.0,2269816.0,20.65
300682.SZ,20260917,9.01,9.03,9.03,9.0,156900.0,1415953.92,9.02
300683.SZ,20260917,22.8,22.8,22.9,22.8,29300.0,668274.0,22.81
300684.SZ,20260917,93.02,93.02,93.74,92.98,337790.0,31442659.84,93.08
300685.SZ,20260917,17.2,17.19,17.27,17.19,255800.0,4399626.88,17.2
300686.SZ,20260917,14.41,14.47,14.47,14.38,10300.0,148610.0,14.43
300687.SZ,20260917,27.12,27.0,27.13,27.0,97700.0,2639684.0,27.02
300688.SZ,20260917,34.99,34.98,35.0,34.84,183400.0,6410464.0,34.95
300689.SZ,20260917,62.66,63.0,63.31,62.6,92300.0,5813258.88,62.98
300690.SZ,20260917,23.23,23.22,23.28,23.22,116600.0,2708972.16,23.23
300691.SZ,20260917,14.49,14.51,14.51,14.49,6200.0,89950.0,14.51
300692.SZ,20260917,8.66,8.67,8.67,8.61,28000.0,242582.0,8.66
300693.SZ,20260917,38.06,38.0,38.1,38.0,26300.0,999924.0,38.02
300694.SZ,20260917,10.4,10.39,10.49,10.39,55900.0,581190.0,10.4
300695.SZ,20260917,48.44,48.4,48.64,48.4,12600.0,610579.0,48.46
300696.SZ,20260917,19.86,20.06,20.06,19.86,9700.0,192812.0,19.88
300697.SZ,20260917,14.73,14.76,14.78,14.7,92800.0,1368150.08,14.74
300698.SZ,20260917,25.6,25.46,25.6,25.46,5200.0,132890.0,25.56
300699.SZ,20260917,23.43,23.45,23.48,23.42,20800.0,487556.0,23.44
300700.SZ,20260917,17.82,17.91,17.91,17.82,32100.0,573915.0,17.88
300701.SZ,20260917,9.67,9.7,9.7,9.67,18700.0,181300.0,9.7
300702.SZ,20260917,20.35,20.48,20.48,20.35,10700.0,218935.0,20.46
300703.SZ,20260917,13.26,13.3,13.3,13.13,25500.0,337920.0,13.25
300705.SZ,20260917,10.4,10.41,10.41,10.39,20700.0,215399.0,10.41
300706.SZ,20260917,50.71,50.8,50.83,50.61,106000.0,5383386.88,50.79
300707.SZ,20260917,11.42,11.49,11.49,11.42,5100.0,58465.0,11.46
300708.SZ,20260917,8.59,8.59,8.6,8.57,178700.0,1534807.04,8.59
300709.SZ,20260917,37.77,37.7,38.0,37.7,44500.0,1678784.96,37.73
300710.SZ,20260917,29.67,29.55,29.79,29.55,10700.0,316542.0,29.58
300711.SZ,20260917,18.08,18.03,18.08,17.97,123200.0,2221097.92,18.03
300712.SZ,20260917,19.75,19.76,19.76,19.66,12100.0,239058.0,19.76
300713.SZ,20260917,12.76,12.77,12.77,12.76,5700.0,72760.0,12.77
300715.SZ,20260917,14.78,14.79,14.8,14.6,122200.0,1805364.96,14.77
300716.SZ,20260917,18.46,18.49,18.49,18.46,6400.0,118234.0,18.47
300717.SZ,20260917,17.43,17.51,17.51,17.43,11100.0,194238.0,17.5
300718.SZ,20260917,52.37,52.55,52.55,52.33,20300.0,1065042.0,52.47
300719.SZ,20260917,11.93,11.94,11.94,11.93,11900.0,142085.0,11.94
300720.SZ,20260917,62.53,61.88,63.08,61.88,146300.0,9088624.0,62.12
300721.SZ,20260917,23.18,23.09,23.25,23.09,318200.0,7352065.92,23.11
300722.SZ,20260917,22.02,22.05,22.05,21.9,16900.0,372390.0,22.04
300723.SZ,20260917,33.48,33.55,33.55,33.41,25300.0,848279.04,33.53
300724.SZ,20260917,52.01,51.98,52.14,51.9,67139.0,3489512.64,51.97
300725.SZ,20260917,45.01,45.02,45.33,45.0,270900.0,12204736.0,45.05
300726.SZ,20260917,58.68,58.68,58.7,58.42,363400.0,21316226.56,58.66
300727.SZ,20260917,33.02,33.0,33.16,33.0,48800.0,1612631.04,33.05
300729.SZ,20260917,10.4,10.4,10.42,10.38,78200.0,813236.0,10.4
300730.SZ,20260917,11.14,11.15,11.15,11.12,17200.0,191736.0,11.15
300731.SZ,20260917,48.8,48.9,48.93,48.6,43500.0,2125097.92,48.85
300732.SZ,20260917,5.63,5.58,5.63,5.58,15600.0,87286.0,5.6
300733.SZ,20260917,12.71,12.71,12.71,12.71,4100.0,52111.0,12.71
300735.SZ,20260917,18.23,18.2,18.24,18.19,135700.0,2470088.96,18.2
300736.SZ,20260917,32.03,32.03,32.1,32.03,8700.0,278730.0,32.04
300737.SZ,20260917,4.49,4.49,4.51,4.48,82200.0,368957.0,4.49
300738.SZ,20260917,19.48,19.46,19.54,19.46,370620.0,7220419.2,19.48
300739.SZ,20260917,29.3,29.66,29.87,29.3,797468.96,23602060.8,29.6
300740.SZ,20260917,19.94,19.93,20.08,19.93,326300.0,6509781.12,19.95
300741.SZ,20260917,23.02,23.2,23.2,23.0,443800.0,10279144.96,23.16
300743.SZ,20260917,13.9,13.75,13.9,13.75,15600.0,214873.0,13.77
300745.SZ,20260917,27.55,27.59,27.59,27.54,16200.0,446811.0,27.58
300746.SZ,20260917,13.65,13.76,13.76,13.65,9900.0,136147.0,13.75
300747.SZ,20260917,41.34,41.18,41.35,41.16,260400.0,10730977.28,41.21
300748.SZ,20260917,24.99,25.0,25.1,24.97,235500.0,5887946.24,25.0
300749.SZ,20260917,24.61,24.26,24.61,24.26,11200.0,273316.0,24.4
300750.SZ,20260917,305.98,306.0,306.3,304.0,1151400.0,352216842.24,305.9
300751.SZ,20260917,196.0,195.05,196.6,195.05,32500.0,6346728.96,195.28
300752.SZ,20260917,13.15,13.21,13.21,13.0,129500.0,1705355.04,13.17
300753.SZ,20260917,19.92,19.84,19.92,19.84,26300.0,522589.0,19.87
300755.SZ,20260917,11.35,11.26,11.35,11.25,53100.0,600619.0,11.31
300756.SZ,20260917,30.63,30.66,30.66,30.4,59200.0,1811745.92,30.6
300757.SZ,20260917,613.0,613.0,614.0,609.5,39400.0,24140984.32,612.72
300758.SZ,20260917,11.15,11.2,11.26,11.15,91700.0,1024608.0,11.17
300759.SZ,20260917,42.87,42.99,43.13,42.87,391200.0,16821199.36,43.0
300760.SZ,20260917,158.06,157.88,158.87,157.88,22600.0,3571740.16,158.04
300761.SZ,20260917,20.25,20.33,20.33,20.25,20600.0,418356.0,20.31
300762.SZ,20260917,27.21,27.17,27.27,27.1,94300.0,2562792.0,27.18
300763.SZ,20260917,54.99,54.76,55.0,54.76,30900.0,1693295.04,54.8
300765.SZ,20260917,42.88,42.9,43.0,42.7,82400.0,3534456.96,42.89
300766.SZ,20260917,21.57,21.65,21.65,21.57,68000.0,1471064.96,21.63
300767.SZ,20260917,19.5,19.48,19.65,19.48,36900.0,720043.04,19.51
300768.SZ,20260917,14.51,14.51,14.56,14.5,52400.0,760408.96,14.51
300769.SZ,20260917,41.08,41.01,41.28,41.01,60600.0,2487743.04,41.05
300770.SZ,20260917,34.33,34.26,34.34,34.26,3900.0,133634.0,34.27
300771.SZ,20260917,11.06,11.11,11.11,11.06,6500.0,72180.0,11.11
300772.SZ,20260917,9.2,9.17,9.2,9.17,289900.0,2660038.08,9.18
300773.SZ,20260917,14.72,14.74,14.74,14.71,239400.0,3526258.88,14.73
300774.SZ,20260917,9.99,9.96,9.99,9.96,42000.0,419094.0,9.98
300775.SZ,20260917,20.9,20.92,20.94,20.84,56700.0,1185668.96,20.91
300776.SZ,20260917,116.56,117.2,117.43,116.56,47100.0,5519797.76,117.19
300777.SZ,20260917,20.9,20.94,20.95,20.9,19900.0,416647.0,20.94
300778.SZ,20260917,10.19,10.2,10.2,10.19,9500.0,96891.0,10.2
300779.SZ,20260917,53.49,53.12,53.55,53.12,40100.0,2135308.0,53.25
300780.SZ,20260917,18.6,18.6,18.61,18.56,9200.0,171109.0,18.6
300781.SZ,20260917,25.41,25.31,25.47,25.31,11700.0,296830.0,25.37
300782.SZ,20260917,72.61,72.58,73.0,72.58,58800.0,4271586.88,72.65
300783.SZ,20260917,16.41,16.41,16.43,16.4,22900.0,375780.0,16.41
300784.SZ,20260917,39.93,40.25,40.25,39.5,2700.0,108213.0,40.08
300785.SZ,20260917,33.16,33.11,33.48,33.11,53200.0,1762839.04,33.14
300786.SZ,20260917,14.21,14.28,14.29,14.11,105600.0,1505334.08,14.26
300787.SZ,20260917,10.06,10.06,10.06,9.91,14700.0,147573.0,10.04
300788.SZ,20260917,32.54,32.55,32.8,32.4,393800.0,12824995.84,32.57
300789.SZ,20260917,15.26,15.31,15.31,15.24,14700.0,224874.0,15.3
300790.SZ,20260917,20.22,20.29,20.3,20.18,280200.0,5679733.76,20.27
300791.SZ,20260917,17.1,17.08,17.46,17.08,50500.0,880004.96,17.43
300792.SZ,20260917,23.41,23.41,23.54,23.4,26300.0,615774.0,23.41
300793.SZ,20260917,11.17,11.19,11.19,11.13,31100.0,347641.0,11.18
300795.SZ,20260917,11.6,11.63,11.63,11.57,56600.0,657480.0,11.62
300796.SZ,20260917,6.74,6.76,6.76,6.73,15500.0,104744.0,6.76
300797.SZ,20260917,12.86,12.87,12.95,12.84,18200.0,234243.0,12.87
300798.SZ,20260917,7.78,7.83,7.87,7.77,34000.0,265848.0,7.82
300800.SZ,20260917,10.17,10.19,10.2,10.17,10000.0,101908.0,10.19
300801.SZ,20260917,21.54,21.55,21.59,21.54,17030.0,367241.2,21.56
300802.SZ,20260917,25.15,25.15,25.2,25.01,85600.0,2151964.96,25.14
300803.SZ,20260917,80.0,80.0,80.09,79.88,197700.0,15813555.2,79.99
300804.SZ,20260917,44.82,44.82,45.08,44.62,68000.0,3048089.92,44.83
300805.SZ,20260917,8.09,8.06,8.09,8.06,40500.0,326487.0,8.06
300806.SZ,20260917,59.39,59.67,59.76,59.35,318300.0,18982000.64,59.64
300807.SZ,20260917,34.78,34.81,34.81,34.78,3400.0,118330.0,34.8
300808.SZ,20260917,18.98,18.92,18.98,18.8,67200.0,1271428.0,18.92
300809.SZ,20260917,23.6,23.58,23.6,23.57,6200.0,146195.0,23.58
300810.SZ,20260917,24.7,24.66,24.78,24.66,13700.0,338328.0,24.7
300811.SZ,20260917,83.83,83.83,84.0,83.67,81600.0,6839326.72,83.82
300812.SZ,20260917,19.43,19.48,19.48,19.39,33100.0,644082.0,19.46
300813.SZ,20260917,19.87,19.88,20.08,19.87,16500.0,328421.0,19.9
300814.SZ,20260917,144.2,143.91,144.39,143.78,72300.0,10413608.96,144.03
300815.SZ,20260917,14.48,14.5,14.5,14.47,16800.0,243479.0,14.49
300816.SZ,20260917,60.03,59.93,60.03,59.4,18500.0,1107888.96,59.89
300817.SZ,20260917,16.08,16.09,16.09,16.06,8600.0,138256.0,16.08
300818.SZ,20260917,16.72,16.72,16.72,16.67,7400.0,123666.0,16.71
300819.SZ,20260917,49.0,49.15,49.43,48.68,73600.0,3618400.0,49.16
300820.SZ,20260917,67.38,67.58,67.74,67.19,343000.0,23172282.88,67.56
300821.SZ,20260917,15.47,15.52,15.56,15.47,981700.0,15232449.28,15.52
300822.SZ,20260917,10.88,10.87,10.88,10.81,13600.0,147640.0,10.86
300823.SZ,20260917,13.88,13.87,13.9,13.87,25600.0,355243.0,13.88
300824.SZ,20260917,7.48,7.48,7.5,7.47,40900.0,306060.0,7.48
300825.SZ,20260917,12.64,12.68,12.68,12.58,102900.0,1303506.0,12.67
300826.SZ,20260917,14.69,14.54,14.69,14.54,11800.0,173072.0,14.67
300827.SZ,20260917,24.0,24.0,24.01,23.95,98400.0,2361220.96,24.0
300828.SZ,20260917,16.69,16.61,16.75,16.61,15500.0,258051.0,16.65
300829.SZ,20260917,18.4,18.36,18.5,18.36,148700.0,2731826.88,18.37
300830.SZ,20260917,7.9,7.94,7.95,7.88,752900.0,5969002.88,7.93
300831.SZ,20260917,14.27,14.21,14.27,14.2,34700.0,493375.0,14.22
300832.SZ,20260917,48.89,48.85,48.99,48.79,3900.0,190534.0,48.86
300833.SZ,20260917,39.5,39.5,40.0,39.5,11500.0,454828.0,39.55
300834.SZ,20260917,39.28,39.28,39.92,39.28,800.0,31680.0,39.6
300835.SZ,20260917,178.11,177.11,178.11,177.11,19700.0,3496234.88,177.47
300836.SZ,20260917,51.6,51.6,51.74,51.59,29300.0,1511987.04,51.6
300837.SZ,20260917,21.89,21.9,21.94,21.89,9000.0,197154.0,21.91
300838.SZ,20260917,13.65,13.77,13.77,13.65,5600.0,76957.0,13.74
300839.SZ,20260917,12.58,12.6,12.6,12.58,143000.0,1801521.92,12.6
300840.SZ,20260917,19.36,19.3,19.45,19.3,44100.0,852268.0,19.33
300841.SZ,20260917,49.15,49.25,49.25,49.07,17700.0,871542.0,49.24
300842.SZ,20260917,65.21,65.21,65.38,65.0,22800.0,1486831.04,65.21
300843.SZ,20260917,139.23,138.8,139.24,138.0,57756.0,8012981.76,138.74
300844.SZ,20260917,23.0,23.21,23.21,23.0,11200.0,259648.0,23.18
300845.SZ,20260917,13.3,13.25,13.3,13.25,21500.0,284965.0,13.25
300846.SZ,20260917,19.25,19.25,19.3,19.25,136100.0,2622751.04,19.27
300847.SZ,20260917,13.71,13.73,13.73,13.7,15700.0,215459.0,13.72
300848.SZ,20260917,10.81,10.82,10.82,10.81,7400.0,80064.0,10.82
300849.SZ,20260917,21.35,21.7,21.7,21.35,6000.0,129975.0,21.66
300850.SZ,20260917,28.49,28.31,28.5,28.31,370100.0,10484686.08,28.33
300851.SZ,20260917,23.0,23.0,23.0,23.0,3300.0,75900.0,23.0
300852.SZ,20260917,67.56,67.2,67.66,67.03,156400.0,10518362.88,67.25
300853.SZ,20260917,28.18,28.17,28.18,28.17,11800.0,332417.0,28.17
300854.SZ,20260917,15.25,15.26,15.26,15.2,12900.0,196774.0,15.25
300855.SZ,20260917,34.65,34.5,34.75,34.5,27600.0,953890.0,34.56
300856.SZ,20260917,10.24,10.22,10.26,10.22,6700.0,68488.0,10.22
300857.SZ,20260917,263.41,263.0,265.0,261.52,365068.0,96082698.24,263.19
300858.SZ,20260917,14.2,14.08,14.28,14.08,20600.0,291078.0,14.13
300859.SZ,20260917,23.69,23.66,23.73,23.66,61300.0,1450824.96,23.67
300860.SZ,20260917,28.21,28.2,28.28,28.2,6800.0,191815.0,28.21
300861.SZ,20260917,15.95,15.95,15.96,15.92,35600.0,567972.0,15.95
300862.SZ,20260917,50.79,50.9,51.24,50.6,597900.0,30427269.12,50.89
300863.SZ,20260917,41.8,41.77,41.96,41.66,6200.0,259304.0,41.82
300864.SZ,20260917,25.38,25.56,25.56,25.38,8500.0,217221.0,25.56
300865.SZ,20260917,29.17,29.17,29.2,29.16,14400.0,420015.0,29.17
300866.SZ,20260917,125.21,125.25,125.25,125.0,30800.0,3856744.0,125.22
300867.SZ,20260917,16.99,17.0,17.0,16.96,16200.0,275378.0,17.0
300868.SZ,20260917,94.91,95.41,95.9,94.91,109500.0,10440179.84,95.34
300869.SZ,20260917,10.54,10.55,10.55,10.5,11000.0,115896.0,10.54
300870.SZ,20260917,205.8,205.8,206.0,205.0,42800.0,8798618.88,205.58
300871.SZ,20260917,21.54,21.54,21.56,21.33,4300.0,92649.0,21.55
300872.SZ,20260917,14.85,14.85,14.95,14.85,150100.0,2230428.0,14.86
300873.SZ,20260917,14.85,14.8,14.85,14.79,64280.0,951384.16,14.8
300875.SZ,20260917,32.5,32.49,32.77,32.48,22000.0,715008.0,32.5
300876.SZ,20260917,14.33,14.36,14.36,14.33,5600.0,80319.0,14.34
300877.SZ,20260917,27.33,27.28,27.55,27.28,13300.0,363476.0,27.33
300878.SZ,20260917,31.89,31.8,31.89,31.8,9900.0,314900.0,31.81
300879.SZ,20260917,15.57,15.5,15.57,15.5,5100.0,79146.0,15.52
300880.SZ,20260917,19.7,19.85,19.85,19.69,14000.0,277335.0,19.81
300881.SZ,20260917,28.62,29.13,29.13,28.62,4400.0,127301.0,28.93
300882.SZ,20260917,13.22,13.21,13.22,13.11,12200.0,161110.0,13.21
300883.SZ,20260917,6.26,6.26,6.26,6.23,33900.0,212102.0,6.26
300884.SZ,20260917,11.8,11.81,11.81,11.8,5200.0,61402.0,11.81
300885.SZ,20260917,18.3,18.41,18.41,18.3,4200.0,77300.0,18.41
300886.SZ,20260917,22.42,22.27,22.42,22.22,10300.0,229336.0,22.27
300887.SZ,20260917,6.74,6.76,6.76,6.73,61200.0,413421.0,6.76
300888.SZ,20260917,28.27,28.3,28.31,28.27,6400.0,181088.0,28.3
300889.SZ,20260917,22.68,22.72,22.77,22.47,87800.0,1988840.96,22.65
300890.SZ,20260917,26.21,26.22,26.24,26.01,76900.0,2013520.96,26.18
300891.SZ,20260917,7.43,7.46,7.46,7.43,33500.0,249802.0,7.46
300892.SZ,20260917,21.36,21.36,21.36,21.34,12000.0,256318.0,21.36
300893.SZ,20260917,13.12,13.18,13.18,13.12,12900.0,169705.0,13.16
300894.SZ,20260917,10.5,10.52,10.52,10.39,63300.0,664174.0,10.49
300895.SZ,20260917,55.28,55.2,55.49,55.2,32190.0,1778908.96,55.26
300896.SZ,20260917,88.5,88.32,88.5,88.32,19940.0,1761299.68,88.33
300897.SZ,20260917,15.14,15.14,15.14,15.14,300.0,4542.0,15.14
300898.SZ,20260917,19.03,19.0,19.03,18.99,5000.0,95059.0,19.01
300899.SZ,20260917,29.59,29.59,29.59,29.59,3800.0,112442.0,29.59
300900.SZ,20260917,23.22,23.0,23.34,23.0,40300.0,931236.96,23.11
300901.SZ,20260917,18.27,18.36,18.36,18.2,58700.0,1077315.04,18.35
300902.SZ,20260917,17.2,17.37,17.37,17.19,29900.0,516759.0,17.28
300903.SZ,20260917,115.0,115.01,115.96,114.18,829600.0,95405455.36,115.0
300904.SZ,20260917,43.37,43.37,43.59,43.03,76500.0,3314250.88,43.32
300905.SZ,20260917,39.6,39.8,39.86,39.5,246400.0,9796030.72,39.76
300906.SZ,20260917,27.89,27.89,27.89,27.89,700.0,19523.0,27.89
300907.SZ,20260917,53.44,53.45,53.88,53.0,22400.0,1194100.96,53.31
300908.SZ,20260917,16.74,16.76,16.76,16.73,14100.0,236267.0,16.76
300909.SZ,20260917,59.64,59.21,59.64,59.21,6800.0,403286.0,59.31
300910.SZ,20260917,27.85,27.52,27.87,27.52,46100.0,1271732.0,27.59
300911.SZ,20260917,27.75,27.5,28.11,27.5,123300.0,3396913.92,27.55
300912.SZ,20260917,18.97,18.98,18.98,18.81,21100.0,400088.0,18.96
300913.SZ,20260917,42.81,42.8,42.92,42.68,437900.0,18744436.48,42.81
300915.SZ,20260917,19.66,19.79,19.79,19.55,5000.0,98706.0,19.74
300916.SZ,20260917,24.9,24.56,24.9,24.56,10000.0,245865.0,24.59
300917.SZ,20260917,26.75,26.71,26.99,26.71,98100.0,2623878.08,26.75
300918.SZ,20260917,10.34,10.33,10.38,10.33,27800.0,287305.0,10.34
300919.SZ,20260917,37.45,37.45,37.49,37.4,44200.0,1655104.0,37.45
300920.SZ,20260917,34.75,35.4,35.42,34.75,7900.0,279157.0,35.34
300921.SZ,20260917,15.8,15.71,15.83,15.7,73800.0,1160600.96,15.73
300922.SZ,20260917,17.8,17.99,17.99,17.76,37200.0,668550.0,17.97
300923.SZ,20260917,22.97,22.86,22.97,22.86,18500.0,422965.0,22.86
300925.SZ,20260917,13.74,13.74,13.74,13.74,2500.0,34350.0,13.74
300926.SZ,20260917,16.05,16.08,16.08,16.05,10300.0,165600.0,16.08
300927.SZ,20260917,26.37,26.49,26.54,26.2,53600.0,1418760.96,26.47
300928.SZ,20260917,22.8,22.8,22.8,22.8,6100.0,139080.0,22.8
300929.SZ,20260917,15.35,15.36,15.36,15.35,5900.0,90601.0,15.36
300930.SZ,20260917,24.24,24.24,24.25,24.24,3200.0,77569.0,24.24
300931.SZ,20260917,15.67,15.65,15.67,15.6,51900.0,811648.96,15.64
300932.SZ,20260917,10.57,10.57,10.6,10.57,41900.0,442926.0,10.57
300933.SZ,20260917,6.4,6.4,6.41,6.39,83400.0,533789.0,6.4
300935.SZ,20260917,26.64,26.59,26.64,26.59,4200.0,111683.0,26.59
300936.SZ,20260917,84.29,84.46,84.79,84.29,45100.0,3810040.0,84.48
300937.SZ,20260917,23.45,23.49,23.49,23.45,4000.0,93944.0,23.49
300938.SZ,20260917,29.94,29.91,30.18,29.6,566960.0,16976657.92,29.94
300939.SZ,20260917,80.98,80.22,81.0,80.22,119600.0,9613672.96,80.38
300940.SZ,20260917,13.13,13.14,13.14,13.1,3900.0,51238.0,13.14
300941.SZ,20260917,14.52,14.55,14.58,14.51,25800.0,375216.0,14.54
300942.SZ,20260917,6.25,6.26,6.26,6.25,28000.0,175134.0,6.26
300943.SZ,20260917,31.96,31.99,32.02,31.87,29400.0,939947.04,31.97
300945.SZ,20260917,11.78,11.82,11.83,11.78,205800.0,2432918.08,11.82
300946.SZ,20260917,34.79,34.63,34.79,34.6,5600.0,194076.0,34.66
300947.SZ,20260917,13.9,13.99,13.99,13.9,12700.0,177569.0,13.98
300948.SZ,20260917,18.69,18.6,18.69,18.6,10100.0,188060.0,18.62
300949.SZ,20260917,22.53,22.53,22.53,22.53,4400.0,99132.0,22.53
300950.SZ,20260917,17.5,17.64,17.64,17.5,9900.0,174442.0,17.62
300951.SZ,20260917,92.23,92.0,92.71,92.0,24500.0,2257161.92,92.13
300952.SZ,20260917,15.21,15.22,15.29,15.19,15700.0,239145.4,15.23
300953.SZ,20260917,91.2,91.2,91.74,91.09,98661.0,9002229.12,91.24
300955.SZ,20260917,27.9,28.27,28.27,27.9,4100.0,115796.0,28.24
300956.SZ,20260917,10.88,10.88,10.91,10.88,3300.0,35910.0,10.88
300957.SZ,20260917,31.54,31.54,31.55,31.5,14900.0,469961.0,31.54
300958.SZ,20260917,11.65,11.67,11.67,11.65,15200.0,177365.0,11.67
300959.SZ,20260917,90.58,90.0,91.0,90.0,7200.0,648421.0,90.06
300960.SZ,20260917,15.98,16.13,16.13,15.98,6800.0,109535.0,16.11
300961.SZ,20260917,11.98,11.96,12.02,11.8,58100.0,692392.0,11.92
300962.SZ,20260917,12.51,12.5,12.51,12.5,17500.0,218760.0,12.5
300963.SZ,20260917,11.06,11.06,11.06,11.0,26800.0,296159.0,11.05
300964.SZ,20260917,72.67,72.67,72.99,72.6,148200.0,10781881.6,72.75
300965.SZ,20260917,41.0,41.0,41.0,41.0,2000.0,82000.0,41.0
300966.SZ,20260917,23.22,23.32,23.38,23.22,9900.0,230849.0,23.32
300967.SZ,20260917,16.3,16.31,16.31,16.23,53500.0,872139.04,16.3
300968.SZ,20260917,9.65,9.67,9.67,9.65,36700.0,354879.0,9.67
300969.SZ,20260917,78.0,78.87,78.87,78.0,4700.0,369599.0,78.64
300970.SZ,20260917,16.39,16.41,16.41,16.3,30300.0,496795.0,16.4
300971.SZ,20260917,16.77,16.77,16.78,16.75,2500.0,41924.0,16.77
300972.SZ,20260917,173.54,173.63,173.63,173.46,5100.0,885340.0,173.6
300973.SZ,20260917,24.79,24.8,24.8,24.79,1600.0,39679.0,24.8
300975.SZ,20260917,26.88,26.83,27.0,26.83,621600.0,16691685.12,26.85
300976.SZ,20260917,62.22,62.25,62.39,61.93,111100.0,6913633.92,62.23
300977.SZ,20260917,17.78,17.79,17.79,17.78,5000.0,88931.0,17.79
300978.SZ,20260917,9.05,9.01,9.1,8.98,638300.0,5759964.8,9.02
300979.SZ,20260917,32.34,32.41,32.49,32.33,19100.0,618812.0,32.4
300980.SZ,20260917,22.95,22.95,23.0,22.95,19700.0,452306.0,22.96
300981.SZ,20260917,15.2,15.16,15.2,15.16,33900.0,514553.0,15.18
300982.SZ,20260917,14.04,14.04,14.16,14.04,13700.0,192361.0,14.04
300983.SZ,20260917,34.92,34.92,34.92,34.92,100.0,3492.0,34.92
300984.SZ,20260917,28.72,29.34,29.34,28.72,4900.0,142396.0,29.06
300985.SZ,20260917,37.45,37.31,37.48,37.29,6800.0,253977.0,37.35
300986.SZ,20260917,10.92,10.95,10.96,10.91,35500.0,388456.0,10.94
300987.SZ,20260917,13.9,13.99,13.99,13.85,19300.0,269677.0,13.97
300988.SZ,20260917,15.38,15.38,15.38,15.36,27100.0,416697.0,15.38
300989.SZ,20260917,14.7,14.7,14.7,14.67,5900.0,86724.0,14.7
300990.SZ,20260917,90.7,91.13,91.32,90.7,154200.0,14049868.8,91.12
300991.SZ,20260917,31.15,31.3,31.3,31.03,87900.0,2741702.08,31.19
300992.SZ,20260917,27.71,27.3,27.78,27.29,205700.0,5622467.2,27.33
300993.SZ,20260917,9.48,9.48,9.48,9.48,4100.0,38868.0,9.48
300994.SZ,20260917,10.72,10.67,10.72,10.56,13000.0,138739.0,10.67
300995.SZ,20260917,25.6,25.67,25.67,25.6,3600.0,92405.0,25.67
300996.SZ,20260917,12.35,12.45,12.45,12.32,75900.0,942619.04,12.42
300997.SZ,20260917,14.75,14.71,14.76,14.71,58200.0,856822.0,14.72
300998.SZ,20260917,30.71,31.08,31.08,30.42,11800.0,363749.0,30.83
300999.SZ,20260917,24.83,24.8,24.9,24.8,76900.0,1907707.04,24.81
301000.SZ,20260917,23.0,23.05,23.05,23.0,9700.0,223275.0,23.02
301001.SZ,20260917,23.81,23.89,23.9,23.81,9500.0,226940.0,23.89
301002.SZ,20260917,26.81,26.86,26.88,26.8,18400.0,493791.0,26.84
301003.SZ,20260917,52.86,52.86,53.0,52.83,35100.0,1855403.04,52.86
301004.SZ,20260917,32.7,32.82,32.82,32.7,500.0,16386.0,32.77
301005.SZ,20260917,62.95,62.54,62.99,62.51,29109.0,1822111.68,62.6
301006.SZ,20260917,12.74,12.69,12.77,12.69,18400.0,233911.0,12.71
301007.SZ,20260917,31.1,31.05,31.1,31.05,6300.0,195695.0,31.06
301008.SZ,20260917,41.61,41.51,42.14,41.4,42500.0,1763894.08,41.5
301009.SZ,20260917,8.59,8.59,8.59,8.59,2300.0,19757.0,8.59
301010.SZ,20260917,16.89,16.9,16.93,16.86,34300.0,579672.0,16.9
301011.SZ,20260917,14.1,14.15,14.15,14.1,21100.0,298000.0,14.12
301012.SZ,20260917,22.08,22.19,22.2,22.02,30500.0,674894.0,22.13
301013.SZ,20260917,40.04,40.06,40.18,39.99,201100.0,8054416.0,40.05
301015.SZ,20260917,22.86,22.81,22.86,22.8,17600.0,401589.0,22.82
301016.SZ,20260917,15.46,15.46,15.46,15.46,12400.0,191704.0,15.46
301017.SZ,20260917,12.18,12.18,12.18,12.17,4400.0,53557.0,12.17
301018.SZ,20260917,106.18,106.0,107.45,105.0,1167523.04,124011560.96,106.22
301019.SZ,20260917,14.62,14.62,14.62,14.62,9100.0,133042.0,14.62
301020.SZ,20260917,20.87,20.88,20.9,20.87,9000.0,187924.0,20.88
301021.SZ,20260917,92.24,92.61,92.7,91.8,244000.0,22568775.68,92.5
301022.SZ,20260917,21.31,21.13,21.31,21.01,4300.0,90962.0,21.15
301023.SZ,20260917,27.7,27.83,27.83,27.12,4600.0,125624.0,27.31
301024.SZ,20260917,31.79,31.79,31.79,31.79,3500.0,111265.0,31.79
301025.SZ,20260917,9.85,9.93,9.94,9.8,148300.0,1468624.0,9.9
301026.SZ,20260917,19.52,19.35,19.52,19.35,13400.0,259766.0,19.39
301027.SZ,20260917,20.09,19.91,20.09,19.91,12900.0,257159.0,19.94
301028.SZ,20260917,12.81,12.76,12.84,12.76,13600.0,173583.0,12.76
301029.SZ,20260917,24.02,24.03,24.19,24.0,52400.0,1258939.04,24.03
301030.SZ,20260917,7.02,7.02,7.03,7.02,39600.0,278005.0,7.02
301031.SZ,20260917,95.77,95.78,95.88,94.55,4100.0,391797.2,95.56
301032.SZ,20260917,9.85,9.76,9.93,9.75,92100.0,905148.96,9.83
301033.SZ,20260917,52.78,53.0,53.0,52.78,1800.0,95261.0,52.92
301035.SZ,20260917,54.0,54.0,54.0,54.0,1300.0,70200.0,54.0
301036.SZ,20260917,21.74,21.38,21.74,21.38,3600.0,77520.0,21.53
301037.SZ,20260917,12.0,12.02,12.02,12.0,11900.0,142981.0,12.02
301038.SZ,20260917,16.7,16.66,16.75,16.66,11400.0,190222.0,16.69
301039.SZ,20260917,7.32,7.33,7.34,7.3,62400.0,457298.0,7.33
301040.SZ,20260917,25.75,25.75,25.75,25.75,11300.0,290975.0,25.75
301041.SZ,20260917,35.43,35.48,35.84,35.43,335400.0,11906630.4,35.5
301042.SZ,20260917,30.06,30.06,30.06,30.01,24600.0,739452.0,30.06
301043.SZ,20260917,50.5,49.5,50.99,49.5,2300.0,115410.0,50.18
301045.SZ,20260917,71.33,70.42,71.42,70.42,100324.0,7075578.88,70.53
301046.SZ,20260917,31.43,31.08,31.43,30.93,96600.0,3002165.12,31.08
301047.SZ,20260917,103.0,101.52,103.0,101.38,81100.0,8255196.8,101.79
301048.SZ,20260917,8.84,8.84,8.85,8.82,7100.0,62763.0,8.84
301049.SZ,20260917,19.51,19.61,19.61,19.51,7800.0,152858.0,19.6
301050.SZ,20260917,27.2,27.2,27.29,27.15,23400.0,637057.0,27.23
301051.SZ,20260917,17.5,17.51,17.73,17.5,30500.0,535555.0,17.56
301052.SZ,20260917,22.68,22.84,22.88,22.68,12100.0,275752.0,22.79
301053.SZ,20260917,35.44,35.44,35.44,35.44,5100.0,180744.0,35.44
301055.SZ,20260917,30.66,30.61,30.66,30.33,12600.0,385179.0,30.57
301056.SZ,20260917,14.17,14.24,14.24,13.91,19400.0,275298.0,14.19
301057.SZ,20260917,19.88,19.72,19.9,19.72,5700.0,112552.0,19.75
301058.SZ,20260917,8.52,8.49,8.52,8.48,20700.0,175811.0,8.49
301059.SZ,20260917,12.28,12.28,12.28,12.28,300.0,3684.0,12.28
301060.SZ,20260917,10.59,10.62,10.62,10.54,149500.0,1585776.96,10.61
301061.SZ,20260917,41.51,41.32,41.52,41.18,99900.0,4128734.08,41.33
301062.SZ,20260917,6.92,6.97,6.98,6.92,15200.0,105940.0,6.97
301063.SZ,20260917,16.76,16.69,16.76,16.69,19100.0,318877.0,16.7
301065.SZ,20260917,18.83,18.84,18.84,18.79,5900.0,111094.0,18.83
301066.SZ,20260917,11.6,11.66,11.66,11.6,11400.0,132720.0,11.64
301067.SZ,20260917,32.7,32.69,32.89,32.51,21900.0,716059.04,32.7
301068.SZ,20260917,24.75,24.83,24.83,24.63,32200.0,798066.0,24.79
301069.SZ,20260917,16.21,16.12,16.21,16.12,35800.0,578722.0,16.17
301070.SZ,20260917,65.56,65.9,65.9,65.56,14400.0,948180.0,65.85
301071.SZ,20260917,68.68,68.88,69.0,68.53,328800.0,22632645.12,68.83
301072.SZ,20260917,43.63,43.77,43.77,43.63,8300.0,363137.0,43.75
301073.SZ,20260917,17.49,17.45,17.65,17.44,105000.0,1837051.04,17.5
301075.SZ,20260917,60.34,59.91,61.0,59.91,4000.0,240470.0,60.12
301076.SZ,20260917,20.1,20.14,20.14,20.06,7900.0,158878.0,20.11
301077.SZ,20260917,21.6,21.6,21.6,21.41,22400.0,482780.0,21.55
301078.SZ,20260917,6.86,6.85,6.86,6.83,117500.0,804572.0,6.85
301079.SZ,20260917,26.98,27.0,27.03,26.97,7000.0,188986.0,27.0
301080.SZ,20260917,94.37,94.84,94.9,94.0,169800.0,16069603.84,94.64
301081.SZ,20260917,16.65,16.67,16.67,16.65,27200.0,453285.0,16.67
301082.SZ,20260917,9.72,9.71,9.73,9.7,29800.0,289388.0,9.71
301083.SZ,20260917,13.39,13.39,13.39,13.34,7500.0,100281.0,13.37
301085.SZ,20260917,75.61,75.61,76.0,75.58,74600.0,5643591.68,75.65
301086.SZ,20260917,157.35,156.56,157.4,156.56,45200.0,7089185.92,156.84
301087.SZ,20260917,51.6,51.57,51.72,51.57,4100.0,211475.0,51.58
301088.SZ,20260917,12.76,12.89,12.89,12.76,9900.0,127062.0,12.84
301089.SZ,20260917,21.34,21.34,21.35,21.34,9500.0,202733.0,21.34
301090.SZ,20260917,6.87,6.88,6.88,6.86,66200.0,454875.0,6.87
301091.SZ,20260917,18.55,18.55,18.7,18.52,44600.0,828506.0,18.58
301092.SZ,20260917,43.53,43.27,43.55,43.12,35400.0,1533912.96,43.33
301093.SZ,20260917,59.66,59.99,60.0,59.66,23400.0,1403280.96,59.97
301095.SZ,20260917,75.3,75.4,75.4,75.16,25200.0,1899475.04,75.38
301096.SZ,20260917,51.5,51.5,51.5,51.1,8900.0,457914.0,51.45
301097.SZ,20260917,32.8,32.8,32.8,32.8,0.0,0.0,32.8
301098.SZ,20260917,8.48,8.5,8.5,8.44,20200.0,171590.0,8.5
301099.SZ,20260917,51.99,52.1,52.1,51.68,84600.0,4401318.08,52.03
301100.SZ,20260917,15.04,15.03,15.15,15.03,17800.0,267762.0,15.04
301101.SZ,20260917,28.5,28.6,28.6,28.5,3600.0,102840.0,28.57
301102.SZ,20260917,9.19,9.21,9.21,9.1,13900.0,127913.0,9.2
301103.SZ,20260917,15.61,15.61,15.61,15.61,7500.0,117075.0,15.61
301105.SZ,20260917,47.84,47.88,47.88,47.84,3300.0,157992.0,47.88
301106.SZ,20260917,19.2,19.14,19.35,19.14,107300.0,2058798.08,19.19
301107.SZ,20260917,21.9,21.9,22.0,21.87,115700.0,2536628.96,21.92
301108.SZ,20260917,42.26,42.33,42.55,42.2,29400.0,1244136.96,42.32
301109.SZ,20260917,12.77,12.76,12.77,12.76,39200.0,500267.0,12.76
301110.SZ,20260917,34.35,34.44,34.44,34.28,33600.0,1156436.0,34.42
301111.SZ,20260917,21.08,21.06,21.26,21.06,13400.0,283032.0,21.12
301112.SZ,20260917,29.92,29.8,29.92,29.8,2700.0,80698.0,29.89
301113.SZ,20260917,16.71,16.89,16.89,16.71,13340.0,224783.4,16.85
301115.SZ,20260917,31.64,31.63,31.98,31.59,30600.0,969144.0,31.67
301116.SZ,20260917,8.86,8.86,8.88,8.86,20900.0,185197.0,8.86
301117.SZ,20260917,13.38,13.4,13.4,13.35,79100.0,1059694.0,13.4
301118.SZ,20260917,22.88,22.88,22.88,22.88,5200.0,118976.0,22.88
301119.SZ,20260917,24.38,24.46,24.46,24.15,9500.0,232167.0,24.44
301120.SZ,20260917,14.52,14.6,14.6,14.52,38500.0,561115.0,14.57
301121.SZ,20260917,34.4,34.5,34.5,34.15,2800.0,96440.0,34.44
301122.SZ,20260917,47.35,47.42,47.42,47.08,19700.0,933440.0,47.38
301123.SZ,20260917,80.43,80.5,80.5,80.0,144400.0,11616322.56,80.45
301125.SZ,20260917,13.1,13.1,13.16,13.1,18400.0,241350.0,13.12
301126.SZ,20260917,10.0,9.93,10.01,9.93,9800.0,97674.0,9.97
301127.SZ,20260917,16.82,16.81,16.91,16.81,63900.0,1074723.04,16.82
301128.SZ,20260917,122.91,122.6,124.0,122.6,316198.0,38888363.52,122.99
301129.SZ,20260917,22.74,22.74,22.74,22.68,9700.0,220482.0,22.73
301130.SZ,20260917,26.13,26.15,26.15,26.06,26000.0,679500.96,26.14
301131.SZ,20260917,31.51,31.6,31.6,31.51,3800.0,120062.0,31.6
301132.SZ,20260917,60.51,60.23,60.8,60.11,298580.0,17989724.16,60.25
301133.SZ,20260917,26.54,26.55,26.56,26.54,7100.0,188505.0,26.55
301135.SZ,20260917,16.95,16.83,16.95,16.83,9200.0,155666.0,16.92
301136.SZ,20260917,12.21,12.34,12.34,12.21,178600.0,2198734.08,12.31
301137.SZ,20260917,31.55,31.48,31.61,31.48,8800.0,277310.0,31.51
301138.SZ,20260917,27.4,27.35,27.48,27.35,6300.0,172671.0,27.41
301139.SZ,20260917,3.31,3.31,3.31,3.31,0.0,0.0,3.31
301141.SZ,20260917,37.2,37.0,37.26,37.0,6000.0,222557.0,37.09
301148.SZ,20260917,57.38,57.17,57.38,57.17,800.0,45785.0,57.23
301149.SZ,20260917,8.8,8.8,8.81,8.77,106900.0,940364.96,8.8
301150.SZ,20260917,40.68,40.78,40.95,40.1,232700.0,9454417.92,40.63
301151.SZ,20260917,20.71,20.72,20.81,20.7,9200.0,190758.0,20.74
301152.SZ,20260917,21.42,21.55,21.55,21.2,77800.0,1673360.0,21.51
301153.SZ,20260917,16.85,17.0,17.0,16.85,20400.0,344204.0,16.87
301155.SZ,20260917,41.16,41.2,41.36,41.09,233100.0,9601157.12,41.19
301156.SZ,20260917,11.28,11.3,11.33,11.19,19500.0,220474.0,11.31
301157.SZ,20260917,60.25,60.95,60.95,60.25,2600.0,157834.0,60.71
301158.SZ,20260917,13.66,13.75,13.75,13.66,49000.0,673036.96,13.74
301159.SZ,20260917,30.26,30.27,30.3,30.26,13300.0,402655.0,30.28
301160.SZ,20260917,41.4,41.8,41.81,41.4,11300.0,472045.0,41.77
301161.SZ,20260917,29.39,29.41,29.5,29.32,65900.0,1938366.08,29.41
301162.SZ,20260917,35.29,34.94,35.29,34.94,9900.0,348153.0,35.17
301163.SZ,20260917,21.33,21.3,21.34,21.28,8300.0,176840.0,21.31
301165.SZ,20260917,112.07,114.24,114.32,112.07,377300.0,42974592.0,113.9
301166.SZ,20260917,27.87,27.8,27.87,27.78,9800.0,272563.0,27.81
301167.SZ,20260917,12.6,12.63,12.66,12.6,6300.0,79563.0,12.63
301168.SZ,20260917,39.82,39.7,39.82,39.5,2100.0,83542.0,39.78
301169.SZ,20260917,51.29,51.9,51.9,51.29,5000.0,258719.0,51.74
301170.SZ,20260917,21.8,21.66,21.84,21.66,4700.0,102160.0,21.74
301171.SZ,20260917,33.66,33.75,33.77,33.6,395000.0,13323590.4,33.73
301172.SZ,20260917,18.66,18.7,18.7,18.59,34800.0,650492.0,18.69
301173.SZ,20260917,31.98,31.98,31.98,31.93,10700.0,342066.0,31.97
301175.SZ,20260917,5.6,5.6,5.6,5.59,43400.0,242969.0,5.6
301176.SZ,20260917,56.5,56.43,56.99,56.37,236571.0,13359715.84,56.47
301177.SZ,20260917,22.64,22.66,22.66,22.5,22000.0,498254.0,22.65
301178.SZ,20260917,36.6,36.63,36.69,36.51,13400.0,490770.0,36.63
301179.SZ,20260917,20.51,20.51,20.59,20.51,55200.0,1132508.96,20.52
301180.SZ,20260917,11.37,11.33,11.45,11.33,48300.0,548306.0,11.35
301181.SZ,20260917,22.86,22.75,23.0,22.75,4800.0,109649.0,22.84
301182.SZ,20260917,65.8,66.0,66.0,65.02,9100.0,596150.0,65.51
301183.SZ,20260917,300.74,300.98,302.0,299.09,121300.0,36491760.64,300.84
301185.SZ,20260917,16.56,16.59,16.59,16.55,10500.0,174106.0,16.58
301186.SZ,20260917,34.25,34.25,34.4,34.07,8100.0,277508.0,34.26
301187.SZ,20260917,13.4,13.39,13.43,13.39,9400.0,125918.0,13.4
301188.SZ,20260917,33.14,32.6,33.3,32.6,236400.0,7764451.2,32.85
301189.SZ,20260917,63.0,62.15,63.0,61.84,57500.0,3593552.0,62.5
301190.SZ,20260917,18.26,18.35,18.36,18.26,37900.0,695388.0,18.35
301191.SZ,20260917,86.52,86.52,86.96,86.11,28100.0,2430862.24,86.51
301192.SZ,20260917,18.31,18.42,18.42,18.31,9400.0,173078.0,18.41
301193.SZ,20260917,19.41,19.4,19.56,19.39,10800.0,210150.0,19.46
301195.SZ,20260917,25.58,25.71,25.71,25.2,87900.0,2250388.96,25.6
301196.SZ,20260917,85.51,85.63,85.9,85.0,37000.0,3165900.16,85.57
301197.SZ,20260917,24.96,24.96,24.96,24.96,2200.0,54912.0,24.96
301198.SZ,20260917,12.19,12.05,12.19,12.05,9100.0,110022.0,12.09
301199.SZ,20260917,17.82,17.8,17.87,17.8,24100.0,429183.0,17.81
301200.SZ,20260917,265.15,266.15,266.15,265.15,20900.0,5554433.28,265.76
301201.SZ,20260917,33.65,33.71,33.71,33.3,22900.0,770772.96,33.66
301202.SZ,20260917,36.51,36.66,36.66,35.75,25400.0,921984.0,36.3
301203.SZ,20260917,33.29,33.29,33.29,33.29,1200.0,39948.0,33.29
301205.SZ,20260917,291.47,292.0,293.0,290.07,69500.0,20269859.84,291.65
301206.SZ,20260917,23.09,23.18,23.18,23.06,20100.0,465551.0,23.16
301207.SZ,20260917,18.0,18.05,18.05,17.93,55400.0,998612.0,18.03
301208.SZ,20260917,29.09,28.99,29.09,28.88,6200.0,179854.0,29.01
301209.SZ,20260917,59.87,59.92,59.92,59.77,4100.0,245597.0,59.9
301210.SZ,20260917,29.4,29.25,29.4,29.1,114230.0,3347269.12,29.3
301211.SZ,20260917,11.23,11.24,11.24,11.2,17100.0,192154.0,11.24
301212.SZ,20260917,25.1,25.1,25.1,25.1,2700.0,67770.0,25.1
301213.SZ,20260917,39.73,39.88,39.88,39.73,700.0,27886.0,39.84
301215.SZ,20260917,5.19,5.2,5.2,5.19,21800.0,113342.0,5.2
301216.SZ,20260917,17.59,17.54,17.6,17.54,238500.0,4185683.84,17.55
301217.SZ,20260917,113.88,113.6,114.0,113.28,306557.0,34838778.88,113.65
301218.SZ,20260917,43.98,44.0,44.1,43.58,161100.0,7086369.92,43.99
301219.SZ,20260917,40.86,40.94,40.94,40.8,42400.0,1733777.92,40.89
301220.SZ,20260917,31.42,31.35,31.42,31.35,17200.0,539933.0,31.39
301221.SZ,20260917,25.3,25.32,25.32,25.3,6200.0,156978.0,25.32
301222.SZ,20260917,25.31,25.31,25.31,25.31,19300.0,488483.0,25.31
301223.SZ,20260917,17.3,17.5,17.5,17.3,11800.0,206480.0,17.5
301225.SZ,20260917,54.58,54.65,55.58,54.01,25100.0,1373625.92,54.73
301226.SZ,20260917,29.0,29.15,29.48,29.0,3000.0,87550.0,29.18
301227.SZ,20260917,31.77,31.8,31.86,31.58,7800.0,247576.0,31.74
301228.SZ,20260917,59.0,59.0,59.0,58.33,21100.0,1243815.04,58.95
301229.SZ,20260917,11.3,11.33,11.33,11.3,12900.0,146118.0,11.33
301230.SZ,20260917,30.89,30.8,30.99,30.8,217890.0,6716679.04,30.83
301231.SZ,20260917,26.55,26.4,26.58,26.34,65200.0,1721753.92,26.41
301232.SZ,20260917,90.66,89.99,90.87,89.99,15100.0,1360568.0,90.1
301233.SZ,20260917,31.0,31.06,31.06,31.0,4300.0,133388.0,31.02
301234.SZ,20260917,109.12,109.86,109.94,108.74,31100.0,3414952.96,109.81
301235.SZ,20260917,46.14,46.27,46.42,46.1,147300.0,6813374.72,46.26
301236.SZ,20260917,36.42,36.35,36.42,36.28,122000.0,4434280.0,36.35
301237.SZ,20260917,38.92,39.81,39.81,38.92,6300.0,248758.0,39.49
301238.SZ,20260917,16.16,16.19,16.2,16.15,53800.0,870672.96,16.18
301239.SZ,20260917,30.86,30.68,30.86,30.68,6500.0,199883.0,30.75
301246.SZ,20260917,17.42,17.43,17.47,17.41,56900.0,992247.6,17.44
301248.SZ,20260917,54.48,54.42,54.88,54.29,31600.0,1721135.04,54.47
301251.SZ,20260917,82.8,83.21,84.5,82.34,684500.0,56910469.12,83.14
301252.SZ,20260917,35.57,35.68,36.0,35.5,25500.0,911264.96,35.74
301255.SZ,20260917,18.68,18.68,18.69,18.49,21600.0,403257.0,18.67
301256.SZ,20260917,9.79,9.71,9.79,9.71,24000.0,233388.0,9.73
301257.SZ,20260917,37.66,37.8,37.8,37.6,16000.0,604129.0,37.76
301258.SZ,20260917,24.41,24.5,24.5,24.41,4000.0,97991.0,24.5
301259.SZ,20260917,19.68,19.77,19.77,19.68,75300.0,1488263.04,19.76
301260.SZ,20260917,11.39,11.38,11.39,11.38,9200.0,104699.0,11.38
301261.SZ,20260917,54.02,54.01,54.24,54.0,11700.0,632719.0,54.08
301262.SZ,20260917,19.73,19.73,19.85,19.71,112700.0,2225768.96,19.75
301263.SZ,20260917,19.52,19.5,19.62,19.5,4200.0,81946.0,19.51
301265.SZ,20260917,22.3,22.33,22.33,22.11,80500.0,1792692.0,22.27
301266.SZ,20260917,24.29,24.0,24.29,23.98,50500.0,1213045.84,24.02
301267.SZ,20260917,14.65,14.67,14.67,14.65,4000.0,58662.0,14.67
301268.SZ,20260917,11.77,11.77,11.77,11.67,28200.0,330892.0,11.73
301269.SZ,20260917,86.0,86.0,86.2,85.81,48600.0,4179280.0,85.99
301270.SZ,20260917,32.5,32.53,32.53,32.5,8200.0,266692.0,32.52
301272.SZ,20260917,34.13,34.08,34.13,34.03,12800.0,436214.0,34.08
301273.SZ,20260917,35.82,35.86,35.98,35.82,5000.0,179335.0,35.87
301275.SZ,20260917,40.88,40.9,40.91,40.8,5200.0,212474.0,40.86
301276.SZ,20260917,16.7,16.74,16.75,16.65,13300.0,222423.0,16.72
301277.SZ,20260917,9.63,9.69,9.69,9.63,2400.0,23124.0,9.64
301278.SZ,20260917,27.4,27.44,27.44,27.4,5500.0,150879.0,27.43
301279.SZ,20260917,22.71,22.73,22.74,22.68,11800.0,268226.0,22.73
301280.SZ,20260917,43.93,43.99,43.99,43.55,10000.0,438897.0,43.89
301281.SZ,20260917,49.77,50.0,50.0,49.51,19700.0,984707.04,49.99
301282.SZ,20260917,46.3,46.42,46.47,45.99,292400.0,13553030.4,46.35
301283.SZ,20260917,25.66,25.76,25.76,25.66,9700.0,249744.0,25.75
301285.SZ,20260917,87.5,89.15,89.54,87.5,8200.0,726468.96,88.59
301286.SZ,20260917,42.96,42.96,42.96,42.32,1900.0,81516.0,42.9
301287.SZ,20260917,40.29,41.26,41.26,40.29,3400.0,138531.0,40.74
301288.SZ,20260917,15.91,15.91,15.94,15.91,23200.0,369184.0,15.91
301289.SZ,20260917,43.55,43.6,43.6,43.5,5700.0,248319.0,43.57
301290.SZ,20260917,26.7,26.72,26.72,26.7,1100.0,29382.0,26.71
301291.SZ,20260917,33.9,33.9,33.95,33.88,44900.0,1522110.08,33.9
301292.SZ,20260917,63.08,63.0,63.49,62.82,39000.0,2460595.04,63.09
301293.SZ,20260917,48.75,48.75,48.8,48.71,28600.0,1393936.0,48.74
301295.SZ,20260917,36.51,36.61,36.61,36.51,2000.0,73210.0,36.61
301296.SZ,20260917,6.16,6.16,6.18,6.16,38300.0,236030.0,6.16
301297.SZ,20260917,46.58,46.58,46.74,46.33,462100.0,21519354.88,46.57
301298.SZ,20260917,11.86,11.81,11.91,11.81,13300.0,157212.0,11.82
301299.SZ,20260917,45.89,45.66,45.9,45.56,19900.0,908820.96,45.67
301300.SZ,20260917,34.36,34.36,34.88,34.01,225600.0,7747153.92,34.34
301301.SZ,20260917,7.93,7.93,7.97,7.93,81100.0,643281.0,7.93
301302.SZ,20260917,20.65,20.65,20.65,20.56,18900.0,389954.0,20.63
301303.SZ,20260917,13.24,13.22,13.25,13.22,56400.0,745995.04,13.23
301305.SZ,20260917,24.38,24.34,24.42,24.3,94400.0,2298095.04,24.34
301306.SZ,20260917,99.1,99.16,99.16,99.05,5600.0,555129.0,99.13
301307.SZ,20260917,57.74,57.85,58.0,57.72,47300.0,2736590.08,57.86
301308.SZ,20260917,335.78,336.0,336.0,335.14,87700.0,29463772.16,335.96
301309.SZ,20260917,30.08,30.3,30.3,29.41,3800.0,114216.0,30.06
301310.SZ,20260917,50.7,50.68,51.0,50.55,59300.0,3006296.96,50.7
301311.SZ,20260917,13.51,13.51,13.51,13.43,18200.0,245831.0,13.51
301312.SZ,20260917,85.33,85.89,85.94,85.0,47597.0,4082931.84,85.78
301313.SZ,20260917,29.69,29.69,29.75,29.69,8400.0,249507.0,29.7
301314.SZ,20260917,43.47,43.26,43.47,43.26,5700.0,246793.0,43.3
301315.SZ,20260917,37.3,37.33,37.33,37.11,4600.0,171306.0,37.24
301316.SZ,20260917,36.2,36.39,36.39,36.1,15400.0,558417.0,36.26
301317.SZ,20260917,47.99,47.75,47.99,47.75,9800.0,468579.0,47.81
301318.SZ,20260917,20.58,20.59,20.6,20.58,10900.0,224426.0,20.59
301319.SZ,20260917,99.8,100.01,100.01,99.29,141600.0,14156268.8,99.97
301320.SZ,20260917,13.34,13.34,13.37,13.34,8300.0,110728.0,13.34
301321.SZ,20260917,47.05,47.2,47.2,46.7,54400.0,2565695.04,47.16
301322.SZ,20260917,43.3,43.0,43.39,42.95,9900.0,427111.0,43.14
301323.SZ,20260917,77.0,77.0,77.0,76.06,10200.0,784787.04,76.94
301325.SZ,20260917,30.3,30.39,30.46,30.29,82400.0,2504255.04,30.39
301326.SZ,20260917,103.22,104.05,104.05,103.22,5700.0,591858.0,103.84
301327.SZ,20260917,39.7,39.71,39.71,39.7,3200.0,127066.0,39.71
301328.SZ,20260917,51.75,51.05,51.75,51.05,6300.0,322504.0,51.19
301329.SZ,20260917,20.54,20.54,20.54,20.43,27500.0,564074.0,20.51
301330.SZ,20260917,24.92,25.0,25.0,24.9,15700.0,392184.0,24.98
301331.SZ,20260917,20.25,20.25,20.25,20.25,1600.0,32400.0,20.25
301332.SZ,20260917,7.52,7.52,7.53,7.52,11900.0,89513.0,7.52
301333.SZ,20260917,62.17,62.03,62.19,62.03,10300.0,639380.0,62.08
301335.SZ,20260917,22.02,22.02,22.02,21.99,4300.0,94671.0,22.02
301336.SZ,20260917,41.55,41.0,41.55,41.0,4800.0,197713.0,41.19
301337.SZ,20260917,26.03,26.1,26.1,26.03,600.0,15625.0,26.04
301338.SZ,20260917,102.71,102.69,102.99,102.15,44100.0,4528473.92,102.69
301339.SZ,20260917,10.89,10.88,10.89,10.88,10500.0,114259.0,10.88
301345.SZ,20260917,238.31,238.3,239.3,237.2,2400.0,571723.0,238.22
301348.SZ,20260917,21.88,21.85,21.98,21.85,113400.0,2480552.96,21.87
301349.SZ,20260917,46.09,46.11,46.21,45.89,37000.0,1705216.0,46.09
301353.SZ,20260917,18.51,18.51,18.6,18.5,11700.0,216702.0,18.52
301355.SZ,20260917,11.37,11.31,11.48,11.31,7600.0,86127.0,11.33
301356.SZ,20260917,18.62,18.62,18.62,18.62,300.0,5586.0,18.62
301357.SZ,20260917,97.8,97.82,98.0,97.24,42200.0,4125072.0,97.75
301358.SZ,20260917,53.12,53.05,53.22,53.01,74400.0,3949175.04,53.08
301359.SZ,20260917,18.15,18.37,18.37,18.15,22700.0,416174.0,18.33
301360.SZ,20260917,58.8,58.98,58.98,58.6,16400.0,966032.0,58.9
301361.SZ,20260917,25.85,25.8,25.85,25.8,2200.0,56790.0,25.81
301362.SZ,20260917,116.88,117.07,118.15,116.0,28700.0,3363593.92,117.2
301363.SZ,20260917,15.41,15.45,15.45,15.41,35700.0,551325.0,15.44
301365.SZ,20260917,37.26,37.77,37.77,37.26,7000.0,263265.0,37.61
301366.SZ,20260917,68.28,68.0,68.6,68.0,389400.0,26538536.96,68.15
301367.SZ,20260917,43.47,43.37,43.53,43.37,5500.0,238966.0,43.45
301368.SZ,20260917,35.35,35.34,35.59,35.34,7400.0,261776.0,35.38
301369.SZ,20260917,132.29,130.96,132.29,130.29,8300.0,1089639.04,131.28
301370.SZ,20260917,8.32,8.32,8.32,8.32,9700.0,80704.0,8.32
301371.SZ,20260917,20.5,20.55,20.55,20.5,12600.0,258852.0,20.54
301372.SZ,20260917,32.65,32.69,32.69,32.63,8300.0,271257.0,32.68
301373.SZ,20260917,126.1,128.0,128.6,126.0,414800.0,53053235.2,127.9
301376.SZ,20260917,22.55,22.51,22.6,22.42,25500.0,574489.0,22.53
301377.SZ,20260917,406.0,409.48,409.48,406.0,16800.0,6859795.84,408.32
301378.SZ,20260917,23.17,23.29,23.29,23.17,3400.0,79174.0,23.29
301379.SZ,20260917,21.43,21.5,21.5,21.37,86400.0,1853627.04,21.45
301380.SZ,20260917,32.17,32.29,32.29,32.17,27000.0,871790.0,32.29
301381.SZ,20260917,22.76,22.75,22.77,22.56,37700.0,857696.0,22.75
301382.SZ,20260917,36.2,36.1,36.25,36.01,68000.0,2456571.04,36.13
301383.SZ,20260917,22.37,22.39,22.39,22.37,3600.0,80582.0,22.38
301386.SZ,20260917,19.21,19.21,19.21,19.2,500.0,9603.0,19.21
301387.SZ,20260917,55.01,55.01,55.12,55.01,11500.0,632651.0,55.01
301388.SZ,20260917,24.11,24.13,24.14,24.11,7900.0,190642.0,24.13
301389.SZ,20260917,61.68,61.73,61.73,61.13,76600.0,4724662.08,61.68
301390.SZ,20260917,45.0,45.0,45.0,45.0,179147.0,8061614.72,45.0
301391.SZ,20260917,42.42,42.4,42.61,42.35,20000.0,848144.0,42.41
301392.SZ,20260917,173.35,173.36,173.79,172.87,14625.0,2533775.04,173.25
301393.SZ,20260917,58.3,58.58,58.58,58.18,18300.0,1071394.0,58.55
301395.SZ,20260917,11.45,11.5,11.5,11.45,7800.0,89680.0,11.5
301396.SZ,20260917,176.51,178.0,178.88,176.51,456000.0,81110589.44,177.87
301397.SZ,20260917,21.8,21.89,21.89,21.8,10800.0,236260.0,21.88
301398.SZ,20260917,37.66,37.78,37.8,37.66,13000.0,490818.0,37.76
301399.SZ,20260917,20.01,20.1,20.1,19.81,66300.0,1327855.04,20.03
301408.SZ,20260917,14.05,14.05,14.05,14.0,14800.0,207935.0,14.05
301413.SZ,20260917,54.84,54.84,54.84,54.53,5400.0,296017.1,54.82
301418.SZ,20260917,33.45,33.45,33.45,33.45,12500.0,418125.0,33.45
301419.SZ,20260917,42.27,42.22,42.58,42.17,273900.0,11590649.6,42.32
301421.SZ,20260917,79.05,79.0,79.54,78.58,35000.0,2764481.92,78.99
301428.SZ,20260917,26.12,26.22,26.38,25.95,20000.0,524289.0,26.21
301429.SZ,20260917,16.8,16.84,16.84,16.8,7500.0,126256.0,16.83
301439.SZ,20260917,14.35,14.3,14.35,14.3,95600.0,1367884.96,14.31
301446.SZ,20260917,36.86,36.79,36.86,36.79,3300.0,121421.0,36.79
301448.SZ,20260917,44.63,44.65,44.66,44.63,3600.0,160731.0,44.65
301449.SZ,20260917,39.15,39.15,39.27,39.15,2700.0,105721.0,39.16
301456.SZ,20260917,23.8,23.88,24.03,23.65,69900.0,1667559.04,23.86
301458.SZ,20260917,39.19,39.19,39.2,39.01,81000.0,3172384.0,39.17
301459.SZ,20260917,31.83,32.15,32.15,31.83,1300.0,41763.0,32.13
301468.SZ,20260917,30.6,30.58,30.6,30.57,29400.0,899171.04,30.58
301469.SZ,20260917,27.43,27.43,27.44,27.43,2600.0,71319.0,27.43
301479.SZ,20260917,52.99,53.1,53.1,52.67,99600.0,5271320.0,52.93
301486.SZ,20260917,218.41,218.41,220.0,217.88,579400.0,126619340.8,218.54
301487.SZ,20260917,16.15,16.18,16.18,16.05,162200.0,2621859.04,16.16
301488.SZ,20260917,90.16,90.16,90.36,90.16,3200.0,288632.0,90.2
301489.SZ,20260917,127.02,127.54,127.85,127.02,206200.0,26282288.64,127.46
301491.SZ,20260917,36.8,36.97,36.97,36.6,18700.0,690032.0,36.9
301498.SZ,20260917,37.22,37.25,37.27,37.22,9400.0,350187.0,37.25
301499.SZ,20260917,23.81,24.19,24.19,23.81,5100.0,122343.0,23.99
301500.SZ,20260917,26.36,26.3,26.4,26.3,77800.0,2048147.04,26.33
301501.SZ,20260917,27.18,26.98,27.18,26.96,2300.0,62205.0,27.05
301502.SZ,20260917,49.58,50.08,50.08,49.58,3200.0,160025.0,50.01
301503.SZ,20260917,20.89,20.9,20.9,20.8,6000.0,125356.0,20.89
301505.SZ,20260917,19.16,19.69,19.69,19.0,50100.0,976247.04,19.49
301507.SZ,20260917,11.66,11.6,11.66,11.6,6506.0,75535.6,11.61
301508.SZ,20260917,23.75,23.75,23.75,23.75,1800.0,42750.0,23.75
301509.SZ,20260917,28.16,28.05,28.16,28.05,15100.0,423628.0,28.06
301510.SZ,20260917,25.89,25.9,25.9,25.85,18800.0,486655.0,25.89
301511.SZ,20260917,110.9,111.0,111.5,110.75,315800.0,35066688.0,111.04
301512.SZ,20260917,29.62,29.44,29.62,29.44,5300.0,156157.0,29.46
301513.SZ,20260917,44.82,44.9,44.9,44.82,9900.0,444229.0,44.87
301515.SZ,20260917,18.11,18.11,18.11,18.11,4200.0,76062.0,18.11
301516.SZ,20260917,19.15,19.2,19.3,19.07,321900.0,6181777.92,19.2
301517.SZ,20260917,37.44,37.5,37.5,37.44,4200.0,157473.0,37.49
301518.SZ,20260917,22.18,22.27,22.27,22.18,8100.0,180344.0,22.27
301519.SZ,20260917,11.34,11.34,11.34,11.34,11100.0,125874.0,11.34
301520.SZ,20260917,69.63,69.61,70.25,69.61,480752.0,33528739.84,69.74
301522.SZ,20260917,23.35,23.36,23.36,23.25,11700.0,272695.0,23.31
301525.SZ,20260917,36.5,36.75,36.91,36.5,10500.0,384203.0,36.59
301526.SZ,20260917,32.6,32.05,32.66,32.05,2175838.08,70014254.08,32.18
301528.SZ,20260917,69.98,69.99,70.0,69.5,14365.0,1005239.12,69.98
301529.SZ,20260917,116.01,116.15,116.15,115.5,10800.0,1253619.04,116.08
301531.SZ,20260917,51.1,51.09,51.48,51.08,39800.0,2034340.96,51.11
301533.SZ,20260917,28.1,28.2,28.26,28.1,3200.0,90206.0,28.19
301535.SZ,20260917,13.25,13.48,13.48,13.22,9300.0,125208.0,13.46
301536.SZ,20260917,113.0,112.99,113.5,112.8,166400.0,18804144.64,113.01
301538.SZ,20260917,39.39,39.8,39.88,39.39,11100.0,441876.0,39.81
301539.SZ,20260917,14.73,14.64,14.73,14.64,7100.0,104118.0,14.67
301548.SZ,20260917,52.63,52.77,52.77,52.53,4400.0,231991.0,52.73
301550.SZ,20260917,86.14,86.19,87.0,86.0,114500.0,9886273.28,86.34
301551.SZ,20260917,20.93,20.89,20.96,20.89,23600.0,493186.0,20.9
301552.SZ,20260917,23.61,23.71,23.71,23.61,1900.0,45029.0,23.7
301555.SZ,20260917,35.29,35.0,35.29,35.0,6700.0,234757.0,35.04
301556.SZ,20260917,60.04,59.87,60.5,59.87,18000.0,1079036.96,59.95
301557.SZ,20260917,81.4,81.87,81.87,81.4,200.0,16327.0,81.64
301558.SZ,20260917,6.45,6.46,6.47,6.44,211300.0,1364484.0,6.46
301559.SZ,20260917,12.71,12.74,12.74,12.71,6700.0,85330.0,12.74
301560.SZ,20260917,22.3,22.3,22.43,22.3,38400.0,858292.0,22.35
301563.SZ,20260917,113.3,113.0,113.39,113.0,12700.0,1435838.08,113.06
301565.SZ,20260917,18.9,18.85,18.9,18.85,70800.0,1335787.04,18.87
301566.SZ,20260917,26.36,26.36,26.42,26.28,350100.0,9227496.96,26.36
301567.SZ,20260917,35.0,35.0,35.0,34.67,9700.0,339105.0,34.96
301568.SZ,20260917,72.16,72.01,72.56,72.01,24200.0,1743488.96,72.05
301571.SZ,20260917,69.61,69.61,69.61,69.51,5500.0,382825.0,69.61
301575.SZ,20260917,23.21,23.27,23.3,23.21,49300.0,1146991.04,23.27
301577.SZ,20260917,58.22,58.43,58.43,58.1,3100.0,180813.0,58.33
301578.SZ,20260917,22.89,22.8,23.07,22.8,6625.0,151228.26,22.83
301580.SZ,20260917,57.15,57.1,57.5,57.1,197200.0,11269475.84,57.15
301581.SZ,20260917,35.36,35.45,35.56,35.36,9200.0,326264.0,35.46
301583.SZ,20260917,120.59,119.51,121.37,119.51,117300.0,14056929.28,119.84
301584.SZ,20260917,19.44,19.35,19.46,19.34,8100.0,156934.0,19.38
301585.SZ,20260917,28.17,28.19,28.19,28.17,1500.0,42279.0,28.19
301586.SZ,20260917,28.47,28.42,28.55,28.42,25100.0,715323.04,28.5
301587.SZ,20260917,20.95,20.95,21.0,20.95,15700.0,328957.0,20.95
301588.SZ,20260917,27.87,27.87,27.87,27.61,9100.0,253371.0,27.84
301589.SZ,20260917,152.95,153.17,153.18,152.35,7200.0,1102459.04,153.12
301590.SZ,20260917,67.6,67.19,67.6,67.15,10600.0,712306.0,67.2
301591.SZ,20260917,44.92,44.85,45.0,44.79,111200.0,4989985.92,44.87
301592.SZ,20260917,109.29,110.0,110.55,108.0,18700.0,2044761.92,109.35
301595.SZ,20260917,41.1,41.11,41.26,40.8,20700.0,850991.04,41.11
301596.SZ,20260917,45.01,45.5,45.69,45.01,44096.0,2003799.04,45.44
301598.SZ,20260917,49.21,49.21,49.21,49.21,1600.0,78736.0,49.21
301599.SZ,20260917,32.0,32.08,32.15,31.87,30200.0,967210.0,32.03
301600.SZ,20260917,76.73,76.73,76.73,76.73,7500.0,575475.0,76.73
301601.SZ,20260917,14.65,14.66,14.66,14.64,8800.0,128995.0,14.66
301602.SZ,20260917,15.15,15.15,15.15,15.14,9400.0,142409.0,15.15
301603.SZ,20260917,123.88,123.96,123.97,123.88,7300.0,904796.0,123.95
301606.SZ,20260917,53.11,53.0,53.32,53.0,57400.0,3044682.88,53.04
301607.SZ,20260917,43.12,43.02,43.25,42.89,75600.0,3252571.84,43.02
301608.SZ,20260917,47.58,47.71,47.77,47.3,46500.0,2214139.04,47.62
301609.SZ,20260917,32.01,32.0,32.1,31.86,12200.0,390488.96,32.01
301611.SZ,20260917,94.95,95.0,95.0,94.15,73200.0,6947123.84,94.91
301613.SZ,20260917,34.3,34.3,34.3,34.3,400.0,13720.0,34.3
301616.SZ,20260917,33.95,33.96,34.1,33.95,13100.0,445088.0,33.98
301617.SZ,20260917,54.27,54.27,54.5,54.0,22700.0,1230752.0,54.22
301618.SZ,20260917,30.3,30.35,30.39,30.3,3500.0,106234.0,30.35
301622.SZ,20260917,36.14,36.0,36.15,36.0,7100.0,255791.0,36.03
301626.SZ,20260917,331.0,332.0,335.0,326.65,130500.0,43297597.44,331.78
301628.SZ,20260917,123.23,123.1,123.7,123.1,13300.0,1637945.92,123.15
301629.SZ,20260917,283.89,284.8,284.8,283.0,6500.0,1848804.0,284.43
301630.SZ,20260917,202.09,201.0,203.46,201.0,33100.0,6665788.16,201.38
301631.SZ,20260917,59.77,59.84,59.84,59.77,6600.0,394820.0,59.82
301632.SZ,20260917,12.9,12.9,12.91,12.89,23400.0,301822.0,12.9
301633.SZ,20260917,52.95,52.95,52.96,52.85,7500.0,396995.0,52.93
301636.SZ,20260917,37.74,37.91,37.91,37.74,1800.0,68220.0,37.9
301638.SZ,20260917,21.28,21.2,21.3,21.2,42500.0,901980.96,21.22
301655.SZ,20260917,21.6,21.68,21.68,21.6,36500.0,790416.96,21.66
301656.SZ,20260917,14.18,14.2,14.25,14.13,17400.0,246696.0,14.18
301658.SZ,20260917,21.5,21.5,21.5,21.45,3800.0,81685.0,21.5
301662.SZ,20260917,68.53,68.6,68.68,67.92,57700.0,3954387.84,68.53
301665.SZ,20260917,22.3,22.28,22.3,22.28,9600.0,213931.0,22.28
301666.SZ,20260917,380.0,380.0,380.38,378.0,36900.0,14009998.08,379.68
301667.SZ,20260917,56.64,56.51,56.64,56.51,1800.0,101748.0,56.53
301668.SZ,20260917,31.81,31.85,31.85,31.67,52100.0,1658764.0,31.84
301669.SZ,20260917,25.51,25.51,25.56,25.46,15400.0,392727.0,25.5
301677.SZ,20260917,48.88,49.0,49.0,48.88,6800.0,332809.0,48.94
301678.SZ,20260917,44.75,44.6,44.75,44.6,21000.0,937155.04,44.63
301680.SZ,20260917,102.2,102.03,102.79,102.03,10103.0,1032409.04,102.19
301682.SZ,20260917,111.89,111.9,112.22,111.88,34200.0,3827539.84,111.92
301683.SZ,20260917,95.22,95.81,95.81,95.22,1600.0,153193.0,95.75
301687.SZ,20260917,51.66,52.0,52.0,51.5,22400.0,1159562.0,51.77
301688.SZ,20260917,35.47,35.48,35.49,35.41,35800.0,1269668.0,35.47
301689.SZ,20260917,53.45,53.1,53.9,53.09,657256.0,34957573.12,53.19
301696.SZ,20260917,91.53,92.0,92.0,91.53,6300.0,578782.0,91.87
301697.SZ,20260917,26.1,26.01,26.26,26.01,332200.0,8650270.08,26.04
301699.SZ,20260917,26.8,26.66,26.85,26.65,838898.0,22389713.92,26.69
301707.SZ,20260917,69.85,70.0,70.2,69.72,53800.0,3764679.36,69.98
301717.SZ,20260917,363.66,360.1,363.66,360.1,68100.0,24591168.0,361.1
302132.SZ,20260917,59.5,59.5,59.7,59.4,35100.0,2088304.0,59.5
600000.SH,20260917,9.1,9.1,9.1,9.1,219000.0,1992900.0,9.1
600004.SH,20260917,7.65,7.65,7.65,7.65,9900.0,75735.0,7.65
600006.SH,20260917,5.19,5.19,5.19,5.19,46000.0,238740.0,5.19
600007.SH,20260917,19.79,19.79,19.79,19.79,4600.0,91034.0,19.79
600008.SH,20260917,2.74,2.75,2.75,2.74,473700.0,1302392.96,2.75
600009.SH,20260917,22.6,22.6,22.6,22.6,56900.0,1285940.0,22.6
600010.SH,20260917,2.13,2.13,2.13,2.13,1225000.0,2609249.92,2.13
600011.SH,20260917,6.84,6.84,6.84,6.84,138900.0,950076.0,6.84
600012.SH,20260917,16.14,16.14,16.14,16.14,11300.0,182382.0,16.14
600015.SH,20260917,6.31,6.31,6.31,6.31,300000.0,1893000.0,6.31
600016.SH,20260917,3.58,3.58,3.58,3.58,1289600.0,4616768.0,3.58
600017.SH,20260917,2.84,2.84,2.84,2.84,22300.0,63332.0,2.84
600018.SH,20260917,5.44,5.44,5.44,5.44,70200.0,381888.0,5.44
600019.SH,20260917,5.75,5.75,5.75,5.75,210400.0,1209800.0,5.75
600020.SH,20260917,3.84,3.84,3.84,3.84,42800.0,164352.0,3.84
600021.SH,20260917,13.54,13.56,13.56,13.54,117300.0,1590497.92,13.56
600022.SH,20260917,1.31,1.31,1.31,1.31,211500.0,277065.0,1.31
600023.SH,20260917,5.09,5.09,5.09,5.09,203300.0,1034796.96,5.09
600025.SH,20260917,9.8,9.8,9.8,9.8,96800.0,948640.0,9.8
600026.SH,20260917,21.4,21.4,21.4,21.4,780400.0,16700559.36,21.4
600027.SH,20260917,4.86,4.86,4.86,4.86,428700.0,2083481.92,4.86
600028.SH,20260917,5.16,5.16,5.16,5.16,1003300.0,5177027.84,5.16
600029.SH,20260917,4.83,4.83,4.83,4.83,158800.0,767004.0,4.83
600030.SH,20260917,26.28,26.28,26.28,26.28,680900.0,17894051.84,26.28
600031.SH,20260917,18.18,18.18,18.18,18.18,1834400.0,33349391.36,18.18
600032.SH,20260917,7.2,7.16,7.2,7.16,387600.0,2775249.92,7.16
600033.SH,20260917,3.67,3.67,3.67,3.67,118600.0,435262.0,3.67
600035.SH,20260917,3.64,3.64,3.64,3.64,28200.0,102648.0,3.64
600036.SH,20260917,40.9,40.9,40.9,40.9,182950.0,7482654.72,40.9
600037.SH,20260917,6.93,6.93,6.93,6.93,21500.0,148995.0,6.93
600038.SH,20260917,26.95,26.95,26.95,26.95,20800.0,560560.0,26.95
600039.SH,20260917,8.81,8.81,8.81,8.81,41800.0,368258.0,8.81
600048.SH,20260917,4.97,4.97,4.97,4.97,457218.0,2272372.96,4.97
600050.SH,20260917,4.17,4.17,4.17,4.17,241000.0,1004970.0,4.17
600051.SH,20260917,6.02,6.02,6.02,6.02,14300.0,86086.0,6.02
600052.SH,20260917,3.64,3.64,3.64,3.64,834600.0,3037944.0,3.64
600053.SH,20260917,7.38,7.38,7.38,7.38,0.0,0.0,7.38
600054.SH,20260917,10.71,10.71,10.71,10.71,34800.0,372708.0,10.71
600055.SH,20260917,10.09,10.1,10.1,10.09,7200.0,72700.0,10.1
600056.SH,20260917,8.88,8.88,8.88,8.88,21900.0,194472.0,8.88
600057.SH,20260917,5.88,5.88,5.88,5.88,86500.0,508620.0,5.88
600058.SH,20260917,9.1,9.1,9.1,9.1,14400.0,131040.0,9.1
600059.SH,20260917,9.78,9.77,9.79,9.77,1663000.0,16247805.44,9.77
600060.SH,20260917,27.5,27.5,27.5,27.5,14800.0,407000.0,27.5
600061.SH,20260917,6.2,6.2,6.2,6.2,125700.0,779340.0,6.2
600062.SH,20260917,15.77,15.81,15.81,15.77,29510.0,466536.0,15.81
600063.SH,20260917,5.53,5.53,5.53,5.53,101600.0,561848.0,5.53
600064.SH,20260917,7.74,7.74,7.74,7.74,96700.0,748458.0,7.74
600066.SH,20260917,26.51,26.51,26.51,26.51,25500.0,676004.96,26.51
600067.SH,20260917,2.73,2.73,2.73,2.73,73400.0,200382.0,2.73
600071.SH,20260917,16.2,16.2,16.2,16.2,3400.0,55080.0,16.2
600072.SH,20260917,8.76,8.76,8.76,8.76,118300.0,1036308.0,8.76
600073.SH,20260917,5.48,5.48,5.48,5.48,39800.0,218104.0,5.48
600075.SH,20260917,4.59,4.59,4.59,4.59,22500.0,103275.0,4.59
600076.SH,20260917,2.25,2.25,2.25,2.25,740800.0,1666800.0,2.25
600078.SH,20260917,10.17,10.17,10.17,10.17,18300.0,186111.0,10.17
600079.SH,20260917,18.32,18.32,18.32,18.32,17100.0,313272.0,18.32
600080.SH,20260917,4.72,4.72,4.72,4.72,27300.0,128856.0,4.72
600081.SH,20260917,10.18,10.18,10.18,10.18,5100.0,51918.0,10.18
600082.SH,20260917,3.12,3.12,3.12,3.12,70200.0,219024.0,3.12
600084.SH,20260917,4.29,4.29,4.29,4.29,51000.0,218790.0,4.29
600085.SH,20260917,23.16,23.16,23.16,23.16,17500.0,405300.0,23.16
600088.SH,20260917,14.75,14.75,14.75,14.75,2052000.0,30267000.32,14.75
600089.SH,20260917,18.13,18.13,18.13,18.13,292900.0,5310277.12,18.13
600094.SH,20260917,4.09,4.09,4.09,4.09,36100.0,147649.0,4.09
600095.SH,20260917,8.45,8.45,8.45,8.45,178300.0,1506635.04,8.45
600096.SH,20260917,28.6,28.6,28.6,28.6,95200.0,2722720.0,28.6
600097.SH,20260917,9.24,9.24,9.24,9.24,7300.0,67452.0,9.24
600098.SH,20260917,6.37,6.37,6.37,6.37,90600.0,577122.0,6.37
600099.SH,20260917,8.9,8.9,8.9,8.9,10100.0,89890.0,8.9
600100.SH,20260917,6.76,6.76,6.76,6.76,79300.0,536068.0,6.76
600101.SH,20260917,8.08,8.08,8.08,8.08,194900.0,1574792.0,8.08
600103.SH,20260917,3.74,3.74,3.74,3.74,4978700.16,18620337.92,3.74
600104.SH,20260917,11.25,11.25,11.25,11.25,89200.0,1003500.0,11.25
600105.SH,20260917,46.24,46.01,46.35,45.89,6655975.04,306331402.24,46.02
600106.SH,20260917,4.4,4.4,4.4,4.4,300.0,1320.0,4.4
600107.SH,20260917,5.67,5.67,5.67,5.67,200.0,1134.0,5.67
600108.SH,20260917,3.95,3.91,3.95,3.91,2473800.0,9678017.28,3.91
600109.SH,20260917,8.25,8.25,8.25,8.25,45000.0,371250.0,8.25
600110.SH,20260917,12.07,12.07,12.07,12.07,1811700.0,21867220.48,12.07
600111.SH,20260917,37.05,37.05,37.05,37.05,175400.0,6498570.24,37.05
600113.SH,20260917,30.18,30.18,30.18,30.18,7800.0,235404.0,30.18
600114.SH,20260917,26.72,26.72,26.72,26.72,49400.0,1319968.0,26.72
600115.SH,20260917,3.34,3.34,3.34,3.34,1013600.0,3385424.0,3.34
600116.SH,20260917,6.26,6.26,6.26,6.26,114300.0,715518.0,6.26
600117.SH,20260917,2.21,2.21,2.21,2.21,14000.0,30940.0,2.21
600118.SH,20260917,57.83,57.83,57.83,57.83,87300.0,5048559.04,57.83
600119.SH,20260917,4.88,4.88,4.88,4.88,6000.0,29280.0,4.88
600120.SH,20260917,4.72,4.72,4.72,4.72,107400.0,506928.0,4.72
600121.SH,20260917,4.9,4.9,4.9,4.9,566300.0,2774870.08,4.9
600123.SH,20260917,6.99,6.99,6.99,6.99,37200.0,260028.0,6.99
600125.SH,20260917,5.3,5.3,5.3,5.3,6400.0,33920.0,5.3
600126.SH,20260917,6.08,6.08,6.08,6.08,162599.0,988602.0,6.08
600127.SH,20260917,12.0,12.0,12.0,12.0,3290362.88,39484357.12,12.0
600128.SH,20260917,8.25,8.27,8.27,8.25,6600.0,54574.0,8.27
600129.SH,20260917,13.35,13.36,13.36,13.35,10100.0,134916.0,13.36
600130.SH,20260917,4.35,4.34,4.35,4.34,153400.0,665938.0,4.34
600131.SH,20260917,14.33,14.33,14.33,14.33,8900.0,127537.0,14.33
600132.SH,20260917,38.01,38.01,38.01,38.01,7000.0,266070.0,38.01
600133.SH,20260917,7.82,7.82,7.82,7.82,15600.0,121992.0,7.82
600135.SH,20260917,8.09,8.09,8.09,8.09,771300.0,6239816.96,8.09
600136.SH,20260917,1.47,1.46,1.47,1.46,318900.0,466199.0,1.46
600137.SH,20260917,16.9,16.9,16.9,16.9,8400.0,141960.0,16.9
600138.SH,20260917,6.92,6.92,6.92,6.92,14100.0,97572.0,6.92
600141.SH,20260917,29.28,29.28,29.28,29.28,149500.0,4377360.0,29.28
600143.SH,20260917,12.95,12.95,12.95,12.95,58900.0,762755.04,12.95
600148.SH,20260917,15.38,15.38,15.38,15.38,1800.0,27684.0,15.38
600149.SH,20260917,4.95,4.95,4.95,4.95,30700.0,151965.0,4.95
600150.SH,20260917,37.75,37.75,37.75,37.74,264900.0,9999973.12,37.75
600151.SH,20260917,9.7,9.7,9.7,9.7,129700.0,1258090.0,9.7
600152.SH,20260917,8.15,8.15,8.15,8.15,71500.0,582725.0,8.15
600153.SH,20260917,8.22,8.22,8.22,8.22,38900.0,319758.0,8.22
600155.SH,20260917,5.93,5.93,5.93,5.93,62700.0,371811.0,5.93
600156.SH,20260917,8.16,8.16,8.16,8.16,66600.0,543456.0,8.16
600157.SH,20260917,1.53,1.53,1.53,1.53,900700.0,1378071.04,1.53
600158.SH,20260917,6.98,6.98,6.98,6.98,67300.0,469754.0,6.98
600159.SH,20260917,2.66,2.66,2.66,2.66,170800.0,454328.0,2.66
600160.SH,20260917,35.88,35.88,35.88,35.88,128200.0,4599816.0,35.88
600161.SH,20260917,12.01,12.01,12.01,12.01,17800.0,213778.0,12.01
600162.SH,20260917,4.69,4.7,4.7,4.69,358400.0,1684417.92,4.7
600163.SH,20260917,5.97,5.97,5.97,5.97,2283700.0,13633689.6,5.97
600165.SH,20260917,3.36,3.36,3.36,3.36,105600.0,354816.0,3.36
600166.SH,20260917,2.76,2.76,2.76,2.76,650100.0,1794276.0,2.76
600167.SH,20260917,5.66,5.66,5.66,5.66,34900.0,197534.0,5.66
600168.SH,20260917,4.34,4.34,4.34,4.34,11500.0,49910.0,4.34
600169.SH,20260917,2.13,2.13,2.13,2.13,64300.0,136959.0,2.13
600170.SH,20260917,2.19,2.19,2.19,2.19,383500.0,839864.96,2.19
600171.SH,20260917,22.49,22.49,22.49,22.49,36500.0,820884.96,22.49
600172.SH,20260917,16.56,16.33,16.57,16.32,2436300.0,39833392.64,16.35
600173.SH,20260917,5.82,5.82,5.82,5.82,9800.0,57036.0,5.82
600176.SH,20260917,47.8,47.8,47.8,47.8,2135616.96,102082498.56,47.8
600177.SH,20260917,8.3,8.3,8.3,8.3,95600.0,793480.0,8.3
600178.SH,20260917,9.7,9.7,9.7,9.7,49200.0,477240.0,9.7
600179.SH,20260917,4.56,4.56,4.56,4.56,88400.0,403104.0,4.56
600180.SH,20260917,1.72,1.72,1.72,1.72,747400.0,1285528.0,1.72
600182.SH,20260917,12.62,12.62,12.62,12.62,7300.0,92126.0,12.62
600183.SH,20260917,153.0,153.0,153.0,153.0,402200.0,61536599.04,153.0
600184.SH,20260917,20.88,20.86,20.88,20.85,372300.0,7766245.12,20.86
600185.SH,20260917,4.71,4.71,4.71,4.71,71600.0,337236.0,4.71
600186.SH,20260917,12.87,12.79,12.87,12.78,1979156.0,25331543.04,12.8
600187.SH,20260917,1.29,1.29,1.29,1.29,164000.0,211560.0,1.29
600188.SH,20260917,20.0,20.0,20.0,20.0,90300.0,1806000.0,20.0
600189.SH,20260917,7.61,7.61,7.61,7.61,46100.0,350821.0,7.61
600191.SH,20260917,9.58,9.58,9.58,9.58,11200.0,107296.0,9.58
600192.SH,20260917,7.79,7.79,7.79,7.79,451800.0,3519521.92,7.79
600195.SH,20260917,6.62,6.62,6.62,6.62,20400.0,135048.0,6.62
600196.SH,20260917,21.6,21.6,21.6,21.6,84600.0,1827360.0,21.6
600197.SH,20260917,9.27,9.27,9.27,9.27,3800.0,35226.0,9.27
600198.SH,20260917,7.71,7.72,7.72,7.71,48500.0,374417.0,7.72
600199.SH,20260917,6.89,6.89,6.89,6.89,77200.0,531908.0,6.89
600201.SH,20260917,11.61,11.61,11.61,11.61,28800.0,334368.0,11.61
600202.SH,20260917,4.87,4.87,4.87,4.87,11500.0,56005.0,4.87
600203.SH,20260917,10.18,10.19,10.19,10.18,283000.0,2883768.96,10.19
600206.SH,20260917,53.01,53.0,53.17,52.71,3045000.0,161387520.0,53.0
600207.SH,20260917,4.87,4.87,4.87,4.87,363600.0,1770732.0,4.87
600208.SH,20260917,2.8,2.8,2.8,2.8,175800.0,492240.0,2.8
600210.SH,20260917,6.33,6.33,6.33,6.33,52400.0,331692.0,6.33
600211.SH,20260917,35.75,35.75,35.75,35.75,4100.0,146575.0,35.75
600212.SH,20260917,6.02,6.02,6.02,6.02,91700.0,552034.0,6.02
600215.SH,20260917,6.06,6.06,6.06,6.06,10800.0,65448.0,6.06
600216.SH,20260917,12.36,12.36,12.36,12.36,55200.0,682272.0,12.36
600217.SH,20260917,3.25,3.25,3.25,3.25,31900.0,103675.0,3.25
600218.SH,20260917,7.4,7.4,7.4,7.4,2200.0,16280.0,7.4
600219.SH,20260917,4.67,4.67,4.67,4.67,971200.0,4535504.0,4.67
600221.SH,20260917,1.24,1.24,1.24,1.24,3615000.0,4482600.0,1.24
600222.SH,20260917,7.5,7.5,7.5,7.5,18300.0,137250.0,7.5
600223.SH,20260917,5.39,5.39,5.39,5.39,8900.0,47971.0,5.39
600226.SH,20260917,6.02,6.02,6.02,6.02,392200.0,2361044.0,6.02
600227.SH,20260917,3.93,3.93,3.93,3.93,651700.0,2561180.96,3.93
600228.SH,20260917,11.08,11.08,11.08,11.08,90300.0,1000524.0,11.08
600229.SH,20260917,5.54,5.54,5.54,5.54,109900.0,608846.0,5.54
600230.SH,20260917,13.35,13.35,13.35,13.35,18500.0,246975.0,13.35
600231.SH,20260917,1.69,1.69,1.69,1.69,26300.0,44447.0,1.69
600232.SH,20260917,6.45,6.45,6.45,6.45,12600.0,81270.0,6.45
600233.SH,20260917,16.9,16.89,16.9,16.89,83700.0,1413716.0,16.89
600234.SH,20260917,20.56,20.56,20.56,20.56,2800.0,57568.0,20.56
600235.SH,20260917,5.67,5.67,5.67,5.67,91000.0,515970.0,5.67
600236.SH,20260917,9.78,9.78,9.78,9.78,8100.0,79218.0,9.78
600237.SH,20260917,9.61,9.61,9.61,9.61,360300.0,3462482.88,9.61
600238.SH,20260917,4.54,4.54,4.54,4.54,5100.0,23154.0,4.54
600239.SH,20260917,1.4,1.4,1.4,1.4,164000.0,229600.0,1.4
600241.SH,20260917,7.14,7.14,7.14,7.14,12500.0,89250.0,7.14
600243.SH,20260917,3.45,3.45,3.45,3.45,30200.0,104190.0,3.45
600246.SH,20260917,13.3,13.3,13.3,13.28,682500.0,9077228.16,13.3
600248.SH,20260917,2.81,2.81,2.81,2.81,51400.0,144434.0,2.81
600249.SH,20260917,5.48,5.48,5.48,5.48,108800.0,596224.0,5.48
600250.SH,20260917,8.71,8.71,8.71,8.71,15500.0,135005.0,8.71
600251.SH,20260917,10.09,10.09,10.09,10.09,48200.0,486338.0,10.09
600252.SH,20260917,2.17,2.17,2.17,2.17,127800.0,277326.0,2.17
600255.SH,20260917,3.66,3.67,3.67,3.66,643100.0,2360008.96,3.67
600256.SH,20260917,6.85,6.85,6.85,6.85,471700.0,3231144.96,6.85
600257.SH,20260917,5.55,5.55,5.55,5.55,91000.0,505050.0,5.55
600258.SH,20260917,11.28,11.28,11.28,11.28,39200.0,442176.0,11.28
600259.SH,20260917,81.6,81.6,81.6,81.6,68600.0,5597760.0,81.6
600261.SH,20260917,3.18,3.18,3.18,3.18,67000.0,213060.0,3.18
600262.SH,20260917,14.88,14.88,14.88,14.88,18100.0,269328.0,14.88
600265.SH,20260917,21.98,21.98,21.98,21.98,500.0,10990.0,21.98
600266.SH,20260917,4.02,4.02,4.02,4.02,270200.0,1086204.0,4.02
600267.SH,20260917,11.35,11.35,11.35,11.35,52700.0,598145.0,11.35
600268.SH,20260917,10.38,10.38,10.38,10.38,17500.0,181650.0,10.38
600269.SH,20260917,3.82,3.82,3.82,3.82,85800.0,327756.0,3.82
600271.SH,20260917,6.71,6.71,6.71,6.71,10500.0,70455.0,6.71
600272.SH,20260917,14.92,14.92,14.92,14.92,44600.0,665432.0,14.92
600273.SH,20260917,6.43,6.43,6.43,6.43,30700.0,197401.0,6.43
600276.SH,20260917,43.35,43.33,43.35,43.33,167000.0,7236117.76,43.33
600278.SH,20260917,6.33,6.33,6.33,6.33,29900.0,189267.0,6.33
600279.SH,20260917,4.37,4.37,4.37,4.37,5300.0,23161.0,4.37
600280.SH,20260917,2.91,2.91,2.91,2.91,366600.0,1066806.0,2.91
600281.SH,20260917,4.63,4.55,4.63,4.55,32100.0,146207.0,4.55
600282.SH,20260917,4.6,4.6,4.6,4.6,140900.0,648140.0,4.6
600283.SH,20260917,7.99,7.99,7.99,7.99,14800.0,118252.0,7.99
600284.SH,20260917,5.01,5.01,5.01,5.01,3800.0,19038.0,5.01
600285.SH,20260917,19.09,19.09,19.09,19.09,6900.0,131721.0,19.09
600287.SH,20260917,4.84,4.84,4.84,4.84,16300.0,78892.0,4.84
600288.SH,20260917,10.75,10.75,10.75,10.75,32100.0,345075.0,10.75
600289.SH,20260917,4.1,4.1,4.1,4.1,3400.0,13940.0,4.1
600292.SH,20260917,11.89,11.89,11.89,11.89,8000.0,95120.0,11.89
600293.SH,20260917,3.08,3.09,3.09,3.08,177000.0,546929.0,3.09
600295.SH,20260917,13.27,13.27,13.27,13.27,10000.0,132700.0,13.27
600298.SH,20260917,40.41,40.41,40.41,40.41,14000.0,565740.0,40.41
600299.SH,20260917,8.29,8.29,8.29,8.29,140200.0,1162258.0,8.29
600300.SH,20260917,3.11,3.11,3.11,3.11,125100.0,389061.0,3.11
600301.SH,20260917,45.43,45.43,45.43,45.43,0.0,0.0,45.43
600302.SH,20260917,7.02,7.02,7.02,7.02,11300.0,79326.0,7.02
600303.SH,20260917,2.89,2.89,2.89,2.89,67100.0,193919.0,2.89
600305.SH,20260917,6.62,6.62,6.62,6.62,60900.0,403158.0,6.62
600307.SH,20260917,1.48,1.48,1.48,1.48,141300.0,209124.0,1.48
600308.SH,20260917,3.21,3.21,3.21,3.21,128000.0,410880.0,3.21
600309.SH,20260917,70.0,70.0,70.0,70.0,460500.0,32235000.32,70.0
600310.SH,20260917,4.75,4.75,4.75,4.75,382700.0,1817824.96,4.75
600312.SH,20260917,19.06,19.0,19.06,19.0,27800.0,528206.0,19.0
600313.SH,20260917,6.71,6.71,6.71,6.71,196100.0,1315831.04,6.71
600315.SH,20260917,17.59,17.59,17.59,17.59,18700.0,328933.0,17.59
600316.SH,20260917,32.56,32.48,32.56,32.48,19800.0,643264.0,32.49
600318.SH,20260917,6.52,6.52,6.52,6.52,476100.0,3104172.16,6.52
600319.SH,20260917,6.21,6.21,6.21,6.21,20700.0,128547.0,6.21
600320.SH,20260917,4.12,4.12,4.12,4.12,127401.0,524892.0,4.12
600322.SH,20260917,2.59,2.59,2.59,2.59,96600.0,250194.0,2.59
600323.SH,20260917,29.59,29.59,29.59,29.59,2800.0,82852.0,29.59
600325.SH,20260917,2.35,2.35,2.35,2.35,126800.0,297980.0,2.35
600326.SH,20260917,6.75,6.75,6.75,6.75,42400.0,286200.0,6.75
600327.SH,20260917,3.81,3.81,3.81,3.81,13700.0,52197.0,3.81
600328.SH,20260917,5.68,5.68,5.68,5.68,206000.0,1170080.0,5.68
600329.SH,20260917,34.25,34.25,34.25,34.25,1700.0,58225.0,34.25
600330.SH,20260917,30.8,30.8,30.8,30.8,1689300.0,52030438.4,30.8
600331.SH,20260917,11.42,11.42,11.42,11.42,348800.0,3983296.0,11.42
600332.SH,20260917,19.39,19.39,19.39,19.39,23900.0,463421.0,19.39
600333.SH,20260917,6.55,6.55,6.55,6.55,57800.0,378590.0,6.55
600335.SH,20260917,5.08,5.08,5.08,5.08,8400.0,42672.0,5.08
600336.SH,20260917,6.23,6.23,6.23,6.23,9900.0,61677.0,6.23
600337.SH,20260917,3.09,3.09,3.09,3.09,11300.0,34917.0,3.09
600338.SH,20260917,12.61,12.62,12.62,12.61,121600.0,1534591.04,12.62
600339.SH,20260917,3.3,3.3,3.3,3.3,352300.0,1162590.0,3.3
600340.SH,20260917,1.07,1.07,1.07,1.07,1559700.0,1668879.04,1.07
600343.SH,20260917,19.73,19.73,19.73,19.73,258300.0,5096258.88,19.73
600345.SH,20260917,53.28,53.28,53.28,53.28,38400.0,2045952.0,53.28
600346.SH,20260917,16.3,16.3,16.3,16.3,234600.0,3823980.16,16.3
600348.SH,20260917,9.12,9.12,9.12,9.12,104000.0,948480.0,9.12
600350.SH,20260917,10.18,10.18,10.18,10.18,35100.0,357318.0,10.18
600351.SH,20260917,6.59,6.59,6.59,6.59,64900.0,427691.0,6.59
600352.SH,20260917,11.5,11.5,11.5,11.5,137600.0,1582400.0,11.5
600353.SH,20260917,34.0,34.0,34.0,34.0,617000.0,20977999.36,34.0
600354.SH,20260917,8.98,8.98,8.98,8.98,1064300.0,9557413.76,8.98
600356.SH,20260917,9.19,9.19,9.19,9.19,9700.0,89143.0,9.19
600358.SH,20260917,4.98,4.98,4.98,4.98,19400.0,96612.0,4.98
600359.SH,20260917,7.46,7.46,7.46,7.46,1662800.0,12404487.68,7.46
600360.SH,20260917,10.88,10.88,10.89,10.87,758100.0,8248295.68,10.88
600361.SH,20260917,3.51,3.51,3.51,3.51,73800.0,259038.0,3.51
600362.SH,20260917,43.56,43.56,43.56,43.56,520300.0,22664268.8,43.56
600363.SH,20260917,15.34,15.34,15.34,15.34,408400.0,6264856.32,15.34
600365.SH,20260917,2.72,2.72,2.72,2.72,26900.0,73168.0,2.72
600366.SH,20260917,11.09,11.09,11.09,11.09,51600.0,572244.0,11.09
600367.SH,20260917,36.0,36.0,36.0,36.0,163100.0,5871600.0,36.0
600368.SH,20260917,4.13,4.13,4.13,4.13,551700.0,2278520.96,4.13
600369.SH,20260917,3.94,3.94,3.94,3.94,144900.0,570906.0,3.94
600370.SH,20260917,1.47,1.47,1.47,1.47,62400.0,91728.0,1.47
600371.SH,20260917,14.64,14.73,14.77,14.5,1633900.0,24048071.68,14.72
600372.SH,20260917,11.37,11.37,11.37,11.37,254200.0,2890254.08,11.37
600373.SH,20260917,7.29,7.29,7.29,7.29,21500.0,156735.0,7.29
600375.SH,20260917,3.66,3.66,3.67,3.66,53300.0,195094.0,3.66
600376.SH,20260917,3.08,3.08,3.08,3.08,169200.0,521136.0,3.08
600377.SH,20260917,12.8,12.8,12.8,12.8,37000.0,473600.0,12.8
600378.SH,20260917,47.8,47.8,47.8,47.8,328900.0,15721419.52,47.8
600379.SH,20260917,13.74,13.64,13.74,13.64,22400.0,305556.0,13.64
600380.SH,20260917,9.14,9.14,9.14,9.14,35800.0,327212.0,9.14
600381.SH,20260917,3.87,3.87,3.87,3.87,0.0,0.0,3.87
600382.SH,20260917,6.2,6.2,6.2,6.2,29600.0,183520.0,6.2
600383.SH,20260917,2.13,2.13,2.13,2.13,545500.0,1161915.04,2.13
600386.SH,20260917,3.43,3.43,3.43,3.43,12800.0,43904.0,3.43
600388.SH,20260917,17.65,17.65,17.65,17.65,24200.0,427130.0,17.65
600389.SH,20260917,18.63,18.66,18.66,18.63,32500.0,606408.0,18.66
600390.SH,20260917,4.86,4.86,4.86,4.86,238500.0,1159110.0,4.86
600391.SH,20260917,41.16,41.16,41.16,41.16,24600.0,1012536.0,41.16
600392.SH,20260917,21.6,21.6,21.6,21.6,355600.0,7680960.0,21.6
600395.SH,20260917,5.2,5.2,5.2,5.2,104900.0,545480.0,5.2
600396.SH,20260917,13.39,13.35,13.4,13.35,470200.0,6277920.0,13.35
600397.SH,20260917,17.1,17.1,17.1,17.1,277900.0,4752089.92,17.1
600398.SH,20260917,5.81,5.81,5.81,5.81,38300.0,222523.0,5.81
600399.SH,20260917,4.44,4.45,4.45,4.44,158100.0,703544.0,4.45
600400.SH,20260917,3.17,3.17,3.17,3.17,314800.0,997916.0,3.17
600403.SH,20260917,6.7,6.7,6.7,6.7,422200.0,2828739.84,6.7
600405.SH,20260917,4.95,4.95,4.95,4.95,24800.0,122760.0,4.95
600406.SH,20260917,22.0,22.0,22.0,22.0,175400.0,3858800.0,22.0
600408.SH,20260917,3.09,3.09,3.09,3.09,96000.0,296640.0,3.09
600409.SH,20260917,6.35,6.35,6.35,6.35,64900.0,412115.0,6.35
600410.SH,20260917,15.7,15.7,15.7,15.7,1058600.0,16620020.48,15.7
600415.SH,20260917,11.48,11.48,11.48,11.48,141700.0,1626716.0,11.48
600416.SH,20260917,8.44,8.44,8.44,8.44,45900.0,387396.0,8.44
600418.SH,20260917,18.88,18.88,18.88,18.87,382600.0,7223328.0,18.88
600419.SH,20260917,8.45,8.45,8.45,8.45,2900.0,24505.0,8.45
600420.SH,20260917,8.2,8.2,8.2,8.2,21900.0,179580.0,8.2
600422.SH,20260917,8.1,8.1,8.1,8.1,2700.0,21870.0,8.1
600423.SH,20260917,2.72,2.72,2.72,2.72,2000.0,5440.0,2.72
600425.SH,20260917,3.61,3.61,3.61,3.61,88900.0,320929.0,3.61
600426.SH,20260917,19.55,19.55,19.55,19.55,147900.0,2891445.12,19.55
600428.SH,20260917,11.0,11.0,11.0,11.0,16500.0,181500.0,11.0
600429.SH,20260917,4.5,4.5,4.5,4.5,26400.0,118800.0,4.5
600433.SH,20260917,3.24,3.24,3.24,3.24,80700.0,261468.0,3.24
600435.SH,20260917,11.19,11.19,11.19,11.19,36200.0,405078.0,11.19
600436.SH,20260917,116.06,116.06,116.06,116.06,4700.0,545482.0,116.06
600438.SH,20260917,11.14,11.14,11.14,11.14,66300.0,738582.0,11.14
600439.SH,20260917,1.85,1.85,1.85,1.85,45900.0,84915.0,1.85
600444.SH,20260917,13.65,13.65,13.65,13.65,26100.0,356265.0,13.65
600446.SH,20260917,10.42,10.42,10.42,10.42,20700.0,215694.0,10.42
600448.SH,20260917,2.94,2.94,2.94,2.94,165800.0,487452.0,2.94
600449.SH,20260917,12.46,12.46,12.46,12.46,15500.0,193130.0,12.46
600452.SH,20260917,9.1,9.1,9.1,9.1,54900.0,499590.0,9.1
600455.SH,20260917,22.89,22.89,22.89,22.89,7200.0,164808.0,22.89
600456.SH,20260917,25.38,25.38,25.38,25.38,7000.0,177660.0,25.38
600458.SH,20260917,11.65,11.63,11.65,11.63,52200.0,607286.0,11.63
600459.SH,20260917,19.18,19.18,19.18,19.18,109000.0,2090620.0,19.18
600460.SH,20260917,31.0,31.0,31.0,31.0,723800.0,22437800.96,31.0
600461.SH,20260917,9.04,9.04,9.04,9.04,14600.0,131984.0,9.04
600463.SH,20260917,7.82,7.82,7.82,7.82,24300.0,190026.0,7.82
600467.SH,20260917,2.41,2.41,2.41,2.41,326400.0,786624.0,2.41
600468.SH,20260917,6.38,6.38,6.38,6.38,190800.0,1217304.0,6.38
600469.SH,20260917,4.94,4.94,4.94,4.94,19900.0,98306.0,4.94
600470.SH,20260917,5.67,5.67,5.67,5.67,76800.0,435456.0,5.67
600475.SH,20260917,14.68,14.68,14.68,14.68,15000.0,220200.0,14.68
600476.SH,20260917,9.86,9.86,9.86,9.86,3800.0,37468.0,9.86
600477.SH,20260917,2.41,2.41,2.41,2.41,68100.0,164121.0,2.41
600478.SH,20260917,4.7,4.7,4.7,4.7,91600.0,430520.0,4.7
600479.SH,20260917,11.26,11.26,11.26,11.26,179700.0,2023422.08,11.26
600480.SH,20260917,7.66,7.66,7.66,7.66,43300.0,331678.0,7.66
600481.SH,20260917,4.12,4.12,4.12,4.12,135700.0,559084.0,4.12
600482.SH,20260917,31.82,31.82,31.82,31.82,77300.0,2459686.08,31.82
600483.SH,20260917,11.14,11.16,11.16,11.14,39700.0,442982.0,11.16
600486.SH,20260917,52.8,52.8,52.8,52.8,11500.0,607200.0,52.8
600487.SH,20260917,65.4,65.4,65.4,65.4,1592700.0,104162580.48,65.4
600488.SH,20260917,5.99,5.99,5.99,5.99,724400.0,4339155.84,5.99
600489.SH,20260917,25.16,25.16,25.16,25.16,1225919.04,30844121.6,25.16
600490.SH,20260917,7.3,7.3,7.3,7.3,394900.0,2882769.92,7.3
600491.SH,20260917,1.72,1.72,1.72,1.72,551600.0,948752.0,1.72
600493.SH,20260917,6.03,6.03,6.03,6.03,53700.0,323811.0,6.03
600495.SH,20260917,4.04,4.04,4.04,4.04,20800.0,84032.0,4.04
600496.SH,20260917,3.26,3.25,3.26,3.25,309300.0,1005374.0,3.25
600497.SH,20260917,9.62,9.62,9.62,9.62,877900.0,8445397.76,9.62
600498.SH,20260917,42.2,42.0,42.2,41.98,882904.96,37097128.96,42.02
600499.SH,20260917,13.45,13.45,13.45,13.45,52700.0,708815.04,13.45
600500.SH,20260917,6.0,6.0,6.0,6.0,3825800.0,22954800.64,6.0
600501.SH,20260917,14.9,14.9,14.9,14.9,24200.0,360580.0,14.9
600502.SH,20260917,4.28,4.28,4.28,4.28,41300.0,176764.0,4.28
600503.SH,20260917,2.12,2.12,2.12,2.12,124500.0,263940.0,2.12
600505.SH,20260917,11.08,11.08,11.08,11.08,230000.0,2548400.0,11.08
600506.SH,20260917,16.58,16.58,16.58,16.58,415300.0,6885674.24,16.58
600507.SH,20260917,4.11,4.11,4.11,4.11,64500.0,265095.0,4.11
600508.SH,20260917,10.65,10.65,10.65,10.65,80800.0,860520.0,10.65
600509.SH,20260917,7.35,7.35,7.35,7.35,185600.0,1364160.0,7.35
600510.SH,20260917,6.44,6.44,6.44,6.44,6300.0,40572.0,6.44
600511.SH,20260917,26.19,26.19,26.19,26.19,3900.0,102141.0,26.19
600512.SH,20260917,2.05,2.05,2.05,2.05,43600.0,89380.0,2.05
600513.SH,20260917,14.57,14.57,14.57,14.57,12000.0,174840.0,14.57
600515.SH,20260917,2.69,2.69,2.69,2.69,628200.0,1689857.92,2.69
600516.SH,20260917,5.21,5.21,5.21,5.21,209363.0,1090780.96,5.21
600517.SH,20260917,4.93,4.93,4.93,4.93,43700.0,215441.0,4.93
600518.SH,20260917,1.33,1.33,1.33,1.33,1030291.04,1370287.04,1.33
600519.SH,20260917,1257.98,1257.98,1257.98,1257.98,14000.0,17611719.68,1257.98
600520.SH,20260917,24.83,24.83,24.83,24.83,10500.0,260715.0,24.83
600521.SH,20260917,16.1,16.1,16.1,16.1,125700.0,2023769.92,16.1
600522.SH,20260917,34.9,34.9,34.9,34.9,1325400.0,46256460.8,34.9
600523.SH,20260917,11.8,11.8,11.8,11.8,41000.0,483800.0,11.8
600525.SH,20260917,4.76,4.76,4.76,4.76,27400.0,130424.0,4.76
600526.SH,20260917,4.55,4.55,4.55,4.55,49400.0,224770.0,4.55
600527.SH,20260917,2.19,2.19,2.19,2.19,96400.0,211116.0,2.19
600528.SH,20260917,6.82,6.82,6.82,6.82,12400.0,84568.0,6.82
600529.SH,20260917,18.32,18.32,18.32,18.32,16400.0,300448.0,18.32
600530.SH,20260917,3.7,3.7,3.7,3.7,7800.0,28860.0,3.7
600531.SH,20260917,12.27,12.27,12.27,12.27,222800.0,2733756.16,12.27
600533.SH,20260917,2.18,2.18,2.18,2.18,65200.0,142136.0,2.18
600535.SH,20260917,13.89,13.89,13.89,13.89,21800.0,302802.0,13.89
600536.SH,20260917,31.43,31.43,31.43,31.43,42700.0,1342060.96,31.43
600537.SH,20260917,2.1,2.1,2.1,2.1,133300.0,279930.0,2.1
600538.SH,20260917,4.89,4.89,4.89,4.89,2500.0,12225.0,4.89
600539.SH,20260917,13.04,13.04,13.04,13.04,24600.0,320784.0,13.04
600540.SH,20260917,5.21,5.21,5.21,5.21,421200.0,2194452.0,5.21
600543.SH,20260917,4.01,4.01,4.01,4.01,1500.0,6015.0,4.01
600545.SH,20260917,4.59,4.59,4.6,4.59,4298300.16,19729387.52,4.59
600546.SH,20260917,13.05,13.05,13.05,13.05,49900.0,651195.0,13.05
600547.SH,20260917,34.5,34.33,34.5,34.33,1144204.96,39294479.36,34.34
600548.SH,20260917,8.18,8.18,8.18,8.18,28700.0,234766.0,8.18
600549.SH,20260917,49.89,49.89,49.89,49.89,349200.0,17421588.48,49.89
600550.SH,20260917,10.69,10.69,10.69,10.69,54800.0,585812.0,10.69
600551.SH,20260917,7.45,7.45,7.45,7.45,62800.0,467860.0,7.45
600552.SH,20260917,17.4,17.4,17.4,17.4,139100.0,2420340.0,17.4
600556.SH,20260917,4.59,4.59,4.59,4.59,28900.0,132651.0,4.59
600557.SH,20260917,12.02,12.02,12.02,12.02,2000.0,24040.0,12.02
600558.SH,20260917,4.69,4.69,4.69,4.69,12700.0,59563.0,4.69
600559.SH,20260917,10.98,10.98,10.98,10.98,19100.0,209718.0,10.98
600560.SH,20260917,10.92,10.92,10.92,10.92,0.0,0.0,10.92
600561.SH,20260917,5.71,5.71,5.71,5.71,21300.0,121623.0,5.71
600562.SH,20260917,27.62,27.62,27.62,27.62,27500.0,759550.0,27.62
600563.SH,20260917,125.14,125.14,125.14,125.14,10400.0,1301456.0,125.14
600566.SH,20260917,25.28,25.28,25.28,25.28,4300.0,108704.0,25.28
600567.SH,20260917,1.31,1.31,1.31,1.31,305500.0,400205.0,1.31
600568.SH,20260917,2.33,2.33,2.33,2.33,66000.0,153780.0,2.33
600569.SH,20260917,1.79,1.79,1.79,1.79,45900.0,82161.0,1.79
600570.SH,20260917,20.05,20.05,20.05,20.05,33200.0,665660.0,20.05
600571.SH,20260917,10.4,10.4,10.4,10.4,7800.0,81120.0,10.4
600572.SH,20260917,4.21,4.21,4.21,4.21,84500.0,355745.0,4.21
600573.SH,20260917,9.68,9.68,9.68,9.68,30800.0,298144.0,9.68
600575.SH,20260917,3.27,3.27,3.27,3.27,87600.0,286452.0,3.27
600576.SH,20260917,5.34,5.34,5.34,5.34,20500.0,109470.0,5.34
600577.SH,20260917,8.05,8.05,8.05,8.05,234300.0,1886115.04,8.05
600578.SH,20260917,5.41,5.41,5.41,5.41,332800.0,1800448.0,5.41
600579.SH,20260917,7.12,7.12,7.12,7.12,82300.0,585976.0,7.12
600580.SH,20260917,26.54,26.54,26.54,26.54,90600.0,2404524.0,26.54
600581.SH,20260917,2.35,2.35,2.35,2.35,352700.0,828844.96,2.35
600582.SH,20260917,4.96,4.96,4.96,4.96,110100.0,546096.0,4.96
600583.SH,20260917,6.04,6.04,6.04,6.04,258800.0,1563152.0,6.04
600584.SH,20260917,69.0,69.0,69.0,69.0,446000.0,30774000.64,69.0
600585.SH,20260917,16.9,16.9,16.9,16.9,87800.0,1483820.0,16.9
600586.SH,20260917,4.12,4.12,4.12,4.12,12800.0,52736.0,4.12
600587.SH,20260917,12.2,12.2,12.2,12.2,2500.0,30500.0,12.2
600588.SH,20260917,9.34,9.34,9.34,9.34,29700.0,277398.0,9.34
600589.SH,20260917,7.78,7.78,7.78,7.78,140600.0,1093868.0,7.78
600590.SH,20260917,8.73,8.73,8.73,8.73,309800.0,2704553.92,8.73
600592.SH,20260917,14.35,14.35,14.35,14.35,16600.0,238210.0,14.35
600593.SH,20260917,39.44,39.44,39.44,39.44,17000.0,670480.0,39.44
600594.SH,20260917,3.49,3.49,3.49,3.49,13800.0,48162.0,3.49
600595.SH,20260917,6.02,6.0,6.06,6.0,4284200.0,25706780.16,6.0
600596.SH,20260917,12.31,12.31,12.31,12.31,444000.0,5465639.68,12.31
600597.SH,20260917,6.75,6.75,6.75,6.75,38600.0,260550.0,6.75
600598.SH,20260917,12.42,12.42,12.42,12.42,92800.0,1152576.0,12.42
600600.SH,20260917,50.32,50.32,50.32,50.32,6200.0,311984.0,50.32
600601.SH,20260917,15.15,15.15,15.15,15.15,984000.0,14907599.36,15.15
600602.SH,20260917,16.73,16.73,16.73,16.73,50300.0,841519.04,16.73
600603.SH,20260917,4.86,4.87,4.87,4.86,61700.0,300478.0,4.87
600604.SH,20260917,4.44,4.44,4.44,4.44,28200.0,125208.0,4.44
600605.SH,20260917,25.88,25.88,25.88,25.88,9800.0,253624.0,25.88
600606.SH,20260917,1.27,1.27,1.27,1.27,2196800.0,2789936.0,1.27
600609.SH,20260917,3.23,3.23,3.23,3.23,274000.0,885020.0,3.23
600610.SH,20260917,7.48,7.48,7.48,7.48,112900.0,844492.0,7.48
600611.SH,20260917,4.43,4.43,4.43,4.43,165700.0,734051.04,4.43
600612.SH,20260917,31.65,31.64,31.65,31.64,17300.0,547373.0,31.64
600613.SH,20260917,8.27,8.27,8.27,8.27,346500.0,2865554.88,8.27
600615.SH,20260917,9.1,9.1,9.1,9.1,11200.0,101920.0,9.1
600616.SH,20260917,4.73,4.73,4.73,4.73,3614899.84,17098475.52,4.73
600617.SH,20260917,3.35,3.35,3.35,3.35,491800.0,1647529.92,3.35
600618.SH,20260917,9.82,9.82,9.82,9.82,7300.0,71686.0,9.82
600619.SH,20260917,13.04,13.04,13.04,13.04,20700.0,269928.0,13.04
600620.SH,20260917,4.34,4.34,4.34,4.34,46900.0,203546.0,4.34
600621.SH,20260917,12.8,12.8,12.8,12.8,60900.0,779520.0,12.8
600622.SH,20260917,2.33,2.33,2.33,2.33,53700.0,125121.0,2.33
600623.SH,20260917,8.5,8.5,8.5,8.5,52200.0,443700.0,8.5
600624.SH,20260917,4.57,4.57,4.57,4.57,0.0,0.0,4.57
600626.SH,20260917,3.55,3.55,3.55,3.55,31800.0,112890.0,3.55
600628.SH,20260917,6.2,6.2,6.2,6.2,6000.0,37200.0,6.2
600629.SH,20260917,16.11,16.11,16.11,16.11,134000.0,2158740.0,16.11
600630.SH,20260917,6.87,6.87,6.87,6.87,17600.0,120912.0,6.87
600633.SH,20260917,10.08,10.08,10.08,10.08,38800.0,391104.0,10.08
600635.SH,20260917,4.57,4.57,4.57,4.57,65200.0,297964.0,4.57
600637.SH,20260917,8.34,8.34,8.34,8.34,97000.0,808980.0,8.34
600638.SH,20260917,4.75,4.75,4.75,4.75,28100.0,133475.0,4.75
600639.SH,20260917,9.33,9.33,9.33,9.33,3200.0,29856.0,9.33
600640.SH,20260917,10.57,10.57,10.57,10.57,4100.0,43337.0,10.57
600641.SH,20260917,33.24,33.1,33.27,32.9,963582.0,31879068.16,33.08
600642.SH,20260917,8.67,8.67,8.67,8.67,30600.0,265302.0,8.67
600643.SH,20260917,3.97,3.97,3.97,3.97,76900.0,305293.0,3.97
600644.SH,20260917,10.12,10.12,10.12,10.12,2177700.0,22038323.2,10.12
600645.SH,20260917,17.87,17.87,17.87,17.87,7600.0,135812.0,17.87
600648.SH,20260917,9.27,9.27,9.27,9.27,22100.0,204867.0,9.27
600649.SH,20260917,3.8,3.8,3.8,3.8,121800.0,462840.0,3.8
600650.SH,20260917,10.12,10.12,10.12,10.12,13700.0,138644.0,10.12
600651.SH,20260917,5.15,5.15,5.15,5.15,22700.0,116905.0,5.15
600653.SH,20260917,1.69,1.69,1.69,1.69,22600.0,38194.0,1.69
600654.SH,20260917,3.0,3.0,3.0,3.0,357700.0,1073100.0,3.0
600655.SH,20260917,4.56,4.56,4.56,4.56,12300.0,56088.0,4.56
600657.SH,20260917,2.76,2.76,2.76,2.76,234700.0,647772.0,2.76
600658.SH,20260917,3.98,3.98,3.98,3.98,39100.0,155618.0,3.98
600660.SH,20260917,54.23,54.23,54.23,54.23,21500.0,1165944.96,54.23
600661.SH,20260917,8.44,8.44,8.44,8.44,16300.0,137572.0,8.44
600662.SH,20260917,4.17,4.17,4.17,4.17,34300.0,143031.0,4.17
600663.SH,20260917,8.81,8.81,8.81,8.81,27100.0,238751.0,8.81
600664.SH,20260917,7.36,7.36,7.36,7.36,6011600.0,44245376.0,7.36
600665.SH,20260917,3.39,3.39,3.39,3.39,41700.0,141363.0,3.39
600666.SH,20260917,3.48,3.5,3.5,3.48,1601200.0,5603200.0,3.5
600667.SH,20260917,19.88,19.88,19.88,19.88,3881486.08,77163944.96,19.88
600668.SH,20260917,7.11,7.11,7.11,7.11,8400.0,59724.0,7.11
600671.SH,20260917,22.13,22.13,22.13,22.13,9300.0,205809.0,22.13
600673.SH,20260917,31.48,31.48,31.48,31.48,24500.0,771260.0,31.48
600674.SH,20260917,15.99,15.99,15.99,15.99,69300.0,1108107.04,15.99
600675.SH,20260917,2.19,2.19,2.19,2.19,37400.0,81906.0,2.19
600676.SH,20260917,6.6,6.6,6.6,6.6,109900.0,725340.0,6.6
600678.SH,20260917,5.67,5.67,5.67,5.67,6700.0,37989.0,5.67
600679.SH,20260917,9.86,9.86,9.86,9.86,3000.0,29580.0,9.86
600681.SH,20260917,3.47,3.47,3.47,3.47,58800.0,204036.0,3.47
600682.SH,20260917,5.47,5.47,5.47,5.47,63300.0,346251.0,5.47
600683.SH,20260917,9.38,9.38,9.38,9.38,37600.0,352688.0,9.38
600684.SH,20260917,3.36,3.36,3.36,3.36,19500.0,65520.0,3.36
600685.SH,20260917,27.9,27.9,27.9,27.9,34000.0,948600.0,27.9
600686.SH,20260917,10.66,10.66,10.66,10.66,48500.0,517010.0,10.66
600688.SH,20260917,2.79,2.79,2.79,2.79,175400.0,489366.0,2.79
600689.SH,20260917,11.76,11.76,11.76,11.76,9200.0,108192.0,11.76
600690.SH,20260917,20.7,20.7,20.7,20.7,140500.0,2908350.08,20.7
600691.SH,20260917,2.88,2.88,2.88,2.88,352400.0,1014912.0,2.88
600692.SH,20260917,6.21,6.21,6.21,6.21,7800.0,48438.0,6.21
600693.SH,20260917,9.1,9.1,9.1,9.1,473800.0,4311580.16,9.1
600694.SH,20260917,14.25,14.25,14.25,14.25,4000.0,57000.0,14.25
600697.SH,20260917,11.03,11.03,11.03,11.03,1103500.0,12171604.48,11.03
600698.SH,20260917,7.06,7.06,7.06,7.06,391900.0,2766814.08,7.06
600699.SH,20260917,18.0,18.0,18.0,18.0,86600.0,1558800.0,18.0
600702.SH,20260917,33.0,33.0,33.0,33.0,27600.0,910800.0,33.0
600703.SH,20260917,12.69,12.7,12.7,12.69,710700.0,9025763.2,12.7
600704.SH,20260917,4.89,4.89,4.89,4.89,89200.0,436188.0,4.89
600706.SH,20260917,8.0,8.0,8.0,8.0,52100.0,416800.0,8.0
600707.SH,20260917,9.02,9.02,9.02,9.02,611900.0,5519338.24,9.02
600708.SH,20260917,2.97,2.97,2.97,2.97,35900.0,106623.0,2.97
600710.SH,20260917,11.06,11.06,11.06,11.06,31900.0,352814.0,11.06
600711.SH,20260917,10.85,10.82,10.85,10.82,929200.0,10054819.2,10.82
600712.SH,20260917,4.95,4.91,4.95,4.91,723700.0,3554526.08,4.91
600713.SH,20260917,5.0,5.0,5.0,5.0,771900.0,3859500.16,5.0
600714.SH,20260917,17.28,17.28,17.28,17.28,67500.0,1166400.0,17.28
600715.SH,20260917,1.63,1.63,1.63,1.63,228600.0,372618.0,1.63
600716.SH,20260917,3.55,3.56,3.56,3.55,15100.0,53728.0,3.56
600717.SH,20260917,4.28,4.28,4.28,4.28,63400.0,271352.0,4.28
600718.SH,20260917,7.78,7.78,7.78,7.78,12700.0,98806.0,7.78
600719.SH,20260917,7.63,7.63,7.63,7.63,61100.0,466193.0,7.63
600720.SH,20260917,5.12,5.13,5.13,5.12,33300.0,170693.0,5.13
600721.SH,20260917,10.9,10.9,10.9,10.9,497200.0,5419480.32,10.9
600722.SH,20260917,15.75,15.75,15.75,15.75,746900.0,11763674.88,15.75
600724.SH,20260917,4.9,4.9,4.9,4.9,0.0,0.0,4.9
600725.SH,20260917,3.28,3.28,3.28,3.28,300.0,984.0,3.28
600726.SH,20260917,5.22,5.22,5.22,5.22,390000.0,2035800.0,5.22
600727.SH,20260917,7.46,7.46,7.46,7.46,34300.0,255878.0,7.46
600728.SH,20260917,4.47,4.47,4.47,4.47,28300.0,126501.0,4.47
600729.SH,20260917,18.43,18.43,18.43,18.43,4500.0,82935.0,18.43
600730.SH,20260917,8.25,8.25,8.25,8.25,36200.0,298650.0,8.25
600731.SH,20260917,5.68,5.68,5.68,5.68,1800.0,10224.0,5.68
600732.SH,20260917,10.0,10.0,10.0,10.0,58200.0,582000.0,10.0
600733.SH,20260917,4.52,4.52,4.52,4.51,872800.0,3944453.12,4.52
600734.SH,20260917,1.95,1.95,1.95,1.95,562700.0,1097264.96,1.95
600735.SH,20260917,6.55,6.55,6.55,6.55,44200.0,289510.0,6.55
600736.SH,20260917,6.36,6.36,6.36,6.36,26100.0,165996.0,6.36
600737.SH,20260917,14.11,14.11,14.11,14.11,255300.0,3602282.88,14.11
600738.SH,20260917,4.23,4.23,4.23,4.22,98500.0,416653.0,4.23
600739.SH,20260917,10.22,10.22,10.22,10.22,155400.0,1588188.0,10.22
600740.SH,20260917,3.83,3.83,3.83,3.83,226500.0,867495.04,3.83
600741.SH,20260917,14.92,14.92,14.92,14.92,106200.0,1584504.0,14.92
600742.SH,20260917,7.66,7.66,7.66,7.66,65100.0,498666.0,7.66
600743.SH,20260917,2.04,2.04,2.04,2.04,151200.0,308448.0,2.04
600744.SH,20260917,6.55,6.55,6.55,6.55,2385900.0,15627645.44,6.55
600745.SH,20260917,16.72,16.72,16.72,16.72,457600.0,7651072.0,16.72
600746.SH,20260917,6.8,6.8,6.8,6.8,14600.0,99280.0,6.8
600748.SH,20260917,3.76,3.76,3.76,3.76,7000.0,26320.0,3.76
600749.SH,20260917,13.41,13.43,13.43,13.41,25400.0,341118.0,13.43
600750.SH,20260917,22.17,22.17,22.17,22.17,7300.0,161841.0,22.17
600751.SH,20260917,3.05,3.05,3.05,3.05,10300.0,31415.0,3.05
600753.SH,20260917,11.9,11.9,11.9,11.9,800.0,9520.0,11.9
600754.SH,20260917,18.49,18.49,18.49,18.49,42942.0,793998.0,18.49
600755.SH,20260917,5.53,5.53,5.53,5.53,150100.0,830052.96,5.53
600756.SH,20260917,13.67,13.68,13.68,13.67,1700.0,23254.0,13.68
600757.SH,20260917,7.24,7.24,7.24,7.24,10000.0,72400.0,7.24
600758.SH,20260917,3.65,3.65,3.65,3.65,51300.0,187245.0,3.65
600759.SH,20260917,2.37,2.37,2.37,2.37,2083600.0,4938131.84,2.37
600760.SH,20260917,44.34,44.34,44.34,44.34,71700.0,3179177.92,44.34
600761.SH,20260917,15.41,15.41,15.41,15.41,32400.0,499284.0,15.41
600763.SH,20260917,32.29,32.29,32.29,32.29,23400.0,755586.0,32.29
600764.SH,20260917,18.65,18.65,18.65,18.65,12400.0,231260.0,18.65
600765.SH,20260917,13.36,13.36,13.36,13.36,30600.0,408816.0,13.36
600768.SH,20260917,14.19,14.19,14.19,14.19,9200.0,130548.0,14.19
600769.SH,20260917,14.98,14.98,14.98,14.98,22500.0,337050.0,14.98
600770.SH,20260917,5.82,5.8,5.82,5.8,893200.0,5180649.92,5.8
600771.SH,20260917,13.41,13.41,13.41,13.41,26800.0,359388.0,13.41
600773.SH,20260917,10.06,10.06,10.06,10.06,100000.0,1006000.0,10.06
600774.SH,20260917,7.45,7.45,7.45,7.45,8700.0,64815.0,7.45
600775.SH,20260917,9.64,9.64,9.64,9.64,29000.0,279560.0,9.64
600776.SH,20260917,13.4,13.4,13.4,13.4,81900.0,1097460.0,13.4
600777.SH,20260917,4.02,4.02,4.02,4.02,509500.0,2048190.08,4.02
600778.SH,20260917,5.91,5.92,5.92,5.91,176600.0,1045456.96,5.92
600779.SH,20260917,25.6,25.6,25.6,25.6,4500.0,115200.0,25.6
600780.SH,20260917,6.24,6.24,6.24,6.24,21200.0,132288.0,6.24
600782.SH,20260917,2.7,2.7,2.7,2.7,63100.0,170370.0,2.7
600783.SH,20260917,15.26,15.26,15.26,15.26,89000.0,1358140.0,15.26
600784.SH,20260917,6.97,6.97,6.97,6.97,4400.0,30668.0,6.97
600785.SH,20260917,10.18,10.18,10.18,10.18,99500.0,1012910.0,10.18
600787.SH,20260917,4.6,4.6,4.6,4.6,75200.0,345920.0,4.6
600789.SH,20260917,7.4,7.4,7.4,7.4,49400.0,365560.0,7.4
600790.SH,20260917,3.4,3.4,3.4,3.4,520100.0,1768340.0,3.4
600791.SH,20260917,6.77,6.77,6.77,6.77,10700.0,72439.0,6.77
600792.SH,20260917,4.86,4.86,4.86,4.86,2444300.0,11879298.56,4.86
600793.SH,20260917,16.2,16.24,16.24,16.2,177200.0,2877724.16,16.24
600794.SH,20260917,3.17,3.17,3.17,3.17,21800.0,69106.0,3.17
600795.SH,20260917,5.3,5.3,5.3,5.3,117500.0,622750.0,5.3
600796.SH,20260917,5.04,5.04,5.04,5.04,4500.0,22680.0,5.04
600797.SH,20260917,6.55,6.55,6.55,6.55,19700.0,129035.0,6.55
600798.SH,20260917,3.35,3.35,3.35,3.35,234000.0,783900.0,3.35
600800.SH,20260917,3.31,3.32,3.32,3.31,14500.0,48136.0,3.32
600801.SH,20260917,24.02,24.02,24.02,24.02,46400.0,1114528.0,24.02
600802.SH,20260917,5.79,5.8,5.8,5.79,1067400.0,6190826.88,5.8
600803.SH,20260917,18.83,18.83,18.83,18.83,11900.0,224077.0,18.83
600805.SH,20260917,4.44,4.45,4.45,4.44,36800.0,163741.0,4.45
600807.SH,20260917,2.67,2.67,2.67,2.67,239700.0,639999.0,2.67
600808.SH,20260917,2.55,2.55,2.55,2.55,326800.0,833340.0,2.55
600809.SH,20260917,112.0,112.0,112.0,112.0,13200.0,1478400.0,112.0
600810.SH,20260917,6.29,6.29,6.29,6.29,4200.0,26418.0,6.29
600812.SH,20260917,4.5,4.5,4.5,4.5,73200.0,329400.0,4.5
600814.SH,20260917,6.68,6.68,6.68,6.68,26100.0,174348.0,6.68
600815.SH,20260917,3.6,3.6,3.6,3.6,431100.0,1551960.0,3.6
600816.SH,20260917,2.42,2.42,2.42,2.42,378607.0,916228.96,2.42
600817.SH,20260917,9.22,9.22,9.22,9.22,600.0,5532.0,9.22
600818.SH,20260917,8.78,8.78,8.78,8.78,22600.0,198428.0,8.78
600819.SH,20260917,5.63,5.63,5.63,5.63,7600.0,42788.0,5.63
600820.SH,20260917,5.4,5.4,5.4,5.4,48800.0,263520.0,5.4
600821.SH,20260917,6.2,6.21,6.21,6.2,371400.0,2305912.96,6.21
600822.SH,20260917,8.5,8.5,8.5,8.5,31800.0,270300.0,8.5
600824.SH,20260917,3.56,3.56,3.56,3.56,47000.0,167320.0,3.56
600825.SH,20260917,5.31,5.31,5.31,5.31,0.0,0.0,5.31
600826.SH,20260917,7.32,7.32,7.32,7.32,12400.0,90768.0,7.32
600827.SH,20260917,7.62,7.62,7.62,7.62,13400.0,102108.0,7.62
600828.SH,20260917,4.07,4.07,4.07,4.07,73300.0,298331.0,4.07
600829.SH,20260917,9.33,9.33,9.33,9.33,26300.0,245379.0,9.33
600830.SH,20260917,8.33,8.33,8.33,8.33,69400.0,578102.0,8.33
600831.SH,20260917,3.28,3.28,3.28,3.28,31400.0,102992.0,3.28
600833.SH,20260917,10.08,10.08,10.08,10.08,31500.0,317520.0,10.08
600834.SH,20260917,7.53,7.53,7.53,7.53,6000.0,45180.0,7.53
600835.SH,20260917,17.7,17.7,17.7,17.7,9200.0,162840.0,17.7
600838.SH,20260917,7.7,7.7,7.7,7.7,12500.0,96250.0,7.7
600839.SH,20260917,6.6,6.6,6.6,6.6,144100.0,951060.0,6.6
600841.SH,20260917,5.74,5.72,5.74,5.72,342900.0,1962076.96,5.72
600843.SH,20260917,6.88,6.89,6.89,6.88,9600.0,66143.0,6.89
600844.SH,20260917,3.38,3.38,3.38,3.38,686200.0,2319356.0,3.38
600845.SH,20260917,16.75,16.75,16.75,16.75,18000.0,301500.0,16.75
600846.SH,20260917,10.78,10.78,10.78,10.78,4000.0,43120.0,10.78
600847.SH,20260917,11.97,11.97,11.97,11.97,9200.0,110124.0,11.97
600848.SH,20260917,8.31,8.31,8.31,8.31,12300.0,102213.0,8.31
600850.SH,20260917,13.9,13.9,13.9,13.9,19020.0,264378.0,13.9
600851.SH,20260917,8.3,8.3,8.3,8.3,19800.0,164340.0,8.3
600853.SH,20260917,3.24,3.24,3.24,3.24,4800.0,15552.0,3.24
600854.SH,20260917,4.57,4.57,4.57,4.57,57600.0,263232.0,4.57
600855.SH,20260917,13.11,13.11,13.11,13.11,44400.0,582084.0,13.11
600857.SH,20260917,20.9,20.9,20.9,20.9,47900.0,1001110.0,20.9
600858.SH,20260917,4.88,4.88,4.88,4.88,10000.0,48800.0,4.88
600859.SH,20260917,9.55,9.55,9.55,9.55,11700.0,111735.0,9.55
600860.SH,20260917,8.04,8.04,8.04,8.04,13800.0,110952.0,8.04
600861.SH,20260917,12.5,12.5,12.5,12.5,1800.0,22500.0,12.5
600862.SH,20260917,17.91,17.91,17.91,17.91,15900.0,284769.0,17.91
600863.SH,20260917,4.76,4.76,4.76,4.76,225900.0,1075284.0,4.76
600864.SH,20260917,5.93,5.93,5.93,5.93,2389000.0,14166769.92,5.93
600865.SH,20260917,10.27,10.27,10.27,10.27,507000.0,5206889.92,10.27
600866.SH,20260917,4.05,4.05,4.05,4.05,423400.0,1714769.92,4.05
600867.SH,20260917,7.73,7.73,7.73,7.73,28200.0,217986.0,7.73
600868.SH,20260917,2.88,2.88,2.88,2.88,518800.0,1494144.0,2.88
600869.SH,20260917,21.53,21.53,21.53,21.53,2354969.92,50702504.96,21.53
600871.SH,20260917,2.21,2.21,2.21,2.21,1941100.0,4289831.04,2.21
600872.SH,20260917,17.53,17.53,17.53,17.53,20400.0,357612.0,17.53
600873.SH,20260917,7.44,7.44,7.44,7.44,28700.0,213528.0,7.44
600874.SH,20260917,5.55,5.55,5.55,5.55,66400.0,368520.0,5.55
600875.SH,20260917,23.86,23.88,23.88,23.86,109400.0,2612465.92,23.88
600876.SH,20260917,8.41,8.41,8.41,8.41,385500.0,3242055.04,8.41
600877.SH,20260917,12.05,12.05,12.05,12.05,101000.0,1217050.0,12.05
600879.SH,20260917,14.51,14.5,14.51,14.5,328400.0,4761818.88,14.5
600880.SH,20260917,4.95,4.95,4.95,4.95,1029300.0,5095034.88,4.95
600881.SH,20260917,1.73,1.73,1.73,1.73,205400.0,355342.0,1.73
600882.SH,20260917,19.02,19.02,19.02,19.02,1600.0,30432.0,19.02
600883.SH,20260917,7.77,7.77,7.77,7.77,5500.0,42735.0,7.77
600884.SH,20260917,11.13,11.13,11.13,11.13,75100.0,835863.04,11.13
600885.SH,20260917,34.0,34.0,34.0,34.0,79800.0,2713200.0,34.0
600886.SH,20260917,14.49,14.49,14.49,14.49,63100.0,914319.04,14.49
600887.SH,20260917,26.1,26.1,26.1,26.1,106400.0,2777040.0,26.1
600888.SH,20260917,9.9,9.9,9.9,9.9,137700.0,1363230.08,9.9
600889.SH,20260917,13.15,13.15,13.15,13.15,2500.0,32875.0,13.15
600892.SH,20260917,3.97,3.95,3.97,3.95,353000.0,1394736.0,3.95
600893.SH,20260917,39.5,39.5,39.5,39.5,120800.0,4771600.0,39.5
600894.SH,20260917,7.17,7.17,7.17,7.17,9600.0,68832.0,7.17
600895.SH,20260917,28.15,28.15,28.15,28.15,96700.0,2722104.96,28.15
600897.SH,20260917,14.81,14.81,14.81,14.81,9800.0,145138.0,14.81
600900.SH,20260917,28.44,28.44,28.44,28.44,166100.0,4723884.16,28.44
600901.SH,20260917,6.75,6.72,6.75,6.72,86200.0,579273.0,6.72
600903.SH,20260917,6.7,6.7,6.7,6.7,976192.0,6540485.76,6.7
600905.SH,20260917,3.65,3.65,3.65,3.65,434000.0,1584100.0,3.65
600906.SH,20260917,6.34,6.34,6.34,6.34,254300.0,1612262.08,6.34
600908.SH,20260917,5.84,5.84,5.84,5.84,81700.0,477128.0,5.84
600909.SH,20260917,7.7,7.7,7.7,7.7,826930.0,6367361.28,7.7
600916.SH,20260917,7.54,7.54,7.54,7.54,145700.0,1098578.0,7.54
600917.SH,20260917,4.9,4.9,4.9,4.9,62300.0,305270.0,4.9
600918.SH,20260917,5.43,5.43,5.43,5.43,91800.0,498474.0,5.43
600919.SH,20260917,12.16,12.16,12.16,12.16,423297.0,5147292.16,12.16
600925.SH,20260917,4.1,4.1,4.1,4.1,11700.0,47970.0,4.1
600926.SH,20260917,17.17,17.17,17.17,17.17,63600.0,1092012.0,17.17
600927.SH,20260917,12.25,12.24,12.25,12.24,55100.0,674426.0,12.24
600928.SH,20260917,3.53,3.53,3.53,3.53,146500.0,517145.0,3.53
600929.SH,20260917,5.38,5.38,5.38,5.38,801000.0,4309379.84,5.38
600930.SH,20260917,3.96,3.96,3.96,3.96,505500.0,2001780.0,3.96
600933.SH,20260917,12.4,12.4,12.4,12.4,27300.0,338520.0,12.4
600935.SH,20260917,2.26,2.26,2.26,2.26,45900.0,103734.0,2.26
600936.SH,20260917,4.58,4.58,4.58,4.58,264400.0,1210952.0,4.58
600938.SH,20260917,32.62,32.62,32.62,32.62,319399.0,10418794.88,32.62
600939.SH,20260917,2.6,2.6,2.6,2.6,14800.0,38480.0,2.6
600941.SH,20260917,96.97,96.97,96.97,96.97,11100.0,1076367.04,96.97
600955.SH,20260917,12.43,12.43,12.43,12.43,6000.0,74580.0,12.43
600956.SH,20260917,7.25,7.25,7.25,7.25,13500.0,97875.0,7.25
600958.SH,20260917,8.78,8.77,8.78,8.77,263600.0,2311792.0,8.77
600959.SH,20260917,3.09,3.09,3.09,3.09,26300.0,81267.0,3.09
600960.SH,20260917,3.85,3.85,3.85,3.85,5000.0,19250.0,3.85
600961.SH,20260917,25.19,25.1,25.19,25.1,443300.0,11127857.92,25.1
600962.SH,20260917,25.78,25.78,25.78,25.78,11900.0,306782.0,25.78
600963.SH,20260917,3.37,3.37,3.37,3.37,9200.0,31004.0,3.37
600965.SH,20260917,2.69,2.69,2.69,2.69,40200.0,108138.0,2.69
600966.SH,20260917,4.8,4.8,4.8,4.8,83100.0,398880.0,4.8
600967.SH,20260917,13.25,13.23,13.25,13.23,435332.0,5759489.92,13.23
600968.SH,20260917,3.99,4.0,4.0,3.99,181100.0,724399.04,4.0
600969.SH,20260917,9.83,9.83,9.83,9.83,80600.0,792298.0,9.83
600970.SH,20260917,7.71,7.71,7.71,7.71,70500.0,543555.0,7.71
600971.SH,20260917,8.57,8.57,8.57,8.57,4600.0,39422.0,8.57
600973.SH,20260917,6.1,6.1,6.1,6.1,24300.0,148230.0,6.1
600975.SH,20260917,5.16,5.16,5.16,5.16,57500.0,296700.0,5.16
600976.SH,20260917,26.2,26.2,26.2,26.2,8500.0,222700.0,26.2
600977.SH,20260917,12.6,12.6,12.6,12.6,119300.0,1503180.0,12.6
600979.SH,20260917,4.09,4.07,4.09,4.07,160400.0,653161.0,4.07
600980.SH,20260917,18.72,18.72,18.72,18.72,2900.0,54288.0,18.72
600981.SH,20260917,2.38,2.38,2.38,2.38,37700.0,89726.0,2.38
600982.SH,20260917,5.13,5.13,5.13,5.13,302600.0,1552337.92,5.13
600983.SH,20260917,7.29,7.29,7.29,7.29,26300.0,191727.0,7.29
600984.SH,20260917,3.45,3.45,3.45,3.45,78800.0,271860.0,3.45
600985.SH,20260917,16.5,16.5,16.5,16.5,27800.0,458700.0,16.5
600986.SH,20260917,6.98,6.98,6.98,6.98,50900.0,355282.0,6.98
600987.SH,20260917,6.37,6.37,6.37,6.37,18200.0,115934.0,6.37
600988.SH,20260917,44.92,44.88,44.95,44.88,708808.96,31812067.84,44.88
600989.SH,20260917,23.64,23.64,23.64,23.64,707500.0,16725300.48,23.64
600990.SH,20260917,18.18,18.18,18.18,18.18,13000.0,236340.0,18.18
600992.SH,20260917,9.46,9.46,9.46,9.46,6700.0,63382.0,9.46
600993.SH,20260917,22.32,22.32,22.32,22.32,6900.0,154008.0,22.32
600995.SH,20260917,12.32,12.32,12.32,12.32,30120.0,371078.0,12.32
600996.SH,20260917,6.87,6.87,6.87,6.87,44000.0,302280.0,6.87
600997.SH,20260917,5.21,5.21,5.21,5.21,27200.0,141712.0,5.21
600998.SH,20260917,4.98,4.98,4.98,4.98,79400.0,395412.0,4.98
600999.SH,20260917,17.23,17.23,17.23,17.23,120200.0,2071046.08,17.23
601000.SH,20260917,4.57,4.57,4.57,4.57,73000.0,333610.0,4.57
601001.SH,20260917,16.76,16.76,16.76,16.76,40800.0,683808.0,16.76
601002.SH,20260917,5.17,5.17,5.17,5.17,74300.0,384131.0,5.17
601003.SH,20260917,3.54,3.54,3.54,3.54,57000.0,201780.0,3.54
601005.SH,20260917,1.19,1.19,1.19,1.19,269300.0,320467.0,1.19
601006.SH,20260917,4.72,4.72,4.72,4.72,135400.0,639088.0,4.72
601007.SH,20260917,6.72,6.72,6.72,6.72,17700.0,118944.0,6.72
601008.SH,20260917,4.35,4.33,4.35,4.33,85400.0,369862.0,4.33
601009.SH,20260917,11.91,11.91,11.95,11.91,188500.0,2247431.04,11.92
601010.SH,20260917,1.43,1.43,1.43,1.43,33300.0,47619.0,1.43
601011.SH,20260917,2.93,2.93,2.93,2.93,149400.0,437742.0,2.93
601012.SH,20260917,10.93,10.93,10.93,10.93,357119.0,3903311.04,10.93
601015.SH,20260917,3.63,3.63,3.63,3.63,515600.0,1871628.0,3.63
601016.SH,20260917,3.39,3.39,3.39,3.38,520200.0,1763184.96,3.39
601018.SH,20260917,3.46,3.46,3.46,3.46,481400.0,1665644.0,3.46
601019.SH,20260917,6.8,6.8,6.8,6.8,19500.0,132600.0,6.8
601020.SH,20260917,21.52,21.52,21.52,21.52,194400.0,4183488.0,21.52
601021.SH,20260917,41.88,41.75,41.88,41.75,43000.0,1795950.08,41.77
601022.SH,20260917,8.17,8.17,8.17,8.17,27200.0,222224.0,8.17
601026.SH,20260917,14.29,14.29,14.29,14.29,16400.0,234356.0,14.29
601033.SH,20260917,14.36,14.36,14.36,14.36,16200.0,232632.0,14.36
601038.SH,20260917,14.36,14.36,14.36,14.36,10100.0,145036.0,14.36
601058.SH,20260917,13.62,13.62,13.62,13.62,31200.0,424944.0,13.62
601059.SH,20260917,15.56,15.56,15.56,15.56,0.0,0.0,15.56
601061.SH,20260917,11.21,11.21,11.21,11.21,272000.0,3049120.0,11.21
601065.SH,20260917,6.64,6.64,6.64,6.64,7700.0,51128.0,6.64
601066.SH,20260917,23.37,23.37,23.37,23.37,66900.0,1563452.96,23.37
601068.SH,20260917,4.46,4.46,4.46,4.46,21400.0,95444.0,4.46
601069.SH,20260917,28.93,28.93,28.93,28.93,148600.0,4298998.08,28.93
601077.SH,20260917,6.57,6.57,6.57,6.57,589000.0,3869729.92,6.57
601083.SH,20260917,12.11,12.11,12.11,12.11,33300.0,403263.0,12.11
601086.SH,20260917,14.03,14.03,14.05,14.03,3147900.16,44165073.92,14.03
601088.SH,20260917,47.0,47.0,47.0,47.0,85100.0,3999699.84,47.0
601089.SH,20260917,15.46,15.46,15.46,15.46,1300.0,20098.0,15.46
601091.SH,20260917,13.0,13.0,13.0,13.0,6411123.2,83344599.04,13.0
601096.SH,20260917,4.1,4.1,4.1,4.1,82800.0,339480.0,4.1
601098.SH,20260917,10.21,10.21,10.21,10.21,5100.0,52071.0,10.21
601099.SH,20260917,3.42,3.42,3.42,3.42,1019100.0,3485321.92,3.42
601100.SH,20260917,94.47,94.47,94.47,94.47,191500.0,18091004.16,94.47
601101.SH,20260917,12.95,12.95,12.95,12.95,21900.0,283605.0,12.95
601106.SH,20260917,3.03,3.03,3.03,3.03,210900.0,639027.0,3.03
601107.SH,20260917,6.01,6.01,6.01,6.01,40300.0,242203.0,6.01
601108.SH,20260917,8.33,8.33,8.33,8.33,318800.0,2655604.0,8.33
601111.SH,20260917,5.73,5.73,5.73,5.73,299000.0,1713270.08,5.73
601112.SH,20260917,15.9,15.9,15.9,15.9,44800.0,712320.0,15.9
601113.SH,20260917,3.37,3.37,3.37,3.37,7000.0,23590.0,3.37
601116.SH,20260917,9.85,9.85,9.85,9.85,16700.0,164495.0,9.85
601117.SH,20260917,7.19,7.19,7.19,7.19,334400.0,2404336.0,7.19
601118.SH,20260917,6.09,6.09,6.09,6.09,540600.0,3292254.08,6.09
601121.SH,20260917,7.02,7.02,7.02,7.02,99400.0,697788.0,7.02
601123.SH,20260917,16.49,16.49,16.49,16.49,206900.0,3411781.12,16.49
601126.SH,20260917,39.85,39.85,39.85,39.85,28300.0,1127755.04,39.85
601127.SH,20260917,44.9,44.9,44.9,44.9,185600.0,8333440.0,44.9
601128.SH,20260917,6.34,6.34,6.34,6.34,88000.0,557920.0,6.34
601133.SH,20260917,23.58,23.61,23.61,23.58,35100.0,828688.0,23.61
601136.SH,20260917,14.01,14.01,14.01,14.01,127500.0,1786275.04,14.01
601137.SH,20260917,19.84,19.84,19.84,19.84,171200.0,3396608.0,19.84
601138.SH,20260917,61.9,61.9,61.9,61.9,358400.0,22184960.0,61.9
601139.SH,20260917,6.46,6.46,6.46,6.46,16900.0,109174.0,6.46
601155.SH,20260917,11.22,11.22,11.22,11.22,92500.0,1037850.0,11.22
601156.SH,20260917,18.25,18.25,18.25,18.25,13700.0,250025.0,18.25
601158.SH,20260917,4.06,4.06,4.06,4.06,9400.0,38164.0,4.06
601162.SH,20260917,3.59,3.59,3.59,3.59,540300.0,1939676.96,3.59
601163.SH,20260917,12.34,12.34,12.34,12.34,3300.0,40722.0,12.34
601166.SH,20260917,17.83,17.83,17.83,17.83,437800.0,7805973.76,17.83
601168.SH,20260917,36.08,36.08,36.08,36.08,820200.0,29592816.64,36.08
601169.SH,20260917,5.61,5.61,5.61,5.61,936200.0,5252081.92,5.61
601177.SH,20260917,13.2,13.2,13.2,13.2,1400.0,18480.0,13.2
601179.SH,20260917,12.1,12.1,12.1,12.1,254600.0,3080659.84,12.1
601186.SH,20260917,5.99,5.99,5.99,5.99,191900.0,1149480.96,5.99
601187.SH,20260917,7.13,7.13,7.13,7.13,47000.0,335110.0,7.13
601188.SH,20260917,2.85,2.85,2.85,2.85,50800.0,144780.0,2.85
601198.SH,20260917,13.06,13.06,13.06,13.06,0.0,0.0,13.06
601199.SH,20260917,6.63,6.63,6.63,6.63,150100.0,995163.04,6.63
601200.SH,20260917,6.87,6.87,6.87,6.87,11400.0,78318.0,6.87
601208.SH,20260917,54.31,54.31,54.31,54.31,1849900.0,100468070.4,54.31
601211.SH,20260917,17.4,17.4,17.4,17.4,202000.0,3514800.0,17.4
601212.SH,20260917,6.25,6.25,6.25,6.25,3757989.12,23487431.68,6.25
601216.SH,20260917,4.68,4.69,4.69,4.68,187300.0,878360.96,4.69
601218.SH,20260917,5.09,5.09,5.09,5.09,17341199.36,88266700.8,5.09
601222.SH,20260917,5.85,5.85,5.85,5.85,53900.0,315315.0,5.85
601225.SH,20260917,25.68,25.69,25.69,25.68,204500.0,5253598.08,25.69
601226.SH,20260917,6.48,6.48,6.48,6.48,27500.0,178200.0,6.48
601228.SH,20260917,3.09,3.09,3.09,3.09,83400.0,257706.0,3.09
601229.SH,20260917,9.58,9.58,9.58,9.58,190600.0,1825948.0,9.58
601231.SH,20260917,26.3,26.3,26.3,26.3,475600.0,12508280.32,26.3
601233.SH,20260917,23.17,23.15,23.17,23.15,53280.0,1233495.04,23.15
601236.SH,20260917,6.67,6.67,6.67,6.67,61300.0,408871.0,6.67
601238.SH,20260917,5.09,5.09,5.09,5.09,0.0,0.0,5.09
601279.SH,20260917,3.41,3.41,3.41,3.41,23600.0,80476.0,3.41
601288.SH,20260917,6.87,6.87,6.87,6.87,1057500.0,7265025.28,6.87
601298.SH,20260917,9.67,9.67,9.67,9.67,77500.0,749424.96,9.67
601311.SH,20260917,7.38,7.38,7.38,7.38,4500.0,33210.0,7.38
601318.SH,20260917,53.46,53.4,53.46,53.4,223562.0,11938288.64,53.4
601319.SH,20260917,7.68,7.68,7.68,7.68,248000.0,1904640.0,7.68
601326.SH,20260917,3.55,3.55,3.55,3.55,43800.0,155490.0,3.55
601328.SH,20260917,7.51,7.51,7.51,7.51,3761100.16,28245859.84,7.51
601330.SH,20260917,8.23,8.23,8.23,8.23,35200.0,289696.0,8.23
601333.SH,20260917,3.12,3.12,3.12,3.12,149700.0,467064.0,3.12
601336.SH,20260917,57.27,57.27,57.27,57.27,68700.0,3934448.96,57.27
601339.SH,20260917,7.22,7.22,7.22,7.22,14200.0,102524.0,7.22
601360.SH,20260917,8.71,8.71,8.71,8.7,528700.0,4604678.08,8.71
601366.SH,20260917,3.58,3.58,3.58,3.58,5100.0,18258.0,3.58
601368.SH,20260917,4.49,4.49,4.49,4.49,0.0,0.0,4.49
601369.SH,20260917,8.36,8.36,8.36,8.36,11800.0,98648.0,8.36
601375.SH,20260917,3.97,3.97,3.97,3.97,676900.0,2687293.12,3.97
601377.SH,20260917,5.88,5.88,5.88,5.88,464300.0,2730083.84,5.88
601388.SH,20260917,3.28,3.28,3.28,3.28,26000.0,85280.0,3.28
601390.SH,20260917,4.27,4.27,4.27,4.27,442500.0,1889475.04,4.27
601398.SH,20260917,8.11,8.1,8.11,8.1,1352100.0,10952011.52,8.1
601399.SH,20260917,3.2,3.2,3.2,3.2,69000.0,220800.0,3.2
601456.SH,20260917,8.59,8.59,8.59,8.59,87900.0,755060.96,8.59
601500.SH,20260917,3.86,3.86,3.86,3.86,56400.0,217704.0,3.86
601512.SH,20260917,8.12,8.12,8.12,8.12,17200.0,139664.0,8.12
601515.SH,20260917,3.33,3.33,3.33,3.33,15000.0,49950.0,3.33
601518.SH,20260917,2.79,2.79,2.79,2.79,88040.0,245632.0,2.79
601519.SH,20260917,8.04,8.04,8.04,8.04,106900.0,859476.0,8.04
601528.SH,20260917,5.06,5.06,5.06,5.06,48000.0,242880.0,5.06
601555.SH,20260917,8.35,8.35,8.35,8.35,92600.0,773210.0,8.35
601566.SH,20260917,8.76,8.76,8.76,8.76,78000.0,683280.0,8.76
601567.SH,20260917,14.11,14.11,14.11,14.11,120100.0,1694611.04,14.11
601568.SH,20260917,3.69,3.69,3.69,3.69,59600.0,219924.0,3.69
601577.SH,20260917,9.8,9.8,9.8,9.8,72000.0,705600.0,9.8
601579.SH,20260917,28.36,28.36,28.36,28.36,666200.0,18893432.32,28.36
601588.SH,20260917,1.67,1.67,1.67,1.67,227100.0,379257.0,1.67
601595.SH,20260917,22.7,22.7,22.7,22.7,81800.0,1856860.0,22.7
601598.SH,20260917,6.46,6.46,6.46,6.46,61700.0,398582.0,6.46
601599.SH,20260917,3.15,3.15,3.15,3.15,63700.0,200655.0,3.15
601600.SH,20260917,9.16,9.16,9.16,9.16,2312900.0,21186164.48,9.16
601601.SH,20260917,31.9,31.9,31.9,31.9,105200.0,3355880.0,31.9
601606.SH,20260917,32.5,32.51,32.52,32.5,71400.0,2321191.04,32.51
601607.SH,20260917,16.09,16.09,16.09,16.09,20600.0,331454.0,16.09
601608.SH,20260917,4.72,4.72,4.72,4.72,190200.0,897744.0,4.72
601609.SH,20260917,13.02,13.02,13.02,13.02,142800.0,1859256.0,13.02
601611.SH,20260917,10.28,10.28,10.28,10.28,45000.0,462600.0,10.28
601615.SH,20260917,9.52,9.52,9.52,9.52,597500.0,5688199.68,9.52
601616.SH,20260917,3.79,3.79,3.79,3.79,16500.0,62535.0,3.79
601618.SH,20260917,2.5,2.5,2.5,2.5,565300.0,1413249.92,2.5
601619.SH,20260917,4.13,4.13,4.13,4.13,205800.0,849954.0,4.13
601628.SH,20260917,37.2,37.2,37.2,37.2,118500.0,4408200.0,37.2
601633.SH,20260917,14.16,14.16,14.16,14.16,40400.0,572064.0,14.16
601636.SH,20260917,5.52,5.52,5.52,5.52,443800.0,2449776.0,5.52
601658.SH,20260917,5.38,5.38,5.38,5.38,1111300.0,5978794.24,5.38
601665.SH,20260917,6.96,6.96,6.96,6.96,157100.0,1093416.0,6.96
601666.SH,20260917,8.97,8.97,8.97,8.97,53000.0,475410.0,8.97
601668.SH,20260917,4.23,4.23,4.23,4.23,563900.0,2385296.96,4.23
601669.SH,20260917,4.52,4.52,4.52,4.52,353900.0,1599628.0,4.52
601677.SH,20260917,16.62,16.62,16.62,16.62,85300.0,1417686.08,16.62
601678.SH,20260917,5.92,5.92,5.92,5.92,470700.0,2786544.0,5.92
601686.SH,20260917,5.14,5.14,5.14,5.14,31300.0,160882.0,5.14
601688.SH,20260917,18.38,18.38,18.38,18.38,147800.0,2716563.84,18.38
601689.SH,20260917,41.64,41.64,41.64,41.64,47900.0,1994556.0,41.64
601696.SH,20260917,11.21,11.21,11.21,11.21,72100.0,808240.96,11.21
601698.SH,20260917,23.8,23.8,23.8,23.8,32600.0,775880.0,23.8
601699.SH,20260917,15.61,15.61,15.61,15.61,372900.0,5820968.96,15.61
601700.SH,20260917,6.1,6.1,6.1,6.1,198100.0,1208410.0,6.1
601702.SH,20260917,15.1,15.1,15.1,15.1,11800.0,178180.0,15.1
601717.SH,20260917,13.81,13.81,13.81,13.81,119100.0,1644771.04,13.81
601718.SH,20260917,1.94,1.94,1.94,1.94,69000.0,133860.0,1.94
601727.SH,20260917,6.41,6.41,6.41,6.41,116900.0,749328.96,6.41
601728.SH,20260917,6.26,6.26,6.26,6.26,275001.0,1721505.92,6.26
601766.SH,20260917,5.95,5.95,5.95,5.95,250200.0,1488689.92,5.95
601777.SH,20260917,7.87,7.87,7.87,7.87,28300.0,222721.0,7.87
601778.SH,20260917,3.58,3.58,3.58,3.58,380000.0,1360400.0,3.58
601788.SH,20260917,13.85,13.85,13.85,13.85,109700.0,1519344.96,13.85
601789.SH,20260917,4.08,4.08,4.08,4.08,92500.0,377400.0,4.08
601798.SH,20260917,7.41,7.41,7.41,7.41,11000.0,81510.0,7.41
601799.SH,20260917,70.99,70.99,70.99,70.99,13100.0,929968.96,70.99
601800.SH,20260917,5.79,5.79,5.79,5.79,88300.0,511257.0,5.79
601801.SH,20260917,5.26,5.26,5.26,5.26,14500.0,76270.0,5.26
601808.SH,20260917,12.27,12.27,12.27,12.25,87000.0,1067420.0,12.27
601811.SH,20260917,12.3,12.3,12.3,12.3,247800.0,3047939.84,12.3
601816.SH,20260917,4.73,4.73,4.73,4.73,753600.0,3564528.0,4.73
601818.SH,20260917,3.05,3.05,3.05,3.04,865400.0,2639468.96,3.05
601825.SH,20260917,8.73,8.73,8.73,8.73,40000.0,349200.0,8.73
601827.SH,20260917,8.05,8.05,8.05,8.05,14400.0,115920.0,8.05
601828.SH,20260917,2.1,2.1,2.1,2.1,107300.0,225330.0,2.1
601838.SH,20260917,19.87,19.9,19.9,19.87,101500.0,2019686.08,19.9
601857.SH,20260917,10.72,10.7,10.76,10.7,1265300.0,13542332.16,10.7
601858.SH,20260917,20.0,20.0,20.0,20.0,5400.0,108000.0,20.0
601860.SH,20260917,2.57,2.57,2.57,2.57,187800.0,482646.0,2.57
601865.SH,20260917,9.15,9.15,9.15,9.15,26400.0,241560.0,9.15
601866.SH,20260917,2.45,2.45,2.45,2.45,202100.0,495145.0,2.45
601868.SH,20260917,2.42,2.42,2.42,2.42,3784000.0,9157280.0,2.42
601869.SH,20260917,458.16,458.16,458.16,458.16,101700.0,46594872.32,458.16
601872.SH,20260917,20.1,20.1,20.1,20.1,1376900.0,27675688.96,20.1
601877.SH,20260917,24.61,24.61,24.61,24.61,31600.0,777676.0,24.61
601878.SH,20260917,9.01,9.01,9.01,9.01,39500.0,355895.0,9.01
601880.SH,20260917,1.45,1.45,1.45,1.45,539800.0,782710.0,1.45
601881.SH,20260917,12.08,12.08,12.08,12.08,95400.0,1152432.0,12.08
601882.SH,20260917,21.82,21.82,21.82,21.82,16700.0,364394.0,21.82
601886.SH,20260917,13.12,13.12,13.12,13.12,39300.0,515616.0,13.12
601888.SH,20260917,50.9,50.9,50.9,50.9,60900.0,3099809.92,50.9
601890.SH,20260917,9.58,9.57,9.58,9.57,343200.0,3284462.08,9.57
601898.SH,20260917,14.3,14.3,14.3,14.3,95300.0,1362790.08,14.3
601899.SH,20260917,31.8,31.8,31.8,31.8,2113537.92,67210511.36,31.8
601900.SH,20260917,12.3,12.3,12.3,12.3,150100.0,1846230.08,12.3
601901.SH,20260917,6.78,6.78,6.78,6.78,392700.0,2662505.92,6.78
601908.SH,20260917,3.01,3.01,3.01,3.01,137200.0,412972.0,3.01
601916.SH,20260917,2.93,2.93,2.93,2.93,614000.0,1799020.0,2.93
601918.SH,20260917,10.4,10.42,10.42,10.39,140200.0,1459499.04,10.41
601919.SH,20260917,16.38,16.42,16.42,16.38,2409100.0,39555340.8,16.42
601921.SH,20260917,7.35,7.35,7.35,7.35,11500.0,84525.0,7.35
601928.SH,20260917,8.32,8.32,8.32,8.32,7700.0,64064.0,8.32
601929.SH,20260917,2.36,2.36,2.36,2.36,212000.0,500320.0,2.36
601933.SH,20260917,2.97,2.97,2.97,2.97,350900.0,1042172.96,2.97
601939.SH,20260917,10.81,10.81,10.81,10.81,639000.0,6907589.76,10.81
601949.SH,20260917,6.13,6.12,6.13,6.12,837500.0,5125509.12,6.12
601952.SH,20260917,8.93,8.93,8.93,8.93,116800.0,1043024.0,8.93
601956.SH,20260917,4.74,4.74,4.74,4.74,24600.0,116604.0,4.74
601958.SH,20260917,20.34,20.32,20.34,20.32,261700.0,5317751.04,20.32
601963.SH,20260917,11.07,11.07,11.07,11.07,39200.0,433944.0,11.07
601965.SH,20260917,13.16,13.16,13.16,13.16,4900.0,64484.0,13.16
601966.SH,20260917,10.4,10.4,10.4,10.4,18200.0,189280.0,10.4
601968.SH,20260917,4.5,4.5,4.5,4.5,16400.0,73800.0,4.5
601969.SH,20260917,9.37,9.37,9.37,9.37,41000.0,384170.0,9.37
601975.SH,20260917,4.48,4.48,4.48,4.48,1397100.0,6259008.0,4.48
601985.SH,20260917,9.08,9.08,9.08,9.08,163500.0,1484580.0,9.08
601988.SH,20260917,6.56,6.56,6.56,6.56,846800.0,5555008.0,6.56
601990.SH,20260917,6.64,6.64,6.64,6.64,22500.0,149400.0,6.64
601991.SH,20260917,5.54,5.55,5.55,5.54,664100.0,3685544.0,5.55
601992.SH,20260917,1.36,1.36,1.36,1.36,205300.0,279208.0,1.36
601995.SH,20260917,31.8,31.8,31.8,31.8,0.0,0.0,31.8
601996.SH,20260917,2.89,2.88,2.89,2.88,103300.0,297505.0,2.88
601997.SH,20260917,5.59,5.59,5.59,5.59,229700.0,1284023.04,5.59
601998.SH,20260917,8.86,8.86,8.86,8.86,112900.0,1000294.0,8.86
601999.SH,20260917,6.9,6.9,6.9,6.9,343100.0,2367390.08,6.9
603000.SH,20260917,16.95,16.98,16.98,16.95,330500.0,5611886.72,16.98
603001.SH,20260917,9.07,9.07,9.07,9.07,52200.0,473454.0,9.07
603002.SH,20260917,19.38,19.38,19.38,19.38,645100.0,12502037.76,19.38
603004.SH,20260917,18.07,18.07,18.07,18.07,8000.0,144560.0,18.07
603005.SH,20260917,29.9,29.9,29.9,29.9,132100.0,3949790.08,29.9
603006.SH,20260917,10.31,10.31,10.31,10.31,2400.0,24744.0,10.31
603007.SH,20260917,4.63,4.63,4.63,4.63,40800.0,188904.0,4.63
603008.SH,20260917,8.8,8.8,8.8,8.8,23200.0,204160.0,8.8
603009.SH,20260917,42.98,42.98,42.98,42.98,8000.0,343840.0,42.98
603010.SH,20260917,12.25,12.25,12.25,12.25,48600.0,595350.0,12.25
603011.SH,20260917,28.0,28.0,28.0,28.0,493700.0,13823600.64,28.0
603012.SH,20260917,9.07,9.07,9.07,9.07,41500.0,376405.0,9.07
603013.SH,20260917,14.3,14.3,14.3,14.3,2900.0,41470.0,14.3
603014.SH,20260917,30.6,30.6,30.6,30.6,1900.0,58140.0,30.6
603015.SH,20260917,10.55,10.55,10.55,10.55,9000.0,94950.0,10.55
603016.SH,20260917,27.85,27.85,27.85,27.85,23000.0,640550.0,27.85
603017.SH,20260917,9.82,9.82,9.82,9.82,22100.0,217022.0,9.82
603018.SH,20260917,5.13,5.13,5.13,5.13,38800.0,199044.0,5.13
603019.SH,20260917,82.52,82.52,82.52,82.52,143500.0,11841620.48,82.52
603020.SH,20260917,10.73,10.73,10.73,10.73,184500.0,1979684.96,10.73
603021.SH,20260917,5.3,5.3,5.3,5.3,109200.0,578760.0,5.3
603022.SH,20260917,8.58,8.58,8.58,8.58,18000.0,154440.0,8.58
603023.SH,20260917,4.1,4.1,4.1,4.1,835400.0,3425139.84,4.1
603025.SH,20260917,13.28,13.28,13.28,13.28,6400.0,84992.0,13.28
603026.SH,20260917,61.86,61.86,61.86,61.86,16400.0,1014504.0,61.86
603027.SH,20260917,7.33,7.33,7.33,7.33,22300.0,163459.0,7.33
603028.SH,20260917,6.72,6.72,6.72,6.72,32500.0,218400.0,6.72
603029.SH,20260917,15.78,15.78,15.78,15.78,2800.0,44184.0,15.78
603030.SH,20260917,2.07,2.07,2.07,2.07,221400.0,458298.0,2.07
603031.SH,20260917,43.61,43.61,43.61,43.61,32400.0,1412964.0,43.61
603032.SH,20260917,18.75,18.75,18.75,18.75,25600.0,480000.0,18.75
603033.SH,20260917,7.16,7.16,7.16,7.16,12300.0,88068.0,7.16
603035.SH,20260917,10.01,10.01,10.01,10.01,48000.0,480480.0,10.01
603036.SH,20260917,12.94,12.94,12.94,12.94,3600.0,46584.0,12.94
603037.SH,20260917,9.7,9.7,9.7,9.7,3700.0,35890.0,9.7
603038.SH,20260917,16.46,16.46,16.46,16.46,74200.0,1221332.0,16.46
603039.SH,20260917,35.61,35.61,35.61,35.61,12800.0,455808.0,35.61
603040.SH,20260917,47.6,47.6,47.6,47.6,2000.0,95200.0,47.6
603041.SH,20260917,10.82,10.82,10.82,10.82,2500.0,27050.0,10.82
603042.SH,20260917,17.58,17.58,17.58,17.58,1372600.0,24130309.12,17.58
603043.SH,20260917,12.98,12.98,12.98,12.98,16600.0,215468.0,12.98
603045.SH,20260917,50.0,50.0,50.0,50.0,71100.0,3555000.0,50.0
603048.SH,20260917,22.38,22.38,22.38,22.38,5300.0,118614.0,22.38
603049.SH,20260917,44.51,44.51,44.51,44.51,4800.0,213648.0,44.51
603050.SH,20260917,17.97,17.97,17.97,17.97,200.0,3594.0,17.97
603051.SH,20260917,23.5,23.5,23.5,23.5,13700.0,321950.0,23.5
603052.SH,20260917,60.94,60.94,60.94,60.94,209500.0,12766929.92,60.94
603053.SH,20260917,8.79,8.79,8.79,8.79,19300.0,169647.0,8.79
603055.SH,20260917,9.37,9.37,9.37,9.37,6800.0,63716.0,9.37
603057.SH,20260917,18.9,18.9,18.9,18.9,9200.0,173880.0,18.9
603058.SH,20260917,8.66,8.66,8.66,8.66,19200.0,166272.0,8.66
603059.SH,20260917,23.78,23.78,23.78,23.78,5300.0,126034.0,23.78
603060.SH,20260917,5.4,5.4,5.4,5.4,37900.0,204660.0,5.4
603061.SH,20260917,330.0,328.54,330.0,328.54,17300.0,5686883.2,328.72
603062.SH,20260917,36.42,36.42,36.42,36.42,3200.0,116544.0,36.42
603063.SH,20260917,30.31,30.31,30.31,30.31,82300.0,2494512.96,30.31
603065.SH,20260917,14.25,14.25,14.25,14.25,338300.0,4820775.04,14.25
603066.SH,20260917,8.97,8.97,8.97,8.97,21500.0,192855.0,8.97
603067.SH,20260917,35.4,35.4,35.4,35.4,48300.0,1709820.0,35.4
603068.SH,20260917,35.9,35.86,35.9,35.86,63400.0,2273528.0,35.86
603069.SH,20260917,12.86,12.86,12.86,12.86,2100.0,27006.0,12.86
603070.SH,20260917,11.35,11.39,11.39,11.35,3600.0,41000.0,11.39
603071.SH,20260917,12.36,12.36,12.36,12.36,18600.0,229896.0,12.36
603072.SH,20260917,29.94,29.94,29.94,29.94,6800.0,203592.0,29.94
603073.SH,20260917,15.71,15.71,15.71,15.71,25300.0,397463.0,15.71
603075.SH,20260917,19.45,19.45,19.45,19.45,22000.0,427900.0,19.45
603076.SH,20260917,19.54,19.54,19.54,19.54,8600.0,168044.0,19.54
603077.SH,20260917,2.24,2.24,2.24,2.24,939200.0,2103808.0,2.24
603078.SH,20260917,32.6,32.6,32.6,32.6,109100.0,3556659.84,32.6
603079.SH,20260917,12.57,12.58,12.58,12.57,17000.0,213859.0,12.58
603080.SH,20260917,19.35,19.35,19.35,19.35,7900.0,152865.0,19.35
603081.SH,20260917,9.4,9.4,9.4,9.4,3600.0,33840.0,9.4
603082.SH,20260917,52.4,55.0,55.0,52.4,710700.0,39049459.2,54.95
603083.SH,20260917,225.0,225.0,225.0,225.0,299001.0,67275223.04,225.0
603085.SH,20260917,9.81,9.81,9.81,9.81,10900.0,106929.0,9.81
603086.SH,20260917,5.77,5.77,5.77,5.77,43200.0,249264.0,5.77
603087.SH,20260917,68.95,68.95,68.95,68.95,6500.0,448175.0,68.95
603088.SH,20260917,10.14,10.14,10.14,10.14,15800.0,160212.0,10.14
603089.SH,20260917,9.3,9.3,9.3,9.3,7700.0,71610.0,9.3
603090.SH,20260917,38.99,38.99,38.99,38.99,267600.0,10433724.16,38.99
603091.SH,20260917,47.0,47.0,47.0,47.0,2100.0,98700.0,47.0
603092.SH,20260917,42.86,42.86,42.86,42.86,26800.0,1148648.0,42.86
603093.SH,20260917,12.45,12.45,12.45,12.45,295100.0,3673994.88,12.45
603095.SH,20260917,14.12,14.12,14.12,14.12,21600.0,304992.0,14.12
603096.SH,20260917,14.81,14.81,14.81,14.81,5500.0,81455.0,14.81
603097.SH,20260917,18.3,18.3,18.3,18.3,1200.0,21960.0,18.3
603098.SH,20260917,10.74,10.74,10.74,10.74,7700.0,82698.0,10.74
603099.SH,20260917,37.39,37.39,37.39,37.39,18800.0,702932.0,37.39
603100.SH,20260917,17.91,17.91,17.91,17.91,5600.0,100296.0,17.91
603101.SH,20260917,7.37,7.37,7.37,7.37,80900.0,596233.0,7.37
603102.SH,20260917,34.85,34.85,34.85,34.85,4200.0,146370.0,34.85
603103.SH,20260917,15.91,15.91,15.91,15.91,14300.0,227513.0,15.91
603105.SH,20260917,8.06,8.06,8.06,8.06,303300.0,2444598.08,8.06
603106.SH,20260917,7.5,7.5,7.5,7.5,70400.0,528000.0,7.5
603107.SH,20260917,11.63,11.63,11.63,11.63,0.0,0.0,11.63
603108.SH,20260917,9.29,9.29,9.29,9.29,54500.0,506305.0,9.29
603109.SH,20260917,16.55,16.55,16.55,16.55,14500.0,239975.0,16.55
603110.SH,20260917,25.39,25.39,25.39,25.39,24500.0,622055.0,25.39
603111.SH,20260917,6.05,6.05,6.05,6.05,31800.0,192390.0,6.05
603112.SH,20260917,16.35,16.35,16.35,16.35,2400.0,39240.0,16.35
603113.SH,20260917,4.85,4.85,4.85,4.85,597900.0,2899815.04,4.85
603115.SH,20260917,89.56,89.56,89.56,89.56,72200.0,6466232.32,89.56
603116.SH,20260917,6.08,6.08,6.08,6.08,18200.0,110656.0,6.08
603117.SH,20260917,3.95,3.95,3.95,3.95,8700.0,34365.0,3.95
603118.SH,20260917,16.73,16.73,16.73,16.73,684700.0,11455031.04,16.73
603119.SH,20260917,53.33,53.33,53.33,53.33,24800.0,1322584.0,53.33
603120.SH,20260917,56.94,56.94,56.94,56.94,122100.0,6952373.76,56.94
603121.SH,20260917,12.13,12.13,12.13,12.13,9300.0,112809.0,12.13
603122.SH,20260917,13.03,13.03,13.03,13.03,1251000.0,16300529.92,13.03
603123.SH,20260917,9.46,9.45,9.46,9.45,168500.0,1592329.92,9.45
603124.SH,20260917,132.3,132.3,132.3,132.3,17800.0,2354940.0,132.3
603125.SH,20260917,23.8,23.8,23.8,23.8,12100.0,287980.0,23.8
603126.SH,20260917,6.2,6.2,6.2,6.2,9900.0,61380.0,6.2
603127.SH,20260917,43.6,43.6,43.6,43.6,212400.0,9260640.0,43.6
603128.SH,20260917,5.35,5.35,5.35,5.35,18900.0,101115.0,5.35
603129.SH,20260917,296.0,296.0,296.0,296.0,2600.0,769600.0,296.0
603130.SH,20260917,36.53,36.53,36.53,36.53,1800.0,65754.0,36.53
603131.SH,20260917,13.66,13.66,13.66,13.66,34300.0,468538.0,13.66
603132.SH,20260917,18.37,18.37,18.37,18.37,14400.0,264528.0,18.37
603135.SH,20260917,8.6,8.6,8.6,8.6,16500.0,141900.0,8.6
603136.SH,20260917,8.8,8.8,8.8,8.8,404000.0,3555200.0,8.8
603137.SH,20260917,19.2,19.2,19.2,19.2,45300.0,869760.0,19.2
603138.SH,20260917,14.09,14.09,14.09,14.09,110800.0,1561172.0,14.09
603139.SH,20260917,44.32,44.32,44.32,44.32,2586700.0,114642544.64,44.32
603150.SH,20260917,68.21,68.21,68.21,68.21,6000.0,409260.0,68.21
603151.SH,20260917,16.6,16.6,16.6,16.6,33600.0,557760.0,16.6
603153.SH,20260917,12.93,12.93,12.93,12.93,2000.0,25860.0,12.93
603155.SH,20260917,15.63,15.63,15.63,15.63,707500.0,11058224.64,15.63
603156.SH,20260917,42.8,42.8,42.8,42.8,66800.0,2859040.0,42.8
603158.SH,20260917,10.34,10.34,10.34,10.34,7700.0,79618.0,10.34
603159.SH,20260917,26.11,26.11,26.11,26.11,1989916.96,51956730.88,26.11
603160.SH,20260917,53.49,53.35,53.49,53.35,29400.0,1568545.92,53.35
603161.SH,20260917,15.15,15.15,15.15,15.15,2000.0,30300.0,15.15
603162.SH,20260917,13.03,13.02,13.03,13.02,579700.0,7547697.92,13.02
603163.SH,20260917,80.97,80.97,80.97,80.97,11600.0,939252.0,80.97
603165.SH,20260917,13.41,13.41,13.41,13.41,3200.0,42912.0,13.41
603166.SH,20260917,10.69,10.69,10.69,10.69,9400.0,100486.0,10.69
603167.SH,20260917,8.03,8.03,8.03,8.03,26500.0,212795.0,8.03
603168.SH,20260917,5.62,5.62,5.62,5.62,25800.0,144996.0,5.62
603169.SH,20260917,6.26,6.26,6.26,6.26,37700.0,236002.0,6.26
603170.SH,20260917,11.87,11.87,11.87,11.87,3600.0,42732.0,11.87
603171.SH,20260917,38.5,38.5,38.5,38.5,6800.0,261800.0,38.5
603172.SH,20260917,18.52,18.52,18.52,18.52,4900.0,90748.0,18.52
603173.SH,20260917,28.18,28.18,28.18,28.18,700.0,19726.0,28.18
603175.SH,20260917,101.06,101.06,101.06,101.06,1900.0,192014.0,101.06
603176.SH,20260917,5.21,5.21,5.21,5.21,9200.0,47932.0,5.21
603177.SH,20260917,10.57,10.57,10.57,10.57,4300.0,45451.0,10.57
603178.SH,20260917,15.36,15.36,15.36,15.36,16500.0,253440.0,15.36
603179.SH,20260917,36.66,36.66,36.66,36.66,13800.0,505908.0,36.66
603180.SH,20260917,15.11,15.11,15.11,15.11,2200.0,33242.0,15.11
603181.SH,20260917,12.26,12.26,12.26,12.26,4700.0,57622.0,12.26
603182.SH,20260917,13.08,13.08,13.08,13.08,6100.0,79788.0,13.08
603183.SH,20260917,4.64,4.64,4.64,4.64,48100.0,223184.0,4.64
603185.SH,20260917,14.0,14.0,14.0,14.0,14600.0,204400.0,14.0
603186.SH,20260917,250.0,250.0,250.0,250.0,300900.0,75225000.96,250.0
603187.SH,20260917,10.54,10.54,10.54,10.54,13700.0,144398.0,10.54
603188.SH,20260917,4.46,4.46,4.46,4.46,14500.0,64670.0,4.46
603189.SH,20260917,9.43,9.43,9.43,9.43,1200.0,11316.0,9.43
603190.SH,20260917,15.58,15.58,15.58,15.58,2700.0,42066.0,15.58
603191.SH,20260917,13.22,13.22,13.22,13.22,29900.0,395278.0,13.22
603192.SH,20260917,20.05,20.05,20.05,20.05,5900.0,118295.0,20.05
603193.SH,20260917,19.85,19.85,19.85,19.85,9500.0,188575.0,19.85
603194.SH,20260917,33.39,33.39,33.39,33.39,3700.0,123543.0,33.39
603195.SH,20260917,37.89,37.8,37.89,37.8,11300.0,427203.0,37.81
603196.SH,20260917,18.74,18.74,18.74,18.74,2600.0,48724.0,18.74
603197.SH,20260917,28.68,28.68,28.68,28.68,5100.0,146268.0,28.68
603198.SH,20260917,37.76,37.76,37.76,37.76,3900.0,147264.0,37.76
603199.SH,20260917,32.1,32.1,32.1,32.1,5800.0,186180.0,32.1
603200.SH,20260917,40.26,40.26,40.26,40.26,287200.0,11562672.64,40.26
603201.SH,20260917,14.88,14.88,14.88,14.88,2200.0,32736.0,14.88
603202.SH,20260917,50.4,50.4,50.4,50.4,3800.0,191520.0,50.4
603203.SH,20260917,45.37,45.37,45.37,45.37,63400.0,2876457.92,45.37
603205.SH,20260917,22.8,22.8,22.8,22.8,4300.0,98040.0,22.8
603206.SH,20260917,13.51,13.51,13.51,13.51,43200.0,583632.0,13.51
603207.SH,20260917,23.47,23.47,23.47,23.47,13200.0,309804.0,23.47
603208.SH,20260917,10.56,10.56,10.56,10.56,8600.0,90816.0,10.56
603209.SH,20260917,14.58,14.58,14.58,14.58,23000.0,335340.0,14.58
603210.SH,20260917,12.85,12.85,12.85,12.85,4900.0,62965.0,12.85
603211.SH,20260917,19.88,19.88,19.88,19.88,25800.0,512904.0,19.88
603212.SH,20260917,11.6,11.6,11.6,11.6,33300.0,386280.0,11.6
603213.SH,20260917,13.68,13.68,13.68,13.68,16400.0,224352.0,13.68
603214.SH,20260917,12.87,12.87,12.87,12.87,18300.0,235521.0,12.87
603215.SH,20260917,13.99,13.99,13.99,13.99,14700.0,205653.0,13.99
603216.SH,20260917,21.38,21.38,21.38,21.38,35700.0,763266.0,21.38
603217.SH,20260917,27.8,27.8,27.8,27.8,10200.0,283560.0,27.8
603218.SH,20260917,9.26,9.26,9.26,9.26,51400.0,475964.0,9.26
603219.SH,20260917,12.59,12.59,12.59,12.59,22400.0,282016.0,12.59
603220.SH,20260917,18.01,18.02,18.02,18.01,43800.0,789274.0,18.02
603221.SH,20260917,30.0,30.0,30.0,30.0,466200.0,13985999.36,30.0
603222.SH,20260917,7.73,7.73,7.73,7.73,11800.0,91214.0,7.73
603223.SH,20260917,9.81,9.81,9.81,9.81,15900.0,155979.0,9.81
603225.SH,20260917,16.7,16.7,16.7,16.7,30400.0,507680.0,16.7
603226.SH,20260917,36.95,36.95,36.95,36.95,43300.0,1599935.04,36.95
603227.SH,20260917,7.48,7.48,7.48,7.48,15800.0,118184.0,7.48
603228.SH,20260917,105.12,105.12,105.12,105.12,146100.0,15358031.36,105.12
603229.SH,20260917,7.55,7.55,7.55,7.55,1000.0,7550.0,7.55
603230.SH,20260917,12.25,12.25,12.25,12.25,2601900.0,31873274.88,12.25
603231.SH,20260917,16.58,16.58,16.58,16.58,3900.0,64662.0,16.58
603232.SH,20260917,14.92,14.92,14.92,14.92,53200.0,793744.0,14.92
603233.SH,20260917,18.2,18.2,18.2,18.2,7400.0,134680.0,18.2
603235.SH,20260917,24.99,24.99,24.99,24.99,8000.0,199920.0,24.99
603236.SH,20260917,69.98,69.98,69.98,69.98,165700.0,11595686.4,69.98
603237.SH,20260917,14.63,14.63,14.63,14.63,100.0,1463.0,14.63
603238.SH,20260917,11.6,11.6,11.6,11.6,4600.0,53360.0,11.6
603239.SH,20260917,13.59,13.59,13.59,13.59,3500.0,47565.0,13.59
603248.SH,20260917,19.79,19.56,19.8,19.56,1098000.0,21485987.84,19.57
603255.SH,20260917,31.68,31.68,31.68,31.68,49300.0,1561824.0,31.68
603256.SH,20260917,143.9,143.9,143.9,143.9,186500.0,26837350.4,143.9
603257.SH,20260917,72.81,72.43,72.81,72.43,11900.0,861955.04,72.43
603258.SH,20260917,12.95,12.95,12.95,12.95,43400.0,562030.0,12.95
603259.SH,20260917,157.0,157.0,157.0,157.0,278600.0,43740200.96,157.0
603260.SH,20260917,32.52,32.52,32.52,32.52,27000.0,878040.0,32.52
603261.SH,20260917,55.18,55.18,55.18,55.18,13900.0,767002.0,55.18
603262.SH,20260917,18.24,18.24,18.24,18.24,8000.0,145920.0,18.24
603266.SH,20260917,16.67,16.67,16.67,16.67,506300.0,8440021.12,16.67
603267.SH,20260917,51.03,51.03,51.03,51.03,62200.0,3174065.92,51.03
603268.SH,20260917,186.1,186.1,186.1,186.1,20200.0,3759219.84,186.1
603269.SH,20260917,25.88,26.07,26.17,25.88,296400.0,7723333.12,26.06
603270.SH,20260917,34.82,34.82,34.82,34.82,39400.0,1371908.0,34.82
603271.SH,20260917,38.82,38.82,38.82,38.82,13200.0,512424.0,38.82
603272.SH,20260917,15.13,15.13,15.13,15.13,12300.0,186099.0,15.13
603273.SH,20260917,14.18,14.18,14.18,14.18,8900.0,126202.0,14.18
603275.SH,20260917,35.38,35.38,35.38,35.38,500.0,17690.0,35.38
603276.SH,20260917,17.79,17.79,17.79,17.79,282200.0,5020337.92,17.79
603277.SH,20260917,11.39,11.39,11.39,11.39,18300.0,208437.0,11.39
603278.SH,20260917,8.96,8.96,8.96,8.96,4000.0,35840.0,8.96
603279.SH,20260917,11.06,11.06,11.06,11.06,8400.0,92904.0,11.06
603280.SH,20260917,25.6,25.6,25.6,25.6,5100.0,130560.0,25.6
603281.SH,20260917,18.44,18.44,18.44,18.44,4100.0,75604.0,18.44
603282.SH,20260917,15.88,15.88,15.88,15.88,3400.0,53992.0,15.88
603283.SH,20260917,46.21,46.12,46.21,46.12,53800.0,2481264.96,46.12
603284.SH,20260917,40.22,40.22,40.22,40.22,4500.0,180990.0,40.22
603285.SH,20260917,38.29,38.29,38.29,38.29,61000.0,2335689.92,38.29
603286.SH,20260917,41.43,41.43,41.43,41.43,9000.0,372870.0,41.43
603288.SH,20260917,33.77,33.77,33.77,33.77,30300.0,1023231.04,33.77
603289.SH,20260917,9.24,9.24,9.24,9.24,0.0,0.0,9.24
603290.SH,20260917,84.72,84.72,84.72,84.72,31500.0,2668680.0,84.72
603291.SH,20260917,8.96,8.96,8.96,8.96,141300.0,1266048.0,8.96
603293.SH,20260917,36.35,36.35,36.35,36.35,3600.0,130860.0,36.35
603296.SH,20260917,77.75,77.75,77.75,77.75,107200.0,8334800.0,77.75
603297.SH,20260917,111.38,111.38,111.38,111.38,4300.0,478934.0,111.38
603298.SH,20260917,23.39,23.39,23.39,23.39,36300.0,849056.96,23.39
603299.SH,20260917,8.68,8.68,8.68,8.68,3400.0,29512.0,8.68
603300.SH,20260917,4.61,4.61,4.61,4.61,66100.0,304721.0,4.61
603301.SH,20260917,82.47,82.47,82.47,82.47,7700.0,635019.0,82.47
603303.SH,20260917,26.81,26.81,26.81,26.81,31800.0,852558.0,26.81
603305.SH,20260917,10.43,10.43,10.43,10.43,33300.0,347319.0,10.43
603306.SH,20260917,80.82,80.82,80.82,80.82,73600.0,5948352.0,80.82
603307.SH,20260917,24.12,24.12,24.12,24.12,1300.0,31356.0,24.12
603308.SH,20260917,41.0,41.0,41.0,41.0,109000.0,4469000.0,41.0
603309.SH,20260917,10.61,10.61,10.61,10.61,2300.0,24403.0,10.61
603310.SH,20260917,14.78,14.78,14.78,14.78,7000.0,103460.0,14.78
603311.SH,20260917,24.55,24.55,24.55,24.55,9700.0,238135.0,24.55
603312.SH,20260917,31.25,31.25,31.25,31.25,1700.0,53125.0,31.25
603313.SH,20260917,6.68,6.68,6.68,6.68,76500.0,511020.0,6.68
603315.SH,20260917,10.73,10.73,10.73,10.73,8700.0,93351.0,10.73
603316.SH,20260917,15.4,15.4,15.4,15.4,182500.0,2810499.84,15.4
603317.SH,20260917,12.71,12.71,12.71,12.71,15300.0,194463.0,12.71
603318.SH,20260917,9.24,9.26,9.26,9.23,1458300.0,13501908.48,9.26
603319.SH,20260917,28.36,28.36,28.36,28.36,21900.0,621084.0,28.36
603320.SH,20260917,17.71,17.71,17.71,17.71,3000.0,53130.0,17.71
603321.SH,20260917,6.61,6.61,6.61,6.61,5500.0,36355.0,6.61
603322.SH,20260917,32.6,32.6,32.6,32.6,80500.0,2624300.0,32.6
603323.SH,20260917,4.45,4.45,4.45,4.45,103600.0,461020.0,4.45
603324.SH,20260917,26.41,26.41,26.41,26.41,18100.0,478021.0,26.41
603325.SH,20260917,52.16,52.16,52.16,52.16,400.0,20864.0,52.16
603326.SH,20260917,7.27,7.27,7.27,7.27,26000.0,189020.0,7.27
603327.SH,20260917,8.26,8.26,8.26,8.26,64800.0,535248.0,8.26
603328.SH,20260917,14.12,14.12,14.12,14.12,1664700.0,23505564.16,14.12
603329.SH,20260917,9.74,9.74,9.74,9.74,4700.0,45778.0,9.74
603330.SH,20260917,9.5,9.5,9.5,9.5,280900.0,2668550.08,9.5
603331.SH,20260917,13.09,13.09,13.09,13.09,16300.0,213367.0,13.09
603332.SH,20260917,11.3,11.3,11.3,11.3,4300.0,48590.0,11.3
603333.SH,20260917,9.39,9.39,9.39,9.39,18000.0,169020.0,9.39
603334.SH,20260917,29.92,29.92,29.92,29.92,1800.0,53856.0,29.92
603335.SH,20260917,6.0,6.0,6.0,6.0,27400.0,164400.0,6.0
603336.SH,20260917,9.87,9.87,9.87,9.87,120800.0,1192296.0,9.87
603337.SH,20260917,35.96,35.96,35.96,35.96,9000.0,323640.0,35.96
603338.SH,20260917,54.59,54.59,54.59,54.59,3400.0,185606.0,54.59
603339.SH,20260917,12.48,12.48,12.48,12.48,17700.0,220896.0,12.48
603341.SH,20260917,35.25,35.25,35.25,35.25,13400.0,472350.0,35.25
603344.SH,20260917,22.4,22.4,22.4,22.4,8600.0,192640.0,22.4
603345.SH,20260917,75.2,75.2,75.2,75.2,16415.0,1234408.0,75.2
603348.SH,20260917,13.77,13.77,13.77,13.77,6300.0,86751.0,13.77
603350.SH,20260917,27.35,27.35,27.35,27.35,200.0,5470.0,27.35
603351.SH,20260917,25.49,25.49,25.49,25.49,2200.0,56078.0,25.49
603352.SH,20260917,24.88,24.88,24.88,24.88,3500.0,87080.0,24.88
603353.SH,20260917,42.56,42.56,42.56,42.56,223700.0,9520672.0,42.56
603355.SH,20260917,30.58,30.65,30.65,30.58,26200.0,802970.0,30.65
603356.SH,20260917,16.38,16.38,16.38,16.38,1800.0,29484.0,16.38
603357.SH,20260917,5.8,5.8,5.8,5.8,23000.0,133400.0,5.8
603358.SH,20260917,45.0,44.9,45.0,44.9,18300.0,821680.0,44.9
603359.SH,20260917,2.25,2.25,2.25,2.25,33000.0,74250.0,2.25
603360.SH,20260917,12.39,12.39,12.39,12.39,33300.0,412587.0,12.39
603363.SH,20260917,2.89,2.89,2.89,2.89,88200.0,254898.0,2.89
603365.SH,20260917,16.0,16.0,16.0,16.0,13300.0,212800.0,16.0
603366.SH,20260917,6.76,6.76,6.76,6.76,32400.0,219024.0,6.76
603367.SH,20260917,13.78,13.78,13.78,13.78,14800.0,203944.0,13.78
603368.SH,20260917,15.18,15.18,15.18,15.18,11000.0,166980.0,15.18
603369.SH,20260917,27.53,27.53,27.53,27.53,29900.0,823147.04,27.53
603370.SH,20260917,27.59,27.59,27.59,27.59,7200.0,198648.0,27.59
603373.SH,20260917,41.35,41.34,41.35,41.34,8700.0,359659.0,41.34
603375.SH,20260917,47.15,47.15,47.15,47.15,24000.0,1131600.0,47.15
603376.SH,20260917,25.8,25.8,25.8,25.8,12800.0,330240.0,25.8
603377.SH,20260917,3.2,3.2,3.2,3.2,0.0,0.0,3.2
603378.SH,20260917,5.9,5.9,5.9,5.9,79200.0,467280.0,5.9
603379.SH,20260917,51.68,51.68,51.68,51.68,16500.0,852720.0,51.68
603380.SH,20260917,34.21,34.21,34.21,34.21,4900.0,167629.0,34.21
603381.SH,20260917,14.58,14.58,14.58,14.58,84500.0,1232010.0,14.58
603382.SH,20260917,18.25,18.25,18.25,18.25,4300.0,78475.0,18.25
603383.SH,20260917,26.67,26.67,26.67,26.67,1200.0,32004.0,26.67
603385.SH,20260917,5.42,5.42,5.42,5.42,37300.0,202166.0,5.42
603386.SH,20260917,18.49,18.49,18.49,18.49,143500.0,2653315.04,18.49
603387.SH,20260917,9.27,9.27,9.27,9.27,38200.0,354114.0,9.27
603389.SH,20260917,47.6,47.6,47.6,47.6,9500.0,452200.0,47.6
603390.SH,20260917,10.73,10.73,10.73,10.73,58100.0,623413.0,10.73
603391.SH,20260917,67.99,67.99,67.99,67.99,2800.0,190372.0,67.99
603392.SH,20260917,24.92,24.92,24.92,24.92,13400.0,333928.0,24.92
603393.SH,20260917,25.12,25.12,25.12,25.12,35200.0,884224.0,25.12
603395.SH,20260917,24.29,24.29,24.29,24.29,52200.0,1267938.0,24.29
603396.SH,20260917,26.65,26.65,26.65,26.65,6200.0,165230.0,26.65
603398.SH,20260917,8.86,8.86,8.86,8.86,26800.0,237448.0,8.86
603399.SH,20260917,13.71,13.71,13.71,13.71,105800.0,1450518.08,13.71
603400.SH,20260917,54.67,54.67,54.67,54.67,0.0,0.0,54.67
603402.SH,20260917,58.22,58.28,58.35,58.22,25600.0,1491964.0,58.28
603406.SH,20260917,29.74,29.74,29.74,29.74,18000.0,535320.0,29.74
603407.SH,20260917,57.4,57.4,57.4,57.4,113100.0,6491939.84,57.4
603408.SH,20260917,11.59,11.59,11.59,11.59,3700.0,42883.0,11.59
603409.SH,20260917,17.1,17.1,17.1,17.1,10900.0,186390.0,17.1
603416.SH,20260917,46.14,46.14,46.14,46.14,4900.0,226086.0,46.14
603418.SH,20260917,44.4,44.4,44.4,44.4,5100.0,226440.0,44.4
603421.SH,20260917,7.15,7.15,7.15,7.15,408200.0,2918630.08,7.15
603429.SH,20260917,8.84,8.84,8.84,8.84,57100.0,504764.0,8.84
603435.SH,20260917,48.5,48.55,48.55,48.5,26100.0,1267132.96,48.55
603439.SH,20260917,14.11,14.11,14.11,14.11,414700.0,5851416.96,14.11
603444.SH,20260917,359.95,359.95,359.95,359.95,21200.0,7630940.16,359.95
603448.SH,20260917,59.43,59.43,59.43,59.43,21600.0,1283688.0,59.43
603456.SH,20260917,15.0,15.0,15.0,15.0,86800.0,1302000.0,15.0
603458.SH,20260917,11.22,11.22,11.22,11.22,10400.0,116688.0,11.22
603459.SH,20260917,90.58,90.58,90.58,90.58,38400.0,3478272.0,90.58
603466.SH,20260917,12.78,12.78,12.78,12.78,658299.0,8413061.12,12.78
603468.SH,20260917,21.74,21.74,21.74,21.74,6200.0,134788.0,21.74
603477.SH,20260917,14.55,14.55,14.55,14.55,25600.0,372480.0,14.55
603486.SH,20260917,49.29,49.29,49.29,49.29,12400.0,611196.0,49.29
603488.SH,20260917,7.98,7.98,7.98,7.98,17000.0,135660.0,7.98
603489.SH,20260917,28.24,28.24,28.24,28.24,7500.0,211800.0,28.24
603496.SH,20260917,22.68,22.68,22.68,22.68,31000.0,703080.0,22.68
603499.SH,20260917,13.7,13.7,13.7,13.7,13000.0,178100.0,13.7
603500.SH,20260917,9.11,9.11,9.11,9.11,18300.0,166713.0,9.11
603501.SH,20260917,77.9,77.9,77.9,77.9,35800.0,2788819.84,77.9
603505.SH,20260917,14.87,14.87,14.87,14.87,88700.0,1318968.96,14.87
603506.SH,20260917,10.89,10.89,10.89,10.89,1500.0,16335.0,10.89
603507.SH,20260917,23.0,23.0,23.0,23.0,197850.0,4550550.08,23.0
603508.SH,20260917,20.91,20.91,20.91,20.91,4700.0,98277.0,20.91
603511.SH,20260917,11.81,11.81,11.81,11.81,15700.0,185417.0,11.81
603515.SH,20260917,14.69,14.69,14.69,14.69,4200.0,61698.0,14.69
603516.SH,20260917,85.76,85.76,85.76,85.76,8800.0,754688.0,85.76
603517.SH,20260917,11.4,11.4,11.4,11.4,15900.0,181260.0,11.4
603518.SH,20260917,7.56,7.56,7.56,7.56,6700.0,50652.0,7.56
603519.SH,20260917,14.75,14.75,14.75,14.75,6500.0,95875.0,14.75
603520.SH,20260917,8.23,8.23,8.23,8.23,6300.0,51849.0,8.23
603527.SH,20260917,10.01,10.01,10.01,10.01,36100.0,361361.0,10.01
603528.SH,20260917,6.29,6.29,6.29,6.29,37800.0,237762.0,6.29
603529.SH,20260917,21.4,21.4,21.4,21.4,18600.0,398040.0,21.4
603530.SH,20260917,44.19,44.19,44.19,44.19,8500.0,375615.0,44.19
603533.SH,20260917,23.41,23.41,23.41,23.41,141000.0,3300809.92,23.41
603535.SH,20260917,6.06,6.06,6.06,6.06,12400.0,75144.0,6.06
603536.SH,20260917,9.5,9.5,9.5,9.5,5700.0,54150.0,9.5
603538.SH,20260917,25.49,25.49,25.49,25.49,56600.0,1442734.08,25.49
603551.SH,20260917,9.18,9.18,9.18,9.18,1200.0,11016.0,9.18
603556.SH,20260917,22.73,22.73,22.73,22.73,2100.0,47733.0,22.73
603557.SH,20260917,3.18,3.18,3.18,3.18,0.0,0.0,3.18
603558.SH,20260917,12.88,12.9,12.9,12.88,48400.0,624348.0,12.9
603559.SH,20260917,9.04,9.04,9.04,9.04,32300.0,291992.0,9.04
603565.SH,20260917,11.54,11.54,11.54,11.54,103900.0,1199006.0,11.54
603566.SH,20260917,10.03,10.03,10.03,10.03,10000.0,100300.0,10.03
603567.SH,20260917,5.28,5.28,5.28,5.28,73800.0,389664.0,5.28
603568.SH,20260917,13.63,13.63,13.63,13.63,14288.0,194745.0,13.63
603569.SH,20260917,5.67,5.67,5.67,5.67,9600.0,54432.0,5.67
603577.SH,20260917,9.25,9.25,9.25,9.25,2600.0,24050.0,9.25
603578.SH,20260917,13.83,13.83,13.83,13.83,25300.0,349899.0,13.83
603579.SH,20260917,17.1,17.1,17.1,17.1,1400.0,23940.0,17.1
603580.SH,20260917,64.39,64.39,64.39,64.39,46300.0,2981256.96,64.39
603583.SH,20260917,25.77,25.77,25.77,25.77,2800.0,72156.0,25.77
603585.SH,20260917,10.32,10.32,10.32,10.32,4300.0,44376.0,10.32
603586.SH,20260917,13.2,13.2,13.2,13.2,4500.0,59400.0,13.2
603587.SH,20260917,12.25,12.25,12.25,12.25,2800.0,34300.0,12.25
603588.SH,20260917,15.89,15.89,15.89,15.89,279700.0,4444432.96,15.89
603589.SH,20260917,17.32,17.32,17.32,17.32,15800.0,273656.0,17.32
603590.SH,20260917,28.31,28.31,28.31,28.31,2200.0,62282.0,28.31
603595.SH,20260917,32.71,32.71,32.71,32.71,26100.0,853731.04,32.71
603596.SH,20260917,27.67,27.77,27.77,27.67,27900.0,774286.0,27.75
603598.SH,20260917,16.78,16.78,16.78,16.78,23800.0,399364.0,16.78
603599.SH,20260917,10.38,10.38,10.38,10.38,38200.0,396516.0,10.38
603600.SH,20260917,9.98,9.98,9.98,9.98,2300.0,22954.0,9.98
603601.SH,20260917,10.29,10.28,10.29,10.28,782800.0,8047185.28,10.28
603602.SH,20260917,11.23,11.23,11.23,11.23,10800.0,121284.0,11.23
603605.SH,20260917,56.03,56.03,56.03,56.03,12796.0,716960.0,56.03
603606.SH,20260917,36.05,35.79,36.05,35.79,109900.0,3933824.0,35.79
603607.SH,20260917,24.15,24.22,24.22,24.15,218400.0,5289626.88,24.22
603608.SH,20260917,20.33,20.33,20.33,20.33,15300.0,311049.0,20.33
603609.SH,20260917,6.32,6.32,6.32,6.32,5900.0,37288.0,6.32
603610.SH,20260917,13.38,13.38,13.38,13.38,6500.0,86970.0,13.38
603611.SH,20260917,15.69,15.69,15.69,15.69,4300.0,67467.0,15.69
603612.SH,20260917,16.75,16.75,16.75,16.75,17500.0,293125.0,16.75
603613.SH,20260917,19.35,19.4,19.4,19.35,36400.0,706120.0,19.4
603615.SH,20260917,19.88,19.88,19.88,19.88,28400.0,564592.0,19.88
603616.SH,20260917,5.56,5.56,5.56,5.56,40700.0,226292.0,5.56
603617.SH,20260917,6.65,6.65,6.65,6.65,8200.0,54530.0,6.65
603618.SH,20260917,39.84,39.84,39.84,39.84,732947.04,29200609.28,39.84
603619.SH,20260917,21.8,21.8,21.8,21.8,696000.0,15172800.0,21.8
603626.SH,20260917,19.17,19.17,19.17,19.17,87300.0,1673540.96,19.17
603628.SH,20260917,10.17,10.17,10.17,10.17,94200.0,958014.0,10.17
603629.SH,20260917,112.0,112.0,112.0,112.0,388700.0,43534397.44,112.0
603630.SH,20260917,13.13,13.13,13.13,13.13,2900.0,38077.0,13.13
603633.SH,20260917,6.39,6.39,6.39,6.39,35200.0,224928.0,6.39
603636.SH,20260917,6.62,6.62,6.62,6.62,12200.0,80764.0,6.62
603637.SH,20260917,14.13,14.13,14.13,14.13,40800.0,576504.0,14.13
603638.SH,20260917,18.02,18.02,18.02,18.02,7500.0,135150.0,18.02
603639.SH,20260917,10.21,10.21,10.21,10.21,3600.0,36756.0,10.21
603648.SH,20260917,9.3,9.3,9.3,9.3,46900.0,436170.0,9.3
603650.SH,20260917,70.05,70.05,70.05,70.05,388700.0,27228436.48,70.05
603655.SH,20260917,28.79,28.79,28.79,28.79,900.0,25911.0,28.79
603656.SH,20260917,17.24,17.24,17.24,17.24,1600.0,27584.0,17.24
603657.SH,20260917,34.92,34.92,34.92,34.92,52800.0,1843776.0,34.92
603658.SH,20260917,31.98,31.98,31.98,31.98,4400.0,140712.0,31.98
603659.SH,20260917,22.29,22.33,22.33,22.29,127300.0,2842601.92,22.33
603660.SH,20260917,9.38,9.38,9.38,9.38,72300.0,678174.0,9.38
603661.SH,20260917,30.82,30.82,30.82,30.82,9200.0,283544.0,30.82
603662.SH,20260917,47.22,47.22,47.22,47.22,6200.0,292764.0,47.22
603663.SH,20260917,44.78,44.5,44.78,44.5,278340.0,12387842.56,44.51
603665.SH,20260917,21.08,21.08,21.08,21.08,3500.0,73780.0,21.08
603666.SH,20260917,25.61,25.61,25.61,25.61,10900.0,279149.0,25.61
603667.SH,20260917,48.61,48.61,48.61,48.61,20000.0,972200.0,48.61
603668.SH,20260917,12.17,12.17,12.17,12.17,9100.0,110747.0,12.17
603669.SH,20260917,5.43,5.43,5.43,5.43,183200.0,994776.0,5.43
603676.SH,20260917,8.67,8.67,8.67,8.67,700.0,6069.0,8.67
603677.SH,20260917,13.16,13.16,13.16,13.16,8600.0,113176.0,13.16
603678.SH,20260917,50.79,50.79,50.79,50.79,200000.0,10158000.0,50.79
603679.SH,20260917,23.44,23.44,23.44,23.44,11600.0,271904.0,23.44
603680.SH,20260917,9.79,9.79,9.79,9.79,13300.0,130207.0,9.79
603681.SH,20260917,18.85,18.85,18.85,18.85,10300.0,194155.0,18.85
603682.SH,20260917,9.73,9.73,9.73,9.73,12000.0,116760.0,9.73
603683.SH,20260917,16.28,16.28,16.28,16.28,156600.0,2549448.0,16.28
603685.SH,20260917,27.4,27.4,27.4,27.4,1800.0,49320.0,27.4
603686.SH,20260917,14.2,14.2,14.2,14.2,388800.0,5520960.0,14.2
603687.SH,20260917,15.4,15.39,15.4,15.39,77800.0,1197343.04,15.39
603688.SH,20260917,49.0,49.0,49.0,49.0,70200.0,3439800.0,49.0
603689.SH,20260917,7.63,7.63,7.63,7.63,20900.0,159467.0,7.63
603690.SH,20260917,24.0,24.0,24.0,24.0,87700.0,2104800.0,24.0
603693.SH,20260917,12.5,12.5,12.5,12.5,223900.0,2798750.08,12.5
603696.SH,20260917,13.69,13.69,13.69,13.69,114800.0,1571612.0,13.69
603697.SH,20260917,9.19,9.19,9.19,9.19,37200.0,341868.0,9.19
603698.SH,20260917,21.54,21.54,21.54,21.54,51100.0,1100694.0,21.54
603699.SH,20260917,43.19,43.19,43.19,43.19,11700.0,505323.0,43.19
603700.SH,20260917,10.97,10.97,10.97,10.97,8900.0,97633.0,10.97
603701.SH,20260917,19.56,19.56,19.56,19.56,2600.0,50856.0,19.56
603703.SH,20260917,10.25,10.25,10.25,10.25,174100.0,1784524.96,10.25
603706.SH,20260917,16.95,16.95,16.95,16.95,3400.0,57630.0,16.95
603707.SH,20260917,7.35,7.35,7.35,7.35,19100.0,140385.0,7.35
603708.SH,20260917,8.87,8.87,8.87,8.87,7000.0,62090.0,8.87
603709.SH,20260917,12.06,12.06,12.06,12.06,23500.0,283410.0,12.06
603711.SH,20260917,11.0,11.0,11.0,11.0,9200.0,101200.0,11.0
603712.SH,20260917,11.47,11.47,11.47,11.47,14900.0,170903.0,11.47
603713.SH,20260917,65.78,65.78,65.78,65.78,4000.0,263120.0,65.78
603716.SH,20260917,16.0,16.0,16.0,16.0,21900.0,350400.0,16.0
603717.SH,20260917,5.82,5.82,5.82,5.82,34000.0,197880.0,5.82
603718.SH,20260917,3.0,3.0,3.0,3.0,22500.0,67500.0,3.0
603719.SH,20260917,8.88,8.88,8.88,8.88,1100.0,9768.0,8.88
603721.SH,20260917,18.28,18.29,18.29,18.28,28900.0,528577.0,18.29
603722.SH,20260917,28.87,28.87,28.87,28.87,3900.0,112593.0,28.87
603725.SH,20260917,10.29,10.29,10.29,10.29,11500.0,118335.0,10.29
603726.SH,20260917,24.11,24.11,24.11,24.11,3700.0,89207.0,24.11
603727.SH,20260917,17.17,17.21,17.21,17.17,37800.0,650318.0,17.2
603728.SH,20260917,47.09,47.09,47.09,47.09,18800.0,885292.0,47.09
603729.SH,20260917,12.39,12.39,12.39,12.39,0.0,0.0,12.39
603730.SH,20260917,9.5,9.5,9.5,9.5,9400.0,89300.0,9.5
603733.SH,20260917,18.83,18.83,18.83,18.83,8800.0,165704.0,18.83
603737.SH,20260917,20.25,20.25,20.25,20.25,36400.0,737100.0,20.25
603738.SH,20260917,37.2,36.9,37.2,36.88,186600.0,6889048.96,36.92
603739.SH,20260917,12.13,12.13,12.13,12.13,8500.0,103105.0,12.13
603755.SH,20260917,24.24,24.24,24.24,24.24,2000.0,48480.0,24.24
603757.SH,20260917,64.19,64.19,64.19,64.19,31300.0,2009147.04,64.19
603758.SH,20260917,10.59,10.59,10.59,10.59,53500.0,566565.0,10.59
603759.SH,20260917,7.22,7.22,7.22,7.22,9100.0,65702.0,7.22
603766.SH,20260917,14.57,14.57,14.57,14.57,60300.0,878571.04,14.57
603767.SH,20260917,13.17,13.17,13.17,13.17,6600.0,86922.0,13.17
603768.SH,20260917,11.16,11.16,11.16,11.16,7600.0,84816.0,11.16
603773.SH,20260917,91.59,91.59,91.59,91.59,109900.0,10065740.8,91.59
603776.SH,20260917,19.51,19.51,19.51,19.51,5600.0,109256.0,19.51
603777.SH,20260917,13.63,13.63,13.63,13.63,34400.0,468872.0,13.63
603778.SH,20260917,9.14,9.14,9.2,9.14,294300.0,2690074.88,9.14
603779.SH,20260917,7.93,7.93,7.93,7.93,56100.0,444873.0,7.93
603786.SH,20260917,36.52,36.52,36.52,36.52,3800.0,138776.0,36.52
603787.SH,20260917,9.88,9.88,9.88,9.88,4700.0,46436.0,9.88
603788.SH,20260917,13.39,13.39,13.39,13.39,10900.0,145951.0,13.39
603789.SH,20260917,5.93,5.93,5.93,5.93,400.0,2372.0,5.93
603790.SH,20260917,24.0,24.0,24.0,24.0,8700.0,208800.0,24.0
603797.SH,20260917,4.64,4.64,4.64,4.64,3400.0,15776.0,4.64
603798.SH,20260917,12.91,12.91,12.91,12.91,10900.0,140719.0,12.91
603799.SH,20260917,34.97,35.0,35.0,34.97,303600.0,10625978.24,35.0
603800.SH,20260917,59.2,59.2,59.2,59.2,8600.0,509120.0,59.2
603801.SH,20260917,5.76,5.76,5.76,5.76,47400.0,273024.0,5.76
603803.SH,20260917,11.59,11.6,11.6,11.59,131200.0,1521919.04,11.6
603806.SH,20260917,14.2,14.2,14.2,14.2,88000.0,1249600.0,14.2
603808.SH,20260917,8.27,8.27,8.27,8.27,27400.0,226598.0,8.27
603809.SH,20260917,8.36,8.36,8.36,8.36,7800.0,65208.0,8.36
603810.SH,20260917,11.57,11.57,11.57,11.57,8200.0,94874.0,11.57
603811.SH,20260917,6.7,6.7,6.7,6.7,35300.0,236510.0,6.7
603813.SH,20260917,26.4,26.4,26.4,26.4,2000.0,52800.0,26.4
603815.SH,20260917,5.24,5.24,5.24,5.24,0.0,0.0,5.24
603816.SH,20260917,22.39,22.39,22.39,22.39,11200.0,250768.0,22.39
603817.SH,20260917,5.79,5.79,5.79,5.79,45500.0,263445.0,5.79
603818.SH,20260917,3.72,3.72,3.72,3.72,65600.0,244032.0,3.72
603819.SH,20260917,15.8,15.8,15.8,15.8,40100.0,633580.0,15.8
603822.SH,20260917,62.38,62.38,62.38,62.38,0.0,0.0,62.38
603823.SH,20260917,54.97,54.7,54.97,54.7,107600.0,5887717.12,54.72
603825.SH,20260917,7.71,7.71,7.71,7.71,5100.0,39321.0,7.71
603826.SH,20260917,16.6,16.64,16.64,16.6,55000.0,915180.0,16.64
603828.SH,20260917,5.5,5.5,5.5,5.5,5200.0,28600.0,5.5
603829.SH,20260917,15.51,15.51,15.51,15.51,7000.0,108570.0,15.51
603833.SH,20260917,28.69,28.69,28.69,28.69,15300.0,438957.0,28.69
603836.SH,20260917,9.17,9.17,9.17,9.17,4900.0,44933.0,9.17
603838.SH,20260917,12.3,12.3,12.3,12.3,6300.0,77490.0,12.3
603839.SH,20260917,6.49,6.49,6.49,6.49,15400.0,99946.0,6.49
603843.SH,20260917,6.63,6.63,6.63,6.63,64300.0,426309.0,6.63
603848.SH,20260917,12.94,12.94,12.94,12.94,4100.0,53054.0,12.94
603855.SH,20260917,16.51,16.51,16.51,16.51,400.0,6604.0,16.51
603856.SH,20260917,11.37,11.37,11.37,11.37,2400.0,27288.0,11.37
603858.SH,20260917,14.67,14.67,14.67,14.67,6300.0,92421.0,14.67
603859.SH,20260917,38.5,38.5,38.5,38.5,8400.0,323400.0,38.5
603860.SH,20260917,24.8,24.8,24.8,24.8,7800.0,193440.0,24.8
603861.SH,20260917,11.17,11.18,11.18,11.17,61300.0,685328.0,11.18
603863.SH,20260917,11.8,11.8,11.8,11.8,6000.0,70800.0,11.8
603866.SH,20260917,4.14,4.14,4.14,4.14,23000.0,95220.0,4.14
603867.SH,20260917,30.01,30.01,30.01,30.01,9900.0,297099.0,30.01
603868.SH,20260917,31.0,31.0,31.0,31.0,3000.0,93000.0,31.0
603869.SH,20260917,8.48,8.48,8.48,8.48,100.0,848.0,8.48
603871.SH,20260917,12.5,12.5,12.5,12.5,33800.0,422500.0,12.5
603876.SH,20260917,18.45,18.45,18.45,18.45,33100.0,610695.0,18.45
603877.SH,20260917,11.7,11.7,11.7,11.7,12100.0,141570.0,11.7
603878.SH,20260917,4.92,4.92,4.92,4.92,10300.0,50676.0,4.92
603879.SH,20260917,4.91,4.91,4.91,4.91,45300.0,222423.0,4.91
603880.SH,20260917,9.95,9.95,9.95,9.95,5900.0,58705.0,9.95
603881.SH,20260917,23.66,23.6,23.66,23.6,55200.0,1302922.0,23.6
603882.SH,20260917,27.05,27.05,27.05,27.05,18600.0,503130.0,27.05
603883.SH,20260917,12.6,12.6,12.6,12.6,19900.0,250740.0,12.6
603885.SH,20260917,9.93,9.93,9.93,9.93,58100.0,576933.0,9.93
603886.SH,20260917,11.55,11.55,11.55,11.55,2900.0,33495.0,11.55
603887.SH,20260917,8.81,8.81,8.81,8.81,46700.0,411427.0,8.81
603888.SH,20260917,17.78,17.78,17.78,17.78,192000.0,3413760.0,17.78
603889.SH,20260917,6.09,6.09,6.09,6.09,22300.0,135807.0,6.09
603890.SH,20260917,16.9,16.9,16.9,16.9,115900.0,1958710.08,16.9
603893.SH,20260917,178.52,178.52,178.52,178.52,62003.0,11068775.68,178.52
603895.SH,20260917,25.38,25.38,25.38,25.38,1400.0,35532.0,25.38
603896.SH,20260917,14.03,14.03,14.03,14.03,500.0,7015.0,14.03
603897.SH,20260917,29.65,29.61,29.65,29.61,22300.0,660391.0,29.61
603898.SH,20260917,10.82,10.82,10.82,10.82,700.0,7574.0,10.82
603899.SH,20260917,21.75,21.75,21.75,21.75,2500.0,54375.0,21.75
603900.SH,20260917,6.85,6.85,6.85,6.85,672900.0,4609365.12,6.85
603901.SH,20260917,9.11,9.11,9.11,9.11,5100.0,46461.0,9.11
603903.SH,20260917,13.98,13.98,13.98,13.98,2300.0,32154.0,13.98
603906.SH,20260917,18.27,18.26,18.27,18.26,79100.0,1444368.0,18.26
603908.SH,20260917,18.37,18.37,18.37,18.37,29700.0,545589.0,18.37
603909.SH,20260917,9.46,9.46,9.46,9.46,24800.0,234608.0,9.46
603912.SH,20260917,8.28,8.28,8.28,8.28,39600.0,327888.0,8.28
603915.SH,20260917,12.88,12.88,12.88,12.88,38200.0,492016.0,12.88
603916.SH,20260917,10.56,10.56,10.56,10.56,9500.0,100320.0,10.56
603917.SH,20260917,12.89,12.89,12.89,12.89,3200.0,41248.0,12.89
603918.SH,20260917,10.42,10.42,10.42,10.42,11900.0,123998.0,10.42
603919.SH,20260917,16.45,16.45,16.45,16.45,34800.0,572460.0,16.45
603920.SH,20260917,42.44,42.44,42.44,42.44,229700.0,9748467.84,42.44
603922.SH,20260917,12.73,12.73,12.73,12.73,1500.0,19095.0,12.73
603926.SH,20260917,16.4,16.4,16.4,16.4,5000.0,82000.0,16.4
603927.SH,20260917,13.41,13.41,13.41,13.41,6300.0,84483.0,13.41
603928.SH,20260917,12.25,12.25,12.25,12.25,204000.0,2499000.0,12.25
603929.SH,20260917,158.3,158.3,158.3,158.3,11300.0,1788790.08,158.3
603931.SH,20260917,35.53,35.55,35.55,35.53,27800.0,988288.0,35.55
603933.SH,20260917,19.11,19.11,19.11,19.11,9600.0,183456.0,19.11
603936.SH,20260917,22.38,22.38,22.38,22.38,323600.0,7242168.32,22.38
603937.SH,20260917,11.4,11.4,11.4,11.4,1400.0,15960.0,11.4
603938.SH,20260917,51.87,51.53,51.87,51.51,438659.0,22604515.84,51.53
603939.SH,20260917,22.57,22.57,22.57,22.57,5900.0,133163.0,22.57
603948.SH,20260917,18.99,18.99,18.99,18.99,2500.0,47475.0,18.99
603949.SH,20260917,13.61,13.61,13.61,13.61,2600.0,35386.0,13.61
603950.SH,20260917,55.23,55.23,55.23,55.23,8400.0,463932.0,55.23
603955.SH,20260917,22.76,22.76,22.76,22.76,4200.0,95592.0,22.76
603956.SH,20260917,6.93,6.9,6.93,6.87,1512700.0,10437173.76,6.9
603958.SH,20260917,16.08,16.08,16.08,16.08,22400.0,360192.0,16.08
603959.SH,20260917,4.69,4.69,4.69,4.69,214500.0,1006004.96,4.69
603960.SH,20260917,15.3,15.3,15.3,15.3,97000.0,1484100.0,15.3
603966.SH,20260917,7.37,7.37,7.37,7.37,34800.0,256476.0,7.37
603967.SH,20260917,11.52,11.52,11.52,11.52,5400.0,62208.0,11.52
603968.SH,20260917,10.37,10.37,10.37,10.37,9600.0,99552.0,10.37
603969.SH,20260917,7.55,7.55,7.55,7.55,70100.0,529255.0,7.55
603970.SH,20260917,11.03,11.03,11.03,11.03,9300.0,102579.0,11.03
603976.SH,20260917,28.86,28.86,28.86,28.86,12000.0,346320.0,28.86
603977.SH,20260917,11.33,11.33,11.33,11.33,3300.0,37389.0,11.33
603978.SH,20260917,21.3,21.3,21.3,21.3,106000.0,2257800.0,21.3
603979.SH,20260917,72.3,72.3,72.3,72.3,11300.0,816990.0,72.3
603980.SH,20260917,8.14,8.16,8.16,8.14,205600.0,1677656.96,8.16
603982.SH,20260917,6.07,6.07,6.07,6.07,38800.0,235516.0,6.07
603983.SH,20260917,28.28,28.28,28.28,28.28,17700.0,500556.0,28.28
603985.SH,20260917,16.7,16.7,16.7,16.7,20300.0,339010.0,16.7
603986.SH,20260917,370.06,370.06,370.06,370.06,199258.0,73737415.68,370.06
603987.SH,20260917,7.28,7.28,7.28,7.28,600.0,4368.0,7.28
603988.SH,20260917,18.45,18.45,18.45,18.45,2800.0,51660.0,18.45
603989.SH,20260917,35.23,35.23,35.23,35.23,230200.0,8109946.24,35.23
603990.SH,20260917,20.08,20.08,20.08,20.08,46500.0,933720.0,20.08
603991.SH,20260917,181.0,181.0,181.0,181.0,18200.0,3294200.0,181.0
603992.SH,20260917,19.5,19.5,19.5,19.5,7200.0,140400.0,19.5
603993.SH,20260917,17.6,17.6,17.6,17.6,1340200.0,23587520.0,17.6
603995.SH,20260917,25.0,25.0,25.0,25.0,46200.0,1155000.0,25.0
603997.SH,20260917,11.68,11.68,11.68,11.68,31000.0,362080.0,11.68
603998.SH,20260917,10.22,10.22,10.22,10.22,9500.0,97090.0,10.22
603999.SH,20260917,6.46,6.46,6.47,6.46,201800.0,1303630.0,6.46
605001.SH,20260917,5.68,5.68,5.68,5.68,3500.0,19880.0,5.68
605003.SH,20260917,23.35,23.35,23.35,23.35,12300.0,287205.0,23.35
605005.SH,20260917,15.74,15.74,15.74,15.74,400.0,6296.0,15.74
605006.SH,20260917,16.71,16.71,16.71,16.71,409500.0,6842744.96,16.71
605007.SH,20260917,14.51,14.51,14.51,14.51,15100.0,219101.0,14.51
605008.SH,20260917,13.81,13.81,13.81,13.81,11100.0,153291.0,13.81
605009.SH,20260917,23.99,23.99,23.99,23.99,300.0,7197.0,23.99
605011.SH,20260917,18.39,18.39,18.39,18.39,223700.0,4113842.88,18.39
605016.SH,20260917,21.03,21.03,21.03,21.03,10300.0,216609.0,21.03
605018.SH,20260917,11.15,11.15,11.15,11.15,0.0,0.0,11.15
605020.SH,20260917,31.76,31.76,31.76,31.76,33621.0,1067803.04,31.76
605028.SH,20260917,24.12,24.12,24.12,24.12,1000.0,24120.0,24.12
605033.SH,20260917,18.3,18.3,18.3,18.3,6600.0,120780.0,18.3
605050.SH,20260917,10.0,10.0,10.0,10.0,1300.0,13000.0,10.0
605055.SH,20260917,8.58,8.58,8.58,8.58,8000.0,68640.0,8.58
605056.SH,20260917,12.84,12.94,12.94,12.84,13000.0,168210.0,12.94
605058.SH,20260917,47.0,47.0,47.0,47.0,1128700.0,53048898.56,47.0
605060.SH,20260917,39.0,39.0,39.0,39.0,7200.0,280800.0,39.0
605066.SH,20260917,6.8,6.8,6.8,6.8,31100.0,211480.0,6.8
605068.SH,20260917,19.0,19.0,19.0,19.0,29000.0,551000.0,19.0
605069.SH,20260917,12.34,12.34,12.34,12.34,276800.0,3415712.0,12.34
605077.SH,20260917,11.3,11.3,11.3,11.3,110500.0,1248650.0,11.3
605080.SH,20260917,22.85,22.85,22.85,22.85,1500.0,34275.0,22.85
605086.SH,20260917,23.08,23.08,23.08,23.08,1800.0,41544.0,23.08
605088.SH,20260917,22.02,22.01,22.02,22.01,67200.0,1479080.0,22.01
605089.SH,20260917,19.8,19.76,19.8,19.76,1400.0,27668.0,19.76
605090.SH,20260917,32.62,32.62,32.62,32.62,16900.0,551278.0,32.62
605098.SH,20260917,54.3,54.3,54.3,54.3,1000.0,54300.0,54.3
605099.SH,20260917,28.51,28.51,28.51,28.51,4000.0,114040.0,28.51
605100.SH,20260917,34.08,34.08,34.08,34.08,134700.0,4590576.0,34.08
605108.SH,20260917,11.7,11.7,11.7,11.7,28100.0,328770.0,11.7
605111.SH,20260917,58.55,58.14,58.55,58.04,253900.0,14762686.72,58.14
605116.SH,20260917,18.9,18.9,18.9,18.9,1400.0,26460.0,18.9
605117.SH,20260917,84.5,84.5,84.5,84.5,35600.0,3008200.0,84.5
605118.SH,20260917,33.18,33.18,33.18,33.18,25500.0,846090.0,33.18
605122.SH,20260917,11.22,11.22,11.22,11.22,5200.0,58344.0,11.22
605123.SH,20260917,78.83,78.83,78.83,78.83,4400.0,346852.0,78.83
605128.SH,20260917,23.1,23.1,23.1,23.1,14900.0,344190.0,23.1
605133.SH,20260917,23.3,23.3,23.3,23.3,9400.0,219020.0,23.3
605136.SH,20260917,8.33,8.33,8.33,8.33,19800.0,164934.0,8.33
605138.SH,20260917,5.91,5.91,5.91,5.91,4300.0,25413.0,5.91
605151.SH,20260917,18.13,18.13,18.13,18.13,700.0,12691.0,18.13
605155.SH,20260917,14.21,14.21,14.21,14.21,9500.0,134995.0,14.21
605158.SH,20260917,7.71,7.71,7.71,7.71,1300.0,10023.0,7.71
605162.SH,20260917,11.09,11.09,11.09,11.09,848400.0,9408755.84,11.09
605166.SH,20260917,8.22,8.22,8.22,8.22,25100.0,206322.0,8.22
605167.SH,20260917,16.29,16.29,16.29,16.29,59700.0,972512.96,16.29
605168.SH,20260917,50.69,50.69,50.69,50.69,19800.0,1003662.0,50.69
605169.SH,20260917,12.79,12.79,12.79,12.79,6200.0,79298.0,12.79
605177.SH,20260917,24.76,24.76,24.76,24.76,42000.0,1039920.0,24.76
605178.SH,20260917,65.85,65.85,65.85,65.85,3300.0,217305.0,65.85
605179.SH,20260917,24.99,24.99,24.99,24.99,87700.0,2191623.04,24.99
605180.SH,20260917,12.65,12.65,12.65,12.65,1700.0,21505.0,12.65
605183.SH,20260917,15.5,15.56,15.56,15.5,99800.0,1552318.08,15.55
605186.SH,20260917,25.33,25.33,25.33,25.33,1800.0,45594.0,25.33
605188.SH,20260917,11.72,11.72,11.72,11.72,90400.0,1059488.0,11.72
605189.SH,20260917,14.0,14.0,14.0,14.0,5200.0,72800.0,14.0
605196.SH,20260917,30.51,30.58,30.58,30.51,29700.0,908207.04,30.58
605198.SH,20260917,81.35,81.35,81.35,81.35,27800.0,2261529.92,81.35
605199.SH,20260917,5.66,5.66,5.66,5.66,18800.0,106408.0,5.66
605208.SH,20260917,14.87,14.83,14.87,14.83,35600.0,527956.0,14.83
605218.SH,20260917,13.68,13.68,13.68,13.68,1100.0,15048.0,13.68
605222.SH,20260917,22.58,22.58,22.58,22.58,16300.0,368054.0,22.58
605228.SH,20260917,10.57,10.57,10.57,10.57,39000.0,412230.0,10.57
605255.SH,20260917,60.6,60.6,60.6,60.6,2100.0,127260.0,60.6
605258.SH,20260917,38.06,38.06,38.06,38.06,155400.0,5914524.16,38.06
605259.SH,20260917,17.15,17.15,17.15,17.15,1300.0,22295.0,17.15
605266.SH,20260917,15.15,15.15,15.15,15.15,5900.0,89385.0,15.15
605268.SH,20260917,9.43,9.43,9.43,9.43,2600.0,24518.0,9.43
605277.SH,20260917,17.55,17.55,17.55,17.55,78600.0,1379430.08,17.55
605286.SH,20260917,24.01,24.01,24.01,24.01,16000.0,384160.0,24.01
605287.SH,20260917,34.35,34.35,34.35,34.35,4700.0,161445.0,34.35
605288.SH,20260917,60.8,60.8,60.8,60.8,2000.0,121600.0,60.8
605289.SH,20260917,97.83,97.83,97.83,97.83,3100.0,303273.0,97.83
605296.SH,20260917,33.09,33.09,33.09,33.09,12600.0,416934.0,33.09
605298.SH,20260917,44.88,44.88,44.88,44.88,18500.0,830280.0,44.88
605299.SH,20260917,11.96,11.96,11.96,11.96,19800.0,236808.0,11.96
605300.SH,20260917,9.73,9.73,9.73,9.73,3000.0,29190.0,9.73
605303.SH,20260917,23.68,23.68,23.68,23.68,0.0,0.0,23.68
605305.SH,20260917,31.59,31.59,31.59,31.59,39100.0,1235168.96,31.59
605318.SH,20260917,75.0,75.0,75.0,75.0,700.0,52500.0,75.0
605319.SH,20260917,22.54,22.54,22.54,22.54,2000.0,45080.0,22.54
605333.SH,20260917,15.86,15.86,15.86,15.86,4000.0,63440.0,15.86
605336.SH,20260917,11.68,11.68,11.68,11.68,2200.0,25696.0,11.68
605337.SH,20260917,8.76,8.76,8.76,8.76,4700.0,41172.0,8.76
605338.SH,20260917,17.4,17.4,17.4,17.4,1800.0,31320.0,17.4
605339.SH,20260917,12.83,12.83,12.83,12.83,2500.0,32075.0,12.83
605358.SH,20260917,45.65,45.65,45.65,45.65,1260318.0,57533516.8,45.65
605365.SH,20260917,13.81,13.81,13.81,13.81,18500.0,255485.0,13.81
605366.SH,20260917,8.66,8.66,8.66,8.66,378300.0,3276078.08,8.66
605368.SH,20260917,6.7,6.7,6.7,6.7,8700.0,58290.0,6.7
605369.SH,20260917,16.59,16.59,16.59,16.59,0.0,0.0,16.59
605376.SH,20260917,139.0,139.0,139.0,139.0,66900.0,9299100.16,139.0
605377.SH,20260917,8.0,8.0,8.0,8.0,14300.0,114400.0,8.0
605378.SH,20260917,15.66,15.7,15.73,15.66,292300.0,4589198.08,15.7
605388.SH,20260917,5.79,5.79,5.79,5.79,16200.0,93798.0,5.79
605389.SH,20260917,65.68,65.68,65.68,65.68,1100.0,72248.0,65.68
605398.SH,20260917,19.85,19.85,19.85,19.85,37500.0,744375.04,19.85
605399.SH,20260917,11.57,11.57,11.57,11.57,14500.0,167765.0,11.57
605488.SH,20260917,29.32,29.32,29.32,29.32,31800.0,932376.0,29.32
605499.SH,20260917,111.14,111.14,111.14,111.14,7400.0,822436.0,111.14
605500.SH,20260917,7.4,7.4,7.4,7.4,81300.0,601620.0,7.4
605507.SH,20260917,17.66,17.66,17.66,17.66,280500.0,4953630.08,17.66
605555.SH,20260917,11.7,11.7,11.7,11.7,2400.0,28080.0,11.7
605566.SH,20260917,27.86,27.86,27.86,27.86,123000.0,3426780.16,27.86
605567.SH,20260917,8.93,8.93,8.93,8.93,9200.0,82156.0,8.93
605577.SH,20260917,13.85,13.87,13.88,13.85,1683700.96,23352734.72,13.87
605580.SH,20260917,23.14,23.14,23.14,23.14,250000.0,5784999.68,23.14
605588.SH,20260917,45.37,45.37,45.37,45.37,3300.0,149721.0,45.37
605589.SH,20260917,41.05,41.05,41.05,41.05,458400.0,18817319.68,41.05
605598.SH,20260917,24.7,24.7,24.7,24.7,4400.0,108680.0,24.7
605599.SH,20260917,13.97,13.97,13.97,13.97,35900.0,501523.0,13.97
688001.SH,20260917,68.9,68.9,68.9,68.9,192044.0,13231832.32,68.9
688002.SH,20260917,185.0,185.0,185.0,185.0,49616.0,9178960.0,185.0
688003.SH,20260917,82.34,82.34,82.34,82.34,14792.0,1217972.96,82.34
688004.SH,20260917,34.29,34.29,34.29,34.29,1095728.0,37572510.72,34.29
688005.SH,20260917,23.96,23.96,23.96,23.96,28760.0,689090.0,23.96
688006.SH,20260917,20.5,20.47,20.5,20.47,47647.0,975340.0,20.47
688007.SH,20260917,10.16,10.16,10.16,10.16,62006.0,629981.0,10.16
688008.SH,20260917,197.94,197.94,197.94,197.94,187688.0,37150963.2,197.94
688009.SH,20260917,4.61,4.61,4.61,4.61,101828.0,469427.0,4.61
688010.SH,20260917,28.91,28.91,28.91,28.91,111586.0,3225951.04,28.91
688011.SH,20260917,79.79,79.79,79.79,79.79,8440.0,673428.0,79.79
688012.SH,20260917,351.77,351.0,352.0,350.0,158154.0,55497738.24,350.91
688013.SH,20260917,21.76,21.76,21.76,21.76,7197.0,156607.0,21.76
688015.SH,20260917,15.94,15.94,15.94,15.94,4051.0,64573.0,15.94
688016.SH,20260917,84.19,84.19,84.19,84.19,2967.0,249792.0,84.19
688017.SH,20260917,287.93,287.93,287.93,287.93,26515.0,7634464.0,287.93
688018.SH,20260917,103.93,103.93,103.93,103.93,20644.0,2145531.04,103.93
688019.SH,20260917,226.08,226.5,226.5,226.08,16206.0,3670575.04,226.5
688020.SH,20260917,156.0,156.0,156.0,156.0,37545.0,5857020.16,156.0
688021.SH,20260917,18.83,18.83,18.83,18.83,3250.0,61198.0,18.83
688022.SH,20260917,8.78,8.78,8.78,8.78,6348.0,55735.0,8.78
688023.SH,20260917,42.4,42.4,42.4,42.4,20274.0,859618.0,42.4
688025.SH,20260917,444.3,444.3,444.3,444.3,28141.0,12503046.4,444.3
688026.SH,20260917,20.28,20.28,20.28,20.28,8324.0,168811.0,20.28
688027.SH,20260917,351.9,351.9,351.9,351.9,1360.0,478584.0,351.9
688028.SH,20260917,124.89,124.89,124.89,124.89,30356.0,3791160.96,124.89
688029.SH,20260917,80.93,80.93,80.93,80.93,10988.0,889259.04,80.93
688030.SH,20260917,17.5,17.36,17.5,17.36,87445.0,1518103.04,17.36
688031.SH,20260917,105.29,105.29,105.29,105.29,24657.0,2596136.0,105.29
688032.SH,20260917,68.26,68.26,68.26,68.26,200.0,13652.0,68.26
688033.SH,20260917,7.18,7.18,7.18,7.18,12400.0,89032.0,7.18
688035.SH,20260917,79.55,79.55,79.55,79.55,97808.0,7780625.92,79.55
688036.SH,20260917,52.15,52.15,52.15,52.15,24927.0,1299943.04,52.15
688037.SH,20260917,337.85,337.85,337.85,337.85,10811.0,3652496.0,337.85
688038.SH,20260917,18.3,18.3,18.3,18.3,79804.0,1460412.96,18.3
688039.SH,20260917,32.35,32.35,32.35,32.35,905.0,29277.0,32.35
688041.SH,20260917,233.0,233.0,233.0,232.68,95702.0,22298024.96,232.99
688045.SH,20260917,59.18,59.18,59.18,59.18,7546.0,446572.0,59.18
688046.SH,20260917,33.83,33.83,33.83,33.83,35740.0,1209084.0,33.83
688047.SH,20260917,98.62,98.49,98.62,98.49,19888.0,1958819.04,98.49
688048.SH,20260917,330.0,330.0,330.0,330.0,67202.0,22176660.48,330.0
688049.SH,20260917,39.8,39.8,39.8,39.8,18579.0,739444.0,39.8
688050.SH,20260917,37.8,37.8,37.8,37.8,1990.0,75222.0,37.8
688051.SH,20260917,24.45,24.45,24.45,24.45,6299.0,154011.0,24.45
688052.SH,20260917,235.2,235.2,235.2,235.2,25357.0,5963966.08,235.2
688053.SH,20260917,39.1,39.1,39.1,39.1,6200.0,242420.0,39.1
688055.SH,20260917,3.69,3.69,3.69,3.69,24300.0,89667.0,3.69
688056.SH,20260917,41.46,41.46,41.46,41.46,3800.0,157548.0,41.46
688057.SH,20260917,16.03,16.03,16.03,16.03,0.0,0.0,16.03
688058.SH,20260917,23.42,23.42,23.42,23.42,8611.0,201670.0,23.42
688059.SH,20260917,85.89,85.89,85.89,85.89,11134.0,956299.04,85.89
688060.SH,20260917,34.5,34.5,34.5,34.5,3476.0,119922.0,34.5
688061.SH,20260917,46.13,46.13,46.13,46.13,28414.0,1310738.0,46.13
688062.SH,20260917,25.09,25.09,25.09,25.09,41051.0,1029970.0,25.09
688063.SH,20260917,40.96,40.96,40.96,40.96,6894.0,282378.0,40.96
688065.SH,20260917,37.31,37.31,37.31,37.31,6659.0,248447.0,37.31
688066.SH,20260917,8.75,8.75,8.75,8.75,62015.0,542631.0,8.75
688067.SH,20260917,22.25,22.25,22.25,22.25,1676.0,37291.0,22.25
688068.SH,20260917,85.89,85.89,85.89,85.89,2410.0,206995.0,85.89
688069.SH,20260917,37.12,37.12,37.12,37.12,3733.0,138569.0,37.12
688070.SH,20260917,31.63,31.63,31.63,31.63,3200.0,101216.0,31.63
688071.SH,20260917,32.19,32.19,32.19,32.19,5200.0,167388.0,32.19
688072.SH,20260917,672.0,674.99,675.0,672.0,36749.0,24803376.64,674.94
688073.SH,20260917,62.78,62.78,62.78,62.78,33845.0,2124788.96,62.78
688075.SH,20260917,28.15,28.15,28.15,28.15,0.0,0.0,28.15
688076.SH,20260917,28.2,28.2,28.2,28.2,1000.0,28200.0,28.2
688077.SH,20260917,26.46,26.46,26.46,26.46,400.0,10584.0,26.46
688078.SH,20260917,27.06,27.06,27.06,27.06,1825.0,49385.0,27.06
688079.SH,20260917,15.48,15.48,15.48,15.48,29550.0,457434.0,15.48
688080.SH,20260917,36.62,36.62,36.62,36.62,2725.0,99790.0,36.62
688081.SH,20260917,25.93,25.93,25.93,25.93,5000.0,129650.0,25.93
688082.SH,20260917,284.88,284.88,284.88,284.88,18744.0,5339791.04,284.88
688083.SH,20260917,50.05,50.05,50.05,50.05,2988.0,149549.0,50.05
688084.SH,20260917,43.61,43.61,43.61,43.61,1600.0,69776.0,43.61
688085.SH,20260917,12.2,12.2,12.2,12.2,1100.0,13420.0,12.2
688087.SH,20260917,33.5,33.5,33.5,33.5,3153.0,105626.0,33.5
688088.SH,20260917,29.19,29.19,29.19,29.19,4500.0,131355.0,29.19
688089.SH,20260917,8.3,8.3,8.3,8.3,7133.0,59204.0,8.3
688090.SH,20260917,78.87,78.87,78.87,78.87,47168.0,3720140.16,78.87
688091.SH,20260917,38.9,38.9,38.9,38.9,1300.0,50570.0,38.9
688092.SH,20260917,20.88,20.88,20.88,20.88,1200.0,25056.0,20.88
688093.SH,20260917,22.62,22.62,22.62,22.62,24269.0,548965.0,22.62
688095.SH,20260917,56.19,56.19,56.19,56.19,3941.0,221445.0,56.19
688096.SH,20260917,7.55,7.55,7.55,7.55,16418.0,123956.0,7.55
688097.SH,20260917,45.57,45.57,45.57,45.57,3786.0,172528.0,45.57
688098.SH,20260917,7.9,7.9,7.9,7.9,5695.0,44991.0,7.9
688099.SH,20260917,87.0,87.0,87.0,87.0,38021.0,3307826.88,87.0
688100.SH,20260917,24.84,24.84,24.84,24.84,1700.0,42228.0,24.84
688101.SH,20260917,14.22,14.22,14.22,14.22,1600.0,22752.0,14.22
688102.SH,20260917,31.11,31.11,31.11,31.11,13530.0,420918.0,31.11
688103.SH,20260917,76.0,76.0,76.0,76.0,8070.0,613320.0,76.0
688105.SH,20260917,20.15,20.15,20.15,20.15,29468.0,593780.0,20.15
688106.SH,20260917,26.66,26.66,26.66,26.66,43611.0,1162668.96,26.66
688107.SH,20260917,29.13,29.13,29.13,29.13,11825.0,344462.0,29.13
688108.SH,20260917,15.23,15.23,15.23,15.23,19000.0,289370.0,15.23
688109.SH,20260917,71.28,71.28,71.28,71.28,200.0,14256.0,71.28
688110.SH,20260917,115.53,115.53,115.53,115.53,59204.0,6839838.08,115.53
688111.SH,20260917,221.16,221.16,221.16,221.16,13685.0,3026575.04,221.16
688112.SH,20260917,68.5,68.5,68.5,68.5,8886.0,608691.0,68.5
688113.SH,20260917,34.07,34.07,34.07,34.07,15800.0,538306.0,34.07
688114.SH,20260917,64.21,64.0,64.21,64.0,36924.0,2363438.08,64.01
688115.SH,20260917,57.85,57.85,57.85,57.85,3401.0,196748.0,57.85
688116.SH,20260917,33.4,33.4,33.4,33.4,10477.0,349932.0,33.4
688117.SH,20260917,22.76,22.76,22.76,22.76,400.0,9104.0,22.76
688118.SH,20260917,19.03,19.03,19.03,19.03,2538.0,48298.0,19.03
688119.SH,20260917,3.79,3.79,3.79,3.79,7998.0,30312.0,3.79
688120.SH,20260917,266.0,266.0,266.0,266.0,24103.0,6411397.76,266.0
688121.SH,20260917,1.17,1.17,1.17,1.17,448937.0,525256.0,1.17
688122.SH,20260917,50.34,50.34,50.34,50.34,25754.0,1296456.0,50.34
688123.SH,20260917,140.3,140.3,140.3,140.3,18866.0,2646900.0,140.3
688125.SH,20260917,121.6,121.6,121.6,121.6,2835.0,344736.0,121.6
688126.SH,20260917,23.79,23.79,23.79,23.79,580808.0,13817422.08,23.79
688127.SH,20260917,67.52,67.52,67.52,67.52,30740.0,2075564.96,67.52
688128.SH,20260917,21.82,21.82,21.82,21.82,8584.0,187303.0,21.82
688129.SH,20260917,21.02,21.02,21.02,21.02,10626.0,223359.0,21.02
688130.SH,20260917,24.65,24.65,24.65,24.65,24367.0,600647.0,24.65
688131.SH,20260917,91.33,91.33,91.33,91.33,26446.0,2415312.96,91.33
688132.SH,20260917,16.49,16.49,16.49,16.49,9098.0,150026.0,16.49
688133.SH,20260917,20.21,20.21,20.21,20.21,2032.0,41067.0,20.21
688135.SH,20260917,39.6,39.6,39.6,39.6,111914.0,4431793.92,39.6
688136.SH,20260917,19.64,19.64,19.64,19.64,2971.0,58350.0,19.64
688137.SH,20260917,85.91,85.91,85.91,85.91,119842.0,10295626.24,85.91
688138.SH,20260917,37.53,37.5,37.53,37.5,42671.0,1600238.08,37.5
688139.SH,20260917,30.52,30.52,30.52,30.52,27406.0,836431.04,30.52
688141.SH,20260917,113.0,112.8,113.0,112.8,16504.0,1862480.96,112.85
688143.SH,20260917,189.39,189.39,189.39,189.39,49149.0,9308328.96,189.39
688146.SH,20260917,233.65,232.96,233.65,232.6,80949.0,18859111.68,232.98
688147.SH,20260917,106.0,106.0,106.0,106.0,138194.0,14648564.48,106.0
688148.SH,20260917,5.95,5.95,5.95,5.95,41816.0,248805.0,5.95
688150.SH,20260917,43.08,43.08,43.08,43.08,40316.0,1736812.96,43.08
688151.SH,20260917,16.29,16.29,16.29,16.29,10870.0,177072.0,16.29
688152.SH,20260917,34.2,34.2,34.2,34.2,35918.0,1228396.0,34.2
688153.SH,20260917,24.71,24.71,24.71,24.71,12936.0,319649.0,24.71
688155.SH,20260917,54.3,54.3,54.3,54.3,35024.0,1901803.04,54.3
688156.SH,20260917,22.52,22.52,22.52,22.52,17952.0,404279.0,22.52
688157.SH,20260917,18.9,18.9,18.9,18.9,3100.0,58590.0,18.9
688158.SH,20260917,28.67,28.67,28.67,28.67,49727.0,1425672.96,28.67
688159.SH,20260917,35.65,35.65,35.65,35.65,67767.0,2415894.08,35.65
688160.SH,20260917,93.9,93.9,93.9,93.9,1200.0,112680.0,93.9
688161.SH,20260917,20.77,20.77,20.77,20.77,939.0,19503.0,20.77
688162.SH,20260917,22.92,22.92,22.92,22.92,1706.0,39102.0,22.92
688163.SH,20260917,35.87,35.87,35.87,35.87,1700.0,60979.0,35.87
688165.SH,20260917,14.61,14.61,14.61,14.61,7531.0,110028.0,14.61
688166.SH,20260917,34.8,34.8,34.8,34.8,4600.0,160080.0,34.8
688167.SH,20260917,308.0,308.0,308.0,308.0,44267.0,13634236.16,308.0
688168.SH,20260917,40.25,40.25,40.25,40.25,28733.0,1156503.04,40.25
688169.SH,20260917,119.59,119.59,119.59,119.59,8204.0,981116.0,119.59
688170.SH,20260917,73.37,73.37,73.37,73.37,36585.0,2684240.96,73.37
688171.SH,20260917,23.06,23.06,23.06,23.06,15246.0,351573.0,23.06
688172.SH,20260917,45.06,45.06,45.06,45.06,50076.0,2256424.96,45.06
688173.SH,20260917,12.25,12.25,12.25,12.25,14045.0,172051.0,12.25
688175.SH,20260917,17.63,17.63,17.63,17.63,9045.0,159463.0,17.63
688176.SH,20260917,12.65,12.65,12.65,12.65,13419.0,169750.0,12.65
688177.SH,20260917,16.6,16.6,16.6,16.6,4050.0,67230.0,16.6
688178.SH,20260917,28.4,28.4,28.4,28.4,5397.0,153275.0,28.4
688179.SH,20260917,19.5,19.5,19.5,19.5,31794.0,619983.0,19.5
688180.SH,20260917,32.24,32.24,32.24,32.24,39123.0,1261326.0,32.24
688181.SH,20260917,44.8,44.8,44.8,44.8,259328.0,11617894.4,44.8
688182.SH,20260917,28.66,28.66,28.66,28.66,15019.0,430445.0,28.66
688183.SH,20260917,124.0,124.0,124.0,124.0,66375.0,8230499.84,124.0
688184.SH,20260917,10.58,10.58,10.58,10.58,750.0,7935.0,10.58
688185.SH,20260917,64.05,64.05,64.05,64.05,18744.0,1200552.96,64.05
688186.SH,20260917,13.96,13.96,13.96,13.96,2200.0,30712.0,13.96
688187.SH,20260917,45.1,45.1,45.1,45.1,6967.0,314212.0,45.1
688188.SH,20260917,94.0,94.0,94.0,94.0,7682.0,722108.0,94.0
688189.SH,20260917,6.42,6.42,6.42,6.42,0.0,0.0,6.42
688190.SH,20260917,69.89,69.89,69.89,69.89,7034.0,491606.0,69.89
688191.SH,20260917,19.82,19.82,19.82,19.82,5502.0,109050.0,19.82
688192.SH,20260917,55.75,55.75,55.75,55.75,1500.0,83625.0,55.75
688193.SH,20260917,43.74,43.74,43.74,43.74,1168.0,51088.0,43.74
688195.SH,20260917,189.0,189.0,189.0,189.0,39912.0,7543367.68,189.0
688196.SH,20260917,33.5,33.5,33.5,33.5,7055.0,236343.0,33.5
688197.SH,20260917,32.75,32.75,32.75,32.75,0.0,0.0,32.75
688198.SH,20260917,72.29,72.29,72.29,72.29,2100.0,151809.0,72.29
688199.SH,20260917,24.95,24.95,24.95,24.95,28105.0,701220.0,24.95
688200.SH,20260917,361.99,361.99,361.99,361.99,7279.0,2634924.96,361.99
688201.SH,20260917,7.52,7.52,7.52,7.52,1500.0,11280.0,7.52
688202.SH,20260917,102.8,102.8,102.8,102.8,47316.0,4864085.12,102.8
688203.SH,20260917,14.9,14.9,14.9,14.9,13636.0,203176.0,14.9
688205.SH,20260917,219.0,219.0,219.0,219.0,78252.0,17137187.84,219.0
688206.SH,20260917,37.2,37.2,37.2,37.2,29910.0,1112652.0,37.2
688207.SH,20260917,19.99,19.99,19.99,19.99,45392.0,907386.0,19.99
688208.SH,20260917,25.37,25.4,25.4,25.37,10610.0,269468.0,25.4
688209.SH,20260917,37.3,37.3,37.3,37.3,119933.0,4473501.12,37.3
688210.SH,20260917,26.19,26.19,26.19,26.19,3552.0,93027.0,26.19
688211.SH,20260917,29.93,29.93,29.93,29.93,600.0,17958.0,29.93
688212.SH,20260917,28.68,28.68,28.68,28.68,700.0,20076.0,28.68
688213.SH,20260917,91.72,91.72,91.72,91.72,11478.0,1052762.0,91.72
688215.SH,20260917,45.83,45.83,45.83,45.83,1400.0,64162.0,45.83
688216.SH,20260917,38.64,38.64,38.64,38.64,151156.0,5840668.16,38.64
688217.SH,20260917,22.82,22.82,22.82,22.82,700.0,15974.0,22.82
688218.SH,20260917,42.15,42.15,42.15,42.15,4443.0,187272.0,42.15
688219.SH,20260917,10.06,10.06,10.06,10.06,4989.0,50189.0,10.06
688220.SH,20260917,90.1,90.1,90.1,90.1,12002.0,1081380.0,90.1
688221.SH,20260917,15.56,15.56,15.56,15.56,27818.0,432848.0,15.56
688222.SH,20260917,36.46,36.46,36.46,36.46,167994.0,6125061.12,36.46
688223.SH,20260917,3.75,3.75,3.75,3.75,418574.0,1569652.96,3.75
688225.SH,20260917,12.95,12.95,12.95,12.95,29757.0,385353.0,12.95
688226.SH,20260917,28.95,28.99,28.99,28.95,17389.0,504091.0,28.99
688227.SH,20260917,68.31,68.31,68.31,68.31,1267.0,86549.0,68.31
688228.SH,20260917,78.8,78.8,78.8,78.8,1425.0,112290.0,78.8
688229.SH,20260917,60.77,60.77,60.77,60.77,1200.0,72924.0,60.77
688230.SH,20260917,59.5,59.5,59.5,59.5,2922.0,173859.0,59.5
688231.SH,20260917,30.64,30.64,30.64,30.64,2915.0,89316.0,30.64
688232.SH,20260917,17.3,17.3,17.3,17.3,5590.0,96707.0,17.3
688233.SH,20260917,99.79,99.79,99.79,99.79,94369.0,9417082.88,99.79
688234.SH,20260917,104.25,104.25,104.25,104.25,116219.0,12115831.04,104.25
688235.SH,20260917,251.51,251.51,251.51,251.51,4400.0,1106644.0,251.51
688236.SH,20260917,13.43,13.43,13.43,13.43,17384.0,233467.0,13.43
688237.SH,20260917,56.89,56.89,56.89,56.89,5000.0,284450.0,56.89
688238.SH,20260917,6.5,6.5,6.5,6.5,37916.0,246454.0,6.5
688239.SH,20260917,53.15,53.15,53.15,53.15,23495.0,1248759.04,53.15
688244.SH,20260917,15.44,15.44,15.44,15.44,206831.0,3193471.04,15.44
688246.SH,20260917,16.15,16.15,16.15,16.15,1700.0,27455.0,16.15
688247.SH,20260917,8.82,8.82,8.82,8.82,4800.0,42336.0,8.82
688248.SH,20260917,48.78,48.78,48.78,48.33,3373.0,164445.0,48.75
688249.SH,20260917,35.65,35.65,35.65,35.65,83378.0,2972425.92,35.65
688251.SH,20260917,18.53,18.53,18.53,18.53,3100.0,57443.0,18.53
688252.SH,20260917,20.94,20.94,20.94,20.94,9295.0,194637.0,20.94
688253.SH,20260917,54.7,54.7,54.7,54.7,0.0,0.0,54.7
688255.SH,20260917,24.52,24.52,24.52,24.52,2489.0,61030.0,24.52
688256.SH,20260917,1130.0,1130.0,1130.0,1130.0,82558.0,93290547.2,1130.0
688257.SH,20260917,56.0,56.0,56.0,56.0,37993.0,2127608.0,56.0
688258.SH,20260917,90.0,90.0,90.0,90.0,2041.0,183690.0,90.0
688259.SH,20260917,31.32,31.32,31.32,31.32,1800.0,56376.0,31.32
688260.SH,20260917,119.21,119.21,119.21,119.21,80107.0,9549555.2,119.21
688261.SH,20260917,68.3,68.3,68.3,68.3,28940.0,1976601.92,68.3
688262.SH,20260917,27.53,27.53,27.53,27.53,9881.0,272024.0,27.53
688265.SH,20260917,39.48,39.48,39.48,39.48,5799.0,228945.0,39.48
688266.SH,20260917,108.98,108.98,108.98,108.98,1674.0,182433.0,108.98
688267.SH,20260917,20.5,20.5,20.5,20.5,20830.0,427015.0,20.5
688268.SH,20260917,134.08,134.08,134.08,134.08,16260.0,2180140.96,134.08
688269.SH,20260917,27.18,27.18,27.18,27.18,12366.0,336108.0,27.18
688270.SH,20260917,56.2,56.2,56.2,56.2,83687.0,4703208.96,56.2
688271.SH,20260917,101.71,101.71,101.71,101.71,2270.0,230882.0,101.71
688272.SH,20260917,26.93,26.93,26.93,26.93,998.0,26876.0,26.93
688273.SH,20260917,28.48,28.48,28.48,28.48,8028.0,228637.0,28.48
688275.SH,20260917,68.49,68.49,68.49,68.49,17316.0,1185972.96,68.49
688276.SH,20260917,14.88,14.88,14.88,14.88,2075.0,30876.0,14.88
688277.SH,20260917,14.84,14.8,14.84,14.8,4873.0,72161.0,14.81
688278.SH,20260917,49.94,49.94,49.94,49.94,2600.0,129844.0,49.94
688279.SH,20260917,191.38,191.38,191.38,191.38,3758.0,719206.0,191.38
688280.SH,20260917,4.97,4.97,4.97,4.97,792.0,3936.0,4.97
688281.SH,20260917,50.93,50.93,50.93,50.93,1425.0,72575.0,50.93
688282.SH,20260917,53.61,53.61,53.61,53.61,818.0,43853.0,53.61
688283.SH,20260917,26.66,26.66,26.66,26.66,922.0,24581.0,26.66
688285.SH,20260917,7.37,7.37,7.37,7.37,2000.0,14740.0,7.37
688286.SH,20260917,47.9,47.9,47.9,47.9,10561.0,505872.0,47.9
688288.SH,20260917,17.66,17.66,17.66,17.66,3600.0,63576.0,17.66
688289.SH,20260917,15.64,15.64,15.64,15.64,24236.0,379051.0,15.64
688290.SH,20260917,63.81,63.81,63.81,63.81,3058.0,195131.0,63.81
688291.SH,20260917,38.98,38.98,38.98,38.98,11880.0,463082.0,38.98
688292.SH,20260917,18.58,18.58,18.58,18.58,14700.0,273126.0,18.58
688293.SH,20260917,67.1,67.1,67.1,67.1,62707.0,4207640.0,67.1
688295.SH,20260917,37.6,37.6,37.6,37.6,5300.0,199280.0,37.6
688296.SH,20260917,24.52,24.52,24.52,24.52,64622.0,1584531.04,24.52
688297.SH,20260917,43.16,43.16,43.16,43.16,7283.0,314334.0,43.16
688298.SH,20260917,18.18,18.18,18.18,18.18,25140.0,457045.0,18.18
688299.SH,20260917,12.85,12.85,12.85,12.85,19465.0,250125.0,12.85
688300.SH,20260917,184.97,184.97,184.97,184.97,66722.0,12341568.0,184.97
688301.SH,20260917,91.99,91.99,91.99,91.99,9605.0,883564.0,91.99
688302.SH,20260917,30.36,30.36,30.36,30.36,1934.0,58716.0,30.36
688303.SH,20260917,16.16,16.16,16.16,16.16,7806.0,126145.0,16.16
688305.SH,20260917,55.7,55.7,55.7,55.7,10304.0,573933.0,55.7
688306.SH,20260917,8.76,8.76,8.76,8.76,4385.0,38413.0,8.76
688307.SH,20260917,47.65,47.65,47.65,47.65,24664.0,1175240.0,47.65
688308.SH,20260917,87.5,87.5,87.5,87.5,26112.0,2284800.0,87.5
688309.SH,20260917,76.88,76.88,76.88,76.88,5080.0,390550.0,76.88
688310.SH,20260917,14.17,14.17,14.17,14.17,755.0,10698.0,14.17
688311.SH,20260917,23.1,23.1,23.1,23.1,13637.0,315015.0,23.1
688312.SH,20260917,51.24,51.24,51.24,51.24,63408.0,3249025.92,51.24
688313.SH,20260917,161.6,160.8,161.6,160.78,253330.0,40740997.12,160.82
688314.SH,20260917,29.9,29.9,29.9,29.9,200.0,5980.0,29.9
688315.SH,20260917,13.69,13.69,13.69,13.69,15160.0,207540.0,13.69
688316.SH,20260917,44.0,44.0,44.0,44.0,2686.0,118184.0,44.0
688317.SH,20260917,16.09,16.09,16.09,16.09,1279.0,20579.0,16.09
688318.SH,20260917,78.5,78.3,78.5,78.3,126202.0,9881656.96,78.3
688319.SH,20260917,26.77,26.77,26.77,26.77,1200.0,32124.0,26.77
688320.SH,20260917,32.9,32.9,32.9,32.9,10200.0,335580.0,32.9
688321.SH,20260917,24.4,24.4,24.4,24.4,58124.0,1418225.92,24.4
688322.SH,20260917,90.83,90.5,90.83,90.5,16423.0,1486328.96,90.5
688323.SH,20260917,26.53,26.53,26.53,26.53,31151.0,826436.0,26.53
688325.SH,20260917,109.0,109.0,109.0,109.0,529.0,57661.0,109.0
688326.SH,20260917,56.87,56.87,56.87,56.87,2000.0,113740.0,56.87
688327.SH,20260917,9.73,9.73,9.73,9.73,207921.0,2023071.04,9.73
688328.SH,20260917,82.78,82.78,82.78,82.78,20240.0,1675467.04,82.78
688329.SH,20260917,21.12,21.12,21.12,21.12,3092.0,65303.0,21.12
688330.SH,20260917,35.37,35.37,35.37,35.37,1983.0,70139.0,35.37
688331.SH,20260917,114.69,114.69,114.69,114.69,6498.0,745256.0,114.69
688332.SH,20260917,93.5,93.5,93.5,93.5,7450.0,696575.04,93.5
688333.SH,20260917,117.5,117.5,117.5,117.5,19539.0,2295832.96,117.5
688334.SH,20260917,17.72,17.72,17.72,17.72,0.0,0.0,17.72
688335.SH,20260917,18.26,18.26,18.26,18.26,6615.0,120790.0,18.26
688336.SH,20260917,39.66,39.66,39.66,39.66,29400.0,1166004.0,39.66
688337.SH,20260917,42.33,42.33,42.33,42.33,2466.0,104386.0,42.33
688338.SH,20260917,29.03,29.03,29.03,29.03,0.0,0.0,29.03
688339.SH,20260917,16.53,16.53,16.53,16.53,1800.0,29754.0,16.53
688343.SH,20260917,55.5,55.5,55.5,55.5,20492.0,1137306.0,55.5
688345.SH,20260917,49.67,49.67,49.67,49.67,1100.0,54637.0,49.67
688347.SH,20260917,221.0,221.2,223.0,221.0,64259.0,14218572.8,221.27
688348.SH,20260917,29.5,29.5,29.5,29.5,2200.0,64900.0,29.5
688349.SH,20260917,12.82,12.82,12.82,12.82,75727.0,970820.0,12.82
688350.SH,20260917,27.14,27.14,27.14,27.14,3400.0,92276.0,27.14
688351.SH,20260917,16.72,16.72,16.72,16.72,4751.0,79437.0,16.72
688352.SH,20260917,19.19,19.19,19.19,19.19,104570.0,2006697.92,19.19
688353.SH,20260917,89.59,89.59,89.59,89.59,14979.0,1341968.96,89.59
688355.SH,20260917,16.16,16.16,16.16,16.16,1400.0,22624.0,16.16
688356.SH,20260917,76.81,76.74,76.81,76.74,14796.0,1135502.0,76.74
688357.SH,20260917,24.9,24.9,24.9,24.9,0.0,0.0,24.9
688358.SH,20260917,27.11,27.11,27.11,27.11,0.0,0.0,27.11
688359.SH,20260917,105.12,105.12,105.12,105.12,11870.0,1247774.0,105.12
688360.SH,20260917,14.3,14.3,14.3,14.3,6612.0,94552.0,14.3
688361.SH,20260917,344.76,344.76,344.76,344.76,43329.0,14938105.6,344.76
688362.SH,20260917,62.0,62.0,62.0,62.0,84858.0,5261196.16,62.0
688363.SH,20260917,34.16,34.16,34.16,34.16,6228.0,212748.0,34.16
688365.SH,20260917,13.89,13.89,13.89,13.89,8911.0,123774.0,13.89
688366.SH,20260917,28.7,28.7,28.7,28.7,700.0,20090.0,28.7
688367.SH,20260917,29.8,29.8,29.8,29.8,3000.0,89400.0,29.8
688368.SH,20260917,143.0,143.0,143.0,143.0,58695.0,8393384.96,143.0
688369.SH,20260917,18.82,18.82,18.82,18.82,3713.0,69879.0,18.82
688370.SH,20260917,24.96,24.96,24.96,24.96,4576.0,114217.0,24.96
688371.SH,20260917,25.48,25.48,25.48,25.48,24926.0,635114.0,25.48
688372.SH,20260917,116.9,116.9,116.9,116.9,13685.0,1599776.96,116.9
688373.SH,20260917,5.33,5.33,5.33,5.33,32577.0,173635.0,5.33
688375.SH,20260917,70.0,70.0,70.0,70.0,13604.0,952280.0,70.0
688376.SH,20260917,63.36,63.36,63.36,63.36,2800.0,177408.0,63.36
688377.SH,20260917,16.78,16.78,16.78,16.78,6933.0,116336.0,16.78
688378.SH,20260917,48.28,48.28,48.28,48.28,18837.0,909450.0,48.28
688379.SH,20260917,56.28,56.28,56.28,56.28,11898.0,669619.0,56.28
688380.SH,20260917,39.13,39.13,39.13,39.13,75211.0,2943006.08,39.13
688381.SH,20260917,40.48,40.48,40.48,40.48,42755.0,1730721.92,40.48
688382.SH,20260917,18.44,18.64,18.64,18.44,34930.0,650945.0,18.64
688383.SH,20260917,142.75,142.75,142.75,142.75,7143.0,1019663.04,142.75
688385.SH,20260917,54.65,54.65,54.65,54.65,48947.0,2674953.92,54.65
688386.SH,20260917,46.89,46.89,46.89,46.89,3632.0,170304.0,46.89
688387.SH,20260917,12.28,12.3,12.3,12.28,103865.0,1277504.0,12.3
688388.SH,20260917,28.91,28.87,28.91,28.87,122746.0,3543768.0,28.87
688389.SH,20260917,10.57,10.57,10.57,10.57,3355.0,35462.0,10.57
688390.SH,20260917,59.12,59.12,59.12,59.12,4943.0,292230.0,59.12
688391.SH,20260917,25.65,25.65,25.65,25.65,1063.0,27266.0,25.65
688392.SH,20260917,170.0,170.0,170.0,170.0,5100.0,867000.0,170.0
688393.SH,20260917,19.0,19.0,19.0,19.0,800.0,15200.0,19.0
688395.SH,20260917,23.07,23.07,23.07,23.07,2400.0,55368.0,23.07
688396.SH,20260917,57.5,57.5,57.5,57.5,61466.0,3534295.04,57.5
688398.SH,20260917,21.53,21.53,21.53,21.53,12833.0,276294.0,21.53
688399.SH,20260917,24.57,24.57,24.57,24.57,4359.0,107101.0,24.57
688400.SH,20260917,46.02,46.02,46.02,46.02,26622.0,1225144.0,46.02
688401.SH,20260917,67.33,67.33,67.33,67.33,23307.0,1569260.0,67.33
688403.SH,20260917,25.99,25.94,25.99,25.94,123516.0,3204015.04,25.94
688408.SH,20260917,22.42,22.42,22.42,22.42,4800.0,107616.0,22.42
688409.SH,20260917,184.24,183.5,184.82,183.21,77600.0,14242635.52,183.54
688410.SH,20260917,9.39,9.39,9.39,9.39,14384.0,135066.0,9.39
688411.SH,20260917,162.4,162.4,162.4,162.4,2700.0,438480.0,162.4
688416.SH,20260917,79.1,79.0,79.1,79.0,41844.0,3305696.0,79.0
688418.SH,20260917,32.03,32.03,32.03,32.03,601.0,19250.0,32.03
688419.SH,20260917,51.71,51.71,51.71,51.71,27520.0,1423059.04,51.71
688420.SH,20260917,21.02,21.02,21.02,21.02,2048.0,43049.0,21.02
688425.SH,20260917,3.93,3.93,3.93,3.93,47629.0,187182.0,3.93
688426.SH,20260917,20.53,20.53,20.53,20.53,2473.0,50771.0,20.53
688428.SH,20260917,28.63,28.63,28.63,28.63,6680.0,191248.0,28.63
688429.SH,20260917,9.46,9.46,9.46,9.46,40181.0,380112.0,9.46
688432.SH,20260917,57.57,57.0,57.57,56.9,2001712.0,114101749.76,57.0
688433.SH,20260917,88.78,88.78,88.78,88.78,5199.0,461567.0,88.78
688435.SH,20260917,28.63,28.63,28.63,28.63,23550.0,674236.96,28.63
688439.SH,20260917,37.4,37.4,37.4,37.4,3430.0,128282.0,37.4
688443.SH,20260917,22.28,22.28,22.28,22.28,14800.0,329744.0,22.28
688448.SH,20260917,69.13,69.13,69.13,69.13,13505.0,933600.96,69.13
688449.SH,20260917,61.7,61.7,61.7,61.7,29196.0,1801392.96,61.7
688450.SH,20260917,32.1,32.1,32.1,32.1,2600.0,83460.0,32.1
688455.SH,20260917,16.49,16.49,16.49,16.49,1100.0,18139.0,16.49
688456.SH,20260917,75.72,76.0,76.0,75.72,53016.0,4029160.0,76.0
688458.SH,20260917,37.2,37.2,37.2,37.2,9222.0,343058.0,37.2
688459.SH,20260917,8.06,8.06,8.06,8.06,700.0,5642.0,8.06
688466.SH,20260917,13.43,13.43,13.43,13.43,8422.0,113107.0,13.43
688468.SH,20260917,6.05,6.05,6.05,6.05,10100.0,61105.0,6.05
688469.SH,20260917,8.5,8.5,8.5,8.5,442386.0,3760280.96,8.5
688472.SH,20260917,8.15,8.15,8.15,8.15,92249.0,751828.96,8.15
688475.SH,20260917,27.92,27.92,27.92,27.92,5890.0,164449.0,27.92
688478.SH,20260917,48.9,48.9,48.9,48.9,228425.0,11169982.72,48.9
688479.SH,20260917,34.55,34.55,34.55,34.55,200.0,6910.0,34.55
688480.SH,20260917,69.21,69.21,69.21,69.21,2475.0,171295.0,69.21
688484.SH,20260917,32.65,32.65,32.65,32.65,6746.0,220257.0,32.65
688485.SH,20260917,104.83,104.83,104.83,104.83,35008.0,3669888.96,104.83
688486.SH,20260917,45.19,45.19,45.19,45.19,15139.0,684131.04,45.19
688488.SH,20260917,15.42,15.42,15.42,15.42,39447.0,608273.0,15.42
688489.SH,20260917,23.53,23.53,23.53,23.53,7166.0,168616.0,23.53
688496.SH,20260917,0.58,0.58,0.58,0.58,0.0,0.0,0.58
688498.SH,20260917,1755.0,1755.0,1755.0,1755.0,12824.0,22506119.68,1755.0
688499.SH,20260917,35.35,35.39,35.39,35.35,134328.0,4753450.88,35.39
688500.SH,20260917,31.5,31.5,31.5,31.5,1748.0,55062.0,31.5
688501.SH,20260917,14.2,14.2,14.2,14.2,19045.0,270439.0,14.2
688502.SH,20260917,439.74,439.74,439.74,439.74,4941.0,2172755.04,439.74
688503.SH,20260917,74.48,74.48,74.48,74.48,51606.0,3843615.04,74.48
688505.SH,20260917,7.48,7.5,7.5,7.48,23600.0,176800.0,7.49
688506.SH,20260917,240.7,240.7,240.7,240.7,4592.0,1105294.0,240.7
688507.SH,20260917,140.0,140.0,140.0,140.0,17482.0,2447480.0,140.0
688508.SH,20260917,89.98,89.98,89.98,89.98,25122.0,2260478.08,89.98
688509.SH,20260917,4.1,4.1,4.1,4.1,33896.0,138974.0,4.1
688510.SH,20260917,24.03,24.03,24.03,24.03,11106.0,266877.0,24.03
688511.SH,20260917,22.8,22.8,22.8,22.8,2600.0,59280.0,22.8
688512.SH,20260917,14.01,14.01,14.01,14.01,34247.0,479800.0,14.01
688513.SH,20260917,46.76,46.76,46.76,46.76,200.0,9352.0,46.76
688515.SH,20260917,146.88,146.88,146.88,146.88,7053.0,1035944.96,146.88
688516.SH,20260917,42.03,42.03,42.03,42.03,55692.0,2340735.04,42.03
688517.SH,20260917,15.3,15.3,15.3,15.3,3649.0,55830.0,15.3
688518.SH,20260917,21.35,21.35,21.35,21.35,87536.0,1868894.08,21.35
688519.SH,20260917,344.0,344.0,344.0,344.0,13011.0,4475784.0,344.0
688520.SH,20260917,32.27,32.27,32.27,32.27,1336.0,43113.0,32.27
688521.SH,20260917,191.72,191.72,191.72,191.72,96235.0,18450173.44,191.72
688522.SH,20260917,17.48,17.48,17.48,17.48,9313.0,162791.0,17.48
688523.SH,20260917,41.13,41.13,41.13,41.13,2737.0,112573.0,41.13
688525.SH,20260917,212.01,212.01,212.01,212.01,72634.0,15399133.44,212.01
688526.SH,20260917,12.21,12.21,12.21,12.21,1208.0,14750.0,12.21
688528.SH,20260917,9.7,9.7,9.7,9.7,12300.0,119310.0,9.7
688529.SH,20260917,14.22,14.22,14.22,14.22,0.0,0.0,14.22
688530.SH,20260917,63.6,63.6,63.6,63.6,67776.0,4310553.92,63.6
688531.SH,20260917,143.0,143.0,143.0,143.0,10963.0,1567708.96,143.0
688533.SH,20260917,18.92,18.92,18.92,18.92,2047.0,38729.0,18.92
688535.SH,20260917,108.76,108.67,108.76,108.67,21480.0,2334283.04,108.67
688536.SH,20260917,327.5,327.0,327.5,327.0,7118.0,2327686.08,327.01
688538.SH,20260917,2.07,2.07,2.07,2.07,236188.0,488909.0,2.07
688539.SH,20260917,23.62,23.62,23.62,23.62,24574.0,580438.0,23.62
688543.SH,20260917,42.45,42.45,42.45,42.45,29857.0,1267430.0,42.45
688545.SH,20260917,77.11,77.11,77.11,77.11,52493.0,4047735.04,77.11
688548.SH,20260917,29.2,29.25,29.25,29.2,90298.0,2641196.96,29.25
688549.SH,20260917,24.26,24.26,24.26,24.26,611586.0,14837076.48,24.26
688550.SH,20260917,37.69,37.69,37.69,37.69,5516.0,207898.0,37.69
688551.SH,20260917,40.07,40.07,40.07,40.07,7593.0,304252.0,40.07
688552.SH,20260917,30.66,30.66,30.66,30.66,5476.0,167894.0,30.66
688553.SH,20260917,10.99,10.99,10.99,10.99,10440.0,114736.0,10.99
688556.SH,20260917,7.64,7.64,7.64,7.64,22829.0,174414.0,7.64
688557.SH,20260917,19.32,19.32,19.32,19.32,4741.0,91596.0,19.32
688558.SH,20260917,32.28,32.28,32.28,32.28,6345.0,204817.0,32.28
688559.SH,20260917,58.32,58.32,58.32,58.32,25250.0,1472580.0,58.32
688560.SH,20260917,12.09,12.09,12.09,12.09,7078.0,85573.0,12.09
688561.SH,20260917,27.41,27.41,27.41,27.41,47544.0,1303180.96,27.41
688562.SH,20260917,14.25,14.25,14.25,14.25,5550.0,79088.0,14.25
688563.SH,20260917,55.68,55.68,55.68,55.68,11889.0,661980.0,55.68
688565.SH,20260917,10.81,10.81,10.81,10.81,6592.0,71260.0,10.81
688566.SH,20260917,25.78,25.78,25.78,25.78,0.0,0.0,25.78
688567.SH,20260917,9.11,9.11,9.11,9.11,63489.0,578385.0,9.11
688568.SH,20260917,30.5,30.5,30.5,30.5,60563.0,1847172.0,30.5
688569.SH,20260917,18.18,18.18,18.18,18.18,4943.0,89864.0,18.18
688570.SH,20260917,14.51,14.51,14.51,14.51,0.0,0.0,14.51
688571.SH,20260917,8.25,8.25,8.25,8.25,19484.0,160743.0,8.25
688573.SH,20260917,15.32,15.32,15.32,15.32,9257.0,141817.0,15.32
688575.SH,20260917,9.47,9.47,9.47,9.47,52225.0,494571.0,9.47
688576.SH,20260917,38.0,38.0,38.0,38.0,0.0,0.0,38.0
688577.SH,20260917,39.06,39.06,39.06,39.06,1000.0,39060.0,39.06
688578.SH,20260917,99.06,99.06,99.06,99.06,9413.0,932452.0,99.06
688579.SH,20260917,7.59,7.59,7.59,7.59,5621.0,42663.0,7.59
688580.SH,20260917,42.5,42.5,42.5,42.5,3676.0,156230.0,42.5
688581.SH,20260917,55.0,55.0,55.0,55.0,19609.0,1078495.04,55.0
688582.SH,20260917,38.5,38.5,38.5,38.5,1800.0,69300.0,38.5
688583.SH,20260917,77.92,77.92,77.92,77.92,812.0,63271.0,77.92
688584.SH,20260917,28.08,28.08,28.08,28.08,134089.0,3765218.88,28.08
688585.SH,20260917,146.98,146.98,146.98,146.98,6858.0,1007988.96,146.98
688586.SH,20260917,11.19,11.19,11.19,11.19,19026.0,212901.0,11.19
688588.SH,20260917,8.73,8.73,8.73,8.73,0.0,0.0,8.73
688589.SH,20260917,20.04,20.04,20.04,20.04,18122.0,363165.0,20.04
688590.SH,20260917,11.37,11.37,11.37,11.37,9157.0,104115.0,11.37
688591.SH,20260917,28.01,28.01,28.01,28.01,7337.0,205509.0,28.01
688592.SH,20260917,22.43,22.43,22.43,22.43,3056.0,68546.0,22.43
688593.SH,20260917,31.88,31.88,31.88,31.88,36342.0,1158583.04,31.88
688595.SH,20260917,29.81,29.81,29.81,29.81,14664.0,437134.0,29.81
688596.SH,20260917,64.8,64.58,64.8,64.58,65084.0,4203368.96,64.58
688597.SH,20260917,6.07,6.07,6.07,6.07,19574.0,118814.0,6.07
688598.SH,20260917,34.23,34.23,34.23,34.23,114002.0,3902288.0,34.23
688599.SH,20260917,10.79,10.79,10.79,10.79,72396.0,781152.96,10.79
688600.SH,20260917,34.22,34.22,34.22,34.22,46222.0,1581716.96,34.22
688601.SH,20260917,60.53,60.53,60.53,60.53,11045.0,668554.0,60.53
688602.SH,20260917,6.77,6.77,6.77,6.77,55340.0,374652.0,6.77
688603.SH,20260917,118.98,119.0,119.0,118.98,28666.0,3411219.84,119.0
688605.SH,20260917,87.0,87.0,87.0,87.0,35819.0,3116253.12,87.0
688606.SH,20260917,44.37,44.37,44.37,44.37,0.0,0.0,44.37
688607.SH,20260917,38.84,38.84,38.84,38.84,2630.0,102149.0,38.84
688608.SH,20260917,94.56,94.56,94.56,94.56,12128.0,1146824.0,94.56
688609.SH,20260917,9.83,9.85,9.85,9.83,140437.0,1383273.92,9.85
688610.SH,20260917,158.93,158.93,158.93,158.93,3436.0,546083.0,158.93
688611.SH,20260917,66.98,66.98,66.98,66.98,6442.0,431485.0,66.98
688612.SH,20260917,36.6,36.6,36.6,36.6,39698.0,1452947.04,36.6
688613.SH,20260917,15.32,15.32,15.32,15.32,1838.0,28158.0,15.32
688615.SH,20260917,89.58,89.58,89.58,89.58,7709.0,690572.0,89.58
688616.SH,20260917,10.35,10.35,10.35,10.35,2296.0,23764.0,10.35
688617.SH,20260917,243.7,243.7,243.7,243.7,3392.0,826630.0,243.7
688618.SH,20260917,28.47,28.47,28.47,28.47,9899.0,281825.0,28.47
688619.SH,20260917,14.78,14.78,14.78,14.78,28008.0,413958.0,14.78
688620.SH,20260917,17.15,17.15,17.15,17.15,268838.0,4610572.16,17.15
688621.SH,20260917,73.22,73.22,73.22,73.22,2200.0,161084.0,73.22
688622.SH,20260917,122.5,122.5,122.5,122.5,21744.0,2663640.0,122.5
688623.SH,20260917,57.95,57.95,57.95,57.95,1700.0,98515.0,57.95
688625.SH,20260917,70.0,70.0,70.0,70.0,182897.0,12802790.4,70.0
688626.SH,20260917,38.87,38.87,38.87,38.87,4462.0,173438.0,38.87
688627.SH,20260917,488.84,488.0,488.84,488.0,15387.0,7509729.92,488.06
688628.SH,20260917,75.86,75.58,75.86,75.58,7013.0,530883.0,75.7
688629.SH,20260917,132.0,132.0,132.0,132.0,64845.0,8559539.84,132.0
688630.SH,20260917,430.0,430.0,430.0,430.0,13266.0,5704380.16,430.0
688631.SH,20260917,36.57,36.57,36.57,36.57,2954.0,108028.0,36.57
688633.SH,20260917,22.11,22.11,22.11,22.11,4652.0,102856.0,22.11
688635.SH,20260917,283.97,283.97,283.97,283.97,14865.0,4221214.08,283.97
688636.SH,20260917,20.75,20.75,20.75,20.75,31961.0,663191.0,20.75
688638.SH,20260917,31.91,31.91,31.91,31.91,1716.0,54758.0,31.91
688639.SH,20260917,16.43,16.41,16.43,16.41,13736.0,225410.0,16.41
688646.SH,20260917,75.0,75.0,75.0,75.0,3100.0,232500.0,75.0
688648.SH,20260917,28.78,28.78,28.78,28.78,2715.0,78138.0,28.78
688651.SH,20260917,22.91,22.91,22.91,22.91,39690.0,909298.0,22.91
688652.SH,20260917,138.0,138.0,138.0,138.0,8627.0,1190526.0,138.0
688653.SH,20260917,13.96,13.96,13.96,13.96,78309.0,1093194.0,13.96
688655.SH,20260917,60.17,60.17,60.17,60.17,99591.0,5992389.76,60.17
688656.SH,20260917,109.68,109.68,109.68,109.68,900.0,98712.0,109.68
688657.SH,20260917,32.18,32.18,32.18,32.18,900.0,28962.0,32.18
688658.SH,20260917,12.44,12.44,12.44,12.44,12917.0,160687.0,12.44
688659.SH,20260917,8.94,8.94,8.94,8.94,22603.0,202071.0,8.94
688660.SH,20260917,8.88,8.88,8.88,8.88,181182.0,1608896.0,8.88
688661.SH,20260917,105.57,105.57,105.57,105.57,14588.0,1540055.04,105.57
688662.SH,20260917,92.84,92.84,92.84,92.84,96530.0,8961845.12,92.84
688663.SH,20260917,56.0,56.0,56.0,56.0,1600.0,89600.0,56.0
688665.SH,20260917,43.94,43.94,43.94,43.94,6025.0,264739.0,43.94
688667.SH,20260917,98.0,97.95,98.0,97.95,5300.0,519145.0,97.95
688668.SH,20260917,266.56,266.56,266.56,266.56,13198.0,3518058.88,266.56
688669.SH,20260917,68.0,68.0,68.0,68.0,10731.0,729708.0,68.0
688670.SH,20260917,16.98,16.98,16.98,16.98,9066.0,153941.0,16.98
688671.SH,20260917,23.4,23.4,23.4,23.4,1901.0,44483.0,23.4
688676.SH,20260917,63.5,63.5,63.5,63.5,81380.0,5167630.08,63.5
688677.SH,20260917,82.0,82.0,82.0,82.0,26956.0,2210392.0,82.0
688678.SH,20260917,22.2,22.2,22.2,22.2,78751.0,1748272.0,22.2
688679.SH,20260917,41.8,41.8,41.8,41.8,200.0,8360.0,41.8
688680.SH,20260917,32.23,32.23,32.23,32.23,1119.0,36065.0,32.23
688681.SH,20260917,14.71,14.71,14.71,14.71,6131.0,90187.0,14.71
688682.SH,20260917,29.73,29.73,29.73,29.73,3500.0,104055.0,29.73
688683.SH,20260917,30.9,30.9,30.9,30.9,4782.0,147764.0,30.9
688685.SH,20260917,35.58,35.58,35.58,35.58,9554.0,339931.0,35.58
688686.SH,20260917,140.5,140.5,140.5,140.5,2576.0,361928.0,140.5
688687.SH,20260917,16.65,16.65,16.65,16.65,2600.0,43290.0,16.65
688689.SH,20260917,39.72,39.72,39.72,39.72,29720.0,1180478.0,39.72
688690.SH,20260917,43.56,43.56,43.56,43.56,22575.0,983367.04,43.56
688691.SH,20260917,61.51,61.51,61.51,61.51,5800.0,356758.0,61.51
688692.SH,20260917,207.05,207.05,207.05,207.05,0.0,0.0,207.05
688693.SH,20260917,76.04,76.04,76.04,76.04,5895.0,448256.0,76.04
688695.SH,20260917,18.37,18.37,18.37,18.37,790.0,14512.0,18.37
688696.SH,20260917,85.51,85.51,85.51,85.51,900.0,76959.0,85.51
688697.SH,20260917,14.5,14.5,14.5,14.5,3200.0,46400.0,14.5
688698.SH,20260917,42.0,42.0,42.0,42.0,3644.0,153048.0,42.0
688699.SH,20260917,65.8,65.8,65.8,65.8,39825.0,2620484.96,65.8
688700.SH,20260917,66.6,66.6,66.6,66.6,40832.0,2719410.88,66.6
688701.SH,20260917,8.65,8.65,8.65,8.65,3700.0,32005.0,8.65
688702.SH,20260917,316.0,314.99,316.0,314.99,45243.0,14253954.56,315.05
688707.SH,20260917,10.16,10.16,10.16,10.16,8583.0,87203.0,10.16
688708.SH,20260917,41.2,41.2,41.2,41.2,1100.0,45320.0,41.2
688709.SH,20260917,24.1,24.1,24.1,24.1,29205.0,703840.96,24.1
688710.SH,20260917,88.1,88.1,88.1,88.1,2930.0,258133.0,88.1
688711.SH,20260917,27.42,27.42,27.45,27.42,129757.0,3557967.04,27.42
688712.SH,20260917,29.03,29.03,29.03,29.03,6268.0,181960.0,29.03
688716.SH,20260917,25.25,25.25,25.25,25.25,400.0,10100.0,25.25
688717.SH,20260917,43.11,43.11,43.11,43.11,15935.0,686958.0,43.11
688718.SH,20260917,13.56,13.56,13.56,13.56,14411.0,195413.0,13.56
688719.SH,20260917,55.19,55.19,55.19,55.19,12563.0,693352.0,55.19
688720.SH,20260917,64.13,63.88,64.58,63.88,37678.0,2408172.0,63.92
688721.SH,20260917,41.01,41.01,41.01,41.01,8684.0,356131.0,41.01
688722.SH,20260917,13.88,13.88,13.88,13.88,36710.0,509535.0,13.88
688726.SH,20260917,41.3,41.3,41.3,41.3,1200.0,49560.0,41.3
688727.SH,20260917,47.72,47.72,47.73,47.72,17651.0,842308.0,47.72
688728.SH,20260917,14.31,14.31,14.31,14.31,48186.0,689542.0,14.31
688729.SH,20260917,23.93,23.93,23.93,23.93,241602.0,5781536.0,23.93
688733.SH,20260917,28.51,28.51,28.51,28.51,14015.0,399568.0,28.51
688737.SH,20260917,16.56,16.56,16.56,16.56,1964.0,32524.0,16.56
688739.SH,20260917,19.76,19.76,19.76,19.76,0.0,0.0,19.76
688750.SH,20260917,14.05,14.05,14.05,14.05,9549.0,134163.0,14.05
688755.SH,20260917,26.95,26.95,26.95,26.95,4115.0,110899.0,26.95
688757.SH,20260917,31.51,31.5,31.51,31.5,37636.0,1185554.0,31.5
688758.SH,20260917,29.96,29.96,29.96,29.96,82940.0,2484881.92,29.96
688759.SH,20260917,20.95,20.95,20.95,20.95,4600.0,96370.0,20.95
688765.SH,20260917,35.41,35.41,35.41,35.41,1400.0,49574.0,35.41
688766.SH,20260917,393.0,393.0,393.0,393.0,44848.0,17625264.64,393.0
688767.SH,20260917,37.08,37.08,37.08,37.08,2500.0,92700.0,37.08
688768.SH,20260917,40.8,40.8,40.8,40.8,544.0,22195.0,40.8
688772.SH,20260917,13.92,13.92,13.92,13.92,42936.0,597669.0,13.92
688775.SH,20260917,94.8,94.8,94.8,94.8,10570.0,1002036.0,94.8
688776.SH,20260917,45.64,45.64,45.64,45.64,400.0,18256.0,45.64
688777.SH,20260917,85.6,85.6,85.6,85.6,29248.0,2503628.96,85.6
688778.SH,20260917,44.99,44.99,44.99,44.99,18070.0,812968.96,44.99
688779.SH,20260917,7.74,7.74,7.74,7.74,33782.0,261473.0,7.74
688781.SH,20260917,36.02,36.02,36.02,36.02,10345.0,372627.0,36.02
688783.SH,20260917,28.0,28.0,28.0,28.0,314501.0,8806028.16,28.0
688785.SH,20260917,322.16,322.16,322.16,322.16,2239.0,721316.0,322.16
688786.SH,20260917,27.9,27.9,27.9,27.9,26120.0,728748.0,27.9
688787.SH,20260917,89.3,89.3,89.3,89.3,1512.0,135022.0,89.3
688788.SH,20260917,29.86,29.86,29.86,29.86,200.0,5972.0,29.86
688789.SH,20260917,40.46,40.46,40.46,40.46,1816.0,73475.0,40.46
688790.SH,20260917,90.01,90.01,90.01,90.01,60417.0,5438133.76,90.01
688793.SH,20260917,17.29,17.29,17.29,17.29,14996.0,259281.0,17.29
688795.SH,20260917,362.88,362.88,362.88,362.88,59134.0,21458545.92,362.88
688796.SH,20260917,125.0,125.0,125.0,125.0,13173.0,1646624.96,125.0
688797.SH,20260917,289.09,290.7,291.1,289.09,43244.0,12561219.84,290.47
688798.SH,20260917,53.1,53.1,53.1,53.1,10057.0,534027.0,53.1
688799.SH,20260917,49.68,49.68,49.68,49.68,200.0,9936.0,49.68
688800.SH,20260917,69.0,69.0,69.0,69.0,21891.0,1510479.04,69.0
688801.SH,20260917,469.0,466.86,469.0,465.38,47797.0,22316592.64,466.9
688802.SH,20260917,460.0,460.0,460.0,460.0,149822.0,68918118.4,460.0
688805.SH,20260917,39.6,39.6,39.6,39.6,400.0,15840.0,39.6
688806.SH,20260917,21.1,21.1,21.1,21.1,5644.0,119088.0,21.1
688807.SH,20260917,336.0,336.0,336.0,336.0,1786.0,600096.0,336.0
688808.SH,20260917,2311.0,2300.0,2311.0,2300.0,3813.0,8782517.76,2303.31
688809.SH,20260917,540.0,540.0,540.0,540.0,2864.0,1546560.0,540.0
688811.SH,20260917,20.6,20.6,20.6,20.6,55455.0,1142372.96,20.6
688813.SH,20260917,145.8,145.8,145.8,145.8,35240.0,5137992.0,145.8
688816.SH,20260917,45.55,45.55,45.55,45.55,857.0,39036.0,45.55
688818.SH,20260917,41.7,41.7,41.7,41.7,17032.0,710234.0,41.7
688819.SH,20260917,20.48,20.48,20.48,20.48,1967.0,40284.0,20.48
688820.SH,20260917,132.36,132.1,132.36,132.1,114311.0,15100634.88,132.1
688825.SH,20260917,54.58,54.6,54.6,54.58,1350924.96,73760409.6,54.6
688826.SH,20260917,795.02,795.02,795.02,795.02,16946.0,13472409.6,795.02
688828.SH,20260917,99.0,99.0,99.0,99.0,61942.0,6132257.92,99.0
688835.SH,20260917,330.0,330.0,330.0,330.0,34843.0,11498190.08,330.0
688836.SH,20260917,469.0,469.0,469.0,469.0,26610.0,12480089.6,469.0
688837.SH,20260917,39.78,39.78,39.78,39.78,732136.96,29124410.88,39.78
688981.SH,20260917,119.5,119.5,119.55,119.5,218572.0,26119398.4,119.5
689009.SH,20260917,36.63,36.63,36.63,36.63,10645.0,389926.0,36.63
920000.BJ,20260917,13.9,13.9,13.9,13.9,400.0,5560.0,13.9
920001.BJ,20260917,11.28,11.28,11.28,11.28,15400.0,173712.0,11.28
920002.BJ,20260917,49.12,49.12,49.12,49.12,2600.0,127712.0,49.12
920003.BJ,20260917,15.1,15.1,15.1,15.1,3635.0,54888.5,15.1
920005.BJ,20260917,23.41,23.41,23.41,23.41,400.0,9364.0,23.41
920006.BJ,20260917,17.45,17.45,17.45,17.45,30466.0,531631.68,17.45
920007.BJ,20260917,32.16,32.16,32.16,32.16,550.0,17688.0,32.16
920008.BJ,20260917,21.7,21.7,21.7,21.7,57643.0,1250853.12,21.7
920009.BJ,20260917,33.71,33.71,33.71,33.71,1094.0,36878.74,33.71
920010.BJ,20260917,8.9,8.9,8.9,8.9,75792.0,674548.8,8.9
920012.BJ,20260917,49.6,49.6,49.6,49.6,1856.0,92057.6,49.6
920014.BJ,20260917,8.65,8.65,8.65,8.65,100.0,865.0,8.65
920015.BJ,20260917,38.38,38.38,38.38,38.38,12465.0,478406.68,38.38
920016.BJ,20260917,14.52,14.52,14.52,14.52,15861.0,230301.72,14.52
920017.BJ,20260917,15.42,15.42,15.42,15.42,600.0,9252.0,15.42
920018.BJ,20260917,14.41,14.41,14.41,14.41,300.0,4323.0,14.41
920019.BJ,20260917,15.56,15.56,15.56,15.56,1300.0,20228.0,15.56
920020.BJ,20260917,14.48,14.48,14.48,14.48,203.0,2939.44,14.48
920021.BJ,20260917,7.7,7.7,7.7,7.7,157604.0,1213550.72,7.7
920022.BJ,20260917,18.66,18.66,18.66,18.66,100.0,1866.0,18.66
920026.BJ,20260917,17.33,17.33,17.33,17.33,19412.0,336409.96,17.33
920027.BJ,20260917,11.53,11.53,11.53,11.53,390.0,4496.7,11.53
920028.BJ,20260917,15.69,15.69,15.69,15.69,4257.0,66792.33,15.69
920029.BJ,20260917,31.8,31.8,31.8,31.8,1243.0,39527.4,31.8
920030.BJ,20260917,4.51,4.51,4.51,4.51,20000.0,90200.0,4.51
920033.BJ,20260917,13.68,13.68,13.68,13.68,3541.0,48440.88,13.68
920035.BJ,20260917,23.78,23.78,23.78,23.78,1000.0,23780.0,23.78
920037.BJ,20260917,37.34,37.34,37.34,37.34,600.0,22404.0,37.34
920038.BJ,20260917,36.9,36.9,36.9,36.9,94100.0,3472289.92,36.9
920039.BJ,20260917,7.53,7.53,7.53,7.53,5500.0,41415.0,7.53
920045.BJ,20260917,580.2,580.2,580.2,580.2,7293.0,4231398.4,580.2
920046.BJ,20260917,20.02,20.02,20.02,20.02,36439.0,729508.72,20.02
920047.BJ,20260917,14.49,14.49,14.49,14.49,400.0,5796.0,14.49
920050.BJ,20260917,27.86,27.86,27.86,27.86,100.0,2786.0,27.86
920056.BJ,20260917,14.05,14.05,14.05,14.05,100.0,1405.0,14.05
920058.BJ,20260917,27.91,27.91,27.91,27.91,800.0,22328.0,27.91
920059.BJ,20260917,12.36,12.36,12.36,12.36,3993.0,49353.48,12.36
920060.BJ,20260917,28.01,28.01,28.01,28.01,104815.0,2935868.16,28.01
920061.BJ,20260917,16.94,16.94,16.94,16.94,655.0,11095.7,16.94
920062.BJ,20260917,7.22,7.22,7.22,7.22,2800.0,20216.0,7.22
920065.BJ,20260917,32.9,32.9,32.9,32.9,11692.0,384666.8,32.9
920071.BJ,20260917,25.52,25.52,25.52,25.52,148952.0,3801255.04,25.52
920072.BJ,20260917,22.76,22.76,22.76,22.76,500.0,11380.0,22.76
920075.BJ,20260917,16.17,16.17,16.17,16.17,4500.0,72765.0,16.17
920077.BJ,20260917,13.16,13.16,13.16,13.16,1600.0,21056.0,13.16
920078.BJ,20260917,18.45,18.45,18.45,18.45,4878.0,89999.1,18.45
920079.BJ,20260917,12.57,12.57,12.57,12.57,100.0,1257.0,12.57
920081.BJ,20260917,40.4,40.4,40.4,40.4,800.0,32320.0,40.4
920082.BJ,20260917,7.82,7.82,7.82,7.82,8564.0,66970.48,7.82
920083.BJ,20260917,36.4,36.4,36.4,36.4,32075.0,1167530.0,36.4
920087.BJ,20260917,14.6,14.6,14.6,14.6,99499.0,1452685.44,14.6
920088.BJ,20260917,42.95,42.95,42.95,42.95,87723.0,3767702.72,42.95
920091.BJ,20260917,27.57,27.57,27.57,27.57,700.0,19299.0,27.57
920093.BJ,20260917,18.42,18.42,18.42,18.42,9900.0,182358.0,18.42
920096.BJ,20260917,31.0,31.0,31.0,31.0,1000.0,31000.0,31.0
920099.BJ,20260917,16.33,16.33,16.33,16.33,1550.0,25311.5,16.33
920100.BJ,20260917,28.76,28.76,28.76,28.76,1210.0,34799.6,28.76
920106.BJ,20260917,33.49,33.49,33.49,33.49,100.0,3349.0,33.49
920107.BJ,20260917,19.31,19.31,19.31,19.31,396.0,7646.76,19.31
920110.BJ,20260917,25.58,25.58,25.58,25.58,200.0,5116.0,25.58
920111.BJ,20260917,26.25,26.25,26.25,26.25,200.0,5250.0,26.25
920112.BJ,20260917,14.81,14.81,14.81,14.81,13572.0,201001.32,14.81
920116.BJ,20260917,42.75,42.75,42.75,42.75,2012.0,86013.0,42.75
920117.BJ,20260917,28.4,28.4,28.4,28.4,18518.0,525911.2,28.4
920119.BJ,20260917,55.53,55.53,55.53,55.53,2015.0,111892.96,55.53
920122.BJ,20260917,23.2,23.2,23.2,23.2,800.0,18560.0,23.2
920125.BJ,20260917,150.1,150.1,150.1,150.1,11352.0,1703935.2,150.1
920128.BJ,20260917,20.27,20.27,20.27,20.27,4824.0,97782.48,20.27
920132.BJ,20260917,8.81,8.81,8.81,8.81,25129.0,221386.48,8.81
920136.BJ,20260917,21.27,21.27,21.27,21.27,10401.0,221229.26,21.27
920138.BJ,20260917,32.5,32.5,32.5,32.5,12005.0,390162.48,32.5
920139.BJ,20260917,14.5,14.5,14.5,14.5,17921.0,259854.5,14.5
920145.BJ,20260917,10.09,10.09,10.09,10.09,700.0,7063.0,10.09
920146.BJ,20260917,4.95,4.95,4.95,4.95,100.0,495.0,4.95
920149.BJ,20260917,8.49,8.49,8.49,8.49,13592.0,115396.08,8.49
920156.BJ,20260917,34.61,34.61,34.61,34.61,500.0,17305.0,34.61
920158.BJ,20260917,7.87,7.87,7.87,7.87,3200.0,25184.0,7.87
920160.BJ,20260917,18.53,18.53,18.53,18.53,9400.0,174182.0,18.53
920161.BJ,20260917,20.98,20.98,20.98,20.98,27604.0,579131.92,20.98
920163.BJ,20260917,9.79,9.79,9.79,9.79,400.0,3916.0,9.79
920165.BJ,20260917,33.8,33.8,33.8,33.8,18768.0,634358.36,33.8
920168.BJ,20260917,15.1,15.1,15.1,15.1,500.0,7550.0,15.1
920169.BJ,20260917,20.25,20.25,20.25,20.25,4177.0,84584.26,20.25
920171.BJ,20260917,15.6,15.6,15.6,15.6,180.0,2808.0,15.6
920174.BJ,20260917,30.3,30.3,30.3,30.3,1055.0,31966.5,30.3
920176.BJ,20260917,68.99,68.99,68.99,68.99,15669.0,1081004.24,68.99
920177.BJ,20260917,22.71,22.71,22.71,22.71,320.0,7267.2,22.71
920178.BJ,20260917,92.5,92.5,92.5,92.5,5667.0,524197.52,92.5
920179.BJ,20260917,60.35,60.35,60.35,60.35,21265.0,1283342.72,60.35
920180.BJ,20260917,11.41,11.41,11.41,11.41,2000.0,22820.0,11.41
920181.BJ,20260917,70.1,70.1,70.1,70.1,1453.0,101855.3,70.1
920183.BJ,20260917,29.03,29.03,29.03,29.03,500.0,14515.0,29.03
920184.BJ,20260917,11.43,11.43,11.43,11.43,23194.0,265107.4,11.43
920185.BJ,20260917,19.82,19.82,19.82,19.82,2425.0,48063.5,19.82
920186.BJ,20260917,70.48,70.48,70.48,70.48,14820.0,1044513.6,70.48
920187.BJ,20260917,16.96,16.96,16.96,16.96,200.0,3392.0,16.96
920188.BJ,20260917,21.44,21.44,21.44,21.44,5223.0,111981.12,21.44
920189.BJ,20260917,20.56,20.56,20.56,20.56,12644.0,259960.64,20.56
920190.BJ,20260917,24.21,24.21,24.21,24.21,21033.0,509208.92,24.21
920191.BJ,20260917,8.62,8.62,8.62,8.62,3300.0,28446.0,8.62
920193.BJ,20260917,29.99,29.99,29.99,29.99,11660.0,349683.4,29.99
920195.BJ,20260917,12.33,12.33,12.33,12.33,200.0,2466.0,12.33
920198.BJ,20260917,7.74,7.74,7.74,7.74,500.0,3870.0,7.74
920200.BJ,20260917,29.09,29.09,29.09,29.09,93010.0,2705661.12,29.09
920204.BJ,20260917,13.58,13.58,13.58,13.58,32859.0,446225.2,13.58
920206.BJ,20260917,36.92,36.92,36.92,36.92,5429.0,200438.68,36.92
920207.BJ,20260917,21.66,21.66,21.66,21.66,17882.0,387324.12,21.66
920208.BJ,20260917,10.42,10.42,10.42,10.42,900.0,9378.0,10.42
920211.BJ,20260917,93.0,93.0,93.0,93.0,800.0,74400.0,93.0
920212.BJ,20260917,10.45,10.45,10.45,10.45,16789.0,175445.04,10.45
920218.BJ,20260917,14.54,14.54,14.54,14.54,2490.0,36204.6,14.54
920220.BJ,20260917,41.07,41.07,41.07,41.07,2908.0,119431.56,41.07
920221.BJ,20260917,12.18,12.18,12.18,12.18,1000.0,12180.0,12.18
920222.BJ,20260917,27.4,27.4,27.4,27.4,17133.0,469444.2,27.4
920223.BJ,20260917,13.7,13.7,13.7,13.7,29318.0,401656.6,13.7
920225.BJ,20260917,17.87,17.87,17.87,17.87,5744.0,102645.28,17.87
920230.BJ,20260917,10.33,10.33,10.33,10.33,1400.0,14462.0,10.33
920237.BJ,20260917,11.07,11.07,11.07,11.07,200.0,2214.0,11.07
920238.BJ,20260917,65.46,65.46,65.46,65.46,23875.0,1562857.44,65.46
920239.BJ,20260917,20.3,20.3,20.3,20.3,500.0,10150.0,20.3
920245.BJ,20260917,13.36,13.36,13.36,13.36,4500.0,60120.0,13.36
920247.BJ,20260917,13.92,13.92,13.92,13.92,3782.0,52645.44,13.92
920249.BJ,20260917,8.8,8.8,8.8,8.8,18684.0,164419.2,8.8
920252.BJ,20260917,14.81,14.81,14.81,14.81,19527.0,289194.88,14.81
920258.BJ,20260917,10.43,10.43,10.43,10.43,10000.0,104300.0,10.43
920260.BJ,20260917,8.09,8.09,8.09,8.09,200.0,1618.0,8.09
920262.BJ,20260917,13.68,13.68,13.68,13.68,4500.0,61560.0,13.68
920263.BJ,20260917,6.5,6.5,6.5,6.5,400.0,2600.0,6.5
920266.BJ,20260917,7.05,7.05,7.05,7.05,20715.0,146040.76,7.05
920267.BJ,20260917,15.66,15.66,15.66,15.66,911.0,14266.26,15.66
920268.BJ,20260917,30.61,30.61,30.61,30.61,102383.0,3133943.68,30.61
920269.BJ,20260917,33.66,33.66,33.66,33.66,6370.0,214414.2,33.66
920273.BJ,20260917,17.45,17.45,17.45,17.45,5833.0,101785.86,17.45
920274.BJ,20260917,15.43,15.43,15.43,15.43,1200.0,18516.0,15.43
920275.BJ,20260917,6.51,6.51,6.51,6.51,4460.0,29034.6,6.51
920278.BJ,20260917,6.25,6.25,6.25,6.25,100.0,625.0,6.25
920284.BJ,20260917,16.49,16.49,16.49,16.49,8551.0,141005.98,16.49
920288.BJ,20260917,17.46,17.46,17.46,17.46,7132.0,124524.72,17.46
920289.BJ,20260917,25.9,25.9,25.9,25.9,21100.0,546490.0,25.9
920298.BJ,20260917,62.0,62.0,62.0,62.0,297298.0,18432476.16,62.0
920299.BJ,20260917,14.11,14.11,14.11,14.11,2088.0,29461.68,14.11
920300.BJ,20260917,9.55,9.55,9.55,9.55,600.0,5730.0,9.55
920304.BJ,20260917,9.22,9.22,9.22,9.22,110.0,1014.2,9.22
920344.BJ,20260917,19.04,19.04,19.04,19.04,5956.0,113402.24,19.04
920346.BJ,20260917,15.04,15.04,15.04,15.04,100.0,1504.0,15.04
920351.BJ,20260917,12.38,12.38,12.38,12.38,2700.0,33426.0,12.38
920357.BJ,20260917,15.19,15.19,15.19,15.19,1600.0,24304.0,15.19
920363.BJ,20260917,9.82,9.82,9.82,9.82,10298.0,101126.36,9.82
920367.BJ,20260917,24.94,24.94,24.94,24.94,20418.0,509224.92,24.94
920368.BJ,20260917,22.0,22.0,22.0,22.0,11474.0,252428.0,22.0
920370.BJ,20260917,2.93,2.93,2.93,2.93,10800.0,31644.0,2.93
920371.BJ,20260917,7.43,7.43,7.43,7.43,22063.0,163928.1,7.43
920374.BJ,20260917,14.93,14.93,14.93,14.93,222.0,3314.46,14.93
920375.BJ,20260917,6.35,6.35,6.35,6.35,3100.0,19685.0,6.35
920392.BJ,20260917,13.59,13.59,13.59,13.59,11200.0,152208.0,13.59
920394.BJ,20260917,48.91,48.91,48.91,48.91,2381.0,116454.72,48.91
920395.BJ,20260917,6.62,6.62,6.62,6.62,300.0,1986.0,6.62
920402.BJ,20260917,8.29,8.29,8.29,8.29,21373.0,177182.18,8.29
920403.BJ,20260917,19.94,19.94,19.94,19.94,19860.0,396008.4,19.94
920405.BJ,20260917,16.6,16.6,16.6,16.6,6465.0,107319.0,16.6
920407.BJ,20260917,10.67,10.67,10.67,10.67,100.0,1067.0,10.67
920414.BJ,20260917,7.76,7.76,7.76,7.76,5094.0,39529.44,7.76
920415.BJ,20260917,8.7,8.7,8.7,8.7,500.0,4350.0,8.7
920418.BJ,20260917,17.17,17.17,17.17,17.17,3453.0,59288.01,17.17
920422.BJ,20260917,9.06,9.06,9.06,9.06,2906.0,26328.36,9.06
920425.BJ,20260917,13.94,13.94,13.94,13.94,784.0,10928.96,13.94
920427.BJ,20260917,8.29,8.29,8.29,8.29,5032.0,41715.28,8.29
920429.BJ,20260917,10.08,10.08,10.08,10.08,400.0,4032.0,10.08
920436.BJ,20260917,10.9,10.9,10.9,10.9,3965.0,43218.5,10.9
920438.BJ,20260917,104.0,104.0,104.0,104.0,55173.0,5737991.68,104.0
920445.BJ,20260917,7.31,7.31,7.31,7.31,30446.0,222560.26,7.31
920454.BJ,20260917,10.81,10.81,10.81,10.81,6800.0,73508.0,10.81
920469.BJ,20260917,5.89,5.89,5.89,5.89,3500.0,20615.0,5.89
920475.BJ,20260917,11.49,11.49,11.49,11.49,3200.0,36768.0,11.49
920476.BJ,20260917,24.17,24.17,24.17,24.17,21718.0,524924.08,24.17
920478.BJ,20260917,9.44,9.44,9.44,9.44,100.0,944.0,9.44
920489.BJ,20260917,12.22,12.22,12.22,12.22,20175.0,246538.5,12.22
920491.BJ,20260917,21.14,21.14,21.14,21.14,5734.0,121216.76,21.14
920493.BJ,20260917,109.96,109.96,109.96,109.96,2800.0,307888.0,109.96
920496.BJ,20260917,6.39,6.39,6.39,6.39,25100.0,160389.0,6.39
920504.BJ,20260917,18.21,18.21,18.21,18.21,1372.0,24984.12,18.21
920505.BJ,20260917,25.8,25.8,25.8,25.8,2070.0,53406.0,25.8
920508.BJ,20260917,15.0,15.0,15.0,15.0,4694.0,70410.0,15.0
920509.BJ,20260917,20.23,20.23,20.23,20.23,9595.0,194106.84,20.23
920510.BJ,20260917,19.62,19.62,19.62,19.62,22570.0,442823.4,19.62
920519.BJ,20260917,10.43,10.43,10.43,10.43,5632.0,58741.76,10.43
920522.BJ,20260917,16.9,16.9,16.9,16.9,37853.0,639715.68,16.9
920523.BJ,20260917,14.54,14.54,14.54,14.54,3128.0,45481.12,14.54
920526.BJ,20260917,19.36,19.36,19.36,19.36,4017.0,77769.12,19.36
920527.BJ,20260917,15.31,15.31,15.31,15.31,1250.0,19137.5,15.31
920533.BJ,20260917,16.0,16.0,16.0,16.0,1200.0,19200.0,16.0
920547.BJ,20260917,18.08,18.08,18.08,18.08,1550.0,28024.0,18.08
920553.BJ,20260917,6.76,6.76,6.76,6.76,1363.0,9213.88,6.76
920556.BJ,20260917,6.56,6.56,6.56,6.56,100.0,656.0,6.56
920564.BJ,20260917,13.32,13.32,13.32,13.32,200.0,2664.0,13.32
920566.BJ,20260917,9.12,9.12,9.12,9.12,3700.0,33744.0,9.12
920570.BJ,20260917,24.42,24.42,24.42,24.42,400.0,9768.0,24.42
920571.BJ,20260917,9.17,9.17,9.17,9.17,112720.0,1033642.4,9.17
920575.BJ,20260917,4.84,4.84,4.84,4.84,57879.0,280134.38,4.84
920576.BJ,20260917,37.21,37.21,37.21,37.21,100.0,3721.0,37.21
920578.BJ,20260917,16.29,16.29,16.29,16.29,3100.0,50499.0,16.29
920579.BJ,20260917,13.82,13.82,13.82,13.82,12230.0,169018.6,13.82
920580.BJ,20260917,10.82,10.82,10.82,10.82,6300.0,68166.0,10.82
920592.BJ,20260917,23.01,23.01,23.01,23.01,46823.0,1077397.28,23.01
920593.BJ,20260917,22.3,22.3,22.3,22.3,200.0,4460.0,22.3
920599.BJ,20260917,17.13,17.13,17.13,17.13,16899.0,289479.88,17.13
920608.BJ,20260917,13.7,13.7,13.7,13.7,1100.0,15070.0,13.7
920634.BJ,20260917,15.76,15.76,15.76,15.76,1800.0,28368.0,15.76
920640.BJ,20260917,26.08,26.08,26.08,26.08,1109.0,28922.72,26.08
920641.BJ,20260917,12.87,12.87,12.87,12.87,200.0,2574.0,12.87
920642.BJ,20260917,9.78,9.78,9.78,9.78,1632.0,15960.96,9.78
920651.BJ,20260917,20.16,20.16,20.16,20.16,8340.0,168134.4,20.16
920656.BJ,20260917,14.6,14.6,14.6,14.6,973.0,14205.8,14.6
920663.BJ,20260917,12.2,12.2,12.2,12.2,1000.0,12200.0,12.2
920675.BJ,20260917,7.4,7.4,7.4,7.4,3545.0,26233.0,7.4
920682.BJ,20260917,5.82,5.82,5.82,5.82,1010.0,5878.2,5.82
920685.BJ,20260917,11.96,11.96,11.96,11.96,600.0,7176.0,11.96
920689.BJ,20260917,19.95,19.95,19.95,19.95,1835.0,36608.25,19.95
920690.BJ,20260917,15.18,15.18,15.18,15.18,613.0,9305.34,15.18
920694.BJ,20260917,16.55,16.55,16.55,16.55,5650.0,93507.5,16.55
920699.BJ,20260917,69.06,69.06,69.06,69.06,12461.0,860556.72,69.06
920701.BJ,20260917,10.71,10.71,10.71,10.71,4528.0,48494.88,10.71
920703.BJ,20260917,9.45,9.45,9.45,9.45,100.0,945.0,9.45
920706.BJ,20260917,15.3,15.3,15.3,15.3,79574.0,1217482.24,15.3
920717.BJ,20260917,6.82,6.82,6.82,6.82,17910.0,122146.2,6.82
920718.BJ,20260917,11.22,11.22,11.22,11.22,3530.0,39606.6,11.22
920719.BJ,20260917,6.74,6.74,6.74,6.74,800.0,5392.0,6.74
920720.BJ,20260917,7.85,7.85,7.85,7.85,400.0,3140.0,7.85
920725.BJ,20260917,98.0,98.0,98.0,98.0,32633.0,3198033.92,98.0
920726.BJ,20260917,16.02,16.02,16.02,16.02,5307.0,85018.14,16.02
920729.BJ,20260917,6.64,6.64,6.64,6.64,800.0,5312.0,6.64
920735.BJ,20260917,24.33,24.33,24.33,24.33,8400.0,204372.0,24.33
920748.BJ,20260917,27.51,27.51,27.51,27.51,100352.0,2760683.52,27.51
920751.BJ,20260917,15.11,15.11,15.11,15.11,2400.0,36264.0,15.11
920765.BJ,20260917,11.41,11.41,11.41,11.41,3234.0,36899.94,11.41
920768.BJ,20260917,7.13,7.13,7.13,7.13,6300.0,44919.0,7.13
920770.BJ,20260917,10.55,10.55,10.55,10.55,12466.0,131516.3,10.55
920779.BJ,20260917,24.6,24.6,24.6,24.6,52469.0,1290737.36,24.6
920786.BJ,20260917,7.35,7.35,7.35,7.35,6575.0,48326.25,7.35
920790.BJ,20260917,22.88,22.88,22.88,22.88,9574.0,219053.12,22.88
920799.BJ,20260917,30.82,30.82,30.82,30.82,28800.0,887616.0,30.82
920802.BJ,20260917,10.85,10.85,10.85,10.85,1564.0,16969.4,10.85
920806.BJ,20260917,9.93,9.93,9.93,9.93,13479.0,133846.48,9.93
920807.BJ,20260917,9.02,9.02,9.02,9.02,18762.0,169233.24,9.02
920808.BJ,20260917,60.02,60.02,60.02,60.02,11114.0,667062.24,60.02
920809.BJ,20260917,6.75,6.75,6.75,6.75,67272.0,454086.0,6.75
920810.BJ,20260917,8.72,8.72,8.72,8.72,2000.0,17440.0,8.72
920819.BJ,20260917,3.1,3.1,3.1,3.1,1990.0,6169.0,3.1
920821.BJ,20260917,21.33,21.33,21.33,21.33,61522.0,1312264.24,21.33
920826.BJ,20260917,8.4,8.4,8.4,8.4,4736.0,39782.4,8.4
920833.BJ,20260917,9.96,9.96,9.96,9.96,500.0,4980.0,9.96
920834.BJ,20260917,9.14,9.14,9.14,9.14,1800.0,16452.0,9.14
920837.BJ,20260917,9.75,9.75,9.75,9.75,800.0,7800.0,9.75
920839.BJ,20260917,23.24,23.24,23.24,23.24,100.0,2324.0,23.24
920855.BJ,20260917,13.19,13.19,13.19,13.19,5700.0,75183.0,13.19
920856.BJ,20260917,11.91,11.91,11.91,11.91,300.0,3573.0,11.91
920857.BJ,20260917,20.55,20.55,20.55,20.55,2952.0,60663.6,20.55
920866.BJ,20260917,6.41,6.41,6.41,6.41,3300.0,21153.0,6.41
920871.BJ,20260917,11.15,11.15,11.15,11.15,8333.0,92912.96,11.15
920876.BJ,20260917,16.35,16.35,16.35,16.35,1100.0,17985.0,16.35
920879.BJ,20260917,12.31,12.31,12.31,12.31,3640.0,44808.4,12.31
920885.BJ,20260917,12.25,12.25,12.25,12.25,1600.0,19600.0,12.25
920895.BJ,20260917,22.13,22.13,22.13,22.13,100763.0,2229885.28,22.13
920896.BJ,20260917,12.36,12.36,12.36,12.36,5200.0,64272.0,12.36
920924.BJ,20260917,14.3,14.3,14.3,14.3,10270.0,146861.0,14.3
920925.BJ,20260917,11.13,11.13,11.13,11.13,100.0,1113.0,11.13
920931.BJ,20260917,10.02,10.02,10.02,10.02,1100.0,11022.0,10.02
920943.BJ,20260917,14.63,14.63,14.63,14.63,6200.0,90706.0,14.63
920946.BJ,20260917,9.85,9.85,9.85,9.85,6393.0,62971.05,9.85
920953.BJ,20260917,22.17,22.17,22.17,22.17,2644.0,58617.48,22.17
920957.BJ,20260917,10.1,10.1,10.1,10.1,21013.0,212231.3,10.1
920961.BJ,20260917,19.26,19.26,19.26,19.26,6426.0,123764.76,19.26
920964.BJ,20260917,4.9,4.9,4.9,4.9,8100.0,39690.0,4.9
920970.BJ,20260917,6.42,6.42,6.42,6.42,4400.0,28248.0,6.42
920971.BJ,20260917,27.4,27.4,27.4,27.4,11317.0,310085.82,27.4
920974.BJ,20260917,6.26,6.26,6.26,6.26,4173.0,26122.98,6.26
920976.BJ,20260917,21.91,21.91,21.91,21.91,36255.0,794347.04,21.91
920978.BJ,20260917,17.27,17.27,17.27,17.27,1700.0,29359.0,17.27
920981.BJ,20260917,29.9,29.9,29.9,29.9,9889.0,295681.1,29.9
920982.BJ,20260917,111.96,111.96,111.96,111.96,900.0,100764.0,111.96
920992.BJ,20260917,11.28,11.28,11.28,11.28,3450.0,38916.0,11.28
