trade_date,ts_code,up_limit,down_limit
20260915,000001.SZ,13.04,10.67
20260915,000002.SZ,3.36,2.75
20260915,000006.SZ,7.47,6.11
20260915,000007.SZ,12.09,9.89
20260915,000008.SZ,2.71,2.21
20260915,000009.SZ,7.63,6.25
20260915,000010.SZ,1.89,1.55
20260915,000011.SZ,9.44,7.72
20260915,000012.SZ,4.15,3.39
20260915,000014.SZ,11.3,9.24
20260915,000016.SZ,2.71,2.21
20260915,000017.SZ,8.25,6.75
20260915,000019.SZ,7.66,6.26
20260915,000020.SZ,14.08,11.52
20260915,000021.SZ,37.15,30.39
20260915,000025.SZ,16.16,13.22
20260915,000026.SZ,20.05,16.41
20260915,000027.SZ,7.01,5.73
20260915,000028.SZ,22.0,18.0
20260915,000029.SZ,23.31,19.07
20260915,000030.SZ,4.47,3.65
20260915,000031.SZ,2.41,1.97
20260915,000032.SZ,15.32,12.54
20260915,000034.SZ,25.41,20.79
20260915,000035.SZ,5.37,4.39
20260915,000036.SZ,4.19,3.43
20260915,000037.SZ,10.66,8.72
20260915,000039.SZ,10.14,8.3
20260915,000042.SZ,9.03,7.39
20260915,000045.SZ,12.01,9.83
20260915,000048.SZ,22.12,18.1
20260915,000049.SZ,24.34,19.92
20260915,000050.SZ,7.19,5.89
20260915,000055.SZ,3.93,3.21
20260915,000056.SZ,3.05,2.49
20260915,000058.SZ,7.73,6.33
20260915,000059.SZ,5.98,4.9
20260915,000060.SZ,6.79,5.55
20260915,000061.SZ,6.78,5.54
20260915,000062.SZ,24.85,20.33
20260915,000063.SZ,35.15,28.76
20260915,000065.SZ,10.38,8.5
20260915,000066.SZ,15.31,12.53
20260915,000068.SZ,3.63,2.97
20260915,000069.SZ,1.96,1.6
20260915,000070.SZ,18.37,15.03
20260915,000078.SZ,1.71,1.4
20260915,000088.SZ,5.1,4.18
20260915,000089.SZ,7.18,5.88
20260915,000090.SZ,3.78,3.1
20260915,000096.SZ,8.95,7.33
20260915,000099.SZ,14.45,11.83
20260915,000100.SZ,5.14,4.2
20260915,000151.SZ,11.59,9.49
20260915,000153.SZ,6.79,5.55
20260915,000155.SZ,13.0,10.64
20260915,000156.SZ,7.66,6.26
20260915,000157.SZ,7.17,5.87
20260915,000158.SZ,14.15,11.57
20260915,000159.SZ,6.23,5.09
20260915,000166.SZ,4.88,4.0
20260915,000301.SZ,14.78,12.1
20260915,000333.SZ,95.48,78.12
20260915,000338.SZ,28.75,23.53
20260915,000400.SZ,22.66,18.54
20260915,000401.SZ,3.91,3.2
20260915,000402.SZ,2.72,2.22
20260915,000403.SZ,11.18,9.14
20260915,000404.SZ,7.6,6.22
20260915,000407.SZ,4.73,3.87
20260915,000408.SZ,79.38,64.94
20260915,000409.SZ,9.78,8.0
20260915,000410.SZ,5.53,4.53
20260915,000411.SZ,10.89,8.91
20260915,000415.SZ,4.97,4.07
20260915,000417.SZ,6.46,5.28
20260915,000419.SZ,5.71,4.67
20260915,000420.SZ,3.89,3.19
20260915,000421.SZ,6.37,5.21
20260915,000422.SZ,13.16,10.76
20260915,000423.SZ,51.12,41.82
20260915,000425.SZ,8.91,7.29
20260915,000426.SZ,38.95,31.87
20260915,000428.SZ,5.04,4.12
20260915,000429.SZ,13.97,11.43
20260915,000430.SZ,8.0,6.54
20260915,000488.SZ,2.26,1.85
20260915,000498.SZ,5.37,4.39
20260915,000501.SZ,8.14,6.66
20260915,000503.SZ,7.54,6.17
20260915,000504.SZ,9.46,7.74
20260915,000505.SZ,7.32,5.99
20260915,000506.SZ,20.53,16.79
20260915,000507.SZ,5.61,4.59
20260915,000509.SZ,3.85,3.15
20260915,000510.SZ,18.77,15.35
20260915,000513.SZ,29.7,24.3
20260915,000514.SZ,4.58,3.74
20260915,000516.SZ,4.79,3.92
20260915,000517.SZ,2.23,1.83
20260915,000518.SZ,4.28,3.5
20260915,000519.SZ,17.38,14.22
20260915,000520.SZ,4.64,3.8
20260915,000521.SZ,4.88,4.0
20260915,000523.SZ,3.97,3.25
20260915,000524.SZ,9.99,8.17
20260915,000525.SZ,5.14,4.2
20260915,000526.SZ,39.02,31.92
20260915,000528.SZ,8.97,7.34
20260915,000529.SZ,5.49,4.49
20260915,000530.SZ,5.64,4.62
20260915,000531.SZ,6.36,5.2
20260915,000532.SZ,12.91,10.57
20260915,000533.SZ,12.63,10.33
20260915,000534.SZ,26.0,21.28
20260915,000536.SZ,3.75,3.07
20260915,000537.SZ,8.58,7.02
20260915,000538.SZ,55.84,45.68
20260915,000539.SZ,5.92,4.84
20260915,000541.SZ,5.39,4.41
20260915,000543.SZ,8.24,6.74
20260915,000544.SZ,8.11,6.63
20260915,000545.SZ,2.45,2.01
20260915,000546.SZ,5.02,4.1
20260915,000547.SZ,16.07,13.15
20260915,000548.SZ,5.07,4.15
20260915,000550.SZ,19.64,16.07
20260915,000551.SZ,13.4,10.96
20260915,000552.SZ,2.81,2.3
20260915,000553.SZ,6.23,5.09
20260915,000554.SZ,7.34,6.0
20260915,000555.SZ,11.59,9.49
20260915,000557.SZ,4.17,3.41
20260915,000558.SZ,4.19,3.43
20260915,000559.SZ,11.57,9.47
20260915,000560.SZ,2.95,2.41
20260915,000561.SZ,8.6,7.04
20260915,000563.SZ,3.27,2.67
20260915,000564.SZ,1.69,1.39
20260915,000565.SZ,7.62,6.24
20260915,000566.SZ,5.17,4.23
20260915,000567.SZ,6.61,5.41
20260915,000568.SZ,80.83,66.13
20260915,000570.SZ,5.76,4.72
20260915,000571.SZ,6.39,5.23
20260915,000572.SZ,4.76,3.9
20260915,000573.SZ,4.08,3.34
20260915,000576.SZ,9.11,7.45
20260915,000581.SZ,19.92,16.3
20260915,000582.SZ,12.14,9.94
20260915,000586.SZ,15.52,12.7
20260915,000589.SZ,4.73,3.87
20260915,000590.SZ,10.05,8.23
20260915,000591.SZ,4.79,3.92
20260915,000592.SZ,8.91,7.29
20260915,000593.SZ,23.71,19.4
20260915,000595.SZ,6.11,5.0
20260915,000596.SZ,101.31,82.89
20260915,000597.SZ,5.21,4.27
20260915,000598.SZ,7.87,6.44
20260915,000599.SZ,5.17,4.23
20260915,000600.SZ,8.22,6.72
20260915,000601.SZ,7.02,5.74
20260915,000603.SZ,36.85,30.15
20260915,000605.SZ,6.59,5.39
20260915,000607.SZ,4.24,3.47
20260915,000608.SZ,7.84,6.42
20260915,000609.SZ,10.37,8.49
20260915,000610.SZ,10.32,8.44
20260915,000612.SZ,11.57,9.47
20260915,000615.SZ,3.61,2.95
20260915,000617.SZ,7.48,6.12
20260915,000619.SZ,5.49,4.49
20260915,000620.SZ,3.41,2.79
20260915,000623.SZ,19.34,15.82
20260915,000625.SZ,7.95,6.51
20260915,000626.SZ,9.92,8.12
20260915,000628.SZ,57.31,46.89
20260915,000629.SZ,3.2,2.62
20260915,000630.SZ,6.7,5.48
20260915,000631.SZ,3.26,2.66
20260915,000632.SZ,4.55,3.73
20260915,000633.SZ,5.74,4.7
20260915,000635.SZ,8.12,6.64
20260915,000636.SZ,64.79,53.01
20260915,000637.SZ,4.63,3.79
20260915,000639.SZ,1.86,1.52
20260915,000650.SZ,5.82,4.76
20260915,000651.SZ,42.58,34.84
20260915,000652.SZ,3.78,3.1
20260915,000655.SZ,7.91,6.47
20260915,000656.SZ,1.32,1.08
20260915,000657.SZ,65.09,53.25
20260915,000659.SZ,3.19,2.61
20260915,000661.SZ,79.49,65.03
20260915,000663.SZ,6.6,5.4
20260915,000665.SZ,4.53,3.71
20260915,000668.SZ,22.84,18.68
20260915,000669.SZ,4.87,3.99
20260915,000670.SZ,8.34,6.82
20260915,000672.SZ,15.76,12.9
20260915,000676.SZ,7.44,6.08
20260915,000677.SZ,2.0,1.64
20260915,000678.SZ,9.71,7.95
20260915,000679.SZ,7.07,5.79
20260915,000680.SZ,11.17,9.14
20260915,000681.SZ,17.69,14.47
20260915,000682.SZ,11.86,9.7
20260915,000683.SZ,6.47,5.29
20260915,000685.SZ,12.18,9.96
20260915,000686.SZ,8.53,6.98
20260915,000688.SZ,28.93,23.67
20260915,000690.SZ,5.8,4.74
20260915,000691.SZ,10.6,8.68
20260915,000692.SZ,4.64,3.8
20260915,000695.SZ,14.6,11.94
20260915,000697.SZ,9.79,8.01
20260915,000698.SZ,3.95,3.23
20260915,000700.SZ,12.76,10.44
20260915,000701.SZ,5.63,4.61
20260915,000702.SZ,6.41,5.25
20260915,000703.SZ,18.78,15.36
20260915,000705.SZ,7.85,6.43
20260915,000707.SZ,5.02,4.1
20260915,000708.SZ,14.88,12.18
20260915,000709.SZ,2.29,1.87
20260915,000710.SZ,9.47,7.75
20260915,000711.SZ,5.51,4.51
20260915,000712.SZ,11.02,9.02
20260915,000713.SZ,7.82,6.4
20260915,000715.SZ,6.07,4.97
20260915,000716.SZ,5.83,4.77
20260915,000717.SZ,2.48,2.03
20260915,000718.SZ,2.13,1.75
20260915,000719.SZ,13.45,11.01
20260915,000720.SZ,4.29,3.51
20260915,000721.SZ,7.28,5.96
20260915,000722.SZ,16.56,13.55
20260915,000723.SZ,4.02,3.29
20260915,000725.SZ,5.83,4.77
20260915,000726.SZ,6.67,5.45
20260915,000727.SZ,2.48,2.03
20260915,000728.SZ,8.28,6.78
20260915,000729.SZ,12.24,10.02
20260915,000731.SZ,8.1,6.62
20260915,000733.SZ,44.86,36.7
20260915,000735.SZ,6.64,5.44
20260915,000736.SZ,4.84,3.96
20260915,000737.SZ,15.72,12.86
20260915,000738.SZ,21.78,17.82
20260915,000739.SZ,24.95,20.41
20260915,000750.SZ,4.06,3.32
20260915,000751.SZ,5.16,4.22
20260915,000752.SZ,9.7,7.94
20260915,000753.SZ,5.59,4.57
20260915,000755.SZ,5.3,4.34
20260915,000756.SZ,14.3,11.7
20260915,000757.SZ,4.72,3.86
20260915,000758.SZ,6.59,5.39
20260915,000759.SZ,8.25,6.75
20260915,000761.SZ,2.55,2.09
20260915,000762.SZ,23.95,19.59
20260915,000766.SZ,17.19,14.07
20260915,000767.SZ,3.89,3.19
20260915,000768.SZ,24.88,20.36
20260915,000776.SZ,22.54,18.44
20260915,000777.SZ,18.52,15.16
20260915,000778.SZ,4.02,3.29
20260915,000779.SZ,9.69,7.93
20260915,000782.SZ,8.43,6.89
20260915,000783.SZ,9.22,7.54
20260915,000785.SZ,2.53,2.07
20260915,000786.SZ,17.56,14.36
20260915,000788.SZ,6.03,4.93
20260915,000789.SZ,4.63,3.79
20260915,000790.SZ,4.44,3.64
20260915,000791.SZ,8.13,6.65
20260915,000792.SZ,27.65,22.63
20260915,000793.SZ,2.31,1.89
20260915,000795.SZ,9.02,7.38
20260915,000796.SZ,4.49,3.67
20260915,000797.SZ,2.78,2.28
20260915,000798.SZ,11.3,9.24
20260915,000799.SZ,40.82,33.4
20260915,000800.SZ,6.84,5.6
20260915,000801.SZ,13.3,10.88
20260915,000802.SZ,4.51,3.69
20260915,000803.SZ,8.15,6.67
20260915,000807.SZ,29.72,24.32
20260915,000809.SZ,3.74,3.06
20260915,000810.SZ,10.37,8.49
20260915,000811.SZ,40.05,32.77
20260915,000812.SZ,4.55,3.73
20260915,000813.SZ,3.64,2.98
20260915,000815.SZ,17.11,14.0
20260915,000816.SZ,3.18,2.6
20260915,000818.SZ,12.85,10.51
20260915,000819.SZ,13.29,10.87
20260915,000820.SZ,3.88,3.18
20260915,000821.SZ,8.24,6.74
20260915,000822.SZ,4.87,3.99
20260915,000823.SZ,24.89,20.37
20260915,000825.SZ,3.82,3.12
20260915,000826.SZ,2.09,1.71
20260915,000828.SZ,11.09,9.07
20260915,000829.SZ,9.89,8.09
20260915,000830.SZ,13.23,10.83
20260915,000831.SZ,57.43,46.99
20260915,000833.SZ,22.12,18.1
20260915,000837.SZ,10.48,8.58
20260915,000838.SZ,2.7,2.21
20260915,000839.SZ,3.42,2.8
20260915,000848.SZ,9.04,7.4
20260915,000850.SZ,4.53,3.71
20260915,000852.SZ,6.39,5.23
20260915,000856.SZ,9.75,7.97
20260915,000858.SZ,76.84,62.87
20260915,000859.SZ,9.98,8.16
20260915,000860.SZ,11.55,9.45
20260915,000862.SZ,6.18,5.06
20260915,000863.SZ,5.08,4.16
20260915,000868.SZ,4.3,3.52
20260915,000869.SZ,17.55,14.36
20260915,000875.SZ,5.48,4.48
20260915,000876.SZ,8.12,6.64
20260915,000877.SZ,4.1,3.36
20260915,000878.SZ,18.51,15.15
20260915,000880.SZ,26.9,22.01
20260915,000881.SZ,7.29,5.97
20260915,000882.SZ,1.67,1.37
20260915,000883.SZ,4.96,4.06
20260915,000885.SZ,13.11,10.73
20260915,000886.SZ,5.2,4.26
20260915,000887.SZ,20.94,17.14
20260915,000888.SZ,10.74,8.78
20260915,000889.SZ,4.39,3.59
20260915,000890.SZ,8.62,7.06
20260915,000892.SZ,4.98,4.08
20260915,000893.SZ,45.21,36.99
20260915,000895.SZ,25.81,21.11
20260915,000897.SZ,2.05,1.67
20260915,000898.SZ,2.24,1.84
20260915,000899.SZ,10.73,8.78
20260915,000900.SZ,3.98,3.26
20260915,000901.SZ,15.65,12.81
20260915,000902.SZ,15.28,12.5
20260915,000903.SZ,2.34,1.92
20260915,000905.SZ,9.91,8.11
20260915,000906.SZ,6.79,5.55
20260915,000908.SZ,6.81,5.57
20260915,000909.SZ,6.14,5.02
20260915,000910.SZ,5.81,4.75
20260915,000911.SZ,5.96,4.88
20260915,000912.SZ,4.61,3.77
20260915,000913.SZ,12.03,9.85
20260915,000915.SZ,27.2,22.26
20260915,000917.SZ,7.57,6.19
20260915,000919.SZ,7.26,5.94
20260915,000920.SZ,12.52,10.24
20260915,000921.SZ,31.49,25.77
20260915,000922.SZ,13.0,10.64
20260915,000923.SZ,17.99,14.72
20260915,000925.SZ,8.69,7.11
20260915,000926.SZ,2.33,1.91
20260915,000927.SZ,2.76,2.26
20260915,000928.SZ,6.12,5.0
20260915,000929.SZ,10.37,8.49
20260915,000930.SZ,5.82,4.76
20260915,000931.SZ,4.87,3.99
20260915,000932.SZ,3.89,3.19
20260915,000933.SZ,29.54,24.17
20260915,000935.SZ,22.48,18.4
20260915,000936.SZ,6.04,4.94
20260915,000937.SZ,4.91,4.01
20260915,000938.SZ,36.0,29.46
20260915,000948.SZ,15.17,12.41
20260915,000949.SZ,7.21,5.9
20260915,000950.SZ,5.78,4.73
20260915,000951.SZ,23.64,19.34
20260915,000952.SZ,7.13,5.83
20260915,000953.SZ,6.55,5.36
20260915,000955.SZ,4.55,3.73
20260915,000957.SZ,11.58,9.48
20260915,000958.SZ,5.75,4.71
20260915,000959.SZ,3.92,3.2
20260915,000960.SZ,36.3,29.7
20260915,000962.SZ,60.01,49.1
20260915,000963.SZ,29.11,23.81
20260915,000965.SZ,3.55,2.91
20260915,000966.SZ,4.59,3.75
20260915,000967.SZ,8.84,7.24
20260915,000968.SZ,7.93,6.49
20260915,000969.SZ,18.69,15.29
20260915,000970.SZ,12.43,10.17
20260915,000972.SZ,4.35,3.56
20260915,000973.SZ,13.06,10.68
20260915,000975.SZ,28.26,23.12
20260915,000977.SZ,75.7,61.94
20260915,000978.SZ,11.95,9.77
20260915,000980.SZ,2.56,2.1
20260915,000981.SZ,3.14,2.57
20260915,000983.SZ,7.29,5.97
20260915,000985.SZ,18.89,15.45
20260915,000987.SZ,8.06,6.6
20260915,000988.SZ,110.0,90.0
20260915,000989.SZ,9.61,7.87
20260915,000990.SZ,7.17,5.87
20260915,000993.SZ,16.8,13.74
20260915,000995.SZ,12.0,9.82
20260915,000997.SZ,21.87,17.89
20260915,000998.SZ,9.91,8.11
20260915,000999.SZ,26.73,21.87
20260915,001201.SZ,15.08,12.34
20260915,001202.SZ,15.38,12.58
20260915,001203.SZ,26.28,21.5
20260915,001205.SZ,15.93,13.03
20260915,001206.SZ,17.73,14.51
20260915,001207.SZ,19.07,15.61
20260915,001208.SZ,15.38,12.58
20260915,001209.SZ,19.86,16.25
20260915,001210.SZ,31.94,26.14
20260915,001211.SZ,25.47,20.84
20260915,001212.SZ,38.52,31.52
20260915,001213.SZ,3.88,3.18
20260915,001215.SZ,32.56,26.64
20260915,001216.SZ,16.43,13.45
20260915,001217.SZ,11.25,9.21
20260915,001218.SZ,25.36,20.75
20260915,001219.SZ,13.9,11.38
20260915,001220.SZ,34.85,28.51
20260915,001221.SZ,39.29,32.15
20260915,001222.SZ,16.64,13.62
20260915,001223.SZ,46.11,37.73
20260915,001225.SZ,47.96,39.24
20260915,001226.SZ,50.49,41.31
20260915,001227.SZ,2.39,1.95
20260915,001228.SZ,34.96,28.6
20260915,001229.SZ,40.7,33.3
20260915,001230.SZ,19.72,16.14
20260915,001231.SZ,22.91,18.75
20260915,001232.SZ,217.45,177.91
20260915,001233.SZ,45.57,37.29
20260915,001234.SZ,25.08,20.52
20260915,001236.SZ,8.61,7.05
20260915,001237.SZ,53.71,43.95
20260915,001238.SZ,26.07,21.33
20260915,001239.SZ,13.11,10.73
20260915,001248.SZ,13.06,10.68
20260915,001255.SZ,29.05,23.77
20260915,001256.SZ,23.45,19.19
20260915,001257.SZ,25.18,20.6
20260915,001258.SZ,12.38,10.13
20260915,001259.SZ,49.16,40.22
20260915,001260.SZ,19.97,16.34
20260915,001266.SZ,35.53,29.07
20260915,001267.SZ,38.6,31.58
20260915,001268.SZ,26.46,21.65
20260915,001269.SZ,20.69,16.93
20260915,001270.SZ,107.7,88.12
20260915,001277.SZ,32.77,26.81
20260915,001278.SZ,17.3,14.16
20260915,001279.SZ,27.89,22.82
20260915,001280.SZ,70.13,57.38
20260915,001282.SZ,16.89,13.82
20260915,001283.SZ,52.89,43.27
20260915,001285.SZ,46.42,37.98
20260915,001286.SZ,10.81,8.85
20260915,001287.SZ,25.06,20.5
20260915,001288.SZ,32.0,26.18
20260915,001289.SZ,16.69,13.65
20260915,001296.SZ,21.15,17.31
20260915,001298.SZ,18.6,15.22
20260915,001299.SZ,12.53,10.25
20260915,001300.SZ,12.75,10.43
20260915,001301.SZ,58.19,47.61
20260915,001306.SZ,57.89,47.37
20260915,001308.SZ,19.39,15.87
20260915,001309.SZ,426.69,349.11
20260915,001311.SZ,18.32,14.99
20260915,001312.SZ,19.38,15.86
20260915,001313.SZ,7.98,6.53
20260915,001314.SZ,53.63,43.88
20260915,001316.SZ,31.63,25.88
20260915,001317.SZ,52.82,43.22
20260915,001318.SZ,12.63,10.33
20260915,001319.SZ,24.02,19.66
20260915,001322.SZ,6.99,5.72
20260915,001323.SZ,19.64,16.07
20260915,001324.SZ,21.9,17.92
20260915,001325.SZ,41.01,33.55
20260915,001326.SZ,86.85,71.06
20260915,001328.SZ,32.84,26.87
20260915,001330.SZ,6.23,5.09
20260915,001331.SZ,47.6,38.94
20260915,001332.SZ,28.41,23.25
20260915,001333.SZ,20.91,17.11
20260915,001335.SZ,34.49,28.22
20260915,001336.SZ,19.77,16.17
20260915,001337.SZ,54.91,44.93
20260915,001338.SZ,10.03,8.21
20260915,001339.SZ,80.58,65.93
20260915,001356.SZ,9.85,8.06
20260915,001358.SZ,25.43,20.81
20260915,001359.SZ,91.27,74.67
20260915,001360.SZ,19.98,16.34
20260915,001365.SZ,36.7,30.02
20260915,001366.SZ,14.39,11.77
20260915,001367.SZ,22.0,18.0
20260915,001368.SZ,31.92,26.12
20260915,001369.SZ,13.35,10.93
20260915,001373.SZ,31.02,25.38
20260915,001376.SZ,12.69,10.39
20260915,001378.SZ,22.07,18.05
20260915,001379.SZ,17.3,14.16
20260915,001380.SZ,20.03,16.39
20260915,001382.SZ,17.99,14.72
20260915,001386.SZ,17.44,14.27
20260915,001387.SZ,12.93,10.58
20260915,001388.SZ,23.74,19.42
20260915,001389.SZ,188.58,154.3
20260915,001390.SZ,18.27,14.95
20260915,001391.SZ,4.39,3.59
20260915,001393.SZ,44.5,36.41
20260915,001395.SZ,31.76,25.98
20260915,001396.SZ,34.16,27.95
20260915,001399.SZ,22.29,18.23
20260915,001400.SZ,80.56,65.92
20260915,001696.SZ,17.08,13.98
20260915,001872.SZ,25.17,20.59
20260915,001896.SZ,14.29,11.69
20260915,001914.SZ,9.72,7.96
20260915,001965.SZ,10.85,8.87
20260915,001979.SZ,7.43,6.08
20260915,002001.SZ,29.61,24.23
20260915,002003.SZ,12.43,10.17
20260915,002004.SZ,4.9,4.01
20260915,002005.SZ,2.66,2.18
20260915,002006.SZ,14.59,11.93
20260915,002007.SZ,14.38,11.76
20260915,002008.SZ,101.51,83.05
20260915,002009.SZ,16.98,13.9
20260915,002010.SZ,5.06,4.14
20260915,002011.SZ,14.5,11.86
20260915,002012.SZ,7.99,6.53
20260915,002014.SZ,12.6,10.31
20260915,002015.SZ,18.59,15.21
20260915,002016.SZ,5.05,4.13
20260915,002017.SZ,16.04,13.12
20260915,002019.SZ,10.24,8.38
20260915,002020.SZ,12.66,10.36
20260915,002021.SZ,2.94,2.4
20260915,002022.SZ,6.29,5.15
20260915,002023.SZ,10.52,8.6
20260915,002024.SZ,1.29,1.05
20260915,002025.SZ,71.83,58.77
20260915,002026.SZ,12.76,10.44
20260915,002027.SZ,5.21,4.27
20260915,002028.SZ,147.18,120.42
20260915,002029.SZ,8.99,7.35
20260915,002030.SZ,5.89,4.82
20260915,002031.SZ,5.62,4.6
20260915,002032.SZ,43.75,35.79
20260915,002033.SZ,9.39,7.69
20260915,002034.SZ,15.66,12.82
20260915,002035.SZ,5.04,4.12
20260915,002036.SZ,6.9,5.64
20260915,002037.SZ,7.52,6.16
20260915,002038.SZ,6.25,5.11
20260915,002039.SZ,21.59,17.67
20260915,002040.SZ,10.52,8.6
20260915,002041.SZ,11.14,9.12
20260915,002042.SZ,4.19,3.43
20260915,002043.SZ,12.36,10.12
20260915,002044.SZ,5.03,4.11
20260915,002045.SZ,9.79,8.01
20260915,002046.SZ,66.0,54.0
20260915,002047.SZ,3.73,3.05
20260915,002048.SZ,19.32,15.8
20260915,002049.SZ,65.3,53.42
20260915,002050.SZ,38.17,31.23
20260915,002051.SZ,9.37,7.67
20260915,002052.SZ,9.27,7.59
20260915,002053.SZ,10.76,8.8
20260915,002054.SZ,7.81,6.39
20260915,002055.SZ,7.44,6.08
20260915,002056.SZ,21.85,17.87
20260915,002057.SZ,9.65,7.89
20260915,002058.SZ,17.81,14.57
20260915,002059.SZ,5.62,4.6
20260915,002060.SZ,3.48,2.84
20260915,002061.SZ,3.72,3.04
20260915,002062.SZ,9.66,7.9
20260915,002063.SZ,5.94,4.86
20260915,002064.SZ,11.25,9.21
20260915,002065.SZ,7.37,6.03
20260915,002066.SZ,22.29,18.23
20260915,002067.SZ,4.42,3.62
20260915,002068.SZ,11.17,9.14
20260915,002069.SZ,4.16,3.4
20260915,002072.SZ,7.83,6.41
20260915,002073.SZ,6.29,5.15
20260915,002074.SZ,27.91,22.83
20260915,002075.SZ,3.98,3.26
20260915,002076.SZ,2.31,1.89
20260915,002077.SZ,15.24,12.47
20260915,002078.SZ,15.47,12.65
20260915,002079.SZ,9.72,7.96
20260915,002080.SZ,58.07,47.51
20260915,002081.SZ,5.23,4.28
20260915,002082.SZ,10.74,8.78
20260915,002083.SZ,10.54,8.62
20260915,002084.SZ,5.92,4.84
20260915,002085.SZ,11.07,9.05
20260915,002086.SZ,2.31,1.89
20260915,002088.SZ,9.02,7.38
20260915,002090.SZ,9.92,8.12
20260915,002091.SZ,8.37,6.85
20260915,002092.SZ,5.08,4.16
20260915,002093.SZ,8.13,6.65
20260915,002094.SZ,5.68,4.64
20260915,002095.SZ,16.31,13.35
20260915,002096.SZ,10.05,8.23
20260915,002097.SZ,8.12,6.64
20260915,002098.SZ,8.84,7.24
20260915,002099.SZ,6.22,5.09
20260915,002100.SZ,8.79,7.19
20260915,002101.SZ,9.54,7.8
20260915,002102.SZ,2.94,2.4
20260915,002103.SZ,7.16,5.86
20260915,002104.SZ,12.76,10.44
20260915,002105.SZ,6.66,5.45
20260915,002106.SZ,12.74,10.42
20260915,002107.SZ,7.57,6.19
20260915,002108.SZ,5.01,4.1
20260915,002109.SZ,3.1,2.54
20260915,002110.SZ,3.29,2.69
20260915,002111.SZ,10.78,8.82
20260915,002112.SZ,16.07,13.15
20260915,002114.SZ,8.22,6.72
20260915,002115.SZ,11.13,9.11
20260915,002116.SZ,7.98,6.53
20260915,002117.SZ,8.57,7.01
20260915,002119.SZ,26.54,21.72
20260915,002120.SZ,7.43,6.08
20260915,002121.SZ,5.39,4.41
20260915,002122.SZ,3.03,2.48
20260915,002123.SZ,8.58,7.02
20260915,002124.SZ,2.54,2.08
20260915,002125.SZ,13.11,10.73
20260915,002126.SZ,42.74,34.97
20260915,002127.SZ,3.3,2.7
20260915,002128.SZ,29.98,24.53
20260915,002129.SZ,9.61,7.87
20260915,002130.SZ,19.34,15.82
20260915,002131.SZ,4.92,4.02
20260915,002132.SZ,4.69,3.83
20260915,002133.SZ,3.08,2.52
20260915,002134.SZ,27.18,22.24
20260915,002135.SZ,6.55,5.36
20260915,002136.SZ,13.13,10.75
20260915,002137.SZ,8.29,6.79
20260915,002138.SZ,54.77,44.81
20260915,002139.SZ,11.03,9.03
20260915,002140.SZ,10.11,8.27
20260915,002141.SZ,7.67,6.27
20260915,002142.SZ,39.34,32.18
20260915,002144.SZ,11.77,9.63
20260915,002145.SZ,4.72,3.86
20260915,002146.SZ,1.28,1.04
20260915,002148.SZ,7.02,5.74
20260915,002149.SZ,36.67,30.01
20260915,002150.SZ,22.22,18.18
20260915,002151.SZ,31.24,25.56
20260915,002152.SZ,10.4,8.51
20260915,002153.SZ,8.46,6.92
20260915,002154.SZ,4.39,3.59
20260915,002155.SZ,29.65,24.26
20260915,002156.SZ,62.46,51.1
20260915,002157.SZ,3.42,2.8
20260915,002158.SZ,28.29,23.15
20260915,002159.SZ,14.96,12.24
20260915,002160.SZ,4.38,3.58
20260915,002161.SZ,7.96,6.52
20260915,002162.SZ,4.36,3.56
20260915,002163.SZ,9.44,7.72
20260915,002164.SZ,11.39,9.32
20260915,002165.SZ,7.92,6.48
20260915,002166.SZ,7.47,6.11
20260915,002167.SZ,16.78,13.73
20260915,002168.SZ,4.0,3.28
20260915,002169.SZ,13.44,11.0
20260915,002170.SZ,12.56,10.28
20260915,002171.SZ,12.22,10.0
20260915,002172.SZ,5.52,4.52
20260915,002173.SZ,19.42,15.89
20260915,002174.SZ,14.84,12.14
20260915,002175.SZ,2.77,2.27
20260915,002176.SZ,9.66,7.9
20260915,002177.SZ,6.27,5.13
20260915,002178.SZ,5.21,4.27
20260915,002179.SZ,37.6,30.76
20260915,002180.SZ,17.92,14.66
20260915,002181.SZ,10.45,8.55
20260915,002182.SZ,12.51,10.23
20260915,002183.SZ,4.82,3.94
20260915,002184.SZ,10.66,8.72
20260915,002185.SZ,17.6,14.4
20260915,002186.SZ,10.57,8.65
20260915,002187.SZ,6.34,5.18
20260915,002188.SZ,6.03,4.93
20260915,002189.SZ,20.99,17.17
20260915,002190.SZ,27.24,22.28
20260915,002191.SZ,4.03,3.29
20260915,002192.SZ,66.8,54.66
20260915,002193.SZ,5.59,4.57
20260915,002194.SZ,12.18,9.96
20260915,002195.SZ,6.79,5.55
20260915,002196.SZ,11.04,9.04
20260915,002197.SZ,7.38,6.04
20260915,002198.SZ,3.99,3.27
20260915,002199.SZ,13.57,11.11
20260915,002200.SZ,7.45,6.09
20260915,002201.SZ,12.34,10.1
20260915,002202.SZ,21.24,17.38
20260915,002203.SZ,20.66,16.9
20260915,002204.SZ,6.12,5.0
20260915,002205.SZ,12.01,9.83
20260915,002206.SZ,5.56,4.55
20260915,002207.SZ,6.17,5.05
20260915,002208.SZ,10.69,8.75
20260915,002209.SZ,14.37,11.75
20260915,002210.SZ,2.46,2.02
20260915,002211.SZ,4.24,3.47
20260915,002212.SZ,8.14,6.66
20260915,002213.SZ,29.49,24.13
20260915,002214.SZ,18.67,15.27
20260915,002215.SZ,10.92,8.94
20260915,002216.SZ,12.67,10.37
20260915,002217.SZ,1.62,1.32
20260915,002218.SZ,4.75,3.89
20260915,002219.SZ,2.39,1.95
20260915,002221.SZ,6.3,5.16
20260915,002222.SZ,71.03,58.11
20260915,002223.SZ,28.05,22.95
20260915,002224.SZ,4.22,3.46
20260915,002225.SZ,3.93,3.21
20260915,002226.SZ,5.57,4.55
20260915,002227.SZ,7.25,5.93
20260915,002228.SZ,3.47,2.84
20260915,002229.SZ,12.16,9.95
20260915,002230.SZ,43.56,35.64
20260915,002232.SZ,16.81,13.75
20260915,002233.SZ,7.83,6.41
20260915,002234.SZ,8.76,7.16
20260915,002235.SZ,8.94,7.32
20260915,002236.SZ,17.56,14.36
20260915,002237.SZ,15.48,12.66
20260915,002238.SZ,7.05,5.77
20260915,002239.SZ,2.79,2.29
20260915,002240.SZ,29.93,24.49
20260915,002241.SZ,24.27,19.85
20260915,002242.SZ,10.32,8.44
20260915,002243.SZ,7.79,6.37
20260915,002244.SZ,8.82,7.22
20260915,002245.SZ,19.75,16.16
20260915,002246.SZ,25.18,20.6
20260915,002247.SZ,2.68,2.2
20260915,002248.SZ,10.25,8.39
20260915,002249.SZ,7.07,5.79
20260915,002250.SZ,15.53,12.71
20260915,002251.SZ,4.02,3.29
20260915,002252.SZ,5.45,4.46
20260915,002253.SZ,10.97,8.97
20260915,002254.SZ,13.39,10.95
20260915,002255.SZ,8.47,6.93
20260915,002256.SZ,3.66,3.0
20260915,002258.SZ,16.2,13.26
20260915,002259.SZ,4.6,3.76
20260915,002261.SZ,27.7,22.66
20260915,002262.SZ,23.97,19.61
20260915,002263.SZ,3.58,2.93
20260915,002264.SZ,7.95,6.51
20260915,002265.SZ,22.68,18.56
20260915,002266.SZ,5.27,4.31
20260915,002267.SZ,8.23,6.73
20260915,002268.SZ,16.09,13.17
20260915,002269.SZ,1.58,1.3
20260915,002270.SZ,20.42,16.7
20260915,002271.SZ,11.4,9.32
20260915,002272.SZ,18.16,14.86
20260915,002273.SZ,26.91,22.01
20260915,002274.SZ,6.79,5.55
20260915,002275.SZ,13.57,11.11
20260915,002276.SZ,11.06,9.05
20260915,002277.SZ,6.25,5.11
20260915,002278.SZ,8.8,7.2
20260915,002279.SZ,7.82,6.4
20260915,002281.SZ,188.99,154.63
20260915,002282.SZ,6.69,5.47
20260915,002283.SZ,8.9,7.28
20260915,002284.SZ,10.75,8.79
20260915,002285.SZ,2.48,2.03
20260915,002286.SZ,8.88,7.26
20260915,002287.SZ,21.29,17.42
20260915,002289.SZ,40.69,33.29
20260915,002290.SZ,69.14,56.57
20260915,002291.SZ,6.06,4.96
20260915,002292.SZ,9.24,7.56
20260915,002293.SZ,11.72,9.59
20260915,002294.SZ,33.28,27.23
20260915,002295.SZ,10.98,8.98
20260915,002296.SZ,10.23,8.37
20260915,002297.SZ,25.1,20.54
20260915,002298.SZ,9.2,7.52
20260915,002299.SZ,18.18,14.88
20260915,002300.SZ,8.72,7.14
20260915,002301.SZ,8.71,7.13
20260915,002302.SZ,5.2,4.26
20260915,002303.SZ,5.69,4.65
20260915,002304.SZ,41.88,34.26
20260915,002305.SZ,2.27,1.85
20260915,002306.SZ,2.42,1.98
20260915,002307.SZ,3.38,2.76
20260915,002309.SZ,3.36,2.75
20260915,002310.SZ,2.55,2.09
20260915,002311.SZ,46.87,38.35
20260915,002312.SZ,9.72,7.96
20260915,002313.SZ,9.16,7.5
20260915,002314.SZ,2.45,2.01
20260915,002315.SZ,26.74,21.88
20260915,002316.SZ,5.06,4.14
20260915,002317.SZ,27.38,22.4
20260915,002318.SZ,20.27,16.59
20260915,002319.SZ,11.31,9.25
20260915,002320.SZ,7.58,6.2
20260915,002321.SZ,2.28,1.86
20260915,002322.SZ,13.17,10.77
20260915,002323.SZ,1.41,1.15
20260915,002324.SZ,9.85,8.06
20260915,002326.SZ,18.81,15.39
20260915,002327.SZ,6.75,5.53
20260915,002328.SZ,9.21,7.53
20260915,002329.SZ,4.14,3.38
20260915,002330.SZ,4.54,3.72
20260915,002331.SZ,7.65,6.26
20260915,002332.SZ,9.55,7.81
20260915,002333.SZ,5.78,4.73
20260915,002334.SZ,7.26,5.94
20260915,002335.SZ,32.08,26.24
20260915,002337.SZ,5.19,4.25
20260915,002338.SZ,43.77,35.81
20260915,002339.SZ,8.47,6.93
20260915,002340.SZ,6.88,5.63
20260915,002342.SZ,8.79,7.19
20260915,002343.SZ,6.25,5.11
20260915,002344.SZ,4.51,3.69
20260915,002345.SZ,10.04,8.22
20260915,002346.SZ,21.8,17.84
20260915,002347.SZ,6.59,5.39
20260915,002348.SZ,11.5,9.41
20260915,002349.SZ,9.49,7.77
20260915,002350.SZ,15.84,12.96
20260915,002351.SZ,10.73,8.78
20260915,002352.SZ,34.08,27.88
20260915,002353.SZ,129.46,105.92
20260915,002354.SZ,8.36,6.84
20260915,002355.SZ,5.3,4.34
20260915,002356.SZ,3.07,2.51
20260915,002357.SZ,13.22,10.82
20260915,002358.SZ,5.93,4.85
20260915,002360.SZ,6.06,4.96
20260915,002361.SZ,11.17,9.14
20260915,002362.SZ,17.5,14.32
20260915,002363.SZ,7.52,6.16
20260915,002364.SZ,38.28,31.32
20260915,002365.SZ,15.88,13.0
20260915,002366.SZ,6.42,5.26
20260915,002367.SZ,6.17,5.05
20260915,002368.SZ,15.06,12.32
20260915,002369.SZ,6.38,5.22
20260915,002370.SZ,5.78,4.73
20260915,002371.SZ,688.6,563.4
20260915,002372.SZ,9.13,7.47
20260915,002373.SZ,8.23,6.73
20260915,002374.SZ,3.34,2.74
20260915,002375.SZ,4.21,3.45
20260915,002376.SZ,7.11,5.81
20260915,002377.SZ,3.51,2.87
20260915,002378.SZ,25.74,21.06
20260915,002379.SZ,19.34,15.82
20260915,002380.SZ,28.53,23.35
20260915,002381.SZ,6.07,4.97
20260915,002382.SZ,6.5,5.32
20260915,002383.SZ,8.57,7.01
20260915,002384.SZ,203.62,166.6
20260915,002385.SZ,3.56,2.92
20260915,002386.SZ,6.64,5.44
20260915,002387.SZ,7.55,6.17
20260915,002388.SZ,6.89,5.63
20260915,002389.SZ,21.19,17.33
20260915,002390.SZ,3.31,2.71
20260915,002391.SZ,5.81,4.75
20260915,002392.SZ,8.43,6.89
20260915,002393.SZ,15.03,12.29
20260915,002394.SZ,11.56,9.46
20260915,002395.SZ,13.84,11.32
20260915,002396.SZ,38.3,31.34
20260915,002397.SZ,4.08,3.34
20260915,002398.SZ,4.62,3.78
20260915,002399.SZ,10.57,8.65
20260915,002400.SZ,7.21,5.9
20260915,002401.SZ,13.34,10.92
20260915,002402.SZ,20.15,16.49
20260915,002403.SZ,10.92,8.94
20260915,002404.SZ,6.38,5.22
20260915,002405.SZ,6.66,5.45
20260915,002406.SZ,7.25,5.93
20260915,002407.SZ,35.02,28.66
20260915,002408.SZ,5.92,4.84
20260915,002409.SZ,141.37,115.67
20260915,002410.SZ,9.16,7.5
20260915,002412.SZ,9.87,8.07
20260915,002413.SZ,9.13,7.47
20260915,002414.SZ,13.46,11.02
20260915,002415.SZ,36.48,29.84
20260915,002416.SZ,10.01,8.19
20260915,002418.SZ,5.08,4.16
20260915,002419.SZ,5.24,4.28
20260915,002420.SZ,6.62,5.42
20260915,002421.SZ,3.55,2.91
20260915,002422.SZ,45.52,37.24
20260915,002423.SZ,10.15,8.31
20260915,002424.SZ,4.96,4.06
20260915,002425.SZ,3.5,2.86
20260915,002426.SZ,2.94,2.4
20260915,002427.SZ,5.18,4.24
20260915,002428.SZ,99.28,81.23
20260915,002429.SZ,8.82,7.22
20260915,002430.SZ,27.75,22.71
20260915,002431.SZ,1.51,1.23
20260915,002432.SZ,65.12,53.28
20260915,002434.SZ,6.33,5.18
20260915,002436.SZ,44.07,36.05
20260915,002437.SZ,3.86,3.16
20260915,002438.SZ,14.61,11.95
20260915,002439.SZ,15.16,12.4
20260915,002440.SZ,13.27,10.85
20260915,002441.SZ,8.94,7.32
20260915,002442.SZ,5.86,4.8
20260915,002443.SZ,12.96,10.6
20260915,002444.SZ,31.34,25.64
20260915,002445.SZ,3.4,2.78
20260915,002446.SZ,9.01,7.37
20260915,002448.SZ,12.64,10.34
20260915,002449.SZ,7.15,5.85
20260915,002451.SZ,8.66,7.08
20260915,002452.SZ,12.9,10.56
20260915,002453.SZ,4.91,4.01
20260915,002454.SZ,5.52,4.52
20260915,002455.SZ,7.82,6.4
20260915,002456.SZ,7.69,6.29
20260915,002457.SZ,13.08,10.7
20260915,002458.SZ,9.31,7.61
20260915,002459.SZ,7.33,5.99
20260915,002460.SZ,51.35,42.01
20260915,002461.SZ,9.41,7.7
20260915,002462.SZ,13.55,11.09
20260915,002463.SZ,138.27,113.13
20260915,002465.SZ,11.12,9.1
20260915,002466.SZ,47.27,38.67
20260915,002467.SZ,5.27,4.31
20260915,002468.SZ,15.98,13.08
20260915,002469.SZ,6.7,5.48
20260915,002470.SZ,2.43,1.99
20260915,002471.SZ,6.17,5.05
20260915,002472.SZ,39.16,32.04
20260915,002474.SZ,7.14,5.84
20260915,002475.SZ,58.06,47.5
20260915,002476.SZ,5.59,4.57
20260915,002478.SZ,7.45,6.09
20260915,002479.SZ,6.67,5.45
20260915,002480.SZ,5.84,4.78
20260915,002481.SZ,4.83,3.95
20260915,002482.SZ,1.46,1.2
20260915,002483.SZ,6.97,5.71
20260915,002484.SZ,63.94,52.32
20260915,002485.SZ,6.36,5.2
20260915,002486.SZ,3.01,2.47
20260915,002487.SZ,39.44,32.27
20260915,002488.SZ,8.16,6.68
20260915,002489.SZ,3.12,2.56
20260915,002490.SZ,8.42,6.89
20260915,002491.SZ,22.23,18.19
20260915,002492.SZ,6.64,5.44
20260915,002493.SZ,14.52,11.88
20260915,002494.SZ,5.14,4.2
20260915,002495.SZ,2.65,2.17
20260915,002496.SZ,2.37,1.94
20260915,002497.SZ,18.52,15.16
20260915,002498.SZ,7.54,6.17
20260915,002500.SZ,5.79,4.73
20260915,002501.SZ,1.44,1.18
20260915,002506.SZ,2.76,2.26
20260915,002507.SZ,12.28,10.04
20260915,002508.SZ,18.65,15.26
20260915,002510.SZ,6.38,5.22
20260915,002511.SZ,7.82,6.4
20260915,002512.SZ,4.24,3.47
20260915,002513.SZ,5.91,4.83
20260915,002514.SZ,2.79,2.29
20260915,002515.SZ,7.91,6.47
20260915,002516.SZ,6.36,5.2
20260915,002517.SZ,18.71,15.31
20260915,002518.SZ,40.81,33.39
20260915,002519.SZ,6.9,5.64
20260915,002520.SZ,6.78,5.54
20260915,002521.SZ,7.11,5.81
20260915,002522.SZ,5.81,4.75
20260915,002523.SZ,3.81,3.11
20260915,002524.SZ,4.47,3.65
20260915,002526.SZ,2.94,2.4
20260915,002527.SZ,11.83,9.68
20260915,002528.SZ,7.81,6.39
20260915,002529.SZ,7.57,6.19
20260915,002530.SZ,7.9,6.46
20260915,002531.SZ,7.81,6.39
20260915,002532.SZ,14.33,11.73
20260915,002533.SZ,11.91,9.75
20260915,002534.SZ,17.23,14.09
20260915,002535.SZ,2.72,2.22
20260915,002536.SZ,58.62,47.96
20260915,002537.SZ,6.55,5.36
20260915,002538.SZ,7.28,5.96
20260915,002539.SZ,13.65,11.17
20260915,002540.SZ,5.63,4.61
20260915,002541.SZ,20.75,16.97
20260915,002542.SZ,1.91,1.57
20260915,002543.SZ,8.62,7.06
20260915,002544.SZ,17.45,14.27
20260915,002545.SZ,18.28,14.96
20260915,002546.SZ,8.31,6.8
20260915,002547.SZ,2.68,2.2
20260915,002548.SZ,4.55,3.73
20260915,002549.SZ,14.36,11.75
20260915,002550.SZ,7.03,5.75
20260915,002551.SZ,3.65,2.99
20260915,002552.SZ,59.4,48.6
20260915,002553.SZ,17.48,14.3
20260915,002554.SZ,3.14,2.57
20260915,002555.SZ,19.21,15.71
20260915,002556.SZ,5.79,4.73
20260915,002557.SZ,20.13,16.47
20260915,002558.SZ,27.52,22.52
20260915,002559.SZ,9.91,8.11
20260915,002560.SZ,8.33,6.81
20260915,002561.SZ,8.54,6.98
20260915,002562.SZ,5.4,4.42
20260915,002563.SZ,6.13,5.01
20260915,002564.SZ,5.59,4.57
20260915,002565.SZ,9.91,8.11
20260915,002566.SZ,7.73,6.33
20260915,002567.SZ,4.28,3.5
20260915,002568.SZ,19.22,15.72
20260915,002569.SZ,10.89,8.91
20260915,002570.SZ,4.92,4.02
20260915,002571.SZ,11.62,9.5
20260915,002572.SZ,8.25,6.75
20260915,002573.SZ,3.54,2.9
20260915,002574.SZ,5.57,4.55
20260915,002575.SZ,5.72,4.68
20260915,002576.SZ,15.81,12.93
20260915,002577.SZ,19.79,16.19
20260915,002578.SZ,4.46,3.65
20260915,002579.SZ,20.67,16.91
20260915,002580.SZ,20.65,16.89
20260915,002581.SZ,5.81,4.75
20260915,002582.SZ,10.91,8.93
20260915,002583.SZ,9.11,7.45
20260915,002584.SZ,8.68,7.1
20260915,002585.SZ,12.06,9.86
20260915,002586.SZ,4.21,3.45
20260915,002587.SZ,5.94,4.86
20260915,002588.SZ,8.58,7.02
20260915,002589.SZ,3.44,2.82
20260915,002590.SZ,10.55,8.63
20260915,002591.SZ,7.04,5.76
20260915,002592.SZ,7.21,5.9
20260915,002593.SZ,5.12,4.19
20260915,002594.SZ,93.97,76.89
20260915,002595.SZ,44.04,36.04
20260915,002596.SZ,3.81,3.11
20260915,002597.SZ,23.78,19.46
20260915,002598.SZ,7.6,6.22
20260915,002599.SZ,6.13,5.01
20260915,002600.SZ,14.5,11.86
20260915,002601.SZ,16.67,13.64
20260915,002602.SZ,16.57,13.55
20260915,002603.SZ,16.92,13.84
20260915,002605.SZ,18.12,14.82
20260915,002606.SZ,13.68,11.2
20260915,002607.SZ,2.15,1.76
20260915,002608.SZ,8.33,6.81
20260915,002609.SZ,8.44,6.9
20260915,002611.SZ,15.27,12.49
20260915,002612.SZ,17.49,14.31
20260915,002613.SZ,3.94,3.22
20260915,002614.SZ,6.14,5.02
20260915,002615.SZ,6.9,5.64
20260915,002616.SZ,5.39,4.41
20260915,002617.SZ,7.23,5.91
20260915,002620.SZ,6.34,5.18
20260915,002622.SZ,2.85,2.33
20260915,002623.SZ,17.66,14.45
20260915,002624.SZ,11.01,9.01
20260915,002625.SZ,29.16,23.86
20260915,002626.SZ,18.07,14.79
20260915,002627.SZ,7.48,6.12
20260915,002628.SZ,5.58,4.56
20260915,002629.SZ,4.87,3.99
20260915,002630.SZ,1.88,1.54
20260915,002631.SZ,10.21,8.35
20260915,002632.SZ,10.52,8.6
20260915,002633.SZ,15.76,12.9
20260915,002634.SZ,4.61,3.77
20260915,002635.SZ,16.3,13.34
20260915,002636.SZ,90.75,74.25
20260915,002637.SZ,12.68,10.38
20260915,002638.SZ,4.47,3.65
20260915,002639.SZ,14.29,11.69
20260915,002640.SZ,3.74,3.06
20260915,002641.SZ,4.27,3.49
20260915,002642.SZ,7.79,6.37
20260915,002643.SZ,14.18,11.6
20260915,002644.SZ,9.32,7.62
20260915,002645.SZ,19.17,15.69
20260915,002646.SZ,7.56,6.18
20260915,002647.SZ,12.06,9.86
20260915,002648.SZ,29.6,24.22
20260915,002649.SZ,10.27,8.41
20260915,002650.SZ,6.99,5.72
20260915,002651.SZ,9.63,7.88
20260915,002652.SZ,5.17,4.23
20260915,002653.SZ,70.4,57.6
20260915,002654.SZ,14.72,12.04
20260915,002655.SZ,38.5,31.5
20260915,002656.SZ,3.11,2.55
20260915,002657.SZ,16.65,13.63
20260915,002658.SZ,8.17,6.69
20260915,002659.SZ,4.98,4.08
20260915,002660.SZ,8.34,6.82
20260915,002661.SZ,8.66,7.08
20260915,002662.SZ,3.55,2.91
20260915,002663.SZ,1.9,1.56
20260915,002664.SZ,15.93,13.03
20260915,002666.SZ,4.59,3.75
20260915,002667.SZ,20.1,16.44
20260915,002668.SZ,9.99,8.17
20260915,002669.SZ,15.13,12.38
20260915,002670.SZ,12.66,10.36
20260915,002671.SZ,4.41,3.61
20260915,002672.SZ,4.1,3.36
20260915,002673.SZ,7.38,6.04
20260915,002674.SZ,20.52,16.79
20260915,002675.SZ,13.88,11.36
20260915,002676.SZ,5.69,4.65
20260915,002677.SZ,7.07,5.79
20260915,002678.SZ,4.91,4.01
20260915,002679.SZ,11.66,9.54
20260915,002681.SZ,5.1,4.18
20260915,002682.SZ,5.64,4.62
20260915,002683.SZ,31.32,25.62
20260915,002685.SZ,5.79,4.73
20260915,002686.SZ,6.83,5.59
20260915,002687.SZ,6.81,5.57
20260915,002688.SZ,5.72,4.68
20260915,002689.SZ,3.19,2.61
20260915,002690.SZ,17.25,14.11
20260915,002691.SZ,4.79,3.92
20260915,002692.SZ,4.87,3.99
20260915,002693.SZ,9.48,7.76
20260915,002694.SZ,2.63,2.15
20260915,002695.SZ,11.5,9.41
20260915,002696.SZ,7.63,6.25
20260915,002697.SZ,5.17,4.23
20260915,002698.SZ,12.49,10.22
20260915,002700.SZ,7.17,5.87
20260915,002701.SZ,4.88,4.0
20260915,002702.SZ,5.83,4.77
20260915,002703.SZ,17.52,14.34
20260915,002705.SZ,12.25,10.03
20260915,002706.SZ,9.87,8.07
20260915,002707.SZ,5.91,4.83
20260915,002708.SZ,18.58,15.2
20260915,002709.SZ,36.34,29.74
20260915,002712.SZ,5.61,4.59
20260915,002713.SZ,10.92,8.94
20260915,002714.SZ,46.85,38.33
20260915,002715.SZ,14.66,12.0
20260915,002716.SZ,10.87,8.89
20260915,002717.SZ,1.0,0.82
20260915,002718.SZ,92.38,75.58
20260915,002719.SZ,7.14,5.84
20260915,002721.SZ,3.03,2.48
20260915,002722.SZ,14.36,11.75
20260915,002723.SZ,8.95,7.33
20260915,002724.SZ,7.45,6.09
20260915,002725.SZ,12.25,10.03
20260915,002726.SZ,2.73,2.23
20260915,002727.SZ,12.23,10.01
20260915,002728.SZ,10.34,8.46
20260915,002729.SZ,15.09,12.35
20260915,002730.SZ,24.07,19.69
20260915,002731.SZ,0.85,0.69
20260915,002732.SZ,15.27,12.49
20260915,002733.SZ,19.27,15.77
20260915,002734.SZ,18.41,15.07
20260915,002735.SZ,14.17,11.59
20260915,002736.SZ,10.88,8.9
20260915,002737.SZ,12.58,10.3
20260915,002738.SZ,49.04,40.12
20260915,002739.SZ,9.58,7.84
20260915,002741.SZ,26.66,21.82
20260915,002742.SZ,4.65,3.81
20260915,002743.SZ,5.95,4.87
20260915,002745.SZ,13.11,10.73
20260915,002746.SZ,7.13,5.83
20260915,002747.SZ,31.86,26.06
20260915,002748.SZ,13.21,10.81
20260915,002749.SZ,9.39,7.69
20260915,002752.SZ,6.95,5.69
20260915,002753.SZ,7.5,6.14
20260915,002755.SZ,12.54,10.26
20260915,002756.SZ,45.27,37.04
20260915,002757.SZ,19.13,15.65
20260915,002758.SZ,9.6,7.86
20260915,002759.SZ,16.6,13.58
20260915,002760.SZ,19.1,15.62
20260915,002761.SZ,8.02,6.56
20260915,002762.SZ,10.66,8.72
20260915,002763.SZ,8.09,6.62
20260915,002765.SZ,7.8,6.38
20260915,002766.SZ,4.53,3.71
20260915,002767.SZ,19.4,15.88
20260915,002768.SZ,68.78,56.28
20260915,002769.SZ,7.3,5.98
20260915,002771.SZ,16.3,13.34
20260915,002772.SZ,12.14,9.94
20260915,002773.SZ,21.08,17.24
20260915,002774.SZ,17.16,14.04
20260915,002775.SZ,3.72,3.04
20260915,002777.SZ,13.97,11.43
20260915,002778.SZ,17.4,14.24
20260915,002779.SZ,87.47,71.57
20260915,002780.SZ,14.47,11.84
20260915,002782.SZ,16.56,13.55
20260915,002783.SZ,8.66,7.08
20260915,002785.SZ,39.82,32.58
20260915,002786.SZ,8.47,6.93
20260915,002787.SZ,25.31,20.71
20260915,002788.SZ,11.94,9.77
20260915,002789.SZ,14.74,12.06
20260915,002790.SZ,9.22,7.54
20260915,002791.SZ,15.8,12.92
20260915,002792.SZ,32.78,26.82
20260915,002793.SZ,5.05,4.13
20260915,002795.SZ,8.29,6.79
20260915,002796.SZ,30.84,25.24
20260915,002797.SZ,6.9,5.64
20260915,002798.SZ,7.33,5.99
20260915,002799.SZ,7.47,6.11
20260915,002800.SZ,16.81,13.75
20260915,002801.SZ,29.17,23.87
20260915,002802.SZ,13.26,10.85
20260915,002803.SZ,21.74,17.78
20260915,002805.SZ,18.14,14.84
20260915,002806.SZ,15.85,12.97
20260915,002807.SZ,4.72,3.86
20260915,002809.SZ,9.25,7.57
20260915,002810.SZ,23.19,18.97
20260915,002811.SZ,15.2,12.44
20260915,002812.SZ,52.9,43.28
20260915,002813.SZ,23.56,19.28
20260915,002815.SZ,23.23,19.01
20260915,002816.SZ,24.82,20.3
20260915,002817.SZ,7.26,5.94
20260915,002818.SZ,12.51,10.23
20260915,002819.SZ,23.84,19.5
20260915,002820.SZ,10.78,8.82
20260915,002821.SZ,195.36,159.84
20260915,002822.SZ,3.29,2.69
20260915,002823.SZ,14.03,11.48
20260915,002824.SZ,26.2,21.44
20260915,002825.SZ,10.89,8.91
20260915,002826.SZ,18.92,15.48
20260915,002827.SZ,67.49,55.22
20260915,002828.SZ,11.98,9.8
20260915,002829.SZ,21.53,17.61
20260915,002830.SZ,16.18,13.24
20260915,002831.SZ,31.13,25.47
20260915,002832.SZ,27.89,22.82
20260915,002833.SZ,19.64,16.07
20260915,002835.SZ,13.92,11.39
20260915,002836.SZ,10.93,8.95
20260915,002837.SZ,66.01,54.01
20260915,002838.SZ,26.83,21.95
20260915,002839.SZ,4.92,4.02
20260915,002840.SZ,9.16,7.5
20260915,002841.SZ,49.72,40.68
20260915,002842.SZ,36.92,30.2
20260915,002843.SZ,17.44,14.27
20260915,002845.SZ,15.26,12.48
20260915,002846.SZ,11.59,9.49
20260915,002847.SZ,48.13,39.38
20260915,002848.SZ,16.2,13.26
20260915,002849.SZ,19.36,15.84
20260915,002850.SZ,195.25,159.75
20260915,002851.SZ,131.35,107.47
20260915,002852.SZ,9.21,7.53
20260915,002853.SZ,23.33,19.09
20260915,002855.SZ,13.64,11.16
20260915,002856.SZ,28.24,23.1
20260915,002857.SZ,19.93,16.31
20260915,002858.SZ,12.8,10.48
20260915,002859.SZ,73.89,60.45
20260915,002860.SZ,17.59,14.39
20260915,002861.SZ,15.94,13.04
20260915,002862.SZ,17.45,14.27
20260915,002863.SZ,5.21,4.27
20260915,002864.SZ,22.74,18.6
20260915,002865.SZ,40.61,33.23
20260915,002866.SZ,15.88,13.0
20260915,002867.SZ,11.57,9.47
20260915,002868.SZ,25.11,20.55
20260915,002869.SZ,16.96,13.88
20260915,002870.SZ,58.3,47.7
20260915,002871.SZ,19.13,15.65
20260915,002872.SZ,6.57,5.37
20260915,002873.SZ,9.15,7.49
20260915,002875.SZ,14.37,11.75
20260915,002876.SZ,33.65,27.53
20260915,002877.SZ,8.24,6.74
20260915,002878.SZ,13.76,11.26
20260915,002879.SZ,18.33,14.99
20260915,002880.SZ,22.7,18.58
20260915,002881.SZ,44.57,36.47
20260915,002882.SZ,23.45,19.19
20260915,002883.SZ,10.08,8.24
20260915,002884.SZ,17.22,14.09
20260915,002885.SZ,29.89,24.45
20260915,002886.SZ,27.87,22.81
20260915,002887.SZ,9.94,8.14
20260915,002888.SZ,21.02,17.2
20260915,002889.SZ,12.99,10.63
20260915,002890.SZ,16.06,13.14
20260915,002891.SZ,30.21,24.71
20260915,002892.SZ,9.59,7.85
20260915,002893.SZ,11.67,9.55
20260915,002895.SZ,35.0,28.64
20260915,002896.SZ,66.63,54.51
20260915,002897.SZ,78.53,64.25
20260915,002899.SZ,21.33,17.45
20260915,002900.SZ,12.96,10.6
20260915,002901.SZ,43.18,35.33
20260915,002902.SZ,32.91,26.93
20260915,002903.SZ,29.79,24.37
20260915,002905.SZ,9.3,7.61
20260915,002906.SZ,29.61,24.23
20260915,002907.SZ,14.88,12.18
20260915,002908.SZ,7.71,6.31
20260915,002909.SZ,7.41,6.07
20260915,002910.SZ,11.07,9.05
20260915,002911.SZ,12.73,10.41
20260915,002912.SZ,28.45,23.27
20260915,002913.SZ,84.19,68.89
20260915,002915.SZ,18.7,15.3
20260915,002916.SZ,428.04,350.22
20260915,002917.SZ,11.21,9.17
20260915,002918.SZ,12.87,10.53
20260915,002919.SZ,18.51,15.15
20260915,002920.SZ,92.71,75.85
20260915,002921.SZ,22.51,18.41
20260915,002922.SZ,25.12,20.56
20260915,002923.SZ,12.06,9.86
20260915,002925.SZ,26.99,22.09
20260915,002926.SZ,9.1,7.44
20260915,002927.SZ,19.01,15.55
20260915,002928.SZ,6.92,5.66
20260915,002929.SZ,53.69,43.93
20260915,002930.SZ,10.21,8.35
20260915,002931.SZ,45.36,37.12
20260915,002932.SZ,16.81,13.75
20260915,002933.SZ,29.38,24.04
20260915,002935.SZ,16.9,13.82
20260915,002936.SZ,1.96,1.6
20260915,002937.SZ,30.46,24.92
20260915,002938.SZ,97.06,79.42
20260915,002939.SZ,8.67,7.09
20260915,002940.SZ,25.92,21.2
20260915,002941.SZ,11.73,9.59
20260915,002942.SZ,18.38,15.04
20260915,002943.SZ,32.03,26.21
20260915,002945.SZ,15.17,12.41
20260915,002946.SZ,16.17,13.23
20260915,002947.SZ,68.92,56.39
20260915,002948.SZ,6.9,5.64
20260915,002949.SZ,13.62,11.14
20260915,002950.SZ,9.49,7.77
20260915,002951.SZ,17.0,13.91
20260915,002952.SZ,20.25,16.57
20260915,002953.SZ,11.46,9.38
20260915,002955.SZ,39.67,32.45
20260915,002956.SZ,17.0,13.91
20260915,002957.SZ,42.53,34.79
20260915,002958.SZ,3.34,2.74
20260915,002959.SZ,34.78,28.46
20260915,002960.SZ,9.11,7.45
20260915,002961.SZ,20.98,17.16
20260915,002962.SZ,14.49,11.85
20260915,002963.SZ,21.3,17.42
20260915,002965.SZ,30.45,24.91
20260915,002966.SZ,10.29,8.42
20260915,002967.SZ,18.63,15.25
20260915,002968.SZ,10.26,8.4
20260915,002969.SZ,12.33,10.09
20260915,002970.SZ,48.1,39.36
20260915,002971.SZ,41.4,33.88
20260915,002972.SZ,14.17,11.59
20260915,002973.SZ,13.7,11.21
20260915,002975.SZ,109.45,89.55
20260915,002976.SZ,28.29,23.15
20260915,002977.SZ,22.26,18.22
20260915,002978.SZ,27.31,22.35
20260915,002979.SZ,57.23,46.83
20260915,002980.SZ,135.83,111.13
20260915,002981.SZ,26.29,21.51
20260915,002982.SZ,13.81,11.3
20260915,002983.SZ,23.49,19.22
20260915,002984.SZ,14.53,11.89
20260915,002985.SZ,30.67,25.09
20260915,002986.SZ,14.3,11.7
20260915,002987.SZ,12.02,9.84
20260915,002988.SZ,33.64,27.52
20260915,002989.SZ,25.48,20.84
20260915,002990.SZ,51.76,42.35
20260915,002991.SZ,41.62,34.06
20260915,002992.SZ,36.67,30.01
20260915,002993.SZ,39.55,32.36
20260915,002995.SZ,18.62,15.24
20260915,002996.SZ,6.64,5.44
20260915,002997.SZ,32.37,26.49
20260915,002998.SZ,8.43,6.89
20260915,002999.SZ,7.16,5.86
20260915,003000.SZ,10.46,8.56
20260915,003001.SZ,17.44,14.27
20260915,003002.SZ,22.11,18.09
20260915,003003.SZ,12.02,9.84
20260915,003004.SZ,71.78,58.73
20260915,003005.SZ,15.93,13.03
20260915,003006.SZ,21.12,17.28
20260915,003007.SZ,43.36,35.48
20260915,003008.SZ,21.29,17.42
20260915,003009.SZ,52.43,42.89
20260915,003010.SZ,32.05,26.23
20260915,003011.SZ,21.66,17.72
20260915,003012.SZ,5.05,4.13
20260915,003013.SZ,21.55,17.63
20260915,003015.SZ,13.28,10.86
20260915,003016.SZ,7.98,6.53
20260915,003017.SZ,24.16,19.76
20260915,003018.SZ,53.49,43.77
20260915,003019.SZ,30.34,24.82
20260915,003020.SZ,18.4,15.06
20260915,003021.SZ,74.61,61.05
20260915,003022.SZ,21.1,17.26
20260915,003023.SZ,28.04,22.94
20260915,003025.SZ,13.05,10.67
20260915,003026.SZ,30.58,25.02
20260915,003027.SZ,17.99,14.72
20260915,003028.SZ,25.52,20.88
20260915,003029.SZ,20.12,16.46
20260915,003030.SZ,27.6,22.58
20260915,003031.SZ,135.17,110.59
20260915,003032.SZ,9.67,7.91
20260915,003033.SZ,86.02,70.38
20260915,003035.SZ,6.51,5.33
20260915,003036.SZ,60.39,49.41
20260915,003037.SZ,6.38,5.22
20260915,003038.SZ,11.58,9.48
20260915,003039.SZ,15.14,12.38
20260915,003040.SZ,18.3,14.98
20260915,003041.SZ,41.53,33.98
20260915,003042.SZ,15.8,12.92
20260915,003043.SZ,67.73,55.41
20260915,003816.SZ,4.77,3.91
20260915,200011.SZ,2.97,2.43
20260915,200012.SZ,1.4,1.14
20260915,200016.SZ,0.78,0.64
20260915,200017.SZ,1.74,1.42
20260915,200019.SZ,3.52,2.88
20260915,200020.SZ,2.81,2.3
20260915,200025.SZ,4.4,3.6
20260915,200026.SZ,9.36,7.66
20260915,200028.SZ,13.28,10.86
20260915,200029.SZ,4.43,3.63
20260915,200030.SZ,2.96,2.42
20260915,200037.SZ,2.59,2.12
20260915,200045.SZ,4.5,3.68
20260915,200055.SZ,1.49,1.22
20260915,200056.SZ,0.69,0.57
20260915,200058.SZ,1.74,1.42
20260915,200429.SZ,10.11,8.27
20260915,200468.SZ,4.08,3.34
20260915,200488.SZ,0.69,0.57
20260915,200505.SZ,2.17,1.77
20260915,200512.SZ,2.3,1.88
20260915,200521.SZ,3.23,2.65
20260915,200530.SZ,1.77,1.45
20260915,200539.SZ,2.06,1.68
20260915,200541.SZ,2.08,1.7
20260915,200550.SZ,10.47,8.57
20260915,200553.SZ,3.18,2.6
20260915,200570.SZ,2.28,1.86
20260915,200581.SZ,14.48,11.84
20260915,200596.SZ,61.96,50.7
20260915,200625.SZ,3.69,3.02
20260915,200706.SZ,3.08,2.52
20260915,200725.SZ,5.24,4.28
20260915,200726.SZ,4.85,3.97
20260915,200761.SZ,1.02,0.84
20260915,200869.SZ,8.69,7.11
20260915,200992.SZ,1.84,1.5
20260915,201872.SZ,20.03,16.39
20260915,300001.SZ,39.22,26.14
20260915,300002.SZ,9.79,6.53
20260915,300003.SZ,13.57,9.05
20260915,300004.SZ,9.59,6.39
20260915,300005.SZ,12.32,8.22
20260915,300006.SZ,6.19,4.13
20260915,300007.SZ,34.9,23.26
20260915,300008.SZ,7.73,5.15
20260915,300009.SZ,9.68,6.46
20260915,300010.SZ,5.39,3.59
20260915,300011.SZ,7.06,4.7
20260915,300012.SZ,17.92,11.94
20260915,300013.SZ,5.08,3.38
20260915,300014.SZ,59.16,39.44
20260915,300015.SZ,9.67,6.45
20260915,300016.SZ,9.68,6.46
20260915,300017.SZ,17.84,11.9
20260915,300018.SZ,14.0,9.34
20260915,300019.SZ,16.6,11.06
20260915,300020.SZ,4.94,3.3
20260915,300021.SZ,4.75,3.17
20260915,300022.SZ,9.58,6.38
20260915,300024.SZ,15.65,10.43
20260915,300025.SZ,6.97,4.65
20260915,300026.SZ,3.9,2.6
20260915,300027.SZ,2.46,1.64
20260915,300030.SZ,8.04,5.36
20260915,300031.SZ,25.27,16.85
20260915,300032.SZ,4.56,3.04
20260915,300033.SZ,246.66,164.44
20260915,300034.SZ,19.04,12.7
20260915,300035.SZ,14.72,9.82
20260915,300036.SZ,12.26,8.18
20260915,300037.SZ,87.62,58.42
20260915,300039.SZ,6.19,4.13
20260915,300040.SZ,7.3,4.86
20260915,300041.SZ,12.71,8.47
20260915,300042.SZ,45.26,30.18
20260915,300043.SZ,5.24,3.5
20260915,300044.SZ,7.26,4.84
20260915,300045.SZ,14.11,9.41
20260915,300046.SZ,28.01,18.67
20260915,300047.SZ,10.82,7.22
20260915,300048.SZ,5.92,3.94
20260915,300049.SZ,53.96,35.98
20260915,300050.SZ,8.74,5.82
20260915,300051.SZ,10.14,6.76
20260915,300052.SZ,12.58,8.38
20260915,300053.SZ,14.14,9.42
20260915,300054.SZ,80.33,53.55
20260915,300055.SZ,7.07,4.71
20260915,300056.SZ,9.71,6.47
20260915,300057.SZ,7.76,5.18
20260915,300058.SZ,15.46,10.3
20260915,300059.SZ,21.86,14.58
20260915,300061.SZ,8.41,5.61
20260915,300062.SZ,7.81,5.21
20260915,300063.SZ,10.46,6.98
20260915,300065.SZ,18.67,12.45
20260915,300066.SZ,5.69,3.79
20260915,300067.SZ,6.26,4.18
20260915,300068.SZ,5.92,3.94
20260915,300069.SZ,29.21,19.47
20260915,300070.SZ,4.1,2.74
20260915,300071.SZ,5.04,3.36
20260915,300072.SZ,4.27,2.85
20260915,300073.SZ,44.84,29.9
20260915,300074.SZ,4.43,2.95
20260915,300075.SZ,12.64,8.42
20260915,300076.SZ,5.28,3.52
20260915,300077.SZ,23.48,15.66
20260915,300078.SZ,3.24,2.16
20260915,300079.SZ,5.87,3.91
20260915,300080.SZ,4.56,3.04
20260915,300081.SZ,4.24,2.82
20260915,300082.SZ,9.73,6.49
20260915,300083.SZ,14.62,9.74
20260915,300084.SZ,12.42,8.28
20260915,300085.SZ,34.43,22.95
20260915,300086.SZ,7.74,5.16
20260915,300087.SZ,6.79,4.53
20260915,300088.SZ,8.3,5.54
20260915,300091.SZ,2.93,1.95
20260915,300092.SZ,13.43,8.95
20260915,300093.SZ,25.45,16.97
20260915,300094.SZ,3.65,2.43
20260915,300095.SZ,10.44,6.96
20260915,300096.SZ,10.55,7.03
20260915,300097.SZ,11.83,7.89
20260915,300098.SZ,5.23,3.49
20260915,300099.SZ,7.62,5.08
20260915,300100.SZ,23.98,15.98
20260915,300101.SZ,16.74,11.16
20260915,300102.SZ,20.48,13.66
20260915,300103.SZ,9.18,6.12
20260915,300105.SZ,8.68,5.78
20260915,300106.SZ,13.15,8.77
20260915,300107.SZ,8.08,5.38
20260915,300109.SZ,15.68,10.46
20260915,300110.SZ,3.35,2.23
20260915,300111.SZ,3.65,2.43
20260915,300112.SZ,12.55,8.37
20260915,300113.SZ,19.3,12.86
20260915,300115.SZ,28.06,18.7
20260915,300118.SZ,10.84,7.22
20260915,300119.SZ,20.8,13.86
20260915,300120.SZ,8.56,5.7
20260915,300121.SZ,11.88,7.92
20260915,300122.SZ,15.01,10.01
20260915,300123.SZ,5.62,3.74
20260915,300124.SZ,64.39,42.93
20260915,300125.SZ,11.32,7.54
20260915,300126.SZ,7.8,5.2
20260915,300127.SZ,28.49,18.99
20260915,300128.SZ,5.99,3.99
20260915,300129.SZ,8.81,5.87
20260915,300130.SZ,21.88,14.58
20260915,300131.SZ,18.8,12.54
20260915,300132.SZ,7.48,4.98
20260915,300133.SZ,8.68,5.78
20260915,300134.SZ,10.12,6.74
20260915,300135.SZ,4.25,2.83
20260915,300136.SZ,68.3,45.54
20260915,300137.SZ,12.25,8.17
20260915,300138.SZ,13.63,9.09
20260915,300139.SZ,58.09,38.73
20260915,300140.SZ,6.52,4.34
20260915,300141.SZ,12.26,8.18
20260915,300142.SZ,16.07,10.71
20260915,300143.SZ,8.81,5.87
20260915,300144.SZ,6.97,4.65
20260915,300145.SZ,5.64,3.76
20260915,300146.SZ,11.15,7.43
20260915,300147.SZ,7.61,5.07
20260915,300148.SZ,4.25,2.83
20260915,300149.SZ,10.82,7.22
20260915,300150.SZ,4.98,3.32
20260915,300151.SZ,22.39,14.93
20260915,300152.SZ,2.11,1.41
20260915,300153.SZ,29.82,19.88
20260915,300154.SZ,16.49,10.99
20260915,300155.SZ,5.32,3.54
20260915,300157.SZ,4.75,3.17
20260915,300158.SZ,6.11,4.07
20260915,300159.SZ,3.53,2.35
20260915,300160.SZ,5.32,3.54
20260915,300161.SZ,30.16,20.1
20260915,300162.SZ,8.99,5.99
20260915,300163.SZ,8.27,5.51
20260915,300164.SZ,12.37,8.25
20260915,300165.SZ,6.12,4.08
20260915,300166.SZ,14.41,9.61
20260915,300167.SZ,4.75,3.17
20260915,300168.SZ,5.72,3.82
20260915,300169.SZ,6.77,4.51
20260915,300170.SZ,17.98,11.98
20260915,300171.SZ,16.67,11.11
20260915,300172.SZ,5.47,3.65
20260915,300173.SZ,4.14,2.76
20260915,300174.SZ,22.01,14.67
20260915,300175.SZ,6.79,4.53
20260915,300176.SZ,5.28,3.52
20260915,300177.SZ,7.5,5.0
20260915,300179.SZ,52.03,34.69
20260915,300180.SZ,5.34,3.56
20260915,300181.SZ,15.97,10.65
20260915,300182.SZ,6.06,4.04
20260915,300183.SZ,13.45,8.97
20260915,300184.SZ,14.27,9.51
20260915,300185.SZ,3.35,2.23
20260915,300187.SZ,5.6,3.74
20260915,300188.SZ,12.72,8.48
20260915,300189.SZ,7.88,5.26
20260915,300190.SZ,4.79,3.19
20260915,300191.SZ,39.2,26.14
20260915,300192.SZ,21.12,14.08
20260915,300193.SZ,9.38,6.26
20260915,300194.SZ,4.63,3.09
20260915,300195.SZ,7.14,4.76
20260915,300196.SZ,24.18,16.12
20260915,300197.SZ,2.41,1.61
20260915,300198.SZ,2.71,1.81
20260915,300199.SZ,28.21,18.81
20260915,300200.SZ,10.0,6.66
20260915,300201.SZ,14.56,9.7
20260915,300203.SZ,14.72,9.82
20260915,300204.SZ,23.76,15.84
20260915,300205.SZ,5.89,3.93
20260915,300206.SZ,13.45,8.97
20260915,300207.SZ,22.02,14.68
20260915,300209.SZ,43.5,29.0
20260915,300210.SZ,8.74,5.82
20260915,300211.SZ,8.64,5.76
20260915,300212.SZ,10.69,7.13
20260915,300213.SZ,7.79,5.19
20260915,300214.SZ,11.9,7.94
20260915,300215.SZ,7.64,5.1
20260915,300217.SZ,4.91,3.27
20260915,300218.SZ,14.99,9.99
20260915,300219.SZ,8.21,5.47
20260915,300220.SZ,13.38,8.92
20260915,300221.SZ,16.8,11.2
20260915,300222.SZ,11.88,7.92
20260915,300223.SZ,151.58,101.06
20260915,300224.SZ,13.69,9.13
20260915,300225.SZ,9.28,6.18
20260915,300226.SZ,19.64,13.1
20260915,300227.SZ,14.9,9.94
20260915,300228.SZ,8.04,5.36
20260915,300229.SZ,15.66,10.44
20260915,300230.SZ,5.16,3.44
20260915,300231.SZ,9.64,6.42
20260915,300232.SZ,6.48,4.32
20260915,300233.SZ,15.61,10.41
20260915,300234.SZ,12.04,8.02
20260915,300235.SZ,13.26,8.84
20260915,300236.SZ,100.14,66.76
20260915,300237.SZ,2.94,1.96
20260915,300238.SZ,13.21,8.81
20260915,300239.SZ,5.99,3.99
20260915,300240.SZ,7.32,4.88
20260915,300241.SZ,6.92,4.62
20260915,300242.SZ,4.75,3.17
20260915,300243.SZ,19.52,13.02
20260915,300244.SZ,21.18,14.12
20260915,300245.SZ,7.97,5.31
20260915,300246.SZ,17.96,11.98
20260915,300247.SZ,4.38,2.92
20260915,300248.SZ,9.91,6.61
20260915,300249.SZ,15.42,10.28
20260915,300250.SZ,18.02,12.02
20260915,300251.SZ,13.22,8.82
20260915,300252.SZ,15.56,10.38
20260915,300253.SZ,8.03,5.35
20260915,300254.SZ,10.36,6.9
20260915,300255.SZ,27.13,18.09
20260915,300256.SZ,3.28,2.18
20260915,300257.SZ,21.28,14.18
20260915,300258.SZ,10.73,7.15
20260915,300259.SZ,4.93,3.29
20260915,300260.SZ,64.26,42.84
20260915,300261.SZ,5.82,3.88
20260915,300263.SZ,11.68,7.78
20260915,300264.SZ,7.26,4.84
20260915,300265.SZ,16.24,10.82
20260915,300266.SZ,2.34,1.56
20260915,300267.SZ,3.83,2.55
20260915,300268.SZ,14.54,9.7
20260915,300269.SZ,5.83,3.89
20260915,300270.SZ,12.31,8.21
20260915,300271.SZ,6.85,4.57
20260915,300272.SZ,6.86,4.58
20260915,300274.SZ,101.98,67.98
20260915,300275.SZ,10.64,7.1
20260915,300276.SZ,7.22,4.82
20260915,300277.SZ,14.69,9.79
20260915,300278.SZ,4.22,2.82
20260915,300279.SZ,6.72,4.48
20260915,300281.SZ,8.04,5.36
20260915,300283.SZ,16.52,11.02
20260915,300284.SZ,6.11,4.07
20260915,300285.SZ,78.96,52.64
20260915,300286.SZ,22.56,15.04
20260915,300287.SZ,4.39,2.93
20260915,300288.SZ,11.68,7.78
20260915,300289.SZ,7.04,4.7
20260915,300290.SZ,10.45,6.97
20260915,300291.SZ,6.4,4.26
20260915,300292.SZ,5.59,3.73
20260915,300293.SZ,16.97,11.31
20260915,300294.SZ,17.04,11.36
20260915,300295.SZ,13.99,9.33
20260915,300296.SZ,5.93,3.95
20260915,300298.SZ,18.42,12.28
20260915,300299.SZ,6.65,4.43
20260915,300300.SZ,10.55,7.03
20260915,300301.SZ,4.04,2.7
20260915,300302.SZ,32.48,21.66
20260915,300303.SZ,8.15,5.43
20260915,300304.SZ,13.3,8.86
20260915,300305.SZ,7.69,5.13
20260915,300306.SZ,12.3,8.2
20260915,300307.SZ,8.7,5.8
20260915,300308.SZ,1047.6,698.4
20260915,300310.SZ,5.21,3.47
20260915,300311.SZ,7.58,5.06
20260915,300313.SZ,15.84,10.56
20260915,300314.SZ,13.75,9.17
20260915,300315.SZ,4.82,3.22
20260915,300316.SZ,47.53,31.69
20260915,300317.SZ,5.16,3.44
20260915,300318.SZ,5.93,3.95
20260915,300319.SZ,25.63,17.09
20260915,300320.SZ,9.76,6.5
20260915,300321.SZ,38.12,25.42
20260915,300322.SZ,20.88,13.92
20260915,300323.SZ,12.68,8.46
20260915,300324.SZ,4.12,2.74
20260915,300326.SZ,7.36,4.9
20260915,300327.SZ,29.1,19.4
20260915,300328.SZ,14.78,9.86
20260915,300329.SZ,13.82,9.22
20260915,300331.SZ,54.23,36.15
20260915,300332.SZ,6.01,4.01
20260915,300333.SZ,13.24,8.82
20260915,300334.SZ,10.21,6.81
20260915,300335.SZ,6.76,4.5
20260915,300337.SZ,11.28,7.52
20260915,300338.SZ,3.54,2.36
20260915,300339.SZ,41.52,27.68
20260915,300340.SZ,10.32,6.88
20260915,300341.SZ,15.08,10.06
20260915,300342.SZ,37.94,25.3
20260915,300343.SZ,6.52,4.34
20260915,300345.SZ,8.72,5.82
20260915,300346.SZ,61.9,41.26
20260915,300347.SZ,67.68,45.12
20260915,300348.SZ,11.52,7.68
20260915,300349.SZ,12.01,8.01
20260915,300350.SZ,5.24,3.5
20260915,300351.SZ,16.74,11.16
20260915,300352.SZ,3.8,2.54
20260915,300353.SZ,19.36,12.9
20260915,300354.SZ,31.48,20.98
20260915,300355.SZ,3.4,2.26
20260915,300357.SZ,22.86,15.24
20260915,300358.SZ,9.78,6.52
20260915,300359.SZ,4.93,3.29
20260915,300360.SZ,13.45,8.97
20260915,300363.SZ,25.76,17.18
20260915,300364.SZ,29.05,19.37
20260915,300365.SZ,5.58,3.72
20260915,300366.SZ,6.58,4.38
20260915,300368.SZ,10.45,6.97
20260915,300369.SZ,10.38,6.92
20260915,300370.SZ,2.62,1.74
20260915,300371.SZ,12.17,8.11
20260915,300373.SZ,101.87,67.91
20260915,300374.SZ,13.2,8.8
20260915,300375.SZ,4.96,3.3
20260915,300376.SZ,5.05,3.37
20260915,300377.SZ,16.3,10.86
20260915,300378.SZ,42.95,28.63
20260915,300380.SZ,33.73,22.49
20260915,300381.SZ,6.82,4.54
20260915,300382.SZ,18.02,12.02
20260915,300383.SZ,13.14,8.76
20260915,300384.SZ,14.04,9.36
20260915,300385.SZ,15.47,10.31
20260915,300386.SZ,13.66,9.1
20260915,300387.SZ,9.08,6.06
20260915,300388.SZ,8.17,5.45
20260915,300389.SZ,14.66,9.78
20260915,300390.SZ,64.51,43.01
20260915,300393.SZ,7.24,4.82
20260915,300394.SZ,308.35,205.57
20260915,300395.SZ,114.0,76.0
20260915,300396.SZ,8.44,5.62
20260915,300397.SZ,13.01,8.67
20260915,300398.SZ,41.63,27.75
20260915,300399.SZ,23.21,15.47
20260915,300400.SZ,44.3,29.54
20260915,300401.SZ,17.6,11.74
20260915,300402.SZ,17.6,11.74
20260915,300403.SZ,10.66,7.1
20260915,300404.SZ,15.16,10.1
20260915,300405.SZ,6.8,4.54
20260915,300406.SZ,13.67,9.11
20260915,300407.SZ,12.61,8.41
20260915,300408.SZ,151.0,100.66
20260915,300409.SZ,19.97,13.31
20260915,300410.SZ,10.46,6.98
20260915,300411.SZ,10.69,7.13
20260915,300412.SZ,5.29,3.53
20260915,300413.SZ,20.75,13.83
20260915,300414.SZ,13.76,9.18
20260915,300415.SZ,22.61,15.07
20260915,300416.SZ,16.75,11.17
20260915,300417.SZ,13.69,9.13
20260915,300418.SZ,51.49,34.33
20260915,300419.SZ,10.46,6.98
20260915,300420.SZ,8.96,5.98
20260915,300421.SZ,18.96,12.64
20260915,300422.SZ,4.98,3.32
20260915,300423.SZ,6.8,4.54
20260915,300424.SZ,16.07,10.71
20260915,300425.SZ,4.87,3.25
20260915,300426.SZ,8.64,5.76
20260915,300427.SZ,8.21,5.47
20260915,300428.SZ,23.5,15.66
20260915,300429.SZ,13.22,8.82
20260915,300430.SZ,6.7,4.46
20260915,300432.SZ,16.55,11.03
20260915,300433.SZ,39.92,26.62
20260915,300434.SZ,12.54,8.36
20260915,300435.SZ,19.84,13.22
20260915,300436.SZ,104.18,69.46
20260915,300437.SZ,13.33,8.89
20260915,300438.SZ,61.52,41.02
20260915,300439.SZ,11.34,7.56
20260915,300440.SZ,22.86,15.24
20260915,300441.SZ,8.22,5.48
20260915,300442.SZ,72.3,48.2
20260915,300443.SZ,22.38,14.92
20260915,300444.SZ,10.82,7.22
20260915,300445.SZ,21.43,14.29
20260915,300446.SZ,15.37,10.25
20260915,300447.SZ,16.94,11.3
20260915,300448.SZ,6.8,4.54
20260915,300449.SZ,8.24,5.5
20260915,300450.SZ,35.86,23.9
20260915,300451.SZ,4.08,2.72
20260915,300452.SZ,15.38,10.26
20260915,300453.SZ,11.14,7.42
20260915,300454.SZ,161.11,107.41
20260915,300455.SZ,20.14,13.42
20260915,300456.SZ,41.26,27.5
20260915,300457.SZ,24.61,16.41
20260915,300458.SZ,35.11,23.41
20260915,300459.SZ,4.3,2.86
20260915,300460.SZ,10.38,6.92
20260915,300461.SZ,35.48,23.66
20260915,300462.SZ,13.4,8.94
20260915,300463.SZ,10.96,7.3
20260915,300464.SZ,9.9,6.6
20260915,300465.SZ,13.61,9.07
20260915,300466.SZ,8.62,5.74
20260915,300467.SZ,39.47,26.31
20260915,300468.SZ,27.18,18.12
20260915,300469.SZ,59.21,39.47
20260915,300470.SZ,32.57,21.71
20260915,300471.SZ,11.64,7.76
20260915,300472.SZ,8.38,5.58
20260915,300473.SZ,34.42,22.94
20260915,300474.SZ,57.31,38.21
20260915,300475.SZ,193.66,129.1
20260915,300476.SZ,270.0,180.0
20260915,300477.SZ,3.44,2.3
20260915,300478.SZ,38.69,25.79
20260915,300479.SZ,17.46,11.64
20260915,300480.SZ,36.83,24.55
20260915,300481.SZ,16.33,10.89
20260915,300482.SZ,19.0,12.66
20260915,300483.SZ,28.67,19.11
20260915,300484.SZ,14.94,9.96
20260915,300485.SZ,10.03,6.69
20260915,300486.SZ,22.2,14.8
20260915,300487.SZ,80.6,53.74
20260915,300488.SZ,41.26,27.5
20260915,300489.SZ,244.34,162.9
20260915,300490.SZ,12.72,8.48
20260915,300491.SZ,40.92,27.28
20260915,300492.SZ,26.56,17.7
20260915,300493.SZ,14.65,9.77
20260915,300494.SZ,9.66,6.44
20260915,300496.SZ,64.96,43.3
20260915,300497.SZ,24.31,16.21
20260915,300498.SZ,17.74,11.82
20260915,300499.SZ,44.04,29.36
20260915,300500.SZ,11.36,7.58
20260915,300501.SZ,11.16,7.44
20260915,300502.SZ,482.28,321.52
20260915,300503.SZ,76.72,51.14
20260915,300504.SZ,20.35,13.57
20260915,300505.SZ,23.77,15.85
20260915,300506.SZ,5.72,3.82
20260915,300507.SZ,7.63,5.09
20260915,300508.SZ,44.34,29.56
20260915,300509.SZ,10.48,6.98
20260915,300510.SZ,4.09,2.73
20260915,300511.SZ,6.23,4.15
20260915,300512.SZ,8.7,5.8
20260915,300513.SZ,8.86,5.9
20260915,300514.SZ,12.06,8.04
20260915,300515.SZ,18.47,12.31
20260915,300516.SZ,41.11,27.41
20260915,300517.SZ,13.39,8.93
20260915,300518.SZ,29.11,19.41
20260915,300519.SZ,16.92,11.28
20260915,300520.SZ,26.74,17.82
20260915,300521.SZ,28.48,18.98
20260915,300522.SZ,17.16,11.44
20260915,300523.SZ,25.15,16.77
20260915,300525.SZ,9.34,6.22
20260915,300527.SZ,10.08,6.72
20260915,300528.SZ,16.8,11.2
20260915,300529.SZ,17.93,11.95
20260915,300530.SZ,23.3,15.54
20260915,300531.SZ,17.98,11.98
20260915,300532.SZ,8.47,5.65
20260915,300533.SZ,17.38,11.58
20260915,300534.SZ,15.32,10.22
20260915,300535.SZ,18.77,12.51
20260915,300536.SZ,10.58,7.06
20260915,300537.SZ,24.34,16.22
20260915,300538.SZ,17.62,11.74
20260915,300539.SZ,20.2,13.46
20260915,300540.SZ,31.62,21.08
20260915,300541.SZ,11.36,7.58
20260915,300542.SZ,14.65,9.77
20260915,300543.SZ,9.01,6.01
20260915,300545.SZ,32.14,21.42
20260915,300546.SZ,20.04,13.36
20260915,300547.SZ,30.64,20.42
20260915,300548.SZ,244.91,163.27
20260915,300549.SZ,17.03,11.35
20260915,300550.SZ,16.39,10.93
20260915,300551.SZ,13.42,8.94
20260915,300552.SZ,25.15,16.77
20260915,300553.SZ,66.78,44.52
20260915,300554.SZ,25.74,17.16
20260915,300555.SZ,15.02,10.02
20260915,300556.SZ,19.02,12.68
20260915,300557.SZ,30.72,20.48
20260915,300558.SZ,56.09,37.39
20260915,300559.SZ,14.17,9.45
20260915,300560.SZ,21.36,14.24
20260915,300561.SZ,18.46,12.3
20260915,300562.SZ,21.2,14.14
20260915,300563.SZ,34.32,22.88
20260915,300564.SZ,14.34,9.56
20260915,300565.SZ,12.12,8.08
20260915,300566.SZ,30.85,20.57
20260915,300567.SZ,227.84,151.9
20260915,300568.SZ,18.38,12.26
20260915,300569.SZ,5.87,3.91
20260915,300570.SZ,237.96,158.64
20260915,300571.SZ,33.19,22.13
20260915,300572.SZ,30.46,20.3
20260915,300573.SZ,43.44,28.96
20260915,300575.SZ,7.22,4.82
20260915,300576.SZ,33.19,22.13
20260915,300577.SZ,23.66,15.78
20260915,300578.SZ,18.23,12.15
20260915,300579.SZ,27.55,18.37
20260915,300580.SZ,21.7,14.46
20260915,300581.SZ,12.65,8.43
20260915,300582.SZ,12.56,8.38
20260915,300583.SZ,15.56,10.38
20260915,300584.SZ,35.62,23.74
20260915,300585.SZ,18.89,12.59
20260915,300586.SZ,10.91,7.27
20260915,300587.SZ,5.58,3.72
20260915,300588.SZ,25.27,16.85
20260915,300589.SZ,16.26,10.84
20260915,300590.SZ,13.57,9.05
20260915,300591.SZ,7.84,5.22
20260915,300592.SZ,23.74,15.82
20260915,300593.SZ,37.2,24.8
20260915,300594.SZ,17.89,11.93
20260915,300595.SZ,12.02,8.02
20260915,300596.SZ,47.52,31.68
20260915,300597.SZ,9.43,6.29
20260915,300598.SZ,36.11,24.07
20260915,300599.SZ,13.32,8.88
20260915,300600.SZ,12.86,8.58
20260915,300601.SZ,14.29,9.53
20260915,300602.SZ,45.07,30.05
20260915,300603.SZ,9.73,6.49
20260915,300604.SZ,304.28,202.86
20260915,300605.SZ,12.17,8.11
20260915,300606.SZ,39.78,26.52
20260915,300607.SZ,38.36,25.58
20260915,300608.SZ,11.62,7.74
20260915,300609.SZ,28.02,18.68
20260915,300610.SZ,12.31,8.21
20260915,300611.SZ,31.92,21.28
20260915,300612.SZ,14.09,9.39
20260915,300613.SZ,80.22,53.48
20260915,300614.SZ,12.5,8.34
20260915,300615.SZ,16.81,11.21
20260915,300616.SZ,12.08,8.06
20260915,300617.SZ,42.42,28.28
20260915,300618.SZ,38.26,25.5
20260915,300619.SZ,31.26,20.84
20260915,300620.SZ,346.0,230.66
20260915,300621.SZ,8.45,5.63
20260915,300622.SZ,17.22,11.48
20260915,300623.SZ,34.64,23.1
20260915,300624.SZ,60.6,40.4
20260915,300625.SZ,11.54,7.7
20260915,300626.SZ,34.15,22.77
20260915,300627.SZ,32.06,21.38
20260915,300628.SZ,48.88,32.58
20260915,300629.SZ,21.7,14.46
20260915,300631.SZ,25.68,17.12
20260915,300632.SZ,21.43,14.29
20260915,300633.SZ,22.82,15.22
20260915,300634.SZ,23.03,15.35
20260915,300635.SZ,14.26,9.5
20260915,300636.SZ,8.18,5.46
20260915,300637.SZ,11.14,7.42
20260915,300638.SZ,21.18,14.12
20260915,300639.SZ,6.95,4.63
20260915,300640.SZ,7.61,5.07
20260915,300641.SZ,16.33,10.89
20260915,300642.SZ,20.17,13.45
20260915,300643.SZ,20.92,13.94
20260915,300644.SZ,23.58,15.72
20260915,300645.SZ,15.8,10.54
20260915,300647.SZ,8.84,5.9
20260915,300648.SZ,47.88,31.92
20260915,300649.SZ,31.18,20.78
20260915,300650.SZ,14.53,9.69
20260915,300651.SZ,18.96,12.64
20260915,300652.SZ,30.34,20.22
20260915,300653.SZ,17.78,11.86
20260915,300654.SZ,11.72,7.82
20260915,300655.SZ,14.8,9.86
20260915,300656.SZ,29.3,19.54
20260915,300657.SZ,45.28,30.18
20260915,300658.SZ,11.78,7.86
20260915,300659.SZ,13.04,8.7
20260915,300660.SZ,27.79,18.53
20260915,300661.SZ,129.12,86.08
20260915,300662.SZ,25.3,16.86
20260915,300663.SZ,9.44,6.3
20260915,300664.SZ,5.59,3.73
20260915,300665.SZ,10.5,7.0
20260915,300666.SZ,284.52,189.68
20260915,300667.SZ,18.06,12.04
20260915,300668.SZ,37.12,24.74
20260915,300669.SZ,26.32,17.54
20260915,300670.SZ,8.09,5.39
20260915,300671.SZ,60.54,40.36
20260915,300672.SZ,195.14,130.1
20260915,300673.SZ,16.91,11.27
20260915,300674.SZ,20.14,13.42
20260915,300675.SZ,15.26,10.18
20260915,300676.SZ,44.06,29.38
20260915,300677.SZ,66.11,44.07
20260915,300678.SZ,25.87,17.25
20260915,300679.SZ,53.2,35.46
20260915,300680.SZ,22.94,15.3
20260915,300681.SZ,23.84,15.9
20260915,300682.SZ,10.87,7.25
20260915,300683.SZ,27.68,18.46
20260915,300684.SZ,101.53,67.69
20260915,300685.SZ,20.29,13.53
20260915,300686.SZ,17.46,11.64
20260915,300687.SZ,32.17,21.45
20260915,300688.SZ,39.12,26.08
20260915,300689.SZ,66.94,44.62
20260915,300690.SZ,27.01,18.01
20260915,300691.SZ,17.44,11.62
20260915,300692.SZ,10.52,7.02
20260915,300693.SZ,45.61,30.41
20260915,300694.SZ,12.88,8.58
20260915,300695.SZ,54.77,36.51
20260915,300696.SZ,24.6,16.4
20260915,300697.SZ,17.6,11.74
20260915,300698.SZ,30.89,20.59
20260915,300699.SZ,28.27,18.85
20260915,300700.SZ,22.09,14.73
20260915,300701.SZ,11.57,7.71
20260915,300702.SZ,24.37,16.25
20260915,300703.SZ,16.25,10.83
20260915,300705.SZ,12.85,8.57
20260915,300706.SZ,57.73,38.49
20260915,300707.SZ,14.09,9.39
20260915,300708.SZ,10.02,6.68
20260915,300709.SZ,45.83,30.55
20260915,300710.SZ,35.4,23.6
20260915,300711.SZ,23.74,15.82
20260915,300712.SZ,23.58,15.72
20260915,300713.SZ,15.58,10.38
20260915,300715.SZ,16.21,10.81
20260915,300716.SZ,23.06,15.38
20260915,300717.SZ,21.19,14.13
20260915,300718.SZ,62.8,41.86
20260915,300719.SZ,14.62,9.74
20260915,300720.SZ,72.3,48.2
20260915,300721.SZ,24.9,16.6
20260915,300722.SZ,26.93,17.95
20260915,300723.SZ,40.8,27.2
20260915,300724.SZ,61.01,40.67
20260915,300725.SZ,53.46,35.64
20260915,300726.SZ,65.8,43.86
20260915,300727.SZ,38.06,25.38
20260915,300729.SZ,12.46,8.3
20260915,300730.SZ,13.55,9.03
20260915,300731.SZ,58.52,39.02
20260915,300732.SZ,6.97,4.65
20260915,300733.SZ,15.18,10.12
20260915,300735.SZ,21.37,14.25
20260915,300736.SZ,38.51,25.67
20260915,300737.SZ,5.52,3.68
20260915,300738.SZ,23.34,15.56
20260915,300739.SZ,34.08,22.72
20260915,300740.SZ,23.45,15.63
20260915,300741.SZ,25.3,16.86
20260915,300743.SZ,16.99,11.33
20260915,300745.SZ,32.47,21.65
20260915,300746.SZ,16.12,10.74
20260915,300747.SZ,48.68,32.46
20260915,300748.SZ,29.8,19.86
20260915,300749.SZ,29.33,19.55
20260915,300750.SZ,404.53,269.69
20260915,300751.SZ,223.74,149.16
20260915,300752.SZ,13.88,9.26
20260915,300753.SZ,24.44,16.3
20260915,300755.SZ,13.37,8.91
20260915,300756.SZ,37.62,25.08
20260915,300757.SZ,734.76,489.84
20260915,300758.SZ,13.28,8.86
20260915,300759.SZ,51.18,34.12
20260915,300760.SZ,192.12,128.08
20260915,300761.SZ,24.8,16.54
20260915,300762.SZ,32.69,21.79
20260915,300763.SZ,66.1,44.06
20260915,300765.SZ,52.22,34.82
20260915,300766.SZ,26.52,17.68
20260915,300767.SZ,22.09,14.73
20260915,300768.SZ,17.84,11.9
20260915,300769.SZ,49.31,32.87
20260915,300770.SZ,41.21,27.47
20260915,300771.SZ,13.52,9.02
20260915,300772.SZ,11.03,7.35
20260915,300773.SZ,18.0,12.0
20260915,300774.SZ,12.24,8.16
20260915,300775.SZ,25.79,17.19
20260915,300776.SZ,130.51,87.01
20260915,300777.SZ,25.39,16.93
20260915,300778.SZ,12.5,8.34
20260915,300779.SZ,63.96,42.64
20260915,300780.SZ,22.4,14.94
20260915,300781.SZ,31.42,20.94
20260915,300782.SZ,84.84,56.56
20260915,300783.SZ,20.26,13.5
20260915,300784.SZ,48.6,32.4
20260915,300785.SZ,40.19,26.79
20260915,300786.SZ,16.78,11.18
20260915,300787.SZ,11.82,7.88
20260915,300788.SZ,38.04,25.36
20260915,300789.SZ,18.58,12.38
20260915,300790.SZ,23.68,15.78
20260915,300791.SZ,21.12,14.08
20260915,300792.SZ,28.5,19.0
20260915,300793.SZ,13.34,8.9
20260915,300795.SZ,14.28,9.52
20260915,300796.SZ,8.18,5.46
20260915,300797.SZ,15.25,10.17
20260915,300798.SZ,9.94,6.62
20260915,300800.SZ,12.35,8.23
20260915,300801.SZ,25.27,16.85
20260915,300802.SZ,29.32,19.54
20260915,300803.SZ,94.04,62.7
20260915,300804.SZ,50.75,33.83
20260915,300805.SZ,9.88,6.58
20260915,300806.SZ,63.01,42.01
20260915,300807.SZ,42.05,28.03
20260915,300808.SZ,22.28,14.86
20260915,300809.SZ,27.85,18.57
20260915,300810.SZ,30.52,20.34
20260915,300811.SZ,100.2,66.8
20260915,300812.SZ,22.78,15.18
20260915,300813.SZ,24.14,16.1
20260915,300814.SZ,167.4,111.6
20260915,300815.SZ,17.62,11.74
20260915,300816.SZ,75.66,50.44
20260915,300817.SZ,19.21,12.81
20260915,300818.SZ,20.7,13.8
20260915,300819.SZ,56.68,37.78
20260915,300820.SZ,68.71,45.81
20260915,300821.SZ,17.58,11.72
20260915,300822.SZ,13.37,8.91
20260915,300823.SZ,17.18,11.46
20260915,300824.SZ,9.23,6.15
20260915,300825.SZ,15.43,10.29
20260915,300826.SZ,18.3,12.2
20260915,300827.SZ,28.96,19.3
20260915,300828.SZ,20.32,13.54
20260915,300829.SZ,21.37,14.25
20260915,300830.SZ,10.26,6.84
20260915,300831.SZ,16.81,11.21
20260915,300832.SZ,58.25,38.83
20260915,300833.SZ,49.37,32.91
20260915,300834.SZ,47.16,31.44
20260915,300835.SZ,213.37,142.25
20260915,300836.SZ,59.83,39.89
20260915,300837.SZ,26.4,17.6
20260915,300838.SZ,17.03,11.35
20260915,300839.SZ,14.95,9.97
20260915,300840.SZ,21.91,14.61
20260915,300841.SZ,59.71,39.81
20260915,300842.SZ,74.95,49.97
20260915,300843.SZ,159.46,106.3
20260915,300844.SZ,28.43,18.95
20260915,300845.SZ,15.94,10.62
20260915,300846.SZ,23.09,15.39
20260915,300847.SZ,16.9,11.26
20260915,300848.SZ,13.24,8.82
20260915,300849.SZ,25.08,16.72
20260915,300850.SZ,33.74,22.5
20260915,300851.SZ,28.7,19.14
20260915,300852.SZ,80.44,53.62
20260915,300853.SZ,33.36,22.24
20260915,300854.SZ,18.61,12.41
20260915,300855.SZ,41.46,27.64
20260915,300856.SZ,12.25,8.17
20260915,300857.SZ,302.51,201.67
20260915,300858.SZ,16.6,11.06
20260915,300859.SZ,30.59,20.39
20260915,300860.SZ,35.16,23.44
20260915,300861.SZ,18.85,12.57
20260915,300862.SZ,59.82,39.88
20260915,300863.SZ,51.8,34.54
20260915,300864.SZ,30.79,20.53
20260915,300865.SZ,36.2,24.14
20260915,300866.SZ,153.41,102.27
20260915,300867.SZ,21.1,14.06
20260915,300868.SZ,105.49,70.33
20260915,300869.SZ,12.79,8.53
20260915,300870.SZ,238.33,158.89
20260915,300871.SZ,25.73,17.15
20260915,300872.SZ,17.82,11.88
20260915,300873.SZ,17.47,11.65
20260915,300875.SZ,40.03,26.69
20260915,300876.SZ,17.51,11.67
20260915,300877.SZ,31.98,21.32
20260915,300878.SZ,40.2,26.8
20260915,300879.SZ,19.03,12.69
20260915,300880.SZ,24.11,16.07
20260915,300881.SZ,35.3,23.54
20260915,300882.SZ,15.88,10.58
20260915,300883.SZ,7.75,5.17
20260915,300884.SZ,14.32,9.54
20260915,300885.SZ,22.18,14.78
20260915,300886.SZ,28.66,19.1
20260915,300887.SZ,8.26,5.5
20260915,300888.SZ,34.18,22.78
20260915,300889.SZ,25.26,16.84
20260915,300890.SZ,30.37,20.25
20260915,300891.SZ,8.83,5.89
20260915,300892.SZ,26.77,17.85
20260915,300893.SZ,16.31,10.87
20260915,300894.SZ,12.12,8.08
20260915,300895.SZ,66.52,44.34
20260915,300896.SZ,106.13,70.75
20260915,300897.SZ,18.5,12.34
20260915,300898.SZ,23.68,15.78
20260915,300899.SZ,36.43,24.29
20260915,300900.SZ,27.66,18.44
20260915,300901.SZ,22.4,14.94
20260915,300902.SZ,20.69,13.79
20260915,300903.SZ,129.96,86.64
20260915,300904.SZ,46.94,31.3
20260915,300905.SZ,42.12,28.08
20260915,300906.SZ,34.21,22.81
20260915,300907.SZ,63.84,42.56
20260915,300908.SZ,20.28,13.52
20260915,300909.SZ,71.29,47.53
20260915,300910.SZ,33.32,22.22
20260915,300911.SZ,34.13,22.75
20260915,300912.SZ,23.04,15.36
20260915,300913.SZ,55.31,36.87
20260915,300915.SZ,23.16,15.44
20260915,300916.SZ,28.66,19.1
20260915,300917.SZ,31.87,21.25
20260915,300918.SZ,12.58,8.38
20260915,300919.SZ,45.37,30.25
20260915,300920.SZ,40.75,27.17
20260915,300921.SZ,18.84,12.56
20260915,300922.SZ,22.46,14.98
20260915,300923.SZ,28.57,19.05
20260915,300925.SZ,16.67,11.11
20260915,300926.SZ,19.56,13.04
20260915,300927.SZ,32.76,21.84
20260915,300928.SZ,28.06,18.7
20260915,300929.SZ,18.97,12.65
20260915,300930.SZ,29.47,19.65
20260915,300931.SZ,18.19,12.13
20260915,300932.SZ,12.88,8.58
20260915,300933.SZ,8.09,5.39
20260915,300935.SZ,32.86,21.9
20260915,300936.SZ,92.45,61.63
20260915,300937.SZ,28.76,19.18
20260915,300938.SZ,33.92,22.62
20260915,300939.SZ,89.35,59.57
20260915,300940.SZ,15.83,10.55
20260915,300941.SZ,17.82,11.88
20260915,300942.SZ,7.64,5.1
20260915,300943.SZ,39.96,26.64
20260915,300945.SZ,14.27,9.51
20260915,300946.SZ,41.28,27.52
20260915,300947.SZ,17.1,11.4
20260915,300948.SZ,22.31,14.87
20260915,300949.SZ,27.35,18.23
20260915,300950.SZ,21.52,14.34
20260915,300951.SZ,110.34,73.56
20260915,300952.SZ,18.17,12.11
20260915,300953.SZ,106.46,70.98
20260915,300955.SZ,33.85,22.57
20260915,300956.SZ,13.01,8.67
20260915,300957.SZ,37.49,24.99
20260915,300958.SZ,14.46,9.64
20260915,300959.SZ,107.9,71.94
20260915,300960.SZ,19.49,12.99
20260915,300961.SZ,14.5,9.66
20260915,300962.SZ,15.36,10.24
20260915,300963.SZ,13.16,8.78
20260915,300964.SZ,85.84,57.22
20260915,300965.SZ,49.67,33.11
20260915,300966.SZ,27.32,18.22
20260915,300967.SZ,20.32,13.54
20260915,300968.SZ,11.74,7.82
20260915,300969.SZ,95.94,63.96
20260915,300970.SZ,21.0,14.0
20260915,300971.SZ,20.63,13.75
20260915,300972.SZ,214.56,143.04
20260915,300973.SZ,30.54,20.36
20260915,300975.SZ,31.08,20.72
20260915,300976.SZ,69.66,46.44
20260915,300977.SZ,22.06,14.7
20260915,300978.SZ,10.36,6.9
20260915,300979.SZ,40.48,26.98
20260915,300980.SZ,26.66,17.78
20260915,300981.SZ,18.4,12.26
20260915,300982.SZ,16.93,11.29
20260915,300983.SZ,44.81,29.87
20260915,300984.SZ,33.85,22.57
20260915,300985.SZ,44.58,29.72
20260915,300986.SZ,13.22,8.82
20260915,300987.SZ,16.91,11.27
20260915,300988.SZ,18.24,12.16
20260915,300989.SZ,17.3,11.54
20260915,300990.SZ,103.37,68.91
20260915,300991.SZ,37.01,24.67
20260915,300992.SZ,29.47,19.65
20260915,300993.SZ,11.53,7.69
20260915,300994.SZ,13.01,8.67
20260915,300995.SZ,30.65,20.43
20260915,300996.SZ,15.42,10.28
20260915,300997.SZ,18.48,12.32
20260915,300998.SZ,38.65,25.77
20260915,300999.SZ,30.86,20.58
20260915,301000.SZ,27.56,18.38
20260915,301001.SZ,29.47,19.65
20260915,301002.SZ,32.4,21.6
20260915,301003.SZ,71.74,47.82
20260915,301004.SZ,39.16,26.1
20260915,301005.SZ,74.18,49.46
20260915,301006.SZ,16.02,10.68
20260915,301007.SZ,38.88,25.92
20260915,301008.SZ,49.39,32.93
20260915,301009.SZ,10.63,7.09
20260915,301010.SZ,20.53,13.69
20260915,301011.SZ,17.33,11.55
20260915,301012.SZ,26.34,17.56
20260915,301013.SZ,47.94,31.96
20260915,301015.SZ,29.32,19.54
20260915,301016.SZ,18.74,12.5
20260915,301017.SZ,14.68,9.78
20260915,301018.SZ,116.65,77.77
20260915,301019.SZ,17.76,11.84
20260915,301020.SZ,24.76,16.5
20260915,301021.SZ,103.46,68.98
20260915,301022.SZ,26.24,17.5
20260915,301023.SZ,33.49,22.33
20260915,301024.SZ,37.93,25.29
20260915,301025.SZ,11.66,7.78
20260915,301026.SZ,23.09,15.39
20260915,301027.SZ,23.88,15.92
20260915,301028.SZ,15.42,10.28
20260915,301029.SZ,28.45,18.97
20260915,301030.SZ,8.75,5.83
20260915,301031.SZ,111.18,74.12
20260915,301032.SZ,12.01,8.01
20260915,301033.SZ,62.11,41.41
20260915,301035.SZ,65.04,43.36
20260915,301036.SZ,26.15,17.43
20260915,301037.SZ,14.98,9.98
20260915,301038.SZ,20.83,13.89
20260915,301039.SZ,9.05,6.03
20260915,301040.SZ,31.32,20.88
20260915,301041.SZ,39.53,26.35
20260915,301042.SZ,36.23,24.15
20260915,301043.SZ,62.24,41.5
20260915,301045.SZ,77.72,51.82
20260915,301046.SZ,37.66,25.1
20260915,301047.SZ,123.91,82.61
20260915,301048.SZ,10.82,7.22
20260915,301049.SZ,24.12,16.08
20260915,301050.SZ,32.52,21.68
20260915,301051.SZ,20.62,13.74
20260915,301052.SZ,28.38,18.92
20260915,301053.SZ,43.84,29.22
20260915,301055.SZ,35.3,23.54
20260915,301056.SZ,17.17,11.45
20260915,301057.SZ,23.93,15.95
20260915,301058.SZ,10.44,6.96
20260915,301059.SZ,14.77,9.85
20260915,301060.SZ,12.5,8.34
20260915,301061.SZ,43.25,28.83
20260915,301062.SZ,8.56,5.7
20260915,301063.SZ,20.56,13.7
20260915,301065.SZ,23.14,15.42
20260915,301066.SZ,14.4,9.6
20260915,301067.SZ,37.0,24.66
20260915,301068.SZ,32.87,21.91
20260915,301069.SZ,18.7,12.46
20260915,301070.SZ,74.68,49.78
20260915,301071.SZ,78.95,52.63
20260915,301072.SZ,52.67,35.11
20260915,301073.SZ,21.54,14.36
20260915,301075.SZ,68.52,45.68
20260915,301076.SZ,24.13,16.09
20260915,301077.SZ,25.42,16.94
20260915,301078.SZ,8.4,5.6
20260915,301079.SZ,33.0,22.0
20260915,301080.SZ,110.09,73.39
20260915,301081.SZ,20.15,13.43
20260915,301082.SZ,11.98,7.98
20260915,301083.SZ,16.28,10.86
20260915,301085.SZ,84.86,56.58
20260915,301086.SZ,181.96,121.3
20260915,301087.SZ,63.97,42.65
20260915,301088.SZ,15.61,10.41
20260915,301089.SZ,26.27,17.51
20260915,301090.SZ,8.16,5.44
20260915,301091.SZ,22.37,14.91
20260915,301092.SZ,51.41,34.27
20260915,301093.SZ,71.86,47.9
20260915,301095.SZ,86.05,57.37
20260915,301096.SZ,60.94,40.62
20260915,301097.SZ,40.1,26.74
20260915,301098.SZ,10.57,7.05
20260915,301099.SZ,61.57,41.05
20260915,301100.SZ,18.14,12.1
20260915,301101.SZ,34.03,22.69
20260915,301102.SZ,11.35,7.57
20260915,301103.SZ,19.2,12.8
20260915,301105.SZ,57.96,38.64
20260915,301106.SZ,22.56,15.04
20260915,301107.SZ,25.96,17.3
20260915,301108.SZ,48.5,32.34
20260915,301109.SZ,15.32,10.22
20260915,301110.SZ,41.06,27.38
20260915,301111.SZ,24.5,16.34
20260915,301112.SZ,36.47,24.31
20260915,301113.SZ,20.62,13.74
20260915,301115.SZ,36.36,24.24
20260915,301116.SZ,11.04,7.36
20260915,301117.SZ,17.11,11.41
20260915,301118.SZ,27.47,18.31
20260915,301119.SZ,29.14,19.42
20260915,301120.SZ,17.52,11.68
20260915,301121.SZ,41.56,27.7
20260915,301122.SZ,55.22,36.82
20260915,301123.SZ,92.4,61.6
20260915,301125.SZ,16.16,10.78
20260915,301126.SZ,12.35,8.23
20260915,301127.SZ,20.2,13.46
20260915,301128.SZ,128.82,85.88
20260915,301129.SZ,27.68,18.46
20260915,301130.SZ,32.08,21.38
20260915,301131.SZ,38.22,25.48
20260915,301132.SZ,70.04,46.7
20260915,301133.SZ,31.99,21.33
20260915,301135.SZ,20.1,13.4
20260915,301136.SZ,14.36,9.58
20260915,301137.SZ,37.82,25.22
20260915,301138.SZ,33.43,22.29
20260915,301139.SZ,3.97,2.65
20260915,301141.SZ,44.08,29.38
20260915,301148.SZ,68.98,45.98
20260915,301149.SZ,10.49,6.99
20260915,301150.SZ,46.76,31.18
20260915,301151.SZ,25.22,16.82
20260915,301152.SZ,25.06,16.7
20260915,301153.SZ,20.93,13.95
20260915,301155.SZ,47.0,31.34
20260915,301156.SZ,13.99,9.33
20260915,301157.SZ,73.68,49.12
20260915,301158.SZ,17.22,11.48
20260915,301159.SZ,36.58,24.38
20260915,301160.SZ,49.63,33.09
20260915,301161.SZ,33.59,22.39
20260915,301162.SZ,41.4,27.6
20260915,301163.SZ,25.99,17.33
20260915,301165.SZ,127.21,84.81
20260915,301166.SZ,33.92,22.62
20260915,301167.SZ,15.68,10.46
20260915,301168.SZ,47.99,31.99
20260915,301169.SZ,63.6,42.4
20260915,301170.SZ,26.56,17.7
20260915,301171.SZ,40.28,26.86
20260915,301172.SZ,21.14,14.1
20260915,301173.SZ,39.37,26.25
20260915,301175.SZ,6.83,4.55
20260915,301176.SZ,70.66,47.1
20260915,301177.SZ,26.93,17.95
20260915,301178.SZ,44.51,29.67
20260915,301179.SZ,24.23,16.15
20260915,301180.SZ,13.73,9.15
20260915,301181.SZ,27.66,18.44
20260915,301182.SZ,79.55,53.03
20260915,301183.SZ,308.83,205.89
20260915,301185.SZ,20.34,13.56
20260915,301186.SZ,39.88,26.58
20260915,301187.SZ,15.55,10.37
20260915,301188.SZ,38.21,25.47
20260915,301189.SZ,74.04,49.36
20260915,301190.SZ,22.57,15.05
20260915,301191.SZ,98.7,65.8
20260915,301192.SZ,22.57,15.05
20260915,301193.SZ,23.0,15.34
20260915,301195.SZ,30.67,20.45
20260915,301196.SZ,97.66,65.1
20260915,301197.SZ,30.28,20.18
20260915,301198.SZ,14.94,9.96
20260915,301199.SZ,20.98,13.98
20260915,301200.SZ,307.3,204.86
20260915,301201.SZ,38.51,25.67
20260915,301202.SZ,43.22,28.82
20260915,301203.SZ,40.63,27.09
20260915,301205.SZ,332.04,221.36
20260915,301206.SZ,28.97,19.31
20260915,301207.SZ,21.65,14.43
20260915,301208.SZ,35.04,23.36
20260915,301209.SZ,69.94,46.62
20260915,301210.SZ,31.22,20.82
20260915,301211.SZ,13.68,9.12
20260915,301212.SZ,29.87,19.91
20260915,301213.SZ,48.38,32.26
20260915,301215.SZ,6.36,4.24
20260915,301216.SZ,20.54,13.7
20260915,301217.SZ,130.44,86.96
20260915,301218.SZ,55.98,37.32
20260915,301219.SZ,48.83,32.55
20260915,301220.SZ,37.19,24.79
20260915,301221.SZ,30.54,20.36
20260915,301222.SZ,29.8,19.86
20260915,301223.SZ,21.41,14.27
20260915,301225.SZ,68.54,45.7
20260915,301226.SZ,35.98,23.98
20260915,301227.SZ,39.08,26.06
20260915,301228.SZ,67.99,45.33
20260915,301229.SZ,13.98,9.32
20260915,301230.SZ,35.77,23.85
20260915,301231.SZ,32.34,21.56
20260915,301232.SZ,109.14,72.76
20260915,301233.SZ,37.96,25.3
20260915,301234.SZ,125.99,83.99
20260915,301235.SZ,50.9,33.94
20260915,301236.SZ,43.36,28.9
20260915,301237.SZ,46.19,30.79
20260915,301238.SZ,18.86,12.58
20260915,301239.SZ,37.37,24.91
20260915,301246.SZ,20.82,13.88
20260915,301248.SZ,64.8,43.2
20260915,301251.SZ,78.79,52.53
20260915,301252.SZ,42.22,28.14
20260915,301255.SZ,22.1,14.74
20260915,301256.SZ,11.69,7.79
20260915,301257.SZ,44.77,29.85
20260915,301258.SZ,30.07,20.05
20260915,301259.SZ,23.46,15.64
20260915,301260.SZ,13.8,9.2
20260915,301261.SZ,65.1,43.4
20260915,301262.SZ,23.71,15.81
20260915,301263.SZ,24.62,16.42
20260915,301265.SZ,24.24,16.16
20260915,301266.SZ,29.09,19.39
20260915,301267.SZ,17.69,11.79
20260915,301268.SZ,14.15,9.43
20260915,301269.SZ,101.5,67.66
20260915,301270.SZ,39.05,26.03
20260915,301272.SZ,40.27,26.85
20260915,301273.SZ,44.04,29.36
20260915,301275.SZ,50.42,33.62
20260915,301276.SZ,20.75,13.83
20260915,301277.SZ,11.84,7.9
20260915,301278.SZ,33.11,22.07
20260915,301279.SZ,26.65,17.77
20260915,301280.SZ,50.35,33.57
20260915,301281.SZ,58.58,39.06
20260915,301282.SZ,49.87,33.25
20260915,301283.SZ,30.34,20.22
20260915,301285.SZ,102.62,68.42
20260915,301286.SZ,51.68,34.46
20260915,301287.SZ,49.84,33.22
20260915,301288.SZ,19.66,13.1
20260915,301289.SZ,51.98,34.66
20260915,301290.SZ,32.78,21.86
20260915,301291.SZ,40.98,27.32
20260915,301292.SZ,74.04,49.36
20260915,301293.SZ,59.08,39.38
20260915,301295.SZ,43.46,28.98
20260915,301296.SZ,7.6,5.06
20260915,301297.SZ,56.72,37.82
20260915,301298.SZ,14.7,9.8
20260915,301299.SZ,53.46,35.64
20260915,301300.SZ,39.88,26.58
20260915,301301.SZ,9.65,6.43
20260915,301302.SZ,25.37,16.91
20260915,301303.SZ,15.72,10.48
20260915,301305.SZ,31.57,21.05
20260915,301306.SZ,120.46,80.3
20260915,301307.SZ,66.3,44.2
20260915,301308.SZ,397.21,264.81
20260915,301309.SZ,36.0,24.0
20260915,301310.SZ,62.27,41.51
20260915,301311.SZ,16.27,10.85
20260915,301312.SZ,96.49,64.33
20260915,301313.SZ,36.37,24.25
20260915,301314.SZ,52.26,34.84
20260915,301315.SZ,45.19,30.13
20260915,301316.SZ,42.59,28.39
20260915,301317.SZ,56.34,37.56
20260915,301318.SZ,24.78,16.52
20260915,301319.SZ,109.33,72.89
20260915,301320.SZ,16.36,10.9
20260915,301321.SZ,55.39,36.93
20260915,301322.SZ,50.53,33.69
20260915,301323.SZ,87.4,58.26
20260915,301325.SZ,33.24,22.16
20260915,301326.SZ,115.19,76.79
20260915,301327.SZ,48.0,32.0
20260915,301328.SZ,60.82,40.54
20260915,301329.SZ,24.19,16.13
20260915,301330.SZ,30.41,20.27
20260915,301331.SZ,25.21,16.81
20260915,301332.SZ,9.18,6.12
20260915,301333.SZ,75.97,50.65
20260915,301335.SZ,26.39,17.59
20260915,301336.SZ,50.34,33.56
20260915,301337.SZ,32.05,21.37
20260915,301338.SZ,117.73,78.49
20260915,301339.SZ,13.28,8.86
20260915,301345.SZ,282.6,188.4
20260915,301348.SZ,24.61,16.41
20260915,301349.SZ,50.89,33.93
20260915,301353.SZ,22.51,15.01
20260915,301355.SZ,13.8,9.2
20260915,301356.SZ,22.45,14.97
20260915,301357.SZ,124.5,83.0
20260915,301358.SZ,64.74,43.16
20260915,301359.SZ,21.94,14.62
20260915,301360.SZ,66.59,44.39
20260915,301361.SZ,31.31,20.87
20260915,301362.SZ,132.9,88.6
20260915,301363.SZ,18.46,12.3
20260915,301365.SZ,44.34,29.56
20260915,301366.SZ,75.43,50.29
20260915,301367.SZ,52.58,35.06
20260915,301368.SZ,42.65,28.43
20260915,301369.SZ,149.66,99.78
20260915,301370.SZ,10.19,6.79
20260915,301371.SZ,24.66,16.44
20260915,301372.SZ,38.16,25.44
20260915,301373.SZ,117.94,78.62
20260915,301376.SZ,26.92,17.94
20260915,301377.SZ,461.99,307.99
20260915,301378.SZ,28.34,18.9
20260915,301379.SZ,24.84,16.56
20260915,301380.SZ,38.4,25.6
20260915,301381.SZ,26.93,17.95
20260915,301382.SZ,43.82,29.22
20260915,301383.SZ,27.88,18.58
20260915,301386.SZ,23.4,15.6
20260915,301387.SZ,65.52,43.68
20260915,301388.SZ,29.24,19.5
20260915,301389.SZ,68.32,45.54
20260915,301390.SZ,45.0,30.0
20260915,301391.SZ,50.29,33.53
20260915,301392.SZ,196.32,130.88
20260915,301393.SZ,69.14,46.1
20260915,301395.SZ,13.94,9.3
20260915,301396.SZ,198.94,132.62
20260915,301397.SZ,26.36,17.58
20260915,301398.SZ,42.8,28.54
20260915,301399.SZ,23.09,15.39
20260915,301408.SZ,16.75,11.17
20260915,301413.SZ,66.42,44.28
20260915,301418.SZ,40.25,26.83
20260915,301419.SZ,47.75,31.83
20260915,301421.SZ,88.74,59.16
20260915,301428.SZ,32.17,21.45
20260915,301429.SZ,20.88,13.92
20260915,301439.SZ,17.28,11.52
20260915,301446.SZ,43.79,29.19
20260915,301448.SZ,52.56,35.04
20260915,301449.SZ,47.02,31.34
20260915,301456.SZ,28.34,18.9
20260915,301458.SZ,44.74,29.82
20260915,301459.SZ,38.75,25.83
20260915,301468.SZ,36.44,24.3
20260915,301469.SZ,33.35,22.23
20260915,301479.SZ,56.53,37.69
20260915,301486.SZ,216.48,144.32
20260915,301487.SZ,18.47,12.31
20260915,301488.SZ,110.64,73.76
20260915,301489.SZ,148.39,98.93
20260915,301491.SZ,44.18,29.46
20260915,301498.SZ,44.39,29.59
20260915,301499.SZ,28.99,19.33
20260915,301500.SZ,31.07,20.71
20260915,301501.SZ,33.48,22.32
20260915,301502.SZ,58.66,39.1
20260915,301503.SZ,25.67,17.11
20260915,301505.SZ,22.42,14.94
20260915,301507.SZ,14.21,9.47
20260915,301508.SZ,28.92,19.28
20260915,301509.SZ,33.6,22.4
20260915,301510.SZ,30.28,20.18
20260915,301511.SZ,130.84,87.22
20260915,301512.SZ,35.88,23.92
20260915,301513.SZ,52.36,34.9
20260915,301515.SZ,22.66,15.1
20260915,301516.SZ,21.92,14.62
20260915,301517.SZ,44.53,29.69
20260915,301518.SZ,26.98,17.98
20260915,301519.SZ,14.09,9.39
20260915,301520.SZ,76.32,50.88
20260915,301522.SZ,27.37,18.25
20260915,301525.SZ,44.51,29.67
20260915,301526.SZ,37.02,24.68
20260915,301528.SZ,87.6,58.4
20260915,301529.SZ,140.06,93.38
20260915,301531.SZ,57.89,38.59
20260915,301533.SZ,34.22,22.82
20260915,301535.SZ,15.86,10.58
20260915,301536.SZ,131.8,87.86
20260915,301538.SZ,46.36,30.9
20260915,301539.SZ,18.0,12.0
20260915,301548.SZ,63.52,42.34
20260915,301550.SZ,108.0,72.0
20260915,301551.SZ,25.28,16.86
20260915,301552.SZ,28.8,19.2
20260915,301555.SZ,41.21,27.47
20260915,301556.SZ,73.3,48.86
20260915,301557.SZ,99.6,66.4
20260915,301558.SZ,7.69,5.13
20260915,301559.SZ,15.41,10.27
20260915,301560.SZ,27.52,18.34
20260915,301563.SZ,132.0,88.0
20260915,301565.SZ,22.45,14.97
20260915,301566.SZ,31.88,21.26
20260915,301567.SZ,42.3,28.2
20260915,301568.SZ,82.34,54.9
20260915,301571.SZ,85.16,56.78
20260915,301575.SZ,27.73,18.49
20260915,301577.SZ,68.98,45.98
20260915,301578.SZ,27.9,18.6
20260915,301580.SZ,63.07,42.05
20260915,301581.SZ,41.62,27.74
20260915,301583.SZ,135.32,90.22
20260915,301584.SZ,23.65,15.77
20260915,301585.SZ,33.37,22.25
20260915,301586.SZ,34.9,23.26
20260915,301587.SZ,24.54,16.36
20260915,301588.SZ,32.92,21.94
20260915,301589.SZ,176.41,117.61
20260915,301590.SZ,79.9,53.26
20260915,301591.SZ,52.25,34.83
20260915,301592.SZ,127.32,84.88
20260915,301595.SZ,51.07,34.05
20260915,301596.SZ,54.88,36.58
20260915,301598.SZ,59.14,39.42
20260915,301599.SZ,36.84,24.56
20260915,301600.SZ,90.48,60.32
20260915,301601.SZ,17.99,11.99
20260915,301602.SZ,18.18,12.12
20260915,301603.SZ,140.7,93.8
20260915,301606.SZ,62.28,41.52
20260915,301607.SZ,52.18,34.78
20260915,301608.SZ,49.75,33.17
20260915,301609.SZ,38.72,25.82
20260915,301611.SZ,103.19,68.79
20260915,301613.SZ,41.94,27.96
20260915,301616.SZ,41.42,27.62
20260915,301617.SZ,62.0,41.34
20260915,301618.SZ,36.16,24.1
20260915,301622.SZ,43.08,28.72
20260915,301626.SZ,346.97,231.31
20260915,301628.SZ,157.68,105.12
20260915,301629.SZ,323.4,215.6
20260915,301630.SZ,220.33,146.89
20260915,301631.SZ,72.32,48.22
20260915,301632.SZ,15.48,10.32
20260915,301633.SZ,63.35,42.23
20260915,301636.SZ,45.31,30.21
20260915,301638.SZ,25.49,16.99
20260915,301655.SZ,26.21,17.47
20260915,301656.SZ,16.99,11.33
20260915,301658.SZ,25.68,17.12
20260915,301662.SZ,70.42,46.94
20260915,301665.SZ,26.95,17.97
20260915,301666.SZ,438.42,292.28
20260915,301667.SZ,66.9,44.6
20260915,301668.SZ,37.92,25.28
20260915,301669.SZ,30.24,20.16
20260915,301677.SZ,59.04,39.36
20260915,301678.SZ,51.78,34.52
20260915,301680.SZ,116.53,77.69
20260915,301682.SZ,136.75,91.17
20260915,301683.SZ,111.52,74.34
20260915,301687.SZ,58.88,39.26
20260915,301688.SZ,43.61,29.07
20260915,301689.SZ,999999.999,0.01
20260915,301696.SZ,110.0,73.34
20260915,301697.SZ,30.32,20.22
20260915,301699.SZ,999999.999,0.01
20260915,301707.SZ,83.1,55.4
20260915,301717.SZ,399.0,266.0
20260915,302132.SZ,72.59,48.39
20260915,600000.SH,10.34,8.46
20260915,600004.SH,8.54,6.98
20260915,600006.SH,5.9,4.82
20260915,600007.SH,20.88,17.08
20260915,600008.SH,3.07,2.51
20260915,600009.SH,25.4,20.78
20260915,600010.SH,2.33,1.91
20260915,600011.SH,7.67,6.27
20260915,600012.SH,17.69,14.47
20260915,600015.SH,7.01,5.73
20260915,600016.SH,3.95,3.23
20260915,600017.SH,3.16,2.58
20260915,600018.SH,6.02,4.92
20260915,600019.SH,6.42,5.26
20260915,600020.SH,4.25,3.47
20260915,600021.SH,15.6,12.76
20260915,600022.SH,1.45,1.19
20260915,600023.SH,5.54,4.54
20260915,600025.SH,10.88,8.9
20260915,600026.SH,22.99,18.81
20260915,600027.SH,5.42,4.44
20260915,600028.SH,5.91,4.83
20260915,600029.SH,5.39,4.41
20260915,600030.SH,29.27,23.95
20260915,600031.SH,21.91,17.93
20260915,600032.SH,7.96,6.52
20260915,600033.SH,4.04,3.3
20260915,600035.SH,4.04,3.3
20260915,600036.SH,46.01,37.65
20260915,600037.SH,7.63,6.25
20260915,600038.SH,30.07,24.61
20260915,600039.SH,10.05,8.23
20260915,600048.SH,5.59,4.57
20260915,600050.SH,4.64,3.8
20260915,600051.SH,6.81,5.57
20260915,600052.SH,4.21,3.45
20260915,600053.SH,8.15,6.67
20260915,600054.SH,12.19,9.97
20260915,600055.SH,11.24,9.2
20260915,600056.SH,9.87,8.07
20260915,600057.SH,6.74,5.52
20260915,600058.SH,10.03,8.21
20260915,600059.SH,9.39,7.69
20260915,600060.SH,30.94,25.32
20260915,600061.SH,6.93,5.67
20260915,600062.SH,17.66,14.45
20260915,600063.SH,6.15,5.03
20260915,600064.SH,8.47,6.93
20260915,600066.SH,29.71,24.31
20260915,600067.SH,3.07,2.51
20260915,600071.SH,18.18,14.88
20260915,600072.SH,9.76,7.98
20260915,600073.SH,6.14,5.02
20260915,600075.SH,5.21,4.27
20260915,600076.SH,2.52,2.06
20260915,600078.SH,11.25,9.21
20260915,600079.SH,20.39,16.69
20260915,600080.SH,5.31,4.35
20260915,600081.SH,11.48,9.4
20260915,600082.SH,3.55,2.91
20260915,600084.SH,4.8,3.92
20260915,600085.SH,25.93,21.21
20260915,600088.SH,16.21,13.27
20260915,600089.SH,20.32,16.62
20260915,600094.SH,4.36,3.56
20260915,600095.SH,9.32,7.62
20260915,600096.SH,31.91,26.11
20260915,600097.SH,10.27,8.41
20260915,600098.SH,6.95,5.69
20260915,600099.SH,10.12,8.28
20260915,600100.SH,7.51,6.15
20260915,600101.SH,8.98,7.34
20260915,600103.SH,3.97,3.25
20260915,600104.SH,12.79,10.47
20260915,600105.SH,45.3,37.06
20260915,600106.SH,4.92,4.02
20260915,600107.SH,6.46,5.28
20260915,600108.SH,4.69,3.83
20260915,600109.SH,9.12,7.46
20260915,600110.SH,12.13,9.93
20260915,600111.SH,40.83,33.41
20260915,600113.SH,33.42,27.34
20260915,600114.SH,30.0,24.54
20260915,600115.SH,3.71,3.03
20260915,600116.SH,6.93,5.67
20260915,600117.SH,2.46,2.02
20260915,600118.SH,63.02,51.56
20260915,600119.SH,5.54,4.54
20260915,600120.SH,5.23,4.28
20260915,600121.SH,5.47,4.47
20260915,600123.SH,7.7,6.3
20260915,600125.SH,5.93,4.85
20260915,600126.SH,6.81,5.57
20260915,600127.SH,15.59,12.75
20260915,600128.SH,9.3,7.61
20260915,600129.SH,14.96,12.24
20260915,600130.SH,4.87,3.99
20260915,600131.SH,15.87,12.99
20260915,600132.SH,42.44,34.72
20260915,600133.SH,8.76,7.16
20260915,600135.SH,8.29,6.79
20260915,600136.SH,1.64,1.34
20260915,600137.SH,19.22,15.72
20260915,600138.SH,7.99,6.53
20260915,600141.SH,32.26,26.4
20260915,600143.SH,14.47,11.84
20260915,600148.SH,17.7,14.48
20260915,600149.SH,5.56,4.55
20260915,600150.SH,42.88,35.08
20260915,600151.SH,10.58,8.66
20260915,600152.SH,8.84,7.24
20260915,600153.SH,9.26,7.58
20260915,600155.SH,6.56,5.36
20260915,600156.SH,9.13,7.47
20260915,600157.SH,1.68,1.38
20260915,600158.SH,7.84,6.42
20260915,600159.SH,2.98,2.44
20260915,600160.SH,38.57,31.55
20260915,600161.SH,13.55,11.09
20260915,600162.SH,5.19,4.25
20260915,600163.SH,6.29,5.15
20260915,600165.SH,3.6,2.94
20260915,600166.SH,3.17,2.59
20260915,600167.SH,6.33,5.18
20260915,600168.SH,4.88,4.0
20260915,600169.SH,2.37,1.94
20260915,600170.SH,2.45,2.01
20260915,600171.SH,24.29,19.87
20260915,600172.SH,18.18,14.88
20260915,600173.SH,6.58,5.38
20260915,600176.SH,49.82,40.76
20260915,600177.SH,9.28,7.6
20260915,600178.SH,10.9,8.92
20260915,600179.SH,4.98,4.08
20260915,600180.SH,2.08,1.7
20260915,600182.SH,13.69,12.39
20260915,600183.SH,160.6,131.4
20260915,600184.SH,22.64,18.52
20260915,600185.SH,5.43,4.45
20260915,600186.SH,14.5,11.86
20260915,600187.SH,1.44,1.18
20260915,600188.SH,22.41,18.33
20260915,600189.SH,8.66,7.08
20260915,600191.SH,10.25,8.39
20260915,600192.SH,8.86,7.25
20260915,600195.SH,7.54,6.17
20260915,600196.SH,24.15,19.76
20260915,600197.SH,10.34,8.46
20260915,600198.SH,8.69,7.11
20260915,600199.SH,7.73,6.33
20260915,600201.SH,13.02,10.66
20260915,600202.SH,5.54,4.54
20260915,600203.SH,11.04,9.04
20260915,600206.SH,51.98,42.53
20260915,600207.SH,5.61,4.59
20260915,600208.SH,3.11,2.55
20260915,600210.SH,6.9,5.64
20260915,600211.SH,40.13,32.83
20260915,600212.SH,6.78,5.54
20260915,600215.SH,6.91,5.65
20260915,600216.SH,13.81,11.3
20260915,600217.SH,3.63,2.97
20260915,600218.SH,8.35,6.83
20260915,600219.SH,5.29,4.33
20260915,600221.SH,1.4,1.14
20260915,600222.SH,8.31,6.8
20260915,600223.SH,6.14,5.02
20260915,600226.SH,6.5,5.32
20260915,600227.SH,4.53,3.71
20260915,600228.SH,11.51,9.41
20260915,600229.SH,6.14,5.02
20260915,600230.SH,15.22,12.46
20260915,600231.SH,1.91,1.57
20260915,600232.SH,7.15,5.85
20260915,600233.SH,18.96,15.52
20260915,600234.SH,23.21,18.99
20260915,600235.SH,6.36,5.2
20260915,600236.SH,10.92,8.94
20260915,600237.SH,10.82,8.86
20260915,600238.SH,4.94,4.04
20260915,600239.SH,1.58,1.3
20260915,600241.SH,8.07,6.61
20260915,600243.SH,3.91,3.2
20260915,600246.SH,13.42,10.98
20260915,600248.SH,3.17,2.59
20260915,600249.SH,5.97,4.89
20260915,600250.SH,10.14,8.3
20260915,600251.SH,11.46,9.38
20260915,600252.SH,2.48,2.03
20260915,600255.SH,4.22,3.46
20260915,600256.SH,7.58,6.2
20260915,600257.SH,6.17,5.05
20260915,600258.SH,12.76,10.44
20260915,600259.SH,83.33,68.18
20260915,600261.SH,3.55,2.91
20260915,600262.SH,16.76,13.72
20260915,600265.SH,24.34,19.92
20260915,600266.SH,4.53,3.71
20260915,600267.SH,12.55,10.27
20260915,600268.SH,11.46,9.38
20260915,600269.SH,4.22,3.46
20260915,600271.SH,7.46,6.1
20260915,600272.SH,17.02,13.92
20260915,600273.SH,7.3,5.98
20260915,600276.SH,47.47,38.84
20260915,600278.SH,7.17,5.87
20260915,600279.SH,4.86,3.98
20260915,600280.SH,3.58,2.93
20260915,600281.SH,5.21,4.27
20260915,600282.SH,5.27,4.31
20260915,600283.SH,9.08,7.43
20260915,600284.SH,5.62,4.6
20260915,600285.SH,21.08,17.24
20260915,600287.SH,5.48,4.48
20260915,600288.SH,11.84,9.68
20260915,600289.SH,4.43,3.63
20260915,600292.SH,13.12,10.74
20260915,600293.SH,3.5,2.86
20260915,600295.SH,14.83,12.13
20260915,600298.SH,44.77,36.63
20260915,600299.SH,9.39,7.69
20260915,600300.SH,3.55,2.91
20260915,600301.SH,49.97,40.89
20260915,600302.SH,7.5,6.14
20260915,600303.SH,3.36,2.75
20260915,600305.SH,7.39,6.05
20260915,600307.SH,1.65,1.35
20260915,600308.SH,3.59,2.93
20260915,600309.SH,80.86,66.16
20260915,600310.SH,5.34,4.37
20260915,600312.SH,21.1,17.26
20260915,600313.SH,7.61,6.23
20260915,600315.SH,19.64,16.07
20260915,600316.SH,35.95,29.41
20260915,600318.SH,7.26,5.94
20260915,600319.SH,7.08,5.8
20260915,600320.SH,4.63,3.79
20260915,600322.SH,2.95,2.41
20260915,600323.SH,31.97,26.15
20260915,600325.SH,2.66,2.18
20260915,600326.SH,7.59,6.21
20260915,600327.SH,4.43,3.63
20260915,600328.SH,6.56,5.36
20260915,600329.SH,38.09,31.17
20260915,600330.SH,33.25,27.21
20260915,600331.SH,12.86,10.52
20260915,600332.SH,21.76,17.8
20260915,600333.SH,7.5,6.14
20260915,600335.SH,5.74,4.7
20260915,600336.SH,7.18,5.88
20260915,600337.SH,3.44,2.82
20260915,600338.SH,14.11,11.55
20260915,600339.SH,3.67,3.01
20260915,600340.SH,1.18,0.96
20260915,600343.SH,21.65,17.71
20260915,600345.SH,59.06,48.32
20260915,600346.SH,18.54,15.17
20260915,600348.SH,9.88,8.08
20260915,600350.SH,11.42,9.34
20260915,600351.SH,7.44,6.08
20260915,600352.SH,12.99,10.63
20260915,600353.SH,36.52,29.88
20260915,600354.SH,10.86,8.88
20260915,600356.SH,10.67,8.73
20260915,600358.SH,5.61,4.59
20260915,600359.SH,9.63,7.88
20260915,600360.SH,11.22,9.18
20260915,600361.SH,3.93,3.21
20260915,600362.SH,48.87,39.99
20260915,600363.SH,16.71,13.67
20260915,600365.SH,3.0,2.46
20260915,600366.SH,12.19,9.97
20260915,600367.SH,38.83,31.77
20260915,600368.SH,4.76,3.9
20260915,600369.SH,4.39,3.59
20260915,600370.SH,1.64,1.34
20260915,600371.SH,15.63,12.79
20260915,600372.SH,12.85,10.51
20260915,600373.SH,8.15,6.67
20260915,600375.SH,4.27,3.49
20260915,600376.SH,3.49,2.85
20260915,600377.SH,14.06,11.5
20260915,600378.SH,50.12,41.0
20260915,600379.SH,15.42,12.62
20260915,600380.SH,10.26,8.4
20260915,600381.SH,4.31,3.53
20260915,600382.SH,6.85,5.61
20260915,600383.SH,2.42,1.98
20260915,600386.SH,3.93,3.21
20260915,600388.SH,19.69,16.11
20260915,600389.SH,20.98,17.16
20260915,600390.SH,5.37,4.39
20260915,600391.SH,45.76,37.44
20260915,600392.SH,23.17,18.95
20260915,600395.SH,5.79,4.73
20260915,600396.SH,15.84,12.96
20260915,600397.SH,18.12,14.82
20260915,600398.SH,6.58,5.38
20260915,600399.SH,5.03,4.11
20260915,600400.SH,3.41,2.79
20260915,600403.SH,7.62,6.24
20260915,600405.SH,5.57,4.55
20260915,600406.SH,24.43,19.99
20260915,600408.SH,3.42,2.8
20260915,600409.SH,7.07,5.79
20260915,600410.SH,17.19,14.07
20260915,600415.SH,13.46,11.02
20260915,600416.SH,9.49,7.77
20260915,600418.SH,21.18,17.33
20260915,600419.SH,9.65,7.89
20260915,600420.SH,9.15,7.49
20260915,600422.SH,9.11,7.45
20260915,600423.SH,3.05,2.49
20260915,600425.SH,4.05,3.31
20260915,600426.SH,21.7,17.76
20260915,600428.SH,12.47,10.21
20260915,600429.SH,5.08,4.16
20260915,600433.SH,3.64,2.98
20260915,600435.SH,12.54,10.26
20260915,600436.SH,130.57,106.83
20260915,600438.SH,12.4,10.14
20260915,600439.SH,2.08,1.7
20260915,600444.SH,15.32,12.54
20260915,600446.SH,11.55,9.45
20260915,600448.SH,3.29,2.69
20260915,600449.SH,13.98,11.44
20260915,600452.SH,10.07,8.24
20260915,600455.SH,25.99,21.27
20260915,600456.SH,28.45,23.27
20260915,600458.SH,12.72,10.4
20260915,600459.SH,21.0,17.18
20260915,600460.SH,32.84,26.87
20260915,600461.SH,10.05,8.23
20260915,600463.SH,8.89,7.27
20260915,600467.SH,2.72,2.22
20260915,600468.SH,7.27,5.95
20260915,600469.SH,5.58,4.56
20260915,600470.SH,6.57,5.37
20260915,600475.SH,16.39,13.41
20260915,600476.SH,10.91,8.93
20260915,600477.SH,2.68,2.2
20260915,600478.SH,5.2,4.26
20260915,600479.SH,13.09,10.71
20260915,600480.SH,8.92,7.3
20260915,600481.SH,4.65,3.81
20260915,600482.SH,37.39,30.59
20260915,600483.SH,12.19,9.97
20260915,600486.SH,60.42,49.44
20260915,600487.SH,69.52,56.88
20260915,600488.SH,6.48,5.3
20260915,600489.SH,27.06,22.14
20260915,600490.SH,7.9,6.46
20260915,600491.SH,2.1,1.72
20260915,600493.SH,6.78,5.54
20260915,600495.SH,4.54,3.72
20260915,600496.SH,3.54,2.9
20260915,600497.SH,10.59,8.67
20260915,600498.SH,44.69,36.57
20260915,600499.SH,15.94,13.04
20260915,600500.SH,6.22,5.09
20260915,600501.SH,16.48,13.48
20260915,600502.SH,4.86,3.98
20260915,600503.SH,2.37,1.94
20260915,600505.SH,12.03,9.85
20260915,600506.SH,17.64,14.44
20260915,600507.SH,4.6,3.76
20260915,600508.SH,11.77,9.63
20260915,600509.SH,8.01,6.55
20260915,600510.SH,7.11,5.81
20260915,600511.SH,29.05,23.77
20260915,600512.SH,2.29,1.87
20260915,600513.SH,16.37,13.39
20260915,600515.SH,3.03,2.48
20260915,600516.SH,5.7,4.66
20260915,600517.SH,5.49,4.49
20260915,600518.SH,1.51,1.23
20260915,600519.SH,1405.76,1150.16
20260915,600520.SH,25.96,21.24
20260915,600521.SH,17.18,14.06
20260915,600522.SH,37.29,30.51
20260915,600523.SH,13.15,10.76
20260915,600525.SH,5.39,4.41
20260915,600526.SH,5.1,4.18
20260915,600527.SH,2.45,2.01
20260915,600528.SH,7.61,6.23
20260915,600529.SH,20.38,16.68
20260915,600530.SH,4.18,3.42
20260915,600531.SH,13.44,11.0
20260915,600533.SH,2.44,2.0
20260915,600535.SH,15.41,12.61
20260915,600536.SH,34.89,28.55
20260915,600537.SH,2.37,1.94
20260915,600538.SH,5.46,4.46
20260915,600539.SH,14.43,11.81
20260915,600540.SH,6.19,5.07
20260915,600543.SH,4.54,3.72
20260915,600545.SH,4.9,4.01
20260915,600546.SH,14.43,11.81
20260915,600547.SH,38.01,31.1
20260915,600548.SH,9.01,7.37
20260915,600549.SH,54.32,44.44
20260915,600550.SH,11.89,9.73
20260915,600551.SH,8.31,6.8
20260915,600552.SH,18.9,15.46
20260915,600556.SH,5.2,4.26
20260915,600557.SH,13.45,11.01
20260915,600558.SH,5.26,4.3
20260915,600559.SH,12.16,9.95
20260915,600560.SH,12.24,10.02
20260915,600561.SH,6.48,5.3
20260915,600562.SH,31.52,25.79
20260915,600563.SH,137.3,112.34
20260915,600566.SH,27.95,22.87
20260915,600567.SH,1.47,1.21
20260915,600568.SH,2.6,2.12
20260915,600569.SH,2.0,1.64
20260915,600570.SH,22.42,18.34
20260915,600571.SH,11.53,9.43
20260915,600572.SH,4.75,3.89
20260915,600573.SH,10.8,8.84
20260915,600575.SH,3.61,2.95
20260915,600576.SH,6.23,5.09
20260915,600577.SH,8.81,7.21
20260915,600578.SH,6.18,5.06
20260915,600579.SH,7.81,6.39
20260915,600580.SH,29.47,24.11
20260915,600581.SH,2.61,2.13
20260915,600582.SH,5.47,4.47
20260915,600583.SH,6.62,5.42
20260915,600584.SH,72.96,59.7
20260915,600585.SH,19.15,15.67
20260915,600586.SH,4.53,3.71
20260915,600587.SH,13.6,11.12
20260915,600588.SH,10.35,8.47
20260915,600589.SH,8.67,7.09
20260915,600590.SH,9.48,7.76
20260915,600592.SH,16.12,13.19
20260915,600593.SH,43.71,35.77
20260915,600594.SH,4.03,3.29
20260915,600595.SH,6.69,5.47
20260915,600596.SH,14.21,11.63
20260915,600597.SH,7.55,6.17
20260915,600598.SH,13.95,11.41
20260915,600600.SH,55.88,45.72
20260915,600601.SH,16.3,13.34
20260915,600602.SH,18.63,15.25
20260915,600603.SH,5.5,4.5
20260915,600604.SH,4.97,4.07
20260915,600605.SH,29.39,24.05
20260915,600606.SH,1.42,1.16
20260915,600609.SH,3.87,3.17
20260915,600610.SH,8.32,6.8
20260915,600611.SH,5.02,4.1
20260915,600612.SH,35.82,29.3
20260915,600613.SH,9.38,7.68
20260915,600615.SH,10.32,8.44
20260915,600616.SH,4.95,4.05
20260915,600617.SH,3.81,3.11
20260915,600618.SH,11.11,9.09
20260915,600619.SH,14.41,11.79
20260915,600620.SH,4.86,3.98
20260915,600621.SH,14.16,11.58
20260915,600622.SH,2.62,2.14
20260915,600623.SH,9.46,7.74
20260915,600624.SH,5.05,4.13
20260915,600626.SH,4.0,3.28
20260915,600628.SH,7.11,5.81
20260915,600629.SH,17.78,14.54
20260915,600630.SH,7.71,6.31
20260915,600633.SH,11.09,9.07
20260915,600635.SH,5.08,4.16
20260915,600637.SH,9.23,7.55
20260915,600638.SH,5.28,4.32
20260915,600639.SH,10.26,8.4
20260915,600640.SH,11.9,9.74
20260915,600641.SH,35.09,28.71
20260915,600642.SH,9.58,7.84
20260915,600643.SH,4.4,3.6
20260915,600644.SH,10.92,8.94
20260915,600645.SH,19.87,16.25
20260915,600648.SH,10.19,8.33
20260915,600649.SH,4.24,3.47
20260915,600650.SH,11.52,9.42
20260915,600651.SH,5.72,4.68
20260915,600653.SH,1.93,1.58
20260915,600654.SH,3.55,2.91
20260915,600655.SH,5.05,4.13
20260915,600657.SH,3.16,2.58
20260915,600658.SH,4.47,3.65
20260915,600660.SH,59.27,48.49
20260915,600661.SH,9.2,7.52
20260915,600662.SH,4.68,3.83
20260915,600663.SH,9.86,8.06
20260915,600664.SH,8.03,6.57
20260915,600665.SH,3.83,3.13
20260915,600666.SH,3.84,3.14
20260915,600667.SH,20.6,16.86
20260915,600668.SH,8.01,6.55
20260915,600671.SH,24.77,20.27
20260915,600673.SH,34.17,27.95
20260915,600674.SH,17.66,14.45
20260915,600675.SH,2.45,2.01
20260915,600676.SH,7.55,6.17
20260915,600678.SH,6.25,5.11
20260915,600679.SH,11.1,9.08
20260915,600681.SH,3.91,3.2
20260915,600682.SH,6.35,5.19
20260915,600683.SH,10.43,8.53
20260915,600684.SH,3.78,3.1
20260915,600685.SH,31.02,25.38
20260915,600686.SH,12.27,10.04
20260915,600688.SH,3.11,2.55
20260915,600689.SH,13.31,10.89
20260915,600690.SH,23.23,19.01
20260915,600691.SH,3.33,2.73
20260915,600692.SH,7.14,5.84
20260915,600693.SH,10.56,8.64
20260915,600694.SH,15.9,13.01
20260915,600697.SH,13.38,10.94
20260915,600698.SH,8.47,6.93
20260915,600699.SH,20.42,16.7
20260915,600702.SH,36.7,30.02
20260915,600703.SH,13.85,11.33
20260915,600704.SH,5.47,4.47
20260915,600706.SH,9.32,7.62
20260915,600707.SH,9.56,7.82
20260915,600708.SH,3.28,2.68
20260915,600710.SH,12.64,10.34
20260915,600711.SH,12.13,9.93
20260915,600712.SH,6.63,5.43
20260915,600713.SH,5.76,4.72
20260915,600714.SH,19.49,15.95
20260915,600715.SH,1.85,1.51
20260915,600716.SH,4.0,3.28
20260915,600717.SH,4.79,3.92
20260915,600718.SH,8.65,7.07
20260915,600719.SH,8.66,7.08
20260915,600720.SH,5.82,4.76
20260915,600721.SH,12.38,10.13
20260915,600722.SH,18.87,15.44
20260915,600724.SH,5.43,4.45
20260915,600725.SH,3.65,2.99
20260915,600726.SH,5.91,4.83
20260915,600727.SH,8.34,6.82
20260915,600728.SH,5.01,4.1
20260915,600729.SH,20.9,17.1
20260915,600730.SH,9.22,7.54
20260915,600731.SH,6.3,5.16
20260915,600732.SH,11.21,9.17
20260915,600733.SH,5.18,4.24
20260915,600734.SH,2.29,1.87
20260915,600735.SH,7.22,5.9
20260915,600736.SH,7.16,5.86
20260915,600737.SH,16.26,13.3
20260915,600738.SH,5.02,4.1
20260915,600739.SH,11.42,9.34
20260915,600740.SH,4.2,3.44
20260915,600741.SH,17.06,13.96
20260915,600742.SH,8.73,7.15
20260915,600743.SH,2.29,1.87
20260915,600744.SH,7.68,6.28
20260915,600745.SH,18.4,15.06
20260915,600746.SH,7.77,6.35
20260915,600748.SH,4.2,3.44
20260915,600749.SH,15.46,12.65
20260915,600750.SH,24.56,20.1
20260915,600751.SH,3.41,2.79
20260915,600753.SH,13.1,10.72
20260915,600754.SH,20.99,17.17
20260915,600755.SH,6.19,5.07
20260915,600756.SH,15.26,12.48
20260915,600757.SH,8.24,6.74
20260915,600758.SH,4.18,3.42
20260915,600759.SH,2.73,2.23
20260915,600760.SH,50.05,40.95
20260915,600761.SH,17.77,14.54
20260915,600763.SH,36.01,29.47
20260915,600764.SH,20.9,17.1
20260915,600765.SH,15.17,12.41
20260915,600768.SH,16.09,13.17
20260915,600769.SH,16.52,13.52
20260915,600770.SH,6.22,5.09
20260915,600771.SH,15.06,12.32
20260915,600773.SH,11.29,9.23
20260915,600774.SH,8.47,6.93
20260915,600775.SH,10.73,8.78
20260915,600776.SH,15.4,12.6
20260915,600777.SH,4.44,3.64
20260915,600778.SH,6.56,5.36
20260915,600779.SH,28.59,23.39
20260915,600780.SH,6.93,5.67
20260915,600782.SH,3.0,2.46
20260915,600783.SH,17.22,14.09
20260915,600784.SH,7.68,6.28
20260915,600785.SH,11.39,9.32
20260915,600787.SH,5.03,4.11
20260915,600789.SH,8.34,6.82
20260915,600790.SH,3.74,3.06
20260915,600791.SH,7.79,6.37
20260915,600792.SH,5.43,4.45
20260915,600793.SH,16.72,13.68
20260915,600794.SH,3.56,2.92
20260915,600795.SH,5.84,4.78
20260915,600796.SH,5.71,4.67
20260915,600797.SH,7.37,6.03
20260915,600798.SH,3.96,3.24
20260915,600800.SH,3.73,3.05
20260915,600801.SH,27.53,22.53
20260915,600802.SH,6.45,5.27
20260915,600803.SH,20.66,16.9
20260915,600805.SH,5.03,4.11
20260915,600807.SH,2.93,2.39
20260915,600808.SH,2.84,2.32
20260915,600809.SH,123.95,101.41
20260915,600810.SH,7.01,5.73
20260915,600812.SH,5.41,4.43
20260915,600814.SH,7.91,6.47
20260915,600815.SH,3.86,3.16
20260915,600816.SH,2.67,2.19
20260915,600817.SH,10.45,8.55
20260915,600818.SH,9.3,7.61
20260915,600819.SH,6.29,5.15
20260915,600820.SH,6.05,4.95
20260915,600821.SH,6.99,5.72
20260915,600822.SH,9.77,7.99
20260915,600824.SH,4.1,3.36
20260915,600825.SH,5.84,4.78
20260915,600826.SH,8.35,6.83
20260915,600827.SH,8.64,7.07
20260915,600828.SH,4.81,3.93
20260915,600829.SH,10.55,8.63
20260915,600830.SH,9.26,7.58
20260915,600831.SH,3.71,3.03
20260915,600833.SH,11.52,9.42
20260915,600834.SH,8.51,6.97
20260915,600835.SH,19.38,15.86
20260915,600838.SH,8.93,7.31
20260915,600839.SH,7.38,6.04
20260915,600841.SH,6.31,5.17
20260915,600843.SH,7.71,6.31
20260915,600844.SH,3.86,3.16
20260915,600845.SH,18.79,15.37
20260915,600846.SH,12.22,10.0
20260915,600847.SH,13.46,11.02
20260915,600848.SH,9.41,7.7
20260915,600850.SH,15.53,12.71
20260915,600851.SH,9.22,7.54
20260915,600853.SH,3.67,3.01
20260915,600854.SH,5.15,4.21
20260915,600855.SH,14.88,12.18
20260915,600857.SH,23.99,19.63
20260915,600858.SH,5.67,4.64
20260915,600859.SH,10.93,8.95
20260915,600860.SH,8.98,7.34
20260915,600861.SH,14.0,11.46
20260915,600862.SH,20.24,16.56
20260915,600863.SH,5.37,4.39
20260915,600864.SH,6.16,5.04
20260915,600865.SH,13.73,11.23
20260915,600866.SH,4.72,3.86
20260915,600867.SH,8.59,7.03
20260915,600868.SH,3.21,2.63
20260915,600869.SH,26.8,21.92
20260915,600871.SH,2.43,1.99
20260915,600872.SH,19.7,16.12
20260915,600873.SH,8.38,6.86
20260915,600874.SH,6.19,5.07
20260915,600875.SH,26.74,21.88
20260915,600876.SH,10.53,8.61
20260915,600877.SH,13.2,10.8
20260915,600879.SH,15.76,12.9
20260915,600880.SH,5.31,4.35
20260915,600881.SH,2.07,1.69
20260915,600882.SH,21.18,17.33
20260915,600883.SH,8.93,7.31
20260915,600884.SH,12.3,10.06
20260915,600885.SH,38.12,31.19
20260915,600886.SH,15.95,13.05
20260915,600887.SH,29.54,24.17
20260915,600888.SH,10.8,8.84
20260915,600889.SH,14.85,12.15
20260915,600892.SH,4.46,3.65
20260915,600893.SH,44.2,36.16
20260915,600894.SH,7.99,6.53
20260915,600895.SH,30.79,25.19
20260915,600897.SH,16.31,13.35
20260915,600900.SH,31.49,25.77
20260915,600901.SH,7.51,6.15
20260915,600903.SH,7.62,6.24
20260915,600905.SH,4.04,3.3
20260915,600906.SH,6.97,5.71
20260915,600908.SH,6.57,5.37
20260915,600909.SH,8.45,6.91
20260915,600916.SH,8.46,6.92
20260915,600917.SH,5.56,4.55
20260915,600918.SH,6.03,4.93
20260915,600919.SH,13.81,11.3
20260915,600925.SH,4.59,3.75
20260915,600926.SH,19.46,15.92
20260915,600927.SH,13.43,10.99
20260915,600928.SH,3.97,3.25
20260915,600929.SH,6.99,5.72
20260915,600930.SH,4.33,3.55
20260915,600933.SH,14.08,11.52
20260915,600935.SH,2.56,2.1
20260915,600936.SH,5.45,4.46
20260915,600938.SH,37.3,30.52
20260915,600939.SH,2.95,2.41
20260915,600941.SH,107.98,88.34
20260915,600955.SH,13.68,11.2
20260915,600956.SH,7.95,6.51
20260915,600958.SH,9.79,8.01
20260915,600959.SH,3.44,2.82
20260915,600960.SH,4.43,3.63
20260915,600961.SH,26.55,21.73
20260915,600962.SH,28.14,23.02
20260915,600963.SH,3.78,3.1
20260915,600965.SH,3.04,2.48
20260915,600966.SH,5.32,4.36
20260915,600967.SH,15.74,12.88
20260915,600968.SH,4.41,3.61
20260915,600969.SH,11.0,9.0
20260915,600970.SH,8.51,6.97
20260915,600971.SH,9.38,7.68
20260915,600973.SH,6.78,5.54
20260915,600975.SH,5.91,4.83
20260915,600976.SH,29.76,24.35
20260915,600977.SH,14.07,11.51
20260915,600979.SH,4.49,3.67
20260915,600980.SH,20.6,16.86
20260915,600981.SH,2.68,2.2
20260915,600982.SH,5.71,4.67
20260915,600983.SH,8.1,6.62
20260915,600984.SH,3.92,3.2
20260915,600985.SH,18.33,14.99
20260915,600986.SH,7.88,6.44
20260915,600987.SH,6.94,5.68
20260915,600988.SH,48.93,40.03
20260915,600989.SH,26.37,21.57
20260915,600990.SH,20.33,16.63
20260915,600992.SH,10.81,8.85
20260915,600993.SH,24.81,20.3
20260915,600995.SH,13.64,11.16
20260915,600996.SH,7.69,6.29
20260915,600997.SH,5.7,4.66
20260915,600998.SH,5.59,4.57
20260915,600999.SH,18.92,15.48
20260915,601000.SH,5.06,4.14
20260915,601001.SH,18.26,14.94
20260915,601002.SH,5.76,4.72
20260915,601003.SH,4.04,3.3
20260915,601005.SH,1.33,1.09
20260915,601006.SH,5.29,4.33
20260915,601007.SH,7.69,6.29
20260915,601008.SH,5.02,4.1
20260915,601009.SH,13.48,11.03
20260915,601010.SH,1.6,1.31
20260915,601011.SH,3.26,2.66
20260915,601012.SH,12.46,10.2
20260915,601015.SH,4.09,3.35
20260915,601016.SH,3.73,3.05
20260915,601018.SH,3.87,3.17
20260915,601019.SH,7.7,6.3
20260915,601020.SH,23.0,18.82
20260915,601021.SH,46.81,38.3
20260915,601022.SH,9.25,7.57
20260915,601026.SH,15.63,12.79
20260915,601033.SH,16.06,13.14
20260915,601038.SH,16.24,13.28
20260915,601058.SH,14.96,12.24
20260915,601059.SH,17.12,14.0
20260915,601061.SH,12.35,10.11
20260915,601065.SH,7.44,6.08
20260915,601066.SH,25.96,21.24
20260915,601068.SH,4.97,4.07
20260915,601069.SH,31.36,25.66
20260915,601077.SH,7.44,6.08
20260915,601083.SH,13.43,10.99
20260915,601086.SH,19.79,16.19
20260915,601088.SH,51.92,42.48
20260915,601089.SH,17.33,14.18
20260915,601096.SH,4.58,3.74
20260915,601098.SH,11.14,9.12
20260915,601099.SH,3.78,3.1
20260915,601100.SH,111.29,91.05
20260915,601101.SH,14.33,11.73
20260915,601106.SH,3.34,2.74
20260915,601107.SH,6.5,5.32
20260915,601108.SH,9.08,7.43
20260915,601111.SH,6.35,5.19
20260915,601112.SH,17.56,14.36
20260915,601113.SH,3.77,3.09
20260915,601116.SH,11.56,9.46
20260915,601117.SH,8.0,6.54
20260915,601118.SH,6.81,5.57
20260915,601121.SH,7.99,6.53
20260915,601123.SH,18.47,15.11
20260915,601126.SH,43.7,35.76
20260915,601127.SH,52.69,43.11
20260915,601128.SH,7.11,5.81
20260915,601133.SH,25.15,20.57
20260915,601136.SH,15.72,12.86
20260915,601137.SH,21.45,17.55
20260915,601138.SH,67.73,55.41
20260915,601139.SH,7.15,5.85
20260915,601155.SH,12.74,10.42
20260915,601156.SH,20.15,16.49
20260915,601158.SH,4.51,3.69
20260915,601162.SH,3.94,3.22
20260915,601163.SH,13.54,11.08
20260915,601166.SH,19.97,16.34
20260915,601168.SH,40.32,32.99
20260915,601169.SH,6.25,5.11
20260915,601177.SH,14.96,12.24
20260915,601179.SH,13.45,11.01
20260915,601186.SH,6.69,5.47
20260915,601187.SH,8.09,6.62
20260915,601188.SH,3.22,2.64
20260915,601198.SH,14.37,11.75
20260915,601199.SH,7.47,6.11
20260915,601200.SH,7.67,6.27
20260915,601208.SH,53.12,43.46
20260915,601211.SH,19.11,15.63
20260915,601212.SH,6.86,5.62
20260915,601216.SH,5.18,4.24
20260915,601218.SH,5.18,4.24
20260915,601222.SH,6.53,5.35
20260915,601225.SH,28.55,23.36
20260915,601226.SH,7.21,5.9
20260915,601228.SH,3.43,2.81
20260915,601229.SH,10.75,8.79
20260915,601231.SH,28.3,23.16
20260915,601233.SH,25.43,20.81
20260915,601236.SH,7.5,6.14
20260915,601238.SH,5.6,4.58
20260915,601279.SH,3.89,3.19
20260915,601288.SH,7.7,6.3
20260915,601298.SH,10.55,8.63
20260915,601311.SH,8.22,6.72
20260915,601318.SH,60.2,49.26
20260915,601319.SH,8.6,7.04
20260915,601326.SH,3.95,3.23
20260915,601328.SH,8.38,6.86
20260915,601330.SH,9.13,7.47
20260915,601333.SH,3.45,2.83
20260915,601336.SH,64.25,52.57
20260915,601339.SH,8.0,6.54
20260915,601360.SH,9.93,8.13
20260915,601366.SH,4.17,3.41
20260915,601368.SH,5.03,4.11
20260915,601369.SH,9.17,7.51
20260915,601375.SH,4.39,3.59
20260915,601377.SH,6.4,5.24
20260915,601388.SH,3.63,2.97
20260915,601390.SH,4.8,3.92
20260915,601398.SH,9.04,7.4
20260915,601399.SH,3.54,2.9
20260915,601456.SH,9.52,7.79
20260915,601500.SH,4.33,3.55
20260915,601512.SH,9.13,7.47
20260915,601515.SH,3.63,2.97
20260915,601518.SH,3.12,2.56
20260915,601519.SH,8.79,7.19
20260915,601528.SH,5.64,4.62
20260915,601555.SH,9.32,7.62
20260915,601566.SH,10.14,8.3
20260915,601567.SH,15.59,12.75
20260915,601568.SH,4.21,3.45
20260915,601577.SH,11.04,9.04
20260915,601579.SH,25.75,21.07
20260915,601588.SH,1.88,1.54
20260915,601595.SH,25.7,21.02
20260915,601598.SH,7.17,5.87
20260915,601599.SH,3.56,2.92
20260915,601600.SH,10.22,8.36
20260915,601601.SH,36.26,29.66
20260915,601606.SH,37.69,30.83
20260915,601607.SH,17.99,14.72
20260915,601608.SH,5.27,4.31
20260915,601609.SH,14.45,11.83
20260915,601611.SH,11.97,9.79
20260915,601615.SH,10.49,8.59
20260915,601616.SH,4.19,3.43
20260915,601618.SH,2.84,2.32
20260915,601619.SH,4.46,3.65
20260915,601628.SH,42.11,34.45
20260915,601633.SH,16.18,13.24
20260915,601636.SH,6.18,5.06
20260915,601658.SH,6.0,4.91
20260915,601665.SH,7.87,6.44
20260915,601666.SH,10.04,8.22
20260915,601668.SH,4.76,3.9
20260915,601669.SH,5.04,4.12
20260915,601677.SH,18.14,14.84
20260915,601678.SH,6.47,5.29
20260915,601686.SH,5.73,4.69
20260915,601688.SH,20.68,16.92
20260915,601689.SH,47.44,38.82
20260915,601696.SH,12.36,10.12
20260915,601698.SH,26.17,21.41
20260915,601699.SH,17.11,14.0
20260915,601700.SH,6.8,5.56
20260915,601702.SH,16.75,13.71
20260915,601717.SH,15.38,12.58
20260915,601718.SH,2.19,1.79
20260915,601727.SH,7.14,5.84
20260915,601728.SH,6.89,5.63
20260915,601766.SH,6.74,5.52
20260915,601777.SH,8.72,7.14
20260915,601778.SH,3.91,3.2
20260915,601788.SH,15.33,12.55
20260915,601789.SH,4.59,3.75
20260915,601798.SH,8.36,6.84
20260915,601799.SH,80.09,65.53
20260915,601800.SH,6.51,5.33
20260915,601801.SH,5.9,4.82
20260915,601808.SH,13.61,11.13
20260915,601811.SH,13.23,10.83
20260915,601816.SH,5.32,4.36
20260915,601818.SH,3.36,2.75
20260915,601825.SH,9.76,7.98
20260915,601827.SH,8.99,7.35
20260915,601828.SH,2.43,1.99
20260915,601838.SH,22.28,18.23
20260915,601857.SH,12.14,9.94
20260915,601858.SH,21.76,17.8
20260915,601860.SH,2.89,2.37
20260915,601865.SH,10.33,8.45
20260915,601866.SH,2.74,2.24
20260915,601868.SH,2.71,2.21
20260915,601869.SH,505.63,413.69
20260915,601872.SH,22.0,18.0
20260915,601877.SH,27.35,22.37
20260915,601878.SH,9.97,8.15
20260915,601880.SH,1.62,1.32
20260915,601881.SH,13.29,10.87
20260915,601882.SH,23.87,19.53
20260915,601886.SH,14.81,12.11
20260915,601888.SH,56.88,46.54
20260915,601890.SH,10.78,8.82
20260915,601898.SH,15.86,12.98
20260915,601899.SH,35.48,29.03
20260915,601900.SH,13.4,10.96
20260915,601901.SH,7.44,6.08
20260915,601908.SH,3.28,2.68
20260915,601916.SH,3.28,2.68
20260915,601918.SH,11.35,9.29
20260915,601919.SH,17.71,14.49
20260915,601921.SH,8.23,6.73
20260915,601928.SH,9.38,7.68
20260915,601929.SH,2.72,2.22
20260915,601933.SH,3.37,2.75
20260915,601939.SH,12.22,10.0
20260915,601949.SH,6.3,5.16
20260915,601952.SH,10.04,8.22
20260915,601956.SH,5.34,4.37
20260915,601958.SH,22.18,18.14
20260915,601963.SH,12.56,10.28
20260915,601965.SH,14.94,12.22
20260915,601966.SH,11.76,9.62
20260915,601968.SH,5.06,4.14
20260915,601969.SH,10.42,8.52
20260915,601975.SH,5.04,4.12
20260915,601985.SH,9.97,8.15
20260915,601988.SH,7.3,5.98
20260915,601990.SH,7.34,6.0
20260915,601991.SH,6.25,5.11
20260915,601992.SH,1.52,1.24
20260915,601995.SH,34.98,28.62
20260915,601996.SH,3.18,2.6
20260915,601997.SH,6.26,5.12
20260915,601998.SH,9.83,8.05
20260915,601999.SH,7.45,6.09
20260915,603000.SH,18.23,14.91
20260915,603001.SH,9.57,7.83
20260915,603002.SH,20.69,16.93
20260915,603004.SH,19.76,16.16
20260915,603005.SH,31.67,25.91
20260915,603006.SH,11.65,9.53
20260915,603007.SH,5.24,4.28
20260915,603008.SH,9.81,8.03
20260915,603009.SH,49.01,40.1
20260915,603010.SH,12.74,10.42
20260915,603011.SH,28.42,23.26
20260915,603012.SH,9.88,8.08
20260915,603013.SH,15.63,12.79
20260915,603014.SH,33.91,27.75
20260915,603015.SH,11.76,9.62
20260915,603016.SH,30.42,24.89
20260915,603017.SH,10.95,8.96
20260915,603018.SH,5.83,4.77
20260915,603019.SH,90.17,73.77
20260915,603020.SH,12.29,10.05
20260915,603021.SH,6.04,4.94
20260915,603022.SH,9.74,7.97
20260915,603023.SH,4.53,3.71
20260915,603025.SH,14.7,12.02
20260915,603026.SH,67.78,55.46
20260915,603027.SH,8.12,6.64
20260915,603028.SH,7.52,6.16
20260915,603029.SH,18.0,14.72
20260915,603030.SH,2.33,1.91
20260915,603031.SH,48.13,39.38
20260915,603032.SH,20.05,16.41
20260915,603033.SH,7.81,6.39
20260915,603035.SH,11.44,9.36
20260915,603036.SH,14.45,11.83
20260915,603037.SH,10.9,8.92
20260915,603038.SH,16.97,13.89
20260915,603039.SH,39.62,32.42
20260915,603040.SH,51.34,42.0
20260915,603041.SH,12.31,10.07
20260915,603042.SH,17.79,14.55
20260915,603043.SH,14.76,12.08
20260915,603045.SH,53.77,43.99
20260915,603048.SH,25.03,20.48
20260915,603049.SH,49.41,40.43
20260915,603050.SH,19.69,16.11
20260915,603051.SH,25.62,20.96
20260915,603052.SH,59.73,48.87
20260915,603053.SH,9.83,8.05
20260915,603055.SH,10.3,8.42
20260915,603057.SH,20.85,17.06
20260915,603058.SH,9.79,8.01
20260915,603059.SH,25.67,21.01
20260915,603060.SH,6.08,4.98
20260915,603061.SH,333.21,272.63
20260915,603062.SH,40.54,33.17
20260915,603063.SH,32.38,26.5
20260915,603065.SH,14.96,12.24
20260915,603066.SH,10.12,8.28
20260915,603067.SH,39.33,32.18
20260915,603068.SH,38.74,31.7
20260915,603069.SH,14.86,12.16
20260915,603070.SH,12.58,10.3
20260915,603071.SH,13.73,11.23
20260915,603072.SH,32.84,26.87
20260915,603073.SH,17.94,14.68
20260915,603075.SH,22.33,18.27
20260915,603076.SH,21.78,17.82
20260915,603077.SH,2.55,2.09
20260915,603078.SH,34.11,27.91
20260915,603079.SH,14.12,11.56
20260915,603080.SH,21.6,17.68
20260915,603081.SH,10.55,8.63
20260915,603082.SH,48.16,39.4
20260915,603083.SH,240.77,196.99
20260915,603085.SH,10.85,8.87
20260915,603086.SH,6.58,5.38
20260915,603087.SH,76.12,62.28
20260915,603088.SH,11.25,9.21
20260915,603089.SH,10.4,8.51
20260915,603090.SH,40.21,32.9
20260915,603091.SH,53.41,43.7
20260915,603092.SH,45.1,36.9
20260915,603093.SH,13.22,10.82
20260915,603095.SH,15.64,12.8
20260915,603096.SH,16.86,13.8
20260915,603097.SH,20.31,16.61
20260915,603098.SH,11.85,9.69
20260915,603099.SH,41.31,33.8
20260915,603100.SH,20.15,16.49
20260915,603101.SH,8.38,6.86
20260915,603102.SH,39.11,32.0
20260915,603103.SH,17.85,14.61
20260915,603105.SH,9.26,7.58
20260915,603106.SH,8.26,6.76
20260915,603107.SH,13.04,10.67
20260915,603108.SH,10.37,8.49
20260915,603109.SH,18.4,15.06
20260915,603110.SH,26.35,21.56
20260915,603111.SH,6.77,5.54
20260915,603112.SH,17.44,14.27
20260915,603113.SH,5.54,4.54
20260915,603115.SH,96.57,79.01
20260915,603116.SH,6.8,5.56
20260915,603117.SH,4.47,3.65
20260915,603118.SH,17.91,14.65
20260915,603119.SH,59.04,48.3
20260915,603120.SH,55.02,45.02
20260915,603121.SH,13.53,11.07
20260915,603122.SH,13.3,10.88
20260915,603123.SH,10.75,8.79
20260915,603124.SH,144.23,118.01
20260915,603125.SH,25.11,20.55
20260915,603126.SH,6.96,5.7
20260915,603127.SH,47.08,38.52
20260915,603128.SH,6.13,5.01
20260915,603129.SH,329.87,269.89
20260915,603130.SH,40.33,32.99
20260915,603131.SH,15.16,12.4
20260915,603132.SH,20.72,16.96
20260915,603135.SH,9.38,7.68
20260915,603136.SH,11.89,9.73
20260915,603137.SH,20.89,17.09
20260915,603138.SH,15.49,12.67
20260915,603139.SH,44.74,36.6
20260915,603150.SH,74.84,61.24
20260915,603151.SH,19.0,15.54
20260915,603153.SH,14.7,12.02
20260915,603155.SH,14.74,12.06
20260915,603156.SH,45.21,36.99
20260915,603158.SH,11.59,9.49
20260915,603159.SH,26.11,21.37
20260915,603160.SH,55.44,45.36
20260915,603161.SH,17.17,14.05
20260915,603162.SH,15.29,12.51
20260915,603163.SH,87.47,71.57
20260915,603165.SH,14.94,12.22
20260915,603166.SH,11.74,9.6
20260915,603167.SH,8.99,7.35
20260915,603168.SH,6.41,5.25
20260915,603169.SH,7.1,5.81
20260915,603170.SH,13.22,10.82
20260915,603171.SH,42.54,34.8
20260915,603172.SH,20.04,16.4
20260915,603173.SH,31.45,25.73
20260915,603175.SH,107.26,87.76
20260915,603176.SH,5.85,4.79
20260915,603177.SH,11.83,9.68
20260915,603178.SH,17.37,14.21
20260915,603179.SH,42.46,34.74
20260915,603180.SH,17.05,13.95
20260915,603181.SH,13.46,11.02
20260915,603182.SH,14.84,12.14
20260915,603183.SH,5.15,4.21
20260915,603185.SH,15.37,12.57
20260915,603186.SH,251.57,205.83
20260915,603187.SH,11.77,9.63
20260915,603188.SH,5.19,4.25
20260915,603189.SH,10.92,8.94
20260915,603190.SH,17.29,14.15
20260915,603191.SH,14.5,11.86
20260915,603192.SH,22.28,18.23
20260915,603193.SH,21.56,17.64
20260915,603194.SH,36.97,30.25
20260915,603195.SH,42.7,34.94
20260915,603196.SH,20.88,17.08
20260915,603197.SH,31.68,25.92
20260915,603198.SH,41.86,34.25
20260915,603199.SH,36.03,29.48
20260915,603200.SH,39.81,32.57
20260915,603201.SH,16.5,13.5
20260915,603202.SH,56.2,45.98
20260915,603203.SH,47.71,39.03
20260915,603205.SH,25.03,20.48
20260915,603206.SH,14.76,12.08
20260915,603207.SH,26.55,21.73
20260915,603208.SH,12.01,9.83
20260915,603209.SH,16.15,13.21
20260915,603210.SH,14.15,11.57
20260915,603211.SH,22.06,18.05
20260915,603212.SH,12.61,10.31
20260915,603213.SH,14.93,12.21
20260915,603214.SH,14.7,12.02
20260915,603215.SH,15.22,12.46
20260915,603216.SH,25.36,20.75
20260915,603217.SH,30.35,24.83
20260915,603218.SH,10.16,8.32
20260915,603219.SH,14.0,11.46
20260915,603220.SH,19.8,16.2
20260915,603221.SH,30.8,25.2
20260915,603222.SH,8.56,7.0
20260915,603223.SH,10.76,8.8
20260915,603225.SH,18.37,15.03
20260915,603226.SH,39.81,32.57
20260915,603227.SH,8.28,6.78
20260915,603228.SH,119.03,97.39
20260915,603229.SH,8.39,6.87
20260915,603230.SH,11.46,9.38
20260915,603231.SH,18.33,14.99
20260915,603232.SH,16.71,13.67
20260915,603233.SH,20.08,16.43
20260915,603235.SH,27.17,22.23
20260915,603236.SH,68.96,56.42
20260915,603237.SH,16.31,13.35
20260915,603238.SH,13.1,10.72
20260915,603239.SH,14.83,12.13
20260915,603248.SH,18.46,15.1
20260915,603255.SH,32.96,26.96
20260915,603256.SH,143.74,117.6
20260915,603257.SH,83.0,67.91
20260915,603258.SH,14.65,11.99
20260915,603259.SH,174.75,142.97
20260915,603260.SH,35.22,28.82
20260915,603261.SH,68.05,55.67
20260915,603262.SH,19.07,15.61
20260915,603266.SH,16.73,13.69
20260915,603267.SH,55.42,45.34
20260915,603268.SH,215.06,175.96
20260915,603269.SH,26.75,21.89
20260915,603270.SH,36.19,29.61
20260915,603271.SH,42.12,34.46
20260915,603272.SH,17.53,14.35
20260915,603273.SH,16.02,13.1
20260915,603275.SH,38.93,31.85
20260915,603276.SH,18.12,14.82
20260915,603277.SH,12.28,10.04
20260915,603278.SH,10.02,8.2
20260915,603279.SH,12.52,10.24
20260915,603280.SH,28.36,23.2
20260915,603281.SH,19.99,16.35
20260915,603282.SH,18.21,14.9
20260915,603283.SH,48.52,39.7
20260915,603284.SH,44.28,36.23
20260915,603285.SH,42.98,35.16
20260915,603286.SH,46.52,38.06
20260915,603288.SH,37.57,30.74
20260915,603289.SH,10.53,8.61
20260915,603290.SH,90.63,74.15
20260915,603291.SH,10.87,8.89
20260915,603293.SH,39.86,32.62
20260915,603296.SH,83.58,68.38
20260915,603297.SH,116.53,95.35
20260915,603298.SH,27.01,22.1
20260915,603299.SH,9.57,7.83
20260915,603300.SH,5.17,4.23
20260915,603301.SH,89.9,73.56
20260915,603303.SH,27.31,22.35
20260915,603305.SH,11.88,9.72
20260915,603306.SH,84.55,69.17
20260915,603307.SH,26.65,21.81
20260915,603308.SH,45.74,37.42
20260915,603309.SH,11.94,9.77
20260915,603310.SH,16.18,13.24
20260915,603311.SH,27.23,22.28
20260915,603312.SH,34.21,27.99
20260915,603313.SH,7.4,6.06
20260915,603315.SH,11.74,9.6
20260915,603316.SH,16.41,13.43
20260915,603317.SH,14.03,11.48
20260915,603318.SH,11.18,9.14
20260915,603319.SH,30.46,24.92
20260915,603320.SH,19.31,15.8
20260915,603321.SH,7.28,5.96
20260915,603322.SH,35.45,29.01
20260915,603323.SH,5.06,4.14
20260915,603324.SH,27.36,22.38
20260915,603325.SH,57.67,47.19
20260915,603326.SH,8.17,6.69
20260915,603327.SH,9.2,7.52
20260915,603328.SH,14.85,12.15
20260915,603329.SH,10.99,8.99
20260915,603330.SH,10.07,8.24
20260915,603331.SH,14.36,11.75
20260915,603332.SH,12.65,10.35
20260915,603333.SH,10.21,8.35
20260915,603334.SH,33.08,27.06
20260915,603335.SH,6.74,5.52
20260915,603336.SH,11.43,9.35
20260915,603337.SH,39.63,32.43
20260915,603338.SH,63.35,51.83
20260915,603339.SH,13.52,11.06
20260915,603341.SH,38.47,31.47
20260915,603344.SH,27.85,22.79
20260915,603345.SH,81.8,66.92
20260915,603348.SH,15.51,12.69
20260915,603350.SH,30.55,24.99
20260915,603351.SH,28.01,22.91
20260915,603352.SH,27.69,22.65
20260915,603353.SH,41.44,33.9
20260915,603355.SH,32.93,26.95
20260915,603356.SH,18.52,15.16
20260915,603357.SH,6.57,5.37
20260915,603358.SH,49.72,40.68
20260915,603359.SH,2.6,2.12
20260915,603360.SH,13.31,10.89
20260915,603363.SH,3.29,2.69
20260915,603365.SH,17.79,14.55
20260915,603366.SH,7.94,6.5
20260915,603367.SH,15.58,12.74
20260915,603368.SH,16.9,13.82
20260915,603369.SH,31.89,26.09
20260915,603370.SH,30.45,24.91
20260915,603373.SH,43.56,35.64
20260915,603375.SH,47.72,39.04
20260915,603376.SH,32.1,26.26
20260915,603377.SH,3.59,2.93
20260915,603378.SH,7.48,6.12
20260915,603379.SH,58.98,48.26
20260915,603380.SH,37.31,30.53
20260915,603381.SH,15.77,12.91
20260915,603382.SH,20.43,16.71
20260915,603383.SH,29.43,24.08
20260915,603385.SH,6.18,5.06
20260915,603386.SH,18.98,15.53
20260915,603387.SH,10.14,8.3
20260915,603389.SH,51.87,42.44
20260915,603390.SH,12.54,10.26
20260915,603391.SH,71.28,58.32
20260915,603392.SH,28.78,23.54
20260915,603393.SH,28.17,23.05
20260915,603395.SH,27.75,22.71
20260915,603396.SH,29.32,23.99
20260915,603398.SH,10.44,8.54
20260915,603399.SH,14.94,12.22
20260915,603400.SH,60.14,49.2
20260915,603402.SH,66.75,54.61
20260915,603406.SH,34.42,28.16
20260915,603407.SH,57.66,47.18
20260915,603408.SH,12.45,10.19
20260915,603409.SH,19.07,15.61
20260915,603416.SH,50.6,41.4
20260915,603418.SH,50.25,41.11
20260915,603421.SH,8.25,6.75
20260915,603429.SH,10.15,8.31
20260915,603435.SH,52.16,42.68
20260915,603439.SH,15.17,12.41
20260915,603444.SH,407.0,333.0
20260915,603448.SH,67.32,55.08
20260915,603456.SH,16.52,13.52
20260915,603458.SH,11.83,9.68
20260915,603459.SH,100.27,82.04
20260915,603466.SH,14.26,11.66
20260915,603468.SH,23.97,19.61
20260915,603477.SH,16.85,13.79
20260915,603486.SH,54.95,44.96
20260915,603488.SH,8.78,7.18
20260915,603489.SH,31.64,25.88
20260915,603496.SH,24.55,20.09
20260915,603499.SH,15.24,12.47
20260915,603500.SH,10.21,8.35
20260915,603501.SH,85.7,70.12
20260915,603505.SH,16.06,13.14
20260915,603506.SH,12.17,9.95
20260915,603507.SH,24.07,19.69
20260915,603508.SH,23.24,19.02
20260915,603511.SH,13.31,10.89
20260915,603515.SH,16.4,13.42
20260915,603516.SH,94.93,77.67
20260915,603517.SH,13.16,10.76
20260915,603518.SH,8.72,7.14
20260915,603519.SH,16.17,13.23
20260915,603520.SH,9.2,7.52
20260915,603527.SH,10.98,8.98
20260915,603528.SH,7.0,5.72
20260915,603529.SH,24.08,19.7
20260915,603530.SH,47.6,38.94
20260915,603533.SH,26.63,21.79
20260915,603535.SH,6.85,5.61
20260915,603536.SH,10.59,8.67
20260915,603538.SH,28.39,23.23
20260915,603551.SH,10.25,8.39
20260915,603556.SH,25.37,20.75
20260915,603557.SH,3.48,2.84
20260915,603558.SH,13.56,11.1
20260915,603559.SH,9.98,8.16
20260915,603565.SH,13.07,10.69
20260915,603566.SH,11.4,9.32
20260915,603567.SH,5.91,4.83
20260915,603568.SH,15.38,12.58
20260915,603569.SH,6.37,5.21
20260915,603577.SH,10.43,8.53
20260915,603578.SH,15.21,12.45
20260915,603579.SH,19.47,15.93
20260915,603580.SH,68.31,55.89
20260915,603583.SH,28.71,23.49
20260915,603585.SH,11.72,9.59
20260915,603586.SH,14.92,12.2
20260915,603587.SH,13.73,11.23
20260915,603588.SH,16.37,13.39
20260915,603589.SH,19.24,15.74
20260915,603590.SH,31.61,25.87
20260915,603595.SH,34.44,28.18
20260915,603596.SH,31.39,25.69
20260915,603598.SH,19.02,15.56
20260915,603599.SH,11.64,9.52
20260915,603600.SH,11.17,9.14
20260915,603601.SH,11.61,9.5
20260915,603602.SH,12.56,10.28
20260915,603605.SH,62.56,51.18
20260915,603606.SH,39.62,32.42
20260915,603607.SH,25.19,20.61
20260915,603608.SH,22.99,18.81
20260915,603609.SH,7.33,5.99
20260915,603610.SH,14.97,12.25
20260915,603611.SH,17.38,14.22
20260915,603612.SH,18.62,15.24
20260915,603613.SH,21.75,17.79
20260915,603615.SH,20.9,17.1
20260915,603616.SH,6.25,5.11
20260915,603617.SH,7.47,6.11
20260915,603618.SH,45.62,37.32
20260915,603619.SH,24.83,20.31
20260915,603626.SH,21.95,17.96
20260915,603628.SH,11.47,9.39
20260915,603629.SH,117.44,96.08
20260915,603630.SH,14.8,12.11
20260915,603633.SH,7.16,5.86
20260915,603636.SH,7.49,6.13
20260915,603637.SH,15.25,12.47
20260915,603638.SH,20.03,16.39
20260915,603639.SH,11.62,9.5
20260915,603648.SH,10.21,8.35
20260915,603650.SH,73.48,60.12
20260915,603655.SH,32.32,26.44
20260915,603656.SH,18.66,15.26
20260915,603657.SH,34.53,28.25
20260915,603658.SH,34.9,28.56
20260915,603659.SH,24.46,20.02
20260915,603660.SH,10.1,8.26
20260915,603661.SH,36.61,29.95
20260915,603662.SH,52.42,42.89
20260915,603663.SH,47.98,39.26
20260915,603665.SH,23.52,19.24
20260915,603666.SH,28.51,23.33
20260915,603667.SH,53.81,44.03
20260915,603668.SH,13.48,11.03
20260915,603669.SH,5.78,4.73
20260915,603676.SH,9.81,8.03
20260915,603677.SH,15.19,12.43
20260915,603678.SH,54.56,44.64
20260915,603679.SH,27.47,22.47
20260915,603680.SH,10.8,8.84
20260915,603681.SH,20.32,16.62
20260915,603682.SH,10.84,8.87
20260915,603683.SH,17.34,14.18
20260915,603685.SH,31.08,25.43
20260915,603686.SH,14.6,11.94
20260915,603687.SH,17.35,14.19
20260915,603688.SH,52.47,42.93
20260915,603689.SH,8.46,6.92
20260915,603690.SH,25.6,20.94
20260915,603693.SH,13.63,11.15
20260915,603696.SH,15.37,12.57
20260915,603697.SH,10.41,8.51
20260915,603698.SH,23.53,19.25
20260915,603699.SH,47.71,39.03
20260915,603700.SH,12.75,10.43
20260915,603701.SH,21.84,17.87
20260915,603703.SH,10.98,8.98
20260915,603706.SH,19.04,15.58
20260915,603707.SH,8.23,6.73
20260915,603708.SH,10.26,8.4
20260915,603709.SH,13.52,11.06
20260915,603711.SH,12.29,10.05
20260915,603712.SH,12.88,10.54
20260915,603713.SH,71.56,58.55
20260915,603716.SH,17.9,14.64
20260915,603717.SH,6.67,5.45
20260915,603718.SH,3.41,2.79
20260915,603719.SH,10.09,8.25
20260915,603721.SH,19.94,16.32
20260915,603722.SH,31.2,25.52
20260915,603725.SH,11.39,9.32
20260915,603726.SH,25.23,20.65
20260915,603727.SH,18.81,15.39
20260915,603728.SH,51.79,42.37
20260915,603729.SH,13.96,11.42
20260915,603730.SH,10.43,8.53
20260915,603733.SH,20.54,16.8
20260915,603737.SH,22.79,18.65
20260915,603738.SH,38.75,31.71
20260915,603739.SH,13.84,11.32
20260915,603755.SH,27.73,22.69
20260915,603757.SH,70.49,57.67
20260915,603758.SH,11.48,9.4
20260915,603759.SH,8.12,6.64
20260915,603766.SH,16.29,13.33
20260915,603767.SH,14.56,11.92
20260915,603768.SH,12.61,10.31
20260915,603773.SH,97.79,80.01
20260915,603776.SH,21.48,17.58
20260915,603777.SH,14.3,11.7
20260915,603778.SH,10.7,8.76
20260915,603779.SH,8.89,7.27
20260915,603786.SH,40.82,33.4
20260915,603787.SH,11.13,9.11
20260915,603788.SH,14.97,12.25
20260915,603789.SH,6.51,5.33
20260915,603790.SH,26.16,21.4
20260915,603797.SH,5.19,4.25
20260915,603798.SH,14.16,11.58
20260915,603799.SH,39.19,32.07
20260915,603800.SH,64.36,52.66
20260915,603801.SH,6.68,5.46
20260915,603803.SH,12.56,10.28
20260915,603806.SH,15.84,12.96
20260915,603808.SH,9.37,7.67
20260915,603809.SH,9.34,7.64
20260915,603810.SH,13.11,10.73
20260915,603811.SH,7.62,6.24
20260915,603813.SH,29.32,23.99
20260915,603815.SH,5.84,4.78
20260915,603816.SH,25.82,21.12
20260915,603817.SH,6.38,5.22
20260915,603818.SH,3.99,3.27
20260915,603819.SH,17.09,13.99
20260915,603822.SH,68.84,56.32
20260915,603823.SH,60.36,49.38
20260915,603825.SH,8.87,7.25
20260915,603826.SH,17.99,14.72
20260915,603828.SH,6.2,5.08
20260915,603829.SH,17.06,13.96
20260915,603833.SH,32.49,26.59
20260915,603836.SH,10.29,8.42
20260915,603838.SH,14.3,11.7
20260915,603839.SH,7.35,6.01
20260915,603843.SH,7.46,6.1
20260915,603848.SH,15.06,12.32
20260915,603855.SH,18.54,15.17
20260915,603856.SH,12.53,10.25
20260915,603858.SH,16.08,13.16
20260915,603859.SH,41.91,34.29
20260915,603860.SH,28.19,23.07
20260915,603861.SH,12.35,10.11
20260915,603863.SH,13.24,10.84
20260915,603866.SH,4.73,3.87
20260915,603867.SH,31.79,26.01
20260915,603868.SH,34.6,28.31
20260915,603869.SH,9.45,7.73
20260915,603871.SH,14.81,12.11
20260915,603876.SH,21.46,17.56
20260915,603877.SH,13.35,10.93
20260915,603878.SH,5.49,4.49
20260915,603879.SH,5.64,4.62
20260915,603880.SH,10.86,8.88
20260915,603881.SH,26.07,21.33
20260915,603882.SH,30.23,24.73
20260915,603883.SH,14.25,11.66
20260915,603885.SH,10.91,8.93
20260915,603886.SH,13.13,10.75
20260915,603887.SH,9.89,8.09
20260915,603888.SH,18.9,15.46
20260915,603889.SH,6.6,5.4
20260915,603890.SH,18.99,15.53
20260915,603893.SH,196.63,160.88
20260915,603895.SH,28.4,23.24
20260915,603896.SH,15.8,12.92
20260915,603897.SH,33.03,27.03
20260915,603898.SH,12.1,9.9
20260915,603899.SH,24.41,19.97
20260915,603900.SH,7.39,6.05
20260915,603901.SH,10.07,8.24
20260915,603903.SH,15.58,12.74
20260915,603906.SH,19.62,16.06
20260915,603908.SH,20.5,16.78
20260915,603909.SH,10.49,8.59
20260915,603912.SH,9.32,7.62
20260915,603915.SH,14.14,11.57
20260915,603916.SH,11.59,9.49
20260915,603917.SH,14.4,11.78
20260915,603918.SH,11.75,9.61
20260915,603919.SH,18.34,15.0
20260915,603920.SH,47.76,39.08
20260915,603922.SH,14.41,11.79
20260915,603926.SH,18.59,15.21
20260915,603927.SH,15.05,12.31
20260915,603928.SH,12.49,10.22
20260915,603929.SH,165.62,135.5
20260915,603931.SH,36.26,29.66
20260915,603933.SH,20.59,16.85
20260915,603936.SH,24.52,20.06
20260915,603937.SH,12.66,10.36
20260915,603938.SH,54.96,44.96
20260915,603939.SH,24.93,20.39
20260915,603948.SH,20.79,17.01
20260915,603949.SH,15.09,12.35
20260915,603950.SH,60.61,49.59
20260915,603955.SH,23.68,19.38
20260915,603956.SH,7.18,5.88
20260915,603958.SH,17.73,14.51
20260915,603959.SH,5.08,4.16
20260915,603960.SH,17.22,14.09
20260915,603966.SH,8.18,6.7
20260915,603967.SH,12.65,10.35
20260915,603968.SH,11.56,9.46
20260915,603969.SH,8.38,6.86
20260915,603970.SH,11.91,9.75
20260915,603976.SH,32.41,26.51
20260915,603977.SH,12.57,10.29
20260915,603978.SH,22.11,18.09
20260915,603979.SH,81.25,66.47
20260915,603980.SH,8.98,7.34
20260915,603982.SH,6.88,5.63
20260915,603983.SH,34.6,28.31
20260915,603985.SH,18.35,15.01
20260915,603986.SH,392.57,321.19
20260915,603987.SH,8.22,6.72
20260915,603988.SH,20.21,16.53
20260915,603989.SH,38.08,31.16
20260915,603990.SH,21.51,17.6
20260915,603991.SH,195.49,159.95
20260915,603992.SH,21.18,17.33
20260915,603993.SH,19.68,16.1
20260915,603995.SH,27.14,22.2
20260915,603997.SH,13.08,10.7
20260915,603998.SH,11.45,9.37
20260915,603999.SH,7.05,5.77
20260915,605001.SH,6.55,5.36
20260915,605003.SH,25.59,20.93
20260915,605005.SH,17.59,14.39
20260915,605006.SH,19.98,16.34
20260915,605007.SH,15.87,12.99
20260915,605008.SH,15.33,12.55
20260915,605009.SH,26.64,21.8
20260915,605011.SH,22.33,18.27
20260915,605016.SH,23.52,19.24
20260915,605018.SH,12.43,10.17
20260915,605020.SH,34.3,28.06
20260915,605028.SH,26.9,22.01
20260915,605033.SH,20.74,16.97
20260915,605050.SH,10.86,8.88
20260915,605055.SH,9.67,7.91
20260915,605056.SH,14.26,11.66
20260915,605058.SH,40.3,32.98
20260915,605060.SH,41.82,34.22
20260915,605066.SH,7.43,6.08
20260915,605068.SH,21.54,17.62
20260915,605069.SH,13.92,11.39
20260915,605077.SH,13.73,11.23
20260915,605080.SH,24.82,20.3
20260915,605086.SH,25.36,20.75
20260915,605088.SH,25.01,20.47
20260915,605089.SH,22.53,18.43
20260915,605090.SH,35.95,29.41
20260915,605098.SH,61.05,49.95
20260915,605099.SH,31.41,25.7
20260915,605100.SH,34.32,28.08
20260915,605108.SH,13.59,11.12
20260915,605111.SH,58.48,47.84
20260915,605116.SH,21.03,17.21
20260915,605117.SH,94.38,77.22
20260915,605118.SH,37.74,30.88
20260915,605122.SH,12.63,10.33
20260915,605123.SH,87.42,71.52
20260915,605128.SH,25.41,20.79
20260915,605133.SH,25.72,21.04
20260915,605136.SH,9.24,7.56
20260915,605138.SH,6.61,5.41
20260915,605151.SH,20.34,16.64
20260915,605155.SH,15.42,12.62
20260915,605158.SH,8.61,7.05
20260915,605162.SH,11.55,9.45
20260915,605166.SH,9.16,7.5
20260915,605167.SH,18.98,15.53
20260915,605168.SH,55.12,45.1
20260915,605169.SH,13.86,11.34
20260915,605177.SH,27.5,22.5
20260915,605178.SH,69.99,57.27
20260915,605179.SH,28.25,23.11
20260915,605180.SH,14.38,11.76
20260915,605183.SH,17.71,14.49
20260915,605186.SH,27.45,22.46
20260915,605188.SH,14.71,12.03
20260915,605189.SH,15.35,12.56
20260915,605196.SH,35.35,28.93
20260915,605198.SH,91.14,74.57
20260915,605199.SH,6.35,5.19
20260915,605208.SH,16.19,13.25
20260915,605218.SH,15.08,12.34
20260915,605222.SH,24.73,20.23
20260915,605228.SH,11.29,9.23
20260915,605255.SH,66.22,54.18
20260915,605258.SH,38.57,31.55
20260915,605259.SH,19.42,15.89
20260915,605266.SH,17.27,14.13
20260915,605268.SH,10.6,8.68
20260915,605277.SH,19.76,16.16
20260915,605286.SH,26.9,22.01
20260915,605287.SH,39.12,32.0
20260915,605288.SH,69.83,57.13
20260915,605289.SH,107.13,87.65
20260915,605296.SH,36.87,30.17
20260915,605298.SH,47.78,39.1
20260915,605299.SH,13.26,10.85
20260915,605300.SH,10.85,8.87
20260915,605303.SH,26.05,21.31
20260915,605305.SH,34.87,28.53
20260915,605318.SH,81.51,66.69
20260915,605319.SH,26.29,21.51
20260915,605333.SH,17.86,14.62
20260915,605336.SH,12.6,10.31
20260915,605337.SH,9.97,8.15
20260915,605338.SH,19.64,16.07
20260915,605339.SH,14.18,11.6
20260915,605358.SH,44.55,36.45
20260915,605365.SH,15.1,12.36
20260915,605366.SH,9.03,7.39
20260915,605368.SH,7.51,6.15
20260915,605369.SH,18.7,15.3
20260915,605376.SH,151.36,123.84
20260915,605377.SH,8.87,7.25
20260915,605378.SH,14.96,12.24
20260915,605388.SH,6.6,5.4
20260915,605389.SH,72.5,59.32
20260915,605398.SH,22.76,18.62
20260915,605399.SH,12.36,10.12
20260915,605488.SH,31.34,25.64
20260915,605499.SH,123.89,101.37
20260915,605500.SH,7.99,6.53
20260915,605507.SH,17.73,14.51
20260915,605555.SH,13.19,10.79
20260915,605566.SH,28.09,22.99
20260915,605567.SH,10.13,8.29
20260915,605577.SH,18.48,15.12
20260915,605580.SH,25.96,21.24
20260915,605588.SH,48.53,39.71
20260915,605589.SH,42.94,35.14
20260915,605598.SH,26.71,21.85
20260915,605599.SH,15.86,12.98
20260915,688001.SH,77.04,51.36
20260915,688002.SH,213.47,142.31
20260915,688003.SH,94.93,63.29
20260915,688004.SH,27.38,18.26
20260915,688005.SH,28.32,18.88
20260915,688006.SH,24.13,16.09
20260915,688007.SH,12.1,8.06
20260915,688008.SH,221.58,147.72
20260915,688009.SH,5.6,3.74
20260915,688010.SH,30.48,20.32
20260915,688011.SH,100.81,67.21
20260915,688012.SH,389.57,259.71
20260915,688013.SH,27.3,18.2
20260915,688015.SH,19.46,12.98
20260915,688016.SH,99.95,66.63
20260915,688017.SH,335.26,223.5
20260915,688018.SH,123.36,82.24
20260915,688019.SH,258.96,172.64
20260915,688020.SH,175.92,117.28
20260915,688021.SH,22.96,15.3
20260915,688022.SH,10.67,7.11
20260915,688023.SH,54.24,36.16
20260915,688025.SH,471.6,314.4
20260915,688026.SH,25.43,16.95
20260915,688027.SH,412.9,275.26
20260915,688028.SH,144.24,96.16
20260915,688029.SH,87.18,58.12
20260915,688030.SH,20.46,13.64
20260915,688031.SH,117.91,78.61
20260915,688032.SH,82.28,54.86
20260915,688033.SH,8.42,5.62
20260915,688035.SH,85.2,56.8
20260915,688036.SH,62.23,41.49
20260915,688037.SH,371.26,247.5
20260915,688038.SH,22.09,14.73
20260915,688039.SH,38.84,25.9
20260915,688041.SH,268.43,178.95
20260915,688045.SH,65.3,43.54
20260915,688046.SH,39.38,26.26
20260915,688047.SH,116.21,77.47
20260915,688048.SH,348.71,232.47
20260915,688049.SH,46.86,31.24
20260915,688050.SH,45.16,30.1
20260915,688051.SH,30.17,20.11
20260915,688052.SH,274.46,182.98
20260915,688053.SH,46.33,30.89
20260915,688055.SH,4.38,2.92
20260915,688056.SH,48.65,32.43
20260915,688057.SH,20.29,13.53
20260915,688058.SH,28.61,19.07
20260915,688059.SH,98.72,65.82
20260915,688060.SH,43.76,29.18
20260915,688061.SH,50.36,33.58
20260915,688062.SH,30.95,20.63
20260915,688063.SH,48.19,32.13
20260915,688065.SH,45.46,30.3
20260915,688066.SH,11.0,7.34
20260915,688067.SH,27.02,18.02
20260915,688068.SH,108.72,72.48
20260915,688069.SH,43.93,29.29
20260915,688070.SH,38.53,25.69
20260915,688071.SH,38.23,25.49
20260915,688072.SH,721.2,480.8
20260915,688073.SH,72.18,48.12
20260915,688075.SH,33.9,22.6
20260915,688076.SH,33.9,22.6
20260915,688077.SH,31.33,20.89
20260915,688078.SH,31.79,21.19
20260915,688079.SH,17.76,11.84
20260915,688080.SH,44.63,29.75
20260915,688081.SH,31.03,20.69
20260915,688082.SH,324.54,216.36
20260915,688083.SH,59.71,39.81
20260915,688084.SH,52.68,35.12
20260915,688085.SH,15.38,10.26
20260915,688087.SH,40.82,27.22
20260915,688088.SH,34.8,23.2
20260915,688089.SH,10.52,7.02
20260915,688090.SH,87.94,58.62
20260915,688091.SH,46.93,31.29
20260915,688092.SH,26.09,17.39
20260915,688093.SH,26.94,17.96
20260915,688095.SH,68.04,45.36
20260915,688096.SH,9.23,6.15
20260915,688097.SH,53.46,35.64
20260915,688098.SH,9.66,6.44
20260915,688099.SH,100.78,67.18
20260915,688100.SH,29.22,19.48
20260915,688101.SH,17.04,11.36
20260915,688102.SH,36.77,24.51
20260915,688103.SH,84.4,56.26
20260915,688105.SH,24.76,16.5
20260915,688106.SH,30.7,20.46
20260915,688107.SH,33.85,22.57
20260915,688108.SH,18.48,12.32
20260915,688109.SH,87.54,58.36
20260915,688110.SH,130.26,86.84
20260915,688111.SH,274.31,182.87
20260915,688112.SH,81.4,54.26
20260915,688113.SH,40.57,27.05
20260915,688114.SH,70.2,46.8
20260915,688115.SH,69.85,46.57
20260915,688116.SH,38.99,25.99
20260915,688117.SH,27.54,18.36
20260915,688118.SH,23.1,15.4
20260915,688119.SH,4.6,3.06
20260915,688120.SH,282.2,188.14
20260915,688121.SH,1.45,0.97
20260915,688122.SH,61.44,40.96
20260915,688123.SH,154.7,103.14
20260915,688125.SH,138.28,92.18
20260915,688126.SH,26.33,17.55
20260915,688127.SH,78.11,52.07
20260915,688128.SH,25.68,17.12
20260915,688129.SH,25.32,16.88
20260915,688130.SH,26.57,17.71
20260915,688131.SH,108.35,72.23
20260915,688132.SH,18.44,12.3
20260915,688133.SH,23.78,15.86
20260915,688135.SH,47.4,31.6
20260915,688136.SH,23.54,15.7
20260915,688137.SH,92.16,61.44
20260915,688138.SH,43.02,28.68
20260915,688139.SH,37.42,24.94
20260915,688141.SH,126.35,84.23
20260915,688143.SH,236.4,157.6
20260915,688146.SH,261.77,174.51
20260915,688147.SH,118.86,79.24
20260915,688148.SH,7.02,4.68
20260915,688150.SH,49.61,33.07
20260915,688151.SH,20.57,13.71
20260915,688152.SH,44.93,29.95
20260915,688153.SH,28.92,19.28
20260915,688155.SH,61.32,40.88
20260915,688156.SH,27.24,18.16
20260915,688157.SH,22.13,14.75
20260915,688158.SH,34.42,22.94
20260915,688159.SH,38.74,25.82
20260915,688160.SH,118.33,78.89
20260915,688161.SH,25.81,17.21
20260915,688162.SH,27.85,18.57
20260915,688163.SH,41.44,27.62
20260915,688165.SH,17.42,11.62
20260915,688166.SH,42.55,28.37
20260915,688167.SH,344.14,229.42
20260915,688168.SH,44.82,29.88
20260915,688169.SH,144.47,96.31
20260915,688170.SH,83.99,55.99
20260915,688171.SH,27.98,18.66
20260915,688172.SH,50.56,33.7
20260915,688173.SH,14.22,9.48
20260915,688175.SH,20.59,13.73
20260915,688176.SH,15.37,10.25
20260915,688177.SH,20.18,13.46
20260915,688178.SH,32.46,21.64
20260915,688179.SH,22.76,15.18
20260915,688180.SH,39.0,26.0
20260915,688181.SH,46.56,31.04
20260915,688182.SH,32.77,21.85
20260915,688183.SH,149.04,99.36
20260915,688184.SH,12.56,8.38
20260915,688185.SH,78.11,52.07
20260915,688186.SH,16.61,11.07
20260915,688187.SH,54.17,36.11
20260915,688188.SH,115.06,76.7
20260915,688189.SH,7.8,5.2
20260915,688190.SH,82.66,55.1
20260915,688191.SH,23.45,15.63
20260915,688192.SH,65.75,43.83
20260915,688193.SH,54.12,36.08
20260915,688195.SH,217.61,145.07
20260915,688196.SH,41.46,27.64
20260915,688197.SH,39.41,26.27
20260915,688198.SH,80.94,53.96
20260915,688199.SH,27.96,18.64
20260915,688200.SH,415.82,277.22
20260915,688201.SH,9.19,6.13
20260915,688202.SH,116.39,77.59
20260915,688203.SH,17.62,11.74
20260915,688205.SH,259.32,172.88
20260915,688206.SH,44.17,29.45
20260915,688207.SH,23.16,15.44
20260915,688208.SH,30.65,20.43
20260915,688209.SH,41.16,27.44
20260915,688210.SH,31.81,21.21
20260915,688211.SH,36.19,24.13
20260915,688212.SH,34.07,22.71
20260915,688213.SH,111.24,74.16
20260915,688215.SH,56.05,37.37
20260915,688216.SH,38.41,25.61
20260915,688217.SH,28.33,18.89
20260915,688218.SH,51.14,34.1
20260915,688219.SH,12.14,8.1
20260915,688220.SH,105.0,70.0
20260915,688221.SH,19.15,12.77
20260915,688222.SH,38.99,25.99
20260915,688223.SH,4.63,3.09
20260915,688225.SH,16.43,10.95
20260915,688226.SH,34.5,23.0
20260915,688227.SH,80.24,53.5
20260915,688228.SH,90.71,60.47
20260915,688229.SH,73.75,49.17
20260915,688230.SH,67.93,45.29
20260915,688231.SH,37.57,25.05
20260915,688232.SH,20.84,13.9
20260915,688233.SH,108.98,72.66
20260915,688234.SH,114.0,76.0
20260915,688235.SH,307.92,205.28
20260915,688236.SH,16.31,10.87
20260915,688237.SH,68.09,45.39
20260915,688238.SH,7.8,5.2
20260915,688239.SH,63.24,42.16
20260915,688244.SH,19.73,13.15
20260915,688246.SH,19.63,13.09
20260915,688247.SH,10.61,7.07
20260915,688248.SH,60.36,40.24
20260915,688249.SH,41.05,27.37
20260915,688251.SH,22.48,14.98
20260915,688252.SH,24.95,16.63
20260915,688253.SH,65.32,43.54
20260915,688255.SH,29.71,19.81
20260915,688256.SH,1248.0,832.0
20260915,688257.SH,61.66,41.1
20260915,688258.SH,105.38,70.26
20260915,688259.SH,36.74,24.5
20260915,688260.SH,143.36,95.58
20260915,688261.SH,77.95,51.97
20260915,688262.SH,31.9,21.26
20260915,688265.SH,47.6,31.74
20260915,688266.SH,133.06,88.7
20260915,688267.SH,24.18,16.12
20260915,688268.SH,153.6,102.4
20260915,688269.SH,31.44,20.96
20260915,688270.SH,65.36,43.58
20260915,688271.SH,122.82,81.88
20260915,688272.SH,32.64,21.76
20260915,688273.SH,32.36,21.58
20260915,688275.SH,82.82,55.22
20260915,688276.SH,18.42,12.28
20260915,688277.SH,18.02,12.02
20260915,688278.SH,61.56,41.04
20260915,688279.SH,219.0,146.0
20260915,688280.SH,6.04,4.02
20260915,688281.SH,60.16,40.1
20260915,688282.SH,61.15,40.77
20260915,688283.SH,31.27,20.85
20260915,688285.SH,9.11,6.07
20260915,688286.SH,52.2,34.8
20260915,688288.SH,21.54,14.36
20260915,688289.SH,19.3,12.86
20260915,688290.SH,74.92,49.94
20260915,688291.SH,53.28,35.52
20260915,688292.SH,21.46,14.3
20260915,688293.SH,80.5,53.66
20260915,688295.SH,44.76,29.84
20260915,688296.SH,29.82,19.88
20260915,688297.SH,52.09,34.73
20260915,688298.SH,21.95,14.63
20260915,688299.SH,15.1,10.06
20260915,688300.SH,211.19,140.79
20260915,688301.SH,105.83,70.55
20260915,688302.SH,35.66,23.78
20260915,688303.SH,19.78,13.18
20260915,688305.SH,65.46,43.64
20260915,688306.SH,10.43,6.95
20260915,688307.SH,52.62,35.08
20260915,688308.SH,100.91,67.27
20260915,688309.SH,93.47,62.31
20260915,688310.SH,17.04,11.36
20260915,688311.SH,27.4,18.26
20260915,688312.SH,56.42,37.62
20260915,688313.SH,174.04,116.02
20260915,688314.SH,36.67,24.45
20260915,688315.SH,16.28,10.86
20260915,688316.SH,52.98,35.32
20260915,688317.SH,19.51,13.01
20260915,688318.SH,88.08,58.72
20260915,688319.SH,33.0,22.0
20260915,688320.SH,37.67,25.11
20260915,688321.SH,29.12,19.42
20260915,688322.SH,107.17,71.45
20260915,688323.SH,30.64,20.42
20260915,688325.SH,126.98,84.66
20260915,688326.SH,69.17,46.11
20260915,688327.SH,11.59,7.73
20260915,688328.SH,91.46,60.98
20260915,688329.SH,25.63,17.09
20260915,688330.SH,42.36,28.24
20260915,688331.SH,141.53,94.35
20260915,688332.SH,102.29,68.19
20260915,688333.SH,141.24,94.16
20260915,688334.SH,21.34,14.22
20260915,688335.SH,21.9,14.6
20260915,688336.SH,47.99,31.99
20260915,688337.SH,49.8,33.2
20260915,688338.SH,34.9,23.26
20260915,688339.SH,20.9,13.94
20260915,688343.SH,62.66,41.78
20260915,688345.SH,57.6,38.4
20260915,688347.SH,252.86,168.58
20260915,688348.SH,35.18,23.46
20260915,688349.SH,15.6,10.4
20260915,688350.SH,33.6,22.4
20260915,688351.SH,20.14,13.42
20260915,688352.SH,20.95,13.97
20260915,688353.SH,98.7,65.8
20260915,688355.SH,19.84,13.22
20260915,688356.SH,92.69,61.79
20260915,688357.SH,30.44,20.3
20260915,688358.SH,32.46,21.64
20260915,688359.SH,119.2,79.46
20260915,688360.SH,16.78,11.18
20260915,688361.SH,364.8,243.2
20260915,688362.SH,69.16,46.1
20260915,688363.SH,40.98,27.32
20260915,688365.SH,16.54,11.02
20260915,688366.SH,34.93,23.29
20260915,688367.SH,37.06,24.7
20260915,688368.SH,152.7,101.8
20260915,688369.SH,22.61,15.07
20260915,688370.SH,29.94,19.96
20260915,688371.SH,28.92,19.28
20260915,688372.SH,129.6,86.4
20260915,688373.SH,6.29,4.19
20260915,688375.SH,84.19,56.13
20260915,688376.SH,73.04,48.7
20260915,688377.SH,20.08,13.38
20260915,688378.SH,54.79,36.53
20260915,688379.SH,64.8,43.2
20260915,688380.SH,44.75,29.83
20260915,688381.SH,48.06,32.04
20260915,688382.SH,21.95,14.63
20260915,688383.SH,171.32,114.22
20260915,688385.SH,62.58,41.72
20260915,688386.SH,54.82,36.54
20260915,688387.SH,14.52,9.68
20260915,688388.SH,32.81,21.87
20260915,688389.SH,13.02,8.68
20260915,688390.SH,70.18,46.78
20260915,688391.SH,30.5,20.34
20260915,688392.SH,194.94,129.96
20260915,688393.SH,23.24,15.5
20260915,688395.SH,27.58,18.38
20260915,688396.SH,66.24,44.16
20260915,688398.SH,24.55,16.37
20260915,688399.SH,29.58,19.72
20260915,688400.SH,54.22,36.14
20260915,688401.SH,79.36,52.9
20260915,688403.SH,28.79,19.19
20260915,688408.SH,26.71,17.81
20260915,688409.SH,209.84,139.9
20260915,688410.SH,11.24,7.5
20260915,688411.SH,197.32,131.54
20260915,688416.SH,84.92,56.62
20260915,688418.SH,37.46,24.98
20260915,688419.SH,56.28,37.52
20260915,688420.SH,25.44,16.96
20260915,688425.SH,4.79,3.19
20260915,688426.SH,25.02,16.68
20260915,688428.SH,35.36,23.58
20260915,688429.SH,11.59,7.73
20260915,688432.SH,55.38,36.92
20260915,688433.SH,109.2,72.8
20260915,688435.SH,35.65,23.77
20260915,688439.SH,43.61,29.07
20260915,688443.SH,26.94,17.96
20260915,688448.SH,79.3,52.86
20260915,688449.SH,70.79,47.19
20260915,688450.SH,38.33,25.55
20260915,688455.SH,19.76,13.18
20260915,688456.SH,87.38,58.26
20260915,688458.SH,44.81,29.87
20260915,688459.SH,9.88,6.58
20260915,688466.SH,16.6,11.06
20260915,688468.SH,7.43,4.95
20260915,688469.SH,9.95,6.63
20260915,688472.SH,9.85,6.57
20260915,688475.SH,33.38,22.26
20260915,688478.SH,47.83,31.89
20260915,688479.SH,41.2,27.46
20260915,688480.SH,81.0,54.0
20260915,688484.SH,38.28,25.52
20260915,688485.SH,118.07,78.71
20260915,688486.SH,50.84,33.9
20260915,688488.SH,17.41,11.61
20260915,688489.SH,28.24,18.82
20260915,688496.SH,0.7,0.46
20260915,688498.SH,2031.19,1354.13
20260915,688499.SH,37.75,25.17
20260915,688500.SH,37.33,24.89
20260915,688501.SH,15.77,10.51
20260915,688502.SH,474.94,316.62
20260915,688503.SH,88.49,58.99
20260915,688505.SH,9.13,6.09
20260915,688506.SH,302.4,201.6
20260915,688507.SH,165.59,110.39
20260915,688508.SH,98.41,65.61
20260915,688509.SH,4.96,3.3
20260915,688510.SH,29.88,19.92
20260915,688511.SH,27.55,18.37
20260915,688512.SH,16.08,10.72
20260915,688513.SH,57.06,38.04
20260915,688515.SH,167.47,111.65
20260915,688516.SH,48.7,32.46
20260915,688517.SH,18.83,12.55
20260915,688518.SH,24.74,16.5
20260915,688519.SH,395.2,263.46
20260915,688520.SH,39.02,26.02
20260915,688521.SH,215.09,143.39
20260915,688522.SH,20.87,13.91
20260915,688523.SH,48.59,32.39
20260915,688525.SH,248.53,165.69
20260915,688526.SH,14.93,9.95
20260915,688528.SH,11.87,7.91
20260915,688529.SH,17.74,11.82
20260915,688530.SH,74.77,49.85
20260915,688531.SH,164.74,109.82
20260915,688533.SH,23.02,15.34
20260915,688535.SH,120.12,80.08
20260915,688536.SH,379.01,252.67
20260915,688538.SH,2.54,1.7
20260915,688539.SH,27.28,18.18
20260915,688543.SH,52.45,34.97
20260915,688545.SH,85.7,57.14
20260915,688548.SH,33.55,22.37
20260915,688549.SH,27.58,18.38
20260915,688550.SH,43.55,29.03
20260915,688551.SH,46.8,31.2
20260915,688552.SH,37.63,25.09
20260915,688553.SH,13.15,8.77
20260915,688556.SH,9.01,6.01
20260915,688557.SH,23.17,15.45
20260915,688558.SH,36.85,24.57
20260915,688559.SH,68.64,45.76
20260915,688560.SH,14.32,9.54
20260915,688561.SH,35.41,23.61
20260915,688562.SH,17.08,11.38
20260915,688563.SH,68.93,45.95
20260915,688565.SH,13.08,8.72
20260915,688566.SH,30.76,20.5
20260915,688567.SH,10.44,6.96
20260915,688568.SH,36.13,24.09
20260915,688569.SH,22.18,14.78
20260915,688570.SH,17.5,11.66
20260915,688571.SH,9.44,6.3
20260915,688573.SH,18.65,12.43
20260915,688575.SH,11.5,7.66
20260915,688576.SH,46.68,31.12
20260915,688577.SH,45.6,30.4
20260915,688578.SH,121.37,80.91
20260915,688579.SH,9.29,6.19
20260915,688580.SH,49.27,32.85
20260915,688581.SH,66.66,44.44
20260915,688582.SH,45.83,30.55
20260915,688583.SH,94.0,62.66
20260915,688584.SH,29.58,19.72
20260915,688585.SH,174.6,116.4
20260915,688586.SH,13.51,9.01
20260915,688588.SH,10.54,7.02
20260915,688589.SH,23.24,15.5
20260915,688590.SH,13.72,9.14
20260915,688591.SH,33.1,22.06
20260915,688592.SH,27.16,18.1
20260915,688593.SH,37.14,24.76
20260915,688595.SH,33.32,22.22
20260915,688596.SH,71.38,47.58
20260915,688597.SH,7.42,4.94
20260915,688598.SH,39.01,26.01
20260915,688599.SH,13.04,8.7
20260915,688600.SH,38.69,25.79
20260915,688601.SH,69.72,46.48
20260915,688602.SH,8.04,5.36
20260915,688603.SH,137.34,91.56
20260915,688605.SH,96.2,64.14
20260915,688606.SH,53.29,35.53
20260915,688607.SH,46.39,30.93
20260915,688608.SH,107.18,71.46
20260915,688609.SH,10.69,7.13
20260915,688610.SH,182.33,121.55
20260915,688611.SH,79.76,53.18
20260915,688612.SH,45.3,30.2
20260915,688613.SH,18.74,12.5
20260915,688615.SH,105.83,70.55
20260915,688616.SH,12.76,8.5
20260915,688617.SH,297.95,198.63
20260915,688618.SH,34.18,22.78
20260915,688619.SH,16.63,11.09
20260915,688620.SH,17.78,11.86
20260915,688621.SH,84.74,56.5
20260915,688622.SH,140.22,93.48
20260915,688623.SH,67.6,45.06
20260915,688625.SH,74.4,49.6
20260915,688626.SH,44.64,29.76
20260915,688627.SH,532.87,355.25
20260915,688628.SH,92.03,61.35
20260915,688629.SH,150.8,100.54
20260915,688630.SH,482.04,321.36
20260915,688631.SH,44.23,29.49
20260915,688633.SH,26.34,17.56
20260915,688635.SH,321.49,214.33
20260915,688636.SH,23.96,15.98
20260915,688638.SH,38.28,25.52
20260915,688639.SH,19.92,13.28
20260915,688646.SH,91.63,61.09
20260915,688648.SH,35.76,23.84
20260915,688651.SH,29.35,19.57
20260915,688652.SH,153.0,102.0
20260915,688653.SH,16.09,10.73
20260915,688655.SH,74.29,49.53
20260915,688656.SH,134.82,89.88
20260915,688657.SH,37.84,25.22
20260915,688658.SH,15.31,10.21
20260915,688659.SH,11.12,7.42
20260915,688660.SH,10.67,7.11
20260915,688661.SH,118.81,79.21
20260915,688662.SH,104.64,69.76
20260915,688663.SH,66.42,44.28
20260915,688665.SH,51.98,34.66
20260915,688667.SH,112.48,74.98
20260915,688668.SH,296.16,197.44
20260915,688669.SH,81.06,54.04
20260915,688670.SH,21.36,14.24
20260915,688671.SH,28.68,19.12
20260915,688676.SH,75.04,50.02
20260915,688677.SH,93.06,62.04
20260915,688678.SH,26.02,17.34
20260915,688679.SH,52.04,34.7
20260915,688680.SH,37.92,25.28
20260915,688681.SH,18.06,12.04
20260915,688682.SH,35.81,23.87
20260915,688683.SH,35.59,23.73
20260915,688685.SH,42.11,28.07
20260915,688686.SH,166.92,111.28
20260915,688687.SH,20.57,13.71
20260915,688689.SH,44.11,29.41
20260915,688690.SH,51.36,34.24
20260915,688691.SH,70.24,46.82
20260915,688692.SH,245.5,163.66
20260915,688693.SH,88.2,58.8
20260915,688695.SH,22.54,15.02
20260915,688696.SH,103.56,69.04
20260915,688697.SH,17.21,11.47
20260915,688698.SH,50.27,33.51
20260915,688699.SH,69.24,46.16
20260915,688700.SH,75.97,50.65
20260915,688701.SH,10.61,7.07
20260915,688702.SH,361.06,240.7
20260915,688707.SH,12.08,8.06
20260915,688708.SH,48.38,32.26
20260915,688709.SH,28.15,18.77
20260915,688710.SH,104.76,69.84
20260915,688711.SH,28.72,19.14
20260915,688712.SH,35.5,23.66
20260915,688716.SH,30.72,20.48
20260915,688717.SH,51.91,34.61
20260915,688718.SH,16.15,10.77
20260915,688719.SH,63.6,42.4
20260915,688720.SH,71.18,47.46
20260915,688721.SH,46.55,31.03
20260915,688722.SH,16.82,11.22
20260915,688726.SH,49.81,33.21
20260915,688727.SH,53.04,35.36
20260915,688728.SH,16.68,11.12
20260915,688729.SH,26.36,17.58
20260915,688733.SH,33.41,22.27
20260915,688737.SH,20.17,13.45
20260915,688739.SH,23.93,15.95
20260915,688750.SH,16.88,11.26
20260915,688755.SH,30.72,20.48
20260915,688757.SH,35.65,23.77
20260915,688758.SH,34.27,22.85
20260915,688759.SH,25.16,16.78
20260915,688765.SH,42.74,28.5
20260915,688766.SH,448.56,299.04
20260915,688767.SH,44.32,29.54
20260915,688768.SH,48.89,32.59
20260915,688772.SH,16.51,11.01
20260915,688775.SH,113.16,75.44
20260915,688776.SH,53.74,35.82
20260915,688777.SH,99.96,66.64
20260915,688778.SH,51.25,34.17
20260915,688779.SH,9.14,6.1
20260915,688781.SH,42.6,28.4
20260915,688783.SH,31.48,20.98
20260915,688785.SH,356.26,237.5
20260915,688786.SH,30.58,20.38
20260915,688787.SH,105.95,70.63
20260915,688788.SH,34.92,23.28
20260915,688789.SH,48.84,32.56
20260915,688790.SH,117.78,78.52
20260915,688793.SH,20.72,13.82
20260915,688795.SH,415.22,276.82
20260915,688796.SH,147.96,98.64
20260915,688797.SH,292.69,195.13
20260915,688798.SH,63.05,42.03
20260915,688799.SH,58.39,38.93
20260915,688800.SH,79.33,52.89
20260915,688801.SH,99999.999,0.01
20260915,688802.SH,553.32,368.88
20260915,688805.SH,46.38,30.92
20260915,688806.SH,25.15,16.77
20260915,688807.SH,400.8,267.2
20260915,688808.SH,2894.38,1929.58
20260915,688809.SH,628.8,419.2
20260915,688811.SH,23.66,15.78
20260915,688813.SH,170.76,113.84
20260915,688816.SH,54.88,36.58
20260915,688818.SH,50.64,33.76
20260915,688819.SH,24.79,16.53
20260915,688820.SH,152.16,101.44
20260915,688825.SH,65.39,43.59
20260915,688826.SH,917.39,611.59
20260915,688828.SH,109.7,73.14
20260915,688835.SH,389.29,259.53
20260915,688836.SH,564.0,376.0
20260915,688981.SH,136.88,91.26
20260915,689009.SH,45.0,30.0
20260915,900901.BJ,0.693,0.567
20260915,900902.BJ,0.178,0.146
20260915,900903.BJ,0.2,0.164
20260915,900904.BJ,0.488,0.4
20260915,900905.BJ,2.981,2.439
20260915,900906.BJ,0.22,0.18
20260915,900908.BJ,0.671,0.549
20260915,900909.BJ,0.552,0.452
20260915,900910.BJ,0.689,0.563
20260915,900911.BJ,0.755,0.617
20260915,900912.BJ,0.704,0.576
20260915,900913.BJ,0.231,0.189
20260915,900914.BJ,0.455,0.373
20260915,900915.BJ,0.295,0.241
20260915,900916.BJ,0.591,0.483
20260915,900917.BJ,0.278,0.228
20260915,900918.BJ,0.348,0.284
20260915,900920.BJ,0.299,0.245
20260915,900921.BJ,0.213,0.175
20260915,900922.BJ,0.705,0.577
20260915,900923.BJ,0.638,0.522
20260915,900924.BJ,0.322,0.264
20260915,900925.BJ,1.476,1.208
20260915,900926.BJ,0.925,0.757
20260915,900927.BJ,0.363,0.297
20260915,900928.BJ,0.625,0.511
20260915,900929.BJ,0.989,0.809
20260915,900932.BJ,0.419,0.343
20260915,900934.BJ,1.681,1.375
20260915,900936.BJ,1.397,1.143
20260915,900937.BJ,0.226,0.185
20260915,900938.BJ,0.246,0.202
20260915,900939.BJ,0.47,0.384
20260915,900940.BJ,0.233,0.191
20260915,900941.BJ,0.543,0.445
20260915,900942.BJ,0.736,0.602
20260915,900943.BJ,0.462,0.378
20260915,900945.BJ,0.224,0.184
20260915,900946.BJ,0.218,0.178
20260915,900947.BJ,0.285,0.233
20260915,900948.BJ,3.727,3.049
20260915,920000.BJ,17.71,9.55
20260915,920001.BJ,14.1,7.6
20260915,920002.BJ,62.54,33.68
20260915,920003.BJ,19.66,10.6
20260915,920005.BJ,30.83,16.61
20260915,920006.BJ,23.54,12.68
20260915,920007.BJ,41.86,22.54
20260915,920008.BJ,30.81,16.59
20260915,920009.BJ,44.59,24.01
20260915,920010.BJ,12.54,6.76
20260915,920011.BJ,23.24,12.52
20260915,920012.BJ,61.23,32.97
20260915,920014.BJ,11.2,6.04
20260915,920015.BJ,47.98,25.84
20260915,920016.BJ,18.95,10.21
20260915,920017.BJ,20.26,10.92
20260915,920018.BJ,19.11,10.29
20260915,920019.BJ,20.48,11.04
20260915,920020.BJ,19.14,10.32
20260915,920021.BJ,10.19,5.49
20260915,920022.BJ,24.53,13.21
20260915,920023.BJ,1.85,1.01
20260915,920026.BJ,22.82,12.3
20260915,920027.BJ,15.11,8.15
20260915,920028.BJ,19.87,10.71
20260915,920029.BJ,40.26,21.68
20260915,920030.BJ,6.37,3.43
20260915,920033.BJ,17.49,9.43
20260915,920035.BJ,30.96,16.68
20260915,920036.BJ,38.77,20.89
20260915,920037.BJ,48.82,26.3
20260915,920038.BJ,46.93,25.27
20260915,920039.BJ,9.91,5.35
20260915,920045.BJ,755.3,406.7
20260915,920046.BJ,27.41,14.77
20260915,920047.BJ,18.53,9.99
20260915,920050.BJ,35.98,19.38
20260915,920055.BJ,33.08,17.82
20260915,920056.BJ,18.18,9.8
20260915,920057.BJ,6.22,3.36
20260915,920058.BJ,38.61,20.79
20260915,920059.BJ,16.53,8.91
20260915,920060.BJ,32.99,17.77
20260915,920061.BJ,22.12,11.92
20260915,920062.BJ,9.45,5.09
20260915,920065.BJ,42.4,22.84
20260915,920066.BJ,24.4,13.14
20260915,920068.BJ,20.34,10.96
20260915,920069.BJ,41.39,22.29
20260915,920071.BJ,37.45,20.17
20260915,920072.BJ,29.77,16.03
20260915,920075.BJ,21.33,11.49
20260915,920076.BJ,16.58,8.94
20260915,920077.BJ,17.0,9.16
20260915,920078.BJ,23.76,12.8
20260915,920079.BJ,16.86,9.08
20260915,920080.BJ,26.68,14.38
20260915,920081.BJ,53.23,28.67
20260915,920082.BJ,10.28,5.54
20260915,920083.BJ,44.96,24.22
20260915,920086.BJ,26.06,14.04
20260915,920087.BJ,21.25,11.45
20260915,920088.BJ,61.69,33.23
20260915,920089.BJ,12.9,6.96
20260915,920090.BJ,4.6,2.48
20260915,920091.BJ,35.75,19.25
20260915,920092.BJ,32.69,17.61
20260915,920093.BJ,24.63,13.27
20260915,920096.BJ,39.87,21.47
20260915,920098.BJ,24.03,12.95
20260915,920099.BJ,21.67,11.67
20260915,920100.BJ,36.99,19.93
20260915,920101.BJ,20.89,11.25
20260915,920106.BJ,44.2,23.8
20260915,920107.BJ,25.38,13.68
20260915,920108.BJ,11.23,6.05
20260915,920110.BJ,32.53,17.53
20260915,920111.BJ,33.6,18.1
20260915,920112.BJ,19.64,10.58
20260915,920116.BJ,54.78,29.5
20260915,920117.BJ,36.85,19.85
20260915,920118.BJ,27.01,14.55
20260915,920119.BJ,71.5,38.5
20260915,920121.BJ,35.54,19.14
20260915,920122.BJ,30.52,16.44
20260915,920123.BJ,13.89,7.49
20260915,920124.BJ,15.75,8.49
20260915,920125.BJ,195.03,105.03
20260915,920126.BJ,13.01,7.01
20260915,920128.BJ,26.62,14.34
20260915,920130.BJ,21.61,11.65
20260915,920132.BJ,11.46,6.18
20260915,920136.BJ,27.66,14.9
20260915,920138.BJ,41.4,22.3
20260915,920139.BJ,18.49,9.97
20260915,920145.BJ,13.07,7.05
20260915,920146.BJ,6.55,3.53
20260915,920149.BJ,11.08,5.98
20260915,920152.BJ,15.39,8.29
20260915,920156.BJ,44.69,24.07
20260915,920158.BJ,10.38,5.6
20260915,920159.BJ,40.28,21.7
20260915,920160.BJ,24.4,13.14
20260915,920161.BJ,26.72,14.4
20260915,920163.BJ,12.88,6.94
20260915,920165.BJ,44.25,23.83
20260915,920166.BJ,25.14,13.54
20260915,920167.BJ,17.58,9.48
20260915,920168.BJ,19.95,10.75
20260915,920169.BJ,26.98,14.54
20260915,920171.BJ,20.05,10.81
20260915,920174.BJ,39.71,21.39
20260915,920175.BJ,9.84,5.3
20260915,920176.BJ,83.55,44.99
20260915,920177.BJ,29.99,16.15
20260915,920178.BJ,113.85,61.31
20260915,920179.BJ,73.47,39.57
20260915,920180.BJ,15.17,8.17
20260915,920181.BJ,87.38,47.06
20260915,920183.BJ,38.03,20.49
20260915,920184.BJ,14.72,7.94
20260915,920185.BJ,25.2,13.58
20260915,920186.BJ,88.42,47.62
20260915,920187.BJ,22.03,11.87
20260915,920188.BJ,28.73,15.47
20260915,920189.BJ,26.1,14.06
20260915,920190.BJ,31.1,16.76
20260915,920191.BJ,11.19,6.03
20260915,920193.BJ,38.61,20.79
20260915,920195.BJ,16.18,8.72
20260915,920198.BJ,10.11,5.45
20260915,920199.BJ,31.26,16.84
20260915,920200.BJ,35.1,18.9
20260915,920204.BJ,16.65,8.97
20260915,920206.BJ,49.01,26.39
20260915,920207.BJ,27.07,14.59
20260915,920208.BJ,13.74,7.4
20260915,920211.BJ,119.75,64.49
20260915,920212.BJ,13.89,7.49
20260915,920218.BJ,19.26,10.38
20260915,920220.BJ,52.19,28.11
20260915,920221.BJ,16.0,8.62
20260915,920222.BJ,33.41,17.99
20260915,920223.BJ,17.88,9.64
20260915,920225.BJ,22.15,11.93
20260915,920227.BJ,61.39,33.07
20260915,920230.BJ,13.54,7.3
20260915,920237.BJ,14.3,7.7
20260915,920238.BJ,86.51,46.59
20260915,920239.BJ,26.22,14.12
20260915,920242.BJ,17.49,9.43
20260915,920245.BJ,17.55,9.45
20260915,920247.BJ,17.96,9.68
20260915,920249.BJ,11.38,6.14
20260915,920252.BJ,18.51,9.97
20260915,920258.BJ,13.89,7.49
20260915,920260.BJ,10.75,5.79
20260915,920261.BJ,17.19,9.27
20260915,920262.BJ,18.12,9.76
20260915,920263.BJ,8.52,4.6
20260915,920266.BJ,9.15,4.93
20260915,920267.BJ,20.33,10.95
20260915,920268.BJ,44.85,24.15
20260915,920269.BJ,45.95,24.75
20260915,920270.BJ,14.69,7.91
20260915,920271.BJ,11.81,6.37
20260915,920273.BJ,24.36,13.12
20260915,920274.BJ,20.02,10.78
20260915,920275.BJ,8.61,4.65
20260915,920278.BJ,8.2,4.42
20260915,920284.BJ,20.13,10.85
20260915,920288.BJ,23.72,12.78
20260915,920289.BJ,35.71,19.23
20260915,920299.BJ,18.92,10.2
20260915,920300.BJ,12.46,6.72
20260915,920304.BJ,12.18,6.56
20260915,920339.BJ,13.83,7.45
20260915,920344.BJ,25.57,13.77
20260915,920346.BJ,19.29,10.39
20260915,920351.BJ,16.65,8.97
20260915,920357.BJ,19.27,10.39
20260915,920363.BJ,12.92,6.96
20260915,920367.BJ,32.65,17.59
20260915,920368.BJ,28.13,15.15
20260915,920370.BJ,3.78,2.04
20260915,920371.BJ,10.24,5.52
20260915,920374.BJ,20.0,10.78
20260915,920375.BJ,8.29,4.47
20260915,920378.BJ,8.97,4.83
20260915,920392.BJ,19.81,10.67
20260915,920394.BJ,62.47,33.65
20260915,920395.BJ,8.78,4.74
20260915,920396.BJ,24.12,13.0
20260915,920402.BJ,10.5,5.66
20260915,920403.BJ,27.89,15.03
20260915,920405.BJ,20.86,11.24
20260915,920407.BJ,14.01,7.55
20260915,920414.BJ,10.17,5.49
20260915,920415.BJ,11.47,6.19
20260915,920418.BJ,22.47,12.11
20260915,920419.BJ,14.23,7.67
20260915,920422.BJ,12.09,6.51
20260915,920425.BJ,17.91,9.65
20260915,920427.BJ,10.85,5.85
20260915,920429.BJ,13.39,7.21
20260915,920433.BJ,6.13,3.31
20260915,920436.BJ,14.07,7.59
20260915,920438.BJ,117.72,63.4
20260915,920445.BJ,9.19,4.95
20260915,920454.BJ,14.36,7.74
20260915,920455.BJ,8.39,4.53
20260915,920469.BJ,7.67,4.13
20260915,920471.BJ,15.3,8.24
20260915,920475.BJ,14.82,7.98
20260915,920476.BJ,29.67,15.99
20260915,920478.BJ,12.36,6.66
20260915,920489.BJ,15.37,8.29
20260915,920491.BJ,27.95,15.05
20260915,920493.BJ,139.69,75.23
20260915,920496.BJ,8.07,4.35
20260915,920504.BJ,23.53,12.67
20260915,920505.BJ,33.41,17.99
20260915,920508.BJ,20.51,11.05
20260915,920509.BJ,25.77,13.89
20260915,920510.BJ,25.1,13.52
20260915,920519.BJ,13.67,7.37
20260915,920522.BJ,21.56,11.62
20260915,920523.BJ,18.66,10.06
20260915,920526.BJ,24.41,13.15
20260915,920527.BJ,20.12,10.84
20260915,920533.BJ,20.74,11.18
20260915,920541.BJ,12.32,6.64
20260915,920547.BJ,23.53,12.67
20260915,920553.BJ,8.77,4.73
20260915,920556.BJ,8.68,4.68
20260915,920564.BJ,17.53,9.45
20260915,920566.BJ,12.1,6.52
20260915,920570.BJ,31.46,16.94
20260915,920571.BJ,12.59,6.79
20260915,920575.BJ,6.29,3.39
20260915,920576.BJ,47.93,25.81
20260915,920578.BJ,21.2,11.42
20260915,920579.BJ,17.96,9.68
20260915,920580.BJ,13.89,7.49
20260915,920592.BJ,30.27,16.31
20260915,920593.BJ,28.78,15.5
20260915,920599.BJ,22.68,12.22
20260915,920608.BJ,17.64,9.5
20260915,920627.BJ,17.27,9.31
20260915,920634.BJ,20.41,10.99
20260915,920639.BJ,7.91,4.27
20260915,920640.BJ,33.91,18.27
20260915,920641.BJ,16.86,9.08
20260915,920642.BJ,12.7,6.84
20260915,920651.BJ,31.23,16.83
20260915,920656.BJ,18.74,10.1
20260915,920662.BJ,24.44,13.16
20260915,920663.BJ,16.08,8.66
20260915,920665.BJ,11.02,5.94
20260915,920670.BJ,16.09,8.67
20260915,920675.BJ,9.71,5.23
20260915,920679.BJ,19.72,10.62
20260915,920682.BJ,7.78,4.2
20260915,920685.BJ,15.73,8.47
20260915,920689.BJ,25.46,13.72
20260915,920690.BJ,20.09,10.83
20260915,920693.BJ,29.84,16.08
20260915,920694.BJ,21.5,11.58
20260915,920699.BJ,84.47,45.49
20260915,920701.BJ,14.04,7.56
20260915,920703.BJ,12.4,6.68
20260915,920706.BJ,18.16,9.78
20260915,920717.BJ,8.71,4.69
20260915,920718.BJ,14.95,8.05
20260915,920719.BJ,9.03,4.87
20260915,920720.BJ,10.21,5.51
20260915,920725.BJ,129.38,69.68
20260915,920726.BJ,21.12,11.38
20260915,920729.BJ,8.85,4.77
20260915,920735.BJ,32.77,17.65
20260915,920748.BJ,39.14,21.08
20260915,920751.BJ,18.77,10.11
20260915,920753.BJ,19.3,10.4
20260915,920765.BJ,14.93,8.05
20260915,920768.BJ,9.21,4.97
20260915,920770.BJ,13.97,7.53
20260915,920779.BJ,29.44,15.86
20260915,920781.BJ,7.37,3.97
20260915,920786.BJ,9.93,5.35
20260915,920790.BJ,29.97,16.15
20260915,920792.BJ,12.28,6.62
20260915,920799.BJ,40.31,21.71
20260915,920802.BJ,14.0,7.54
20260915,920806.BJ,12.93,6.97
20260915,920807.BJ,11.63,6.27
20260915,920808.BJ,75.73,40.79
20260915,920809.BJ,8.98,4.84
20260915,920810.BJ,11.9,6.42
20260915,920819.BJ,4.03,2.17
20260915,920821.BJ,29.83,16.07
20260915,920826.BJ,11.36,6.12
20260915,920832.BJ,8.45,4.55
20260915,920833.BJ,13.39,7.21
20260915,920834.BJ,11.9,6.42
20260915,920837.BJ,12.75,6.87
20260915,920839.BJ,29.91,16.11
20260915,920855.BJ,17.29,9.31
20260915,920856.BJ,15.43,8.31
20260915,920857.BJ,27.39,14.75
20260915,920866.BJ,8.58,4.62
20260915,920870.BJ,14.74,7.94
20260915,920871.BJ,14.13,7.61
20260915,920873.BJ,8.78,4.74
20260915,920876.BJ,21.29,11.47
20260915,920879.BJ,15.66,8.44
20260915,920885.BJ,15.87,8.55
20260915,920892.BJ,14.3,7.7
20260915,920895.BJ,34.9,18.8
20260915,920896.BJ,16.0,8.62
20260915,920906.BJ,19.92,10.74
20260915,920914.BJ,21.43,11.55
20260915,920924.BJ,18.47,9.95
20260915,920925.BJ,14.48,7.8
20260915,920926.BJ,12.83,6.91
20260915,920931.BJ,13.19,7.11
20260915,920932.BJ,13.48,7.26
20260915,920942.BJ,22.56,12.16
20260915,920943.BJ,18.68,10.06
20260915,920946.BJ,13.05,7.03
20260915,920950.BJ,16.78,9.04
20260915,920953.BJ,29.26,15.76
20260915,920957.BJ,12.41,6.69
20260915,920961.BJ,24.97,13.45
20260915,920964.BJ,6.55,3.53
20260915,920970.BJ,8.85,4.77
20260915,920971.BJ,34.3,18.48
20260915,920974.BJ,8.2,4.42
20260915,920976.BJ,27.14,14.62
20260915,920978.BJ,23.32,12.56
20260915,920981.BJ,37.79,20.35
20260915,920982.BJ,149.08,80.28
20260915,920985.BJ,5.92,3.2
20260915,920992.BJ,14.8,7.98
