ts_code,trade_date,close,open,high,low,vol,amount,vwap
000001.SZ,20260910,11.7,11.68,11.72,11.68,775859.04,9064465.28,11.68
000002.SZ,20260910,3.18,3.18,3.19,3.18,1013800.0,3224163.84,3.18
000006.SZ,20260910,7.15,7.16,7.16,7.15,57900.0,414292.0,7.16
000007.SZ,20260910,11.68,11.68,11.68,11.68,37200.0,434496.0,11.68
000008.SZ,20260910,2.51,2.5,2.51,2.5,231200.0,578185.0,2.5
000009.SZ,20260910,7.09,7.09,7.09,7.08,17400.0,123363.0,7.09
000010.SZ,20260910,1.67,1.67,1.68,1.67,205900.0,343855.0,1.67
000011.SZ,20260910,9.21,9.19,9.23,9.19,262500.0,2414372.0,9.2
000012.SZ,20260910,3.77,3.77,3.77,3.75,113300.0,427004.0,3.77
000014.SZ,20260910,10.88,10.8,10.88,10.8,28000.0,302600.0,10.81
000016.SZ,20260910,2.46,2.46,2.46,2.46,0.0,0.0,2.46
000017.SZ,20260910,9.2,9.2,9.27,9.19,1307100.0,12033781.76,9.21
000019.SZ,20260910,8.3,8.28,8.4,8.26,2967080.0,24597780.48,8.29
000020.SZ,20260910,14.42,14.42,14.5,14.31,1519100.0,21896588.8,14.41
000021.SZ,20260910,35.77,35.63,35.8,35.63,2280716.96,81315809.28,35.65
000025.SZ,20260910,15.55,15.59,15.59,15.55,26400.0,411551.0,15.59
000026.SZ,20260910,19.2,19.3,19.3,19.12,58900.0,1136644.96,19.3
000027.SZ,20260910,6.39,6.39,6.39,6.39,74000.0,472860.0,6.39
000028.SZ,20260910,20.25,20.24,20.25,20.22,3000.0,60738.0,20.25
000029.SZ,20260910,22.9,22.85,22.9,22.85,29800.0,680968.96,22.85
000030.SZ,20260910,4.06,4.06,4.06,4.06,144500.0,586670.0,4.06
000031.SZ,20260910,2.26,2.26,2.26,2.26,238400.0,538784.0,2.26
000032.SZ,20260910,13.86,13.87,13.88,13.81,184500.0,2557736.0,13.86
000034.SZ,20260910,22.97,22.99,23.0,22.91,99200.0,2279825.92,22.98
000035.SZ,20260910,5.04,5.05,5.05,5.03,82200.0,414792.0,5.05
000036.SZ,20260910,3.95,3.96,3.96,3.95,75000.0,296626.0,3.96
000037.SZ,20260910,9.4,9.45,9.45,9.4,44000.0,415671.0,9.45
000039.SZ,20260910,9.56,9.57,9.57,9.56,83000.0,794276.96,9.57
000042.SZ,20260910,8.5,8.51,8.51,8.5,25300.0,215262.0,8.51
000045.SZ,20260910,10.88,10.9,10.9,10.88,5300.0,57758.0,10.9
000048.SZ,20260910,20.53,20.53,20.56,20.46,577500.0,11854708.48,20.53
000049.SZ,20260910,22.7,22.7,22.7,22.68,46800.0,1062186.0,22.7
000050.SZ,20260910,6.49,6.49,6.5,6.49,89300.0,579567.0,6.49
000055.SZ,20260910,3.61,3.6,3.61,3.6,41400.0,149076.0,3.6
000056.SZ,20260910,2.42,2.41,2.42,2.41,205500.0,495497.0,2.41
000058.SZ,20260910,7.24,7.25,7.25,7.24,4100.0,29710.0,7.25
000059.SZ,20260910,6.15,6.1,6.15,6.1,1871200.0,11435719.68,6.11
000060.SZ,20260910,6.66,6.66,6.66,6.64,827400.0,5508056.32,6.66
000061.SZ,20260910,6.76,6.79,6.8,6.76,335400.0,2277336.96,6.79
000062.SZ,20260910,23.0,23.0,23.06,23.0,162300.0,3733392.0,23.0
000063.SZ,20260910,32.88,32.88,32.9,32.85,520400.0,17109844.48,32.88
000065.SZ,20260910,9.78,9.78,9.8,9.78,40800.0,399068.0,9.78
000066.SZ,20260910,14.3,14.3,14.32,14.25,1174700.0,16793049.6,14.3
000068.SZ,20260910,3.3,3.3,3.3,3.3,26900.0,88770.0,3.3
000069.SZ,20260910,1.84,1.84,1.84,1.84,237300.0,436632.0,1.84
000070.SZ,20260910,16.4,16.41,16.45,16.36,817400.0,13414924.8,16.41
000078.SZ,20260910,1.54,1.55,1.55,1.54,1809200.0,2804152.96,1.55
000088.SZ,20260910,4.67,4.66,4.67,4.66,365600.0,1703800.96,4.66
000089.SZ,20260910,6.63,6.64,6.64,6.63,16800.0,111532.0,6.64
000090.SZ,20260910,3.56,3.57,3.57,3.56,56200.0,200602.0,3.57
000096.SZ,20260910,8.46,8.45,8.46,8.45,31900.0,269690.0,8.45
000099.SZ,20260910,13.78,13.81,13.81,13.77,10000.0,138041.0,13.8
000100.SZ,20260910,4.71,4.71,4.72,4.71,4168300.16,19633163.52,4.71
000151.SZ,20260910,10.37,10.37,10.37,10.36,21800.0,226065.0,10.37
000153.SZ,20260910,6.35,6.35,6.41,6.35,62700.0,398283.0,6.35
000155.SZ,20260910,11.99,12.0,12.0,11.99,220400.0,2644452.0,12.0
000156.SZ,20260910,6.99,6.99,6.99,6.97,10200.0,71251.0,6.99
000157.SZ,20260910,6.65,6.65,6.65,6.64,128800.0,856510.0,6.65
000158.SZ,20260910,13.16,13.18,13.18,13.13,185700.0,2446265.92,13.17
000159.SZ,20260910,5.88,5.88,5.89,5.87,45200.0,265790.0,5.88
000166.SZ,20260910,4.54,4.54,4.55,4.54,244100.0,1108350.0,4.54
000301.SZ,20260910,14.22,14.19,14.22,14.15,337900.0,4795103.04,14.19
000333.SZ,20260910,85.9,85.99,85.99,85.85,71000.0,6104760.96,85.98
000338.SZ,20260910,27.49,27.55,27.64,27.48,1262000.0,34765470.72,27.55
000400.SZ,20260910,21.45,21.46,21.46,21.45,36800.0,789712.96,21.46
000401.SZ,20260910,3.63,3.64,3.64,3.63,30200.0,109903.0,3.64
000402.SZ,20260910,2.57,2.57,2.58,2.57,74700.0,192044.0,2.57
000403.SZ,20260910,10.46,10.47,10.47,10.46,2800.0,29315.0,10.47
000404.SZ,20260910,7.1,7.09,7.1,7.09,133100.0,943695.04,7.09
000407.SZ,20260910,4.4,4.4,4.41,4.38,63800.0,280666.0,4.4
000408.SZ,20260910,78.77,78.77,78.79,78.7,61900.0,4875815.04,78.77
000409.SZ,20260910,9.03,9.02,9.03,9.02,8600.0,77574.0,9.02
000410.SZ,20260910,5.21,5.2,5.21,5.2,79300.0,412414.0,5.2
000411.SZ,20260910,10.12,10.12,10.12,10.12,11000.0,111320.0,10.12
000415.SZ,20260910,4.55,4.55,4.56,4.55,111000.0,505486.0,4.55
000417.SZ,20260910,6.62,6.62,6.67,6.59,737400.0,4882456.96,6.62
000419.SZ,20260910,5.33,5.33,5.33,5.33,96800.0,515944.0,5.33
000420.SZ,20260910,3.7,3.71,3.71,3.7,258700.0,959768.0,3.71
000421.SZ,20260910,5.98,5.98,5.99,5.96,17500.0,104648.0,5.98
000422.SZ,20260910,13.13,13.15,13.15,13.09,307200.0,4037978.88,13.14
000423.SZ,20260910,46.6,46.6,46.65,46.6,16400.0,764250.0,46.6
000425.SZ,20260910,8.33,8.32,8.35,8.32,172100.0,1432268.0,8.32
000426.SZ,20260910,38.82,38.74,38.85,38.71,790100.0,30613217.28,38.75
000428.SZ,20260910,5.3,5.25,5.33,5.24,4122899.84,21689850.88,5.26
000429.SZ,20260910,12.6,12.6,12.6,12.6,26600.0,335160.0,12.6
000430.SZ,20260910,8.03,7.99,8.1,7.99,897900.96,7188183.04,8.01
000488.SZ,20260910,2.2,2.2,2.21,2.2,701800.0,1544072.0,2.2
000498.SZ,20260910,4.98,4.98,4.98,4.97,38500.0,191704.0,4.98
000501.SZ,20260910,7.69,7.7,7.7,7.66,120800.0,929840.96,7.7
000503.SZ,20260910,6.96,6.96,6.96,6.96,8100.0,56376.0,6.96
000504.SZ,20260910,8.59,8.59,8.59,8.59,20800.0,178672.0,8.59
000505.SZ,20260910,7.71,7.7,7.76,7.7,1079500.0,8331306.24,7.72
000506.SZ,20260910,19.05,19.05,19.1,19.05,768700.0,14645652.48,19.05
000507.SZ,20260910,5.16,5.16,5.17,5.16,210900.0,1088615.04,5.16
000509.SZ,20260910,3.51,3.51,3.51,3.51,34000.0,119340.0,3.51
000510.SZ,20260910,17.25,17.29,17.29,17.25,55400.0,957762.0,17.29
000513.SZ,20260910,27.26,27.26,27.26,27.25,13600.0,370720.0,27.26
000514.SZ,20260910,4.32,4.32,4.32,4.32,18000.0,77760.0,4.32
000516.SZ,20260910,4.28,4.28,4.29,4.28,112000.0,479370.0,4.28
000517.SZ,20260910,2.13,2.13,2.14,2.13,49800.0,106119.0,2.13
000518.SZ,20260910,3.88,3.88,3.88,3.87,139300.0,540391.0,3.88
000519.SZ,20260910,16.23,16.29,16.31,16.22,1359700.0,22141288.96,16.28
000520.SZ,20260910,4.52,4.52,4.53,4.5,967200.0,4369642.88,4.52
000521.SZ,20260910,4.79,4.78,4.79,4.78,153700.0,734792.96,4.78
000523.SZ,20260910,4.8,4.8,4.8,4.8,6798979.84,32635105.28,4.8
000524.SZ,20260910,10.12,10.07,10.12,10.07,84500.0,852552.96,10.09
000525.SZ,20260910,5.02,5.0,5.03,5.0,239800.0,1200240.96,5.01
000526.SZ,20260910,37.05,37.11,37.11,36.98,10500.0,389542.0,37.1
000528.SZ,20260910,8.32,8.32,8.32,8.31,132700.0,1104030.0,8.32
000529.SZ,20260910,5.26,5.26,5.26,5.25,116400.0,612263.0,5.26
000530.SZ,20260910,5.3,5.31,5.31,5.3,43600.0,231434.0,5.31
000531.SZ,20260910,5.75,5.75,5.76,5.75,50700.0,291568.0,5.75
000532.SZ,20260910,11.27,11.27,11.3,11.21,57700.0,650337.0,11.27
000533.SZ,20260910,11.82,11.85,11.85,11.72,378300.0,4475799.04,11.83
000534.SZ,20260910,25.4,25.57,25.66,25.39,238700.0,6102988.8,25.57
000536.SZ,20260910,3.53,3.54,3.55,3.53,307200.0,1087170.0,3.54
000537.SZ,20260910,7.66,7.68,7.68,7.66,79400.0,609714.0,7.68
000538.SZ,20260910,50.37,50.37,50.37,50.36,22400.0,1128276.96,50.37
000539.SZ,20260910,5.28,5.29,5.29,5.28,667700.0,3530621.12,5.29
000541.SZ,20260910,5.0,5.0,5.0,5.0,33600.0,168000.0,5.0
000543.SZ,20260910,7.46,7.46,7.46,7.46,111700.0,833282.0,7.46
000544.SZ,20260910,7.42,7.42,7.42,7.42,17800.0,132076.0,7.42
000545.SZ,20260910,2.28,2.28,2.29,2.28,230700.0,526677.0,2.28
000546.SZ,20260910,4.77,4.79,4.79,4.77,53800.0,257480.0,4.79
000547.SZ,20260910,14.71,14.73,14.73,14.68,282600.0,4161648.0,14.73
000548.SZ,20260910,4.72,4.72,4.72,4.72,8400.0,39648.0,4.72
000550.SZ,20260910,17.56,17.58,17.58,17.53,14200.0,249612.0,17.58
000551.SZ,20260910,12.15,12.14,12.15,12.14,63900.0,775768.0,12.14
000552.SZ,20260910,2.73,2.71,2.73,2.71,924900.0,2509382.08,2.71
000553.SZ,20260910,6.09,6.08,6.1,6.08,151700.0,922894.0,6.08
000554.SZ,20260910,7.14,7.1,7.15,7.09,1006900.0,7154659.2,7.11
000555.SZ,20260910,10.76,10.76,10.76,10.71,30900.0,332295.0,10.75
000557.SZ,20260910,3.86,3.86,3.87,3.86,36800.0,142051.0,3.86
000558.SZ,20260910,4.12,4.12,4.14,4.1,1003700.0,4134796.16,4.12
000559.SZ,20260910,10.77,10.78,10.78,10.77,63500.0,684496.0,10.78
000560.SZ,20260910,3.09,3.07,3.11,3.07,13670599.68,42058995.2,3.08
000561.SZ,20260910,7.88,7.89,7.89,7.87,61600.0,485923.0,7.89
000563.SZ,20260910,3.03,3.03,3.03,3.02,183300.0,555398.0,3.03
000564.SZ,20260910,1.7,1.7,1.72,1.7,3795699.84,6463541.76,1.7
000565.SZ,20260910,7.0,7.02,7.02,6.93,2095400.0,14685345.28,7.01
000566.SZ,20260910,4.84,4.84,4.85,4.83,259300.0,1255026.0,4.84
000567.SZ,20260910,6.78,6.77,6.78,6.75,141200.0,955802.0,6.77
000568.SZ,20260910,77.04,77.0,77.05,77.0,27500.0,2117803.04,77.01
000570.SZ,20260910,5.34,5.34,5.37,5.34,68400.0,365331.0,5.34
000571.SZ,20260910,5.83,5.82,5.83,5.82,81200.0,472591.0,5.82
000572.SZ,20260910,4.09,4.09,4.1,4.09,248800.0,1017856.96,4.09
000573.SZ,20260910,3.82,3.83,3.84,3.82,38500.0,147304.0,3.83
000576.SZ,20260910,8.63,8.63,8.63,8.59,73700.0,635535.0,8.62
000581.SZ,20260910,18.35,18.38,18.38,18.3,45300.0,831292.0,18.35
000582.SZ,20260910,11.01,11.01,11.06,11.0,529922.0,5835824.0,11.01
000586.SZ,20260910,14.17,14.13,14.3,14.13,679500.0,9606792.96,14.14
000589.SZ,20260910,4.38,4.38,4.39,4.38,263900.0,1156436.0,4.38
000590.SZ,20260910,9.46,9.49,9.49,9.46,3500.0,33198.0,9.48
000591.SZ,20260910,4.36,4.35,4.36,4.35,109000.0,474176.0,4.35
000592.SZ,20260910,8.1,8.03,8.15,8.03,8451100.16,67975808.0,8.04
000593.SZ,20260910,21.9,21.88,21.95,21.72,178500.0,3906380.16,21.88
000595.SZ,20260910,5.45,5.43,5.45,5.43,58600.0,318352.0,5.43
000596.SZ,20260910,97.57,97.67,97.67,97.3,10900.0,1064164.96,97.63
000597.SZ,20260910,4.82,4.84,4.84,4.82,12300.0,59510.0,4.84
000598.SZ,20260910,7.12,7.1,7.12,7.1,81000.0,575116.0,7.1
000599.SZ,20260910,4.75,4.75,4.75,4.75,10800.0,51300.0,4.75
000600.SZ,20260910,7.52,7.53,7.53,7.52,146700.0,1103880.96,7.53
000601.SZ,20260910,6.29,6.27,6.3,6.25,679700.0,4258553.92,6.27
000603.SZ,20260910,34.9,34.91,34.99,34.88,464700.0,16224549.12,34.91
000605.SZ,20260910,6.15,6.1,6.15,6.1,34100.0,208316.0,6.11
000607.SZ,20260910,3.92,3.91,3.92,3.9,81800.0,319789.0,3.91
000608.SZ,20260910,7.88,7.9,7.9,7.86,159700.0,1260072.0,7.89
000609.SZ,20260910,9.61,9.61,9.61,9.61,19700.0,189317.0,9.61
000610.SZ,20260910,8.5,8.44,8.5,8.44,90800.0,767908.96,8.46
000612.SZ,20260910,11.34,11.33,11.37,11.33,435200.0,4933328.96,11.34
000615.SZ,20260910,3.32,3.33,3.33,3.32,23700.0,78818.0,3.33
000617.SZ,20260910,7.31,7.28,7.31,7.28,1153800.0,8401790.08,7.28
000619.SZ,20260910,5.13,5.14,5.14,5.13,31100.0,159847.0,5.14
000620.SZ,20260910,3.24,3.24,3.27,3.24,6747598.72,21887336.96,3.24
000623.SZ,20260910,18.18,18.18,18.19,18.13,36100.0,655697.0,18.16
000625.SZ,20260910,7.16,7.15,7.16,7.15,140200.0,1002692.96,7.15
000626.SZ,20260910,10.0,10.0,10.04,9.98,369100.0,3690352.0,10.0
000628.SZ,20260910,56.88,57.04,57.15,56.88,154700.0,8823356.8,57.04
000629.SZ,20260910,3.03,3.03,3.04,3.03,288300.0,873583.04,3.03
000630.SZ,20260910,6.59,6.59,6.6,6.59,3674499.84,24215528.96,6.59
000631.SZ,20260910,3.02,3.01,3.02,3.01,50300.0,151747.0,3.02
000632.SZ,20260910,4.07,4.09,4.09,4.07,224300.0,915468.0,4.08
000633.SZ,20260910,5.52,5.54,5.54,5.52,28700.0,158903.0,5.54
000635.SZ,20260910,7.52,7.47,7.52,7.47,80700.0,603472.0,7.48
000636.SZ,20260910,48.97,49.0,49.17,48.92,1298400.0,63626127.36,49.0
000637.SZ,20260910,4.39,4.39,4.41,4.39,59100.0,259483.0,4.39
000639.SZ,20260910,1.7,1.7,1.7,1.69,463000.0,786990.0,1.7
000650.SZ,20260910,5.4,5.4,5.4,5.4,58500.0,315900.0,5.4
000651.SZ,20260910,38.97,38.95,38.98,38.95,116800.0,4549501.12,38.95
000652.SZ,20260910,3.6,3.6,3.6,3.59,213400.0,768216.0,3.6
000655.SZ,20260910,7.75,7.73,7.75,7.72,105400.0,814908.96,7.73
000656.SZ,20260910,1.24,1.24,1.25,1.24,1082000.0,1341720.96,1.24
000657.SZ,20260910,59.15,59.22,59.22,59.02,473100.0,28009968.64,59.21
000659.SZ,20260910,3.01,3.01,3.01,3.01,33000.0,99330.0,3.01
000661.SZ,20260910,74.62,74.66,74.66,74.62,15900.0,1186910.0,74.65
000663.SZ,20260910,6.3,6.3,6.3,6.3,65700.0,413910.0,6.3
000665.SZ,20260910,4.15,4.15,4.15,4.15,9500.0,39425.0,4.15
000668.SZ,20260910,21.27,21.27,21.27,21.27,1300.0,27651.0,21.27
000669.SZ,20260910,4.12,4.12,4.12,4.12,1000.0,4120.0,4.12
000670.SZ,20260910,7.1,7.1,7.11,7.08,310100.0,2200985.92,7.1
000672.SZ,20260910,15.26,15.3,15.33,15.17,140100.0,2141182.08,15.28
000676.SZ,20260910,6.86,6.86,6.88,6.85,234700.0,1610091.04,6.86
000677.SZ,20260910,1.85,1.84,1.85,1.84,731700.0,1346332.96,1.84
000678.SZ,20260910,9.21,9.21,9.21,9.21,20300.0,186963.0,9.21
000679.SZ,20260910,6.94,6.91,6.98,6.91,748300.0,5173079.04,6.91
000680.SZ,20260910,10.59,10.62,10.65,10.59,150600.0,1600232.0,10.63
000681.SZ,20260910,17.02,17.07,17.09,17.01,358200.0,6113201.28,17.07
000682.SZ,20260910,11.21,11.24,11.24,11.21,115300.0,1295834.0,11.24
000683.SZ,20260910,6.27,6.28,6.29,6.27,364000.0,2287484.0,6.28
000685.SZ,20260910,11.35,11.35,11.37,11.35,18800.0,213416.0,11.35
000686.SZ,20260910,7.96,7.96,7.98,7.96,60900.0,485033.0,7.96
000688.SZ,20260910,27.62,27.62,27.62,27.6,32000.0,883644.96,27.61
000690.SZ,20260910,5.36,5.36,5.38,5.36,1228100.0,6584844.8,5.36
000691.SZ,20260910,9.9,9.9,9.9,9.9,27400.0,271260.0,9.9
000692.SZ,20260910,4.33,4.33,4.33,4.33,37400.0,161942.0,4.33
000695.SZ,20260910,14.11,14.18,14.23,14.11,41300.0,585726.0,14.18
000697.SZ,20260910,9.38,9.38,9.38,9.37,23400.0,219479.0,9.38
000698.SZ,20260910,3.72,3.72,3.72,3.72,88700.0,329964.0,3.72
000700.SZ,20260910,12.02,12.04,12.1,11.99,327800.0,3946126.08,12.04
000701.SZ,20260910,5.29,5.28,5.3,5.28,137800.0,727730.0,5.28
000702.SZ,20260910,6.22,6.2,6.22,6.2,117200.0,726700.0,6.2
000703.SZ,20260910,18.72,18.7,18.75,18.66,574300.0,10739974.4,18.7
000705.SZ,20260910,7.29,7.29,7.33,7.29,12700.0,92631.0,7.29
000707.SZ,20260910,4.74,4.74,4.74,4.74,43200.0,204768.0,4.74
000708.SZ,20260910,13.71,13.71,13.78,13.71,82100.0,1126739.04,13.72
000709.SZ,20260910,2.14,2.14,2.15,2.14,530000.0,1135456.96,2.14
000710.SZ,20260910,8.75,8.79,8.79,8.75,120400.0,1058254.0,8.79
000711.SZ,20260910,5.11,5.12,5.13,5.08,1428100.0,7304782.72,5.11
000712.SZ,20260910,11.24,11.28,11.33,11.22,1891200.0,21328363.52,11.28
000713.SZ,20260910,7.23,7.19,7.25,7.15,1008400.0,7257617.28,7.2
000715.SZ,20260910,5.74,5.74,5.78,5.74,22800.0,130911.0,5.74
000716.SZ,20260910,5.72,5.71,5.73,5.7,273200.0,1560396.0,5.71
000717.SZ,20260910,2.31,2.31,2.32,2.31,39600.0,91482.0,2.31
000718.SZ,20260910,2.02,2.02,2.02,2.02,33100.0,66862.0,2.02
000719.SZ,20260910,12.16,12.2,12.2,12.16,16700.0,203699.0,12.2
000720.SZ,20260910,3.82,3.83,3.84,3.82,80200.0,307183.0,3.83
000721.SZ,20260910,7.63,7.58,7.65,7.58,364600.0,2768414.08,7.59
000722.SZ,20260910,13.34,13.35,13.38,13.34,98822.0,1319356.72,13.35
000723.SZ,20260910,3.89,3.89,3.89,3.88,537600.0,2091088.96,3.89
000725.SZ,20260910,5.5,5.51,5.51,5.5,10240899.84,56397066.24,5.51
000726.SZ,20260910,5.95,5.95,5.95,5.95,23100.0,137445.0,5.95
000727.SZ,20260910,2.26,2.26,2.27,2.26,325900.0,737004.96,2.26
000728.SZ,20260910,7.71,7.7,7.71,7.7,159100.0,1225580.96,7.7
000729.SZ,20260910,11.2,11.2,11.2,11.2,16500.0,184800.0,11.2
000731.SZ,20260910,7.8,7.75,7.82,7.75,301800.0,2340551.04,7.76
000733.SZ,20260910,40.37,40.4,40.4,40.35,57000.0,2302335.04,40.39
000735.SZ,20260910,6.78,6.8,6.85,6.77,2995100.16,20349056.0,6.79
000736.SZ,20260910,4.66,4.66,4.67,4.66,183400.0,854686.0,4.66
000737.SZ,20260910,16.5,16.5,16.56,16.48,3919865.92,64703191.04,16.51
000738.SZ,20260910,19.96,19.94,19.99,19.94,214700.0,4282093.12,19.95
000739.SZ,20260910,22.48,22.4,22.51,22.4,193100.0,4325808.96,22.4
000750.SZ,20260910,3.81,3.8,3.81,3.8,406200.0,1543689.92,3.8
000751.SZ,20260910,5.11,5.12,5.12,5.11,244700.0,1252722.0,5.12
000752.SZ,20260910,8.69,8.66,8.69,8.66,34500.0,298839.0,8.66
000753.SZ,20260910,5.18,5.18,5.22,5.18,214400.0,1111468.0,5.18
000755.SZ,20260910,4.83,4.82,4.83,4.82,43500.0,209897.0,4.82
000756.SZ,20260910,13.31,13.3,13.31,13.3,18900.0,251378.0,13.3
000757.SZ,20260910,4.35,4.35,4.35,4.35,5800.0,25230.0,4.35
000758.SZ,20260910,6.37,6.37,6.37,6.35,218300.0,1390560.96,6.37
000759.SZ,20260910,8.97,8.95,9.14,8.84,12889217.28,115456348.16,8.96
000761.SZ,20260910,2.47,2.45,2.47,2.45,203000.0,497606.0,2.45
000762.SZ,20260910,22.82,22.82,22.84,22.8,45100.0,1029191.04,22.82
000766.SZ,20260910,16.28,16.32,16.32,16.28,21000.0,342560.0,16.31
000767.SZ,20260910,3.49,3.49,3.49,3.48,1250346.0,4360192.0,3.49
000768.SZ,20260910,23.77,23.77,23.8,23.74,138100.0,3282434.88,23.77
000776.SZ,20260910,21.55,21.55,21.58,21.54,167500.0,3610045.12,21.55
000777.SZ,20260910,17.2,17.22,17.22,17.2,93800.0,1615014.08,17.22
000778.SZ,20260910,3.77,3.77,3.78,3.77,286100.0,1078691.04,3.77
000779.SZ,20260910,9.5,9.5,9.52,9.48,720500.0,6845308.8,9.5
000782.SZ,20260910,7.97,8.0,8.0,7.97,19800.0,158281.0,7.99
000783.SZ,20260910,9.0,9.0,9.02,9.0,484500.0,4361840.96,9.0
000785.SZ,20260910,2.35,2.35,2.36,2.35,185900.0,437516.0,2.35
000786.SZ,20260910,16.37,16.37,16.38,16.37,134600.0,2203468.96,16.37
000788.SZ,20260910,5.57,5.57,5.58,5.57,25300.0,140923.0,5.57
000789.SZ,20260910,4.25,4.25,4.26,4.25,317000.0,1347704.0,4.25
000790.SZ,20260910,4.21,4.22,4.22,4.21,14300.0,60329.0,4.22
000791.SZ,20260910,7.34,7.34,7.36,7.33,124900.0,916779.04,7.34
000792.SZ,20260910,26.73,26.76,26.79,26.73,460300.0,12318562.56,26.76
000793.SZ,20260910,2.19,2.2,2.2,2.19,288400.0,634474.0,2.2
000795.SZ,20260910,8.35,8.35,8.35,8.35,49600.0,414160.0,8.35
000796.SZ,20260910,4.57,4.55,4.58,4.55,1030500.0,4696060.16,4.56
000797.SZ,20260910,2.63,2.63,2.63,2.63,262300.0,689848.96,2.63
000798.SZ,20260910,12.25,12.16,12.44,12.16,2945200.0,35868628.48,12.18
000799.SZ,20260910,39.0,38.92,39.13,38.92,25900.0,1008670.0,38.95
000800.SZ,20260910,6.06,6.07,6.07,6.06,19500.0,118364.0,6.07
000801.SZ,20260910,12.52,12.53,12.53,12.52,29400.0,368375.0,12.53
000802.SZ,20260910,4.21,4.21,4.23,4.21,316600.0,1333614.0,4.21
000803.SZ,20260910,7.89,7.8,7.89,7.8,53100.0,416549.0,7.85
000807.SZ,20260910,28.95,29.03,29.06,28.93,610400.0,17717560.32,29.03
000809.SZ,20260910,3.45,3.45,3.47,3.45,67100.0,231710.0,3.45
000810.SZ,20260910,9.37,9.36,9.38,9.36,249500.0,2335446.08,9.36
000811.SZ,20260910,37.4,37.67,37.84,37.35,180000.0,6774348.16,37.63
000812.SZ,20260910,3.9,3.89,3.91,3.89,283800.0,1104144.96,3.89
000813.SZ,20260910,3.45,3.46,3.46,3.44,543200.0,1878296.96,3.46
000815.SZ,20260910,15.91,15.96,15.96,15.9,634000.0,10112117.76,15.95
000816.SZ,20260910,3.16,3.16,3.18,3.15,577700.0,1826400.0,3.16
000818.SZ,20260910,12.17,12.18,12.18,12.15,39700.0,483033.0,12.17
000819.SZ,20260910,12.64,12.65,12.65,12.64,8500.0,107523.0,12.65
000820.SZ,20260910,3.66,3.66,3.66,3.66,13400.0,49044.0,3.66
000821.SZ,20260910,7.92,7.92,7.96,7.92,200900.0,1591480.96,7.92
000822.SZ,20260910,4.66,4.66,4.66,4.65,157200.0,732550.0,4.66
000823.SZ,20260910,16.72,16.8,16.86,16.72,1523200.0,25593185.28,16.8
000825.SZ,20260910,3.57,3.58,3.58,3.57,104600.0,374433.0,3.58
000826.SZ,20260910,1.85,1.85,1.85,1.84,58300.0,107844.0,1.85
000828.SZ,20260910,10.14,10.12,10.14,10.12,17500.0,177126.0,10.12
000829.SZ,20260910,9.29,9.23,9.29,9.21,122300.0,1130328.96,9.24
000830.SZ,20260910,12.95,12.9,12.96,12.9,374000.0,4828689.92,12.91
000831.SZ,20260910,54.02,54.05,54.1,54.0,96600.0,5221208.96,54.05
000833.SZ,20260910,22.95,23.0,23.03,22.9,1304800.0,29997388.8,22.99
000837.SZ,20260910,9.71,9.71,9.75,9.7,18500.0,179658.0,9.71
000838.SZ,20260910,2.44,2.45,2.45,2.41,1688600.0,4126769.92,2.44
000839.SZ,20260910,2.88,2.88,2.89,2.88,569600.0,1640559.04,2.88
000848.SZ,20260910,8.24,8.24,8.25,8.24,35200.0,290062.0,8.24
000850.SZ,20260910,4.25,4.25,4.25,4.25,37100.0,157675.0,4.25
000852.SZ,20260910,6.08,6.04,6.09,6.04,357500.0,2159915.04,6.04
000856.SZ,20260910,9.09,9.1,9.1,9.09,26500.0,241141.0,9.1
000858.SZ,20260910,71.04,71.08,71.1,71.04,64500.0,4584517.12,71.08
000859.SZ,20260910,8.66,8.61,8.66,8.6,185200.0,1595356.96,8.61
000860.SZ,20260910,11.13,11.12,11.13,11.12,36700.0,408150.0,11.12
000862.SZ,20260910,5.4,5.4,5.4,5.38,58300.0,314715.0,5.4
000863.SZ,20260910,4.56,4.56,4.59,4.53,366100.0,1669456.48,4.56
000868.SZ,20260910,3.69,3.66,3.69,3.66,51900.0,190731.0,3.68
000869.SZ,20260910,16.82,16.79,16.82,16.79,50000.0,839630.0,16.79
000875.SZ,20260910,5.0,5.01,5.01,5.0,212100.0,1062408.96,5.01
000876.SZ,20260910,7.83,7.82,7.84,7.82,695684.0,5442145.92,7.82
000877.SZ,20260910,3.79,3.8,3.8,3.79,42100.0,159960.0,3.8
000878.SZ,20260910,18.97,19.0,19.06,18.97,1357200.0,25786908.16,19.0
000880.SZ,20260910,26.37,26.29,26.37,26.29,111000.0,2920783.04,26.31
000881.SZ,20260910,6.75,6.76,6.76,6.74,123100.0,831194.0,6.75
000882.SZ,20260910,1.57,1.57,1.57,1.57,108100.0,169717.0,1.57
000883.SZ,20260910,4.58,4.58,4.58,4.57,165200.0,756492.96,4.58
000885.SZ,20260910,12.2,12.2,12.2,12.2,7800.0,95160.0,12.2
000886.SZ,20260910,4.88,4.88,4.88,4.88,34900.0,170312.0,4.88
000887.SZ,20260910,20.35,20.4,20.42,20.31,95600.0,1949416.96,20.39
000888.SZ,20260910,10.6,10.57,10.65,10.57,156100.0,1653028.96,10.59
000889.SZ,20260910,3.96,3.95,3.96,3.95,118500.0,468256.0,3.95
000890.SZ,20260910,8.76,8.77,8.81,8.76,2204600.0,19354232.32,8.78
000892.SZ,20260910,5.07,5.06,5.09,5.06,3498600.0,17713048.32,5.06
000893.SZ,20260910,43.0,43.19,43.23,43.0,273800.0,11825812.48,43.19
000895.SZ,20260910,23.86,23.88,23.88,23.86,47100.0,1124628.0,23.88
000897.SZ,20260910,1.92,1.92,1.93,1.92,66600.0,127922.0,1.92
000898.SZ,20260910,2.1,2.1,2.1,2.09,74900.0,157141.0,2.1
000899.SZ,20260910,9.59,9.59,9.59,9.56,75000.0,718923.04,9.59
000900.SZ,20260910,3.7,3.7,3.7,3.7,64200.0,237540.0,3.7
000901.SZ,20260910,14.35,14.35,14.35,14.31,48400.0,694359.04,14.35
000902.SZ,20260910,14.82,14.82,14.83,14.82,45100.0,668444.0,14.82
000903.SZ,20260910,2.12,2.11,2.12,2.11,442700.0,934202.0,2.11
000905.SZ,20260910,9.43,9.4,9.43,9.4,350800.0,3298567.04,9.4
000906.SZ,20260910,6.3,6.3,6.3,6.3,87900.0,553770.0,6.3
000908.SZ,20260910,6.2,6.21,6.22,6.2,38800.0,240862.0,6.21
000909.SZ,20260910,5.17,5.21,5.21,5.02,2704000.0,14068853.76,5.2
000910.SZ,20260910,5.48,5.49,5.49,5.48,53100.0,291429.0,5.49
000911.SZ,20260910,6.95,6.92,6.97,6.9,799800.0,5534744.96,6.92
000912.SZ,20260910,4.91,4.8,4.91,4.78,8399200.0,40415173.12,4.81
000913.SZ,20260910,11.08,11.08,11.08,11.08,7100.0,78668.0,11.08
000915.SZ,20260910,26.45,26.5,26.54,26.45,29300.0,776448.96,26.5
000917.SZ,20260910,7.12,7.14,7.14,7.11,91900.0,655016.0,7.13
000919.SZ,20260910,6.7,6.7,6.72,6.7,91700.0,614396.0,6.7
000920.SZ,20260910,11.63,11.64,11.64,11.52,49400.0,574281.0,11.63
000921.SZ,20260910,27.74,27.78,27.78,27.74,9200.0,255560.0,27.78
000922.SZ,20260910,11.85,11.85,11.86,11.84,17400.0,206183.0,11.85
000923.SZ,20260910,18.75,18.92,18.99,18.75,1366200.0,25842839.04,18.92
000925.SZ,20260910,8.38,8.39,8.45,8.36,945000.0,7927955.84,8.39
000926.SZ,20260910,2.18,2.19,2.19,2.18,130600.0,285566.0,2.19
000927.SZ,20260910,2.54,2.54,2.54,2.54,78200.0,198628.0,2.54
000928.SZ,20260910,5.72,5.72,5.74,5.69,443900.0,2540972.96,5.72
000929.SZ,20260910,10.06,9.99,10.06,9.99,19500.0,194822.0,9.99
000930.SZ,20260910,6.79,6.84,6.85,6.73,15062100.48,102879866.88,6.83
000931.SZ,20260910,4.53,4.53,4.54,4.53,216500.0,980748.96,4.53
000932.SZ,20260910,3.67,3.66,3.67,3.66,423000.0,1550193.92,3.67
000933.SZ,20260910,28.8,28.8,28.82,28.8,380043.0,10945341.44,28.8
000935.SZ,20260910,22.13,22.13,22.14,22.13,11100.0,245648.0,22.13
000936.SZ,20260910,5.6,5.6,5.6,5.6,45300.0,253680.0,5.6
000937.SZ,20260910,4.77,4.77,4.79,4.77,377900.0,1803215.04,4.77
000938.SZ,20260910,33.14,33.18,33.22,33.11,1054900.0,35001679.36,33.18
000948.SZ,20260910,13.91,13.93,13.93,13.91,10000.0,139286.0,13.93
000949.SZ,20260910,7.29,7.29,7.3,7.28,171500.0,1250162.0,7.29
000950.SZ,20260910,5.34,5.34,5.34,5.34,47700.0,254718.0,5.34
000951.SZ,20260910,22.42,22.43,22.45,22.42,28700.0,643749.0,22.43
000952.SZ,20260910,6.67,6.64,6.67,6.64,39100.0,259700.0,6.64
000953.SZ,20260910,6.54,6.5,6.54,6.5,52700.0,342714.0,6.5
000955.SZ,20260910,4.28,4.28,4.28,4.27,15000.0,64197.0,4.28
000957.SZ,20260910,10.5,10.5,10.52,10.5,49700.0,521970.0,10.5
000958.SZ,20260910,5.29,5.29,5.3,5.29,122200.0,646510.0,5.29
000959.SZ,20260910,3.75,3.75,3.75,3.75,19100.0,71625.0,3.75
000960.SZ,20260910,35.36,35.31,35.4,35.31,484800.0,17127640.32,35.33
000962.SZ,20260910,51.99,52.01,52.03,51.88,68800.0,3577031.04,51.99
000963.SZ,20260910,26.88,26.88,26.89,26.85,68400.0,1838339.04,26.88
000965.SZ,20260910,3.39,3.39,3.39,3.39,203600.0,690204.0,3.39
000966.SZ,20260910,4.12,4.14,4.14,4.12,195600.0,808515.04,4.13
000967.SZ,20260910,8.02,8.03,8.03,8.0,173700.0,1394243.04,8.03
000968.SZ,20260910,7.73,7.75,7.79,7.73,1551800.0,12037067.52,7.76
000969.SZ,20260910,17.35,17.39,17.39,17.3,65100.0,1131455.04,17.38
000970.SZ,20260910,11.74,11.74,11.75,11.73,43400.0,509546.0,11.74
000972.SZ,20260910,4.67,4.71,4.71,4.57,12115299.84,56971673.6,4.7
000973.SZ,20260910,11.95,11.98,11.98,11.94,184600.0,2210116.96,11.97
000975.SZ,20260910,25.98,25.98,25.99,25.92,157900.0,4102121.92,25.98
000977.SZ,20260910,70.51,70.51,70.59,70.5,887856.0,62617047.04,70.53
000978.SZ,20260910,9.69,9.69,9.69,9.69,8218700.16,79639198.72,9.69
000980.SZ,20260910,2.15,2.16,2.17,2.11,51319301.12,110651269.12,2.16
000981.SZ,20260910,2.69,2.69,2.7,2.68,1295400.0,3484672.96,2.69
000983.SZ,20260910,7.08,7.07,7.08,7.05,574600.0,4060328.96,7.07
000985.SZ,20260910,17.83,17.91,17.91,17.82,35000.0,626407.0,17.9
000987.SZ,20260910,7.54,7.55,7.56,7.54,112400.0,848215.04,7.55
000988.SZ,20260910,108.01,108.0,108.78,107.81,4144817.92,448081633.28,108.11
000989.SZ,20260910,8.95,8.95,8.95,8.95,56400.0,504780.0,8.95
000990.SZ,20260910,6.82,6.83,6.84,6.82,655300.0,4476633.92,6.83
000993.SZ,20260910,11.85,11.77,11.85,11.75,4017614.08,47329510.4,11.78
000995.SZ,20260910,11.69,11.68,11.69,11.68,57900.0,676304.96,11.68
000997.SZ,20260910,20.2,20.28,20.37,20.2,45600.0,924079.04,20.27
000998.SZ,20260910,9.97,9.98,10.0,9.92,622300.0,6211196.16,9.98
000999.SZ,20260910,24.62,24.6,24.62,24.6,42000.0,1033260.96,24.6
001201.SZ,20260910,13.75,13.88,13.96,13.74,366600.0,5089351.04,13.88
001202.SZ,20260910,14.71,14.73,14.73,14.71,10200.0,150232.0,14.73
001203.SZ,20260910,25.48,25.4,25.5,25.4,24100.0,612410.0,25.41
001205.SZ,20260910,15.27,15.27,15.33,15.23,157200.0,2400508.96,15.27
001206.SZ,20260910,16.8,16.78,16.8,16.78,75500.0,1267804.96,16.79
001207.SZ,20260910,17.55,17.55,17.56,17.53,14700.0,257995.0,17.55
001208.SZ,20260910,14.43,14.4,14.49,14.39,134200.0,1933216.96,14.41
001209.SZ,20260910,19.09,19.09,19.09,19.07,11200.0,213801.0,19.09
001210.SZ,20260910,28.25,28.3,28.31,28.25,84400.0,2388550.08,28.3
001211.SZ,20260910,24.77,24.77,24.77,24.77,10100.0,250177.0,24.77
001212.SZ,20260910,32.84,32.71,32.84,32.71,7100.0,232278.0,32.72
001213.SZ,20260910,3.58,3.58,3.58,3.57,29700.0,106205.0,3.58
001215.SZ,20260910,30.4,30.27,30.4,30.14,8300.0,250939.0,30.23
001216.SZ,20260910,14.8,14.81,14.81,14.8,26800.0,396888.0,14.81
001217.SZ,20260910,10.62,10.64,10.64,10.62,3100.0,32976.0,10.64
001218.SZ,20260910,23.83,23.82,23.83,23.82,1500.0,35731.0,23.82
001219.SZ,20260910,13.21,13.23,13.23,13.21,8500.0,112434.0,13.23
001220.SZ,20260910,31.81,31.9,32.06,31.81,5800.0,184991.0,31.9
001221.SZ,20260910,38.18,38.21,38.24,38.01,11600.0,442982.0,38.19
001222.SZ,20260910,16.41,16.24,16.41,16.24,101500.0,1650824.96,16.26
001223.SZ,20260910,41.7,41.84,41.84,41.45,14900.0,622894.0,41.81
001225.SZ,20260910,46.56,46.47,46.56,46.47,6800.0,316014.0,46.47
001226.SZ,20260910,46.68,46.68,46.72,46.68,400.0,18680.0,46.7
001227.SZ,20260910,2.17,2.17,2.18,2.17,944900.0,2051680.96,2.17
001228.SZ,20260910,30.8,30.83,30.83,30.8,5200.0,160295.0,30.83
001229.SZ,20260910,40.02,40.0,40.15,40.0,47700.0,1908056.96,40.0
001230.SZ,20260910,19.22,19.22,19.22,19.2,27900.0,536191.0,19.22
001231.SZ,20260910,21.75,21.74,21.81,21.74,83900.0,1824494.08,21.75
001232.SZ,20260910,161.08,161.32,162.0,161.03,31500.0,5088400.96,161.54
001233.SZ,20260910,43.7,43.7,43.7,43.69,500.0,21849.0,43.7
001234.SZ,20260910,23.52,23.62,23.62,23.52,5300.0,125176.0,23.62
001236.SZ,20260910,8.2,8.2,8.2,8.15,76900.0,629672.0,8.19
001237.SZ,20260910,50.3,50.5,50.5,50.3,3900.0,196745.0,50.45
001238.SZ,20260910,24.42,24.64,24.64,24.42,1500.0,36923.0,24.62
001239.SZ,20260910,12.33,12.33,12.33,12.33,6400.0,78912.0,12.33
001248.SZ,20260910,12.0,12.01,12.01,12.0,163100.0,1958320.0,12.01
001255.SZ,20260910,27.48,27.48,27.48,27.48,6500.0,178620.0,27.48
001256.SZ,20260910,22.15,22.16,22.16,22.15,11500.0,254837.0,22.16
001257.SZ,20260910,24.25,24.3,24.3,24.25,40700.0,988800.0,24.3
001258.SZ,20260910,11.98,12.0,12.1,11.95,812800.0,9757592.32,12.01
001259.SZ,20260910,45.05,45.29,45.29,45.05,900.0,40665.0,45.18
001260.SZ,20260910,18.65,18.5,18.65,18.41,8354.0,154597.14,18.51
001266.SZ,20260910,32.93,32.93,32.93,32.93,6800.0,223924.0,32.93
001267.SZ,20260910,36.75,36.92,36.93,36.75,196300.0,7245438.08,36.91
001268.SZ,20260910,25.12,25.12,25.12,25.12,11100.0,278832.0,25.12
001269.SZ,20260910,19.86,19.83,19.86,19.83,2900.0,57519.0,19.83
001270.SZ,20260910,96.33,96.45,96.45,96.08,15700.0,1513671.04,96.41
001277.SZ,20260910,30.96,30.92,30.96,30.9,8700.0,268996.0,30.92
001278.SZ,20260910,16.24,16.25,16.29,16.22,95200.0,1546892.96,16.25
001279.SZ,20260910,25.62,25.89,25.89,25.62,1100.0,28398.0,25.82
001280.SZ,20260910,69.01,69.01,69.11,69.01,144100.0,9946465.92,69.03
001282.SZ,20260910,16.3,16.4,16.4,16.3,5200.0,85120.0,16.37
001283.SZ,20260910,50.4,50.4,50.64,50.3,23594.0,1189545.28,50.42
001285.SZ,20260910,43.07,43.06,43.48,43.06,5100.0,219733.0,43.09
001286.SZ,20260910,9.68,9.68,9.68,9.65,263200.0,2547214.08,9.68
001287.SZ,20260910,22.31,22.31,22.34,22.3,33500.0,747476.0,22.31
001288.SZ,20260910,29.73,29.66,29.73,29.6,31100.0,922495.04,29.66
001289.SZ,20260910,15.29,15.29,15.29,15.29,39900.0,610071.0,15.29
001296.SZ,20260910,20.45,20.5,20.5,20.42,79100.0,1620667.04,20.49
001298.SZ,20260910,17.73,17.73,17.74,17.71,36300.0,643604.0,17.73
001299.SZ,20260910,10.85,10.87,10.88,10.81,256600.0,2787939.84,10.87
001300.SZ,20260910,12.57,12.63,12.63,12.57,10200.0,128682.0,12.62
001301.SZ,20260910,54.62,54.62,54.62,54.5,11600.0,633484.0,54.61
001306.SZ,20260910,54.47,54.5,54.5,54.47,1000.0,54491.0,54.49
001308.SZ,20260910,17.55,17.56,17.58,17.55,10200.0,179109.0,17.56
001309.SZ,20260910,408.0,408.03,408.5,407.66,77600.0,31662620.16,408.02
001311.SZ,20260910,17.31,17.35,17.44,17.3,12200.0,211607.0,17.34
001312.SZ,20260910,17.5,17.51,17.51,17.5,5000.0,87530.0,17.51
001313.SZ,20260910,8.3,8.3,8.32,8.3,413500.0,3432742.08,8.3
001314.SZ,20260910,49.65,49.6,49.65,49.48,22700.0,1125574.0,49.59
001316.SZ,20260910,30.24,30.28,30.35,30.2,155500.0,4706138.88,30.27
001317.SZ,20260910,51.96,51.62,51.96,51.62,51000.0,2633692.0,51.64
001318.SZ,20260910,12.08,12.08,12.11,12.08,87300.0,1054606.0,12.08
001319.SZ,20260910,20.46,20.46,20.46,20.46,800.0,16368.0,20.46
001322.SZ,20260910,6.58,6.6,6.6,6.58,12900.0,85098.0,6.6
001323.SZ,20260910,17.88,17.88,17.88,17.88,8300.0,148404.0,17.88
001324.SZ,20260910,21.12,21.12,21.13,21.12,29900.0,631499.0,21.12
001325.SZ,20260910,39.5,39.5,39.5,39.5,3200.0,126400.0,39.5
001326.SZ,20260910,72.79,74.08,74.08,72.79,7200.0,532359.0,73.94
001328.SZ,20260910,30.6,30.61,30.65,30.3,12900.0,394739.0,30.6
001330.SZ,20260910,5.77,5.77,5.78,5.75,1057800.0,6103411.2,5.77
001331.SZ,20260910,42.7,42.87,43.08,42.7,15500.0,664877.0,42.9
001332.SZ,20260910,26.57,26.57,26.58,26.57,4600.0,122225.0,26.57
001333.SZ,20260910,19.81,19.8,19.81,19.79,7800.0,154440.0,19.8
001335.SZ,20260910,32.0,32.0,32.0,32.0,3500.0,112000.0,32.0
001336.SZ,20260910,18.76,18.77,18.77,18.76,11600.0,217724.0,18.77
001337.SZ,20260910,50.84,50.75,50.95,50.75,125500.0,6371548.8,50.77
001338.SZ,20260910,9.94,9.94,9.99,9.9,283400.0,2819822.08,9.95
001339.SZ,20260910,74.55,74.58,74.8,74.5,13400.0,999568.0,74.6
001356.SZ,20260910,9.22,9.24,9.24,9.22,36300.0,335325.0,9.24
001358.SZ,20260910,23.8,23.85,23.85,23.8,5900.0,140692.0,23.85
001359.SZ,20260910,82.2,82.28,82.28,82.2,2200.0,181000.0,82.27
001360.SZ,20260910,19.99,20.01,20.01,19.98,9000.0,180078.0,20.01
001365.SZ,20260910,33.69,33.69,33.73,33.69,8400.0,283072.0,33.7
001366.SZ,20260910,14.39,14.37,14.5,14.37,640200.0,9205294.08,14.38
001367.SZ,20260910,20.34,20.38,20.38,20.34,4100.0,83538.0,20.38
001368.SZ,20260910,26.63,26.62,26.83,26.62,41800.0,1115334.0,26.68
001369.SZ,20260910,12.32,12.32,12.32,12.3,29400.0,362194.0,12.32
001373.SZ,20260910,28.79,28.62,28.85,28.62,4900.0,140375.0,28.65
001376.SZ,20260910,11.88,11.9,11.91,11.88,110700.0,1317207.04,11.9
001378.SZ,20260910,19.82,19.82,19.86,19.82,14100.0,279490.0,19.82
001379.SZ,20260910,16.36,16.4,16.4,16.36,10900.0,178736.0,16.4
001380.SZ,20260910,18.26,18.32,18.32,18.26,3900.0,71424.0,18.31
001382.SZ,20260910,16.86,16.9,16.9,16.86,25400.0,429212.0,16.9
001386.SZ,20260910,15.92,15.92,15.93,15.92,14800.0,235634.0,15.92
001387.SZ,20260910,12.1,12.17,12.17,12.1,7600.0,92196.0,12.13
001388.SZ,20260910,21.6,21.7,21.82,21.6,55800.0,1210807.04,21.7
001389.SZ,20260910,171.97,171.97,172.31,171.97,38700.0,6656723.84,172.01
001390.SZ,20260910,16.89,16.89,16.96,16.89,5200.0,87933.0,16.91
001391.SZ,20260910,4.14,4.15,4.15,4.14,85600.0,355096.0,4.15
001393.SZ,20260910,41.1,41.12,41.27,41.1,11300.0,464638.0,41.12
001395.SZ,20260910,30.02,30.01,30.02,30.01,5100.0,153055.0,30.01
001396.SZ,20260910,32.1,32.1,32.1,32.1,6000.0,192600.0,32.1
001399.SZ,20260910,20.63,20.66,20.66,20.58,120700.0,2490129.92,20.63
001400.SZ,20260910,77.34,77.49,77.5,77.34,7300.0,565269.0,77.43
001696.SZ,20260910,15.91,15.9,15.94,15.89,529898.0,8426188.16,15.9
001872.SZ,20260910,23.43,23.43,23.43,23.4,14000.0,328010.0,23.43
001896.SZ,20260910,11.71,11.71,11.75,11.69,349800.0,4098128.96,11.72
001914.SZ,20260910,9.07,9.09,9.09,9.07,11500.0,104531.0,9.09
001965.SZ,20260910,9.6,9.53,9.6,9.53,64200.0,612467.0,9.54
001979.SZ,20260910,6.79,6.8,6.81,6.78,239300.0,1627126.08,6.8
002001.SZ,20260910,27.1,27.12,27.12,27.01,169200.0,4587800.96,27.12
002003.SZ,20260910,11.56,11.52,11.56,11.52,26400.0,304396.0,11.53
002004.SZ,20260910,4.87,4.9,4.9,4.8,6199500.16,30328780.8,4.89
002005.SZ,20260910,2.38,2.38,2.38,2.38,14400.0,34272.0,2.38
002006.SZ,20260910,13.85,13.85,13.86,13.77,47300.0,653840.0,13.82
002007.SZ,20260910,13.32,13.36,13.36,13.32,35500.0,474226.0,13.36
002008.SZ,20260910,94.86,95.03,95.49,94.51,680300.0,64639938.56,95.02
002009.SZ,20260910,16.0,16.0,16.06,16.0,26400.0,422476.0,16.0
002010.SZ,20260910,4.71,4.72,4.73,4.71,54300.0,256243.0,4.72
002011.SZ,20260910,12.72,12.79,12.86,12.7,2500200.0,31963338.24,12.78
002012.SZ,20260910,7.32,7.33,7.33,7.32,26600.0,194965.0,7.33
002014.SZ,20260910,11.4,11.4,11.4,11.4,3300.0,37620.0,11.4
002015.SZ,20260910,16.44,16.45,16.47,16.4,752000.0,12367270.4,16.45
002016.SZ,20260910,4.71,4.75,4.75,4.71,29100.0,137978.0,4.74
002017.SZ,20260910,16.03,16.07,16.1,16.02,759400.0,12199343.36,16.06
002019.SZ,20260910,9.7,9.75,9.75,9.7,56000.0,545196.0,9.74
002020.SZ,20260910,11.82,11.83,11.83,11.81,56600.0,669453.0,11.83
002021.SZ,20260910,2.74,2.74,2.74,2.73,27700.0,75897.0,2.74
002022.SZ,20260910,5.83,5.83,5.83,5.83,11800.0,68794.0,5.83
002023.SZ,20260910,9.62,9.61,9.62,9.61,61200.0,588185.0,9.61
002024.SZ,20260910,1.19,1.19,1.19,1.19,424700.0,505393.0,1.19
002025.SZ,20260910,63.58,63.51,63.8,63.51,59600.0,3787176.0,63.54
002026.SZ,20260910,11.73,11.73,11.78,11.71,93500.0,1097495.04,11.74
002027.SZ,20260910,4.88,4.87,4.88,4.87,346700.0,1688511.04,4.87
002028.SZ,20260910,137.6,137.6,137.94,137.3,82400.0,11336335.36,137.58
002029.SZ,20260910,8.8,8.82,8.83,8.8,288700.0,2545140.0,8.82
002030.SZ,20260910,5.46,5.46,5.5,5.46,41300.0,225607.0,5.46
002031.SZ,20260910,5.22,5.22,5.23,5.2,657500.0,3429696.0,5.22
002032.SZ,20260910,39.0,38.88,39.1,38.88,25500.0,991586.0,38.89
002033.SZ,20260910,9.35,9.33,9.39,9.33,596100.0,5573781.12,9.35
002034.SZ,20260910,14.48,14.5,14.51,14.48,28100.0,407326.0,14.5
002035.SZ,20260910,4.67,4.67,4.67,4.67,16100.0,75187.0,4.67
002036.SZ,20260910,6.41,6.43,6.45,6.41,275800.0,1773017.92,6.43
002037.SZ,20260910,7.2,7.12,7.21,7.12,6000.0,42890.0,7.15
002038.SZ,20260910,5.87,5.9,5.91,5.87,199500.0,1176572.0,5.9
002039.SZ,20260910,19.4,19.4,19.4,19.4,12800.0,248320.0,19.4
002040.SZ,20260910,10.98,10.98,10.98,10.98,5849200.0,64224215.04,10.98
002041.SZ,20260910,11.61,11.6,11.7,11.55,713900.0,8289850.24,11.61
002042.SZ,20260910,4.05,4.06,4.07,4.05,258400.0,1048968.0,4.06
002043.SZ,20260910,11.52,11.52,11.54,11.52,18900.0,217807.0,11.52
002044.SZ,20260910,4.67,4.67,4.67,4.66,283700.0,1324471.04,4.67
002045.SZ,20260910,9.11,9.14,9.14,9.1,81000.0,739344.0,9.13
002046.SZ,20260910,60.31,60.5,60.89,60.2,632900.0,38277445.12,60.48
002047.SZ,20260910,3.45,3.45,3.47,3.45,94200.0,325284.0,3.45
002048.SZ,20260910,18.6,18.58,18.6,18.57,59500.0,1105698.0,18.58
002049.SZ,20260910,60.68,60.7,60.7,60.6,72200.0,4380977.92,60.68
002050.SZ,20260910,35.97,36.0,36.01,35.92,175600.0,6320609.28,35.99
002051.SZ,20260910,8.65,8.67,8.72,8.65,320500.0,2779642.88,8.67
002052.SZ,20260910,8.7,8.68,8.73,8.68,22900.0,198879.0,8.69
002053.SZ,20260910,9.91,9.91,9.93,9.91,60700.0,601553.0,9.91
002054.SZ,20260910,7.32,7.32,7.32,7.31,43600.0,318991.0,7.32
002055.SZ,20260910,6.41,6.4,6.41,6.4,102500.0,656002.0,6.4
002056.SZ,20260910,19.82,19.85,19.85,19.8,64500.0,1279594.0,19.84
002057.SZ,20260910,8.91,8.9,8.91,8.89,48500.0,431699.0,8.9
002058.SZ,20260910,16.05,16.05,16.05,16.02,6900.0,110720.0,16.05
002059.SZ,20260910,6.35,6.3,6.35,6.21,7204000.0,45352463.36,6.3
002060.SZ,20260910,3.23,3.23,3.23,3.23,18500.0,59755.0,3.23
002061.SZ,20260910,3.42,3.42,3.42,3.42,182700.0,624834.0,3.42
002062.SZ,20260910,9.01,9.07,9.1,9.01,87800.0,796220.96,9.07
002063.SZ,20260910,5.44,5.44,5.44,5.44,119200.0,648448.0,5.44
002064.SZ,20260910,10.95,10.95,10.97,10.92,111600.0,1221846.0,10.95
002065.SZ,20260910,6.78,6.81,6.81,6.78,85000.0,578116.0,6.8
002066.SZ,20260910,20.8,20.85,20.85,20.8,3700.0,77120.0,20.84
002067.SZ,20260910,4.12,4.12,4.14,4.12,113900.0,469324.0,4.12
002068.SZ,20260910,10.1,10.01,10.22,10.01,6711500.16,67349207.04,10.04
002069.SZ,20260910,3.98,4.0,4.0,3.98,125700.0,502404.0,4.0
002072.SZ,20260910,8.16,8.12,8.19,8.12,202500.0,1645888.0,8.13
002073.SZ,20260910,5.85,5.84,5.85,5.84,18900.0,110401.0,5.84
002074.SZ,20260910,25.68,25.7,25.7,25.65,50000.0,1284530.0,25.69
002075.SZ,20260910,3.71,3.71,3.71,3.71,51300.0,190323.0,3.71
002076.SZ,20260910,2.17,2.18,2.19,2.17,126500.0,275976.0,2.18
002077.SZ,20260910,13.86,13.77,13.9,13.77,5232600.0,72121538.56,13.78
002078.SZ,20260910,14.48,14.48,14.49,14.45,30800.0,445897.0,14.48
002079.SZ,20260910,8.92,8.94,8.94,8.92,135400.0,1210080.0,8.94
002080.SZ,20260910,49.78,49.8,49.85,49.63,192600.0,9588449.28,49.78
002081.SZ,20260910,5.21,5.19,5.23,5.19,4295800.0,22314856.96,5.2
002082.SZ,20260910,9.37,9.41,9.41,9.37,26400.0,248202.0,9.4
002083.SZ,20260910,9.93,9.93,9.95,9.9,292400.0,2903669.12,9.93
002084.SZ,20260910,5.92,5.9,5.99,5.9,5976803.84,35301463.04,5.91
002085.SZ,20260910,10.36,10.36,10.37,10.36,70900.0,734554.0,10.36
002086.SZ,20260910,2.25,2.25,2.27,2.25,708600.0,1596022.08,2.25
002088.SZ,20260910,7.86,7.9,7.9,7.86,5300.0,41858.0,7.9
002090.SZ,20260910,9.29,9.27,9.29,9.25,12000.0,111178.0,9.27
002091.SZ,20260910,7.68,7.67,7.68,7.67,30400.0,233236.0,7.67
002092.SZ,20260910,4.99,4.99,5.0,4.98,462200.0,2306504.96,4.99
002093.SZ,20260910,7.44,7.45,7.48,7.4,1142900.0,8513891.2,7.45
002094.SZ,20260910,5.66,5.69,5.72,5.66,661200.0,3762288.96,5.69
002095.SZ,20260910,15.75,15.78,15.8,15.66,414100.0,6533964.16,15.78
002096.SZ,20260910,9.71,9.71,9.71,9.7,16300.0,158263.0,9.71
002097.SZ,20260910,7.68,7.68,7.68,7.66,148200.0,1138112.0,7.68
002098.SZ,20260910,8.11,8.12,8.12,8.11,5900.0,47897.0,8.12
002099.SZ,20260910,5.48,5.48,5.48,5.45,361500.0,1979932.96,5.48
002100.SZ,20260910,8.33,8.33,8.36,8.31,120500.0,1003956.0,8.33
002101.SZ,20260910,8.85,8.85,8.85,8.85,4830.0,42745.5,8.85
002102.SZ,20260910,2.71,2.71,2.71,2.7,439000.0,1189562.0,2.71
002103.SZ,20260910,6.75,6.76,6.78,6.75,74300.0,502321.0,6.76
002104.SZ,20260910,12.61,12.6,12.72,12.59,711200.0,8964405.12,12.61
002105.SZ,20260910,6.3,6.31,6.31,6.3,116000.0,731906.0,6.31
002106.SZ,20260910,10.99,11.0,11.0,10.97,88500.0,973039.04,11.0
002107.SZ,20260910,7.18,7.18,7.23,7.17,465500.0,3345222.08,7.19
002108.SZ,20260910,4.37,4.37,4.38,4.37,169700.0,741640.96,4.37
002109.SZ,20260910,2.94,2.93,2.94,2.93,125800.0,368619.0,2.93
002110.SZ,20260910,3.07,3.06,3.07,3.06,57700.0,176594.0,3.06
002111.SZ,20260910,10.02,10.01,10.04,10.01,57600.0,576644.0,10.01
002112.SZ,20260910,15.0,15.0,15.0,14.99,49500.0,742454.0,15.0
002114.SZ,20260910,7.98,7.92,7.98,7.92,39900.0,316068.0,7.92
002115.SZ,20260910,10.45,10.46,10.46,10.45,202100.0,2113297.92,10.46
002116.SZ,20260910,7.55,7.55,7.56,7.54,40500.0,305758.0,7.55
002117.SZ,20260910,8.15,8.16,8.16,8.15,16400.0,133793.0,8.16
002119.SZ,20260910,22.84,22.86,22.88,22.79,95300.0,2178120.0,22.86
002120.SZ,20260910,6.83,6.84,6.84,6.83,42800.0,292628.0,6.84
002121.SZ,20260910,5.22,5.24,5.27,5.18,2428800.0,12714045.44,5.24
002122.SZ,20260910,2.78,2.78,2.78,2.78,85900.0,238802.0,2.78
002123.SZ,20260910,7.97,7.96,8.01,7.96,42200.0,336009.0,7.96
002124.SZ,20260910,2.52,2.52,2.54,2.51,2233200.0,5636119.04,2.52
002125.SZ,20260910,12.24,12.22,12.24,12.22,24600.0,300708.0,12.22
002126.SZ,20260910,40.0,40.06,40.1,40.0,80600.0,3226835.84,40.04
002127.SZ,20260910,3.05,3.05,3.06,3.05,199600.0,609343.0,3.05
002128.SZ,20260910,29.17,29.11,29.18,29.11,84700.0,2467446.08,29.13
002129.SZ,20260910,9.04,9.05,9.06,9.03,538200.0,4869504.96,9.05
002130.SZ,20260910,17.41,17.4,17.44,17.37,730300.0,12708747.52,17.4
002131.SZ,20260910,4.59,4.59,4.62,4.59,3069600.0,14105002.24,4.59
002132.SZ,20260910,4.17,4.17,4.17,4.16,192800.0,803946.0,4.17
002133.SZ,20260910,2.95,2.93,2.95,2.93,142000.0,416584.0,2.93
002134.SZ,20260910,21.9,22.0,22.0,21.9,44800.0,985112.0,21.99
002135.SZ,20260910,6.19,6.19,6.2,6.19,25200.0,156027.0,6.19
002136.SZ,20260910,12.75,12.75,12.76,12.75,2900.0,36994.0,12.76
002137.SZ,20260910,7.58,7.58,7.59,7.55,60300.0,457067.0,7.58
002138.SZ,20260910,47.09,47.2,47.2,47.06,127300.0,6005895.04,47.18
002139.SZ,20260910,9.22,9.23,9.23,9.22,25000.0,230645.0,9.23
002140.SZ,20260910,9.31,9.3,9.31,9.27,15600.0,144877.0,9.29
002141.SZ,20260910,6.28,6.28,6.32,6.26,1032200.0,6484462.08,6.28
002142.SZ,20260910,34.81,34.81,34.85,34.8,224200.0,7805072.0,34.81
002144.SZ,20260910,11.24,11.24,11.24,11.24,17900.0,201196.0,11.24
002145.SZ,20260910,4.29,4.3,4.3,4.29,119755.0,514867.92,4.3
002146.SZ,20260910,1.22,1.22,1.22,1.21,1969000.0,2401995.04,1.22
002148.SZ,20260910,6.52,6.53,6.53,6.52,21500.0,140385.0,6.53
002149.SZ,20260910,33.9,33.9,33.9,33.85,57000.0,1932096.96,33.9
002150.SZ,20260910,20.4,20.5,20.5,20.4,12100.0,247984.0,20.5
002151.SZ,20260910,28.73,28.77,28.77,28.71,41700.0,1199512.96,28.77
002152.SZ,20260910,9.49,9.49,9.5,9.49,54800.0,520063.0,9.49
002153.SZ,20260910,7.87,7.82,7.88,7.82,151800.0,1192370.0,7.86
002154.SZ,20260910,4.1,4.11,4.11,4.1,210500.0,865031.04,4.11
002155.SZ,20260910,28.38,28.45,28.48,28.14,4178499.84,118812170.24,28.43
002156.SZ,20260910,57.6,57.65,57.66,57.51,393700.0,22692899.84,57.64
002157.SZ,20260910,3.25,3.26,3.27,3.25,1194100.0,3890561.92,3.26
002158.SZ,20260910,26.83,26.8,26.83,26.71,72100.0,1932784.96,26.81
002159.SZ,20260910,14.22,14.22,14.27,14.22,38400.0,546544.0,14.23
002160.SZ,20260910,4.15,4.15,4.16,4.15,123200.0,511629.0,4.15
002161.SZ,20260910,6.91,6.91,6.95,6.91,20300.0,140277.0,6.91
002162.SZ,20260910,4.35,4.33,4.38,4.3,4994670.08,21646295.04,4.33
002163.SZ,20260910,9.08,9.06,9.08,9.06,307100.0,2782732.16,9.06
002164.SZ,20260910,10.77,10.77,10.77,10.77,2800.0,30156.0,10.77
002165.SZ,20260910,8.0,8.0,8.02,8.0,1134700.0,9079296.0,8.0
002166.SZ,20260910,7.15,7.13,7.16,7.13,162300.0,1157710.0,7.13
002167.SZ,20260910,15.77,15.79,15.8,15.74,535400.0,8450220.16,15.78
002168.SZ,20260910,3.77,3.77,3.77,3.77,22400.0,84448.0,3.77
002169.SZ,20260910,12.32,12.3,12.35,12.3,121900.0,1500023.04,12.31
002170.SZ,20260910,11.97,11.98,12.02,11.97,103900.0,1245096.96,11.98
002171.SZ,20260910,11.07,11.07,11.09,11.01,2925699.84,32383096.32,11.07
002172.SZ,20260910,5.03,5.0,5.04,5.0,19672299.52,98592972.8,5.01
002173.SZ,20260910,17.86,17.87,17.88,17.85,183800.0,3283269.12,17.86
002174.SZ,20260910,12.37,12.36,12.37,12.36,201500.0,2490600.0,12.36
002175.SZ,20260910,2.56,2.56,2.56,2.56,78800.0,201728.0,2.56
002176.SZ,20260910,8.95,8.98,8.98,8.95,205400.0,1843831.04,8.98
002177.SZ,20260910,5.95,5.92,5.95,5.89,103200.0,611215.0,5.92
002178.SZ,20260910,4.7,4.72,4.72,4.7,35900.0,169301.0,4.72
002179.SZ,20260910,34.4,34.4,34.48,34.38,57500.0,1978568.8,34.41
002180.SZ,20260910,16.5,16.56,16.64,16.5,65100.0,1076491.04,16.54
002181.SZ,20260910,9.49,9.49,9.5,9.45,1337500.0,12690222.08,9.49
002182.SZ,20260910,12.03,12.03,12.03,12.02,48600.0,584652.0,12.03
002183.SZ,20260910,4.48,4.49,4.49,4.48,141300.0,634001.0,4.49
002184.SZ,20260910,9.77,9.77,9.8,9.77,29000.0,283336.0,9.77
002185.SZ,20260910,15.97,16.0,16.0,15.93,1471200.0,23523028.48,15.99
002186.SZ,20260910,10.19,10.18,10.19,10.17,81800.0,833120.0,10.19
002187.SZ,20260910,6.02,6.0,6.04,5.99,212500.0,1275651.04,6.0
002188.SZ,20260910,5.65,5.65,5.66,5.65,55700.0,314707.0,5.65
002189.SZ,20260910,19.44,19.49,19.49,19.43,11100.0,216238.0,19.48
002190.SZ,20260910,26.05,26.05,26.2,26.0,169200.0,4406986.88,26.05
002191.SZ,20260910,3.65,3.64,3.65,3.64,178700.0,650518.0,3.64
002192.SZ,20260910,65.02,65.0,65.4,65.0,85500.0,5558814.08,65.02
002193.SZ,20260910,5.06,5.06,5.06,5.06,23500.0,118910.0,5.06
002194.SZ,20260910,10.63,10.67,10.75,10.62,1943800.0,20741468.16,10.67
002195.SZ,20260910,6.19,6.2,6.2,6.18,494900.0,3067600.0,6.2
002196.SZ,20260910,10.55,10.6,10.63,10.55,274000.0,2904588.16,10.6
002197.SZ,20260910,6.84,6.85,6.85,6.84,48400.0,331530.0,6.85
002198.SZ,20260910,3.74,3.75,3.75,3.74,87600.0,328325.0,3.75
002199.SZ,20260910,12.34,12.35,12.35,12.25,23400.0,288960.0,12.35
002200.SZ,20260910,6.97,6.97,6.97,6.97,8500.0,59245.0,6.97
002201.SZ,20260910,9.11,9.14,9.14,9.11,283100.0,2585755.04,9.13
002202.SZ,20260910,17.67,17.69,17.7,17.66,678800.0,12005871.36,17.69
002203.SZ,20260910,19.71,19.76,19.76,19.71,168100.0,3318489.92,19.74
002204.SZ,20260910,5.34,5.34,5.35,5.34,246200.0,1314732.0,5.34
002205.SZ,20260910,11.17,11.17,11.2,11.16,39800.0,444672.0,11.17
002206.SZ,20260910,5.29,5.29,5.29,5.28,47500.0,251089.0,5.29
002207.SZ,20260910,5.95,5.94,5.96,5.94,223800.0,1330210.0,5.94
002208.SZ,20260910,10.17,10.16,10.19,10.13,222300.0,2259243.04,10.16
002209.SZ,20260910,13.72,13.72,13.72,13.72,38100.0,522732.0,13.72
002210.SZ,20260910,2.3,2.3,2.3,2.29,338800.0,778954.0,2.3
002211.SZ,20260910,3.95,3.95,3.95,3.95,10000.0,39500.0,3.95
002212.SZ,20260910,6.53,6.54,6.54,6.52,467300.0,3055415.04,6.54
002213.SZ,20260910,27.53,27.5,27.53,27.4,40700.0,1117570.0,27.46
002214.SZ,20260910,16.89,16.89,16.89,16.89,9200.0,155388.0,16.89
002215.SZ,20260910,10.72,10.72,10.74,10.7,286700.0,3073251.84,10.72
002216.SZ,20260910,11.96,11.95,11.99,11.95,45000.0,538392.0,11.96
002217.SZ,20260910,1.46,1.46,1.46,1.45,1284000.0,1874639.04,1.46
002218.SZ,20260910,4.03,4.03,4.03,4.02,94900.0,382440.0,4.03
002219.SZ,20260910,2.19,2.19,2.19,2.18,607800.0,1330755.04,2.19
002221.SZ,20260910,6.18,6.18,6.18,6.16,171600.0,1060288.0,6.18
002222.SZ,20260910,66.06,66.05,66.29,66.0,172625.0,11402622.72,66.05
002223.SZ,20260910,25.66,25.66,25.7,25.66,11400.0,292532.0,25.66
002224.SZ,20260910,4.09,4.13,4.14,4.09,592300.0,2443568.96,4.13
002225.SZ,20260910,3.68,3.68,3.68,3.68,39600.0,145728.0,3.68
002226.SZ,20260910,5.14,5.15,5.15,5.13,3800.0,19541.0,5.14
002227.SZ,20260910,6.69,6.74,6.74,6.69,22200.0,148890.0,6.71
002228.SZ,20260910,3.25,3.25,3.25,3.25,86200.0,280150.0,3.25
002229.SZ,20260910,11.63,11.68,11.69,11.63,200000.0,2335307.04,11.68
002230.SZ,20260910,38.9,38.98,38.98,38.9,102900.0,4009238.08,38.96
002232.SZ,20260910,14.3,14.3,14.3,14.3,3600.0,51480.0,14.3
002233.SZ,20260910,7.15,7.12,7.15,7.12,2900.0,20669.0,7.13
002234.SZ,20260910,8.58,8.56,8.58,8.56,22500.0,192620.0,8.56
002235.SZ,20260910,8.3,8.34,8.34,8.3,82300.0,685402.0,8.33
002236.SZ,20260910,16.11,16.12,16.13,16.1,129700.0,2090544.96,16.12
002237.SZ,20260910,14.92,14.91,14.93,14.9,107400.0,1601488.96,14.91
002238.SZ,20260910,6.64,6.64,6.64,6.64,18100.0,120184.0,6.64
002239.SZ,20260910,2.56,2.57,2.57,2.56,131000.0,336669.0,2.57
002240.SZ,20260910,28.79,28.8,28.8,28.74,59200.0,1704814.08,28.8
002241.SZ,20260910,22.8,22.8,22.85,22.78,736300.0,16788291.84,22.8
002242.SZ,20260910,8.47,8.48,8.49,8.47,21300.0,180621.0,8.48
002243.SZ,20260910,7.41,7.42,7.42,7.4,43500.0,322534.0,7.42
002244.SZ,20260910,8.43,8.38,8.43,8.37,138100.0,1159088.96,8.39
002245.SZ,20260910,17.7,17.75,17.75,17.7,162700.0,2887002.88,17.74
002246.SZ,20260910,22.82,22.82,22.84,22.62,51700.0,1178904.0,22.8
002247.SZ,20260910,2.49,2.49,2.49,2.49,94000.0,234060.0,2.49
002248.SZ,20260910,9.66,9.65,9.69,9.65,72300.0,697828.0,9.65
002249.SZ,20260910,6.72,6.71,6.72,6.71,305000.0,2046630.08,6.71
002250.SZ,20260910,14.72,14.71,14.82,14.71,29900.0,439922.0,14.71
002251.SZ,20260910,3.96,3.95,3.97,3.95,986800.0,3900874.88,3.95
002252.SZ,20260910,5.02,5.01,5.03,5.0,164600.0,824888.96,5.01
002253.SZ,20260910,10.2,10.2,10.2,10.2,7600.0,77520.0,10.2
002254.SZ,20260910,12.52,12.55,12.55,12.51,35100.0,440137.0,12.54
002255.SZ,20260910,7.89,7.89,7.9,7.83,113400.0,891312.96,7.86
002256.SZ,20260910,3.33,3.33,3.34,3.33,113200.0,377000.0,3.33
002258.SZ,20260910,15.75,15.76,15.88,15.73,849100.0,13390338.56,15.77
002259.SZ,20260910,4.4,4.39,4.4,4.39,91300.0,401029.0,4.39
002261.SZ,20260910,25.39,25.4,25.43,25.38,293500.0,7454355.2,25.4
002262.SZ,20260910,22.05,22.08,22.08,22.02,13400.0,295797.0,22.07
002263.SZ,20260910,3.22,3.22,3.23,3.22,156700.0,504577.0,3.22
002264.SZ,20260910,7.39,7.4,7.48,7.37,1765900.0,13074935.04,7.4
002265.SZ,20260910,21.36,21.28,21.39,21.28,582326.0,12400241.92,21.29
002266.SZ,20260910,4.94,4.95,4.95,4.92,270200.0,1335610.0,4.94
002267.SZ,20260910,7.6,7.59,7.63,7.59,30700.0,233163.0,7.6
002268.SZ,20260910,14.03,14.0,14.03,13.99,12800.0,179222.0,14.0
002269.SZ,20260910,1.51,1.51,1.51,1.5,146000.0,220310.0,1.51
002270.SZ,20260910,19.64,19.66,19.66,19.62,28200.0,554192.0,19.65
002271.SZ,20260910,10.82,10.8,10.83,10.8,132800.0,1434440.96,10.8
002272.SZ,20260910,16.41,16.41,16.46,16.4,70300.0,1153740.96,16.41
002273.SZ,20260910,25.13,25.1,25.22,25.1,112900.0,2836120.96,25.12
002274.SZ,20260910,6.65,6.63,6.69,6.63,1806600.0,11985415.68,6.63
002275.SZ,20260910,12.43,12.43,12.44,12.43,43200.0,536989.0,12.43
002276.SZ,20260910,10.25,10.27,10.27,10.25,23000.0,236126.0,10.27
002277.SZ,20260910,6.05,6.06,6.08,6.05,136400.0,826372.0,6.06
002278.SZ,20260910,8.52,8.51,8.55,8.51,280800.0,2391590.08,8.52
002279.SZ,20260910,6.89,6.91,6.91,6.86,131800.0,909000.0,6.9
002281.SZ,20260910,182.06,183.05,183.8,182.06,398627.0,72954726.4,183.02
002282.SZ,20260910,6.19,6.2,6.2,6.19,32200.0,199639.0,6.2
002283.SZ,20260910,7.96,7.97,7.97,7.95,85700.0,682338.0,7.96
002284.SZ,20260910,10.23,10.26,10.26,10.23,205500.0,2108000.0,10.26
002285.SZ,20260910,2.47,2.46,2.47,2.46,2406800.0,5921575.04,2.46
002286.SZ,20260910,9.36,9.33,9.4,9.25,1762900.0,16440426.24,9.33
002287.SZ,20260910,19.91,19.91,19.91,19.91,3100.0,61721.0,19.91
002289.SZ,20260910,36.8,36.19,36.8,36.19,39400.0,1434508.0,36.41
002290.SZ,20260910,67.09,67.33,67.43,67.02,55200.0,3715807.04,67.32
002291.SZ,20260910,5.74,5.75,5.75,5.72,221900.0,1275200.0,5.75
002292.SZ,20260910,8.71,8.72,8.75,8.71,156300.0,1363076.0,8.72
002293.SZ,20260910,11.11,11.11,11.11,11.11,13600.0,151096.0,11.11
002294.SZ,20260910,31.9,31.93,32.03,31.88,524100.0,16750155.52,31.96
002295.SZ,20260910,11.31,11.4,11.5,11.17,4768499.84,54314700.8,11.39
002296.SZ,20260910,9.12,9.12,9.13,9.1,37900.0,345397.0,9.11
002297.SZ,20260910,21.99,21.89,22.0,21.88,2426036.0,53193948.16,21.93
002298.SZ,20260910,8.15,8.16,8.17,8.11,149200.0,1216942.0,8.16
002299.SZ,20260910,17.18,17.22,17.22,17.18,46300.0,796052.96,17.19
002300.SZ,20260910,8.06,8.08,8.15,8.05,2297900.0,18567729.92,8.08
002301.SZ,20260910,8.08,8.08,8.08,8.08,52000.0,420160.0,8.08
002302.SZ,20260910,4.8,4.8,4.81,4.8,21300.0,102247.0,4.8
002303.SZ,20260910,5.55,5.55,5.57,5.54,256900.0,1425808.96,5.55
002304.SZ,20260910,39.03,39.09,39.09,39.03,15900.0,621459.0,39.09
002305.SZ,20260910,2.1,2.11,2.11,2.1,279000.0,588537.0,2.11
002306.SZ,20260910,2.43,2.43,2.43,2.43,313400.0,761562.0,2.43
002307.SZ,20260910,3.14,3.14,3.14,3.14,102400.0,321536.0,3.14
002309.SZ,20260910,3.02,3.02,3.03,3.02,439000.0,1325842.0,3.02
002310.SZ,20260910,2.33,2.34,2.34,2.33,258200.0,602771.0,2.34
002311.SZ,20260910,43.64,43.64,43.99,43.64,50000.0,2182724.0,43.65
002312.SZ,20260910,9.46,9.45,9.53,9.45,2595500.0,24557363.2,9.46
002313.SZ,20260910,8.66,8.6,8.66,8.55,103700.0,893088.0,8.61
002314.SZ,20260910,2.27,2.26,2.27,2.26,74300.0,167938.0,2.26
002315.SZ,20260910,24.88,24.81,24.89,24.75,16800.0,416995.0,24.82
002316.SZ,20260910,4.66,4.66,4.68,4.63,161100.0,750783.04,4.66
002317.SZ,20260910,24.76,24.81,24.86,24.76,114900.0,2849279.04,24.8
002318.SZ,20260910,19.04,19.09,19.09,19.04,16200.0,308954.0,19.07
002319.SZ,20260910,10.38,10.4,10.4,10.31,15600.0,162087.0,10.39
002320.SZ,20260910,7.5,7.51,7.53,7.46,1349800.0,10134437.76,7.51
002321.SZ,20260910,2.21,2.2,2.21,2.2,262900.0,579080.0,2.2
002322.SZ,20260910,12.22,12.21,12.26,12.2,26800.0,327443.0,12.22
002323.SZ,20260910,1.26,1.26,1.26,1.26,344187.0,433675.64,1.26
002324.SZ,20260910,9.35,9.34,9.35,9.32,121700.0,1136375.04,9.34
002326.SZ,20260910,17.55,17.56,17.56,17.51,57800.0,1014660.0,17.56
002327.SZ,20260910,6.32,6.32,6.32,6.32,12000.0,75840.0,6.32
002328.SZ,20260910,8.87,8.91,8.93,8.86,1895400.0,16886588.16,8.91
002329.SZ,20260910,3.94,3.94,3.94,3.94,254900.0,1004306.0,3.94
002330.SZ,20260910,4.29,4.29,4.29,4.29,45500.0,195195.0,4.29
002331.SZ,20260910,7.1,7.11,7.11,7.09,53700.0,381682.0,7.11
002332.SZ,20260910,8.83,8.83,8.85,8.82,124600.0,1100414.0,8.83
002333.SZ,20260910,5.55,5.56,5.56,5.55,15200.0,84503.0,5.56
002334.SZ,20260910,6.61,6.61,6.63,6.61,69800.0,461480.0,6.61
002335.SZ,20260910,29.7,29.7,29.72,29.66,89800.0,2667000.0,29.7
002337.SZ,20260910,4.76,4.76,4.76,4.75,18900.0,89961.0,4.76
002338.SZ,20260910,40.18,40.26,40.26,40.18,12400.0,499123.0,40.25
002339.SZ,20260910,7.44,7.45,7.45,7.44,9400.0,70027.0,7.45
002340.SZ,20260910,6.38,6.38,6.38,6.37,284900.0,1816859.04,6.38
002342.SZ,20260910,8.1,8.1,8.11,8.01,557200.0,4507621.12,8.09
002343.SZ,20260910,5.85,5.9,5.92,5.81,1961500.0,11572629.76,5.9
002344.SZ,20260910,4.15,4.15,4.15,4.14,13300.0,55187.0,4.15
002345.SZ,20260910,9.43,9.4,9.43,9.39,105500.0,991980.0,9.4
002346.SZ,20260910,18.33,18.31,18.33,18.31,27000.0,494503.0,18.32
002347.SZ,20260910,6.23,6.23,6.23,6.23,23800.0,148274.0,6.23
002348.SZ,20260910,10.72,10.82,10.83,10.72,70400.0,761462.0,10.82
002349.SZ,20260910,8.9,9.0,9.0,8.83,7482899.84,67240985.6,8.99
002350.SZ,20260910,14.7,14.51,14.7,14.51,125100.0,1817430.08,14.53
002351.SZ,20260910,9.93,9.91,9.93,9.9,22200.0,220019.0,9.91
002352.SZ,20260910,31.58,31.6,31.61,31.58,92200.0,2913456.96,31.6
002353.SZ,20260910,123.9,123.9,123.99,123.51,125300.0,15521224.96,123.87
002354.SZ,20260910,7.81,7.8,7.87,7.8,3037566.08,23711301.12,7.81
002355.SZ,20260910,4.78,4.78,4.78,4.77,74700.0,357014.0,4.78
002356.SZ,20260910,2.88,2.88,2.89,2.88,73400.0,211853.0,2.89
002357.SZ,20260910,12.86,12.93,12.93,12.86,325100.0,4202158.08,12.93
002358.SZ,20260910,5.42,5.43,5.43,5.42,56100.0,304359.0,5.43
002360.SZ,20260910,5.69,5.67,5.69,5.67,3800.0,21598.0,5.68
002361.SZ,20260910,10.1,10.1,10.12,10.09,316200.0,3194348.16,10.1
002362.SZ,20260910,15.65,15.73,15.73,15.65,18300.0,287336.0,15.7
002363.SZ,20260910,6.88,6.9,6.9,6.88,5700.0,39323.0,6.9
002364.SZ,20260910,36.04,36.06,36.08,36.0,152700.0,5505036.16,36.05
002365.SZ,20260910,15.49,15.51,15.52,15.44,296800.0,4602664.96,15.51
002366.SZ,20260910,6.04,6.05,6.05,6.02,1246700.0,7535845.76,6.05
002367.SZ,20260910,5.78,5.79,5.79,5.77,22200.0,128363.0,5.78
002368.SZ,20260910,13.45,13.6,13.6,13.45,118500.0,1601300.96,13.51
002369.SZ,20260910,5.98,5.99,5.99,5.97,24600.0,147234.0,5.99
002370.SZ,20260910,5.51,5.51,5.53,5.51,145900.0,803975.04,5.51
002371.SZ,20260910,645.55,645.88,645.88,643.0,27000.0,17436067.84,645.78
002372.SZ,20260910,8.41,8.4,8.41,8.4,28600.0,240272.0,8.4
002373.SZ,20260910,7.49,7.5,7.5,7.46,65300.0,489540.0,7.5
002374.SZ,20260910,3.14,3.15,3.15,3.14,17100.0,53779.0,3.15
002375.SZ,20260910,3.82,3.83,3.83,3.82,59500.0,227761.0,3.83
002376.SZ,20260910,6.6,6.61,6.61,6.6,70000.0,462481.0,6.61
002377.SZ,20260910,3.47,3.42,3.47,3.42,24435299.84,84313538.56,3.45
002378.SZ,20260910,23.62,23.62,23.7,23.62,219900.0,5197136.96,23.63
002379.SZ,20260910,19.61,19.63,19.66,19.56,289700.0,5684266.24,19.62
002380.SZ,20260910,27.14,27.13,27.25,27.13,31300.0,849396.0,27.14
002381.SZ,20260910,5.7,5.7,5.7,5.69,22300.0,127095.0,5.7
002382.SZ,20260910,6.0,6.0,6.01,6.0,35400.0,212552.0,6.0
002383.SZ,20260910,7.78,7.8,7.84,7.75,2319800.0,18100345.6,7.8
002384.SZ,20260910,197.0,197.5,198.66,196.96,1506300.0,297646817.28,197.6
002385.SZ,20260910,3.59,3.59,3.59,3.58,810800.0,2909298.88,3.59
002386.SZ,20260910,5.96,5.97,5.99,5.96,108500.0,647391.0,5.97
002387.SZ,20260910,7.03,7.04,7.04,7.02,90300.0,635550.0,7.04
002388.SZ,20260910,6.52,6.54,6.54,6.51,88400.0,577674.0,6.54
002389.SZ,20260910,19.65,19.59,19.65,19.58,290400.0,5690215.04,19.59
002390.SZ,20260910,3.07,3.06,3.07,3.06,35200.0,107747.0,3.06
002391.SZ,20260910,5.55,5.54,5.55,5.54,44500.0,246718.0,5.54
002392.SZ,20260910,7.8,7.79,7.83,7.79,53300.0,415815.0,7.8
002393.SZ,20260910,14.17,14.17,14.17,14.17,300.0,4251.0,14.17
002394.SZ,20260910,10.61,10.61,10.61,10.6,37900.0,402099.0,10.61
002395.SZ,20260910,13.03,13.02,13.05,13.02,48100.0,626395.0,13.02
002396.SZ,20260910,35.7,35.8,35.9,35.55,1097000.0,39262464.0,35.79
002397.SZ,20260910,3.91,3.93,3.94,3.91,87500.0,343470.0,3.93
002398.SZ,20260910,4.28,4.29,4.3,4.28,40000.0,171620.0,4.29
002399.SZ,20260910,9.95,9.94,9.95,9.94,9800.0,97422.0,9.94
002400.SZ,20260910,6.68,6.68,6.7,6.66,439200.0,2934773.12,6.68
002401.SZ,20260910,12.64,12.64,12.65,12.63,44400.0,561172.0,12.64
002402.SZ,20260910,18.32,18.33,18.33,18.3,68900.0,1262364.96,18.32
002403.SZ,20260910,12.62,12.49,12.65,12.49,2691299.84,33682063.36,12.52
002404.SZ,20260910,6.04,6.04,6.04,6.03,91600.0,553227.0,6.04
002405.SZ,20260910,6.21,6.2,6.22,6.2,334500.0,2073998.08,6.2
002406.SZ,20260910,6.73,6.73,6.74,6.73,39200.0,263820.0,6.73
002407.SZ,20260910,33.27,33.33,33.33,33.21,304000.0,10123276.8,33.3
002408.SZ,20260910,5.72,5.71,5.73,5.71,266600.0,1523750.08,5.72
002409.SZ,20260910,131.0,131.24,131.25,130.93,141500.0,18564483.84,131.2
002410.SZ,20260910,8.48,8.49,8.5,8.47,147500.0,1252046.0,8.49
002412.SZ,20260910,9.52,9.51,9.55,9.51,1025400.0,9757904.0,9.52
002413.SZ,20260910,8.12,8.13,8.14,8.1,270400.0,2197492.96,8.13
002414.SZ,20260910,12.51,12.55,12.55,12.51,408400.0,5122230.08,12.54
002415.SZ,20260910,33.57,33.57,33.6,33.56,317000.0,10642193.92,33.57
002416.SZ,20260910,9.44,9.45,9.45,9.43,112700.0,1064598.0,9.45
002418.SZ,20260910,5.05,5.05,5.1,5.0,2857299.84,14432504.32,5.05
002419.SZ,20260910,4.91,4.9,4.92,4.9,154900.0,759712.96,4.91
002420.SZ,20260910,6.25,6.25,6.25,6.24,30800.0,192499.0,6.25
002421.SZ,20260910,3.26,3.27,3.28,3.25,1033800.0,3378114.88,3.27
002422.SZ,20260910,40.38,40.44,40.44,40.36,50600.0,2045792.96,40.43
002423.SZ,20260910,9.81,9.8,9.82,9.79,149100.0,1461350.08,9.8
002424.SZ,20260910,4.78,4.77,4.78,4.77,251000.0,1197526.0,4.77
002425.SZ,20260910,3.31,3.32,3.32,3.31,205900.0,683471.04,3.32
002426.SZ,20260910,2.67,2.67,2.68,2.67,147000.0,392859.0,2.67
002427.SZ,20260910,4.88,4.89,4.9,4.88,118600.0,580027.0,4.89
002428.SZ,20260910,90.65,90.73,90.98,90.3,626900.0,56874101.76,90.72
002429.SZ,20260910,7.92,7.92,7.93,7.91,465800.0,3687277.12,7.92
002430.SZ,20260910,26.98,27.09,27.09,26.89,64300.0,1741073.92,27.08
002431.SZ,20260910,1.37,1.37,1.37,1.37,446700.0,611979.0,1.37
002432.SZ,20260910,64.5,64.1,64.5,63.82,556100.0,35637724.16,64.09
002434.SZ,20260910,5.86,5.85,5.86,5.85,93200.0,545246.0,5.85
002436.SZ,20260910,39.24,39.08,39.4,39.08,1055494.0,41314388.48,39.14
002437.SZ,20260910,3.64,3.64,3.69,3.64,5071800.0,18478548.48,3.64
002438.SZ,20260910,13.72,13.75,13.75,13.72,65100.0,895056.96,13.75
002439.SZ,20260910,13.26,13.26,13.27,13.24,153300.0,2032436.96,13.26
002440.SZ,20260910,12.72,12.7,12.77,12.7,432600.0,5495836.16,12.7
002441.SZ,20260910,8.21,8.25,8.25,8.18,29100.0,239835.0,8.24
002442.SZ,20260910,5.52,5.53,5.54,5.5,449300.0,2483164.0,5.53
002443.SZ,20260910,11.4,11.46,11.46,11.35,132200.0,1512400.96,11.44
002444.SZ,20260910,29.36,29.43,29.43,29.33,21100.0,620653.0,29.42
002445.SZ,20260910,3.13,3.13,3.13,3.12,490900.0,1535799.04,3.13
002446.SZ,20260910,8.09,8.1,8.1,8.08,218600.0,1769112.0,8.09
002448.SZ,20260910,12.1,12.25,12.26,12.04,967200.0,11829345.28,12.23
002449.SZ,20260910,6.55,6.55,6.56,6.55,40600.0,265996.0,6.55
002451.SZ,20260910,7.8,7.81,7.84,7.79,98600.0,770028.96,7.81
002452.SZ,20260910,12.25,12.25,12.29,12.25,121200.0,1485832.96,12.26
002453.SZ,20260910,4.58,4.58,4.58,4.57,16000.0,73262.0,4.58
002454.SZ,20260910,5.12,5.12,5.12,5.1,19300.0,98798.0,5.12
002455.SZ,20260910,7.58,7.59,7.59,7.55,97600.0,740632.96,7.59
002456.SZ,20260910,7.18,7.2,7.2,7.18,461500.0,3321535.04,7.2
002457.SZ,20260910,12.06,12.01,12.11,12.01,552700.0,6640280.96,12.01
002458.SZ,20260910,9.39,9.4,9.41,9.38,229800.0,2159911.04,9.4
002459.SZ,20260910,6.84,6.85,6.85,6.83,81800.0,560144.0,6.85
002460.SZ,20260910,49.14,49.13,49.17,49.12,180200.0,8853573.12,49.13
002461.SZ,20260910,8.69,8.7,8.7,8.69,8000.0,69581.0,8.7
002462.SZ,20260910,12.37,12.36,12.37,12.36,5200.0,64281.0,12.36
002463.SZ,20260910,126.5,126.06,126.9,126.06,465100.0,58697461.76,126.2
002465.SZ,20260910,10.14,10.13,10.15,10.12,359300.0,3639989.12,10.13
002466.SZ,20260910,45.2,45.2,45.3,45.15,167584.0,7574947.84,45.2
002467.SZ,20260910,4.73,4.74,4.74,4.73,73800.0,349654.0,4.74
002468.SZ,20260910,14.21,14.25,14.25,14.21,67200.0,956924.96,14.24
002469.SZ,20260910,6.47,6.46,6.47,6.43,59900.0,386831.0,6.46
002470.SZ,20260910,2.65,2.78,2.8,2.64,63328901.12,175556116.48,2.77
002471.SZ,20260910,5.78,5.79,5.8,5.77,240600.0,1392080.0,5.79
002472.SZ,20260910,36.87,36.92,36.95,36.84,69000.0,2547400.0,36.92
002474.SZ,20260910,6.39,6.42,6.42,6.38,19600.0,125707.0,6.41
002475.SZ,20260910,55.0,55.0,55.1,54.88,1043900.0,57401671.68,54.99
002476.SZ,20260910,5.2,5.2,5.24,5.2,52200.0,272408.0,5.22
002478.SZ,20260910,6.76,6.75,6.78,6.74,244400.0,1649980.0,6.75
002479.SZ,20260910,6.2,6.2,6.2,6.18,39500.0,244877.0,6.2
002480.SZ,20260910,5.38,5.37,5.38,5.37,5700.0,30630.0,5.37
002481.SZ,20260910,4.54,4.53,4.55,4.53,229300.0,1039478.0,4.53
002482.SZ,20260910,1.36,1.36,1.37,1.36,243700.0,331545.0,1.36
002483.SZ,20260910,6.48,6.47,6.48,6.45,795200.0,5147093.12,6.47
002484.SZ,20260910,58.34,58.16,58.38,58.15,185500.0,10794461.44,58.19
002485.SZ,20260910,5.99,5.99,5.99,5.99,8700.0,52113.0,5.99
002486.SZ,20260910,2.86,2.87,2.87,2.85,253900.0,728588.0,2.87
002487.SZ,20260910,32.35,32.4,32.4,32.33,73200.0,2370908.0,32.39
002488.SZ,20260910,7.87,7.9,7.9,7.87,49700.0,392497.0,7.9
002489.SZ,20260910,2.84,2.84,2.84,2.84,8600.0,24424.0,2.84
002490.SZ,20260910,8.13,8.14,8.14,8.08,1156200.0,9402296.96,8.13
002491.SZ,20260910,21.55,21.61,21.61,21.51,2567600.0,55439616.0,21.59
002492.SZ,20260910,6.18,6.22,6.22,6.18,37400.0,232479.0,6.22
002493.SZ,20260910,15.24,15.28,15.28,15.19,693000.0,10580040.96,15.27
002494.SZ,20260910,4.91,4.86,4.91,4.86,72600.0,354729.0,4.89
002495.SZ,20260910,2.49,2.48,2.49,2.48,128200.0,318388.0,2.48
002496.SZ,20260910,2.29,2.3,2.3,2.28,685500.0,1575732.0,2.3
002497.SZ,20260910,17.71,17.7,17.74,17.67,86300.0,1527502.08,17.7
002498.SZ,20260910,6.99,7.06,7.06,6.91,11070300.16,77855953.92,7.03
002500.SZ,20260910,5.34,5.33,5.34,5.33,108300.0,577286.0,5.33
002501.SZ,20260910,1.29,1.29,1.29,1.29,924000.0,1191960.0,1.29
002506.SZ,20260910,2.57,2.56,2.58,2.56,694000.0,1778003.04,2.56
002507.SZ,20260910,11.39,11.41,11.41,11.39,83999.0,958370.56,11.41
002508.SZ,20260910,15.9,15.93,15.93,15.9,28900.0,460371.0,15.93
002510.SZ,20260910,5.62,5.62,5.64,5.62,52900.0,297311.0,5.62
002511.SZ,20260910,7.29,7.29,7.3,7.29,16100.0,117370.0,7.29
002512.SZ,20260910,4.28,4.28,4.28,4.28,52500.0,224700.0,4.28
002513.SZ,20260910,5.76,5.76,5.79,5.75,46300.0,266821.0,5.76
002514.SZ,20260910,2.23,2.23,2.24,2.21,2444800.0,5450186.24,2.23
002515.SZ,20260910,7.8,7.79,7.85,7.71,1284200.0,10014602.88,7.8
002516.SZ,20260910,5.94,5.94,5.97,5.93,186000.0,1104770.0,5.94
002517.SZ,20260910,17.03,17.02,17.07,17.0,353700.0,6019496.96,17.02
002518.SZ,20260910,34.97,35.02,35.04,34.97,263100.0,9212344.32,35.02
002519.SZ,20260910,5.72,5.74,5.74,5.71,142600.0,818024.96,5.74
002520.SZ,20260910,6.42,6.43,6.44,6.42,150700.0,968930.0,6.43
002521.SZ,20260910,6.61,6.61,6.61,6.61,9600.0,63456.0,6.61
002522.SZ,20260910,5.21,5.21,5.23,5.2,115700.0,602709.0,5.21
002523.SZ,20260910,3.53,3.54,3.54,3.53,33300.0,117741.0,3.54
002524.SZ,20260910,4.12,4.12,4.15,4.12,49200.0,202834.0,4.12
002526.SZ,20260910,2.76,2.75,2.76,2.75,42000.0,115540.0,2.75
002527.SZ,20260910,11.01,11.01,11.02,11.01,62300.0,685974.0,11.01
002528.SZ,20260910,7.36,7.35,7.36,7.33,490700.0,3605137.92,7.35
002529.SZ,20260910,7.2,7.22,7.22,7.2,53100.0,383364.0,7.22
002530.SZ,20260910,7.33,7.33,7.39,7.3,164500.0,1204144.96,7.32
002531.SZ,20260910,6.24,6.23,6.24,6.23,79900.0,497861.0,6.23
002532.SZ,20260910,13.95,14.0,14.01,13.95,765000.0,10707217.28,14.0
002533.SZ,20260910,11.19,11.18,11.19,11.18,65600.0,733584.0,11.18
002534.SZ,20260910,16.21,16.31,16.31,16.21,20400.0,332411.0,16.3
002535.SZ,20260910,2.53,2.52,2.54,2.52,158600.0,400830.0,2.53
002536.SZ,20260910,56.0,56.1,56.3,55.81,542500.0,30416468.48,56.07
002537.SZ,20260910,6.21,6.21,6.22,6.2,186800.0,1159846.0,6.21
002538.SZ,20260910,7.02,7.06,7.06,7.02,31500.0,221654.0,7.04
002539.SZ,20260910,13.28,13.28,13.29,13.25,133400.0,1771359.04,13.28
002540.SZ,20260910,5.35,5.35,5.35,5.34,241900.0,1294150.0,5.35
002541.SZ,20260910,19.74,19.77,19.77,19.72,42100.0,832278.0,19.77
002542.SZ,20260910,1.67,1.67,1.68,1.67,97400.0,162884.0,1.67
002543.SZ,20260910,7.13,7.17,7.17,7.13,192800.0,1381751.04,7.17
002544.SZ,20260910,16.06,16.05,16.1,16.03,51600.0,828168.96,16.05
002545.SZ,20260910,17.4,17.46,17.47,17.4,158400.0,2764520.96,17.45
002546.SZ,20260910,7.75,7.76,7.76,7.74,26000.0,201651.0,7.76
002547.SZ,20260910,2.63,2.63,2.64,2.63,680600.0,1791102.08,2.63
002548.SZ,20260910,4.69,4.69,4.72,4.66,714700.0,3352442.88,4.69
002549.SZ,20260910,13.56,13.56,13.57,13.51,26900.0,364442.0,13.55
002550.SZ,20260910,6.62,6.61,6.62,6.6,101400.0,670259.0,6.61
002551.SZ,20260910,3.34,3.33,3.34,3.33,112900.0,375978.0,3.33
002552.SZ,20260910,46.85,46.51,46.88,46.51,272900.0,12709941.76,46.57
002553.SZ,20260910,17.25,17.28,17.28,17.23,61700.0,1065640.96,17.27
002554.SZ,20260910,3.02,3.02,3.03,3.02,258900.0,782011.04,3.02
002555.SZ,20260910,18.28,18.3,18.31,18.27,161500.0,2955144.0,18.3
002556.SZ,20260910,5.68,5.68,5.68,5.62,294900.0,1673824.0,5.68
002557.SZ,20260910,18.92,18.94,18.95,18.92,53400.0,1011340.0,18.94
002558.SZ,20260910,26.05,26.0,26.12,25.97,631900.0,16436468.48,26.01
002559.SZ,20260910,8.99,8.99,9.0,8.98,101900.0,916076.96,8.99
002560.SZ,20260910,6.32,6.35,6.35,6.32,336400.0,2134235.04,6.34
002561.SZ,20260910,7.57,7.58,7.58,7.57,13700.0,103843.0,7.58
002562.SZ,20260910,5.17,5.17,5.18,5.17,125400.0,648379.0,5.17
002563.SZ,20260910,5.76,5.77,5.77,5.76,45500.0,262516.0,5.77
002564.SZ,20260910,5.22,5.23,5.26,5.21,806000.0,4215282.88,5.23
002565.SZ,20260910,8.48,8.49,8.49,8.47,273100.0,2317774.08,8.49
002566.SZ,20260910,7.29,7.26,7.29,7.26,80500.0,584765.0,7.26
002567.SZ,20260910,4.12,4.12,4.13,4.11,239000.0,985342.0,4.12
002568.SZ,20260910,18.11,18.13,18.19,18.11,83000.0,1504905.92,18.13
002569.SZ,20260910,10.51,10.6,10.6,10.51,20300.0,214597.0,10.57
002570.SZ,20260910,4.66,4.66,4.7,4.65,2343800.0,10936527.36,4.67
002571.SZ,20260910,11.63,11.64,11.64,11.63,2300.0,26770.0,11.64
002572.SZ,20260910,7.75,7.76,7.76,7.75,55100.0,427515.0,7.76
002573.SZ,20260910,3.29,3.29,3.29,3.28,55700.0,183152.0,3.29
002574.SZ,20260910,5.27,5.28,5.29,5.25,36700.0,193523.0,5.27
002575.SZ,20260910,5.38,5.42,5.42,5.34,60800.0,328867.0,5.41
002576.SZ,20260910,14.6,14.6,14.6,14.53,22000.0,321018.0,14.59
002577.SZ,20260910,18.39,18.42,18.42,18.39,72500.0,1333570.0,18.39
002578.SZ,20260910,4.21,4.21,4.22,4.17,357400.0,1501932.0,4.2
002579.SZ,20260910,17.03,17.01,17.14,17.01,4687400.0,79851801.6,17.04
002580.SZ,20260910,20.09,20.14,20.17,20.02,469100.0,9445445.12,20.14
002581.SZ,20260910,5.37,5.42,5.42,5.37,9600.0,52027.0,5.42
002582.SZ,20260910,10.66,10.64,10.69,10.64,143900.0,1532083.04,10.65
002583.SZ,20260910,8.52,8.51,8.52,8.51,107500.0,915015.04,8.51
002584.SZ,20260910,8.0,8.01,8.04,7.99,167500.0,1340980.0,8.01
002585.SZ,20260910,8.86,8.9,8.9,8.86,167900.0,1492760.96,8.89
002586.SZ,20260910,4.0,4.0,4.0,4.0,10300.0,41200.0,4.0
002587.SZ,20260910,5.49,5.51,5.51,5.49,54500.0,300205.0,5.51
002588.SZ,20260910,8.45,8.43,8.47,8.43,178586.0,1506638.72,8.44
002589.SZ,20260910,3.19,3.21,3.22,3.19,615000.0,1969544.96,3.2
002590.SZ,20260910,9.79,9.71,9.79,9.71,71400.0,693496.0,9.71
002591.SZ,20260910,6.48,6.51,6.51,6.47,59100.0,383762.0,6.49
002592.SZ,20260910,6.59,6.59,6.59,6.59,7700.0,50743.0,6.59
002593.SZ,20260910,4.68,4.67,4.7,4.66,596800.0,2787761.92,4.67
002594.SZ,20260910,85.16,85.11,85.19,85.06,268199.0,22827453.44,85.11
002595.SZ,20260910,40.6,40.74,40.74,40.6,13300.0,541743.0,40.73
002596.SZ,20260910,3.49,3.49,3.49,3.49,57300.0,199977.0,3.49
002597.SZ,20260910,22.4,22.41,22.45,22.4,158700.0,3556719.04,22.41
002598.SZ,20260910,7.02,7.01,7.02,7.01,29100.0,204072.0,7.01
002599.SZ,20260910,5.88,5.88,5.88,5.84,73900.0,434501.0,5.88
002600.SZ,20260910,12.33,12.33,12.39,12.3,593900.0,7323576.32,12.33
002601.SZ,20260910,15.64,15.68,15.68,15.64,44700.0,700114.0,15.66
002602.SZ,20260910,15.8,15.8,15.81,15.77,760296.0,12011170.56,15.8
002603.SZ,20260910,15.64,15.63,15.64,15.62,82400.0,1287928.0,15.63
002605.SZ,20260910,17.14,17.15,17.15,17.12,20800.0,356591.0,17.14
002606.SZ,20260910,12.83,12.83,12.85,12.82,89400.0,1147084.0,12.83
002607.SZ,20260910,2.06,2.06,2.06,2.05,1446900.0,2979977.92,2.06
002608.SZ,20260910,7.56,7.6,7.6,7.55,126400.0,959782.0,7.59
002609.SZ,20260910,7.76,7.75,7.76,7.75,15300.0,118581.0,7.75
002611.SZ,20260910,14.4,14.45,14.46,14.4,128300.0,1850592.96,14.42
002612.SZ,20260910,16.46,16.46,16.47,16.44,12700.0,209029.0,16.46
002613.SZ,20260910,3.45,3.44,3.45,3.44,42700.0,146926.0,3.44
002614.SZ,20260910,5.74,5.72,5.74,5.72,14700.0,84180.0,5.73
002615.SZ,20260910,6.51,6.53,6.53,6.51,4500.0,29380.0,6.53
002616.SZ,20260910,4.96,4.96,4.96,4.96,46700.0,231632.0,4.96
002617.SZ,20260910,6.43,6.45,6.45,6.41,1280500.0,8252021.12,6.44
002620.SZ,20260910,5.78,5.78,5.78,5.78,24300.0,140454.0,5.78
002622.SZ,20260910,2.64,2.64,2.65,2.64,31500.0,83161.0,2.64
002623.SZ,20260910,15.96,16.0,16.0,15.96,9800.0,156718.0,15.99
002624.SZ,20260910,10.77,10.76,10.78,10.75,539300.0,5803251.84,10.76
002625.SZ,20260910,27.8,27.77,27.8,27.74,42700.0,1185683.04,27.77
002626.SZ,20260910,16.74,16.75,16.75,16.58,9900.0,164920.0,16.66
002627.SZ,20260910,7.25,7.24,7.3,7.22,130300.0,944679.04,7.25
002628.SZ,20260910,5.16,5.16,5.16,5.14,80500.0,415133.0,5.16
002629.SZ,20260910,4.58,4.53,4.58,4.52,4394700.16,19925515.52,4.53
002630.SZ,20260910,1.68,1.67,1.68,1.67,386400.0,645988.0,1.67
002631.SZ,20260910,10.84,10.87,10.87,10.78,161300.0,1751574.08,10.86
002632.SZ,20260910,9.1,9.11,9.11,9.08,147700.0,1345304.96,9.11
002633.SZ,20260910,14.79,14.76,14.79,14.76,4400.0,64962.0,14.76
002634.SZ,20260910,4.33,4.31,4.33,4.31,58700.0,253459.0,4.32
002635.SZ,20260910,14.64,14.67,14.67,14.62,75900.0,1113314.0,14.67
002636.SZ,20260910,68.47,68.49,68.8,68.4,831500.0,56978769.92,68.53
002637.SZ,20260910,13.4,13.42,13.42,13.38,448300.0,6015040.0,13.42
002638.SZ,20260910,4.27,4.27,4.28,4.27,176800.0,754952.0,4.27
002639.SZ,20260910,14.03,14.03,14.07,13.95,1257400.0,17639851.52,14.03
002640.SZ,20260910,3.47,3.48,3.48,3.46,176700.0,614334.0,3.48
002641.SZ,20260910,4.0,4.01,4.01,4.0,17300.0,69363.0,4.01
002642.SZ,20260910,7.17,7.18,7.18,7.17,23600.0,169362.0,7.18
002643.SZ,20260910,12.81,12.8,12.81,12.8,86600.0,1108656.96,12.8
002644.SZ,20260910,8.77,8.77,8.77,8.76,16700.0,146431.0,8.77
002645.SZ,20260910,17.8,17.9,17.9,17.77,45000.0,804266.0,17.87
002646.SZ,20260910,7.26,7.27,7.27,7.25,40400.0,293145.0,7.26
002647.SZ,20260910,11.34,11.23,11.35,11.23,11500.0,129633.0,11.27
002648.SZ,20260910,28.38,28.37,28.45,28.33,434400.0,12327563.52,28.38
002649.SZ,20260910,9.48,9.47,9.48,9.47,20300.0,192274.0,9.47
002650.SZ,20260910,6.06,6.06,6.06,6.06,4800.0,29088.0,6.06
002651.SZ,20260910,8.83,8.82,8.85,8.82,474600.0,4187631.04,8.82
002652.SZ,20260910,4.87,4.89,4.9,4.85,451600.0,2207875.04,4.89
002653.SZ,20260910,62.76,62.77,62.78,62.74,7100.0,445684.0,62.77
002654.SZ,20260910,13.55,13.57,13.6,13.5,468800.0,6354362.88,13.56
002655.SZ,20260910,36.66,36.73,36.75,36.5,193300.0,7096199.04,36.71
002656.SZ,20260910,2.91,2.91,2.92,2.91,81200.0,236654.0,2.91
002657.SZ,20260910,15.96,15.97,15.99,15.91,41900.0,668929.0,15.97
002658.SZ,20260910,7.62,7.61,7.66,7.61,34700.0,264356.0,7.62
002659.SZ,20260910,4.71,4.71,4.72,4.71,97900.0,461175.0,4.71
002660.SZ,20260910,7.77,7.75,7.8,7.75,246800.0,1913702.08,7.75
002661.SZ,20260910,8.84,8.82,8.87,8.78,685400.0,6051239.04,8.83
002662.SZ,20260910,3.31,3.31,3.31,3.3,43700.0,144532.0,3.31
002663.SZ,20260910,1.75,1.76,1.76,1.75,48300.0,85002.0,1.76
002664.SZ,20260910,15.18,15.05,15.18,15.05,28000.0,421413.0,15.05
002666.SZ,20260910,4.29,4.29,4.29,4.29,11000.0,47190.0,4.29
002667.SZ,20260910,18.12,18.12,18.18,18.09,205200.0,3724175.04,18.15
002668.SZ,20260910,9.19,9.18,9.19,9.18,17700.0,162537.0,9.18
002669.SZ,20260910,12.33,12.32,12.34,12.32,83600.0,1030315.04,12.32
002670.SZ,20260910,12.27,12.23,12.31,12.23,536200.0,6561358.08,12.24
002671.SZ,20260910,4.12,4.12,4.12,4.11,34000.0,140077.0,4.12
002672.SZ,20260910,3.8,3.8,3.81,3.79,36000.0,136731.0,3.8
002673.SZ,20260910,6.82,6.81,6.84,6.81,83400.0,568279.0,6.81
002674.SZ,20260910,19.27,19.35,19.36,19.25,268900.0,5199263.04,19.33
002675.SZ,20260910,12.63,12.63,12.64,12.62,27900.0,352431.0,12.63
002676.SZ,20260910,5.37,5.37,5.37,5.36,26900.0,144433.0,5.37
002677.SZ,20260910,6.44,6.44,6.44,6.44,10100.0,65044.0,6.44
002678.SZ,20260910,4.68,4.67,4.68,4.67,28700.0,134034.0,4.67
002679.SZ,20260910,11.31,11.29,11.39,11.29,267000.0,3016925.12,11.3
002681.SZ,20260910,4.72,4.73,4.73,4.72,43000.0,203343.0,4.73
002682.SZ,20260910,5.38,5.35,5.38,5.34,106300.0,568878.0,5.35
002683.SZ,20260910,30.25,30.25,30.3,30.21,24000.0,725780.0,30.24
002685.SZ,20260910,5.34,5.34,5.35,5.33,53500.0,285659.0,5.34
002686.SZ,20260910,6.45,6.5,6.5,6.42,97600.0,633390.0,6.49
002687.SZ,20260910,6.42,6.47,6.47,6.42,377500.0,2439734.08,6.46
002688.SZ,20260910,5.46,5.46,5.48,5.46,123300.0,673327.04,5.46
002689.SZ,20260910,2.98,2.98,2.98,2.98,32000.0,95360.0,2.98
002690.SZ,20260910,15.83,15.83,15.83,15.83,14300.0,226369.0,15.83
002691.SZ,20260910,4.41,4.41,4.46,4.41,6700.0,29687.0,4.43
002692.SZ,20260910,4.48,4.48,4.48,4.47,56700.0,253980.0,4.48
002693.SZ,20260910,8.69,8.67,8.7,8.67,68000.0,590077.0,8.68
002694.SZ,20260910,2.52,2.52,2.52,2.52,329400.0,830088.0,2.52
002695.SZ,20260910,10.58,10.6,10.66,10.58,258800.0,2744261.12,10.6
002696.SZ,20260910,7.75,7.76,7.8,7.74,1145800.0,8896743.04,7.77
002697.SZ,20260910,4.91,4.89,4.91,4.89,162300.0,794734.0,4.9
002698.SZ,20260910,11.66,11.67,11.68,11.63,30700.0,358338.0,11.67
002700.SZ,20260910,6.83,6.84,6.84,6.82,15900.0,108692.0,6.84
002701.SZ,20260910,4.54,4.55,4.55,4.54,59700.0,271427.0,4.55
002702.SZ,20260910,6.62,6.6,6.7,6.58,9394520.32,62110760.96,6.61
002703.SZ,20260910,16.42,16.49,16.5,16.42,339600.0,5597840.0,16.48
002705.SZ,20260910,11.25,11.25,11.25,11.25,10500.0,118125.0,11.25
002706.SZ,20260910,9.08,9.1,9.1,9.06,481000.0,4373689.92,9.09
002707.SZ,20260910,5.78,5.78,5.79,5.73,570000.0,3291226.88,5.77
002708.SZ,20260910,16.28,16.27,16.4,16.27,552900.0,8999820.16,16.28
002709.SZ,20260910,33.43,33.48,33.48,33.4,125600.0,4202680.0,33.46
002712.SZ,20260910,5.18,5.19,5.2,5.17,319500.0,1658062.08,5.19
002713.SZ,20260910,9.57,9.58,9.63,9.56,220000.0,2112462.08,9.6
002714.SZ,20260910,43.16,43.18,43.2,43.15,217500.0,9391409.92,43.18
002715.SZ,20260910,13.94,13.91,13.99,13.91,10000.0,139246.0,13.93
002716.SZ,20260910,10.55,10.54,10.61,10.52,3177299.84,33504512.0,10.55
002717.SZ,20260910,0.95,0.95,0.95,0.94,653800.0,621010.0,0.95
002718.SZ,20260910,82.32,82.16,82.32,82.16,2800.0,230064.0,82.17
002719.SZ,20260910,6.82,6.82,6.82,6.82,0.0,0.0,6.82
002721.SZ,20260910,2.89,2.9,2.9,2.88,1929800.0,5588768.0,2.9
002722.SZ,20260910,13.28,13.25,13.28,13.25,58000.0,768568.96,13.25
002723.SZ,20260910,8.07,8.06,8.07,8.06,400.0,3225.0,8.06
002724.SZ,20260910,7.1,7.14,7.15,7.09,165200.0,1179327.04,7.14
002725.SZ,20260910,11.33,11.33,11.45,11.33,23200.0,263691.0,11.37
002726.SZ,20260910,2.64,2.64,2.65,2.63,1288400.0,3399183.04,2.64
002727.SZ,20260910,11.27,11.27,11.27,11.24,16400.0,184800.0,11.27
002728.SZ,20260910,9.48,9.5,9.5,9.45,82800.0,785832.96,9.49
002729.SZ,20260910,13.9,13.96,13.96,13.9,7800.0,108807.0,13.95
002730.SZ,20260910,23.6,23.59,23.74,23.5,15500.0,365653.0,23.59
002731.SZ,20260910,0.77,0.77,0.77,0.77,0.0,0.0,0.77
002732.SZ,20260910,14.56,14.56,14.56,14.56,15000.0,218400.0,14.56
002733.SZ,20260910,18.04,18.04,18.05,18.0,56100.0,1011639.04,18.03
002734.SZ,20260910,18.14,18.15,18.24,18.08,1796000.0,32593152.0,18.15
002735.SZ,20260910,11.69,11.69,11.7,11.65,32100.0,375051.0,11.68
002736.SZ,20260910,10.09,10.1,10.1,10.08,65900.0,665320.0,10.1
002737.SZ,20260910,11.7,11.7,11.7,11.65,24800.0,289995.0,11.69
002738.SZ,20260910,48.7,48.92,48.92,48.7,33800.0,1652036.0,48.88
002739.SZ,20260910,8.94,8.95,8.96,8.92,750300.0,6713280.0,8.95
002741.SZ,20260910,23.45,23.48,23.48,23.38,59700.0,1401097.92,23.47
002742.SZ,20260910,4.4,4.41,4.43,4.39,478600.0,2110603.04,4.41
002743.SZ,20260910,4.53,4.54,4.6,4.53,1272600.0,5793415.68,4.55
002745.SZ,20260910,11.26,11.29,11.35,11.25,601800.0,6792177.92,11.29
002746.SZ,20260910,6.83,6.84,6.88,6.82,149100.0,1020330.0,6.84
002747.SZ,20260910,29.62,29.7,29.74,29.62,127400.0,3783150.08,29.7
002748.SZ,20260910,12.39,12.29,12.49,12.29,22100.0,272922.0,12.35
002749.SZ,20260910,9.16,9.12,9.16,9.12,20000.0,182514.0,9.13
002752.SZ,20260910,6.45,6.45,6.47,6.44,63800.0,411474.0,6.45
002753.SZ,20260910,6.99,6.98,7.0,6.98,123000.0,859096.0,6.99
002755.SZ,20260910,11.86,11.86,11.87,11.8,30600.0,362363.0,11.84
002756.SZ,20260910,43.05,43.1,43.1,43.01,18600.0,801468.0,43.09
002757.SZ,20260910,17.45,17.45,17.55,17.4,231000.0,4034577.92,17.47
002758.SZ,20260910,9.23,9.25,9.25,9.21,165800.0,1533015.04,9.25
002759.SZ,20260910,15.8,15.81,15.81,15.71,42200.0,666669.0,15.8
002760.SZ,20260910,18.24,18.23,18.37,18.18,26300.0,479362.0,18.23
002761.SZ,20260910,7.43,7.42,7.47,7.42,181500.0,1347288.0,7.42
002762.SZ,20260910,9.32,9.28,9.39,9.28,283200.0,2629560.0,9.29
002763.SZ,20260910,7.58,7.58,7.58,7.58,22600.0,171308.0,7.58
002765.SZ,20260910,7.22,7.21,7.23,7.21,112200.0,809016.96,7.21
002766.SZ,20260910,4.15,4.15,4.16,4.14,58800.0,244124.0,4.15
002767.SZ,20260910,18.27,18.3,18.31,18.27,21500.0,393427.0,18.3
002768.SZ,20260910,61.1,61.08,61.5,61.08,38500.0,2354084.0,61.15
002769.SZ,20260910,7.73,7.71,7.73,7.71,37000.0,285326.0,7.71
002771.SZ,20260910,14.5,14.52,14.52,14.45,25700.0,373044.0,14.52
002772.SZ,20260910,12.41,12.42,12.44,12.35,278500.0,3456795.2,12.41
002773.SZ,20260910,20.0,20.0,20.01,20.0,14900.0,298003.0,20.0
002774.SZ,20260910,16.0,16.0,16.0,16.0,23600.0,377600.0,16.0
002775.SZ,20260910,3.55,3.55,3.56,3.53,31300.0,111115.0,3.55
002777.SZ,20260910,12.78,12.78,12.79,12.74,13200.0,168691.0,12.78
002778.SZ,20260910,17.04,17.04,17.04,17.04,23400.0,398736.0,17.04
002779.SZ,20260910,80.0,80.57,80.57,80.0,10600.0,849475.04,80.14
002780.SZ,20260910,13.86,13.86,13.87,13.86,13800.0,191271.0,13.86
002782.SZ,20260910,15.25,15.25,15.26,15.23,35400.0,539800.0,15.25
002783.SZ,20260910,8.18,8.2,8.28,8.18,109800.0,905140.96,8.24
002785.SZ,20260910,35.61,35.71,35.71,35.55,56800.0,2028041.92,35.71
002786.SZ,20260910,7.78,7.81,7.81,7.77,1700.0,13247.0,7.79
002787.SZ,20260910,24.34,24.41,24.53,24.31,168300.0,4113378.88,24.44
002788.SZ,20260910,11.57,11.58,11.59,11.45,54200.0,626233.0,11.55
002789.SZ,20260910,13.6,13.29,13.6,13.29,66500.0,893852.96,13.44
002790.SZ,20260910,8.46,8.46,8.46,8.46,4627299.84,39146959.36,8.46
002791.SZ,20260910,15.09,15.08,15.09,15.08,22800.0,344014.0,15.09
002792.SZ,20260910,30.14,30.0,30.2,30.0,455200.0,13664943.36,30.02
002793.SZ,20260910,4.71,4.7,4.73,4.7,105100.0,494361.0,4.7
002795.SZ,20260910,7.49,7.5,7.54,7.48,139100.0,1043174.0,7.5
002796.SZ,20260910,28.72,28.76,28.76,28.62,54500.0,1566868.96,28.75
002797.SZ,20260910,6.41,6.41,6.41,6.4,822300.0,5270402.88,6.41
002798.SZ,20260910,6.88,6.89,6.89,6.85,65800.0,453285.0,6.89
002799.SZ,20260910,7.02,7.03,7.03,6.98,20300.0,142534.0,7.02
002800.SZ,20260910,15.3,15.32,15.32,15.3,8800.0,134810.0,15.32
002801.SZ,20260910,27.51,27.5,27.62,27.48,4000.0,110026.0,27.51
002802.SZ,20260910,12.57,12.58,12.58,12.57,8500.0,106914.0,12.58
002803.SZ,20260910,20.2,20.21,20.29,20.18,58700.0,1186819.04,20.22
002805.SZ,20260910,16.85,16.86,16.88,16.8,56600.0,953720.0,16.85
002806.SZ,20260910,14.46,14.58,14.62,14.46,18000.0,261929.0,14.55
002807.SZ,20260910,4.23,4.23,4.24,4.23,169230.0,716277.84,4.23
002809.SZ,20260910,8.79,8.76,8.79,8.75,150500.0,1318468.0,8.76
002810.SZ,20260910,21.9,22.0,22.0,21.9,13800.0,302721.0,21.94
002811.SZ,20260910,14.4,14.38,14.4,14.36,62700.0,901606.0,14.38
002812.SZ,20260910,49.3,49.3,49.48,49.17,126300.0,6227619.2,49.31
002813.SZ,20260910,22.25,22.08,22.25,22.06,13600.0,300550.0,22.1
002815.SZ,20260910,17.9,18.0,18.06,17.84,2105400.0,37910208.0,18.01
002816.SZ,20260910,22.74,22.74,22.74,22.74,800.0,18192.0,22.74
002817.SZ,20260910,6.9,6.92,6.92,6.9,15200.0,105045.0,6.91
002818.SZ,20260910,11.43,11.49,11.49,11.43,36100.0,414671.0,11.49
002819.SZ,20260910,22.5,22.53,22.58,22.46,32900.0,741196.0,22.53
002820.SZ,20260910,10.53,10.52,10.55,10.5,62600.0,658889.0,10.53
002821.SZ,20260910,172.05,172.64,172.64,172.04,52100.0,8987207.04,172.5
002822.SZ,20260910,3.05,3.04,3.05,3.04,5600.0,17034.0,3.04
002823.SZ,20260910,12.91,12.91,12.92,12.86,15100.0,194972.0,12.91
002824.SZ,20260910,24.62,24.75,24.75,24.6,84300.0,2083211.04,24.71
002825.SZ,20260910,10.17,10.17,10.24,10.17,17700.0,180028.0,10.17
002826.SZ,20260910,18.12,18.14,18.14,18.1,15100.0,273854.0,18.14
002827.SZ,20260910,65.3,65.58,65.61,65.01,284100.0,18623971.84,65.55
002828.SZ,20260910,12.42,12.39,12.43,12.36,500200.0,6199073.92,12.39
002829.SZ,20260910,20.25,20.27,20.3,20.25,48000.0,973102.0,20.27
002830.SZ,20260910,15.34,15.1,15.34,15.1,46600.0,704396.96,15.12
002831.SZ,20260910,29.05,29.1,29.18,29.05,65000.0,1892003.04,29.11
002832.SZ,20260910,25.91,26.0,26.0,25.91,10900.0,283339.0,25.99
002833.SZ,20260910,18.62,18.47,18.62,18.47,25300.0,467612.0,18.48
002835.SZ,20260910,12.75,12.75,12.75,12.75,12600.0,160650.0,12.75
002836.SZ,20260910,10.41,10.44,10.44,10.41,7300.0,76164.0,10.43
002837.SZ,20260910,61.58,61.52,61.88,61.52,620010.0,38159060.48,61.55
002838.SZ,20260910,25.37,25.4,25.45,25.33,27900.0,708396.96,25.39
002839.SZ,20260910,4.47,4.46,4.48,4.46,279800.0,1248858.0,4.46
002840.SZ,20260910,9.04,9.02,9.06,8.94,117400.0,1057198.0,9.01
002841.SZ,20260910,46.31,46.65,46.7,46.31,23200.0,1081556.96,46.62
002842.SZ,20260910,33.91,34.0,34.0,33.9,240100.0,8158280.96,33.98
002843.SZ,20260910,16.02,16.1,16.1,16.01,16300.0,262347.0,16.09
002845.SZ,20260910,13.55,13.53,13.6,13.45,375000.0,5058508.16,13.49
002846.SZ,20260910,10.8,10.8,10.81,10.8,9800.0,105850.0,10.8
002847.SZ,20260910,45.62,45.68,45.68,45.6,6200.0,283171.0,45.67
002848.SZ,20260910,13.95,13.86,13.95,13.85,20000.0,277227.0,13.86
002849.SZ,20260910,17.9,17.9,17.94,17.9,9800.0,175439.0,17.9
002850.SZ,20260910,174.11,174.69,174.7,174.11,3700.0,645948.0,174.58
002851.SZ,20260910,125.59,125.13,126.22,125.13,364558.0,45665827.84,125.26
002852.SZ,20260910,9.31,9.26,9.38,9.26,301200.0,2796984.96,9.29
002853.SZ,20260910,21.27,21.28,21.47,21.07,5200.0,110476.0,21.25
002855.SZ,20260910,15.65,15.58,15.88,15.58,2242300.0,34981800.96,15.6
002856.SZ,20260910,21.99,21.7,22.0,21.7,394300.0,8562483.84,21.72
002857.SZ,20260910,18.14,18.16,18.16,18.14,14100.0,256027.0,18.16
002858.SZ,20260910,12.04,12.08,12.08,12.04,17900.0,216110.0,12.07
002859.SZ,20260910,60.95,60.99,61.14,60.8,54200.0,3305608.32,60.99
002860.SZ,20260910,16.01,16.0,16.01,16.0,40200.0,643234.0,16.0
002861.SZ,20260910,15.29,15.3,15.3,15.26,21900.0,334940.0,15.29
002862.SZ,20260910,15.8,15.95,15.96,15.8,52200.0,830403.04,15.91
002863.SZ,20260910,4.93,4.93,4.93,4.93,165300.0,814928.96,4.93
002864.SZ,20260910,21.64,21.66,21.67,21.63,15400.0,333552.0,21.66
002865.SZ,20260910,38.24,38.26,38.29,38.13,23300.0,890976.0,38.24
002866.SZ,20260910,14.22,14.22,14.24,14.21,17400.0,247387.0,14.22
002867.SZ,20260910,10.72,10.72,10.72,10.71,46300.0,496316.0,10.72
002868.SZ,20260910,25.19,25.19,25.24,25.17,94000.0,2367788.0,25.19
002869.SZ,20260910,15.61,15.61,15.65,15.6,20300.0,317062.0,15.62
002870.SZ,20260910,53.0,53.0,53.0,53.0,0.0,0.0,53.0
002871.SZ,20260910,19.08,19.1,19.2,19.08,79800.0,1524368.0,19.1
002872.SZ,20260910,5.85,5.87,5.87,5.85,233200.0,1368452.0,5.87
002873.SZ,20260910,8.56,8.52,8.56,8.52,10600.0,90339.0,8.52
002875.SZ,20260910,13.59,13.59,13.6,13.59,37800.0,513803.0,13.59
002876.SZ,20260910,28.33,28.42,28.42,28.2,13100.0,371902.0,28.39
002877.SZ,20260910,7.58,7.58,7.58,7.55,33600.0,254487.0,7.57
002878.SZ,20260910,13.08,13.1,13.1,13.06,13100.0,171407.0,13.09
002879.SZ,20260910,16.87,16.97,16.97,16.87,29600.0,501895.0,16.96
002880.SZ,20260910,22.1,22.1,22.18,22.1,14900.0,329379.0,22.11
002881.SZ,20260910,43.3,43.3,43.47,42.95,493600.0,21339854.08,43.23
002882.SZ,20260910,23.7,23.8,23.83,23.7,225800.0,5371811.84,23.79
002883.SZ,20260910,9.33,9.33,9.33,9.33,2200.0,20526.0,9.33
002884.SZ,20260910,15.9,15.94,15.94,15.9,4600.0,73214.0,15.92
002885.SZ,20260910,27.33,27.31,27.41,27.08,1071300.0,29241185.28,27.3
002886.SZ,20260910,25.25,25.36,25.5,25.02,1616300.0,40952043.52,25.34
002887.SZ,20260910,9.55,9.45,9.55,9.45,36000.0,340489.0,9.46
002888.SZ,20260910,19.75,19.75,19.75,19.6,27600.0,544483.0,19.73
002889.SZ,20260910,12.06,12.06,12.06,12.06,1900.0,22914.0,12.06
002890.SZ,20260910,14.66,14.64,14.66,14.64,23400.0,342582.0,14.64
002891.SZ,20260910,28.55,28.6,28.6,28.55,24400.0,697691.04,28.59
002892.SZ,20260910,9.0,8.95,9.0,8.95,17100.0,153138.0,8.96
002893.SZ,20260910,11.1,11.14,11.2,11.03,1249700.0,13924660.48,11.14
002895.SZ,20260910,33.79,33.8,33.8,33.75,8600.0,290626.0,33.79
002896.SZ,20260910,62.0,62.0,62.2,61.95,42300.0,2623232.96,62.02
002897.SZ,20260910,62.71,63.0,63.08,62.71,139100.0,8761127.04,62.98
002899.SZ,20260910,20.76,20.79,20.79,20.66,47000.0,976620.0,20.78
002900.SZ,20260910,12.13,12.1,12.14,12.1,75900.0,918548.0,12.1
002901.SZ,20260910,40.01,40.0,40.1,40.0,2700.0,108068.0,40.03
002902.SZ,20260910,26.8,26.7,26.94,26.7,190884.0,5101089.92,26.72
002903.SZ,20260910,27.61,27.7,27.7,27.51,64800.0,1794388.96,27.69
002905.SZ,20260910,9.22,9.22,9.27,9.22,183800.0,1696047.04,9.23
002906.SZ,20260910,27.6,27.65,27.7,27.6,28000.0,773842.0,27.64
002907.SZ,20260910,14.4,14.41,14.42,14.38,36700.0,528820.0,14.41
002908.SZ,20260910,7.22,7.22,7.23,7.19,13000.0,93814.0,7.22
002909.SZ,20260910,8.62,8.6,8.76,8.6,5489102.72,47310151.68,8.62
002910.SZ,20260910,10.81,10.93,10.97,10.81,558400.0,6094833.92,10.92
002911.SZ,20260910,11.79,11.78,11.98,11.78,28800.0,340473.0,11.82
002912.SZ,20260910,19.44,19.51,19.51,19.44,27700.0,539888.0,19.49
002913.SZ,20260910,69.7,70.49,70.5,69.02,354600.0,24926650.88,70.3
002915.SZ,20260910,18.47,18.5,18.5,18.42,379600.0,7014513.28,18.48
002916.SZ,20260910,380.6,380.14,381.3,380.14,59950.0,22799219.2,380.3
002917.SZ,20260910,10.58,10.54,10.58,10.52,29000.0,305650.0,10.54
002918.SZ,20260910,10.69,10.7,10.7,10.63,42200.0,450938.0,10.69
002919.SZ,20260910,17.8,17.82,17.82,17.8,2400.0,42750.0,17.81
002920.SZ,20260910,85.09,85.11,85.12,85.0,17300.0,1472227.04,85.1
002921.SZ,20260910,21.23,21.23,21.24,21.23,4530.0,96172.9,21.23
002922.SZ,20260910,24.5,24.65,24.65,24.5,137200.0,3380847.04,24.64
002923.SZ,20260910,11.08,11.1,11.2,11.02,43100.0,478169.0,11.09
002925.SZ,20260910,22.61,22.65,22.65,22.52,38300.0,866979.04,22.64
002926.SZ,20260910,8.45,8.47,8.47,8.45,31600.0,267375.0,8.46
002927.SZ,20260910,17.8,17.79,17.88,17.74,88400.0,1573268.0,17.8
002928.SZ,20260910,6.49,6.45,6.49,6.44,814900.0,5263334.08,6.46
002929.SZ,20260910,49.8,50.0,50.19,49.8,61000.0,3049488.96,49.99
002930.SZ,20260910,9.53,9.53,9.61,9.53,32500.0,310767.0,9.56
002931.SZ,20260910,42.66,42.79,42.79,42.61,17200.0,735432.96,42.76
002932.SZ,20260910,15.46,15.46,15.46,15.46,2000.0,30920.0,15.46
002933.SZ,20260910,27.35,27.36,27.37,27.35,2200.0,60192.0,27.36
002935.SZ,20260910,15.75,15.77,15.77,15.71,29400.0,463331.0,15.76
002936.SZ,20260910,1.8,1.8,1.8,1.79,649800.0,1169584.0,1.8
002937.SZ,20260910,28.6,28.5,28.66,28.5,22300.0,635906.0,28.52
002938.SZ,20260910,94.33,93.96,95.75,93.96,1342500.0,126682214.4,94.36
002939.SZ,20260910,8.04,8.05,8.06,8.04,123700.0,995878.0,8.05
002940.SZ,20260910,25.02,25.05,25.07,25.02,16100.0,403257.0,25.05
002941.SZ,20260910,11.17,11.15,11.17,11.14,24200.0,269932.0,11.15
002942.SZ,20260910,18.65,18.64,18.9,18.64,143400.0,2682068.0,18.7
002943.SZ,20260910,30.88,30.88,30.88,30.87,32300.0,997412.96,30.88
002945.SZ,20260910,14.8,14.76,14.86,14.76,276400.0,4085709.12,14.78
002946.SZ,20260910,15.24,15.18,15.25,15.18,24600.0,373802.0,15.2
002947.SZ,20260910,64.2,64.4,64.4,64.0,34400.0,2212095.04,64.31
002948.SZ,20260910,6.19,6.2,6.2,6.19,150500.0,932986.0,6.2
002949.SZ,20260910,13.1,13.24,13.27,13.1,90400.0,1196002.0,13.23
002950.SZ,20260910,9.03,9.03,9.03,9.03,9000.0,81270.0,9.03
002951.SZ,20260910,16.1,16.18,16.18,16.1,67800.0,1095078.0,16.15
002952.SZ,20260910,19.62,19.66,19.8,19.55,157700.0,3099997.12,19.66
002953.SZ,20260910,11.12,11.36,11.38,11.12,1263800.0,14301972.48,11.32
002955.SZ,20260910,38.7,38.68,38.7,38.68,41400.0,1601558.08,38.69
002956.SZ,20260910,16.16,16.16,16.2,16.16,26700.0,431548.0,16.16
002957.SZ,20260910,40.55,40.77,40.93,40.53,125500.0,5114057.92,40.75
002958.SZ,20260910,3.03,3.03,3.03,3.02,166400.0,504138.0,3.03
002959.SZ,20260910,32.49,32.5,32.5,32.49,2400.0,77999.0,32.5
002960.SZ,20260910,8.31,8.31,8.32,8.31,30400.0,252637.0,8.31
002961.SZ,20260910,20.24,20.2,20.25,20.2,54100.0,1093548.0,20.21
002962.SZ,20260910,12.97,13.01,13.01,12.96,39400.0,512086.0,13.0
002963.SZ,20260910,21.2,21.29,21.33,21.09,51200.0,1088664.0,21.26
002965.SZ,20260910,29.05,29.0,29.15,29.0,25900.0,751276.96,29.01
002966.SZ,20260910,9.12,9.1,9.14,9.1,1396500.0,12712145.92,9.1
002967.SZ,20260910,17.36,17.4,17.4,17.36,2000.0,34788.0,17.39
002968.SZ,20260910,9.65,9.68,9.68,9.65,22500.0,217683.0,9.68
002969.SZ,20260910,12.03,12.06,12.1,12.01,415600.0,5010992.0,12.06
002970.SZ,20260910,47.11,47.11,47.21,47.11,17800.0,838928.96,47.13
002971.SZ,20260910,38.0,38.05,38.09,37.9,192700.0,7330488.96,38.04
002972.SZ,20260910,13.18,13.18,13.2,13.17,67200.0,885784.96,13.18
002973.SZ,20260910,12.62,12.62,12.65,12.51,275300.0,3473304.0,12.62
002975.SZ,20260910,99.01,100.0,100.2,99.0,113800.0,11368958.72,99.9
002976.SZ,20260910,24.18,24.3,24.3,24.12,27500.0,667395.0,24.27
002977.SZ,20260910,21.39,21.44,21.48,21.39,43700.0,936854.0,21.44
002978.SZ,20260910,26.18,26.18,26.18,26.18,500.0,13090.0,26.18
002979.SZ,20260910,52.66,52.66,52.96,52.6,17400.0,916364.96,52.67
002980.SZ,20260910,133.05,134.0,134.0,133.02,172500.0,23087475.2,133.84
002981.SZ,20260910,24.26,24.29,24.29,24.24,7600.0,184585.0,24.29
002982.SZ,20260910,13.62,13.64,13.67,13.62,81700.0,1114828.96,13.65
002983.SZ,20260910,20.7,20.72,20.72,20.7,4700.0,97356.0,20.71
002984.SZ,20260910,13.92,13.93,14.04,13.92,31200.0,435524.0,13.96
002985.SZ,20260910,28.85,28.91,28.91,28.85,19900.0,575175.0,28.9
002986.SZ,20260910,13.76,13.76,13.76,13.74,33900.0,466430.0,13.76
002987.SZ,20260910,11.59,11.59,11.59,11.51,53600.0,620404.0,11.58
002988.SZ,20260910,30.6,30.8,30.85,30.51,103600.0,3187750.08,30.77
002989.SZ,20260910,23.6,23.6,23.6,23.52,10900.0,257048.0,23.58
002990.SZ,20260910,47.0,47.04,47.27,47.0,96300.0,4530060.16,47.04
002991.SZ,20260910,39.37,39.37,39.48,39.37,7100.0,279637.0,39.38
002992.SZ,20260910,33.64,33.51,33.74,33.51,13300.0,446078.0,33.54
002993.SZ,20260910,36.91,36.89,36.94,36.86,15800.0,582999.0,36.9
002995.SZ,20260910,17.58,17.81,17.81,17.58,12900.0,228777.0,17.74
002996.SZ,20260910,6.29,6.29,6.29,6.29,117600.0,739704.0,6.29
002997.SZ,20260910,29.1,29.28,29.28,29.1,16900.0,494581.0,29.27
002998.SZ,20260910,8.6,8.6,8.6,8.6,0.0,0.0,8.6
002999.SZ,20260910,7.23,7.27,7.33,7.19,3526200.0,25657041.92,7.28
003000.SZ,20260910,9.84,9.85,9.85,9.84,25900.0,255094.0,9.85
003001.SZ,20260910,16.1,16.14,16.14,16.1,15600.0,251632.0,16.13
003002.SZ,20260910,18.26,18.25,18.3,18.2,93300.0,1702606.08,18.25
003003.SZ,20260910,11.28,11.27,11.28,11.27,29300.0,330241.0,11.27
003004.SZ,20260910,72.2,72.09,72.62,71.75,17300.0,1244514.0,71.94
003005.SZ,20260910,16.28,16.3,16.33,16.16,952000.0,15509443.84,16.29
003006.SZ,20260910,16.63,16.66,16.69,16.58,177300.0,2953114.88,16.66
003007.SZ,20260910,39.12,39.15,39.15,38.9,3000.0,117357.0,39.12
003008.SZ,20260910,19.87,19.88,19.88,19.87,4300.0,85483.0,19.88
003009.SZ,20260910,48.4,48.36,48.67,48.36,49800.0,2409503.04,48.38
003010.SZ,20260910,30.11,30.11,30.12,30.02,10000.0,301027.0,30.1
003011.SZ,20260910,20.39,20.4,20.4,20.39,15800.0,322294.0,20.4
003012.SZ,20260910,4.74,4.74,4.74,4.74,17800.0,84372.0,4.74
003013.SZ,20260910,17.75,17.49,17.75,17.49,113000.0,1981824.0,17.54
003015.SZ,20260910,12.07,12.06,12.07,12.05,25800.0,311155.0,12.06
003016.SZ,20260910,7.54,7.55,7.55,7.52,7700.0,58128.0,7.55
003017.SZ,20260910,22.92,23.0,23.0,22.92,5100.0,117269.0,22.99
003018.SZ,20260910,51.0,51.11,51.32,50.99,239596.0,12245085.44,51.11
003019.SZ,20260910,28.01,27.88,28.02,27.85,76600.0,2139054.08,27.93
003020.SZ,20260910,17.54,17.5,17.55,17.5,9200.0,161044.0,17.5
003021.SZ,20260910,70.02,70.02,70.36,70.0,8400.0,588344.0,70.04
003022.SZ,20260910,19.51,19.5,19.6,19.5,19300.0,376405.0,19.5
003023.SZ,20260910,26.03,25.96,26.05,25.96,37100.0,963375.04,25.97
003025.SZ,20260910,11.91,11.91,11.95,11.9,23300.0,277561.0,11.91
003026.SZ,20260910,27.47,27.5,27.51,27.39,28500.0,783495.04,27.49
003027.SZ,20260910,17.08,17.0,17.15,17.0,6800.0,115945.0,17.05
003028.SZ,20260910,23.23,23.02,23.23,23.02,3600.0,83061.0,23.07
003029.SZ,20260910,17.49,17.48,17.5,17.48,16900.0,295435.0,17.48
003030.SZ,20260910,26.01,26.4,26.4,26.01,40900.0,1078440.0,26.37
003031.SZ,20260910,117.0,118.0,118.0,116.66,128400.0,15128949.76,117.83
003032.SZ,20260910,9.4,9.45,9.5,9.36,568400.0,5369614.72,9.45
003033.SZ,20260910,74.5,74.85,75.23,74.0,48000.0,3593552.96,74.87
003035.SZ,20260910,5.69,5.7,5.71,5.68,300700.0,1713399.04,5.7
003036.SZ,20260910,52.6,52.65,52.65,52.47,45800.0,2410896.96,52.64
003037.SZ,20260910,5.82,5.85,5.85,5.82,10700.0,62427.0,5.83
003038.SZ,20260910,11.12,11.11,11.14,11.09,21400.0,237799.0,11.11
003039.SZ,20260910,13.15,13.11,13.18,13.11,199600.0,2620486.08,13.13
003040.SZ,20260910,19.62,19.25,19.65,19.25,2003300.0,38658795.52,19.3
003041.SZ,20260910,38.5,38.5,38.51,38.5,8000.0,308001.0,38.5
003042.SZ,20260910,15.57,15.56,15.64,15.56,141700.0,2205304.96,15.56
003043.SZ,20260910,63.5,63.57,63.57,63.33,26500.0,1684182.08,63.55
003816.SZ,20260910,4.3,4.3,4.3,4.29,174300.0,749430.0,4.3
300001.SZ,20260910,33.23,33.2,33.25,33.2,90700.0,3012124.16,33.21
300002.SZ,20260910,8.22,8.24,8.24,8.21,140600.0,1157004.96,8.23
300003.SZ,20260910,11.49,11.51,11.51,11.46,76700.0,881964.0,11.5
300004.SZ,20260910,8.35,8.38,8.38,8.34,160000.0,1339219.04,8.37
300005.SZ,20260910,10.59,10.6,10.61,10.55,223400.0,2367643.04,10.6
300006.SZ,20260910,5.17,5.18,5.18,5.16,103800.0,537045.0,5.17
300007.SZ,20260910,29.85,29.7,29.85,29.7,42700.0,1269002.0,29.72
300008.SZ,20260910,6.46,6.46,6.5,6.45,2256000.0,14584783.36,6.47
300009.SZ,20260910,8.22,8.21,8.24,8.21,232545.0,1910096.8,8.21
300010.SZ,20260910,5.12,5.2,5.2,5.09,5636700.16,29227770.88,5.19
300011.SZ,20260910,6.05,6.07,6.07,6.05,9100.0,55205.0,6.07
300012.SZ,20260910,14.64,14.65,14.67,14.62,124700.0,1825535.04,14.64
300013.SZ,20260910,4.18,4.19,4.19,4.17,20600.0,86286.0,4.19
300014.SZ,20260910,50.01,50.05,50.13,49.98,160400.0,8026076.8,50.04
300015.SZ,20260910,8.22,8.22,8.23,8.22,194128.0,1596106.08,8.22
300016.SZ,20260910,8.5,8.52,8.52,8.49,359300.0,3059317.12,8.52
300017.SZ,20260910,15.45,15.48,15.55,15.4,3855900.16,59663933.44,15.47
300018.SZ,20260910,11.56,11.56,11.58,11.56,59100.0,683328.0,11.56
300019.SZ,20260910,14.05,14.1,14.11,14.05,12600.0,177498.0,14.09
300020.SZ,20260910,4.16,4.16,4.19,4.16,137500.0,572780.0,4.17
300021.SZ,20260910,4.32,4.33,4.33,4.31,285600.0,1235422.0,4.33
300022.SZ,20260910,8.06,8.06,8.06,8.06,22900.0,184574.0,8.06
300024.SZ,20260910,14.28,14.28,14.3,14.25,105900.0,1511740.96,14.28
300025.SZ,20260910,5.94,5.97,5.97,5.94,12600.0,75148.0,5.96
300026.SZ,20260910,3.34,3.33,3.34,3.33,399700.0,1331203.04,3.33
300027.SZ,20260910,1.83,1.83,1.84,1.83,986100.0,1805011.04,1.83
300030.SZ,20260910,6.92,6.91,6.93,6.9,29300.0,202608.0,6.92
300031.SZ,20260910,20.24,20.26,20.26,20.13,85300.0,1725398.08,20.23
300032.SZ,20260910,3.84,3.83,3.84,3.83,57600.0,220653.0,3.83
300033.SZ,20260910,214.86,215.0,215.47,214.6,125388.0,26965788.16,215.06
300034.SZ,20260910,16.58,16.6,16.66,16.58,139600.0,2317672.0,16.6
300035.SZ,20260910,12.78,12.79,12.79,12.78,94200.0,1204603.04,12.79
300036.SZ,20260910,10.39,10.4,10.41,10.39,26600.0,276580.0,10.4
300037.SZ,20260910,67.8,67.8,67.96,67.76,39500.0,2678255.04,67.8
300039.SZ,20260910,5.37,5.38,5.39,5.37,509600.0,2741425.92,5.38
300040.SZ,20260910,5.77,5.77,5.77,5.75,215600.0,1243019.04,5.77
300041.SZ,20260910,10.61,10.61,10.63,10.61,48100.0,510487.0,10.61
300042.SZ,20260910,38.35,38.35,38.39,38.32,38500.0,1476528.96,38.35
300043.SZ,20260910,4.55,4.56,4.56,4.54,458200.0,2088168.0,4.56
300044.SZ,20260910,5.93,5.91,5.94,5.91,67800.0,400726.0,5.91
300045.SZ,20260910,12.04,12.02,12.05,12.02,60600.0,728607.04,12.02
300046.SZ,20260910,23.7,23.8,23.85,23.7,16900.0,402091.0,23.79
300047.SZ,20260910,9.14,9.14,9.14,9.13,33200.0,303409.0,9.14
300048.SZ,20260910,5.04,5.03,5.05,5.03,21300.0,107205.0,5.03
300049.SZ,20260910,43.68,43.7,43.71,43.43,37300.0,1629688.96,43.69
300050.SZ,20260910,7.37,7.37,7.38,7.32,364600.0,2685570.88,7.37
300051.SZ,20260910,8.12,8.13,8.13,8.1,55500.0,450915.0,8.13
300052.SZ,20260910,11.0,11.02,11.02,10.95,113100.0,1242144.96,10.98
300053.SZ,20260910,11.98,12.0,12.0,11.97,78600.0,943019.04,12.0
300054.SZ,20260910,67.16,67.5,67.5,67.16,118800.0,8012974.72,67.45
300055.SZ,20260910,6.23,6.23,6.24,6.21,104500.0,651067.0,6.23
300056.SZ,20260910,8.34,8.36,8.36,8.34,9400.0,78493.0,8.35
300057.SZ,20260910,6.42,6.37,6.43,6.37,75200.0,480013.0,6.38
300058.SZ,20260910,13.69,13.69,13.75,13.68,2897575.04,39699776.0,13.7
300059.SZ,20260910,18.87,18.89,18.89,18.86,1651116.96,31180974.08,18.89
300061.SZ,20260910,6.99,7.03,7.07,6.97,1491900.0,10487925.12,7.03
300062.SZ,20260910,6.33,6.36,6.36,6.33,88700.0,563768.0,6.36
300063.SZ,20260910,9.12,9.14,9.14,9.11,191900.0,1752809.92,9.13
300065.SZ,20260910,15.87,15.9,15.97,15.86,510400.0,8112952.32,15.9
300066.SZ,20260910,4.88,4.87,4.88,4.87,57800.0,281537.0,4.87
300067.SZ,20260910,5.34,5.35,5.37,5.33,148400.0,793580.96,5.35
300068.SZ,20260910,4.03,4.04,4.04,4.01,406700.0,1639752.96,4.03
300069.SZ,20260910,24.78,24.77,24.86,24.77,29500.0,730864.96,24.78
300070.SZ,20260910,3.52,3.52,3.52,3.51,206200.0,725819.04,3.52
300071.SZ,20260910,4.25,4.26,4.26,4.21,347200.0,1475728.0,4.25
300072.SZ,20260910,3.82,3.83,3.83,3.81,372700.0,1426907.04,3.83
300073.SZ,20260910,37.78,37.81,37.87,37.77,68800.0,2601296.96,37.81
300074.SZ,20260910,3.81,3.81,3.82,3.78,121900.0,463765.0,3.8
300075.SZ,20260910,10.64,10.64,10.67,10.6,27200.0,289106.0,10.63
300076.SZ,20260910,4.5,4.5,4.5,4.5,0.0,0.0,4.5
300077.SZ,20260910,19.41,19.42,19.46,19.4,231200.0,4490473.92,19.42
300078.SZ,20260910,2.81,2.81,2.82,2.8,135100.0,379622.0,2.81
300079.SZ,20260910,5.09,5.09,5.11,5.08,461800.0,2351124.96,5.09
300080.SZ,20260910,3.79,3.79,3.79,3.79,26300.0,99677.0,3.79
300081.SZ,20260910,3.42,3.45,3.45,3.42,67300.0,232097.0,3.45
300082.SZ,20260910,8.41,8.45,8.48,8.41,59800.0,505241.0,8.45
300083.SZ,20260910,12.2,12.18,12.25,12.01,324900.0,3938627.84,12.12
300084.SZ,20260910,10.78,10.77,10.82,10.76,87200.0,939416.96,10.77
300085.SZ,20260910,31.88,31.82,32.0,31.82,477800.0,15225441.28,31.87
300086.SZ,20260910,6.67,6.68,6.7,6.67,153400.0,1024671.04,6.68
300087.SZ,20260910,6.19,6.21,6.21,6.18,146000.0,905422.0,6.2
300088.SZ,20260910,7.22,7.22,7.25,7.2,1759300.0,12701285.12,7.22
300091.SZ,20260910,2.48,2.49,2.49,2.48,7500.0,18642.0,2.49
300092.SZ,20260910,11.68,11.7,11.7,11.68,2300.0,26892.0,11.69
300093.SZ,20260910,22.36,22.37,22.44,22.35,43100.0,964175.04,22.37
300094.SZ,20260910,3.4,3.38,3.41,3.38,2980600.0,10087553.92,3.38
300095.SZ,20260910,8.58,8.6,8.6,8.58,23200.0,199238.0,8.59
300096.SZ,20260910,9.0,8.99,9.0,8.99,11000.0,98897.0,8.99
300097.SZ,20260910,9.95,9.91,9.95,9.91,66800.0,662261.0,9.91
300098.SZ,20260910,4.38,4.39,4.39,4.38,201800.0,885104.96,4.39
300099.SZ,20260910,6.18,6.18,6.19,6.18,208900.0,1291179.04,6.18
300100.SZ,20260910,20.5,20.56,20.56,20.5,16000.0,328686.0,20.54
300101.SZ,20260910,14.29,14.31,14.31,14.28,72100.0,1030920.96,14.3
300102.SZ,20260910,17.01,17.0,17.01,16.99,48300.0,821098.0,17.0
300103.SZ,20260910,8.35,8.36,8.36,8.34,34000.0,284197.0,8.36
300105.SZ,20260910,7.37,7.4,7.4,7.36,68400.0,505200.0,7.39
300106.SZ,20260910,12.0,12.01,12.05,11.85,92200.0,1106624.96,12.0
300107.SZ,20260910,6.96,6.94,6.96,6.94,19500.0,135334.0,6.94
300109.SZ,20260910,13.33,13.33,13.45,13.33,33700.0,449465.0,13.34
300110.SZ,20260910,2.85,2.85,2.85,2.84,60400.0,171840.0,2.85
300111.SZ,20260910,3.09,3.09,3.12,3.09,112300.0,347181.0,3.09
300112.SZ,20260910,8.95,8.96,9.0,8.92,1187500.0,10637822.72,8.96
300113.SZ,20260910,16.55,16.6,16.6,16.55,96500.0,1601115.04,16.59
300115.SZ,20260910,23.82,23.82,23.96,23.78,148500.0,3536989.12,23.82
300118.SZ,20260910,9.4,9.41,9.41,9.38,130600.0,1228275.04,9.41
300119.SZ,20260910,17.85,17.83,17.86,17.81,17400.0,310242.0,17.83
300120.SZ,20260910,7.2,7.2,7.29,7.19,153100.0,1103379.04,7.21
300121.SZ,20260910,9.76,9.76,9.8,9.76,88100.0,860059.04,9.76
300122.SZ,20260910,13.1,13.1,13.14,13.08,338631.0,4436235.52,13.1
300123.SZ,20260910,4.87,4.89,4.9,4.87,122400.0,598530.0,4.89
300124.SZ,20260910,55.5,55.55,55.55,55.5,165100.0,9169176.32,55.54
300125.SZ,20260910,9.19,9.2,9.2,9.13,45500.0,417588.0,9.18
300126.SZ,20260910,6.71,6.71,6.71,6.71,43100.0,289201.0,6.71
300127.SZ,20260910,24.14,24.16,24.16,24.02,8300.0,200390.0,24.14
300128.SZ,20260910,5.04,5.05,5.1,5.04,322200.0,1629760.96,5.06
300129.SZ,20260910,7.35,7.33,7.35,7.33,100500.0,736850.0,7.33
300130.SZ,20260910,18.93,18.94,18.98,18.93,114200.0,2163283.04,18.94
300131.SZ,20260910,15.6,15.59,15.66,15.57,553300.0,8629155.2,15.6
300132.SZ,20260910,6.61,6.61,6.61,6.6,307200.0,2030316.0,6.61
300133.SZ,20260910,7.45,7.44,7.49,7.43,502100.0,3739105.92,7.45
300134.SZ,20260910,8.57,8.51,8.58,8.51,55100.0,470395.0,8.54
300135.SZ,20260910,3.88,3.77,3.88,3.77,2444600.0,9316963.2,3.81
300136.SZ,20260910,56.51,56.5,56.75,56.5,195800.0,11064857.6,56.51
300137.SZ,20260910,10.41,10.5,10.65,10.41,371500.0,3898307.84,10.49
300138.SZ,20260910,11.73,11.78,11.79,11.7,69100.0,812631.04,11.76
300139.SZ,20260910,50.0,49.9,50.2,49.72,860204.0,42948730.88,49.93
300140.SZ,20260910,5.49,5.48,5.49,5.48,24100.0,132133.0,5.48
300141.SZ,20260910,10.19,10.19,10.2,10.19,27300.0,278203.0,10.19
300142.SZ,20260910,13.33,13.33,13.38,13.32,780000.0,10399123.2,13.33
300143.SZ,20260910,7.54,7.55,7.57,7.54,69600.0,525633.0,7.55
300144.SZ,20260910,6.09,6.06,6.09,6.06,297300.0,1805171.04,6.07
300145.SZ,20260910,4.79,4.8,4.81,4.79,513400.0,2463820.0,4.8
300146.SZ,20260910,9.68,9.69,9.69,9.66,523900.0,5074744.0,9.69
300147.SZ,20260910,6.74,6.73,6.75,6.73,106800.0,719502.0,6.74
300148.SZ,20260910,3.62,3.62,3.63,3.61,389000.0,1409252.96,3.62
300149.SZ,20260910,9.18,9.18,9.18,9.16,48400.0,444279.0,9.18
300150.SZ,20260910,4.24,4.25,4.25,4.24,63300.0,268992.0,4.25
300151.SZ,20260910,16.94,16.96,16.96,16.88,58400.0,989636.96,16.95
300152.SZ,20260910,1.7,1.7,1.7,1.69,722500.0,1227956.0,1.7
300153.SZ,20260910,26.49,26.38,26.55,26.38,202627.0,5354935.36,26.43
300154.SZ,20260910,13.2,13.2,13.28,13.12,140400.0,1851244.96,13.19
300155.SZ,20260910,4.5,4.5,4.51,4.49,53000.0,238503.0,4.5
300157.SZ,20260910,4.23,4.23,4.26,4.22,704900.0,2985010.88,4.24
300158.SZ,20260910,5.47,5.48,5.49,5.45,600700.0,3291536.0,5.48
300159.SZ,20260910,3.04,3.04,3.05,3.03,554800.0,1686572.96,3.04
300160.SZ,20260910,4.59,4.59,4.6,4.59,38200.0,175343.0,4.59
300161.SZ,20260910,26.28,26.35,26.36,26.28,18500.0,487216.0,26.34
300162.SZ,20260910,7.57,7.58,7.59,7.56,159800.0,1211048.0,7.58
300163.SZ,20260910,7.83,7.87,7.87,7.81,131300.0,1032699.04,7.87
300164.SZ,20260910,11.18,10.92,11.2,10.92,5005112.96,54761323.52,10.94
300165.SZ,20260910,5.2,5.2,5.2,5.16,16200.0,83995.0,5.19
300166.SZ,20260910,12.3,12.32,12.33,12.27,171800.0,2115068.96,12.31
300167.SZ,20260910,3.86,3.86,3.87,3.86,45100.0,174096.0,3.86
300168.SZ,20260910,4.84,4.85,4.85,4.83,101300.0,490145.0,4.84
300169.SZ,20260910,5.67,5.67,5.68,5.66,81300.0,460829.0,5.67
300170.SZ,20260910,15.8,15.88,15.88,15.77,483600.0,7671864.32,15.86
300171.SZ,20260910,13.6,13.62,13.62,13.55,29400.0,400309.0,13.62
300172.SZ,20260910,4.65,4.65,4.66,4.65,56500.0,262753.0,4.65
300173.SZ,20260910,3.33,3.33,3.33,3.33,3700.0,12321.0,3.33
300174.SZ,20260910,18.27,18.28,18.3,18.26,62800.0,1148090.0,18.28
300175.SZ,20260910,6.01,5.98,6.02,5.98,100800.0,604048.0,5.99
300176.SZ,20260910,4.57,4.57,4.57,4.56,43800.0,200154.0,4.57
300177.SZ,20260910,6.43,6.45,6.45,6.41,77400.0,498595.0,6.44
300179.SZ,20260910,41.36,41.0,41.36,40.66,1174064.96,48109015.04,40.98
300180.SZ,20260910,4.64,4.64,4.64,4.62,373200.0,1730944.0,4.64
300181.SZ,20260910,13.5,13.5,13.52,13.46,41700.0,562717.0,13.49
300182.SZ,20260910,5.19,5.19,5.2,5.18,918552.96,4765483.52,5.19
300183.SZ,20260910,10.5,10.5,10.51,10.5,12500.0,131251.0,10.5
300184.SZ,20260910,11.74,11.77,11.77,11.73,325700.0,3830259.84,11.76
300185.SZ,20260910,2.76,2.77,2.77,2.76,374900.0,1037630.0,2.77
300187.SZ,20260910,4.72,4.73,4.73,4.72,62700.0,296388.0,4.73
300188.SZ,20260910,10.14,10.14,10.18,10.14,37700.0,382436.0,10.14
300189.SZ,20260910,7.51,7.46,7.55,7.45,4844768.0,36226416.64,7.48
300190.SZ,20260910,4.08,4.09,4.09,4.08,47700.0,195063.0,4.09
300191.SZ,20260910,37.96,37.81,38.1,37.75,778700.0,29495644.16,37.88
300192.SZ,20260910,18.31,18.17,18.31,18.17,104600.0,1901576.96,18.18
300193.SZ,20260910,8.0,8.02,8.02,8.0,19000.0,152358.0,8.02
300194.SZ,20260910,3.94,3.93,3.95,3.93,33725.0,132657.26,3.93
300195.SZ,20260910,6.22,6.24,6.26,6.2,36000.0,224523.0,6.24
300196.SZ,20260910,16.72,16.72,16.74,16.63,42200.0,704712.0,16.7
300197.SZ,20260910,2.09,2.08,2.09,2.08,1006500.0,2095360.96,2.08
300198.SZ,20260910,2.46,2.45,2.46,2.45,30900.0,75751.0,2.45
300199.SZ,20260910,23.1,23.12,23.16,23.01,190900.0,4414150.08,23.12
300200.SZ,20260910,8.45,8.46,8.46,8.44,25100.0,212145.0,8.45
300201.SZ,20260910,13.57,13.67,13.69,13.57,246700.0,3371648.96,13.67
300203.SZ,20260910,12.54,12.52,12.55,12.52,26700.0,334389.0,12.52
300204.SZ,20260910,20.7,20.71,20.73,20.68,113900.0,2358694.08,20.71
300205.SZ,20260910,4.96,4.96,4.96,4.96,28000.0,138880.0,4.96
300206.SZ,20260910,11.59,11.59,11.59,11.59,5300.0,61427.0,11.59
300207.SZ,20260910,17.35,17.4,17.4,17.31,343400.0,5969884.8,17.39
300209.SZ,20260910,36.9,36.95,36.99,36.8,1354100.0,49993927.68,36.92
300210.SZ,20260910,7.99,8.0,8.0,7.98,21800.0,174291.0,8.0
300211.SZ,20260910,7.34,7.32,7.35,7.32,19500.0,142908.0,7.33
300212.SZ,20260910,8.25,8.26,8.3,8.25,48200.0,398225.0,8.26
300213.SZ,20260910,6.57,6.57,6.57,6.56,53900.0,354096.0,6.57
300214.SZ,20260910,11.08,11.13,11.17,11.08,355800.0,3955779.84,11.12
300215.SZ,20260910,6.56,6.57,6.57,6.54,748200.0,4912553.92,6.57
300217.SZ,20260910,4.15,4.16,4.16,4.15,197800.0,822464.0,4.16
300218.SZ,20260910,12.88,12.9,12.9,12.87,6300.0,81199.0,12.89
300219.SZ,20260910,6.83,6.83,6.83,6.82,60600.0,413852.0,6.83
300220.SZ,20260910,11.45,11.55,11.56,11.45,38800.0,446898.0,11.52
300221.SZ,20260910,13.8,13.83,13.83,13.75,75600.0,1045224.0,13.83
300222.SZ,20260910,10.07,10.07,10.12,10.07,132800.0,1337451.04,10.07
300223.SZ,20260910,130.6,130.62,130.91,130.21,148600.0,19413647.36,130.64
300224.SZ,20260910,11.79,11.8,11.82,11.79,92100.0,1086800.0,11.8
300225.SZ,20260910,7.99,8.04,8.05,7.97,127100.0,1018368.96,8.01
300226.SZ,20260910,16.85,16.89,16.89,16.8,32800.0,553223.0,16.87
300227.SZ,20260910,14.19,14.2,14.29,14.07,179400.0,2545366.08,14.19
300228.SZ,20260910,6.94,6.94,6.94,6.93,43800.0,303826.0,6.94
300229.SZ,20260910,13.28,13.29,13.29,13.26,71400.0,948512.0,13.28
300230.SZ,20260910,4.39,4.4,4.4,4.39,26400.0,116156.0,4.4
300231.SZ,20260910,8.15,8.18,8.18,8.12,6100.0,49828.0,8.17
300232.SZ,20260910,5.5,5.48,5.5,5.46,284400.0,1558510.08,5.48
300233.SZ,20260910,13.26,13.25,13.3,13.25,99700.0,1321163.04,13.25
300234.SZ,20260910,10.54,10.54,10.54,10.43,56600.0,596426.0,10.54
300235.SZ,20260910,11.18,11.18,11.19,11.13,36000.0,402037.0,11.17
300236.SZ,20260910,82.72,82.9,82.96,82.7,37500.0,3107792.96,82.87
300237.SZ,20260910,2.33,2.32,2.34,2.32,198400.0,461038.0,2.32
300238.SZ,20260910,11.38,11.35,11.38,11.35,15600.0,177095.0,11.35
300239.SZ,20260910,5.16,5.17,5.17,5.16,18300.0,94548.0,5.17
300240.SZ,20260910,6.24,6.26,6.29,6.24,54100.0,339127.0,6.27
300241.SZ,20260910,5.77,5.8,5.82,5.77,89400.0,518795.0,5.8
300242.SZ,20260910,4.07,4.08,4.1,4.07,498200.0,2033088.96,4.08
300243.SZ,20260910,16.11,16.03,16.11,16.03,184100.0,2952030.08,16.04
300244.SZ,20260910,17.44,17.51,17.51,17.37,198400.0,3466294.08,17.47
300245.SZ,20260910,5.9,5.91,5.91,5.9,16400.0,96899.0,5.91
300246.SZ,20260910,14.6,14.6,14.6,14.6,7100.0,103660.0,14.6
300247.SZ,20260910,3.75,3.75,3.75,3.75,28500.0,106875.0,3.75
300248.SZ,20260910,8.54,8.55,8.55,8.53,9800.0,83720.0,8.54
300249.SZ,20260910,13.19,13.1,13.19,13.1,63100.0,827203.04,13.11
300250.SZ,20260910,15.48,15.53,15.58,15.48,21100.0,327613.0,15.53
300251.SZ,20260910,11.41,11.41,11.43,11.38,279800.0,3191514.88,11.41
300252.SZ,20260910,12.42,12.46,12.46,12.4,810300.0,10084844.8,12.45
300253.SZ,20260910,6.86,6.87,6.87,6.86,114400.0,785776.0,6.87
300254.SZ,20260910,9.16,9.13,9.18,9.1,299000.0,2731506.88,9.14
300255.SZ,20260910,22.9,22.92,22.94,22.86,64200.0,1470912.0,22.91
300256.SZ,20260910,2.82,2.82,2.83,2.82,188400.0,531295.0,2.82
300257.SZ,20260910,18.51,18.6,18.69,18.51,165900.0,3084265.92,18.59
300258.SZ,20260910,9.48,9.52,9.52,9.48,34600.0,329020.0,9.51
300259.SZ,20260910,4.29,4.29,4.3,4.28,138500.0,594015.0,4.29
300260.SZ,20260910,54.06,54.06,54.25,54.0,79400.0,4291980.16,54.06
300261.SZ,20260910,5.3,5.29,5.35,5.29,222500.0,1178711.04,5.3
300263.SZ,20260910,9.79,9.8,9.8,9.77,313100.0,3066296.96,9.79
300264.SZ,20260910,6.15,6.15,6.18,6.15,235700.0,1450209.92,6.15
300265.SZ,20260910,13.7,13.7,13.8,13.7,319500.0,4381258.88,13.71
300266.SZ,20260910,2.05,2.06,2.06,2.04,249200.0,513276.0,2.06
300267.SZ,20260910,3.26,3.26,3.27,3.26,66300.0,216198.0,3.26
300268.SZ,20260910,12.91,12.93,12.93,12.9,16400.0,211930.0,12.92
300269.SZ,20260910,4.97,4.97,4.97,4.96,30500.0,151565.0,4.97
300270.SZ,20260910,10.6,10.61,10.62,10.59,19500.0,206765.0,10.6
300271.SZ,20260910,5.64,5.64,5.65,5.64,54900.0,309679.0,5.64
300272.SZ,20260910,5.84,5.85,5.85,5.82,206900.0,1208928.0,5.84
300274.SZ,20260910,86.23,86.23,86.4,86.21,452700.0,39041996.8,86.24
300275.SZ,20260910,8.95,8.93,8.95,8.93,17800.0,158996.0,8.93
300276.SZ,20260910,6.13,6.13,6.14,6.12,79400.0,486742.0,6.13
300277.SZ,20260910,12.75,12.81,12.81,12.74,325000.0,4158014.08,12.79
300278.SZ,20260910,3.62,3.61,3.62,3.61,70900.0,256019.0,3.61
300279.SZ,20260910,5.7,5.71,5.71,5.7,25300.0,144460.0,5.71
300281.SZ,20260910,6.76,6.78,6.78,6.76,4900.0,33206.0,6.78
300283.SZ,20260910,12.82,12.83,12.83,12.8,170400.0,2185649.92,12.83
300284.SZ,20260910,5.17,5.17,5.18,5.17,34700.0,179411.0,5.17
300285.SZ,20260910,59.4,59.34,59.79,59.34,916106.0,54426700.8,59.41
300286.SZ,20260910,19.47,19.51,19.51,19.47,15100.0,294245.0,19.49
300287.SZ,20260910,3.65,3.66,3.66,3.65,163200.0,596433.0,3.66
300288.SZ,20260910,9.95,9.91,9.95,9.91,800.0,7932.0,9.92
300289.SZ,20260910,5.88,5.88,5.88,5.88,13800.0,81144.0,5.88
300290.SZ,20260910,6.25,6.19,6.25,6.19,415400.0,2579046.08,6.21
300291.SZ,20260910,5.35,5.34,5.37,5.34,243200.0,1300911.04,5.35
300292.SZ,20260910,4.36,4.36,4.37,4.35,602100.0,2624014.08,4.36
300293.SZ,20260910,14.6,14.64,14.64,14.6,14100.0,205961.0,14.61
300294.SZ,20260910,14.77,14.75,14.77,14.75,9300.0,137192.0,14.75
300295.SZ,20260910,11.95,11.95,11.96,11.95,10400.0,124308.0,11.95
300296.SZ,20260910,5.01,5.01,5.01,5.0,440900.0,2207089.92,5.01
300298.SZ,20260910,15.58,15.51,15.59,15.5,39500.0,613168.0,15.52
300299.SZ,20260910,5.7,5.69,5.72,5.69,270000.0,1537713.92,5.7
300300.SZ,20260910,9.1,9.17,9.17,9.02,2235900.0,20442639.36,9.14
300301.SZ,20260910,3.62,3.63,3.63,3.61,36200.0,131320.0,3.63
300302.SZ,20260910,27.6,27.51,27.7,27.5,155500.0,4279567.04,27.52
300303.SZ,20260910,6.87,6.87,6.87,6.84,351900.0,2414753.92,6.86
300304.SZ,20260910,11.31,11.33,11.34,11.3,255700.0,2896023.04,11.33
300305.SZ,20260910,6.23,6.24,6.24,6.23,32000.0,199676.0,6.24
300306.SZ,20260910,10.4,10.4,10.4,10.4,4600.0,47840.0,10.4
300307.SZ,20260910,7.35,7.36,7.36,7.34,79800.0,586798.0,7.35
300308.SZ,20260910,892.68,890.01,894.0,890.0,443100.0,394521231.36,890.37
300310.SZ,20260910,4.37,4.37,4.38,4.36,150600.0,658340.0,4.37
300311.SZ,20260910,5.53,5.54,5.55,5.51,780100.0,4319958.08,5.54
300313.SZ,20260910,15.06,14.99,15.19,14.91,472300.0,7082663.04,15.0
300314.SZ,20260910,11.25,11.29,11.32,11.25,196700.0,2220396.0,11.29
300315.SZ,20260910,4.16,4.15,4.16,4.15,1463200.0,6076072.96,4.15
300316.SZ,20260910,39.97,39.83,40.19,39.8,81000.0,3227768.96,39.85
300317.SZ,20260910,4.14,4.14,4.15,4.13,164900.0,682572.96,4.14
300318.SZ,20260910,5.16,5.16,5.16,5.16,27400.0,141384.0,5.16
300319.SZ,20260910,19.69,19.71,19.8,19.66,1837398.08,36234311.68,19.72
300320.SZ,20260910,8.24,8.28,8.28,8.24,39900.0,330177.0,8.27
300321.SZ,20260910,32.63,32.52,32.66,32.52,10900.0,354816.0,32.55
300322.SZ,20260910,17.69,17.7,17.76,17.66,186700.0,3303898.88,17.7
300323.SZ,20260910,10.96,10.97,10.99,10.92,544300.0,5967681.92,10.96
300324.SZ,20260910,3.49,3.49,3.49,3.48,115800.0,403757.0,3.49
300326.SZ,20260910,6.16,6.16,6.18,6.16,94100.0,579748.0,6.16
300327.SZ,20260910,24.06,24.1,24.1,24.06,23500.0,566208.0,24.09
300328.SZ,20260910,13.79,13.46,14.0,13.46,2640000.0,35656903.68,13.51
300329.SZ,20260910,12.0,12.0,12.0,12.0,2500.0,30000.0,12.0
300331.SZ,20260910,46.83,46.88,46.88,46.66,40100.0,1878795.04,46.85
300332.SZ,20260910,5.16,5.17,5.18,5.15,224600.0,1160386.0,5.17
300333.SZ,20260910,11.3,11.22,11.4,11.22,137400.0,1547283.04,11.26
300334.SZ,20260910,8.3,8.3,8.35,8.28,31500.0,261340.0,8.3
300335.SZ,20260910,5.65,5.65,5.67,5.64,208000.0,1175327.04,5.65
300337.SZ,20260910,9.66,9.67,9.67,9.64,61000.0,589356.0,9.66
300338.SZ,20260910,3.12,3.09,3.12,3.09,144600.0,446820.0,3.09
300339.SZ,20260910,34.6,34.6,34.67,34.58,66600.0,2304958.08,34.61
300340.SZ,20260910,8.8,8.82,8.87,8.8,18400.0,162294.0,8.82
300341.SZ,20260910,12.8,12.8,12.81,12.79,36200.0,463446.0,12.8
300342.SZ,20260910,32.09,32.09,32.1,32.05,42100.0,1350993.92,32.09
300343.SZ,20260910,5.63,5.64,5.64,5.62,65400.0,368397.0,5.63
300345.SZ,20260910,7.3,7.31,7.32,7.3,44000.0,321612.0,7.31
300346.SZ,20260910,51.83,52.0,52.0,51.83,225300.0,11705841.92,51.96
300347.SZ,20260910,54.4,54.66,54.66,54.4,100300.0,5480970.24,54.65
300348.SZ,20260910,9.98,9.97,10.02,9.97,56700.0,565393.0,9.97
300349.SZ,20260910,10.3,10.3,10.31,10.29,14900.0,153452.0,10.3
300350.SZ,20260910,4.56,4.56,4.56,4.55,40700.0,185588.0,4.56
300351.SZ,20260910,14.69,14.7,14.72,14.61,166900.0,2451808.96,14.69
300352.SZ,20260910,2.58,2.57,2.59,2.57,128600.0,330604.0,2.57
300353.SZ,20260910,16.32,16.33,16.35,16.3,37000.0,603921.0,16.32
300354.SZ,20260910,27.01,27.04,27.04,27.01,900.0,24312.0,27.01
300355.SZ,20260910,2.97,2.96,2.97,2.96,114700.0,339616.0,2.96
300357.SZ,20260910,19.95,20.0,20.07,19.9,354100.0,7081930.88,20.0
300358.SZ,20260910,8.21,8.21,8.22,8.21,76200.0,625665.0,8.21
300359.SZ,20260910,4.24,4.23,4.24,4.23,68700.0,290613.0,4.23
300360.SZ,20260910,11.45,11.41,11.45,11.41,4800.0,54788.0,11.41
300363.SZ,20260910,21.89,21.9,22.0,21.7,383300.0,8389637.12,21.89
300364.SZ,20260910,25.1,25.17,25.26,25.05,833100.0,20975680.0,25.18
300365.SZ,20260910,4.66,4.67,4.67,4.66,41400.0,193097.0,4.66
300366.SZ,20260910,5.47,5.47,5.47,5.44,59200.0,322913.0,5.46
300368.SZ,20260910,9.58,9.58,9.6,9.53,534100.0,5116608.96,9.58
300369.SZ,20260910,7.84,7.87,7.92,7.84,257000.0,2024766.08,7.88
300370.SZ,20260910,2.23,2.22,2.23,2.22,102900.0,228503.0,2.22
300371.SZ,20260910,10.36,10.3,10.36,10.3,8800.0,90784.0,10.32
300373.SZ,20260910,86.3,86.5,86.7,86.11,49200.0,4251624.96,86.42
300374.SZ,20260910,11.27,11.3,11.3,11.27,8800.0,99422.0,11.3
300375.SZ,20260910,4.21,4.21,4.21,4.2,26000.0,109458.0,4.21
300376.SZ,20260910,4.25,4.26,4.27,4.25,93800.0,399569.0,4.26
300377.SZ,20260910,14.94,14.97,15.06,14.93,703500.0,10538533.76,14.98
300378.SZ,20260910,37.5,37.65,37.65,37.44,50400.0,1895139.04,37.6
300380.SZ,20260910,29.58,29.42,29.88,29.42,28600.0,846136.0,29.59
300381.SZ,20260910,6.14,6.15,6.18,6.13,124800.0,767879.04,6.15
300382.SZ,20260910,18.0,18.05,18.1,17.99,69900.0,1260872.96,18.04
300383.SZ,20260910,11.63,11.66,11.67,11.61,436800.0,5086102.08,11.64
300384.SZ,20260910,12.19,12.21,12.24,12.19,4000.0,48850.0,12.21
300385.SZ,20260910,12.95,12.96,13.0,12.95,25900.0,335689.0,12.96
300386.SZ,20260910,11.37,11.4,11.41,11.33,38800.0,441604.0,11.38
300387.SZ,20260910,8.27,8.28,8.29,8.24,187300.0,1550268.96,8.28
300388.SZ,20260910,7.03,7.04,7.04,7.03,22200.0,156248.0,7.04
300389.SZ,20260910,12.6,12.62,12.64,12.6,34200.0,431583.68,12.62
300390.SZ,20260910,56.53,56.56,56.7,56.46,111500.0,6304421.76,56.54
300393.SZ,20260910,6.19,6.18,6.19,6.18,27100.0,167616.0,6.19
300394.SZ,20260910,254.72,253.92,254.9,253.07,419104.0,106443089.92,253.98
300395.SZ,20260910,96.96,96.91,97.3,96.8,337400.0,32703628.8,96.93
300396.SZ,20260910,7.22,7.22,7.22,7.22,1300.0,9386.0,7.22
300397.SZ,20260910,10.98,11.0,11.02,10.96,127000.0,1396473.92,11.0
300398.SZ,20260910,32.95,33.0,33.2,32.95,292200.0,9645294.08,33.01
300399.SZ,20260910,20.78,20.72,20.95,20.72,88900.0,1846425.92,20.77
300400.SZ,20260910,35.3,35.43,35.49,35.2,69100.0,2446889.92,35.41
300401.SZ,20260910,15.47,15.45,15.48,15.41,143674.0,2220879.68,15.46
300402.SZ,20260910,15.2,15.16,15.2,15.15,20000.0,303194.0,15.16
300403.SZ,20260910,9.09,9.11,9.12,9.09,34700.0,316171.0,9.11
300404.SZ,20260910,12.7,12.76,12.78,12.7,405100.0,5164830.08,12.75
300405.SZ,20260910,5.84,5.84,5.85,5.84,29400.0,171730.0,5.84
300406.SZ,20260910,11.65,11.68,11.68,11.65,15600.0,182122.0,11.67
300407.SZ,20260910,11.53,11.54,11.54,11.5,4700.0,54187.0,11.53
300408.SZ,20260910,115.4,115.07,115.42,115.01,493161.0,56747008.0,115.07
300409.SZ,20260910,17.21,17.25,17.31,17.2,195900.0,3377358.08,17.24
300410.SZ,20260910,8.06,8.07,8.07,8.02,72800.0,586716.0,8.06
300411.SZ,20260910,8.69,8.7,8.71,8.68,32600.0,283540.0,8.7
300412.SZ,20260910,4.49,4.51,4.51,4.49,58000.0,261298.0,4.51
300413.SZ,20260910,18.67,18.53,18.75,18.53,4192504.96,77799997.44,18.56
300414.SZ,20260910,11.18,11.23,11.23,11.14,70500.0,790370.0,11.21
300415.SZ,20260910,19.26,19.24,19.3,19.24,17600.0,338662.0,19.24
300416.SZ,20260910,14.08,14.11,14.11,14.07,90700.0,1278619.04,14.1
300417.SZ,20260910,11.78,11.69,11.78,11.69,17700.0,206972.0,11.69
300418.SZ,20260910,45.41,45.35,45.6,45.33,423500.0,19209781.76,45.36
300419.SZ,20260910,9.06,9.19,9.19,9.06,47400.0,431717.0,9.11
300420.SZ,20260910,7.84,7.85,7.9,7.81,751000.0,5894702.08,7.85
300421.SZ,20260910,16.81,16.8,16.81,16.69,12500.0,209772.0,16.78
300422.SZ,20260910,4.31,4.33,4.33,4.29,56700.0,244896.0,4.32
300423.SZ,20260910,5.82,5.81,5.86,5.81,16200.0,94192.0,5.81
300424.SZ,20260910,14.22,14.21,14.3,14.21,158200.0,2248296.96,14.21
300425.SZ,20260910,4.13,4.13,4.13,4.12,5400.0,22299.0,4.13
300426.SZ,20260910,7.65,7.73,7.75,7.63,363300.0,2803231.04,7.72
300427.SZ,20260910,6.8,6.81,6.82,6.8,68400.0,465800.0,6.81
300428.SZ,20260910,20.3,20.2,20.3,20.2,100400.0,2028608.0,20.21
300429.SZ,20260910,10.91,10.9,10.97,10.9,171800.0,1873712.96,10.91
300430.SZ,20260910,4.48,4.5,4.5,4.48,74400.0,334294.0,4.49
300432.SZ,20260910,13.93,13.93,13.95,13.91,137500.0,1915004.0,13.93
300433.SZ,20260910,34.52,34.52,34.66,34.46,1071500.0,36991127.04,34.52
300434.SZ,20260910,10.82,10.82,10.84,10.8,147500.0,1595771.04,10.82
300435.SZ,20260910,16.98,17.02,17.05,16.98,99700.0,1695767.04,17.01
300436.SZ,20260910,89.75,89.58,89.75,89.5,10419.0,933382.24,89.59
300437.SZ,20260910,11.98,11.93,12.0,11.93,66600.0,794994.0,11.94
300438.SZ,20260910,53.35,53.36,53.5,53.34,86100.0,4595405.12,53.37
300439.SZ,20260910,9.43,9.43,9.43,9.43,5200.0,49036.0,9.43
300440.SZ,20260910,20.38,20.45,20.45,20.25,6400.0,130644.0,20.41
300441.SZ,20260910,7.06,7.09,7.09,7.06,2700.0,19134.0,7.09
300442.SZ,20260910,61.61,61.6,61.73,61.57,112100.0,6907386.88,61.62
300443.SZ,20260910,18.52,18.52,18.53,18.51,15700.0,290762.0,18.52
300444.SZ,20260910,9.16,9.19,9.19,9.16,92700.0,851526.0,9.19
300445.SZ,20260910,17.73,17.71,17.73,17.71,11500.0,203684.0,17.71
300446.SZ,20260910,13.14,13.15,13.16,13.14,18700.0,245925.0,13.15
300447.SZ,20260910,14.35,14.36,14.36,14.3,15500.0,222517.0,14.36
300448.SZ,20260910,5.83,5.83,5.9,5.83,69100.0,403476.0,5.84
300449.SZ,20260910,6.91,6.88,6.92,6.88,29400.0,202485.0,6.89
300450.SZ,20260910,30.59,30.63,30.63,30.57,215600.0,6600624.0,30.62
300451.SZ,20260910,3.45,3.45,3.45,3.44,78800.0,271823.0,3.45
300452.SZ,20260910,13.0,13.0,13.0,13.0,5600.0,72800.0,13.0
300453.SZ,20260910,9.16,9.17,9.18,9.15,87600.0,803188.96,9.17
300454.SZ,20260910,129.44,129.58,129.58,129.01,32200.0,4170044.16,129.5
300455.SZ,20260910,17.2,17.3,17.3,17.2,41000.0,706458.0,17.23
300456.SZ,20260910,36.75,36.8,36.83,36.7,273400.0,10058833.28,36.79
300457.SZ,20260910,20.75,20.78,20.81,20.75,45100.0,937055.04,20.78
300458.SZ,20260910,30.41,30.41,30.48,30.36,174200.0,5297854.08,30.41
300459.SZ,20260910,3.68,3.68,3.68,3.66,313700.0,1153719.04,3.68
300460.SZ,20260910,8.5,8.58,8.58,8.5,63200.0,538032.0,8.51
300461.SZ,20260910,33.65,33.75,33.78,33.65,27200.0,917699.04,33.74
300462.SZ,20260910,11.2,11.2,11.2,11.2,2000.0,22400.0,11.2
300463.SZ,20260910,9.29,9.25,9.29,9.25,9200.0,85108.0,9.25
300464.SZ,20260910,7.94,7.97,7.97,7.94,29100.0,231908.0,7.97
300465.SZ,20260910,11.7,11.64,11.7,11.64,59700.0,695528.96,11.65
300466.SZ,20260910,7.35,7.37,7.37,7.35,4200.0,30945.0,7.37
300467.SZ,20260910,33.21,33.44,33.44,33.21,15500.0,518297.0,33.44
300468.SZ,20260910,24.45,24.48,24.5,24.44,522900.0,12797352.96,24.47
300469.SZ,20260910,52.71,52.65,53.41,52.65,19700.0,1039536.96,52.77
300470.SZ,20260910,27.9,27.85,27.9,27.85,3500.0,97505.0,27.86
300471.SZ,20260910,10.0,10.01,10.01,9.99,45900.0,459071.0,10.0
300472.SZ,20260910,7.11,7.11,7.11,7.11,0.0,0.0,7.11
300473.SZ,20260910,29.27,28.68,29.27,28.55,580700.0,16731194.88,28.81
300474.SZ,20260910,49.09,49.09,49.15,49.09,33700.0,1654497.92,49.1
300475.SZ,20260910,173.81,174.0,174.5,173.01,263600.0,45844172.8,173.92
300476.SZ,20260910,229.52,229.33,229.98,229.22,255724.0,58664719.36,229.41
300477.SZ,20260910,2.6,2.6,2.61,2.6,421800.0,1096919.04,2.6
300478.SZ,20260910,32.05,32.05,32.1,32.05,23700.0,759827.04,32.06
300479.SZ,20260910,14.93,14.94,14.94,14.88,19700.0,294234.0,14.94
300480.SZ,20260910,29.69,29.79,29.79,29.66,33200.0,988322.0,29.77
300481.SZ,20260910,13.66,13.68,13.7,13.65,45700.0,625022.0,13.68
300482.SZ,20260910,16.32,16.32,16.32,16.3,8700.0,141901.0,16.31
300483.SZ,20260910,26.2,26.0,26.66,26.0,714000.0,18704116.48,26.2
300484.SZ,20260910,12.7,12.74,12.74,12.7,8700.0,110736.0,12.73
300485.SZ,20260910,8.55,8.59,8.63,8.55,79800.0,684020.96,8.57
300486.SZ,20260910,18.35,18.4,18.44,18.35,40300.0,741330.0,18.4
300487.SZ,20260910,66.56,66.61,66.61,66.0,48011.0,3194269.76,66.53
300488.SZ,20260910,35.56,35.63,35.89,35.56,74200.0,2643859.04,35.63
300489.SZ,20260910,218.0,219.13,219.13,216.5,123200.0,26977804.8,218.98
300490.SZ,20260910,10.92,10.93,10.98,10.92,21200.0,231699.0,10.93
300491.SZ,20260910,34.13,34.31,34.77,34.1,21200.0,725392.0,34.22
300492.SZ,20260910,23.8,23.83,23.83,23.8,27100.0,645763.0,23.83
300493.SZ,20260910,12.3,12.36,12.36,12.3,84100.0,1038128.0,12.34
300494.SZ,20260910,8.3,8.33,8.33,8.3,53800.0,447579.0,8.32
300496.SZ,20260910,56.07,56.06,56.2,56.02,59500.0,3336342.08,56.07
300497.SZ,20260910,20.49,20.68,20.8,20.29,896800.0,18495864.32,20.62
300498.SZ,20260910,15.13,15.15,15.2,15.12,287700.0,4358211.84,15.15
300499.SZ,20260910,36.59,36.8,36.99,36.4,1442000.0,53006187.52,36.76
300500.SZ,20260910,9.94,9.96,9.96,9.94,13700.0,136440.0,9.96
300501.SZ,20260910,9.75,9.71,9.77,9.71,25600.0,248790.0,9.72
300502.SZ,20260910,407.2,407.01,409.93,407.0,546838.0,222754754.56,407.35
300503.SZ,20260910,64.71,64.8,64.8,64.68,33700.0,2183036.96,64.78
300504.SZ,20260910,17.4,17.4,17.55,17.36,49100.0,854312.0,17.4
300505.SZ,20260910,22.7,22.84,22.95,22.6,635000.0,14500303.36,22.84
300506.SZ,20260910,4.91,4.92,4.92,4.91,95500.0,469787.0,4.92
300507.SZ,20260910,6.42,6.46,6.46,6.42,31400.0,202260.0,6.44
300508.SZ,20260910,38.2,38.38,38.38,38.02,14700.0,561009.0,38.16
300509.SZ,20260910,9.18,9.18,9.19,9.18,8100.0,74371.0,9.18
300510.SZ,20260910,3.45,3.46,3.46,3.45,59200.0,204457.0,3.45
300511.SZ,20260910,5.77,5.78,5.81,5.77,243300.0,1407564.96,5.79
300512.SZ,20260910,7.33,7.33,7.33,7.33,10400.0,76232.0,7.33
300513.SZ,20260910,7.58,7.58,7.58,7.58,13000.0,98540.0,7.58
300514.SZ,20260910,10.4,10.42,10.42,10.4,17100.0,178142.0,10.42
300515.SZ,20260910,15.78,15.8,15.8,15.78,7600.0,120052.0,15.8
300516.SZ,20260910,35.68,35.58,35.72,35.58,43220.0,1539195.68,35.61
300517.SZ,20260910,12.1,12.18,12.26,12.1,38300.0,466151.0,12.17
300518.SZ,20260910,25.95,26.13,26.13,25.95,34200.0,892880.0,26.11
300519.SZ,20260910,14.32,14.39,14.39,14.32,4500.0,64685.0,14.37
300520.SZ,20260910,23.02,23.07,23.15,23.02,23300.0,537451.0,23.07
300521.SZ,20260910,24.82,24.82,24.86,24.82,82100.0,2037748.96,24.82
300522.SZ,20260910,13.63,13.63,13.7,13.63,35700.0,486731.0,13.63
300523.SZ,20260910,21.52,21.48,21.62,21.36,83700.0,1797870.08,21.48
300525.SZ,20260910,8.04,8.02,8.04,8.02,18400.0,147624.0,8.02
300527.SZ,20260910,8.31,8.32,8.32,8.31,51800.0,430662.0,8.31
300528.SZ,20260910,14.65,14.6,14.7,14.6,865300.0,12652803.84,14.62
300529.SZ,20260910,15.38,15.35,15.38,15.35,17600.0,270232.0,15.35
300530.SZ,20260910,20.89,20.94,20.94,20.78,20600.0,430720.0,20.91
300531.SZ,20260910,16.05,16.08,16.08,16.01,28300.0,454612.0,16.06
300532.SZ,20260910,7.3,7.33,7.33,7.3,1300.0,9499.0,7.31
300533.SZ,20260910,15.35,15.42,15.42,15.3,73800.0,1136039.04,15.39
300534.SZ,20260910,13.07,13.07,13.18,13.06,384600.0,5027423.04,13.07
300535.SZ,20260910,16.22,16.28,16.28,16.22,19800.0,322276.0,16.28
300536.SZ,20260910,8.87,8.87,8.88,8.87,22400.0,198690.0,8.87
300537.SZ,20260910,19.58,19.58,19.66,19.58,52900.0,1036624.96,19.6
300538.SZ,20260910,15.03,15.01,15.06,15.0,32100.0,481843.0,15.01
300539.SZ,20260910,17.34,17.37,17.37,17.32,32900.0,571378.0,17.37
300540.SZ,20260910,26.54,26.6,26.66,26.54,62800.0,1669932.96,26.59
300541.SZ,20260910,9.8,9.8,9.8,9.78,10000.0,97948.0,9.8
300542.SZ,20260910,12.74,12.73,12.77,12.71,21800.0,277559.0,12.73
300543.SZ,20260910,7.68,7.69,7.69,7.66,19400.0,149115.0,7.69
300545.SZ,20260910,27.25,27.3,27.43,27.25,86800.0,2370440.96,27.31
300546.SZ,20260910,17.44,17.44,17.44,17.38,28900.0,503556.0,17.42
300547.SZ,20260910,26.5,26.5,26.58,26.5,15800.0,418732.0,26.5
300548.SZ,20260910,214.01,215.0,215.2,212.02,141600.0,30413219.84,214.78
300549.SZ,20260910,14.55,14.54,14.55,14.54,7300.0,106144.0,14.54
300550.SZ,20260910,13.93,13.92,13.98,13.92,18600.0,259052.0,13.93
300551.SZ,20260910,11.5,11.5,11.5,11.46,59400.0,682895.04,11.5
300552.SZ,20260910,21.12,21.12,21.12,21.06,23000.0,485388.0,21.1
300553.SZ,20260910,56.25,56.14,56.62,56.14,24500.0,1376164.96,56.17
300554.SZ,20260910,21.66,21.66,21.75,21.66,37200.0,805950.0,21.67
300555.SZ,20260910,12.39,12.39,12.53,12.39,11500.0,142876.0,12.42
300556.SZ,20260910,16.61,16.58,16.63,16.58,147200.0,2441884.96,16.59
300557.SZ,20260910,26.6,26.78,26.83,26.6,6800.0,181803.0,26.74
300558.SZ,20260910,46.88,46.9,46.9,46.82,41500.0,1945920.0,46.89
300559.SZ,20260910,12.42,12.45,12.5,12.42,74700.0,929844.96,12.45
300560.SZ,20260910,18.48,18.58,18.58,18.3,63600.0,1179804.0,18.55
300561.SZ,20260910,15.96,15.96,16.02,15.91,244100.0,3898166.08,15.97
300562.SZ,20260910,17.0,17.04,17.04,16.89,36100.0,614147.0,17.01
300563.SZ,20260910,23.65,23.71,23.75,23.6,214600.0,5087180.16,23.71
300564.SZ,20260910,12.5,12.5,12.5,12.5,4000.0,50000.0,12.5
300565.SZ,20260910,10.03,10.03,10.03,10.01,66800.0,669639.0,10.02
300566.SZ,20260910,24.9,25.0,25.01,24.89,76500.0,1910313.92,24.97
300567.SZ,20260910,193.0,192.01,193.0,192.01,24240.0,4660639.36,192.27
300568.SZ,20260910,14.89,14.97,14.97,14.81,561800.0,8401491.84,14.96
300569.SZ,20260910,4.74,4.72,4.74,4.71,54300.0,256249.0,4.72
300570.SZ,20260910,198.73,199.27,199.99,198.5,312200.0,62189076.48,199.2
300571.SZ,20260910,28.79,28.85,29.11,28.68,55400.0,1597481.92,28.84
300572.SZ,20260910,24.7,24.79,24.79,24.56,12200.0,302217.0,24.77
300573.SZ,20260910,36.67,36.76,36.76,36.67,12200.0,448363.0,36.75
300575.SZ,20260910,6.26,6.26,6.27,6.25,41300.0,258551.0,6.26
300576.SZ,20260910,27.71,27.77,27.77,27.6,57700.0,1599243.04,27.72
300577.SZ,20260910,20.8,20.91,20.91,20.78,393000.0,8200718.72,20.87
300578.SZ,20260910,15.85,15.91,15.91,15.85,5300.0,84317.0,15.91
300579.SZ,20260910,23.21,23.21,23.31,23.2,11600.0,269274.0,23.21
300580.SZ,20260910,18.68,18.71,18.74,18.64,14400.0,269114.0,18.69
300581.SZ,20260910,10.92,10.97,10.99,10.92,170800.0,1873339.04,10.97
300582.SZ,20260910,10.99,10.99,11.02,10.95,23400.0,257135.0,10.99
300583.SZ,20260910,13.38,13.41,13.42,13.38,28700.0,384598.0,13.4
300584.SZ,20260910,30.6,30.54,30.6,30.54,1000.0,30546.0,30.55
300585.SZ,20260910,16.05,16.09,16.09,16.05,22500.0,361893.0,16.08
300586.SZ,20260910,8.83,8.91,8.91,8.83,51700.0,459627.0,8.89
300587.SZ,20260910,4.86,4.87,4.87,4.86,61900.0,301409.0,4.87
300588.SZ,20260910,22.3,22.3,22.3,22.2,40700.0,905664.96,22.25
300589.SZ,20260910,14.6,14.66,14.78,14.4,1110400.0,16254188.8,14.64
300590.SZ,20260910,11.18,11.16,11.22,11.13,105600.0,1178668.96,11.16
300591.SZ,20260910,7.28,7.3,7.3,7.28,27400.0,199713.0,7.29
300592.SZ,20260910,18.74,18.8,18.88,18.46,157900.0,2965384.0,18.78
300593.SZ,20260910,32.9,33.08,33.24,32.85,157600.0,5207225.92,33.04
300594.SZ,20260910,15.1,15.1,15.17,15.1,24500.0,370072.0,15.11
300595.SZ,20260910,10.81,10.81,10.81,10.8,80500.0,869896.96,10.81
300596.SZ,20260910,41.7,41.99,41.99,41.69,25400.0,1065412.96,41.95
300597.SZ,20260910,8.0,8.05,8.06,8.0,16700.0,134228.0,8.04
300598.SZ,20260910,31.5,31.51,31.66,31.46,32600.0,1027276.96,31.51
300599.SZ,20260910,11.5,11.45,11.54,11.45,108500.0,1242710.0,11.45
300600.SZ,20260910,10.86,10.9,10.92,10.74,328200.0,3569309.12,10.88
300601.SZ,20260910,12.37,12.38,12.4,12.36,189300.0,2342724.96,12.38
300602.SZ,20260910,39.01,39.16,39.17,39.0,111500.0,4360282.88,39.11
300603.SZ,20260910,8.12,8.12,8.15,8.11,48900.0,397226.0,8.12
300604.SZ,20260910,261.12,261.36,262.2,261.0,54400.0,14214019.84,261.29
300605.SZ,20260910,10.5,10.51,10.52,10.48,17900.0,188090.0,10.51
300606.SZ,20260910,33.6,33.66,33.66,33.58,13400.0,450763.0,33.64
300607.SZ,20260910,40.28,39.78,40.28,39.69,3171015.04,126413916.16,39.87
300608.SZ,20260910,9.86,9.78,9.86,9.78,25300.0,247497.0,9.78
300609.SZ,20260910,24.07,24.17,24.17,24.07,9700.0,233987.0,24.12
300610.SZ,20260910,10.6,10.6,10.6,10.6,6600.0,69960.0,10.6
300611.SZ,20260910,27.1,27.1,27.1,27.0,13700.0,371196.0,27.1
300612.SZ,20260910,12.37,12.37,12.37,12.37,5300.0,65561.0,12.37
300613.SZ,20260910,69.77,69.77,69.9,69.66,67900.0,4736965.12,69.76
300614.SZ,20260910,10.64,10.63,10.69,10.63,53200.0,565602.0,10.63
300615.SZ,20260910,13.61,13.61,13.67,13.61,240600.0,3276892.16,13.62
300616.SZ,20260910,10.48,10.4,10.49,10.37,66000.0,686204.0,10.4
300617.SZ,20260910,36.17,36.33,36.33,36.13,7400.0,268137.0,36.24
300618.SZ,20260910,33.31,33.37,33.37,33.3,15500.0,516718.0,33.34
300619.SZ,20260910,26.05,26.04,26.3,26.04,37200.0,970262.0,26.08
300620.SZ,20260910,289.99,290.0,291.0,289.03,112300.0,32563056.64,289.97
300621.SZ,20260910,7.3,7.3,7.32,7.3,39500.0,288397.0,7.3
300622.SZ,20260910,15.09,15.09,15.11,15.06,31300.0,472222.0,15.09
300623.SZ,20260910,28.6,28.54,28.73,28.51,69500.0,1986552.96,28.58
300624.SZ,20260910,54.8,54.8,55.07,54.8,71400.0,3914314.88,54.82
300625.SZ,20260910,9.76,9.75,9.76,9.75,6300.0,61436.0,9.75
300626.SZ,20260910,26.39,26.28,26.57,26.28,17800.0,468097.0,26.3
300627.SZ,20260910,27.55,27.56,27.75,27.53,32900.0,907931.04,27.6
300628.SZ,20260910,39.84,39.79,39.84,39.78,29100.0,1158372.0,39.81
300629.SZ,20260910,18.25,18.3,18.3,18.2,34100.0,623077.0,18.27
300631.SZ,20260910,21.85,21.85,21.89,21.85,11900.0,260035.0,21.85
300632.SZ,20260910,18.18,18.2,18.3,18.1,453600.0,8252636.8,18.19
300633.SZ,20260910,20.47,20.45,20.47,20.45,19900.0,406969.0,20.45
300634.SZ,20260910,19.55,19.55,19.58,19.51,64800.0,1266516.0,19.55
300635.SZ,20260910,12.17,12.11,12.18,12.11,19100.0,231454.0,12.12
300636.SZ,20260910,6.92,6.9,6.92,6.9,17700.0,122186.0,6.9
300637.SZ,20260910,9.44,9.46,9.46,9.44,9400.0,88922.0,9.46
300638.SZ,20260910,18.28,18.3,18.3,18.24,39000.0,713315.04,18.29
300639.SZ,20260910,5.81,5.82,5.82,5.81,27400.0,159467.0,5.82
300640.SZ,20260910,6.9,6.91,6.91,6.87,44000.0,303845.0,6.91
300641.SZ,20260910,13.81,13.81,13.81,13.8,34000.0,469480.0,13.81
300642.SZ,20260910,17.8,17.91,17.98,17.8,168000.0,3007568.0,17.9
300643.SZ,20260910,18.53,18.6,18.6,18.53,44600.0,828623.04,18.58
300644.SZ,20260910,20.24,20.24,20.24,20.18,24500.0,494793.0,20.2
300645.SZ,20260910,13.76,13.8,13.8,13.76,15600.0,215264.0,13.8
300647.SZ,20260910,7.85,7.9,7.9,7.84,304200.0,2402081.92,7.9
300648.SZ,20260910,39.01,39.0,39.01,39.0,4800.0,187225.0,39.01
300649.SZ,20260910,24.47,24.51,24.51,24.28,47900.0,1172376.0,24.48
300650.SZ,20260910,12.52,12.6,12.6,12.51,48900.0,615960.0,12.6
300651.SZ,20260910,16.91,16.89,16.94,16.88,119300.0,2015571.04,16.9
300652.SZ,20260910,26.77,26.92,26.92,26.77,2500.0,67157.0,26.86
300653.SZ,20260910,15.6,15.6,15.6,15.5,26000.0,405475.0,15.6
300654.SZ,20260910,9.76,9.76,9.78,9.75,110500.0,1078804.0,9.76
300655.SZ,20260910,12.47,12.5,12.52,12.47,164700.0,2057896.0,12.5
300656.SZ,20260910,25.7,25.79,25.84,25.67,39200.0,1010448.0,25.78
300657.SZ,20260910,34.44,34.44,34.65,34.21,181200.0,6239052.16,34.43
300658.SZ,20260910,10.6,10.68,10.68,10.44,63000.0,672191.04,10.67
300659.SZ,20260910,10.13,10.14,10.14,10.13,43000.0,435913.0,10.14
300660.SZ,20260910,24.09,24.08,24.09,24.01,13300.0,319846.0,24.05
300661.SZ,20260910,107.01,107.01,107.37,107.01,16600.0,1776711.04,107.03
300662.SZ,20260910,21.67,21.7,21.7,21.57,9100.0,197133.0,21.66
300663.SZ,20260910,8.37,8.39,8.41,8.36,491000.0,4118742.08,8.39
300664.SZ,20260910,4.77,4.79,4.79,4.77,22100.0,105691.0,4.78
300665.SZ,20260910,9.21,9.25,9.25,9.2,9200.0,84881.0,9.23
300666.SZ,20260910,228.78,228.88,229.05,228.28,52800.0,12082023.68,228.83
300667.SZ,20260910,14.38,14.4,14.41,14.35,11500.0,165366.0,14.38
300668.SZ,20260910,31.77,31.82,31.82,31.66,4400.0,139950.0,31.81
300669.SZ,20260910,23.17,23.18,23.18,23.0,6200.0,143047.0,23.07
300670.SZ,20260910,7.08,7.08,7.1,7.07,46400.0,328538.0,7.08
300671.SZ,20260910,51.41,51.42,51.56,51.22,46167.0,2373123.68,51.4
300672.SZ,20260910,167.77,167.09,168.9,167.09,38300.0,6405315.2,167.24
300673.SZ,20260910,14.52,14.41,14.52,14.41,19900.0,287557.0,14.45
300674.SZ,20260910,17.19,17.12,17.19,17.12,106600.0,1826188.96,17.13
300675.SZ,20260910,13.12,13.07,13.12,13.07,9000.0,117675.0,13.08
300676.SZ,20260910,36.63,36.67,36.79,36.63,43700.0,1602526.08,36.67
300677.SZ,20260910,53.85,53.92,54.1,53.26,22000.0,1184714.0,53.85
300678.SZ,20260910,22.02,22.03,22.04,22.02,22100.0,486858.0,22.03
300679.SZ,20260910,43.13,43.14,43.3,43.0,186094.0,8025041.28,43.12
300680.SZ,20260910,19.6,19.62,19.63,19.55,47900.0,938960.96,19.6
300681.SZ,20260910,20.7,20.71,20.71,20.62,29100.0,602110.0,20.69
300682.SZ,20260910,9.12,9.1,9.12,9.1,28100.0,255874.0,9.11
300683.SZ,20260910,24.3,24.28,24.32,24.28,14300.0,347240.0,24.28
300684.SZ,20260910,82.97,83.0,83.66,82.9,394186.0,32736550.4,83.05
300685.SZ,20260910,16.81,16.81,16.83,16.8,64600.0,1085964.0,16.81
300686.SZ,20260910,14.0,14.2,14.22,14.0,27000.0,380416.0,14.09
300687.SZ,20260910,27.82,27.83,27.88,27.63,84400.0,2345884.96,27.8
300688.SZ,20260910,30.7,30.68,30.88,30.38,120300.0,3691619.84,30.69
300689.SZ,20260910,59.8,59.8,59.8,59.5,13700.0,819115.04,59.79
300690.SZ,20260910,22.76,22.76,22.76,22.66,15100.0,343478.0,22.75
300691.SZ,20260910,14.39,14.44,14.44,14.39,10300.0,148657.0,14.43
300692.SZ,20260910,8.94,8.95,8.96,8.94,69600.0,622793.0,8.95
300693.SZ,20260910,39.3,39.36,39.38,39.21,32600.0,1282630.0,39.34
300694.SZ,20260910,10.64,10.65,10.65,10.63,17500.0,186359.0,10.65
300695.SZ,20260910,47.2,47.2,47.2,47.2,3000.0,141600.0,47.2
300696.SZ,20260910,21.03,21.05,21.08,21.0,26600.0,559638.0,21.04
300697.SZ,20260910,16.29,16.27,16.33,16.19,1592700.0,25932134.4,16.28
300698.SZ,20260910,26.48,26.63,26.63,26.48,24100.0,641247.0,26.61
300699.SZ,20260910,23.96,24.0,24.02,23.95,61400.0,1473273.92,24.0
300700.SZ,20260910,19.01,19.15,19.2,19.01,6600.0,126384.0,19.15
300701.SZ,20260910,9.85,9.85,9.86,9.85,4500.0,44326.0,9.85
300702.SZ,20260910,21.36,21.26,21.36,21.26,6100.0,129926.0,21.3
300703.SZ,20260910,14.81,14.82,14.84,14.72,77400.0,1147248.96,14.82
300705.SZ,20260910,10.87,10.88,10.88,10.86,14300.0,155520.0,10.88
300706.SZ,20260910,46.9,47.0,47.0,46.78,20400.0,958120.0,46.97
300707.SZ,20260910,12.27,12.29,12.29,12.27,6900.0,84793.0,12.29
300708.SZ,20260910,8.3,8.31,8.31,8.29,67800.0,562747.0,8.3
300709.SZ,20260910,42.0,42.3,42.3,41.8,184400.0,7788232.96,42.24
300710.SZ,20260910,30.61,30.69,30.76,30.61,10800.0,331383.0,30.68
300711.SZ,20260910,18.87,18.91,18.95,18.81,279300.0,5276736.96,18.89
300712.SZ,20260910,19.95,19.9,19.95,19.89,4600.0,91552.0,19.9
300713.SZ,20260910,13.3,13.26,13.3,13.25,8700.0,115385.0,13.26
300715.SZ,20260910,13.95,14.03,14.03,13.95,13200.0,184655.0,13.99
300716.SZ,20260910,18.18,18.18,18.18,18.18,7400.0,134532.0,18.18
300717.SZ,20260910,18.4,18.49,18.5,18.4,13200.0,244041.0,18.49
300718.SZ,20260910,54.38,54.38,54.44,54.32,13600.0,739650.0,54.39
300719.SZ,20260910,12.82,12.85,12.85,12.81,9700.0,124520.0,12.84
300720.SZ,20260910,61.97,62.22,62.81,61.36,375600.0,23348229.12,62.16
300721.SZ,20260910,21.3,21.36,21.4,21.3,44000.0,940106.0,21.37
300722.SZ,20260910,22.76,22.77,22.77,22.67,30100.0,684824.0,22.75
300723.SZ,20260910,34.8,34.8,34.8,34.7,33800.0,1175818.0,34.79
300724.SZ,20260910,52.8,52.8,52.87,52.74,25300.0,1335758.0,52.8
300725.SZ,20260910,43.3,43.4,43.43,43.3,188200.0,8164919.04,43.38
300726.SZ,20260910,52.25,52.11,52.6,52.11,155800.0,8133854.72,52.21
300727.SZ,20260910,29.8,29.44,29.8,29.39,249623.0,7374643.2,29.54
300729.SZ,20260910,10.71,10.72,10.72,10.66,5100.0,54550.0,10.7
300730.SZ,20260910,11.22,11.22,11.22,11.22,28800.0,323136.0,11.22
300731.SZ,20260910,49.38,49.48,49.48,49.01,78900.0,3900344.0,49.43
300732.SZ,20260910,6.01,6.03,6.03,6.01,29500.0,177860.0,6.03
300733.SZ,20260910,13.11,13.11,13.16,13.11,17200.0,226094.0,13.15
300735.SZ,20260910,18.41,18.41,18.46,18.38,65600.0,1207992.0,18.42
300736.SZ,20260910,31.95,32.05,32.05,31.95,16200.0,517770.0,31.96
300737.SZ,20260910,4.81,4.8,4.83,4.8,104900.0,503788.0,4.8
300738.SZ,20260910,19.6,19.61,19.64,19.58,202600.0,3972696.96,19.61
300739.SZ,20260910,24.31,24.51,24.58,24.31,195700.0,4788296.0,24.47
300740.SZ,20260910,20.8,20.8,20.98,20.79,579000.0,12047609.6,20.81
300741.SZ,20260910,19.79,19.9,20.1,19.79,425400.0,8461127.68,19.89
300743.SZ,20260910,14.52,14.44,14.52,14.44,13100.0,189194.0,14.44
300745.SZ,20260910,27.76,27.79,27.97,27.76,19200.0,533770.0,27.8
300746.SZ,20260910,13.57,13.59,13.59,13.52,20900.0,283975.0,13.59
300747.SZ,20260910,41.49,41.59,41.6,41.31,370100.0,15379266.56,41.55
300748.SZ,20260910,25.61,25.61,25.71,25.55,47300.0,1210900.0,25.6
300749.SZ,20260910,24.99,24.98,25.08,24.96,5500.0,137714.0,25.04
300750.SZ,20260910,335.05,335.9,335.9,335.05,503400.0,169066475.52,335.85
300751.SZ,20260910,194.65,194.61,195.9,192.0,50836.0,9919864.96,195.14
300752.SZ,20260910,11.64,11.61,11.65,11.57,57300.0,665750.0,11.62
300753.SZ,20260910,20.77,21.2,21.2,20.77,29900.0,629065.0,21.04
300755.SZ,20260910,11.74,11.58,11.74,11.55,39400.0,457470.0,11.61
300756.SZ,20260910,30.7,30.76,30.76,30.6,19200.0,590136.0,30.74
300757.SZ,20260910,638.86,635.11,638.99,635.11,67605.0,42988170.24,635.87
300758.SZ,20260910,11.34,11.33,11.46,11.33,26500.0,300552.0,11.34
300759.SZ,20260910,41.41,41.68,41.68,41.34,253600.0,10552824.32,41.61
300760.SZ,20260910,165.2,165.97,165.99,165.2,66100.0,10961876.48,165.84
300761.SZ,20260910,21.61,21.61,21.61,21.53,49000.0,1058579.04,21.6
300762.SZ,20260910,27.07,27.13,27.15,27.07,56800.0,1540471.04,27.12
300763.SZ,20260910,56.21,56.57,56.57,56.07,114500.0,6468385.28,56.49
300765.SZ,20260910,42.0,41.03,42.01,41.03,397400.0,16442567.68,41.38
300766.SZ,20260910,23.69,23.69,23.75,23.5,1537132.96,36378380.8,23.67
300767.SZ,20260910,18.98,19.0,19.0,18.98,18800.0,357135.0,19.0
300768.SZ,20260910,14.44,14.45,14.49,14.44,15600.0,225540.0,14.46
300769.SZ,20260910,41.26,41.3,41.3,41.16,24200.0,998556.0,41.26
300770.SZ,20260910,34.96,35.0,35.0,34.9,9600.0,335870.0,34.99
300771.SZ,20260910,11.51,11.52,11.52,11.51,9800.0,112888.0,11.52
300772.SZ,20260910,9.19,9.2,9.2,9.18,180200.0,1655936.96,9.19
300773.SZ,20260910,16.05,16.05,16.09,16.0,407000.0,6531898.88,16.05
300774.SZ,20260910,11.84,11.8,11.86,11.8,530300.0,6260122.24,11.81
300775.SZ,20260910,22.56,22.55,22.63,22.54,196200.0,4424639.04,22.55
300776.SZ,20260910,113.0,113.09,113.54,112.43,34000.0,3844737.92,113.08
300777.SZ,20260910,21.77,21.78,21.83,21.77,115800.0,2522281.92,21.78
300778.SZ,20260910,11.22,11.22,11.28,11.22,31500.0,353476.0,11.22
300779.SZ,20260910,54.93,54.87,55.17,54.87,73917.0,4058341.76,54.9
300780.SZ,20260910,20.53,20.53,20.78,20.52,21500.0,441877.0,20.55
300781.SZ,20260910,28.21,28.04,28.21,28.04,9100.0,255258.0,28.05
300782.SZ,20260910,73.17,73.29,73.36,73.08,126000.0,9230542.08,73.26
300783.SZ,20260910,17.91,17.92,17.97,17.87,47700.0,854592.0,17.92
300784.SZ,20260910,41.77,41.81,41.81,41.77,2300.0,96148.0,41.8
300785.SZ,20260910,37.17,37.88,38.0,36.89,282500.0,10677909.76,37.8
300786.SZ,20260910,14.33,14.35,14.35,14.15,13500.0,192611.0,14.27
300787.SZ,20260910,10.16,10.17,10.17,10.15,5800.0,58953.0,10.16
300788.SZ,20260910,29.25,29.31,29.5,29.22,734200.0,21544647.68,29.34
300789.SZ,20260910,16.27,16.28,16.28,16.27,11800.0,192070.0,16.28
300790.SZ,20260910,20.21,20.3,20.36,20.1,1973300.0,40014343.68,20.28
300791.SZ,20260910,18.39,18.29,18.39,18.26,30900.0,567062.0,18.35
300792.SZ,20260910,25.45,25.45,25.48,25.38,40300.0,1025512.96,25.45
300793.SZ,20260910,11.44,11.44,11.44,11.4,8100.0,92550.0,11.43
300795.SZ,20260910,12.68,12.69,12.7,12.65,122000.0,1547246.08,12.68
300796.SZ,20260910,7.17,7.15,7.17,7.13,22600.0,161573.0,7.15
300797.SZ,20260910,12.95,12.95,12.95,12.93,14400.0,186474.0,12.95
300798.SZ,20260910,8.53,8.57,8.58,8.48,257100.0,2198902.08,8.55
300800.SZ,20260910,10.32,10.32,10.32,10.32,9400.0,97008.0,10.32
300801.SZ,20260910,21.74,21.75,21.75,21.68,36300.0,788696.0,21.73
300802.SZ,20260910,24.11,24.2,24.2,24.11,236600.0,5721909.12,24.18
300803.SZ,20260910,83.9,83.9,84.24,83.89,135300.0,11355833.6,83.93
300804.SZ,20260910,44.71,44.7,45.6,44.7,24700.0,1104868.0,44.73
300805.SZ,20260910,8.5,8.5,8.5,8.47,15300.0,129933.0,8.49
300806.SZ,20260910,49.88,49.96,49.99,49.8,338800.0,16914154.24,49.92
300807.SZ,20260910,36.8,36.81,36.86,36.8,3100.0,114125.0,36.81
300808.SZ,20260910,24.91,25.1,25.1,24.91,17700.0,443809.0,25.07
300809.SZ,20260910,23.86,23.88,23.9,23.8,19600.0,467610.0,23.86
300810.SZ,20260910,27.51,27.5,27.65,27.22,367150.0,10092282.88,27.49
300811.SZ,20260910,81.96,82.02,82.35,81.0,155100.0,12702406.4,81.9
300812.SZ,20260910,19.16,19.2,19.2,19.13,26800.0,514385.0,19.19
300813.SZ,20260910,20.63,20.81,20.81,20.63,14400.0,299467.0,20.8
300814.SZ,20260910,136.14,136.21,136.75,136.14,30500.0,4155356.16,136.24
300815.SZ,20260910,15.11,15.11,15.13,15.11,12400.0,187416.0,15.11
300816.SZ,20260910,65.2,65.01,65.27,65.01,25700.0,1671657.92,65.05
300817.SZ,20260910,16.59,16.62,16.62,16.55,13300.0,220978.0,16.62
300818.SZ,20260910,18.18,18.26,18.31,18.15,10400.0,189629.0,18.23
300819.SZ,20260910,45.81,45.91,45.91,45.81,21800.0,1000736.96,45.91
300820.SZ,20260910,57.0,57.17,57.53,57.0,31700.0,1809465.92,57.08
300821.SZ,20260910,14.75,14.8,14.8,14.75,273500.0,4044147.84,14.79
300822.SZ,20260910,11.54,11.58,11.58,11.5,5000.0,57740.0,11.55
300823.SZ,20260910,14.69,14.72,14.72,14.69,22500.0,331069.0,14.71
300824.SZ,20260910,8.11,8.12,8.13,8.1,41800.0,339196.0,8.12
300825.SZ,20260910,12.8,12.92,12.92,12.8,293300.0,3786832.0,12.91
300826.SZ,20260910,15.42,15.44,15.47,15.37,45600.0,703315.04,15.42
300827.SZ,20260910,25.0,25.11,25.11,25.0,67000.0,1681304.96,25.09
300828.SZ,20260910,17.7,17.71,17.89,17.7,35800.0,634060.0,17.71
300829.SZ,20260910,17.13,17.1,17.28,17.1,91400.0,1565232.96,17.13
300830.SZ,20260910,8.89,8.92,8.92,8.88,433200.0,3860490.88,8.91
300831.SZ,20260910,14.36,14.36,14.37,14.36,12500.0,179506.0,14.36
300832.SZ,20260910,49.15,49.0,49.16,49.0,11000.0,539820.0,49.08
300833.SZ,20260910,40.75,40.3,40.95,40.3,2100.0,85017.0,40.48
300834.SZ,20260910,39.96,40.01,40.1,39.96,15700.0,628093.0,40.01
300835.SZ,20260910,175.28,175.88,175.88,175.0,17000.0,2987523.84,175.74
300836.SZ,20260910,49.5,49.14,49.5,49.14,14000.0,689091.04,49.22
300837.SZ,20260910,23.23,23.41,23.41,23.23,9900.0,231329.0,23.37
300838.SZ,20260910,14.57,14.56,14.59,14.55,15500.0,225689.0,14.56
300839.SZ,20260910,13.77,13.8,13.83,13.74,271100.0,3738552.96,13.79
300840.SZ,20260910,18.93,18.94,18.95,18.93,56700.0,1073896.0,18.94
300841.SZ,20260910,50.18,50.25,50.25,50.18,10500.0,527581.0,50.25
300842.SZ,20260910,63.8,64.22,64.23,63.8,14900.0,955863.04,64.15
300843.SZ,20260910,123.86,123.87,124.55,123.0,95400.0,11807033.6,123.76
300844.SZ,20260910,24.63,24.51,24.65,24.51,7100.0,174193.0,24.53
300845.SZ,20260910,13.34,13.38,13.38,13.3,21700.0,289998.0,13.36
300846.SZ,20260910,18.82,18.97,18.97,18.81,74600.0,1414135.04,18.96
300847.SZ,20260910,14.26,14.26,14.27,14.26,29600.0,422118.0,14.26
300848.SZ,20260910,11.58,11.67,11.67,11.58,9700.0,112963.0,11.65
300849.SZ,20260910,22.14,22.26,22.26,22.14,9300.0,206596.0,22.22
300850.SZ,20260910,26.35,26.35,26.4,26.35,33300.0,877678.0,26.36
300851.SZ,20260910,24.25,24.25,24.25,24.25,5000.0,121250.0,24.25
300852.SZ,20260910,57.5,57.6,57.68,57.0,194200.0,11176482.56,57.55
300853.SZ,20260910,27.41,27.6,27.6,27.11,22900.0,631303.0,27.57
300854.SZ,20260910,16.3,16.35,16.35,16.3,10400.0,169880.0,16.33
300855.SZ,20260910,35.92,35.95,36.0,35.81,16000.0,574771.0,35.92
300856.SZ,20260910,10.56,10.56,10.58,10.56,10600.0,111956.0,10.56
300857.SZ,20260910,256.66,257.1,257.99,256.33,164200.0,42214868.48,257.09
300858.SZ,20260910,14.39,14.38,14.5,14.38,20500.0,294919.0,14.39
300859.SZ,20260910,30.54,30.4,30.98,30.35,1032900.0,31464645.12,30.46
300860.SZ,20260910,31.82,31.72,31.82,31.72,31800.0,1009391.04,31.74
300861.SZ,20260910,16.28,16.29,16.29,16.22,65700.0,1069710.0,16.28
300862.SZ,20260910,48.7,49.0,49.0,48.48,331800.0,16236385.28,48.93
300863.SZ,20260910,40.87,40.91,40.91,40.78,20100.0,821940.96,40.89
300864.SZ,20260910,27.43,27.33,27.45,27.3,129000.0,3530589.12,27.37
300865.SZ,20260910,32.59,32.51,32.59,32.51,23600.0,767490.0,32.52
300866.SZ,20260910,127.29,127.01,127.29,127.0,9200.0,1168547.04,127.02
300867.SZ,20260910,18.41,18.42,18.47,18.39,71074.0,1309326.88,18.42
300868.SZ,20260910,78.57,78.6,78.64,78.5,4700.0,369337.0,78.58
300869.SZ,20260910,11.1,11.12,11.12,11.09,4200.0,46684.0,11.12
300870.SZ,20260910,207.06,207.68,207.69,207.01,31800.0,6598791.68,207.51
300871.SZ,20260910,22.59,22.62,22.7,22.56,30700.0,694752.0,22.63
300872.SZ,20260910,15.11,15.12,15.13,15.07,24300.0,367255.0,15.11
300873.SZ,20260910,15.47,15.39,15.47,15.39,71000.0,1093759.04,15.41
300875.SZ,20260910,34.82,34.91,34.91,34.58,65300.0,2278468.96,34.89
300876.SZ,20260910,15.19,15.09,15.2,15.09,106900.0,1614672.96,15.11
300877.SZ,20260910,26.67,26.53,26.78,26.41,7500.0,198704.0,26.49
300878.SZ,20260910,35.25,35.28,35.36,35.25,25700.0,907068.0,35.29
300879.SZ,20260910,17.05,17.0,17.07,16.99,102600.0,1744497.92,17.0
300880.SZ,20260910,21.0,21.08,21.08,21.0,10100.0,212669.0,21.06
300881.SZ,20260910,31.12,31.15,31.17,31.12,5800.0,180612.0,31.14
300882.SZ,20260910,13.73,13.83,13.83,13.71,4500.0,62159.0,13.81
300883.SZ,20260910,6.67,6.7,6.7,6.67,19700.0,131827.0,6.69
300884.SZ,20260910,12.23,12.23,12.3,12.21,19600.0,239692.0,12.23
300885.SZ,20260910,18.92,18.92,18.97,18.92,36500.0,690884.96,18.93
300886.SZ,20260910,23.59,23.6,23.68,23.57,7800.0,184169.0,23.61
300887.SZ,20260910,7.27,7.26,7.29,7.26,93300.0,677896.96,7.27
300888.SZ,20260910,29.35,29.35,29.39,29.35,23200.0,681167.04,29.36
300889.SZ,20260910,23.29,23.28,23.61,23.28,63200.0,1471995.04,23.29
300890.SZ,20260910,25.56,25.69,25.7,25.56,112200.0,2880188.16,25.67
300891.SZ,20260910,7.66,7.71,7.71,7.66,6800.0,52298.0,7.69
300892.SZ,20260910,24.98,25.0,25.0,24.75,10900.0,272429.0,24.99
300893.SZ,20260910,14.4,14.4,14.4,14.37,4000.0,57577.0,14.39
300894.SZ,20260910,10.06,10.1,10.12,10.06,10000.0,100917.0,10.09
300895.SZ,20260910,54.21,54.27,54.28,54.12,34400.0,1866051.04,54.25
300896.SZ,20260910,90.49,90.5,90.5,90.4,24700.0,2235158.08,90.49
300897.SZ,20260910,16.07,16.07,16.07,15.99,4200.0,67486.0,16.07
300898.SZ,20260910,21.4,21.34,21.53,21.34,15500.0,330933.0,21.35
300899.SZ,20260910,30.88,31.13,31.13,30.88,5300.0,164447.0,31.03
300900.SZ,20260910,23.12,23.15,23.15,23.01,56500.0,1305578.0,23.11
300901.SZ,20260910,19.7,19.9,19.9,19.52,115100.0,2285473.92,19.86
300902.SZ,20260910,15.87,15.87,15.87,15.8,11900.0,188810.0,15.87
300903.SZ,20260910,85.64,86.0,86.34,85.01,194100.0,16665351.68,85.86
300904.SZ,20260910,40.79,40.83,40.95,40.79,5500.0,224573.0,40.83
300905.SZ,20260910,35.0,35.0,35.13,35.0,8400.0,294104.0,35.01
300906.SZ,20260910,30.25,30.2,30.25,30.05,37800.0,1141603.04,30.2
300907.SZ,20260910,52.49,52.52,52.53,52.45,20900.0,1097606.0,52.52
300908.SZ,20260910,26.02,25.69,26.05,25.69,21900.0,563663.0,25.74
300909.SZ,20260910,58.5,58.5,58.5,58.03,11700.0,684271.04,58.49
300910.SZ,20260910,28.64,28.74,28.74,28.55,7200.0,206401.0,28.67
300911.SZ,20260910,29.4,28.99,29.4,28.99,122200.0,3553398.08,29.08
300912.SZ,20260910,20.48,20.48,20.76,20.48,46800.0,961524.0,20.55
300913.SZ,20260910,40.45,40.51,40.8,40.04,1698940.0,68751882.24,40.47
300915.SZ,20260910,19.89,19.75,19.89,19.75,12500.0,247211.0,19.78
300916.SZ,20260910,25.07,25.07,25.31,25.07,9000.0,225726.0,25.08
300917.SZ,20260910,28.33,28.48,28.5,28.24,115700.0,3286005.12,28.4
300918.SZ,20260910,10.76,10.77,10.8,10.76,22100.0,238274.0,10.78
300919.SZ,20260910,39.0,39.01,39.03,38.9,63400.0,2471524.0,38.98
300920.SZ,20260910,35.31,35.45,35.46,35.31,6200.0,219794.0,35.45
300921.SZ,20260910,15.5,15.54,15.54,15.49,15900.0,246807.0,15.52
300922.SZ,20260910,19.45,19.48,19.48,19.13,289800.0,5629996.8,19.43
300923.SZ,20260910,24.95,24.95,24.96,24.8,27000.0,673592.96,24.95
300925.SZ,20260910,14.22,14.25,14.29,14.22,30400.0,433119.0,14.25
300926.SZ,20260910,17.21,17.23,17.23,17.2,13500.0,232444.0,17.22
300927.SZ,20260910,29.81,30.0,30.2,29.8,245200.0,7350995.84,29.98
300928.SZ,20260910,25.06,25.08,25.08,24.95,5200.0,130277.0,25.05
300929.SZ,20260910,16.06,16.15,16.15,16.06,16200.0,261553.0,16.15
300930.SZ,20260910,25.45,25.45,25.45,25.45,2600.0,66170.0,25.45
300931.SZ,20260910,15.86,15.97,16.16,15.86,88700.0,1424945.92,16.07
300932.SZ,20260910,11.11,11.08,11.19,11.08,62700.0,695187.04,11.09
300933.SZ,20260910,6.93,6.95,6.95,6.93,53700.0,372669.0,6.94
300935.SZ,20260910,28.71,28.59,28.71,28.59,1500.0,42956.0,28.64
300936.SZ,20260910,73.5,73.14,73.5,73.14,29100.0,2129777.92,73.19
300937.SZ,20260910,24.63,24.63,24.65,24.63,21300.0,524628.0,24.63
300938.SZ,20260910,28.67,28.75,28.75,28.65,41300.0,1185799.04,28.71
300939.SZ,20260910,71.99,72.0,72.29,71.75,50200.0,3614047.04,71.99
300940.SZ,20260910,14.15,14.16,14.16,14.15,6500.0,92039.0,14.16
300941.SZ,20260910,15.16,15.19,15.19,15.16,16800.0,255096.0,15.18
300942.SZ,20260910,6.47,6.47,6.48,6.45,9200.0,59393.0,6.46
300943.SZ,20260910,35.2,35.29,35.29,35.04,356700.0,12572349.44,35.25
300945.SZ,20260910,12.92,12.98,13.0,12.86,330100.0,4281187.84,12.97
300946.SZ,20260910,37.98,38.05,38.05,37.98,10000.0,380332.0,38.03
300947.SZ,20260910,14.95,14.97,14.97,14.94,18900.0,282814.0,14.96
300948.SZ,20260910,20.09,20.11,20.15,20.09,7800.0,156888.0,20.11
300949.SZ,20260910,23.68,23.66,23.73,23.66,19800.0,468561.0,23.67
300950.SZ,20260910,18.5,18.52,18.52,18.48,12800.0,236924.0,18.51
300951.SZ,20260910,85.99,86.98,86.98,85.01,62800.0,5447379.84,86.74
300952.SZ,20260910,15.96,16.05,16.07,15.96,31720.0,509077.2,16.05
300953.SZ,20260910,88.3,88.2,88.75,88.1,40300.0,3554230.08,88.19
300955.SZ,20260910,30.85,31.5,31.5,30.85,7900.0,248053.0,31.4
300956.SZ,20260910,11.15,11.16,11.16,11.15,25400.0,283461.0,11.16
300957.SZ,20260910,32.06,32.03,32.14,32.02,60300.0,1931600.96,32.03
300958.SZ,20260910,12.43,12.42,12.43,12.42,15300.0,190027.0,12.42
300959.SZ,20260910,91.91,91.94,91.94,91.11,29500.0,2711328.0,91.91
300960.SZ,20260910,16.72,16.72,16.72,16.72,2700.0,45144.0,16.72
300961.SZ,20260910,12.78,12.8,12.8,12.77,245500.0,3140614.08,12.79
300962.SZ,20260910,13.27,13.15,13.27,13.15,10200.0,134310.0,13.17
300963.SZ,20260910,11.45,11.45,11.45,11.44,18300.0,209501.0,11.45
300964.SZ,20260910,64.26,64.26,64.6,63.94,302700.0,19448032.0,64.25
300965.SZ,20260910,43.41,43.3,43.41,43.3,2700.0,116921.0,43.3
300966.SZ,20260910,23.6,23.58,23.76,23.4,21700.0,511342.0,23.56
300967.SZ,20260910,18.61,18.64,18.64,18.43,64800.0,1207092.96,18.63
300968.SZ,20260910,9.93,9.95,9.96,9.93,86000.0,855292.16,9.95
300969.SZ,20260910,83.41,83.4,83.51,83.4,7520.0,627316.0,83.42
300970.SZ,20260910,20.62,20.68,20.69,20.57,220200.0,4548946.88,20.66
300971.SZ,20260910,17.96,17.99,17.99,17.96,31800.0,571960.0,17.99
300972.SZ,20260910,185.07,185.0,185.07,184.72,8600.0,1591279.04,185.03
300973.SZ,20260910,26.62,26.62,26.63,26.62,3500.0,93175.0,26.62
300975.SZ,20260910,24.51,24.51,24.61,24.43,337100.0,8261866.88,24.51
300976.SZ,20260910,59.59,59.58,59.9,59.5,60000.0,3574767.04,59.58
300977.SZ,20260910,19.73,19.93,19.93,19.73,10000.0,198981.0,19.9
300978.SZ,20260910,8.87,8.88,8.88,8.87,2100.0,18646.0,8.88
300979.SZ,20260910,32.88,33.02,33.02,32.88,7200.0,237576.0,33.0
300980.SZ,20260910,23.06,23.09,23.09,23.03,14100.0,325461.0,23.08
300981.SZ,20260910,15.27,15.28,15.3,15.2,77500.0,1182998.0,15.26
300982.SZ,20260910,14.75,14.71,14.75,14.71,4800.0,70645.0,14.72
300983.SZ,20260910,37.91,37.91,37.91,37.91,1400.0,53074.0,37.91
300984.SZ,20260910,29.81,29.8,30.0,29.8,3500.0,104503.0,29.86
300985.SZ,20260910,36.51,37.19,37.19,36.48,30100.0,1103471.04,36.66
300986.SZ,20260910,11.67,11.7,11.7,11.66,226100.0,2643440.0,11.69
300987.SZ,20260910,14.28,14.22,14.46,14.22,85500.0,1222598.0,14.3
300988.SZ,20260910,15.62,15.63,15.63,15.48,10800.0,168465.0,15.6
300989.SZ,20260910,14.32,14.32,14.33,14.32,61300.0,877820.0,14.32
300990.SZ,20260910,91.92,91.76,92.75,91.76,42100.0,3864816.0,91.8
300991.SZ,20260910,27.74,27.59,27.98,27.59,221100.0,6107212.16,27.62
300992.SZ,20260910,26.1,26.1,26.19,26.1,18100.0,472437.0,26.1
300993.SZ,20260910,10.08,10.1,10.1,10.08,21600.0,218156.0,10.1
300994.SZ,20260910,11.27,11.3,11.3,11.27,5900.0,66652.0,11.3
300995.SZ,20260910,26.58,26.73,26.73,26.58,8300.0,221711.0,26.71
300996.SZ,20260910,13.31,13.39,13.39,13.3,112300.0,1501168.96,13.37
300997.SZ,20260910,17.6,17.6,17.71,17.59,238900.0,4207704.0,17.61
300998.SZ,20260910,31.35,31.5,31.52,31.35,17500.0,550770.0,31.47
300999.SZ,20260910,27.48,27.48,27.51,27.48,59900.0,1646220.96,27.48
301000.SZ,20260910,23.98,23.99,24.0,23.98,11000.0,263976.0,24.0
301001.SZ,20260910,25.75,25.76,25.84,25.75,3400.0,87616.0,25.77
301002.SZ,20260910,27.15,27.17,27.18,27.13,14400.0,390975.0,27.15
301003.SZ,20260910,61.85,61.85,61.85,61.85,300.0,18555.0,61.85
301004.SZ,20260910,33.37,33.36,33.49,33.36,9800.0,326943.0,33.36
301005.SZ,20260910,63.81,64.0,64.0,63.71,18100.0,1157168.96,63.93
301006.SZ,20260910,14.0,14.05,14.05,13.92,17000.0,237632.0,13.98
301007.SZ,20260910,31.41,31.63,31.63,31.4,1300.0,41074.0,31.6
301008.SZ,20260910,47.0,47.06,47.36,46.89,140000.0,6587068.16,47.05
301009.SZ,20260910,9.28,9.32,9.35,9.28,42700.0,397941.0,9.32
301010.SZ,20260910,17.8,17.8,17.8,17.8,4400.0,78320.0,17.8
301011.SZ,20260910,15.55,15.6,15.6,15.55,8200.0,127840.0,15.59
301012.SZ,20260910,22.73,22.8,22.8,22.71,14600.0,332725.0,22.79
301013.SZ,20260910,36.03,36.2,36.2,36.0,69300.0,2502044.0,36.11
301015.SZ,20260910,24.51,24.9,24.9,24.5,39300.0,976038.0,24.84
301016.SZ,20260910,15.73,15.76,15.76,15.7,12000.0,189023.0,15.75
301017.SZ,20260910,12.81,12.81,12.81,12.8,8300.0,106298.0,12.81
301018.SZ,20260910,98.69,98.5,98.98,98.08,177600.0,17504785.92,98.56
301019.SZ,20260910,15.19,15.2,15.2,15.19,14400.0,218844.0,15.2
301020.SZ,20260910,21.9,21.85,22.0,21.78,477400.0,10437601.92,21.86
301021.SZ,20260910,78.81,78.8,79.15,78.5,129000.0,10170033.92,78.84
301022.SZ,20260910,22.52,22.52,22.52,22.5,8609.0,193834.68,22.52
301023.SZ,20260910,28.91,29.01,29.01,28.91,9800.0,283538.0,28.93
301024.SZ,20260910,33.68,33.73,33.91,33.68,3400.0,114731.0,33.74
301025.SZ,20260910,10.15,10.2,10.24,10.0,917500.0,9337669.12,10.18
301026.SZ,20260910,20.34,20.39,20.39,20.25,26500.0,540080.0,20.38
301027.SZ,20260910,20.52,20.42,20.52,20.42,13600.0,278030.0,20.44
301028.SZ,20260910,13.15,13.18,13.18,13.15,6200.0,81650.0,13.17
301029.SZ,20260910,24.11,24.1,24.22,24.1,29800.0,718283.04,24.1
301030.SZ,20260910,7.42,7.42,7.42,7.42,35600.0,264152.0,7.42
301031.SZ,20260910,91.99,92.05,92.54,91.95,20200.0,1859401.92,92.05
301032.SZ,20260910,10.36,10.36,10.46,10.36,47000.0,487099.0,10.36
301033.SZ,20260910,54.01,54.11,54.11,54.01,300.0,16213.0,54.04
301035.SZ,20260910,56.93,56.99,56.99,56.48,5100.0,290472.0,56.96
301036.SZ,20260910,22.55,22.64,22.64,22.55,5300.0,119951.0,22.63
301037.SZ,20260910,13.17,13.18,13.18,13.16,17000.0,224028.0,13.18
301038.SZ,20260910,17.86,17.6,17.86,17.6,7800.0,137513.0,17.63
301039.SZ,20260910,7.68,7.7,7.7,7.68,6300.0,48454.0,7.69
301040.SZ,20260910,28.18,27.92,28.18,27.92,900.0,25206.0,28.01
301041.SZ,20260910,31.14,31.24,31.3,31.0,31700.0,988755.04,31.19
301042.SZ,20260910,30.6,30.82,30.82,30.6,6300.0,193883.0,30.78
301043.SZ,20260910,51.59,51.6,52.3,51.11,6900.0,356619.0,51.68
301045.SZ,20260910,64.12,64.12,64.35,64.12,3400.0,218043.0,64.13
301046.SZ,20260910,32.47,32.14,32.55,32.11,81100.0,2615028.0,32.24
301047.SZ,20260910,100.19,99.98,100.69,99.98,62800.0,6286561.92,100.1
301048.SZ,20260910,9.35,9.34,9.35,9.32,34400.0,321153.0,9.34
301049.SZ,20260910,20.87,20.88,20.88,20.87,2600.0,54283.0,20.88
301050.SZ,20260910,29.22,29.2,29.22,29.07,15600.0,455388.0,29.19
301051.SZ,20260910,17.53,17.53,17.58,17.49,43000.0,753539.04,17.52
301052.SZ,20260910,25.22,24.91,25.22,24.91,34700.0,868050.0,25.02
301053.SZ,20260910,32.32,32.38,32.7,32.32,4600.0,149035.0,32.4
301055.SZ,20260910,30.88,30.92,30.92,30.78,63000.0,1946828.96,30.9
301056.SZ,20260910,14.7,14.63,14.78,14.63,6900.0,101307.0,14.68
301057.SZ,20260910,21.52,21.63,21.63,21.39,4300.0,92812.0,21.58
301058.SZ,20260910,9.52,9.52,9.56,9.49,229500.0,2184060.96,9.52
301059.SZ,20260910,12.25,12.25,12.25,12.25,6000.0,73500.0,12.25
301060.SZ,20260910,10.46,10.45,10.54,10.45,36000.0,376430.0,10.46
301061.SZ,20260910,36.0,36.19,36.46,36.0,16500.0,597305.0,36.2
301062.SZ,20260910,7.44,7.43,7.44,7.36,62100.0,461380.0,7.43
301063.SZ,20260910,17.93,17.9,17.95,17.9,7200.0,128972.0,17.91
301065.SZ,20260910,19.65,19.67,19.67,19.65,5200.0,102276.0,19.67
301066.SZ,20260910,12.91,12.98,12.99,12.91,21300.0,276441.0,12.98
301067.SZ,20260910,32.33,32.24,32.49,32.24,30200.0,975904.96,32.31
301068.SZ,20260910,28.65,28.64,28.65,28.46,4500.0,128798.0,28.62
301069.SZ,20260910,16.17,16.26,16.26,16.05,35700.0,575834.0,16.13
301070.SZ,20260910,66.0,66.0,66.0,65.0,11400.0,751628.96,65.93
301071.SZ,20260910,63.79,63.82,63.9,63.68,261600.0,16688015.36,63.79
301072.SZ,20260910,44.6,44.59,44.6,44.58,7800.0,347803.0,44.59
301073.SZ,20260910,20.6,20.5,20.7,20.45,236844.0,4868258.56,20.56
301075.SZ,20260910,59.22,59.23,59.23,59.22,1300.0,76998.0,59.23
301076.SZ,20260910,21.22,21.22,21.22,21.2,7600.0,161270.0,21.22
301077.SZ,20260910,21.24,21.25,21.25,21.14,6200.0,131521.0,21.21
301078.SZ,20260910,7.4,7.36,7.45,7.36,2328000.0,17151463.68,7.37
301079.SZ,20260910,28.7,28.87,28.87,28.7,6600.0,190188.0,28.82
301080.SZ,20260910,89.0,88.6,89.48,88.01,132000.0,11704532.48,88.67
301081.SZ,20260910,16.22,16.17,16.27,16.17,28355.0,458918.36,16.19
301082.SZ,20260910,10.17,10.13,10.22,10.12,195600.0,1991435.04,10.18
301083.SZ,20260910,13.86,13.88,13.88,13.86,3200.0,44414.0,13.88
301085.SZ,20260910,71.5,71.5,71.7,71.24,151700.0,10845200.64,71.49
301086.SZ,20260910,154.52,154.99,156.15,154.25,96900.0,15030197.76,155.11
301087.SZ,20260910,51.78,51.84,51.84,51.51,3300.0,170900.0,51.79
301088.SZ,20260910,13.7,13.69,13.77,13.69,6300.0,86312.0,13.7
301089.SZ,20260910,22.88,22.88,22.94,22.88,3700.0,84672.0,22.88
301090.SZ,20260910,7.09,7.07,7.1,7.07,42200.0,298703.0,7.08
301091.SZ,20260910,19.78,19.87,19.87,19.42,26600.0,525273.0,19.75
301092.SZ,20260910,43.76,43.81,43.82,43.72,4900.0,214496.0,43.78
301093.SZ,20260910,59.84,59.99,60.0,59.79,18700.0,1121244.96,59.96
301095.SZ,20260910,73.4,73.77,73.8,73.3,20400.0,1504140.0,73.73
301096.SZ,20260910,46.61,46.7,46.7,46.61,23300.0,1087802.0,46.69
301097.SZ,20260910,34.03,33.85,34.03,33.85,7100.0,240425.0,33.86
301098.SZ,20260910,9.48,9.5,9.5,9.48,57900.0,549895.0,9.5
301099.SZ,20260910,49.52,49.55,49.7,49.5,73000.0,3618143.04,49.56
301100.SZ,20260910,15.88,15.92,15.92,15.88,11700.0,186248.0,15.92
301101.SZ,20260910,28.79,28.83,28.83,28.79,2700.0,77833.0,28.83
301102.SZ,20260910,9.72,9.72,9.72,9.72,8300.0,80676.0,9.72
301103.SZ,20260910,16.53,16.53,16.55,16.53,20700.0,342332.0,16.54
301105.SZ,20260910,51.08,51.17,51.17,51.08,2000.0,102312.0,51.16
301106.SZ,20260910,19.18,19.21,19.21,19.05,26700.0,512737.0,19.2
301107.SZ,20260910,21.95,21.94,21.99,21.94,3600.0,79005.0,21.95
301108.SZ,20260910,41.65,41.68,41.86,41.57,15900.0,662667.0,41.68
301109.SZ,20260910,13.1,13.13,13.13,13.1,6100.0,80059.0,13.12
301110.SZ,20260910,36.13,36.19,36.19,36.13,14900.0,539122.0,36.18
301111.SZ,20260910,21.76,21.82,21.82,21.76,22000.0,480034.0,21.82
301112.SZ,20260910,31.21,31.41,31.41,31.21,5100.0,159924.0,31.36
301113.SZ,20260910,17.46,17.47,17.47,17.46,6400.0,111798.0,17.47
301115.SZ,20260910,30.38,30.45,30.5,30.29,29700.0,904331.04,30.45
301116.SZ,20260910,9.92,9.91,9.93,9.88,16200.0,160571.0,9.91
301117.SZ,20260910,13.5,13.48,13.5,13.4,72500.0,975723.04,13.46
301118.SZ,20260910,23.77,23.61,23.77,23.61,6100.0,144290.0,23.65
301119.SZ,20260910,26.39,26.49,26.49,26.37,9600.0,254261.0,26.49
301120.SZ,20260910,14.94,14.98,14.98,14.94,35900.0,537372.0,14.97
301121.SZ,20260910,35.76,35.76,35.76,35.76,100.0,3576.0,35.76
301122.SZ,20260910,45.26,45.33,45.51,45.26,29300.0,1328532.0,45.34
301123.SZ,20260910,75.0,75.0,75.17,74.88,103800.0,7785582.72,75.01
301125.SZ,20260910,13.8,13.81,13.86,13.8,7220.0,99727.2,13.81
301126.SZ,20260910,10.55,10.55,10.6,10.55,28600.0,301888.0,10.56
301127.SZ,20260910,17.27,17.27,17.35,17.23,79000.0,1364687.04,17.28
301128.SZ,20260910,115.98,116.1,116.56,115.84,35500.0,4120627.84,116.07
301129.SZ,20260910,23.17,23.05,23.17,23.0,14300.0,330775.0,23.13
301130.SZ,20260910,27.11,27.2,27.24,27.11,67600.0,1837836.96,27.19
301131.SZ,20260910,33.39,33.28,33.39,33.15,4700.0,156421.0,33.28
301132.SZ,20260910,47.35,47.64,47.7,47.28,258800.0,12317981.44,47.6
301133.SZ,20260910,27.12,27.12,27.23,27.12,31100.0,843790.0,27.13
301135.SZ,20260910,17.15,17.15,17.16,17.03,4300.0,73714.0,17.14
301136.SZ,20260910,12.17,12.16,12.25,12.16,106400.0,1294958.0,12.17
301137.SZ,20260910,32.16,32.28,32.41,32.14,73600.0,2375486.08,32.28
301138.SZ,20260910,28.47,28.16,28.47,28.11,9100.0,256538.0,28.19
301139.SZ,20260910,3.31,3.31,3.31,3.31,0.0,0.0,3.31
301141.SZ,20260910,38.1,38.1,38.1,38.1,3200.0,121920.0,38.1
301148.SZ,20260910,55.99,55.71,55.99,55.71,9900.0,551623.0,55.72
301149.SZ,20260910,8.91,8.91,8.92,8.88,113700.0,1012702.0,8.91
301150.SZ,20260910,37.61,37.62,37.72,37.53,68200.0,2565076.96,37.61
301151.SZ,20260910,22.38,21.95,22.44,21.95,314400.0,6911841.92,21.98
301152.SZ,20260910,21.83,21.84,21.9,21.8,34300.0,749076.96,21.84
301153.SZ,20260910,17.68,17.68,17.8,17.67,24800.0,439052.0,17.7
301155.SZ,20260910,36.59,36.59,36.59,36.5,9000.0,329180.0,36.58
301156.SZ,20260910,12.73,12.6,12.86,12.6,73900.0,932171.04,12.61
301157.SZ,20260910,59.98,59.35,59.98,59.35,2200.0,131074.0,59.58
301158.SZ,20260910,15.63,15.59,15.69,15.58,109900.0,1715691.04,15.61
301159.SZ,20260910,31.39,31.39,31.53,31.39,8700.0,273377.0,31.42
301160.SZ,20260910,45.3,45.0,45.33,45.0,25900.0,1167596.0,45.08
301161.SZ,20260910,28.53,28.59,28.59,28.53,15900.0,454345.0,28.58
301162.SZ,20260910,35.5,35.5,35.85,35.5,2500.0,88820.0,35.53
301163.SZ,20260910,22.65,22.64,22.65,22.62,8100.0,183368.0,22.64
301165.SZ,20260910,109.42,109.63,109.97,109.42,155300.0,17022947.84,109.61
301166.SZ,20260910,28.7,28.7,28.7,28.7,4100.0,117670.0,28.7
301167.SZ,20260910,13.77,13.74,13.85,13.74,7300.0,100669.0,13.79
301168.SZ,20260910,41.49,41.49,41.49,40.88,2400.0,99247.0,41.35
301169.SZ,20260910,57.48,57.48,57.65,57.48,1400.0,80491.0,57.49
301170.SZ,20260910,22.87,22.87,22.87,22.87,4300.0,98341.0,22.87
301171.SZ,20260910,36.83,36.72,36.99,36.71,658857.0,24211000.32,36.75
301172.SZ,20260910,18.5,18.72,18.72,18.5,119800.0,2236299.04,18.67
301173.SZ,20260910,33.59,33.98,33.98,33.59,64400.0,2186502.08,33.95
301175.SZ,20260910,5.78,5.79,5.8,5.78,108700.0,629153.0,5.79
301176.SZ,20260910,48.17,48.17,48.9,48.0,126200.0,6082378.88,48.2
301177.SZ,20260910,23.83,23.83,23.94,23.8,25400.0,606091.0,23.86
301178.SZ,20260910,33.85,33.85,33.98,33.85,5900.0,199793.0,33.86
301179.SZ,20260910,19.82,19.82,19.83,19.81,16500.0,327032.0,19.82
301180.SZ,20260910,11.67,11.7,11.7,11.65,19900.0,232737.0,11.7
301181.SZ,20260910,25.54,25.53,25.54,25.28,5500.0,140212.0,25.49
301182.SZ,20260910,69.14,69.04,69.29,69.04,15600.0,1077590.0,69.08
301183.SZ,20260910,230.92,229.95,234.0,229.85,41900.0,9651701.12,230.35
301185.SZ,20260910,17.32,17.35,17.35,17.31,1500.0,26012.0,17.34
301186.SZ,20260910,35.02,35.04,35.04,35.01,8400.0,294285.0,35.03
301187.SZ,20260910,14.18,14.14,14.18,14.14,25100.0,354921.0,14.14
301188.SZ,20260910,33.43,33.66,33.66,33.43,115300.0,3878245.12,33.64
301189.SZ,20260910,62.11,62.64,62.75,62.01,113100.0,7080755.2,62.61
301190.SZ,20260910,17.86,17.89,17.91,17.84,121700.0,2176191.04,17.88
301191.SZ,20260910,81.99,82.05,82.39,81.92,27600.0,2264599.04,82.05
301192.SZ,20260910,19.76,19.66,19.76,19.65,9100.0,178961.0,19.67
301193.SZ,20260910,20.7,20.27,20.77,20.27,95200.0,1933883.04,20.31
301195.SZ,20260910,25.65,25.65,25.65,25.55,7700.0,197337.0,25.63
301196.SZ,20260910,84.8,84.84,84.88,84.67,65200.0,5529745.92,84.81
301197.SZ,20260910,26.12,26.07,26.8,26.07,13900.0,365148.0,26.27
301198.SZ,20260910,13.31,13.32,13.32,13.31,8200.0,109217.0,13.32
301199.SZ,20260910,17.7,17.75,17.75,17.63,13200.0,234271.0,17.75
301200.SZ,20260910,261.99,262.21,262.21,261.31,15300.0,4011183.04,262.17
301201.SZ,20260910,35.25,35.19,35.25,35.0,18300.0,644261.0,35.21
301202.SZ,20260910,35.95,35.95,35.95,35.92,1900.0,68265.0,35.93
301203.SZ,20260910,34.58,34.58,34.58,34.58,2400.0,82992.0,34.58
301205.SZ,20260910,295.1,293.61,295.1,293.61,26700.0,7845121.28,293.83
301206.SZ,20260910,28.13,28.13,28.16,27.91,465647.0,13085052.16,28.1
301207.SZ,20260910,18.15,18.15,18.16,18.08,57200.0,1037852.96,18.14
301208.SZ,20260910,30.02,30.01,30.02,30.01,8000.0,240081.0,30.01
301209.SZ,20260910,58.5,59.5,59.5,58.27,4200.0,247582.0,58.95
301210.SZ,20260910,24.99,24.98,25.09,24.95,18400.0,459795.0,24.99
301211.SZ,20260910,11.58,11.53,11.58,11.53,104600.0,1206971.04,11.54
301212.SZ,20260910,26.0,26.5,26.5,25.97,6900.0,180400.0,26.15
301213.SZ,20260910,42.0,42.35,42.38,41.92,6300.0,266569.0,42.31
301215.SZ,20260910,5.36,5.35,5.36,5.35,78200.0,418373.0,5.35
301216.SZ,20260910,19.4,19.45,19.45,19.33,232900.0,4526794.88,19.44
301217.SZ,20260910,106.65,107.0,107.28,106.63,374200.0,40009164.8,106.92
301218.SZ,20260910,46.06,46.06,46.26,46.06,160800.0,7409077.12,46.08
301219.SZ,20260910,43.5,43.5,43.55,43.4,50400.0,2191878.08,43.49
301220.SZ,20260910,26.99,27.1,27.12,26.99,31600.0,856026.0,27.09
301221.SZ,20260910,26.69,26.79,26.79,26.69,9700.0,259433.0,26.75
301222.SZ,20260910,24.95,25.0,25.05,24.95,12700.0,317395.0,24.99
301223.SZ,20260910,18.13,17.84,18.13,17.84,4900.0,87955.0,17.95
301225.SZ,20260910,56.45,56.49,56.52,56.31,16200.0,914786.0,56.47
301226.SZ,20260910,32.01,32.1,32.7,31.88,8600.0,275993.0,32.09
301227.SZ,20260910,32.75,32.8,32.8,32.75,37100.0,1216864.0,32.8
301228.SZ,20260910,59.23,59.23,59.26,59.23,11500.0,681271.04,59.24
301229.SZ,20260910,12.07,12.04,12.07,12.03,18900.0,227528.0,12.04
301230.SZ,20260910,30.8,30.79,30.96,30.71,161500.0,4972713.92,30.79
301231.SZ,20260910,28.66,28.83,28.89,28.5,107200.0,3086570.88,28.79
301232.SZ,20260910,95.0,95.0,95.13,94.7,14600.0,1386804.0,94.99
301233.SZ,20260910,32.58,32.61,32.61,32.52,2000.0,65179.0,32.59
301234.SZ,20260910,102.0,102.99,102.99,102.0,14500.0,1492608.96,102.94
301235.SZ,20260910,44.4,44.45,44.67,44.36,95648.0,4250120.64,44.44
301236.SZ,20260910,36.01,36.06,36.14,36.01,128900.0,4647720.96,36.06
301237.SZ,20260910,36.63,37.01,37.24,36.63,20800.0,769212.0,36.98
301238.SZ,20260910,15.78,15.81,15.82,15.78,107100.0,1692684.96,15.81
301239.SZ,20260910,32.9,32.8,33.09,32.7,6900.0,226403.0,32.81
301246.SZ,20260910,17.88,17.95,17.95,17.88,22800.0,408952.0,17.94
301248.SZ,20260910,55.23,55.23,56.0,55.23,8900.0,492841.0,55.38
301251.SZ,20260910,56.34,56.56,56.98,56.31,57060.0,3226459.52,56.55
301252.SZ,20260910,37.2,37.24,37.24,37.2,10100.0,375941.0,37.22
301255.SZ,20260910,19.27,19.3,19.3,19.27,9000.0,173691.0,19.3
301256.SZ,20260910,10.2,10.21,10.22,10.2,89800.0,916679.04,10.21
301257.SZ,20260910,38.41,38.42,38.68,38.41,12910.0,496225.08,38.44
301258.SZ,20260910,25.64,25.59,25.64,25.59,5300.0,135777.0,25.62
301259.SZ,20260910,21.18,21.18,21.23,21.18,21800.0,461859.0,21.19
301260.SZ,20260910,11.9,11.92,11.92,11.9,9700.0,115463.0,11.9
301261.SZ,20260910,57.8,57.74,58.18,57.74,14660.0,847398.64,57.8
301262.SZ,20260910,20.22,20.2,20.27,20.2,77300.0,1562524.0,20.21
301263.SZ,20260910,19.88,19.88,19.88,19.88,2800.0,55664.0,19.88
301265.SZ,20260910,19.36,19.35,19.37,19.33,21000.0,406338.0,19.35
301266.SZ,20260910,24.36,24.4,24.4,24.31,85100.0,2075844.0,24.39
301267.SZ,20260910,15.02,15.02,15.05,15.01,8600.0,129172.0,15.02
301268.SZ,20260910,12.37,12.4,12.4,12.36,7600.0,94175.0,12.39
301269.SZ,20260910,89.0,89.0,89.0,88.88,31900.0,2838150.08,88.97
301270.SZ,20260910,30.81,30.61,30.81,30.61,58500.0,1791438.08,30.62
301272.SZ,20260910,34.27,34.27,34.27,34.2,5000.0,171210.0,34.24
301273.SZ,20260910,36.89,36.88,37.0,36.88,4700.0,173359.0,36.88
301275.SZ,20260910,41.7,41.72,41.93,41.67,53700.0,2240196.96,41.72
301276.SZ,20260910,18.02,18.02,18.02,17.95,14300.0,257633.0,18.02
301277.SZ,20260910,10.07,10.08,10.08,10.07,1400.0,14111.0,10.08
301278.SZ,20260910,28.55,28.55,28.55,28.53,5400.0,154166.0,28.55
301279.SZ,20260910,23.75,23.9,23.92,23.75,8500.0,203064.0,23.89
301280.SZ,20260910,41.94,41.93,42.33,41.93,8000.0,335682.0,41.96
301281.SZ,20260910,47.9,47.9,48.2,47.9,3700.0,177590.0,48.0
301282.SZ,20260910,42.5,42.7,42.7,41.85,257800.0,10965894.4,42.54
301283.SZ,20260910,24.48,24.47,24.48,24.47,3800.0,92991.0,24.47
301285.SZ,20260910,84.0,84.0,84.0,83.92,2100.0,176368.0,83.99
301286.SZ,20260910,44.5,44.0,44.5,44.0,31800.0,1399550.08,44.01
301287.SZ,20260910,44.13,44.13,44.16,44.13,7200.0,317743.0,44.13
301288.SZ,20260910,17.54,17.55,17.58,17.31,37600.0,659652.0,17.54
301289.SZ,20260910,44.16,44.26,44.26,44.15,7400.0,327333.0,44.23
301290.SZ,20260910,27.82,27.95,27.95,27.82,6300.0,175631.0,27.88
301291.SZ,20260910,33.26,33.31,33.38,33.26,41500.0,1382484.96,33.31
301292.SZ,20260910,64.88,64.71,64.93,64.62,83500.0,5410407.04,64.8
301293.SZ,20260910,50.5,50.5,50.5,50.3,9100.0,459297.0,50.47
301295.SZ,20260910,37.23,37.51,37.51,37.23,3900.0,145575.0,37.33
301296.SZ,20260910,6.52,6.52,6.52,6.51,24500.0,159712.0,6.52
301297.SZ,20260910,40.64,40.61,40.78,40.5,184600.0,7501879.04,40.64
301298.SZ,20260910,12.82,12.82,12.82,12.82,3500.0,44870.0,12.82
301299.SZ,20260910,46.4,46.4,46.45,46.31,27800.0,1289866.0,46.4
301300.SZ,20260910,33.0,33.14,33.14,32.62,2900.0,95544.0,32.95
301301.SZ,20260910,8.28,8.29,8.29,8.26,145300.0,1203203.04,8.28
301302.SZ,20260910,21.9,21.93,22.0,21.9,24600.0,539327.0,21.92
301303.SZ,20260910,13.58,13.57,13.58,13.57,11400.0,154738.0,13.57
301305.SZ,20260910,27.46,27.2,27.59,27.2,268400.0,7335630.72,27.33
301306.SZ,20260910,98.93,99.0,99.0,98.43,11700.0,1157163.04,98.9
301307.SZ,20260910,55.15,55.49,55.6,55.15,49900.0,2768241.92,55.48
301308.SZ,20260910,346.0,345.82,347.03,345.78,182900.0,63253488.64,345.84
301309.SZ,20260910,31.89,31.89,31.89,31.89,8300.0,264687.0,31.89
301310.SZ,20260910,56.92,56.65,56.98,56.46,68900.0,3908375.04,56.73
301311.SZ,20260910,13.87,13.83,13.9,13.83,47900.0,662528.0,13.83
301312.SZ,20260910,83.0,82.72,83.13,82.68,43465.0,3598021.44,82.78
301313.SZ,20260910,32.06,32.38,32.63,32.0,66700.0,2148686.08,32.21
301314.SZ,20260910,43.8,43.8,43.8,43.6,5600.0,244885.0,43.73
301315.SZ,20260910,38.25,38.58,38.76,38.0,79600.0,3058300.16,38.42
301316.SZ,20260910,37.11,37.18,37.2,37.08,29900.0,1111502.0,37.17
301317.SZ,20260910,48.9,48.89,48.94,48.88,4200.0,205327.0,48.89
301318.SZ,20260910,21.24,21.28,21.28,21.24,9200.0,195732.0,21.28
301319.SZ,20260910,91.65,91.62,91.75,91.3,73305.0,6716615.68,91.63
301320.SZ,20260910,13.91,13.91,13.91,13.91,2300.0,31993.0,13.91
301321.SZ,20260910,45.05,45.25,45.5,45.02,138900.0,6285095.68,45.25
301322.SZ,20260910,46.27,46.52,46.79,46.0,202900.0,9430133.12,46.48
301323.SZ,20260910,68.13,68.0,68.14,68.0,2700.0,183731.0,68.05
301325.SZ,20260910,29.22,29.22,29.22,29.22,1100.0,32142.0,29.22
301326.SZ,20260910,101.42,101.42,101.87,101.32,9400.0,954036.0,101.49
301327.SZ,20260910,42.4,42.44,42.44,42.36,1600.0,67852.0,42.41
301328.SZ,20260910,51.07,51.17,51.17,50.68,18800.0,961656.96,51.15
301329.SZ,20260910,19.56,19.62,19.62,19.56,4300.0,84180.0,19.58
301330.SZ,20260910,24.81,24.9,24.9,24.81,9500.0,236017.0,24.84
301331.SZ,20260910,21.9,21.8,21.91,21.8,5500.0,120193.0,21.85
301332.SZ,20260910,7.83,7.84,7.84,7.82,6700.0,52519.0,7.84
301333.SZ,20260910,60.33,60.32,60.78,60.32,21600.0,1305136.96,60.42
301335.SZ,20260910,24.2,24.3,24.34,24.01,139200.0,3381277.12,24.29
301336.SZ,20260910,43.99,44.0,44.22,43.99,7800.0,343308.0,44.01
301337.SZ,20260910,28.48,28.47,28.59,28.47,9700.0,276228.0,28.48
301338.SZ,20260910,98.41,98.62,99.5,98.41,27800.0,2741532.16,98.62
301339.SZ,20260910,11.05,11.05,11.08,11.0,79600.0,879142.0,11.04
301345.SZ,20260910,224.05,222.01,224.05,222.0,2300.0,511872.0,222.55
301348.SZ,20260910,20.65,20.7,20.7,20.61,33000.0,681630.0,20.66
301349.SZ,20260910,42.49,42.41,42.9,42.41,36300.0,1542744.96,42.5
301353.SZ,20260910,19.19,19.19,19.2,19.19,2000.0,38384.0,19.19
301355.SZ,20260910,11.67,11.68,11.81,11.65,389800.0,4561529.92,11.7
301356.SZ,20260910,19.49,19.49,19.49,19.48,12800.0,249471.0,19.49
301357.SZ,20260910,103.9,104.1,104.85,103.73,195700.0,20370883.84,104.09
301358.SZ,20260910,55.4,55.44,55.44,55.32,68200.0,3779926.08,55.42
301359.SZ,20260910,18.42,18.39,18.54,18.39,7954.0,146400.06,18.41
301360.SZ,20260910,57.41,57.58,58.38,57.0,99600.0,5731463.68,57.55
301361.SZ,20260910,26.42,26.42,26.42,26.42,500.0,13210.0,26.42
301362.SZ,20260910,107.5,107.12,107.55,107.1,18700.0,2003847.04,107.16
301363.SZ,20260910,15.93,16.0,16.0,15.93,29500.0,471045.0,15.97
301365.SZ,20260910,38.65,38.91,38.91,38.65,1700.0,66119.0,38.89
301366.SZ,20260910,58.16,58.17,58.43,58.02,172800.0,10053642.24,58.18
301367.SZ,20260910,46.0,45.98,46.0,45.98,11100.0,510383.0,45.98
301368.SZ,20260910,37.9,38.22,38.35,37.11,20300.0,769571.04,37.91
301369.SZ,20260910,125.47,125.68,125.68,124.5,5400.0,676980.96,125.37
301370.SZ,20260910,8.69,8.7,8.7,8.65,4300.0,37265.0,8.67
301371.SZ,20260910,21.1,21.08,21.15,21.08,12500.0,263543.0,21.08
301372.SZ,20260910,32.28,32.3,32.3,31.9,7500.0,241854.0,32.25
301373.SZ,20260910,98.88,98.01,99.12,98.01,68000.0,6682654.72,98.27
301376.SZ,20260910,22.46,22.5,22.58,22.4,52500.0,1180514.0,22.49
301377.SZ,20260910,388.0,387.68,389.23,387.17,12500.0,4847840.96,387.83
301378.SZ,20260910,24.72,24.99,24.99,24.72,2800.0,69639.0,24.87
301379.SZ,20260910,20.41,20.46,20.54,20.4,71200.0,1456740.0,20.46
301380.SZ,20260910,32.5,32.56,32.57,32.5,18400.0,598963.0,32.55
301381.SZ,20260910,22.61,22.61,22.62,22.6,10400.0,235136.0,22.61
301382.SZ,20260910,35.5,35.5,35.69,35.45,61500.0,2184104.0,35.51
301383.SZ,20260910,24.38,24.38,24.38,24.38,600.0,14628.0,24.38
301386.SZ,20260910,20.01,20.1,20.1,20.01,1800.0,36162.0,20.09
301387.SZ,20260910,54.79,54.84,55.04,54.79,25500.0,1398164.0,54.83
301388.SZ,20260910,25.2,25.24,25.24,25.2,6000.0,151427.0,25.24
301389.SZ,20260910,56.08,56.2,56.43,56.08,102700.0,5769480.96,56.18
301390.SZ,20260910,37.5,37.5,37.5,37.5,0.0,0.0,37.5
301391.SZ,20260910,44.5,44.52,44.52,44.5,1200.0,53413.0,44.51
301392.SZ,20260910,168.4,168.07,169.0,168.07,14100.0,2371207.04,168.17
301393.SZ,20260910,57.98,58.0,58.0,57.83,9100.0,527615.0,57.98
301395.SZ,20260910,12.25,12.35,12.35,12.25,22400.0,276262.0,12.33
301396.SZ,20260910,171.46,172.04,172.04,170.5,97500.0,16764472.32,171.94
301397.SZ,20260910,23.58,23.39,23.58,23.32,16300.0,381066.0,23.38
301398.SZ,20260910,37.94,37.93,38.13,37.93,11900.0,451537.0,37.94
301399.SZ,20260910,20.13,20.01,20.19,20.01,100700.0,2018479.04,20.04
301408.SZ,20260910,14.3,14.3,14.34,14.3,41400.0,592123.0,14.3
301413.SZ,20260910,57.34,57.04,57.34,57.04,12000.0,685235.04,57.1
301418.SZ,20260910,34.41,34.45,34.45,34.33,10300.0,354791.0,34.45
301419.SZ,20260910,40.7,40.83,40.83,40.6,37200.0,1518630.4,40.82
301421.SZ,20260910,75.0,74.61,75.3,74.61,24400.0,1822855.04,74.71
301428.SZ,20260910,28.23,28.29,28.29,28.21,14500.0,410015.0,28.28
301429.SZ,20260910,17.52,17.61,17.61,17.52,32400.0,570555.0,17.61
301439.SZ,20260910,14.4,14.33,14.47,14.33,44100.0,632580.0,14.34
301446.SZ,20260910,37.69,37.89,37.89,37.63,5000.0,188946.0,37.79
301448.SZ,20260910,46.64,46.63,46.64,46.63,3500.0,163219.0,46.63
301449.SZ,20260910,40.5,40.47,40.79,40.47,20300.0,822335.04,40.51
301456.SZ,20260910,23.07,23.09,23.09,23.06,8100.0,187017.0,23.09
301458.SZ,20260910,35.2,35.3,35.44,35.2,29000.0,1023611.04,35.3
301459.SZ,20260910,32.62,32.65,32.65,32.46,29900.0,975882.0,32.64
301468.SZ,20260910,31.91,31.84,32.07,31.7,8200.0,261297.0,31.87
301469.SZ,20260910,28.38,28.38,28.38,28.38,1400.0,39732.0,28.38
301479.SZ,20260910,50.49,50.5,50.68,50.37,7000.0,353645.0,50.52
301486.SZ,20260910,194.63,195.33,196.11,193.0,80000.0,15601427.2,195.02
301487.SZ,20260910,15.43,15.46,15.46,15.42,27500.0,424961.0,15.45
301488.SZ,20260910,95.45,95.47,95.48,95.05,4600.0,438923.0,95.42
301489.SZ,20260910,127.09,127.22,127.48,126.55,52000.0,6610663.04,127.13
301491.SZ,20260910,37.55,37.55,37.55,37.52,5800.0,217739.0,37.54
301498.SZ,20260910,38.84,38.87,38.87,38.76,28800.0,1118880.0,38.85
301499.SZ,20260910,24.7,24.82,24.82,24.7,3900.0,96726.0,24.8
301500.SZ,20260910,24.59,24.53,24.61,24.5,197000.0,4834035.84,24.54
301501.SZ,20260910,26.91,26.91,26.91,26.91,4800.0,129168.0,26.91
301502.SZ,20260910,49.63,49.1,49.67,49.1,2500.0,123739.0,49.5
301503.SZ,20260910,21.86,21.85,21.86,21.85,3000.0,65552.0,21.85
301505.SZ,20260910,18.85,18.87,18.88,18.8,43500.0,820676.96,18.87
301507.SZ,20260910,12.22,12.26,12.26,12.22,8800.0,107720.0,12.24
301508.SZ,20260910,24.9,24.92,24.92,24.88,7300.0,181843.0,24.91
301509.SZ,20260910,28.58,28.62,28.62,28.56,2600.0,74388.0,28.61
301510.SZ,20260910,27.05,27.11,27.13,27.05,90500.0,2453384.0,27.11
301511.SZ,20260910,104.48,105.09,105.7,104.33,599100.0,62956574.72,105.09
301512.SZ,20260910,30.33,30.33,30.33,30.33,1300.0,39429.0,30.33
301513.SZ,20260910,42.89,43.28,43.28,42.89,3700.0,160015.0,43.25
301515.SZ,20260910,19.3,19.29,19.3,19.29,3300.0,63669.0,19.29
301516.SZ,20260910,18.8,18.91,18.94,18.73,119800.0,2261587.04,18.88
301517.SZ,20260910,37.68,37.7,37.82,37.66,12100.0,456602.0,37.74
301518.SZ,20260910,23.58,23.65,23.65,23.58,3600.0,85109.0,23.64
301519.SZ,20260910,12.24,12.24,12.24,12.24,8100.0,99144.0,12.24
301520.SZ,20260910,62.95,63.0,63.0,62.3,91000.0,5725685.12,62.92
301522.SZ,20260910,23.49,23.55,23.55,23.49,6000.0,141153.0,23.53
301525.SZ,20260910,38.0,37.89,38.0,37.89,6300.0,239114.0,37.96
301526.SZ,20260910,27.78,27.88,27.92,27.56,1823500.0,50753024.0,27.83
301528.SZ,20260910,60.23,60.23,60.23,60.1,6800.0,409402.0,60.21
301529.SZ,20260910,122.63,122.77,122.77,121.76,13300.0,1630934.08,122.63
301531.SZ,20260910,46.27,46.3,46.3,45.95,7900.0,365233.0,46.23
301533.SZ,20260910,30.16,30.15,30.25,30.01,21600.0,651520.0,30.16
301535.SZ,20260910,13.97,13.97,13.97,13.95,7100.0,99172.0,13.97
301536.SZ,20260910,116.2,116.26,116.8,116.0,124100.0,14423173.12,116.22
301538.SZ,20260910,40.58,40.5,40.7,40.5,4700.0,190692.0,40.57
301539.SZ,20260910,15.07,15.0,15.08,15.0,16000.0,240224.0,15.01
301548.SZ,20260910,55.02,55.05,55.1,55.01,7800.0,429304.0,55.04
301550.SZ,20260910,95.3,95.4,96.67,95.25,80800.0,7716396.8,95.5
301551.SZ,20260910,21.76,21.85,21.85,21.75,18800.0,409999.0,21.81
301552.SZ,20260910,24.66,24.65,24.66,24.5,8600.0,211599.0,24.61
301555.SZ,20260910,34.56,34.73,34.73,34.3,2900.0,100002.0,34.48
301556.SZ,20260910,66.33,66.77,66.77,66.33,28700.0,1914539.04,66.71
301557.SZ,20260910,85.2,85.2,85.2,85.2,800.0,68160.0,85.2
301558.SZ,20260910,6.7,6.7,6.7,6.66,65000.0,434152.0,6.68
301559.SZ,20260910,13.25,13.26,13.26,13.19,4200.0,55601.0,13.24
301560.SZ,20260910,23.95,23.85,24.0,23.85,3900.0,93265.0,23.91
301563.SZ,20260910,112.25,112.54,112.54,112.25,7000.0,787724.0,112.53
301565.SZ,20260910,19.05,19.05,19.05,19.0,20800.0,395577.0,19.02
301566.SZ,20260910,24.13,24.13,24.2,24.12,136400.0,3292672.0,24.14
301567.SZ,20260910,35.34,35.37,35.37,35.34,1300.0,45978.0,35.37
301568.SZ,20260910,69.43,69.41,69.9,69.41,10400.0,721932.0,69.42
301571.SZ,20260910,72.89,73.28,73.28,72.88,31800.0,2328035.04,73.21
301575.SZ,20260910,22.06,21.53,22.7,21.53,2282424.96,49233064.96,21.57
301577.SZ,20260910,56.86,56.85,57.6,56.85,4600.0,261937.0,56.94
301578.SZ,20260910,23.86,23.95,23.95,23.86,4300.0,102833.0,23.92
301580.SZ,20260910,54.21,54.21,54.5,54.21,19200.0,1040886.0,54.21
301581.SZ,20260910,35.72,35.74,35.91,35.72,17200.0,615007.0,35.76
301583.SZ,20260910,113.33,113.68,113.68,112.5,31900.0,3624801.92,113.63
301584.SZ,20260910,20.5,20.53,20.59,20.5,9600.0,197088.0,20.53
301585.SZ,20260910,28.54,28.54,28.54,28.54,1100.0,31394.0,28.54
301586.SZ,20260910,31.77,31.82,31.82,30.89,16600.0,524812.0,31.62
301587.SZ,20260910,20.93,20.97,20.98,20.93,14700.0,308234.0,20.97
301588.SZ,20260910,28.12,28.17,28.17,28.12,4000.0,112647.0,28.16
301589.SZ,20260910,144.29,143.12,144.29,143.12,1100.0,157722.0,143.38
301590.SZ,20260910,70.19,69.95,70.25,69.95,9900.0,692684.96,69.97
301591.SZ,20260910,45.08,45.95,46.14,45.08,456743.0,20961667.84,45.89
301592.SZ,20260910,101.2,101.0,101.5,100.68,3600.0,363633.0,101.01
301595.SZ,20260910,43.25,43.23,43.48,43.22,9100.0,393593.0,43.25
301596.SZ,20260910,46.6,46.63,46.85,46.26,12190.0,567877.68,46.59
301598.SZ,20260910,50.8,51.09,51.09,50.8,5400.0,275538.0,51.03
301599.SZ,20260910,30.88,30.7,30.88,30.7,6100.0,187342.0,30.71
301600.SZ,20260910,79.56,80.39,80.39,79.56,8000.0,642416.0,80.3
301601.SZ,20260910,15.74,15.73,15.82,15.73,6500.0,102281.0,15.74
301602.SZ,20260910,15.78,15.68,15.85,15.68,22100.0,347987.0,15.75
301603.SZ,20260910,120.0,120.03,120.03,120.0,5800.0,696035.04,120.01
301606.SZ,20260910,53.88,53.95,53.96,53.64,44100.0,2377056.0,53.9
301607.SZ,20260910,41.0,41.0,41.15,40.84,45000.0,1844832.96,41.0
301608.SZ,20260910,43.27,43.28,43.3,43.27,4400.0,190432.0,43.28
301609.SZ,20260910,31.9,31.68,31.9,31.68,8400.0,266486.0,31.73
301611.SZ,20260910,88.43,88.25,88.43,88.18,29900.0,2639516.0,88.28
301613.SZ,20260910,35.62,35.62,35.63,35.58,2500.0,89029.0,35.61
301616.SZ,20260910,36.29,36.29,36.29,36.29,6900.0,250401.0,36.29
301617.SZ,20260910,48.0,48.22,48.22,48.0,3600.0,173046.0,48.07
301618.SZ,20260910,30.87,30.9,30.9,30.87,600.0,18537.0,30.9
301622.SZ,20260910,37.52,37.55,37.55,37.51,3100.0,116387.0,37.54
301626.SZ,20260910,286.02,284.6,289.0,282.0,25400.0,7230019.84,284.65
301628.SZ,20260910,130.33,131.86,132.6,129.6,166800.0,21951697.92,131.61
301629.SZ,20260910,287.0,288.02,289.67,287.0,13600.0,3917226.88,288.03
301630.SZ,20260910,188.21,188.2,189.5,188.0,16600.0,3124830.08,188.24
301631.SZ,20260910,64.62,64.77,64.96,64.62,95690.0,6196814.08,64.76
301632.SZ,20260910,13.59,13.6,13.6,13.55,10300.0,139983.0,13.59
301633.SZ,20260910,57.48,57.48,57.88,57.48,6200.0,356460.0,57.49
301636.SZ,20260910,38.51,38.53,38.86,38.51,14300.0,551372.0,38.56
301638.SZ,20260910,21.66,21.7,21.7,21.66,22200.0,481558.0,21.69
301655.SZ,20260910,22.4,22.43,22.44,22.35,74700.0,1674950.08,22.42
301656.SZ,20260910,14.52,14.55,14.56,14.52,83400.0,1212726.0,14.54
301658.SZ,20260910,22.11,22.09,22.11,22.02,5835.0,128761.16,22.07
301662.SZ,20260910,60.01,60.06,60.07,60.0,17600.0,1056491.04,60.03
301665.SZ,20260910,23.5,23.5,23.65,23.5,16000.0,376029.0,23.5
301666.SZ,20260910,392.5,392.81,392.81,391.0,14100.0,5536318.08,392.65
301667.SZ,20260910,57.4,57.6,57.66,57.21,6300.0,362671.0,57.57
301668.SZ,20260910,32.84,32.87,32.87,32.84,18300.0,601488.0,32.87
301669.SZ,20260910,25.3,25.31,25.31,25.17,14600.0,368571.0,25.25
301677.SZ,20260910,51.1,51.24,51.24,51.0,13100.0,669500.0,51.11
301678.SZ,20260910,43.77,43.8,43.8,43.77,31500.0,1379683.04,43.8
301680.SZ,20260910,103.28,103.28,103.69,103.28,16300.0,1685912.64,103.43
301682.SZ,20260910,104.0,104.0,104.03,103.75,18800.0,1954449.92,103.96
301683.SZ,20260910,94.97,94.99,95.0,94.97,4300.0,408460.0,94.99
301687.SZ,20260910,48.69,49.0,49.0,48.62,13100.0,640759.0,48.91
301688.SZ,20260910,38.4,38.5,38.68,38.23,144778.0,5570007.04,38.47
301689.SZ,20260910,56.1,55.0,57.77,55.0,2358520.96,130208501.76,55.21
301696.SZ,20260910,93.15,93.17,93.17,93.05,16000.0,1490240.96,93.14
301697.SZ,20260910,25.99,26.0,26.09,25.99,128300.0,3338403.84,26.02
301699.SZ,20260910,29.7,29.6,29.99,29.6,1828283.04,54207170.56,29.65
301707.SZ,20260910,69.31,69.5,69.5,69.3,21200.0,1473073.92,69.49
301717.SZ,20260910,321.29,321.49,321.55,319.97,78900.0,25359918.08,321.42
302132.SZ,20260910,64.88,64.88,65.14,64.62,227580.0,14764765.44,64.88
600000.SH,20260910,9.22,9.22,9.22,9.22,228600.0,2107692.0,9.22
600004.SH,20260910,7.82,7.82,7.82,7.82,15300.0,119646.0,7.82
600006.SH,20260910,5.37,5.37,5.37,5.37,24200.0,129954.0,5.37
600007.SH,20260910,19.31,19.31,19.31,19.31,8400.0,162204.0,19.31
600008.SH,20260910,2.82,2.82,2.82,2.82,31300.0,88266.0,2.82
600009.SH,20260910,23.72,23.72,23.72,23.72,13000.0,308360.0,23.72
600010.SH,20260910,2.21,2.21,2.21,2.21,2356200.0,5207201.92,2.21
600011.SH,20260910,7.03,7.03,7.03,7.03,467600.0,3287228.16,7.03
600012.SH,20260910,15.84,15.84,15.84,15.84,49000.0,776160.0,15.84
600015.SH,20260910,6.36,6.36,6.36,6.36,118200.0,751752.0,6.36
600016.SH,20260910,3.64,3.64,3.64,3.64,637400.0,2320136.0,3.64
600017.SH,20260910,2.92,2.92,2.92,2.92,86200.0,251704.0,2.92
600018.SH,20260910,5.5,5.48,5.5,5.48,177800.0,974516.0,5.48
600019.SH,20260910,5.89,5.89,5.89,5.89,320500.0,1887744.96,5.89
600020.SH,20260910,3.92,3.92,3.92,3.92,62200.0,243824.0,3.92
600021.SH,20260910,13.7,13.7,13.7,13.7,201000.0,2753699.84,13.7
600022.SH,20260910,1.36,1.36,1.36,1.36,326800.0,444448.0,1.36
600023.SH,20260910,5.01,5.0,5.01,5.0,182100.0,910502.0,5.0
600025.SH,20260910,9.75,9.75,9.75,9.75,38300.0,373425.0,9.75
600026.SH,20260910,21.48,21.5,21.5,21.48,722200.0,15527288.32,21.5
600027.SH,20260910,4.89,4.89,4.89,4.89,73500.0,359415.0,4.89
600028.SH,20260910,5.61,5.61,5.61,5.61,624900.0,3505688.96,5.61
600029.SH,20260910,5.01,5.01,5.01,5.01,540900.0,2709909.12,5.01
600030.SH,20260910,27.3,27.3,27.31,27.29,772400.0,21087682.56,27.3
600031.SH,20260910,20.21,20.21,20.21,20.21,141600.0,2861736.0,20.21
600032.SH,20260910,7.0,7.0,7.0,7.0,87500.0,612500.0,7.0
600033.SH,20260910,3.64,3.64,3.64,3.64,147700.0,537628.0,3.64
600035.SH,20260910,3.73,3.73,3.73,3.73,93600.0,349128.0,3.73
600036.SH,20260910,41.0,41.0,41.0,41.0,245500.0,10065500.16,41.0
600037.SH,20260910,7.03,7.03,7.03,7.03,29500.0,207385.0,7.03
600038.SH,20260910,28.0,28.0,28.0,28.0,29500.0,826000.0,28.0
600039.SH,20260910,9.2,9.2,9.2,9.2,30700.0,282440.0,9.2
600048.SH,20260910,5.21,5.21,5.21,5.21,397400.0,2070454.08,5.21
600050.SH,20260910,4.2,4.2,4.2,4.2,198600.0,834120.0,4.2
600051.SH,20260910,6.46,6.46,6.46,6.46,15400.0,99484.0,6.46
600052.SH,20260910,3.92,3.92,3.92,3.92,93200.0,365344.0,3.92
600053.SH,20260910,7.98,7.98,7.98,7.98,2000.0,15960.0,7.98
600054.SH,20260910,11.76,11.76,11.76,11.76,49100.0,577416.0,11.76
600055.SH,20260910,10.43,10.43,10.43,10.43,13500.0,140805.0,10.43
600056.SH,20260910,9.08,9.08,9.08,9.08,44800.0,406784.0,9.08
600057.SH,20260910,6.48,6.48,6.48,6.48,55800.0,361584.0,6.48
600058.SH,20260910,9.71,9.71,9.71,9.71,6800.0,66028.0,9.71
600059.SH,20260910,9.36,9.36,9.36,9.36,2763200.0,25863552.0,9.36
600060.SH,20260910,27.62,27.62,27.62,27.62,10000.0,276200.0,27.62
600061.SH,20260910,6.46,6.46,6.46,6.46,143000.0,923780.0,6.46
600062.SH,20260910,16.21,16.21,16.21,16.21,5300.0,85913.0,16.21
600063.SH,20260910,5.61,5.61,5.61,5.61,207400.0,1163514.0,5.61
600064.SH,20260910,7.75,7.75,7.75,7.75,30400.0,235600.0,7.75
600066.SH,20260910,27.86,27.86,27.86,27.86,248000.0,6909280.0,27.86
600067.SH,20260910,2.91,2.91,2.91,2.91,189600.0,551736.0,2.91
600071.SH,20260910,16.76,16.76,16.76,16.76,1600.0,26816.0,16.76
600072.SH,20260910,9.15,9.15,9.15,9.15,169800.0,1553670.08,9.15
600073.SH,20260910,5.83,5.83,5.83,5.83,45600.0,265848.0,5.83
600075.SH,20260910,5.22,5.21,5.22,5.21,436100.0,2272172.96,5.21
600076.SH,20260910,2.51,2.51,2.51,2.51,1104500.0,2772295.04,2.51
600078.SH,20260910,11.13,11.13,11.13,11.13,136100.0,1514792.96,11.13
600079.SH,20260910,18.54,18.54,18.54,18.54,44600.0,826884.0,18.54
600080.SH,20260910,4.97,4.97,4.97,4.97,12500.0,62125.0,4.97
600081.SH,20260910,10.31,10.31,10.31,10.31,29900.0,308269.0,10.31
600082.SH,20260910,3.04,3.04,3.04,3.04,1200.0,3648.0,3.04
600084.SH,20260910,4.33,4.33,4.33,4.33,4300.0,18619.0,4.33
600085.SH,20260910,23.9,23.9,23.9,23.9,37700.0,901030.0,23.9
600088.SH,20260910,12.52,12.52,12.52,12.52,93700.0,1173124.0,12.52
600089.SH,20260910,19.14,19.14,19.14,19.14,366600.0,7016723.84,19.14
600094.SH,20260910,4.05,4.05,4.05,4.05,15900.0,64395.0,4.05
600095.SH,20260910,9.17,9.17,9.17,9.17,280200.0,2569433.92,9.17
600096.SH,20260910,31.39,31.39,31.39,31.39,100900.0,3167250.88,31.39
600097.SH,20260910,9.89,9.82,9.89,9.82,236500.0,2322736.96,9.82
600098.SH,20260910,6.37,6.37,6.37,6.37,123900.0,789243.04,6.37
600099.SH,20260910,9.51,9.51,9.51,9.51,27800.0,264378.0,9.51
600100.SH,20260910,6.8,6.8,6.8,6.8,35100.0,238680.0,6.8
600101.SH,20260910,7.96,7.96,7.96,7.96,153800.0,1224248.0,7.96
600103.SH,20260910,3.81,3.81,3.81,3.81,3633299.84,13842873.6,3.81
600104.SH,20260910,10.9,10.91,10.92,10.9,138200.0,1507347.04,10.91
600105.SH,20260910,41.16,41.16,41.16,41.16,1279000.0,52643640.32,41.16
600106.SH,20260910,4.63,4.63,4.63,4.63,28500.0,131955.0,4.63
600107.SH,20260910,6.19,6.19,6.19,6.19,1900.0,11761.0,6.19
600108.SH,20260910,5.85,5.8,5.85,5.8,25581591.04,148395868.16,5.8
600109.SH,20260910,8.57,8.57,8.57,8.57,116500.0,998404.96,8.57
600110.SH,20260910,11.09,11.09,11.09,11.09,757300.0,8398456.96,11.09
600111.SH,20260910,38.66,38.66,38.66,38.66,120500.0,4658529.92,38.66
600113.SH,20260910,32.28,32.28,32.28,32.28,36000.0,1162080.0,32.28
600114.SH,20260910,28.42,28.42,28.42,28.42,27400.0,778708.0,28.42
600115.SH,20260910,3.48,3.48,3.48,3.48,1396900.0,4861212.16,3.48
600116.SH,20260910,6.4,6.4,6.4,6.4,131100.0,839040.0,6.4
600117.SH,20260910,2.34,2.34,2.34,2.34,1800.0,4212.0,2.34
600118.SH,20260910,57.68,57.68,57.68,57.68,181800.0,10486224.0,57.68
600119.SH,20260910,5.23,5.23,5.23,5.23,18000.0,94140.0,5.23
600120.SH,20260910,4.95,4.95,4.95,4.95,1059800.0,5246009.92,4.95
600121.SH,20260910,5.85,5.85,5.85,5.85,5557900.16,32513715.2,5.85
600123.SH,20260910,7.33,7.33,7.33,7.33,65600.0,480848.0,7.33
600125.SH,20260910,5.48,5.48,5.48,5.48,24700.0,135356.0,5.48
600126.SH,20260910,6.4,6.4,6.4,6.4,1443300.0,9237120.0,6.4
600127.SH,20260910,14.36,14.36,14.36,14.36,3752200.0,53881589.76,14.36
600128.SH,20260910,8.79,8.79,8.79,8.79,10000.0,87900.0,8.79
600129.SH,20260910,13.7,13.7,13.7,13.7,35300.0,483610.0,13.7
600130.SH,20260910,4.52,4.52,4.52,4.52,32700.0,147804.0,4.52
600131.SH,20260910,14.56,14.56,14.56,14.56,10600.0,154336.0,14.56
600132.SH,20260910,39.68,39.69,39.69,39.68,5900.0,234158.0,39.69
600133.SH,20260910,8.27,8.27,8.27,8.27,46100.0,381247.0,8.27
600135.SH,20260910,7.66,7.66,7.66,7.66,51000.0,390660.0,7.66
600136.SH,20260910,1.51,1.51,1.51,1.51,900.0,1359.0,1.51
600137.SH,20260910,18.25,18.25,18.25,18.25,5700.0,104025.0,18.25
600138.SH,20260910,7.57,7.57,7.57,7.57,57600.0,436032.0,7.57
600141.SH,20260910,31.22,31.22,31.22,31.22,133300.0,4161625.92,31.22
600143.SH,20260910,13.55,13.55,13.55,13.55,122400.0,1658520.0,13.55
600148.SH,20260910,16.64,16.64,16.64,16.64,11500.0,191360.0,16.64
600149.SH,20260910,5.2,5.2,5.2,5.2,40400.0,210080.0,5.2
600150.SH,20260910,39.35,39.25,39.41,39.25,782486.0,30723496.96,39.26
600151.SH,20260910,9.9,9.9,9.9,9.9,103100.0,1020690.0,9.9
600152.SH,20260910,8.13,8.13,8.13,8.13,12900.0,104877.0,8.13
600153.SH,20260910,8.4,8.4,8.4,8.4,30200.0,253680.0,8.4
600155.SH,20260910,6.1,6.1,6.1,6.1,81000.0,494100.0,6.1
600156.SH,20260910,8.71,8.71,8.71,8.71,31800.0,276978.0,8.71
600157.SH,20260910,1.57,1.57,1.57,1.57,1449000.0,2274929.92,1.57
600158.SH,20260910,7.31,7.31,7.31,7.31,66600.0,486846.0,7.31
600159.SH,20260910,2.8,2.8,2.8,2.8,100300.0,280840.0,2.8
600160.SH,20260910,38.1,38.1,38.1,38.1,55700.0,2122169.92,38.1
600161.SH,20260910,12.53,12.53,12.53,12.53,15200.0,190456.0,12.53
600162.SH,20260910,5.22,5.22,5.22,5.22,1155300.0,6030666.24,5.22
600163.SH,20260910,5.35,5.38,5.38,5.35,204800.0,1101520.0,5.38
600165.SH,20260910,3.27,3.27,3.27,3.27,44700.0,146169.0,3.27
600166.SH,20260910,2.9,2.9,2.9,2.9,208400.0,604360.0,2.9
600167.SH,20260910,5.87,5.87,5.87,5.87,43200.0,253584.0,5.87
600168.SH,20260910,4.52,4.52,4.52,4.52,15300.0,69156.0,4.52
600169.SH,20260910,2.18,2.18,2.18,2.18,132700.0,289286.0,2.18
600170.SH,20260910,2.29,2.29,2.29,2.29,632100.0,1447508.96,2.29
600171.SH,20260910,22.31,22.31,22.31,22.31,20800.0,464048.0,22.31
600172.SH,20260910,16.66,16.66,16.66,16.66,1207600.0,20118616.32,16.66
600173.SH,20260910,6.17,6.17,6.17,6.17,31900.0,196823.0,6.17
600176.SH,20260910,42.11,42.0,42.11,42.0,1016000.0,42677224.96,42.01
600177.SH,20260910,8.33,8.33,8.33,8.33,176500.0,1470244.96,8.33
600178.SH,20260910,10.09,10.09,10.09,10.09,139500.0,1407555.04,10.09
600179.SH,20260910,4.66,4.66,4.66,4.66,232900.0,1085314.0,4.66
600180.SH,20260910,1.53,1.53,1.53,1.53,100100.0,153153.0,1.53
600182.SH,20260910,12.92,12.92,12.92,12.92,8000.0,103360.0,12.92
600183.SH,20260910,145.17,145.02,145.66,145.02,353800.0,51326197.76,145.07
600184.SH,20260910,18.55,18.55,18.55,18.55,123500.0,2290924.96,18.55
600185.SH,20260910,5.31,5.3,5.31,5.3,291200.0,1543364.0,5.3
600186.SH,20260910,11.75,11.76,11.76,11.73,1652500.0,19433058.56,11.76
600187.SH,20260910,1.33,1.33,1.33,1.33,105900.0,140847.0,1.33
600188.SH,20260910,22.05,22.05,22.05,22.05,223800.0,4934790.08,22.05
600189.SH,20260910,8.18,8.18,8.18,8.18,25700.0,210226.0,8.18
600191.SH,20260910,11.01,11.01,11.01,11.01,211200.0,2325312.0,11.01
600192.SH,20260910,8.36,8.27,8.36,8.2,2322004.0,19213066.24,8.27
600195.SH,20260910,7.1,7.1,7.1,7.1,17300.0,122830.0,7.1
600196.SH,20260910,22.37,22.37,22.37,22.36,63200.0,1413779.04,22.37
600197.SH,20260910,9.92,9.92,9.92,9.92,33300.0,330336.0,9.92
600198.SH,20260910,7.79,7.79,7.79,7.79,690700.0,5380552.96,7.79
600199.SH,20260910,7.56,7.56,7.56,7.56,177300.0,1340388.0,7.56
600201.SH,20260910,12.1,12.1,12.1,12.1,12500.0,151250.0,12.1
600202.SH,20260910,5.22,5.22,5.22,5.22,10600.0,55332.0,5.22
600203.SH,20260910,10.46,10.46,10.46,10.46,160100.0,1674646.08,10.46
600206.SH,20260910,46.36,46.36,46.36,46.36,610700.0,28312051.2,46.36
600207.SH,20260910,4.51,4.51,4.51,4.51,25200.0,113652.0,4.51
600208.SH,20260910,2.87,2.87,2.87,2.87,1257500.0,3609024.96,2.87
600210.SH,20260910,6.27,6.27,6.27,6.27,83800.0,525426.0,6.27
600211.SH,20260910,37.97,37.97,37.97,37.97,4400.0,167068.0,37.97
600212.SH,20260910,6.44,6.44,6.44,6.44,25400.0,163576.0,6.44
600215.SH,20260910,6.7,6.7,6.7,6.7,7200.0,48240.0,6.7
600216.SH,20260910,12.89,12.89,12.89,12.89,82900.0,1068580.96,12.89
600217.SH,20260910,3.38,3.38,3.38,3.38,106400.0,359632.0,3.38
600218.SH,20260910,7.9,7.9,7.9,7.9,2200.0,17380.0,7.9
600219.SH,20260910,5.05,5.05,5.05,5.05,457000.0,2307849.92,5.05
600221.SH,20260910,1.3,1.3,1.3,1.3,4915900.16,6390670.08,1.3
600222.SH,20260910,8.17,8.17,8.17,8.17,25300.0,206701.0,8.17
600223.SH,20260910,5.74,5.74,5.74,5.74,700.0,4018.0,5.74
600226.SH,20260910,5.85,5.85,5.85,5.85,175000.0,1023750.0,5.85
600227.SH,20260910,4.91,4.87,4.91,4.87,4376200.0,21315452.16,4.87
600228.SH,20260910,9.81,9.81,9.81,9.81,67600.0,663156.0,9.81
600229.SH,20260910,5.51,5.51,5.51,5.51,104600.0,576346.0,5.51
600230.SH,20260910,14.97,14.97,14.97,14.97,66300.0,992511.04,14.97
600231.SH,20260910,1.8,1.8,1.8,1.8,244800.0,440640.0,1.8
600232.SH,20260910,6.64,6.64,6.64,6.64,15300.0,101592.0,6.64
600233.SH,20260910,16.79,16.79,16.79,16.79,43800.0,735402.0,16.79
600234.SH,20260910,22.83,22.57,22.83,22.56,218900.0,4940989.12,22.57
600235.SH,20260910,6.02,6.02,6.02,6.02,44700.0,269094.0,6.02
600236.SH,20260910,9.92,9.92,9.92,9.92,28100.0,278752.0,9.92
600237.SH,20260910,8.2,8.2,8.2,8.2,107300.0,879860.0,8.2
600238.SH,20260910,4.57,4.57,4.57,4.57,5000.0,22850.0,4.57
600239.SH,20260910,1.46,1.46,1.46,1.46,443400.0,647364.0,1.46
600241.SH,20260910,7.58,7.58,7.58,7.58,22900.0,173582.0,7.58
600243.SH,20260910,3.5,3.5,3.5,3.5,18600.0,65100.0,3.5
600246.SH,20260910,12.34,12.35,12.4,12.32,323200.0,3989926.08,12.35
600248.SH,20260910,2.95,2.95,2.95,2.95,33400.0,98530.0,2.95
600249.SH,20260910,5.64,5.57,5.64,5.57,254600.0,1419188.0,5.57
600250.SH,20260910,10.29,10.28,10.29,10.28,322100.0,3311313.92,10.28
600251.SH,20260910,12.0,12.0,12.0,12.0,452800.0,5433600.0,12.0
600252.SH,20260910,2.29,2.29,2.29,2.29,118400.0,271136.0,2.29
600255.SH,20260910,3.82,3.82,3.82,3.82,9552400.0,36490168.32,3.82
600256.SH,20260910,7.5,7.5,7.5,7.5,1041000.0,7807500.16,7.5
600257.SH,20260910,6.03,6.03,6.03,6.03,365700.0,2205171.04,6.03
600258.SH,20260910,11.85,11.85,11.85,11.85,135300.0,1603304.96,11.85
600259.SH,20260910,77.99,77.99,77.99,77.99,52300.0,4078877.12,77.99
600261.SH,20260910,3.25,3.25,3.25,3.25,22100.0,71825.0,3.25
600262.SH,20260910,15.9,15.9,15.9,15.9,13000.0,206700.0,15.9
600265.SH,20260910,22.95,22.95,22.95,22.95,100.0,2295.0,22.95
600266.SH,20260910,4.29,4.29,4.29,4.29,42300.0,181467.0,4.29
600267.SH,20260910,11.57,11.57,11.57,11.57,60800.0,703456.0,11.57
600268.SH,20260910,10.63,10.67,10.67,10.63,64200.0,684296.0,10.66
600269.SH,20260910,3.96,3.96,3.96,3.96,6500.0,25740.0,3.96
600271.SH,20260910,6.86,6.86,6.86,6.86,23400.0,160524.0,6.86
600272.SH,20260910,16.22,16.22,16.22,16.22,164100.0,2661702.08,16.22
600273.SH,20260910,6.84,6.84,6.84,6.84,12700.0,86868.0,6.84
600276.SH,20260910,44.45,44.45,44.45,44.45,307200.0,13655040.0,44.45
600278.SH,20260910,6.63,6.63,6.63,6.63,12000.0,79560.0,6.63
600279.SH,20260910,4.53,4.53,4.53,4.53,125800.0,569874.0,4.53
600280.SH,20260910,3.38,3.36,3.38,3.36,556600.0,1870809.92,3.36
600281.SH,20260910,4.98,4.98,4.98,4.98,79700.0,396906.0,4.98
600282.SH,20260910,4.82,4.82,4.82,4.82,39200.0,188944.0,4.82
600283.SH,20260910,8.29,8.29,8.29,8.29,10400.0,86216.0,8.29
600284.SH,20260910,5.24,5.24,5.24,5.24,3500.0,18340.0,5.24
600285.SH,20260910,19.44,19.44,19.44,19.44,25200.0,489888.0,19.44
600287.SH,20260910,5.16,5.16,5.16,5.16,7500.0,38700.0,5.16
600288.SH,20260910,10.89,10.89,10.89,10.89,101000.0,1099890.0,10.89
600289.SH,20260910,4.33,4.33,4.33,4.33,0.0,0.0,4.33
600292.SH,20260910,11.93,11.93,11.93,11.93,35700.0,425901.0,11.93
600293.SH,20260910,3.0,3.0,3.0,3.0,21700.0,65100.0,3.0
600295.SH,20260910,14.04,14.04,14.04,14.04,28000.0,393120.0,14.04
600298.SH,20260910,41.52,41.52,41.52,41.52,7600.0,315552.0,41.52
600299.SH,20260910,8.93,8.93,8.93,8.93,149200.0,1332356.0,8.93
600300.SH,20260910,3.35,3.35,3.35,3.35,204400.0,684740.0,3.35
600301.SH,20260910,47.57,47.55,47.57,47.55,70200.0,3338029.12,47.55
600302.SH,20260910,7.36,7.36,7.36,7.36,139100.0,1023776.0,7.36
600303.SH,20260910,3.05,3.05,3.05,3.05,66800.0,203740.0,3.05
600305.SH,20260910,6.91,6.91,6.91,6.91,12300.0,84993.0,6.91
600307.SH,20260910,1.55,1.55,1.55,1.55,121300.0,188015.0,1.55
600308.SH,20260910,3.34,3.34,3.34,3.34,50800.0,169672.0,3.34
600309.SH,20260910,78.99,78.99,78.99,78.99,135200.0,10679448.32,78.99
600310.SH,20260910,4.6,4.6,4.6,4.6,113500.0,522100.0,4.6
600312.SH,20260910,19.6,19.6,19.6,19.6,55200.0,1081920.0,19.6
600313.SH,20260910,8.15,8.15,8.15,8.15,1599600.0,13036739.84,8.15
600315.SH,20260910,18.9,18.9,18.9,18.9,21700.0,410130.0,18.9
600316.SH,20260910,34.22,34.16,34.22,34.16,112800.0,3853324.16,34.16
600318.SH,20260910,8.09,8.09,8.09,8.09,5691000.32,46040192.0,8.09
600319.SH,20260910,6.78,6.79,6.79,6.78,12100.0,82124.0,6.79
600320.SH,20260910,4.25,4.25,4.25,4.25,65200.0,277100.0,4.25
600322.SH,20260910,2.83,2.83,2.83,2.83,51400.0,145462.0,2.83
600323.SH,20260910,29.91,29.91,29.91,29.91,1700.0,50847.0,29.91
600325.SH,20260910,2.54,2.54,2.54,2.54,229900.0,583946.0,2.54
600326.SH,20260910,7.28,7.29,7.29,7.28,57600.0,419896.0,7.29
600327.SH,20260910,4.1,4.1,4.1,4.1,5700.0,23370.0,4.1
600328.SH,20260910,6.42,6.42,6.42,6.42,47700.0,306234.0,6.42
600329.SH,20260910,35.2,35.2,35.2,35.2,4800.0,168960.0,35.2
600330.SH,20260910,29.2,29.2,29.2,29.2,575500.0,16804600.32,29.2
600331.SH,20260910,13.0,13.0,13.0,13.0,342800.0,4456400.0,13.0
600332.SH,20260910,19.97,19.97,19.97,19.97,110300.0,2202691.04,19.97
600333.SH,20260910,7.15,7.15,7.15,7.15,56200.0,401830.0,7.15
600335.SH,20260910,5.29,5.29,5.29,5.29,16000.0,84640.0,5.29
600336.SH,20260910,6.7,6.7,6.7,6.7,42800.0,286760.0,6.7
600337.SH,20260910,3.07,3.07,3.07,3.07,147100.0,451597.0,3.07
600338.SH,20260910,13.58,13.58,13.58,13.58,159500.0,2166009.92,13.58
600339.SH,20260910,3.51,3.51,3.51,3.51,199600.0,700596.0,3.51
600340.SH,20260910,1.08,1.08,1.08,1.08,460400.0,497232.0,1.08
600343.SH,20260910,19.17,19.17,19.17,19.17,231200.0,4432104.0,19.17
600345.SH,20260910,54.25,54.25,54.25,54.25,252400.0,13692700.16,54.25
600346.SH,20260910,19.2,19.2,19.2,19.2,157125.0,3016800.0,19.2
600348.SH,20260910,9.51,9.51,9.51,9.51,431950.0,4107845.12,9.51
600350.SH,20260910,9.97,9.97,9.97,9.97,26400.0,263208.0,9.97
600351.SH,20260910,6.89,6.89,6.89,6.89,66500.0,458185.0,6.89
600352.SH,20260910,12.68,12.68,12.68,12.68,176900.0,2243092.0,12.68
600353.SH,20260910,32.0,32.0,32.0,32.0,266700.0,8534400.0,32.0
600354.SH,20260910,10.81,10.81,10.81,10.81,2197900.0,23759301.12,10.81
600356.SH,20260910,9.3,9.3,9.3,9.3,5400.0,50220.0,9.3
600358.SH,20260910,5.32,5.32,5.32,5.32,30100.0,160132.0,5.32
600359.SH,20260910,9.64,9.64,9.64,9.64,2241600.0,21609024.0,9.64
600360.SH,20260910,9.75,9.75,9.75,9.75,403700.0,3936074.88,9.75
600361.SH,20260910,3.73,3.73,3.73,3.73,98200.0,366286.0,3.73
600362.SH,20260910,49.57,49.57,49.57,49.57,927500.0,45976176.64,49.57
600363.SH,20260910,15.73,15.73,15.73,15.73,113100.0,1779063.04,15.73
600365.SH,20260910,2.82,2.82,2.82,2.82,4400.0,12408.0,2.82
600366.SH,20260910,11.28,11.28,11.28,11.28,216900.0,2446632.0,11.28
600367.SH,20260910,34.5,34.5,34.5,34.5,231300.0,7979850.24,34.5
600368.SH,20260910,4.41,4.4,4.41,4.4,269600.0,1186352.96,4.4
600369.SH,20260910,4.07,4.07,4.07,4.07,95800.0,389906.0,4.07
600370.SH,20260910,1.51,1.51,1.51,1.51,290800.0,439108.0,1.51
600371.SH,20260910,15.3,15.3,15.3,15.3,935300.0,14310090.24,15.3
600372.SH,20260910,11.82,11.82,11.82,11.82,436500.0,5159430.08,11.82
600373.SH,20260910,7.49,7.49,7.49,7.49,79200.0,593208.0,7.49
600375.SH,20260910,3.9,3.9,3.9,3.9,131200.0,511680.0,3.9
600376.SH,20260910,3.27,3.27,3.27,3.27,259300.0,847911.04,3.27
600377.SH,20260910,12.51,12.51,12.51,12.51,9200.0,115092.0,12.51
600378.SH,20260910,46.68,46.68,46.68,46.68,607000.0,28334760.96,46.68
600379.SH,20260910,14.35,14.35,14.35,14.35,20700.0,297045.0,14.35
600380.SH,20260910,9.44,9.44,9.44,9.44,55200.0,521088.0,9.44
600381.SH,20260910,3.93,3.93,3.93,3.93,12000.0,47160.0,3.93
600382.SH,20260910,6.56,6.56,6.56,6.56,5800.0,38048.0,6.56
600383.SH,20260910,2.32,2.32,2.32,2.32,343400.0,796688.0,2.32
600386.SH,20260910,3.66,3.66,3.66,3.66,32700.0,119682.0,3.66
600388.SH,20260910,18.76,18.76,18.76,18.76,10800.0,202608.0,18.76
600389.SH,20260910,19.96,19.96,19.96,19.96,135700.0,2708572.16,19.96
600390.SH,20260910,4.99,4.99,4.99,4.99,95900.0,478541.0,4.99
600391.SH,20260910,40.04,40.04,40.04,40.04,547700.0,21929907.2,40.04
600392.SH,20260910,22.0,22.0,22.0,22.0,286181.0,6295982.08,22.0
600395.SH,20260910,5.68,5.68,5.68,5.68,169700.0,963896.0,5.68
600396.SH,20260910,14.41,14.41,14.41,14.41,1099900.0,15849559.04,14.41
600397.SH,20260910,17.28,17.28,17.28,17.28,456400.0,7886592.0,17.28
600398.SH,20260910,6.0,6.0,6.0,6.0,131900.0,791400.0,6.0
600399.SH,20260910,4.78,4.78,4.78,4.78,190100.0,908678.0,4.78
600400.SH,20260910,3.09,3.09,3.09,3.09,350400.0,1082736.0,3.09
600403.SH,20260910,7.92,7.92,7.92,7.92,5519000.32,43710479.36,7.92
600405.SH,20260910,5.08,5.08,5.08,5.08,15400.0,78232.0,5.08
600406.SH,20260910,22.4,22.4,22.4,22.4,105200.0,2356480.0,22.4
600408.SH,20260910,3.3,3.3,3.3,3.3,471700.0,1556609.92,3.3
600409.SH,20260910,7.02,7.02,7.02,7.02,27100.0,190242.0,7.02
600410.SH,20260910,14.06,14.06,14.06,14.06,155591.0,2187608.96,14.06
600415.SH,20260910,12.43,12.43,12.43,12.43,132900.0,1651947.04,12.43
600416.SH,20260910,8.84,8.84,8.84,8.84,74500.0,658580.0,8.84
600418.SH,20260910,20.06,20.06,20.06,20.06,235800.0,4730147.84,20.06
600419.SH,20260910,9.17,9.17,9.17,9.17,31400.0,287938.0,9.17
600420.SH,20260910,8.49,8.49,8.49,8.49,5400.0,45846.0,8.49
600422.SH,20260910,8.49,8.49,8.49,8.49,7200.0,61128.0,8.49
600423.SH,20260910,2.8,2.8,2.8,2.8,10100.0,28280.0,2.8
600425.SH,20260910,3.77,3.77,3.77,3.77,44300.0,167011.0,3.77
600426.SH,20260910,21.35,21.35,21.35,21.35,190000.0,4056499.84,21.35
600428.SH,20260910,11.74,11.74,11.74,11.74,267000.0,3134579.84,11.74
600429.SH,20260910,4.83,4.83,4.83,4.83,28500.0,137655.0,4.83
600433.SH,20260910,3.4,3.4,3.4,3.4,59900.0,203660.0,3.4
600435.SH,20260910,11.94,11.94,11.94,11.94,152700.0,1823238.08,11.94
600436.SH,20260910,121.51,121.51,121.51,121.51,4200.0,510342.0,121.51
600438.SH,20260910,11.65,11.65,11.65,11.65,176100.0,2051564.96,11.65
600439.SH,20260910,1.93,1.93,1.93,1.93,31800.0,61374.0,1.93
600444.SH,20260910,14.42,14.42,14.42,14.42,9400.0,135548.0,14.42
600446.SH,20260910,10.89,10.89,10.89,10.89,39300.0,427977.0,10.89
600448.SH,20260910,3.09,3.09,3.09,3.09,53800.0,166242.0,3.09
600449.SH,20260910,12.48,12.48,12.48,12.48,39900.0,497952.0,12.48
600452.SH,20260910,9.11,9.11,9.11,9.11,86400.0,787104.0,9.11
600455.SH,20260910,24.55,24.55,24.55,24.55,13958.0,342669.0,24.55
600456.SH,20260910,27.37,27.37,27.37,27.37,79500.0,2175915.04,27.37
600458.SH,20260910,11.85,11.85,11.85,11.85,39200.0,464520.0,11.85
600459.SH,20260910,20.04,20.04,20.04,20.04,112000.0,2244480.0,20.04
600460.SH,20260910,30.0,30.0,30.0,30.0,303800.0,9114000.0,30.0
600461.SH,20260910,8.93,8.93,8.93,8.93,18400.0,164312.0,8.93
600463.SH,20260910,8.35,8.35,8.35,8.35,41300.0,344855.0,8.35
600467.SH,20260910,2.65,2.65,2.65,2.65,991200.0,2626680.0,2.65
600468.SH,20260910,6.48,6.48,6.48,6.48,332100.0,2152008.0,6.48
600469.SH,20260910,5.34,5.34,5.34,5.34,36000.0,192240.0,5.34
600470.SH,20260910,6.6,6.6,6.6,6.6,210600.0,1389960.0,6.6
600475.SH,20260910,15.2,15.2,15.2,15.2,29200.0,443840.0,15.2
600476.SH,20260910,10.14,10.14,10.14,10.14,2600.0,26364.0,10.14
600477.SH,20260910,2.51,2.51,2.51,2.51,94800.0,237948.0,2.51
600478.SH,20260910,4.81,4.81,4.81,4.81,22600.0,108706.0,4.81
600479.SH,20260910,13.79,13.8,13.8,13.79,888300.0,12258511.36,13.8
600480.SH,20260910,8.3,8.29,8.3,8.29,12600.0,104455.0,8.29
600481.SH,20260910,4.32,4.32,4.32,4.32,69000.0,298080.0,4.32
600482.SH,20260910,34.7,34.7,34.7,34.7,54300.0,1884209.92,34.7
600483.SH,20260910,10.9,10.9,10.9,10.9,19700.0,214730.0,10.9
600486.SH,20260910,58.34,58.34,58.34,58.34,23200.0,1353488.0,58.34
600487.SH,20260910,65.01,65.01,65.01,65.01,1440000.0,93614397.44,65.01
600488.SH,20260910,5.9,5.9,5.9,5.9,11567900.16,68250608.64,5.9
600489.SH,20260910,25.75,25.75,25.75,25.75,486100.0,12517075.2,25.75
600490.SH,20260910,7.57,7.57,7.57,7.57,211900.0,1604083.04,7.57
600491.SH,20260910,1.66,1.66,1.66,1.66,8435699.84,14003261.44,1.66
600493.SH,20260910,6.41,6.42,6.42,6.41,20800.0,133523.0,6.42
600495.SH,20260910,4.18,4.18,4.18,4.18,37500.0,156750.0,4.18
600496.SH,20260910,3.36,3.36,3.36,3.36,144600.0,485856.0,3.36
600497.SH,20260910,10.15,10.15,10.15,10.15,1068600.0,10846289.92,10.15
600498.SH,20260910,40.55,40.56,40.68,40.5,509300.0,20659559.68,40.56
600499.SH,20260910,14.88,14.88,14.88,14.88,81800.0,1217184.0,14.88
600500.SH,20260910,5.88,5.88,5.88,5.88,1410800.0,8295504.0,5.88
600501.SH,20260910,15.25,15.25,15.25,15.25,40300.0,614575.0,15.25
600502.SH,20260910,4.47,4.47,4.47,4.47,17300.0,77331.0,4.47
600503.SH,20260910,2.22,2.22,2.22,2.22,37400.0,83028.0,2.22
600505.SH,20260910,10.75,10.75,10.75,10.75,15000.0,161250.0,10.75
600506.SH,20260910,17.92,17.92,17.92,17.92,313600.0,5619712.0,17.92
600507.SH,20260910,4.27,4.27,4.27,4.27,68300.0,291641.0,4.27
600508.SH,20260910,11.61,11.61,11.61,11.61,379740.0,4408781.12,11.61
600509.SH,20260910,7.43,7.43,7.43,7.43,62000.0,460660.0,7.43
600510.SH,20260910,6.86,6.86,6.86,6.86,72600.0,498036.0,6.86
600511.SH,20260910,26.9,26.9,26.9,26.9,7500.0,201750.0,26.9
600512.SH,20260910,2.13,2.13,2.13,2.13,235400.0,501402.0,2.13
600513.SH,20260910,15.43,15.43,15.43,15.43,58200.0,898026.0,15.43
600515.SH,20260910,2.84,2.84,2.84,2.84,142400.0,404416.0,2.84
600516.SH,20260910,5.26,5.26,5.26,5.26,98900.0,520214.0,5.26
600517.SH,20260910,5.05,5.05,5.05,5.05,24400.0,123220.0,5.05
600518.SH,20260910,1.42,1.42,1.42,1.42,2186400.0,3104688.0,1.42
600519.SH,20260910,1292.0,1291.0,1292.0,1291.0,9100.0,11748199.68,1291.01
600520.SH,20260910,24.3,24.3,24.3,24.3,27500.0,668250.0,24.3
600521.SH,20260910,15.78,15.78,15.78,15.78,34800.0,549144.0,15.78
600522.SH,20260910,33.7,33.7,33.7,33.7,1089500.0,36716152.32,33.7
600523.SH,20260910,12.18,12.18,12.18,12.18,4000.0,48720.0,12.18
600525.SH,20260910,5.0,5.0,5.0,5.0,34100.0,170500.0,5.0
600526.SH,20260910,4.76,4.76,4.76,4.76,7600.0,36176.0,4.76
600527.SH,20260910,2.3,2.3,2.3,2.3,55960.0,128708.0,2.3
600528.SH,20260910,6.99,6.99,6.99,6.99,20200.0,141198.0,6.99
600529.SH,20260910,18.65,18.65,18.65,18.65,27400.0,511010.0,18.65
600530.SH,20260910,3.9,3.9,3.9,3.9,8800.0,34320.0,3.9
600531.SH,20260910,13.07,13.07,13.07,13.07,114200.0,1492593.92,13.07
600533.SH,20260910,2.28,2.28,2.28,2.28,71900.0,163932.0,2.28
600535.SH,20260910,14.32,14.32,14.32,14.32,28900.0,413848.0,14.32
600536.SH,20260910,32.31,32.32,32.32,32.31,47700.0,1541662.08,32.32
600537.SH,20260910,2.17,2.17,2.17,2.17,42300.0,91791.0,2.17
600538.SH,20260910,5.33,5.33,5.33,5.33,22400.0,119392.0,5.33
600539.SH,20260910,13.47,13.47,13.47,13.47,44200.0,595374.0,13.47
600540.SH,20260910,7.35,7.35,7.35,7.35,5208526.08,38282664.96,7.35
600543.SH,20260910,4.38,4.38,4.38,4.38,21200.0,92856.0,4.38
600545.SH,20260910,4.12,4.12,4.12,4.12,130900.0,539308.0,4.12
600546.SH,20260910,13.83,13.83,13.83,13.83,115900.0,1602896.96,13.83
600547.SH,20260910,36.0,36.0,36.0,36.0,217200.0,7819200.0,36.0
600548.SH,20260910,8.26,8.26,8.26,8.26,16500.0,136290.0,8.26
600549.SH,20260910,50.06,50.06,50.06,50.06,194400.0,9731664.0,50.06
600550.SH,20260910,10.92,10.92,10.92,10.92,93900.0,1025388.0,10.92
600551.SH,20260910,7.7,7.7,7.7,7.7,386300.0,2974510.08,7.7
600552.SH,20260910,16.78,16.78,16.78,16.78,78800.0,1322264.0,16.78
600556.SH,20260910,4.77,4.77,4.77,4.77,77000.0,367290.0,4.77
600557.SH,20260910,12.48,12.48,12.48,12.48,5700.0,71136.0,12.48
600558.SH,20260910,4.88,4.88,4.88,4.88,61200.0,298656.0,4.88
600559.SH,20260910,11.46,11.46,11.46,11.46,33300.0,381618.0,11.46
600560.SH,20260910,11.44,11.44,11.44,11.44,18800.0,215072.0,11.44
600561.SH,20260910,6.14,6.14,6.14,6.14,33900.0,208146.0,6.14
600562.SH,20260910,29.25,29.25,29.25,29.25,28500.0,833624.96,29.25
600563.SH,20260910,122.06,122.01,122.06,122.01,20100.0,2452451.04,122.01
600566.SH,20260910,25.71,25.71,25.71,25.71,11600.0,298236.0,25.71
600567.SH,20260910,1.37,1.37,1.37,1.37,349100.0,478267.0,1.37
600568.SH,20260910,2.39,2.39,2.39,2.39,116000.0,277240.0,2.39
600569.SH,20260910,1.92,1.92,1.92,1.92,131400.0,252288.0,1.92
600570.SH,20260910,21.03,21.03,21.03,21.03,90698.0,1907379.04,21.03
600571.SH,20260910,11.01,11.01,11.01,11.01,11200.0,123312.0,11.01
600572.SH,20260910,4.38,4.38,4.38,4.38,120400.0,527352.0,4.38
600573.SH,20260910,10.29,10.29,10.29,10.29,20500.0,210945.0,10.29
600575.SH,20260910,3.34,3.34,3.34,3.34,105200.0,351368.0,3.34
600576.SH,20260910,5.93,5.93,5.93,5.93,110400.0,654672.0,5.93
600577.SH,20260910,8.12,8.12,8.12,8.12,300600.0,2440872.0,8.12
600578.SH,20260910,5.52,5.52,5.52,5.52,443900.0,2450328.0,5.52
600579.SH,20260910,7.23,7.25,7.25,7.23,20300.0,147173.0,7.25
600580.SH,20260910,28.18,28.18,28.18,28.18,71300.0,2009233.92,28.18
600581.SH,20260910,2.47,2.47,2.47,2.47,19500.0,48165.0,2.47
600582.SH,20260910,4.9,4.9,4.9,4.9,1243000.0,6090700.16,4.9
600583.SH,20260910,6.3,6.3,6.3,6.3,194100.0,1222830.0,6.3
600584.SH,20260910,68.0,68.0,68.0,68.0,348500.0,23697999.36,68.0
600585.SH,20260910,17.81,17.81,17.81,17.81,30900.0,550329.0,17.81
600586.SH,20260910,4.13,4.13,4.13,4.13,58400.0,241192.0,4.13
600587.SH,20260910,12.6,12.6,12.6,12.6,12200.0,153720.0,12.6
600588.SH,20260910,9.63,9.63,9.63,9.63,139400.0,1342422.08,9.63
600589.SH,20260910,8.5,8.5,8.5,8.5,1421700.0,12084450.56,8.5
600590.SH,20260910,9.01,9.01,9.02,9.01,227700.0,2051587.04,9.01
600592.SH,20260910,15.46,15.46,15.46,15.46,16800.0,259728.0,15.46
600593.SH,20260910,40.14,40.14,40.14,40.14,23600.0,947304.0,40.14
600594.SH,20260910,3.79,3.79,3.79,3.79,57200.0,216788.0,3.79
600595.SH,20260910,6.63,6.63,6.63,6.63,300100.0,1989663.04,6.63
600596.SH,20260910,12.25,12.25,12.25,12.25,2100287.04,25728517.12,12.25
600597.SH,20260910,7.07,7.07,7.07,7.07,23000.0,162610.0,7.07
600598.SH,20260910,13.93,13.93,13.93,13.93,296300.0,4127458.88,13.93
600600.SH,20260910,51.17,51.17,51.17,51.17,16700.0,854539.04,51.17
600601.SH,20260910,14.33,14.33,14.33,14.33,933100.0,13371322.88,14.33
600602.SH,20260910,17.13,17.13,17.13,17.13,97500.0,1670175.04,17.13
600603.SH,20260910,5.02,5.02,5.02,5.02,104200.0,523084.0,5.02
600604.SH,20260910,4.68,4.68,4.68,4.68,79500.0,372060.0,4.68
600605.SH,20260910,27.28,27.27,27.28,27.27,12200.0,332700.0,27.27
600606.SH,20260910,1.33,1.33,1.33,1.33,544700.0,724451.04,1.33
600609.SH,20260910,3.4,3.4,3.4,3.4,46900.0,159460.0,3.4
600610.SH,20260910,8.9,8.9,8.9,8.9,1005500.0,8948949.76,8.9
600611.SH,20260910,4.74,4.73,4.74,4.73,441100.0,2086534.08,4.73
600612.SH,20260910,35.05,35.05,35.05,35.05,9300.0,325965.0,35.05
600613.SH,20260910,8.77,8.77,8.77,8.77,1497100.0,13129566.72,8.77
600615.SH,20260910,9.81,9.81,9.81,9.81,13000.0,127530.0,9.81
600616.SH,20260910,4.76,4.76,4.76,4.76,466300.0,2219588.0,4.76
600617.SH,20260910,3.61,3.61,3.61,3.61,510000.0,1841100.0,3.61
600618.SH,20260910,10.62,10.62,10.62,10.62,4200.0,44604.0,10.62
600619.SH,20260910,13.45,13.45,13.45,13.45,74200.0,997990.0,13.45
600620.SH,20260910,4.54,4.54,4.54,4.54,9300.0,42222.0,4.54
600621.SH,20260910,13.3,13.3,13.3,13.3,36600.0,486780.0,13.3
600622.SH,20260910,2.46,2.46,2.46,2.46,66400.0,163344.0,2.46
600623.SH,20260910,9.0,9.0,9.0,9.0,51400.0,462600.0,9.0
600624.SH,20260910,4.6,4.6,4.6,4.6,25700.0,118220.0,4.6
600626.SH,20260910,3.73,3.73,3.73,3.73,23700.0,88401.0,3.73
600628.SH,20260910,6.6,6.6,6.6,6.6,42900.0,283140.0,6.6
600629.SH,20260910,18.19,18.19,18.19,18.19,194100.0,3530679.04,18.19
600630.SH,20260910,7.2,7.2,7.2,7.2,96000.0,691200.0,7.2
600633.SH,20260910,10.34,10.34,10.34,10.34,99100.0,1024694.0,10.34
600635.SH,20260910,4.78,4.78,4.78,4.78,57100.0,272938.0,4.78
600637.SH,20260910,8.57,8.57,8.57,8.57,107200.0,918704.0,8.57
600638.SH,20260910,5.05,5.05,5.05,5.05,3200.0,16160.0,5.05
600639.SH,20260910,9.48,9.48,9.48,9.48,5000.0,47400.0,9.48
600640.SH,20260910,11.03,11.03,11.03,11.03,16400.0,180892.0,11.03
600641.SH,20260910,30.06,30.0,30.06,30.0,289600.0,8688046.08,30.0
600642.SH,20260910,8.69,8.69,8.69,8.69,17300.0,150337.0,8.69
600643.SH,20260910,4.15,4.15,4.15,4.15,65400.0,271410.0,4.15
600644.SH,20260910,9.16,9.16,9.16,9.16,61800.0,566088.0,9.16
600645.SH,20260910,18.44,18.44,18.44,18.44,5400.0,99576.0,18.44
600648.SH,20260910,9.37,9.37,9.37,9.37,21500.0,201455.0,9.37
600649.SH,20260910,3.97,3.97,3.97,3.97,29700.0,117909.0,3.97
600650.SH,20260910,10.81,10.81,10.81,10.81,13900.0,150259.0,10.81
600651.SH,20260910,5.54,5.54,5.54,5.54,283900.0,1572806.08,5.54
600653.SH,20260910,1.77,1.77,1.77,1.77,66200.0,117174.0,1.77
600654.SH,20260910,3.18,3.18,3.18,3.18,198100.0,629958.0,3.18
600655.SH,20260910,4.65,4.65,4.65,4.65,15400.0,71610.0,4.65
600657.SH,20260910,3.13,3.13,3.13,3.13,1483200.0,4642416.0,3.13
600658.SH,20260910,4.2,4.2,4.2,4.2,17100.0,71820.0,4.2
600660.SH,20260910,55.15,55.15,55.15,55.15,15700.0,865855.04,55.15
600661.SH,20260910,8.78,8.78,8.78,8.78,55700.0,489046.0,8.78
600662.SH,20260910,4.33,4.33,4.33,4.33,71100.0,307863.0,4.33
600663.SH,20260910,9.06,9.06,9.06,9.06,22600.0,204756.0,9.06
600664.SH,20260910,7.51,7.5,7.53,7.46,4488800.0,33678991.36,7.5
600665.SH,20260910,3.58,3.58,3.58,3.58,13800.0,49404.0,3.58
600666.SH,20260910,3.49,3.49,3.49,3.49,109000.0,380410.0,3.49
600667.SH,20260910,18.27,18.27,18.27,18.27,1491990.08,27258654.72,18.27
600668.SH,20260910,7.52,7.52,7.52,7.52,4200.0,31584.0,7.52
600671.SH,20260910,22.55,22.55,22.55,22.55,12000.0,270600.0,22.55
600673.SH,20260910,31.11,31.11,31.11,31.11,90500.0,2815455.04,31.11
600674.SH,20260910,15.86,15.86,15.86,15.86,46500.0,737490.0,15.86
600675.SH,20260910,2.31,2.31,2.31,2.31,126700.0,292677.0,2.31
600676.SH,20260910,6.76,6.76,6.76,6.76,29600.0,200096.0,6.76
600678.SH,20260910,5.83,5.83,5.83,5.83,28400.0,165572.0,5.83
600679.SH,20260910,10.36,10.36,10.36,10.36,9000.0,93240.0,10.36
600681.SH,20260910,3.64,3.64,3.64,3.64,151200.0,550368.0,3.64
600682.SH,20260910,5.82,5.82,5.82,5.82,6900.0,40158.0,5.82
600683.SH,20260910,9.63,9.63,9.63,9.63,108300.0,1042928.96,9.63
600684.SH,20260910,3.62,3.62,3.62,3.62,26400.0,95568.0,3.62
600685.SH,20260910,28.15,28.15,28.15,28.15,114900.0,3234434.88,28.15
600686.SH,20260910,11.12,11.12,11.12,11.12,41500.0,461480.0,11.12
600688.SH,20260910,2.96,2.96,2.96,2.96,262400.0,776704.0,2.96
600689.SH,20260910,12.68,12.68,12.68,12.68,13000.0,164840.0,12.68
600690.SH,20260910,21.33,21.33,21.33,21.33,27400.0,584442.0,21.33
600691.SH,20260910,3.47,3.47,3.47,3.47,7230899.84,25091223.04,3.47
600692.SH,20260910,6.79,6.79,6.79,6.79,93400.0,634186.0,6.79
600693.SH,20260910,11.23,11.23,11.23,11.23,787600.0,8844748.16,11.23
600694.SH,20260910,14.86,14.86,14.86,14.86,3200.0,47552.0,14.86
600697.SH,20260910,11.74,11.74,11.74,11.74,8800.0,103312.0,11.74
600698.SH,20260910,7.92,7.92,7.92,7.92,2058700.0,16304903.68,7.92
600699.SH,20260910,19.7,19.7,19.7,19.7,111300.0,2192609.92,19.7
600702.SH,20260910,35.88,35.88,35.88,35.88,18600.0,667368.0,35.88
600703.SH,20260910,12.72,12.72,12.72,12.72,431600.0,5489952.0,12.72
600704.SH,20260910,5.03,5.02,5.03,5.02,381400.0,1914688.96,5.02
600706.SH,20260910,9.24,9.24,9.24,9.24,244400.0,2258256.0,9.24
600707.SH,20260910,8.53,8.53,8.53,8.53,435000.0,3710550.08,8.53
600708.SH,20260910,3.06,3.06,3.06,3.06,49000.0,149940.0,3.06
600710.SH,20260910,11.15,11.15,11.15,11.15,36500.0,406975.0,11.15
600711.SH,20260910,12.03,12.05,12.05,12.03,292900.0,3529405.12,12.05
600712.SH,20260910,6.42,6.42,6.42,6.42,1119200.0,7185264.0,6.42
600713.SH,20260910,5.35,5.35,5.35,5.35,7100.0,37985.0,5.35
600714.SH,20260910,19.99,19.99,19.99,19.99,573600.0,11466264.32,19.99
600715.SH,20260910,1.71,1.71,1.71,1.71,79200.0,135432.0,1.71
600716.SH,20260910,3.75,3.75,3.75,3.75,8700.0,32625.0,3.75
600717.SH,20260910,4.4,4.4,4.4,4.4,51400.0,226160.0,4.4
600718.SH,20260910,7.92,7.92,7.92,7.92,7400.0,58608.0,7.92
600719.SH,20260910,7.72,7.72,7.72,7.72,75800.0,585176.0,7.72
600720.SH,20260910,5.31,5.31,5.31,5.31,20300.0,107793.0,5.31
600721.SH,20260910,11.29,11.29,11.29,11.29,649100.0,7328339.2,11.29
600722.SH,20260910,20.58,20.58,20.58,20.58,1954200.0,40217436.16,20.58
600724.SH,20260910,5.18,5.18,5.18,5.18,19000.0,98420.0,5.18
600725.SH,20260910,3.49,3.49,3.49,3.49,90000.0,314100.0,3.49
600726.SH,20260910,5.46,5.46,5.46,5.46,428500.0,2339609.92,5.46
600727.SH,20260910,8.0,8.0,8.0,8.0,38600.0,308800.0,8.0
600728.SH,20260910,4.65,4.65,4.65,4.65,60400.0,280860.0,4.65
600729.SH,20260910,19.73,19.73,19.73,19.73,3700.0,73001.0,19.73
600730.SH,20260910,9.41,9.41,9.41,9.41,19200.0,180672.0,9.41
600731.SH,20260910,6.18,6.18,6.18,6.18,391400.0,2418852.0,6.18
600732.SH,20260910,10.9,10.9,10.9,10.9,80200.0,874180.0,10.9
600733.SH,20260910,4.92,4.92,4.92,4.92,305900.0,1505028.0,4.92
600734.SH,20260910,2.05,2.05,2.05,2.05,2893699.84,5932085.12,2.05
600735.SH,20260910,5.88,5.88,5.88,5.88,43300.0,254604.0,5.88
600736.SH,20260910,6.8,6.8,6.8,6.8,414500.0,2818600.0,6.8
600737.SH,20260910,19.48,19.48,19.48,19.48,4484199.04,87352197.12,19.48
600738.SH,20260910,4.5,4.5,4.5,4.5,23000.0,103500.0,4.5
600739.SH,20260910,10.74,10.74,10.74,10.74,18500.0,198690.0,10.74
600740.SH,20260910,4.07,4.07,4.07,4.07,181200.0,737484.0,4.07
600741.SH,20260910,15.45,15.45,15.45,15.45,36600.0,565470.0,15.45
600742.SH,20260910,7.87,7.87,7.87,7.87,1300.0,10231.0,7.87
600743.SH,20260910,2.15,2.15,2.15,2.15,56300.0,121045.0,2.15
600744.SH,20260910,6.3,6.3,6.3,6.3,535400.0,3373020.16,6.3
600745.SH,20260910,17.05,17.05,17.05,17.05,181300.0,3091165.12,17.05
600746.SH,20260910,7.41,7.41,7.41,7.41,73500.0,544635.0,7.41
600748.SH,20260910,3.89,3.89,3.89,3.89,4800.0,18672.0,3.89
600749.SH,20260910,15.69,15.69,15.69,15.69,143500.0,2251515.04,15.69
600750.SH,20260910,23.22,23.22,23.22,23.22,25000.0,580500.0,23.22
600751.SH,20260910,3.18,3.18,3.18,3.18,187800.0,597204.0,3.18
600753.SH,20260910,11.03,11.03,11.03,11.03,0.0,0.0,11.03
600754.SH,20260910,19.49,19.49,19.49,19.49,62200.0,1212278.0,19.49
600755.SH,20260910,5.79,5.79,5.79,5.79,14000.0,81060.0,5.79
600756.SH,20260910,14.0,14.0,14.0,14.0,14900.0,208600.0,14.0
600757.SH,20260910,7.45,7.45,7.45,7.45,22000.0,163900.0,7.45
600758.SH,20260910,3.94,3.94,3.94,3.94,514300.0,2026342.08,3.94
600759.SH,20260910,2.58,2.58,2.58,2.58,3720099.84,9597857.92,2.58
600760.SH,20260910,48.7,48.7,48.7,48.7,90700.0,4417089.92,48.7
600761.SH,20260910,16.4,16.4,16.4,16.4,16300.0,267320.0,16.4
600763.SH,20260910,34.4,34.4,34.4,34.4,16980.0,584112.0,34.4
600764.SH,20260910,19.1,19.1,19.1,19.1,86700.0,1655969.92,19.1
600765.SH,20260910,14.11,14.11,14.11,14.11,94100.0,1327751.04,14.11
600768.SH,20260910,15.05,15.05,15.05,15.05,9200.0,138460.0,15.05
600769.SH,20260910,16.32,16.32,16.32,16.32,78300.0,1277856.0,16.32
600770.SH,20260910,5.72,5.7,5.72,5.7,1100500.0,6273144.96,5.7
600771.SH,20260910,14.0,14.0,14.0,14.0,30600.0,428400.0,14.0
600773.SH,20260910,10.87,10.87,10.87,10.87,26100.0,283707.0,10.87
600774.SH,20260910,7.97,7.97,7.97,7.97,23000.0,183310.0,7.97
600775.SH,20260910,9.88,9.88,9.88,9.88,28700.0,283556.0,9.88
600776.SH,20260910,14.01,14.01,14.01,14.01,1325800.0,18574457.6,14.01
600777.SH,20260910,4.21,4.21,4.21,4.21,402600.0,1694945.92,4.21
600778.SH,20260910,6.66,6.66,6.66,6.66,1986800.0,13232088.32,6.66
600779.SH,20260910,27.2,27.2,27.2,27.2,1500.0,40800.0,27.2
600780.SH,20260910,6.36,6.36,6.36,6.36,47300.0,300828.0,6.36
600782.SH,20260910,2.84,2.84,2.84,2.84,38100.0,108204.0,2.84
600783.SH,20260910,15.9,15.87,15.9,15.87,76200.0,1209300.0,15.87
600784.SH,20260910,7.48,7.48,7.48,7.48,30100.0,225148.0,7.48
600785.SH,20260910,11.82,11.82,11.82,11.82,321800.0,3803676.16,11.82
600787.SH,20260910,4.71,4.71,4.71,4.71,46500.0,219015.0,4.71
600789.SH,20260910,7.73,7.72,7.73,7.72,11800.0,91097.0,7.72
600790.SH,20260910,3.47,3.47,3.47,3.47,148400.0,514948.0,3.47
600791.SH,20260910,7.56,7.56,7.56,7.56,305600.0,2310336.0,7.56
600792.SH,20260910,5.37,5.39,5.39,5.36,8980300.16,48403302.4,5.39
600793.SH,20260910,15.83,15.83,15.83,15.83,6000.0,94980.0,15.83
600794.SH,20260910,3.36,3.36,3.36,3.36,17000.0,57120.0,3.36
600795.SH,20260910,5.31,5.31,5.31,5.31,61500.0,326565.0,5.31
600796.SH,20260910,5.37,5.37,5.37,5.37,23900.0,128343.0,5.37
600797.SH,20260910,6.82,6.82,6.82,6.82,51100.0,348502.0,6.82
600798.SH,20260910,3.57,3.57,3.57,3.57,362600.0,1294482.0,3.57
600800.SH,20260910,3.52,3.52,3.52,3.52,177500.0,624800.0,3.52
600801.SH,20260910,24.84,24.84,24.84,24.84,20800.0,516672.0,24.84
600802.SH,20260910,5.3,5.3,5.3,5.3,489500.0,2594350.08,5.3
600803.SH,20260910,19.0,19.0,19.0,19.0,21600.0,410400.0,19.0
600805.SH,20260910,4.65,4.65,4.65,4.65,63100.0,293415.0,4.65
600807.SH,20260910,2.77,2.77,2.77,2.77,60900.0,168693.0,2.77
600808.SH,20260910,2.64,2.64,2.64,2.64,1005600.0,2654784.0,2.64
600809.SH,20260910,119.02,119.02,119.02,119.02,16100.0,1916222.08,119.02
600810.SH,20260910,6.57,6.56,6.57,6.56,38700.0,253881.0,6.56
600812.SH,20260910,4.9,4.9,4.92,4.9,633000.0,3102182.08,4.9
600814.SH,20260910,7.71,7.67,7.71,7.66,534500.0,4101157.12,7.67
600815.SH,20260910,3.74,3.74,3.74,3.74,729100.0,2726833.92,3.74
600816.SH,20260910,2.48,2.48,2.48,2.48,169700.0,420856.0,2.48
600817.SH,20260910,9.82,9.82,9.82,9.82,6000.0,58920.0,9.82
600818.SH,20260910,7.69,7.69,7.69,7.69,2300.0,17687.0,7.69
600819.SH,20260910,5.97,5.97,5.97,5.97,15000.0,89550.0,5.97
600820.SH,20260910,5.55,5.55,5.55,5.55,19100.0,106005.0,5.55
600821.SH,20260910,6.25,6.25,6.25,6.25,554700.0,3466874.88,6.25
600822.SH,20260910,9.0,9.0,9.0,9.0,17900.0,161100.0,9.0
600824.SH,20260910,3.95,3.93,3.95,3.93,1008100.0,3962874.88,3.93
600825.SH,20260910,5.31,5.31,5.31,5.31,0.0,0.0,5.31
600826.SH,20260910,7.81,7.81,7.81,7.81,10200.0,79662.0,7.81
600827.SH,20260910,7.93,7.93,7.93,7.93,72600.0,575718.0,7.93
600828.SH,20260910,4.98,4.98,4.98,4.98,464400.0,2312712.0,4.98
600829.SH,20260910,9.85,9.85,9.85,9.85,45100.0,444235.0,9.85
600830.SH,20260910,9.13,9.13,9.13,9.13,394400.0,3600872.0,9.13
600831.SH,20260910,3.42,3.42,3.42,3.42,47200.0,161424.0,3.42
600833.SH,20260910,10.77,10.77,10.77,10.77,9300.0,100161.0,10.77
600834.SH,20260910,7.77,7.77,7.77,7.77,3300.0,25641.0,7.77
600835.SH,20260910,18.34,18.34,18.34,18.34,5300.0,97202.0,18.34
600838.SH,20260910,8.74,8.7,8.74,8.7,165996.0,1445832.0,8.71
600839.SH,20260910,6.88,6.88,6.88,6.88,345300.0,2375664.0,6.88
600841.SH,20260910,6.08,6.08,6.08,6.08,210601.0,1280454.0,6.08
600843.SH,20260910,7.22,7.22,7.22,7.22,6900.0,49818.0,7.22
600844.SH,20260910,4.16,4.16,4.16,4.16,2171100.0,9031776.0,4.16
600845.SH,20260910,17.03,17.03,17.03,17.03,47700.0,812331.04,17.03
600846.SH,20260910,11.7,11.7,11.7,11.7,19600.0,229320.0,11.7
600847.SH,20260910,12.89,12.89,12.89,12.89,10100.0,130189.0,12.89
600848.SH,20260910,8.72,8.72,8.72,8.72,5700.0,49704.0,8.72
600850.SH,20260910,14.25,14.25,14.25,14.25,4500.0,64125.0,14.25
600851.SH,20260910,8.55,8.55,8.55,8.55,15000.0,128250.0,8.55
600853.SH,20260910,3.4,3.4,3.4,3.4,41900.0,142460.0,3.4
600854.SH,20260910,4.8,4.8,4.8,4.8,28500.0,136800.0,4.8
600855.SH,20260910,13.75,13.7,13.75,13.7,587100.0,8043297.92,13.7
600857.SH,20260910,23.26,23.26,23.26,23.26,34300.0,797818.0,23.26
600858.SH,20260910,5.33,5.33,5.33,5.33,66400.0,353912.0,5.33
600859.SH,20260910,10.26,10.25,10.26,10.25,105600.0,1082778.0,10.25
600860.SH,20260910,8.66,8.66,8.66,8.66,9000.0,77940.0,8.66
600861.SH,20260910,13.13,13.13,13.13,13.13,1200.0,15756.0,13.13
600862.SH,20260910,19.05,19.05,19.05,19.05,123600.0,2354580.0,19.05
600863.SH,20260910,4.85,4.85,4.85,4.85,780700.0,3786394.88,4.85
600864.SH,20260910,5.75,5.75,5.75,5.75,544700.0,3132024.96,5.75
600865.SH,20260910,16.44,16.44,16.44,16.44,4393000.0,72220917.76,16.44
600866.SH,20260910,4.57,4.57,4.57,4.57,151800.0,693726.0,4.57
600867.SH,20260910,7.98,7.98,7.98,7.98,68000.0,542640.0,7.98
600868.SH,20260910,2.88,2.88,2.88,2.88,187900.0,541152.0,2.88
600869.SH,20260910,24.2,24.2,24.2,24.2,3988700.16,96526540.8,24.2
600871.SH,20260910,2.38,2.38,2.38,2.38,3409400.0,8114371.84,2.38
600872.SH,20260910,18.18,18.18,18.18,18.18,25500.0,463590.0,18.18
600873.SH,20260910,7.87,7.87,7.87,7.87,129400.0,1018378.0,7.87
600874.SH,20260910,5.69,5.69,5.69,5.69,17100.0,97299.0,5.69
600875.SH,20260910,25.92,25.92,25.92,25.92,457200.0,11850624.0,25.92
600876.SH,20260910,7.19,7.19,7.19,7.19,9100.0,65429.0,7.19
600877.SH,20260910,11.78,11.78,11.78,11.78,39100.0,460598.0,11.78
600879.SH,20260910,14.33,14.33,14.33,14.33,185200.0,2653916.0,14.33
600880.SH,20260910,4.6,4.6,4.6,4.6,2273100.0,10456259.84,4.6
600881.SH,20260910,1.98,1.97,1.99,1.97,2720499.84,5364558.08,1.97
600882.SH,20260910,20.28,20.28,20.28,20.28,37700.0,764556.0,20.28
600883.SH,20260910,8.47,8.47,8.47,8.47,49700.0,420959.0,8.47
600884.SH,20260910,11.53,11.53,11.53,11.53,124000.0,1429720.0,11.53
600885.SH,20260910,35.14,35.14,35.14,35.14,23800.0,836332.0,35.14
600886.SH,20260910,14.35,14.35,14.35,14.35,89700.0,1287195.04,14.35
600887.SH,20260910,26.45,26.45,26.45,26.45,84500.0,2235024.96,26.45
600888.SH,20260910,10.18,10.2,10.2,10.18,154400.0,1574840.96,10.2
600889.SH,20260910,13.77,13.77,13.77,13.77,500.0,6885.0,13.77
600892.SH,20260910,4.34,4.33,4.35,4.33,1022000.0,4425984.0,4.33
600893.SH,20260910,40.8,40.9,41.02,40.51,500700.0,20458912.0,40.86
600894.SH,20260910,7.45,7.45,7.45,7.45,3900.0,29055.0,7.45
600895.SH,20260910,29.0,29.0,29.0,29.0,44800.0,1299200.0,29.0
600897.SH,20260910,15.47,15.47,15.47,15.47,6600.0,102102.0,15.47
600900.SH,20260910,28.05,28.05,28.05,28.05,297200.0,8336460.16,28.05
600901.SH,20260910,6.79,6.79,6.79,6.79,37100.0,251909.0,6.79
600903.SH,20260910,7.48,7.48,7.48,7.48,2186800.0,16357263.36,7.48
600905.SH,20260910,3.69,3.69,3.69,3.69,457400.0,1687806.08,3.69
600906.SH,20260910,6.46,6.46,6.46,6.46,59600.0,385016.0,6.46
600908.SH,20260910,5.89,5.89,5.89,5.89,23300.0,137237.0,5.89
600909.SH,20260910,8.04,8.04,8.04,8.04,564200.0,4536168.0,8.04
600916.SH,20260910,8.03,8.03,8.03,8.03,145800.0,1170774.0,8.03
600917.SH,20260910,5.08,5.08,5.08,5.08,41100.0,208788.0,5.08
600918.SH,20260910,5.61,5.61,5.61,5.61,131900.0,739959.04,5.61
600919.SH,20260910,12.37,12.37,12.37,12.37,241800.0,2991065.92,12.37
600925.SH,20260910,4.35,4.35,4.35,4.35,41900.0,182265.0,4.35
600926.SH,20260910,17.33,17.31,17.33,17.31,58400.0,1011228.96,17.32
600927.SH,20260910,12.76,12.76,12.76,12.76,17300.0,220748.0,12.76
600928.SH,20260910,3.59,3.59,3.59,3.59,26400.0,94776.0,3.59
600929.SH,20260910,6.04,6.04,6.04,6.04,0.0,0.0,6.04
600930.SH,20260910,3.95,3.95,3.95,3.95,383100.0,1513244.96,3.95
600933.SH,20260910,13.29,13.29,13.29,13.29,12900.0,171441.0,13.29
600935.SH,20260910,2.42,2.42,2.42,2.42,192900.0,466818.0,2.42
600936.SH,20260910,4.97,4.97,4.97,4.97,261400.0,1299158.0,4.97
600938.SH,20260910,34.77,34.77,34.77,34.77,695800.0,24192965.12,34.77
600939.SH,20260910,2.72,2.72,2.73,2.72,8600.0,23393.0,2.72
600941.SH,20260910,97.13,97.13,97.13,97.13,12000.0,1165560.0,97.13
600955.SH,20260910,12.87,12.87,12.87,12.87,2700.0,34749.0,12.87
600956.SH,20260910,7.36,7.36,7.36,7.36,60000.0,441600.0,7.36
600958.SH,20260910,9.12,9.12,9.12,9.12,116400.0,1061568.0,9.12
600959.SH,20260910,3.16,3.16,3.16,3.16,86000.0,271760.0,3.16
600960.SH,20260910,4.03,4.04,4.04,4.03,47600.0,192302.0,4.04
600961.SH,20260910,25.5,25.5,25.5,25.5,131900.0,3363449.92,25.5
600962.SH,20260910,25.36,25.36,25.36,25.36,10600.0,268816.0,25.36
600963.SH,20260910,3.54,3.54,3.54,3.54,90300.0,319662.0,3.54
600965.SH,20260910,2.94,2.94,2.94,2.94,37400.0,109956.0,2.94
600966.SH,20260910,5.02,5.02,5.02,5.02,52600.0,264052.0,5.02
600967.SH,20260910,14.23,14.23,14.3,14.23,2080200.0,29602472.96,14.23
600968.SH,20260910,4.12,4.12,4.12,4.12,484700.0,1996964.0,4.12
600969.SH,20260910,10.62,10.62,10.62,10.62,298348.0,3168456.0,10.62
600970.SH,20260910,7.85,7.85,7.85,7.85,1400.0,10990.0,7.85
600971.SH,20260910,8.96,8.96,8.96,8.96,58900.0,527744.0,8.96
600973.SH,20260910,6.2,6.2,6.2,6.2,98300.0,609460.0,6.2
600975.SH,20260910,5.82,5.82,5.82,5.82,219300.0,1276326.0,5.82
600976.SH,20260910,27.52,27.52,27.52,27.52,5000.0,137600.0,27.52
600977.SH,20260910,12.91,12.91,12.91,12.91,80900.0,1044419.04,12.91
600979.SH,20260910,4.0,4.01,4.01,4.0,264400.0,1060176.96,4.01
600980.SH,20260910,19.46,19.46,19.46,19.46,7500.0,145950.0,19.46
600981.SH,20260910,2.54,2.54,2.54,2.54,40800.0,103632.0,2.54
600982.SH,20260910,5.03,5.03,5.03,5.03,233100.0,1172492.96,5.03
600983.SH,20260910,7.41,7.41,7.41,7.41,13100.0,97071.0,7.41
600984.SH,20260910,3.7,3.71,3.71,3.7,124000.0,459923.0,3.71
600985.SH,20260910,17.2,17.2,17.2,17.2,177300.0,3049560.0,17.2
600986.SH,20260910,7.35,7.35,7.35,7.35,191800.0,1409729.92,7.35
600987.SH,20260910,6.54,6.54,6.54,6.54,24700.0,161538.0,6.54
600988.SH,20260910,43.52,43.52,43.52,43.52,186700.0,8125184.0,43.52
600989.SH,20260910,25.28,25.28,25.28,25.28,822200.0,20785216.0,25.28
600990.SH,20260910,18.85,18.85,18.85,18.85,17700.0,333645.0,18.85
600992.SH,20260910,10.28,10.28,10.28,10.28,14600.0,150088.0,10.28
600993.SH,20260910,22.6,22.6,22.6,22.6,12100.0,273460.0,22.6
600995.SH,20260910,12.46,12.47,12.47,12.46,62800.0,783100.96,12.47
600996.SH,20260910,6.99,6.99,6.99,6.99,13800.0,96462.0,6.99
600997.SH,20260910,5.7,5.7,5.7,5.7,106700.0,608190.0,5.7
600998.SH,20260910,5.02,5.02,5.02,5.02,70000.0,351400.0,5.02
600999.SH,20260910,17.87,17.87,17.87,17.87,102900.0,1838823.04,17.87
601000.SH,20260910,4.57,4.57,4.57,4.57,13100.0,59867.0,4.57
601001.SH,20260910,17.6,17.6,17.6,17.6,288600.0,5079360.0,17.6
601002.SH,20260910,5.38,5.38,5.38,5.38,23100.0,124278.0,5.38
601003.SH,20260910,3.88,3.88,3.88,3.88,81100.0,314668.0,3.88
601005.SH,20260910,1.25,1.25,1.25,1.25,390600.0,488250.0,1.25
601006.SH,20260910,4.81,4.81,4.81,4.81,307700.0,1480036.96,4.81
601007.SH,20260910,7.27,7.27,7.27,7.27,53500.0,388945.0,7.27
601008.SH,20260910,4.88,4.88,4.88,4.85,921500.0,4496864.96,4.88
601009.SH,20260910,12.06,12.06,12.06,12.06,50200.0,605412.0,12.06
601010.SH,20260910,1.5,1.5,1.5,1.5,65100.0,97650.0,1.5
601011.SH,20260910,3.09,3.09,3.09,3.09,340000.0,1050600.0,3.09
601012.SH,20260910,11.79,11.8,11.8,11.79,153000.0,1805345.92,11.8
601015.SH,20260910,4.03,4.03,4.03,4.03,1225800.0,4939974.08,4.03
601016.SH,20260910,3.38,3.38,3.38,3.38,345000.0,1166100.0,3.38
601018.SH,20260910,3.54,3.54,3.54,3.54,357500.0,1265550.0,3.54
601019.SH,20260910,7.01,7.01,7.01,7.01,28000.0,196280.0,7.01
601020.SH,20260910,23.25,23.25,23.25,23.25,738700.0,17174776.32,23.25
601021.SH,20260910,43.09,43.09,43.09,43.09,43900.0,1891651.04,43.09
601022.SH,20260910,8.75,8.75,8.75,8.75,202300.0,1770124.96,8.75
601026.SH,20260910,14.41,14.41,14.41,14.41,6300.0,90783.0,14.41
601033.SH,20260910,14.68,14.68,14.68,14.68,10100.0,148268.0,14.68
601038.SH,20260910,14.93,14.93,14.93,14.93,34800.0,519564.0,14.93
601058.SH,20260910,14.62,14.62,14.62,14.62,120300.0,1758785.92,14.62
601059.SH,20260910,15.84,15.84,15.84,15.84,45300.0,717552.0,15.84
601061.SH,20260910,12.53,12.53,12.53,12.53,272900.0,3419437.12,12.53
601065.SH,20260910,7.0,7.0,7.0,7.0,3800.0,26600.0,7.0
601066.SH,20260910,24.24,24.24,24.24,24.24,64200.0,1556208.0,24.24
601068.SH,20260910,4.69,4.7,4.7,4.69,98500.0,462949.0,4.7
601069.SH,20260910,29.6,29.64,29.64,29.6,109500.0,3245537.92,29.64
601077.SH,20260910,6.76,6.76,6.76,6.76,85900.0,580684.0,6.76
601083.SH,20260910,13.22,13.22,13.22,13.22,239200.0,3162224.0,13.22
601086.SH,20260910,14.65,14.55,14.65,14.55,1143000.0,16631832.32,14.55
601088.SH,20260910,47.36,47.36,47.36,47.36,142500.0,6748800.0,47.36
601089.SH,20260910,16.26,16.26,16.26,16.26,300.0,4878.0,16.26
601096.SH,20260910,4.19,4.19,4.19,4.19,44400.0,186036.0,4.19
601098.SH,20260910,10.19,10.19,10.19,10.19,28300.0,288377.0,10.19
601099.SH,20260910,3.53,3.53,3.53,3.53,856400.0,3023091.84,3.53
601100.SH,20260910,101.5,101.5,101.5,101.5,5100.0,517650.0,101.5
601101.SH,20260910,14.05,14.05,14.05,14.05,219300.0,3081165.12,14.05
601106.SH,20260910,3.1,3.1,3.1,3.1,275300.0,853430.0,3.1
601107.SH,20260910,5.95,5.95,5.95,5.95,5600.0,33320.0,5.95
601108.SH,20260910,8.48,8.48,8.48,8.48,169200.0,1434816.0,8.48
601111.SH,20260910,5.86,5.86,5.86,5.86,640900.0,3755673.92,5.86
601112.SH,20260910,15.26,15.26,15.26,15.26,8300.0,126658.0,15.26
601113.SH,20260910,3.55,3.55,3.55,3.55,22300.0,79165.0,3.55
601116.SH,20260910,11.72,11.72,11.72,11.72,199500.0,2338140.0,11.72
601117.SH,20260910,7.39,7.39,7.39,7.39,224800.0,1661272.0,7.39
601118.SH,20260910,7.9,7.9,7.9,7.9,2500883.04,19756976.64,7.9
601121.SH,20260910,7.64,7.64,7.64,7.64,35200.0,268928.0,7.64
601123.SH,20260910,16.85,16.85,16.85,16.85,312400.0,5263939.84,16.85
601126.SH,20260910,42.96,42.49,43.0,42.46,514500.0,21884520.96,42.54
601127.SH,20260910,48.08,48.08,48.08,48.08,84700.0,4072376.0,48.08
601128.SH,20260910,6.42,6.42,6.42,6.42,105600.0,677952.0,6.42
601133.SH,20260910,23.59,23.59,23.59,23.59,12100.0,285439.0,23.59
601136.SH,20260910,15.2,15.12,15.2,15.12,221000.0,3341766.08,15.12
601137.SH,20260910,19.9,19.9,19.9,19.9,47700.0,949230.0,19.9
601138.SH,20260910,64.48,64.5,64.5,64.48,437800.0,28237967.36,64.5
601139.SH,20260910,6.61,6.58,6.61,6.58,76900.0,506711.0,6.59
601155.SH,20260910,12.08,12.08,12.1,12.08,243600.0,2943617.92,12.08
601156.SH,20260910,19.1,19.1,19.1,19.1,4500.0,85950.0,19.1
601158.SH,20260910,4.13,4.13,4.13,4.13,24600.0,101598.0,4.13
601162.SH,20260910,3.7,3.7,3.7,3.7,638100.0,2360969.92,3.7
601163.SH,20260910,12.57,12.57,12.57,12.57,4700.0,59079.0,12.57
601166.SH,20260910,18.12,18.1,18.12,18.1,313400.0,5672878.72,18.1
601168.SH,20260910,41.19,41.19,41.19,41.19,425400.0,17522225.92,41.19
601169.SH,20260910,5.53,5.53,5.54,5.53,551844.0,3053170.88,5.53
601177.SH,20260910,13.86,13.86,13.86,13.86,15200.0,210672.0,13.86
601179.SH,20260910,12.5,12.5,12.5,12.5,363800.0,4547500.16,12.5
601186.SH,20260910,6.13,6.13,6.13,6.13,95800.0,587254.0,6.13
601187.SH,20260910,7.29,7.29,7.29,7.29,48500.0,353565.0,7.29
601188.SH,20260910,2.98,2.98,2.98,2.98,30800.0,91784.0,2.98
601198.SH,20260910,13.16,13.16,13.16,13.16,201853.0,2656384.96,13.16
601199.SH,20260910,5.87,5.87,5.87,5.87,102300.0,600501.0,5.87
601200.SH,20260910,7.03,7.03,7.03,7.03,7400.0,52022.0,7.03
601208.SH,20260910,46.5,46.5,46.5,46.5,141800.0,6593699.84,46.5
601211.SH,20260910,17.51,17.51,17.51,17.51,161700.0,2831367.04,17.51
601212.SH,20260910,7.09,7.09,7.09,7.09,5093400.0,36112207.36,7.09
601216.SH,20260910,4.85,4.85,4.85,4.85,149300.0,724104.96,4.85
601218.SH,20260910,4.56,4.56,4.56,4.56,23000.0,104880.0,4.56
601222.SH,20260910,6.03,6.03,6.03,6.03,277400.0,1672721.92,6.03
601225.SH,20260910,26.51,26.51,26.51,26.51,115600.0,3064556.16,26.51
601226.SH,20260910,6.7,6.7,6.7,6.7,99000.0,663300.0,6.7
601228.SH,20260910,3.17,3.17,3.17,3.17,55900.0,177203.0,3.17
601229.SH,20260910,9.61,9.61,9.61,9.61,25183.0,242009.0,9.61
601231.SH,20260910,25.11,25.11,25.11,25.11,103600.0,2601396.0,25.11
601233.SH,20260910,24.78,24.78,24.78,24.78,110000.0,2725800.0,24.78
601236.SH,20260910,6.98,6.98,6.98,6.98,21500.0,150070.0,6.98
601238.SH,20260910,5.16,5.16,5.16,5.16,94700.0,488652.0,5.16
601279.SH,20260910,3.46,3.46,3.46,3.46,24200.0,83732.0,3.46
601288.SH,20260910,6.82,6.82,6.82,6.82,1528100.0,10421642.24,6.82
601298.SH,20260910,9.47,9.47,9.47,9.47,27100.0,256637.0,9.47
601311.SH,20260910,7.58,7.58,7.58,7.58,34200.0,259236.0,7.58
601318.SH,20260910,55.51,55.5,55.53,55.42,632020.0,35076976.64,55.5
601319.SH,20260910,7.91,7.91,7.91,7.91,449800.0,3557918.08,7.91
601326.SH,20260910,3.62,3.62,3.62,3.62,20900.0,75658.0,3.62
601328.SH,20260910,7.3,7.3,7.3,7.3,328400.0,2397320.0,7.3
601330.SH,20260910,8.25,8.25,8.25,8.25,44400.0,366300.0,8.25
601333.SH,20260910,3.13,3.13,3.13,3.13,103900.0,325207.0,3.13
601336.SH,20260910,59.8,59.8,59.8,59.8,60700.0,3629859.84,59.8
601339.SH,20260910,7.51,7.51,7.51,7.51,10500.0,78855.0,7.51
601360.SH,20260910,8.79,8.79,8.79,8.79,248600.0,2185193.92,8.79
601366.SH,20260910,3.93,3.93,3.93,3.93,27900.0,109647.0,3.93
601368.SH,20260910,4.6,4.6,4.6,4.6,1500.0,6900.0,4.6
601369.SH,20260910,8.59,8.59,8.59,8.59,3000.0,25770.0,8.59
601375.SH,20260910,4.09,4.09,4.09,4.09,61900.0,253171.0,4.09
601377.SH,20260910,5.91,5.92,5.92,5.91,240900.0,1426123.04,5.92
601388.SH,20260910,3.49,3.49,3.49,3.49,265500.0,926595.04,3.49
601390.SH,20260910,4.44,4.43,4.44,4.43,390500.0,1730015.04,4.43
601398.SH,20260910,8.03,8.02,8.04,8.02,2415768.96,19381777.92,8.02
601399.SH,20260910,3.25,3.25,3.25,3.25,470900.0,1530424.96,3.25
601456.SH,20260910,8.82,8.82,8.82,8.82,50400.0,444528.0,8.82
601500.SH,20260910,4.01,4.01,4.01,4.01,30600.0,122706.0,4.01
601512.SH,20260910,8.74,8.74,8.74,8.74,10500.0,91770.0,8.74
601515.SH,20260910,3.32,3.32,3.32,3.32,25500.0,84660.0,3.32
601518.SH,20260910,2.88,2.88,2.88,2.88,109300.0,314784.0,2.88
601519.SH,20260910,8.71,8.71,8.71,8.71,39800.0,346658.0,8.71
601528.SH,20260910,5.12,5.12,5.12,5.12,109500.0,560640.0,5.12
601555.SH,20260910,8.4,8.4,8.4,8.4,142200.0,1194480.0,8.4
601566.SH,20260910,10.72,10.7,10.72,10.7,819034.0,8767768.32,10.71
601567.SH,20260910,13.41,13.43,13.43,13.41,31300.0,420311.0,13.43
601568.SH,20260910,3.92,3.92,3.92,3.92,177200.0,694624.0,3.92
601577.SH,20260910,10.07,10.07,10.07,10.07,44200.0,445094.0,10.07
601579.SH,20260910,26.47,26.26,26.5,26.26,1266000.0,33254789.12,26.27
601588.SH,20260910,1.78,1.78,1.78,1.78,31000.0,55180.0,1.78
601595.SH,20260910,22.6,22.6,22.6,22.6,326400.0,7376640.0,22.6
601598.SH,20260910,6.53,6.53,6.53,6.53,31000.0,202430.0,6.53
601599.SH,20260910,3.32,3.32,3.32,3.32,44900.0,149068.0,3.32
601600.SH,20260910,10.0,10.0,10.0,10.0,912400.0,9124000.0,10.0
601601.SH,20260910,33.43,33.43,33.43,33.43,95500.0,3192565.12,33.43
601606.SH,20260910,35.65,35.46,35.69,35.46,731574.0,25945927.68,35.47
601607.SH,20260910,16.44,16.44,16.44,16.44,17300.0,284412.0,16.44
601608.SH,20260910,4.93,4.93,4.93,4.93,95300.0,469829.0,4.93
601609.SH,20260910,13.2,13.23,13.23,13.2,316300.0,4184576.96,13.23
601611.SH,20260910,10.99,10.99,10.99,10.99,761600.0,8369984.0,10.99
601615.SH,20260910,9.55,9.55,9.55,9.55,80400.0,767820.0,9.55
601616.SH,20260910,3.86,3.86,3.86,3.86,13500.0,52110.0,3.86
601618.SH,20260910,2.62,2.61,2.62,2.61,185100.0,483683.0,2.61
601619.SH,20260910,4.17,4.17,4.17,4.17,80700.0,336519.0,4.17
601628.SH,20260910,38.11,38.11,38.11,38.11,91300.0,3479442.88,38.11
601633.SH,20260910,14.75,14.75,14.75,14.75,60000.0,885000.0,14.75
601636.SH,20260910,5.74,5.74,5.74,5.74,261300.0,1499862.08,5.74
601658.SH,20260910,5.4,5.4,5.4,5.4,467100.0,2522340.0,5.4
601665.SH,20260910,7.13,7.13,7.13,7.13,63800.0,454894.0,7.13
601666.SH,20260910,9.75,9.75,9.75,9.75,176400.0,1719900.0,9.75
601668.SH,20260910,4.38,4.38,4.38,4.38,566260.0,2480219.04,4.38
601669.SH,20260910,4.67,4.67,4.67,4.67,779400.0,3639798.08,4.67
601677.SH,20260910,17.13,17.13,17.13,17.13,107800.0,1846614.08,17.13
601678.SH,20260910,6.06,6.06,6.06,6.06,340900.0,2065854.08,6.06
601686.SH,20260910,5.28,5.28,5.28,5.28,33900.0,178992.0,5.28
601688.SH,20260910,19.3,19.3,19.3,19.3,122600.0,2366180.0,19.3
601689.SH,20260910,45.5,45.5,45.5,45.5,49600.0,2256800.0,45.5
601696.SH,20260910,11.65,11.65,11.65,11.65,239300.0,2787845.12,11.65
601698.SH,20260910,24.08,24.08,24.08,24.08,81400.0,1960112.0,24.08
601699.SH,20260910,16.7,16.7,16.7,16.7,191800.0,3203059.84,16.7
601700.SH,20260910,6.56,6.52,6.56,6.52,1560300.0,10173546.24,6.52
601702.SH,20260910,15.73,15.73,15.73,15.73,50400.0,792792.0,15.73
601717.SH,20260910,14.6,14.6,14.6,14.6,59400.0,867240.0,14.6
601718.SH,20260910,1.99,1.99,1.99,1.99,34900.0,69451.0,1.99
601727.SH,20260910,6.72,6.72,6.72,6.72,429600.0,2886912.0,6.72
601728.SH,20260910,6.15,6.15,6.15,6.15,1121400.0,6896609.92,6.15
601766.SH,20260910,6.15,6.15,6.15,6.15,225000.0,1383750.08,6.15
601777.SH,20260910,8.08,8.08,8.08,8.08,28300.0,228664.0,8.08
601778.SH,20260910,3.59,3.59,3.59,3.59,302500.0,1085975.04,3.59
601788.SH,20260910,14.35,14.35,14.35,14.35,70200.0,1007370.0,14.35
601789.SH,20260910,4.28,4.28,4.28,4.28,39900.0,170772.0,4.28
601798.SH,20260910,7.89,7.89,7.89,7.89,6400.0,50496.0,7.89
601799.SH,20260910,74.45,74.45,74.45,74.45,25200.0,1876140.0,74.45
601800.SH,20260910,6.02,6.02,6.02,6.02,153300.0,922866.0,6.02
601801.SH,20260910,5.37,5.37,5.37,5.37,58400.0,313608.0,5.37
601808.SH,20260910,13.05,13.05,13.05,13.05,144800.0,1889640.0,13.05
601811.SH,20260910,11.72,11.72,11.72,11.72,22000.0,257840.0,11.72
601816.SH,20260910,4.81,4.81,4.81,4.81,160700.0,772967.04,4.81
601818.SH,20260910,3.03,3.03,3.03,3.03,275600.0,835068.0,3.03
601825.SH,20260910,8.96,8.96,8.96,8.96,20200.0,180992.0,8.96
601827.SH,20260910,8.18,8.18,8.18,8.18,26100.0,213498.0,8.18
601828.SH,20260910,2.29,2.29,2.29,2.29,102800.0,235412.0,2.29
601838.SH,20260910,19.89,19.89,19.89,19.89,63900.0,1270971.04,19.89
601857.SH,20260910,11.4,11.4,11.4,11.4,802300.0,9146220.16,11.4
601858.SH,20260910,20.8,20.8,20.8,20.8,58600.0,1218880.0,20.8
601860.SH,20260910,2.66,2.66,2.66,2.66,160100.0,425866.0,2.66
601865.SH,20260910,9.8,9.8,9.8,9.8,60500.0,592900.0,9.8
601866.SH,20260910,2.53,2.53,2.53,2.53,900200.0,2277505.92,2.53
601868.SH,20260910,2.51,2.51,2.51,2.51,2134300.0,5357093.12,2.51
601869.SH,20260910,437.32,437.32,437.32,437.32,247400.0,108192972.8,437.32
601872.SH,20260910,21.41,21.41,21.41,21.41,4108099.84,87954421.76,21.41
601877.SH,20260910,25.6,25.6,25.6,25.6,102940.0,2635264.0,25.6
601878.SH,20260910,9.31,9.31,9.31,9.31,28600.0,266266.0,9.31
601880.SH,20260910,1.48,1.48,1.48,1.48,984100.0,1456468.0,1.48
601881.SH,20260910,12.15,12.15,12.15,12.15,49600.0,602640.0,12.15
601882.SH,20260910,22.63,22.63,22.63,22.63,6800.0,153884.0,22.63
601886.SH,20260910,13.22,13.22,13.22,13.22,79700.0,1053634.0,13.22
601888.SH,20260910,53.52,53.52,53.52,53.52,66400.0,3553728.0,53.52
601890.SH,20260910,10.24,10.24,10.24,10.24,6090972.16,62371553.28,10.24
601898.SH,20260910,15.18,15.18,15.18,15.18,298600.0,4532748.16,15.18
601899.SH,20260910,34.08,34.08,34.08,34.08,1615500.0,55056240.64,34.08
601900.SH,20260910,12.27,12.27,12.27,12.27,60600.0,743562.0,12.27
601901.SH,20260910,6.87,6.87,6.87,6.87,67500.0,463725.0,6.87
601908.SH,20260910,2.99,2.99,2.99,2.99,92400.0,276276.0,2.99
601916.SH,20260910,2.96,2.96,2.96,2.96,168300.0,498168.0,2.96
601918.SH,20260910,10.5,10.5,10.5,10.5,195000.0,2047500.0,10.5
601919.SH,20260910,16.56,16.56,16.56,16.56,457400.0,7574544.0,16.56
601921.SH,20260910,7.56,7.56,7.56,7.56,44400.0,335664.0,7.56
601928.SH,20260910,8.59,8.59,8.59,8.59,28500.0,244815.0,8.59
601929.SH,20260910,2.52,2.52,2.52,2.52,934900.0,2355948.0,2.52
601933.SH,20260910,3.31,3.31,3.31,3.31,1441700.0,4772026.88,3.31
601939.SH,20260910,10.86,10.86,10.86,10.86,516100.0,5604846.08,10.86
601949.SH,20260910,6.83,6.83,6.83,6.83,4685299.84,32000599.04,6.83
601952.SH,20260910,10.36,10.28,10.36,10.27,722246.0,7427822.72,10.28
601956.SH,20260910,4.98,4.98,4.98,4.98,18200.0,90636.0,4.98
601958.SH,20260910,21.3,21.3,21.3,21.3,61800.0,1316340.0,21.3
601963.SH,20260910,11.24,11.24,11.24,11.24,46100.0,518164.0,11.24
601965.SH,20260910,13.58,13.58,13.58,13.58,14300.0,194194.0,13.58
601966.SH,20260910,10.88,10.88,10.88,10.88,30000.0,326400.0,10.88
601968.SH,20260910,4.69,4.69,4.69,4.69,15700.0,73633.0,4.69
601969.SH,20260910,9.98,9.98,9.98,9.98,188500.0,1881230.08,9.98
601975.SH,20260910,4.88,4.88,4.92,4.88,3188963.84,15589902.08,4.89
601985.SH,20260910,9.02,9.02,9.02,9.02,283400.0,2556268.0,9.02
601988.SH,20260910,6.45,6.45,6.45,6.45,1453100.0,9372494.72,6.45
601990.SH,20260910,6.76,6.76,6.76,6.76,6100.0,41236.0,6.76
601991.SH,20260910,5.76,5.75,5.76,5.75,2046000.0,11764650.24,5.75
601992.SH,20260910,1.42,1.42,1.42,1.42,291300.0,413646.0,1.42
601995.SH,20260910,32.4,32.4,32.4,32.4,139200.0,4510080.0,32.4
601996.SH,20260910,2.85,2.85,2.85,2.85,147000.0,418950.0,2.85
601997.SH,20260910,5.63,5.63,5.63,5.63,19400.0,109222.0,5.63
601998.SH,20260910,8.91,8.91,8.91,8.91,153300.0,1365903.04,8.91
601999.SH,20260910,7.02,7.02,7.02,7.02,1600100.0,11232701.44,7.02
603000.SH,20260910,16.95,16.95,16.95,16.95,85500.0,1449224.96,16.95
603001.SH,20260910,9.05,9.05,9.05,9.05,11400.0,103170.0,9.05
603002.SH,20260910,16.06,16.06,16.06,16.06,236000.0,3790160.0,16.06
603004.SH,20260910,18.61,18.61,18.61,18.61,4854.0,90333.0,18.61
603005.SH,20260910,29.88,29.88,29.88,29.88,228800.0,6836544.0,29.88
603006.SH,20260910,11.2,11.2,11.2,11.2,2900.0,32480.0,11.2
603007.SH,20260910,5.03,5.03,5.03,5.03,53700.0,270111.0,5.03
603008.SH,20260910,9.2,9.2,9.2,9.2,22100.0,203320.0,9.2
603009.SH,20260910,47.89,47.8,47.89,47.8,5700.0,272478.0,47.8
603010.SH,20260910,11.51,11.51,11.51,11.51,12800.0,147328.0,11.51
603011.SH,20260910,26.1,26.1,26.1,26.1,285000.0,7438499.84,26.1
603012.SH,20260910,9.8,9.8,9.8,9.8,22900.0,224420.0,9.8
603013.SH,20260910,14.51,14.52,14.52,14.51,17800.0,258394.0,14.52
603014.SH,20260910,31.33,31.33,31.33,31.33,3800.0,119054.0,31.33
603015.SH,20260910,10.82,10.82,10.82,10.82,3800.0,41116.0,10.82
603016.SH,20260910,30.87,30.87,30.87,30.87,14800.0,456876.0,30.87
603017.SH,20260910,10.11,10.11,10.11,10.11,1600.0,16176.0,10.11
603018.SH,20260910,5.39,5.39,5.39,5.39,5700.0,30723.0,5.39
603019.SH,20260910,82.1,82.1,82.1,82.1,88100.0,7233009.92,82.1
603020.SH,20260910,10.64,10.64,10.64,10.64,94600.0,1006544.0,10.64
603021.SH,20260910,5.6,5.6,5.6,5.6,15900.0,89040.0,5.6
603022.SH,20260910,9.28,9.28,9.28,9.28,14900.0,138272.0,9.28
603023.SH,20260910,4.17,4.17,4.17,4.17,20900.0,87153.0,4.17
603025.SH,20260910,13.21,13.21,13.21,13.21,40300.0,532363.0,13.21
603026.SH,20260910,63.99,63.99,63.99,63.99,21700.0,1388583.04,63.99
603027.SH,20260910,7.59,7.59,7.59,7.59,42500.0,322575.0,7.59
603028.SH,20260910,7.19,7.18,7.19,7.17,15000.0,107704.0,7.18
603029.SH,20260910,17.38,17.38,17.38,17.38,20200.0,351076.0,17.38
603030.SH,20260910,2.19,2.19,2.19,2.19,94300.0,206517.0,2.19
603031.SH,20260910,42.52,42.41,42.52,42.41,102900.0,4364102.08,42.41
603032.SH,20260910,19.0,19.0,19.0,19.0,13100.0,248900.0,19.0
603033.SH,20260910,7.25,7.25,7.25,7.25,9700.0,70325.0,7.25
603035.SH,20260910,10.83,10.83,10.83,10.83,3700.0,40071.0,10.83
603036.SH,20260910,13.58,13.58,13.58,13.58,10100.0,137158.0,13.58
603037.SH,20260910,10.21,10.21,10.21,10.21,14900.0,152129.0,10.21
603038.SH,20260910,16.78,16.78,16.78,16.78,6000.0,100680.0,16.78
603039.SH,20260910,36.98,36.98,36.98,36.98,35400.0,1309092.0,36.98
603040.SH,20260910,48.48,48.48,48.48,48.48,1700.0,82416.0,48.48
603041.SH,20260910,11.52,11.52,11.52,11.52,14800.0,170496.0,11.52
603042.SH,20260910,18.49,18.49,18.49,18.49,3657900.16,67634570.24,18.49
603043.SH,20260910,13.91,13.91,13.91,13.91,13500.0,187785.0,13.91
603045.SH,20260910,49.39,49.39,49.39,49.39,63600.0,3141203.84,49.39
603048.SH,20260910,23.35,23.35,23.35,23.35,1500.0,35025.0,23.35
603049.SH,20260910,48.12,48.12,48.12,48.12,3100.0,149172.0,48.12
603050.SH,20260910,18.06,18.06,18.06,18.06,1100.0,19866.0,18.06
603051.SH,20260910,22.28,22.28,22.28,22.28,13300.0,296324.0,22.28
603052.SH,20260910,55.28,55.28,55.28,55.28,52800.0,2918784.0,55.28
603053.SH,20260910,8.98,8.98,8.98,8.98,2900.0,26042.0,8.98
603055.SH,20260910,9.42,9.42,9.42,9.42,28600.0,269412.0,9.42
603057.SH,20260910,19.98,19.98,19.98,19.98,1600.0,31968.0,19.98
603058.SH,20260910,9.46,9.46,9.46,9.46,84100.0,795586.0,9.46
603059.SH,20260910,25.52,25.65,25.65,25.52,59700.0,1530868.0,25.64
603060.SH,20260910,5.65,5.65,5.65,5.65,12900.0,72885.0,5.65
603061.SH,20260910,313.21,313.21,313.21,313.21,5400.0,1691334.08,313.21
603062.SH,20260910,37.86,37.86,37.86,37.86,200.0,7572.0,37.86
603063.SH,20260910,30.92,30.92,30.92,30.92,65600.0,2028352.0,30.92
603065.SH,20260910,13.87,13.87,13.87,13.87,179000.0,2482729.92,13.87
603066.SH,20260910,9.73,9.73,9.73,9.73,774000.0,7531020.16,9.73
603067.SH,20260910,37.5,37.5,37.5,37.5,195300.0,7323749.76,37.5
603068.SH,20260910,37.3,37.3,37.3,37.3,41800.0,1559140.0,37.3
603069.SH,20260910,14.06,14.06,14.06,14.06,8000.0,112480.0,14.06
603070.SH,20260910,11.84,11.84,11.84,11.84,10300.0,121952.0,11.84
603071.SH,20260910,12.69,12.69,12.69,12.69,16100.0,204309.0,12.69
603072.SH,20260910,31.14,31.14,31.14,31.14,3700.0,115218.0,31.14
603073.SH,20260910,17.04,17.04,17.04,17.04,13100.0,223224.0,17.04
603075.SH,20260910,20.4,20.32,20.42,20.32,150800.0,3065180.16,20.33
603076.SH,20260910,20.92,20.92,20.92,20.92,8200.0,171544.0,20.92
603077.SH,20260910,2.52,2.52,2.52,2.52,4593900.16,11576628.48,2.52
603078.SH,20260910,31.55,31.55,31.55,31.55,48700.0,1536484.96,31.55
603079.SH,20260910,13.0,12.97,13.0,12.97,16100.0,208898.0,12.98
603080.SH,20260910,20.32,20.32,20.32,20.32,14000.0,284480.0,20.32
603081.SH,20260910,10.03,10.03,10.03,10.03,20600.0,206618.0,10.03
603082.SH,20260910,47.21,47.21,47.21,47.21,12300.0,580683.0,47.21
603083.SH,20260910,215.0,215.0,215.0,215.0,307400.0,66090997.76,215.0
603085.SH,20260910,9.78,9.78,9.78,9.78,20000.0,195600.0,9.78
603086.SH,20260910,6.5,6.5,6.5,6.5,93300.0,606450.0,6.5
603087.SH,20260910,68.87,68.87,68.87,68.87,13000.0,895310.0,68.87
603088.SH,20260910,10.29,10.29,10.29,10.29,11900.0,122451.0,10.29
603089.SH,20260910,9.67,9.67,9.67,9.67,17300.0,167291.0,9.67
603090.SH,20260910,40.5,40.5,40.5,40.5,54600.0,2211300.0,40.5
603091.SH,20260910,49.71,49.71,49.71,49.71,780.0,38774.0,49.71
603092.SH,20260910,41.32,41.31,41.32,41.31,4900.0,202421.0,41.31
603093.SH,20260910,13.53,13.47,13.53,13.47,221690.0,2987048.0,13.47
603095.SH,20260910,14.74,14.74,14.74,14.74,13500.0,198990.0,14.74
603096.SH,20260910,15.88,15.88,15.88,15.88,16300.0,258844.0,15.88
603097.SH,20260910,19.4,19.4,19.4,19.4,5100.0,98940.0,19.4
603098.SH,20260910,11.6,11.6,11.6,11.6,24900.0,288840.0,11.6
603099.SH,20260910,38.85,38.85,38.85,38.85,18500.0,718724.96,38.85
603100.SH,20260910,18.62,18.62,18.62,18.62,2100.0,39102.0,18.62
603101.SH,20260910,8.09,8.08,8.1,8.08,108800.0,879322.0,8.08
603102.SH,20260910,37.0,37.0,37.0,37.0,7500.0,277500.0,37.0
603103.SH,20260910,16.33,16.33,16.33,16.33,32600.0,532358.0,16.33
603105.SH,20260910,7.6,7.6,7.6,7.6,89400.0,679440.0,7.6
603106.SH,20260910,7.98,7.96,7.98,7.95,241600.0,1923284.0,7.96
603107.SH,20260910,12.02,12.02,12.02,12.02,8900.0,106978.0,12.02
603108.SH,20260910,9.62,9.62,9.62,9.62,26800.0,257816.0,9.62
603109.SH,20260910,17.28,17.37,17.37,17.28,800.0,13878.0,17.35
603110.SH,20260910,23.69,23.69,23.69,23.69,28500.0,675164.96,23.69
603111.SH,20260910,6.28,6.28,6.28,6.28,2300.0,14444.0,6.28
603112.SH,20260910,17.08,17.08,17.08,17.08,66500.0,1135820.0,17.08
603113.SH,20260910,5.61,5.61,5.61,5.61,484700.0,2719167.04,5.61
603115.SH,20260910,83.85,83.85,83.85,83.85,143400.0,12024089.6,83.85
603116.SH,20260910,6.32,6.32,6.32,6.32,11200.0,70784.0,6.32
603117.SH,20260910,4.18,4.18,4.18,4.18,24800.0,103664.0,4.18
603118.SH,20260910,17.25,17.25,17.25,17.25,882200.0,15217949.44,17.25
603119.SH,20260910,52.95,52.99,52.99,52.95,43090.0,2283268.0,52.99
603120.SH,20260910,52.63,52.63,52.63,52.63,10500.0,552615.0,52.63
603121.SH,20260910,13.03,13.03,13.03,13.03,32100.0,418263.0,13.03
603122.SH,20260910,13.12,13.12,13.12,13.12,249700.0,3276064.0,13.12
603123.SH,20260910,10.9,10.85,10.9,10.85,914860.0,9927891.84,10.85
603124.SH,20260910,127.58,127.58,127.58,127.58,28600.0,3648787.84,127.58
603125.SH,20260910,23.21,23.21,23.21,23.21,6400.0,148544.0,23.21
603126.SH,20260910,6.43,6.4,6.43,6.4,19500.0,124803.0,6.4
603127.SH,20260910,43.35,43.4,43.53,43.35,94200.0,4089025.92,43.41
603128.SH,20260910,5.76,5.76,5.76,5.76,113500.0,653760.0,5.76
603129.SH,20260910,289.39,289.39,289.39,289.39,600.0,173634.0,289.39
603130.SH,20260910,38.2,38.2,38.2,38.2,200.0,7640.0,38.2
603131.SH,20260910,14.17,14.17,14.17,14.17,18500.0,262145.0,14.17
603132.SH,20260910,20.21,20.1,20.21,20.1,23000.0,463059.0,20.13
603135.SH,20260910,8.84,8.84,8.84,8.84,106500.0,941460.0,8.84
603136.SH,20260910,9.85,9.88,9.88,9.85,49600.0,489766.0,9.87
603137.SH,20260910,19.49,19.42,19.49,19.42,70800.0,1375048.0,19.42
603138.SH,20260910,13.8,13.8,13.8,13.8,104100.0,1436580.0,13.8
603139.SH,20260910,39.0,39.0,39.0,39.0,11500.0,448500.0,39.0
603150.SH,20260910,69.45,69.42,69.45,69.42,14500.0,1006700.96,69.43
603151.SH,20260910,19.11,19.11,19.11,19.11,70700.0,1351076.96,19.11
603153.SH,20260910,13.85,13.85,13.85,13.85,4800.0,66480.0,13.85
603155.SH,20260910,13.63,13.63,13.63,13.63,26100.0,355743.0,13.63
603156.SH,20260910,41.18,41.17,41.18,41.17,56300.0,2317872.96,41.17
603158.SH,20260910,10.87,10.87,10.87,10.87,56900.0,618503.0,10.87
603159.SH,20260910,23.74,23.74,23.74,23.74,0.0,0.0,23.74
603160.SH,20260910,51.59,51.59,51.59,51.59,7800.0,402402.0,51.59
603161.SH,20260910,16.7,16.7,16.7,16.7,14200.0,237140.0,16.7
603162.SH,20260910,16.33,16.33,16.33,16.33,3897436.16,63645127.68,16.33
603163.SH,20260910,84.86,84.86,84.86,84.86,62600.0,5312236.16,84.86
603165.SH,20260910,13.85,13.85,13.85,13.85,48500.0,671724.96,13.85
603166.SH,20260910,10.87,10.87,10.87,10.87,94100.0,1022867.04,10.87
603167.SH,20260910,8.21,8.21,8.21,8.21,85900.0,705239.04,8.21
603168.SH,20260910,5.98,5.98,5.98,5.98,28000.0,167440.0,5.98
603169.SH,20260910,6.68,6.68,6.68,6.68,39800.0,265864.0,6.68
603170.SH,20260910,12.65,12.65,12.65,12.65,5300.0,67045.0,12.65
603171.SH,20260910,41.65,41.65,41.65,41.65,9900.0,412335.0,41.65
603172.SH,20260910,18.95,18.95,18.95,18.95,7700.0,145915.0,18.95
603173.SH,20260910,30.41,30.41,30.41,30.41,0.0,0.0,30.41
603175.SH,20260910,95.44,95.44,95.44,95.44,2900.0,276776.0,95.44
603176.SH,20260910,5.54,5.54,5.54,5.54,33700.0,186698.0,5.54
603177.SH,20260910,11.1,11.1,11.1,11.1,4800.0,53280.0,11.1
603178.SH,20260910,17.15,17.15,17.15,17.15,19900.0,341285.0,17.15
603179.SH,20260910,39.57,39.57,39.57,39.57,22600.0,894282.0,39.57
603180.SH,20260910,15.89,15.89,15.89,15.89,8300.0,131887.0,15.89
603181.SH,20260910,12.9,12.9,12.9,12.9,7400.0,95460.0,12.9
603182.SH,20260910,14.24,14.24,14.24,14.24,17800.0,253472.0,14.24
603183.SH,20260910,4.94,4.94,4.94,4.94,19800.0,97812.0,4.94
603185.SH,20260910,14.74,14.74,14.74,14.74,5500.0,81070.0,14.74
603186.SH,20260910,212.0,212.0,212.0,212.0,356800.0,75641600.0,212.0
603187.SH,20260910,11.09,11.09,11.09,11.09,32200.0,357098.0,11.09
603188.SH,20260910,4.91,4.91,4.91,4.91,26400.0,129624.0,4.91
603189.SH,20260910,9.83,9.83,9.83,9.83,1300.0,12779.0,9.83
603190.SH,20260910,16.37,16.37,16.37,16.37,6200.0,101494.0,16.37
603191.SH,20260910,15.86,15.86,15.86,15.86,36000.0,570960.0,15.86
603192.SH,20260910,20.78,20.78,20.78,20.78,12500.0,259750.0,20.78
603193.SH,20260910,20.85,20.85,20.85,20.85,19400.0,404490.0,20.85
603194.SH,20260910,33.94,33.94,33.94,33.94,4100.0,139154.0,33.94
603195.SH,20260910,38.7,38.7,38.7,38.7,5700.0,220590.0,38.7
603196.SH,20260910,18.89,18.89,18.89,18.89,2700.0,51003.0,18.89
603197.SH,20260910,29.58,29.58,29.58,29.58,5800.0,171564.0,29.58
603198.SH,20260910,39.8,39.8,39.8,39.8,6000.0,238800.0,39.8
603199.SH,20260910,34.48,34.4,34.48,34.4,12100.0,416314.0,34.41
603200.SH,20260910,39.7,39.7,39.7,39.7,40800.0,1619760.0,39.7
603201.SH,20260910,15.27,15.27,15.27,15.27,4300.0,65661.0,15.27
603202.SH,20260910,52.8,52.8,52.8,52.8,1600.0,84480.0,52.8
603203.SH,20260910,42.81,42.81,42.81,42.81,55400.0,2371673.92,42.81
603205.SH,20260910,21.98,21.98,21.98,21.98,4000.0,87920.0,21.98
603206.SH,20260910,13.72,13.72,13.72,13.72,7000.0,96040.0,13.72
603207.SH,20260910,25.29,25.29,25.29,25.29,23900.0,604431.0,25.29
603208.SH,20260910,11.37,11.37,11.37,11.37,21900.0,249003.0,11.37
603209.SH,20260910,15.15,15.19,15.21,15.15,163200.0,2479716.96,15.19
603210.SH,20260910,13.37,13.37,13.37,13.37,2300.0,30751.0,13.37
603211.SH,20260910,20.7,20.7,20.7,20.7,11100.0,229770.0,20.7
603212.SH,20260910,11.52,11.52,11.52,11.52,54900.0,632448.0,11.52
603213.SH,20260910,13.72,13.72,13.72,13.72,13900.0,190708.0,13.72
603214.SH,20260910,13.86,13.86,13.86,13.86,620622.0,8601820.8,13.86
603215.SH,20260910,14.5,14.5,14.5,14.5,30900.0,448050.0,14.5
603216.SH,20260910,22.49,22.49,22.49,22.49,172500.0,3879525.12,22.49
603217.SH,20260910,27.97,27.97,27.97,27.97,8000.0,223760.0,27.97
603218.SH,20260910,9.28,9.28,9.28,9.28,10300.0,95584.0,9.28
603219.SH,20260910,13.0,13.0,13.0,13.0,9800.0,127400.0,13.0
603220.SH,20260910,18.53,18.53,18.53,18.53,92700.0,1717731.04,18.53
603221.SH,20260910,26.04,26.04,26.04,26.04,95000.0,2473800.0,26.04
603222.SH,20260910,8.1,8.1,8.1,8.1,104800.0,848880.0,8.1
603223.SH,20260910,10.3,10.3,10.3,10.3,72400.0,745720.0,10.3
603225.SH,20260910,18.6,18.6,18.6,18.6,87600.0,1629360.0,18.6
603226.SH,20260910,34.99,34.99,34.99,34.99,4900.0,171451.0,34.99
603227.SH,20260910,7.92,7.92,7.92,7.92,24500.0,194040.0,7.92
603228.SH,20260910,108.88,108.88,108.88,108.88,253300.0,27579304.96,108.88
603229.SH,20260910,7.85,7.85,7.85,7.85,4700.0,36895.0,7.85
603230.SH,20260910,9.95,9.95,9.95,9.95,72500.0,721375.04,9.95
603231.SH,20260910,17.1,17.1,17.1,17.1,1600.0,27360.0,17.1
603232.SH,20260910,15.2,15.2,15.2,15.2,33800.0,513760.0,15.2
603233.SH,20260910,18.28,18.28,18.28,18.28,12000.0,219360.0,18.28
603235.SH,20260910,25.44,25.44,25.44,25.44,1800.0,45792.0,25.44
603236.SH,20260910,60.5,60.5,60.5,60.5,25500.0,1542750.08,60.5
603237.SH,20260910,16.05,16.05,16.05,16.05,6000.0,96300.0,16.05
603238.SH,20260910,12.47,12.47,12.47,12.47,13000.0,162110.0,12.47
603239.SH,20260910,14.1,14.1,14.1,14.1,400.0,5640.0,14.1
603248.SH,20260910,17.25,17.25,17.25,17.25,1800.0,31050.0,17.25
603255.SH,20260910,30.99,30.99,30.99,30.99,2900.0,89871.0,30.99
603256.SH,20260910,127.0,127.0,127.0,127.0,46000.0,5842000.0,127.0
603257.SH,20260910,73.58,73.58,73.58,73.58,3100.0,228098.0,73.58
603258.SH,20260910,13.82,13.82,13.82,13.82,60100.0,830582.0,13.82
603259.SH,20260910,154.15,154.15,154.15,154.15,116030.0,17886023.68,154.15
603260.SH,20260910,33.51,33.51,33.51,33.51,23800.0,797538.0,33.51
603261.SH,20260910,57.03,57.03,57.03,57.03,31800.0,1813553.92,57.03
603262.SH,20260910,17.88,17.88,17.88,17.88,17400.0,311112.0,17.88
603266.SH,20260910,16.01,16.01,16.01,16.01,8100.0,129681.0,16.01
603267.SH,20260910,47.3,47.3,47.3,47.3,38600.0,1825780.0,47.3
603268.SH,20260910,196.0,196.0,196.0,196.0,16200.0,3175200.0,196.0
603269.SH,20260910,25.35,25.35,25.35,25.35,298100.0,7556835.2,25.35
603270.SH,20260910,32.97,32.97,32.97,32.97,104600.0,3448662.08,32.97
603271.SH,20260910,40.5,40.5,40.5,40.5,5600.0,226800.0,40.5
603272.SH,20260910,16.49,16.49,16.49,16.49,169300.0,2791757.12,16.49
603273.SH,20260910,14.9,14.9,14.9,14.9,3600.0,53640.0,14.9
603275.SH,20260910,35.97,35.97,35.97,35.97,600.0,21582.0,35.97
603276.SH,20260910,16.75,16.75,16.75,16.75,2400.0,40200.0,16.75
603277.SH,20260910,11.37,11.37,11.37,11.37,9100.0,103467.0,11.37
603278.SH,20260910,9.38,9.38,9.38,9.38,13100.0,122878.0,9.38
603279.SH,20260910,11.41,11.41,11.41,11.41,13800.0,157458.0,11.41
603280.SH,20260910,26.21,26.21,26.21,26.21,11300.0,296173.0,26.21
603281.SH,20260910,19.11,19.11,19.11,19.11,4600.0,87906.0,19.11
603282.SH,20260910,17.03,17.03,17.03,17.03,2700.0,45981.0,17.03
603283.SH,20260910,44.7,44.7,44.7,44.7,27900.0,1247130.0,44.7
603284.SH,20260910,41.64,41.64,41.64,41.64,2900.0,120756.0,41.64
603285.SH,20260910,34.03,34.03,34.03,34.03,84800.0,2885744.0,34.03
603286.SH,20260910,45.28,45.28,45.28,45.28,14700.0,665616.0,45.28
603288.SH,20260910,34.13,34.13,34.13,34.13,82700.0,2822551.04,34.13
603289.SH,20260910,9.68,9.68,9.68,9.68,20700.0,200376.0,9.68
603290.SH,20260910,84.01,84.01,84.01,84.01,20500.0,1722204.96,84.01
603291.SH,20260910,9.2,9.18,9.2,9.18,29900.0,274488.0,9.18
603293.SH,20260910,39.6,39.6,39.6,39.6,43400.0,1718640.0,39.6
603296.SH,20260910,75.82,75.8,75.82,75.8,73100.0,5540981.76,75.8
603297.SH,20260910,104.51,104.51,104.51,104.51,4700.0,491197.0,104.51
603298.SH,20260910,25.1,25.1,25.1,25.1,8600.0,215860.0,25.1
603299.SH,20260910,8.96,8.96,8.96,8.96,14700.0,131712.0,8.96
603300.SH,20260910,4.76,4.76,4.76,4.76,98700.0,469812.0,4.76
603301.SH,20260910,83.6,83.4,83.6,83.4,13200.0,1101531.04,83.45
603303.SH,20260910,25.85,25.85,25.85,25.85,3500.0,90475.0,25.85
603305.SH,20260910,11.11,11.11,11.11,11.11,63400.0,704374.0,11.11
603306.SH,20260910,76.74,76.74,76.74,76.74,33500.0,2570790.08,76.74
603307.SH,20260910,25.37,25.37,25.37,25.37,6900.0,175053.0,25.37
603308.SH,20260910,46.0,46.0,46.0,46.0,462900.0,21293400.32,46.0
603309.SH,20260910,11.28,11.28,11.28,11.28,2500.0,28200.0,11.28
603310.SH,20260910,14.8,14.8,14.8,14.8,4000.0,59200.0,14.8
603311.SH,20260910,27.48,27.48,27.48,27.48,284000.0,7804320.0,27.48
603312.SH,20260910,33.01,33.01,33.01,33.01,600.0,19806.0,33.01
603313.SH,20260910,6.62,6.62,6.62,6.62,45700.0,302534.0,6.62
603315.SH,20260910,11.38,11.38,11.38,11.38,44100.0,501858.0,11.38
603316.SH,20260910,14.17,14.17,14.17,14.17,149100.0,2112747.04,14.17
603317.SH,20260910,13.04,13.04,13.04,13.04,49400.0,644176.0,13.04
603318.SH,20260910,9.63,9.6,9.63,9.6,447300.0,4294206.08,9.6
603319.SH,20260910,29.22,29.22,29.22,29.22,34700.0,1013934.0,29.22
603320.SH,20260910,18.9,18.9,18.9,18.9,13800.0,260820.0,18.9
603321.SH,20260910,7.64,7.64,7.64,7.64,98000.0,748720.0,7.64
603322.SH,20260910,29.81,29.81,29.81,29.81,24200.0,721402.0,29.81
603323.SH,20260910,4.57,4.57,4.57,4.57,47900.0,218903.0,4.57
603324.SH,20260910,25.57,25.57,25.57,25.57,4900.0,125293.0,25.57
603325.SH,20260910,54.0,54.0,54.0,54.0,0.0,0.0,54.0
603326.SH,20260910,7.69,7.69,7.69,7.69,12800.0,98432.0,7.69
603327.SH,20260910,8.78,8.79,8.79,8.78,179100.0,1574288.0,8.79
603328.SH,20260910,12.11,12.12,12.12,12.11,978000.0,11853356.8,12.12
603329.SH,20260910,10.36,10.36,10.36,10.36,8000.0,82880.0,10.36
603330.SH,20260910,10.19,10.19,10.19,10.19,1322300.0,13474237.44,10.19
603331.SH,20260910,13.87,13.87,13.87,13.87,50000.0,693500.0,13.87
603332.SH,20260910,11.9,11.9,11.9,11.9,11100.0,132090.0,11.9
603333.SH,20260910,9.67,9.67,9.67,9.67,39500.0,381965.0,9.67
603334.SH,20260910,31.48,31.48,31.48,31.48,2600.0,81848.0,31.48
603335.SH,20260910,6.37,6.37,6.37,6.37,21600.0,137592.0,6.37
603336.SH,20260910,9.62,9.62,9.62,9.62,77700.0,747474.0,9.62
603337.SH,20260910,37.3,37.3,37.3,37.3,9500.0,354350.0,37.3
603338.SH,20260910,59.09,59.09,59.09,59.09,11400.0,673626.0,59.09
603339.SH,20260910,12.17,12.22,12.22,12.17,60200.0,735164.0,12.21
603341.SH,20260910,36.4,36.3,36.4,36.3,21030.0,763748.96,36.32
603344.SH,20260910,24.8,24.8,24.8,24.8,5100.0,126480.0,24.8
603345.SH,20260910,74.16,74.16,74.16,74.16,19200.0,1423872.0,74.16
603348.SH,20260910,14.66,14.66,14.66,14.66,5000.0,73300.0,14.66
603350.SH,20260910,28.53,28.53,28.53,28.53,0.0,0.0,28.53
603351.SH,20260910,25.38,25.38,25.38,25.38,200.0,5076.0,25.38
603352.SH,20260910,25.48,25.48,25.48,25.48,800.0,20384.0,25.48
603353.SH,20260910,39.5,39.5,39.5,39.5,118800.0,4692600.0,39.5
603355.SH,20260910,29.8,29.8,29.8,29.8,14400.0,429120.0,29.8
603356.SH,20260910,17.23,17.23,17.23,17.23,7000.0,120610.0,17.23
603357.SH,20260910,6.15,6.15,6.15,6.15,4500.0,27675.0,6.15
603358.SH,20260910,44.21,44.21,44.21,44.21,19000.0,839990.0,44.21
603359.SH,20260910,2.39,2.39,2.39,2.39,31700.0,75763.0,2.39
603360.SH,20260910,13.17,13.17,13.17,13.17,103100.0,1357827.04,13.17
603363.SH,20260910,3.26,3.26,3.26,3.26,140600.0,458356.0,3.26
603365.SH,20260910,16.8,16.8,16.8,16.8,1600.0,26880.0,16.8
603366.SH,20260910,7.68,7.68,7.68,7.68,450000.0,3456000.0,7.68
603367.SH,20260910,14.53,14.53,14.53,14.53,8100.0,117693.0,14.53
603368.SH,20260910,15.83,15.83,15.83,15.83,7500.0,118725.0,15.83
603369.SH,20260910,30.56,30.56,30.56,30.56,16000.0,488960.0,30.56
603370.SH,20260910,28.6,28.6,28.6,28.6,12400.0,354640.0,28.6
603373.SH,20260910,39.78,39.78,39.78,39.78,4700.0,186966.0,39.78
603375.SH,20260910,46.69,46.69,46.69,46.69,10100.0,471569.0,46.69
603376.SH,20260910,27.35,27.35,27.35,27.35,3700.0,101195.0,27.35
603377.SH,20260910,3.16,3.16,3.16,3.16,33100.0,104596.0,3.16
603378.SH,20260910,6.75,6.75,6.75,6.75,40200.0,271350.0,6.75
603379.SH,20260910,59.18,59.18,59.18,59.18,2500.0,147950.0,59.18
603380.SH,20260910,33.48,33.48,33.48,33.48,8600.0,287928.0,33.48
603381.SH,20260910,14.83,14.83,14.83,14.83,1500.0,22245.0,14.83
603382.SH,20260910,19.67,19.67,19.67,19.67,8900.0,175063.0,19.67
603383.SH,20260910,27.99,27.99,27.99,27.99,9000.0,251910.0,27.99
603385.SH,20260910,5.86,5.86,5.86,5.86,21600.0,126576.0,5.86
603386.SH,20260910,14.63,14.63,14.63,14.63,36900.0,539847.0,14.63
603387.SH,20260910,9.48,9.48,9.48,9.48,25100.0,237948.0,9.48
603389.SH,20260910,41.9,41.9,41.9,41.9,70700.0,2962329.92,41.9
603390.SH,20260910,10.9,10.9,10.9,10.9,80300.0,875270.0,10.9
603391.SH,20260910,68.99,68.99,68.99,68.99,1700.0,117283.0,68.99
603392.SH,20260910,28.27,28.27,28.27,28.27,62500.0,1766875.04,28.27
603393.SH,20260910,27.7,27.7,27.7,27.7,309200.0,8564839.68,27.7
603395.SH,20260910,30.15,30.2,30.28,30.15,112900.0,3409544.0,30.2
603396.SH,20260910,28.31,28.31,28.31,28.31,11100.0,314241.0,28.31
603398.SH,20260910,9.96,9.96,9.96,9.96,50800.0,505968.0,9.96
603399.SH,20260910,13.78,13.78,13.78,13.78,47200.0,650416.0,13.78
603400.SH,20260910,51.15,51.03,51.15,51.03,31400.0,1604516.0,51.1
603402.SH,20260910,71.31,71.31,71.31,71.31,39300.0,2802482.88,71.31
603406.SH,20260910,29.52,29.52,29.52,29.52,16600.0,490032.0,29.52
603407.SH,20260910,53.28,53.28,53.28,53.28,16900.0,900432.0,53.28
603408.SH,20260910,11.9,11.9,11.9,11.9,3800.0,45220.0,11.9
603409.SH,20260910,18.02,18.02,18.02,18.02,2500.0,45050.0,18.02
603416.SH,20260910,47.1,47.1,47.1,47.1,2000.0,94200.0,47.1
603418.SH,20260910,45.4,45.4,45.4,45.4,5900.0,267860.0,45.4
603421.SH,20260910,7.29,7.29,7.29,7.2,6008300.16,43797708.8,7.29
603429.SH,20260910,9.11,9.11,9.11,9.11,5800.0,52838.0,9.11
603435.SH,20260910,46.02,46.02,46.02,46.02,2500.0,115050.0,46.02
603439.SH,20260910,11.97,11.97,11.97,11.97,4500.0,53865.0,11.97
603444.SH,20260910,387.8,387.8,387.8,387.8,14100.0,5467980.16,387.8
603448.SH,20260910,67.66,67.68,67.68,67.66,80516.0,5449287.04,67.68
603456.SH,20260910,15.23,15.23,15.23,15.23,41100.0,625953.0,15.23
603458.SH,20260910,10.89,10.89,10.89,10.89,49400.0,537966.0,10.89
603459.SH,20260910,85.8,85.94,85.94,85.8,66500.0,5714869.76,85.94
603466.SH,20260910,12.63,12.63,12.63,12.63,1106200.0,13971306.24,12.63
603468.SH,20260910,22.68,22.68,22.68,22.68,9500.0,215460.0,22.68
603477.SH,20260910,16.08,16.08,16.08,16.08,54200.0,871536.0,16.08
603486.SH,20260910,51.52,51.52,51.52,51.52,6400.0,329728.0,51.52
603488.SH,20260910,8.63,8.63,8.63,8.63,20400.0,176052.0,8.63
603489.SH,20260910,27.84,27.84,27.84,27.84,7100.0,197664.0,27.84
603496.SH,20260910,22.75,22.75,22.75,22.75,35700.0,812175.04,22.75
603499.SH,20260910,14.0,14.0,14.0,14.0,7900.0,110600.0,14.0
603500.SH,20260910,9.57,9.57,9.57,9.57,14100.0,134937.0,9.57
603501.SH,20260910,79.5,79.5,79.5,79.5,23200.0,1844400.0,79.5
603505.SH,20260910,15.41,15.41,15.41,15.41,29000.0,446890.0,15.41
603506.SH,20260910,11.75,11.75,11.75,11.75,5100.0,59925.0,11.75
603507.SH,20260910,22.25,22.25,22.25,22.25,8310.0,184898.0,22.25
603508.SH,20260910,21.33,21.33,21.33,21.33,7600.0,162108.0,21.33
603511.SH,20260910,12.74,12.74,12.74,12.74,2500.0,31850.0,12.74
603515.SH,20260910,15.16,15.16,15.16,15.16,7200.0,109152.0,15.16
603516.SH,20260910,87.5,87.5,87.5,87.5,19300.0,1688750.08,87.5
603517.SH,20260910,11.97,11.97,11.97,11.97,2700.0,32319.0,11.97
603518.SH,20260910,8.23,8.23,8.23,8.23,7300.0,60079.0,8.23
603519.SH,20260910,15.11,15.11,15.11,15.11,9000.0,135990.0,15.11
603520.SH,20260910,8.75,8.75,8.75,8.75,14800.0,129500.0,8.75
603527.SH,20260910,10.41,10.41,10.41,10.41,54200.0,564222.0,10.41
603528.SH,20260910,6.35,6.35,6.35,6.35,2500.0,15875.0,6.35
603529.SH,20260910,21.8,21.8,21.8,21.8,6300.0,137340.0,21.8
603530.SH,20260910,48.4,48.4,48.4,48.4,43200.0,2090880.0,48.4
603533.SH,20260910,23.75,23.75,23.75,23.75,39700.0,942875.04,23.75
603535.SH,20260910,6.46,6.46,6.46,6.46,6900.0,44574.0,6.46
603536.SH,20260910,10.21,10.21,10.21,10.21,40700.0,415547.0,10.21
603538.SH,20260910,27.07,27.07,27.07,27.07,267500.0,7241224.96,27.07
603551.SH,20260910,9.55,9.55,9.55,9.55,3700.0,35335.0,9.55
603556.SH,20260910,23.74,23.74,23.74,23.74,6100.0,144814.0,23.74
603557.SH,20260910,3.2,3.2,3.2,3.2,7400.0,23680.0,3.2
603558.SH,20260910,12.1,12.1,12.1,12.1,7400.0,89540.0,12.1
603559.SH,20260910,10.19,10.19,10.19,10.19,208000.0,2119520.0,10.19
603565.SH,20260910,12.43,12.43,12.43,12.43,82600.0,1026718.0,12.43
603566.SH,20260910,10.69,10.69,10.69,10.69,3700.0,39553.0,10.69
603567.SH,20260910,5.56,5.56,5.56,5.56,48000.0,266880.0,5.56
603568.SH,20260910,14.13,14.13,14.13,14.13,21200.0,299556.0,14.13
603569.SH,20260910,5.95,5.95,5.95,5.95,3300.0,19635.0,5.95
603577.SH,20260910,10.2,10.2,10.2,10.2,4100.0,41820.0,10.2
603578.SH,20260910,13.75,13.75,13.75,13.75,45900.0,631125.0,13.75
603579.SH,20260910,18.53,18.53,18.53,18.53,8500.0,157505.0,18.53
603580.SH,20260910,66.94,66.94,66.94,66.94,123400.0,8260396.16,66.94
603583.SH,20260910,26.25,26.25,26.25,26.25,20100.0,527625.0,26.25
603585.SH,20260910,11.19,11.19,11.19,11.19,15100.0,168969.0,11.19
603586.SH,20260910,14.03,14.03,14.03,14.03,3700.0,51911.0,14.03
603587.SH,20260910,13.14,13.14,13.14,13.14,4600.0,60444.0,13.14
603588.SH,20260910,15.8,15.8,15.8,15.8,64500.0,1019100.0,15.8
603589.SH,20260910,18.6,18.6,18.6,18.6,37000.0,688200.0,18.6
603590.SH,20260910,29.72,29.72,29.72,29.72,8000.0,237760.0,29.72
603595.SH,20260910,29.33,29.33,29.33,29.33,100.0,2933.0,29.33
603596.SH,20260910,29.55,29.55,29.55,29.55,30900.0,913095.04,29.55
603598.SH,20260910,17.9,17.86,17.9,17.86,56100.0,1002128.0,17.86
603599.SH,20260910,11.45,11.45,11.45,11.45,166100.0,1901844.96,11.45
603600.SH,20260910,11.04,11.04,11.04,11.04,67100.0,740784.0,11.04
603601.SH,20260910,9.0,9.0,9.0,9.0,72600.0,653400.0,9.0
603602.SH,20260910,11.76,11.76,11.76,11.76,30600.0,359856.0,11.76
603605.SH,20260910,60.1,60.1,60.1,60.1,14399.0,865380.0,60.1
603606.SH,20260910,34.1,34.1,34.1,34.1,99240.0,3384083.84,34.1
603607.SH,20260910,22.65,22.65,22.65,22.65,87500.0,1981875.04,22.65
603608.SH,20260910,21.92,21.81,21.92,21.81,197100.0,4299489.92,21.81
603609.SH,20260910,6.99,6.99,6.99,6.99,18600.0,130014.0,6.99
603610.SH,20260910,14.07,14.07,14.07,14.07,14700.0,206829.0,14.07
603611.SH,20260910,16.25,16.25,16.25,16.25,3800.0,61750.0,16.25
603612.SH,20260910,17.52,17.52,17.52,17.52,74300.0,1301736.0,17.52
603613.SH,20260910,19.88,19.88,19.88,19.88,61100.0,1214668.0,19.88
603615.SH,20260910,19.21,19.21,19.21,19.21,50200.0,964342.0,19.21
603616.SH,20260910,5.85,5.85,5.85,5.85,61300.0,358605.0,5.85
603617.SH,20260910,7.16,7.16,7.16,7.16,11300.0,80908.0,7.16
603618.SH,20260910,39.5,39.5,39.5,39.5,1774600.0,70096701.44,39.5
603619.SH,20260910,25.7,25.7,25.7,25.7,1094100.0,28118369.28,25.7
603626.SH,20260910,20.09,20.09,20.09,20.09,453700.0,9114833.28,20.09
603628.SH,20260910,10.7,10.7,10.7,10.7,41400.0,442980.0,10.7
603629.SH,20260910,106.0,106.0,106.0,106.0,265900.0,28185400.32,106.0
603630.SH,20260910,14.43,14.43,14.43,14.43,30100.0,434343.0,14.43
603633.SH,20260910,6.6,6.6,6.6,6.6,11600.0,76560.0,6.6
603636.SH,20260910,7.02,7.02,7.02,7.02,84800.0,595296.0,7.02
603637.SH,20260910,15.0,15.0,15.0,15.0,34800.0,522000.0,15.0
603638.SH,20260910,18.0,18.0,18.0,18.0,31000.0,558000.0,18.0
603639.SH,20260910,11.14,11.14,11.14,11.14,10400.0,115856.0,11.14
603648.SH,20260910,9.64,9.64,9.64,9.64,2400.0,23136.0,9.64
603650.SH,20260910,65.22,65.22,65.22,65.22,502495.0,32772723.2,65.22
603655.SH,20260910,30.25,30.25,30.25,30.25,1400.0,42350.0,30.25
603656.SH,20260910,17.32,17.32,17.32,17.32,2000.0,34640.0,17.32
603657.SH,20260910,27.27,27.27,27.27,27.27,1000.0,27270.0,27.27
603658.SH,20260910,32.06,32.06,32.06,32.06,5100.0,163506.0,32.06
603659.SH,20260910,21.94,21.94,21.94,21.94,37800.0,829332.0,21.94
603660.SH,20260910,9.61,9.61,9.61,9.61,36000.0,345960.0,9.61
603661.SH,20260910,30.96,30.96,30.96,30.96,25300.0,783288.0,30.96
603662.SH,20260910,49.0,49.0,49.0,49.0,3500.0,171500.0,49.0
603663.SH,20260910,41.75,41.75,41.75,41.75,594900.0,24837076.48,41.75
603665.SH,20260910,22.0,22.0,22.0,22.0,4900.0,107800.0,22.0
603666.SH,20260910,25.31,25.31,25.31,25.31,4900.0,124019.0,25.31
603667.SH,20260910,49.5,49.5,49.5,49.5,27000.0,1336500.0,49.5
603668.SH,20260910,12.94,12.94,12.94,12.94,78900.0,1020966.0,12.94
603669.SH,20260910,5.25,5.25,5.25,5.25,25400.0,133350.0,5.25
603676.SH,20260910,9.12,9.12,9.12,9.12,2400.0,21888.0,9.12
603677.SH,20260910,13.91,13.91,13.91,13.91,6200.0,86242.0,13.91
603678.SH,20260910,45.25,45.25,45.25,45.25,71200.0,3221800.0,45.25
603679.SH,20260910,25.34,25.34,25.34,25.34,111100.0,2815273.92,25.34
603680.SH,20260910,10.05,10.05,10.05,10.05,13700.0,137685.0,10.05
603681.SH,20260910,18.31,18.31,18.31,18.31,4800.0,87888.0,18.31
603682.SH,20260910,10.24,10.24,10.24,10.24,21300.0,218112.0,10.24
603683.SH,20260910,15.65,15.65,15.65,15.65,29800.0,466370.0,15.65
603685.SH,20260910,28.4,28.4,28.4,28.4,5900.0,167560.0,28.4
603686.SH,20260910,13.57,13.57,13.57,13.57,23500.0,318895.0,13.57
603687.SH,20260910,16.2,16.2,16.2,16.2,28600.0,463320.0,16.2
603688.SH,20260910,46.88,46.88,46.88,46.88,120600.0,5653728.0,46.88
603689.SH,20260910,7.98,7.98,7.98,7.98,62600.0,499548.0,7.98
603690.SH,20260910,23.25,23.25,23.25,23.25,45500.0,1057875.04,23.25
603693.SH,20260910,11.52,11.52,11.52,11.52,40700.0,468864.0,11.52
603696.SH,20260910,16.5,16.5,16.5,16.5,502200.0,8286300.16,16.5
603697.SH,20260910,10.17,10.17,10.17,10.17,34300.0,348831.0,10.17
603698.SH,20260910,21.81,21.81,21.81,21.81,26100.0,569241.0,21.81
603699.SH,20260910,44.36,44.36,44.36,44.36,21900.0,971484.0,44.36
603700.SH,20260910,12.07,12.07,12.07,12.07,6900.0,83283.0,12.07
603701.SH,20260910,19.86,19.86,19.86,19.86,27700.0,550122.0,19.86
603703.SH,20260910,10.26,10.26,10.26,10.26,104800.0,1075248.0,10.26
603706.SH,20260910,17.73,17.73,17.73,17.73,1000.0,17730.0,17.73
603707.SH,20260910,7.7,7.7,7.7,7.7,35400.0,272580.0,7.7
603708.SH,20260910,9.77,9.77,9.77,9.77,20600.0,201262.0,9.77
603709.SH,20260910,12.65,12.65,12.65,12.65,4900.0,61985.0,12.65
603711.SH,20260910,11.9,11.9,11.9,11.9,28100.0,334390.0,11.9
603712.SH,20260910,11.94,11.94,11.94,11.94,62900.0,751026.0,11.94
603713.SH,20260910,66.13,66.13,66.13,66.13,1400.0,92582.0,66.13
603716.SH,20260910,17.4,17.3,17.4,17.3,98300.0,1700880.0,17.3
603717.SH,20260910,6.6,6.6,6.6,6.6,95600.0,630960.0,6.6
603718.SH,20260910,3.18,3.18,3.18,3.18,158500.0,504030.0,3.18
603719.SH,20260910,9.66,9.66,9.66,9.66,3900.0,37674.0,9.66
603721.SH,20260910,19.15,19.15,19.15,19.15,85900.0,1644984.96,19.15
603722.SH,20260910,29.15,29.15,29.15,29.15,4700.0,137005.0,29.15
603725.SH,20260910,10.58,10.58,10.58,10.58,53300.0,563914.0,10.58
603726.SH,20260910,24.45,24.45,24.45,24.45,3800.0,92910.0,24.45
603727.SH,20260910,18.09,18.09,18.09,18.09,4900.0,88641.0,18.09
603728.SH,20260910,48.44,48.44,48.44,48.44,13900.0,673316.0,48.44
603729.SH,20260910,12.82,12.82,12.82,12.82,13300.0,170506.0,12.82
603730.SH,20260910,10.95,10.95,10.95,10.95,38300.0,419385.0,10.95
603733.SH,20260910,19.25,19.25,19.25,19.25,28100.0,540925.0,19.25
603737.SH,20260910,22.73,22.73,22.73,22.73,11700.0,265941.0,22.73
603738.SH,20260910,35.21,35.21,35.21,35.21,112700.0,3968167.04,35.21
603739.SH,20260910,13.36,13.35,13.36,13.35,20900.0,279031.0,13.35
603755.SH,20260910,25.74,25.74,25.74,25.74,8100.0,208494.0,25.74
603757.SH,20260910,66.5,66.5,66.5,66.5,52100.0,3464649.92,66.5
603758.SH,20260910,11.08,11.08,11.08,11.08,37300.0,413284.0,11.08
603759.SH,20260910,7.5,7.5,7.5,7.5,7200.0,54000.0,7.5
603766.SH,20260910,14.38,14.38,14.38,14.38,4600.0,66148.0,14.38
603767.SH,20260910,13.89,13.89,13.89,13.89,5000.0,69450.0,13.89
603768.SH,20260910,11.84,11.85,11.85,11.84,23900.0,283214.0,11.85
603773.SH,20260910,85.55,85.55,85.55,85.55,194600.0,16648029.44,85.55
603776.SH,20260910,20.0,20.0,20.0,20.0,2200.0,44000.0,20.0
603777.SH,20260910,14.6,14.6,14.6,14.6,75500.0,1102300.0,14.6
603778.SH,20260910,10.42,10.41,10.44,10.41,267100.0,2781159.04,10.41
603779.SH,20260910,8.58,8.53,8.58,8.53,243400.0,2076600.0,8.53
603786.SH,20260910,38.81,38.81,38.81,38.81,4500.0,174645.0,38.81
603787.SH,20260910,10.38,10.36,10.38,10.36,25500.0,264380.0,10.37
603788.SH,20260910,13.66,13.66,13.66,13.66,1100.0,15026.0,13.66
603789.SH,20260910,6.05,6.05,6.05,6.05,14000.0,84700.0,6.05
603790.SH,20260910,24.3,24.3,24.3,24.3,11400.0,277020.0,24.3
603797.SH,20260910,4.96,4.96,4.96,4.96,44200.0,219232.0,4.96
603798.SH,20260910,14.55,14.55,14.55,14.55,1900.0,27645.0,14.55
603799.SH,20260910,37.96,37.96,37.96,37.96,215300.0,8172787.84,37.96
603800.SH,20260910,57.29,57.29,57.29,57.29,17600.0,1008304.0,57.29
603801.SH,20260910,6.27,6.27,6.27,6.27,46700.0,292809.0,6.27
603803.SH,20260910,11.08,11.08,11.08,11.08,137100.0,1519068.0,11.08
603806.SH,20260910,14.61,14.65,14.65,14.61,19800.0,290062.0,14.65
603808.SH,20260910,8.8,8.8,8.8,8.8,4800.0,42240.0,8.8
603809.SH,20260910,8.7,8.7,8.7,8.7,35700.0,310590.0,8.7
603810.SH,20260910,12.48,12.48,12.48,12.48,17700.0,220896.0,12.48
603811.SH,20260910,7.19,7.19,7.19,7.19,10900.0,78371.0,7.19
603813.SH,20260910,27.77,27.77,27.77,27.77,8600.0,238822.0,27.77
603815.SH,20260910,5.5,5.5,5.5,5.5,29600.0,162800.0,5.5
603816.SH,20260910,23.5,23.5,23.5,23.5,11200.0,263200.0,23.5
603817.SH,20260910,5.99,5.99,5.99,5.99,37400.0,224026.0,5.99
603818.SH,20260910,3.75,3.75,3.75,3.75,64400.0,241500.0,3.75
603819.SH,20260910,16.8,16.8,16.8,16.8,33600.0,564480.0,16.8
603822.SH,20260910,63.3,63.3,63.3,63.3,700.0,44310.0,63.3
603823.SH,20260910,58.46,58.38,58.46,58.38,271500.0,15850270.72,58.38
603825.SH,20260910,8.4,8.4,8.4,8.4,4000.0,33600.0,8.4
603826.SH,20260910,16.85,16.85,16.85,16.85,90900.0,1531664.96,16.85
603828.SH,20260910,5.65,5.65,5.65,5.65,16300.0,92095.0,5.65
603829.SH,20260910,15.86,15.86,15.86,15.86,5000.0,79300.0,15.86
603833.SH,20260910,30.7,30.7,30.7,30.7,8700.0,267090.0,30.7
603836.SH,20260910,9.6,9.6,9.6,9.6,29600.0,284160.0,9.6
603838.SH,20260910,12.02,12.02,12.02,12.02,5300.0,63706.0,12.02
603839.SH,20260910,7.01,7.03,7.03,7.01,25700.0,180669.0,7.03
603843.SH,20260910,7.0,7.0,7.0,7.0,129900.0,909300.0,7.0
603848.SH,20260910,13.77,13.77,13.77,13.77,6700.0,92259.0,13.77
603855.SH,20260910,17.0,17.0,17.0,17.0,4100.0,69700.0,17.0
603856.SH,20260910,11.72,11.72,11.72,11.72,25300.0,296516.0,11.72
603858.SH,20260910,14.75,14.75,14.75,14.75,7300.0,107675.0,14.75
603859.SH,20260910,38.01,38.01,38.01,38.01,10700.0,406707.0,38.01
603860.SH,20260910,26.65,26.65,26.65,26.65,9300.0,247845.0,26.65
603861.SH,20260910,11.65,11.65,11.65,11.65,12000.0,139800.0,11.65
603863.SH,20260910,12.63,12.63,12.63,12.63,7100.0,89673.0,12.63
603866.SH,20260910,4.49,4.49,4.49,4.49,19000.0,85310.0,4.49
603867.SH,20260910,30.43,30.43,30.43,30.43,2300.0,69989.0,30.43
603868.SH,20260910,31.01,31.01,31.01,31.01,3200.0,99232.0,31.01
603869.SH,20260910,8.75,8.75,8.75,8.75,700.0,6125.0,8.75
603871.SH,20260910,14.34,14.34,14.34,14.34,58400.0,837456.0,14.34
603876.SH,20260910,19.91,19.91,19.91,19.91,38900.0,774499.04,19.91
603877.SH,20260910,12.62,12.62,12.62,12.62,7500.0,94650.0,12.62
603878.SH,20260910,5.26,5.26,5.26,5.26,40400.0,212504.0,5.26
603879.SH,20260910,5.34,5.34,5.34,5.34,31100.0,166074.0,5.34
603880.SH,20260910,9.84,9.84,9.84,9.84,27100.0,266664.0,9.84
603881.SH,20260910,24.25,24.25,24.25,24.25,149400.0,3622950.08,24.25
603882.SH,20260910,26.61,26.61,26.61,26.61,17900.0,476319.0,26.61
603883.SH,20260910,13.22,13.22,13.22,13.22,45900.0,606798.0,13.22
603885.SH,20260910,10.1,10.1,10.1,10.1,46900.0,473690.0,10.1
603886.SH,20260910,12.85,12.85,12.85,12.85,8200.0,105370.0,12.85
603887.SH,20260910,9.3,9.3,9.3,9.3,238900.0,2221769.92,9.3
603888.SH,20260910,16.88,16.88,16.88,16.88,185975.0,3139257.92,16.88
603889.SH,20260910,6.2,6.2,6.2,6.2,47800.0,296360.0,6.2
603890.SH,20260910,17.85,17.85,17.85,17.85,131500.0,2347275.04,17.85
603893.SH,20260910,185.01,185.01,185.01,185.01,48000.0,8880480.0,185.01
603895.SH,20260910,27.31,27.31,27.31,27.31,100.0,2731.0,27.31
603896.SH,20260910,15.04,15.04,15.04,15.04,36500.0,548960.0,15.04
603897.SH,20260910,29.61,29.61,29.61,29.61,27300.0,808352.96,29.61
603898.SH,20260910,11.59,11.59,11.59,11.59,7300.0,84607.0,11.59
603899.SH,20260910,23.61,23.61,23.61,23.61,2200.0,51942.0,23.61
603900.SH,20260910,7.82,7.82,7.82,7.82,2197700.0,17186013.44,7.82
603901.SH,20260910,9.69,9.69,9.69,9.69,15400.0,149226.0,9.69
603903.SH,20260910,15.0,15.0,15.0,15.0,41700.0,625500.0,15.0
603906.SH,20260910,18.38,18.38,18.38,18.38,32900.0,604702.0,18.38
603908.SH,20260910,19.75,19.75,19.75,19.75,6700.0,132325.0,19.75
603909.SH,20260910,9.97,9.97,9.97,9.97,10900.0,108673.0,9.97
603912.SH,20260910,8.85,8.85,8.85,8.85,67800.0,600030.0,8.85
603915.SH,20260910,13.2,13.2,13.2,13.2,21900.0,289080.0,13.2
603916.SH,20260910,10.93,10.93,10.93,10.93,25100.0,274343.0,10.93
603917.SH,20260910,13.47,13.47,13.47,13.47,6300.0,84861.0,13.47
603918.SH,20260910,11.02,11.02,11.02,11.02,31200.0,343824.0,11.02
603919.SH,20260910,17.53,17.53,17.53,17.53,5700.0,99921.0,17.53
603920.SH,20260910,39.99,39.88,39.99,39.85,99700.0,3976400.0,39.88
603922.SH,20260910,13.62,13.62,13.62,13.62,7700.0,104874.0,13.62
603926.SH,20260910,17.62,17.62,17.62,17.62,40500.0,713610.0,17.62
603927.SH,20260910,13.82,13.82,13.82,13.82,8800.0,121616.0,13.82
603928.SH,20260910,11.51,11.51,11.51,11.51,84100.0,967991.04,11.51
603929.SH,20260910,158.52,158.52,158.52,158.52,16400.0,2599728.0,158.52
603931.SH,20260910,33.48,33.54,33.54,33.48,14300.0,479616.0,33.54
603933.SH,20260910,19.09,19.09,19.09,19.09,3300.0,62997.0,19.09
603936.SH,20260910,17.91,17.86,17.91,17.86,335000.0,5984606.72,17.86
603937.SH,20260910,12.05,12.05,12.05,12.05,5300.0,63865.0,12.05
603938.SH,20260910,46.35,46.35,46.35,46.35,1114000.0,51633899.52,46.35
603939.SH,20260910,22.8,22.8,22.8,22.8,4100.0,93480.0,22.8
603948.SH,20260910,19.85,19.85,19.85,19.85,3400.0,67490.0,19.85
603949.SH,20260910,14.3,14.3,14.3,14.3,11200.0,160160.0,14.3
603950.SH,20260910,60.44,60.44,60.44,60.44,20500.0,1239020.0,60.44
603955.SH,20260910,22.41,22.41,22.41,22.41,6800.0,152388.0,22.41
603956.SH,20260910,6.56,6.56,6.56,6.56,106500.0,698640.0,6.56
603958.SH,20260910,16.96,16.96,16.96,16.96,233800.0,3965248.0,16.96
603959.SH,20260910,4.42,4.42,4.42,4.42,19800.0,87516.0,4.42
603960.SH,20260910,15.71,15.71,15.71,15.71,32300.0,507433.0,15.71
603966.SH,20260910,7.42,7.42,7.42,7.42,8000.0,59360.0,7.42
603967.SH,20260910,11.79,11.79,11.79,11.79,8100.0,95499.0,11.79
603968.SH,20260910,11.11,11.11,11.11,11.11,40500.0,449955.0,11.11
603969.SH,20260910,8.1,8.1,8.1,8.1,20100.0,162810.0,8.1
603970.SH,20260910,11.85,11.85,11.85,11.85,46300.0,548655.0,11.85
603976.SH,20260910,34.0,34.0,34.0,34.0,16100.0,547400.0,34.0
603977.SH,20260910,12.05,12.05,12.05,12.05,24600.0,296430.0,12.05
603978.SH,20260910,21.12,21.12,21.12,21.12,36500.0,770880.0,21.12
603979.SH,20260910,81.63,81.7,81.88,81.63,23400.0,1911800.96,81.7
603980.SH,20260910,7.75,7.75,7.75,7.75,256800.0,1990200.0,7.75
603982.SH,20260910,6.32,6.32,6.32,6.32,52400.0,331168.0,6.32
603983.SH,20260910,33.81,33.81,33.81,33.81,5400.0,182574.0,33.81
603985.SH,20260910,17.09,17.09,17.09,17.09,22100.0,377689.0,17.09
603986.SH,20260910,380.83,380.83,380.83,380.83,159800.0,60856632.32,380.83
603987.SH,20260910,7.61,7.6,7.61,7.6,41500.0,315455.0,7.6
603988.SH,20260910,19.12,19.12,19.12,19.12,3300.0,63096.0,19.12
603989.SH,20260910,32.77,32.77,32.77,32.77,256200.0,8395674.24,32.77
603990.SH,20260910,20.36,20.36,20.36,20.36,4100.0,83476.0,20.36
603991.SH,20260910,179.64,179.64,179.64,179.64,21400.0,3844296.0,179.64
603992.SH,20260910,20.0,20.0,20.0,20.0,13200.0,264000.0,20.0
603993.SH,20260910,19.04,19.04,19.04,19.04,605498.0,11528682.24,19.04
603995.SH,20260910,24.26,24.26,24.26,24.26,4200.0,101892.0,24.26
603997.SH,20260910,12.26,12.26,12.26,12.26,33800.0,414388.0,12.26
603998.SH,20260910,10.83,10.83,10.83,10.83,6700.0,72561.0,10.83
603999.SH,20260910,6.62,6.6,6.64,6.6,1895800.0,12521852.16,6.61
605001.SH,20260910,6.33,6.33,6.33,6.33,20900.0,132297.0,6.33
605003.SH,20260910,23.97,23.97,23.97,23.97,11400.0,273258.0,23.97
605005.SH,20260910,16.13,16.13,16.13,16.13,2400.0,38712.0,16.13
605006.SH,20260910,16.29,16.29,16.29,16.29,924200.0,15055217.92,16.29
605007.SH,20260910,14.84,14.84,14.84,14.84,3600.0,53424.0,14.84
605008.SH,20260910,14.0,14.0,14.0,14.0,17400.0,243600.0,14.0
605009.SH,20260910,25.15,25.15,25.15,25.15,7300.0,183595.0,25.15
605011.SH,20260910,17.5,17.5,17.5,17.5,71400.0,1249500.0,17.5
605016.SH,20260910,22.39,22.39,22.39,22.39,38800.0,868732.0,22.39
605018.SH,20260910,11.62,11.62,11.62,11.62,0.0,0.0,11.62
605020.SH,20260910,32.33,32.33,32.33,32.33,22200.0,717726.0,32.33
605028.SH,20260910,25.9,25.9,25.9,25.9,5800.0,150220.0,25.9
605033.SH,20260910,20.36,20.36,20.36,20.36,21600.0,439776.0,20.36
605050.SH,20260910,10.47,10.47,10.47,10.47,1100.0,11517.0,10.47
605055.SH,20260910,9.37,9.37,9.37,9.37,7200.0,67464.0,9.37
605056.SH,20260910,13.6,13.6,13.6,13.6,19700.0,267920.0,13.6
605058.SH,20260910,29.5,29.5,29.5,29.5,23600.0,696200.0,29.5
605060.SH,20260910,40.23,40.23,40.23,40.23,19200.0,772416.0,40.23
605066.SH,20260910,6.93,6.93,6.93,6.93,7700.0,53361.0,6.93
605068.SH,20260910,20.79,20.79,20.79,20.79,92800.0,1929312.0,20.79
605069.SH,20260910,10.5,10.5,10.5,10.5,16600.0,174300.0,10.5
605077.SH,20260910,14.4,14.4,14.4,14.4,1786000.0,25718400.0,14.4
605080.SH,20260910,24.09,24.09,24.09,24.09,9500.0,228855.0,24.09
605086.SH,20260910,24.22,24.22,24.22,24.22,200.0,4844.0,24.22
605088.SH,20260910,21.21,21.21,21.21,21.21,44500.0,943844.96,21.21
605089.SH,20260910,22.2,22.2,22.2,22.2,0.0,0.0,22.2
605090.SH,20260910,33.99,33.99,33.99,33.99,59500.0,2022404.96,33.99
605098.SH,20260910,54.95,54.95,54.95,54.95,1400.0,76930.0,54.95
605099.SH,20260910,29.35,29.35,29.35,29.35,25600.0,751360.0,29.35
605100.SH,20260910,32.14,32.14,32.14,32.14,16400.0,527096.0,32.14
605108.SH,20260910,13.47,13.47,13.47,13.47,7200.0,96984.0,13.47
605111.SH,20260910,54.0,54.0,54.0,54.0,73800.0,3985200.0,54.0
605116.SH,20260910,19.5,19.5,19.5,19.5,3300.0,64350.0,19.5
605117.SH,20260910,82.0,82.0,82.0,82.0,44800.0,3673600.0,82.0
605118.SH,20260910,33.71,33.71,33.71,33.71,14500.0,488795.0,33.71
605122.SH,20260910,12.14,12.14,12.14,12.14,21000.0,254940.0,12.14
605123.SH,20260910,82.0,82.0,82.0,82.0,7400.0,606800.0,82.0
605128.SH,20260910,24.04,24.04,24.04,24.04,9500.0,228380.0,24.04
605133.SH,20260910,25.1,25.1,25.1,25.1,3000.0,75300.0,25.1
605136.SH,20260910,8.66,8.66,8.66,8.66,31300.0,271058.0,8.66
605138.SH,20260910,6.34,6.34,6.34,6.34,9400.0,59596.0,6.34
605151.SH,20260910,19.98,19.98,19.98,19.98,39200.0,783216.0,19.98
605155.SH,20260910,14.76,14.76,14.76,14.76,3800.0,56088.0,14.76
605158.SH,20260910,8.12,8.12,8.12,8.12,800.0,6496.0,8.12
605162.SH,20260910,11.13,11.13,11.13,11.13,1289500.0,14352134.4,11.13
605166.SH,20260910,8.74,8.74,8.74,8.74,14500.0,126730.0,8.74
605167.SH,20260910,16.45,16.45,16.45,16.45,800.0,13160.0,16.45
605168.SH,20260910,47.39,47.39,47.39,47.39,281300.0,13330807.04,47.39
605169.SH,20260910,12.74,12.74,12.74,12.74,29400.0,374556.0,12.74
605177.SH,20260910,22.89,23.0,23.0,22.89,117500.0,2702280.96,23.0
605178.SH,20260910,66.5,66.5,66.5,66.5,10900.0,724850.0,66.5
605179.SH,20260910,26.75,26.75,26.75,26.75,334300.0,8942524.8,26.75
605180.SH,20260910,13.33,13.33,13.33,13.33,6400.0,85312.0,13.33
605183.SH,20260910,16.2,16.2,16.2,16.2,2000.0,32400.0,16.2
605186.SH,20260910,25.66,25.66,25.66,25.66,1400.0,35924.0,25.66
605188.SH,20260910,15.46,15.4,15.47,15.4,317100.0,4884279.04,15.4
605189.SH,20260910,13.86,13.86,13.86,13.86,23200.0,321552.0,13.86
605196.SH,20260910,36.08,36.08,36.08,36.08,8100.0,292248.0,36.08
605198.SH,20260910,80.99,80.57,80.99,80.44,357800.0,28835048.96,80.59
605199.SH,20260910,5.83,5.83,5.83,5.83,81600.0,475728.0,5.83
605208.SH,20260910,14.84,14.84,14.84,14.84,7100.0,105364.0,14.84
605218.SH,20260910,14.34,14.34,14.34,14.34,12300.0,176382.0,14.34
605222.SH,20260910,23.36,23.3,23.36,23.26,57900.0,1349320.96,23.3
605228.SH,20260910,10.6,10.6,10.6,10.6,1100.0,11660.0,10.6
605255.SH,20260910,62.88,62.69,62.88,62.69,24400.0,1529676.96,62.69
605258.SH,20260910,31.55,31.55,31.55,31.55,19700.0,621535.0,31.55
605259.SH,20260910,18.08,18.08,18.08,18.08,4900.0,88592.0,18.08
605266.SH,20260910,16.26,16.26,16.26,16.26,5400.0,87804.0,16.26
605268.SH,20260910,9.85,9.85,9.85,9.85,8800.0,86680.0,9.85
605277.SH,20260910,17.01,17.15,17.2,17.01,1068300.0,18318776.32,17.15
605286.SH,20260910,25.46,25.46,25.46,25.46,14900.0,379354.0,25.46
605287.SH,20260910,37.69,37.69,37.69,37.69,3300.0,124377.0,37.69
605288.SH,20260910,65.15,65.15,65.15,65.15,7300.0,475595.0,65.15
605289.SH,20260910,99.8,99.8,99.8,99.8,1900.0,189620.0,99.8
605296.SH,20260910,35.23,35.23,35.23,35.23,9200.0,324116.0,35.23
605298.SH,20260910,45.5,45.5,45.5,45.5,600.0,27300.0,45.5
605299.SH,20260910,12.72,12.72,12.72,12.72,160000.0,2035200.0,12.72
605300.SH,20260910,10.81,10.78,10.82,10.78,207000.0,2232732.0,10.79
605303.SH,20260910,24.56,24.56,24.56,24.56,3900.0,95784.0,24.56
605305.SH,20260910,31.6,31.6,31.6,31.6,19400.0,613040.0,31.6
605318.SH,20260910,78.2,78.2,78.2,78.2,400.0,31280.0,78.2
605319.SH,20260910,26.3,26.3,26.3,26.3,9500.0,249850.0,26.3
605333.SH,20260910,17.16,17.16,17.16,17.16,13700.0,235092.0,17.16
605336.SH,20260910,11.25,11.25,11.25,11.25,38200.0,429750.0,11.25
605337.SH,20260910,9.65,9.65,9.65,9.65,4800.0,46320.0,9.65
605338.SH,20260910,18.89,18.89,18.89,18.89,8400.0,158676.0,18.89
605339.SH,20260910,13.7,13.7,13.7,13.7,1700.0,23290.0,13.7
605358.SH,20260910,41.75,41.75,41.75,41.75,63600.0,2655300.0,41.75
605365.SH,20260910,14.52,14.52,14.52,14.52,67400.0,978648.0,14.52
605366.SH,20260910,8.13,8.13,8.13,8.13,51900.0,421947.0,8.13
605368.SH,20260910,7.02,7.02,7.02,7.02,10200.0,71604.0,7.02
605369.SH,20260910,16.5,16.5,16.5,16.5,2000.0,33000.0,16.5
605376.SH,20260910,131.64,131.64,131.64,131.64,33800.0,4449432.0,131.64
605377.SH,20260910,8.03,8.03,8.03,8.03,3600.0,28908.0,8.03
605378.SH,20260910,14.18,14.18,14.18,14.18,1600.0,22688.0,14.18
605388.SH,20260910,6.4,6.4,6.4,6.4,74300.0,475520.0,6.4
605389.SH,20260910,67.0,67.0,67.0,67.0,200.0,13400.0,67.0
605398.SH,20260910,23.48,23.48,23.48,23.48,144700.0,3397555.84,23.48
605399.SH,20260910,11.58,11.58,11.58,11.58,14400.0,166752.0,11.58
605488.SH,20260910,30.0,30.0,30.0,30.0,21600.0,648000.0,30.0
605499.SH,20260910,116.52,116.5,116.6,116.5,27430.0,3195607.04,116.5
605500.SH,20260910,7.57,7.57,7.57,7.57,15200.0,115064.0,7.57
605507.SH,20260910,15.72,15.72,15.72,15.72,1600.0,25152.0,15.72
605555.SH,20260910,12.4,12.4,12.4,12.4,7900.0,97960.0,12.4
605566.SH,20260910,27.05,27.05,27.05,27.05,26100.0,706004.96,27.05
605567.SH,20260910,10.3,10.3,10.3,10.3,434500.0,4475350.08,10.3
605577.SH,20260910,18.67,18.67,18.67,18.67,0.0,0.0,18.67
605580.SH,20260910,23.42,23.42,23.42,23.42,364600.0,8538931.84,23.42
605588.SH,20260910,45.04,45.04,45.04,45.04,2200.0,99088.0,45.04
605589.SH,20260910,38.0,38.0,38.0,38.0,102600.0,3898800.0,38.0
605598.SH,20260910,25.7,25.7,25.7,25.7,2600.0,66820.0,25.7
605599.SH,20260910,14.86,14.83,14.86,14.83,62900.0,932990.0,14.83
688001.SH,20260910,66.09,66.09,66.09,66.09,107798.0,7124369.92,66.09
688002.SH,20260910,180.53,180.53,180.53,180.53,25557.0,4613805.12,180.53
688003.SH,20260910,79.28,79.28,79.28,79.28,14552.0,1153683.04,79.28
688004.SH,20260910,20.59,20.59,20.59,20.59,12079.0,248707.0,20.59
688005.SH,20260910,24.2,24.2,24.2,24.2,21177.0,512483.0,24.2
688006.SH,20260910,20.54,20.54,20.54,20.54,16759.0,344230.0,20.54
688007.SH,20260910,10.45,10.45,10.45,10.45,4470.0,46712.0,10.45
688008.SH,20260910,194.33,194.33,194.33,194.33,149835.0,29117434.88,194.33
688009.SH,20260910,4.88,4.88,4.88,4.88,55273.0,269732.0,4.88
688010.SH,20260910,26.17,26.17,26.17,26.17,2459.0,64352.0,26.17
688011.SH,20260910,79.43,79.43,79.43,79.43,6502.0,516454.0,79.43
688012.SH,20260910,330.9,330.9,330.9,330.9,57815.0,19130983.68,330.9
688013.SH,20260910,23.85,23.85,23.85,23.85,1500.0,35775.0,23.85
688015.SH,20260910,16.76,16.76,16.76,16.76,2800.0,46928.0,16.76
688016.SH,20260910,85.97,85.97,85.97,85.97,1611.0,138498.0,85.97
688017.SH,20260910,288.0,288.0,288.0,288.0,9300.0,2678400.0,288.0
688018.SH,20260910,107.85,107.85,107.85,107.85,2400.0,258840.0,107.85
688019.SH,20260910,226.0,226.0,226.0,226.0,5720.0,1292720.0,226.0
688020.SH,20260910,139.0,139.0,139.0,139.0,25064.0,3483896.0,139.0
688021.SH,20260910,19.68,19.68,19.68,19.68,14745.0,290182.0,19.68
688022.SH,20260910,9.26,9.26,9.26,9.26,2000.0,18520.0,9.26
688023.SH,20260910,41.6,41.6,41.6,41.6,4687.0,194979.0,41.6
688025.SH,20260910,394.66,393.85,394.66,393.85,20113.0,7926474.88,394.1
688026.SH,20260910,21.76,21.76,21.76,21.76,16847.0,366591.0,21.76
688027.SH,20260910,353.0,353.0,353.0,353.0,10241.0,3615072.96,353.0
688028.SH,20260910,126.95,126.95,126.95,126.95,140075.0,17782520.32,126.95
688029.SH,20260910,76.88,76.88,76.88,76.88,1200.0,92256.0,76.88
688030.SH,20260910,16.23,16.23,16.23,16.23,11536.0,187229.0,16.23
688031.SH,20260910,104.2,104.2,104.2,104.2,12833.0,1337199.04,104.2
688032.SH,20260910,70.91,70.91,70.91,70.91,800.0,56728.0,70.91
688033.SH,20260910,7.25,7.25,7.25,7.25,26232.0,190182.0,7.25
688035.SH,20260910,72.12,72.12,72.12,72.12,40636.0,2930668.16,72.12
688036.SH,20260910,52.5,52.5,52.5,52.5,24986.0,1311764.96,52.5
688037.SH,20260910,326.11,326.11,326.11,326.11,1400.0,456554.0,326.11
688038.SH,20260910,18.99,18.99,18.99,18.99,18500.0,351315.0,18.99
688039.SH,20260910,34.93,34.93,34.93,34.93,33312.0,1163588.0,34.93
688041.SH,20260910,232.2,232.0,232.34,231.2,182646.0,42370979.84,231.98
688045.SH,20260910,54.51,54.51,54.51,54.51,1100.0,59961.0,54.51
688046.SH,20260910,31.34,31.34,31.34,31.34,6934.0,217312.0,31.34
688047.SH,20260910,99.99,99.99,99.99,99.99,30403.0,3039996.16,99.99
688048.SH,20260910,311.0,308.03,311.0,308.02,82732.0,25494528.0,308.16
688049.SH,20260910,39.82,39.9,40.0,39.82,109086.0,4351935.04,39.9
688050.SH,20260910,39.27,39.27,39.27,39.27,1200.0,47124.0,39.27
688051.SH,20260910,25.0,25.0,25.0,25.0,1800.0,45000.0,25.0
688052.SH,20260910,232.0,232.0,232.0,232.0,2483.0,576056.0,232.0
688053.SH,20260910,38.36,38.36,38.36,38.36,0.0,0.0,38.36
688055.SH,20260910,3.66,3.66,3.66,3.66,42460.0,155404.0,3.66
688056.SH,20260910,40.76,40.76,40.76,40.76,2070.0,84373.0,40.76
688057.SH,20260910,18.05,18.05,18.05,18.05,21644.0,390674.0,18.05
688058.SH,20260910,24.69,24.69,24.69,24.69,1887.0,46590.0,24.69
688059.SH,20260910,85.41,85.41,85.41,85.41,19812.0,1692143.04,85.41
688060.SH,20260910,36.71,36.71,36.71,36.71,14949.0,548778.0,36.71
688061.SH,20260910,45.38,45.38,45.38,45.38,11548.0,524048.0,45.38
688062.SH,20260910,26.12,26.12,26.12,26.12,11013.0,287660.0,26.12
688063.SH,20260910,41.65,41.65,41.65,41.65,25174.0,1048496.96,41.65
688065.SH,20260910,40.02,40.02,40.02,40.02,13492.0,539950.0,40.02
688066.SH,20260910,9.06,9.06,9.06,9.06,199781.0,1810016.0,9.06
688067.SH,20260910,23.27,23.27,23.27,23.27,11155.0,259577.0,23.27
688068.SH,20260910,90.11,90.11,90.11,90.11,2060.0,185627.0,90.11
688069.SH,20260910,38.91,38.91,38.91,38.91,4731.0,184083.0,38.91
688070.SH,20260910,34.94,34.94,34.94,34.94,1400.0,48916.0,34.94
688071.SH,20260910,32.1,32.1,32.1,32.1,17485.0,561269.0,32.1
688072.SH,20260910,627.37,627.37,627.37,627.37,6702.0,4204633.92,627.37
688073.SH,20260910,61.91,61.91,61.91,61.91,74890.0,4636440.0,61.91
688075.SH,20260910,29.57,29.57,29.57,29.57,0.0,0.0,29.57
688076.SH,20260910,28.76,28.76,28.76,28.76,3351.0,96375.0,28.76
688077.SH,20260910,27.28,27.28,27.28,27.28,3000.0,81840.0,27.28
688078.SH,20260910,28.0,28.0,28.0,28.0,6321.0,176988.0,28.0
688079.SH,20260910,14.9,14.9,14.9,14.9,26997.0,402255.0,14.9
688080.SH,20260910,37.39,37.39,37.39,37.39,2150.0,80389.0,37.39
688081.SH,20260910,26.0,26.0,26.0,26.0,6633.0,172458.0,26.0
688082.SH,20260910,275.0,275.0,275.0,275.0,5423.0,1491324.96,275.0
688083.SH,20260910,49.9,49.9,49.9,49.9,17917.0,894058.0,49.9
688084.SH,20260910,46.65,46.65,46.65,46.65,20161.0,940511.04,46.65
688085.SH,20260910,13.04,13.04,13.04,13.04,200.0,2608.0,13.04
688087.SH,20260910,36.7,36.7,36.7,36.7,2200.0,80740.0,36.7
688088.SH,20260910,29.81,29.81,29.81,29.81,11700.0,348777.0,29.81
688089.SH,20260910,8.89,8.89,8.89,8.89,14870.0,132194.0,8.89
688090.SH,20260910,71.38,71.38,71.38,71.38,19812.0,1414180.96,71.38
688091.SH,20260910,39.38,39.38,39.38,39.38,3000.0,118140.0,39.38
688092.SH,20260910,22.21,22.21,22.21,22.21,3743.0,83132.0,22.21
688093.SH,20260910,21.6,21.6,21.6,21.6,6428.0,138845.0,21.6
688095.SH,20260910,59.84,59.84,59.84,59.84,4735.0,283342.0,59.84
688096.SH,20260910,8.05,8.05,8.05,8.05,11071.0,89122.0,8.05
688097.SH,20260910,45.75,45.75,45.75,45.75,20437.0,934992.96,45.75
688098.SH,20260910,8.15,8.15,8.15,8.15,2123.0,17302.0,8.15
688099.SH,20260910,87.7,87.7,87.7,87.7,7718.0,676868.96,87.7
688100.SH,20260910,25.42,25.42,25.42,25.42,1989.0,50560.0,25.42
688101.SH,20260910,14.93,14.93,14.93,14.93,0.0,0.0,14.93
688102.SH,20260910,31.19,31.19,31.19,31.19,31928.0,995834.0,31.19
688103.SH,20260910,70.7,70.7,70.7,70.7,1974.0,139562.0,70.7
688105.SH,20260910,20.31,20.31,20.31,20.31,10478.0,212808.0,20.31
688106.SH,20260910,25.43,25.45,25.45,25.43,119308.0,3036326.08,25.45
688107.SH,20260910,28.99,28.99,28.99,28.99,15529.0,450186.0,28.99
688108.SH,20260910,16.0,16.0,16.0,16.0,15549.0,248784.0,16.0
688109.SH,20260910,71.89,71.89,71.89,71.89,400.0,28756.0,71.89
688110.SH,20260910,114.0,114.0,114.0,114.0,51667.0,5890037.76,114.0
688111.SH,20260910,230.22,230.22,230.22,230.22,12565.0,2892713.92,230.22
688112.SH,20260910,68.11,68.11,68.11,68.11,25023.0,1704316.96,68.11
688113.SH,20260910,34.41,34.41,34.41,34.41,4625.0,159146.0,34.41
688114.SH,20260910,57.0,57.0,57.0,57.0,17290.0,985530.0,57.0
688115.SH,20260910,58.49,58.49,58.49,58.49,1080.0,63169.0,58.49
688116.SH,20260910,33.65,33.65,33.65,33.65,8148.0,274180.0,33.65
688117.SH,20260910,23.15,23.15,23.15,23.15,3300.0,76395.0,23.15
688118.SH,20260910,20.03,20.03,20.03,20.03,3400.0,68102.0,20.03
688119.SH,20260910,3.95,3.95,3.95,3.95,16683.0,65898.0,3.95
688120.SH,20260910,238.6,238.6,238.6,238.6,3545.0,845836.96,238.6
688121.SH,20260910,1.61,1.61,1.61,1.61,212516.0,342151.0,1.61
688122.SH,20260910,50.5,50.5,50.5,50.5,53106.0,2681852.96,50.5
688123.SH,20260910,133.89,133.89,133.89,133.89,16818.0,2251761.92,133.89
688125.SH,20260910,120.37,120.37,120.37,120.37,400.0,48148.0,120.37
688126.SH,20260910,22.5,22.5,22.5,22.5,81234.0,1827764.96,22.5
688127.SH,20260910,69.0,69.09,69.09,69.0,64779.0,4475322.88,69.09
688128.SH,20260910,21.9,21.9,21.9,21.9,1663.0,36420.0,21.9
688129.SH,20260910,21.84,21.84,21.84,21.84,8636.0,188610.0,21.84
688130.SH,20260910,22.22,22.22,22.22,22.22,2640.0,58661.0,22.22
688131.SH,20260910,93.54,93.54,93.54,93.54,800.0,74832.0,93.54
688132.SH,20260910,16.2,16.2,16.2,16.2,8127.0,131657.0,16.2
688133.SH,20260910,21.0,21.0,21.0,21.0,22527.0,473067.0,21.0
688135.SH,20260910,34.4,34.4,34.4,34.4,82105.0,2824412.16,34.4
688136.SH,20260910,20.45,20.45,20.45,20.45,22366.0,457385.0,20.45
688137.SH,20260910,71.0,70.0,71.0,70.0,62336.0,4363918.08,70.01
688138.SH,20260910,34.3,34.3,34.3,34.3,21689.0,743932.96,34.3
688139.SH,20260910,32.0,32.0,32.0,32.0,5177.0,165664.0,32.0
688141.SH,20260910,119.45,119.45,119.45,119.45,158462.0,18928285.44,119.45
688143.SH,20260910,166.7,166.7,166.7,166.7,192397.0,32072581.12,166.7
688146.SH,20260910,224.56,224.53,224.56,224.45,57688.0,12952683.52,224.53
688147.SH,20260910,103.0,103.0,103.0,103.0,10205.0,1051115.04,103.0
688148.SH,20260910,6.03,6.03,6.03,6.03,39231.0,236563.0,6.03
688150.SH,20260910,38.72,38.72,38.72,38.72,18857.0,730143.04,38.72
688151.SH,20260910,16.8,16.8,16.8,16.8,15763.0,264818.0,16.8
688152.SH,20260910,35.52,35.29,35.53,35.29,81459.0,2876614.08,35.31
688153.SH,20260910,24.7,24.7,24.7,24.7,13720.0,338884.0,24.7
688155.SH,20260910,48.67,48.67,48.67,48.67,3602.0,175309.0,48.67
688156.SH,20260910,24.01,24.01,24.01,24.01,13027.0,312778.0,24.01
688157.SH,20260910,19.25,19.25,19.25,19.25,12378.0,238277.0,19.25
688158.SH,20260910,29.25,29.25,29.25,29.25,47843.0,1399408.0,29.25
688159.SH,20260910,33.71,33.71,33.71,33.71,16653.0,561373.0,33.71
688160.SH,20260910,95.8,95.8,95.8,95.8,6700.0,641860.0,95.8
688161.SH,20260910,22.56,22.56,22.56,22.56,5400.0,121824.0,22.56
688162.SH,20260910,23.88,23.88,23.88,23.88,3234.0,77228.0,23.88
688163.SH,20260910,35.4,35.4,35.4,35.4,1194.0,42268.0,35.4
688165.SH,20260910,15.59,15.59,15.59,15.59,9364.0,145985.0,15.59
688166.SH,20260910,36.66,36.66,36.66,36.66,28042.0,1028020.0,36.66
688167.SH,20260910,295.98,295.98,295.98,295.98,65186.0,19293752.32,295.98
688168.SH,20260910,37.4,36.49,37.4,36.49,19278.0,707067.04,36.68
688169.SH,20260910,126.11,126.11,126.11,126.11,6434.0,811392.0,126.11
688170.SH,20260910,66.56,66.56,66.56,66.56,73345.0,4881842.88,66.56
688171.SH,20260910,23.88,23.89,23.89,23.88,8246.0,196940.0,23.88
688172.SH,20260910,44.33,44.33,44.33,44.33,15547.0,689199.04,44.33
688173.SH,20260910,12.39,12.39,12.39,12.39,12700.0,157353.0,12.39
688175.SH,20260910,17.79,17.79,17.79,17.79,1747.0,31079.0,17.79
688176.SH,20260910,13.16,13.16,13.16,13.16,31878.0,419514.0,13.16
688177.SH,20260910,17.01,17.01,17.01,17.01,3100.0,52731.0,17.01
688178.SH,20260910,28.43,28.43,28.43,28.43,1600.0,45488.0,28.43
688179.SH,20260910,19.5,19.5,19.5,19.5,25621.0,499610.0,19.5
688180.SH,20260910,32.2,32.2,32.2,32.2,14947.0,481293.0,32.2
688181.SH,20260910,40.9,40.59,40.9,40.59,74036.0,3005888.96,40.6
688182.SH,20260910,27.27,27.18,27.27,27.18,4930.0,134047.0,27.19
688183.SH,20260910,126.08,126.08,126.08,126.08,107764.0,13586885.12,126.08
688184.SH,20260910,11.01,11.01,11.01,11.01,500.0,5505.0,11.01
688185.SH,20260910,68.01,68.01,68.01,68.01,22322.0,1518119.04,68.01
688186.SH,20260910,13.95,13.95,13.95,13.95,3900.0,54405.0,13.95
688187.SH,20260910,45.67,45.67,45.67,45.67,24158.0,1103296.0,45.67
688188.SH,20260910,95.51,95.51,95.51,95.51,3500.0,334285.0,95.51
688189.SH,20260910,6.61,6.61,6.61,6.61,402.0,2657.0,6.61
688190.SH,20260910,72.14,72.14,72.14,72.14,7216.0,520562.0,72.14
688191.SH,20260910,19.69,19.69,19.69,19.69,14123.0,278082.0,19.69
688192.SH,20260910,54.92,54.92,54.92,54.92,26480.0,1454281.92,54.92
688193.SH,20260910,47.01,47.01,47.01,47.01,4742.0,222921.0,47.01
688195.SH,20260910,203.5,200.0,203.5,199.0,102243.0,20467609.6,200.19
688196.SH,20260910,38.03,38.03,38.03,38.03,38610.0,1468337.92,38.03
688197.SH,20260910,31.8,31.8,31.8,31.8,4209.0,133846.0,31.8
688198.SH,20260910,69.9,69.9,69.9,69.9,0.0,0.0,69.9
688199.SH,20260910,23.22,23.22,23.22,23.22,5983.0,138925.0,23.22
688200.SH,20260910,349.3,349.3,349.3,349.3,2851.0,995854.0,349.3
688201.SH,20260910,7.43,7.43,7.43,7.43,0.0,0.0,7.43
688202.SH,20260910,96.0,96.0,96.0,96.0,11401.0,1094496.0,96.0
688203.SH,20260910,14.95,14.95,14.95,14.95,27237.0,407193.0,14.95
688205.SH,20260910,224.31,222.36,224.31,222.36,418170.0,93024983.04,222.46
688206.SH,20260910,38.55,38.55,38.55,38.55,30052.0,1158504.96,38.55
688207.SH,20260910,18.83,18.83,18.83,18.83,19828.0,373361.0,18.83
688208.SH,20260910,25.06,25.06,25.06,25.06,18515.0,463986.0,25.06
688209.SH,20260910,34.8,34.6,34.8,34.6,181265.0,6274186.88,34.61
688210.SH,20260910,30.37,30.37,30.37,30.37,4612.0,140066.0,30.37
688211.SH,20260910,30.7,30.7,30.7,30.7,4294.0,131826.0,30.7
688212.SH,20260910,30.11,30.11,30.11,30.11,1152.0,34687.0,30.11
688213.SH,20260910,92.25,92.25,92.25,92.25,3419.0,315403.0,92.25
688215.SH,20260910,50.0,50.0,50.0,50.0,6699.0,334950.0,50.0
688216.SH,20260910,30.92,30.92,30.92,30.92,16120.0,498430.0,30.92
688217.SH,20260910,24.84,24.84,24.84,24.84,19428.0,482592.0,24.84
688218.SH,20260910,40.92,40.92,40.92,40.92,0.0,0.0,40.92
688219.SH,20260910,10.32,10.32,10.32,10.32,9404.0,97049.0,10.32
688220.SH,20260910,90.38,90.38,90.38,90.38,7440.0,672427.04,90.38
688221.SH,20260910,16.55,16.55,16.55,16.55,7851.0,129934.0,16.55
688222.SH,20260910,32.11,32.11,32.11,32.11,20027.0,643067.0,32.11
688223.SH,20260910,4.02,4.02,4.02,4.02,220087.0,884750.0,4.02
688225.SH,20260910,12.85,12.71,12.85,12.71,10488.0,133330.0,12.71
688226.SH,20260910,30.19,30.07,30.19,30.07,27629.0,831015.04,30.08
688227.SH,20260910,69.5,69.5,69.5,69.5,3300.0,229350.0,69.5
688228.SH,20260910,77.56,77.56,77.56,77.56,5300.0,411068.0,77.56
688229.SH,20260910,62.27,62.27,62.27,62.27,1437.0,89482.0,62.27
688230.SH,20260910,57.02,57.02,57.02,57.02,1200.0,68424.0,57.02
688231.SH,20260910,33.7,33.7,33.7,33.7,7938.0,267511.0,33.7
688232.SH,20260910,17.6,17.6,17.6,17.6,9738.0,171389.0,17.6
688233.SH,20260910,92.78,92.78,92.78,92.78,15073.0,1398472.96,92.78
688234.SH,20260910,97.83,97.83,97.83,97.83,6118.0,598524.0,97.83
688235.SH,20260910,256.8,256.8,256.8,256.8,26143.0,6713521.92,256.8
688236.SH,20260910,13.91,13.91,13.91,13.91,3200.0,44512.0,13.91
688237.SH,20260910,59.8,59.8,59.8,59.8,2100.0,125580.0,59.8
688238.SH,20260910,6.51,6.51,6.51,6.51,98029.0,638169.0,6.51
688239.SH,20260910,55.78,55.78,55.78,55.78,31158.0,1737992.96,55.78
688244.SH,20260910,14.59,14.59,14.59,14.59,4000.0,58360.0,14.59
688246.SH,20260910,16.71,16.71,16.71,16.71,3394.0,56714.0,16.71
688247.SH,20260910,9.17,9.17,9.17,9.17,1629.0,14938.0,9.17
688248.SH,20260910,48.32,48.32,48.32,48.32,4780.0,230970.0,48.32
688249.SH,20260910,35.35,35.35,35.35,35.35,36192.0,1279387.04,35.35
688251.SH,20260910,19.57,19.57,19.57,19.57,3290.0,64385.0,19.57
688252.SH,20260910,20.59,20.59,20.59,20.59,3305.0,68050.0,20.59
688253.SH,20260910,55.65,55.65,55.65,55.65,0.0,0.0,55.65
688255.SH,20260910,25.3,25.3,25.3,25.3,3897.0,98594.0,25.3
688256.SH,20260910,1049.0,1049.0,1049.0,1049.0,12923.0,13556226.56,1049.0
688257.SH,20260910,51.8,51.8,51.8,51.8,27990.0,1449881.92,51.8
688258.SH,20260910,91.27,91.27,91.27,91.27,15918.0,1452836.0,91.27
688259.SH,20260910,31.53,31.53,31.53,31.53,1200.0,37836.0,31.53
688260.SH,20260910,91.0,91.0,91.0,91.0,13561.0,1234051.04,91.0
688261.SH,20260910,65.4,65.4,65.4,65.4,6556.0,428762.0,65.4
688262.SH,20260910,26.73,26.73,26.73,26.73,22734.0,607680.0,26.73
688265.SH,20260910,39.4,39.4,39.4,39.4,4813.0,189632.0,39.4
688266.SH,20260910,109.42,109.42,109.42,109.42,6820.0,746244.0,109.42
688267.SH,20260910,19.15,19.15,19.15,19.15,2800.0,53620.0,19.15
688268.SH,20260910,130.44,130.44,130.44,130.44,15547.0,2027951.04,130.44
688269.SH,20260910,27.57,27.57,27.57,27.57,3500.0,96495.0,27.57
688270.SH,20260910,55.74,55.74,55.74,55.74,8047.0,448540.0,55.74
688271.SH,20260910,103.25,103.25,103.25,103.25,11994.0,1238380.96,103.25
688272.SH,20260910,27.87,27.87,27.87,27.87,4680.0,130432.0,27.87
688273.SH,20260910,28.94,28.94,28.94,28.94,10368.0,300050.0,28.94
688275.SH,20260910,70.8,70.8,70.8,70.8,5900.0,417720.0,70.8
688276.SH,20260910,16.0,16.0,16.0,16.0,5479.0,87664.0,16.0
688277.SH,20260910,15.07,15.07,15.07,15.07,2378.0,35836.0,15.07
688278.SH,20260910,55.24,55.24,55.24,55.24,1700.0,93908.0,55.24
688279.SH,20260910,180.79,180.79,180.79,180.79,2393.0,432630.0,180.79
688280.SH,20260910,5.09,5.08,5.09,5.08,144990.0,736880.96,5.08
688281.SH,20260910,51.2,51.2,51.2,51.2,6585.0,337152.0,51.2
688282.SH,20260910,53.5,53.5,53.5,53.5,965.0,51628.0,53.5
688283.SH,20260910,26.81,26.81,26.81,26.81,2937.0,78741.0,26.81
688285.SH,20260910,7.75,7.75,7.75,7.75,13659.0,105857.0,7.75
688286.SH,20260910,44.93,44.93,44.93,44.93,15514.0,697044.0,44.93
688288.SH,20260910,18.43,18.43,18.43,18.43,14771.0,272230.0,18.43
688289.SH,20260910,16.0,16.0,16.0,16.0,55581.0,889296.0,16.0
688290.SH,20260910,61.53,61.53,61.53,61.53,0.0,0.0,61.53
688291.SH,20260910,44.4,44.4,44.4,44.4,0.0,0.0,44.4
688292.SH,20260910,18.0,18.0,18.0,18.0,1700.0,30600.0,18.0
688293.SH,20260910,70.28,70.28,70.28,70.28,56163.0,3947136.0,70.28
688295.SH,20260910,38.3,38.3,38.3,38.3,12894.0,493840.0,38.3
688296.SH,20260910,24.02,24.02,24.02,24.02,12418.0,298280.0,24.02
688297.SH,20260910,44.54,44.54,44.54,44.54,63119.0,2811320.0,44.54
688298.SH,20260910,18.82,18.82,18.82,18.82,1150.0,21643.0,18.82
688299.SH,20260910,12.72,12.72,12.72,12.72,8200.0,104304.0,12.72
688300.SH,20260910,179.8,178.0,179.98,178.0,192452.0,34267115.52,178.06
688301.SH,20260910,90.31,90.31,90.31,90.31,5500.0,496705.0,90.31
688302.SH,20260910,30.57,30.57,30.57,30.57,1903.0,58175.0,30.57
688303.SH,20260910,16.9,16.9,16.9,16.9,18938.0,320052.0,16.9
688305.SH,20260910,57.58,57.58,57.58,57.58,7800.0,449124.0,57.58
688306.SH,20260910,8.38,8.38,8.38,8.38,8143.0,68238.0,8.38
688307.SH,20260910,45.37,45.38,45.38,45.37,4039.0,183276.0,45.38
688308.SH,20260910,85.0,85.0,85.0,85.0,14247.0,1210995.04,85.0
688309.SH,20260910,81.88,81.88,81.88,81.88,6545.0,535905.0,81.88
688310.SH,20260910,14.74,14.74,14.74,14.74,13500.0,198990.0,14.74
688311.SH,20260910,23.46,23.46,23.46,23.46,6892.0,161686.0,23.46
688312.SH,20260910,48.56,48.56,48.56,48.56,50800.0,2466848.0,48.56
688313.SH,20260910,147.86,147.0,147.86,147.0,130697.0,19214304.0,147.01
688314.SH,20260910,31.3,31.3,31.3,31.3,0.0,0.0,31.3
688315.SH,20260910,13.77,13.77,13.77,13.77,47123.0,648884.0,13.77
688316.SH,20260910,45.4,45.4,45.4,45.4,17287.0,784830.0,45.4
688317.SH,20260910,16.55,16.55,16.55,16.55,10981.0,181736.0,16.55
688318.SH,20260910,84.08,84.08,84.08,84.08,18564.0,1560860.96,84.08
688319.SH,20260910,29.5,29.5,29.5,29.5,16544.0,488048.0,29.5
688320.SH,20260910,31.7,31.7,31.7,31.7,505.0,16009.0,31.7
688321.SH,20260910,24.91,24.91,24.91,24.91,17792.0,443199.0,24.91
688322.SH,20260910,91.48,91.48,91.48,91.48,9626.0,880586.0,91.48
688323.SH,20260910,25.25,25.25,25.25,25.25,26341.0,665110.0,25.25
688325.SH,20260910,105.97,105.97,105.97,105.97,1200.0,127164.0,105.97
688326.SH,20260910,58.84,58.84,58.84,58.84,13810.0,812580.0,58.84
688327.SH,20260910,9.93,9.93,9.93,9.93,16841.0,167231.0,9.93
688328.SH,20260910,78.39,78.39,78.39,78.39,10889.0,853588.96,78.39
688329.SH,20260910,21.7,21.7,21.7,21.7,19178.0,416163.0,21.7
688330.SH,20260910,36.2,36.2,36.2,36.2,7544.0,273093.0,36.2
688331.SH,20260910,117.68,117.68,117.68,117.68,6029.0,709492.96,117.68
688332.SH,20260910,93.71,93.71,93.71,93.71,10551.0,988734.0,93.71
688333.SH,20260910,113.96,113.96,113.96,113.96,71385.0,8135034.88,113.96
688334.SH,20260910,18.53,18.53,18.53,18.53,4200.0,77826.0,18.53
688335.SH,20260910,19.02,19.02,19.02,19.02,9178.0,174566.0,19.02
688336.SH,20260910,40.18,40.18,40.18,40.18,13953.0,560632.0,40.18
688337.SH,20260910,41.79,41.79,41.79,41.79,18000.0,752220.0,41.79
688338.SH,20260910,29.25,29.25,29.25,29.25,400.0,11700.0,29.25
688339.SH,20260910,18.15,18.15,18.15,18.15,32344.0,587044.0,18.15
688343.SH,20260910,54.06,54.06,54.06,54.06,9680.0,523301.0,54.06
688345.SH,20260910,50.96,50.96,50.96,50.96,0.0,0.0,50.96
688347.SH,20260910,224.37,223.85,224.37,223.85,67968.0,15214781.44,223.85
688348.SH,20260910,30.41,30.41,30.41,30.41,2480.0,75417.0,30.41
688349.SH,20260910,12.99,12.99,12.99,12.99,22321.0,289950.0,12.99
688350.SH,20260910,30.8,30.8,30.8,30.8,46454.0,1430783.04,30.8
688351.SH,20260910,17.56,17.56,17.56,17.56,8250.0,144870.0,17.56
688352.SH,20260910,17.53,17.53,17.53,17.53,73276.0,1284528.0,17.53
688353.SH,20260910,85.31,85.32,85.32,85.31,20503.0,1749313.92,85.32
688355.SH,20260910,17.11,17.11,17.11,17.11,4062.0,69501.0,17.11
688356.SH,20260910,79.06,79.06,79.06,79.06,14968.0,1183370.0,79.06
688357.SH,20260910,26.0,26.0,26.0,26.0,1677.0,43602.0,26.0
688358.SH,20260910,27.7,27.7,27.7,27.7,2000.0,55400.0,27.7
688359.SH,20260910,96.97,96.97,96.97,96.97,3769.0,365480.0,96.97
688360.SH,20260910,14.6,14.6,14.6,14.6,13700.0,200020.0,14.6
688361.SH,20260910,308.0,308.0,308.0,308.0,3840.0,1182720.0,308.0
688362.SH,20260910,58.99,58.99,58.99,58.99,51353.0,3029312.96,58.99
688363.SH,20260910,34.7,34.7,34.7,34.7,10108.0,350748.0,34.7
688365.SH,20260910,14.5,14.5,14.5,14.5,14668.0,212686.0,14.5
688366.SH,20260910,29.96,29.96,29.96,29.96,1125.0,33705.0,29.96
688367.SH,20260910,28.78,28.78,28.78,28.78,1000.0,28780.0,28.78
688368.SH,20260910,144.0,144.0,144.0,144.0,6181.0,890064.0,144.0
688369.SH,20260910,19.83,19.83,19.83,19.83,2500.0,49575.0,19.83
688370.SH,20260910,23.8,23.8,23.8,23.8,200.0,4760.0,23.8
688371.SH,20260910,24.59,24.5,24.59,24.5,8047.0,197189.0,24.51
688372.SH,20260910,112.12,112.12,112.12,112.12,6147.0,689202.0,112.12
688373.SH,20260910,5.37,5.37,5.37,5.37,39877.0,214139.0,5.37
688375.SH,20260910,72.51,72.51,72.51,72.51,10179.0,738079.04,72.51
688376.SH,20260910,63.28,63.28,63.28,63.28,2725.0,172438.0,63.28
688377.SH,20260910,17.76,17.76,17.76,17.76,1952.0,34668.0,17.76
688378.SH,20260910,43.38,43.38,43.38,43.38,28305.0,1227871.04,43.38
688379.SH,20260910,56.46,56.46,56.46,56.46,7861.0,443832.0,56.46
688380.SH,20260910,37.99,37.99,37.99,37.99,19404.0,737158.0,37.99
688381.SH,20260910,35.82,35.82,35.82,35.82,165885.0,5942001.28,35.82
688382.SH,20260910,18.92,18.92,18.92,18.92,4651.0,87997.0,18.92
688383.SH,20260910,140.0,140.0,140.0,140.0,21288.0,2980320.0,140.0
688385.SH,20260910,53.2,53.2,53.2,53.2,23555.0,1253126.0,53.2
688386.SH,20260910,47.21,47.21,47.21,47.21,7668.0,362006.0,47.21
688387.SH,20260910,12.18,12.18,12.18,12.18,111127.0,1353527.04,12.18
688388.SH,20260910,27.04,27.04,27.04,27.04,66386.0,1795076.96,27.04
688389.SH,20260910,11.34,11.34,11.34,11.34,0.0,0.0,11.34
688390.SH,20260910,59.6,59.6,59.6,59.6,21599.0,1287300.0,59.6
688391.SH,20260910,25.52,25.52,25.52,25.52,2725.0,69542.0,25.52
688392.SH,20260910,169.11,169.11,169.11,169.11,10813.0,1828585.92,169.11
688393.SH,20260910,20.18,20.18,20.18,20.18,11750.0,237115.0,20.18
688395.SH,20260910,23.02,23.02,23.02,23.02,2950.0,67909.0,23.02
688396.SH,20260910,55.7,55.7,55.7,55.7,61274.0,3412961.92,55.7
688398.SH,20260910,20.4,20.4,20.4,20.4,5600.0,114240.0,20.4
688399.SH,20260910,26.13,26.13,26.13,26.13,9215.0,240788.0,26.13
688400.SH,20260910,46.69,46.69,46.69,46.69,82578.0,3855567.04,46.69
688401.SH,20260910,65.43,65.43,65.43,65.43,25442.0,1664670.08,65.43
688403.SH,20260910,25.5,25.35,25.5,25.35,215292.0,5461100.16,25.37
688408.SH,20260910,22.86,22.86,22.86,22.86,6643.0,151859.0,22.86
688409.SH,20260910,178.79,178.79,178.79,178.79,8469.0,1514172.96,178.79
688410.SH,20260910,9.67,9.67,9.67,9.67,34729.0,335829.0,9.67
688411.SH,20260910,171.87,171.87,171.87,171.87,3253.0,559093.0,171.87
688416.SH,20260910,73.62,73.62,73.62,73.62,20899.0,1538584.0,73.62
688418.SH,20260910,31.9,31.9,31.9,31.9,9600.0,306240.0,31.9
688419.SH,20260910,47.78,47.5,47.78,47.5,22129.0,1051390.0,47.51
688420.SH,20260910,21.79,21.79,21.79,21.79,1507.0,32838.0,21.79
688425.SH,20260910,4.07,4.07,4.07,4.07,108901.0,443227.0,4.07
688426.SH,20260910,21.04,20.95,21.04,20.95,9533.0,200072.0,20.99
688428.SH,20260910,28.62,28.62,28.62,28.62,30546.0,874227.04,28.62
688429.SH,20260910,10.27,10.27,10.27,10.27,12649.0,129905.0,10.27
688432.SH,20260910,45.22,45.22,45.22,45.22,0.0,0.0,45.22
688433.SH,20260910,98.54,98.54,98.54,98.54,19375.0,1909212.96,98.54
688435.SH,20260910,33.79,33.79,33.79,33.79,25351.0,856610.0,33.79
688439.SH,20260910,38.3,38.3,38.3,38.3,1666.0,63808.0,38.3
688443.SH,20260910,22.46,22.46,22.46,22.46,3200.0,71872.0,22.46
688448.SH,20260910,66.79,66.79,66.79,66.79,3000.0,200370.0,66.79
688449.SH,20260910,60.91,60.91,60.91,60.91,9907.0,603435.0,60.91
688450.SH,20260910,32.2,32.2,32.2,32.2,1700.0,54740.0,32.2
688455.SH,20260910,17.25,17.25,17.25,17.25,26134.0,450812.0,17.25
688456.SH,20260910,72.03,72.03,72.03,72.03,2707.0,194985.0,72.03
688458.SH,20260910,35.6,35.6,35.6,35.6,1700.0,60520.0,35.6
688459.SH,20260910,8.2,8.2,8.2,8.2,0.0,0.0,8.2
688466.SH,20260910,14.31,14.31,14.31,14.31,900.0,12879.0,14.31
688468.SH,20260910,6.36,6.36,6.36,6.36,1400.0,8904.0,6.36
688469.SH,20260910,8.38,8.38,8.38,8.38,158775.0,1330535.04,8.38
688472.SH,20260910,8.57,8.57,8.57,8.57,74297.0,636725.0,8.57
688475.SH,20260910,28.02,28.02,28.02,28.02,10809.0,302868.0,28.02
688478.SH,20260910,41.6,41.6,41.6,41.6,4921.0,204714.0,41.6
688479.SH,20260910,35.04,35.04,35.04,35.04,2369.0,83010.0,35.04
688480.SH,20260910,70.05,70.05,70.05,70.05,3118.0,218416.0,70.05
688484.SH,20260910,33.0,33.0,33.0,33.0,19000.0,627000.0,33.0
688485.SH,20260910,97.1,97.1,97.1,97.1,76115.0,7390766.72,97.1
688486.SH,20260910,42.25,42.25,42.25,42.25,25410.0,1073572.96,42.25
688488.SH,20260910,15.0,15.0,15.0,15.0,2898.0,43470.0,15.0
688489.SH,20260910,23.11,23.11,23.11,23.11,1676.0,38732.0,23.11
688496.SH,20260910,0.58,0.58,0.58,0.58,1420488.96,823884.0,0.58
688498.SH,20260910,1702.5,1702.5,1702.5,1702.5,14491.0,24670927.36,1702.5
688499.SH,20260910,32.2,32.2,32.2,32.2,5559.0,179000.0,32.2
688500.SH,20260910,32.5,32.5,32.5,32.5,2900.0,94250.0,32.5
688501.SH,20260910,13.62,13.62,13.62,13.62,4000.0,54480.0,13.62
688502.SH,20260910,410.0,410.0,410.0,410.0,8144.0,3339040.0,410.0
688503.SH,20260910,74.5,74.5,74.5,74.5,185162.0,13794568.96,74.5
688505.SH,20260910,7.8,7.8,7.8,7.8,6051.0,47198.0,7.8
688506.SH,20260910,240.91,240.91,240.91,240.91,4196.0,1010858.0,240.91
688507.SH,20260910,144.16,144.16,144.16,144.16,39014.0,5624257.92,144.16
688508.SH,20260910,83.07,83.07,83.07,83.07,25918.0,2153008.0,83.07
688509.SH,20260910,4.19,4.19,4.19,4.19,27812.0,116532.0,4.19
688510.SH,20260910,26.98,26.98,26.98,26.98,47355.0,1277638.0,26.98
688511.SH,20260910,22.61,22.61,22.61,22.61,2800.0,63308.0,22.61
688512.SH,20260910,13.41,13.41,13.41,13.41,19841.0,266068.0,13.41
688513.SH,20260910,48.08,48.08,48.08,48.08,10864.0,522341.0,48.08
688515.SH,20260910,144.62,144.62,144.62,144.62,10386.0,1502023.04,144.62
688516.SH,20260910,41.23,41.23,41.23,41.23,13666.0,563449.0,41.23
688517.SH,20260910,16.0,16.0,16.0,16.0,2335.0,37360.0,16.0
688518.SH,20260910,20.81,20.81,20.81,20.81,49154.0,1022895.04,20.81
688519.SH,20260910,289.5,288.01,289.5,288.0,35015.0,10087416.96,288.09
688520.SH,20260910,33.98,33.98,33.98,33.98,3355.0,114003.0,33.98
688521.SH,20260910,189.0,189.0,189.0,189.0,46754.0,8836506.24,189.0
688522.SH,20260910,18.02,18.02,18.02,18.02,16975.0,305890.0,18.02
688523.SH,20260910,41.05,41.05,41.05,41.05,12140.0,498347.0,41.05
688525.SH,20260910,216.65,216.65,216.65,216.65,83259.0,18038062.08,216.65
688526.SH,20260910,12.89,12.89,12.89,12.89,400.0,5156.0,12.89
688528.SH,20260910,10.26,10.26,10.26,10.26,18518.0,189995.0,10.26
688529.SH,20260910,15.28,15.29,15.29,15.28,3200.0,48921.0,15.29
688530.SH,20260910,55.0,55.0,55.0,55.0,24050.0,1322750.0,55.0
688531.SH,20260910,142.96,142.96,142.96,142.96,16662.0,2382000.0,142.96
688533.SH,20260910,19.94,19.94,19.94,19.94,1000.0,19940.0,19.94
688535.SH,20260910,99.17,99.17,99.17,99.17,6541.0,648671.0,99.17
688536.SH,20260910,307.0,307.0,307.0,307.0,3950.0,1212650.0,307.0
688538.SH,20260910,2.18,2.18,2.18,2.18,239639.0,522413.0,2.18
688539.SH,20260910,23.77,23.77,23.77,23.77,5602.0,133160.0,23.77
688543.SH,20260910,45.78,45.78,45.78,45.78,202722.0,9280613.12,45.78
688545.SH,20260910,72.97,72.97,72.97,72.97,10645.0,776766.0,72.97
688548.SH,20260910,28.64,28.64,28.64,28.64,20814.0,596113.0,28.64
688549.SH,20260910,22.02,22.01,22.1,22.01,505001.0,11117040.64,22.01
688550.SH,20260910,36.38,36.38,36.38,36.38,3198.0,116343.0,36.38
688551.SH,20260910,38.05,38.1,38.1,38.05,2419.0,92154.0,38.1
688552.SH,20260910,32.9,32.9,32.9,32.9,34733.0,1142716.0,32.9
688553.SH,20260910,11.32,11.32,11.32,11.32,10503.0,118894.0,11.32
688556.SH,20260910,8.04,8.04,8.04,8.04,53103.0,426948.0,8.04
688557.SH,20260910,19.57,19.57,19.57,19.57,2684.0,52526.0,19.57
688558.SH,20260910,31.88,31.88,31.88,31.88,5027.0,160261.0,31.88
688559.SH,20260910,59.19,59.19,59.19,59.19,146324.0,8660917.76,59.19
688560.SH,20260910,12.44,12.44,12.44,12.44,32600.0,405544.0,12.44
688561.SH,20260910,26.58,26.58,26.58,26.58,6700.0,178086.0,26.58
688562.SH,20260910,14.51,14.51,14.51,14.51,11432.0,165878.0,14.51
688563.SH,20260910,55.5,55.5,55.5,55.5,26015.0,1443832.96,55.5
688565.SH,20260910,11.34,11.34,11.34,11.34,13847.0,157025.0,11.34
688566.SH,20260910,26.2,26.2,26.2,26.2,32552.0,852862.0,26.2
688567.SH,20260910,8.89,8.89,8.89,8.89,25070.0,222872.0,8.89
688568.SH,20260910,30.6,30.6,30.6,30.6,7234.0,221360.0,30.6
688569.SH,20260910,18.78,18.78,18.78,18.78,3842.0,72153.0,18.78
688570.SH,20260910,14.67,14.67,14.67,14.67,1800.0,26406.0,14.67
688571.SH,20260910,8.2,8.2,8.2,8.2,9621.0,78892.0,8.2
688573.SH,20260910,16.02,16.02,16.02,16.02,1200.0,19224.0,16.02
688575.SH,20260910,9.83,9.83,9.83,9.83,33928.0,333512.0,9.83
688576.SH,20260910,38.9,38.9,38.9,38.9,743.0,28903.0,38.9
688577.SH,20260910,41.98,41.98,41.98,41.98,1000.0,41980.0,41.98
688578.SH,20260910,104.03,104.03,104.03,104.03,6159.0,640721.0,104.03
688579.SH,20260910,7.85,7.85,7.85,7.85,9068.0,71184.0,7.85
688580.SH,20260910,42.22,42.22,42.22,42.22,10658.0,449981.0,42.22
688581.SH,20260910,50.65,50.65,50.65,50.65,774.0,39203.0,50.65
688582.SH,20260910,39.43,39.43,39.43,39.43,7063.0,278494.0,39.43
688583.SH,20260910,76.4,76.4,76.4,76.4,29692.0,2268468.96,76.4
688584.SH,20260910,25.06,25.06,25.06,25.06,11396.0,285584.0,25.06
688585.SH,20260910,142.51,142.51,142.51,142.51,5919.0,843516.96,142.51
688586.SH,20260910,11.58,11.58,11.58,11.58,4091.0,47374.0,11.58
688588.SH,20260910,9.16,9.16,9.16,9.16,1710.0,15664.0,9.16
688589.SH,20260910,19.48,19.48,19.48,19.48,0.0,0.0,19.48
688590.SH,20260910,11.87,11.87,11.87,11.87,18677.0,221696.0,11.87
688591.SH,20260910,27.55,27.55,27.55,27.55,11920.0,328396.0,27.55
688592.SH,20260910,23.01,23.01,23.01,23.01,900.0,20709.0,23.01
688593.SH,20260910,28.96,28.96,28.96,28.96,34686.0,1004507.04,28.96
688595.SH,20260910,28.55,28.55,28.55,28.55,16913.0,482866.0,28.55
688596.SH,20260910,61.54,61.54,61.54,61.54,14058.0,865128.96,61.54
688597.SH,20260910,6.42,6.42,6.42,6.42,8806.0,56535.0,6.42
688598.SH,20260910,32.48,32.48,32.48,32.48,33078.0,1074372.96,32.48
688599.SH,20260910,11.2,11.2,11.2,11.2,203962.0,2284374.08,11.2
688600.SH,20260910,33.6,33.47,33.6,33.46,41541.0,1390524.96,33.47
688601.SH,20260910,60.58,60.58,60.58,60.58,1200.0,72696.0,60.58
688602.SH,20260910,6.86,6.86,6.86,6.86,12461.0,85482.0,6.86
688603.SH,20260910,112.66,112.66,112.66,112.66,25805.0,2907191.04,112.66
688605.SH,20260910,79.03,79.03,79.03,79.03,16425.0,1298068.0,79.03
688606.SH,20260910,45.89,45.89,45.89,45.89,716.0,32857.0,45.89
688607.SH,20260910,39.99,39.99,39.99,39.99,3154.0,126128.0,39.99
688608.SH,20260910,93.1,93.1,93.1,93.1,17651.0,1643308.0,93.1
688609.SH,20260910,9.02,9.02,9.02,9.02,22740.0,205115.0,9.02
688610.SH,20260910,153.23,153.23,153.23,153.23,3336.0,511175.0,153.23
688611.SH,20260910,62.85,62.85,62.85,62.85,11245.0,706748.0,62.85
688612.SH,20260910,39.08,39.08,39.08,39.08,14723.0,575375.0,39.08
688613.SH,20260910,15.73,15.73,15.73,15.73,1100.0,17303.0,15.73
688615.SH,20260910,89.9,89.9,89.9,89.9,3950.0,355105.0,89.9
688616.SH,20260910,11.08,11.08,11.08,11.08,4371.0,48431.0,11.08
688617.SH,20260910,239.44,239.44,239.44,239.44,2282.0,546402.0,239.44
688618.SH,20260910,29.34,29.34,29.34,29.34,3600.0,105624.0,29.34
688619.SH,20260910,14.34,14.34,14.34,14.34,1950.0,27963.0,14.34
688620.SH,20260910,15.12,15.12,15.12,15.12,40980.0,619618.0,15.12
688621.SH,20260910,68.88,68.88,68.88,68.88,164.0,11296.0,68.88
688622.SH,20260910,102.11,102.11,102.11,102.11,1000.0,102110.0,102.11
688623.SH,20260910,55.56,55.56,55.56,55.56,933.0,51837.0,55.56
688625.SH,20260910,55.63,55.63,55.63,55.63,700.0,38941.0,55.63
688626.SH,20260910,38.91,38.91,38.91,38.91,1831.0,71244.0,38.91
688627.SH,20260910,474.21,470.58,474.21,470.58,13920.0,6553096.96,470.77
688628.SH,20260910,80.07,80.07,80.07,80.07,32331.0,2588743.04,80.07
688629.SH,20260910,125.5,125.5,125.5,125.5,46670.0,5857084.8,125.5
688630.SH,20260910,407.26,407.26,407.26,407.26,13242.0,5392936.96,407.26
688631.SH,20260910,39.13,39.13,39.13,39.13,0.0,0.0,39.13
688633.SH,20260910,22.5,22.5,22.5,22.5,4700.0,105750.0,22.5
688635.SH,20260910,270.01,270.01,270.01,270.01,14057.0,3795530.88,270.01
688636.SH,20260910,20.63,20.63,20.63,20.63,11176.0,230561.0,20.63
688638.SH,20260910,32.39,32.39,32.39,32.39,1479.0,47905.0,32.39
688639.SH,20260910,17.79,17.79,17.79,17.79,19149.0,340661.0,17.79
688646.SH,20260910,79.02,79.02,79.02,79.02,7125.0,563018.0,79.02
688648.SH,20260910,31.68,31.68,31.68,31.68,4380.0,138758.0,31.68
688651.SH,20260910,23.35,23.35,23.35,23.35,4516.0,105449.0,23.35
688652.SH,20260910,127.33,127.33,127.33,127.33,8252.0,1050727.04,127.33
688653.SH,20260910,13.3,13.3,13.3,13.3,14903.0,198210.0,13.3
688655.SH,20260910,54.81,54.81,54.81,54.81,110394.0,6050695.04,54.81
688656.SH,20260910,128.23,128.23,128.23,128.23,8992.0,1153044.0,128.23
688657.SH,20260910,32.32,32.32,32.32,32.32,0.0,0.0,32.32
688658.SH,20260910,12.9,12.99,12.99,12.9,6088.0,78755.0,12.94
688659.SH,20260910,9.6,9.6,9.6,9.6,5886.0,56506.0,9.6
688660.SH,20260910,8.9,8.86,8.9,8.86,199720.0,1769635.04,8.86
688661.SH,20260910,104.1,104.1,104.1,104.1,18725.0,1949272.96,104.1
688662.SH,20260910,81.8,81.8,81.8,81.8,22451.0,1836492.0,81.8
688663.SH,20260910,55.98,55.98,55.98,55.98,1305.0,73054.0,55.98
688665.SH,20260910,43.74,43.74,43.74,43.74,0.0,0.0,43.74
688667.SH,20260910,97.66,97.66,97.66,97.66,3909.0,381753.0,97.66
688668.SH,20260910,260.0,260.5,260.5,260.0,10415.0,2712744.0,260.47
688669.SH,20260910,72.34,72.34,72.34,72.34,2947.0,213186.0,72.34
688670.SH,20260910,17.23,17.23,17.23,17.23,6485.0,111737.0,17.23
688671.SH,20260910,24.65,24.65,24.65,24.65,3400.0,83810.0,24.65
688676.SH,20260910,66.63,66.63,66.63,66.63,56337.0,3753734.08,66.63
688677.SH,20260910,90.55,90.55,90.55,90.55,89556.0,8109296.0,90.55
688678.SH,20260910,21.89,21.89,21.89,21.89,60439.0,1323010.0,21.89
688679.SH,20260910,41.85,41.85,41.85,41.85,3400.0,142290.0,41.85
688680.SH,20260910,32.0,32.0,32.0,32.0,2000.0,64000.0,32.0
688681.SH,20260910,15.63,15.63,15.63,15.63,2979.0,46562.0,15.63
688682.SH,20260910,30.67,30.67,30.67,30.67,1300.0,39871.0,30.67
688683.SH,20260910,28.64,28.64,28.64,28.64,2377.0,68077.0,28.64
688685.SH,20260910,37.4,37.4,37.4,37.4,3649.0,136473.0,37.4
688686.SH,20260910,142.51,142.51,142.51,142.51,4214.0,600537.0,142.51
688687.SH,20260910,17.47,17.47,17.47,17.47,400.0,6988.0,17.47
688689.SH,20260910,37.43,37.43,37.43,37.43,14191.0,531169.0,37.43
688690.SH,20260910,42.88,42.85,42.88,42.85,58031.0,2486656.0,42.85
688691.SH,20260910,60.47,60.47,60.47,60.47,3665.0,221623.0,60.47
688692.SH,20260910,206.06,206.06,206.06,206.06,4256.0,876991.04,206.06
688693.SH,20260910,74.66,74.66,74.66,74.66,4251.0,317380.0,74.66
688695.SH,20260910,19.28,19.28,19.28,19.28,17811.0,343396.0,19.28
688696.SH,20260910,86.0,86.0,86.0,86.0,1164.0,100104.0,86.0
688697.SH,20260910,14.56,14.56,14.56,14.56,3327.0,48441.0,14.56
688698.SH,20260910,42.06,42.06,42.06,42.06,4007.0,168534.0,42.06
688699.SH,20260910,56.63,56.63,56.63,56.63,3313.0,187615.0,56.63
688700.SH,20260910,63.98,64.0,64.0,63.98,50205.0,3213107.84,64.0
688701.SH,20260910,9.17,9.17,9.17,9.17,18231.0,167178.0,9.17
688702.SH,20260910,309.57,309.57,309.57,309.57,20128.0,6231025.28,309.57
688707.SH,20260910,10.33,10.33,10.33,10.33,2982.0,30804.0,10.33
688708.SH,20260910,43.55,43.55,43.55,43.55,12857.0,559922.0,43.55
688709.SH,20260910,23.7,23.7,23.7,23.7,21066.0,499264.0,23.7
688710.SH,20260910,85.2,85.2,85.2,85.2,13790.0,1174908.0,85.2
688711.SH,20260910,23.6,23.6,23.6,23.6,14736.0,347770.0,23.6
688712.SH,20260910,30.19,30.19,30.19,30.19,970.0,29284.0,30.19
688716.SH,20260910,26.87,26.87,26.87,26.87,3454.0,92809.0,26.87
688717.SH,20260910,43.85,43.85,43.85,43.85,5920.0,259592.0,43.85
688718.SH,20260910,13.87,13.87,13.87,13.87,12800.0,177536.0,13.87
688719.SH,20260910,55.75,55.75,55.75,55.75,18105.0,1009354.0,55.75
688720.SH,20260910,60.5,60.5,60.5,60.5,7994.0,483637.0,60.5
688721.SH,20260910,39.2,39.2,39.2,39.2,17974.0,704580.96,39.2
688722.SH,20260910,14.45,14.44,14.45,14.44,22115.0,319352.0,14.44
688726.SH,20260910,42.35,42.35,42.35,42.35,8108.0,343374.0,42.35
688727.SH,20260910,44.61,44.61,44.61,44.61,1858.0,82885.0,44.61
688728.SH,20260910,13.93,13.93,13.93,13.93,38785.0,540275.0,13.93
688729.SH,20260910,22.18,22.15,22.18,22.15,35528.0,786966.0,22.15
688733.SH,20260910,28.4,28.4,28.4,28.4,19249.0,546672.0,28.4
688737.SH,20260910,17.03,17.03,17.03,17.03,2500.0,42575.0,17.03
688739.SH,20260910,20.4,20.4,20.4,20.4,13080.0,266832.0,20.4
688750.SH,20260910,14.6,14.6,14.6,14.6,2464.0,35974.0,14.6
688755.SH,20260910,26.0,26.0,26.0,26.0,3920.0,101920.0,26.0
688757.SH,20260910,30.0,30.0,30.0,30.0,16569.0,497070.0,30.0
688758.SH,20260910,28.68,28.12,28.68,28.08,42449.0,1195814.0,28.17
688759.SH,20260910,21.42,21.42,21.42,21.42,7640.0,163649.0,21.42
688765.SH,20260910,37.6,37.6,37.6,37.6,7052.0,265155.0,37.6
688766.SH,20260910,389.0,389.0,389.0,389.0,53280.0,20725920.0,389.0
688767.SH,20260910,37.49,37.49,37.49,37.49,400.0,14996.0,37.49
688768.SH,20260910,42.86,42.86,42.86,42.86,2160.0,92578.0,42.86
688772.SH,20260910,15.08,15.08,15.08,15.08,47450.0,715546.0,15.08
688775.SH,20260910,101.29,101.29,101.29,101.29,46001.0,4659440.96,101.29
688776.SH,20260910,46.51,46.51,46.51,46.51,3981.0,185156.0,46.51
688777.SH,20260910,85.55,85.55,85.55,85.54,14736.0,1260664.0,85.55
688778.SH,20260910,44.17,44.17,44.17,44.17,21162.0,934726.0,44.17
688779.SH,20260910,7.71,7.71,7.71,7.71,130267.0,1004359.04,7.71
688781.SH,20260910,38.4,38.4,38.4,38.4,11038.0,423859.0,38.4
688783.SH,20260910,26.6,26.6,26.6,26.6,50960.0,1355536.0,26.6
688785.SH,20260910,292.0,292.0,292.0,292.0,1458.0,425736.0,292.0
688786.SH,20260910,25.7,25.7,25.7,25.7,2731.0,70187.0,25.7
688787.SH,20260910,91.68,91.68,91.68,91.68,3469.0,318038.0,91.68
688788.SH,20260910,29.8,29.8,29.8,29.8,8585.0,255833.0,29.8
688789.SH,20260910,40.83,40.83,40.83,40.83,2400.0,97992.0,40.83
688790.SH,20260910,100.37,100.37,100.37,100.37,6157.0,617978.0,100.37
688793.SH,20260910,18.1,18.1,18.1,18.1,8245.0,149235.0,18.1
688795.SH,20260910,383.5,383.5,383.5,383.5,39382.0,15102996.48,383.5
688796.SH,20260910,127.0,127.0,127.0,127.0,11913.0,1512951.04,127.0
688797.SH,20260910,252.0,252.0,252.0,252.0,11933.0,3007116.16,252.0
688798.SH,20260910,58.87,58.87,58.87,58.87,12249.0,721099.04,58.87
688799.SH,20260910,47.93,47.93,47.93,47.93,5807.0,278330.0,47.93
688800.SH,20260910,67.0,67.0,67.0,67.0,40302.0,2700233.92,67.0
688802.SH,20260910,518.0,518.0,518.0,518.0,18890.0,9785020.16,518.0
688805.SH,20260910,40.04,40.04,40.04,40.04,4532.0,181461.0,40.04
688806.SH,20260910,21.56,21.56,21.56,21.56,14092.0,303824.0,21.56
688807.SH,20260910,329.0,329.0,329.0,329.0,8294.0,2728726.08,329.0
688808.SH,20260910,2420.0,2420.0,2420.0,2420.0,4035.0,9764700.16,2420.0
688809.SH,20260910,477.0,477.0,477.0,477.0,6042.0,2882033.92,477.0
688811.SH,20260910,20.05,20.05,20.05,20.05,2922.0,58586.0,20.05
688813.SH,20260910,116.0,116.0,116.0,116.0,20772.0,2409552.0,116.0
688816.SH,20260910,47.3,47.3,47.3,47.3,919.0,43469.0,47.3
688818.SH,20260910,43.2,43.2,43.2,43.2,8412.0,363398.0,43.2
688819.SH,20260910,21.33,21.33,21.33,21.33,1972.0,42063.0,21.33
688820.SH,20260910,123.01,123.0,123.13,123.0,37597.0,4624478.08,123.0
688825.SH,20260910,57.38,57.04,57.38,57.02,2116542.08,120761344.0,57.06
688826.SH,20260910,762.3,762.3,762.3,762.3,5146.0,3922796.16,762.3
688828.SH,20260910,86.8,86.8,86.8,86.8,16156.0,1402340.96,86.8
688835.SH,20260910,258.0,258.0,258.0,258.0,14133.0,3646313.92,258.0
688836.SH,20260910,508.0,508.0,508.0,508.0,19838.0,10077703.68,508.0
688981.SH,20260910,119.99,120.0,120.0,119.99,91080.0,10929597.44,120.0
689009.SH,20260910,38.15,38.15,38.15,38.15,26120.0,996478.0,38.15
920001.BJ,20260910,11.64,11.64,11.64,11.64,901.0,10479.55,11.63
920002.BJ,20260910,51.74,51.71,51.74,51.71,1822.0,94272.62,51.74
920003.BJ,20260910,15.78,15.78,15.78,15.78,100.0,1578.0,15.78
920005.BJ,20260910,24.38,24.38,24.38,24.38,200.0,4876.0,24.38
920006.BJ,20260910,19.5,19.33,19.5,19.33,166967.0,3228975.04,19.34
920007.BJ,20260910,33.2,33.2,33.2,33.2,200.0,6640.0,33.2
920008.BJ,20260910,22.29,21.85,22.29,21.85,135594.0,2964567.04,21.86
920009.BJ,20260910,34.68,34.56,34.68,34.56,4629.0,160314.24,34.63
920010.BJ,20260910,10.3,10.16,10.3,10.16,504190.0,5140098.88,10.2
920011.BJ,20260910,18.58,18.6,18.6,18.58,6004.0,111626.2,18.59
920012.BJ,20260910,48.98,48.91,48.98,48.91,3176.0,155345.16,48.91
920014.BJ,20260910,9.29,9.28,9.29,9.28,40827.0,377770.28,9.25
920015.BJ,20260910,37.96,37.98,37.98,37.96,5136.0,195055.28,37.98
920016.BJ,20260910,14.31,14.31,14.31,14.31,4091.0,58542.21,14.31
920017.BJ,20260910,16.34,16.37,16.37,16.34,1690.0,27650.6,16.36
920018.BJ,20260910,15.51,15.57,15.57,15.51,14090.0,219222.52,15.56
920019.BJ,20260910,17.7,17.79,17.79,17.7,219727.0,3899982.72,17.75
920020.BJ,20260910,14.83,14.83,14.83,14.83,100.0,1483.0,14.83
920021.BJ,20260910,8.0,8.0,8.0,8.0,550505.0,4402685.12,8.0
920023.BJ,20260910,1.52,1.52,1.52,1.52,39248.0,59656.96,1.52
920026.BJ,20260910,18.9,19.0,19.0,18.9,26932.0,512088.52,19.01
920028.BJ,20260910,14.68,14.68,14.68,14.68,2800.0,41124.0,14.69
920029.BJ,20260910,33.35,33.35,33.35,33.35,7678.0,256061.3,33.35
920030.BJ,20260910,4.94,4.94,4.94,4.94,10824.0,53470.56,4.94
920033.BJ,20260910,14.57,14.63,14.63,14.57,20993.0,307037.6,14.63
920035.BJ,20260910,24.32,24.32,24.32,24.32,100.0,2432.0,24.32
920036.BJ,20260910,31.45,31.45,31.45,31.45,1264.0,39752.8,31.45
920037.BJ,20260910,39.5,39.5,39.5,39.5,1228.0,48506.0,39.5
920038.BJ,20260910,38.05,38.3,38.3,38.05,30239.0,1153870.64,38.16
920045.BJ,20260910,509.0,507.62,509.0,507.62,52754.0,26744552.96,506.97
920046.BJ,20260910,20.56,20.56,20.56,20.56,41025.0,843561.2,20.56
920047.BJ,20260910,15.57,15.57,15.57,15.57,9138.0,142331.42,15.58
920050.BJ,20260910,28.84,28.84,28.84,28.84,600.0,17304.0,28.84
920055.BJ,20260910,26.5,26.55,26.55,26.5,1100.0,29155.0,26.51
920056.BJ,20260910,14.93,14.93,14.93,14.93,1800.0,26874.0,14.93
920057.BJ,20260910,5.0,5.0,5.0,5.0,2100.0,10500.0,5.0
920058.BJ,20260910,30.3,30.4,30.4,30.3,2874.0,87339.6,30.39
920059.BJ,20260910,13.1,13.1,13.1,13.1,10870.0,142478.22,13.11
920060.BJ,20260910,22.89,22.89,22.89,22.89,28410.0,649824.44,22.87
920062.BJ,20260910,7.41,7.44,7.44,7.41,18909.0,140768.06,7.44
920065.BJ,20260910,33.75,33.75,33.75,33.75,10862.0,366368.04,33.73
920066.BJ,20260910,18.48,18.48,18.48,18.48,4761.0,87983.28,18.48
920068.BJ,20260910,16.91,17.12,17.12,16.91,29266.0,499638.48,17.07
920069.BJ,20260910,33.6,33.6,33.6,33.6,5196.0,174585.6,33.6
920071.BJ,20260910,25.98,25.8,25.98,25.8,368143.0,9506549.76,25.82
920075.BJ,20260910,17.47,17.5,17.5,17.47,11889.0,208043.7,17.5
920076.BJ,20260910,12.97,12.97,12.97,12.97,2100.0,27237.0,12.97
920077.BJ,20260910,14.09,14.08,14.09,14.08,13276.0,187388.08,14.12
920078.BJ,20260910,18.61,18.61,18.61,18.61,9357.0,174185.76,18.62
920079.BJ,20260910,13.49,13.49,13.49,13.49,300.0,4047.0,13.49
920080.BJ,20260910,21.81,21.81,21.81,21.81,964.0,21024.84,21.81
920081.BJ,20260910,41.9,41.9,41.9,41.9,4683.0,196217.7,41.9
920083.BJ,20260910,36.77,36.5,36.77,36.5,68166.0,2488506.56,36.51
920087.BJ,20260910,18.05,18.18,18.18,18.05,143655.0,2611420.96,18.18
920088.BJ,20260910,51.56,51.6,51.6,51.56,367845.0,19015932.16,51.7
920089.BJ,20260910,10.29,10.29,10.29,10.29,7800.0,80217.65,10.28
920090.BJ,20260910,3.61,3.61,3.61,3.61,3000.0,10830.0,3.61
920091.BJ,20260910,28.4,28.4,28.4,28.4,2470.0,70148.0,28.4
920092.BJ,20260910,26.59,26.6,26.6,26.59,10887.0,289578.16,26.6
920093.BJ,20260910,19.38,19.38,19.38,19.38,3114.0,60349.32,19.38
920096.BJ,20260910,32.4,32.5,32.5,32.4,3936.0,127864.4,32.49
920098.BJ,20260910,19.92,20.0,20.0,19.92,9686.0,193582.98,19.99
920099.BJ,20260910,17.5,17.5,17.5,17.5,3634.0,63595.0,17.5
920100.BJ,20260910,30.57,30.78,30.78,30.57,2100.0,64494.0,30.71
920101.BJ,20260910,16.71,16.71,16.71,16.71,2100.0,35091.0,16.71
920106.BJ,20260910,37.22,37.22,37.22,37.22,2100.0,78162.0,37.22
920107.BJ,20260910,19.9,19.99,19.99,19.9,6391.0,127777.9,19.99
920108.BJ,20260910,9.11,9.13,9.13,9.11,1300.0,11865.0,9.13
920110.BJ,20260910,27.08,27.08,27.08,27.08,350.0,9478.0,27.08
920111.BJ,20260910,27.27,27.41,27.41,27.27,2908.0,79448.16,27.32
920112.BJ,20260910,15.53,15.53,15.53,15.53,1000.0,15530.0,15.53
920116.BJ,20260910,44.68,44.68,44.68,44.68,5292.0,236256.56,44.64
920117.BJ,20260910,26.1,26.12,26.12,26.1,20666.0,539594.88,26.11
920118.BJ,20260910,21.56,21.56,21.56,21.56,300.0,6468.0,21.56
920119.BJ,20260910,58.68,58.86,58.86,58.68,4421.0,260112.06,58.84
920121.BJ,20260910,28.35,28.35,28.35,28.35,400.0,11340.0,28.35
920122.BJ,20260910,24.28,24.41,24.41,24.28,7549.0,184232.02,24.41
920123.BJ,20260910,11.39,11.38,11.39,11.38,4600.0,52350.0,11.38
920125.BJ,20260910,138.0,134.0,138.0,134.0,18923.0,2568678.56,135.74
920126.BJ,20260910,10.32,10.39,10.39,10.32,39734.0,412608.64,10.38
920128.BJ,20260910,19.83,19.9,19.9,19.83,145982.0,2903130.88,19.89
920130.BJ,20260910,17.21,17.21,17.21,17.21,296.0,5094.16,17.21
920132.BJ,20260910,9.23,9.23,9.23,9.23,300.0,2769.0,9.23
920136.BJ,20260910,21.83,21.83,21.83,21.83,10613.0,231681.8,21.83
920138.BJ,20260910,32.66,32.65,32.66,32.65,35235.0,1151618.0,32.68
920139.BJ,20260910,14.79,14.8,14.8,14.79,65839.0,974164.4,14.8
920145.BJ,20260910,10.68,10.68,10.68,10.68,5536.0,59104.48,10.68
920146.BJ,20260910,5.23,5.23,5.23,5.23,12235.0,63989.05,5.23
920149.BJ,20260910,8.93,8.96,8.96,8.93,2000.0,17914.0,8.96
920152.BJ,20260910,12.92,12.92,12.92,12.92,800.0,10336.0,12.92
920156.BJ,20260910,36.21,36.21,36.21,36.21,600.0,21726.0,36.21
920158.BJ,20260910,8.77,8.79,8.79,8.77,48576.0,427026.92,8.79
920159.BJ,20260910,35.77,35.89,35.89,35.77,33641.0,1204924.48,35.82
920160.BJ,20260910,19.73,19.53,19.73,19.53,2400.0,46992.0,19.58
920161.BJ,20260910,21.13,21.16,21.16,21.13,23616.0,499724.36,21.16
920163.BJ,20260910,10.82,10.82,10.82,10.82,4724.0,51113.68,10.82
920165.BJ,20260910,34.79,34.79,34.79,34.79,10733.0,373398.08,34.79
920166.BJ,20260910,20.48,20.17,20.48,20.17,3500.0,70905.0,20.26
920168.BJ,20260910,15.85,15.9,15.9,15.85,1600.0,25406.0,15.88
920169.BJ,20260910,22.99,23.01,23.01,22.99,58735.0,1350748.16,23.0
920171.BJ,20260910,16.35,16.33,16.35,16.33,24897.0,407628.52,16.37
920174.BJ,20260910,32.85,32.86,32.86,32.85,2950.0,96934.0,32.86
920175.BJ,20260910,7.95,7.95,7.95,7.95,8381.0,66628.96,7.95
920176.BJ,20260910,65.9,65.75,65.9,65.75,18986.0,1249125.12,65.79
920178.BJ,20260910,92.11,92.0,92.11,92.0,47268.0,4351545.6,92.06
920179.BJ,20260910,55.21,55.5,55.5,55.21,15810.0,876124.16,55.42
920180.BJ,20260910,12.3,12.4,12.4,12.3,6381.0,78824.4,12.35
920181.BJ,20260910,67.97,68.49,68.49,67.97,1901.0,129339.5,68.04
920183.BJ,20260910,31.0,31.0,31.0,31.0,5480.0,169829.6,30.99
920184.BJ,20260910,12.18,12.07,12.18,12.07,9125.0,110160.76,12.07
920185.BJ,20260910,20.58,20.6,20.6,20.58,3600.0,74138.0,20.59
920186.BJ,20260910,72.1,72.22,72.22,72.1,27928.0,2016660.0,72.21
920187.BJ,20260910,17.85,17.85,17.85,17.85,100.0,1785.0,17.85
920188.BJ,20260910,23.59,23.59,23.59,23.59,6298.0,148564.62,23.59
920189.BJ,20260910,20.06,20.06,20.06,20.06,52316.0,1049394.64,20.06
920190.BJ,20260910,25.2,25.2,25.2,25.2,6655.0,167701.12,25.2
920191.BJ,20260910,9.1,9.1,9.1,9.1,1000.0,9100.0,9.1
920193.BJ,20260910,29.88,29.9,29.9,29.88,26004.0,777494.8,29.9
920195.BJ,20260910,12.99,12.99,12.99,12.99,200.0,2598.0,12.99
920198.BJ,20260910,8.28,8.07,8.28,8.07,27328.0,224706.92,8.22
920199.BJ,20260910,24.81,24.81,24.81,24.81,3789.0,93928.2,24.79
920200.BJ,20260910,26.11,26.15,26.15,26.11,4973.0,130036.96,26.15
920204.BJ,20260910,13.71,13.71,13.71,13.71,2000.0,27428.46,13.71
920206.BJ,20260910,40.31,40.31,40.31,40.31,9359.0,377416.28,40.33
920207.BJ,20260910,21.3,21.31,21.31,21.3,8176.0,173529.48,21.22
920208.BJ,20260910,12.48,12.48,12.48,12.48,8513.0,106242.24,12.48
920211.BJ,20260910,93.51,93.51,93.51,93.51,400.0,37469.0,93.67
920212.BJ,20260910,11.3,11.3,11.3,11.3,40321.0,455290.36,11.29
920218.BJ,20260910,15.25,15.25,15.25,15.25,300.0,4575.0,15.25
920220.BJ,20260910,41.6,41.6,41.6,41.6,2379.0,98966.4,41.6
920221.BJ,20260910,12.83,12.83,12.83,12.83,100.0,1283.0,12.83
920222.BJ,20260910,27.99,27.96,27.99,27.96,8720.0,243814.2,27.96
920223.BJ,20260910,14.42,14.48,14.48,14.42,124850.0,1806158.08,14.47
920225.BJ,20260910,16.7,16.7,16.7,16.7,40985.0,684549.52,16.7
920227.BJ,20260910,49.33,48.68,49.33,48.68,1300.0,63671.0,48.98
920230.BJ,20260910,11.46,11.5,11.5,11.46,156502.0,1800159.2,11.5
920237.BJ,20260910,11.64,11.64,11.64,11.64,2000.0,23280.0,11.64
920238.BJ,20260910,64.33,64.39,64.39,64.33,16887.0,1087232.24,64.38
920239.BJ,20260910,21.8,21.79,21.8,21.79,2726.0,59407.24,21.79
920242.BJ,20260910,14.5,14.16,14.5,14.16,7300.0,104984.52,14.38
920245.BJ,20260910,14.42,14.48,14.48,14.42,3200.0,46325.0,14.48
920247.BJ,20260910,14.68,14.68,14.68,14.68,1501.0,22034.68,14.68
920249.BJ,20260910,9.02,9.04,9.04,9.02,70735.0,639215.36,9.04
920252.BJ,20260910,15.33,15.33,15.33,15.33,9693.0,148606.78,15.33
920258.BJ,20260910,11.03,11.03,11.03,11.03,1500.0,16545.0,11.03
920260.BJ,20260910,8.74,8.74,8.74,8.74,34200.0,298710.88,8.73
920261.BJ,20260910,13.83,13.83,13.83,13.83,4796.0,66328.68,13.83
920262.BJ,20260910,14.9,14.9,14.9,14.9,39837.0,594091.32,14.91
920263.BJ,20260910,6.9,6.9,6.9,6.9,6083.0,41972.7,6.9
920266.BJ,20260910,7.36,7.36,7.36,7.36,3529.0,25973.44,7.36
920267.BJ,20260910,16.52,16.52,16.52,16.52,2300.0,37996.0,16.52
920268.BJ,20260910,27.64,27.6,27.64,27.6,564585.0,15611604.48,27.65
920269.BJ,20260910,35.0,35.0,35.0,35.0,19221.0,673156.16,35.02
920270.BJ,20260910,11.9,11.9,11.9,11.9,31.0,368.9,11.9
920271.BJ,20260910,9.35,9.35,9.35,9.35,1.0,9.35,9.35
920273.BJ,20260910,20.45,20.45,20.45,20.45,21211.0,434037.8,20.46
920274.BJ,20260910,17.01,17.0,17.01,17.0,23812.0,404738.24,17.0
920275.BJ,20260910,7.45,7.45,7.45,7.45,88463.0,658967.92,7.45
920278.BJ,20260910,6.52,6.52,6.52,6.52,100.0,652.0,6.52
920284.BJ,20260910,16.49,16.49,16.49,16.49,3182.0,52610.7,16.53
920288.BJ,20260910,17.93,17.93,17.93,17.93,16945.0,303396.04,17.91
920289.BJ,20260910,26.3,26.28,26.3,26.28,19663.0,516788.12,26.28
920299.BJ,20260910,15.16,15.16,15.16,15.16,6900.0,104583.44,15.16
920300.BJ,20260910,9.94,9.93,9.94,9.93,1300.0,12919.0,9.94
920304.BJ,20260910,10.38,10.55,10.55,10.38,34701.0,365291.52,10.53
920339.BJ,20260910,10.68,10.68,10.68,10.68,3401.0,36322.68,10.68
920344.BJ,20260910,20.35,20.35,20.35,20.35,1600.0,32560.0,20.35
920346.BJ,20260910,15.56,15.61,15.61,15.56,9200.0,143281.0,15.57
920351.BJ,20260910,14.41,14.2,14.41,14.2,26716.0,382248.64,14.31
920357.BJ,20260910,15.02,15.1,15.1,15.02,37206.0,561967.92,15.1
920363.BJ,20260910,10.51,10.34,10.51,10.34,1855.0,19462.05,10.49
920367.BJ,20260910,25.6,25.66,25.66,25.6,24421.0,624879.08,25.59
920368.BJ,20260910,23.38,23.46,23.46,23.38,12988.0,304256.06,23.43
920370.BJ,20260910,3.06,3.06,3.06,3.06,149.0,455.94,3.06
920371.BJ,20260910,9.25,9.34,9.34,9.25,272012.0,2542584.96,9.35
920374.BJ,20260910,15.7,15.69,15.7,15.69,15548.0,244623.1,15.73
920375.BJ,20260910,6.66,6.69,6.69,6.66,12526.0,83619.81,6.68
920378.BJ,20260910,7.14,7.14,7.14,7.14,100.0,714.0,7.14
920392.BJ,20260910,14.64,14.67,14.67,14.64,13613.0,199669.7,14.67
920394.BJ,20260910,45.25,45.21,45.25,45.21,517.0,23374.25,45.21
920395.BJ,20260910,7.2,7.15,7.2,7.15,11261.0,80566.15,7.15
920396.BJ,20260910,20.1,20.02,20.1,20.02,4577.0,91689.24,20.03
920402.BJ,20260910,8.73,8.75,8.75,8.73,8805.0,77033.64,8.75
920403.BJ,20260910,23.02,23.12,23.12,23.02,38268.0,884677.92,23.12
920405.BJ,20260910,15.98,15.98,15.98,15.98,2000.0,31960.0,15.98
920407.BJ,20260910,11.52,11.57,11.57,11.52,24560.0,279607.28,11.39
920414.BJ,20260910,8.38,8.38,8.38,8.38,6300.0,52794.0,8.38
920415.BJ,20260910,9.39,9.39,9.39,9.39,24569.0,231037.04,9.4
920418.BJ,20260910,18.3,18.35,18.35,18.3,9811.0,179920.8,18.34
920419.BJ,20260910,12.14,12.14,12.14,12.14,2100.0,25494.0,12.14
920422.BJ,20260910,10.06,10.21,10.21,10.06,16190.0,164331.62,10.15
920425.BJ,20260910,14.57,14.57,14.57,14.57,700.0,10199.0,14.57
920427.BJ,20260910,8.86,8.86,8.86,8.86,2100.0,18606.0,8.86
920429.BJ,20260910,11.19,11.1,11.19,11.1,1100.0,12300.0,11.18
920433.BJ,20260910,4.94,4.94,4.94,4.94,500.0,2470.0,4.94
920436.BJ,20260910,11.65,11.65,11.65,11.65,3400.0,39610.0,11.65
920438.BJ,20260910,96.2,96.38,96.38,96.2,12613.0,1215232.88,96.35
920445.BJ,20260910,7.51,7.52,7.52,7.51,18606.0,139900.12,7.52
920455.BJ,20260910,6.69,6.69,6.69,6.69,100.0,669.0,6.69
920469.BJ,20260910,6.06,6.06,6.06,6.06,18484.0,112013.04,6.06
920471.BJ,20260910,13.0,13.1,13.1,13.0,9494.0,124271.4,13.09
920475.BJ,20260910,11.7,11.7,11.7,11.7,15582.0,185112.0,11.88
920476.BJ,20260910,23.15,23.3,23.3,23.15,26618.0,620049.36,23.29
920478.BJ,20260910,10.0,10.0,10.0,10.0,5318.0,53180.0,10.0
920489.BJ,20260910,12.52,12.54,12.54,12.52,9930.0,124489.6,12.54
920491.BJ,20260910,22.4,22.4,22.4,22.4,900.0,20161.0,22.4
920493.BJ,20260910,115.0,115.0,115.0,115.0,4905.0,564731.76,115.13
920504.BJ,20260910,19.05,19.05,19.05,19.05,900.0,17145.0,19.05
920505.BJ,20260910,27.67,27.68,27.68,27.67,8019.0,221599.74,27.63
920508.BJ,20260910,15.7,15.7,15.7,15.7,2500.0,39250.0,15.7
920509.BJ,20260910,21.31,21.35,21.35,21.31,25247.0,538766.0,21.34
920510.BJ,20260910,20.23,20.5,20.5,20.23,21353.0,437308.64,20.48
920519.BJ,20260910,10.94,10.94,10.94,10.94,17962.0,196504.28,10.94
920522.BJ,20260910,18.25,18.25,18.25,18.25,49296.0,900043.04,18.26
920523.BJ,20260910,15.28,15.28,15.28,15.28,1977.0,30210.82,15.28
920526.BJ,20260910,19.3,19.39,19.39,19.3,20647.0,399251.4,19.34
920527.BJ,20260910,16.21,16.23,16.23,16.21,28604.0,464224.92,16.23
920533.BJ,20260910,19.4,19.41,19.41,19.4,11255.0,218390.54,19.4
920541.BJ,20260910,10.08,10.08,10.08,10.08,300.0,3024.0,10.08
920547.BJ,20260910,19.66,19.7,19.7,19.66,4900.0,96512.58,19.7
920553.BJ,20260910,7.11,7.1,7.11,7.1,1200.0,8530.0,7.11
920556.BJ,20260910,6.95,6.94,6.95,6.94,400.0,2779.0,6.95
920564.BJ,20260910,14.9,14.9,14.9,14.9,71273.0,1063973.12,14.93
920566.BJ,20260910,9.7,9.68,9.7,9.68,7697.0,74530.96,9.68
920570.BJ,20260910,24.11,24.11,24.11,24.11,5050.0,122837.0,24.32
920571.BJ,20260910,10.98,10.76,10.98,10.76,784546.0,8476524.16,10.8
920575.BJ,20260910,5.12,5.12,5.12,5.12,19098.0,97781.76,5.12
920576.BJ,20260910,39.81,40.0,40.0,39.81,7474.0,298423.62,39.93
920578.BJ,20260910,17.38,17.32,17.38,17.32,5880.0,101847.6,17.32
920580.BJ,20260910,11.44,11.44,11.44,11.44,700.0,8008.0,11.44
920592.BJ,20260910,26.67,26.1,26.67,26.1,81902.0,2145448.8,26.2
920593.BJ,20260910,23.5,23.5,23.5,23.5,2749.0,64601.5,23.5
920599.BJ,20260910,18.34,18.34,18.34,18.34,4700.0,86198.0,18.34
920608.BJ,20260910,15.73,15.76,15.76,15.73,38278.0,603363.08,15.76
920627.BJ,20260910,13.89,13.91,13.91,13.89,8598.0,119711.62,13.92
920634.BJ,20260910,17.52,17.59,17.59,17.52,7714.0,135590.1,17.58
920639.BJ,20260910,6.42,6.43,6.43,6.42,102474.0,658604.8,6.43
920640.BJ,20260910,26.45,26.4,26.45,26.4,43675.0,1153094.48,26.4
920641.BJ,20260910,14.27,13.96,14.27,13.96,6191.0,86636.36,13.99
920642.BJ,20260910,10.35,10.31,10.35,10.31,44468.0,458825.84,10.32
920656.BJ,20260910,15.05,15.05,15.05,15.05,1159.0,17449.95,15.06
920662.BJ,20260910,20.14,20.45,20.45,20.14,8376.0,171258.2,20.45
920665.BJ,20260910,8.98,9.08,9.08,8.98,7081.0,64143.2,9.06
920670.BJ,20260910,13.19,13.23,13.23,13.19,2000.0,26440.0,13.22
920675.BJ,20260910,7.99,7.94,7.99,7.94,7490.0,59662.8,7.97
920679.BJ,20260910,15.96,15.96,15.96,15.96,700.0,11172.0,15.96
920682.BJ,20260910,6.17,6.18,6.18,6.17,30081.0,185899.58,6.18
920685.BJ,20260910,12.36,12.36,12.36,12.36,500.0,6180.0,12.36
920689.BJ,20260910,20.81,20.81,20.81,20.81,1469.0,30569.89,20.81
920690.BJ,20260910,15.5,15.5,15.5,15.5,858.0,13299.0,15.5
920693.BJ,20260910,23.82,23.82,23.82,23.82,1198.0,28536.36,23.82
920694.BJ,20260910,17.18,17.18,17.18,17.18,500.0,8590.0,17.18
920699.BJ,20260910,70.82,70.82,70.82,70.82,1075.0,77027.5,71.65
920706.BJ,20260910,14.8,14.89,14.89,14.8,23188.0,344784.72,14.87
920717.BJ,20260910,7.22,7.22,7.22,7.22,2800.0,20217.0,7.22
920718.BJ,20260910,11.2,11.3,11.3,11.2,4461.0,50213.2,11.26
920719.BJ,20260910,7.34,7.35,7.35,7.34,10450.0,76562.0,7.33
920725.BJ,20260910,94.0,94.0,94.0,94.0,113411.0,10664629.76,94.04
920726.BJ,20260910,17.1,17.07,17.1,17.07,166428.0,2839380.16,17.06
920729.BJ,20260910,7.25,7.25,7.25,7.25,11243.0,81511.75,7.25
920735.BJ,20260910,25.92,25.82,25.92,25.82,27813.0,718311.68,25.83
920748.BJ,20260910,31.9,32.0,32.0,31.9,31817.0,1017698.0,31.99
920751.BJ,20260910,16.01,15.98,16.01,15.98,1150.0,18380.0,15.98
920753.BJ,20260910,15.84,15.84,15.84,15.84,600.0,9504.0,15.84
920765.BJ,20260910,12.29,12.1,12.29,12.1,1200.0,14729.0,12.27
920770.BJ,20260910,10.5,10.54,10.54,10.5,14600.0,153869.0,10.54
920779.BJ,20260910,23.71,23.78,23.78,23.71,5913.0,140469.24,23.76
920786.BJ,20260910,9.33,9.29,9.33,9.29,214007.0,1994300.0,9.32
920790.BJ,20260910,26.38,26.2,26.38,26.2,78465.0,2064575.84,26.31
920792.BJ,20260910,9.65,9.65,9.65,9.65,1874.0,18084.1,9.65
920799.BJ,20260910,34.12,34.12,34.12,34.12,25612.0,873961.6,34.12
920802.BJ,20260910,11.23,11.23,11.23,11.23,200.0,2246.0,11.23
920807.BJ,20260910,9.44,9.4,9.44,9.4,62077.0,583802.12,9.4
920808.BJ,20260910,60.88,60.26,60.88,60.26,22030.0,1329324.48,60.34
920809.BJ,20260910,7.45,7.42,7.45,7.42,34249.0,254199.9,7.42
920810.BJ,20260910,9.64,9.55,9.64,9.55,4851.0,46381.05,9.56
920819.BJ,20260910,3.41,3.41,3.41,3.41,101676.0,346709.56,3.41
920821.BJ,20260910,22.13,22.13,22.13,22.13,335677.0,7431777.28,22.14
920826.BJ,20260910,9.89,9.85,9.89,9.85,30542.0,301059.96,9.86
920833.BJ,20260910,10.52,10.52,10.52,10.52,1100.0,11572.0,10.52
920834.BJ,20260910,9.9,9.9,9.9,9.9,14369.0,142253.1,9.9
920839.BJ,20260910,24.66,24.7,24.7,24.66,10900.0,269217.0,24.7
920855.BJ,20260910,14.5,14.49,14.5,14.49,33237.0,481635.08,14.49
920856.BJ,20260910,12.38,12.4,12.4,12.38,5315.0,65902.0,12.4
920857.BJ,20260910,20.94,20.94,20.94,20.94,2000.0,41880.0,20.94
920866.BJ,20260910,7.47,7.47,7.47,7.47,56299.0,417341.28,7.41
920870.BJ,20260910,11.83,11.83,11.83,11.83,500.0,5915.0,11.83
920871.BJ,20260910,11.28,11.47,11.47,11.28,15300.0,175168.0,11.45
920876.BJ,20260910,17.7,17.7,17.7,17.7,1900.0,33630.0,17.7
920879.BJ,20260910,12.87,12.87,12.87,12.87,291.0,3745.17,12.87
920885.BJ,20260910,12.61,12.66,12.66,12.61,22506.0,284780.66,12.65
920892.BJ,20260910,11.7,11.7,11.7,11.7,2400.0,28080.0,11.7
920895.BJ,20260910,33.0,32.99,33.0,32.99,527432.0,17419043.84,33.03
920896.BJ,20260910,12.72,12.72,12.72,12.72,1328.0,16892.16,12.72
920906.BJ,20260910,16.25,16.25,16.25,16.25,1598.0,25967.5,16.25
920914.BJ,20260910,17.36,17.14,17.36,17.14,200.0,3450.0,17.25
920924.BJ,20260910,15.08,15.07,15.08,15.07,51305.0,773428.72,15.08
920925.BJ,20260910,11.84,11.84,11.84,11.84,1000.0,11840.0,11.84
920926.BJ,20260910,10.48,10.48,10.48,10.48,100.0,1048.0,10.48
920931.BJ,20260910,10.79,10.79,10.79,10.79,6706.0,72207.74,10.77
920932.BJ,20260910,11.1,11.1,11.1,11.1,1000.0,11100.0,11.1
920942.BJ,20260910,18.24,18.24,18.24,18.24,2710.0,49430.4,18.24
920943.BJ,20260910,15.29,15.26,15.29,15.26,4840.0,73898.6,15.27
920946.BJ,20260910,10.51,10.51,10.51,10.51,58482.0,614721.2,10.51
920950.BJ,20260910,13.9,13.9,13.9,13.9,10688.0,148600.8,13.9
920953.BJ,20260910,22.7,23.16,23.16,22.7,2931.0,67447.96,23.01
920957.BJ,20260910,10.03,10.03,10.03,10.03,6200.0,62170.0,10.03
920961.BJ,20260910,20.08,20.02,20.08,20.02,183812.0,3681104.64,20.03
920964.BJ,20260910,5.77,5.76,5.77,5.76,183986.0,1060416.88,5.76
920970.BJ,20260910,7.27,7.18,7.27,7.18,164960.0,1187127.12,7.2
920971.BJ,20260910,26.6,26.84,26.84,26.6,56562.0,1515699.2,26.8
920974.BJ,20260910,6.65,6.65,6.65,6.65,1100.0,7320.0,6.66
920976.BJ,20260910,21.28,21.28,21.28,21.28,600.0,12768.0,21.28
920981.BJ,20260910,30.09,29.91,30.09,29.91,33967.0,1014379.6,29.86
920982.BJ,20260910,120.2,120.53,120.53,120.2,2712.0,326376.38,120.35
920985.BJ,20260910,4.75,4.76,4.76,4.75,9310.0,44305.5,4.76
920992.BJ,20260910,11.75,11.75,11.75,11.75,10041.0,117981.76,11.75
