trade_date,ts_code,up_limit,down_limit
20260924,000001.SZ,12.49,10.22
20260924,000002.SZ,4.31,3.53
20260924,000006.SZ,7.96,6.52
20260924,000007.SZ,12.77,10.45
20260924,000008.SZ,2.62,2.14
20260924,000009.SZ,7.7,6.3
20260924,000010.SZ,1.67,1.37
20260924,000011.SZ,10.55,8.63
20260924,000012.SZ,4.15,3.39
20260924,000014.SZ,11.9,9.74
20260924,000016.SZ,2.71,2.21
20260924,000017.SZ,8.46,6.92
20260924,000019.SZ,7.66,6.26
20260924,000020.SZ,14.95,12.23
20260924,000021.SZ,40.6,33.22
20260924,000025.SZ,16.54,13.54
20260924,000026.SZ,21.89,17.91
20260924,000027.SZ,6.85,5.61
20260924,000028.SZ,21.69,17.75
20260924,000029.SZ,24.07,19.69
20260924,000030.SZ,4.32,3.54
20260924,000031.SZ,2.59,2.12
20260924,000032.SZ,15.98,13.08
20260924,000034.SZ,25.61,20.95
20260924,000035.SZ,5.4,4.42
20260924,000036.SZ,4.47,3.65
20260924,000037.SZ,9.91,8.11
20260924,000039.SZ,9.67,7.91
20260924,000042.SZ,9.25,7.57
20260924,000045.SZ,12.38,10.13
20260924,000048.SZ,21.01,17.19
20260924,000049.SZ,24.71,20.21
20260924,000050.SZ,7.25,5.93
20260924,000055.SZ,4.19,3.43
20260924,000056.SZ,2.96,2.42
20260924,000058.SZ,7.85,6.43
20260924,000059.SZ,6.22,5.09
20260924,000060.SZ,6.74,5.52
20260924,000061.SZ,6.63,5.43
20260924,000062.SZ,25.62,20.96
20260924,000063.SZ,35.51,29.05
20260924,000065.SZ,11.13,9.11
20260924,000066.SZ,16.65,13.63
20260924,000068.SZ,3.58,2.93
20260924,000069.SZ,2.09,1.71
20260924,000070.SZ,19.79,16.19
20260924,000078.SZ,1.73,1.41
20260924,000088.SZ,4.96,4.06
20260924,000089.SZ,7.22,5.9
20260924,000090.SZ,3.92,3.2
20260924,000096.SZ,8.69,7.11
20260924,000099.SZ,14.37,11.75
20260924,000100.SZ,5.42,4.44
20260924,000151.SZ,10.98,8.98
20260924,000153.SZ,6.79,5.55
20260924,000155.SZ,12.39,10.13
20260924,000156.SZ,7.79,6.37
20260924,000157.SZ,6.71,5.49
20260924,000158.SZ,13.99,11.45
20260924,000159.SZ,5.96,4.88
20260924,000166.SZ,4.92,4.02
20260924,000301.SZ,15.1,12.36
20260924,000333.SZ,90.72,74.22
20260924,000338.SZ,28.48,23.3
20260924,000400.SZ,22.33,18.27
20260924,000401.SZ,3.98,3.26
20260924,000402.SZ,2.97,2.43
20260924,000403.SZ,11.12,9.1
20260924,000404.SZ,7.51,6.15
20260924,000407.SZ,4.51,3.69
20260924,000408.SZ,81.24,66.47
20260924,000409.SZ,9.86,8.06
20260924,000410.SZ,5.8,4.74
20260924,000411.SZ,10.87,8.89
20260924,000415.SZ,4.59,3.75
20260924,000417.SZ,6.26,5.12
20260924,000419.SZ,5.5,4.5
20260924,000420.SZ,3.92,3.2
20260924,000421.SZ,6.26,5.12
20260924,000422.SZ,13.17,10.77
20260924,000423.SZ,50.66,41.45
20260924,000425.SZ,7.95,6.51
20260924,000426.SZ,37.81,30.93
20260924,000428.SZ,4.6,3.76
20260924,000429.SZ,13.84,11.32
20260924,000430.SZ,7.7,6.3
20260924,000488.SZ,2.33,1.91
20260924,000498.SZ,5.65,4.63
20260924,000501.SZ,7.88,6.44
20260924,000503.SZ,7.56,6.18
20260924,000504.SZ,14.04,11.48
20260924,000505.SZ,7.26,5.94
20260924,000506.SZ,19.91,16.29
20260924,000507.SZ,5.45,4.46
20260924,000509.SZ,4.14,3.38
20260924,000510.SZ,21.15,17.31
20260924,000513.SZ,30.5,24.96
20260924,000514.SZ,4.84,3.96
20260924,000516.SZ,4.7,3.84
20260924,000517.SZ,2.21,1.81
20260924,000518.SZ,4.05,3.31
20260924,000519.SZ,16.51,13.51
20260924,000520.SZ,4.42,3.62
20260924,000521.SZ,4.84,3.96
20260924,000523.SZ,3.76,3.08
20260924,000524.SZ,9.89,8.09
20260924,000525.SZ,4.99,4.09
20260924,000526.SZ,39.78,32.54
20260924,000528.SZ,8.37,6.85
20260924,000529.SZ,5.46,4.46
20260924,000530.SZ,5.7,4.66
20260924,000531.SZ,6.16,5.04
20260924,000532.SZ,14.85,12.15
20260924,000533.SZ,11.48,9.4
20260924,000534.SZ,25.21,20.63
20260924,000536.SZ,3.86,3.16
20260924,000537.SZ,8.07,6.61
20260924,000538.SZ,55.35,45.29
20260924,000539.SZ,5.52,4.52
20260924,000541.SZ,5.4,4.42
20260924,000543.SZ,7.87,6.44
20260924,000544.SZ,7.92,6.48
20260924,000545.SZ,2.39,1.95
20260924,000546.SZ,4.81,3.93
20260924,000547.SZ,15.74,12.88
20260924,000548.SZ,5.04,4.12
20260924,000550.SZ,17.89,14.63
20260924,000551.SZ,13.56,11.1
20260924,000552.SZ,2.71,2.21
20260924,000553.SZ,6.01,4.91
20260924,000554.SZ,6.85,5.61
20260924,000555.SZ,12.11,9.91
20260924,000557.SZ,4.0,3.28
20260924,000558.SZ,3.97,3.25
20260924,000559.SZ,12.28,10.04
20260924,000560.SZ,4.25,3.47
20260924,000561.SZ,8.51,6.97
20260924,000563.SZ,3.2,2.62
20260924,000564.SZ,1.63,1.33
20260924,000565.SZ,7.27,5.95
20260924,000566.SZ,5.28,4.32
20260924,000567.SZ,6.6,5.4
20260924,000568.SZ,79.32,64.9
20260924,000570.SZ,5.79,4.73
20260924,000571.SZ,7.4,6.06
20260924,000572.SZ,4.42,3.62
20260924,000573.SZ,4.16,3.4
20260924,000576.SZ,9.17,7.51
20260924,000581.SZ,19.98,16.34
20260924,000582.SZ,10.33,8.45
20260924,000586.SZ,14.98,12.26
20260924,000589.SZ,4.64,3.8
20260924,000590.SZ,9.96,8.15
20260924,000591.SZ,4.62,3.78
20260924,000592.SZ,8.78,7.18
20260924,000593.SZ,26.61,21.77
20260924,000595.SZ,6.17,5.05
20260924,000596.SZ,106.48,87.12
20260924,000597.SZ,5.26,4.3
20260924,000598.SZ,7.77,6.35
20260924,000599.SZ,4.93,4.03
20260924,000600.SZ,7.93,6.49
20260924,000601.SZ,6.61,5.41
20260924,000603.SZ,37.16,30.4
20260924,000605.SZ,6.47,5.29
20260924,000607.SZ,4.93,4.03
20260924,000608.SZ,7.7,6.3
20260924,000609.SZ,11.01,9.01
20260924,000610.SZ,8.33,6.81
20260924,000612.SZ,12.03,9.85
20260924,000615.SZ,3.54,2.9
20260924,000617.SZ,7.43,6.08
20260924,000619.SZ,5.78,4.73
20260924,000620.SZ,3.61,2.95
20260924,000623.SZ,19.5,15.96
20260924,000625.SZ,7.83,6.41
20260924,000626.SZ,10.31,8.43
20260924,000628.SZ,65.42,53.52
20260924,000629.SZ,3.18,2.6
20260924,000630.SZ,6.73,5.51
20260924,000631.SZ,3.36,2.75
20260924,000632.SZ,4.08,3.34
20260924,000633.SZ,5.76,4.72
20260924,000635.SZ,8.18,6.7
20260924,000636.SZ,64.61,52.87
20260924,000637.SZ,4.58,3.74
20260924,000639.SZ,1.68,1.38
20260924,000650.SZ,5.71,4.67
20260924,000651.SZ,42.2,34.52
20260924,000652.SZ,3.66,3.0
20260924,000655.SZ,7.87,6.44
20260924,000656.SZ,1.39,1.13
20260924,000657.SZ,65.08,53.24
20260924,000659.SZ,2.98,2.44
20260924,000661.SZ,80.58,65.93
20260924,000663.SZ,6.51,5.33
20260924,000665.SZ,4.44,3.64
20260924,000668.SZ,19.18,15.7
20260924,000669.SZ,4.62,3.78
20260924,000670.SZ,8.32,6.8
20260924,000672.SZ,17.01,13.91
20260924,000676.SZ,7.98,6.53
20260924,000677.SZ,1.95,1.59
20260924,000678.SZ,9.68,7.92
20260924,000679.SZ,7.14,5.84
20260924,000680.SZ,10.21,8.35
20260924,000681.SZ,17.86,14.62
20260924,000682.SZ,11.7,9.58
20260924,000683.SZ,6.18,5.06
20260924,000685.SZ,11.94,9.77
20260924,000686.SZ,8.51,6.97
20260924,000688.SZ,28.09,22.99
20260924,000690.SZ,5.52,4.52
20260924,000691.SZ,10.21,8.35
20260924,000692.SZ,4.53,3.71
20260924,000695.SZ,14.2,11.62
20260924,000697.SZ,9.98,8.16
20260924,000698.SZ,3.99,3.27
20260924,000700.SZ,13.27,10.85
20260924,000701.SZ,5.64,4.62
20260924,000702.SZ,6.24,5.1
20260924,000703.SZ,19.13,15.65
20260924,000705.SZ,7.71,6.31
20260924,000707.SZ,4.95,4.05
20260924,000708.SZ,14.26,11.66
20260924,000709.SZ,2.23,1.83
20260924,000710.SZ,11.01,9.01
20260924,000711.SZ,5.3,4.34
20260924,000712.SZ,11.31,9.25
20260924,000713.SZ,7.25,5.93
20260924,000715.SZ,5.83,4.77
20260924,000716.SZ,5.51,4.51
20260924,000717.SZ,2.37,1.94
20260924,000718.SZ,2.28,1.86
20260924,000719.SZ,13.43,10.99
20260924,000720.SZ,4.02,3.29
20260924,000721.SZ,6.9,5.64
20260924,000722.SZ,14.81,12.11
20260924,000723.SZ,3.87,3.17
20260924,000725.SZ,6.62,5.42
20260924,000726.SZ,6.62,5.42
20260924,000727.SZ,2.42,1.98
20260924,000728.SZ,8.15,6.67
20260924,000729.SZ,12.1,9.9
20260924,000731.SZ,9.0,7.36
20260924,000733.SZ,45.54,37.26
20260924,000735.SZ,6.38,5.22
20260924,000736.SZ,5.21,4.27
20260924,000737.SZ,16.3,13.34
20260924,000738.SZ,21.11,17.27
20260924,000739.SZ,27.85,22.79
20260924,000750.SZ,4.03,3.29
20260924,000751.SZ,5.04,4.12
20260924,000752.SZ,9.6,7.86
20260924,000753.SZ,5.35,4.37
20260924,000755.SZ,5.1,4.18
20260924,000756.SZ,15.98,13.08
20260924,000757.SZ,4.77,3.91
20260924,000758.SZ,6.59,5.39
20260924,000759.SZ,7.17,5.87
20260924,000761.SZ,2.44,2.0
20260924,000762.SZ,23.58,19.3
20260924,000766.SZ,16.97,13.89
20260924,000767.SZ,3.63,2.97
20260924,000768.SZ,24.98,20.44
20260924,000776.SZ,22.91,18.75
20260924,000777.SZ,18.12,14.82
20260924,000778.SZ,3.95,3.23
20260924,000779.SZ,9.56,7.82
20260924,000782.SZ,9.16,7.5
20260924,000783.SZ,9.31,7.61
20260924,000785.SZ,2.49,2.03
20260924,000786.SZ,17.66,14.45
20260924,000788.SZ,5.95,4.87
20260924,000789.SZ,4.6,3.76
20260924,000790.SZ,4.68,3.83
20260924,000791.SZ,7.84,6.42
20260924,000792.SZ,26.93,22.03
20260924,000793.SZ,2.26,1.85
20260924,000795.SZ,9.15,7.49
20260924,000796.SZ,4.07,3.33
20260924,000797.SZ,2.95,2.41
20260924,000798.SZ,11.1,9.08
20260924,000799.SZ,41.45,33.91
20260924,000800.SZ,6.52,5.34
20260924,000801.SZ,13.06,10.68
20260924,000802.SZ,4.28,3.5
20260924,000803.SZ,7.8,6.38
20260924,000807.SZ,29.24,23.92
20260924,000809.SZ,3.69,3.02
20260924,000810.SZ,10.46,8.56
20260924,000811.SZ,43.81,35.85
20260924,000812.SZ,4.04,3.3
20260924,000813.SZ,3.55,2.91
20260924,000815.SZ,17.4,14.24
20260924,000816.SZ,3.17,2.59
20260924,000818.SZ,13.21,10.81
20260924,000819.SZ,13.51,11.05
20260924,000820.SZ,3.94,3.22
20260924,000821.SZ,8.33,6.81
20260924,000822.SZ,4.63,3.79
20260924,000823.SZ,29.92,24.48
20260924,000825.SZ,3.72,3.04
20260924,000826.SZ,2.02,1.66
20260924,000828.SZ,11.12,9.1
20260924,000829.SZ,9.97,8.15
20260924,000830.SZ,13.04,10.67
20260924,000831.SZ,58.99,48.27
20260924,000833.SZ,21.23,17.37
20260924,000837.SZ,10.63,8.69
20260924,000838.SZ,2.63,2.15
20260924,000839.SZ,3.1,2.54
20260924,000848.SZ,9.09,7.43
20260924,000850.SZ,5.12,4.19
20260924,000852.SZ,5.92,4.84
20260924,000856.SZ,9.68,7.92
20260924,000858.SZ,77.37,63.31
20260924,000859.SZ,10.29,8.42
20260924,000860.SZ,11.48,9.4
20260924,000862.SZ,5.79,4.73
20260924,000863.SZ,4.9,4.01
20260924,000868.SZ,4.54,3.72
20260924,000869.SZ,19.13,15.65
20260924,000875.SZ,5.19,4.25
20260924,000876.SZ,7.73,6.33
20260924,000877.SZ,4.33,3.55
20260924,000878.SZ,19.01,15.55
20260924,000880.SZ,27.82,22.76
20260924,000881.SZ,7.21,5.9
20260924,000882.SZ,1.69,1.39
20260924,000883.SZ,4.8,3.92
20260924,000885.SZ,12.97,10.61
20260924,000886.SZ,5.13,4.19
20260924,000887.SZ,21.78,17.82
20260924,000888.SZ,10.27,8.41
20260924,000889.SZ,4.11,3.37
20260924,000890.SZ,8.16,6.68
20260924,000892.SZ,5.01,4.1
20260924,000893.SZ,42.88,35.08
20260924,000895.SZ,25.66,21.0
20260924,000897.SZ,2.09,1.71
20260924,000898.SZ,2.21,1.81
20260924,000899.SZ,10.01,8.19
20260924,000900.SZ,3.92,3.2
20260924,000901.SZ,15.46,12.65
20260924,000902.SZ,15.19,12.43
20260924,000903.SZ,2.17,1.77
20260924,000905.SZ,9.81,8.03
20260924,000906.SZ,6.75,5.53
20260924,000908.SZ,6.62,5.42
20260924,000909.SZ,6.01,4.91
20260924,000910.SZ,8.34,6.82
20260924,000911.SZ,5.68,4.64
20260924,000912.SZ,4.4,3.6
20260924,000913.SZ,11.73,9.59
20260924,000915.SZ,26.64,21.8
20260924,000917.SZ,7.62,6.24
20260924,000919.SZ,7.14,5.84
20260924,000920.SZ,13.65,11.17
20260924,000921.SZ,29.12,23.82
20260924,000922.SZ,13.55,11.09
20260924,000923.SZ,18.0,14.72
20260924,000925.SZ,8.82,7.22
20260924,000926.SZ,2.41,1.97
20260924,000927.SZ,2.68,2.2
20260924,000928.SZ,5.9,4.82
20260924,000929.SZ,10.12,8.28
20260924,000930.SZ,5.96,4.88
20260924,000931.SZ,5.03,4.11
20260924,000932.SZ,3.89,3.19
20260924,000933.SZ,28.73,23.51
20260924,000935.SZ,22.66,18.54
20260924,000936.SZ,6.09,4.99
20260924,000937.SZ,4.83,3.95
20260924,000938.SZ,37.03,30.29
20260924,000948.SZ,14.72,12.04
20260924,000949.SZ,7.63,6.25
20260924,000950.SZ,5.74,4.7
20260924,000951.SZ,22.29,18.23
20260924,000952.SZ,7.22,5.9
20260924,000953.SZ,6.69,5.47
20260924,000955.SZ,4.36,3.56
20260924,000957.SZ,10.84,8.87
20260924,000958.SZ,5.53,4.53
20260924,000959.SZ,3.82,3.12
20260924,000960.SZ,36.61,29.95
20260924,000962.SZ,67.14,54.94
20260924,000963.SZ,29.15,23.85
20260924,000965.SZ,3.71,3.03
20260924,000966.SZ,4.29,3.51
20260924,000967.SZ,8.91,7.29
20260924,000968.SZ,7.54,6.17
20260924,000969.SZ,19.16,15.68
20260924,000970.SZ,12.73,10.41
20260924,000972.SZ,4.48,3.66
20260924,000973.SZ,12.94,10.58
20260924,000975.SZ,26.71,21.85
20260924,000977.SZ,78.4,64.14
20260924,000978.SZ,9.67,7.91
20260924,000980.SZ,2.42,1.98
20260924,000981.SZ,3.09,2.53
20260924,000983.SZ,7.14,5.84
20260924,000985.SZ,19.06,15.6
20260924,000987.SZ,8.15,6.67
20260924,000988.SZ,116.67,95.45
20260924,000989.SZ,9.54,7.8
20260924,000990.SZ,7.08,5.8
20260924,000993.SZ,20.7,16.94
20260924,000995.SZ,12.99,10.63
20260924,000997.SZ,21.67,17.73
20260924,000998.SZ,9.78,8.0
20260924,000999.SZ,26.14,21.38
20260924,001201.SZ,17.62,14.42
20260924,001202.SZ,16.54,13.54
20260924,001203.SZ,25.94,21.22
20260924,001205.SZ,15.97,13.07
20260924,001206.SZ,18.74,15.34
20260924,001207.SZ,20.03,16.39
20260924,001208.SZ,14.83,12.13
20260924,001209.SZ,20.99,17.17
20260924,001210.SZ,32.01,26.19
20260924,001211.SZ,28.67,23.45
20260924,001212.SZ,42.71,34.95
20260924,001213.SZ,3.83,3.13
20260924,001215.SZ,37.08,30.34
20260924,001216.SZ,31.14,25.48
20260924,001217.SZ,12.1,9.9
20260924,001218.SZ,26.6,21.76
20260924,001219.SZ,14.03,11.48
20260924,001220.SZ,35.15,28.76
20260924,001221.SZ,39.38,32.22
20260924,001222.SZ,17.33,14.18
20260924,001223.SZ,49.02,40.1
20260924,001225.SZ,40.73,33.33
20260924,001226.SZ,51.15,41.85
20260924,001227.SZ,2.31,1.89
20260924,001228.SZ,41.09,33.62
20260924,001229.SZ,43.07,35.24
20260924,001230.SZ,21.29,17.42
20260924,001231.SZ,25.05,20.49
20260924,001232.SZ,226.44,185.27
20260924,001233.SZ,50.61,41.41
20260924,001234.SZ,35.4,28.96
20260924,001236.SZ,8.57,7.01
20260924,001237.SZ,56.12,45.92
20260924,001238.SZ,29.06,23.78
20260924,001239.SZ,13.29,10.87
20260924,001248.SZ,12.99,10.63
20260924,001255.SZ,29.7,24.3
20260924,001256.SZ,24.43,19.99
20260924,001257.SZ,25.12,20.56
20260924,001258.SZ,11.68,9.56
20260924,001259.SZ,50.6,41.4
20260924,001260.SZ,21.21,17.35
20260924,001266.SZ,41.38,33.86
20260924,001267.SZ,41.59,34.03
20260924,001268.SZ,29.89,24.45
20260924,001269.SZ,21.44,17.54
20260924,001270.SZ,109.11,89.27
20260924,001277.SZ,33.69,27.57
20260924,001278.SZ,18.38,15.04
20260924,001279.SZ,29.07,23.79
20260924,001280.SZ,69.21,56.63
20260924,001282.SZ,18.17,14.87
20260924,001283.SZ,52.33,42.81
20260924,001285.SZ,47.06,38.5
20260924,001286.SZ,10.37,8.49
20260924,001287.SZ,27.72,22.68
20260924,001288.SZ,37.06,30.32
20260924,001289.SZ,16.49,13.49
20260924,001296.SZ,22.68,18.56
20260924,001298.SZ,18.84,15.42
20260924,001299.SZ,11.35,9.29
20260924,001300.SZ,13.66,11.18
20260924,001301.SZ,53.49,43.77
20260924,001306.SZ,62.5,51.14
20260924,001308.SZ,20.08,16.43
20260924,001309.SZ,451.35,369.29
20260924,001311.SZ,18.85,15.43
20260924,001312.SZ,19.82,16.22
20260924,001313.SZ,8.21,6.71
20260924,001314.SZ,61.62,50.42
20260924,001316.SZ,31.28,25.6
20260924,001317.SZ,65.3,53.42
20260924,001318.SZ,12.87,10.53
20260924,001319.SZ,24.23,19.83
20260924,001322.SZ,7.38,6.04
20260924,001323.SZ,19.78,16.18
20260924,001324.SZ,23.3,19.06
20260924,001325.SZ,40.59,33.21
20260924,001326.SZ,117.7,96.3
20260924,001328.SZ,32.74,26.78
20260924,001330.SZ,6.33,5.18
20260924,001331.SZ,47.06,38.5
20260924,001332.SZ,30.24,24.74
20260924,001333.SZ,22.66,18.54
20260924,001335.SZ,37.04,30.3
20260924,001336.SZ,21.38,17.5
20260924,001337.SZ,53.6,43.86
20260924,001338.SZ,10.1,8.26
20260924,001339.SZ,87.67,71.73
20260924,001356.SZ,10.41,8.51
20260924,001358.SZ,27.2,22.26
20260924,001359.SZ,101.37,82.94
20260924,001360.SZ,22.28,18.23
20260924,001365.SZ,40.15,32.85
20260924,001366.SZ,14.4,11.78
20260924,001367.SZ,24.26,19.85
20260924,001368.SZ,41.28,33.78
20260924,001369.SZ,13.7,11.21
20260924,001373.SZ,34.53,28.25
20260924,001376.SZ,13.66,11.18
20260924,001378.SZ,25.83,21.13
20260924,001379.SZ,17.41,14.25
20260924,001380.SZ,20.7,16.94
20260924,001382.SZ,18.06,14.78
20260924,001386.SZ,18.02,14.74
20260924,001387.SZ,13.48,11.03
20260924,001388.SZ,22.42,18.34
20260924,001389.SZ,211.48,173.03
20260924,001390.SZ,19.54,15.98
20260924,001391.SZ,4.24,3.47
20260924,001393.SZ,47.75,39.07
20260924,001395.SZ,34.05,27.86
20260924,001396.SZ,36.04,29.48
20260924,001399.SZ,26.15,21.39
20260924,001400.SZ,86.22,70.54
20260924,001696.SZ,18.06,14.78
20260924,001872.SZ,25.09,20.53
20260924,001896.SZ,12.47,10.21
20260924,001914.SZ,10.04,8.22
20260924,001965.SZ,10.85,8.87
20260924,001979.SZ,7.98,6.53
20260924,002001.SZ,28.97,23.71
20260924,002003.SZ,12.38,10.13
20260924,002004.SZ,4.81,3.93
20260924,002005.SZ,2.93,2.39
20260924,002006.SZ,14.84,12.14
20260924,002007.SZ,14.63,11.97
20260924,002008.SZ,102.28,83.68
20260924,002009.SZ,17.23,14.09
20260924,002010.SZ,5.01,4.1
20260924,002011.SZ,15.76,12.9
20260924,002012.SZ,7.81,6.39
20260924,002014.SZ,11.99,9.81
20260924,002015.SZ,16.8,13.74
20260924,002016.SZ,5.25,4.29
20260924,002017.SZ,15.91,13.01
20260924,002019.SZ,10.51,8.6
20260924,002020.SZ,12.85,10.51
20260924,002021.SZ,2.83,2.31
20260924,002022.SZ,6.66,5.45
20260924,002023.SZ,10.81,8.85
20260924,002024.SZ,1.28,1.04
20260924,002025.SZ,79.52,65.06
20260924,002026.SZ,12.51,10.23
20260924,002027.SZ,5.23,4.28
20260924,002028.SZ,141.42,115.7
20260924,002029.SZ,9.26,7.58
20260924,002030.SZ,6.16,5.04
20260924,002031.SZ,5.8,4.74
20260924,002032.SZ,43.01,35.19
20260924,002033.SZ,9.22,7.54
20260924,002034.SZ,15.84,12.96
20260924,002035.SZ,5.15,4.21
20260924,002036.SZ,6.89,5.63
20260924,002037.SZ,7.59,6.21
20260924,002038.SZ,6.36,5.2
20260924,002039.SZ,20.93,17.13
20260924,002040.SZ,9.94,8.14
20260924,002041.SZ,11.26,9.22
20260924,002042.SZ,4.29,3.51
20260924,002043.SZ,12.83,10.49
20260924,002044.SZ,4.93,4.03
20260924,002045.SZ,10.0,8.18
20260924,002046.SZ,72.71,59.49
20260924,002047.SZ,3.56,2.92
20260924,002048.SZ,20.3,16.61
20260924,002049.SZ,67.51,55.23
20260924,002050.SZ,39.59,32.39
20260924,002051.SZ,10.04,8.22
20260924,002052.SZ,9.28,7.6
20260924,002053.SZ,10.29,8.42
20260924,002054.SZ,7.93,6.49
20260924,002055.SZ,7.59,6.21
20260924,002056.SZ,22.45,18.37
20260924,002057.SZ,10.04,8.22
20260924,002058.SZ,19.07,15.61
20260924,002059.SZ,5.01,4.1
20260924,002060.SZ,3.34,2.74
20260924,002061.SZ,3.66,3.0
20260924,002062.SZ,10.54,8.62
20260924,002063.SZ,5.82,4.76
20260924,002064.SZ,10.81,8.85
20260924,002065.SZ,7.33,5.99
20260924,002066.SZ,22.28,18.23
20260924,002067.SZ,4.42,3.62
20260924,002068.SZ,10.85,8.87
20260924,002069.SZ,4.05,3.31
20260924,002072.SZ,8.06,6.6
20260924,002073.SZ,6.24,5.1
20260924,002074.SZ,30.01,24.55
20260924,002075.SZ,3.88,3.18
20260924,002076.SZ,2.32,1.9
20260924,002077.SZ,15.61,12.77
20260924,002078.SZ,15.11,12.37
20260924,002079.SZ,9.99,8.17
20260924,002080.SZ,66.77,54.63
20260924,002081.SZ,5.85,4.79
20260924,002082.SZ,12.51,10.23
20260924,002083.SZ,10.54,8.62
20260924,002084.SZ,7.12,5.82
20260924,002085.SZ,10.47,8.57
20260924,002086.SZ,2.26,1.85
20260924,002088.SZ,9.0,7.36
20260924,002090.SZ,9.96,8.15
20260924,002091.SZ,8.28,6.78
20260924,002092.SZ,4.85,3.97
20260924,002093.SZ,8.34,6.82
20260924,002094.SZ,5.64,4.62
20260924,002095.SZ,17.27,14.13
20260924,002096.SZ,10.27,8.41
20260924,002097.SZ,7.69,6.29
20260924,002098.SZ,9.0,7.36
20260924,002099.SZ,6.53,5.35
20260924,002100.SZ,8.51,6.97
20260924,002101.SZ,9.49,7.77
20260924,002102.SZ,2.98,2.44
20260924,002103.SZ,7.41,6.07
20260924,002104.SZ,12.02,9.84
20260924,002105.SZ,6.72,5.5
20260924,002106.SZ,15.29,12.51
20260924,002107.SZ,7.93,6.49
20260924,002108.SZ,4.8,3.92
20260924,002109.SZ,3.05,2.49
20260924,002110.SZ,3.17,2.59
20260924,002111.SZ,10.33,8.45
20260924,002112.SZ,15.54,12.72
20260924,002114.SZ,7.96,6.52
20260924,002115.SZ,11.0,9.0
20260924,002116.SZ,7.87,6.44
20260924,002117.SZ,8.79,7.19
20260924,002119.SZ,29.61,24.23
20260924,002120.SZ,7.57,6.19
20260924,002121.SZ,4.85,3.97
20260924,002122.SZ,3.01,2.47
20260924,002123.SZ,8.77,7.17
20260924,002124.SZ,2.24,1.84
20260924,002125.SZ,13.35,10.93
20260924,002126.SZ,42.16,34.5
20260924,002127.SZ,3.21,2.63
20260924,002128.SZ,30.89,25.27
20260924,002129.SZ,10.57,8.65
20260924,002130.SZ,18.23,14.91
20260924,002131.SZ,4.85,3.97
20260924,002132.SZ,4.57,3.74
20260924,002133.SZ,3.16,2.58
20260924,002134.SZ,30.22,24.72
20260924,002135.SZ,6.79,5.55
20260924,002136.SZ,12.96,10.6
20260924,002137.SZ,9.1,7.44
20260924,002138.SZ,60.13,49.19
20260924,002139.SZ,10.59,8.67
20260924,002140.SZ,10.34,8.46
20260924,002141.SZ,7.81,6.39
20260924,002142.SZ,38.19,31.25
20260924,002144.SZ,11.92,9.76
20260924,002145.SZ,5.35,4.37
20260924,002146.SZ,1.4,1.14
20260924,002148.SZ,7.01,5.73
20260924,002149.SZ,36.2,29.62
20260924,002150.SZ,24.07,19.69
20260924,002151.SZ,32.82,26.86
20260924,002152.SZ,10.1,8.26
20260924,002153.SZ,8.43,6.89
20260924,002154.SZ,4.2,3.44
20260924,002155.SZ,27.3,22.34
20260924,002156.SZ,69.08,56.52
20260924,002157.SZ,3.26,2.66
20260924,002158.SZ,31.11,25.45
20260924,002159.SZ,14.81,12.11
20260924,002160.SZ,4.27,3.49
20260924,002161.SZ,7.41,6.07
20260924,002162.SZ,4.57,3.74
20260924,002163.SZ,8.36,6.84
20260924,002164.SZ,13.06,10.68
20260924,002165.SZ,7.71,6.31
20260924,002166.SZ,7.43,6.08
20260924,002167.SZ,18.0,14.72
20260924,002168.SZ,3.94,3.22
20260924,002169.SZ,15.27,12.49
20260924,002170.SZ,11.89,9.73
20260924,002171.SZ,11.72,9.59
20260924,002172.SZ,5.89,4.82
20260924,002173.SZ,19.87,16.25
20260924,002174.SZ,15.76,12.9
20260924,002175.SZ,2.76,2.26
20260924,002176.SZ,9.24,7.56
20260924,002177.SZ,6.05,4.95
20260924,002178.SZ,5.61,4.59
20260924,002179.SZ,38.25,31.29
20260924,002180.SZ,18.84,15.42
20260924,002181.SZ,10.03,8.21
20260924,002182.SZ,12.83,10.49
20260924,002183.SZ,4.73,3.87
20260924,002184.SZ,10.92,8.94
20260924,002185.SZ,20.21,16.53
20260924,002186.SZ,10.46,8.56
20260924,002187.SZ,6.04,4.94
20260924,002188.SZ,6.28,5.14
20260924,002189.SZ,21.13,17.29
20260924,002190.SZ,26.13,21.38
20260924,002191.SZ,3.98,3.26
20260924,002192.SZ,66.91,54.75
20260924,002193.SZ,5.13,4.19
20260924,002194.SZ,11.74,9.6
20260924,002195.SZ,6.7,5.48
20260924,002196.SZ,11.1,9.08
20260924,002197.SZ,7.17,5.87
20260924,002198.SZ,3.99,3.27
20260924,002199.SZ,13.7,11.21
20260924,002200.SZ,7.15,5.85
20260924,002201.SZ,11.04,9.04
20260924,002202.SZ,19.61,16.05
20260924,002203.SZ,20.38,16.68
20260924,002204.SZ,5.92,4.84
20260924,002205.SZ,12.78,10.46
20260924,002206.SZ,5.48,4.48
20260924,002207.SZ,6.0,4.91
20260924,002208.SZ,11.37,9.31
20260924,002209.SZ,14.98,12.26
20260924,002210.SZ,2.3,1.88
20260924,002211.SZ,4.19,3.43
20260924,002212.SZ,7.77,6.35
20260924,002213.SZ,32.27,26.41
20260924,002214.SZ,20.39,16.69
20260924,002215.SZ,10.74,8.78
20260924,002216.SZ,12.73,10.41
20260924,002217.SZ,1.71,1.4
20260924,002218.SZ,4.28,3.5
20260924,002219.SZ,2.29,1.87
20260924,002221.SZ,6.27,5.13
20260924,002222.SZ,76.92,62.94
20260924,002223.SZ,29.46,24.1
20260924,002224.SZ,4.08,3.34
20260924,002225.SZ,3.84,3.14
20260924,002226.SZ,5.67,4.64
20260924,002227.SZ,7.11,5.81
20260924,002228.SZ,3.49,2.85
20260924,002229.SZ,11.68,9.56
20260924,002230.SZ,42.59,34.85
20260924,002232.SZ,16.68,13.64
20260924,002233.SZ,7.69,6.29
20260924,002234.SZ,8.61,7.05
20260924,002235.SZ,8.62,7.06
20260924,002236.SZ,17.44,14.27
20260924,002237.SZ,14.66,12.0
20260924,002238.SZ,8.43,6.89
20260924,002239.SZ,2.73,2.23
20260924,002240.SZ,29.28,23.96
20260924,002241.SZ,26.9,22.01
20260924,002242.SZ,10.74,8.78
20260924,002243.SZ,7.76,6.35
20260924,002244.SZ,9.46,7.74
20260924,002245.SZ,18.55,15.17
20260924,002246.SZ,28.15,23.03
20260924,002247.SZ,2.68,2.2
20260924,002248.SZ,10.49,8.59
20260924,002249.SZ,7.08,5.8
20260924,002250.SZ,16.21,13.27
20260924,002251.SZ,3.83,3.13
20260924,002252.SZ,5.47,4.47
20260924,002253.SZ,10.16,8.32
20260924,002254.SZ,14.03,11.48
20260924,002255.SZ,8.35,6.83
20260924,002256.SZ,3.49,2.85
20260924,002258.SZ,16.21,13.27
20260924,002259.SZ,5.26,4.3
20260924,002261.SZ,27.76,22.72
20260924,002262.SZ,24.2,19.8
20260924,002263.SZ,3.49,2.85
20260924,002264.SZ,8.13,6.65
20260924,002265.SZ,21.58,17.66
20260924,002266.SZ,5.27,4.31
20260924,002267.SZ,7.83,6.41
20260924,002268.SZ,16.41,13.43
20260924,002269.SZ,1.53,1.25
20260924,002270.SZ,19.72,16.14
20260924,002271.SZ,11.77,9.63
20260924,002272.SZ,17.62,14.42
20260924,002273.SZ,28.81,23.57
20260924,002274.SZ,6.75,5.53
20260924,002275.SZ,13.45,11.01
20260924,002276.SZ,10.9,8.92
20260924,002277.SZ,5.9,4.82
20260924,002278.SZ,8.7,7.12
20260924,002279.SZ,7.33,5.99
20260924,002281.SZ,209.0,171.0
20260924,002282.SZ,6.68,5.46
20260924,002283.SZ,8.79,7.19
20260924,002284.SZ,10.55,8.63
20260924,002285.SZ,3.49,2.85
20260924,002286.SZ,9.63,7.88
20260924,002287.SZ,21.51,17.6
20260924,002289.SZ,39.53,32.35
20260924,002290.SZ,82.12,67.19
20260924,002291.SZ,6.04,4.94
20260924,002292.SZ,9.58,7.84
20260924,002293.SZ,11.86,9.7
20260924,002294.SZ,34.08,27.88
20260924,002295.SZ,11.2,9.16
20260924,002296.SZ,10.51,8.6
20260924,002297.SZ,23.43,19.17
20260924,002298.SZ,9.48,7.76
20260924,002299.SZ,17.5,14.32
20260924,002300.SZ,8.78,7.18
20260924,002301.SZ,9.64,7.88
20260924,002302.SZ,5.27,4.31
20260924,002303.SZ,7.37,6.03
20260924,002304.SZ,41.83,34.23
20260924,002305.SZ,2.22,1.82
20260924,002306.SZ,2.41,1.97
20260924,002307.SZ,3.29,2.69
20260924,002309.SZ,3.1,2.54
20260924,002310.SZ,2.45,2.01
20260924,002311.SZ,45.58,37.3
20260924,002312.SZ,9.25,7.57
20260924,002313.SZ,10.24,8.38
20260924,002314.SZ,2.57,2.11
20260924,002315.SZ,28.16,23.04
20260924,002316.SZ,4.68,3.83
20260924,002317.SZ,27.41,22.43
20260924,002318.SZ,20.14,16.48
20260924,002319.SZ,11.07,9.05
20260924,002320.SZ,7.05,5.77
20260924,002321.SZ,2.27,1.85
20260924,002322.SZ,13.2,10.8
20260924,002323.SZ,1.38,1.13
20260924,002324.SZ,10.04,8.22
20260924,002326.SZ,18.66,15.26
20260924,002327.SZ,6.73,5.51
20260924,002328.SZ,9.81,8.03
20260924,002329.SZ,3.99,3.27
20260924,002330.SZ,4.49,3.67
20260924,002331.SZ,7.52,6.16
20260924,002332.SZ,9.6,7.86
20260924,002333.SZ,6.37,5.21
20260924,002334.SZ,7.19,5.89
20260924,002335.SZ,35.89,29.37
20260924,002337.SZ,5.36,4.38
20260924,002338.SZ,51.37,42.03
20260924,002339.SZ,8.24,6.74
20260924,002340.SZ,6.84,5.6
20260924,002342.SZ,8.29,6.79
20260924,002343.SZ,6.38,5.22
20260924,002344.SZ,4.38,3.58
20260924,002345.SZ,9.47,7.75
20260924,002346.SZ,20.37,16.67
20260924,002347.SZ,6.34,5.18
20260924,002348.SZ,11.95,9.77
20260924,002349.SZ,9.43,7.71
20260924,002350.SZ,15.33,12.55
20260924,002351.SZ,11.03,9.03
20260924,002352.SZ,33.98,27.8
20260924,002353.SZ,128.52,105.16
20260924,002354.SZ,8.28,6.78
20260924,002355.SZ,5.07,4.15
20260924,002356.SZ,2.96,2.42
20260924,002357.SZ,13.15,10.76
20260924,002358.SZ,5.69,4.65
20260924,002360.SZ,5.87,4.81
20260924,002361.SZ,11.11,9.09
20260924,002362.SZ,17.52,14.34
20260924,002363.SZ,7.56,6.18
20260924,002364.SZ,39.97,32.71
20260924,002365.SZ,15.22,12.46
20260924,002366.SZ,6.14,5.02
20260924,002367.SZ,6.81,5.57
20260924,002368.SZ,14.43,11.81
20260924,002369.SZ,6.2,5.08
20260924,002370.SZ,5.76,4.72
20260924,002371.SZ,734.97,601.34
20260924,002372.SZ,9.09,7.43
20260924,002373.SZ,8.12,6.64
20260924,002374.SZ,3.56,2.92
20260924,002375.SZ,4.35,3.56
20260924,002376.SZ,7.4,6.06
20260924,002377.SZ,3.29,2.69
20260924,002378.SZ,25.51,20.87
20260924,002379.SZ,18.16,14.86
20260924,002380.SZ,30.21,24.71
20260924,002381.SZ,6.13,5.01
20260924,002382.SZ,6.45,5.27
20260924,002383.SZ,9.37,7.67
20260924,002384.SZ,212.3,173.7
20260924,002385.SZ,3.45,2.83
20260924,002386.SZ,6.63,5.43
20260924,002387.SZ,7.63,6.25
20260924,002388.SZ,8.76,7.16
20260924,002389.SZ,20.53,16.79
20260924,002390.SZ,3.26,2.66
20260924,002391.SZ,5.65,4.63
20260924,002392.SZ,8.4,6.88
20260924,002393.SZ,15.32,12.54
20260924,002394.SZ,11.36,9.3
20260924,002395.SZ,14.05,11.49
20260924,002396.SZ,40.17,32.87
20260924,002397.SZ,3.97,3.25
20260924,002398.SZ,4.62,3.78
20260924,002399.SZ,10.7,8.76
20260924,002400.SZ,7.18,5.88
20260924,002401.SZ,13.32,10.9
20260924,002402.SZ,20.59,16.85
20260924,002403.SZ,11.11,9.09
20260924,002404.SZ,6.39,5.23
20260924,002405.SZ,6.64,5.44
20260924,002406.SZ,7.04,5.76
20260924,002407.SZ,35.3,28.88
20260924,002408.SZ,5.91,4.83
20260924,002409.SZ,151.01,123.55
20260924,002410.SZ,9.31,7.61
20260924,002412.SZ,10.35,8.47
20260924,002413.SZ,8.97,7.34
20260924,002414.SZ,13.22,10.82
20260924,002415.SZ,36.42,29.8
20260924,002416.SZ,9.91,8.11
20260924,002418.SZ,4.99,4.09
20260924,002419.SZ,5.03,4.11
20260924,002420.SZ,6.72,5.5
20260924,002421.SZ,3.48,2.84
20260924,002422.SZ,45.87,37.53
20260924,002423.SZ,10.15,8.31
20260924,002424.SZ,4.88,4.0
20260924,002425.SZ,3.36,2.75
20260924,002426.SZ,3.26,2.66
20260924,002427.SZ,5.02,4.1
20260924,002428.SZ,103.83,84.95
20260924,002429.SZ,9.06,7.42
20260924,002430.SZ,27.89,22.82
20260924,002431.SZ,1.46,1.2
20260924,002432.SZ,69.66,57.0
20260924,002434.SZ,6.81,5.57
20260924,002436.SZ,50.49,41.31
20260924,002437.SZ,4.0,3.28
20260924,002438.SZ,15.18,12.42
20260924,002439.SZ,15.92,13.02
20260924,002440.SZ,14.37,11.75
20260924,002441.SZ,9.0,7.36
20260924,002442.SZ,6.12,5.0
20260924,002443.SZ,14.71,12.03
20260924,002444.SZ,30.8,25.2
20260924,002445.SZ,3.42,2.8
20260924,002446.SZ,8.88,7.26
20260924,002448.SZ,12.22,10.0
20260924,002449.SZ,7.36,6.02
20260924,002451.SZ,8.24,6.74
20260924,002452.SZ,13.0,10.64
20260924,002453.SZ,5.61,4.59
20260924,002454.SZ,5.64,4.62
20260924,002455.SZ,7.59,6.21
20260924,002456.SZ,7.54,6.17
20260924,002457.SZ,12.43,10.17
20260924,002458.SZ,9.03,7.39
20260924,002459.SZ,7.57,6.19
20260924,002460.SZ,50.08,40.98
20260924,002461.SZ,9.22,7.54
20260924,002462.SZ,13.54,11.08
20260924,002463.SZ,140.91,115.29
20260924,002465.SZ,11.23,9.19
20260924,002466.SZ,46.66,38.18
20260924,002467.SZ,5.35,4.37
20260924,002468.SZ,16.25,13.29
20260924,002469.SZ,6.73,5.51
20260924,002470.SZ,2.24,1.84
20260924,002471.SZ,5.95,4.87
20260924,002472.SZ,41.34,33.82
20260924,002474.SZ,7.02,5.74
20260924,002475.SZ,59.81,48.93
20260924,002476.SZ,5.49,4.49
20260924,002478.SZ,7.12,5.82
20260924,002479.SZ,6.48,5.3
20260924,002480.SZ,5.92,4.84
20260924,002481.SZ,4.66,3.82
20260924,002482.SZ,1.51,1.23
20260924,002483.SZ,6.77,5.54
20260924,002484.SZ,65.84,53.87
20260924,002485.SZ,6.56,5.36
20260924,002486.SZ,2.99,2.45
20260924,002487.SZ,41.68,34.1
20260924,002488.SZ,8.26,6.76
20260924,002489.SZ,3.34,2.74
20260924,002490.SZ,7.84,6.42
20260924,002491.SZ,26.71,21.85
20260924,002492.SZ,6.93,5.67
20260924,002493.SZ,14.91,12.2
20260924,002494.SZ,5.29,4.33
20260924,002495.SZ,2.66,2.18
20260924,002496.SZ,2.31,1.89
20260924,002497.SZ,18.02,14.74
20260924,002498.SZ,6.9,5.64
20260924,002500.SZ,5.78,4.73
20260924,002501.SZ,1.44,1.18
20260924,002506.SZ,2.66,2.18
20260924,002507.SZ,12.3,10.06
20260924,002508.SZ,18.13,14.83
20260924,002510.SZ,6.24,5.1
20260924,002511.SZ,7.7,6.3
20260924,002512.SZ,4.25,3.47
20260924,002513.SZ,5.8,4.74
20260924,002514.SZ,2.74,2.24
20260924,002515.SZ,8.47,6.93
20260924,002516.SZ,6.5,5.32
20260924,002517.SZ,18.02,14.74
20260924,002518.SZ,42.87,35.07
20260924,002519.SZ,6.35,5.19
20260924,002520.SZ,6.88,5.63
20260924,002521.SZ,6.9,5.64
20260924,002522.SZ,6.34,5.18
20260924,002523.SZ,3.72,3.04
20260924,002524.SZ,4.42,3.62
20260924,002526.SZ,2.86,2.34
20260924,002527.SZ,11.77,9.63
20260924,002528.SZ,6.38,5.22
20260924,002529.SZ,7.21,5.9
20260924,002530.SZ,7.89,6.45
20260924,002531.SZ,7.88,6.44
20260924,002532.SZ,13.65,11.17
20260924,002533.SZ,11.98,9.8
20260924,002534.SZ,19.36,15.84
20260924,002535.SZ,2.62,2.14
20260924,002536.SZ,57.5,47.04
20260924,002537.SZ,6.27,5.13
20260924,002538.SZ,7.4,6.06
20260924,002539.SZ,13.45,11.01
20260924,002540.SZ,5.53,4.53
20260924,002541.SZ,21.66,17.72
20260924,002542.SZ,1.83,1.49
20260924,002543.SZ,8.1,6.62
20260924,002544.SZ,17.45,14.27
20260924,002545.SZ,17.19,14.07
20260924,002546.SZ,8.21,6.71
20260924,002547.SZ,2.6,2.12
20260924,002548.SZ,4.32,3.54
20260924,002549.SZ,14.63,11.97
20260924,002550.SZ,7.18,5.88
20260924,002551.SZ,3.66,3.0
20260924,002552.SZ,58.8,48.11
20260924,002553.SZ,17.02,13.92
20260924,002554.SZ,3.05,2.49
20260924,002555.SZ,19.13,15.65
20260924,002556.SZ,5.64,4.62
20260924,002557.SZ,19.93,16.31
20260924,002558.SZ,25.96,21.24
20260924,002559.SZ,10.09,8.25
20260924,002560.SZ,7.68,6.28
20260924,002561.SZ,8.11,6.63
20260924,002562.SZ,5.48,4.48
20260924,002563.SZ,6.05,4.95
20260924,002564.SZ,6.04,4.94
20260924,002565.SZ,9.53,7.79
20260924,002566.SZ,7.71,6.31
20260924,002567.SZ,4.04,3.3
20260924,002568.SZ,20.49,16.77
20260924,002569.SZ,12.76,10.44
20260924,002570.SZ,4.84,3.96
20260924,002571.SZ,12.12,9.92
20260924,002572.SZ,8.35,6.83
20260924,002573.SZ,3.43,2.81
20260924,002574.SZ,5.52,4.52
20260924,002575.SZ,5.63,4.61
20260924,002576.SZ,15.85,12.97
20260924,002577.SZ,24.53,20.07
20260924,002578.SZ,4.55,3.73
20260924,002579.SZ,20.46,16.74
20260924,002580.SZ,20.52,16.79
20260924,002581.SZ,5.7,4.66
20260924,002582.SZ,10.58,8.66
20260924,002583.SZ,8.82,7.22
20260924,002584.SZ,9.92,8.12
20260924,002585.SZ,12.89,10.55
20260924,002586.SZ,4.15,3.39
20260924,002587.SZ,5.76,4.72
20260924,002588.SZ,8.4,6.88
20260924,002589.SZ,3.72,3.04
20260924,002590.SZ,10.58,8.66
20260924,002591.SZ,6.97,5.71
20260924,002592.SZ,7.06,5.78
20260924,002593.SZ,4.98,4.08
20260924,002594.SZ,94.44,77.27
20260924,002595.SZ,43.75,35.79
20260924,002596.SZ,3.51,2.87
20260924,002597.SZ,24.19,19.79
20260924,002598.SZ,7.65,6.26
20260924,002599.SZ,6.2,5.08
20260924,002600.SZ,13.61,11.13
20260924,002601.SZ,16.76,13.72
20260924,002602.SZ,15.69,12.83
20260924,002603.SZ,17.01,13.91
20260924,002605.SZ,18.28,14.96
20260924,002606.SZ,13.53,11.07
20260924,002607.SZ,2.09,1.71
20260924,002608.SZ,8.0,6.54
20260924,002609.SZ,8.55,6.99
20260924,002611.SZ,15.82,12.94
20260924,002612.SZ,18.95,15.51
20260924,002613.SZ,3.94,3.22
20260924,002614.SZ,8.33,6.81
20260924,002615.SZ,7.0,5.72
20260924,002616.SZ,5.27,4.31
20260924,002617.SZ,7.65,6.26
20260924,002620.SZ,6.4,5.24
20260924,002622.SZ,2.72,2.22
20260924,002623.SZ,20.59,16.85
20260924,002624.SZ,10.88,8.9
20260924,002625.SZ,29.23,23.91
20260924,002626.SZ,18.46,15.1
20260924,002627.SZ,7.37,6.03
20260924,002628.SZ,5.58,4.56
20260924,002629.SZ,4.66,3.82
20260924,002630.SZ,1.76,1.44
20260924,002631.SZ,14.96,12.24
20260924,002632.SZ,10.7,8.76
20260924,002633.SZ,17.46,14.28
20260924,002634.SZ,4.41,3.61
20260924,002635.SZ,18.47,15.11
20260924,002636.SZ,95.87,78.44
20260924,002637.SZ,12.05,9.86
20260924,002638.SZ,5.21,4.27
20260924,002639.SZ,15.13,12.38
20260924,002640.SZ,3.86,3.16
20260924,002641.SZ,4.19,3.43
20260924,002642.SZ,7.58,6.2
20260924,002643.SZ,14.65,11.99
20260924,002644.SZ,8.99,7.35
20260924,002645.SZ,20.44,16.72
20260924,002646.SZ,8.07,6.61
20260924,002647.SZ,12.74,10.42
20260924,002648.SZ,29.5,24.14
20260924,002649.SZ,10.24,8.38
20260924,002650.SZ,8.0,6.54
20260924,002651.SZ,8.93,7.31
20260924,002652.SZ,5.16,4.22
20260924,002653.SZ,72.01,58.91
20260924,002654.SZ,15.14,12.38
20260924,002655.SZ,43.57,35.65
20260924,002656.SZ,3.05,2.49
20260924,002657.SZ,16.8,13.74
20260924,002658.SZ,8.09,6.62
20260924,002659.SZ,5.06,4.14
20260924,002660.SZ,8.69,7.11
20260924,002661.SZ,8.35,6.83
20260924,002662.SZ,3.41,2.79
20260924,002663.SZ,1.86,1.52
20260924,002664.SZ,16.37,13.39
20260924,002666.SZ,4.68,3.83
20260924,002667.SZ,24.3,19.88
20260924,002668.SZ,9.8,8.02
20260924,002669.SZ,15.97,13.07
20260924,002670.SZ,12.87,10.53
20260924,002671.SZ,4.42,3.62
20260924,002672.SZ,4.28,3.5
20260924,002673.SZ,7.41,6.07
20260924,002674.SZ,22.28,18.23
20260924,002675.SZ,14.05,11.49
20260924,002676.SZ,5.83,4.77
20260924,002677.SZ,6.93,5.67
20260924,002678.SZ,4.87,3.99
20260924,002679.SZ,11.58,9.48
20260924,002681.SZ,4.98,4.08
20260924,002682.SZ,5.32,4.36
20260924,002683.SZ,31.46,25.74
20260924,002685.SZ,6.07,4.97
20260924,002686.SZ,6.79,5.55
20260924,002687.SZ,6.13,5.01
20260924,002688.SZ,5.69,4.65
20260924,002689.SZ,3.22,2.64
20260924,002690.SZ,17.63,14.43
20260924,002691.SZ,4.54,3.72
20260924,002692.SZ,4.7,3.84
20260924,002693.SZ,10.12,8.28
20260924,002694.SZ,2.76,2.26
20260924,002695.SZ,11.58,9.48
20260924,002696.SZ,7.25,5.93
20260924,002697.SZ,5.13,4.19
20260924,002698.SZ,12.54,10.26
20260924,002700.SZ,7.02,5.74
20260924,002701.SZ,4.82,3.94
20260924,002702.SZ,6.0,4.91
20260924,002703.SZ,16.72,13.68
20260924,002705.SZ,12.85,10.51
20260924,002706.SZ,9.57,7.83
20260924,002707.SZ,5.68,4.64
20260924,002708.SZ,18.93,15.49
20260924,002709.SZ,36.12,29.56
20260924,002712.SZ,5.48,4.48
20260924,002713.SZ,11.8,9.66
20260924,002714.SZ,45.54,37.26
20260924,002715.SZ,14.4,11.78
20260924,002716.SZ,10.52,8.6
20260924,002717.SZ,0.98,0.8
20260924,002718.SZ,91.54,74.9
20260924,002719.SZ,6.89,5.63
20260924,002721.SZ,2.93,2.39
20260924,002722.SZ,14.54,11.9
20260924,002723.SZ,8.01,6.55
20260924,002724.SZ,7.89,6.45
20260924,002725.SZ,12.09,9.89
20260924,002726.SZ,2.73,2.23
20260924,002727.SZ,11.73,9.59
20260924,002728.SZ,10.82,8.86
20260924,002729.SZ,15.35,12.56
20260924,002730.SZ,25.1,20.54
20260924,002731.SZ,0.85,0.69
20260924,002732.SZ,15.52,12.7
20260924,002733.SZ,19.89,16.27
20260924,002734.SZ,22.35,18.29
20260924,002735.SZ,13.09,10.71
20260924,002736.SZ,10.98,8.98
20260924,002737.SZ,12.52,10.24
20260924,002738.SZ,48.79,39.92
20260924,002739.SZ,9.34,7.64
20260924,002741.SZ,30.22,24.72
20260924,002742.SZ,4.63,3.79
20260924,002743.SZ,5.03,4.11
20260924,002745.SZ,13.66,11.18
20260924,002746.SZ,6.91,5.65
20260924,002747.SZ,32.42,26.52
20260924,002748.SZ,13.57,11.11
20260924,002749.SZ,9.3,7.61
20260924,002752.SZ,6.73,5.51
20260924,002753.SZ,7.38,6.04
20260924,002755.SZ,14.27,11.67
20260924,002756.SZ,44.14,36.12
20260924,002757.SZ,22.31,18.25
20260924,002758.SZ,9.39,7.69
20260924,002759.SZ,15.75,12.89
20260924,002760.SZ,19.49,15.95
20260924,002761.SZ,8.11,6.63
20260924,002762.SZ,11.21,9.17
20260924,002763.SZ,8.05,6.59
20260924,002765.SZ,7.6,6.22
20260924,002766.SZ,4.4,3.6
20260924,002767.SZ,20.7,16.94
20260924,002768.SZ,86.92,71.12
20260924,002769.SZ,7.41,6.07
20260924,002771.SZ,15.03,12.29
20260924,002772.SZ,12.05,9.86
20260924,002773.SZ,22.19,18.15
20260924,002774.SZ,19.15,15.67
20260924,002775.SZ,3.63,2.97
20260924,002777.SZ,13.93,11.39
20260924,002778.SZ,17.38,14.22
20260924,002779.SZ,94.6,77.4
20260924,002780.SZ,16.41,13.43
20260924,002782.SZ,17.07,13.97
20260924,002783.SZ,8.91,7.29
20260924,002785.SZ,43.43,35.53
20260924,002786.SZ,8.44,6.9
20260924,002787.SZ,29.79,24.37
20260924,002788.SZ,11.9,9.74
20260924,002789.SZ,14.49,11.85
20260924,002790.SZ,7.26,5.94
20260924,002791.SZ,16.97,13.89
20260924,002792.SZ,36.69,30.02
20260924,002793.SZ,5.25,4.29
20260924,002795.SZ,8.7,7.12
20260924,002796.SZ,33.66,27.54
20260924,002797.SZ,6.92,5.66
20260924,002798.SZ,7.34,6.0
20260924,002799.SZ,7.51,6.15
20260924,002800.SZ,16.15,13.21
20260924,002801.SZ,29.63,24.25
20260924,002802.SZ,13.62,11.14
20260924,002803.SZ,21.87,17.89
20260924,002805.SZ,18.11,14.81
20260924,002806.SZ,16.81,13.75
20260924,002807.SZ,4.53,3.71
20260924,002809.SZ,9.23,7.55
20260924,002810.SZ,23.62,19.32
20260924,002811.SZ,18.88,15.44
20260924,002812.SZ,52.25,42.75
20260924,002813.SZ,25.08,20.52
20260924,002815.SZ,27.35,22.37
20260924,002816.SZ,23.72,19.4
20260924,002817.SZ,7.41,6.07
20260924,002818.SZ,12.25,10.03
20260924,002819.SZ,26.66,21.82
20260924,002820.SZ,10.77,8.81
20260924,002821.SZ,206.81,169.21
20260924,002822.SZ,3.22,2.64
20260924,002823.SZ,14.3,11.7
20260924,002824.SZ,31.38,25.68
20260924,002825.SZ,10.49,8.59
20260924,002826.SZ,18.87,15.44
20260924,002827.SZ,87.35,71.47
20260924,002828.SZ,11.8,9.66
20260924,002829.SZ,22.26,18.22
20260924,002830.SZ,16.49,13.49
20260924,002831.SZ,31.63,25.88
20260924,002832.SZ,28.0,22.91
20260924,002833.SZ,20.55,16.81
20260924,002835.SZ,14.41,11.79
20260924,002836.SZ,12.27,10.04
20260924,002837.SZ,67.38,55.13
20260924,002838.SZ,28.42,23.26
20260924,002839.SZ,4.68,3.83
20260924,002840.SZ,9.2,7.52
20260924,002841.SZ,51.26,41.94
20260924,002842.SZ,37.16,30.4
20260924,002843.SZ,17.8,14.56
20260924,002845.SZ,15.96,13.06
20260924,002846.SZ,12.54,10.26
20260924,002847.SZ,47.52,38.88
20260924,002848.SZ,17.23,14.09
20260924,002849.SZ,25.3,20.7
20260924,002850.SZ,188.08,153.88
20260924,002851.SZ,135.14,110.57
20260924,002852.SZ,8.89,7.27
20260924,002853.SZ,23.9,19.56
20260924,002855.SZ,14.37,11.75
20260924,002856.SZ,21.75,17.79
20260924,002857.SZ,19.55,15.99
20260924,002858.SZ,12.62,10.32
20260924,002859.SZ,75.52,61.79
20260924,002860.SZ,20.23,16.55
20260924,002861.SZ,16.13,13.19
20260924,002862.SZ,17.27,14.13
20260924,002863.SZ,5.2,4.26
20260924,002864.SZ,23.34,19.1
20260924,002865.SZ,42.11,34.45
20260924,002866.SZ,15.93,13.03
20260924,002867.SZ,11.19,9.15
20260924,002868.SZ,25.17,20.59
20260924,002869.SZ,18.45,15.09
20260924,002870.SZ,54.3,44.42
20260924,002871.SZ,20.72,16.96
20260924,002872.SZ,6.56,5.36
20260924,002873.SZ,9.3,7.61
20260924,002875.SZ,14.41,11.79
20260924,002876.SZ,36.52,29.88
20260924,002877.SZ,8.2,6.71
20260924,002878.SZ,13.87,11.35
20260924,002879.SZ,18.54,15.17
20260924,002880.SZ,24.06,19.68
20260924,002881.SZ,50.88,41.63
20260924,002882.SZ,24.27,19.85
20260924,002883.SZ,10.14,8.3
20260924,002884.SZ,17.0,13.91
20260924,002885.SZ,31.64,25.88
20260924,002886.SZ,29.85,24.43
20260924,002887.SZ,9.96,8.15
20260924,002888.SZ,20.56,16.82
20260924,002889.SZ,13.16,10.76
20260924,002890.SZ,16.89,13.82
20260924,002891.SZ,31.27,25.59
20260924,002892.SZ,9.49,7.77
20260924,002893.SZ,11.28,9.23
20260924,002895.SZ,33.98,27.8
20260924,002896.SZ,66.81,54.67
20260924,002897.SZ,74.64,61.07
20260924,002899.SZ,23.47,19.21
20260924,002900.SZ,14.12,11.56
20260924,002901.SZ,45.89,37.55
20260924,002902.SZ,31.71,25.95
20260924,002903.SZ,33.74,27.6
20260924,002905.SZ,9.83,8.05
20260924,002906.SZ,30.56,25.0
20260924,002907.SZ,16.18,13.24
20260924,002908.SZ,7.72,6.32
20260924,002909.SZ,8.29,6.79
20260924,002910.SZ,11.03,9.03
20260924,002911.SZ,12.17,9.95
20260924,002912.SZ,27.95,22.87
20260924,002913.SZ,99.95,81.77
20260924,002915.SZ,18.76,15.35
20260924,002916.SZ,456.25,373.29
20260924,002917.SZ,11.25,9.21
20260924,002918.SZ,11.95,9.77
20260924,002919.SZ,18.14,14.84
20260924,002920.SZ,91.86,75.16
20260924,002921.SZ,23.38,19.13
20260924,002922.SZ,25.78,21.1
20260924,002923.SZ,12.17,9.95
20260924,002925.SZ,27.04,22.12
20260924,002926.SZ,9.19,7.52
20260924,002927.SZ,21.26,17.4
20260924,002928.SZ,7.15,5.85
20260924,002929.SZ,57.16,46.76
20260924,002930.SZ,10.01,8.19
20260924,002931.SZ,44.94,36.77
20260924,002932.SZ,16.89,13.82
20260924,002933.SZ,30.59,25.03
20260924,002935.SZ,19.27,15.77
20260924,002936.SZ,1.91,1.57
20260924,002937.SZ,33.14,27.12
20260924,002938.SZ,97.01,79.37
20260924,002939.SZ,8.66,7.08
20260924,002940.SZ,25.61,20.95
20260924,002941.SZ,11.48,9.4
20260924,002942.SZ,18.62,15.24
20260924,002943.SZ,34.74,28.42
20260924,002945.SZ,16.25,13.29
20260924,002946.SZ,15.9,13.01
20260924,002947.SZ,72.35,59.19
20260924,002948.SZ,6.62,5.42
20260924,002949.SZ,14.33,11.73
20260924,002950.SZ,9.5,7.78
20260924,002951.SZ,18.51,15.15
20260924,002952.SZ,21.59,17.67
20260924,002953.SZ,11.39,9.32
20260924,002955.SZ,41.15,33.67
20260924,002956.SZ,19.44,15.9
20260924,002957.SZ,48.27,39.49
20260924,002958.SZ,3.19,2.61
20260924,002959.SZ,34.87,28.53
20260924,002960.SZ,9.83,8.05
20260924,002961.SZ,15.1,12.36
20260924,002962.SZ,15.08,12.34
20260924,002963.SZ,26.29,21.51
20260924,002965.SZ,35.61,29.13
20260924,002966.SZ,10.0,8.18
20260924,002967.SZ,19.32,15.8
20260924,002968.SZ,10.99,8.99
20260924,002969.SZ,12.3,10.06
20260924,002970.SZ,48.32,39.54
20260924,002971.SZ,45.96,37.6
20260924,002972.SZ,14.77,12.09
20260924,002973.SZ,14.15,11.57
20260924,002975.SZ,121.63,99.51
20260924,002976.SZ,28.2,23.08
20260924,002977.SZ,21.53,17.61
20260924,002978.SZ,27.75,22.71
20260924,002979.SZ,59.55,48.73
20260924,002980.SZ,127.66,104.45
20260924,002981.SZ,27.09,22.17
20260924,002982.SZ,13.81,11.3
20260924,002983.SZ,24.93,20.39
20260924,002984.SZ,14.37,11.75
20260924,002985.SZ,30.66,25.08
20260924,002986.SZ,14.53,11.89
20260924,002987.SZ,11.85,9.69
20260924,002988.SZ,34.77,28.45
20260924,002989.SZ,30.76,25.16
20260924,002990.SZ,60.02,49.1
20260924,002991.SZ,41.25,33.75
20260924,002992.SZ,38.65,31.63
20260924,002993.SZ,39.02,31.92
20260924,002995.SZ,19.07,15.61
20260924,002996.SZ,6.53,5.35
20260924,002997.SZ,28.95,23.69
20260924,002998.SZ,8.94,7.32
20260924,002999.SZ,7.03,5.75
20260924,003000.SZ,10.27,8.41
20260924,003001.SZ,23.65,19.35
20260924,003002.SZ,17.41,14.25
20260924,003003.SZ,12.02,9.84
20260924,003004.SZ,66.68,54.56
20260924,003005.SZ,16.36,13.38
20260924,003006.SZ,23.75,19.43
20260924,003007.SZ,44.86,36.7
20260924,003008.SZ,21.93,17.95
20260924,003009.SZ,51.37,42.03
20260924,003010.SZ,30.68,25.1
20260924,003011.SZ,22.86,18.7
20260924,003012.SZ,5.15,4.21
20260924,003013.SZ,17.82,14.58
20260924,003015.SZ,13.84,11.32
20260924,003016.SZ,8.25,6.75
20260924,003017.SZ,25.3,20.7
20260924,003018.SZ,54.2,44.34
20260924,003019.SZ,30.69,25.11
20260924,003020.SZ,19.53,15.98
20260924,003021.SZ,77.83,63.68
20260924,003022.SZ,21.42,17.52
20260924,003023.SZ,28.7,23.48
20260924,003025.SZ,13.65,11.17
20260924,003026.SZ,39.6,32.4
20260924,003027.SZ,18.18,14.88
20260924,003028.SZ,26.25,21.47
20260924,003029.SZ,19.23,15.73
20260924,003030.SZ,30.0,24.54
20260924,003031.SZ,148.06,121.14
20260924,003032.SZ,10.19,8.33
20260924,003033.SZ,104.92,85.84
20260924,003035.SZ,5.87,4.81
20260924,003036.SZ,64.68,52.92
20260924,003037.SZ,6.42,5.26
20260924,003038.SZ,11.78,9.64
20260924,003039.SZ,13.93,11.39
20260924,003040.SZ,17.5,14.32
20260924,003041.SZ,47.07,38.51
20260924,003042.SZ,15.73,12.87
20260924,003043.SZ,71.3,58.34
20260924,003816.SZ,4.6,3.76
20260924,200011.SZ,3.04,2.48
20260924,200012.SZ,1.35,1.11
20260924,200016.SZ,0.78,0.64
20260924,200017.SZ,1.77,1.45
20260924,200019.SZ,3.52,2.88
20260924,200020.SZ,2.88,2.36
20260924,200025.SZ,4.38,3.58
20260924,200026.SZ,9.57,7.83
20260924,200028.SZ,13.18,10.78
20260924,200029.SZ,4.44,3.64
20260924,200030.SZ,2.92,2.39
20260924,200037.SZ,2.46,2.02
20260924,200045.SZ,4.54,3.72
20260924,200055.SZ,1.54,1.26
20260924,200056.SZ,0.64,0.52
20260924,200058.SZ,1.74,1.42
20260924,200429.SZ,10.14,8.3
20260924,200468.SZ,4.29,3.51
20260924,200488.SZ,0.68,0.56
20260924,200505.SZ,2.16,1.76
20260924,200512.SZ,2.27,1.85
20260924,200521.SZ,3.14,2.57
20260924,200530.SZ,1.76,1.44
20260924,200539.SZ,2.04,1.67
20260924,200541.SZ,2.06,1.68
20260924,200550.SZ,10.49,8.59
20260924,200553.SZ,3.11,2.55
20260924,200570.SZ,2.24,1.84
20260924,200581.SZ,14.27,11.67
20260924,200596.SZ,62.04,50.76
20260924,200625.SZ,3.61,2.95
20260924,200706.SZ,3.08,2.52
20260924,200725.SZ,5.62,4.6
20260924,200726.SZ,4.9,4.01
20260924,200761.SZ,1.01,0.83
20260924,200869.SZ,8.78,7.18
20260924,200992.SZ,1.69,1.39
20260924,201872.SZ,20.04,16.4
20260924,300001.SZ,42.61,28.41
20260924,300002.SZ,9.66,6.44
20260924,300003.SZ,13.9,9.26
20260924,300004.SZ,9.56,6.38
20260924,300005.SZ,13.06,8.7
20260924,300006.SZ,6.74,4.5
20260924,300007.SZ,38.14,25.42
20260924,300008.SZ,7.55,5.03
20260924,300009.SZ,10.15,6.77
20260924,300010.SZ,6.32,4.22
20260924,300011.SZ,7.06,4.7
20260924,300012.SZ,17.82,11.88
20260924,300013.SZ,5.2,3.46
20260924,300014.SZ,60.04,40.02
20260924,300015.SZ,9.61,6.41
20260924,300016.SZ,12.35,8.23
20260924,300017.SZ,18.38,12.26
20260924,300018.SZ,14.42,9.62
20260924,300019.SZ,17.27,11.51
20260924,300020.SZ,4.56,3.04
20260924,300021.SZ,4.64,3.1
20260924,300022.SZ,9.5,6.34
20260924,300024.SZ,15.86,10.58
20260924,300025.SZ,7.06,4.7
20260924,300026.SZ,3.9,2.6
20260924,300027.SZ,2.02,1.34
20260924,300030.SZ,8.17,5.45
20260924,300031.SZ,25.96,17.3
20260924,300032.SZ,4.61,3.07
20260924,300033.SZ,250.37,166.91
20260924,300034.SZ,19.1,12.74
20260924,300035.SZ,15.06,10.04
20260924,300036.SZ,12.26,8.18
20260924,300037.SZ,86.84,57.9
20260924,300039.SZ,6.24,4.16
20260924,300040.SZ,6.79,4.53
20260924,300041.SZ,13.7,9.14
20260924,300042.SZ,48.77,32.51
20260924,300043.SZ,5.24,3.5
20260924,300044.SZ,7.36,4.9
20260924,300045.SZ,14.16,9.44
20260924,300046.SZ,30.17,20.11
20260924,300047.SZ,11.12,7.42
20260924,300048.SZ,5.72,3.82
20260924,300049.SZ,59.52,39.68
20260924,300050.SZ,9.1,6.06
20260924,300051.SZ,9.91,6.61
20260924,300052.SZ,12.3,8.2
20260924,300053.SZ,14.69,9.79
20260924,300054.SZ,85.36,56.9
20260924,300055.SZ,6.98,4.66
20260924,300056.SZ,9.37,6.25
20260924,300057.SZ,7.94,5.3
20260924,300058.SZ,16.22,10.82
20260924,300059.SZ,22.38,14.92
20260924,300061.SZ,8.4,5.6
20260924,300062.SZ,7.31,4.87
20260924,300063.SZ,10.32,6.88
20260924,300065.SZ,18.38,12.26
20260924,300066.SZ,5.69,3.79
20260924,300067.SZ,6.4,4.26
20260924,300068.SZ,4.98,3.32
20260924,300069.SZ,29.78,19.86
20260924,300070.SZ,4.1,2.74
20260924,300071.SZ,4.91,3.27
20260924,300072.SZ,4.18,2.78
20260924,300073.SZ,45.85,30.57
20260924,300074.SZ,4.58,3.06
20260924,300075.SZ,12.4,8.26
20260924,300076.SZ,5.12,3.42
20260924,300077.SZ,27.34,18.22
20260924,300078.SZ,3.23,2.15
20260924,300079.SZ,5.78,3.86
20260924,300080.SZ,4.38,2.92
20260924,300081.SZ,4.02,2.68
20260924,300082.SZ,10.3,6.86
20260924,300083.SZ,15.0,10.0
20260924,300084.SZ,12.24,8.16
20260924,300085.SZ,37.54,25.02
20260924,300086.SZ,6.59,4.39
20260924,300087.SZ,6.74,4.5
20260924,300088.SZ,8.83,5.89
20260924,300091.SZ,2.89,1.93
20260924,300092.SZ,13.49,8.99
20260924,300093.SZ,26.06,17.38
20260924,300094.SZ,3.54,2.36
20260924,300095.SZ,10.76,7.18
20260924,300096.SZ,10.82,7.22
20260924,300097.SZ,12.9,8.6
20260924,300098.SZ,5.14,3.42
20260924,300099.SZ,7.75,5.17
20260924,300100.SZ,24.86,16.58
20260924,300101.SZ,17.2,11.46
20260924,300102.SZ,20.05,13.37
20260924,300103.SZ,9.7,6.46
20260924,300105.SZ,8.74,5.82
20260924,300106.SZ,12.85,8.57
20260924,300107.SZ,8.04,5.36
20260924,300109.SZ,15.94,10.62
20260924,300110.SZ,4.38,2.92
20260924,300111.SZ,3.59,2.39
20260924,300112.SZ,14.22,9.48
20260924,300113.SZ,20.11,13.41
20260924,300115.SZ,28.75,19.17
20260924,300118.SZ,11.06,7.38
20260924,300119.SZ,20.57,13.71
20260924,300120.SZ,8.86,5.9
20260924,300121.SZ,11.89,7.93
20260924,300122.SZ,16.13,10.75
20260924,300123.SZ,5.24,3.5
20260924,300124.SZ,63.26,42.18
20260924,300125.SZ,10.67,7.11
20260924,300126.SZ,7.92,5.28
20260924,300127.SZ,28.98,19.32
20260924,300128.SZ,5.98,3.98
20260924,300129.SZ,8.83,5.89
20260924,300130.SZ,21.86,14.58
20260924,300131.SZ,18.28,12.18
20260924,300132.SZ,7.49,4.99
20260924,300133.SZ,8.96,5.98
20260924,300134.SZ,10.16,6.78
20260924,300135.SZ,4.1,2.74
20260924,300136.SZ,69.61,46.41
20260924,300137.SZ,12.31,8.21
20260924,300138.SZ,13.74,9.16
20260924,300139.SZ,56.26,37.5
20260924,300140.SZ,6.35,4.23
20260924,300141.SZ,11.78,7.86
20260924,300142.SZ,16.9,11.26
20260924,300143.SZ,9.42,6.28
20260924,300144.SZ,6.92,4.62
20260924,300145.SZ,6.19,4.13
20260924,300146.SZ,11.3,7.54
20260924,300147.SZ,7.6,5.06
20260924,300148.SZ,4.25,2.83
20260924,300149.SZ,12.01,8.01
20260924,300150.SZ,4.99,3.33
20260924,300151.SZ,25.39,16.93
20260924,300152.SZ,1.99,1.33
20260924,300153.SZ,33.06,22.04
20260924,300154.SZ,16.76,11.18
20260924,300155.SZ,6.07,4.05
20260924,300157.SZ,4.43,2.95
20260924,300158.SZ,6.34,4.22
20260924,300159.SZ,3.41,2.27
20260924,300160.SZ,5.36,3.58
20260924,300161.SZ,32.41,21.61
20260924,300162.SZ,9.73,6.49
20260924,300163.SZ,9.71,6.47
20260924,300164.SZ,10.7,7.14
20260924,300165.SZ,6.23,4.15
20260924,300166.SZ,15.34,10.22
20260924,300167.SZ,4.8,3.2
20260924,300168.SZ,5.7,3.8
20260924,300169.SZ,6.66,4.44
20260924,300170.SZ,18.84,12.56
20260924,300171.SZ,19.58,13.06
20260924,300172.SZ,5.38,3.58
20260924,300173.SZ,4.03,2.69
20260924,300174.SZ,23.15,15.43
20260924,300175.SZ,6.47,4.31
20260924,300176.SZ,5.26,3.5
20260924,300177.SZ,7.3,4.86
20260924,300179.SZ,52.58,35.06
20260924,300180.SZ,5.29,3.53
20260924,300181.SZ,15.78,10.52
20260924,300182.SZ,5.99,3.99
20260924,300183.SZ,13.08,8.72
20260924,300184.SZ,14.66,9.78
20260924,300185.SZ,3.28,2.18
20260924,300187.SZ,5.45,3.63
20260924,300188.SZ,12.64,8.42
20260924,300189.SZ,7.74,5.16
20260924,300190.SZ,4.61,3.07
20260924,300191.SZ,37.68,25.12
20260924,300192.SZ,27.54,18.36
20260924,300193.SZ,9.54,6.36
20260924,300194.SZ,4.68,3.12
20260924,300195.SZ,7.56,5.04
20260924,300196.SZ,23.2,15.46
20260924,300197.SZ,2.3,1.54
20260924,300198.SZ,2.71,1.81
20260924,300199.SZ,29.15,19.43
20260924,300200.SZ,10.18,6.78
20260924,300201.SZ,16.45,10.97
20260924,300203.SZ,16.86,11.24
20260924,300204.SZ,25.06,16.7
20260924,300205.SZ,6.34,4.22
20260924,300206.SZ,14.04,9.36
20260924,300207.SZ,23.44,15.62
20260924,300209.SZ,44.89,29.93
20260924,300210.SZ,8.63,5.75
20260924,300211.SZ,8.42,5.62
20260924,300212.SZ,9.49,6.33
20260924,300213.SZ,7.81,5.21
20260924,300214.SZ,11.99,7.99
20260924,300215.SZ,8.24,5.5
20260924,300217.SZ,4.88,3.26
20260924,300218.SZ,15.06,10.04
20260924,300219.SZ,8.35,5.57
20260924,300220.SZ,13.36,8.9
20260924,300221.SZ,17.34,11.56
20260924,300222.SZ,12.13,8.09
20260924,300223.SZ,176.36,117.58
20260924,300224.SZ,14.6,9.74
20260924,300225.SZ,9.98,6.66
20260924,300226.SZ,21.53,14.35
20260924,300227.SZ,13.02,8.68
20260924,300228.SZ,8.0,5.34
20260924,300229.SZ,15.82,10.54
20260924,300230.SZ,5.18,3.46
20260924,300231.SZ,9.94,6.62
20260924,300232.SZ,6.43,4.29
20260924,300233.SZ,16.21,10.81
20260924,300234.SZ,14.12,9.42
20260924,300235.SZ,14.78,9.86
20260924,300236.SZ,107.7,71.8
20260924,300237.SZ,2.7,1.8
20260924,300238.SZ,14.52,9.68
20260924,300239.SZ,6.35,4.23
20260924,300240.SZ,7.31,4.87
20260924,300241.SZ,7.1,4.74
20260924,300242.SZ,4.67,3.11
20260924,300243.SZ,29.48,19.66
20260924,300244.SZ,25.28,16.86
20260924,300245.SZ,7.37,4.91
20260924,300246.SZ,19.03,12.69
20260924,300247.SZ,4.5,3.0
20260924,300248.SZ,9.92,6.62
20260924,300249.SZ,16.25,10.83
20260924,300250.SZ,18.23,12.15
20260924,300251.SZ,13.26,8.84
20260924,300252.SZ,15.07,10.05
20260924,300253.SZ,8.41,5.61
20260924,300254.SZ,10.79,7.19
20260924,300255.SZ,28.36,18.9
20260924,300256.SZ,3.2,2.14
20260924,300257.SZ,23.34,15.56
20260924,300258.SZ,10.67,7.11
20260924,300259.SZ,5.4,3.6
20260924,300260.SZ,76.86,51.24
20260924,300261.SZ,5.86,3.9
20260924,300263.SZ,13.07,8.71
20260924,300264.SZ,7.32,4.88
20260924,300265.SZ,15.98,10.66
20260924,300266.SZ,2.22,1.48
20260924,300267.SZ,3.98,2.66
20260924,300268.SZ,14.4,9.6
20260924,300269.SZ,5.48,3.66
20260924,300270.SZ,12.48,8.32
20260924,300271.SZ,6.97,4.65
20260924,300272.SZ,6.96,4.64
20260924,300274.SZ,104.2,69.46
20260924,300275.SZ,10.8,7.2
20260924,300276.SZ,7.14,4.76
20260924,300277.SZ,15.77,10.51
20260924,300278.SZ,4.31,2.87
20260924,300279.SZ,7.14,4.76
20260924,300281.SZ,8.64,5.76
20260924,300283.SZ,17.46,11.64
20260924,300284.SZ,6.17,4.11
20260924,300285.SZ,82.8,55.2
20260924,300286.SZ,23.47,15.65
20260924,300287.SZ,4.46,2.98
20260924,300288.SZ,11.72,7.82
20260924,300289.SZ,7.15,4.77
20260924,300290.SZ,9.02,6.02
20260924,300291.SZ,7.16,4.78
20260924,300292.SZ,5.41,3.61
20260924,300293.SZ,17.62,11.74
20260924,300294.SZ,17.66,11.78
20260924,300295.SZ,14.36,9.58
20260924,300296.SZ,5.89,3.93
20260924,300298.SZ,19.61,13.07
20260924,300299.SZ,6.43,4.29
20260924,300300.SZ,10.81,7.21
20260924,300301.SZ,4.12,2.74
20260924,300302.SZ,35.08,23.38
20260924,300303.SZ,8.35,5.57
20260924,300304.SZ,14.51,9.67
20260924,300305.SZ,8.11,5.41
20260924,300306.SZ,12.52,8.34
20260924,300307.SZ,8.76,5.84
20260924,300308.SZ,1107.0,738.0
20260924,300310.SZ,5.18,3.46
20260924,300311.SZ,7.09,4.73
20260924,300313.SZ,15.61,10.41
20260924,300314.SZ,15.14,10.1
20260924,300315.SZ,4.79,3.19
20260924,300316.SZ,50.76,33.84
20260924,300317.SZ,4.76,3.18
20260924,300318.SZ,6.28,4.18
20260924,300319.SZ,25.85,17.23
20260924,300320.SZ,9.98,6.66
20260924,300321.SZ,43.45,28.97
20260924,300322.SZ,22.28,14.86
20260924,300323.SZ,14.39,9.59
20260924,300324.SZ,4.74,3.16
20260924,300326.SZ,7.57,5.05
20260924,300327.SZ,32.08,21.38
20260924,300328.SZ,16.21,10.81
20260924,300329.SZ,14.28,9.52
20260924,300331.SZ,59.03,39.35
20260924,300332.SZ,5.81,3.87
20260924,300333.SZ,14.08,9.38
20260924,300334.SZ,10.24,6.82
20260924,300335.SZ,6.53,4.35
20260924,300337.SZ,11.03,7.35
20260924,300338.SZ,3.46,2.3
20260924,300339.SZ,41.23,27.49
20260924,300340.SZ,10.38,6.92
20260924,300341.SZ,15.66,10.44
20260924,300342.SZ,37.74,25.16
20260924,300343.SZ,6.43,4.29
20260924,300345.SZ,9.23,6.15
20260924,300346.SZ,66.82,44.54
20260924,300347.SZ,70.2,46.8
20260924,300348.SZ,11.36,7.58
20260924,300349.SZ,12.77,8.51
20260924,300350.SZ,5.57,3.71
20260924,300351.SZ,16.92,11.28
20260924,300352.SZ,3.6,2.4
20260924,300353.SZ,20.27,13.51
20260924,300354.SZ,33.5,22.34
20260924,300355.SZ,3.32,2.22
20260924,300357.SZ,24.47,16.31
20260924,300358.SZ,11.64,7.76
20260924,300359.SZ,4.87,3.25
20260924,300360.SZ,13.45,8.97
20260924,300363.SZ,30.3,20.2
20260924,300364.SZ,29.35,19.57
20260924,300365.SZ,5.42,3.62
20260924,300366.SZ,6.64,4.42
20260924,300368.SZ,11.47,7.65
20260924,300369.SZ,11.12,7.42
20260924,300370.SZ,2.59,1.73
20260924,300371.SZ,12.25,8.17
20260924,300373.SZ,109.67,73.11
20260924,300374.SZ,11.95,7.97
20260924,300375.SZ,4.92,3.28
20260924,300376.SZ,5.02,3.34
20260924,300377.SZ,16.91,11.27
20260924,300378.SZ,46.67,31.11
20260924,300380.SZ,34.22,22.82
20260924,300381.SZ,6.96,4.64
20260924,300382.SZ,19.04,12.7
20260924,300383.SZ,13.44,8.96
20260924,300384.SZ,14.28,9.52
20260924,300385.SZ,16.28,10.86
20260924,300386.SZ,13.12,8.74
20260924,300387.SZ,8.88,5.92
20260924,300388.SZ,8.08,5.38
20260924,300389.SZ,15.96,10.64
20260924,300390.SZ,63.31,42.21
20260924,300393.SZ,7.33,4.89
20260924,300394.SZ,330.48,220.32
20260924,300395.SZ,118.15,78.77
20260924,300396.SZ,8.56,5.7
20260924,300397.SZ,14.93,9.95
20260924,300398.SZ,46.97,31.31
20260924,300399.SZ,23.45,15.63
20260924,300400.SZ,43.0,28.66
20260924,300401.SZ,19.97,13.31
20260924,300402.SZ,17.7,11.8
20260924,300403.SZ,10.51,7.01
20260924,300404.SZ,18.2,12.14
20260924,300405.SZ,6.91,4.61
20260924,300406.SZ,14.22,9.48
20260924,300407.SZ,12.7,8.46
20260924,300408.SZ,156.48,104.32
20260924,300409.SZ,21.26,14.18
20260924,300410.SZ,10.79,7.19
20260924,300411.SZ,9.85,6.57
20260924,300412.SZ,5.42,3.62
20260924,300413.SZ,23.2,15.46
20260924,300414.SZ,13.39,8.93
20260924,300415.SZ,22.98,15.32
20260924,300416.SZ,17.29,11.53
20260924,300417.SZ,14.46,9.64
20260924,300418.SZ,51.46,34.3
20260924,300419.SZ,9.1,6.06
20260924,300420.SZ,9.72,6.48
20260924,300421.SZ,20.99,13.99
20260924,300422.SZ,4.82,3.22
20260924,300423.SZ,6.53,4.35
20260924,300424.SZ,16.49,10.99
20260924,300425.SZ,4.8,3.2
20260924,300426.SZ,9.71,6.47
20260924,300427.SZ,7.57,5.05
20260924,300428.SZ,23.41,15.61
20260924,300429.SZ,14.02,9.34
20260924,300430.SZ,5.56,3.7
20260924,300432.SZ,15.9,10.6
20260924,300433.SZ,40.85,27.23
20260924,300434.SZ,15.1,10.06
20260924,300435.SZ,19.76,13.18
20260924,300436.SZ,104.5,69.66
20260924,300437.SZ,13.0,8.66
20260924,300438.SZ,60.52,40.34
20260924,300439.SZ,12.07,8.05
20260924,300440.SZ,21.04,14.02
20260924,300441.SZ,8.51,5.67
20260924,300442.SZ,80.09,53.39
20260924,300443.SZ,23.47,15.65
20260924,300444.SZ,10.52,7.02
20260924,300445.SZ,23.05,15.37
20260924,300446.SZ,15.44,10.3
20260924,300447.SZ,16.9,11.26
20260924,300448.SZ,6.77,4.51
20260924,300449.SZ,8.0,5.34
20260924,300450.SZ,38.89,25.93
20260924,300451.SZ,4.18,2.78
20260924,300452.SZ,15.94,10.62
20260924,300453.SZ,10.9,7.26
20260924,300454.SZ,175.72,117.14
20260924,300455.SZ,20.4,13.6
20260924,300456.SZ,46.8,31.2
20260924,300457.SZ,25.5,17.0
20260924,300458.SZ,40.52,27.02
20260924,300459.SZ,4.26,2.84
20260924,300460.SZ,10.96,7.3
20260924,300461.SZ,43.46,28.98
20260924,300462.SZ,13.94,9.3
20260924,300463.SZ,11.28,7.52
20260924,300464.SZ,14.4,9.6
20260924,300465.SZ,13.57,9.05
20260924,300466.SZ,8.56,5.7
20260924,300467.SZ,40.14,26.76
20260924,300468.SZ,26.32,17.54
20260924,300469.SZ,60.76,40.5
20260924,300470.SZ,33.54,22.36
20260924,300471.SZ,11.96,7.98
20260924,300472.SZ,8.3,5.54
20260924,300473.SZ,43.72,29.14
20260924,300474.SZ,63.94,42.62
20260924,300475.SZ,214.84,143.22
20260924,300476.SZ,293.16,195.44
20260924,300477.SZ,3.22,2.14
20260924,300478.SZ,43.51,29.01
20260924,300479.SZ,17.84,11.9
20260924,300480.SZ,39.53,26.35
20260924,300481.SZ,17.17,11.45
20260924,300482.SZ,19.91,13.27
20260924,300483.SZ,28.2,18.8
20260924,300484.SZ,15.43,10.29
20260924,300485.SZ,10.44,6.96
20260924,300486.SZ,21.36,14.24
20260924,300487.SZ,84.48,56.32
20260924,300488.SZ,45.78,30.52
20260924,300489.SZ,316.82,211.22
20260924,300490.SZ,12.94,8.62
20260924,300491.SZ,44.54,29.7
20260924,300492.SZ,26.23,17.49
20260924,300493.SZ,15.94,10.62
20260924,300494.SZ,9.66,6.44
20260924,300496.SZ,67.33,44.89
20260924,300497.SZ,23.99,15.99
20260924,300498.SZ,17.75,11.83
20260924,300499.SZ,43.22,28.82
20260924,300500.SZ,11.38,7.58
20260924,300501.SZ,11.33,7.55
20260924,300502.SZ,541.44,360.96
20260924,300503.SZ,80.59,53.73
20260924,300504.SZ,22.73,15.15
20260924,300505.SZ,22.75,15.17
20260924,300506.SZ,5.99,3.99
20260924,300507.SZ,7.78,5.18
20260924,300508.SZ,47.45,31.63
20260924,300509.SZ,10.63,7.09
20260924,300510.SZ,4.03,2.69
20260924,300511.SZ,5.92,3.94
20260924,300512.SZ,8.95,5.97
20260924,300513.SZ,8.83,5.89
20260924,300514.SZ,11.88,7.92
20260924,300515.SZ,21.01,14.01
20260924,300516.SZ,43.19,28.79
20260924,300517.SZ,14.71,9.81
20260924,300518.SZ,31.74,21.16
20260924,300519.SZ,17.51,11.67
20260924,300520.SZ,30.79,20.53
20260924,300521.SZ,30.48,20.32
20260924,300522.SZ,18.8,12.54
20260924,300523.SZ,27.46,18.3
20260924,300525.SZ,9.37,6.25
20260924,300527.SZ,9.91,6.61
20260924,300528.SZ,16.5,11.0
20260924,300529.SZ,18.2,12.14
20260924,300530.SZ,22.92,15.28
20260924,300531.SZ,18.48,12.32
20260924,300532.SZ,8.83,5.89
20260924,300533.SZ,16.92,11.28
20260924,300534.SZ,16.49,10.99
20260924,300535.SZ,19.01,12.67
20260924,300536.SZ,10.15,6.77
20260924,300537.SZ,25.9,17.26
20260924,300538.SZ,18.74,12.5
20260924,300539.SZ,22.01,14.67
20260924,300540.SZ,31.88,21.26
20260924,300541.SZ,11.46,7.64
20260924,300542.SZ,14.93,9.95
20260924,300543.SZ,9.42,6.28
20260924,300545.SZ,35.52,23.68
20260924,300546.SZ,20.2,13.46
20260924,300547.SZ,29.98,19.98
20260924,300548.SZ,286.8,191.2
20260924,300549.SZ,17.75,11.83
20260924,300550.SZ,17.28,11.52
20260924,300551.SZ,14.27,9.51
20260924,300552.SZ,24.25,16.17
20260924,300553.SZ,80.7,53.8
20260924,300554.SZ,28.68,19.12
20260924,300555.SZ,14.82,9.88
20260924,300556.SZ,19.28,12.86
20260924,300557.SZ,31.01,20.67
20260924,300558.SZ,60.43,40.29
20260924,300559.SZ,15.6,10.4
20260924,300560.SZ,21.7,14.46
20260924,300561.SZ,18.6,12.4
20260924,300562.SZ,20.64,13.76
20260924,300563.SZ,31.98,21.32
20260924,300564.SZ,15.13,10.09
20260924,300565.SZ,11.84,7.9
20260924,300566.SZ,33.08,22.06
20260924,300567.SZ,252.82,168.54
20260924,300568.SZ,20.4,13.6
20260924,300569.SZ,5.93,3.95
20260924,300570.SZ,271.42,180.94
20260924,300571.SZ,35.29,23.53
20260924,300572.SZ,29.82,19.88
20260924,300573.SZ,44.02,29.34
20260924,300575.SZ,7.58,5.06
20260924,300576.SZ,35.86,23.9
20260924,300577.SZ,23.28,15.52
20260924,300578.SZ,19.08,12.72
20260924,300579.SZ,28.64,19.1
20260924,300580.SZ,22.6,15.06
20260924,300581.SZ,12.18,8.12
20260924,300582.SZ,12.84,8.56
20260924,300583.SZ,16.6,11.06
20260924,300584.SZ,37.55,25.03
20260924,300585.SZ,19.25,12.83
20260924,300586.SZ,11.7,7.8
20260924,300587.SZ,6.17,4.11
20260924,300588.SZ,26.92,17.94
20260924,300589.SZ,16.31,10.87
20260924,300590.SZ,14.12,9.42
20260924,300591.SZ,7.86,5.24
20260924,300592.SZ,24.84,16.56
20260924,300593.SZ,40.38,26.92
20260924,300594.SZ,18.22,12.14
20260924,300595.SZ,12.32,8.22
20260924,300596.SZ,48.97,32.65
20260924,300597.SZ,9.55,6.37
20260924,300598.SZ,37.02,24.68
20260924,300599.SZ,14.82,9.88
20260924,300600.SZ,12.34,8.22
20260924,300601.SZ,15.82,10.54
20260924,300602.SZ,46.8,31.2
20260924,300603.SZ,9.76,6.5
20260924,300604.SZ,325.42,216.94
20260924,300605.SZ,12.19,8.13
20260924,300606.SZ,44.14,29.42
20260924,300607.SZ,38.88,25.92
20260924,300608.SZ,11.88,7.92
20260924,300609.SZ,31.01,20.67
20260924,300610.SZ,12.48,8.32
20260924,300611.SZ,34.04,22.7
20260924,300612.SZ,14.78,9.86
20260924,300613.SZ,103.91,69.27
20260924,300614.SZ,12.48,8.32
20260924,300615.SZ,17.23,11.49
20260924,300616.SZ,13.27,8.85
20260924,300617.SZ,43.08,28.72
20260924,300618.SZ,38.53,25.69
20260924,300619.SZ,32.68,21.78
20260924,300620.SZ,347.02,231.34
20260924,300621.SZ,8.47,5.65
20260924,300622.SZ,18.49,12.33
20260924,300623.SZ,41.99,27.99
20260924,300624.SZ,60.07,40.05
20260924,300625.SZ,11.99,7.99
20260924,300626.SZ,34.97,23.31
20260924,300627.SZ,32.0,21.34
20260924,300628.SZ,49.82,33.22
20260924,300629.SZ,21.84,14.56
20260924,300631.SZ,25.91,17.27
20260924,300632.SZ,23.22,15.48
20260924,300633.SZ,23.7,15.8
20260924,300634.SZ,26.22,17.48
20260924,300635.SZ,14.17,9.45
20260924,300636.SZ,8.41,5.61
20260924,300637.SZ,11.33,7.55
20260924,300638.SZ,24.83,16.55
20260924,300639.SZ,7.42,4.94
20260924,300640.SZ,7.69,5.13
20260924,300641.SZ,16.42,10.94
20260924,300642.SZ,25.73,17.15
20260924,300643.SZ,21.73,14.49
20260924,300644.SZ,25.68,17.12
20260924,300645.SZ,16.88,11.26
20260924,300647.SZ,10.26,6.84
20260924,300648.SZ,48.61,32.41
20260924,300649.SZ,34.57,23.05
20260924,300650.SZ,15.66,10.44
20260924,300651.SZ,19.43,12.95
20260924,300652.SZ,35.16,23.44
20260924,300653.SZ,18.71,12.47
20260924,300654.SZ,11.52,7.68
20260924,300655.SZ,16.38,10.92
20260924,300656.SZ,36.07,24.05
20260924,300657.SZ,44.64,29.76
20260924,300658.SZ,12.84,8.56
20260924,300659.SZ,13.04,8.7
20260924,300660.SZ,28.72,19.14
20260924,300661.SZ,146.94,97.96
20260924,300662.SZ,25.18,16.78
20260924,300663.SZ,9.05,6.03
20260924,300664.SZ,5.54,3.7
20260924,300665.SZ,10.62,7.08
20260924,300666.SZ,302.39,201.59
20260924,300667.SZ,18.37,12.25
20260924,300668.SZ,38.82,25.88
20260924,300669.SZ,29.62,19.74
20260924,300670.SZ,9.13,6.09
20260924,300671.SZ,74.71,49.81
20260924,300672.SZ,241.28,160.86
20260924,300673.SZ,18.04,12.02
20260924,300674.SZ,19.75,13.17
20260924,300675.SZ,15.64,10.42
20260924,300676.SZ,52.82,35.22
20260924,300677.SZ,59.76,39.84
20260924,300678.SZ,25.88,17.26
20260924,300679.SZ,55.46,36.98
20260924,300680.SZ,25.18,16.78
20260924,300681.SZ,27.71,18.47
20260924,300682.SZ,10.72,7.14
20260924,300683.SZ,31.24,20.82
20260924,300684.SZ,143.4,95.6
20260924,300685.SZ,25.21,16.81
20260924,300686.SZ,17.98,11.98
20260924,300687.SZ,36.19,24.13
20260924,300688.SZ,43.54,29.02
20260924,300689.SZ,80.69,53.79
20260924,300690.SZ,28.75,19.17
20260924,300691.SZ,25.15,16.77
20260924,300692.SZ,11.35,7.57
20260924,300693.SZ,45.98,30.66
20260924,300694.SZ,12.7,8.46
20260924,300695.SZ,63.7,42.46
20260924,300696.SZ,25.31,16.87
20260924,300697.SZ,18.32,12.22
20260924,300698.SZ,33.92,22.62
20260924,300699.SZ,28.27,18.85
20260924,300700.SZ,20.99,13.99
20260924,300701.SZ,12.06,8.04
20260924,300702.SZ,25.81,17.21
20260924,300703.SZ,16.56,11.04
20260924,300705.SZ,13.28,8.86
20260924,300706.SZ,62.22,41.48
20260924,300707.SZ,14.56,9.7
20260924,300708.SZ,11.86,7.9
20260924,300709.SZ,46.76,31.18
20260924,300710.SZ,37.18,24.78
20260924,300711.SZ,21.74,14.5
20260924,300712.SZ,24.55,16.37
20260924,300713.SZ,16.38,10.92
20260924,300715.SZ,17.34,11.56
20260924,300716.SZ,21.47,14.31
20260924,300717.SZ,22.9,15.26
20260924,300718.SZ,63.67,42.45
20260924,300719.SZ,14.35,9.57
20260924,300720.SZ,75.54,50.36
20260924,300721.SZ,26.96,17.98
20260924,300722.SZ,25.79,17.19
20260924,300723.SZ,41.24,27.5
20260924,300724.SZ,66.28,44.18
20260924,300725.SZ,65.22,43.48
20260924,300726.SZ,71.38,47.58
20260924,300727.SZ,43.74,29.16
20260924,300729.SZ,13.52,9.02
20260924,300730.SZ,13.87,9.25
20260924,300731.SZ,63.49,42.33
20260924,300732.SZ,6.91,4.61
20260924,300733.SZ,16.52,11.02
20260924,300735.SZ,22.36,14.9
20260924,300736.SZ,41.46,27.64
20260924,300737.SZ,5.82,3.88
20260924,300738.SZ,23.65,15.77
20260924,300739.SZ,38.27,25.51
20260924,300740.SZ,24.72,16.48
20260924,300741.SZ,35.51,23.67
20260924,300743.SZ,17.48,11.66
20260924,300745.SZ,33.59,22.39
20260924,300746.SZ,17.94,11.96
20260924,300747.SZ,48.9,32.6
20260924,300748.SZ,30.66,20.44
20260924,300749.SZ,29.86,19.9
20260924,300750.SZ,361.2,240.8
20260924,300751.SZ,241.57,161.05
20260924,300752.SZ,16.1,10.74
20260924,300753.SZ,25.62,17.08
20260924,300755.SZ,14.03,9.35
20260924,300756.SZ,40.49,26.99
20260924,300757.SZ,717.58,478.38
20260924,300758.SZ,13.72,9.14
20260924,300759.SZ,54.02,36.02
20260924,300760.SZ,186.55,124.37
20260924,300761.SZ,24.89,16.59
20260924,300762.SZ,32.17,21.45
20260924,300763.SZ,65.96,43.98
20260924,300765.SZ,56.58,37.72
20260924,300766.SZ,26.38,17.58
20260924,300767.SZ,25.45,16.97
20260924,300768.SZ,18.35,12.23
20260924,300769.SZ,49.27,32.85
20260924,300770.SZ,41.83,27.89
20260924,300771.SZ,13.74,9.16
20260924,300772.SZ,11.33,7.55
20260924,300773.SZ,17.94,11.96
20260924,300774.SZ,12.04,8.02
20260924,300775.SZ,25.15,16.77
20260924,300776.SZ,155.27,103.51
20260924,300777.SZ,25.55,17.03
20260924,300778.SZ,13.18,8.78
20260924,300779.SZ,64.51,43.01
20260924,300780.SZ,24.13,16.09
20260924,300781.SZ,32.89,21.93
20260924,300782.SZ,92.11,61.41
20260924,300783.SZ,20.16,13.44
20260924,300784.SZ,51.48,34.32
20260924,300785.SZ,43.48,28.98
20260924,300786.SZ,18.0,12.0
20260924,300787.SZ,14.16,9.44
20260924,300788.SZ,36.59,24.39
20260924,300789.SZ,19.7,13.14
20260924,300790.SZ,24.41,16.27
20260924,300791.SZ,21.31,14.21
20260924,300792.SZ,29.92,19.94
20260924,300793.SZ,14.4,9.6
20260924,300795.SZ,16.2,10.8
20260924,300796.SZ,8.26,5.5
20260924,300797.SZ,16.27,10.85
20260924,300798.SZ,10.48,6.98
20260924,300800.SZ,12.64,8.42
20260924,300801.SZ,26.58,17.72
20260924,300802.SZ,32.57,21.71
20260924,300803.SZ,69.9,46.6
20260924,300804.SZ,56.11,37.41
20260924,300805.SZ,10.22,6.82
20260924,300806.SZ,66.94,44.62
20260924,300807.SZ,43.8,29.2
20260924,300808.SZ,25.54,17.02
20260924,300809.SZ,29.7,19.8
20260924,300810.SZ,30.22,20.14
20260924,300811.SZ,104.18,69.46
20260924,300812.SZ,24.78,16.52
20260924,300813.SZ,27.85,18.57
20260924,300814.SZ,174.26,116.18
20260924,300815.SZ,18.65,12.43
20260924,300816.SZ,78.61,52.41
20260924,300817.SZ,19.66,13.1
20260924,300818.SZ,20.14,13.42
20260924,300819.SZ,60.58,40.38
20260924,300820.SZ,88.38,58.92
20260924,300821.SZ,18.92,12.62
20260924,300822.SZ,13.88,9.26
20260924,300823.SZ,17.64,11.76
20260924,300824.SZ,9.46,6.3
20260924,300825.SZ,14.7,9.8
20260924,300826.SZ,19.21,12.81
20260924,300827.SZ,31.01,20.67
20260924,300828.SZ,20.4,13.6
20260924,300829.SZ,34.46,22.98
20260924,300830.SZ,9.7,6.46
20260924,300831.SZ,16.86,11.24
20260924,300832.SZ,58.7,39.14
20260924,300833.SZ,51.06,34.04
20260924,300834.SZ,48.17,32.11
20260924,300835.SZ,231.84,154.56
20260924,300836.SZ,73.63,49.09
20260924,300837.SZ,27.6,18.4
20260924,300838.SZ,17.29,11.53
20260924,300839.SZ,15.85,10.57
20260924,300840.SZ,23.75,15.83
20260924,300841.SZ,67.24,44.82
20260924,300842.SZ,80.1,53.4
20260924,300843.SZ,161.93,107.95
20260924,300844.SZ,29.86,19.9
20260924,300845.SZ,16.92,11.28
20260924,300846.SZ,24.01,16.01
20260924,300847.SZ,16.8,11.2
20260924,300848.SZ,13.97,9.31
20260924,300849.SZ,26.12,17.42
20260924,300850.SZ,34.04,22.7
20260924,300851.SZ,29.59,19.73
20260924,300852.SZ,95.41,63.61
20260924,300853.SZ,36.8,24.54
20260924,300854.SZ,18.59,12.39
20260924,300855.SZ,42.01,28.01
20260924,300856.SZ,12.53,8.35
20260924,300857.SZ,321.61,214.41
20260924,300858.SZ,18.14,12.1
20260924,300859.SZ,28.86,19.24
20260924,300860.SZ,36.58,24.38
20260924,300861.SZ,19.6,13.06
20260924,300862.SZ,72.0,48.0
20260924,300863.SZ,50.88,33.92
20260924,300864.SZ,31.56,21.04
20260924,300865.SZ,40.03,26.69
20260924,300866.SZ,149.46,99.64
20260924,300867.SZ,20.95,13.97
20260924,300868.SZ,104.8,69.86
20260924,300869.SZ,13.85,9.23
20260924,300870.SZ,255.36,170.24
20260924,300871.SZ,25.86,17.24
20260924,300872.SZ,18.74,12.5
20260924,300873.SZ,19.21,12.81
20260924,300875.SZ,38.4,25.6
20260924,300876.SZ,18.13,12.09
20260924,300877.SZ,33.05,22.03
20260924,300878.SZ,37.38,24.92
20260924,300879.SZ,21.73,14.49
20260924,300880.SZ,23.58,15.72
20260924,300881.SZ,37.64,25.1
20260924,300882.SZ,16.14,10.76
20260924,300883.SZ,7.72,5.14
20260924,300884.SZ,14.66,9.78
20260924,300885.SZ,22.91,15.27
20260924,300886.SZ,29.2,19.46
20260924,300887.SZ,8.51,5.67
20260924,300888.SZ,35.56,23.7
20260924,300889.SZ,27.41,18.27
20260924,300890.SZ,32.04,21.36
20260924,300891.SZ,9.2,6.14
20260924,300892.SZ,27.22,18.14
20260924,300893.SZ,16.98,11.32
20260924,300894.SZ,12.46,8.3
20260924,300895.SZ,74.5,49.66
20260924,300896.SZ,112.16,74.78
20260924,300897.SZ,19.75,13.17
20260924,300898.SZ,23.98,15.98
20260924,300899.SZ,36.47,24.31
20260924,300900.SZ,27.41,18.27
20260924,300901.SZ,21.6,14.4
20260924,300902.SZ,22.51,15.01
20260924,300903.SZ,130.26,86.84
20260924,300904.SZ,51.29,34.19
20260924,300905.SZ,46.24,30.82
20260924,300906.SZ,34.57,23.05
20260924,300907.SZ,68.38,45.58
20260924,300908.SZ,20.63,13.75
20260924,300909.SZ,76.16,50.78
20260924,300910.SZ,33.98,22.66
20260924,300911.SZ,43.49,28.99
20260924,300912.SZ,23.96,15.98
20260924,300913.SZ,49.5,33.0
20260924,300915.SZ,27.19,18.13
20260924,300916.SZ,33.73,22.49
20260924,300917.SZ,39.12,26.08
20260924,300918.SZ,12.9,8.6
20260924,300919.SZ,45.97,30.65
20260924,300920.SZ,41.68,27.78
20260924,300921.SZ,19.73,13.15
20260924,300922.SZ,21.2,14.14
20260924,300923.SZ,28.75,19.17
20260924,300925.SZ,16.84,11.22
20260924,300926.SZ,20.14,13.42
20260924,300927.SZ,32.82,21.88
20260924,300928.SZ,30.41,20.27
20260924,300929.SZ,19.46,12.98
20260924,300930.SZ,31.42,20.94
20260924,300931.SZ,23.05,15.37
20260924,300932.SZ,13.55,9.03
20260924,300933.SZ,8.0,5.34
20260924,300935.SZ,33.5,22.34
20260924,300936.SZ,100.36,66.9
20260924,300937.SZ,29.42,19.62
20260924,300938.SZ,39.49,26.33
20260924,300939.SZ,122.84,81.9
20260924,300940.SZ,16.67,11.11
20260924,300941.SZ,18.2,12.14
20260924,300942.SZ,7.93,5.29
20260924,300943.SZ,42.05,28.03
20260924,300945.SZ,14.02,9.34
20260924,300946.SZ,44.28,29.52
20260924,300947.SZ,19.24,12.82
20260924,300948.SZ,23.59,15.73
20260924,300949.SZ,28.66,19.1
20260924,300950.SZ,25.2,16.8
20260924,300951.SZ,112.39,74.93
20260924,300952.SZ,20.29,13.53
20260924,300953.SZ,121.86,81.24
20260924,300955.SZ,35.53,23.69
20260924,300956.SZ,13.67,9.11
20260924,300957.SZ,39.77,26.51
20260924,300958.SZ,14.83,9.89
20260924,300959.SZ,115.0,76.66
20260924,300960.SZ,21.7,14.46
20260924,300961.SZ,14.41,9.61
20260924,300962.SZ,15.72,10.48
20260924,300963.SZ,13.27,8.85
20260924,300964.SZ,96.83,64.55
20260924,300965.SZ,51.95,34.63
20260924,300966.SZ,31.92,21.28
20260924,300967.SZ,19.61,13.07
20260924,300968.SZ,11.94,7.96
20260924,300969.SZ,95.84,63.9
20260924,300970.SZ,21.71,14.47
20260924,300971.SZ,21.42,14.28
20260924,300972.SZ,188.22,125.48
20260924,300973.SZ,30.74,20.5
20260924,300975.SZ,32.52,21.68
20260924,300976.SZ,78.22,52.14
20260924,300977.SZ,25.0,16.66
20260924,300978.SZ,10.61,7.07
20260924,300979.SZ,39.38,26.26
20260924,300980.SZ,28.97,19.31
20260924,300981.SZ,22.04,14.7
20260924,300982.SZ,17.24,11.5
20260924,300983.SZ,46.22,30.82
20260924,300984.SZ,38.94,25.96
20260924,300985.SZ,45.56,30.38
20260924,300986.SZ,14.42,9.62
20260924,300987.SZ,17.45,11.63
20260924,300988.SZ,19.7,13.14
20260924,300989.SZ,18.76,12.5
20260924,300990.SZ,129.54,86.36
20260924,300991.SZ,37.1,24.74
20260924,300992.SZ,34.88,23.26
20260924,300993.SZ,11.71,7.81
20260924,300994.SZ,13.5,9.0
20260924,300995.SZ,31.48,20.98
20260924,300996.SZ,15.3,10.2
20260924,300997.SZ,18.73,12.49
20260924,300998.SZ,37.64,25.1
20260924,300999.SZ,29.83,19.89
20260924,301000.SZ,29.53,19.69
20260924,301001.SZ,30.71,20.47
20260924,301002.SZ,33.8,22.54
20260924,301003.SZ,72.84,48.56
20260924,301004.SZ,39.52,26.34
20260924,301005.SZ,72.92,48.62
20260924,301006.SZ,16.79,11.19
20260924,301007.SZ,38.78,25.86
20260924,301008.SZ,72.28,48.18
20260924,301009.SZ,11.03,7.35
20260924,301010.SZ,22.98,15.32
20260924,301011.SZ,19.03,12.69
20260924,301012.SZ,28.09,18.73
20260924,301013.SZ,46.99,31.33
20260924,301015.SZ,31.34,20.9
20260924,301016.SZ,18.83,12.55
20260924,301017.SZ,15.26,10.18
20260924,301018.SZ,122.16,81.44
20260924,301019.SZ,18.77,12.51
20260924,301020.SZ,27.8,18.54
20260924,301021.SZ,109.21,72.81
20260924,301022.SZ,26.96,17.98
20260924,301023.SZ,34.97,23.31
20260924,301024.SZ,42.23,28.15
20260924,301025.SZ,12.04,8.02
20260924,301026.SZ,23.39,15.59
20260924,301027.SZ,23.33,15.55
20260924,301028.SZ,16.34,10.9
20260924,301029.SZ,29.94,19.96
20260924,301030.SZ,6.53,4.35
20260924,301031.SZ,123.34,82.22
20260924,301032.SZ,12.19,8.13
20260924,301033.SZ,67.15,44.77
20260924,301035.SZ,59.4,39.6
20260924,301036.SZ,27.05,18.03
20260924,301037.SZ,15.72,10.48
20260924,301038.SZ,20.11,13.41
20260924,301039.SZ,8.71,5.81
20260924,301040.SZ,31.34,20.9
20260924,301041.SZ,45.76,30.5
20260924,301042.SZ,37.49,24.99
20260924,301043.SZ,61.07,40.71
20260924,301045.SZ,88.81,59.21
20260924,301046.SZ,41.74,27.82
20260924,301047.SZ,180.0,120.0
20260924,301048.SZ,10.76,7.18
20260924,301049.SZ,24.68,16.46
20260924,301050.SZ,33.82,22.54
20260924,301051.SZ,22.82,15.22
20260924,301052.SZ,29.17,19.45
20260924,301053.SZ,43.56,29.04
20260924,301055.SZ,38.33,25.55
20260924,301056.SZ,16.43,10.95
20260924,301057.SZ,31.61,21.07
20260924,301058.SZ,10.62,7.08
20260924,301059.SZ,15.37,10.25
20260924,301060.SZ,14.58,9.72
20260924,301061.SZ,52.37,34.91
20260924,301062.SZ,8.44,5.62
20260924,301063.SZ,21.77,14.51
20260924,301065.SZ,24.16,16.1
20260924,301066.SZ,14.98,9.98
20260924,301067.SZ,40.62,27.08
20260924,301068.SZ,31.24,20.82
20260924,301069.SZ,19.28,12.86
20260924,301070.SZ,82.08,54.72
20260924,301071.SZ,85.25,56.83
20260924,301072.SZ,59.7,39.8
20260924,301073.SZ,21.6,14.4
20260924,301075.SZ,79.42,52.94
20260924,301076.SZ,25.72,17.14
20260924,301077.SZ,26.48,17.66
20260924,301078.SZ,8.38,5.58
20260924,301079.SZ,32.26,21.5
20260924,301080.SZ,155.76,103.84
20260924,301081.SZ,20.29,13.53
20260924,301082.SZ,11.68,7.78
20260924,301083.SZ,17.26,11.5
20260924,301085.SZ,105.2,70.14
20260924,301086.SZ,209.94,139.96
20260924,301087.SZ,65.93,43.95
20260924,301088.SZ,16.36,10.9
20260924,301089.SZ,29.0,19.34
20260924,301090.SZ,8.53,5.69
20260924,301091.SZ,23.74,15.82
20260924,301092.SZ,56.03,37.35
20260924,301093.SZ,89.06,59.38
20260924,301095.SZ,93.55,62.37
20260924,301096.SZ,61.01,40.67
20260924,301097.SZ,41.87,27.91
20260924,301098.SZ,10.8,7.2
20260924,301099.SZ,69.05,46.03
20260924,301100.SZ,18.67,12.45
20260924,301101.SZ,36.52,24.34
20260924,301102.SZ,11.65,7.77
20260924,301103.SZ,19.86,13.24
20260924,301105.SZ,60.82,40.54
20260924,301106.SZ,23.46,15.64
20260924,301107.SZ,30.66,20.44
20260924,301108.SZ,61.8,41.2
20260924,301109.SZ,15.35,10.23
20260924,301110.SZ,44.64,29.76
20260924,301111.SZ,27.72,18.48
20260924,301112.SZ,37.25,24.83
20260924,301113.SZ,21.22,14.14
20260924,301115.SZ,46.44,30.96
20260924,301116.SZ,10.97,7.31
20260924,301117.SZ,15.9,10.6
20260924,301118.SZ,28.74,19.16
20260924,301119.SZ,31.52,21.02
20260924,301120.SZ,17.94,11.96
20260924,301121.SZ,43.66,29.1
20260924,301122.SZ,73.56,49.04
20260924,301123.SZ,96.58,64.38
20260924,301125.SZ,17.16,11.44
20260924,301126.SZ,12.36,8.24
20260924,301127.SZ,20.82,13.88
20260924,301128.SZ,144.96,96.64
20260924,301129.SZ,29.14,19.42
20260924,301130.SZ,34.94,23.3
20260924,301131.SZ,40.3,26.86
20260924,301132.SZ,89.47,59.65
20260924,301133.SZ,32.72,21.82
20260924,301135.SZ,21.53,14.35
20260924,301136.SZ,14.21,9.47
20260924,301137.SZ,37.27,24.85
20260924,301138.SZ,35.98,23.98
20260924,301139.SZ,3.97,2.65
20260924,301141.SZ,45.58,30.38
20260924,301148.SZ,73.28,48.86
20260924,301149.SZ,11.1,7.4
20260924,301150.SZ,59.04,39.36
20260924,301151.SZ,27.23,18.15
20260924,301152.SZ,25.44,16.96
20260924,301153.SZ,20.88,13.92
20260924,301155.SZ,51.62,34.42
20260924,301156.SZ,14.26,9.5
20260924,301157.SZ,81.26,54.18
20260924,301158.SZ,17.21,11.47
20260924,301159.SZ,39.73,26.49
20260924,301160.SZ,53.52,35.68
20260924,301161.SZ,37.61,25.07
20260924,301162.SZ,45.17,30.11
20260924,301163.SZ,28.16,18.78
20260924,301165.SZ,136.99,91.33
20260924,301166.SZ,39.64,26.42
20260924,301167.SZ,16.14,10.76
20260924,301168.SZ,47.7,31.8
20260924,301169.SZ,65.88,43.92
20260924,301170.SZ,27.77,18.51
20260924,301171.SZ,41.65,27.77
20260924,301172.SZ,22.55,15.03
20260924,301173.SZ,39.78,26.52
20260924,301175.SZ,6.71,4.47
20260924,301176.SZ,78.62,52.42
20260924,301177.SZ,28.07,18.71
20260924,301178.SZ,43.08,28.72
20260924,301179.SZ,24.71,16.47
20260924,301180.SZ,14.17,9.45
20260924,301181.SZ,30.96,20.64
20260924,301182.SZ,86.38,57.58
20260924,301183.SZ,376.52,251.02
20260924,301185.SZ,20.8,13.86
20260924,301186.SZ,45.55,30.37
20260924,301187.SZ,18.79,12.53
20260924,301188.SZ,44.23,29.49
20260924,301189.SZ,87.12,58.08
20260924,301190.SZ,25.68,17.12
20260924,301191.SZ,105.73,70.49
20260924,301192.SZ,23.77,15.85
20260924,301193.SZ,28.73,19.15
20260924,301195.SZ,32.94,21.96
20260924,301196.SZ,108.41,72.27
20260924,301197.SZ,34.52,23.02
20260924,301198.SZ,17.52,11.68
20260924,301199.SZ,21.8,14.54
20260924,301200.SZ,308.38,205.58
20260924,301201.SZ,39.37,26.25
20260924,301202.SZ,47.45,31.63
20260924,301203.SZ,41.33,27.55
20260924,301205.SZ,389.86,259.9
20260924,301206.SZ,29.16,19.44
20260924,301207.SZ,23.8,15.86
20260924,301208.SZ,36.66,24.44
20260924,301209.SZ,79.24,52.82
20260924,301210.SZ,37.74,25.16
20260924,301211.SZ,15.11,10.07
20260924,301212.SZ,32.02,21.34
20260924,301213.SZ,54.83,36.55
20260924,301215.SZ,6.37,4.25
20260924,301216.SZ,21.12,14.08
20260924,301217.SZ,143.08,95.38
20260924,301218.SZ,58.26,38.84
20260924,301219.SZ,49.54,33.02
20260924,301220.SZ,38.89,25.93
20260924,301221.SZ,33.41,22.27
20260924,301222.SZ,31.9,21.26
20260924,301223.SZ,22.13,14.75
20260924,301225.SZ,73.43,48.95
20260924,301226.SZ,40.45,26.97
20260924,301227.SZ,40.13,26.75
20260924,301228.SZ,69.71,46.47
20260924,301229.SZ,14.3,9.54
20260924,301230.SZ,48.08,32.06
20260924,301231.SZ,36.47,24.31
20260924,301232.SZ,108.8,72.54
20260924,301233.SZ,45.08,30.06
20260924,301234.SZ,146.4,97.6
20260924,301235.SZ,57.14,38.1
20260924,301236.SZ,44.39,29.59
20260924,301237.SZ,50.44,33.62
20260924,301238.SZ,19.09,12.73
20260924,301239.SZ,37.98,25.32
20260924,301246.SZ,21.67,14.45
20260924,301248.SZ,71.64,47.76
20260924,301251.SZ,108.96,72.64
20260924,301252.SZ,49.64,33.1
20260924,301255.SZ,23.09,15.39
20260924,301256.SZ,12.14,8.1
20260924,301257.SZ,50.52,33.68
20260924,301258.SZ,32.35,21.57
20260924,301259.SZ,25.43,16.95
20260924,301260.SZ,14.22,9.48
20260924,301261.SZ,67.31,44.87
20260924,301262.SZ,23.89,15.93
20260924,301263.SZ,26.15,17.43
20260924,301265.SZ,26.92,17.94
20260924,301266.SZ,31.64,21.1
20260924,301267.SZ,18.13,12.09
20260924,301268.SZ,14.56,9.7
20260924,301269.SZ,107.16,71.44
20260924,301270.SZ,39.52,26.34
20260924,301272.SZ,42.82,28.54
20260924,301273.SZ,44.95,29.97
20260924,301275.SZ,49.44,32.96
20260924,301276.SZ,20.96,13.98
20260924,301277.SZ,12.54,8.36
20260924,301278.SZ,35.89,23.93
20260924,301279.SZ,28.79,19.19
20260924,301280.SZ,54.13,36.09
20260924,301281.SZ,60.0,40.0
20260924,301282.SZ,57.26,38.18
20260924,301283.SZ,31.44,20.96
20260924,301285.SZ,121.84,81.22
20260924,301286.SZ,57.7,38.46
20260924,301287.SZ,48.6,32.4
20260924,301288.SZ,20.88,13.92
20260924,301289.SZ,53.38,35.58
20260924,301290.SZ,35.84,23.9
20260924,301291.SZ,42.77,28.51
20260924,301292.SZ,70.25,46.83
20260924,301293.SZ,60.86,40.58
20260924,301295.SZ,45.13,30.09
20260924,301296.SZ,7.73,5.15
20260924,301297.SZ,59.63,39.75
20260924,301298.SZ,15.31,10.21
20260924,301299.SZ,56.59,37.73
20260924,301300.SZ,40.8,27.2
20260924,301301.SZ,9.74,6.5
20260924,301302.SZ,26.12,17.42
20260924,301303.SZ,16.75,11.17
20260924,301305.SZ,32.74,21.82
20260924,301306.SZ,118.93,79.29
20260924,301307.SZ,71.66,47.78
20260924,301308.SZ,415.2,276.8
20260924,301309.SZ,37.0,24.66
20260924,301310.SZ,69.73,46.49
20260924,301311.SZ,17.98,11.98
20260924,301312.SZ,111.12,74.08
20260924,301313.SZ,37.57,25.05
20260924,301314.SZ,58.94,39.3
20260924,301315.SZ,53.62,35.74
20260924,301316.SZ,47.76,31.84
20260924,301317.SZ,60.82,40.54
20260924,301318.SZ,25.96,17.3
20260924,301319.SZ,119.15,79.43
20260924,301320.SZ,17.02,11.34
20260924,301321.SZ,63.98,42.66
20260924,301322.SZ,54.02,36.02
20260924,301323.SZ,95.74,63.82
20260924,301325.SZ,38.4,25.6
20260924,301326.SZ,129.83,86.55
20260924,301327.SZ,50.44,33.62
20260924,301328.SZ,62.44,41.62
20260924,301329.SZ,25.13,16.75
20260924,301330.SZ,31.2,20.8
20260924,301331.SZ,26.22,17.48
20260924,301332.SZ,9.19,6.13
20260924,301333.SZ,80.0,53.34
20260924,301335.SZ,30.61,20.41
20260924,301336.SZ,52.73,35.15
20260924,301337.SZ,35.28,23.52
20260924,301338.SZ,125.54,83.7
20260924,301339.SZ,14.52,9.68
20260924,301345.SZ,289.93,193.29
20260924,301348.SZ,27.25,18.17
20260924,301349.SZ,56.72,37.82
20260924,301353.SZ,24.38,16.26
20260924,301355.SZ,14.5,9.66
20260924,301356.SZ,24.88,16.58
20260924,301357.SZ,115.25,76.83
20260924,301358.SZ,62.34,41.56
20260924,301359.SZ,23.44,15.62
20260924,301360.SZ,81.58,54.38
20260924,301361.SZ,32.5,21.66
20260924,301362.SZ,146.02,97.34
20260924,301363.SZ,20.44,13.62
20260924,301365.SZ,43.78,29.18
20260924,301366.SZ,90.18,60.12
20260924,301367.SZ,56.11,37.41
20260924,301368.SZ,46.98,31.32
20260924,301369.SZ,186.49,124.33
20260924,301370.SZ,10.37,6.91
20260924,301371.SZ,25.37,16.91
20260924,301372.SZ,41.82,27.88
20260924,301373.SZ,162.42,108.28
20260924,301376.SZ,27.22,18.14
20260924,301377.SZ,469.63,313.09
20260924,301378.SZ,30.7,20.46
20260924,301379.SZ,26.17,17.45
20260924,301380.SZ,40.99,27.33
20260924,301381.SZ,29.68,19.78
20260924,301382.SZ,46.33,30.89
20260924,301383.SZ,29.58,19.72
20260924,301386.SZ,26.17,17.45
20260924,301387.SZ,68.18,45.46
20260924,301388.SZ,30.22,20.14
20260924,301389.SZ,74.16,49.44
20260924,301390.SZ,51.95,34.63
20260924,301391.SZ,55.8,37.2
20260924,301392.SZ,211.28,140.86
20260924,301393.SZ,85.8,57.2
20260924,301395.SZ,15.05,10.03
20260924,301396.SZ,220.24,146.82
20260924,301397.SZ,27.94,18.62
20260924,301398.SZ,47.47,31.65
20260924,301399.SZ,26.38,17.58
20260924,301408.SZ,18.13,12.09
20260924,301413.SZ,67.58,45.06
20260924,301418.SZ,42.24,28.16
20260924,301419.SZ,58.31,38.87
20260924,301421.SZ,97.06,64.7
20260924,301428.SZ,33.5,22.34
20260924,301429.SZ,21.05,14.03
20260924,301439.SZ,17.02,11.34
20260924,301446.SZ,47.44,31.62
20260924,301448.SZ,65.16,43.44
20260924,301449.SZ,48.91,32.61
20260924,301456.SZ,29.23,19.49
20260924,301458.SZ,48.24,32.16
20260924,301459.SZ,38.62,25.74
20260924,301468.SZ,39.78,26.52
20260924,301469.SZ,34.72,23.14
20260924,301479.SZ,64.38,42.92
20260924,301486.SZ,261.96,174.64
20260924,301487.SZ,19.02,12.68
20260924,301488.SZ,112.94,75.3
20260924,301489.SZ,154.91,103.27
20260924,301491.SZ,44.88,29.92
20260924,301498.SZ,48.14,32.1
20260924,301499.SZ,32.28,21.52
20260924,301500.SZ,32.29,21.53
20260924,301501.SZ,34.38,22.92
20260924,301502.SZ,63.53,42.35
20260924,301503.SZ,26.75,17.83
20260924,301505.SZ,21.85,14.57
20260924,301507.SZ,15.98,10.66
20260924,301508.SZ,29.03,19.35
20260924,301509.SZ,38.81,25.87
20260924,301510.SZ,33.73,22.49
20260924,301511.SZ,135.22,90.14
20260924,301512.SZ,38.47,25.65
20260924,301513.SZ,54.34,36.22
20260924,301515.SZ,24.91,16.61
20260924,301516.SZ,23.74,15.82
20260924,301517.SZ,46.32,30.88
20260924,301518.SZ,30.28,20.18
20260924,301519.SZ,14.38,9.58
20260924,301520.SZ,94.52,63.02
20260924,301522.SZ,28.02,18.68
20260924,301525.SZ,48.0,32.0
20260924,301526.SZ,36.37,24.25
20260924,301528.SZ,91.52,61.02
20260924,301529.SZ,160.44,106.96
20260924,301531.SZ,63.9,42.6
20260924,301533.SZ,34.49,22.99
20260924,301535.SZ,16.61,11.07
20260924,301536.SZ,160.57,107.05
20260924,301538.SZ,50.42,33.62
20260924,301539.SZ,18.47,12.31
20260924,301548.SZ,68.53,45.69
20260924,301550.SZ,113.56,75.7
20260924,301551.SZ,27.06,18.04
20260924,301552.SZ,29.39,19.59
20260924,301555.SZ,45.91,30.61
20260924,301556.SZ,74.77,49.85
20260924,301557.SZ,102.24,68.16
20260924,301558.SZ,8.06,5.38
20260924,301559.SZ,15.3,10.2
20260924,301560.SZ,31.6,21.06
20260924,301563.SZ,139.06,92.7
20260924,301565.SZ,24.4,16.26
20260924,301566.SZ,32.88,21.92
20260924,301567.SZ,46.3,30.86
20260924,301568.SZ,95.47,63.65
20260924,301571.SZ,88.98,59.32
20260924,301575.SZ,30.24,20.16
20260924,301577.SZ,71.78,47.86
20260924,301578.SZ,28.27,18.85
20260924,301580.SZ,69.0,46.0
20260924,301581.SZ,44.63,29.75
20260924,301583.SZ,161.62,107.74
20260924,301584.SZ,23.82,15.88
20260924,301585.SZ,34.19,22.79
20260924,301586.SZ,35.76,23.84
20260924,301587.SZ,26.17,17.45
20260924,301588.SZ,32.36,21.58
20260924,301589.SZ,195.01,130.01
20260924,301590.SZ,82.67,55.11
20260924,301591.SZ,54.73,36.49
20260924,301592.SZ,142.16,94.78
20260924,301595.SZ,60.65,40.43
20260924,301596.SZ,57.05,38.03
20260924,301598.SZ,61.93,41.29
20260924,301599.SZ,39.89,26.59
20260924,301600.SZ,96.84,64.56
20260924,301601.SZ,20.21,13.47
20260924,301602.SZ,19.73,13.15
20260924,301603.SZ,151.62,101.08
20260924,301606.SZ,65.56,43.7
20260924,301607.SZ,53.82,35.88
20260924,301608.SZ,62.42,41.62
20260924,301609.SZ,37.13,24.75
20260924,301611.SZ,117.18,78.12
20260924,301613.SZ,42.85,28.57
20260924,301616.SZ,42.59,28.39
20260924,301617.SZ,64.07,42.71
20260924,301618.SZ,37.44,24.96
20260924,301622.SZ,45.59,30.39
20260924,301626.SZ,401.52,267.68
20260924,301628.SZ,144.56,96.38
20260924,301629.SZ,337.42,224.94
20260924,301630.SZ,263.45,175.63
20260924,301631.SZ,76.87,51.25
20260924,301632.SZ,16.12,10.74
20260924,301633.SZ,72.61,48.41
20260924,301636.SZ,50.05,33.37
20260924,301638.SZ,25.74,17.16
20260924,301655.SZ,28.99,19.33
20260924,301656.SZ,17.3,11.54
20260924,301658.SZ,27.06,18.04
20260924,301662.SZ,81.2,54.14
20260924,301665.SZ,26.81,17.87
20260924,301666.SZ,489.5,326.34
20260924,301667.SZ,69.42,46.28
20260924,301668.SZ,38.64,25.76
20260924,301669.SZ,31.57,21.05
20260924,301677.SZ,61.5,41.0
20260924,301678.SZ,71.06,47.38
20260924,301680.SZ,124.64,83.1
20260924,301682.SZ,139.0,92.66
20260924,301683.SZ,124.02,82.68
20260924,301686.SZ,999999.999,0.01
20260924,301687.SZ,65.93,43.95
20260924,301688.SZ,48.86,32.58
20260924,301689.SZ,83.88,55.92
20260924,301696.SZ,113.33,75.55
20260924,301697.SZ,33.92,22.62
20260924,301699.SZ,35.54,23.7
20260924,301707.SZ,90.28,60.18
20260924,301717.SZ,451.2,300.8
20260924,302132.SZ,71.33,47.55
20260924,600000.SH,9.88,8.08
20260924,600004.SH,8.39,6.87
20260924,600006.SH,5.87,4.81
20260924,600007.SH,21.85,17.87
20260924,600008.SH,3.0,2.46
20260924,600009.SH,25.03,20.48
20260924,600010.SH,2.33,1.91
20260924,600011.SH,7.44,6.08
20260924,600012.SH,16.97,13.89
20260924,600015.SH,6.85,5.61
20260924,600016.SH,3.82,3.12
20260924,600017.SH,3.07,2.51
20260924,600018.SH,5.92,4.84
20260924,600019.SH,6.33,5.18
20260924,600020.SH,4.22,3.46
20260924,600021.SH,14.65,11.99
20260924,600022.SH,1.44,1.18
20260924,600023.SH,5.59,4.57
20260924,600025.SH,10.56,8.64
20260924,600026.SH,23.19,18.97
20260924,600027.SH,5.28,4.32
20260924,600028.SH,5.82,4.76
20260924,600029.SH,5.47,4.47
20260924,600030.SH,29.47,24.11
20260924,600031.SH,19.26,15.76
20260924,600032.SH,7.45,6.09
20260924,600033.SH,3.99,3.27
20260924,600035.SH,4.0,3.28
20260924,600036.SH,44.66,36.54
20260924,600037.SH,7.78,6.36
20260924,600038.SH,29.82,24.4
20260924,600039.SH,9.53,7.79
20260924,600048.SH,6.2,5.08
20260924,600050.SH,4.59,3.75
20260924,600051.SH,6.85,5.61
20260924,600052.SH,3.98,3.26
20260924,600053.SH,8.17,6.69
20260924,600054.SH,11.85,9.69
20260924,600055.SH,11.64,9.52
20260924,600056.SH,9.86,8.06
20260924,600057.SH,6.67,5.45
20260924,600058.SH,10.1,8.26
20260924,600059.SH,12.46,10.2
20260924,600060.SH,29.96,24.52
20260924,600061.SH,6.93,5.67
20260924,600062.SH,17.63,14.43
20260924,600063.SH,6.28,5.14
20260924,600064.SH,8.47,6.93
20260924,600066.SH,27.78,22.73
20260924,600067.SH,2.9,2.38
20260924,600071.SH,18.48,15.12
20260924,600072.SH,9.57,7.83
20260924,600073.SH,6.02,4.92
20260924,600075.SH,5.06,4.14
20260924,600076.SH,2.37,1.94
20260924,600078.SH,11.04,9.04
20260924,600079.SH,20.71,16.95
20260924,600080.SH,5.21,4.27
20260924,600081.SH,11.56,9.46
20260924,600082.SH,3.6,2.94
20260924,600084.SH,4.88,4.0
20260924,600085.SH,25.97,21.25
20260924,600088.SH,15.02,12.29
20260924,600089.SH,19.9,16.28
20260924,600094.SH,4.46,3.65
20260924,600095.SH,9.83,8.05
20260924,600096.SH,30.75,25.16
20260924,600097.SH,10.2,8.34
20260924,600098.SH,6.8,5.56
20260924,600099.SH,10.22,8.36
20260924,600100.SH,7.51,6.15
20260924,600101.SH,8.6,7.04
20260924,600103.SH,4.02,3.29
20260924,600104.SH,11.96,9.78
20260924,600105.SH,49.36,40.38
20260924,600106.SH,4.94,4.04
20260924,600107.SH,6.28,5.14
20260924,600108.SH,4.7,3.84
20260924,600109.SH,9.11,7.45
20260924,600110.SH,13.71,11.21
20260924,600111.SH,41.16,33.68
20260924,600113.SH,32.84,26.87
20260924,600114.SH,30.53,24.98
20260924,600115.SH,3.81,3.11
20260924,600116.SH,6.69,5.47
20260924,600117.SH,2.38,1.94
20260924,600118.SH,63.49,51.95
20260924,600119.SH,5.46,4.46
20260924,600120.SH,5.17,4.23
20260924,600121.SH,5.29,4.33
20260924,600123.SH,7.71,6.31
20260924,600125.SH,5.8,4.74
20260924,600126.SH,6.79,5.55
20260924,600127.SH,18.43,15.08
20260924,600128.SH,9.37,7.67
20260924,600129.SH,15.11,12.37
20260924,600130.SH,5.07,4.15
20260924,600131.SH,15.7,12.84
20260924,600132.SH,42.15,34.49
20260924,600133.SH,8.77,7.17
20260924,600135.SH,8.35,6.83
20260924,600136.SH,1.65,1.35
20260924,600137.SH,19.51,15.97
20260924,600138.SH,7.76,6.35
20260924,600141.SH,31.48,25.76
20260924,600143.SH,14.54,11.9
20260924,600148.SH,17.38,14.22
20260924,600149.SH,5.56,4.55
20260924,600150.SH,42.45,34.73
20260924,600151.SH,10.3,8.42
20260924,600152.SH,8.53,6.98
20260924,600153.SH,9.54,7.8
20260924,600155.SH,6.7,5.48
20260924,600156.SH,9.25,7.57
20260924,600157.SH,1.66,1.36
20260924,600158.SH,7.73,6.33
20260924,600159.SH,3.05,2.49
20260924,600160.SH,38.31,31.35
20260924,600161.SH,13.54,11.08
20260924,600162.SH,5.05,4.13
20260924,600163.SH,5.91,4.83
20260924,600165.SH,3.5,2.86
20260924,600166.SH,3.05,2.49
20260924,600167.SH,6.15,5.03
20260924,600168.SH,4.79,3.92
20260924,600169.SH,2.41,1.97
20260924,600170.SH,2.45,2.01
20260924,600171.SH,25.48,20.84
20260924,600172.SH,18.41,15.07
20260924,600173.SH,6.45,5.27
20260924,600176.SH,50.18,41.06
20260924,600177.SH,9.01,7.37
20260924,600178.SH,10.51,8.6
20260924,600179.SH,4.94,4.04
20260924,600180.SH,1.74,1.42
20260924,600182.SH,13.31,12.05
20260924,600183.SH,157.92,129.2
20260924,600184.SH,22.29,18.23
20260924,600185.SH,5.25,4.29
20260924,600186.SH,14.95,12.23
20260924,600187.SH,1.41,1.15
20260924,600188.SH,21.75,17.79
20260924,600189.SH,9.1,7.44
20260924,600191.SH,10.14,8.3
20260924,600192.SH,7.85,6.43
20260924,600195.SH,7.35,6.01
20260924,600196.SH,25.44,20.82
20260924,600197.SH,10.43,8.53
20260924,600198.SH,8.23,6.73
20260924,600199.SH,7.99,6.53
20260924,600201.SH,12.93,10.58
20260924,600202.SH,5.68,4.64
20260924,600203.SH,11.07,9.05
20260924,600206.SH,56.63,46.33
20260924,600207.SH,5.43,4.45
20260924,600208.SH,3.2,2.62
20260924,600210.SH,6.84,5.6
20260924,600211.SH,40.24,32.92
20260924,600212.SH,6.38,5.22
20260924,600215.SH,6.71,5.49
20260924,600216.SH,13.87,11.35
20260924,600217.SH,3.54,2.9
20260924,600218.SH,8.78,7.18
20260924,600219.SH,5.16,4.22
20260924,600221.SH,1.36,1.12
20260924,600222.SH,8.83,7.23
20260924,600223.SH,6.14,5.02
20260924,600226.SH,6.66,5.45
20260924,600227.SH,4.27,3.49
20260924,600228.SH,12.83,10.49
20260924,600229.SH,6.48,5.3
20260924,600230.SH,16.3,13.34
20260924,600231.SH,1.94,1.58
20260924,600232.SH,7.17,5.87
20260924,600233.SH,19.62,16.06
20260924,600234.SH,24.92,20.39
20260924,600235.SH,6.4,5.24
20260924,600236.SH,10.22,8.36
20260924,600237.SH,10.84,8.87
20260924,600238.SH,4.49,3.67
20260924,600239.SH,1.58,1.3
20260924,600241.SH,8.04,6.58
20260924,600243.SH,4.03,3.29
20260924,600246.SH,16.26,13.3
20260924,600248.SH,3.11,2.55
20260924,600249.SH,5.92,4.84
20260924,600250.SH,9.96,8.15
20260924,600251.SH,11.4,9.32
20260924,600252.SH,2.38,1.94
20260924,600255.SH,3.89,3.19
20260924,600256.SH,7.55,6.17
20260924,600257.SH,6.09,4.99
20260924,600258.SH,12.3,10.06
20260924,600259.SH,89.43,73.17
20260924,600261.SH,3.69,3.02
20260924,600262.SH,16.31,13.35
20260924,600265.SH,25.6,20.94
20260924,600266.SH,4.85,3.97
20260924,600267.SH,12.98,10.62
20260924,600268.SH,11.22,9.18
20260924,600269.SH,4.17,3.41
20260924,600271.SH,7.36,6.02
20260924,600272.SH,17.39,14.23
20260924,600273.SH,6.95,5.69
20260924,600276.SH,50.14,41.02
20260924,600278.SH,7.17,5.87
20260924,600279.SH,4.69,3.83
20260924,600280.SH,3.36,2.75
20260924,600281.SH,5.2,4.26
20260924,600282.SH,4.83,3.95
20260924,600283.SH,8.86,7.25
20260924,600284.SH,5.62,4.6
20260924,600285.SH,20.99,17.17
20260924,600287.SH,5.48,4.48
20260924,600288.SH,12.05,9.86
20260924,600289.SH,4.73,3.87
20260924,600292.SH,12.52,10.24
20260924,600293.SH,4.07,3.33
20260924,600295.SH,14.12,11.56
20260924,600298.SH,43.74,35.78
20260924,600299.SH,9.21,7.53
20260924,600300.SH,3.4,2.78
20260924,600301.SH,52.73,43.15
20260924,600302.SH,7.81,6.39
20260924,600303.SH,3.3,2.7
20260924,600305.SH,7.46,6.1
20260924,600307.SH,1.62,1.32
20260924,600308.SH,3.7,3.02
20260924,600309.SH,78.76,64.44
20260924,600310.SH,4.86,3.98
20260924,600312.SH,20.82,17.04
20260924,600313.SH,7.69,6.29
20260924,600315.SH,20.39,16.69
20260924,600316.SH,37.21,30.45
20260924,600318.SH,7.56,6.18
20260924,600319.SH,6.88,5.63
20260924,600320.SH,4.48,3.66
20260924,600322.SH,3.04,2.48
20260924,600323.SH,31.79,26.01
20260924,600325.SH,3.08,2.52
20260924,600326.SH,7.94,6.5
20260924,600327.SH,4.15,3.39
20260924,600328.SH,6.29,5.15
20260924,600329.SH,38.93,31.85
20260924,600330.SH,32.98,26.98
20260924,600331.SH,13.33,10.91
20260924,600332.SH,21.64,17.7
20260924,600333.SH,7.46,6.1
20260924,600335.SH,5.64,4.62
20260924,600336.SH,6.95,5.69
20260924,600337.SH,3.65,2.99
20260924,600338.SH,13.66,11.18
20260924,600339.SH,3.58,2.93
20260924,600340.SH,1.27,1.04
20260924,600343.SH,21.86,17.88
20260924,600345.SH,59.32,48.54
20260924,600346.SH,18.57,15.19
20260924,600348.SH,9.88,8.08
20260924,600350.SH,11.03,9.03
20260924,600351.SH,7.4,6.06
20260924,600352.SH,13.75,11.25
20260924,600353.SH,36.8,30.11
20260924,600354.SH,11.09,9.07
20260924,600356.SH,11.77,9.63
20260924,600358.SH,5.72,4.68
20260924,600359.SH,8.62,7.06
20260924,600360.SH,12.53,10.25
20260924,600361.SH,3.84,3.14
20260924,600362.SH,49.01,40.1
20260924,600363.SH,16.61,13.59
20260924,600365.SH,3.14,2.57
20260924,600366.SH,12.46,10.2
20260924,600367.SH,43.13,35.29
20260924,600368.SH,4.53,3.71
20260924,600369.SH,4.39,3.59
20260924,600370.SH,1.64,1.34
20260924,600371.SH,19.01,15.55
20260924,600372.SH,12.57,10.29
20260924,600373.SH,8.21,6.71
20260924,600375.SH,4.04,3.3
20260924,600376.SH,3.66,3.0
20260924,600377.SH,13.84,11.32
20260924,600378.SH,51.48,42.12
20260924,600379.SH,16.45,13.46
20260924,600380.SH,10.35,8.47
20260924,600381.SH,4.77,3.91
20260924,600382.SH,6.49,5.31
20260924,600383.SH,2.76,2.26
20260924,600386.SH,3.84,3.14
20260924,600388.SH,18.94,15.5
20260924,600389.SH,20.48,16.76
20260924,600390.SH,5.36,4.38
20260924,600391.SH,47.28,38.68
20260924,600392.SH,23.96,19.6
20260924,600395.SH,5.54,4.54
20260924,600396.SH,14.29,11.69
20260924,600397.SH,19.51,15.97
20260924,600398.SH,6.26,5.12
20260924,600399.SH,4.81,3.93
20260924,600400.SH,3.71,3.03
20260924,600403.SH,7.96,6.52
20260924,600405.SH,5.56,4.55
20260924,600406.SH,24.62,20.14
20260924,600408.SH,3.28,2.68
20260924,600409.SH,6.95,5.69
20260924,600410.SH,17.46,14.28
20260924,600415.SH,11.89,9.73
20260924,600416.SH,9.28,7.6
20260924,600418.SH,25.8,21.11
20260924,600419.SH,9.63,7.88
20260924,600420.SH,9.17,7.51
20260924,600422.SH,8.95,7.33
20260924,600423.SH,2.98,2.44
20260924,600425.SH,4.03,3.29
20260924,600426.SH,22.42,18.34
20260924,600428.SH,12.35,10.11
20260924,600429.SH,5.01,4.1
20260924,600433.SH,3.62,2.96
20260924,600435.SH,12.45,10.19
20260924,600436.SH,132.11,108.09
20260924,600438.SH,12.74,10.42
20260924,600439.SH,2.06,1.68
20260924,600444.SH,15.95,13.05
20260924,600446.SH,11.68,9.56
20260924,600448.SH,3.59,2.93
20260924,600449.SH,14.42,11.8
20260924,600452.SH,9.82,8.04
20260924,600455.SH,26.81,21.93
20260924,600456.SH,28.0,22.91
20260924,600458.SH,12.35,10.11
20260924,600459.SH,21.0,17.18
20260924,600460.SH,37.04,30.3
20260924,600461.SH,9.72,7.96
20260924,600463.SH,9.09,7.43
20260924,600467.SH,2.65,2.17
20260924,600468.SH,6.67,5.45
20260924,600469.SH,5.48,4.48
20260924,600470.SH,6.22,5.09
20260924,600475.SH,16.61,13.59
20260924,600476.SH,11.26,9.22
20260924,600477.SH,2.66,2.18
20260924,600478.SH,4.93,4.03
20260924,600479.SH,14.51,11.87
20260924,600480.SH,8.56,7.0
20260924,600481.SH,4.46,3.65
20260924,600482.SH,38.2,31.26
20260924,600483.SH,11.74,9.6
20260924,600486.SH,57.76,47.26
20260924,600487.SH,76.93,62.95
20260924,600488.SH,6.49,5.31
20260924,600489.SH,25.74,21.06
20260924,600490.SH,7.84,6.42
20260924,600491.SH,1.84,1.5
20260924,600493.SH,6.99,5.72
20260924,600495.SH,4.48,3.66
20260924,600496.SH,3.67,3.01
20260924,600497.SH,10.59,8.67
20260924,600498.SH,46.79,38.29
20260924,600499.SH,12.83,10.49
20260924,600500.SH,6.38,5.22
20260924,600501.SH,15.97,13.07
20260924,600502.SH,4.54,3.72
20260924,600503.SH,3.23,2.65
20260924,600505.SH,11.26,9.22
20260924,600506.SH,18.81,15.39
20260924,600507.SH,4.44,3.64
20260924,600508.SH,11.83,9.68
20260924,600509.SH,7.99,6.53
20260924,600510.SH,7.46,6.1
20260924,600511.SH,28.72,23.5
20260924,600512.SH,2.27,1.85
20260924,600513.SH,16.47,13.47
20260924,600515.SH,3.0,2.46
20260924,600516.SH,5.96,4.88
20260924,600517.SH,5.42,4.44
20260924,600518.SH,1.49,1.22
20260924,600519.SH,1376.36,1126.12
20260924,600520.SH,28.75,23.53
20260924,600521.SH,18.05,14.77
20260924,600522.SH,39.36,32.2
20260924,600523.SH,13.12,10.74
20260924,600525.SH,5.4,4.42
20260924,600526.SH,4.99,4.09
20260924,600527.SH,2.41,1.97
20260924,600528.SH,7.49,6.13
20260924,600529.SH,20.35,16.65
20260924,600530.SH,4.38,3.58
20260924,600531.SH,13.24,10.84
20260924,600533.SH,2.45,2.01
20260924,600535.SH,15.28,12.5
20260924,600536.SH,34.53,28.25
20260924,600537.SH,2.41,1.97
20260924,600538.SH,5.3,4.34
20260924,600539.SH,16.08,13.16
20260924,600540.SH,6.38,5.22
20260924,600543.SH,4.5,3.68
20260924,600545.SH,4.86,3.98
20260924,600546.SH,14.71,12.03
20260924,600547.SH,34.02,27.84
20260924,600548.SH,8.84,7.24
20260924,600549.SH,53.58,43.84
20260924,600550.SH,11.44,9.36
20260924,600551.SH,8.53,6.98
20260924,600552.SH,20.42,16.7
20260924,600556.SH,5.06,4.14
20260924,600557.SH,13.62,11.14
20260924,600558.SH,5.23,4.28
20260924,600559.SH,12.29,10.05
20260924,600560.SH,12.44,10.18
20260924,600561.SH,6.44,5.27
20260924,600562.SH,30.75,25.16
20260924,600563.SH,137.72,112.68
20260924,600566.SH,27.03,22.11
20260924,600567.SH,1.45,1.19
20260924,600568.SH,2.61,2.13
20260924,600569.SH,1.95,1.59
20260924,600570.SH,22.22,18.18
20260924,600571.SH,11.33,9.27
20260924,600572.SH,4.68,3.83
20260924,600573.SH,11.11,9.09
20260924,600575.SH,3.47,2.84
20260924,600576.SH,5.95,4.87
20260924,600577.SH,9.79,8.01
20260924,600578.SH,5.75,4.71
20260924,600579.SH,7.88,6.44
20260924,600580.SH,29.87,24.44
20260924,600581.SH,2.73,2.23
20260924,600582.SH,5.37,4.39
20260924,600583.SH,7.0,5.72
20260924,600584.SH,78.95,64.59
20260924,600585.SH,19.03,15.57
20260924,600586.SH,4.4,3.6
20260924,600587.SH,14.3,11.7
20260924,600588.SH,10.45,8.55
20260924,600589.SH,8.7,7.12
20260924,600590.SH,9.31,7.61
20260924,600592.SH,15.95,13.05
20260924,600593.SH,54.77,44.81
20260924,600594.SH,4.04,3.3
20260924,600595.SH,6.56,5.36
20260924,600596.SH,13.01,10.65
20260924,600597.SH,7.45,6.09
20260924,600598.SH,14.04,11.48
20260924,600600.SH,55.51,45.41
20260924,600601.SH,16.57,13.55
20260924,600602.SH,18.61,15.23
20260924,600603.SH,5.13,4.19
20260924,600604.SH,5.47,4.47
20260924,600605.SH,34.77,28.45
20260924,600606.SH,1.66,1.36
20260924,600609.SH,3.92,3.2
20260924,600610.SH,8.36,6.84
20260924,600611.SH,4.95,4.05
20260924,600612.SH,35.15,28.76
20260924,600613.SH,9.53,7.79
20260924,600615.SH,10.35,8.47
20260924,600616.SH,5.92,4.84
20260924,600617.SH,3.55,2.91
20260924,600618.SH,10.92,8.94
20260924,600619.SH,14.71,12.03
20260924,600620.SH,4.8,3.92
20260924,600621.SH,15.54,12.72
20260924,600622.SH,2.75,2.25
20260924,600623.SH,9.33,7.63
20260924,600624.SH,5.12,4.19
20260924,600626.SH,4.17,3.41
20260924,600628.SH,6.94,5.68
20260924,600629.SH,17.99,14.72
20260924,600630.SH,9.38,7.68
20260924,600633.SH,11.28,9.23
20260924,600635.SH,4.91,4.01
20260924,600637.SH,9.86,8.06
20260924,600638.SH,5.67,4.64
20260924,600639.SH,10.7,8.76
20260924,600640.SH,13.82,11.3
20260924,600641.SH,52.58,43.02
20260924,600642.SH,9.6,7.86
20260924,600643.SH,4.43,3.63
20260924,600644.SH,9.86,8.06
20260924,600645.SH,21.18,17.33
20260924,600648.SH,10.4,8.51
20260924,600649.SH,4.52,3.7
20260924,600650.SH,11.34,9.28
20260924,600651.SH,5.81,4.75
20260924,600653.SH,2.06,1.68
20260924,600654.SH,3.31,2.71
20260924,600655.SH,5.03,4.11
20260924,600657.SH,3.49,2.85
20260924,600658.SH,4.54,3.72
20260924,600660.SH,58.08,47.52
20260924,600661.SH,9.93,8.13
20260924,600662.SH,4.65,3.81
20260924,600663.SH,10.07,8.24
20260924,600664.SH,9.94,8.14
20260924,600665.SH,3.82,3.12
20260924,600666.SH,3.69,3.02
20260924,600667.SH,22.65,18.53
20260924,600668.SH,8.13,6.65
20260924,600671.SH,25.63,20.97
20260924,600673.SH,35.33,28.91
20260924,600674.SH,17.66,14.45
20260924,600675.SH,2.76,2.26
20260924,600676.SH,7.33,5.99
20260924,600678.SH,6.3,5.16
20260924,600679.SH,11.76,9.62
20260924,600681.SH,3.73,3.05
20260924,600682.SH,6.44,5.27
20260924,600683.SH,10.58,8.66
20260924,600684.SH,3.98,3.26
20260924,600685.SH,31.97,26.15
20260924,600686.SH,12.22,10.0
20260924,600688.SH,3.06,2.5
20260924,600689.SH,13.32,10.9
20260924,600690.SH,22.22,18.18
20260924,600691.SH,3.04,2.48
20260924,600692.SH,7.16,5.86
20260924,600693.SH,10.45,8.55
20260924,600694.SH,15.85,12.97
20260924,600697.SH,12.5,10.22
20260924,600698.SH,7.56,6.18
20260924,600699.SH,23.68,19.38
20260924,600702.SH,36.72,30.04
20260924,600703.SH,14.11,11.55
20260924,600704.SH,5.34,4.37
20260924,600706.SH,9.15,7.49
20260924,600707.SH,10.78,8.82
20260924,600708.SH,3.41,2.79
20260924,600710.SH,12.51,10.23
20260924,600711.SH,11.99,9.81
20260924,600712.SH,6.16,5.04
20260924,600713.SH,5.43,4.45
20260924,600714.SH,21.41,17.51
20260924,600715.SH,1.82,1.49
20260924,600716.SH,4.1,3.36
20260924,600717.SH,4.65,3.81
20260924,600718.SH,8.79,7.19
20260924,600719.SH,8.35,6.83
20260924,600720.SH,5.68,4.64
20260924,600721.SH,14.62,11.96
20260924,600722.SH,17.92,14.66
20260924,600724.SH,5.56,4.55
20260924,600725.SH,3.52,2.88
20260924,600726.SH,5.58,4.56
20260924,600727.SH,8.27,6.77
20260924,600728.SH,4.92,4.02
20260924,600729.SH,20.22,16.54
20260924,600730.SH,10.22,8.36
20260924,600731.SH,6.47,5.29
20260924,600732.SH,11.95,9.77
20260924,600733.SH,5.25,4.29
20260924,600734.SH,2.12,1.74
20260924,600735.SH,7.33,5.99
20260924,600736.SH,7.33,5.99
20260924,600737.SH,16.53,13.53
20260924,600738.SH,4.61,3.77
20260924,600739.SH,11.47,9.39
20260924,600740.SH,4.09,3.35
20260924,600741.SH,16.3,13.34
20260924,600742.SH,8.48,6.94
20260924,600743.SH,3.1,2.54
20260924,600744.SH,6.8,5.56
20260924,600745.SH,18.81,15.39
20260924,600746.SH,7.56,6.18
20260924,600748.SH,4.39,3.59
20260924,600749.SH,14.84,12.14
20260924,600750.SH,24.7,20.21
20260924,600751.SH,3.18,2.6
20260924,600753.SH,14.74,12.06
20260924,600754.SH,20.28,16.6
20260924,600755.SH,6.38,5.22
20260924,600756.SH,15.18,12.42
20260924,600757.SH,8.13,6.65
20260924,600758.SH,3.86,3.16
20260924,600759.SH,2.54,2.08
20260924,600760.SH,48.49,39.67
20260924,600761.SH,16.84,13.78
20260924,600763.SH,37.25,30.47
20260924,600764.SH,20.23,16.55
20260924,600765.SH,14.69,12.02
20260924,600768.SH,16.54,13.54
20260924,600769.SH,18.04,14.76
20260924,600770.SH,7.16,5.86
20260924,600771.SH,15.2,12.44
20260924,600773.SH,11.02,9.02
20260924,600774.SH,8.55,6.99
20260924,600775.SH,10.57,8.65
20260924,600776.SH,14.33,11.73
20260924,600777.SH,4.4,3.6
20260924,600778.SH,6.41,5.25
20260924,600779.SH,29.37,24.03
20260924,600780.SH,6.74,5.52
20260924,600782.SH,2.93,2.39
20260924,600783.SH,17.03,13.93
20260924,600784.SH,7.78,6.36
20260924,600785.SH,11.81,9.67
20260924,600787.SH,5.03,4.11
20260924,600789.SH,8.54,6.98
20260924,600790.SH,4.1,3.36
20260924,600791.SH,7.72,6.32
20260924,600792.SH,5.7,4.66
20260924,600793.SH,19.5,15.96
20260924,600794.SH,3.48,2.84
20260924,600795.SH,5.63,4.61
20260924,600796.SH,5.59,4.57
20260924,600797.SH,7.28,5.96
20260924,600798.SH,3.69,3.02
20260924,600800.SH,3.49,2.85
20260924,600801.SH,26.16,21.4
20260924,600802.SH,6.62,5.42
20260924,600803.SH,20.44,16.72
20260924,600805.SH,5.01,4.1
20260924,600807.SH,2.88,2.36
20260924,600808.SH,2.74,2.24
20260924,600809.SH,125.43,102.63
20260924,600810.SH,6.95,5.69
20260924,600812.SH,5.45,4.46
20260924,600814.SH,7.67,6.27
20260924,600815.SH,4.65,3.81
20260924,600816.SH,2.61,2.13
20260924,600817.SH,10.46,8.56
20260924,600818.SH,10.27,8.41
20260924,600819.SH,6.24,5.1
20260924,600820.SH,5.8,4.74
20260924,600821.SH,6.47,5.29
20260924,600822.SH,10.0,8.18
20260924,600824.SH,4.04,3.3
20260924,600825.SH,7.77,6.35
20260924,600826.SH,8.73,7.15
20260924,600827.SH,8.57,7.01
20260924,600828.SH,4.84,3.96
20260924,600829.SH,10.66,8.72
20260924,600830.SH,9.31,7.61
20260924,600831.SH,3.67,3.01
20260924,600833.SH,11.78,9.64
20260924,600834.SH,8.34,6.82
20260924,600835.SH,20.77,16.99
20260924,600838.SH,9.42,7.7
20260924,600839.SH,7.28,5.96
20260924,600841.SH,6.29,5.15
20260924,600843.SH,8.37,6.85
20260924,600844.SH,3.63,2.97
20260924,600845.SH,20.17,16.51
20260924,600846.SH,12.06,9.86
20260924,600847.SH,14.16,11.58
20260924,600848.SH,9.59,7.85
20260924,600850.SH,15.58,12.74
20260924,600851.SH,9.23,7.55
20260924,600853.SH,3.59,2.93
20260924,600854.SH,5.19,4.25
20260924,600855.SH,14.15,11.57
20260924,600857.SH,24.73,20.23
20260924,600858.SH,5.4,4.42
20260924,600859.SH,10.82,8.86
20260924,600860.SH,8.32,6.8
20260924,600861.SH,13.98,11.44
20260924,600862.SH,19.77,16.17
20260924,600863.SH,5.07,4.15
20260924,600864.SH,6.4,5.24
20260924,600865.SH,12.19,9.97
20260924,600866.SH,4.59,3.75
20260924,600867.SH,8.64,7.07
20260924,600868.SH,3.0,2.46
20260924,600869.SH,23.13,18.93
20260924,600871.SH,2.33,1.91
20260924,600872.SH,19.13,15.65
20260924,600873.SH,8.18,6.7
20260924,600874.SH,6.01,4.91
20260924,600875.SH,26.19,21.43
20260924,600876.SH,8.66,7.08
20260924,600877.SH,13.33,10.91
20260924,600879.SH,15.73,12.87
20260924,600880.SH,4.85,3.97
20260924,600881.SH,2.07,1.69
20260924,600882.SH,21.13,17.29
20260924,600883.SH,8.98,7.34
20260924,600884.SH,13.11,10.73
20260924,600885.SH,36.63,29.97
20260924,600886.SH,16.03,13.11
20260924,600887.SH,29.61,24.23
20260924,600888.SH,11.07,9.05
20260924,600889.SH,15.07,12.33
20260924,600892.SH,4.58,3.74
20260924,600893.SH,43.52,35.6
20260924,600894.SH,8.53,6.98
20260924,600895.SH,31.64,25.88
20260924,600897.SH,16.56,13.55
20260924,600900.SH,30.89,25.27
20260924,600901.SH,7.34,6.0
20260924,600903.SH,7.3,5.98
20260924,600905.SH,4.0,3.28
20260924,600906.SH,7.11,5.81
20260924,600908.SH,6.33,5.18
20260924,600909.SH,8.9,7.28
20260924,600916.SH,8.1,6.62
20260924,600917.SH,5.29,4.33
20260924,600918.SH,6.06,4.96
20260924,600919.SH,13.28,10.86
20260924,600925.SH,4.47,3.65
20260924,600926.SH,18.85,15.43
20260924,600927.SH,13.57,11.11
20260924,600928.SH,3.85,3.15
20260924,600929.SH,6.72,5.5
20260924,600930.SH,4.29,3.51
20260924,600933.SH,15.28,12.5
20260924,600935.SH,2.54,2.08
20260924,600936.SH,4.79,3.92
20260924,600938.SH,35.52,29.06
20260924,600939.SH,2.87,2.35
20260924,600941.SH,106.04,86.76
20260924,600955.SH,13.84,11.32
20260924,600956.SH,7.74,6.34
20260924,600958.SH,9.82,8.04
20260924,600959.SH,3.4,2.78
20260924,600960.SH,4.31,3.53
20260924,600961.SH,26.92,22.02
20260924,600962.SH,28.99,23.72
20260924,600963.SH,3.75,3.07
20260924,600965.SH,2.96,2.42
20260924,600966.SH,5.37,4.39
20260924,600967.SH,14.23,11.65
20260924,600968.SH,4.24,3.47
20260924,600969.SH,10.78,8.82
20260924,600970.SH,8.37,6.85
20260924,600971.SH,9.22,7.54
20260924,600973.SH,6.5,5.32
20260924,600975.SH,5.68,4.64
20260924,600976.SH,29.72,24.32
20260924,600977.SH,14.85,12.15
20260924,600979.SH,4.27,3.49
20260924,600980.SH,21.44,17.54
20260924,600981.SH,2.63,2.15
20260924,600982.SH,5.34,4.37
20260924,600983.SH,8.29,6.79
20260924,600984.SH,3.81,3.11
20260924,600985.SH,18.27,14.95
20260924,600986.SH,7.77,6.35
20260924,600987.SH,6.96,5.7
20260924,600988.SH,46.75,38.25
20260924,600989.SH,24.84,20.32
20260924,600990.SH,19.7,16.12
20260924,600992.SH,11.21,9.17
20260924,600993.SH,24.71,20.21
20260924,600995.SH,13.19,10.79
20260924,600996.SH,7.54,6.17
20260924,600997.SH,5.64,4.62
20260924,600998.SH,5.38,4.4
20260924,600999.SH,19.61,16.05
20260924,601000.SH,4.75,3.89
20260924,601001.SH,19.86,16.25
20260924,601002.SH,5.71,4.67
20260924,601003.SH,3.87,3.17
20260924,601005.SH,1.35,1.11
20260924,601006.SH,5.16,4.22
20260924,601007.SH,7.46,6.1
20260924,601008.SH,4.79,3.92
20260924,601009.SH,12.9,10.56
20260924,601010.SH,1.61,1.31
20260924,601011.SH,3.17,2.59
20260924,601012.SH,12.55,10.27
20260924,601015.SH,3.85,3.15
20260924,601016.SH,3.61,2.95
20260924,601018.SH,3.74,3.06
20260924,601019.SH,7.69,6.29
20260924,601020.SH,24.35,19.93
20260924,601021.SH,45.78,37.46
20260924,601022.SH,9.31,7.61
20260924,601026.SH,16.89,13.82
20260924,601033.SH,15.68,12.83
20260924,601038.SH,15.28,12.5
20260924,601058.SH,15.31,12.53
20260924,601059.SH,17.12,14.0
20260924,601061.SH,12.49,10.22
20260924,601065.SH,7.4,6.06
20260924,601066.SH,26.04,21.3
20260924,601068.SH,4.95,4.05
20260924,601069.SH,29.47,24.11
20260924,601077.SH,7.19,5.89
20260924,601083.SH,14.06,11.5
20260924,601086.SH,18.72,15.32
20260924,601088.SH,51.93,42.49
20260924,601089.SH,17.92,14.66
20260924,601091.SH,33.0,27.0
20260924,601096.SH,4.49,3.67
20260924,601098.SH,11.4,9.32
20260924,601099.SH,3.89,3.19
20260924,601100.SH,100.76,82.44
20260924,601101.SH,14.58,11.93
20260924,601106.SH,3.23,2.65
20260924,601107.SH,6.61,5.41
20260924,601108.SH,9.42,7.7
20260924,601111.SH,6.56,5.36
20260924,601112.SH,18.06,14.78
20260924,601113.SH,3.87,3.17
20260924,601116.SH,11.23,9.19
20260924,601117.SH,7.88,6.44
20260924,601118.SH,7.33,5.99
20260924,601121.SH,7.95,6.51
20260924,601123.SH,19.9,16.28
20260924,601126.SH,43.45,35.55
20260924,601127.SH,51.92,42.48
20260924,601128.SH,6.81,5.57
20260924,601133.SH,28.62,23.42
20260924,601136.SH,15.97,13.07
20260924,601137.SH,22.54,18.44
20260924,601138.SH,69.28,56.68
20260924,601139.SH,6.85,5.61
20260924,601155.SH,14.25,11.66
20260924,601156.SH,20.24,16.56
20260924,601158.SH,4.39,3.59
20260924,601162.SH,4.04,3.3
20260924,601163.SH,13.54,11.08
20260924,601166.SH,19.66,16.08
20260924,601168.SH,40.49,33.13
20260924,601169.SH,6.02,4.92
20260924,601177.SH,15.1,12.36
20260924,601179.SH,13.2,10.8
20260924,601186.SH,6.63,5.43
20260924,601187.SH,7.62,6.24
20260924,601188.SH,3.12,2.56
20260924,601198.SH,14.37,11.75
20260924,601199.SH,7.27,5.95
20260924,601200.SH,7.5,6.14
20260924,601208.SH,60.5,49.5
20260924,601211.SH,19.44,15.9
20260924,601212.SH,6.64,5.44
20260924,601216.SH,4.96,4.06
20260924,601218.SH,5.5,4.5
20260924,601222.SH,6.57,5.37
20260924,601225.SH,28.25,23.11
20260924,601226.SH,7.35,6.01
20260924,601228.SH,3.33,2.73
20260924,601229.SH,10.42,8.52
20260924,601231.SH,29.63,24.25
20260924,601233.SH,26.49,21.67
20260924,601236.SH,7.71,6.31
20260924,601238.SH,5.6,4.58
20260924,601279.SH,3.85,3.15
20260924,601288.SH,7.51,6.15
20260924,601298.SH,10.66,8.72
20260924,601311.SH,8.17,6.69
20260924,601318.SH,59.26,48.48
20260924,601319.SH,8.88,7.26
20260924,601326.SH,3.85,3.15
20260924,601328.SH,8.27,6.77
20260924,601330.SH,8.8,7.2
20260924,601333.SH,3.36,2.75
20260924,601336.SH,63.67,52.09
20260924,601339.SH,7.92,6.48
20260924,601360.SH,9.93,8.13
20260924,601366.SH,3.93,3.21
20260924,601368.SH,4.96,4.06
20260924,601369.SH,9.85,8.06
20260924,601375.SH,4.4,3.6
20260924,601377.SH,6.51,5.33
20260924,601388.SH,3.51,2.87
20260924,601390.SH,4.72,3.86
20260924,601398.SH,8.9,7.28
20260924,601399.SH,3.4,2.78
20260924,601456.SH,9.52,7.79
20260924,601500.SH,4.3,3.52
20260924,601512.SH,9.34,7.64
20260924,601515.SH,3.56,2.92
20260924,601518.SH,3.04,2.48
20260924,601519.SH,9.79,8.01
20260924,601528.SH,5.5,4.5
20260924,601555.SH,9.09,7.43
20260924,601566.SH,9.96,8.15
20260924,601567.SH,16.25,13.29
20260924,601568.SH,3.96,3.24
20260924,601577.SH,10.66,8.72
20260924,601579.SH,40.43,33.08
20260924,601588.SH,1.97,1.61
20260924,601595.SH,25.88,21.18
20260924,601598.SH,7.13,5.83
20260924,601599.SH,3.53,2.89
20260924,601600.SH,10.03,8.21
20260924,601601.SH,34.77,28.45
20260924,601606.SH,35.28,28.86
20260924,601607.SH,17.67,14.45
20260924,601608.SH,5.06,4.14
20260924,601609.SH,14.07,11.51
20260924,601611.SH,11.29,9.23
20260924,601615.SH,10.69,8.75
20260924,601616.SH,4.14,3.38
20260924,601618.SH,2.81,2.3
20260924,601619.SH,4.41,3.61
20260924,601628.SH,42.46,34.74
20260924,601633.SH,15.52,12.7
20260924,601636.SH,6.28,5.14
20260924,601658.SH,5.85,4.79
20260924,601665.SH,7.57,6.19
20260924,601666.SH,9.71,7.95
20260924,601668.SH,4.71,3.85
20260924,601669.SH,5.05,4.13
20260924,601677.SH,18.43,15.08
20260924,601678.SH,6.56,5.36
20260924,601686.SH,5.52,4.52
20260924,601688.SH,20.19,16.52
20260924,601689.SH,50.48,41.3
20260924,601696.SH,12.41,10.15
20260924,601698.SH,25.93,21.21
20260924,601699.SH,16.92,13.84
20260924,601700.SH,6.94,5.68
20260924,601702.SH,16.81,13.75
20260924,601717.SH,14.93,12.21
20260924,601718.SH,2.15,1.76
20260924,601727.SH,7.32,5.99
20260924,601728.SH,6.71,5.49
20260924,601766.SH,6.51,5.33
20260924,601777.SH,8.48,6.94
20260924,601778.SH,3.77,3.09
20260924,601788.SH,15.36,12.56
20260924,601789.SH,4.8,3.92
20260924,601798.SH,8.31,6.8
20260924,601799.SH,77.89,63.73
20260924,601800.SH,6.45,5.27
20260924,601801.SH,6.01,4.91
20260924,601808.SH,13.33,10.91
20260924,601811.SH,20.35,16.65
20260924,601816.SH,5.18,4.24
20260924,601818.SH,3.3,2.7
20260924,601825.SH,9.49,7.77
20260924,601827.SH,8.65,7.07
20260924,601828.SH,2.41,1.97
20260924,601838.SH,20.74,16.97
20260924,601857.SH,11.78,9.64
20260924,601858.SH,23.5,19.22
20260924,601860.SH,2.81,2.3
20260924,601865.SH,10.32,8.44
20260924,601866.SH,2.66,2.18
20260924,601868.SH,2.65,2.17
20260924,601869.SH,503.68,412.1
20260924,601872.SH,22.86,18.7
20260924,601877.SH,27.7,22.66
20260924,601878.SH,10.05,8.23
20260924,601880.SH,1.61,1.31
20260924,601881.SH,13.3,10.88
20260924,601882.SH,26.32,21.54
20260924,601886.SH,15.0,12.28
20260924,601888.SH,57.41,46.97
20260924,601890.SH,10.27,8.41
20260924,601898.SH,15.31,12.53
20260924,601899.SH,34.55,28.27
20260924,601900.SH,13.83,11.31
20260924,601901.SH,7.56,6.18
20260924,601908.SH,3.23,2.65
20260924,601916.SH,3.15,2.57
20260924,601918.SH,11.96,9.78
20260924,601919.SH,18.0,14.72
20260924,601921.SH,8.4,6.88
20260924,601928.SH,9.11,7.45
20260924,601929.SH,2.64,2.16
20260924,601933.SH,3.31,2.71
20260924,601939.SH,11.91,9.75
20260924,601949.SH,6.73,5.51
20260924,601952.SH,10.3,8.42
20260924,601956.SH,5.45,4.46
20260924,601958.SH,22.77,18.63
20260924,601963.SH,11.89,9.73
20260924,601965.SH,14.59,11.93
20260924,601966.SH,11.61,9.5
20260924,601968.SH,4.92,4.02
20260924,601969.SH,10.02,8.2
20260924,601975.SH,4.86,3.98
20260924,601985.SH,9.74,7.97
20260924,601988.SH,7.24,5.92
20260924,601990.SH,7.37,6.03
20260924,601991.SH,5.95,4.87
20260924,601992.SH,1.56,1.28
20260924,601995.SH,35.92,29.39
20260924,601996.SH,3.29,2.69
20260924,601997.SH,6.07,4.97
20260924,601998.SH,9.96,8.15
20260924,601999.SH,7.59,6.21
20260924,603000.SH,18.8,15.38
20260924,603001.SH,13.33,10.91
20260924,603002.SH,22.12,18.1
20260924,603004.SH,21.1,17.26
20260924,603005.SH,33.28,27.23
20260924,603006.SH,11.88,9.72
20260924,603007.SH,5.05,4.13
20260924,603008.SH,11.11,9.09
20260924,603009.SH,52.97,43.34
20260924,603010.SH,13.7,11.21
20260924,603011.SH,29.81,24.39
20260924,603012.SH,10.02,8.2
20260924,603013.SH,15.82,12.94
20260924,603014.SH,34.74,28.42
20260924,603015.SH,11.44,9.36
20260924,603016.SH,35.97,29.43
20260924,603017.SH,10.97,8.97
20260924,603018.SH,5.71,4.67
20260924,603019.SH,91.85,75.15
20260924,603020.SH,14.67,12.01
20260924,603021.SH,5.76,4.72
20260924,603022.SH,9.81,8.03
20260924,603023.SH,4.48,3.66
20260924,603025.SH,14.81,12.11
20260924,603026.SH,64.89,53.09
20260924,603027.SH,8.17,6.69
20260924,603028.SH,7.84,6.42
20260924,603029.SH,18.38,15.04
20260924,603030.SH,2.27,1.85
20260924,603031.SH,44.41,36.33
20260924,603032.SH,20.2,16.52
20260924,603033.SH,8.62,7.06
20260924,603035.SH,11.39,9.32
20260924,603036.SH,15.03,12.29
20260924,603037.SH,11.03,9.03
20260924,603038.SH,19.13,15.65
20260924,603039.SH,41.65,34.07
20260924,603040.SH,53.55,43.81
20260924,603041.SH,12.68,10.38
20260924,603042.SH,18.73,15.33
20260924,603043.SH,14.4,11.78
20260924,603045.SH,54.64,44.7
20260924,603048.SH,28.05,22.95
20260924,603049.SH,49.57,40.55
20260924,603050.SH,19.01,15.55
20260924,603051.SH,28.13,23.01
20260924,603052.SH,64.61,52.87
20260924,603053.SH,9.55,7.81
20260924,603055.SH,10.19,8.33
20260924,603057.SH,20.17,16.51
20260924,603058.SH,10.0,8.18
20260924,603059.SH,28.04,22.94
20260924,603060.SH,6.01,4.91
20260924,603061.SH,376.31,307.89
20260924,603062.SH,42.74,34.97
20260924,603063.SH,33.03,27.03
20260924,603065.SH,16.27,13.31
20260924,603066.SH,10.19,8.33
20260924,603067.SH,43.85,35.87
20260924,603068.SH,50.46,41.28
20260924,603069.SH,14.71,12.03
20260924,603070.SH,12.6,10.31
20260924,603071.SH,13.53,11.07
20260924,603072.SH,33.94,27.77
20260924,603073.SH,19.91,16.29
20260924,603075.SH,22.54,18.44
20260924,603076.SH,22.42,18.34
20260924,603077.SH,2.48,2.03
20260924,603078.SH,35.95,29.41
20260924,603079.SH,14.61,11.95
20260924,603080.SH,21.89,17.91
20260924,603081.SH,10.41,8.51
20260924,603082.SH,53.89,44.09
20260924,603083.SH,239.99,196.35
20260924,603085.SH,10.8,8.84
20260924,603086.SH,6.4,5.24
20260924,603087.SH,82.02,67.1
20260924,603088.SH,11.4,9.32
20260924,603089.SH,10.75,8.79
20260924,603090.SH,42.99,35.17
20260924,603091.SH,52.53,42.98
20260924,603092.SH,48.13,39.38
20260924,603093.SH,14.96,12.24
20260924,603095.SH,16.24,13.28
20260924,603096.SH,17.51,14.33
20260924,603097.SH,20.41,16.7
20260924,603098.SH,11.81,9.67
20260924,603099.SH,44.54,36.44
20260924,603100.SH,20.58,16.84
20260924,603101.SH,8.1,6.62
20260924,603102.SH,41.42,33.89
20260924,603103.SH,17.9,14.64
20260924,603105.SH,9.01,7.37
20260924,603106.SH,8.1,6.62
20260924,603107.SH,13.41,10.97
20260924,603108.SH,11.0,9.0
20260924,603109.SH,19.2,15.71
20260924,603110.SH,27.61,22.59
20260924,603111.SH,6.69,5.47
20260924,603112.SH,19.37,15.85
20260924,603113.SH,5.39,4.41
20260924,603115.SH,84.81,69.39
20260924,603116.SH,7.43,6.08
20260924,603117.SH,4.26,3.48
20260924,603118.SH,20.17,16.51
20260924,603119.SH,62.27,50.95
20260924,603120.SH,66.1,54.08
20260924,603121.SH,13.9,11.38
20260924,603122.SH,14.93,12.21
20260924,603123.SH,10.52,8.6
20260924,603124.SH,159.5,130.5
20260924,603125.SH,26.97,22.07
20260924,603126.SH,6.99,5.72
20260924,603127.SH,52.55,42.99
20260924,603128.SH,5.78,4.73
20260924,603129.SH,326.67,267.27
20260924,603130.SH,42.58,34.84
20260924,603131.SH,15.35,12.56
20260924,603132.SH,20.66,16.9
20260924,603135.SH,9.77,7.99
20260924,603136.SH,10.11,8.27
20260924,603137.SH,22.07,18.05
20260924,603138.SH,16.54,13.54
20260924,603139.SH,40.23,32.91
20260924,603150.SH,83.58,68.38
20260924,603151.SH,20.14,16.48
20260924,603153.SH,14.75,12.07
20260924,603155.SH,17.14,14.02
20260924,603156.SH,49.72,40.68
20260924,603158.SH,11.68,9.56
20260924,603159.SH,25.78,21.1
20260924,603160.SH,60.67,49.64
20260924,603161.SH,16.45,13.46
20260924,603162.SH,14.83,12.13
20260924,603163.SH,91.85,75.15
20260924,603165.SH,14.85,12.15
20260924,603166.SH,12.14,9.94
20260924,603167.SH,8.89,7.27
20260924,603168.SH,6.45,5.27
20260924,603169.SH,6.66,5.45
20260924,603170.SH,13.16,10.76
20260924,603171.SH,44.55,36.45
20260924,603172.SH,21.8,17.84
20260924,603173.SH,32.99,26.99
20260924,603175.SH,126.04,103.12
20260924,603176.SH,5.83,4.77
20260924,603177.SH,12.16,9.95
20260924,603178.SH,17.62,14.42
20260924,603179.SH,45.0,36.82
20260924,603180.SH,17.34,14.18
20260924,603181.SH,14.12,11.56
20260924,603182.SH,14.97,12.25
20260924,603183.SH,5.49,4.49
20260924,603185.SH,15.73,12.87
20260924,603186.SH,250.47,204.93
20260924,603187.SH,11.81,9.67
20260924,603188.SH,4.99,4.09
20260924,603189.SH,10.58,8.66
20260924,603190.SH,18.02,14.74
20260924,603191.SH,14.76,12.08
20260924,603192.SH,24.09,19.71
20260924,603193.SH,22.43,18.35
20260924,603194.SH,37.14,30.38
20260924,603195.SH,41.83,34.23
20260924,603196.SH,20.74,16.97
20260924,603197.SH,32.23,26.37
20260924,603198.SH,43.05,35.23
20260924,603199.SH,36.08,29.52
20260924,603200.SH,43.54,35.62
20260924,603201.SH,17.53,14.35
20260924,603202.SH,58.16,47.58
20260924,603203.SH,52.64,43.07
20260924,603205.SH,23.78,19.46
20260924,603206.SH,15.3,12.52
20260924,603207.SH,27.32,22.36
20260924,603208.SH,12.41,10.15
20260924,603209.SH,16.07,13.15
20260924,603210.SH,15.0,12.28
20260924,603211.SH,22.09,18.07
20260924,603212.SH,13.04,10.67
20260924,603213.SH,15.14,12.38
20260924,603214.SH,14.77,12.09
20260924,603215.SH,16.3,13.34
20260924,603216.SH,25.88,21.18
20260924,603217.SH,31.68,25.92
20260924,603218.SH,10.16,8.32
20260924,603219.SH,14.04,11.48
20260924,603220.SH,20.32,16.62
20260924,603221.SH,35.96,29.42
20260924,603222.SH,9.83,8.05
20260924,603223.SH,11.01,9.01
20260924,603225.SH,19.4,15.88
20260924,603226.SH,35.85,29.33
20260924,603227.SH,8.27,6.77
20260924,603228.SH,118.2,96.71
20260924,603229.SH,9.24,7.56
20260924,603230.SH,18.47,15.11
20260924,603231.SH,18.89,15.45
20260924,603232.SH,18.69,15.29
20260924,603233.SH,19.77,16.17
20260924,603235.SH,27.71,22.67
20260924,603236.SH,82.04,67.12
20260924,603237.SH,16.69,13.65
20260924,603238.SH,13.79,11.29
20260924,603239.SH,15.6,12.76
20260924,603248.SH,23.64,19.34
20260924,603255.SH,35.76,29.26
20260924,603256.SH,172.48,141.12
20260924,603257.SH,77.41,63.33
20260924,603258.SH,15.46,12.65
20260924,603259.SH,184.75,151.16
20260924,603260.SH,36.19,29.61
20260924,603261.SH,57.2,46.8
20260924,603262.SH,20.47,16.75
20260924,603266.SH,19.98,16.34
20260924,603267.SH,56.79,46.47
20260924,603268.SH,236.85,193.79
20260924,603269.SH,29.57,24.19
20260924,603270.SH,41.11,33.63
20260924,603271.SH,43.55,35.63
20260924,603272.SH,17.71,14.49
20260924,603273.SH,16.2,13.26
20260924,603275.SH,40.76,33.35
20260924,603276.SH,20.17,16.51
20260924,603277.SH,12.72,10.4
20260924,603278.SH,9.8,8.02
20260924,603279.SH,12.34,10.1
20260924,603280.SH,29.43,24.08
20260924,603281.SH,21.69,17.75
20260924,603282.SH,19.09,15.62
20260924,603283.SH,51.59,42.21
20260924,603284.SH,46.2,37.8
20260924,603285.SH,42.01,34.37
20260924,603286.SH,50.57,41.37
20260924,603288.SH,37.7,30.84
20260924,603289.SH,12.28,10.04
20260924,603290.SH,96.83,79.23
20260924,603291.SH,9.79,8.01
20260924,603293.SH,40.47,33.11
20260924,603296.SH,87.88,71.9
20260924,603297.SH,127.14,104.02
20260924,603298.SH,25.62,20.96
20260924,603299.SH,9.64,7.88
20260924,603300.SH,5.05,4.13
20260924,603301.SH,89.05,72.86
20260924,603303.SH,32.29,26.42
20260924,603305.SH,12.34,10.1
20260924,603306.SH,91.62,74.96
20260924,603307.SH,29.07,23.79
20260924,603308.SH,44.17,36.14
20260924,603309.SH,12.16,9.95
20260924,603310.SH,16.37,13.39
20260924,603311.SH,28.01,22.91
20260924,603312.SH,34.98,28.62
20260924,603313.SH,7.23,5.91
20260924,603315.SH,12.14,9.94
20260924,603316.SH,19.0,15.54
20260924,603317.SH,14.08,11.52
20260924,603318.SH,9.88,8.08
20260924,603319.SH,34.32,28.08
20260924,603320.SH,20.2,16.52
20260924,603321.SH,7.77,6.35
20260924,603322.SH,35.6,29.12
20260924,603323.SH,4.82,3.94
20260924,603324.SH,29.68,24.28
20260924,603325.SH,58.87,48.17
20260924,603326.SH,8.32,6.8
20260924,603327.SH,9.22,7.54
20260924,603328.SH,16.72,13.68
20260924,603329.SH,11.1,9.08
20260924,603330.SH,10.85,8.87
20260924,603331.SH,13.88,11.36
20260924,603332.SH,13.31,10.89
20260924,603333.SH,10.37,8.49
20260924,603334.SH,35.39,28.95
20260924,603335.SH,6.84,5.6
20260924,603336.SH,11.67,9.55
20260924,603337.SH,41.42,33.89
20260924,603338.SH,59.71,48.85
20260924,603339.SH,14.03,11.48
20260924,603341.SH,42.27,34.59
20260924,603344.SH,24.77,20.27
20260924,603345.SH,85.53,69.98
20260924,603348.SH,15.85,12.97
20260924,603350.SH,31.24,25.56
20260924,603351.SH,30.31,24.8
20260924,603352.SH,28.37,23.21
20260924,603353.SH,50.85,41.61
20260924,603355.SH,35.62,29.14
20260924,603356.SH,19.12,15.64
20260924,603357.SH,6.56,5.36
20260924,603358.SH,51.07,41.79
20260924,603359.SH,2.4,1.96
20260924,603360.SH,14.12,11.56
20260924,603363.SH,3.15,2.57
20260924,603365.SH,17.67,14.45
20260924,603366.SH,8.06,6.6
20260924,603367.SH,15.93,13.03
20260924,603368.SH,16.76,13.72
20260924,603369.SH,29.99,24.53
20260924,603370.SH,30.18,24.7
20260924,603373.SH,52.76,43.16
20260924,603375.SH,49.25,40.29
20260924,603376.SH,29.95,24.51
20260924,603377.SH,3.49,2.85
20260924,603378.SH,5.39,4.41
20260924,603379.SH,56.44,46.18
20260924,603380.SH,39.23,32.09
20260924,603381.SH,16.59,13.57
20260924,603382.SH,20.87,17.07
20260924,603383.SH,29.9,24.46
20260924,603385.SH,6.22,5.09
20260924,603386.SH,21.31,17.43
20260924,603387.SH,10.95,8.96
20260924,603389.SH,48.73,39.87
20260924,603390.SH,12.18,9.96
20260924,603391.SH,75.03,61.39
20260924,603392.SH,29.62,24.24
20260924,603393.SH,27.71,22.67
20260924,603395.SH,29.46,24.1
20260924,603396.SH,35.64,29.16
20260924,603398.SH,9.49,7.77
20260924,603399.SH,14.89,12.19
20260924,603400.SH,60.14,49.2
20260924,603402.SH,68.21,55.81
20260924,603406.SH,31.24,25.56
20260924,603407.SH,69.0,56.46
20260924,603408.SH,12.86,10.52
20260924,603409.SH,19.68,16.1
20260924,603416.SH,51.38,42.04
20260924,603418.SH,49.19,40.25
20260924,603421.SH,7.15,5.85
20260924,603429.SH,9.46,7.74
20260924,603435.SH,54.18,44.33
20260924,603439.SH,15.27,12.49
20260924,603444.SH,379.04,310.12
20260924,603448.SH,67.43,55.17
20260924,603456.SH,18.33,14.99
20260924,603458.SH,11.98,9.8
20260924,603459.SH,97.66,79.9
20260924,603466.SH,13.96,11.42
20260924,603468.SH,24.62,20.14
20260924,603477.SH,15.66,12.82
20260924,603486.SH,55.83,45.68
20260924,603488.SH,8.78,7.18
20260924,603489.SH,32.41,26.51
20260924,603496.SH,25.3,20.7
20260924,603499.SH,14.69,12.02
20260924,603500.SH,10.42,8.52
20260924,603501.SH,91.05,74.49
20260924,603505.SH,16.74,13.7
20260924,603506.SH,13.43,10.99
20260924,603507.SH,30.51,24.97
20260924,603508.SH,23.03,18.85
20260924,603511.SH,13.66,11.18
20260924,603515.SH,16.13,13.19
20260924,603516.SH,93.49,76.49
20260924,603517.SH,12.52,10.24
20260924,603518.SH,8.51,6.97
20260924,603519.SH,18.94,15.5
20260924,603520.SH,9.5,7.78
20260924,603527.SH,10.92,8.94
20260924,603528.SH,7.24,5.92
20260924,603529.SH,23.41,19.15
20260924,603530.SH,50.61,41.41
20260924,603533.SH,24.81,20.3
20260924,603535.SH,6.84,5.6
20260924,603536.SH,10.86,8.88
20260924,603538.SH,30.56,25.0
20260924,603551.SH,10.22,8.36
20260924,603556.SH,25.48,20.84
20260924,603557.SH,3.58,2.93
20260924,603558.SH,14.36,11.75
20260924,603559.SH,10.14,8.3
20260924,603565.SH,13.0,10.64
20260924,603566.SH,11.24,9.2
20260924,603567.SH,5.84,4.78
20260924,603568.SH,15.15,12.39
20260924,603569.SH,6.36,5.2
20260924,603577.SH,10.63,8.69
20260924,603578.SH,15.29,12.51
20260924,603579.SH,19.64,16.07
20260924,603580.SH,85.32,69.8
20260924,603583.SH,31.5,25.78
20260924,603585.SH,11.52,9.42
20260924,603586.SH,15.08,12.34
20260924,603587.SH,13.38,10.94
20260924,603588.SH,19.05,15.59
20260924,603589.SH,19.8,16.2
20260924,603590.SH,32.91,26.93
20260924,603595.SH,36.63,29.97
20260924,603596.SH,31.59,25.85
20260924,603598.SH,21.03,17.21
20260924,603599.SH,11.66,9.54
20260924,603600.SH,11.33,9.27
20260924,603601.SH,11.13,9.11
20260924,603602.SH,12.64,10.34
20260924,603605.SH,62.47,51.11
20260924,603606.SH,39.12,32.0
20260924,603607.SH,25.88,21.18
20260924,603608.SH,23.24,19.02
20260924,603609.SH,6.97,5.71
20260924,603610.SH,15.1,12.36
20260924,603611.SH,17.28,14.14
20260924,603612.SH,18.56,15.18
20260924,603613.SH,22.52,18.42
20260924,603615.SH,21.02,17.2
20260924,603616.SH,6.15,5.03
20260924,603617.SH,7.46,6.1
20260924,603618.SH,41.51,33.97
20260924,603619.SH,23.76,19.44
20260924,603626.SH,25.17,20.59
20260924,603628.SH,11.34,9.28
20260924,603629.SH,122.73,100.41
20260924,603630.SH,15.82,12.94
20260924,603633.SH,7.01,5.73
20260924,603636.SH,9.69,7.93
20260924,603637.SH,15.9,13.01
20260924,603638.SH,20.71,16.95
20260924,603639.SH,11.47,9.39
20260924,603648.SH,10.62,8.69
20260924,603650.SH,76.15,62.31
20260924,603655.SH,36.08,29.52
20260924,603656.SH,19.33,15.81
20260924,603657.SH,40.3,32.98
20260924,603658.SH,37.88,31.0
20260924,603659.SH,24.24,19.84
20260924,603660.SH,10.73,8.78
20260924,603661.SH,39.19,32.07
20260924,603662.SH,54.68,44.74
20260924,603663.SH,51.7,42.3
20260924,603665.SH,24.31,19.89
20260924,603666.SH,30.51,24.97
20260924,603667.SH,54.66,44.72
20260924,603668.SH,13.51,11.05
20260924,603669.SH,6.62,5.42
20260924,603676.SH,9.83,8.05
20260924,603677.SH,15.85,12.97
20260924,603678.SH,54.98,44.98
20260924,603679.SH,25.85,21.15
20260924,603680.SH,11.23,9.19
20260924,603681.SH,21.85,17.87
20260924,603682.SH,10.74,8.78
20260924,603683.SH,18.24,14.92
20260924,603685.SH,28.58,23.38
20260924,603686.SH,15.54,12.72
20260924,603687.SH,16.84,13.78
20260924,603688.SH,55.11,45.09
20260924,603689.SH,8.35,6.83
20260924,603690.SH,26.66,21.82
20260924,603693.SH,12.77,10.45
20260924,603696.SH,15.2,12.44
20260924,603697.SH,9.97,8.15
20260924,603698.SH,23.32,19.08
20260924,603699.SH,49.13,40.19
20260924,603700.SH,12.73,10.41
20260924,603701.SH,21.22,17.36
20260924,603703.SH,11.47,9.39
20260924,603706.SH,18.82,15.4
20260924,603707.SH,8.7,7.12
20260924,603708.SH,9.8,8.02
20260924,603709.SH,13.97,11.43
20260924,603711.SH,12.98,10.62
20260924,603712.SH,12.69,10.39
20260924,603713.SH,74.39,60.87
20260924,603716.SH,18.49,15.13
20260924,603717.SH,6.46,5.28
20260924,603718.SH,3.38,2.76
20260924,603719.SH,10.07,8.24
20260924,603721.SH,20.05,16.41
20260924,603722.SH,32.87,26.89
20260924,603725.SH,13.17,10.77
20260924,603726.SH,27.21,22.27
20260924,603727.SH,20.05,16.41
20260924,603728.SH,55.25,45.21
20260924,603729.SH,13.88,11.36
20260924,603730.SH,10.69,8.75
20260924,603733.SH,20.77,16.99
20260924,603737.SH,24.01,19.65
20260924,603738.SH,42.05,34.41
20260924,603739.SH,14.33,11.73
20260924,603755.SH,26.58,21.74
20260924,603757.SH,76.89,62.91
20260924,603758.SH,12.13,9.93
20260924,603759.SH,8.72,7.14
20260924,603766.SH,16.02,13.1
20260924,603767.SH,14.74,12.06
20260924,603768.SH,12.73,10.41
20260924,603773.SH,112.75,92.25
20260924,603776.SH,22.91,18.75
20260924,603777.SH,15.95,13.05
20260924,603778.SH,9.46,7.74
20260924,603779.SH,9.13,7.47
20260924,603786.SH,41.71,34.13
20260924,603787.SH,11.44,9.36
20260924,603788.SH,15.15,12.39
20260924,603789.SH,6.55,5.36
20260924,603790.SH,28.58,23.38
20260924,603797.SH,5.43,4.45
20260924,603798.SH,14.92,12.2
20260924,603799.SH,39.79,32.55
20260924,603800.SH,64.69,52.93
20260924,603801.SH,6.81,5.57
20260924,603803.SH,14.16,11.58
20260924,603806.SH,15.73,12.87
20260924,603808.SH,9.64,7.88
20260924,603809.SH,9.55,7.81
20260924,603810.SH,13.15,10.76
20260924,603811.SH,7.66,6.26
20260924,603813.SH,28.05,22.95
20260924,603815.SH,5.62,4.6
20260924,603816.SH,24.68,20.2
20260924,603817.SH,6.37,5.21
20260924,603818.SH,4.2,3.44
20260924,603819.SH,17.68,14.46
20260924,603822.SH,68.92,56.39
20260924,603823.SH,55.52,45.42
20260924,603825.SH,8.58,7.02
20260924,603826.SH,18.79,15.37
20260924,603828.SH,6.78,5.54
20260924,603829.SH,17.15,14.03
20260924,603833.SH,33.0,27.0
20260924,603836.SH,10.51,8.6
20260924,603838.SH,15.16,12.4
20260924,603839.SH,7.59,6.21
20260924,603843.SH,7.26,5.94
20260924,603848.SH,14.91,12.2
20260924,603855.SH,18.44,15.08
20260924,603856.SH,12.88,10.54
20260924,603858.SH,16.15,13.21
20260924,603859.SH,45.2,36.98
20260924,603860.SH,28.93,23.67
20260924,603861.SH,12.09,9.89
20260924,603863.SH,13.87,11.35
20260924,603866.SH,4.55,3.73
20260924,603867.SH,39.68,32.46
20260924,603868.SH,34.39,28.13
20260924,603869.SH,9.39,7.69
20260924,603871.SH,13.39,10.95
20260924,603876.SH,20.2,16.52
20260924,603877.SH,13.02,10.66
20260924,603878.SH,5.35,4.37
20260924,603879.SH,5.36,4.38
20260924,603880.SH,10.23,8.37
20260924,603881.SH,26.96,22.06
20260924,603882.SH,31.98,26.16
20260924,603883.SH,14.19,11.61
20260924,603885.SH,11.22,9.18
20260924,603886.SH,13.89,11.37
20260924,603887.SH,9.68,7.92
20260924,603888.SH,19.57,16.01
20260924,603889.SH,6.66,5.45
20260924,603890.SH,18.4,15.06
20260924,603893.SH,245.31,200.71
20260924,603895.SH,28.91,23.65
20260924,603896.SH,16.17,13.23
20260924,603897.SH,33.4,27.32
20260924,603898.SH,12.74,10.42
20260924,603899.SH,24.56,20.1
20260924,603900.SH,7.18,5.88
20260924,603901.SH,10.44,8.54
20260924,603903.SH,16.63,13.61
20260924,603906.SH,19.82,16.22
20260924,603908.SH,21.45,17.55
20260924,603909.SH,10.88,8.9
20260924,603912.SH,10.04,8.22
20260924,603915.SH,14.5,11.86
20260924,603916.SH,11.75,9.61
20260924,603917.SH,15.79,12.92
20260924,603918.SH,11.62,9.5
20260924,603919.SH,17.96,14.7
20260924,603920.SH,50.56,41.36
20260924,603922.SH,13.97,11.43
20260924,603926.SH,19.34,15.82
20260924,603927.SH,15.17,12.41
20260924,603928.SH,13.55,11.09
20260924,603929.SH,174.6,142.86
20260924,603931.SH,40.36,33.02
20260924,603933.SH,21.34,17.46
20260924,603936.SH,24.45,20.01
20260924,603937.SH,14.27,11.67
20260924,603938.SH,56.65,46.35
20260924,603939.SH,24.3,19.88
20260924,603948.SH,21.56,17.64
20260924,603949.SH,16.9,13.82
20260924,603950.SH,64.45,52.73
20260924,603955.SH,27.28,22.32
20260924,603956.SH,7.82,6.4
20260924,603958.SH,20.82,17.04
20260924,603959.SH,4.83,3.95
20260924,603960.SH,20.05,16.41
20260924,603966.SH,8.44,6.9
20260924,603967.SH,12.69,10.39
20260924,603968.SH,11.69,9.57
20260924,603969.SH,8.28,6.78
20260924,603970.SH,12.17,9.95
20260924,603976.SH,36.19,29.61
20260924,603977.SH,12.39,10.13
20260924,603978.SH,28.29,23.15
20260924,603979.SH,83.64,68.44
20260924,603980.SH,9.55,7.81
20260924,603982.SH,6.96,5.7
20260924,603983.SH,34.19,27.97
20260924,603985.SH,18.78,15.36
20260924,603986.SH,438.59,358.85
20260924,603987.SH,8.33,6.81
20260924,603988.SH,19.73,16.15
20260924,603989.SH,36.6,29.94
20260924,603990.SH,21.27,17.41
20260924,603991.SH,204.13,167.01
20260924,603992.SH,22.33,18.27
20260924,603993.SH,19.43,15.89
20260924,603995.SH,28.27,23.13
20260924,603997.SH,15.76,12.9
20260924,603998.SH,11.5,9.41
20260924,603999.SH,7.11,5.81
20260924,605001.SH,6.37,5.21
20260924,605003.SH,27.39,22.41
20260924,605005.SH,17.85,14.61
20260924,605006.SH,18.47,15.11
20260924,605007.SH,16.68,13.64
20260924,605008.SH,15.68,12.83
20260924,605009.SH,27.3,22.34
20260924,605011.SH,19.34,15.82
20260924,605016.SH,23.71,19.4
20260924,605018.SH,12.74,10.42
20260924,605020.SH,34.95,28.59
20260924,605028.SH,27.17,22.23
20260924,605033.SH,21.48,17.58
20260924,605050.SH,11.11,9.09
20260924,605055.SH,9.65,7.89
20260924,605056.SH,15.4,12.6
20260924,605058.SH,64.46,52.74
20260924,605060.SH,44.48,36.4
20260924,605066.SH,7.43,6.08
20260924,605068.SH,22.97,18.79
20260924,605069.SH,12.8,10.48
20260924,605077.SH,13.07,10.69
20260924,605080.SH,25.32,20.72
20260924,605086.SH,26.14,21.38
20260924,605088.SH,28.5,23.32
20260924,605089.SH,22.91,18.75
20260924,605090.SH,34.97,28.61
20260924,605098.SH,58.74,48.06
20260924,605099.SH,31.99,26.17
20260924,605100.SH,38.35,31.37
20260924,605108.SH,13.53,11.07
20260924,605111.SH,68.62,56.14
20260924,605116.SH,21.96,17.96
20260924,605117.SH,85.81,70.21
20260924,605118.SH,37.99,31.09
20260924,605122.SH,13.42,10.98
20260924,605123.SH,89.76,73.44
20260924,605128.SH,26.25,21.47
20260924,605133.SH,27.23,22.28
20260924,605136.SH,9.27,7.59
20260924,605138.SH,6.83,5.59
20260924,605151.SH,20.55,16.81
20260924,605155.SH,15.91,13.01
20260924,605158.SH,8.55,6.99
20260924,605162.SH,13.65,11.17
20260924,605166.SH,9.68,7.92
20260924,605167.SH,17.78,14.54
20260924,605168.SH,59.1,48.36
20260924,605169.SH,14.25,11.66
20260924,605177.SH,27.38,22.4
20260924,605178.SH,81.29,66.51
20260924,605179.SH,29.8,24.38
20260924,605180.SH,15.06,12.32
20260924,605183.SH,18.11,14.81
20260924,605186.SH,29.39,24.05
20260924,605188.SH,14.27,11.67
20260924,605189.SH,15.57,12.74
20260924,605196.SH,40.4,33.06
20260924,605198.SH,77.56,63.46
20260924,605199.SH,6.44,5.27
20260924,605208.SH,16.49,13.49
20260924,605218.SH,16.39,13.41
20260924,605222.SH,24.89,20.37
20260924,605228.SH,12.53,10.25
20260924,605255.SH,66.08,54.06
20260924,605258.SH,48.02,39.29
20260924,605259.SH,19.37,15.85
20260924,605266.SH,17.34,14.18
20260924,605268.SH,11.36,9.3
20260924,605277.SH,19.17,15.69
20260924,605286.SH,27.83,22.77
20260924,605287.SH,39.88,32.63
20260924,605288.SH,74.71,61.13
20260924,605289.SH,112.35,91.93
20260924,605296.SH,36.96,30.24
20260924,605298.SH,50.17,41.05
20260924,605299.SH,13.65,11.17
20260924,605300.SH,11.51,9.41
20260924,605303.SH,26.05,21.31
20260924,605305.SH,33.8,27.66
20260924,605318.SH,87.65,71.71
20260924,605319.SH,25.48,20.84
20260924,605333.SH,18.62,15.24
20260924,605336.SH,12.79,10.47
20260924,605337.SH,9.93,8.13
20260924,605338.SH,19.56,16.0
20260924,605339.SH,14.34,11.74
20260924,605358.SH,52.83,43.23
20260924,605365.SH,15.91,13.01
20260924,605366.SH,9.63,7.88
20260924,605368.SH,7.38,6.04
20260924,605369.SH,19.76,16.16
20260924,605376.SH,153.07,125.24
20260924,605377.SH,8.95,7.33
20260924,605378.SH,16.58,13.56
20260924,605388.SH,6.75,5.53
20260924,605389.SH,72.58,59.38
20260924,605398.SH,24.93,20.39
20260924,605399.SH,12.72,10.4
20260924,605488.SH,34.11,27.91
20260924,605499.SH,122.63,100.33
20260924,605500.SH,8.16,6.68
20260924,605507.SH,20.71,16.95
20260924,605555.SH,13.89,11.37
20260924,605566.SH,36.65,29.99
20260924,605567.SH,10.36,8.48
20260924,605577.SH,17.51,14.33
20260924,605580.SH,25.15,20.57
20260924,605588.SH,53.21,43.53
20260924,605589.SH,45.35,37.11
20260924,605598.SH,27.17,22.23
20260924,605599.SH,15.18,12.42
20260924,688001.SH,84.89,56.59
20260924,688002.SH,220.87,147.25
20260924,688003.SH,99.36,66.24
20260924,688004.SH,40.2,26.8
20260924,688005.SH,28.62,19.08
20260924,688006.SH,25.44,16.96
20260924,688007.SH,13.43,8.95
20260924,688008.SH,268.04,178.7
20260924,688009.SH,5.59,3.73
20260924,688010.SH,34.45,22.97
20260924,688011.SH,88.28,58.86
20260924,688012.SH,419.22,279.48
20260924,688013.SH,30.44,20.3
20260924,688015.SH,20.2,13.46
20260924,688016.SH,103.49,68.99
20260924,688017.SH,344.28,229.52
20260924,688018.SH,146.68,97.78
20260924,688019.SH,278.88,185.92
20260924,688020.SH,189.14,126.1
20260924,688021.SH,24.37,16.25
20260924,688022.SH,10.68,7.12
20260924,688023.SH,56.93,37.95
20260924,688025.SH,539.75,359.83
20260924,688026.SH,33.34,22.22
20260924,688027.SH,465.41,310.27
20260924,688028.SH,156.17,104.11
20260924,688029.SH,101.88,67.92
20260924,688030.SH,22.8,15.2
20260924,688031.SH,130.8,87.2
20260924,688032.SH,84.4,56.26
20260924,688033.SH,8.82,5.88
20260924,688035.SH,101.45,67.63
20260924,688036.SH,66.78,44.52
20260924,688037.SH,421.88,281.26
20260924,688038.SH,23.48,15.66
20260924,688039.SH,40.07,26.71
20260924,688041.SH,301.99,201.33
20260924,688045.SH,74.64,49.76
20260924,688046.SH,46.33,30.89
20260924,688047.SH,127.02,84.68
20260924,688048.SH,418.68,279.12
20260924,688049.SH,55.33,36.89
20260924,688050.SH,47.29,31.53
20260924,688051.SH,30.66,20.44
20260924,688052.SH,305.15,203.43
20260924,688053.SH,47.76,31.84
20260924,688055.SH,4.56,3.04
20260924,688056.SH,63.5,42.34
20260924,688057.SH,23.47,15.65
20260924,688058.SH,30.86,20.58
20260924,688059.SH,109.22,72.82
20260924,688060.SH,45.7,30.46
20260924,688061.SH,57.0,38.0
20260924,688062.SH,33.36,22.24
20260924,688063.SH,49.6,33.06
20260924,688065.SH,47.18,31.46
20260924,688066.SH,9.82,6.54
20260924,688067.SH,28.82,19.22
20260924,688068.SH,114.55,76.37
20260924,688069.SH,45.41,30.27
20260924,688070.SH,43.94,29.3
20260924,688071.SH,42.9,28.6
20260924,688072.SH,876.36,584.24
20260924,688073.SH,96.91,64.61
20260924,688075.SH,36.49,24.33
20260924,688076.SH,34.87,23.25
20260924,688077.SH,33.89,22.59
20260924,688078.SH,37.6,25.06
20260924,688079.SH,21.67,14.45
20260924,688080.SH,46.22,30.82
20260924,688081.SH,32.0,21.34
20260924,688082.SH,349.6,233.06
20260924,688083.SH,63.08,42.06
20260924,688084.SH,53.36,35.58
20260924,688085.SH,15.85,10.57
20260924,688087.SH,41.26,27.5
20260924,688088.SH,36.08,24.06
20260924,688089.SH,10.21,6.81
20260924,688090.SH,101.76,67.84
20260924,688091.SH,49.02,32.68
20260924,688092.SH,27.4,18.26
20260924,688093.SH,28.73,19.15
20260924,688095.SH,70.46,46.98
20260924,688096.SH,9.0,6.0
20260924,688097.SH,56.28,37.52
20260924,688098.SH,10.42,6.94
20260924,688099.SH,111.47,74.31
20260924,688100.SH,30.11,20.07
20260924,688101.SH,17.63,11.75
20260924,688102.SH,37.9,25.26
20260924,688103.SH,101.66,67.78
20260924,688105.SH,33.11,22.07
20260924,688106.SH,32.42,21.62
20260924,688107.SH,37.2,24.8
20260924,688108.SH,18.91,12.61
20260924,688109.SH,87.12,58.08
20260924,688110.SH,147.18,98.12
20260924,688111.SH,271.92,181.28
20260924,688112.SH,137.98,91.98
20260924,688113.SH,45.68,30.46
20260924,688114.SH,90.41,60.27
20260924,688115.SH,80.28,53.52
20260924,688116.SH,41.16,27.44
20260924,688117.SH,23.7,15.8
20260924,688118.SH,24.48,16.32
20260924,688119.SH,4.64,3.1
20260924,688120.SH,304.81,203.21
20260924,688121.SH,1.39,0.93
20260924,688122.SH,63.35,42.23
20260924,688123.SH,201.73,134.49
20260924,688125.SH,154.42,102.94
20260924,688126.SH,29.86,19.9
20260924,688127.SH,82.86,55.24
20260924,688128.SH,26.74,17.82
20260924,688129.SH,29.32,19.54
20260924,688130.SH,34.21,22.81
20260924,688131.SH,132.44,88.3
20260924,688132.SH,20.06,13.38
20260924,688133.SH,27.8,18.54
20260924,688135.SH,48.36,32.24
20260924,688136.SH,29.51,19.67
20260924,688137.SH,147.41,98.27
20260924,688138.SH,50.16,33.44
20260924,688139.SH,42.08,28.06
20260924,688141.SH,143.15,95.43
20260924,688143.SH,232.31,154.87
20260924,688146.SH,260.88,173.92
20260924,688147.SH,138.48,92.32
20260924,688148.SH,7.15,4.77
20260924,688150.SH,53.63,35.75
20260924,688151.SH,20.4,13.6
20260924,688152.SH,43.86,29.24
20260924,688153.SH,32.3,21.54
20260924,688155.SH,64.36,42.9
20260924,688156.SH,27.96,18.64
20260924,688157.SH,23.84,15.9
20260924,688158.SH,36.25,24.17
20260924,688159.SH,45.48,30.32
20260924,688160.SH,117.0,78.0
20260924,688161.SH,26.32,17.54
20260924,688162.SH,30.05,20.03
20260924,688163.SH,45.92,30.62
20260924,688165.SH,18.04,12.02
20260924,688166.SH,43.56,29.04
20260924,688167.SH,370.68,247.12
20260924,688168.SH,54.36,36.24
20260924,688169.SH,139.66,93.1
20260924,688170.SH,86.4,57.6
20260924,688171.SH,28.84,19.22
20260924,688172.SH,56.35,37.57
20260924,688173.SH,16.57,11.05
20260924,688175.SH,32.15,21.43
20260924,688176.SH,17.63,11.75
20260924,688177.SH,25.52,17.02
20260924,688178.SH,36.42,24.28
20260924,688179.SH,28.96,19.3
20260924,688180.SH,42.94,28.62
20260924,688181.SH,56.14,37.42
20260924,688182.SH,35.54,23.7
20260924,688183.SH,142.8,95.2
20260924,688184.SH,12.96,8.64
20260924,688185.SH,102.3,68.2
20260924,688186.SH,17.66,11.78
20260924,688187.SH,54.92,36.62
20260924,688188.SH,116.77,77.85
20260924,688189.SH,7.84,5.22
20260924,688190.SH,88.21,58.81
20260924,688191.SH,28.32,18.88
20260924,688192.SH,72.3,48.2
20260924,688193.SH,58.68,39.12
20260924,688195.SH,233.28,155.52
20260924,688196.SH,41.59,27.73
20260924,688197.SH,47.35,31.57
20260924,688198.SH,88.09,58.73
20260924,688199.SH,30.6,20.4
20260924,688200.SH,476.78,317.86
20260924,688201.SH,9.48,6.32
20260924,688202.SH,140.5,93.66
20260924,688203.SH,29.16,19.44
20260924,688205.SH,275.59,183.73
20260924,688206.SH,45.41,30.27
20260924,688207.SH,25.02,16.68
20260924,688208.SH,31.18,20.78
20260924,688209.SH,43.96,29.3
20260924,688210.SH,35.65,23.77
20260924,688211.SH,39.83,26.55
20260924,688212.SH,34.66,23.1
20260924,688213.SH,114.76,76.5
20260924,688215.SH,57.35,38.23
20260924,688216.SH,49.8,33.2
20260924,688217.SH,30.95,20.63
20260924,688218.SH,48.41,32.27
20260924,688219.SH,12.52,8.34
20260924,688220.SH,119.62,79.74
20260924,688221.SH,20.98,13.98
20260924,688222.SH,55.22,36.82
20260924,688223.SH,4.62,3.08
20260924,688225.SH,17.62,11.74
20260924,688226.SH,38.48,25.66
20260924,688227.SH,94.75,63.17
20260924,688228.SH,106.4,70.94
20260924,688229.SH,74.6,49.74
20260924,688230.SH,75.42,50.28
20260924,688231.SH,42.73,28.49
20260924,688232.SH,21.26,14.18
20260924,688233.SH,123.7,82.46
20260924,688234.SH,136.88,91.26
20260924,688235.SH,319.79,213.19
20260924,688236.SH,17.5,11.66
20260924,688237.SH,71.2,47.46
20260924,688238.SH,10.42,6.94
20260924,688239.SH,68.26,45.5
20260924,688244.SH,20.09,13.39
20260924,688246.SH,21.29,14.19
20260924,688247.SH,12.3,8.2
20260924,688248.SH,59.46,39.64
20260924,688249.SH,43.63,29.09
20260924,688251.SH,22.98,15.32
20260924,688252.SH,26.28,17.52
20260924,688253.SH,69.35,46.23
20260924,688255.SH,32.15,21.43
20260924,688256.SH,1323.7,882.46
20260924,688257.SH,73.09,48.73
20260924,688258.SH,109.64,73.1
20260924,688259.SH,39.7,26.46
20260924,688260.SH,139.64,93.1
20260924,688261.SH,95.78,63.86
20260924,688262.SH,36.78,24.52
20260924,688265.SH,64.1,42.74
20260924,688266.SH,139.26,92.84
20260924,688267.SH,26.76,17.84
20260924,688268.SH,161.84,107.9
20260924,688269.SH,32.84,21.9
20260924,688270.SH,68.56,45.7
20260924,688271.SH,122.64,81.76
20260924,688272.SH,36.0,24.0
20260924,688273.SH,36.08,24.06
20260924,688275.SH,82.76,55.18
20260924,688276.SH,21.89,14.59
20260924,688277.SH,19.0,12.66
20260924,688278.SH,63.72,42.48
20260924,688279.SH,258.5,172.34
20260924,688280.SH,6.12,4.08
20260924,688281.SH,61.78,41.18
20260924,688282.SH,64.1,42.74
20260924,688283.SH,39.72,26.48
20260924,688285.SH,9.22,6.14
20260924,688286.SH,61.38,40.92
20260924,688288.SH,23.94,15.96
20260924,688289.SH,19.88,13.26
20260924,688290.SH,75.65,50.43
20260924,688291.SH,50.94,33.96
20260924,688292.SH,27.6,18.4
20260924,688293.SH,102.0,68.0
20260924,688295.SH,44.83,29.89
20260924,688296.SH,34.38,22.92
20260924,688297.SH,51.64,34.42
20260924,688298.SH,23.26,15.5
20260924,688299.SH,16.5,11.0
20260924,688300.SH,219.72,146.48
20260924,688301.SH,115.14,76.76
20260924,688302.SH,40.38,26.92
20260924,688303.SH,19.5,13.0
20260924,688305.SH,69.23,46.15
20260924,688306.SH,11.89,7.93
20260924,688307.SH,58.44,38.96
20260924,688308.SH,106.52,71.02
20260924,688309.SH,92.65,61.77
20260924,688310.SH,19.22,12.82
20260924,688311.SH,30.02,20.02
20260924,688312.SH,72.72,48.48
20260924,688313.SH,196.42,130.94
20260924,688314.SH,38.16,25.44
20260924,688315.SH,23.27,15.51
20260924,688316.SH,55.67,37.11
20260924,688317.SH,23.27,15.51
20260924,688318.SH,98.02,65.34
20260924,688319.SH,40.7,27.14
20260924,688320.SH,44.63,29.75
20260924,688321.SH,31.42,20.94
20260924,688322.SH,109.45,72.97
20260924,688323.SH,32.76,21.84
20260924,688325.SH,129.42,86.28
20260924,688326.SH,70.49,46.99
20260924,688327.SH,12.08,8.06
20260924,688328.SH,101.6,67.74
20260924,688329.SH,27.9,18.6
20260924,688330.SH,45.72,30.48
20260924,688331.SH,149.7,99.8
20260924,688332.SH,117.24,78.16
20260924,688333.SH,136.33,90.89
20260924,688334.SH,21.73,14.49
20260924,688335.SH,21.49,14.33
20260924,688336.SH,49.63,33.09
20260924,688337.SH,68.62,45.74
20260924,688338.SH,39.01,26.01
20260924,688339.SH,21.86,14.58
20260924,688343.SH,78.58,52.38
20260924,688345.SH,59.04,39.36
20260924,688347.SH,275.42,183.62
20260924,688348.SH,37.08,24.72
20260924,688349.SH,15.84,10.56
20260924,688350.SH,35.34,23.56
20260924,688351.SH,21.52,14.34
20260924,688352.SH,23.77,15.85
20260924,688353.SH,98.52,65.68
20260924,688355.SH,20.54,13.7
20260924,688356.SH,122.81,81.87
20260924,688357.SH,32.33,21.55
20260924,688358.SH,35.22,23.48
20260924,688359.SH,138.35,92.23
20260924,688360.SH,19.63,13.09
20260924,688361.SH,457.58,305.06
20260924,688362.SH,75.44,50.3
20260924,688363.SH,42.06,28.04
20260924,688365.SH,19.8,13.2
20260924,688366.SH,36.48,24.32
20260924,688367.SH,37.0,24.66
20260924,688368.SH,176.36,117.58
20260924,688369.SH,23.95,15.97
20260924,688370.SH,34.08,22.72
20260924,688371.SH,30.56,20.38
20260924,688372.SH,140.16,93.44
20260924,688373.SH,7.22,4.82
20260924,688375.SH,84.1,56.06
20260924,688376.SH,78.17,52.11
20260924,688377.SH,20.72,13.82
20260924,688378.SH,62.99,41.99
20260924,688379.SH,77.0,51.34
20260924,688380.SH,52.21,34.81
20260924,688381.SH,56.74,37.82
20260924,688382.SH,23.89,15.93
20260924,688383.SH,169.93,113.29
20260924,688385.SH,73.04,48.7
20260924,688386.SH,62.08,41.38
20260924,688387.SH,14.92,9.94
20260924,688388.SH,37.51,25.01
20260924,688389.SH,13.43,8.95
20260924,688390.SH,70.64,47.1
20260924,688391.SH,32.81,21.87
20260924,688392.SH,212.82,141.88
20260924,688393.SH,27.04,18.02
20260924,688395.SH,32.11,21.41
20260924,688396.SH,73.45,48.97
20260924,688398.SH,28.15,18.77
20260924,688399.SH,33.47,22.31
20260924,688400.SH,56.93,37.95
20260924,688401.SH,87.8,58.54
20260924,688403.SH,30.95,20.63
20260924,688408.SH,27.8,18.54
20260924,688409.SH,231.12,154.08
20260924,688410.SH,11.93,7.95
20260924,688411.SH,198.58,132.38
20260924,688416.SH,99.98,66.66
20260924,688418.SH,38.71,25.81
20260924,688419.SH,64.26,42.84
20260924,688420.SH,27.97,18.65
20260924,688425.SH,4.75,3.17
20260924,688426.SH,28.55,19.03
20260924,688428.SH,40.08,26.72
20260924,688429.SH,11.99,7.99
20260924,688432.SH,66.0,44.0
20260924,688433.SH,108.56,72.38
20260924,688435.SH,36.96,24.64
20260924,688439.SH,46.19,30.79
20260924,688443.SH,30.59,20.39
20260924,688448.SH,82.08,54.72
20260924,688449.SH,77.23,51.49
20260924,688450.SH,40.66,27.1
20260924,688455.SH,21.6,14.4
20260924,688456.SH,94.08,62.72
20260924,688458.SH,47.8,31.86
20260924,688459.SH,9.84,6.56
20260924,688466.SH,16.94,11.3
20260924,688468.SH,7.91,5.27
20260924,688469.SH,10.6,7.06
20260924,688472.SH,10.24,6.82
20260924,688475.SH,33.82,22.54
20260924,688478.SH,63.82,42.54
20260924,688479.SH,45.29,30.19
20260924,688480.SH,84.72,56.48
20260924,688484.SH,41.64,27.76
20260924,688485.SH,153.62,102.42
20260924,688486.SH,60.0,40.0
20260924,688488.SH,20.04,13.36
20260924,688489.SH,34.7,23.14
20260924,688496.SH,0.7,0.46
20260924,688498.SH,2080.78,1387.18
20260924,688499.SH,46.12,30.74
20260924,688500.SH,37.42,24.94
20260924,688501.SH,19.12,12.74
20260924,688502.SH,528.28,352.18
20260924,688503.SH,96.72,64.48
20260924,688505.SH,10.27,6.85
20260924,688506.SH,297.94,198.62
20260924,688507.SH,172.9,115.26
20260924,688508.SH,107.6,71.74
20260924,688509.SH,5.0,3.34
20260924,688510.SH,29.96,19.98
20260924,688511.SH,27.48,18.32
20260924,688512.SH,20.78,13.86
20260924,688513.SH,62.4,41.6
20260924,688515.SH,189.6,126.4
20260924,688516.SH,54.72,36.48
20260924,688517.SH,19.55,13.03
20260924,688518.SH,25.81,17.21
20260924,688519.SH,371.4,247.6
20260924,688520.SH,44.66,29.78
20260924,688521.SH,252.24,168.16
20260924,688522.SH,22.32,14.88
20260924,688523.SH,47.69,31.79
20260924,688525.SH,267.23,178.15
20260924,688526.SH,14.83,9.89
20260924,688528.SH,12.29,8.19
20260924,688529.SH,18.47,12.31
20260924,688530.SH,76.78,51.18
20260924,688531.SH,177.79,118.53
20260924,688533.SH,24.78,16.52
20260924,688535.SH,139.2,92.8
20260924,688536.SH,429.56,286.38
20260924,688538.SH,2.48,1.66
20260924,688539.SH,30.18,20.12
20260924,688543.SH,51.86,34.58
20260924,688545.SH,95.03,63.35
20260924,688548.SH,40.25,26.83
20260924,688549.SH,28.54,19.02
20260924,688550.SH,46.7,31.14
20260924,688551.SH,51.9,34.6
20260924,688552.SH,36.84,24.56
20260924,688553.SH,15.28,10.18
20260924,688556.SH,9.53,6.35
20260924,688557.SH,25.7,17.14
20260924,688558.SH,41.03,27.35
20260924,688559.SH,71.03,47.35
20260924,688560.SH,15.46,10.3
20260924,688561.SH,35.23,23.49
20260924,688562.SH,17.35,11.57
20260924,688563.SH,65.05,43.37
20260924,688565.SH,13.85,9.23
20260924,688566.SH,33.56,22.38
20260924,688567.SH,10.82,7.22
20260924,688568.SH,36.96,24.64
20260924,688569.SH,22.09,14.73
20260924,688570.SH,17.69,11.79
20260924,688571.SH,10.62,7.08
20260924,688573.SH,20.58,13.72
20260924,688575.SH,12.59,8.39
20260924,688576.SH,49.38,32.92
20260924,688577.SH,50.32,33.54
20260924,688578.SH,134.9,89.94
20260924,688579.SH,9.53,6.35
20260924,688580.SH,52.93,35.29
20260924,688581.SH,67.57,45.05
20260924,688582.SH,47.46,31.64
20260924,688583.SH,107.06,71.38
20260924,688584.SH,35.04,23.36
20260924,688585.SH,166.39,110.93
20260924,688586.SH,13.51,9.01
20260924,688588.SH,10.97,7.31
20260924,688589.SH,25.62,17.08
20260924,688590.SH,14.98,9.98
20260924,688591.SH,39.79,26.53
20260924,688592.SH,28.09,18.73
20260924,688593.SH,39.44,26.3
20260924,688595.SH,38.62,25.74
20260924,688596.SH,80.16,53.44
20260924,688597.SH,7.55,5.03
20260924,688598.SH,43.68,29.12
20260924,688599.SH,13.44,8.96
20260924,688600.SH,46.31,30.87
20260924,688601.SH,75.43,50.29
20260924,688602.SH,8.28,5.52
20260924,688603.SH,154.37,102.91
20260924,688605.SH,103.81,69.21
20260924,688606.SH,57.11,38.07
20260924,688607.SH,46.79,31.19
20260924,688608.SH,136.2,90.8
20260924,688609.SH,11.47,7.65
20260924,688610.SH,206.95,137.97
20260924,688611.SH,82.44,54.96
20260924,688612.SH,43.8,29.2
20260924,688613.SH,25.55,17.03
20260924,688615.SH,108.89,72.59
20260924,688616.SH,13.14,8.76
20260924,688617.SH,294.67,196.45
20260924,688618.SH,36.0,24.0
20260924,688619.SH,17.81,11.87
20260924,688620.SH,22.03,14.69
20260924,688621.SH,90.31,60.21
20260924,688622.SH,164.18,109.46
20260924,688623.SH,76.08,50.72
20260924,688625.SH,86.53,57.69
20260924,688626.SH,53.06,35.38
20260924,688627.SH,570.0,380.0
20260924,688628.SH,137.33,91.55
20260924,688629.SH,147.78,98.52
20260924,688630.SH,528.82,352.54
20260924,688631.SH,45.68,30.46
20260924,688633.SH,27.14,18.1
20260924,688635.SH,346.56,231.04
20260924,688636.SH,25.21,16.81
20260924,688638.SH,41.06,27.38
20260924,688639.SH,21.95,14.63
20260924,688646.SH,93.11,62.07
20260924,688648.SH,35.27,23.51
20260924,688651.SH,30.61,20.41
20260924,688652.SH,176.9,117.94
20260924,688653.SH,18.82,12.54
20260924,688655.SH,93.78,62.52
20260924,688656.SH,169.25,112.83
20260924,688657.SH,41.27,27.51
20260924,688658.SH,16.56,11.04
20260924,688659.SH,11.17,7.45
20260924,688660.SH,10.7,7.14
20260924,688661.SH,129.95,86.63
20260924,688662.SH,156.73,104.49
20260924,688663.SH,68.46,45.64
20260924,688665.SH,56.38,37.58
20260924,688667.SH,124.33,82.89
20260924,688668.SH,293.87,195.91
20260924,688669.SH,82.88,55.26
20260924,688670.SH,22.67,15.11
20260924,688671.SH,32.17,21.45
20260924,688676.SH,77.04,51.36
20260924,688677.SH,104.98,69.98
20260924,688678.SH,37.72,25.14
20260924,688679.SH,50.16,33.44
20260924,688680.SH,46.28,30.86
20260924,688681.SH,18.61,12.41
20260924,688682.SH,37.94,25.3
20260924,688683.SH,38.34,25.56
20260924,688685.SH,41.84,27.9
20260924,688686.SH,170.15,113.43
20260924,688687.SH,22.44,14.96
20260924,688689.SH,51.23,34.15
20260924,688690.SH,59.05,39.37
20260924,688691.SH,78.59,52.39
20260924,688692.SH,247.94,165.3
20260924,688693.SH,94.86,63.24
20260924,688695.SH,23.92,15.94
20260924,688696.SH,104.05,69.37
20260924,688697.SH,18.32,12.22
20260924,688698.SH,53.34,35.56
20260924,688699.SH,84.65,56.43
20260924,688700.SH,81.46,54.3
20260924,688701.SH,10.44,6.96
20260924,688702.SH,402.0,268.0
20260924,688707.SH,12.34,8.22
20260924,688708.SH,48.91,32.61
20260924,688709.SH,31.18,20.78
20260924,688710.SH,125.72,83.82
20260924,688711.SH,35.76,23.84
20260924,688712.SH,38.74,25.82
20260924,688716.SH,32.23,21.49
20260924,688717.SH,51.95,34.63
20260924,688718.SH,18.52,12.34
20260924,688719.SH,74.46,49.64
20260924,688720.SH,84.04,56.02
20260924,688721.SH,50.88,33.92
20260924,688722.SH,17.48,11.66
20260924,688726.SH,57.42,38.28
20260924,688727.SH,58.97,39.31
20260924,688728.SH,17.69,11.79
20260924,688729.SH,29.58,19.72
20260924,688733.SH,35.82,23.88
20260924,688737.SH,21.1,14.06
20260924,688739.SH,25.1,16.74
20260924,688750.SH,16.99,11.33
20260924,688755.SH,37.74,25.16
20260924,688757.SH,39.71,26.47
20260924,688758.SH,40.36,26.9
20260924,688759.SH,28.08,18.72
20260924,688765.SH,51.06,34.04
20260924,688766.SH,517.2,344.8
20260924,688767.SH,52.08,34.72
20260924,688768.SH,57.17,38.11
20260924,688772.SH,16.34,10.9
20260924,688775.SH,114.0,76.0
20260924,688776.SH,62.4,41.6
20260924,688777.SH,97.55,65.03
20260924,688778.SH,52.0,34.66
20260924,688779.SH,9.16,6.1
20260924,688781.SH,61.87,41.25
20260924,688783.SH,36.0,24.0
20260924,688785.SH,457.2,304.8
20260924,688786.SH,34.75,23.17
20260924,688787.SH,111.07,74.05
20260924,688788.SH,35.54,23.7
20260924,688789.SH,61.21,40.81
20260924,688790.SH,132.16,88.1
20260924,688793.SH,22.19,14.79
20260924,688795.SH,522.0,348.0
20260924,688796.SH,162.6,108.4
20260924,688797.SH,338.26,225.5
20260924,688798.SH,69.67,46.45
20260924,688799.SH,69.7,46.46
20260924,688800.SH,80.26,53.5
20260924,688801.SH,592.2,394.8
20260924,688802.SH,679.7,453.14
20260924,688805.SH,49.42,32.94
20260924,688806.SH,31.75,21.17
20260924,688807.SH,433.58,289.06
20260924,688808.SH,2736.02,1824.02
20260924,688809.SH,606.01,404.01
20260924,688811.SH,24.98,16.66
20260924,688813.SH,193.49,128.99
20260924,688816.SH,58.13,38.75
20260924,688818.SH,51.31,34.21
20260924,688819.SH,25.14,16.76
20260924,688820.SH,160.28,106.86
20260924,688825.SH,70.34,46.9
20260924,688826.SH,1030.54,687.02
20260924,688828.SH,115.03,76.69
20260924,688835.SH,425.86,283.9
20260924,688836.SH,589.16,392.78
20260924,688837.SH,64.32,42.88
20260924,688981.SH,145.67,97.11
20260924,689009.SH,44.98,29.98
20260924,900901.BJ,0.682,0.558
20260924,900902.BJ,0.178,0.146
20260924,900903.BJ,0.2,0.164
20260924,900904.BJ,0.486,0.398
20260924,900905.BJ,2.963,2.425
20260924,900906.BJ,0.215,0.176
20260924,900908.BJ,0.642,0.526
20260924,900909.BJ,0.55,0.45
20260924,900910.BJ,0.691,0.565
20260924,900911.BJ,0.758,0.62
20260924,900912.BJ,0.7,0.572
20260924,900913.BJ,0.231,0.189
20260924,900914.BJ,0.459,0.375
20260924,900915.BJ,0.295,0.241
20260924,900916.BJ,0.614,0.502
20260924,900917.BJ,0.276,0.226
20260924,900918.BJ,0.349,0.285
20260924,900920.BJ,0.293,0.239
20260924,900921.BJ,0.207,0.169
20260924,900922.BJ,0.699,0.572
20260924,900923.BJ,0.612,0.5
20260924,900924.BJ,0.333,0.273
20260924,900925.BJ,1.301,1.065
20260924,900926.BJ,0.938,0.768
20260924,900927.BJ,0.361,0.295
20260924,900928.BJ,0.619,0.507
20260924,900929.BJ,1.018,0.833
20260924,900932.BJ,0.429,0.351
20260924,900934.BJ,1.647,1.347
20260924,900936.BJ,1.414,1.157
20260924,900937.BJ,0.22,0.18
20260924,900938.BJ,0.253,0.207
20260924,900939.BJ,0.468,0.383
20260924,900940.BJ,0.234,0.192
20260924,900941.BJ,0.536,0.438
20260924,900942.BJ,0.735,0.601
20260924,900943.BJ,0.471,0.385
20260924,900945.BJ,0.222,0.182
20260924,900946.BJ,0.215,0.176
20260924,900947.BJ,0.278,0.228
20260924,900948.BJ,3.966,3.245
20260924,920000.BJ,18.57,10.01
20260924,920001.BJ,15.49,8.35
20260924,920002.BJ,65.07,35.05
20260924,920003.BJ,23.07,12.43
20260924,920005.BJ,31.65,17.05
20260924,920006.BJ,22.65,12.21
20260924,920007.BJ,43.12,23.22
20260924,920008.BJ,27.93,15.05
20260924,920009.BJ,46.05,24.81
20260924,920010.BJ,11.32,6.1
20260924,920011.BJ,23.45,12.63
20260924,920012.BJ,71.95,38.75
20260924,920014.BJ,11.21,6.05
20260924,920015.BJ,57.9,31.18
20260924,920016.BJ,19.11,10.29
20260924,920017.BJ,20.89,11.25
20260924,920018.BJ,19.29,10.39
20260924,920019.BJ,20.15,10.85
20260924,920020.BJ,19.13,10.31
20260924,920021.BJ,10.47,5.65
20260924,920022.BJ,25.32,13.64
20260924,920023.BJ,1.87,1.01
20260924,920025.BJ,37.7,20.3
20260924,920026.BJ,24.57,13.23
20260924,920027.BJ,15.01,8.09
20260924,920028.BJ,20.28,10.92
20260924,920029.BJ,42.25,22.75
20260924,920030.BJ,6.34,3.42
20260924,920033.BJ,17.51,9.43
20260924,920035.BJ,32.04,17.26
20260924,920036.BJ,42.27,22.77
20260924,920037.BJ,51.23,27.59
20260924,920038.BJ,49.07,26.43
20260924,920039.BJ,10.19,5.49
20260924,920045.BJ,727.74,391.86
20260924,920046.BJ,25.72,13.86
20260924,920047.BJ,20.47,11.03
20260924,920050.BJ,36.99,19.93
20260924,920055.BJ,33.33,17.95
20260924,920056.BJ,18.72,10.08
20260924,920057.BJ,6.26,3.38
20260924,920058.BJ,30.34,16.34
20260924,920059.BJ,16.52,8.9
20260924,920060.BJ,41.34,22.26
20260924,920061.BJ,22.49,12.11
20260924,920062.BJ,9.42,5.08
20260924,920065.BJ,49.03,26.41
20260924,920066.BJ,24.36,13.12
20260924,920068.BJ,20.28,10.92
20260924,920069.BJ,41.73,22.47
20260924,920071.BJ,36.85,19.85
20260924,920072.BJ,30.97,16.69
20260924,920075.BJ,21.89,11.79
20260924,920076.BJ,16.36,8.82
20260924,920077.BJ,17.14,9.24
20260924,920078.BJ,24.54,13.22
20260924,920079.BJ,16.8,9.06
20260924,920080.BJ,26.65,14.35
20260924,920081.BJ,55.3,29.78
20260924,920082.BJ,10.25,5.53
20260924,920083.BJ,62.53,33.67
20260924,920086.BJ,26.31,14.17
20260924,920087.BJ,20.37,10.97
20260924,920088.BJ,53.0,28.54
20260924,920089.BJ,13.32,7.18
20260924,920090.BJ,4.43,2.39
20260924,920091.BJ,36.34,19.58
20260924,920092.BJ,32.63,17.57
20260924,920093.BJ,25.29,13.63
20260924,920096.BJ,40.98,22.08
20260924,920098.BJ,23.92,12.88
20260924,920099.BJ,21.85,11.77
20260924,920100.BJ,39.83,21.45
20260924,920101.BJ,21.03,11.33
20260924,920106.BJ,46.04,24.8
20260924,920107.BJ,26.01,14.01
20260924,920108.BJ,11.23,6.05
20260924,920110.BJ,33.67,18.13
20260924,920111.BJ,34.73,18.71
20260924,920112.BJ,19.17,10.33
20260924,920116.BJ,57.96,31.22
20260924,920117.BJ,39.03,21.03
20260924,920118.BJ,26.84,14.46
20260924,920119.BJ,71.76,38.64
20260924,920121.BJ,36.11,19.45
20260924,920122.BJ,31.13,16.77
20260924,920123.BJ,14.24,7.68
20260924,920124.BJ,16.0,8.62
20260924,920125.BJ,197.41,106.31
20260924,920126.BJ,13.05,7.03
20260924,920128.BJ,25.88,13.94
20260924,920130.BJ,22.55,12.15
20260924,920132.BJ,11.98,6.46
20260924,920136.BJ,28.32,15.26
20260924,920138.BJ,48.55,26.15
20260924,920139.BJ,20.39,10.99
20260924,920145.BJ,13.13,7.07
20260924,920146.BJ,6.99,3.77
20260924,920149.BJ,11.42,6.16
20260924,920152.BJ,15.69,8.45
20260924,920156.BJ,47.95,25.83
20260924,920158.BJ,10.28,5.54
20260924,920159.BJ,38.2,20.58
20260924,920160.BJ,24.77,13.35
20260924,920161.BJ,27.89,15.03
20260924,920163.BJ,12.89,6.95
20260924,920165.BJ,45.05,24.27
20260924,920166.BJ,25.75,13.87
20260924,920167.BJ,17.87,9.63
20260924,920168.BJ,19.98,10.76
20260924,920169.BJ,27.37,14.75
20260924,920171.BJ,20.81,11.21
20260924,920174.BJ,41.23,22.21
20260924,920175.BJ,9.99,5.39
20260924,920176.BJ,82.82,44.6
20260924,920177.BJ,30.21,16.27
20260924,920178.BJ,120.15,64.71
20260924,920179.BJ,77.67,41.83
20260924,920180.BJ,15.34,8.26
20260924,920181.BJ,95.71,51.55
20260924,920183.BJ,38.63,20.81
20260924,920184.BJ,14.89,8.03
20260924,920185.BJ,26.48,14.26
20260924,920186.BJ,94.64,50.96
20260924,920187.BJ,22.52,12.14
20260924,920188.BJ,28.45,15.33
20260924,920189.BJ,28.18,15.18
20260924,920190.BJ,31.62,17.04
20260924,920191.BJ,11.41,6.15
20260924,920193.BJ,40.79,21.97
20260924,920195.BJ,16.61,8.95
20260924,920198.BJ,10.67,5.75
20260924,920199.BJ,31.61,17.03
20260924,920200.BJ,39.05,21.03
20260924,920201.BJ,99999.99,0.0
20260924,920204.BJ,17.23,9.29
20260924,920206.BJ,51.79,27.89
20260924,920207.BJ,29.35,15.81
20260924,920208.BJ,14.15,7.63
20260924,920211.BJ,122.88,66.18
20260924,920212.BJ,13.76,7.42
20260924,920218.BJ,19.63,10.57
20260924,920220.BJ,54.24,29.22
20260924,920221.BJ,16.25,8.75
20260924,920222.BJ,34.12,18.38
20260924,920223.BJ,18.05,9.73
20260924,920225.BJ,21.82,11.76
20260924,920227.BJ,67.34,36.26
20260924,920229.BJ,120.12,64.68
20260924,920230.BJ,14.3,7.7
20260924,920237.BJ,14.46,7.8
20260924,920238.BJ,85.93,46.27
20260924,920239.BJ,26.4,14.22
20260924,920242.BJ,18.04,9.72
20260924,920245.BJ,17.78,9.58
20260924,920247.BJ,19.21,10.35
20260924,920249.BJ,11.84,6.38
20260924,920252.BJ,19.08,10.28
20260924,920258.BJ,13.24,7.14
20260924,920260.BJ,10.77,5.81
20260924,920261.BJ,17.32,9.34
20260924,920262.BJ,18.66,10.06
20260924,920263.BJ,8.26,4.46
20260924,920266.BJ,9.37,5.05
20260924,920267.BJ,21.04,11.34
20260924,920268.BJ,47.04,25.34
20260924,920269.BJ,45.38,24.44
20260924,920270.BJ,14.67,7.91
20260924,920271.BJ,11.86,6.4
20260924,920273.BJ,23.17,12.49
20260924,920274.BJ,20.07,10.81
20260924,920275.BJ,8.64,4.66
20260924,920278.BJ,8.28,4.46
20260924,920284.BJ,21.34,11.5
20260924,920288.BJ,24.62,13.26
20260924,920289.BJ,36.67,19.75
20260924,920298.BJ,116.09,62.51
20260924,920299.BJ,17.79,9.59
20260924,920300.BJ,12.85,6.93
20260924,920304.BJ,11.84,6.38
20260924,920339.BJ,14.02,7.56
20260924,920344.BJ,27.49,14.81
20260924,920346.BJ,21.19,11.41
20260924,920351.BJ,16.66,8.98
20260924,920357.BJ,21.04,11.34
20260924,920363.BJ,13.02,7.02
20260924,920367.BJ,35.86,19.32
20260924,920368.BJ,30.88,16.64
20260924,920370.BJ,3.77,2.03
20260924,920371.BJ,9.68,5.22
20260924,920374.BJ,19.87,10.71
20260924,920375.BJ,8.33,4.49
20260924,920378.BJ,9.16,4.94
20260924,920392.BJ,18.0,9.7
20260924,920394.BJ,66.2,35.66
20260924,920395.BJ,8.73,4.71
20260924,920396.BJ,23.8,12.82
20260924,920402.BJ,10.94,5.9
20260924,920403.BJ,26.39,14.21
20260924,920405.BJ,21.52,11.6
20260924,920407.BJ,14.07,7.59
20260924,920414.BJ,10.33,5.57
20260924,920415.BJ,11.62,6.26
20260924,920418.BJ,22.97,12.37
20260924,920419.BJ,14.17,7.63
20260924,920422.BJ,12.23,6.59
20260924,920425.BJ,18.53,9.99
20260924,920427.BJ,15.36,8.28
20260924,920429.BJ,13.76,7.42
20260924,920433.BJ,6.16,3.32
20260924,920436.BJ,14.17,7.63
20260924,920438.BJ,157.24,84.68
20260924,920445.BJ,9.23,4.97
20260924,920454.BJ,14.91,8.03
20260924,920455.BJ,8.54,4.6
20260924,920469.BJ,7.6,4.1
20260924,920471.BJ,15.18,8.18
20260924,920475.BJ,14.97,8.07
20260924,920476.BJ,30.71,16.55
20260924,920478.BJ,15.0,8.08
20260924,920489.BJ,16.66,8.98
20260924,920491.BJ,28.79,15.51
20260924,920493.BJ,149.69,80.61
20260924,920496.BJ,8.39,4.53
20260924,920504.BJ,24.12,13.0
20260924,920505.BJ,34.69,18.69
20260924,920508.BJ,19.24,10.36
20260924,920509.BJ,30.68,16.52
20260924,920510.BJ,26.35,14.19
20260924,920519.BJ,14.31,7.71
20260924,920522.BJ,22.89,12.33
20260924,920523.BJ,19.27,10.39
20260924,920526.BJ,30.56,16.46
20260924,920527.BJ,20.26,10.92
20260924,920533.BJ,21.59,11.63
20260924,920541.BJ,12.45,6.71
20260924,920547.BJ,24.76,13.34
20260924,920553.BJ,8.84,4.76
20260924,920556.BJ,8.68,4.68
20260924,920564.BJ,18.21,9.81
20260924,920566.BJ,12.31,6.63
20260924,920570.BJ,32.94,17.74
20260924,920571.BJ,11.49,6.19
20260924,920575.BJ,7.0,3.78
20260924,920576.BJ,49.75,26.79
20260924,920578.BJ,22.64,12.2
20260924,920579.BJ,18.4,9.92
20260924,920580.BJ,14.54,7.84
20260924,920592.BJ,35.81,19.29
20260924,920593.BJ,30.39,16.37
20260924,920599.BJ,22.75,12.25
20260924,920608.BJ,17.99,9.69
20260924,920627.BJ,17.44,9.4
20260924,920634.BJ,20.72,11.16
20260924,920639.BJ,7.83,4.23
20260924,920640.BJ,35.69,19.23
20260924,920641.BJ,17.3,9.32
20260924,920642.BJ,12.88,6.94
20260924,920651.BJ,25.42,13.7
20260924,920656.BJ,19.48,10.5
20260924,920662.BJ,24.76,13.34
20260924,920663.BJ,16.17,8.71
20260924,920665.BJ,11.11,5.99
20260924,920670.BJ,16.28,8.78
20260924,920675.BJ,9.65,5.21
20260924,920679.BJ,20.2,10.88
20260924,920682.BJ,7.57,4.09
20260924,920685.BJ,16.61,8.95
20260924,920689.BJ,25.71,13.85
20260924,920690.BJ,20.38,10.98
20260924,920693.BJ,31.96,17.22
20260924,920694.BJ,21.65,11.67
20260924,920699.BJ,87.81,47.29
20260924,920701.BJ,14.35,7.73
20260924,920703.BJ,12.46,6.72
20260924,920706.BJ,19.61,10.57
20260924,920717.BJ,8.8,4.74
20260924,920718.BJ,13.66,7.36
20260924,920719.BJ,9.13,4.93
20260924,920720.BJ,10.38,5.6
20260924,920725.BJ,122.56,66.0
20260924,920726.BJ,20.09,10.83
20260924,920729.BJ,8.85,4.77
20260924,920735.BJ,33.99,18.31
20260924,920748.BJ,36.5,19.66
20260924,920751.BJ,19.51,10.51
20260924,920753.BJ,19.61,10.57
20260924,920765.BJ,15.15,8.17
20260924,920768.BJ,9.42,5.08
20260924,920770.BJ,13.5,7.28
20260924,920779.BJ,29.61,15.95
20260924,920781.BJ,7.44,4.02
20260924,920786.BJ,9.62,5.18
20260924,920790.BJ,30.09,16.21
20260924,920792.BJ,12.23,6.59
20260924,920799.BJ,41.99,22.61
20260924,920802.BJ,14.11,7.61
20260924,920806.BJ,13.16,7.1
20260924,920807.BJ,12.35,6.65
20260924,920808.BJ,77.05,41.49
20260924,920809.BJ,9.02,4.86
20260924,920810.BJ,11.24,6.06
20260924,920819.BJ,3.96,2.14
20260924,920821.BJ,29.44,15.86
20260924,920826.BJ,11.2,6.04
20260924,920832.BJ,8.55,4.61
20260924,920833.BJ,12.75,6.87
20260924,920834.BJ,11.73,6.33
20260924,920837.BJ,13.39,7.21
20260924,920839.BJ,31.25,16.83
20260924,920855.BJ,17.08,9.2
20260924,920856.BJ,15.34,8.26
20260924,920857.BJ,23.33,12.57
20260924,920866.BJ,8.29,4.47
20260924,920870.BJ,15.04,8.1
20260924,920871.BJ,14.58,7.86
20260924,920873.BJ,10.6,5.72
20260924,920876.BJ,21.64,11.66
20260924,920879.BJ,16.27,8.77
20260924,920885.BJ,16.21,8.73
20260924,920892.BJ,15.61,8.41
20260924,920895.BJ,29.14,15.7
20260924,920896.BJ,16.3,8.78
20260924,920906.BJ,19.87,10.71
20260924,920914.BJ,21.9,11.8
20260924,920924.BJ,19.52,10.52
20260924,920925.BJ,14.66,7.9
20260924,920926.BJ,13.13,7.07
20260924,920931.BJ,13.02,7.02
20260924,920932.BJ,13.58,7.32
20260924,920942.BJ,22.39,12.07
20260924,920943.BJ,18.99,10.23
20260924,920946.BJ,13.84,7.46
20260924,920950.BJ,17.1,9.22
20260924,920953.BJ,30.36,16.36
20260924,920957.BJ,12.7,6.84
20260924,920961.BJ,32.65,17.59
20260924,920964.BJ,6.29,3.39
20260924,920970.BJ,8.22,4.44
20260924,920971.BJ,37.46,20.18
20260924,920974.BJ,8.12,4.38
20260924,920976.BJ,28.63,15.43
20260924,920978.BJ,22.65,12.21
20260924,920981.BJ,41.66,22.44
20260924,920982.BJ,157.74,84.94
20260924,920985.BJ,5.98,3.22
20260924,920992.BJ,16.6,8.94
